Price,z_ret_1,z_ret_2,z_ret_5,z_vol_20,z_ma_10,z_ma_20,z_ma_gap,z_rsi_14,z_vol_z,z_dow,target_h1,target_h5,target_h20,Symbol
2010-03-19,-0.5192036074200748,0.34307246340677383,0.546478252950705,-0.5500543413652297,-1.3830714687212016,-1.4039009572888894,0.891489525424604,1.9138496639690137,0.4477009156853123,1.4099597987387449,0.0053316733129333,0.0052459373716757,0.0325751275622705,SPY
2010-03-22,0.4791405229379282,-0.4617084309718428,0.3081471201552342,-0.5472441011196398,-1.3795686605898239,-1.4002017036885221,1.0140558208239832,1.9481468242594693,-0.02696576917380279,-1.4450813365136754,0.0070085554260392,0.0062418012143838,0.0361348469624545,SPY
2010-03-23,0.6400175778111112,-0.03352551974692233,0.5423583015845832,-0.7710409701570049,-1.3752735383527348,-1.3951420866776136,1.1699499092780896,2.0156097816920022,-0.05737409658099075,-0.7313210527005704,-0.0048668489748191,-8.53959179538677e-05,0.027304875077128,SPY
2010-03-24,-0.4992873682590411,0.8517840069435826,0.4995882142135788,-0.7375776235046032,-1.3723324419331,-1.391072892441453,0.8243998353011626,1.5455725843768546,0.0603775509022709,-0.01756076888746522,-0.0016273582932253,0.0013687977874541,0.035150711777427,SPY
2010-03-25,-0.18849645691784642,0.104548238401595,0.0019563415150134463,-0.7349549392945913,-1.370230395783974,-1.3870292278135332,0.6264983298468113,1.0822729490940497,0.3507007894770147,0.6961995149256399,-0.0006000840992523,0.0098105477558565,0.0432844600339281,SPY
2010-03-26,-0.08994161780187675,-0.5281967263102557,-0.04953467670287634,-0.7273766700589933,-1.3682287675131573,-1.383073360596751,0.4780309022200643,1.0211717450782598,0.1253391326857508,1.4099597987387449,0.0063275371556414,0.0185271440765042,0.0401012162632445,SPY
2010-03-29,0.5746819094298075,-0.2155750306347018,0.15708346633406559,-0.7784248268921768,-1.3653351450638607,-1.3793722038917056,0.6453598586798492,1.1587023446921494,-0.7390365502676951,-1.4450813365136754,0.0006813582937015,0.0145540703910214,0.0098387321089221,SPY
2010-03-30,0.03299766132622751,0.3672723904611532,0.20307072897915868,-0.7745717669945796,-1.3634919923349715,-1.3758148238808885,0.5665337164117881,1.054077644244152,-0.6236876680406436,-0.7313210527005704,-0.0034126552694111,0.0081440571546558,0.0167248222422662,SPY
2010-03-31,-0.3597746388234294,0.4611624231859048,-0.0891082455489679,-0.7392503373726066,-1.3630143395717802,-1.3725714243174696,0.31648909239946393,0.6121584581225322,-0.4499522340280956,-0.01756076888746522,0.006814391675177,0.01501481028472,0.0324588659603408,SPY
2010-04-01,0.621389856662613,-0.25249196390324324,-0.021956105869327915,-0.717845038786511,-1.3614567684704613,-1.3690380399743332,0.5107216757516849,0.8500712394642689,-0.463128976286974,0.6961995149256399,0.0081165122213953,0.0147461386035816,0.008537167115814,SPY
2010-04-05,0.7463129606352961,0.19686940267474268,0.3678692460838483,-0.84290482069637,-1.3579522430330826,-1.3659090112736614,0.7764754674121934,1.0659556240725023,-1.1418567514259699,-1.4450813365136754,0.0023544634701586,0.0082177938844996,0.0132993206081559,SPY
2010-04-06,0.1935123636883112,1.0416002457879514,0.7703865252319906,-0.8479795867800057,-1.3548748179585406,-1.3626165638017154,0.7810967915323636,0.9245883712442815,-1.076041047991093,-0.7313210527005704,-0.005728654942664,0.0066147630795114,-0.0128508549409618,SPY
2010-04-07,-0.5819674832745353,0.7148256615993006,0.5869168828502053,-0.7751213669245834,-1.353681531982778,-1.3598704155756682,0.4430730399687457,0.3191993681407735,-0.18007964857607958,-0.01756076888746522,0.003458097860653,0.0236289829743139,-0.0130961890965171,SPY
2010-04-08,0.2993930627618106,-0.299596215857613,0.2909136044726496,-0.7799163487926727,-1.3512572174615864,-1.3571858095540787,0.5153285944741038,0.480044747909296,-0.5167365277429461,0.6961995149256399,0.0065457199940386,0.0209955768626528,-0.050332180889498,SPY
2010-04-09,0.5956139786497482,-0.21873400183266442,0.6081930509305442,-0.7609676259341781,-1.3476145188554474,-1.3543114022565634,0.7195303704407943,1.0197686420404928,-0.8273037884506866,1.4099597987387449,0.0015881675023132,-0.0015905240996723,-0.0718646887941965,SPY
2010-04-12,0.1199953063444132,0.6805974631006467,0.595786259323158,-0.7649051166912978,-1.3436452395310627,-1.3513238334270334,0.6999918987120368,0.9228132517371957,-1.0875028758222507,-1.4450813365136754,0.0007514326651705,0.0005842522295909,-0.0303545065083872,SPY
2010-04-13,0.03972047053023395,0.5435894918466112,0.2943186385912655,-0.766627347573793,-1.3404924183626852,-1.3482984698296816,0.6422608520233306,0.7275976931211908,-0.9099058349772385,-0.7313210527005704,0.0112855649521383,0.0087242122775377,-0.0339508413804603,SPY
2010-04-14,1.0503461816203152,0.11904771773690206,0.22029346015251453,-0.7109676293139428,-1.3357317281083374,-1.3449942091059541,1.0469160583259867,1.4308303492413994,-0.4475018950370956,-0.01756076888746522,0.000824691748992,-0.0043827691338877,-0.0313470819246477,SPY
2010-04-15,0.04674881531118057,0.8295665587830456,1.0059805846854541,-0.7250831711805485,-1.3303430508513943,-1.3420589661077247,0.9951340755512643,1.5824839484943058,-0.6584834373320356,0.6961995149256399,-0.0160403809682865,-0.0022284731574,-0.0446803730100873,SPY
2010-04-16,-1.5712559375408106,0.8349341803126645,0.8843744641350475,-0.4338423503189535,-1.3283835665419201,-1.340299192580923,0.2292680488767718,0.5086236398719569,1.9646629449666795,1.4099597987387449,0.0037629438315764,0.0203182977741622,-0.0469110973167685,SPY
2010-04-19,0.32863943709475424,-1.1672111918170576,-0.15861245088189035,-0.4649307814715056,-1.3270647264163078,-1.3378858012531119,0.3237432494345413,0.4376403333243825,0.23789053804226185,-1.4450813365136754,0.0088913927131173,0.0127720260726498,-0.0501470580556127,SPY
2010-04-20,0.8206536017648173,-0.9519283311092075,-0.05818505713678676,-0.43222069989511047,-1.3247534615131216,-1.3351895474671043,0.6377218533975467,0.662111031547243,-0.47381357384929956,-0.7313210527005704,-0.0018214164592871,-0.0200543136391484,-0.0727341324482067,SPY
2010-04-21,-0.2071140484504373,0.8747983791232646,0.3177041604369214,-0.44727078613383464,-1.3218643676633537,-1.3331469114821062,0.496037745423982,0.7424522586972296,-0.03173313601397864,-0.01756076888746522,0.0029789877254797,-0.0106654487528157,-0.0766228207965538,SPY
2010-04-22,0.2534280978402094,0.4656377540815354,-0.2875534770052361,-0.48118421964955055,-1.3190381144924364,-1.3305197677649787,0.550258290960724,0.6508265334666039,-0.9781646370352672,0.6961995149256399,0.0065063899632757,-0.001323048029632,-0.1180930621925311,SPY
2010-04-23,0.5918407262143175,0.03244161446291309,-0.1880718303811344,-0.4743924134237912,-1.3161993186273193,-1.327276724635881,0.7434534029731225,0.6129381931573586,-0.18779346007395822,1.4099597987387449,-0.0037833278699359,-0.0249367451622575,-0.1101056250892895,SPY
2010-04-26,-0.39533630164310307,0.6426118584310759,0.8530988921233666,-0.450936086055662,-1.314176980918209,-1.324278793751448,0.4864198774209461,0.3379280555822058,-0.5913086305891688,-1.4450813365136754,-0.0239349469986809,-0.0082747515785843,-0.1192366134438955,SPY
2010-04-27,-2.3286464079533955,0.14714359857031487,0.5046251712731523,-0.009976479451230763,-1.3158727506298589,-1.3235497519021582,-0.5832089092129633,-0.4202682454240926,2.0864826943882213,-0.7313210527005704,0.0075674484270455,-0.0081355166588625,-0.0942812893584879,SPY
2010-04-28,0.6936367674299883,-2.083263432802276,-1.0112381840008018,0.019775706025808477,-1.3181463492880903,-1.322305325119417,-0.2905898523774399,-0.2927206728741791,1.3422861287406207,-0.01756076888746522,0.0123213884486634,-0.0216769541841275,-0.1078954833170202,SPY
2010-04-29,1.1497212254513645,-1.251603138250691,-0.577676710081891,0.08146788846510218,-1.3186864738273616,-1.3198793312923995,0.17847617987910727,-0.12816654546569464,0.026688454143734927,0.6961995149256399,-0.0171073071693497,-0.0677762365651188,-0.0872672133946883,SPY
2010-04-30,-1.673614918922134,1.404863153444087,-0.14626087051848316,0.24985748353490092,-1.319377314229593,-1.3192445599561127,-0.5865821615381472,-0.6536407409537601,0.940867089344849,1.4099597987387449,0.0128786657137371,-0.0656557173064289,-0.082788843878502,SPY
2010-05-03,1.203185404269984,-0.4030320926937063,-1.2367003919561843,0.3009002543482275,-1.318698978359206,-1.3182452645127314,-0.05480649752436617,-0.35162099969594734,-0.09771504284544946,-1.4450813365136754,-0.0237957120789591,-0.0354360332320435,-0.1126346066100261,SPY
2010-05-04,-2.3152884601016774,-0.36220093169713696,-0.4672784667263618,0.5797891447345843,-1.322919493191141,-1.3192005657770647,-1.057591925216524,-1.1086274062434955,2.491900849945682,-0.7313210527005704,-0.0059739890982193,-0.014485223359987,-0.063133050566865,SPY
2010-05-05,-0.6055044010441647,-0.8522538277871818,-0.4608488399560969,0.5809794361076456,-1.327742935078843,-1.3201684249863146,-1.2851586711477885,-1.2243469283011719,1.9367176666962092,-0.01756076888746522,-0.0337778939323278,0.0053780901461832,-0.0537201970996665,SPY
2010-05-06,-3.2729610390070927,-2.2335694350871513,-1.0861689061742377,1.0114638369177618,-1.3378922771485635,-1.323832563441166,-2.5986463320819455,-1.4505539064857245,4.757687599010237,0.6961995149256399,-0.0149867879106597,0.0266473847420636,-0.0557114915584016,SPY
2010-05-07,-1.4701761139675913,-2.9649541512715296,-3.214953701533408,1.031067660863893,-1.3511441424020108,-1.3290427866824888,-3.0709351574488157,-1.7030056226104378,3.8196409126710584,1.4099597987387449,0.0430983497881225,0.0233630673777556,-0.0532536431346297,SPY
2010-05-10,4.102407558939201,-3.625313118708995,-3.1170318050739803,1.7425337303617185,-1.3576633794429327,-1.33129282925291,-1.2108653147207606,-1.03602547261744,1.6345206556640832,-1.4450813365136754,-0.0028449022069025,-0.0192082993176345,-0.0856970374232393,SPY
2010-05-11,-0.3053054308345399,2.0073341843280033,-1.7215392799097313,1.7412887161243262,-1.3609920781873812,-1.3338068432625156,-1.260412824612225,-1.046960903262566,0.9644974228966922,-0.7313210527005704,0.0138893244079509,-0.0300590787902086,-0.0882126428770782,SPY
2010-05-12,1.3001461822139642,2.8969582925472555,-0.7540672672762969,1.7640694371270478,-1.363416341825432,-1.336157438500847,-0.5966240597385416,-0.8708320546045105,0.2558559185003936,-0.01756076888746522,-0.0125085993364475,-0.0496585080057938,-0.0732892849846651,SPY
2010-05-13,-1.2324231579764306,0.7568415273443172,0.16318605193856728,1.7961469053073993,-1.3695335638919168,-1.33948846998804,-1.0386571730216276,-1.116928121172503,0.23688789780472175,0.6961995149256399,-0.0182711052749677,-0.0756411623398438,-0.0559369580959367,SPY
2010-05-14,-1.7852676166493653,0.048791875854677126,1.1453651359755699,1.8162385752565247,-1.3757136139164676,-1.3429263490278474,-1.716416761422444,-1.2547210771798452,1.1447677119949442,1.4099597987387449,0.0005269830927323,-0.0428762299983587,-0.0392171563311807,SPY
2010-05-17,0.018187182114077768,-2.3075714003834764,0.9937010642772235,1.8072902773496569,-1.3837526667682571,-1.3466093148527252,-1.5893231239573298,-0.9934937170481878,0.9548491441471558,-1.4450813365136754,-0.0136956816794766,-0.056317529315633,-0.0172613186883481,SPY
2010-05-18,-1.3463097035754883,-1.3524670058420913,-0.9721707119865841,1.7981139024812642,-1.3901838759756475,-1.3519389499564773,-2.0135659161638237,-1.265013958707444,1.1999467667426678,-0.7313210527005704,-0.0057101048076342,-0.0416014705494296,-0.0039225029698801,SPY
2010-05-19,-0.5801878166731862,-1.0172301871818206,-1.4732408624524367,1.7981890836419776,-1.3965397399723425,-1.357532562864312,-2.0934307483878745,-1.5466568764787458,1.4243668638718432,-0.01756076888746522,-0.0384912536704975,-0.0419381112732821,0.0033942125680255,SPY
2010-05-20,-3.7251522975983824,-1.474215526743347,-2.3783084634409555,2.1089255613290834,-1.4033226916110892,-1.3660047075239479,-3.4372142027547508,-1.7005818598351126,2.3264639401593046,0.6961995149256399,0.0144938270665173,0.0295028007682107,0.0429687598057002,SPY
2010-05-21,1.3581410803723357,-3.2909628721307564,-3.578142314047836,2.180430385632619,-1.4060233015866608,-1.3739865958697612,-2.621928140343249,-1.695905325153191,1.9861831866189161,1.4099597987387449,-0.0129143162245419,0.0023800360485299,0.0256070000406678,SPY
2010-05-24,-1.2713469067353975,-1.8106405140885644,-2.0651146444829376,2.1934786401146864,-1.4166373339394611,-1.3825592995622054,-2.909399433078865,-1.59720907592472,0.2966320548688175,-1.4450813365136754,0.0010203770867267,-0.0016727447447149,0.0218676349511612,SPY
2010-05-25,0.06552251476839135,0.06335671513067344,-2.6858105021755887,2.109263990445196,-1.4266987372211462,-1.3892590936554274,-2.6766134139425306,-1.5270255167356963,1.1747956639944728,-0.7313210527005704,-0.0060467455314867,0.0230127221327602,0.0177394638648245,SPY
2010-05-26,-0.612484522434724,-0.9238298072394694,-2.006248467127004,2.0648652517835835,-1.4396115172245034,-1.3969330482075022,-2.70521435612523,-1.2414126446502458,0.8126660827148415,-0.01756076888746522,0.0329496583709953,0.0324983320332261,0.0070769668535559,SPY
2010-05-27,3.1287603518733897,-0.4206496091627114,-2.021793951078646,2.3724810968137824,-1.4461809504837948,-1.4032808697736474,-1.1372540771508186,-0.516152209260305,0.4457656705539856,0.6961995149256399,-0.0126289376531634,-0.0362205147288321,-0.0216919319315991,SPY
2010-05-28,-1.243968199712127,1.9187776496369173,1.2772232887912696,2.3476111844581484,-1.4518585040516734,-1.4092138718040481,-1.4967956022354802,-1.4524512243131973,0.40702346607597045,1.4099597987387449,-0.0169670970177868,-0.0361205165625566,-0.0122204980351918,SPY
2010-06-01,-1.660163409081062,1.4365068607954088,0.02474112071377534,2.3028686937891387,-1.459922744058144,-1.4172712223875334,-1.9713638134342142,-1.591588162923811,0.25083789148647834,-0.7313210527005704,0.0257058439642019,-0.0084984640452567,-0.026615146216474,SPY
2010-06-02,2.433801822168291,-2.220845059771791,-0.16240925746956691,2.440972534400904,-1.462522974317762,-1.4217901412633012,-0.7426415966783031,-1.3804735823823433,-0.03693026356370582,-0.01756076888746522,0.0034388643689791,-0.0395648156702002,-0.0618664669348101,SPY
2010-06-03,0.29754783615271174,0.587906953070436,0.9775227293411439,2.448947986301963,-1.4638419162096554,-1.4256302627992414,-0.47559965616086725,-1.1741455311471443,-0.14583082649634185,0.6961995149256399,-0.0357691883910629,-0.0141909977388152,-0.0697718476195463,SPY
2010-06-04,-3.464002249002014,2.083031816207692,1.415551719986486,2.4814744209470754,-1.464746313153698,-1.4294766601251907,-1.8845238976898744,-1.3468170908966512,1.0770846731692676,1.4099597987387449,-0.0125289394868879,0.0264219182045284,-0.0394670722764924,SPY
2010-06-07,-1.234374555437799,-2.4211837703283328,-1.7577652729480262,2.4676788526812143,-1.4692934214246642,-1.4331030865559018,-2.299224212051639,-1.468956934647958,0.0935528119706274,-1.4450813365136754,0.010654955499513,0.0373995541812046,-0.020403791492547,SPY
2010-06-08,0.9898466445803245,-3.5911291653092703,-1.753147531305721,1.9313831808612536,-1.4706625595349274,-1.439098916500275,-1.672678174687383,-1.1588823052849948,0.7481917362173637,-0.7313210527005704,-0.0053605076607414,0.0492274194172566,-4.844293484929096e-05,SPY
2010-06-09,-0.5466480949809975,-0.1896774784666003,-0.4776091198946391,1.9310225963630554,-1.472885809325367,-1.445245594541209,-1.7115427626988218,-1.1523005933710488,0.08032785821039114,-0.01756076888746522,0.028812682300364,0.0542310611169893,0.01515856499429,SPY
2010-06-10,2.7318663059995965,0.3355465210224267,-1.9121992820558416,2.1462754824403167,-1.4703986414045396,-1.4504620935725405,-0.31533848459330566,-0.2468386251325692,0.42894620225930163,0.6961995149256399,0.0048437275522807,0.0270249895468968,-0.0062162028281367,SPY
2010-06-11,0.4323278839944249,1.6659454315884608,-0.740480439100119,2.1405049229720583,-1.471755224099818,-1.4544279091258177,0.022457090186100783,-0.37682465895130274,-0.339574036667651,1.4099597987387449,-0.0015513035102117,0.0232645555617931,-0.0104116568874799,SPY
2010-06-14,-0.18119989778311715,2.4135997805859453,1.1349534828613095,2.07021208351296,-1.4715793974068878,-1.4571807214006876,0.042482906130575294,-0.19809834794265735,-0.3923058224790259,-1.4450813365136754,0.0224828207355649,0.0219479263734898,0.0061154606968463,SPY
2010-06-15,2.1245907686550543,0.188860192536889,1.6418816463628778,2.2267267607921823,-1.465964620913934,-1.4584063208134026,1.0807334744590518,0.08016157378362887,-0.16450304449606143,-0.7313210527005704,-0.0003568659610087,-0.0171885756761236,-0.0164585422836864,SPY
2010-06-16,-0.06660770692850218,1.481259324421296,2.1880719203886434,2.1795727779582736,-1.4639171087709282,-1.4586828756570973,1.073779789730967,0.17404446136401935,-0.33085334213411355,-0.01756076888746522,0.0016066107302714,-0.0199395037147249,-0.0158281545265888,SPY
2010-06-17,0.12176471647353333,1.5687745972099776,2.4191314037832967,2.171398681895676,-1.4621208702978286,-1.458444058297137,1.138163528080983,-0.24145714348170275,0.005600782076237674,0.6961995149256399,0.0010832935671771,-0.0382553569877517,-0.0453553812346578,SPY
2010-06-18,0.07155860877806447,0.03919507701978828,1.1628022700406966,1.7129598583947339,-1.4552856871150819,-1.4554765643577567,1.0894775216130999,0.02081789532210754,-0.6526852798989733,1.4099597987387449,-0.002867932698515,-0.0351578909690886,-0.0405496032798149,SPY
2010-06-21,-0.3075149347906875,0.14471415924598513,0.9891519597108873,1.6683755869284451,-1.4471837299805153,-1.453697880717247,0.9027313581692835,0.3341602488054393,-0.36113927307117605,-1.4450813365136754,-0.0166536813140485,-0.0354474620273297,-0.0266512633855535,SPY
2010-06-22,-1.6300948699903597,-0.183131268115486,0.9283523105097997,1.7058332984549112,-1.4428234264401,-1.4522012384630154,0.11565597572493022,-0.49837145591840204,-0.1713714804574517,-0.7313210527005704,-0.00310779399961,-0.0501555259123502,-0.0230807924999023,SPY
2010-06-23,-0.3305267967436669,-1.4827020964205935,-0.8789033820671762,1.7110664737216197,-1.4381762310312396,-1.45098840703687,-0.05940806487068114,-0.6352692776006885,-0.07367945173732521,-0.01756076888746522,-0.0167092425427552,-0.0565932086668743,0.0021035069203119,SPY
2010-06-24,-1.6354253143725912,-1.500276499712573,-1.005936461092207,1.789831583362043,-1.439707342899358,-1.450510040353612,-0.8000357533238346,-0.2114621750792248,0.015049274566078864,0.6961995149256399,0.0041807595858402,-0.0443504824398761,0.0274539722930677,SPY
2010-06-25,0.36872392932007786,-1.5043474166809776,-1.8517307543614312,1.4408334663426003,-1.441336175839325,-1.4520038056736813,-0.5727019425045061,0.21849198588475122,-0.22155319471769697,1.4099597987387449,-0.0031575037567561,-0.0539956550737255,0.0336352411962002,SPY
2010-06-28,-0.3352958614654043,-0.9703222131940087,-1.7086951532825165,1.3953604985074088,-1.4431806388090893,-1.4528387148812025,-0.6829277585769699,-0.10208243576555513,-0.7523178893781498,-1.4450813365136754,-0.031361745199069,-0.0443038100199117,0.0367032060632697,SPY
2010-06-29,-3.041160073808473,0.02260045355322399,-1.7220670418265756,1.61661900686705,-1.4523428733894461,-1.4546137005156323,-1.9616639110462788,-0.7244363173483759,0.7791522700110172,-0.7313210527005704,-0.009545476754134,0.018068239236368,0.0615890783203312,SPY
2010-06-30,-0.948146505166364,-2.581564162604303,-2.4012598871476025,1.3754218222812387,-1.4627043727146063,-1.4587736391109771,-2.233469330654945,-1.7284462804042624,0.06829937574641913,-0.01756076888746522,-0.0044665163157571,0.0374602162588999,0.0662504596684296,SPY
2010-07-01,-0.4608801727525212,-3.049604705875309,-2.698540895817442,1.3602154190371833,-1.4738725606327452,-1.4634629335921767,-2.276451143407044,-1.9689795975177837,0.8155841300475906,0.6961995149256399,-0.005464413048009,0.0493646470525943,0.0705359191776908,SPY
2010-07-02,-0.5566165910120678,-1.07901755043329,-2.133193061758202,0.9572618608852476,-1.4859001775192713,-1.4660609897227521,-2.4240800490229857,-2.0140809689467463,-0.36732706878032284,1.4099597987387449,0.0065343412970575,0.055477333593541,0.0983297512433942,SPY
2010-07-06,0.5945223269204426,-0.7800019980941636,-2.5785903823034646,0.9342800485034324,-1.4966783716049803,-1.4674000561826144,-2.1114195166638745,-2.742036090843502,-0.20091647005658178,-0.7313210527005704,0.0310103040572107,0.0639188063705979,0.0869952019581195,SPY
2010-07-07,2.9427021859958904,0.026020096185538966,-2.1310378104646635,1.264154281945665,-1.5010451627458437,-1.4674033022808948,-0.7966517136399226,-1.5596226621053275,-0.250724347137582,-0.01756076888746522,0.0098465002683978,0.0328173200684194,0.0626460101673771,SPY
2010-07-08,0.9122849033212846,2.6984869986897837,0.7491950967380516,1.2844201114583749,-1.5036577067255277,-1.4663852558462704,-0.4031481284579369,-1.3265738966511988,-0.6222392194948773,0.6961995149256399,0.0074379144779372,0.0232443415961105,0.051736777008144,SPY
2010-07-09,0.6812095132564446,2.941165651993794,1.644682915753264,0.998204361573919,-1.502976216100413,-1.4668103674230337,-0.06509385371796964,-1.1622408264030102,-1.1618690546861443,1.4099597987387449,0.0006482734929376,-0.0121141888596243,0.0402141845658006,SPY
2010-07-12,0.02982356502788734,1.2140396874025825,2.194408854252292,0.9877344604929018,-1.502774349960194,-1.4675243562871603,-0.01368688995362509,-1.0988670878208917,-1.2696858661408916,-1.4450813365136754,0.0149758140741145,-0.0068733908305418,0.0448905870717695,SPY
2010-07-13,1.404382047261628,0.5400945941964194,2.476682102230868,1.0754353447270844,-1.5000860918670442,-1.4671021598339506,0.633951504398086,-0.43581912925661676,-0.5757112876677373,-0.7313210527005704,-9.118224496784676e-05,-0.01081879770891,0.0245010400006417,SPY
2010-07-14,-0.04111848891469168,1.0923891363876972,2.8664946539691334,0.8697854426250573,-1.4932203533582653,-1.4682512213411323,0.6675132383993195,-0.370202739488878,-0.8036639678680443,-0.01756076888746522,0.0002735217960889,-0.0238108258923395,-0.0031970889324526,SPY
2010-07-15,-0.006129438958827238,1.0382099365951782,1.4302820334349442,0.8701846040126747,-1.4850672968295808,-1.4693562250202803,0.7159374315057281,0.05197457817447206,-0.42458017559556244,0.6961995149256399,-0.0279206159777976,-0.0020078422678242,-0.0096197294604953,SPY
2010-07-16,-2.7110243235196085,-0.03901266092687639,0.9882185138831757,1.1399566377370034,-1.4801451289280003,-1.4724814475115962,-0.41121415609296824,-0.6808034705073231,-0.019659284182707133,1.4099597987387449,0.0058890715220201,0.0345539965399739,0.015351082717566,SPY
2010-07-19,0.5326163049077058,-2.0780480933848127,-0.6445770120499941,1.1601461376923108,-1.473721119685029,-1.4752852362592657,-0.06399332417847156,-0.49757986509661145,-0.8427970012866907,-1.4450813365136754,0.0110304071957463,0.0390269535069265,0.0090002387715175,SPY
2010-07-20,1.0258668052493887,-1.6666022488940737,-0.4025660612578522,1.2190361853165328,-1.4666408196924092,-1.4771354931844096,0.4823660490727798,0.452762552450036,-0.25159701692730607,-0.7313210527005704,-0.0130832104283973,0.0279070074214935,0.0101800714105504,SPY
2010-07-21,-1.287550312979073,1.1873011809717369,-0.5847580985386526,1.1834009250687287,-1.4654292285067545,-1.478714210805947,-0.04265365778873807,0.3404129846989479,-0.21822938315598467,-0.01756076888746522,0.0220765054206042,0.0345143449078833,0.0250865295452662,SPY
2010-07-22,2.0856096078985145,-0.2027793899400351,-1.184707395562131,1.3635432681069504,-1.4625263962089785,-1.4785689638201447,0.9304326686321733,0.7683075871182581,-0.11791113454990586,0.6961995149256399,0.0086412228300005,0.0075537440812434,-0.0145400505459081,SPY
2010-07-23,0.7966527529876454,0.6065574398038517,-0.17788347909111088,1.2784342328539577,-1.4594343167898947,-1.4766808421132944,1.2559211946281141,1.0094473175187377,-0.5639086225638066,1.4099597987387449,0.0103620284889727,-0.001268535555253,-0.0264307164639836,SPY
2010-07-26,0.9617437538760731,2.198285449407043,1.5104787366406254,1.3036599490994183,-1.4549791797958698,-1.4743506909292312,1.647244085239363,1.052670164724679,-0.887295415711891,-1.4450813365136754,-8.95388896866578e-05,0.0106988549734685,-0.0406128532119876,SPY
2010-07-27,-0.04096082836379088,1.3399771645305902,1.7170321207659902,1.2963103793428605,-1.452593854481293,-1.4718121020461734,1.5579457106120256,0.701812092724437,-0.6973513835320687,-0.7313210527005704,-0.0064758729420075,0.0059881858749379,-0.0554777205711864,SPY
2010-07-28,-0.6536542346228232,0.7002827794526573,1.2035323236054933,0.8916483547432278,-1.451104670321169,-1.467631681207169,1.1260786887807654,0.34434051446180974,-1.0510953022602985,-0.01756076888746522,-0.0048840954060356,0.0191251710834139,-0.0451243892160455,SPY
2010-07-29,-0.5009419598606203,-0.5334138151532518,1.5086476931374306,0.8515317661811933,-1.4503348465636774,-1.4631670803759602,0.7604135790298596,0.06269921423709933,-0.5411279156931832,0.6961995149256399,-0.0001810568064959,0.0229465335986143,-0.0469641922523944,SPY
2010-07-30,-0.04974089275193672,-0.884706288928055,0.2636539719951551,0.8309412595872273,-1.4457787701391502,-1.4584246008021502,0.5977685742373902,0.04458687221738,-0.5253498870696629,1.4099597987387449,0.0223294190176943,0.0190429124407041,-0.0314124583615047,SPY
2010-08-02,2.109873683661047,-0.4234912579526046,-0.14374357912864424,0.9274048575820009,-1.4388752508983498,-1.451756115645088,1.3810641858018131,0.1950149676130472,-0.8196313762528692,-1.4450813365136754,-0.0048002079882172,0.0020381694219162,-0.0683530940614032,SPY
2010-08-03,-0.4928939518259088,1.5704163682105174,0.40888973058579314,0.9617158376664745,-1.4341551017864105,-1.445851711104048,0.9720084586655475,0.06531206129330024,-1.3007668285092853,-0.7313210527005704,0.0066611122664683,0.0014246444131202,-0.0635528860731859,SPY
2010-08-04,0.6066845057896854,1.2319756720098336,0.19135921308135576,0.6498835019379962,-1.4267088248038038,-1.4415197102051451,1.130491737439727,0.1803591262274307,-1.1400916306417344,-0.01756076888746522,-0.0010627328908352,-0.0330257790314103,-0.0407410340381204,SPY
2010-08-05,-0.13432731101714787,0.08397413740867642,0.7980023737608705,0.6347079650913185,-1.422430379516102,-1.4379265276397646,0.9664762667956113,1.0066349820130516,-1.2833585327497998,0.6961995149256399,-0.0040846779644061,-0.0381121648725288,-0.0304091213115418,SPY
2010-08-06,-0.4242472878747628,0.3578152879205156,0.9744662577901897,0.6412281058516749,-1.4199314448689715,-1.4351290401416983,0.6940670997892382,0.7656107079119313,-0.2080857005891174,1.4099597987387449,0.0053246759989065,-0.0369772907078589,-0.0134361586553897,SPY
2010-08-09,0.47846921321146846,-0.429518268373349,0.7942038125069167,0.644873073464928,-1.4181266325866522,-1.4319968480864274,0.8313382321117234,0.6769506721788738,-1.4440881817184577,-1.4450813365136754,-0.0054137329970131,-0.0427637391307937,-0.0300974215930667,SPY
2010-08-10,-0.551754438042983,0.038480943282030666,0.00895431364894212,0.5878533946435487,-1.41707913952998,-1.4302792229180823,0.5354347653001158,0.9712112051039675,-0.13243723771805874,-0.7313210527005704,-0.0277893111780622,-0.0251397662990013,-0.0176853198873443,SPY
2010-08-11,-2.698427177120916,-0.05889762105344376,-0.019377205690197782,0.9341689130637179,-1.419010052955912,-1.4305002440215875,-0.6742458482759398,-0.4937044072472772,0.2041693404038459,-0.01756076888746522,-0.0061491187319537,0.0044727925853793,0.0147127640433231,SPY
2010-08-12,-0.6223060232190386,-2.485127123673347,-1.6102379270415093,0.9476995890673428,-1.4211051026731822,-1.4311633264267984,-0.9185501249461918,-0.9140967827250451,-0.14053744405331808,0.6961995149256399,-0.0029498037997361,-0.0069281633532369,0.0258975178577687,SPY
2010-08-13,-0.31536950103642036,-2.5390081183232347,-1.8451183911757623,0.6143513873699764,-1.4235787738409205,-1.4301213861628708,-1.0769390819360551,-1.358586591285461,-0.9942534756645779,1.4099597987387449,-0.0004617724240283,-0.0072278026415757,0.039909585065831,SPY
2010-08-16,-0.07667224436727078,-0.7190416700135696,-1.7927118732948808,0.6020360384380238,-1.4292580828771555,-1.4295088474173554,-1.115427339707367,-1.3663903579798953,-1.1554876633667923,-1.4450813365136754,0.0122102398347792,-0.0105861384765786,0.0397498866735279,SPY
2010-08-17,1.1390578272821232,-0.30233536007387535,-2.059920011592342,0.614146131727763,-1.4325773555197765,-1.4288079129602351,-0.6120934646433581,-0.7792714719999743,-0.8842944708893749,-0.7313210527005704,0.0018232477063184,-0.0377507845602433,0.0313494222439016,SPY
2010-08-18,0.14254847843907867,0.8084262323159517,-1.2460755554449536,0.523158306150469,-1.4365907886895641,-1.4270902750620929,-0.586336004067748,-0.5886837064067619,-0.7160389292052317,-0.01756076888746522,-0.0175500746705701,-0.0356965738534285,0.0292610561464954,SPY
2010-08-19,-1.7160932368868733,0.975847425804355,0.12138098289676054,0.4460168806924353,-1.4428633697056044,-1.4280880492947112,-1.308703556163018,-1.0074752767724464,0.4668024539759323,0.6961995149256399,-0.0032494430880749,-0.0248703976252429,0.0471843623894789,SPY
2010-08-20,-0.3441163556038877,-1.204661755232751,-0.4050953612272781,0.40171543818503935,-1.4489970779096988,-1.4299067235930563,-1.3915188666347778,-1.9021933573754048,-0.31479680295205964,1.4099597987387449,-0.0038201082590312,-0.0062502774527741,0.0656085439018649,SPY
2010-08-23,-0.3988649460412366,-1.57633285594471,-0.41893218315079894,0.3294614451226446,-1.4564055232771433,-1.432710525070523,-1.4683525773659294,-1.8830935177011443,-0.9648405312193662,-1.4450813365136754,-0.0149544062488855,-0.017041385875947,0.067412909358385,SPY
2010-08-24,-1.467069475559669,-0.5703516251243682,-0.5740142992709389,0.40772273243663026,-1.4650507469849234,-1.436512081685912,-1.983300769116088,-2.3893884021780876,0.7761723261897184,-0.7313210527005704,0.0038774584131333,-0.0020869796270615,0.0774417361004049,SPY
2010-08-25,0.3396257601504558,-1.4279628453035462,-1.8284304759978736,0.4203883415400303,-1.4692913733782482,-1.4396000376959888,-1.7270904778406826,-2.2079786328522433,0.6528851101637527,-0.01756076888746522,-0.0067238984423845,0.023508526261339,0.0654198033074493,SPY
2010-08-26,-0.6774493551755698,-0.8639696523793503,-1.7335705932996879,0.4268413499348073,-1.47358236136015,-1.4427953186260745,-1.912793119112309,-2.2343191597197207,-0.05431499784378912,0.6961995149256399,0.0153706770843937,0.0395016045394669,0.0925561020088236,SPY
2010-08-27,1.4422644944984333,-0.260928382991985,-1.2336365779289091,0.5705675916899745,-1.4754123989595058,-1.444948697481624,-1.1968215014942745,-1.8597714498672628,0.6489514392822452,1.4099597987387449,-0.0146112166822041,0.0370192121468191,0.0723839692268972,SPY
2010-08-30,-1.4341444855920402,0.581168525219305,-0.3737917676926288,0.33890139277284154,-1.479135556531987,-1.4496532613545388,-1.6719486523845861,-1.9681374829688567,-0.9119764051307958,-1.4450813365136754,0.0,0.0402938418902527,0.0904894622142347,SPY
2010-08-31,-0.03237062827946651,0.003272420237054887,-0.872106412733504,0.34339171716156786,-1.4845372598729671,-1.4540168385153418,-1.5378911007966558,-1.5447791797726942,0.7669342403024774,-0.7313210527005704,0.0294729643015339,0.0472922105989619,0.0887438940979246,SPY
2010-09-01,2.795212573995286,-1.122922079328898,-0.1815379048953335,0.7862339811623393,-1.4862158310830367,-1.4568648569433067,-0.18162241914157684,-0.49127426982184147,0.5477628648239953,-0.01756076888746522,0.0092691798357433,0.0224280190500332,0.0562962423376189,SPY
2010-09-02,0.8568978190428669,2.107082810446852,1.000418102888869,0.8376678336272322,-1.4842091017773575,-1.458999293860655,0.293820190015603,-0.20625831566847405,-1.072207573764194,0.6961995149256399,0.0128882846917459,0.0181944742967816,0.0512240024935692,SPY
2010-09-03,1.2041082317250875,2.786226565089949,1.7389506810772495,0.9146710415828372,-1.4799685008256032,-1.4599465180686788,0.8974512911824467,0.057781076724367185,-0.13023520077897371,1.4099597987387449,-0.0113365869387704,0.0163684530133618,0.0308037877653468,SPY
2010-09-07,-1.119982395838465,1.5710832860361823,1.624318111791032,0.940518273955718,-1.4767880755533578,-1.4620620257776233,0.46158673346279594,-0.4434793482084219,-1.2660754919470187,-0.7313210527005704,0.0069983687087091,0.0270835691358009,0.0620721554054028,SPY
2010-09-08,0.6390402824663259,0.06131887726083563,1.775534825982808,0.9602970125769925,-1.470629154753012,-1.4633060579366524,0.8135065404008137,-0.3364275816491514,-1.1044262328845935,-0.01756076888746522,0.0046087727526051,0.0238949758322446,0.0549876448057391,SPY
2010-09-09,0.4097867429656625,-0.3702295149525691,2.0987073382204526,0.6432432245185132,-1.4643439674388459,-1.4622830532460271,0.9861976563474525,0.17387177529812123,-1.1126092910215604,0.6961995149256399,0.0050356350824918,0.0190210846885516,0.0491713272030605,SPY
2010-09-10,0.4507391473903738,0.7980714180141847,0.9505221564900984,0.6272330819174512,-1.456456062956713,-1.460483320885883,1.1532036768183163,0.3501501827743825,-1.368305337106225,1.4099597987387449,0.0110622634083261,0.0143586811784732,0.0497290183317025,SPY
2010-09-13,1.0289230330063655,0.6542638419508396,0.7550244125835522,0.6578993269702773,-1.4490602238873942,-1.4576984486168203,1.5612755932694566,0.6259197077669519,-0.5497472607849172,-1.4450813365136754,-0.0006214708163314,0.0184711561944581,0.0396100227272659,SPY
2010-09-14,-0.09199342098482019,1.1271048000666308,0.6707019211395385,0.6582641065971153,-1.4397965410451277,-1.4549262234012537,1.4413610736447986,1.0648707732093248,-0.0652050708175159,-0.7313210527005704,0.0038097754051529,0.0170768842082784,0.0433129609516766,SPY
2010-09-15,0.33313237405983964,0.7126141753702433,1.1655073737155612,0.6105730700352813,-1.429990176785766,-1.4527223327105017,1.5413334169316517,1.0670067065761064,-0.7027195561199833,-0.01756076888746522,-0.0002651183910877,0.0083415292962598,0.0472503767657448,SPY
2010-09-16,-0.0578056100337339,0.18123146187646036,1.0182636728896752,0.6119875911942921,-1.424197182092266,-1.4506636635459573,1.4614198196533068,1.2949092975193688,-0.19840876932803372,0.6961995149256399,0.0003732315724134,0.0004621733075254,0.0436069824172475,SPY
2010-09-17,0.0034365377021310195,0.20734105607409767,0.7931958448228412,0.43186266770805665,-1.419625637192945,-1.4473721962683943,1.3701861628765768,1.1238132846139328,-0.24905709282486427,1.4099597987387449,0.015174738424311,0.0205013419941018,0.0452747585098061,SPY
2010-09-20,1.4234664917506328,-0.044451154555196465,0.5778941483657023,0.48887044269993185,-1.4146638313247049,-1.4427677331555895,1.9089252901532745,1.9182937099764372,0.062132978727473885,-1.4450813365136754,-0.0020157428025111,0.0005251478722581,0.0350157701967939,SPY
2010-09-21,-0.2257573684177832,1.0868120763432558,0.7678011020785653,0.4778966126880781,-1.4084162212099973,-1.4380503758365104,1.6616665777598443,1.8176453109685855,0.9084052790868563,-0.7313210527005704,-0.0049255795068656,0.0060351669799025,0.023840220018318,SPY
2010-09-22,-0.5049218699052397,0.911774256872324,0.7034160433211549,0.34074598244816323,-1.4038509985409167,-1.432684505365091,1.263740468745095,1.2666427930389312,-0.32188315401981743,-0.01756076888746522,-0.0081444743798222,0.0092151783704581,0.038484848221671,SPY
2010-09-23,-0.8137368563973421,-0.5609564087534512,0.30003252500332894,0.4110273609992302,-1.4010967958973295,-1.428161608427705,0.7530964664174032,0.6786556651712541,-0.1096914832809397,0.6961995149256399,0.0204124002589898,0.0143849652915086,0.048832226042454,SPY
2010-09-24,1.9259583507782827,-1.0100025863412867,-0.06382244973173165,0.4887453684244664,-1.39610561773608,-1.4217175050406026,1.4641849342164597,0.8420251579265147,0.0378407758457445,1.4099597987387449,-0.0048014556975326,-0.0018304949757874,0.0302804551795627,SPY
2010-09-27,-0.49301365481422893,0.8464864470138339,0.8615515562899237,0.4658658136918789,-1.393377340052715,-1.4166518604707306,1.085135005058302,1.144987635841376,-1.4263432580186368,-1.4450813365136754,0.0034942763051333,-0.0045609693147312,0.0380352321835184,SPY
2010-09-28,0.3028639576758862,1.0914261612027014,-0.060914393706273606,0.28725152846085894,-1.3900531571870096,-1.4103534687070278,1.0419399557393156,1.0896630522009818,0.12025091551302294,-0.7313210527005704,-0.0017455681163101,0.0118765350814209,0.0347091885364401,SPY
2010-09-29,-0.19983729480163728,-0.1481482593121399,0.19352871891208107,0.29723115266715877,-1.3875254099614183,-1.4041820439403796,0.7692537349043718,0.9082954472987217,-0.42591622849230426,-0.01756076888746522,-0.0029746874587717,0.0135359613067764,0.0335868801338072,SPY
2010-09-30,-0.31775679454311845,0.07575363950264713,0.3403761219006167,-0.06909529776882814,-1.3853912438296814,-1.4002156555462293,0.5130386189803549,0.6389395290104621,1.6156563027659387,0.6961995149256399,0.0041969399916936,0.0153031039154747,0.0367304243447019,SPY
2010-10-01,0.37027624836505024,-0.3982210181393553,0.5791079030555657,-0.09610580925753559,-1.3827012938721013,-1.3965823359303462,0.5864624064067797,0.4614567150794765,-0.5115923968003092,1.4099597987387449,-0.0075319300364764,0.0166994901349148,0.0332931563145351,SPY
2010-10-04,-0.7549704534602999,0.037180747710950444,-0.1696938891607102,-0.11320832358153554,-1.3832849616590865,-1.3943917160531523,0.18557024591114132,0.11680193673714317,-0.6845928147547818,-1.4450813365136754,0.0199317807012855,0.0251746879752809,0.0411627963253113,SPY
2010-10-05,1.8798485745730211,-0.29672396553097324,-0.29578245185943725,-0.032373745667571015,-1.3806711964840237,-1.3899578895066216,0.9335119827414796,0.5379959662196124,0.5066056784940095,-0.7313210527005704,-8.614189095457192e-05,0.0083243746820746,0.02913018110433,SPY
2010-10-06,-0.04063492641328722,0.8561524472251534,0.46327295258231976,-0.03717076239695025,-1.3773595181501626,-1.3860166488267969,0.8071699112025681,0.5453202406441975,-1.0369458145772605,-0.01756076888746522,-0.0012075448500734,0.0161577077922503,0.0332262140597299,SPY
2010-10-07,-0.14822031001247188,1.4016980733793902,0.5399023735863585,-0.030457145700031243,-1.3730581881698996,-1.3824863832839693,0.6442615635223758,0.48614917705243577,-0.7152046449103295,0.6961995149256399,0.0055933262111338,0.0134567399027387,0.0535085890817788,SPY
2010-10-08,0.5042430315356037,-0.14715966592256519,0.6215059500919108,-0.02843729414832976,-1.3708757720999278,-1.3788970451173364,0.7829298401705183,0.2597445986223899,-0.45117255361267106,1.4099597987387449,0.0009432678038896,0.0099044213565768,0.0516707770816982,SPY
2010-10-11,0.05812478881660136,0.2689694155689952,0.6859886404692969,-0.07774555745555031,-1.3678559721823074,-1.3760209702163908,0.7364939044621129,0.3737502489714836,-1.8063629014500027,-1.4450813365136754,0.0030814674080792,0.013876903663986,0.0488517607008383,SPY
2010-10-12,0.2632598143288598,0.42655735832458513,1.0773585570576658,-0.08184822799839513,-1.3648869027560344,-1.3728721148566139,0.7772496326586578,0.6818228421861297,-0.303494037960397,-0.7313210527005704,0.007747191219221,-0.0023958567250801,0.0385595040444703,SPY
2010-10-13,0.710880967731176,0.2425159168087384,0.29924035471430155,-0.06374171381269247,-1.3605094134348241,-1.3694170505906162,1.0177294954866738,1.2622034152136847,-0.05402964466260553,-0.01756076888746522,-0.003908512739585,-0.0004239992478138,0.0348338932382734,SPY
2010-10-14,-0.4073463129530386,0.7410327410021457,0.6609700728498186,-0.043209169057685945,-1.356284166470797,-1.3662350913932775,0.7453389807858604,0.5826115229998973,0.41768680120570156,0.6961995149256399,0.0020410076649719,0.0056874169327318,0.0349679507981628,SPY
2010-10-15,0.1634399773367527,0.22888372172650862,0.536244066739222,-0.045385732724565864,-1.3523634678250624,-1.3629274254488049,0.7354926872975927,0.9485655698772487,0.9494135210165117,1.4099597987387449,0.0049157501112988,0.0055070386638584,0.0210179368997378,SPY
2010-10-18,0.4392375988090227,-0.18920277485559103,0.3722041659259278,-0.1551474004493071,-1.346615644639781,-1.360343518487793,0.8762719610473648,0.987328333240352,-1.048634133264734,-1.4450813365136754,-0.0131912929809869,0.0035446098589826,0.0146867653554032,SPY
2010-10-19,-1.2979195587405326,0.45734234679553576,0.5556464994953767,-0.021172876427544028,-1.345740162040481,-1.358597658629307,0.2376398977443613,0.31301969125216844,1.6160531891853553,-0.7313210527005704,0.0097190486964873,0.0169041354980246,0.0121759322675201,SPY
2010-10-20,0.9000574286719536,-0.6587134462593668,-0.19580131282568752,-0.005671164062773533,-1.3434054781717557,-1.3557724774574793,0.5827448652214788,0.7111073192145154,0.07690449006090917,-0.01756076888746522,0.0022029034409607,0.0043172102825943,0.0029647351995292,SPY
2010-10-21,0.17897196699418058,-0.306780449637859,-0.10474435923738903,-0.07405993141508378,-1.3405632985777773,-1.3521981922760098,0.5728083281108823,0.667822600661547,0.4712099524672827,0.6961995149256399,0.0018606293960985,0.0022831635937565,0.0153729289408977,SPY
2010-10-22,0.1461348105437647,0.8211372888225946,0.17747022570421994,-0.31439992136875744,-1.3382667516230589,-1.349957124212599,0.5880124818580923,1.1168999158114297,-1.6211637125525422,1.4099597987387449,0.002953321306423,0.0011822061591848,0.0162592816301847,SPY
2010-10-25,0.2509657077445009,0.24535858091085486,0.16914067052769,-0.34615272569792754,-1.3356656054669072,-1.3471446601081525,0.634742709527734,0.7070683172315647,-0.7949453523742549,-1.4450813365136754,0.0001682326580549,-0.0014334051729383,0.0124742496120742,SPY
2010-10-26,-0.016230689550422187,0.30034096508427155,0.07851911665471542,-0.34621892369084767,-1.3334959101821275,-1.3445734574847243,0.5650530967812125,0.7184653014350695,-0.6375282702547366,-0.7313210527005704,-0.0028678765189429,0.0062975276493109,-0.0022764947498856,SPY
2010-10-27,-0.3075095450235519,0.17634070881688504,0.6954388079107002,-0.33914584637559914,-1.332912267836713,-1.3420911343051938,0.3638126890884726,0.6012024475545165,-0.07797147181931337,-0.01756076888746522,0.0001688567521229,0.0131752952326991,0.0152572207903443,SPY
2010-10-28,-0.01617081508766839,-0.2501727710914625,0.11419646236868732,-0.3547956900772911,-1.3317196051794244,-1.3393802603471272,0.29069067738635507,0.4100488555253684,-0.48206418368202336,0.6961995149256399,0.0007596719615268,0.0320812686525515,0.0033729333725958,SPY
2010-10-29,0.04051093380828383,-0.25012704432856625,0.020267718999917722,-0.35876430443267565,-1.3307172709101858,-1.336917000038871,0.25120843899949247,0.40337737925867867,-0.9380256330683383,1.4099597987387449,0.0003377099742998,0.0350771109020779,0.0056390450465677,SPY
2010-11-01,2.865944745737795e-05,0.015659890312175427,-0.030572583191430094,-0.42886110766214924,-1.3304000908521971,-1.3338823500544774,0.17643700482271577,0.2908097039914727,-0.36290204594939934,-1.4450813365136754,0.0078991654803042,0.0328636523508079,-0.0003377099742998,SPY
2010-11-02,0.7254611050875875,0.02803160100556376,-0.15135697172865284,-0.7041859912273912,-1.326923487538316,-1.3317047654895942,0.4609740850447598,0.30184442239602216,-0.6814367356778603,-0.7313210527005704,0.0040098910644452,0.017753697622215,0.0128083493608146,SPY
2010-11-03,0.35233111060150457,0.5511353189736936,0.20564407895870845,-0.7006535099247236,-1.3242843316760093,-1.329216083776373,0.5650945278293124,0.7559096160245979,0.6334613272569218,-0.01756076888746522,0.0190748301719754,0.0177653869707938,0.0215256491924833,SPY
2010-11-04,1.7976342816004072,0.8201924413389041,0.5232474406884392,-0.4413801803261107,-1.3190440042159801,-1.3251719672406534,1.2985628577855217,1.2115086946536822,0.437856799652242,0.6961995149256399,0.0037555142110532,-0.0050838983808771,0.0051400941975927,SPY
2010-11-05,0.3279266526603231,1.639022479576611,1.3962924574204536,-0.44776219593905797,-1.3134991411584445,-1.3212484846278922,1.35035349545201,1.191363445767143,-0.22095313164571867,1.4099597987387449,-0.0018757485769702,-0.0207484188253834,0.0003254179901874,SPY
2010-11-08,-0.21232657413102354,1.6203845359431563,1.5346352493402717,-0.4335445174460294,-1.3086902264074323,-1.3175408293613875,1.1548216724310842,2.088492542433588,-0.7062727164445659,-1.4450813365136754,-0.0072107892482886,-0.0202880916814489,0.0027716176811001,SPY
2010-11-09,-0.7241607836573258,0.08535609053120323,1.4324215777659768,-0.36194992751885735,-1.3050233201470722,-1.3146204611311607,0.7451707785690143,1.2616899887976514,-0.11553615794738083,-0.7313210527005704,0.0040215804130241,-0.0287794285020304,0.0136391244518847,SPY
2010-11-10,0.3534525656865471,-0.7181342546677945,0.7346701112907134,-0.38620069770819165,-1.3003032346390588,-1.3119667185028294,0.8464501814995399,1.306230718727917,0.5618745562404915,-0.01756076888746522,-0.0037744551796956,-0.0322931572865581,0.0135036681611264,SPY
2010-11-11,-0.39448507169467345,-0.2860427186738544,0.7352099051060822,-0.38741623338976067,-1.2961921694429193,-1.3093129758744984,0.600192251713184,0.9556494035636912,-0.690640154880154,0.6961995149256399,-0.011909006233453,-0.0139076049245332,0.0230789378871323,SPY
2010-11-12,-1.1748992737521753,-0.0342658772587341,-0.31993040791355976,-0.251064952583077,-1.2940224232749988,-1.3077258120325335,0.028061791023943277,0.10371181286680929,0.939631221223744,1.4099597987387449,-0.0014154214330357,0.0007483833943053,0.0356306035902003,SPY
2010-11-15,-0.16816361561678403,-1.2014844036525507,-1.0432907559828397,-0.2590696525412145,-1.2921191775568608,-1.3066148126189139,-0.06602278266359086,0.024428960241389294,-0.5552912633781873,-1.4450813365136754,-0.0157021260688701,0.0013320941156536,0.0379287466111151,SPY
2010-11-16,-1.5388043706779835,-1.028640304775716,-1.022033647969745,-0.20400483603289404,-1.2937813643956022,-1.3057069616735624,-0.7739081879743815,-0.5210466529551961,2.034739352967615,-0.7313210527005704,0.0005078516284964,0.0024517084806188,0.0490480544933751,SPY
2010-11-17,0.016351743833933834,-1.3065584909028922,-1.4141488346343638,-0.26745484311285095,-1.2959764630884107,-1.3054847757936152,-0.7583193311582557,-0.5084861997197173,-0.39102965713833165,-0.01756076888746522,0.0146110971823292,0.0166096958734094,0.0543254122354399,SPY
2010-11-18,1.369391764429972,-1.1656421518783664,-1.5764067272778888,-0.12763601245842449,-1.2988947765817658,-1.3043229462998642,-0.15741750320335818,-0.06639621724837996,0.14022066704406508,0.6961995149256399,0.0027469820853855,-0.0097168319745453,0.0407851309691311,SPY
2010-11-19,0.23116989387905515,1.055378113017915,-0.7273938511317491,-0.1258208280372676,-1.3019780786590667,-1.3030912938685908,-0.07263685900274869,-0.0014153570525853353,-0.6683066628486519,1.4099597987387449,-0.0008317107116875,-0.0094380304244321,0.0404485231657361,SPY
2010-11-22,-0.1121634585309238,1.2194370149461564,-0.05060576501243303,-0.12757533469097818,-1.304896468477133,-1.3021453617349805,-0.13616943506044146,-0.25431640722340443,-0.14354954668431283,-1.4450813365136754,-0.0145825117039048,-0.0142453647593123,0.0476005820607392,SPY
2010-11-23,-1.43139058158597,0.08795756139927227,-0.023651017686327814,0.014999906304565344,-1.30890590732037,-1.3023167493592882,-0.7641866644716689,-0.8251517758444176,0.6942240296624375,-0.7313210527005704,0.014665839021287,0.0213823717600112,0.0652883099725265,SPY
2010-11-24,1.374643598032968,-1.181757525229979,0.028050829147331695,0.13229240213263235,-1.3113167123676872,-1.3011612911290247,-0.16072328392173463,-0.9884090591398088,-1.0030920808251693,-0.01756076888746522,-0.0117154306656255,0.0194437236348381,0.0491904984160473,SPY
2010-11-26,-1.1563279818264647,-0.046267190601419414,0.6818420974271862,0.2164708561203976,-1.3149202055138633,-1.3009073253104222,-0.6767843868410895,-1.3960039653582053,-2.2337477241837145,1.4099597987387449,0.0030257836354987,0.0338484294775485,0.0613039799239105,SPY
2010-11-29,0.2579176133077119,0.1638010371930765,-0.5338712348140741,0.22066151494261682,-1.3162397580034462,-1.3004819273132227,-0.5580162170342307,-1.2459703253814243,0.7981015502474498,-1.4450813365136754,-0.0056390450465677,0.0297634838456977,0.0597096786053814,SPY
2010-11-30,-0.5733704709629404,-0.6890544536966278,-0.5209966634509355,0.2390020459472574,-1.318193785096073,-1.30050733598839,-0.8007489635933247,-1.208374377845033,0.9959668392354599,-0.7313210527005704,0.0210452248154187,0.0359729800062078,0.0660637763168265,SPY
2010-12-01,1.9866704008944023,-0.24384361335097726,-0.7429910136823153,0.4334848740318947,-1.3145775202815637,-1.299529604821429,0.08673050175858145,-0.6803931235981509,0.7071379517540043,-0.01756076888746522,0.0127271908961139,0.0185844727132851,0.0434290533772703,SPY
2010-12-02,1.1886531826211186,1.0764232448138062,0.9022359807116831,0.4977828994769133,-1.3090707686964647,-1.2978726053121448,0.6012965421310856,-0.2748281700669949,0.0797477356908458,0.6961995149256399,0.0026892751770848,0.009743405939437,0.0309403729806554,SPY
2010-12-03,0.2256335968545384,2.422099416579828,0.8127125773252176,0.32932640779267586,-1.3053530301784753,-1.297472609625214,0.7093477136471877,0.10813303423806678,-0.7495843476466897,1.4099597987387449,-0.001059161996352,0.0128549453086623,0.0385359505238538,SPY
2010-12-06,-0.13398472582094936,1.0771769122881634,1.4778968751230421,0.3232021358738893,-1.3022190484929677,-1.2974472518692353,0.6614370854636816,0.11802728709210225,-1.7135391549738073,-1.4450813365136754,0.0005704511139423,0.0145567667746293,0.0390439869762477,SPY
2010-12-07,0.022357425912836817,0.06706429907515245,1.2892611805565997,0.321323377779963,-1.2988692968490254,-1.29723141815808,0.6805530033083277,0.6619597517419616,0.3894276384987159,-0.7313210527005704,0.0036567175224959,0.014869037248566,0.0436578217138876,SPY
2010-12-08,0.3184482759980051,-0.08817987086982294,1.5760049286281679,0.29614801305674854,-1.2927408804915708,-1.296171178810709,0.8127375589889699,0.7192220173345522,-0.975417197247995,-0.01756076888746522,0.0038861241222658,0.0066295015394599,0.0380402700990201,SPY
2010-12-09,0.340457132703558,0.25734801613098135,0.7730338621104528,0.29567510600064945,-1.2882238314360144,-1.2951173107268252,0.9558002957138588,0.5206502642182864,-1.2303418843320335,0.6961995149256399,0.0058008145463102,0.0085285867877553,0.0321900085522424,SPY
2010-12-10,0.5241490893454118,0.5002841394930782,0.3647687536131549,0.29668148496882013,-1.2810168833060183,-1.2933143068088064,1.1634937110186523,0.5864735845883248,-1.3011251147833938,1.4099597987387449,0.0006426594696149,0.0037985881574655,0.0251298796712333,SPY
2010-12-13,0.029284965724402312,0.6573800345858822,0.5084542375785096,0.1993324571352473,-1.2741651885440914,-1.2905462760614101,1.1112807340808246,0.6329151009102295,-0.9540559467796342,-1.4450813365136754,0.000882721587879,0.0055663029698411,0.0280247922577085,SPY
2010-12-14,0.052316093715513025,0.41973454692803513,0.587041397162153,0.19390411747714878,-1.2663237276486963,-1.2876004736964215,1.0648691432426483,1.3299842894044893,-0.6713325219682463,-0.7313210527005704,-0.0045828181866101,0.0110039295652777,0.0361260661831188,SPY
2010-12-15,-0.47203796512971874,0.05939067868277839,0.601461505298807,0.03318283862932071,-1.2624031053276727,-1.2838293603909836,0.7502295987219127,0.8046053645276195,-0.3854521594532419,-0.01756076888746522,0.0057852093705612,0.0186919639597702,0.0390744516749697,SPY
2010-12-16,0.5226519568423835,-0.3234749661898537,0.2209740566352553,0.03682283417784349,-1.2595355350464505,-1.279639233081631,0.8875286902978305,1.6390654034635126,0.09843167493741622,0.6961995149256399,0.0010708159160204,0.0114747820540168,0.0405079001407893,SPY
2010-12-17,0.07036152536108722,0.03572552606768363,0.3086705150801082,-0.056346109049048354,-1.2569170504600815,-1.2764688770944204,0.843884346354624,1.613811856789179,-0.7529285726471651,1.4099597987387449,0.0024103742819905,0.010802016980234,0.041136850993209,SPY
2010-12-20,0.19887634644701851,0.44996177564745377,0.09024739337046164,-0.056584996136701045,-1.2537508851880368,-1.273316571959608,0.8608433350579059,2.0693871605903422,-1.1461702266478335,-1.4450813365136754,0.0063203481833156,0.0098231250152132,0.0288728453378901,SPY
2010-12-21,0.5739922123507459,0.20269090444103946,0.17187739324803125,-0.051560569222768235,-1.2496659357638973,-1.2695965878845359,1.0368597977332328,1.9294521642087794,-1.5794485046813538,-0.7313210527005704,0.0031052162078823,0.0042178294967749,0.0212262257641633,SPY
2010-12-22,0.265538231481285,0.5873190071759843,0.42297754538357024,-0.2604206917688494,-1.2456545251989553,-1.2645230826649065,1.0302523526761964,1.7843057210915694,-1.7886646738693652,-0.01756076888746522,-0.0014319725351921,-0.0004768848352449,0.0203824877151994,SPY
2010-12-23,-0.16975149859854893,0.6382293965303865,0.7779976211828943,-0.3528559055810627,-1.2424817451186103,-1.2606754441837327,0.8559323876176674,1.5461920673563088,-1.846310803229763,0.6961995149256399,0.0003980508422376,0.0011935981994461,0.0274851256208963,SPY
2010-12-27,0.005817653823660067,0.07022442810130416,0.4447206955393767,-0.5253244413632379,-1.2401587389306914,-1.255907091297158,0.737985069377,1.6864618620950047,-1.994484054552141,-1.4450813365136754,0.0014314823169696,0.0110804000774917,0.0276289208543456,SPY
2010-12-28,0.1049632113847687,-0.12812693452669166,0.4136535728869845,-0.5230205616481379,-1.2377076853190256,-1.251252421864283,0.6699537161447142,1.705898217279699,-1.9262722829040748,-0.7313210527005704,0.0007150526648773,0.009097792216564,0.0300611536763852,SPY
2010-12-29,0.03623023871386897,0.08167560615215631,0.3684500420768217,-0.5894565784103815,-1.2352813990761289,-1.2461149112244416,0.5570091277752547,1.639628067595685,-1.782785641251495,-0.01756076888746522,-0.0015894981241375,0.0135670254032689,0.0318109168903379,SPY
2010-12-30,-0.18486422036869232,0.10490202012527204,0.10960723028358181,-0.9534642358781272,-1.2323869243342247,-1.2427049486298456,0.39104391838728325,1.3104064087251037,-1.4165626275372787,0.6961995149256399,0.000238510499499,0.0131956894350349,0.0157833573051746,SPY
2010-12-31,-0.009488359802846591,-0.11644226662221988,-0.10718652381354275,-1.1433781266429517,-1.2303677922629834,-1.2402598664719595,0.33340424701840904,1.0799804022224446,-1.1442694677547265,1.4099597987387449,0.0102848527202832,0.0109930415110239,0.0230326433470606,SPY
2011-01-03,0.9543396493911463,-0.15135804570687686,-0.030046518557799818,-1.0184160930498973,-1.2268601883955883,-1.2371946522445418,0.7041157402026721,1.4462966471443182,-0.3656138872883783,-1.4450813365136754,-0.000551125543958,-0.000551125543958,0.0286298945489642,SPY
2011-01-04,-0.08524462203512934,0.7186640446329656,0.4265088208240229,-1.0228124932542757,-1.2238244874964774,-1.2340915223162285,0.5928138527000352,1.3519417919242034,-0.3756664253196588,-0.7313210527005704,0.0051842858515822,0.0035375720560901,0.0272670297799653,SPY
2011-01-05,0.4650004349006825,0.6608081828568154,0.3349554331894517,-1.0110956336890813,-1.22095460203235,-1.2306116413106318,0.7264387542900727,2.053088391041281,-0.4429738657616319,-0.01756076888746522,-0.0019608340923715,0.0073372817177972,0.0243026543702002,SPY
2011-01-06,-0.22048952549364184,0.2870946294030324,0.5413368596104201,-0.9905436737495686,-1.2189010475163773,-1.2275770104209343,0.5546982175975732,1.6694372741338563,-0.6116939018260203,0.6961995149256399,-0.0019641374245118,0.0076636831154095,0.0290889168966614,SPY
2011-01-07,-0.22080644123974344,0.18380666072751256,0.5241892095317614,-0.9766487715670076,-1.2169367547501004,-1.2250066543290183,0.39645256981064164,1.3710475110293858,-0.056551571520017704,1.4099597987387449,-0.0012593143346988,0.0168464783763022,0.0372855056289358,SPY
2011-01-10,-0.1531869812851536,-0.3399513318387497,0.422474753948446,-0.9943720563383281,-1.2152403362784066,-1.2229955182271375,0.28535441614204476,1.122091092167909,-0.5825757213798629,-1.4450813365136754,0.0035375720560901,0.0198055594794412,0.0430810936476095,SPY
2011-01-11,0.30701767417629766,-0.28855166427107265,-0.11061483080103512,-0.9877164436900594,-1.2131995279891965,-1.2207479961565568,0.3797916309659638,1.0048078643288023,-0.7561647667781002,-0.7313210527005704,0.0089839955132893,0.0064143560500227,0.0372781454686661,SPY
2011-01-12,0.8295377479121503,0.11455321661636021,0.0781941231403594,-0.9108271754363746,-1.209806703766593,-1.2178363796618905,0.6982034988284372,1.2450331728446573,-0.7813060995411866,-0.01756076888746522,-0.0016344326947592,-0.0038959108536777,0.0286719812729661,SPY
2011-01-13,-0.1891751622811329,0.8650705259590219,0.2536581160019219,-0.9517642138530884,-1.2064266257707519,-1.2146968807030394,0.5388405226338486,1.216857459227656,-0.4089822355674841,0.6961995149256399,0.0072186578363808,0.0,0.0362593324883722,SPY
2011-01-14,0.6601744252921239,0.48612278864368563,0.26873076565140014,-0.9334896763506669,-1.2018985605152186,-1.2114209628727293,0.7697769287891075,1.4208551335948871,-0.5840662594318586,1.4099597987387449,0.0016997667684401,-0.0015479924658761,0.031441568991724,SPY
2011-01-18,0.13070193927953977,0.35677822101696943,0.6927763021681503,-0.9346419049825102,-1.1987480799713164,-1.208089562221418,0.7537076546773233,1.4286933178219832,-0.6172296226075248,-0.7313210527005704,-0.0098536313733283,-0.0027059131586293,0.0265892151060311,SPY
2011-01-19,-0.9777103052654205,0.6010717596356054,0.829421528194367,-0.7658311599849457,-1.1971281770225544,-1.2057601111761995,0.25287505664277243,0.538972312619678,0.030314623510357405,-0.01756076888746522,-0.0013262713904111,0.0110114333537083,0.0427384111728459,SPY
2011-01-20,-0.15961072082044087,-0.649798198623756,0.21103901159661778,-0.7878530174406985,-1.1965669359798636,-1.2040433325393671,0.1478255587458695,0.5559873636138607,0.44287654473429444,0.6961995149256399,0.0022614781589185,0.0148025206229496,0.0470486545329595,SPY
2011-01-21,0.1845915201168652,-0.8715130594111944,-0.2650712071980791,-0.7911059843389965,-1.1953169025813575,-1.2023903683757882,0.2025729723341759,0.6276973892128797,0.016513341454962544,1.4099597987387449,0.0056706653705047,-0.0050760152452697,0.0468704045567074,SPY
2011-01-24,0.5116628114287252,0.016149184870062203,-0.08516481037304653,-0.7758310233116356,-1.1928168993882706,-1.2001566390404503,0.3922673513391342,0.46332847339689637,-0.6277617910508366,-1.4450813365136754,0.0005418460756869,-0.0032588840743894,0.020926196096358,SPY
2011-01-25,0.01961310997488462,0.5288079084050852,-0.15664841390190323,-0.7761328407374976,-1.1900235548886462,-1.1979101671781371,0.35520186620466665,0.5259152713050333,0.3235070317462203,-0.7313210527005704,0.0038637151390092,0.0120813737721103,0.0142208519459776,SPY
2011-01-26,0.33830725514159454,0.4028121449927639,-0.2101191804225808,-0.7693789724793385,-1.1871663774889263,-1.1954594393552027,0.4596747627859331,0.47622593262725166,-0.1396622665896555,-0.01756076888746522,0.00246481587883,0.006303668320144,0.0096699274138041,SPY
2011-01-27,0.20409937536102477,0.27041866612865906,0.42332405730075434,-0.7692057565105882,-1.1853678492744921,-1.1928619242410075,0.498419886236249,0.7248315652986007,-0.4421411483738387,0.6961995149256399,-0.0176170577093008,0.0060587628831312,0.0178408151278786,SPY
2011-01-28,-1.7225194691862282,0.411312785707166,0.5983898830535729,-0.4332897005556787,-1.1861968755662693,-1.1915854947481603,-0.31007207067374315,-0.2511741756836289,2.4008079942936194,1.4099597987387449,0.007487796541385,0.0265012490265217,0.0416355221584359,SPY
2011-01-31,0.6859951087349578,-1.1625624635982061,-0.31956637840259916,-0.3984786318881271,-1.1869877395024688,-1.189715570286376,-0.03291887992551257,0.08932425231085847,-0.000869591693454363,-1.4450813365136754,0.0158821039221868,0.0252459037928991,0.0173343727028898,SPY
2011-02-01,1.4913298657634815,-0.794533575701051,-0.23565441691535816,-0.29455840938374206,-1.1854315931290917,-1.187360589632917,0.6046304310607362,0.45063690881863744,0.31823127050252564,-0.7313210527005704,-0.001913990312957,0.0139000735546872,0.0035884174003628,SPY
2011-02-02,-0.21599541752240495,1.659917283055005,0.4727320475555786,-0.28913513831527815,-1.1825744538917269,-1.1851204826691935,0.45908293000060113,0.11413319613869187,-0.4967159519518136,-0.01756076888746522,0.0022199104418172,0.013548687744791,0.0225800107977915,SPY
2011-02-03,0.18060358807752067,0.9710575416580424,0.20592764447269568,-0.299978434672384,-1.1791306065997165,-1.183116519808022,0.5034208934285623,0.2571088285330705,-0.024161599919071915,0.6961995149256399,0.0028254284340896,0.011706608620563,0.0128397737890049,SPY
2011-02-04,0.23869589552606138,-0.02995803267993558,0.19461833674193985,-0.30656792771380076,-1.1755846495649658,-1.1807168257419742,0.5640828518808076,0.12330847308612448,-0.20204449736526303,1.4099597987387449,0.0062324513077625,0.0148340987071202,0.0021324169208805,SPY
2011-02-07,0.5655595441500302,0.31729455058348943,1.138616842439599,-0.30062973356046113,-1.1719239892101352,-1.1776343117201915,0.7582383509020602,0.26611160243426074,-0.5587708607413499,-1.4450813365136754,0.0045362736839749,0.0110025417390904,0.0046116502679058,SPY
2011-02-08,0.40283131267565087,0.6112895013393919,1.080647179828011,-0.3039046535591138,-1.1675872572846817,-1.1740667478716318,0.8643397269896083,0.9027757874776566,-0.76890069369299,-0.7313210527005704,-0.0022653761228532,0.0033136809378628,-0.0013583536231509,SPY
2011-02-09,-0.24970674032709803,0.7366414620533179,0.5567164448066119,-0.291798578609378,-1.1642709613057955,-1.17097782439697,0.6799349538588014,0.8445761205936201,0.07651380118303096,-0.01756076888746522,0.0003778313175892,0.0118746217542025,-0.017772605607476,SPY
2011-02-10,0.0038778289838891813,0.11401394486104657,0.540490058390661,-0.3318534051332386,-1.161299080585995,-1.1685909301419848,0.6326452712166614,0.8008582253957254,0.365957817656272,0.6961995149256399,0.0059529185206468,0.0144807624063156,-0.0112479419434157,SPY
2011-02-11,0.5387416711581281,-0.19067106635035813,0.4554260437472995,-0.325534349284854,-1.1544241067871663,-1.165565814775678,0.8167665271878257,0.8119970780003402,-0.03439977708277005,1.4099597987387449,0.0024008943397326,0.0106110720683352,-0.0232569132887121,SPY
2011-02-14,0.19796685783186835,0.41147535651082556,0.5998481041359179,-0.3490192068687913,-1.148365413053352,-1.1629300338911654,0.8532167693332701,0.8569337309457548,-0.7110521668611273,-1.4450813365136754,-0.0031525871172526,-0.012063365361242,-0.0371813208773357,SPY
2011-02-15,-0.3348241679116271,0.5597032084983259,0.42291345798061,-0.33245665553619386,-1.1454699969733433,-1.160702675819315,0.6529311750672708,0.582350776280006,-0.3429143752360804,-0.7313210527005704,0.0062955646934863,-0.0150742763186828,-0.0527146914902978,SPY
2011-02-16,0.5716145288975947,-0.10744829750662732,0.06785522015355784,-0.42391206977402207,-1.1411842626757258,-1.157128708882775,0.8381431831492694,0.6833940674641327,-0.1256763179982613,-0.01756076888746522,0.0029839719697024,-0.0220570504053334,-0.0458622028533648,SPY
2011-02-17,0.2539062772691924,0.1779103959287635,0.46318459845443083,-0.4341477308000146,-1.1367582181174363,-1.153190975262073,0.8662446134211912,1.8941450983861305,-0.506196214332295,0.6961995149256399,0.0020832281826663,-0.0144053187821313,-0.0452154969822888,SPY
2011-02-18,0.16749053789125434,0.6275300875041724,0.5835316474374198,-0.4340950116190443,-1.1324470549702195,-1.1492596319995545,0.8544946239818788,1.8332738912993538,-0.07885383672956374,1.4099597987387449,-0.0202735430898446,-0.0103108976435413,-0.0319197424070436,SPY
2011-02-22,-1.977377900196616,0.31889630496098476,0.4048360684876326,-0.08847983534631568,-1.1326255275864694,-1.147517304659785,-0.08818659543477216,-0.05953156203300889,1.919416096971386,-0.7313210527005704,-0.0061634980746934,-0.0068507074678576,-0.0151210581845635,SPY
2011-02-23,-0.62368555150722,-1.3851591110641266,-0.6422300711646882,-0.056118357691862485,-1.1346025284171537,-1.146336603241717,-0.3876513217881232,-0.27373598567617974,1.7308967297419002,-0.01756076888746522,-0.0006872093931642,0.0014489392264955,-0.0060996299601061,SPY
2011-02-24,-0.09830026184725084,-1.9893886905076055,-0.7812687098447395,-0.061969869618276205,-1.136311705836396,-1.1455324746837725,-0.438282072740591,-0.4012824637474719,2.286367236092956,0.6961995149256399,0.0106357035929045,0.0192137517041315,0.0041052666430161,SPY
2011-02-25,0.9879996512755105,-0.554317147806282,-1.1037210895203766,-0.0008517084794823482,-1.1362989723304182,-1.1440391103523146,-0.013018361340403857,-0.08739011292192861,0.0914643795835844,1.4099597987387449,0.0061776493212564,0.0010577215442575,-0.0034791094146573,SPY
2011-02-28,0.5603019400993962,0.6765439529292949,-0.7503774126487778,-0.23139703735494624,-1.1362480001441524,-1.1405736840314131,0.16799758528574257,-0.08736834741974459,0.11815701093810677,-1.4450813365136754,-0.0168133529141609,-0.0130018562110336,-0.0120968480229999,SPY
2011-03-01,-1.6454134762133061,1.179525446979909,-0.5613041556381305,-0.029079224260553437,-1.1394367575306987,-1.1391376992607354,-0.6027649307109679,-0.8897266102779722,2.3209251876244394,-0.7313210527005704,0.0021361486196598,0.0125231813579151,0.0114124192789164,SPY
2011-03-02,0.17256762946470267,-0.8316401176079345,-0.4015185829654428,-0.1850101129977391,-1.1417326938877281,-1.1388377470498279,-0.5179805564305798,-0.7358614225188604,1.1783169400470181,-0.01756076888746522,0.0170776030844717,0.0089533025311734,0.0161537658365844,SPY
2011-03-03,1.606023905868378,-1.1277569272409544,-0.018255313403632532,-0.010180360999753802,-1.1422174321282716,-1.1369359026216188,0.1788101045319836,-0.19634770172698168,0.7078555237228752,0.6961995149256399,-0.0075203265669694,-0.0268039286604766,-0.002280114589567,SPY
2011-03-04,-0.7538572374590037,1.3554003221846205,0.8020928729792458,0.032660395197336996,-1.1444878505902047,-1.135857326001413,-0.1789454671273756,-0.594045602984591,2.450661756169239,1.4099597987387449,-0.0078819284340347,-0.0123811071118575,0.0094547921489001,SPY
2011-03-07,-0.7885486704198822,0.6478798153997368,-0.036321066504537994,0.07042834579794108,-1.1484419158554993,-1.1356786505682206,-0.5263974303850198,-0.8714807103183918,1.324004279573837,-1.4450813365136754,0.0087116846547878,-0.0105552315024723,0.0181624721190614,SPY
2011-03-08,0.8034127337663629,-1.1808806844500148,-0.6855679486420145,0.09206426464400143,-1.1474853764129533,-1.1352893415460208,-0.1573678788714877,-0.5388772498394105,0.568925254990384,-0.7313210527005704,-0.0014337302070819,-0.0307904294061511,0.009300552475902,SPY
2011-03-09,-0.16992012647933696,0.008422926215023009,0.49313395453891623,0.08161137356578843,-1.1457379094302815,-1.1354041897761618,-0.21700685683449125,-0.7568887615630582,0.19487594869482078,-0.01756076888746522,-0.0186796281071783,-0.048042656929284,0.0138815156272951,SPY
2011-03-10,-1.8244605626417125,0.48087611324336366,0.3282831504670514,0.26782116275654816,-1.1470006890555509,-1.1368912210335238,-0.9868437098371392,-1.2395286803216916,2.5378531018115877,0.6961995149256399,0.0069024949816496,-0.0162149754916862,0.0300144174391121,SPY
2011-03-11,0.62984232947458,-1.5260586235313651,-1.3229236829893083,0.298380498822109,-1.1489011616425169,-1.1378357592543433,-0.6658086566618769,-1.1022993379138548,1.2632231096810462,1.4099597987387449,-0.0060560528246496,-0.0194867926325574,0.01965541961727,SPY
2011-03-14,-0.6133774474061253,-0.9152715447874625,-0.6569028333558844,0.2879841723470681,-1.152855201466241,-1.1397886756288302,-0.8768697770517853,-0.805176131278214,1.366507495017058,-1.4450813365136754,-0.0115235132488908,0.0019482429500037,0.0226964014763284,SPY
2011-03-15,-1.1379157699352176,0.009645488469001994,-0.5725870688857826,0.3329300865855512,-1.1558781815801598,-1.1428967447184486,-1.290846843795593,-0.9190513371072079,2.966835644559836,-0.7313210527005704,-0.0186859577302147,0.00999689733153,0.0267178329166419,SPY
2011-03-16,-1.8250678152950714,-1.3404101404571271,-1.5070133636906973,0.4693009146365898,-1.1622939477543264,-1.1472556818681798,-1.9703543763133946,-1.2405372869422808,3.7289354309467466,-0.01756076888746522,0.0131480533304193,0.0315407852115088,0.0453278043029108,SPY
2011-03-17,1.2290299678516587,-2.2657909390122115,-2.303691267129518,0.5496807970464863,-1.1694622883012633,-1.1510849321573302,-1.319095179418043,-1.18502747014213,1.1326373294193526,0.6961995149256399,0.0036306778407784,0.0279104190910475,0.0329401094966321,SPY
2011-03-18,0.315950075753751,-0.45812934904196523,-0.8339442164936177,0.5530920912863619,-1.1747620091073554,-1.1548726833076797,-1.0676930340722697,-1.25834707486814,0.8238793649917312,1.4099597987387449,0.0153789827579116,0.0273310687855001,0.032951051144126,SPY
2011-03-21,1.44306132588202,1.1769887456832477,-0.9850310495839759,0.6831015783963791,-1.176198694586991,-1.1575699682072589,-0.3344308079071181,-0.5588813461763936,-0.09257019675434422,-1.4450813365136754,-0.0034748588673645,0.0095119967405024,0.00630041693356,SPY
2011-03-22,-0.3657423401681134,1.3404467661963861,0.004801665359853781,0.5169437743608337,-1.1796787197920884,-1.1588326049648636,-0.45256096577836896,-0.6801695193478827,-0.4001258734736772,-0.7313210527005704,0.0028579301497639,0.0196827699956223,0.0155031750880905,SPY
2011-03-23,0.2418140516893007,0.8198310305825333,0.37647454583747214,0.5072097725133745,-1.1824424375829996,-1.1593410903482453,-0.3150802115171899,-1.0583309905987228,-0.1922866302817397,-0.01756076888746522,0.009517687209958,0.0237023350231861,0.0261852945329117,SPY
2011-03-24,0.8807391697051862,-0.09757426644169122,1.3713338708219442,0.5506857672456126,-1.1804926592326275,-1.158997347635044,0.09221018704394193,-0.6371117128980281,-0.0865141927806432,0.6961995149256399,0.003051327535231,0.0128283704715483,0.0217631250538321,SPY
2011-03-25,0.26036824911972906,0.8543768966267357,1.2036898685801272,0.5012089982112075,-1.1791783985896842,-1.159290661256724,0.23425551097410943,-0.3691470067149852,-0.1537179838824433,1.4099597987387449,-0.0024400892870861,0.0139916231078149,0.0176650330481971,SPY
2011-03-28,-0.2664684071668162,0.8685469341955182,1.1769364776825597,0.4823251615513384,-1.1772664391336891,-1.1603124247921244,0.15377396186021614,-0.6609128352420753,-0.7521109634015678,-1.4450813365136754,0.0066959143877554,0.0172574639310276,0.0286732887736889,SPY
2011-03-29,0.6100233587312544,-0.007587672241788767,0.354082678716654,0.3635715760767543,-1.1723266402238315,-1.15935333641313,0.42394244795722275,-0.44500711179161023,-0.5069458868656299,-0.7313210527005704,0.0068774951773278,0.0104113145549007,0.0284850017280717,SPY
2011-03-30,0.6274438931979548,0.25944764728038694,0.82375132309175,0.38214716135129945,-1.1631854331013978,-1.1579896505255254,0.6930728211910954,0.2734698342246277,-0.42795001763691903,-0.01756076888746522,-0.0013562773416797,0.006681052321884,0.0248452525140852,SPY
2011-03-31,-0.1624894378340177,0.9421379617961015,1.0093678549049137,0.23545739341218885,-1.1564048220871268,-1.15818365263452,0.6378698492982068,0.06926057334635888,-0.46933117213141234,0.6961995149256399,0.0042145801714976,0.0054906033682025,0.0285499783605471,SPY
2011-04-01,0.3719686154981486,0.352161737238777,0.5072270577556247,0.21167357712730567,-1.1494999798846661,-1.1573805233656542,0.8042800003998516,0.38716755453053303,-0.19806808830009498,1.4099597987387449,0.0008257515361265,-0.0021804796434876,0.0227946779575329,SPY
2011-04-04,0.046850489383351956,0.15705255526120304,0.5609440441672591,0.17033805458120843,-1.1449907159496473,-1.1558431457604526,0.8000542584429873,0.8921057116670817,-0.8778720676555242,-1.4450813365136754,-0.0001502349883715,-0.0060213021452053,0.0183656539263683,SPY
2011-04-05,-0.046783902939154805,0.3169276802532225,0.7117549012877853,0.13373971453654607,-1.1399305656910845,-1.155052523517314,0.7722345348852193,1.972711811727809,-0.6093422214154037,-0.7313210527005704,0.0031472329443111,-0.0133731489654111,0.0118629054835652,SPY
2011-04-06,0.2695692416275667,-0.00287806400106046,0.39561161345504264,0.135212843298721,-1.1348064044414328,-1.153871465664925,0.8812986039325884,1.8800931376040184,-0.6135943853419434,-0.01756076888746522,-0.0025467262953613,-0.0165963682536682,-0.0003741339094522,SPY
2011-04-07,-0.2766989700058618,0.16721461170785476,0.2233545822344682,-0.0988528011659303,-1.1317061964406112,-1.1513446836687498,0.700235977387517,1.6163084768151776,0.020565353863129573,0.6961995149256399,-0.0034565028401924,-0.0132892834341662,0.0065788482634872,SPY
2011-04-08,-0.36398129592562345,-0.008373966034749852,0.16838171711903693,-0.10549647622102645,-1.1297077610868778,-1.1496871622377816,0.5026319082862922,0.9731198107411855,-0.28469255527096965,1.4099597987387449,-0.0030150709655911,-0.0061911611057015,0.0139030642311892,SPY
2011-04-11,-0.3216311155772446,-0.4922232380128792,-0.18585557326354626,-0.1283805377030214,-1.1278117916578692,-1.1477818489398421,0.3189253318592958,1.0069864413985619,-0.6279731775831493,-1.4450813365136754,-0.0075020818085773,-0.0144477415927646,0.0254178297971945,SPY
2011-04-12,-0.7521068681432038,-0.5265383946333617,-0.3632180856722305,-0.18808602308363,-1.1283113623339471,-1.145560161992635,-0.0691358033389438,0.309008912751785,-0.12058768113099204,-0.7313210527005704,-7.598634394589965e-05,-0.0012177604970213,0.0223392624053202,SPY
2011-04-13,-0.03966062149309502,-0.8229540148912831,-0.7027136031798337,-0.5172380658003124,-1.1299894755957494,-1.1418259714639123,-0.16947520216785594,-0.16903639681555763,-0.12035373297673845,-0.01756076888746522,0.0007603585241406,0.0123982754415097,0.0271646340144053,SPY
2011-04-14,0.04057680139100233,-0.6076101548594737,-0.8515562718409717,-0.6347347425370711,-1.1313089644814067,-1.1390934759453386,-0.20701908425008028,-0.3143479449131711,-0.13348102115426308,0.6961995149256399,0.0036416194882722,0.0167334346482475,0.0186750104048609,SPY
2011-04-15,0.31699979774106635,-0.002229220460263763,-0.6988408386041647,-0.634691148691692,-1.1327309701749295,-1.1363501155448736,-0.11887162490893731,0.09751536495826212,-0.016697625580683037,1.4099597987387449,-0.0112716514526542,0.0120450506895712,0.0086722911540171,SPY
2011-04-18,-1.1137526020554163,0.27015612839657815,-0.37106187745778185,-0.6935805573259997,-1.136189777110326,-1.1358245149491861,-0.6224874545962095,-1.065958209041387,0.5052687757189923,-1.4450813365136754,0.0057278992871658,0.0318848685806312,0.0197934795709349,SPY
2011-04-19,0.5171537304857844,-0.6114174926085232,-0.7523364243641056,-0.6822939922728409,-1.138662176199545,-1.1345297227239093,-0.4074252901227732,-1.1588557173429972,-0.6337168163812182,-0.7313210527005704,0.0135400495945852,0.0326645966356036,0.022961889919844,SPY
2011-04-20,1.2666373846208052,-0.45855780912359,-0.14139887512536264,-0.5329673627148273,-1.1393794885557622,-1.1323247372706002,0.1275179146773673,-0.2569202722910876,-0.21186847931558928,-0.01756076888746522,0.0050955177308784,0.0223622930043596,0.011800913672701,SPY
2011-04-21,0.4564841810067198,1.3593712964619378,0.4873660162552639,-0.5834272802236496,-1.138790249064863,-1.1304787066381194,0.3040875842414179,-0.21436898636007243,-0.47589942847984523,0.6961995149256399,-0.0010467644704039,0.0196152237782634,-0.0012715588281722,SPY
2011-04-25,-0.13279532947241893,1.3130373173920808,0.687556139140346,-0.5835570915111481,-1.1377909932256407,-1.1289787991909117,0.21892688064371685,-0.3096833087869898,-1.3629217597577865,-1.4450813365136754,0.0085681664384056,0.0191212680171508,-0.0118934504380883,SPY
2011-04-26,0.7896438541344754,0.24427569576764835,0.47105471068966465,-0.5441712838821988,-1.1348061754672996,-1.1265366767108693,0.5343178114906658,0.0603051570517662,-0.2938978724752666,-0.7313210527005704,0.0065076273421382,0.0069498290837071,-0.0212945739805006,SPY
2011-04-27,0.5919594381175607,0.49871327531401577,1.3872230432058024,-0.5459700403024832,-1.1294257539999466,-1.1240945224063343,0.7600376925019044,0.18097282454900568,-0.3397297811643463,-0.01756076888746522,0.0032377459633412,-0.0062107816896057,-0.02447325264602,SPY
2011-04-28,0.2782528979296023,1.0522161860927048,1.4232295305567784,-0.5713045097410927,-1.1234689028723825,-1.1219536378467156,0.8485160691758694,0.41803290669989346,-0.5703262967405142,0.6961995149256399,0.0023484485047822,-0.0185383341016533,-0.0231141491706061,SPY
2011-04-29,0.19293529872509382,0.6616614833667999,0.9474870418535475,-0.5771931980203353,-1.1172301845865245,-1.1194922806431373,0.8890284644632863,0.677875281703826,-0.6974214641261023,1.4099597987387449,-0.0015407202315165,-0.0164805267288574,-0.0216353962397191,SPY
2011-05-02,-0.18018455705398723,0.3569225116465884,0.8206321560880367,-0.5777763345144749,-1.111875395501334,-1.1175244958655464,0.7687252868102833,0.7620767410606686,-0.5439579262705964,-1.4450813365136754,-0.0036032724950381,-0.0110720933698313,-0.0097375400459664,SPY
2011-05-03,-0.37806211271756607,0.006808960014261063,0.7978221369396657,-0.5576024060915467,-1.105252369574027,-1.1159412655309096,0.5670949480618732,1.0009004488784767,-0.3854491906723128,-0.7313210527005704,-0.0066529834311745,0.0010308737256208,-0.0288510710937011,SPY
2011-05-04,-0.6706458965062941,-0.4292678254224865,0.2357662262853703,-0.5081991108190265,-1.1007430674766523,-1.1149220925092345,0.24628972592654044,0.5927264372567129,0.18452124774543716,-0.01756076888746522,-0.0090898064487063,-0.0028967920436562,-0.0232601719992739,SPY
2011-05-05,-0.9044303153654041,-0.8038383576233127,-0.3719679219455492,-0.4388776939759252,-1.1000898042738798,-1.1149541397736304,-0.15192036515370352,0.11782109821771278,0.7456594865519973,0.6961995149256399,0.0044062558775781,0.0109423996701893,-0.0241654157832984,SPY
2011-05-06,0.3903576381038309,-1.205831342472145,-0.9412328819046913,-0.4298055916157176,-1.0995517405018091,-1.114390088825567,0.02660152442708706,0.1424805812916813,0.6716960970690484,1.4099597987387449,0.0038677131275095,-0.0011931212927924,-0.0392088475807002,SPY
2011-05-09,0.33869081496987236,-0.3955316783443594,-0.8462069114181696,-0.43357809877149805,-1.0981681643003527,-1.1131978287516613,0.16599557102248857,0.8033276917968528,-0.7551136019643375,-1.4450813365136754,0.0084996946004141,-0.0114219341828736,-0.0436967602580633,SPY
2011-05-10,0.783074789110922,0.5538531271935104,-0.5964548522374056,-0.3999270579684483,-1.0967846008196815,-1.1110120907516852,0.48518198005803875,0.8715752878068312,-0.7379217061033341,-0.7313210527005704,-0.0105806492004516,-0.0200720918190242,-0.0563923710785712,SPY
2011-05-11,-1.047459088411103,0.853775384922075,-0.03756085214002836,-0.34925827049464997,-1.0983603117606844,-1.1091083877730892,-0.030076801063829338,-0.050095605081724476,0.2789713385452776,-0.01756076888746522,0.0047493852651392,-0.0005951329824975,-0.0382093432208741,SPY
2011-05-12,0.42327685459486075,-0.20484201313690953,-0.21893363581566358,-0.340916688937987,-1.099679749763201,-1.106788038532853,0.11915275756157762,-0.060556731231855315,-0.024409093061091663,0.6961995149256399,-0.0077292650854037,-0.0029654449001945,-0.0569670076255421,SPY
2011-05-13,-0.7739024232431242,-0.4796235157257422,0.42013620169319116,-0.2806229498874801,-1.1027415028303857,-1.1051984305698295,-0.2596845484937663,-0.34233596274163175,-0.21913593317966043,1.4099597987387449,-0.0063610997625715,-0.0032131345847856,-0.048454158205943,SPY
2011-05-16,-0.6426431021515635,-0.2707053861674009,-0.1402610794673144,-0.2502682949892766,-1.1066229960161573,-1.1044612607450417,-0.554636660578147,-0.9093656773107728,-0.43969739867683943,-1.4450813365136754,-0.0001504630357365,-0.0085206909025341,-0.029486913806302,SPY
2011-05-17,-0.04680578139332046,-1.0847597740786703,-0.6126098933819859,-0.35935244382462733,-1.1099025034842667,-1.1027883171647916,-0.6031549515713305,-1.228376344188221,0.23288430650821643,-0.7313210527005704,0.008896309636075,-0.0092031849708043,-0.0472820694792277,SPY
2011-05-18,0.8211253225126808,-0.5294683490639315,-1.0120591494704154,-0.3282697501649964,-1.1105045909682107,-1.1008333258333645,-0.2661041336357205,-0.9573273748574541,-0.5222116616078399,-0.01756076888746522,0.0023790733474422,-0.0147705459302605,-0.053976075107462,SPY
2011-05-19,0.19587339106598592,0.5884271377801639,-0.11264701788089777,-0.45730402105707696,-1.1091337864350874,-1.0998205749943666,-0.18790504237784578,-0.9573240409617719,-0.7106066516403493,0.6961995149256399,-0.0079769547699948,-0.0125527698389475,-0.053375610522024,SPY
2011-05-20,-0.7976653262331731,0.7737637983284639,-0.22210390549467643,-0.4196614385458493,-1.109889630049652,-1.099929542058211,-0.5320924925594529,-1.148487901876017,0.16321951223201286,1.4099597987387449,-0.01166865608032,-0.0007486136332834,-0.0402956773287481,SPY
2011-05-23,-1.1518405122136333,-0.4625238069281418,-0.2335417849429314,-0.3171719795989088,-1.1132972994285755,-1.1009423056270065,-1.0095158165345428,-1.3478884103193025,-0.033937722540451215,-1.4450813365136754,-0.0008329571040066,0.0212771784092726,-0.015016152566865,SPY
2011-05-24,-0.11228303516898691,-1.4917872236321321,-0.4786355175602189,-0.3869899603543203,-1.1183189820327164,-1.1027626538936806,-0.9999934023494403,-1.2027016934174541,-0.3313426525734827,-0.7313210527005704,0.0033289486766188,-0.0006066680294933,-0.0202267187165494,SPY
2011-05-25,0.28700272225766293,-0.9683534911964425,-0.5101519082807717,-0.4186556458747361,-1.120945099090201,-1.1048650562764302,-0.8046144577347087,-0.7933915008387968,-0.2575643034972688,-0.01756076888746522,0.0045968494387551,-0.0049977010428596,-0.026435560807819,SPY
2011-05-26,0.40864284167318354,0.13050636326486706,-0.7672429680247641,-0.4071604403482073,-1.1236097092436779,-1.1068584915953352,-0.5561597081524173,-0.7872160451108492,-0.05661202094347661,0.6961995149256399,0.0038272014356692,-0.0195896007143456,-0.0427137176704128,SPY
2011-05-27,0.3348041960953196,0.5283429861143784,-0.6648299199499649,-0.3969450344324581,-1.124288642990969,-1.1087301600393322,-0.3427980449809618,-0.7903255328435207,-0.6554044856303672,1.4099597987387449,0.010357135962236,-0.0340539780698385,-0.037669198263317,SPY
2011-05-31,0.9612743736577876,0.5648494791956731,-0.11973448776979084,-0.29954784084726455,-1.1220981492223998,-1.1095762587385731,0.13183224620455541,-0.71766103414517,-0.019746203476908208,-0.7313210527005704,-0.0227168035427727,-0.0450313135819282,-0.0350579987661481,SPY
2011-06-01,-2.2117799150330453,0.9869000474985309,0.8973783344738415,0.01873856127764338,-1.1237635035366544,-1.1120504412128083,-0.7940433724031595,-1.06600612467056,0.9491241707157492,-0.01756076888746522,-0.0010620843367474,-0.0265104262592492,-0.003813510189258,SPY
2011-06-02,-0.13426508990407393,-0.9579532754253177,-0.1131796863171539,0.0009558705186775613,-1.1271326416572294,-1.1140374607139358,-0.7898558258339742,-1.2845356580224518,0.47778403567618644,0.6961995149256399,-0.0099950502327308,-0.0178459632652563,0.0067654398401506,SPY
2011-06-03,-0.9912777763633497,-1.7946283951638367,-0.31594996455100205,0.010397281015341544,-1.132590049316568,-1.1160822098452658,-1.1671665592980587,-1.3322019941227554,0.93634956415775,1.4099597987387449,-0.0106371759198236,-0.0218591921720543,0.0314281137843615,SPY
2011-06-06,-1.0528821602317968,-0.8625179537083368,-0.9897785482444106,0.038826769376934495,-1.1384444345194062,-1.1193896657480846,-1.5370035662754307,-1.4200288827497523,0.20154109233975465,-1.4450813365136754,-0.0006201995498535,-0.0104384319180352,0.0412440459750387,SPY
2011-06-07,-0.0918714579646859,-1.564075563336951,-1.6577183728653562,0.018398563285155184,-1.142415698286281,-1.1230817461077418,-1.47160597664786,-1.4295193609233048,-0.0507567700897243,-0.7313210527005704,-0.0041959162200937,0.0027879122688876,0.0430591289452788,SPY
2011-06-08,-0.4349192861174449,-0.8771894089184074,-2.164632661434165,-0.056432589897532213,-1.1469378356559146,-1.1278570367337784,-1.5304486862613695,-1.9024368805087788,0.5080145432989084,-0.01756076888746522,0.0076023786572454,-0.0109617902196808,0.0575768774778309,SPY
2011-06-09,0.6969879109103096,-0.405244601003799,-1.309370251854078,-0.0359294168597715,-1.1507681658436422,-1.1310875473775541,-1.1262448398732428,-1.676716898989645,-0.0052732992141745275,0.6961995149256399,-0.0140082791395288,-0.0163618648690855,0.0428574241968808,SPY
2011-06-10,-1.3762997418381597,0.19721567437912116,-0.9092603991859625,0.01721543486538226,-1.1576858433183623,-1.1358820854569243,-1.6011362764257477,-1.7725707824107286,1.8824124278651007,1.4099597987387449,0.0007835843341954,0.0006259522033236,0.0386196822449358,SPY
2011-06-13,0.042805043847318765,-0.5217265743545247,-1.0945843399467032,0.008356531688336569,-1.1651287111305373,-1.1399458631643853,-1.466161271589807,-1.5220937502303349,1.2268322105882525,-1.4450813365136754,0.0126061446370693,0.0049453462924091,0.0335076996095144,SPY
2011-06-14,1.1770402221712972,-1.021332975434107,-0.567193466933391,0.12426167192956777,-1.1722769019537291,-1.1424264678212972,-0.8652504480848398,-1.0281024764181603,0.1195133507557051,-0.7313210527005704,-0.0179456187086621,0.0059500703369028,0.024244589596349,SPY
2011-06-15,-1.7540410207075412,0.9286798640623698,0.043576136172585773,0.2666756244382053,-1.1784900260197801,-1.1463684977485467,-1.530756456593982,-1.4887363053996328,3.173866564926062,-0.01756076888746522,0.0022023040078407,0.0178521657918739,0.0352637566922702,SPY
2011-06-16,0.17891445845843718,-0.4435905526739294,-0.5913612443373958,0.20725572397949732,-1.1841650735929756,-1.150893794252701,-1.3229337366878073,-1.5758128100735045,2.9606571929324055,0.6961995149256399,0.0029795379328803,0.0127699683693824,0.0388495652492055,SPY
2011-06-17,0.2534808837489422,-1.2058697955899353,-0.840727312825207,0.21084514350880532,-1.1876752088966243,-1.1553807422428557,-1.081529704861857,-1.6111882449376798,1.3979357263139292,1.4099597987387449,0.005102978423281,-0.0018908769873364,0.0276348278110774,SPY
2011-06-20,0.4571999464213928,0.3272959968388227,-0.056259424774109196,0.22397836963804632,-1.188580763432119,-1.1587631066371695,-0.775553159019685,-1.8233664774684473,-0.05955482895934707,-1.4450813365136754,0.013610868681563,0.0018778654321476,0.0386331577751706,SPY
2011-06-21,1.2734316404917165,0.5398255785719106,0.14320269235856448,0.28869467495510814,-1.1871308864982395,-1.160024693186507,-0.15218992122702868,-0.859664133870329,0.5911873732920544,-0.7313210527005704,-0.006043523253691,0.0012353322099896,0.0244194071568006,SPY
2011-06-22,-0.6121753828967064,1.3187728003822838,0.18959910373376399,0.3028982357084787,-1.1859934193279011,-1.1617182272136926,-0.3713199608000042,-0.9812983763939664,0.24812307536990796,-0.01756076888746522,-0.0028798934146507,0.015806540497798,0.0442387423503944,SPY
2011-06-23,-0.30866242439120667,0.5020795077521102,0.7392172003465539,0.29370283442407,-1.186587772574448,-1.163932136254824,-0.43864276133372637,-0.8000475715352825,3.0013164550418394,0.6961995149256399,-0.0116813074238386,0.02820329960511,0.0477875031504702,SPY
2011-06-24,-1.1530542593635098,-0.7061825267982789,0.504530150110072,0.32495856314878263,-1.1867944090091138,-1.167496816804323,-0.850644573456686,-0.8241499735289405,1.0197176367962217,1.4099597987387449,0.0088717208427651,0.0545522307404287,0.053880582435684,SPY
2011-06-27,0.8187663178935336,-1.1192574673034568,-0.17248222558287793,0.3687830322640472,-1.1856743820352742,-1.1706604769182178,-0.38458490846394194,-0.5359326956518013,-0.014011600103839221,-1.4450813365136754,0.012968335459405,0.0448592661685172,0.0412658772521821,SPY
2011-06-28,1.211788158441868,-0.25822816683366157,0.0015517538165677905,0.4046667201204281,-1.184479722214711,-1.1736393512962755,0.26212419012947785,-0.08948015148563135,-0.07772618828789542,-0.7313210527005704,0.0085276850341173,0.0330858141294987,0.0076091608425503,SPY
2011-06-29,0.7857601409932038,1.5478270953356168,-0.028119314434314466,0.2014834507432177,-1.1789095956777826,-1.1739610778252567,0.6485830886930718,-0.06600694499727179,1.2936755509166753,-0.01756076888746522,0.0095168656926611,0.0348799614078396,-0.0038325097183253,SPY
2011-06-30,0.8806603548128216,1.5226199276080306,0.6447537770975507,0.25003345960842466,-1.1720889905148664,-1.1733878932477173,1.0585374884592862,0.5713479996967595,0.8873919956150389,0.6961995149256399,0.01466762371148,0.0182460210914738,-0.0202071935905996,SPY
2011-07-01,1.3748148180011859,1.26973410837033,1.2172145820461726,0.286858362012903,-1.1632446356356838,-1.1707188939574678,1.6486812593211657,0.7950920264109157,0.4900137015709892,1.4099597987387449,-0.0008212437291463,-0.01466762371148,-0.0391367637410668,SPY
2011-07-05,-0.11115927504570648,1.7196014192345193,2.4339624591879887,0.20588706694915476,-1.1553786109040818,-1.1672361933017965,1.5159320837951322,0.5736022647298724,-0.16923906725090865,-0.7313210527005704,0.0011948834203865,-0.0181747782835595,-0.0641948148319366,SPY
2011-07-06,0.08226433865481064,0.9621382376957076,1.986358189947809,0.2021948182603282,-1.1495595640425076,-1.1635991565851374,1.4708566701443857,1.3109123491545618,-0.576933511179684,-0.01756076888746522,0.0103218323124583,-0.0160266270800422,-0.0599858111739681,SPY
2011-07-07,0.957887404974586,-0.02499628647666056,1.442680622856491,0.21105836302615277,-1.1409469182656053,-1.1587206463986819,1.8071803112144234,1.4112199545730488,-0.1016928205950638,0.6961995149256399,-0.0071170746237045,-0.0332749110052414,-0.1182816344648118,SPY
2011-07-08,-0.7151699710749724,0.7914460131954867,1.5255312281045683,0.24787620324873183,-1.1330937415270477,-1.1550886634115025,1.384888863517772,1.0619440185043765,0.32065974519038387,1.4099597987387449,-0.0182460210914738,-0.0203697238167608,-0.1126623707571123,SPY
2011-07-11,-1.7828610851866835,0.1824369644410402,0.7574047540362318,0.33020998830735343,-1.126450769408559,-1.151868215672396,0.48158443280349233,0.3323284302148526,0.34348655315470367,-1.4450813365136754,-0.0043283983012258,-0.0103589022305348,-0.1617569607110311,SPY
2011-07-12,-0.4476293787765681,-1.9107017562065345,-0.7624901987162572,0.3492733068034536,-1.1219963956616457,-1.1490790407318867,0.21672850211274475,-0.06694630425909157,0.6678398483583764,-0.7313210527005704,0.0033430346239038,0.0100708044580652,-0.1119779613915401,SPY
2011-07-13,0.2883541027134497,-1.7063781653717456,-0.9244445056469827,0.28547808020577914,-1.1191254798139172,-1.1470448127779245,0.31075671972407287,0.18893682618271274,0.46326608178943274,-0.01756076888746522,-0.0069264516127409,0.0061248878973545,-0.1605041439942587,SPY
2011-07-14,-0.6968819421460445,-0.12456913614118201,-0.825246613966444,0.11360722795825169,-1.1188551504077928,-1.1441225159834254,-0.0702368551274796,0.06106366937176171,0.8561102168242634,0.6961995149256399,0.005788112564776,0.0268271514499982,-0.1096723683088587,SPY
2011-07-15,0.5229304840753665,-0.314925965117713,-1.621742408901907,0.12259976602610614,-1.1192155811354356,-1.1408901404243628,0.0994908093532754,0.5480084109307461,0.7206227678555321,1.4099597987387449,-0.0082351995052478,0.0217079062706471,-0.1087494487728264,SPY
2011-07-18,-0.8224408618055916,-0.13577749215836132,-1.0258032782001787,0.1779341585946501,-1.1234768279215572,-1.1385969629362032,-0.32017749654071836,0.09641185187008852,0.287232257982961,-1.4450813365136754,0.0161013083873742,0.0243548776372701,-0.0795702367354795,SPY
2011-07-19,1.5123599480207741,-0.23166817216986857,-0.5635209240913721,0.2862811370546075,-1.1248672351846623,-1.135356860390254,0.3016806602786432,0.17009274017615422,-0.27691137459941284,-0.7313210527005704,-0.0006028819368069,0.0045105849091591,-0.1042476153666021,SPY
2011-07-20,-0.09021003730631284,0.5239696142845187,0.37988744857935275,0.20978106342294317,-1.1265665921577364,-1.1332955561576936,0.22136423698331992,-0.0397046781758508,-0.876257026949849,-0.01756076888746522,0.0137758119399027,-0.0155749141042607,-0.1029762826887319,SPY
2011-07-21,1.2892560001264726,1.0831820690986325,0.19767187505318942,0.25667327633427894,-1.1276865809692203,-1.12954657360465,0.7340195114662892,0.06519276711640633,1.1543476406938014,0.6961995149256399,0.0006688673854249,-0.0322647115709218,-0.16082768553954,SPY
2011-07-22,0.03179930604500353,0.9127952153821051,1.1536664503301017,0.24348476718956857,-1.1274548845877248,-1.1255012731977931,0.6577764252022498,-0.29793474574269074,-1.0985550838952947,1.4099597987387449,-0.0055882281386248,-0.0397913971359598,-0.1779621208178463,SPY
2011-07-25,-0.5684951881844311,1.0059750462809256,0.917268599026196,0.16743762716739624,-1.125060273099958,-1.1209792800760063,0.29241767107240135,-0.44875472679052175,-0.9059809738057244,-1.4450813365136754,-0.0037429843407368,-0.0384651154363222,-0.1715748911430585,SPY
2011-07-26,-0.3914658159899881,-0.41280926010166014,1.0395011394906783,0.16476619191448885,-1.1225755475698875,-1.1175072724499644,0.038170706421969375,-0.5932209951222079,-1.020987860031279,-0.7313210527005704,-0.0206883809502267,-0.0606014259156015,-0.1354513598526745,SPY
2011-07-27,-2.0171766986372255,-0.736061327634114,0.12312616677139938,0.3506529193224268,-1.1241719552283986,-1.1168695668954283,-0.8765480759680924,-1.4029720813593007,1.1894257595825393,-0.01756076888746522,-0.0029139855267583,-0.0345091578870198,-0.1007768606803702,SPY
2011-07-28,-0.31193316032870105,-1.842434777916133,-0.8043872932776125,0.3182005225594754,-1.1250860199691872,-1.1171916625885272,-0.9935231608068199,-1.320208883381517,0.38582369554201373,0.6961995149256399,-0.006857818179613,-0.0795691633386468,-0.1132242294874252,SPY
2011-07-29,-0.6902973739756553,-1.7816948443840508,-1.575093153534176,0.2845975505361492,-1.1281243031876922,-1.1188922234637553,-1.2440548745245477,-1.0649655386186474,2.1423601217208907,1.4099597987387449,-0.0042619464389872,-0.0742091560750388,-0.0919368535551417,SPY
2011-08-01,-0.44125410659480246,-0.7683430165728042,-1.922662420619103,0.14390510846021706,-1.1304802434884742,-1.1222031609661023,-1.3428617253547999,-1.0612641840752233,2.322614925433266,-1.4450813365136754,-0.0258792948200161,-0.1372878206814443,-0.0593438853057977,SPY
2011-08-02,-2.5151836419669014,-0.8671067962454272,-1.8614170352090293,0.4326034466848448,-1.1398010172146842,-1.12756254560586,-2.2982191925307855,-1.6638937577385624,2.4779990668499283,-0.7313210527005704,0.005403887078355,-0.0659579248431629,-0.0308313152064245,SPY
2011-08-03,0.4860685817510955,-2.260791814050824,-2.8836334069126948,0.4593190271984509,-1.1481434099101733,-1.1325869774573682,-1.949171410230117,-1.3740197734042803,2.6348410192797975,-0.01756076888746522,-0.0479739909783853,-0.1165449599003327,-0.0318073502525537,SPY
2011-08-04,-4.634909064818848,-1.5525856315135818,-1.6787377862688384,1.1678198042921946,-1.1664631469387952,-1.142313726372589,-3.681355046865759,-2.1191898914023395,3.988628389391176,0.6961995149256399,-0.001497810916005,-0.0246656448492883,0.0056387267427018,SPY
2011-08-05,-0.17606791447538137,-3.171442442213271,-3.759530578040757,1.173918703095843,-1.1851304539812306,-1.1515380620176827,-3.5206448258291845,-2.057109105036124,4.336037427227764,1.4099597987387449,-0.0673406110453926,-0.0164568018324748,-0.0187451254513524,SPY
2011-08-08,-6.492907772585646,-3.677123114329239,-3.512014751840209,2.269221393375704,-1.2128997372445662,-1.164234386194123,-5.859246007745575,-2.879332589172777,3.886338297248094,-1.4450813365136754,0.0454506010182651,0.0718278217450167,0.0412708911873478,SPY
2011-08-09,4.328078312577483,-5.096096453948229,-6.42487792866585,2.9420185956033436,-1.2333050851678453,-1.1732010452847368,-3.877039623668302,-1.9514246069088432,3.423419634359736,-0.7313210527005704,-0.0451831479788147,0.0178011504830033,0.0236370738429529,SPY
2011-08-10,-4.367160605415963,-1.6562321595239335,-3.130987224247871,3.245238541459795,-1.256877361610281,-1.1857943026583238,-5.349846746523726,-2.43082003046769,2.741093040462614,-0.01756076888746522,0.043905324072659,0.0636527492028813,0.0583744369717225,SPY
2011-08-11,4.179827220846244,-0.03277647875552284,-5.467008643887347,3.7684146741921847,-1.273471956634244,-1.1945548345081316,-3.4058420685503124,-1.795489916293049,1.5440879121298299,0.6961995149256399,0.0067110321008083,-0.024328165780683,-0.0120902301179182,SPY
2011-08-12,0.6114737249396837,-0.14599741150250156,-1.224181450348887,3.772608392398622,-1.2879036874350762,-1.2032960297960251,-2.9142836381728,-1.6744078123093238,0.42966613918736696,1.4099597987387449,0.0209440125320989,-0.0475047657743727,-0.0123516493938016,SPY
2011-08-15,1.9769602764138443,3.65623848508629,-0.8451113369084984,3.896413702143108,-1.2984088171458439,-1.2097311204867254,-1.88150280392863,-1.3932189045625156,0.06846840503855388,-1.4450813365136754,-0.0085760702437482,-0.0676497767703088,-0.02416662300908,SPY
2011-08-16,-0.8551433875668215,1.9738856116364785,3.231719247622832,3.817626392997188,-1.3060044743089656,-1.2181953281178204,-2.0209737134256787,-1.302563514936029,0.28143143206763194,-0.7313210527005704,0.0006684507410632,-0.0266931595769133,-0.0018411469548338,SPY
2011-08-17,0.03175933393407459,0.8538145516425304,0.736861401986034,3.8201757071362774,-1.3143725757113285,-1.2265564944056573,-1.774316405032786,-1.2733143481444809,-0.08222480492201803,-0.01756076888746522,-0.0440755909109054,-0.013375492095899,0.0146000929944642,SPY
2011-08-18,-4.260903571724309,-0.6317560604587514,2.854208596050693,4.007312242142576,-1.3217751186344435,-1.2394267458009416,-3.2622211045206244,-1.491993257639918,1.5976268531886118,0.6961995149256399,-0.0164655678928813,0.0153387444811929,0.0645770593149386,SPY
2011-08-19,-1.61204760659422,-3.232771272285199,-1.2085972530925937,4.003669802519628,-1.3313534246568748,-1.253559557575048,-3.5664490911086566,-1.5511519878734124,1.0335234811854808,1.4099597987387449,0.0007990015361629,0.0462338701267448,0.0710354382701448,SPY
2011-08-22,0.04428414248372948,-4.4881640851757245,-2.2788523878022877,4.018729428791874,-1.3307483350676257,-1.2671512765903012,-3.182935205964826,-1.3880610124093418,0.07176501096055629,-1.4450813365136754,0.0323805469496472,0.0737658904009386,0.069072175613269,SPY
2011-08-23,3.0741608253797876,-1.20024651936696,-3.2091140078437994,4.306390269797825,-1.3320872358714864,-1.2780311032637135,-1.5494366665466648,-1.1176368253887754,0.40189962749743596,-0.7313210527005704,0.0139861182220775,0.0440186187306483,0.0067906417588181,SPY
2011-08-24,1.309432406704598,2.3786606139222974,-1.3178085590935258,4.337610722121614,-1.3246332246514827,-1.286095945332838,-0.7291058731162415,-0.6178650374558952,-0.13614527869579277,-0.01756076888746522,-0.0153613543338133,0.0344603525407967,-0.0400537969727095,SPY
2011-08-25,-1.5061113431291229,3.3448677754721516,-0.702821804876228,4.3541621646160715,-1.325984998889958,-1.2950754869781964,-1.1375493706721664,-0.729115655613062,0.26831514367165876,0.6961995149256399,0.0144295577526705,0.0392937928914802,-0.018685456826887,SPY
2011-08-26,1.351975197959026,-0.1531347086763706,0.6231517695164271,4.4203325052233975,-1.326178138571535,-1.3023931026827626,-0.3087332571313377,0.03225129563552906,0.2701429592027309,1.4099597987387449,0.0283310218103567,-0.0010174279712495,-0.0096131931792822,SPY
2011-08-29,2.685656664620796,-0.12064432731568224,2.04983501333372,4.596566153531826,-1.3252254789684728,-1.3071727214398396,1.083405184152313,-0.105578248365064,-0.5037097681405196,-1.4450813365136754,0.0026332752793569,-0.0366730441882987,-0.026822666314513,SPY
2011-08-30,0.22026106735514653,3.080653404486343,3.3212158921256965,4.505871743754002,-1.3225348039261364,-1.3096269499569981,1.2747603011480546,0.5288976179256317,-0.19381052225423012,-0.7313210527005704,0.0044278520322258,-0.0114895357937854,-0.0500855626467942,SPY
2011-08-31,0.392429534350534,2.216351307458979,1.9475385512991417,4.5037076662199285,-1.3192519127291655,-1.3121713563573663,1.5511530111039882,0.1517467623264453,0.1745797452268257,-0.01756076888746522,-0.0105279139831298,-0.0263631726760564,-0.046640860520819,SPY
2011-09-01,-1.04239976647993,0.46498940072460243,1.5061544193990353,4.125825944676836,-1.3109738999275362,-1.31173331130667,1.062672283982298,-0.11116582972943738,-0.1317104900032138,0.6961995149256399,-0.0258816631100593,-0.0423946017099083,-0.0614200772943149,SPY
2011-09-02,-2.5154108514554263,-0.4993180838304062,1.7293543000994185,4.2433490615397815,-1.3042664334281215,-1.3131697479851476,-0.04334816311607196,-0.7815388901072704,-0.13666675329777023,1.4099597987387449,-0.0073245944066924,-0.010063325774924,-0.0644087507706308,SPY
2011-09-06,-0.735079045931272,-2.7200666592077543,-0.13214786702171466,3.3663243756306995,-1.2987821085873164,-1.3101228837603618,-0.45041101502278513,-0.7634463042495336,0.0479874169549367,-0.7313210527005704,0.0278167836738703,0.0063903075485889,-0.035398134726984,SPY
2011-09-07,2.636321582413869,-2.485362562079944,-1.778662297435371,3.1006439748536474,-1.2938256581696421,-1.3083128275347065,0.7206399292446253,-0.3875604478561263,-0.4349134962638049,-0.01756076888746522,-0.0104457848500452,-0.0076770703147834,-0.0448690650890615,SPY
2011-09-08,-1.034520445121158,1.4490701939564428,-0.615731618363765,2.6174814323875775,-1.2925897575634848,-1.303964793456258,0.13154006796315987,0.10224066637916825,-0.1844786779456251,0.6961995149256399,-0.0265593430169817,0.0198784052256231,-0.0164936752257078,SPY
2011-09-09,-2.5804262432473255,1.220383618205613,-1.3025703371314954,2.348618200025401,-1.2930532266511865,-1.304873058120018,-0.9956980056189234,-0.07031297784468392,0.6399670545415351,1.4099597987387449,0.0064496128249249,0.0523391236521737,0.0033470382091129,SPY
2011-09-12,0.5863936296470543,-2.7637020828150436,-2.0428738866118166,2.3476319378345023,-1.2947268240342453,-1.3058070878932666,-0.6919136625162979,-0.004611652682240008,0.16260232578412562,-1.4450813365136754,0.0091290389168205,0.0358823218895736,0.02979622560518,SPY
2011-09-13,0.8434529512568046,-1.525792794560591,-0.5498717167269234,2.2475192193057296,-1.299387249059706,-1.3076622839797158,-0.24291521704078478,-0.2890044065677193,-0.055304871385609515,-0.7313210527005704,0.0137494058104978,0.0255890218520402,0.0216700004432501,SPY
2011-09-14,1.2867226435499677,1.0890600978383487,0.20992849356771767,2.2862084496050956,-1.302361126942782,-1.307803985717004,0.3649479692541919,-0.2901941736279019,0.23015999028885073,-0.01756076888746522,0.0171096906903613,-0.0180613708632613,0.0166543117353805,SPY
2011-09-15,1.6091023330834486,1.6239088011963378,-0.4396785840137613,2.360583833828407,-1.3033781791604886,-1.3066702636154222,1.0944519883969004,0.1907200209053393,0.2643339017956501,0.6961995149256399,0.0059013754095689,-0.0680293820630728,-0.0024449545320557,SPY
2011-09-16,0.5337967177565707,2.208643363048428,0.8327854182349321,1.7663924943256162,-1.3018221091118225,-1.3017497387333805,1.2146222316091746,0.09097481560999753,-0.0216232420283622,1.4099597987387449,-0.0100071889376751,-0.0679237716606326,0.0086033915141463,SPY
2011-09-19,-0.9924423418901394,1.6336258396547187,2.3317650175653077,1.6999469954835658,-1.2978538347294681,-1.296408086701092,0.6101664297081226,-0.5146379812053199,-0.2921198168135597,-1.4450813365136754,-0.0011642611207127,-0.0344147613226821,-0.00066490415713,SPY
2011-09-20,-0.14406774684237525,-0.35320144939774434,1.5718184942565483,1.704464853517488,-1.2929594871851033,-1.2912150741455544,0.4082621681336311,-0.5818775669448202,-0.4384786221143862,-0.7313210527005704,-0.0299009869048036,-0.0221289515268434,0.0198564016982913,SPY
2011-09-21,-2.901017549521108,-0.870893737944667,1.096491775873478,1.7298952935929321,-1.2968945221557497,-1.2907040046133456,-0.9098617310579004,-1.0847078711236149,0.18114464939326833,-0.01756076888746522,-0.0328583205094501,-0.0128575856749639,0.0378577639682973,SPY
2011-09-22,-3.1847388182224674,-2.3284928874840314,-0.9192075479430322,1.9710527668687945,-1.3040989261287073,-1.2936903704770424,-2.2170022607792803,-1.3127828692911863,1.4197057457372773,0.6961995149256399,0.006006985812009,0.0278732889926871,0.0750818495322764,SPY
2011-09-23,0.5439287898776488,-4.650685667706676,-3.226643520967133,1.9311636635348153,-1.3064066800951804,-1.295076963634669,-1.9282363296013427,-0.9226381703095061,0.07622797879076824,1.4099597987387449,0.0235018214002753,-0.0034408275759476,0.0878842769795822,SPY
2011-09-26,2.222351860249495,-2.019743573080399,-3.221766616006045,2.034108004925404,-1.306186088959158,-1.2958039814462075,-0.9109044827899083,-0.47064671374684197,-0.22982429046344466,-1.4450813365136754,0.0111215486751259,-0.0558129855625981,0.0765691821460263,SPY
2011-09-27,1.0346107549073746,2.1097089855147435,-1.6743787168751874,1.8262959941275299,-1.3056607078099247,-1.297872968111364,-0.37191603186813865,-0.7248846053447484,0.09005874435730661,-0.7313210527005704,-0.0206296210529242,-0.0452485126007697,0.0458121535891518,SPY
2011-09-28,-2.0115393797411656,2.484448011811426,-1.1070413584342127,1.9240907831145035,-1.3103395398115592,-1.3017020338184557,-1.1527796350869912,-0.8529514856541673,-0.08710322283014887,-0.01756076888746522,0.0078725541582009,-0.0062730382360527,0.0765492985176656,SPY
2011-09-29,0.7229080626925374,-0.7490196796780408,-0.678905785854636,1.9413491832773992,-1.3164927362585686,-1.3052896980167594,-0.713834516700665,-0.3563962553884418,-0.0296034778539645,0.6961995149256399,-0.0253071307566257,0.0037840126190546,0.1029186596680142,SPY
2011-09-30,-2.4602912504844547,-0.9870703350910003,1.2019752651252062,2.0702443681307074,-1.327324052343241,-1.309930606538885,-1.6631689260681652,-0.8088066522763776,-0.10825894099939051,1.4099597987387449,-0.0288703365863751,0.0223725137935195,0.1279926771491819,SPY
2011-10-03,-2.802138811095198,-1.3297869032065024,-0.24405625181878413,2.110821811192683,-1.3407563873762136,-1.3146659892507677,-2.7354157332007154,-1.2609569254721418,0.3886668680529421,-1.4450813365136754,0.0216860216369543,0.0841416506008867,0.132461908427568,SPY
2011-10-04,2.0481472957906113,-4.021902626378407,-2.662511547949416,2.2641794131139235,-1.3508888998471242,-1.317286927191771,-1.7610770439640648,-1.1522752344567098,0.9883770223483351,-0.7313210527005704,0.0183458533117928,0.0634584427188231,0.0824911395664784,SPY
2011-10-05,1.7276975523453848,-0.5787602421922797,-2.174662534894134,2.1347662486251493,-1.3537487740533052,-1.3206867886923062,-0.8849947381849368,-1.1481747369887476,-0.1942578528639903,-0.01756076888746522,0.0179296050133084,0.0538463065096586,0.08032483792178,SPY
2011-10-06,1.6877634390092289,2.8807238821452192,-0.37484282113362405,2.216804351388334,-1.3490513315429342,-1.3219411574466435,-0.07120801390947769,-0.9754091134132779,-0.3791687774227641,0.6961995149256399,-0.0067186295821608,0.0339271259192752,0.0804587282775761,SPY
2011-10-07,-0.6769438701991946,2.605494904501585,0.08957432032136593,2.037206496762107,-1.346243243653272,-1.3216908132553389,-0.3716010433123796,-0.9378776274666857,-0.01799398546211288,1.4099597987387449,0.032898800220992,0.0575954769572071,0.0810595702506979,SPY
2011-10-10,3.12388111240576,0.7690447198642556,0.947959020145538,2.3104886059631746,-1.3419210643060784,-1.3194178188606052,1.0148909321858077,-0.5082971695995958,-0.5765573759941032,-1.4450813365136754,0.0010028137548907,0.0054211921272635,0.0543574290688173,SPY
2011-10-11,0.06383752029116917,1.8658230343953013,3.800350477592694,2.294192325118044,-1.3391258880133865,-1.3177563639223087,1.0104644873744857,-0.13323808929633554,-0.7256249529991124,-0.7313210527005704,0.0087337171026282,0.0237754231070814,0.066103699272018,SPY
2011-10-12,0.8055264871975123,2.4315656472387417,2.845235860087381,2.266672277288387,-1.3318662376703378,-1.3164650405667628,1.3653071375793335,0.45362814211438196,-0.24828050366614918,-0.01756076888746522,-0.0019895755770749,0.0031420813696554,0.019762044946658,SPY
2011-10-13,-0.22324693185848252,0.6610136058399261,2.4013641042565754,2.1922977619465653,-1.326094791986954,-1.316656051173421,1.2811407083548543,0.3614157994953758,-0.7399757898852451,0.6961995149256399,0.016949721455771,0.0094974220012593,0.0311261330847418,SPY
2011-10-14,1.5937551723438437,0.44176416173825533,1.4815309401224084,2.2596658945172607,-1.3139047179527352,-1.3159761908955285,2.031999540985529,0.30524843629639653,-0.7415888884697031,1.4099597987387449,-0.0192754846089515,0.0113571138048031,0.0328241012895373,SPY
2011-10-17,-1.8816259640632589,1.0437427772615686,2.574494283984539,2.332760627530706,-1.3005758665073035,-1.3160279693455508,1.1575761677049,-0.14358222614839128,-0.8236193330536313,-1.4450813365136754,0.0193570447347086,0.0428193249804742,0.0425801430176813,SPY
2011-10-18,1.8247094393231809,-0.22277889675515133,0.1651764265655579,2.4248269621809344,-1.287324675455471,-1.3144675253478626,1.9899709246628647,0.4048205364607558,-0.027535216761487718,-0.7313210527005704,-0.0118996246347977,0.0038268003640169,0.028152784256096,SPY
2011-10-19,-1.1739992200454354,-0.04639667100601487,1.012742935680193,2.2122659585509483,-1.2786415310870327,-1.3115538275313572,1.360604725027991,0.12089110769567726,-0.7094973983287974,-0.01756076888746522,0.004365765054529,0.0258339488744043,0.0240621680344181,SPY
2011-10-20,0.3864730213435834,0.494025386321223,0.05993105012698191,1.8505744826573396,-1.2719512758099836,-1.3058559448548366,1.3883234014076082,0.6013276047312178,-0.45401104551039495,0.6961995149256399,0.0188094132593148,0.0557100991284249,0.0036919560297539,SPY
2011-10-21,1.7721706602231817,-0.6043710359427649,0.35340964257173924,1.9138436314794172,-1.2612623180323992,-1.2991026410591764,2.043557770414918,1.3535276323825414,-0.34198210405013474,1.4099597987387449,0.0121867265667194,0.036667572593652,-0.0161821018219852,SPY
2011-10-24,1.1368020066216606,1.6456501813025326,0.4392869801562942,1.8213214698503364,-1.253614403883707,-1.2931133542305526,2.4248898850657583,1.3051420802819194,-0.8763265273196799,-1.4450813365136754,-0.0196354798817486,7.974071894345514e-05,-0.0475717533457498,SPY
2011-10-25,-1.916163263258726,2.2186843936528073,1.892157248843279,1.9545497383150512,-1.2492792874979726,-1.289545682178717,1.4197858025234884,0.6827748772900764,-0.3943101126494042,-0.7313210527005704,0.0101075238755896,-0.0085695266234431,-0.0318720311590956,SPY
2011-10-26,0.9373270388710597,-0.5981353830001399,0.09155018407019098,1.8027512225448559,-1.2446853158543576,-1.2836146723615744,1.7039484178474331,0.6126226428436313,-0.2390909422967969,-0.01756076888746522,0.0342419153085495,-0.0024974988319383,-0.0642923371592987,SPY
2011-10-27,3.25273715896575,-0.7504765337104486,1.1078020803782676,2.05840019324748,-1.234177502057914,-1.275469276135907,3.0433848671827897,1.0679558941857317,0.5116037963548765,0.6961995149256399,-0.000233113275458,-0.0186759187713834,-0.1004232065849581,SPY
2011-10-28,-0.05473509678587946,3.197067597306487,2.4874308103658307,1.7857344735828549,-1.226374279842807,-1.2654655459287858,2.7320920922443452,0.7939737229865889,-0.6739716056763273,1.4099597987387449,-0.0244011053079891,-0.0245605931049643,-0.0716347053209744,SPY
2011-10-31,-2.3733687979890683,2.439419211514728,1.6080800079515307,1.6942493456216494,-1.2195545905764247,-1.2553841384992834,1.3175239833288184,0.25314267485887865,-0.6469483267432359,-1.4450813365136754,-0.0282847472241352,0.006037171242136,-0.0443974758676599,SPY
2011-11-01,-2.745958420580011,-1.8572976405577422,-0.08148252246550566,1.9554433099999027,-1.2203051296235643,-1.2491293844803075,-0.11624661022446114,-0.3145903567519827,0.9615344768723113,-0.7313210527005704,0.0161795516670943,0.0470710024243627,0.0242124368982858,SPY
2011-11-02,1.5198664675945763,-3.912613465838705,-0.4808906663341692,1.9387988788573194,-1.2166041316588885,-1.2429329265675084,0.42325709206659184,-0.0903764037136756,-0.5445463030212725,-0.01756076888746522,0.0180634953691045,-0.0067164864654634,0.0078731398732889,SPY
2011-11-03,1.700608639007518,-0.9393083587712968,-0.20049496878891412,1.9398911241794927,-1.2106643263834826,-1.236613422435186,1.0511491239379094,-0.07213017611503203,-0.014134783805425205,0.6961995149256399,-0.006117787609039,-0.015405469273559,-0.0110712615339698,SPY
2011-11-04,-0.6193001716204127,2.456582114137815,-0.9475863029964852,1.9362229926853687,-1.2087102611285,-1.2302874324712008,0.6004617775044523,0.12113085619422713,-0.5000232608502218,1.4099597987387449,0.0061966590391113,0.0093600079960465,0.005879889894822,SPY
2011-11-07,0.5621256982506486,0.8228778400929584,-1.2193303432493303,1.6746952789363863,-1.2077138801867313,-1.2259622229190925,0.7559368434260026,-0.02656445266982845,-1.135740960450042,-1.4450813365136754,0.0127490839580914,-0.0063560939238724,0.0,SPY
2011-11-08,1.1907535636231992,-0.04659366911316126,0.19362127226103182,1.7031507465962712,-1.201463573265563,-1.2206657616667864,1.179315172278443,0.32435811995055364,-0.7728477519490923,-0.7313210527005704,-0.0376079372227318,-0.0141754919088405,-0.0090334574747297,SPY
2011-11-09,-3.640408505815439,1.3357635859548715,2.088492328910674,2.153092686014935,-1.2029388536074719,-1.2191053113041996,-0.5248579291862373,-0.30408666518835303,0.6431401268045344,-0.01756076888746522,0.0093745125610089,0.0074422044574156,0.0063940756097471,SPY
2011-11-10,0.867003251315091,-1.8737564042792436,-0.39532049018922083,2.1682237516223197,-1.2085162945958856,-1.2166383784494572,-0.18377725524405206,-0.4170820897181985,-0.6834809166147,0.6961995149256399,0.0186476896605665,-0.0179367550537286,0.0138200261520502,SPY
2011-11-11,1.75665518894063,-2.1210079550678285,-0.7965626252867128,2.1832973432352047,-1.2110267924367557,-1.213990141458406,0.5651281883482343,-0.3356348179745028,-1.2322798692984005,1.4099597987387449,-0.0095194428808076,-0.0376490893067194,-0.0195328080581367,SPY
2011-11-14,-0.9456488621687084,2.0007868896063177,0.3470641024709451,2.095420227724185,-1.2110785787532743,-1.2106037926375757,0.05213516110198593,-0.20064840588683813,-1.6089549030014085,-1.4450813365136754,0.0049296859731233,-0.0473325713829568,-0.0193962979189556,SPY
2011-11-15,0.44057458033558494,0.6164452254890935,-0.3786781885464491,2.010707862320001,-1.2057988168591491,-1.2083375768598394,0.20733006749106364,-0.26254665052927423,-1.2192060747044025,-0.7313210527005704,-0.0159902408564756,-0.0561980150511747,-0.035029067625893,SPY
2011-11-16,-1.5664455853663164,-0.3886595082190744,-0.7397644068023325,2.046246211990158,-1.2056823326291415,-1.2064274835230597,-0.5426930522551047,-0.9842379854245531,-0.5113409778501496,-0.01756076888746522,-0.0160044469501352,-0.0625205563193125,-0.0154311136751372,SPY
2011-11-17,-1.5678084924492575,-0.8627685567657318,0.2585032658882286,2.120727454689506,-1.2110398185207931,-1.2061361175603482,-1.2379781857136627,-1.1582223520835118,0.7557536655288016,0.6961995149256399,-0.0010646445924242,-0.0484050634862871,0.0020547991267987,SPY
2011-11-18,-0.13451071623032954,-2.396592032589947,-0.9134530062909051,2.0178688334878467,-1.2155690032054232,-1.207424589441326,-1.2494563291187675,-0.8809162559021751,-0.7746959838322068,1.4099597987387449,-0.0192029249570451,-0.0187850309053372,-0.007629765903883,SPY
2011-11-21,-1.8746647215226584,-1.3030081700818008,-1.8237343658139296,2.052040053618296,-1.2241097765459883,-1.2111994580369312,-1.9621065610148416,-0.7515991980084102,-0.5674818832255892,-1.4450813365136754,-0.0039357576950944,0.0032540181970333,0.0413844845797148,SPY
2011-11-22,-0.40996014499778793,-1.53735753013842,-2.270900749873029,1.963909580117409,-1.2353551796302453,-1.2136987754956945,-2.062009263753916,-1.106854029994034,-0.7539357912184667,-0.7313210527005704,-0.0223127821246134,0.0475149414339384,0.0472549784290246,SPY
2011-11-23,-2.1730188266111723,-1.7477211833532678,-2.6802915410146606,2.032775757987049,-1.2438960165747361,-1.2187103820765461,-2.8567826815288044,-1.751250838613956,-0.6428027507393926,-0.01756076888746522,-0.0018889541171098,0.0696679782006493,0.078387523239777,SPY
2011-11-25,-0.21359348990826538,-1.975577381055005,-2.972255515820318,1.5891250613381593,-1.2542226100653284,-1.2266680328885318,-2.7306808828349793,-1.7079331789361043,-2.159430745508138,1.4099597987387449,0.0285553879885256,0.0706760262796049,0.0891775028454127,SPY
2011-11-28,2.7071819523407,-1.8256100817251266,-2.320426572506089,1.916154467817474,-1.2632163324042407,-1.2324242180361282,-1.386777397055577,-1.2583676620888433,-0.7273885909855341,-1.4450813365136754,0.0028361241453254,0.0529540021108321,0.061413287112769,SPY
2011-11-29,0.23972202283098115,1.9014510665809465,-0.9526249118370821,1.7877690543702633,-1.270217191093334,-1.2359530387469764,-1.1717166054242527,-1.468153335827318,-0.8539655245165336,-0.7313210527005704,0.0403251655418106,0.050434647109796,0.0453665457226284,SPY
2011-11-30,3.836353248573263,2.247652936541263,0.06510009840399096,2.05051546113466,-1.271627748080184,-1.234017065732534,0.5305382486275974,-0.21824225014259846,0.7115088201113281,-0.01756076888746522,-0.0001597453579025,0.0138251080513471,0.015322279432568,SPY
2011-12-01,-0.04769631069217751,3.1100130439618163,2.108992661341906,1.9832145277659663,-1.2704759954680742,-1.2333824980730015,0.5057786838565027,-0.36555156883787093,-1.121374172846567,0.6961995149256399,-0.0008809060381542,-0.0081955507290052,0.0105542956553037,SPY
2011-12-02,-0.11688316969823329,2.8905086111103646,3.131981423949033,1.887227178910761,-1.2669173049273468,-1.2342825329228864,0.49176547422060235,-0.7226948316214306,-0.5643941948752401,1.4099597987387449,0.0108333638197528,0.0094858184124611,0.0272452937103491,SPY
2011-12-05,1.0069628180434012,-0.12862001330103728,3.178531333462517,1.9121101922853376,-1.2614305376957844,-1.2338034024517976,0.961287363461249,-0.3403666356168537,-0.4901286508214366,-1.4450813365136754,0.0003167691442893,-0.0160526899569122,0.0179794308013914,SPY
2011-12-06,-0.001980366131835954,0.676834360701365,2.3601590368684287,1.9013414289801658,-1.2528897643552193,-1.2338034024517976,0.9754850601695577,-0.42573491235818983,-1.0399268855396675,-0.7313210527005704,0.0037156264833617,-0.0257523918428281,0.0203218482178808,SPY
2011-12-07,0.32409989578430964,0.7645868517158457,2.243819598523306,1.8559884297943285,-1.2431325277682708,-1.234548012843036,1.1633959283991664,-0.014494915931164568,-0.29462381659312725,-0.01756076888746522,-0.0221804041382549,-0.0401711020600039,0.0140253610559559,SPY
2011-12-08,-2.1603187206174645,0.24307718798491543,0.5532546680620641,1.5695349130247769,-1.2335693594802182,-1.2340364850381291,0.16179093491885693,-0.1614469637060165,-0.2412087361924709,0.6961995149256399,0.016800463103312,-0.0143829848274688,0.0386301428896738,SPY
2011-12-09,1.579435594377595,-1.4052687285595142,-0.4636211090484246,1.6296952741961734,-1.2210039968412523,-1.2329163074407445,0.8760351841783874,0.13211745730488197,-0.6173525886190693,1.4099597987387449,-0.0147051445496204,-0.0297019820789801,0.0304629500198192,SPY
2011-12-12,-1.4431557563083013,-0.4465555275601157,0.3528738089940913,1.5843970017893854,-1.2151807521205644,-1.2345026693054872,0.2670221098730772,0.2163354614486244,-0.5172863333857558,-1.4450813365136754,-0.0093829327416266,-0.0257460471524657,0.0457098758314789,SPY
2011-12-13,-0.9325523248628801,0.10114944245030483,-0.8264501523544311,1.5836482776702239,-1.2112985974539632,-1.2360631260329726,-0.10213691860198618,0.09646637271683728,-0.14918139974464226,-0.7313210527005704,-0.010703083733814,0.0134482111157137,0.0574896379329805,SPY
2011-12-14,-1.059205237402837,-1.8172824014186622,-1.274365539054002,1.5990477100151255,-1.2155042798503644,-1.2388732351249416,-0.4913077347507395,0.33299486452090943,-0.23606638069193833,-0.01756076888746522,0.0036077130942802,0.0260860310037429,0.0630055791570445,SPY
2011-12-15,0.31374687926565875,-1.5240553137020258,-1.940196534541913,1.5362304930839954,-1.2191147439868253,-1.2401034618189306,-0.30085557654499623,0.42354887268288494,-0.7094410639637906,0.6961995149256399,0.0014814658518007,0.0312980805956017,0.0632713150895334,SPY
2011-12-16,0.10975854184534874,-0.5722433794664253,-0.7493460694119605,1.455704986066126,-1.2223484057451013,-1.239940832295082,-0.24075777418754069,0.019048281702753876,-0.4309224395101959,1.4099597987387449,-0.0107492096231061,0.0387176402323268,0.0727854690886635,SPY
2011-12-19,-1.0636304722865075,0.32050666971263214,-1.4567507565316242,1.4930914111611644,-1.2290349465528743,-1.2405411440704073,-0.6907068380959999,-0.28416091081404066,-0.9217538069415795,-1.4450813365136754,0.0298113255265528,0.0502580221113149,0.0887972762724764,SPY
2011-12-20,2.8276743415452428,-0.7314110373759096,-1.2740725522724918,1.6353849033876524,-1.2310329875622665,-1.2372674603195015,0.5237864327193579,-0.5029561042803428,-0.32140371738674517,-0.7313210527005704,0.0019347361542152,0.0072360793399468,0.0627061735415797,SPY
2011-12-21,0.15324447967246219,1.3442901151500917,0.5358502221671606,1.6233357614267852,-1.2333266977818873,-1.2335330533842273,0.5055241654138415,-0.4554856034258769,-0.7394633362415507,-0.01756076888746522,0.008819762686139,0.0155822424374818,0.0581912986694002,SPY
2011-12-22,0.8137815457683397,2.2736304356045314,1.1194427952961867,1.4203384649688315,-1.2305904568869919,-1.2273789920609302,0.7263105254879515,-0.24951194974607233,-1.7149283029678126,0.6961995149256399,0.0089010254885257,0.0018347506161759,0.0482314519055693,SPY
2011-12-23,0.8215777529176304,0.735599125834179,1.3601261931874749,1.4153154146752187,-1.2291132048233782,-1.2203527104945824,0.9281758496749546,-0.2867506746734188,-1.9686941646451825,1.4099597987387449,0.0007911722558819,0.0087438171445413,0.0476632008928499,SPY
2011-12-27,0.04353301541072907,1.2460123423509206,1.7027485709586705,1.201381729570755,-1.225124577184716,-1.215443298725477,0.8270915298759904,-0.276954326270594,-1.9302338755122517,-0.7313210527005704,-0.0132106172448152,0.0095201457994544,0.0417288419951464,SPY
2011-12-28,-1.299773493866915,0.6577653619362615,2.2356633628548317,1.2922998081445811,-1.2217966289665936,-1.2118356932998937,0.1422493980540326,-0.6305728728046899,-1.4617815057052166,-0.01756076888746522,0.0102808992517502,0.0253899496050484,0.0544845003301048,SPY
2011-12-29,0.9539603607284838,-0.962333107762236,0.2489847659605564,0.7322701842768395,-1.2150935638588554,-1.2105861173141934,0.5625203993705511,0.06207171340977633,-1.4410934851916162,0.6961995149256399,-0.0049277291351668,0.0125281896747351,0.0407839403759631,SPY
2011-12-30,-0.5051281013793941,-0.26703007807459,0.6343960822318585,0.7455322849215835,-1.2097672311701408,-1.209727575238211,0.32073411307461824,-0.40664559830419783,-1.7383350406465026,1.4099597987387449,0.015810092016891,0.0198802965053648,0.0453309678173186,SPY
2012-01-03,1.4844211730478454,0.3398490449718038,-0.000439213503416121,0.8383711219513122,-1.2020708508298648,-1.2074946351502986,0.9627822648171389,0.3149946825145026,-0.3913042844751884,-0.7313210527005704,0.0015675009107951,0.0127034747219312,0.0382400383999561,SPY
2012-01-04,0.11801259071299595,0.7449675992782911,0.31860947914551613,0.7987176456948168,-1.192421053994652,-1.2060119574835713,0.9920286598683941,0.6343422263465189,-1.2513775021486122,-0.01756076888746522,0.0026591865607787,0.0116777550731752,0.0382564439721813,SPY
2012-01-05,0.22274694910589674,1.2208667617559767,0.35445898810581383,0.7997746058514876,-1.1870686945794338,-1.2043336101044193,1.0649288974066342,1.0592120181837563,-0.6022683398175932,0.6961995149256399,-0.0025808606785631,0.0114153978722715,0.0495186424102769,SPY
2012-01-06,-0.2799737613561298,0.2573127616512537,1.0872989652550447,0.8013340153478554,-1.1824586693049053,-1.2031746320852361,0.9171776922223254,0.905248934620014,-0.9289963821329723,1.4099597987387449,0.0024243776954628,0.0088091160410845,0.0514305946461766,SPY
2012-01-09,0.20021980875721185,-0.04663364087185839,0.49336522991124504,0.5550730689678246,-1.1788774375328162,-1.2000136579585456,0.9386550164162264,0.920631743762116,-1.5107265509508434,-1.4450813365136754,0.0086332702334575,0.0102581873723908,0.0515317781034392,SPY
2012-01-10,0.7958897951741932,-0.06383785712831468,0.8328727542486392,0.4687747300907294,-1.1753092191239791,-1.19748913550137,1.2570237744019304,1.4610935490949364,-1.2595030339276387,-0.7313210527005704,0.0005417812620391,0.0126205369898642,0.0458615960701953,SPY
2012-01-11,0.01960689187005056,0.7578105635097654,0.5014595889565984,0.32995376535536786,-1.1717801425711794,-1.1937276204630043,1.1775234145749287,1.0763849247995252,-1.2634484859749857,-0.01756076888746522,0.002396829359875,0.0173413532885318,0.0465766971908445,SPY
2012-01-12,0.19757687097322263,0.6198745613035306,0.4540936370416226,0.2535383461091743,-1.1656855126191956,-1.18901299368542,1.1556593928077696,1.0864337393021615,-1.1349167312588184,0.6961995149256399,-0.00518714250975,0.0186647467243128,0.0367644710044618,SPY
2012-01-13,-0.5300157541079216,0.1629366287626214,0.4419784371645183,0.18655788677679358,-1.1621433718200032,-1.1838867616458784,0.783111496030709,0.6197689065939542,-0.3508130946291254,1.4099597987387449,0.0038734490267691,0.0212717505160986,0.0493670103407195,SPY
2012-01-17,0.33924110683160896,-0.25681602135142617,0.32162486877709556,0.18673282165937305,-1.157142716673785,-1.178719609673308,0.8158680701770528,0.4912266757794437,-0.9295946065399072,-0.7313210527005704,0.0109956198509308,0.0162582174116376,0.044236678931262,SPY
2012-01-18,1.0225293699359368,-0.1486255403676453,0.3885404661172334,0.2169337638196738,-1.1528842430188355,-1.172737947993194,1.1464257030474727,0.7489129988828794,-0.5158319129172232,-0.01756076888746522,0.0052625975607067,0.0135953720365131,0.0285700731315969,SPY
2012-01-19,0.4725135194685058,1.0370696543408613,0.49762966853556795,0.09231499211209107,-1.147987669337062,-1.1654596100778205,1.1857011053323343,1.592002996138216,-0.952482389323836,0.6961995149256399,0.003720222795656,0.0031895878339849,0.0343197978106735,SPY
2012-01-20,0.3245408577215891,1.138851210833845,0.7156287661187274,-0.3695196509479383,-1.1428958316025846,-1.1602338119296507,1.2118288046806593,1.5038429206121386,-0.7826512801905708,1.4099597987387449,-0.0025801387179642,-0.0009855938715279,0.0332422808650099,SPY
2012-01-23,-0.2799044977543668,0.6057899734646777,0.7767407765202252,-0.3455441594540779,-1.1378169945105743,-1.1553859487299014,0.9653529980499017,1.6631405642317643,-0.8651854540253133,-1.4450813365136754,-0.0011400840776918,-0.0018251158559552,0.0362618583369878,SPY
2012-01-24,-0.14174824480562176,0.03116034523877008,0.8971276837942029,-0.36415225836895293,-1.13333714103092,-1.151352550683406,0.8065297654256024,1.2840929172959692,-1.1543819894205645,-0.7313210527005704,0.0083327744758063,-0.0010657334720747,0.0341728157375902,SPY
2012-01-25,0.7670607724808384,-0.3249495929840845,0.6656114325085375,-0.3698027778455964,-1.1288703263560886,-1.1473321879492204,1.0724254459765896,1.434174748058119,0.09050772676108819,-0.01756076888746522,-0.0051431866418214,-0.0006793453483524,0.0302410623260946,SPY
2012-01-26,-0.5257987071721355,0.47462889959536836,0.5426458579013513,-0.32850902018578343,-1.1253802262891184,-1.1438201132865604,0.7487059026584022,0.9760457784036183,-0.08536495445233669,0.6961995149256399,-0.0004549589098568,0.0060477477764893,0.0375772676973422,SPY
2012-01-27,-0.07601856806845372,0.18132548399642254,0.06212481614073688,-0.5258687644280806,-1.1223720022860229,-1.1392654618701137,0.6081093825072407,1.1287842113106137,-0.731276474818799,1.4099597987387449,-0.0034196607023915,0.0204240916852205,0.0397106603304067,SPY
2012-01-30,-0.3604467274676996,-0.46254315941124363,-0.1306778235858708,-0.5522707473382714,-1.1190772298756828,-1.1358445834744373,0.3667025144191798,0.8138157017796144,-0.5675733696524032,-1.4450813365136754,-0.0003807016938113,0.0231748439449486,0.0460424268393211,SPY
2012-01-31,-0.06889446427659268,-0.3362620969578547,-0.1694454907492867,-0.5936435634588416,-1.1164987394379584,-1.132052325975887,0.2509735971342714,0.5006766606166894,-0.40040067999780676,-0.7313210527005704,0.0087191625995286,0.0260811067914854,0.0424902422832413,SPY
2012-02-01,0.8041301543393429,-0.3308213432549204,-0.1343785311530786,-0.7429186129775277,-1.1142849030285613,-1.1288138783035706,0.5523532840072233,0.7804934602916828,-0.24020633314399353,-0.01756076888746522,0.0015839064830203,0.0203250323921704,0.0389391361986861,SPY
2012-02-02,0.11958651181482643,0.5585783857723504,-0.11653579867647595,-0.7429309390868442,-1.1126961787243064,-1.1255689320697948,0.5379185967232892,0.7577581732683275,-1.0268798608187002,0.6961995149256399,0.0139213849988744,0.0199980082918385,0.0343011829883215,SPY
2012-02-03,1.3032220176617604,0.7025233083285916,0.1941096782481971,-0.600423375423319,-1.1093233006928842,-1.1213335757910683,1.0484368357240519,1.4414182669755549,-0.28281915629963833,1.4099597987387449,-0.0006689084426634,-0.0013387735335435,0.0162927437404274,SPY
2012-02-06,-0.09654450156157673,1.0836850632398676,0.8579842711937219,-0.6159243822141007,-1.105624796002106,-1.116941795764617,0.9031748066537855,1.3249098531418604,-1.0626249708412616,-1.4450813365136754,0.0025255611527255,0.0067455317356275,0.0022286093854182,SPY
2012-02-07,0.20992716771768147,0.9186235136467673,0.98500923305568,-0.6159441171821235,-1.101288242167645,-1.1125304691345983,0.9009018615191922,1.1446694271975695,-0.6237550938698208,-0.7313210527005704,0.0029630882002136,0.0029630882002136,0.0066545002710451,SPY
2012-02-08,0.2519027259737553,0.08366262915937779,1.1192154037264819,-0.6541599846455659,-1.0978632979624303,-1.1085817942532217,0.9305630669307832,1.0877342356551412,-0.539194527758097,-0.01756076888746522,0.0012568823826883,-0.0046709859487341,0.0135913259113111,SPY
2012-02-09,0.08821240762301795,0.34977547631581396,0.8534098850863356,-0.656222081241031,-1.0933313528674131,-1.1045679300804956,0.8823933708573337,1.0194889490574948,-0.37526969971045004,0.6961995149256399,-0.0074153968265076,0.0050844539083607,0.0161945499959372,SPY
2012-02-10,-0.7437904668242834,0.25682062177771675,0.8383084801067731,-0.5678383086406945,-1.090023605256177,-1.1014077070118387,0.47057582338791343,0.6327632571551289,-0.059842564614904274,1.4099597987387449,0.0074153968265076,0.0151425565848608,0.0236827244037156,SPY
2012-02-13,0.6790492102653505,-0.5036008409038708,-0.14698704697714243,-0.5927904583634095,-1.0848275079662624,-1.097159264501613,0.6907999129500234,0.9339601759425948,-0.8908857944855575,-1.4450813365136754,-0.0012568823826883,0.0081665985123668,0.0341330954851732,SPY
2012-02-14,-0.15295366418195097,-0.05237250177178006,0.226332129573631,-0.582637095716273,-1.0797877109640068,-1.0933474222101038,0.5370341289836589,0.5962382144199625,-0.06433836210598408,-0.7313210527005704,-0.0046709859487341,0.0061943542179658,0.0343177364297471,SPY
2012-02-15,-0.4804966217009888,0.3988558373603107,0.05166545643656971,-0.6235371076090477,-1.0770659590434457,-1.0908778797469403,0.26732975575851226,0.6232623977196161,0.5044525512541855,-0.01756076888746522,0.0110123222397833,0.0152663612310108,0.0447620638771386,SPY
2012-02-16,1.02413176709131,-0.48670162548861967,-0.30086282894137073,-0.5511573567115639,-1.0726772754312663,-1.087887058454231,0.6791555927803931,0.9761914126123953,0.3609343212990761,0.6961995149256399,0.0026427058499924,0.0064470577206536,0.0351335561697112,SPY
2012-02-17,0.22116581934561455,0.4122510155701145,0.14962644046182205,-0.5541469753779529,-1.0702419828724534,-1.084980915772351,0.7225067473109192,1.2671041019453742,-0.6368559296860075,1.4099597987387449,0.0004394387540136,0.0054827855938688,0.0364030745953334,SPY
2012-02-21,0.00978833566338789,0.9481180713948402,0.6140921532019336,-0.5700415830826513,-1.0676114517025073,-1.0818141559528434,0.661178761777283,1.302678155278563,-0.5392505369620394,-0.7313210527005704,-0.0032291266770894,0.007955452646378,0.033048631757854,SPY
2012-02-22,-0.34216723566313845,0.17345322346077047,0.2919545252220302,-0.5545874516408276,-1.0659966370678224,-1.0788363636075455,0.4420926324218793,0.8654148504659342,-0.6896434745944025,-0.01756076888746522,0.0044010210643108,0.0072516930735764,0.0346388484534392,SPY
2012-02-23,0.3898554195312358,-0.25677021159442104,0.20087970909027322,-0.589964351134508,-1.0641213643563219,-1.076184377691225,0.5700715662263496,0.94360097980216,-0.4628735078860997,0.6961995149256399,0.0021930187294261,0.008018728524239,0.023007732675655,SPY
2012-02-24,0.17802364554240482,0.03349105555328835,0.619809236737872,-0.6356138752096588,-1.062076879760192,-1.072893833323957,0.5840810438598618,0.5789452233854351,-1.0271430685632799,1.4099597987387449,0.0016784337232076,0.0027716630674685,0.0240422672924776,SPY
2012-02-27,0.12865528527705636,0.43076635443160205,0.21254911795026046,-0.6412771400516619,-1.0584305302887027,-1.0694143214824787,0.5706071637823631,0.6943430781715763,-0.2640626637030012,-1.4450813365136754,0.0029121058065229,-0.0029938249047587,0.0363016845641048,SPY
2012-02-28,0.24701156679014782,0.23128503872225817,0.1680207058781767,-0.6723371304486165,-1.05556558048923,-1.0653809425306788,0.5981516447775175,0.7100477717717317,-0.569170502660424,-0.7313210527005704,-0.003932886249891,-0.0206389735089542,0.0302775936410615,SPY
2012-02-29,-0.4096846637078736,0.28397184662856834,0.2822041758477144,-0.6405872374019569,-1.0531823668249956,-1.0616668077974103,0.33052384434226567,0.30075471032496454,0.6049472078815998,-0.01756076888746522,0.0051680565149734,-0.0097546352207107,0.0292392650691235,SPY
2012-03-01,0.4634434215270152,-0.12716408800273854,0.2497057810617196,-0.6763015881650283,-1.0490541667312014,-1.0582394053806803,0.4733934007807695,0.4567282932858825,-0.22344380566583788,0.6961995149256399,-0.0030540467273443,-0.0050227778952045,0.0223612158808386,SPY
2012-03-02,-0.32537038008086555,0.038127217331386326,0.2851261459901183,-0.6517806204475257,-1.0474132999284425,-1.0552224943686543,0.2629820458272707,0.7688300820116225,-0.7156425406970571,1.4099597987387449,-0.0040870542490196,0.0018913752994542,0.0295429518150287,SPY
2012-03-05,-0.424475264347988,0.10251893090777074,0.04282577627258064,-0.7956370250008767,-1.0469706038829603,-1.0537824806171696,0.04737023549869239,0.15921587155824993,-0.26879115214936977,-1.4450813365136754,-0.0147330427976726,0.0060512071297447,0.0409183672666957,SPY
2012-03-06,-1.4458322640649774,-0.5755939965874993,-0.22341444481520617,-0.5562943194027937,-1.0492104924604313,-1.0535870209463987,-0.5994268017051753,-0.6065310099373021,1.0948029335910692,-0.7313210527005704,0.0069514520383524,0.0386500178353825,0.0515534128357773,SPY
2012-03-07,0.6345391814691533,-1.4313026334054861,-1.038236761354198,-0.5196053662922062,-1.0496533284345508,-1.05300061647449,-0.31210881551882663,-0.07307484057995355,-0.16934943205124625,-0.01756076888746522,0.0098999138404796,0.0306263243589155,0.0346421150233906,SPY
2012-03-08,0.9174093053884405,-0.622522057507192,-0.53561692306551,-0.4475545940195772,-1.0491194625215945,-1.0517951937903025,0.09121294806860239,-0.11494858273546076,-0.7598418516776374,0.6961995149256399,0.0038601064673144,0.0264997520170933,0.0242414040703904,SPY
2012-03-09,0.3379610456676391,1.1823106197793725,-0.3171079700389422,-0.43954272540218015,-1.0482860093965705,-1.0503552054984115,0.22541143055605084,-0.06427726200340664,-0.5998804804311034,1.4099597987387449,7.27775812707776e-05,0.0240234600821347,0.0090867926727797,SPY
2012-03-12,-0.02538847798748768,0.9558107486777098,0.002175616024918969,-0.5001305688956533,-1.047739066516436,-1.0482570739626158,0.17662310762263841,-0.07896656801903332,-1.043049792933762,-1.4450813365136754,0.0178657679079652,0.0278629067764786,-0.0079134284938637,SPY
2012-03-13,1.6816390219026374,0.23578607176590866,0.19426942517334464,-0.30772120099367023,-1.0444833341958513,-1.045194564817098,0.893255894948899,0.6552015702462537,1.0350998541946463,-0.7313210527005704,-0.0010722414381145,0.0070821347850476,-0.0177173890531703,SPY
2012-03-14,-0.1352395439466189,1.261967208136198,1.6996258861140117,-0.3085340752598751,-1.0407199153382358,-1.0421190712784587,0.7682860002059506,0.48710916053142084,0.03459837793236429,-0.01756076888746522,0.0057733414986573,0.0065154662416579,-0.0036644474104932,SPY
2012-03-15,0.521513374550528,1.1780727827670303,1.329105656880061,-0.33152863815501826,-1.0368261084323984,-1.0381052262004282,0.925940941502893,0.5835588992438311,0.6219344405809135,0.6961995149256399,0.0013838145323559,-0.0064879699704727,-0.0213971184690944,SPY
2012-03-16,0.10039004983629377,0.29207250875205576,1.138547713144194,-0.3960381631817087,-1.0321315917026213,-1.0349352902965245,0.9086309974815818,0.5771965184407322,0.29675943803303356,1.4099597987387449,0.0039122242756146,-0.0046442311565799,-0.0234373427546534,SPY
2012-03-19,0.3429611344873902,0.47202533121934925,1.0241968523988199,-0.3929518105753356,-1.0259884065135587,-1.031640016809605,1.001608985347624,0.6044836086532562,-0.46958397770259197,-1.4450813365136754,-0.0029150040834657,0.0053813955626402,-0.0126463353639794,SPY
2012-03-20,-0.31203087882782937,0.3356630897819585,1.2014958324124771,-0.3767836047792036,-1.017776961580841,-1.0286521233702468,0.7967444045540167,0.651771749242903,-0.5545948492923701,-0.7313210527005704,-0.0016389099815041,0.0051844145295856,-0.0131165222714431,SPY
2012-03-21,-0.18960470512121255,0.020692847860368613,0.24187587378541742,-0.387395066164839,-1.0110904207730682,-1.0255280592904739,0.6463264109792115,0.43225781758578397,-0.5363188014676966,-0.01756076888746522,-0.0072300947134733,0.0018521096892607,-0.01791846472155,SPY
2012-03-22,-0.7260129152756414,-0.38603333813612883,0.2157081046386739,-0.33453117013502565,-1.007483085949764,-1.0234559920144004,0.2750041642934705,0.2242803514419431,-0.16486479315439637,0.6961995149256399,0.0032275533462486,0.0073722117294225,-0.0090197827999523,SPY
2012-03-23,0.27727503657221064,-0.7021958146465012,-0.3847679953368158,-0.33205673007065983,-1.0039773774793623,-1.021284874186483,0.36442768748153115,0.5077950492664035,-0.6691671494798213,1.4099597987387449,0.0139378509948349,0.0082723475900197,-0.0206923359647577,SPY
2012-03-26,1.3048017357081128,-0.34563479902153965,-0.2996273391072743,-0.21664612435654274,-0.9979210116492383,-1.0179808807884962,0.9031323878910592,1.5995641163318095,-0.681773024588452,-1.4450813365136754,-0.0031119851165204,0.0016228577978321,-0.0308355509302149,SPY
2012-03-27,-0.3309288849643621,1.2053199112307549,0.16333869032972131,-0.20146102773109573,-0.9956698651768716,-1.015225490729698,0.696217784412855,1.2989998177407027,-0.6883202629195353,-0.7313210527005704,-0.004971214821829,0.0006368456857615,-0.0141248263209909,SPY
2012-03-28,-0.5093000399698745,0.7408281190112392,0.15424244833889844,-0.19272013388217393,-0.9941388932373905,-1.0125764199369311,0.41058994849539404,0.7846798798649081,0.2247688066903682,-0.01756076888746522,-0.0017099926733115,-0.0043517852664436,-0.0022091906440415,SPY
2012-03-29,-0.19642425076551057,-0.6446206675148328,0.00036239834249166453,-0.19699318473401467,-0.9939767795508977,-1.0105470229409983,0.2855984220276914,0.5787096326844966,0.8097122458668645,0.6961995149256399,0.0041276892068458,-0.0031425897056527,0.0011405739601739,SPY
2012-03-30,0.3636324525806611,-0.5418980503324048,0.2552711232725149,-0.20475613537924334,-0.9933097779001168,-1.0078643645783776,0.4028018130249394,0.6913175199125807,-0.20728454015527262,1.4099597987387449,0.0072883612026473,-0.0185647838427946,-0.0066982081555675,SPY
2012-04-02,0.6668616409240751,0.12476976221153027,0.2968378339635904,-0.2073653911943451,-0.9920148655714516,-1.004142681075382,0.6355087092746063,0.3787759121072894,0.368695562967697,-1.4450813365136754,-0.004097997228591,-0.0427805886308148,-0.0077856405807548,SPY
2012-04-03,-0.4255251141324332,0.7840703632593611,-0.010224055840182765,-0.3975123380022698,-0.9909424270550173,-0.9994974507871145,0.3409530766322082,0.19693443731834803,0.5047028982043601,-0.7313210527005704,-0.0099598457740341,-0.030620784053565,-0.0066759000726452,SPY
2012-04-04,-0.9879003238941123,0.18138235102149838,-0.05575638267487088,-0.2999234576533751,-0.9914002735556636,-0.9963808972876769,-0.17150855839570062,-0.5298830681721555,0.17138079107825094,-0.01756076888746522,-0.0005007971125206,-0.0076802380749683,-0.0043710156332563,SPY
2012-04-05,-0.08041620281426995,-1.0823769302294424,-0.2861226958192881,-0.35198092094213945,-0.9906285544011787,-0.9941898191377849,-0.24557148332268966,-0.614175361529239,-0.1798121819523594,0.6961995149256399,-0.0112945049302961,-0.0191387705223915,-0.0201601411670102,SPY
2012-04-09,-1.115945123609498,-0.8188135906111863,-0.23028414494655494,-0.24706614329444154,-0.9924989168895942,-0.9933715668698709,-0.7545538783740892,-1.2037172347382923,-0.5499573716503728,-1.4450813365136754,-0.0169274435853727,-0.0085006753452985,-0.0081357766641332,SPY
2012-04-10,-1.6563591300726956,-0.9166027636140937,-0.942454285012823,-0.049741653418899925,-0.999967506129429,-0.9940781788165326,-1.461606781074061,-1.552054195992796,2.987716382663782,-0.7313210527005704,0.0080618073486586,0.0231299999063629,0.0047715789354292,SPY
2012-04-11,0.7410646735050862,-2.120167109053619,-2.060698092239192,-0.2319165807285947,-1.0054217717548242,-0.9956808730110548,-1.0810838128046143,-1.1799012864591911,0.3314866786951506,-0.01756076888746522,0.0129807002045625,0.0116830015667748,-0.0092397288982359,SPY
2012-04-12,1.2129744098602886,-0.7019490109990477,-1.4991794359474415,-0.10510815322075112,-1.0076191856305385,-0.9960143300481358,-0.5143778253976635,-0.5409707558306391,0.32572795153869766,0.6961995149256399,-0.0119593295599438,-0.0077385510693988,-0.0201597972923126,SPY
2012-04-13,-1.1797272032136368,1.4893914773553312,-0.43982486567735046,-0.04775002996832823,-1.0116607826187418,-0.9979554459006386,-0.9841323599863265,-0.9485220712607652,0.8184607881065793,1.4099597987387449,-0.0006564097532031,0.0058893656986693,-0.0112193538387037,SPY
2012-04-16,-0.09534539976757926,0.02246232792844222,-0.9689599929795141,-0.05165756972881652,-1.0165787399404238,-1.0000824295217392,-0.9623853659412908,-1.4771382965645696,0.09370356387215159,-1.4450813365136754,0.0147032316662887,-0.0018992243666842,-0.0216854920547024,SPY
2012-04-17,1.378230981161917,-0.976715401203944,-0.4777112338899951,0.08496261286602753,-1.020188797011759,-1.001240821970252,-0.2994958206320643,-0.8732840676209496,0.09011946535996435,-0.7313210527005704,-0.0033851909909294,-0.0128078200035952,-0.0421466122485654,SPY
2012-04-18,-0.3571397653270635,0.9768244222180774,0.9829384132386865,0.08636705817696193,-1.0236549056778559,-1.0024385049377558,-0.41818735704642507,-0.8328176037148278,-0.7076539336460933,-0.01756076888746522,-0.006440852431611,0.0041761104800377,-0.0425934741116176,SPY
2012-04-19,-0.6502944298227652,0.7768892857518784,0.4543359110039693,0.10494442113792256,-1.026453885485321,-1.0040680717341213,-0.6584609799019991,-0.9440643874053872,1.7171446093008718,0.6961995149256399,0.0016685872081243,0.0175613837667691,-0.0510949585792248,SPY
2012-04-20,0.1277106283241405,-0.7723171076081093,-0.4425176584824441,0.08269526035391142,-1.0288604545111688,-1.00488607577099,-0.566905191838679,-1.025376942458798,-0.08767253921570278,1.4099597987387449,-0.0084449998185567,0.0175325684895488,-0.0613593262273726,SPY
2012-04-23,-0.8425687266404617,-0.4020317142873752,0.1867958689716424,0.10851119123155135,-1.030730893324296,-1.006757801499075,-0.8867725798822971,-1.4549507715161263,0.9058127630586672,-1.4450813365136754,0.0037946360293776,0.0222664753992098,-0.0358722215937321,SPY
2012-04-24,0.3316799295687731,-0.5488736361562089,-0.1728676930634741,-0.01707598868260887,-1.028886583003954,-1.0095719332069513,-0.6566440124589327,-1.2398093567467199,-0.279626184366038,-0.7313210527005704,0.0135987394927035,0.0246727681472922,-0.0379256314023468,SPY
2012-04-25,1.2722679879209924,-0.39310011523986665,-0.6766076935835899,0.11251374320808327,-1.0260220911527484,-1.0108677374511041,-0.03398821969469979,-0.5825970104095993,0.15885104784733883,-0.01756076888746522,0.0069444208551203,0.0080857719341072,-0.0509949761636887,SPY
2012-04-26,0.6338646223920344,1.2220231370346284,0.10768071854803021,0.13192664864781897,-1.0242301268634737,-1.011070605863833,0.2762904411006359,-0.38566109862681575,-0.3104948067732342,0.6961995149256399,0.001639771930904,-0.0065136102556584,-0.0559754818481268,SPY
2012-04-27,0.12494614243790851,1.4528047952589929,0.7257893914559302,0.13189397978331557,-1.019979209354928,-1.01096587145755,0.3461608620239282,-0.022247936993387302,-0.48341419745918035,1.4099597987387449,-0.0037110929088957,-0.0244433048328369,-0.0608650443900771,SPY
2012-04-30,-0.3884062093604068,0.5765829206702201,0.7244587520001211,0.12872908583704112,-1.016290779526022,-1.0115810707306756,0.1973638970355343,0.44015587205122525,-1.0267807135922102,-1.4450813365136754,0.00620092877746,-0.0200023523513603,-0.0451146897494743,SPY
2012-05-01,0.5625353292707719,-0.20413616705742837,0.9430623512632504,0.11971320988252432,-1.0141195323054493,-1.0123009853153888,0.48894298805010705,0.40295032732084834,-0.1925381001785062,-0.7313210527005704,-0.0029882567204815,-0.0302233691146307,-0.0659321927232188,SPY
2012-05-02,-0.31905860511382855,0.13005534084070677,1.0541807711329068,0.11557916906541407,-1.0118827857619204,-1.0129161018448325,0.3716291830284732,-0.06273335404463012,-0.8254462104478902,-0.01756076888746522,-0.0076549613346452,-0.0331846128791557,-0.065146862294604,SPY
2012-05-03,-0.766773854994568,0.183016842472006,0.28822209421718453,0.09238063733680604,-1.0098816663225114,-1.0133153146492366,0.04405188500556078,0.1127842377644015,-0.03450107290893302,0.6961995149256399,-0.0162899226462744,-0.0234690197340246,-0.0829911965434595,SPY
2012-05-04,-1.5951965174474378,-0.8321906949166298,-0.38595201917477695,0.23276503463731052,-1.0111243089448207,-1.0151412131074804,-0.6216958674422132,-0.464513599615718,1.6479488560168267,1.4099597987387449,0.0007298595725808,-0.010197983194085,-0.0671697518382572,SPY
2012-05-07,0.037650786815909394,-1.8067907674080184,-1.213914174548151,0.17122162976940683,-1.0107187575921004,-1.015874175734301,-0.5726240634534944,-0.9738308381388239,-0.595742992881117,-1.4450813365136754,-0.0040200879858103,-0.0220503907358677,-0.0603560260403117,SPY
2012-05-08,-0.4180506414619938,-1.192443127826719,-1.008838701976843,0.011909446298523092,-1.0117128742341053,-1.0154487777371013,-0.7563839067546717,-0.991155952805264,2.18432882683013,-0.7313210527005704,-0.0059495004850065,-0.0237881912776316,-0.0341162566557713,SPY
2012-05-09,-0.603155007523408,-0.29344432449953767,-1.4808275042956642,-0.00856088013409918,-1.0162254328524887,-1.0162733949036038,-0.9925098997713492,-0.9738583968442446,2.2599455370645702,-0.01756076888746522,0.0020606318104858,-0.0216707436466068,-0.0275606498466745,SPY
2012-05-10,0.16532268257285987,-0.7828345131147827,-1.6175725982685873,-0.12612935500383984,-1.0216404421347798,-1.0180862007654496,-0.861060535993543,-0.9585276685328326,0.09586445591668277,0.6961995149256399,-0.0030188861063349,-0.038673712356311,-0.021701126273526,SPY
2012-05-11,-0.32199713332052676,-0.3373061118354641,-1.168923380818315,-0.2094487187452072,-1.0278925935698016,-1.0190875266114807,-0.9669100519347621,-0.7834576441086826,0.1974250542802775,1.4099597987387449,-0.0111225479692018,-0.0442506066899994,-0.0314606755286517,SPY
2012-05-14,-1.0994478819432043,-0.12258285823462665,-0.5560899624714699,-0.1355095072440266,-1.0354264786000287,-1.0210116163602576,-1.396073320433079,-1.2747616791198382,0.5626218274102498,-1.4450813365136754,-0.0057578885275741,-0.0160859539057138,-0.0089129774549912,SPY
2012-05-15,-0.5847721008484035,-1.0885015665098732,-1.10341355755093,-0.3148497867397269,-1.0451054314749029,-1.024768128588332,-1.5518403889911196,-2.110145714610997,1.8639757557375498,-0.7313210527005704,-0.0038320528539816,-0.0085868391573766,-0.0095704714465618,SPY
2012-05-16,-0.40001088900422427,-1.2891855991104506,-1.1836621683666015,-0.31382583835322164,-1.0549021660998736,-1.0285508005496076,-1.6249959132883616,-2.62211498570631,1.7586264357475514,-0.01756076888746522,-0.0149423368992183,-0.0042253915720333,0.0048063207848647,SPY
2012-05-17,-1.465911563853462,-0.7550181416332639,-1.0858821143379611,-0.20871911246754407,-1.0658760694657683,-1.0330403708779812,-2.147163137970988,-2.865234470036522,2.705561793338627,0.6961995149256399,-0.0085957804400234,0.0126808604978672,0.0299238774499164,SPY
2012-05-18,-0.8570343483582473,-1.427953704647284,-1.8710496786840611,-0.1991873574966837,-1.0753719956832934,-1.038413459144401,-2.37989741155009,-2.895293585250173,3.83649202610246,1.4099597987387449,0.0170421048150837,0.0180268503268443,0.0404561108211503,SPY
2012-05-21,1.602618265729693,-1.77698737280481,-2.1285809730925815,0.02708589098852088,-1.082081980898176,-1.0415679092500376,-1.5925377141439279,-2.36192135558548,0.5327862368357231,-1.4450813365136754,0.001741226220763,0.0130240072434677,0.0330402052355536,SPY
2012-05-22,0.13467948459070622,0.566481436835828,-0.8279862237374348,0.015371453270862675,-1.0877716955366987,-1.0449121924560931,-1.439446786494439,-2.2447974628171616,0.9642184563768562,-0.7313210527005704,0.0005293947313615,-0.0033337931735797,0.0296764431548952,SPY
2012-05-23,0.018418550388002216,1.3238638201515376,-0.48169012908289893,-0.1425514540060076,-1.0923103953686524,-1.0494410278438624,-1.3088714072650083,-2.1135840093149234,1.0980344268437325,-0.01756076888746522,0.0019639151706822,-0.0060661141968081,0.0064526166789988,SPY
2012-05-24,0.15604386204801418,0.11399367798996202,-0.28028605453133465,-0.1918820663460334,-1.096875223693392,-1.0544344817339377,-1.1051540458677118,-1.712259654500661,0.2413463862090638,0.6961995149256399,-0.0032497906110462,-0.0335293249509911,0.0121607367702507,SPY
2012-05-25,-0.344149696332903,0.13030987988114326,0.5004153033655901,-0.20656601708112676,-1.1014661932317025,-1.0598598831018604,-1.1130313236462677,-1.819831260780772,-0.49036252317011786,1.4099597987387449,0.0120392617317071,-0.030748012281017,-0.0007541062745684,SPY
2012-05-29,1.1226544954944784,-0.1465873395511201,0.7472838287802909,-0.06066622214733541,-1.1020024760938456,-1.063897825685949,-0.4963069638780584,-1.165096958689557,-0.10222268809766924,-0.7313210527005704,-0.0146165741962844,-0.0352436886421978,-0.007779926941188,SPY
2012-05-30,-1.4346584758600167,0.5916234637821629,0.5162612241019298,-0.022406732585562892,-1.1040691584601363,-1.069774803878969,-0.982509674950556,-1.363012971459539,0.109860342681778,-0.01756076888746522,-0.0022029262918668,0.0015925669528167,0.0158126030176672,SPY
2012-05-31,-0.24371541582795855,-0.24120966914788575,-0.2391135890142305,-0.02172779715994797,-1.1058480203406629,-1.0755667024725484,-0.9353870398762372,-1.4925161313561415,0.9011005774923756,0.6961995149256399,-0.0254992955835007,0.0044015995687738,0.0151580856788928,SPY
2012-06-01,-2.4787271984597155,-1.2847208772662562,-0.3652874283859086,0.24792469594296548,-1.1093795392842205,-1.0828245517793635,-1.8418041641177363,-1.8508589711103693,2.089008285167088,1.4099597987387449,-0.0004684779410721,0.0378210505359088,0.0652784865003885,SPY
2012-06-04,-0.07731555961583671,-2.082087245663631,-1.6334908030518038,0.1662775759716189,-1.111524607128867,-1.0886491723165896,-1.720782792273052,-1.6904951351447848,0.9301459987175217,-1.4450813365136754,0.0075435853705263,0.0255110931155204,0.0687547532154582,SPY
2012-06-05,0.6913473886936556,-1.955005908795954,-1.505054614521848,0.22234161020759882,-1.1153177290199068,-1.0939044463101255,-1.273037421042636,-1.3205686437330038,0.06021168519754873,-0.7313210527005704,0.02221968139873,0.0293926578494527,0.067782716353645,SPY
2012-06-06,2.099345653807432,0.46601371030859123,-1.7126571408137448,0.5304511940047417,-1.1156185501481375,-1.0969018361781784,-0.24093227328989145,-0.6039157481297772,0.4878741592115502,-0.01756076888746522,0.0006061063240903,0.0007575939315778,0.041040423738166,SPY
2012-06-07,0.025778122665854435,2.12835298875874,-0.011622834454011112,0.5233780560498597,-1.1159062815884055,-1.0993167614465496,-0.15349487334552545,-0.21933825802491522,0.5005373022799722,0.6961995149256399,0.0079201553836343,0.0106962269849324,0.0308854042816735,SPY
2012-06-08,0.7274748386729286,1.6200506738995593,0.11809341303758122,0.5579808309564283,-1.1151607290890613,-1.1012277522340301,0.24275161927695926,0.21020674280615287,-0.43064106616820963,1.4099597987387449,-0.0127784353614606,0.0129512913671314,0.0217097778418713,SPY
2012-06-11,-1.258310741047127,0.5723383671364399,1.6613456159704305,0.617578633586337,-1.1160632179153247,-1.1039764273248172,-0.2476743748662062,-0.5678239486884691,0.15672354686471987,-1.4450813365136754,0.0114251501044586,0.0276661796598025,0.025729726728592,SPY
2012-06-12,1.0637377301578101,-0.4083339313391547,1.0928931621672198,0.6414668977893977,-1.1170834376085441,-1.1047552299512762,0.27331249143035913,-0.3175800681331714,0.42275793234261544,-0.7313210527005704,-0.0064153825191448,0.0258672287848309,0.0144535124132856,SPY
2012-06-13,-0.6478508922160275,-0.1515263909863718,1.2721370800986762,0.6448229112462625,-1.1166779371389643,-1.1055864093282242,0.012307988983274523,-0.4891864170942734,0.18529137948768035,-0.01756076888746522,0.0105447393774449,0.0306600754440804,0.0160121270789144,SPY
2012-06-14,0.9792727079992862,0.31468827685927686,-0.05018043839800243,0.689703262473284,-1.1140620221512045,-1.1051675862712669,0.46650942277952295,-0.29494070455128457,1.4655687023992763,0.6961995149256399,0.0101752197658333,-0.0025790956778992,0.0221059975553394,SPY
2012-06-15,0.9438216608628546,0.2501814426659801,0.40876837463947285,0.6158861606737505,-1.1053312766045753,-1.102566131284845,0.8522186332658706,-0.015300711451888499,0.061761039391540686,1.4099597987387449,0.0019364529312104,-0.0050822801817984,0.0095706854558113,SPY
2012-06-18,0.1534091841705919,1.4657586703470848,0.5129033312252771,0.5661339091886606,-1.0961801727112621,-1.099060631562427,0.8480009127989369,-0.2127161719022957,-0.8082045583255711,-1.4450813365136754,0.009626199229487,-0.0231833667688743,0.0144779996680446,SPY
2012-06-19,0.8911496177526242,0.8350379289504327,1.1924113158390128,0.48465522080576706,-1.086588598909875,-1.096159351663069,1.2047161952206848,0.3762567751599832,-0.6818494484428962,-0.7313210527005704,-0.0016225358598953,-0.0277961249332738,0.0122312080993367,SPY
2012-06-20,-0.18803380133497086,0.7948117304045186,1.1093388888413918,0.48958984209845285,-1.0810793922132331,-1.0935533139496632,1.0640408396329246,0.3919595081718609,0.8809401794714724,-0.01756076888746522,-0.0226944317445347,-0.0171976333108077,0.0164712778421067,SPY
2012-06-21,-2.2096336049349072,0.5340480972507196,1.3306642233742658,0.7450206973365093,-1.0796717101238371,-1.0929929419129838,0.04198804339158978,0.45111020512609085,0.8262837062246291,0.6961995149256399,0.0076720352619341,0.0026393548030858,0.0299748459920605,SPY
2012-06-22,0.7036706403205648,-1.8340529711401783,-0.2042629694184088,0.7665307314004342,-1.078296376991185,-1.091931747830824,0.3529856168272085,0.5886001137412712,-0.9150021443390306,1.4099597987387449,-0.0161646336558654,0.0195884247791466,0.0121394015799261,SPY
2012-06-25,-1.5831765169790082,-1.1530488217616912,-0.31985568229058514,0.875360158264527,-1.0775241362845074,-1.0919969180274773,-0.3541927325560672,0.019684859016495235,-0.5275020607130682,-1.4450813365136754,0.0050134410650874,0.0387608472090095,0.0196804108746935,SPY
2012-06-26,0.44860989326575873,-0.6746168925526455,-1.1557324230082655,0.8241646140615406,-1.0778591636041208,-1.0926750215933587,-0.11847888147141951,-0.32620102762841474,-0.6408076796893293,-0.7313210527005704,0.0089759557625708,0.0403189546526352,0.0148908959259035,SPY
2012-06-27,0.8287664286838051,-0.8694094930755402,-1.3687415836257324,0.7634001373981386,-1.0755178776478802,-1.0913006554059215,0.24089593538930526,-0.14269161957936496,-1.3736557940127863,-0.01756076888746522,-0.0028574436306412,0.0268203876733155,0.0222777979148327,SPY
2012-06-28,-0.3065086324783703,0.9726169422879395,-0.8793216479056349,0.7652660905062537,-1.0755073575585263,-1.0899865075240351,0.08181901789615323,-0.3858418490266331,0.00998887975319351,0.6961995149256399,0.0246211052379949,0.0201289181715544,0.0433998793046805,SPY
2012-06-29,2.329733939151848,0.39592490703286,0.03671601041569625,0.6569807678318621,-1.0729303936150256,-1.0843286473298424,1.0307476247706508,0.4245015819530178,0.9564518460718641,1.4099597987387449,0.0030077887739974,-0.0057476581226083,0.0187787740666856,SPY
2012-07-02,0.2561912186502974,1.5422297306505173,0.8193946248531859,0.6504448612427028,-1.0701562575010415,-1.078361803133644,1.0123327898296615,0.28945569749980876,-0.905439249999318,-1.4450813365136754,0.0065715485087132,-0.0175139333713456,0.0087524560266887,SPY
2012-07-03,0.5980919199075878,1.9719695811797269,1.704743794100224,0.6472381261337535,-1.0679079859261287,-1.0724376865016736,1.1556506022473048,0.5894806996428018,-1.9289220905389413,-0.7313210527005704,-0.0045226112167489,-0.0239365460909066,0.001308819844012,SPY
2012-07-05,-0.46626181669423433,0.6494961861228681,1.7766944897339163,0.49374853217058967,-1.0661856806565675,-1.0688193689517647,0.8603499486763624,0.27279627772160836,-0.9047920922469935,0.6961995149256399,-0.0095489131324022,-0.0242707027276738,-0.0010968042189558,SPY
2012-07-06,-0.9484761851187573,0.09775113269768834,1.1533541108701872,0.5546262592373011,-1.0621756566572114,-1.0661085968320758,0.3672498818200138,-0.20784230977704435,-0.35097816389341113,1.4099597987387449,-0.0012554710561678,0.0019168202585984,0.0280906876436768,SPY
2012-07-09,-0.1528182640531596,-1.0833793491287222,0.8443536709884519,0.5370972349971117,-1.0597301747494594,-1.0641968358918656,0.2638726053552533,-0.2851031085278745,-1.352367494058239,-1.4450813365136754,-0.0087584864747398,0.0008121989810714,0.0312818669789711,SPY
2012-07-10,-0.8726440727811443,-0.8439991801254203,-0.35058167997222306,0.4909348399273197,-1.056022574697269,-1.0619553286504524,-0.17636477675126155,-0.7404162401871528,0.036252287375092056,-0.7313210527005704,0.0001489357891522,0.0164144525992551,0.0450414835284895,SPY
2012-07-11,-0.018081996456898945,-0.7860853908185383,-0.8939278353529673,0.4379416415764826,-1.0531564673063436,-1.06068889204839,-0.20117969044277678,-0.6992145551440603,-0.5271336915045116,-0.01756076888746522,-0.004856767853516,0.023644924470882,0.0461033100954786,SPY
2012-07-12,-0.498320203607223,-0.6831858727512339,-1.1905129359817694,0.42799789050729065,-1.0527094843562517,-1.0592937699266538,-0.4469512311282237,-0.21970889836404459,-0.48513928085876284,0.6961995149256399,0.01663860985387,0.0311192262072728,0.0518141717427109,SPY
2012-07-13,1.563907684640604,-0.39731075964136653,-1.2059437091061618,0.5036331825864039,-1.048817865425467,-1.0573413181897637,0.2325966042922423,0.006376120333704488,-0.7902473336233553,1.4099597987387449,-0.0023600923336948,0.0052897527588218,0.0368097087079926,SPY
2012-07-16,-0.25879364329412957,0.8108715559038401,0.0033506200455247956,0.46561033894070597,-1.0496988306831845,-1.0564927180853778,0.10759561822967795,0.4841195353494788,-1.4238876463013208,-1.4450813365136754,0.0068437671434438,-0.0025135640576836,0.0386727854441115,SPY
2012-07-17,0.6242080862706146,0.9938005330845816,-0.04765887205015529,0.4837947894170694,-1.0498960537368083,-1.055203348753699,0.377265998358567,0.5258975921226932,-0.5421767049341905,-0.7313210527005704,0.0073794076607791,-0.0179809555622254,0.0319710086955931,SPY
2012-07-18,0.6755964744143966,0.2761419729554606,0.6728261021242484,0.46658195016952886,-1.0499487305082902,-1.0541047736221258,0.6772485859789492,0.498233075479537,-1.0508627400016715,-0.01756076888746522,0.0026175338828746,-0.0251364371067071,0.0257278286366222,SPY
2012-07-19,0.21875086607989233,0.9897456263323157,1.0067167353098605,0.46566575836045193,-1.0487128299021322,-1.0526246228201384,0.7567146662079877,0.6675432319209618,-0.7001363135492771,0.6961995149256399,-0.0091908635945809,-0.0113911132380817,0.0304610985898632,SPY
2012-07-20,-0.9141255562384091,0.6800936425060387,1.3518670081678221,0.22547347334365986,-1.047424443336271,-1.0499735407194175,0.28265885916137207,-0.35418171135365656,-0.42338804060992796,1.4099597987387449,-0.0101634091502003,0.0160643881157058,0.0409892992611258,SPY
2012-07-23,-1.0074298281936145,-0.5339939504894436,0.1591067848141349,0.270253548915589,-1.0477268800042214,-1.0489012589839155,-0.1899739683373518,-0.8036124386688561,-0.3789645628443034,-1.4450813365136754,-0.0086236243610979,0.0262277972659061,0.0512228659879259,SPY
2012-07-24,-0.8597056440823636,-1.4704411651491816,-0.20123683301183115,0.15973688415463352,-1.0480029337636827,-1.0471842703054295,-0.606639112023411,-1.2941725329304,0.19621923456680407,-0.7313210527005704,0.0002239261162975,0.0278328923610047,0.0568176851017758,SPY
2012-07-25,-0.010887559304267398,-1.428880100455735,-0.915494109006073,0.1500967969316803,-1.0482658215104699,-1.0458817383634689,-0.6285870627838682,-1.1706903918703604,-0.7441200065718454,-0.01756076888746522,0.0163628577515,0.0267368785707438,0.0570173101127826,SPY
2012-07-26,1.5374525237454786,-0.6678101893485171,-1.2459218191269315,0.24728867107444547,-1.0447685087582956,-1.0439081933526546,0.035858662568833376,-0.29299187094405704,-0.17004884367831352,0.6961995149256399,0.0182646377592066,0.0034457855395269,0.0324412631630481,SPY
2012-07-27,1.7199058782569985,1.162924954211413,-0.6111866356811533,0.38247511410488133,-1.0409162860992516,-1.0400335295120715,0.7479017714574906,0.21715140057292945,1.4743349987583074,1.4099597987387449,0.0,0.0048197265105507,0.0202010719556691,SPY
2012-07-30,-0.03237062827946651,2.484750278427513,0.6566607322641248,0.0915763163627571,-1.036643336190753,-1.0383363356681967,0.705582154906439,0.5285126583354008,-1.2204862397489828,-1.4450813365136754,-0.0070185292659994,0.0067554347896772,0.0204136200682114,SPY
2012-07-31,-0.705715706642718,1.2858596703078702,1.125989315063973,0.12337712616149489,-1.0348683541497097,-1.0375468972961959,0.3744289051299826,0.2659287311060532,-0.9048313644671967,-0.7313210527005704,-0.0008720876739634,0.0187750941304551,0.0264421066499132,SPY
2012-08-01,-0.1160371516933138,-0.5666132870678674,1.2001098188347739,0.10066182618765343,-1.0345790707736484,-1.0374285101824394,0.3329532118515927,0.4034969590805798,-0.5459193111575074,-0.01756076888746522,-0.0069282352797168,0.0208579441605598,0.0280916888956319,SPY
2012-08-02,-0.6970530639486534,-0.6305102992921396,1.1494978055516032,0.11688292208325998,-1.0360121181087185,-1.037527153380773,0.03030673895383358,-0.24809089110153743,0.7256360114206287,0.6961995149256399,0.0196385787302304,0.0286402732339929,0.0277861794402767,SPY
2012-08-03,1.8517193046513627,-0.6238945470948214,0.07395558121981766,0.2605845574474447,-1.0322255983051938,-1.0349879025482618,0.8371950797523616,0.31185840322212494,-0.11938142176934295,1.4099597987387449,0.0019357082791264,0.0106358413229141,0.0129052421246349,SPY
2012-08-06,0.15333774358854813,0.8789019504185004,0.1374017890081304,0.2566180936333867,-1.0262697648404453,-1.0321592015875145,0.8532157400156811,0.21114552925407745,-1.5579460871289865,-1.4450813365136754,0.0050011300747785,0.0082031174462118,0.0100482451241514,SPY
2012-08-07,0.44742879899086074,1.5283544387911854,0.22678943541007313,0.19911108651701254,-1.0178685385134414,-1.0280937371819274,0.9758121265241761,0.16071137493007315,-1.0548696311324879,-0.7313210527005704,0.0012107623561412,0.0033439777663586,0.0041958403285962,SPY
2012-08-08,0.08378773520056133,0.4558828701713295,0.7818364280850729,0.19720801667786914,-1.0092832424247031,-1.0239295850237164,0.9264652683601389,0.1287192807001678,-1.3990844943971616,-0.01756076888746522,0.0008540937937162,0.0032694430120256,0.0230787920412822,SPY
2012-08-09,0.04956959461672032,0.40276679034829077,0.8780188249921574,0.16849122931795485,-1.0034457249830295,-1.0192588633165995,0.8489307439388089,0.49455301503543775,-1.3351980565860266,0.6961995149256399,0.0016341468191516,0.009766153054425,0.0261119296465368,SPY
2012-08-10,0.12440647933041522,0.09891749186978338,1.2373932652944482,0.04620953807660166,-1.0006058224096006,-1.015910430196664,0.8392568137573053,0.9877179431680623,-1.1094210154687096,1.4099597987387449,-0.0004970155975758,0.009469343311955,0.0187798793143842,SPY
2012-08-13,-0.08005341106968418,0.1299384580136891,0.4059798696449731,0.03866332586153343,-0.9978579292754691,-1.0123975217322887,0.7305738239614605,1.429797310593844,-1.4673781548594358,-1.4450813365136754,0.0001419903949253,0.0100365164861306,0.0220606915604371,SPY
2012-08-14,-0.018748325091108853,0.030943992354788286,0.29364090616109695,0.024436932564904142,-0.9938085471667275,-1.0094832765345048,0.6654089408164451,1.4287455091871857,-1.061291329524523,-0.7313210527005704,0.0011362276018083,0.0068657208439573,0.0252484836583679,SPY
2012-08-15,0.07663700488442496,-0.07838485166612776,0.06925427507411899,0.0026011258953376757,-0.9893908983266648,-1.0071281431234793,0.658342485139661,1.1638976741208678,-1.6677912808076112,-0.01756076888746522,0.0073508038361156,0.0061530443694532,0.0392338320453831,SPY
2012-08-16,0.6728522749062692,0.041281282590730606,0.06581238957059656,0.02365384525027115,-0.9823570546415674,-1.0043257610183978,0.9177934998331624,0.8851878637301502,-0.7597927665016592,0.6961995149256399,0.0013373370766815,-0.0094109486648967,0.0363075877678502,SPY
2012-08-17,0.0959310863060267,0.5694640035789038,0.3658191758762293,-0.052308197020143145,-0.9786362885767024,-1.0005694588319767,0.8855063572794171,0.9271870805337554,-1.179041725573028,1.4099597987387449,7.015757659978306e-05,-0.0047238391897508,0.0315682844901212,SPY
2012-08-20,-0.025639836524816755,0.5841990984071509,0.3521130174665889,-0.1525902269305406,-0.9752573936138844,-0.9958987880440483,0.7745219019298933,1.5645760396121446,-1.3916959499002264,-1.4450813365136754,-0.003028805247248,-0.0045814486538082,0.030680254681914,SPY
2012-08-21,-0.32294875786497135,0.05075325696940771,0.3783040895865851,-0.21971244479219254,-0.9733641973160482,-0.990747930211866,0.5147571439271473,1.3426126166704124,-0.7947069644209668,-0.7313210527005704,0.0004235511273043,-0.0025426860908579,0.0342549759843953,SPY
2012-08-22,0.008264105323079354,-0.2691497272995164,0.23188225385247999,-0.2204371220862971,-0.9716155473003535,-0.9855772966397672,0.4089186142302308,2.0988299527727845,-0.20351914237611324,-0.01756076888746522,-0.0082131891982344,-0.0021887426464068,0.0338994208352643,SPY
2012-08-23,-0.8203292325255751,-0.24325692694984408,0.1989720920326924,-0.28698569957709463,-0.9715498698864046,-0.9826236081654268,-0.02341838282156464,0.4082243571590434,-0.6435509056862069,0.6961995149256399,0.0060244465518275,-0.0012092981832445,0.0416940085547219,SPY
2012-08-24,0.5456039418611739,-0.623111676170164,-0.5197460748310504,-0.5035092036282632,-0.9706690572781091,-0.980761932612214,0.19695855491351663,0.6512578674693132,-0.8667145305517461,1.4099597987387449,0.0002125481125423,-0.0024761033204834,0.0341605890935845,SPY
2012-08-27,-0.01197914452672662,-0.21273953803275922,-0.3033034998162865,-0.5038536391834373,-0.9696566863093539,-0.9788804685892881,0.16146831805539125,0.36495771289331175,-1.5094811853709025,-1.4450813365136754,-0.0009900426842976,-0.0036099401543827,0.0232491290190699,SPY
2012-08-28,-0.12735354329996906,0.40460600647931116,-0.296728152169603,-0.5608457276225526,-0.9688547425692512,-0.9764530872143778,0.06023829319288395,0.1610709787553214,-1.3147457397652795,-0.7313210527005704,0.0007774945717553,-0.0034711721908617,0.0186019651879494,SPY
2012-08-29,0.04222080298829617,-0.10933876977322272,-0.2025816379248239,-0.5652115221857548,-0.9681186416133053,-0.9738743867404122,0.03323915425801479,0.15563637833629518,-1.474790484174868,-0.01756076888746522,-0.0072337447350721,0.0158450473062101,0.027201904670008,SPY
2012-08-30,-0.7263630917850389,-0.06794569441150465,-0.18623714438721425,-0.5603531267605353,-0.9700907576624755,-0.9713417299428391,-0.3425344280487115,-0.6546939958401038,-0.7737016899517902,0.6961995149256399,0.0047576414145886,0.0269660234402531,0.0297929865130432,SPY
2012-08-31,0.4240689347283606,-0.5254156463142873,-0.14100810017245277,-0.9331129836095603,-0.9714318209998186,-0.9701510356339867,-0.16307264470354177,-0.2516574772065949,0.4484099196370102,1.4099597987387449,-0.0009212887213569,0.0165104785126635,0.027671208979588,SPY
2012-09-04,-0.12075741171605416,-0.23379417399705363,-0.1995069612295404,-0.9325821010228453,-0.9729569032157562,-0.9692234725977046,-0.22509762571442482,-0.3314601540203262,-0.24190302606174424,-0.7313210527005704,-0.0008512747207767,0.0202155638824974,0.0296309012291473,SPY
2012-09-05,-0.11404039438657146,0.2287133136279311,-0.25186557697706624,-0.9611639101469943,-0.9740743987533425,-0.9688353474466421,-0.271325192237774,-0.47371624258040546,-0.6492332782325009,-0.01756076888746522,0.0200937140688273,0.0243966210961303,0.0345569205624487,SPY
2012-09-06,1.8953841706964536,-0.18224649416015168,-0.24545751343314717,-0.5380739142409807,-0.9715106008225157,-0.9666775959057621,0.5616535483836786,0.24337882418255183,0.6376697489769861,0.6961995149256399,0.0038872313989708,0.0194244830161265,0.0216058855691967,SPY
2012-09-07,0.3405633628397362,1.3575022378393242,0.6465319546315957,-0.5317390938748575,-0.9666854543495979,-0.9642304515207333,0.6760607715801791,0.3499624474240171,-0.47871044237901694,1.4099597987387449,-0.0056979035130009,0.0199618111757384,0.0177869480646304,SPY
2012-09-10,-0.579017246404171,1.7046879537917878,1.1600793176479194,-0.49025957057464076,-0.9640559408424673,-0.9624740450252853,0.3813578432069908,-0.004700996672988829,-0.9375509687840384,-1.4450813365136754,0.0027837966484769,0.022257748487692,0.0200576902390574,SPY
2012-09-11,0.23470181686892921,-0.18503867933454143,0.677260412028139,-0.48955208191305966,-0.9609399972303624,-0.9604084253914816,0.45557910088726716,0.2798171239573025,-0.8540112902724235,-0.7313210527005704,0.0033297824928562,0.0186560796076076,0.007337183923787,SPY
2012-09-12,0.2870827170882655,-0.26588626593161413,0.8483548194339775,-0.4864497210150218,-0.9570088420991992,-0.9580401993840585,0.547027803421664,0.38363963980153504,-0.8562839971586977,-0.01756076888746522,0.0151215759888234,0.0158722131699846,-0.0023933375314495,SPY
2012-09-13,1.4183661832767773,0.3955634716292292,1.0414287799210191,-0.33572214996751837,-0.9503298319962602,-0.9543300172528139,1.1342062956296197,1.2845059349657502,2.219745059355941,0.6961995149256399,0.0044245595585827,0.0008186331593345,-0.0169567566428874,SPY
2012-09-14,0.39211366034913003,1.2995405152992454,0.811824078970123,-0.3541258355708244,-0.9414552016483195,-0.9508763150751142,1.2505092159501734,1.2588636024731872,1.019860233192521,1.4099597987387449,-0.0034019662010473,-0.004024527878025,-0.0246651601947984,SPY
2012-09-17,-0.3587491488237054,1.3797537617881772,0.8366369601522343,-0.33379903808269645,-0.9341188958537017,-0.947876570194583,1.0255770939097624,1.031964810741558,-0.09795194528581351,-1.4450813365136754,-0.0008178722316074,-0.0021315345862875,-0.0129695740188697,SPY
2012-09-18,-0.11083581963382555,0.02255191490979478,0.942659357646213,-0.33112829554046486,-0.926769411325624,-0.9449623059021031,0.919452836977986,1.0405205302565246,-0.5815835632475785,-0.7313210527005704,0.0005459160552332,-0.0120125743166523,-0.0020695325553754,SPY
2012-09-19,0.020003576494674782,-0.3615559428017174,0.7763405441237824,-0.34716481216563627,-0.9191568864013374,-0.9417124905209067,0.8666819371219866,1.0361473605067373,0.13148082575407602,-0.01756076888746522,6.799597817330749e-05,-0.0181956968873038,0.001909580479614,SPY
2012-09-20,-0.02584721639126771,-0.0722984652328551,0.6477864270391706,-0.34634840284424223,-0.9152914977296189,-0.938495619854807,0.7935430913730493,1.5194859397498348,0.730320502077937,0.6961995149256399,-0.0004186014787768,-0.0088862588116631,-0.0007609479823109,SPY
2012-09-21,-0.07253050150182337,-0.007391766606786402,-0.04736175287281283,-0.42478294205201933,-0.9122430378829602,-0.934556027683717,0.6819554304034843,1.4053432129866223,-0.33449522955641164,1.4099597987387449,-0.0015089729093098,-0.0131103202249232,-0.0171474926690091,SPY
2012-09-24,-0.1771387760436191,-0.0780610244132538,-0.2710105180010553,-0.42934200042275583,-0.9084071487121036,-0.9313210361513339,0.5389218701558206,1.3561447825663067,-0.6178562574099418,-1.4450813365136754,-0.0106989119619722,-0.0089654834344798,-0.015498857068696,SPY
2012-09-25,-1.0588050051132405,-0.19360399479243803,-0.18359537552956762,-0.31248924867671135,-0.9071459719057688,-0.9291309254660276,0.015837710144263918,0.6925632321504647,0.3169888904043465,-0.7313210527005704,-0.0056372065154182,0.0027718320556946,-0.0187734289726124,SPY
2012-09-26,-0.5731940855901628,-0.9468323045433524,-0.6398846289391593,-0.2817174431659482,-0.9075865435801241,-0.9273843972931893,-0.2708646116824433,-0.35090562123189634,0.6401058496216299,-0.01756076888746522,0.0093774340538139,0.0124837831836375,-0.0159685761584693,SPY
2012-09-27,0.8672835340819166,-1.2493039493899514,-0.9254104904365716,-0.23179870399859903,-0.9091351592486672,-0.9248173827730327,0.0803683105208568,-0.0979134646407647,-0.23670150758838704,0.6961995149256399,-0.0046426628920368,0.0102490282053988,-0.0224430201007406,SPY
2012-09-28,-0.4777793585667138,0.2216703174052057,-0.4955168086873438,-0.25974635906430965,-0.9124239401691825,-0.9220224794237933,-0.1872797359821757,-0.04333014766073308,0.7247923145492764,1.4099597987387449,0.0026358638811334,0.0149599849918402,-0.0183660648523247,SPY
2012-10-01,0.22050941315524072,0.29453955745760035,-0.6905766284236985,-0.26685741370595234,-0.9145530179868422,-0.9194170209161593,-0.13183101085391716,-0.048550259276853885,0.36352140772882924,-1.4450813365136754,0.0010384035282022,0.0088969597721328,-0.0210019287334581,SPY
2012-10-02,0.06725193915174935,-0.19940870553852125,-0.4991752641721042,-0.27086573560855826,-0.916326142793247,-0.9166268657812673,-0.1503299152885168,-0.14755593172447454,-0.20480211459100703,-0.7313210527005704,0.0040747446125246,-0.0020781534228628,-0.0116244103152673,SPY
2012-10-03,0.3585530433966285,0.21683748316308538,0.04283357985536406,-0.2708140434129383,-0.9174246843608966,-0.9133675667011729,-0.046631125226912665,-0.761233077162483,0.01213551443021531,-0.01756076888746522,0.0071426790755753,-0.0125536369977679,-0.024630461883377,SPY
2012-10-04,0.6528851595913506,0.32226286919695796,0.49131461527732173,-0.5302885074505346,-0.9171616439646871,-0.9113018897832823,0.2198022726609082,-0.5859820860551805,0.09693854309349656,0.6961995149256399,6.829389440454747e-05,-0.0191381591959576,-0.0297265589569812,SPY
2012-10-05,-0.02581863484370022,0.76951717735404,0.38811751169313674,-0.5372232726800058,-0.9168046860114014,-0.9095979746064983,0.18364433833164018,-0.3757309871453158,0.11883653587853867,1.4099597987387449,-0.0034271613385739,-0.0224902970836904,-0.0220003580947256,SPY
2012-10-08,-0.3611663250167872,0.4759684457818877,0.6056613141256398,-0.560400186473068,-0.9168178774656459,-0.9076852716612968,-0.01074868284945905,-0.535896989137067,-1.0376362519935776,-1.4450813365136754,-0.0099367096667934,-0.0107695157702352,-0.0414974466343558,SPY
2012-10-09,-0.9856806873644935,-0.2984734392662865,0.3256813397103687,-0.4631141176453751,-0.9166857085074966,-0.9069881052241414,-0.4599903970160099,-1.050026271439233,0.7253593919944675,-0.7313210527005704,-0.0064007389623803,0.0092493631284451,-0.0436580155158345,SPY
2012-10-10,-0.6464460157093674,-1.0315302796965222,-0.18113032611474333,-0.43559426722755734,-0.9166989381240965,-0.9072151666164074,-0.7317444958684611,-1.2861575797519262,0.10871008799838267,-0.01756076888746522,0.0005581568773855,0.0201751311810483,-0.0363883947784158,SPY
2012-10-11,0.021177938962791867,-1.2494014083121463,-0.664869963838214,-0.659999645266434,-0.918390840717048,-0.908836573612782,-0.6712000220864304,-1.2402995301478135,0.08802088327077374,0.6961995149256399,-0.0032838439933282,0.0170144418199109,-0.0361505305492899,SPY
2012-10-12,-0.34741671660056606,-0.48045278550009796,-0.968931762986545,-0.685806341889839,-0.9198184435560554,-0.9111964361434589,-0.7597505207552879,-1.2969802284474168,0.1051802809250452,1.4099597987387449,0.0082936199748813,0.0034931396477642,-0.0363441183613408,SPY
2012-10-15,0.7633043600624505,-0.2520809349564868,-1.1237276686663147,-0.6056250486582826,-0.9201753887885554,-0.9124403282747187,-0.3726435687069181,-0.45960120447850045,-0.2991671176023432,-1.4450813365136754,0.0100821692318868,-0.0046608176361138,-0.0582284770083125,SPY
2012-10-16,0.9348945599422278,0.3146888920435309,-0.5824823442032664,-0.5039486866252261,-0.9188007934614449,-0.9126397341826155,0.07251424499789058,0.2151109982356809,-0.25606971961012936,-0.7313210527005704,0.0045250290902227,-0.0287164707338893,-0.070004234148735,SPY
2012-10-17,0.4017525265690064,1.2940036283245049,0.34195471465254573,-0.48606668567691935,-0.9173335908181334,-0.9124552730566061,0.2674728143306597,0.043606427780882646,0.2791167859723331,-0.01756076888746522,-0.0026025324837517,-0.0360738535253872,-0.0696042845259912,SPY
2012-10-18,-0.28205291537970606,1.0178826544653887,0.8464877075043646,-0.48000261080425505,-0.9177433527507524,-0.9125286857969319,0.1544873263556077,0.15438577585354216,0.7687781371909403,0.6961995149256399,-0.016805146165475,-0.0305683309300928,-0.0469649036869199,SPY
2012-10-19,-1.6446261355002334,0.08848694714866767,0.7005325622759607,-0.2652020139737408,-0.9213782789571386,-0.9141688310547528,-0.541763132520797,-0.7114646008521307,1.693074500770585,1.4099597987387449,0.0001396626910032,-0.0143288924082387,-0.0297282108744108,SPY
2012-10-22,-0.01897164082014994,-1.4743541636137667,0.07614231169384611,-0.26488013812789696,-0.9243258629772215,-0.9156502675662549,-0.5021402271058112,-0.749819695825955,0.23865498817717185,-1.4450813365136754,-0.0139734838658887,-0.014468555099242,-0.0280014364257379,SPY
2012-10-23,-1.3729615458475317,-1.2734362010810059,-0.300393273924838,-0.21012761932236185,-0.9280004017086974,-0.9174227072412489,-1.0639966641656395,-1.340776682198292,1.98544842522334,-0.7313210527005704,-0.0028323537012751,0.0099208507130397,-0.0004950712333533,SPY
2012-10-24,-0.3041015497670411,-1.0659630696819826,-1.4112415542463337,-0.2236883250008498,-0.9309875473707285,-0.918923957682059,-1.151445579433313,-1.7552149282810203,0.045382288773796575,-0.01756076888746522,0.0029029901115427,0.0038218974587298,0.0002125634418614,SPY
2012-10-25,0.24613702340389834,-1.2837198083881882,-1.7509927132933596,-0.29158866316586324,-0.9335385354708665,-0.9210469059574541,-0.9796055076179764,-1.6144338117812702,0.43296097884939416,0.6961995149256399,-0.0005657076436209,0.0029654893491581,-0.0078079591769535,SPY
2012-10-26,-0.0866436024579627,-0.0471970409722531,-1.4967572418058084,-0.30139207509969096,-0.9355740137510806,-0.9227796732195426,-0.9648612686309741,-1.5481226394658008,0.80581435114939,1.4099597987387449,0.0,0.0113256917494393,0.0007779951442907,SPY
2012-10-31,-0.03237062827946651,0.11887790215336257,-0.7468481754393481,-0.31066736525401517,-0.9391824043995552,-0.924763745772623,-0.9201285938790168,-1.2804564923223265,-0.37910745883575914,-0.01756076888746522,0.010415921946393,-0.0115985581287647,0.0054326884360893,SPY
2012-11-01,0.9669141952797639,-0.09382134837172178,-0.7532975559444417,-0.2195706658218957,-0.9427643612564003,-0.9258682084353912,-0.44541451781589914,-0.5772318465018715,-0.4589732940358401,0.6961995149256399,-0.0089313069555849,-0.03411175862343,-0.0047722474033893,SPY
2012-11-02,-0.8892241589797089,0.7107919274547154,0.3729628450729634,-0.1913602742544663,-0.9488973952588793,-0.9282027768590748,-0.7784710633124919,-0.9009881646984238,0.5842358255001744,1.4099597987387449,0.002046582001971,-0.0243115698928066,-0.000777445377988,SPY
2012-11-05,0.1639747692057081,0.05640378878725608,0.09132377641937324,-0.23482343016485827,-0.954144833637831,-0.9310333809245005,-0.6257878658474674,-0.7157937572188259,-0.5524805066109291,-1.4450813365136754,0.0077944947566601,-0.0255621307882663,-0.0042387307788001,SPY
2012-11-06,0.7154191840606415,-0.5568095757674878,0.051776337324523664,-0.1772713406605323,-0.9547131728786592,-0.9331365025407904,-0.23916679968478538,-0.7378884699826063,-0.3116927747989919,-0.7313210527005704,-0.022924249878204,-0.0368340573503056,-0.0102648527175102,SPY
2012-11-07,-2.231681943462825,0.6686735819189414,0.437835964213257,0.11127889325492392,-0.959590487291651,-0.9370517235151827,-1.1392824976703848,-1.7410524453410925,3.5740416546470346,-0.01756076888746522,-0.0120972785482722,-0.0275005461441919,0.0160455360345226,SPY
2012-11-08,-1.192961781119595,-1.1609148843947805,-0.6207660804436819,0.13370356984504486,-0.9640581160967351,-0.9411256914252853,-1.5617147930708235,-2.1342544341956606,1.4582657016532146,0.6961995149256399,0.0008688817750384,-0.0170968555044552,0.0311667133032127,SPY
2012-11-09,0.050988326955768735,-2.6183656889122435,-1.6603865784772451,0.12723980461234813,-0.9678384535986562,-0.9445118302044624,-1.4488167142715358,-2.0595111395765575,1.834689690513658,1.4099597987387449,0.0007960211065114,-0.013040758566527,0.0307189003248202,SPY
2012-11-12,0.043998205421820015,-0.8750661681294712,-1.2078308838141136,0.12792966079048168,-0.9720152598126707,-0.9478781105000414,-1.339026626001383,-1.7310425421088522,-0.6389198178471965,-1.4450813365136754,-0.0034774318053791,0.0062000686822809,0.0367085102504605,SPY
2012-11-13,-0.36598918321505447,0.06961330647974044,-1.2655796139987527,0.1282830936590155,-0.9767207800216385,-0.9512509975603561,-1.410425268144001,-1.8048730892094282,-0.033864272909218444,-0.7313210527005704,-0.0135907386720903,0.0101090471346942,0.0406742040403926,SPY
2012-11-14,-1.3362416601358857,-0.24883684511604193,-1.7860976056100233,0.13550963651926942,-0.9838847955016101,-0.9566410164570226,-1.8626760147782948,-1.7873064603438789,1.5460810828695741,-0.01756076888746522,-0.0016935879085355,0.0255662229464608,0.048113731043017,SPY
2012-11-15,-0.19485040712890456,-1.302940684542133,-1.355092268505641,0.03151732255977844,-0.9933090400945755,-0.9631487242757252,-1.7873674830104724,-1.763781604203121,1.1896348922492412,0.6961995149256399,0.0049249787129665,0.0407926921814922,0.0460843146905629,SPY
2012-11-16,0.4401229742598631,-1.172240184253222,-0.8746679038386489,0.03555184124141729,-1.0001691178539445,-0.9696498826137799,-1.4317247842293872,-1.6740547881281502,2.427677145489015,1.4099597987387449,0.0200368483553194,0.0337429944424654,0.0528434533098245,SPY
2012-11-19,1.8899285763878775,0.18438834681784733,-0.6873643918532901,0.33293639070678466,-1.0037644569768114,-0.9740744036785733,-0.469840074500617,-0.8950470961772493,0.4698027528526655,-1.4450813365136754,0.0004315466470341,0.0085886135798736,0.0438737991846114,SPY
2012-11-20,0.009031181109896707,1.7765561907685778,0.2011435931274925,0.21650647895754474,-1.0087475447186787,-0.9768520836122306,-0.3859549160783724,-0.8814154696834514,-0.2343887208520068,-0.7313210527005704,0.0018664371396761,0.0161773136104628,0.0359856637203215,SPY
2012-11-21,0.146691995020193,1.4473268114093305,0.3816534289663972,0.2211906572503216,-1.0091044263472526,-0.9794710357048736,-0.24302183334825142,-1.1810472106160566,-1.0635164486669706,-0.01756076888746522,0.0135328813264958,0.0189655697625852,0.039854426920094,SPY
2012-11-23,1.2659496738689573,0.11599852615857241,1.0954389620108427,0.23612423466613622,-1.0047293158128734,-0.979517327612312,0.35225141825286965,-0.4965345706676632,-1.4175029247692754,1.4099597987387449,-0.0021247190260602,0.0056436745430037,0.0172033786697545,SPY
2012-11-26,-0.23621235136426402,1.0759205238670055,1.7985708660316446,0.2342012996978909,-1.000909353065078,-0.9794975009532071,0.25795625565157215,-0.6180520983355341,-0.6723122056193062,-1.4450813365136754,-0.0051175325072723,0.0028318886388802,0.0162413619677499,SPY
2012-11-27,-0.5233374956299983,0.7834924092119396,1.4730280683219277,0.24227851938747955,-0.9981864689946344,-0.9802249770374437,0.0500861990439463,-1.0097132098723474,-0.06511188406355818,-0.7313210527005704,0.0080202466776233,0.0065347177473116,0.0171353617192391,SPY
2012-11-28,0.7370774174526448,-0.5830051991168672,0.3114424480859095,0.27864717876179096,-0.9933355374901315,-0.9801522198816721,0.4018635740555336,-0.021824592461380184,1.0001217743903066,-0.01756076888746522,0.0046546932917985,0.0002828438876383,0.0077739120290258,SPY
2012-11-29,0.41419227693008626,0.16030653081166923,0.6618754354835883,0.28948865724103645,-0.9851537574284827,-0.9796429770753587,0.5960755316007187,0.650012319330525,0.4126196023140115,0.6961995149256399,0.0002109861069143,-0.0009857105303314,-0.0077478594709861,SPY
2012-11-30,-0.012129000538168318,0.8763079719325864,0.790632261959749,0.2308150458807753,-0.9766283126340748,-0.980092695350067,0.6162798588506607,0.6343684522270326,0.07820232305690934,1.4099597987387449,-0.0049365049301837,0.0018272020831719,0.0088944026202613,SPY
2012-12-03,-0.5059700353743096,0.30413107613797535,0.17545027811813232,0.2006647498848827,-0.969913646170241,-0.9801654525058391,0.3990464471350821,0.3700860167190981,-0.20167797544725896,-1.4450813365136754,-0.0014147033988409,0.0071847758100016,0.0391382942437106,SPY
2012-12-04,-0.16809472870717077,-0.39860665119416916,0.045606888560912266,0.1989537475081883,-0.9671113589586267,-0.9805622593785767,0.34598507499922027,0.46443671167907913,-0.12542682940451116,-0.7313210527005704,0.00176837281795,0.0153851102409943,0.0382914445420059,SPY
2012-12-05,0.1372838803148542,-0.5177193336954898,0.21659710573384638,0.16389340277112602,-0.9640580016096684,-0.9815278081296384,0.4473781537998398,1.265035499693988,0.31199500393453156,-0.01756076888746522,0.0033861388738287,0.0141049994075972,0.0409048924806505,SPY
2012-12-06,0.2924894469491822,-0.026459488813512413,-0.07210357088370976,-0.16260234537770005,-0.9607139615982777,-0.9800331708184624,0.5616652789155566,1.4362036477417923,-0.7090466126712581,0.6961995149256399,0.0030238987204178,0.0045676488643024,0.034782039158852,SPY
2012-12-07,0.25773677794395483,0.32529353618848966,-0.13068321068680402,-0.28744899032012905,-0.9593129324795372,-0.9771430549512293,0.6265703708032294,1.4081411351693278,-0.594636865179805,1.4099597987387449,0.0004210687966459,-0.002179254117105,0.0288769006517624,SPY
2012-12-10,0.008025954982978742,0.41728469296436504,-0.0007877916472877995,-0.2868397571583658,-0.9574360823906729,-0.9742926305915977,0.5768421425288013,0.9631372039574533,-0.8333949579721781,-1.4450813365136754,0.0067856310321516,0.0090837944184771,0.0309944223768852,SPY
2012-12-11,0.6186306122828067,0.20003690398171187,0.2466156580513923,-0.2679563585042249,-0.9533254115388743,-0.9708734325291493,0.7969434599063278,1.14630212541375,0.47271395652969456,-0.7313210527005704,0.0004882619845529,0.0133653576164318,0.0321274864055434,SPY
2012-12-12,0.014472348616456465,0.475655356900452,0.6252928597762443,-0.28833314143251165,-0.950615757085031,-0.9670904614176401,0.7278898577764626,1.111547635700292,0.32062548878392966,-0.01756076888746522,-0.0061512116694659,0.0054205068146231,0.031571260116908,SPY
2012-12-13,-0.6225068158808273,0.4805785361601346,0.5661795647798352,-0.43137369160264444,-0.9499416826776832,-0.9626593972370969,0.3492050484122426,0.11321287070692636,0.06279063343813401,0.6961995149256399,-0.0037230042609897,0.0173069188235377,0.0370419893748694,SPY
2012-12-14,-0.38954896306352255,-0.467291294968145,0.12576128111153506,-0.4142235129840428,-0.9500078180398988,-0.9584267460402708,0.08519730361515888,-0.0036125915035873043,0.09638343718250593,1.4099597987387449,0.0116841173322281,0.0119117561606838,0.0414454760473637,SPY
2012-12-17,1.0885825803632097,-0.7758466602196445,-0.1857989805836857,-0.35046857146211413,-0.9469412946782665,-0.9535326864065625,0.48544744021095615,0.8462404717437287,0.22824233624455414,-1.4450813365136754,0.0110671942301063,-0.0028590968996091,0.0296253512614832,SPY
2012-12-18,1.0293960871822694,0.530930478443353,0.33430903918510185,-0.5515631837012435,-0.9414956664660167,-0.9494058070944892,0.8803256734287542,0.9423957225558394,1.0692740269517391,-0.7313210527005704,-0.0074565888172557,-0.0181498238854986,0.0249974264167107,SPY
2012-12-19,-0.7477423523528633,1.6145938783512896,0.532024191469851,-0.47351956305159926,-0.9378079108387264,-0.9460328627500869,0.46839719365728893,0.28499590334932556,0.3893549227373761,-0.01756076888746522,0.0057352003394486,-0.0120344380808328,0.0346812422326765,SPY
2012-12-20,0.517854180314399,0.21217303085046074,0.16514478001807167,-0.4607749197794189,-0.9336575892994825,-0.9422830273006326,0.6346254352982448,0.47423143826578756,0.7983224203163098,0.6961995149256399,-0.0091181669238435,-0.0286367166284948,0.0343250118809388,SPY
2012-12-21,-0.9071511683575242,-0.17849695449942865,0.7140386423309004,-0.4915930419760192,-0.931816662708002,-0.940660901070718,0.19292449135926668,0.2377404041813328,2.495506130721524,1.4099597987387449,-0.0030867357280648,-0.0026653015064894,0.0450513207169844,SPY
2012-12-24,-0.32850650403469606,-0.3002391597363298,0.4648994008508924,-0.4857643346963029,-0.930640816928738,-0.939133471802011,0.02165294964817537,0.15210358835834498,-1.8473731166844543,-1.4450813365136754,-0.0042235327557831,0.0257288209148409,0.0484061486482394,SPY
2012-12-26,-0.4375687668965569,-0.9466138002421611,-0.21719293953229957,-0.4944379929131127,-0.9315457608665436,-0.937529472803278,-0.20034626362745883,-0.10465782005419057,-0.6603693261279147,-0.01756076888746522,-0.0013412030125898,0.0276908005700784,0.0582357641818447,SPY
2012-12-27,-0.16104323380499358,-0.5879887346584127,-0.9232921548851996,-0.540301669650679,-0.9327962013301758,-0.9367993489212281,-0.2756914897189335,-0.28668331877074504,0.6891313123550871,0.6961995149256399,-0.0108670782082134,0.0334138243392629,0.0583784249155332,SPY
2012-12-28,-1.0749385724122877,-0.46009525721517125,-0.6408942595961424,-0.4547818410365066,-0.9349200890674773,-0.9375247691432208,-0.730124795963502,-0.811487587946116,0.259994158406174,1.4099597987387449,0.0168532481981618,0.0415441880995066,0.0731695076551011,SPY
2012-12-31,1.584499701469124,-0.9468613446857111,-1.4075586481757332,-0.2324444245578632,-0.9331753316120516,-0.9366848634903067,-0.01670936850214284,-0.24843838847839728,2.206505168143687,-1.4450813365136754,0.0253073866932656,0.021809700114673,0.0523922549255848,SPY
2013-01-02,2.3955745480265755,0.3862283275301046,-0.2082438048608674,0.11956037167857021,-0.9287792953860307,-0.9329509402873251,1.0181697785389074,0.2081700829237373,1.0771352065094353,-0.01756076888746522,-0.0022615531005456,-0.0009590960568237,0.0246156738724439,SPY
2013-01-03,-0.24933996644075604,3.0366960442809416,1.1029474537913257,0.12329456487980213,-0.9269372620862385,-0.929304528075044,0.8307843236904493,0.12634835726037497,0.08394045693753158,0.6961995149256399,0.0043818207565946,0.0092211521045317,0.0371121809141241,SPY
2013-01-04,0.38801337653137347,1.6361732198988266,1.1935482667140844,0.12663236598605374,-0.9228159184956631,-0.925397212304699,0.9347895277606795,0.40982851301668693,-0.4958821001596455,1.4099597987387449,-0.0027367144479697,0.0047713670438547,0.0214262181570452,SPY
2013-01-07,-0.29492609176567625,0.10297743881570504,1.4578275646569674,0.13777997283694,-0.920324018442744,-0.9220737486819284,0.7344632288954434,0.4395329821305582,-0.6581769531438862,-1.4450813365136754,-0.0028812397866717,0.0068275990803199,0.0342103985072883,SPY
2013-01-08,-0.30879159290210506,0.06816283091409896,1.8332736423313294,0.1481455606327526,-0.9166501030297431,-0.9193143741966133,0.5418766983889067,0.09982988488455317,-0.40968573137603503,-0.7313210527005704,0.0025385905217687,0.0103893212784962,0.0378195597606749,SPY
2013-01-09,0.21117718195669283,-0.46399452226757254,0.9219692619482907,0.14810422307190288,-0.9118979102599042,-0.9163482550753284,0.5856240722882183,-0.11471452923943781,-1.0309349669479824,-0.01756076888746522,0.0079186950608098,0.0077147233030752,0.0339568453442877,SPY
2013-01-10,0.7273347379268276,-0.07747807879322963,-0.12945420052409823,0.15562250658489438,-0.9048028541564606,-0.9132510063133117,0.8664172676043591,0.3604606795945175,-0.19854582033987042,0.6961995149256399,-6.796430408240184e-05,0.0062352976275992,0.0315870846598622,SPY
2013-01-11,-0.038891001412334286,0.7138226006839101,0.34065197856498525,0.15650406537685474,-0.8974682020639174,-0.9102067453320487,0.792360157565119,0.22066974181918578,-0.5453307939732768,1.4099597987387449,-0.0006804824115045,0.0085304889303916,0.0314574200133233,SPY
2013-01-14,-0.09765488732202915,0.5228428740542227,0.13516863282658056,0.12404184923216686,-0.8882300498375326,-0.906647093052435,0.6792914454280891,0.5882432460426731,-1.0396100809357685,-1.4450813365136754,0.0006804824115045,0.0145899413296071,0.0337839115178608,SPY
2013-01-15,0.032913630763096134,-0.10721046171877469,0.2301218570173866,0.10605567769393749,-0.8820267971007909,-0.9026702725894976,0.6175124634779726,0.7564818442106757,-0.9541653929439856,-0.7313210527005704,-0.0001360074536522,0.0155176008303046,0.0339581109477613,SPY
2013-01-16,-0.045418938839497554,-0.05237250177178006,0.3945960021484915,0.04948813929664444,-0.8807088728717125,-0.8998112683465679,0.5455019852058768,0.9748342777732089,-0.7018488590234049,-0.01756076888746522,0.0064392693853339,0.015921700487147,0.0350132702436596,SPY
2013-01-17,0.5854012986503473,-0.012479353323092905,0.27108771287146843,0.007382005770382271,-0.877687215719454,-0.8973777002902297,0.775956715013824,1.1726408965695228,-0.10285884799716404,0.6961995149256399,0.00222722699871,0.0150885138796352,0.0273918366307759,SPY
2013-01-18,0.18130552539054118,0.40946134444120164,0.20277040463684173,-0.04294546423793613,-0.875078169955698,-0.8940101215553384,0.7975406897850682,1.8737821169888973,0.6454649002800982,1.4099597987387449,0.0053789699877109,0.0116627446020238,0.0326312107762074,SPY
2013-01-22,0.4836780808759885,0.5826132249226047,0.30875835272342106,-0.04470024758880462,-0.8708716988706148,-0.8906585632701959,0.9606557339666834,1.7515873911872728,-0.5461575229529053,-0.7313210527005704,0.001608141912202,0.0102077791456673,0.0147105581485504,SPY
2013-01-23,0.12191161531486791,0.5049261235060689,0.5885733404936324,-0.12588101512123553,-0.865786692197786,-0.8862759996169011,0.9314183611233241,1.2636618074826793,-0.6695997405887747,-0.01756076888746522,0.0002680922031901,0.0046756327021109,0.0070045776115703,SPY
2013-01-24,-0.006650344339051856,0.45956636379213156,0.6314110450816243,-0.14297428784321745,-0.8611408451921557,-0.8815736507286955,0.8351485119118032,1.5547464010037482,0.18836930625161835,0.6961995149256399,0.0056060827778221,0.0019383461390454,0.0164616939686199,SPY
2013-01-25,0.5054668736071886,0.08509733960547262,0.650071665396414,-0.16975517516072983,-0.8569211317696872,-0.8759122580157858,0.9559743256364716,1.5906186743846382,0.20019022714914,1.4099597987387449,-0.0011985422789013,0.0065672173023578,-0.0083544426966657,SPY
2013-01-28,-0.14735661952097326,0.37802256259534206,0.611596554935706,-0.1705863920309651,-0.852927682953437,-0.8702441948891546,0.7726627942948076,1.7920123755390809,-0.48937298423644704,-1.4450813365136754,0.0039240045313544,-0.0035383824192249,-0.0003333498319513,SPY
2013-01-29,0.34409131104199703,0.2705636863508959,0.4534004795539596,-0.3168551101800392,-0.8480156407968695,-0.8631640853754394,0.7865968737166245,2.262049463139952,-0.6491366632328773,-0.7313210527005704,-0.0039240045313544,0.0025850789516939,0.0082618857525389,SPY
2013-01-30,-0.40883256760093,0.14731945588463666,0.38621270175588945,-0.4277717398339097,-0.8440221919806193,-0.8580621226942179,0.4965613705669572,1.6703876795488057,-0.004469781693797798,-0.01756076888746522,-0.0024691943598753,0.0072370049497632,0.010209463249529,SPY
2013-01-31,-0.26926069551887194,-0.05237250177178006,0.13074778719576105,-0.998253671122002,-0.8404947691298944,-0.855637732821645,0.3327852637343802,1.0926257214540773,-0.5852872227328373,0.6961995149256399,0.0102349539411346,0.0083820754150201,0.0159710593899173,SPY
2013-02-01,0.9495524502383536,-0.5207959411819091,0.00434464781852953,-0.9106049031447474,-0.8361818505143211,-0.8519678468633677,0.7043890972323473,1.4445149715791419,-0.13706464345563218,1.4099597987387449,-0.0113041420004842,0.0036960558502698,0.0110471858388736,SPY
2013-02-04,-1.1168696867957533,0.5166171190072247,0.2180978787408209,-0.7236328235081076,-0.8345711701348235,-0.8498564890683035,0.1565074352881441,0.4906368513891604,0.4289973822631875,-1.4450813365136754,0.0100474659022733,0.0148025689001327,0.031270399220344,SPY
2013-02-05,0.9315651848961952,-0.13071086675270124,-0.24856116504858303,-0.6622631001738583,-0.8320152972531718,-0.8464729217081566,0.5249647208313476,0.7960194792593868,-0.5029299072487837,-0.7313210527005704,0.0007279214667148,0.0064011120908924,0.0225830119757954,SPY
2013-02-06,0.03746484842386763,-0.14444793226650843,0.03420964586443605,-0.6838490308142074,-0.8296325033748482,-0.8427363761669558,0.47365187896633787,0.8249642662248408,0.07606762174079033,-0.01756076888746522,-0.0013241238946184,0.0065278724655826,0.0236660470315195,SPY
2013-02-07,-0.15940469393531762,0.7371296079282573,0.24902750901428344,-0.6742609237142174,-0.8275692810621297,-0.8393794650020997,0.34023441680227284,0.5436887606255028,0.6460110713927942,0.6961995149256399,0.0055489343763843,0.008771148202447,0.029245303539489,SPY
2013-02-08,0.4999841587268951,-0.09605567143608333,0.30190487434739044,-0.6997058495502897,-0.8255060078662706,-0.8362357461154842,0.5159602291015842,0.6530450105093242,-0.742894279849613,1.4099597987387449,-0.0001976289506213,0.0020400495985128,0.0274845763766196,SPY
2013-02-11,-0.05133079446237372,0.25717523644101703,0.0855126295017446,-0.6992330267002571,-0.8232430946676006,-0.8331053489616157,0.4375484514715831,0.46224106886509264,-1.38157855765631,-1.4450813365136754,0.001646009093033,0.0097042796932758,0.0254359257263843,SPY
2013-02-12,0.12554452455805742,0.3397124208963779,0.5983921124100408,-0.7049484799150334,-0.8214327870060778,-0.8297417928426327,0.43579830160246713,0.46466467278071294,-1.514511209384369,-0.7313210527005704,0.000854681841405,-0.0044834120397032,0.0252022863355199,SPY
2013-02-13,0.04962601085466557,0.05374889683080057,0.21042742856602017,-0.7052946411761859,-0.8186640317842306,-0.8263582954963697,0.39870180418466455,0.486204162467571,-1.0912143631570839,-0.01756076888746522,0.000919151842246,-0.0114359325058863,0.0296582610423836,SPY
2013-02-14,0.05581114681736084,0.1308506809166361,0.21628100251245103,-0.7083175927327199,-0.8152163809774475,-0.8228682879371177,0.36226346117227903,0.3060363299684171,-1.126586101924265,0.6961995149256399,-0.0011821642275497,-0.0026298757878926,0.0274173225948102,SPY
2013-02-15,-0.14578533872227303,0.07759455997209548,0.31987157993116144,-0.7260081819709846,-0.8140582552519569,-0.820130827797645,0.24978627986236482,0.3060585498504735,1.9932389702837001,1.4099597987387449,0.0074666011441415,-0.0206577654478063,0.0230655874636767,SPY
2013-02-19,0.6839616604330461,-0.0716431623952793,0.009041136938692122,-0.6883048037555228,-0.8091196648166928,-0.8168538724888647,0.5078740711214066,0.450033200126338,-0.7625975867297794,-0.7313210527005704,-0.012541682639946,-0.0213018160061349,0.0132729573353591,SPY
2013-02-20,-1.2355971106298202,0.4080820539693449,0.3629619715196925,-0.5219022693092578,-0.8087337034731686,-0.8153819133113616,-0.0770536114491996,-0.068501225056,0.7132024867003933,-0.01756076888746522,-0.006097838624778,0.0037591067496558,0.0327756417256805,SPY
2013-02-21,-0.6173863019389734,-0.4242187668414567,-0.292200991599718,-0.48363849045542395,-0.809718864682398,-0.8146826019033815,-0.35829375373298533,-0.24642814910187225,1.2026476012896994,0.6961995149256399,0.0097252085602397,0.0078805183400696,0.030294210724338,SPY
2013-02-22,0.9006483949248351,-1.4180720222039942,-0.6132563116264973,-0.4126133538340372,-0.8084809796337501,-0.8130308788950276,0.030734935525684928,-0.2653040592583349,-0.5935489783291649,1.4099597987387449,-0.0192100538874635,0.0014477115603428,0.0285699590395553,SPY
2013-02-25,-1.8753486582890802,0.21340135105058564,-0.20660790670327184,-0.15143141861951184,-0.8122082205782781,-0.8138634521847664,-0.786404848478626,-0.5935274831092113,2.447941475853882,-1.4450813365136754,0.006822550585813,0.0259688458378972,0.0435941140096325,SPY
2013-02-26,0.622172607879192,-0.7473178563650921,-1.039104540452646,-0.11837098725749906,-0.814537714366645,-0.8138967660639816,-0.4908659154955751,-0.7325118799434842,1.1465160686537448,-0.7313210527005704,0.0125192401158447,0.0280653666330703,0.0447421145176898,SPY
2013-02-27,1.1687027586605903,-0.9599927715280469,-1.068845676652585,-0.028108288702199925,-0.8146842323704923,-0.813064281882823,0.03724421937481532,-0.27773430006927186,0.36839816205216497,-0.01756076888746522,-0.0019764270343642,0.0169062051749504,0.0322228744018451,SPY
2013-02-28,-0.22198548431208714,1.3647816144954419,0.0884242105289144,-0.03659165239104275,-0.8154030457793615,-0.8120385848400946,-0.07171140741763918,-0.3022785376987635,-0.14776511402004291,0.6961995149256399,0.0032924017805129,0.0206935887317536,0.0372679372623183,SPY
2013-03-01,0.28349647875710854,0.7200891170056042,0.27874383972790784,-0.038383896423028446,-0.815642552722965,-0.8104333765106291,0.03770339212543846,-0.3793294662073908,0.7819533512288082,1.4099597987387449,0.0053110803900908,0.0216563195645917,0.0300099848287977,SPY
2013-03-04,0.4771648749467907,0.04404768274858938,-0.01831200489436001,-0.0837844003307541,-0.8145643008076975,-0.8093143955141794,0.24695443141986523,-0.19482597638144064,-0.7501379848260185,-1.4450813365136754,0.0089190713809861,0.0201334463880158,0.0296216464971479,SPY
2013-03-05,0.8233090433935064,0.5779962350410874,1.1140313878640218,-0.14490380309948606,-0.8131798723136332,-0.8061506462917044,0.572376356335846,0.01790076441570532,-0.2595140836476836,-0.7313210527005704,0.0013600786577248,0.008968095406173,0.0105116942440703,SPY
2013-03-06,0.09811287270163056,0.99025682188028,1.210845076958651,-0.19764203471364164,-0.8089734139493349,-0.8038528096977781,0.5823128253519723,0.03186041036869505,-0.8326914804058585,-0.01756076888746522,0.0018109565224389,0.0090203864506168,0.0132017391930236,SPY
2013-03-07,0.1413692843574051,0.7007707833449925,0.6955343819965294,-0.19746821121047217,-0.8031694666597846,-0.801441709733459,0.6098659539568373,0.055949973319345585,-0.9957521376648788,0.6961995149256399,0.004255132613351,0.0125200864764467,0.0068892223146717,SPY
2013-03-08,0.37585914385568914,0.17996614916874593,0.8704291767415451,-0.19633985696983214,-0.7984437331231462,-0.7984577879908202,0.7337783716345286,0.2064345037880753,-0.21192700389292557,1.4099597987387449,0.0037882072135149,0.0069431672577682,0.0093787321429585,SPY
2013-03-11,0.33106316053400914,0.392083925299978,0.9148864145360815,-0.20446850649260012,-0.7890857129378921,-0.7956404038197648,0.8409252835162813,0.11791298646900573,-1.0252380189947015,-1.4450813365136754,-0.0022462796008566,-0.00237893931443,0.0090415843387203,SPY
2013-03-12,-0.24787465434256586,0.5369551525287242,0.8445627761600565,-0.1970612956409088,-0.7815515353296054,-0.793036218291848,0.6835505102398033,0.5432900655952806,-0.5444684191831706,-0.7313210527005704,0.0014123697021686,-0.0024586886977493,0.0234622602955516,SPY
2013-03-13,0.10312958148551753,0.06060302862093479,0.3289662597423442,-0.19714845800492192,-0.776240251329773,-0.7904520058157037,0.6899031249092933,0.8752012946138124,-0.8018807278361342,-0.01756076888746522,0.0053106565482687,0.0030899433504574,0.0253217386727362,SPY
2013-03-14,0.4771242123244521,-0.11347226568455968,0.33138096935594363,-0.18638069832911985,-0.7694246708770077,-0.7874014626795337,0.8601038961696602,0.7830707913176633,-0.09078596561430545,0.6961995149256399,-0.0013217866053274,-0.010799982823932,0.0175584398509256,SPY
2013-03-15,-0.1591804586032189,0.44021706615087275,0.4929910382878796,-0.18125515523215385,-0.7635502249959207,-0.7845819971866391,0.7394010337572178,2.0265015123065435,0.16779809511584914,1.4099597987387449,-0.0055338993586833,-0.0014772393431474,-0.00456627428282,SPY
2013-03-18,-0.5632829827207726,0.23988810357172527,0.23545859473373673,-0.15331792614126655,-0.7599038628036466,-0.7822180165665749,0.442050244751143,1.4375410299842546,-0.06434002435994964,-1.4450813365136754,-0.0023260289841759,-0.0001292389018505,0.015621918483486,SPY
2013-03-19,-0.25552566678767946,-0.5546819173576133,-0.19502009618393715,-0.17589097755312644,-0.7585625832129546,-0.7808541970160994,0.3096858090820084,0.9124487022408186,0.7908934441675888,-0.7313210527005704,0.0069610017503753,0.0101673411761957,0.0032285778314333,SPY
2013-03-20,0.6354553636701106,-0.6282617757516609,-0.19870278419730628,-0.28741020963968544,-0.756056804783391,-0.7774957009914947,0.5452939852978232,1.2895769545865243,-0.32519695794463177,-0.01756076888746522,-0.0085792696261206,0.0032063394258203,-0.0100052827733119,SPY
2013-03-21,-0.8554503305590939,0.28722742647286054,0.057523406953460116,-0.25442981776661877,-0.7557020984090848,-0.7744141926236888,0.09994328082930679,0.5214151895144776,0.03187643675279664,0.6961995149256399,0.0080009568754571,0.0148542448780499,0.0072293933850167,SPY
2013-03-22,0.7352267885161616,-0.17094140868993693,-0.5838892598279635,-0.27333608768995277,-0.7545680276883926,-0.7714822148184357,0.3898139492743593,0.6152321947879673,-0.3976656413436794,1.4099597987387449,-0.0041858989173864,0.0028877373495852,0.0036567273814691,SPY
2013-03-25,-0.4339582441069611,-0.09474491225507403,-0.15338115757794918,-0.6181415083854505,-0.7550883205235491,-0.767060220618382,0.11043304817866785,0.008734467486463865,0.5238955879121918,-1.4450813365136754,0.0079705510938703,0.0119963783254126,0.0180988125391063,SPY
2013-03-26,0.7323097125007575,0.22715306917829772,-0.09113283839904689,-0.6064575863337686,-0.753484662017478,-0.7624880657308154,0.36409643036568756,0.2781389996264565,-0.9503350193364734,-0.7313210527005704,0.0,-0.006165053640549,0.010762464466488,SPY
2013-03-27,-0.03237062827946651,0.22492526725454817,0.38434534655814695,-0.7180961069413051,-0.7521738995904629,-0.7591746968372074,0.2932463025880991,0.21098502992775792,-0.6244115393147968,-0.01756076888746522,0.0030686358261089,-0.0021149300338709,0.0148072217489989,SPY
2013-03-28,0.2620287754259985,0.5316219931447851,0.06289837555761767,-0.7312530924611023,-0.7513263391146606,-0.755340411913273,0.3469627058280013,0.1662746568773058,-0.5444562617388073,0.6961995149256399,-0.0039655506530076,-0.009685126215893,0.0099712540621057,SPY
2013-04-01,-0.41281842781181277,0.17246344849639159,0.6007784193196861,-0.699483517282362,-0.7510322472817963,-0.7522539580192634,0.10654467018728402,-0.22446737240363382,-0.617064900509716,-1.4450813365136754,0.004922742058441,0.0010250668787525,0.020612893077943,SPY
2013-04-02,0.4399083936462237,-0.1180885752463791,0.04818588502351751,-0.7024928814256811,-0.7485586651595546,-0.7491918180378636,0.2583708536423577,0.1104457021076397,-0.5382146482252338,-0.7313210527005704,-0.0101908808720914,-0.0004466157704117,0.0180728451685023,SPY
2013-04-03,-1.010065415797295,0.017759977748285787,0.46880710544673065,-0.637572758265245,-0.7477296388677774,-0.7481058963246858,-0.21167722654333376,-0.44773157586667567,0.8105876411944292,-0.01756076888746522,0.0040501236066781,0.0219186614576543,0.019457250171583,SPY
2013-04-04,0.3561909483646385,-0.4383638879877382,-0.36985628006034965,-0.6262203000929796,-0.7475023184363881,-0.7467383787681303,-0.06337523482093403,-0.5017426003286282,0.22535993334939636,0.6961995149256399,-0.004501560355913,0.0211403859303294,0.0246515485926002,SPY
2013-04-05,-0.4642422349553892,-0.5022997897830356,-0.18282860613766974,-0.6032890860757096,-0.7464327039342668,-0.7460257138029104,-0.27497805631788064,-0.6298735399444706,0.9194591480161062,1.4099597987387449,0.0067446424416379,0.0231893040127006,0.0392431030546038,SPY
2013-04-08,0.6146982406069985,-0.08544883153258662,-0.5324071179459083,-0.5788942402608862,-0.7456170599085121,-0.7450501657961655,-0.000631080156511854,-0.13166580708516235,-0.9510819697254098,-1.4450813365136754,0.0034510594092767,-0.0070018391680104,0.0350366530484453,SPY
2013-04-09,0.29871780639200535,0.11197593214223836,-0.03782900224310488,-0.5809228399932849,-0.7432103255124565,-0.7441062767950021,0.1310231464075188,0.09338187546727614,-0.5442610505278068,-0.7313210527005704,0.0121743963559746,0.0042013948303356,0.0366408602638861,SPY
2013-04-10,1.135619068372701,0.694656616117424,-0.10578875097070069,-0.4721175893791856,-0.7398943475532006,-0.7416447159146691,0.6172077824299398,0.2578342731978645,0.3084043346221691,-0.01756076888746522,0.0032718480793532,-0.0226923711618676,0.0290071540751739,SPY
2013-04-11,0.28152459362369775,1.092489382933623,0.9270009075236706,-0.4684984562576671,-0.735883102358466,-0.7389818269270654,0.7060435283518743,0.7773853988984077,-0.3550270779130087,0.6961995149256399,-0.0024526422735418,-0.0322370780955907,0.0229154751252655,SPY
2013-04-12,-0.26767271811692556,1.079358743800968,0.891061495376714,-0.47330632456145433,-0.7330350839240846,-0.7371327284134647,0.5575642163033442,0.4245344787821527,-0.20669188414363268,1.4099597987387449,-0.0234465007390731,-0.0211290292898409,0.0286165491375278,SPY
2013-04-15,-2.281785752040035,0.007649907615378337,0.9856769738702965,-0.05596621502328613,-0.7342784134687944,-0.737607683511079,-0.461710110995537,-0.4166004773225224,2.2327359123221835,-1.4450813365136754,0.0146542934076228,0.0067457623211417,0.0528581535883789,SPY
2013-04-16,1.3735359326172045,-1.9499774182066898,-0.4084975823937447,0.05244270681770428,-0.7334896357413662,-0.7359753479838271,0.14445238338646224,-0.20854312343677947,0.5156720372483466,-0.7313210527005704,-0.0147193696362286,0.0023476551537697,0.048484584625358,SPY
2013-04-17,-1.4445204855405815,-0.6965689468181921,0.10884830593105854,0.18295055880979869,-0.7336501593297097,-0.7356408598331747,-0.505337934857475,-0.6413638830014555,2.3185648475799896,-0.01756076888746522,-0.0062728588543699,0.0177012278112504,0.0685759969533288,SPY
2013-04-18,-0.6341774280771262,-0.05714057349080803,-1.1330590986353246,0.17525516021206317,-0.735949873759941,-0.7366777909219129,-0.7550256095012793,-0.8819097212180715,0.9096098613062498,0.6961995149256399,0.0086554065322079,0.0280188439481312,0.0701425622484537,SPY
2013-04-19,0.7980135118749225,-1.5904525830811103,-1.5738170876370625,0.17735572334275368,-0.7355220101499931,-0.7359285214249075,-0.39596212315204815,-0.5460995256994886,0.4786288745740784,1.4099597987387449,0.0044282908719095,0.017596105555139,0.0711174270322603,SPY
2013-04-22,0.3924716358407481,0.12219443987968005,-1.0608666861892024,0.15313430707401016,-0.7355754883309421,-0.7355471685259437,-0.2110586600015817,-0.5595959498094795,-0.504482257734409,-1.4450813365136754,0.0102561862402508,0.019843903046059,0.0666296365791669,SPY
2013-04-23,0.9515894388395821,0.9062572299960632,0.226342777612197,0.19399894629768522,-0.7341983997299337,-0.7336539167108309,0.19895674415102454,-0.03649687546729542,0.8618024060085309,-0.7313210527005704,0.000634203021252,0.0119704109548086,0.0578100253325146,SPY
2013-04-24,0.028473669273281668,1.023544795944932,0.023245827232719694,0.1642498464176498,-0.7352546446868181,-0.7325232497605715,0.20310735464074436,-0.11343234258734138,-0.7238557414968759,-0.01756076888746522,0.0040447572825108,0.0025297320645458,0.0497305163996255,SPY
2013-04-25,0.35567611287275586,0.7455556842864179,0.7322471465496642,0.17062492412578945,-0.7361505950294926,-0.7309644988259081,0.34876478994403304,0.11385186509709423,0.05152432136549299,0.6961995149256399,-0.0017673318607842,0.0077293968097302,0.0427885644780436,SPY
2013-04-26,-0.20192526931495636,0.29045035039362094,1.2086967401685218,0.17045332917231884,-0.7368994040498461,-0.7299141505309444,0.24861690435618192,-0.09533717462784962,-0.7354533076310571,1.4099597987387449,0.0066760883628296,0.0195867227766051,0.0437095470953989,SPY
2013-04-29,0.6081212855473515,0.11449223483271191,0.72739278333823,0.17759078600138808,-0.7313105779586848,-0.7277398629835298,0.49803792465316304,-0.01680852803370156,-0.8894472203196492,-1.4450813365136754,0.0023826941490003,0.0154488268492549,0.0430042464601232,SPY
2013-04-30,0.19622076425721663,0.3072872934317106,0.831192167505869,0.16984360574115345,-0.7282754113325521,-0.725826536278267,0.5633545147757519,-0.26400052217485703,-0.26101410180101586,-0.7313210527005704,-0.0088064758690107,0.018121399324972,0.0341065183106197,SPY
2013-05-01,-0.8772480889818721,0.6113556464140623,0.46760797737223275,0.15332656566308783,-0.7240369347519251,-0.7237861152779778,0.13121761129861736,-0.6150051829374504,0.26608898215394156,-0.01756076888746522,0.0092444220276952,0.0314685653612452,0.0465978747966051,SPY
2013-05-02,0.8545225994536277,-0.5230367151806509,0.031653822742123874,0.18610512474404498,-0.7165361110424131,-0.7211837182865647,0.4848412732067727,-0.29441790887878294,-0.6913992845130026,0.6961995149256399,0.0100899941060905,0.0194043124629947,0.0228974767482199,SPY
2013-05-03,0.9356452643040943,-0.02028461440621338,0.27176530992392595,0.2057059502355666,-0.7086607746960499,-0.7170291771252232,0.8462780949112236,0.725070858270878,0.39009006461458906,1.4099597987387449,0.0025381924354794,0.0125627500956246,0.0182983054041114,SPY
2013-05-06,0.2111389902738623,1.364241287109185,0.8193160293318485,0.19258274635895126,-0.7011597220124046,-0.7133027517727792,0.8808712685538511,0.4792012558783508,-1.309311108977127,-1.4450813365136754,0.0050552666247174,0.0108196613719231,0.0109420542126068,SPY
2013-05-07,0.4526225622537022,0.8728823939314635,0.6282351820830433,0.1970167800761308,-0.69471500333114,-0.7093890774687441,1.0244870201908072,1.3298378976175649,-0.7760284868144637,-0.7313210527005704,0.0045406901672624,0.0160451191918076,-0.0082129391083816,SPY
2013-05-08,0.40325502214135306,0.5039928280910015,0.7516499373016177,0.13860381672880157,-0.6874146973586165,-0.7062648351718108,1.1623072758361914,1.7770022348696244,-0.6339328715593734,-0.01756076888746522,-0.0028198308705551,0.0168764717162872,-0.0037413932439376,SPY
2013-05-09,-0.3029001319039943,0.6507138813370535,1.3679988835678332,0.1461473179400622,-0.6815849268751253,-0.703796177429551,0.9833620606064803,1.4758364479004518,-0.44791208969639545,0.6961995149256399,0.0032484317387204,0.0149900090275973,0.0117184801147471,SPY
2013-05-10,0.27927807200630467,0.0737131783734566,0.8108926378586088,0.14028642619060305,-0.674672299552127,-0.7007120849129179,1.063999241775363,1.4603337550402948,-0.5413916456355237,1.4099597987387449,0.0007951037117779,0.0213718486048914,0.0084700483760267,SPY
2013-05-13,0.043910192220576974,-0.0209693347163066,0.494961170123562,-0.28322868979435634,-0.6690031162609051,-0.6950790923775124,0.9809530303798,1.2935874690732432,-1.0360868121219864,-1.4450813365136754,0.0102807244446019,0.0205172453119297,-0.0026938727984058,SPY
2013-05-14,0.9539435900449816,0.2438933919262178,0.4144683602504991,-0.350152855179155,-0.6615824207773204,-0.6898474576173362,1.3333612353873803,1.471024694599006,-0.14684787196234877,-0.7313210527005704,0.005372042691742,0.0116730958609263,-0.0212864713698355,SPY
2013-05-15,0.4830134885561102,0.7591426110216173,0.6557709268246732,-0.6179230082042273,-0.6510997686939877,-0.6824816787251466,1.420716119315282,1.4946165632983466,-0.11632729822884103,-0.01756076888746522,-0.004706293559245,-0.0011442527424527,-0.0115641002038326,SPY
2013-05-16,-0.48388397036981223,1.0944904604223586,0.69416134251638,-0.6459604036105634,-0.6436254678216018,-0.6749888119028292,1.05125849624588,1.292949680355288,-0.3612445404453221,0.6961995149256399,0.0096302713160145,0.0006648461777212,-0.0131503610600116,SPY
2013-05-17,0.8915402864124023,-0.003593712978527569,0.607047771951313,-0.6349422632894209,-0.6361780078059723,-0.6673219860371745,1.3248274265739275,1.3472243700099225,0.1509766988982165,1.4099597987387449,-5.9499581183786177e-05,-0.0098117743817223,-0.0150884721622155,SPY
2013-05-20,-0.038078911117134816,0.3084025399008652,0.9017500396848119,-0.6236785920874812,-0.6292921704565891,-0.6601234448554125,1.172065909691209,1.305712044933599,-0.9530131496540134,-1.4450813365136754,0.0014365749935985,-0.0037814870729846,-0.0071544092805684,SPY
2013-05-21,0.10545179362383943,0.6488685967944899,0.8622859438864161,-0.6726289292842584,-0.6231817412893969,-0.6538414236108808,1.106451871089228,1.9232809734361673,-0.693974940747275,-0.7313210527005704,-0.007445305911637,-0.0117330960670862,-0.0225041914708015,SPY
2013-05-22,-0.7466598906746322,0.04852446889736371,0.4538784827120641,-0.5749999676889996,-0.6197187110533162,-0.6484559428869081,0.6626494739216933,1.232880367728097,3.111721068975141,-0.01756076888746522,-0.002897194639071,-0.0006029095384745,-0.0401490282540919,SPY
2013-05-23,-0.3103222727542395,-0.4926263482427056,-0.13800441468727231,-0.552335349306725,-0.6162825471155615,-0.6438196934705497,0.43960900403548775,0.7865621166870147,2.146718651723698,0.6961995149256399,-0.0008463492434289,-0.0121616909200934,-0.0340472404130984,SPY
2013-05-24,-0.11356785294590277,-0.8101574170369252,-0.05446336858728144,-0.5582893597276721,-0.6137421299879188,-0.6390898227608445,0.3064683180204025,0.6491285123457403,0.6855157055978016,1.4099597987387449,0.0059707877275538,-0.0058245189146823,-0.0459171329002519,SPY
2013-05-28,0.5404560107396943,-0.3266583062426675,-0.5382555102820265,-0.5637786229418642,-0.6100518302035898,-0.6344067658802621,0.4760358076108833,0.6824301704776405,0.5107552253085376,-0.7313210527005704,-0.0065150340005031,-0.0166133653982614,-0.0423197510654427,SPY
2013-05-29,-0.6574112761627436,0.3230901016320176,-0.25978731573630176,-0.49892325206202665,-0.6100650852617602,-0.6307004217828667,0.11385599560559768,0.10470429512043057,0.8905109761390103,-0.01756076888746522,0.0036848806169746,-0.0241980580940293,-0.0259526593524164,SPY
2013-05-30,0.32115019264464195,-0.09224889470094923,-0.626978808770574,-0.605190708172932,-0.6104528147944259,-0.6256493846552561,0.1749098008257522,0.4095976385968331,-0.38543289914833984,0.6961995149256399,-0.0144559760206899,-0.0188707026792975,-0.0237844294786873,SPY
2013-05-31,-1.4192509756513139,-0.2597350763647899,-0.11300612572963346,-0.42029558410500256,-0.6129798750976171,-0.6231740119449849,-0.5057055794084344,-0.4433097603546994,1.2489904861891532,1.4099597987387449,0.005490822761982,0.008225315829522,-0.0134347499159375,SPY
2013-06-03,0.4944090349266584,-0.8415601433676388,-0.6467705747011244,-0.47318783584636287,-0.6164429053336976,-0.6211803856791226,-0.30643703002533756,-0.26397247465881374,1.0112312063311362,-1.4450813365136754,-0.0048180587560251,0.0027344930675399,-0.0130827650735945,SPY
2013-06-04,-0.4946065223934611,-0.7092405260160589,-0.35413097785877456,-0.44949768725818073,-0.6209488618645664,-0.6199896022616896,-0.5391193305399911,-0.8724346845730533,0.7346832244063345,-0.7313210527005704,-0.014099726696271,-0.0028162656390895,-0.0091943996514736,SPY
2013-06-05,-1.385073056007982,-0.0030797400505742692,-0.8523411704577329,-0.30767456350164285,-0.628837529593811,-0.6208793514354544,-1.128309027211218,-1.5446959141436263,1.9226334482264011,-0.01756076888746522,0.0090122360317064,0.0029715869303537,0.0053388298830006,SPY
2013-06-06,0.8322470924722278,-1.4384601674853728,-1.2025891060932825,-0.26007576518848574,-0.6331161402517205,-0.6212874305435933,-0.7335573841099534,-1.012500415272616,1.5808114407578777,0.6961995149256399,0.0126400424881296,0.0090537647563921,0.0070577906060425,SPY
2013-06-07,1.180292321053198,-0.4251279745181959,-0.9565810855642753,-0.15610036273920905,-0.6339852242960685,-0.620002981278524,-0.21049401760075107,-0.897107831081305,1.2637403002018062,1.4099597987387449,0.0,-0.0098788321471614,0.0001063335237985,SPY
2013-06-10,-0.03237062827946651,1.5340688006005023,0.2946659889483248,-0.16112501436120324,-0.6346671601486653,-0.6190730823244593,-0.2288744096715061,-0.8953468146578241,-0.5871507475537916,-1.4450813365136754,-0.0103688174626546,-0.0021866719333507,0.0072779483475313,SPY
2013-06-11,-1.027136332363375,0.8737510675578274,0.04110933023254136,-0.08674168998757847,-0.6389457199234339,-0.6193674206948117,-0.6731008782939658,-1.221526589709969,0.6103041403609566,-0.7313210527005704,-0.0083118741268277,0.0160567088297671,0.0180103994065339,SPY
2013-06-12,-0.8297968871378929,-0.8120856314751762,-0.215215066310616,-0.12609276809206382,-0.6435854482313866,-0.6216955605709211,-0.98530347655574,-1.2369517235712775,0.9808197812407122,-0.01756076888746522,0.0150944138577449,0.0104553757599603,0.0398506682681869,SPY
2013-06-13,1.415760297259009,-1.4210885316936837,0.052057913033889014,0.013136831370563703,-0.6457514672092453,-0.6229733394222692,-0.308118584486818,-0.6604561109346837,0.6784071233014397,0.6961995149256399,-0.0062925544154239,-0.029729180792712,0.0251744222019523,SPY
2013-06-14,-0.6360669847917443,0.4445775607470617,0.33292232154537826,0.022731782495183456,-0.6461125339761475,-0.6244184259979293,-0.5528705200907067,-0.792622019508895,0.17251184905066688,1.4099597987387449,0.0076921602138106,-0.0202320331753655,0.0352803859431674,SPY
2013-06-17,0.7056013920186428,0.5925311440122436,-0.5413521214244242,0.00015050765057997897,-0.645992119023516,-0.6260909176703792,-0.18536505277153148,-0.7454632184927857,0.060877443348261014,-1.4450813365136754,0.0078745633004633,-0.0406404351197586,0.0238345888108204,SPY
2013-06-18,0.7231008161887252,0.050175248275230344,-0.18614152245468726,0.04392790011249368,-0.6430773037460888,-0.6268870519156962,0.17577388365489507,-0.37247028973867263,-0.4202353941604929,-0.7313210527005704,-0.0139132071966345,-0.0389468288578589,0.0185234841023831,SPY
2013-06-19,-1.3671787105776037,1.0881861282601566,0.6563061161768197,0.14402919654397042,-0.6401625393518028,-0.6293757654534102,-0.3833800690334843,-0.7937740051759061,1.5529656711338529,-0.01756076888746522,-0.0250901426949274,-0.0151815639487011,0.0378997983788496,SPY
2013-06-20,-2.439473805992781,-0.4948180429386334,0.3976462833794222,0.42231718093337756,-0.644614928656226,-0.6337443581543013,-1.376006573871471,-0.9905493068287355,3.4640198854962265,0.6961995149256399,0.0032045932019224,0.0157616892369301,0.0647647949608645,SPY
2013-06-21,0.27507228160822533,-2.910109859166539,-1.458006745893178,0.4345651606119127,-0.6511509189712462,-0.6374495183805596,-1.1675608417228667,-1.0522007300699534,2.342567300627354,1.4099597987387449,-0.0127162417305823,0.0084507995770675,0.0635088090345785,SPY
2013-06-24,-1.2523439959257072,-1.6559053405447628,-1.0194449635209368,0.490395828072082,-0.6603885878077946,-0.6424128344758155,-1.611155975971388,-1.1787096973118802,1.396377530119934,-1.4450813365136754,0.009568169562363,0.027009848911975,0.0740989766921904,SPY
2013-06-25,0.885582355826925,-0.7492817007593473,-1.9618695201061565,0.5249661584793833,-0.6653236673063453,-0.6470229177940743,-1.1148612074395834,-0.6993843047383219,0.32057720796848027,-0.7313210527005704,0.0098520577125231,0.0165119860157076,0.0608583748078324,SPY
2013-06-26,0.9128180745183013,-0.28302867525192743,-1.883661724378217,0.5771571756823025,-0.6663433908889427,-0.6498546484465496,-0.6355946527892684,-0.6825595475290889,-0.17650308857559652,-0.01756076888746522,0.0058531104907038,0.0070934311413877,0.0534361594323806,SPY
2013-06-27,0.5291662682216725,1.3705285856177765,-0.7862230662623841,0.5892989713494378,-0.6693887723055845,-0.6524621946409214,-0.32977624487254387,-0.8498691895812499,-0.26469243881221993,0.6961995149256399,-0.0041062964579401,0.0119715174054322,0.0486483644804485,SPY
2013-06-28,-0.4263213272740519,1.0983298354200175,0.6426826237681086,0.5075528891108453,-0.6719441490766142,-0.653921449480841,-0.47901839751998254,-0.9273583988092602,0.2780140297000801,1.4099597987387449,0.005842807604325,0.021766399269258,0.0496748791711407,SPY
2013-07-01,0.5281778278272284,0.07561485653791963,0.30507843679097046,0.5096983025600644,-0.6749207364869355,-0.6553505474312452,-0.19614697410531465,-0.5763293833864732,-0.22086213893767437,-1.4450813365136754,-0.0009296933339042,0.0230952064886658,0.0438320715668156,SPY
2013-07-02,-0.1215637351322277,0.07485997411435184,1.1621031018161843,0.501010114379947,-0.6798370655481127,-0.6563520133050452,-0.21659176272720793,-0.40724269379635364,0.1690145578555169,-0.7313210527005704,0.0004335028382032,0.024388533418918,0.0454734210350915,SPY
2013-07-03,0.009218854573400256,0.30760658286495574,0.6773300259004922,0.40427205689675705,-0.6815975458940361,-0.6557744624070739,-0.20928387251367808,-0.7981358964803081,-1.246109748139831,-0.01756076888746522,0.0107311967547483,0.03748342531554,0.0565316608107089,SPY
2013-07-05,0.997161093524724,-0.08872789483138332,0.24239751990175,0.42082153538528094,-0.6756040843466884,-0.6550033804026035,0.24591506161526497,-0.34095727270448795,-0.3991568577683988,1.4099597987387449,0.0056885854058856,0.027170396352302,0.0474978171772288,SPY
2013-07-08,0.5133820274026869,0.7656541343908249,0.4676590713403528,0.35722074684804,-0.6690446623453439,-0.6549916562594028,0.49724494918540013,-0.391868653943849,-0.6534832729639659,-1.4450813365136754,0.0071716148237328,0.0252952202722074,0.0403460912056923,SPY
2013-07-09,0.6556612032426891,1.1506889022149387,0.9199697041117101,0.38229020250845075,-0.6581974579999658,-0.6541863183707264,0.7998872529413898,-0.4101003097236591,-0.455022502355669,-0.7313210527005704,0.0003636335963479,0.0143699685299383,0.0274758431923629,SPY
2013-07-10,0.0025157251357061875,0.8898818102792007,0.981331713638462,0.3195630443729976,-0.649299166991567,-0.6522033087557101,0.7753977154175108,0.03256143643538154,-0.39539688213918817,-0.01756076888746522,0.0135283947348252,0.0165697935256163,0.0238664928694172,SPY
2013-07-11,1.2655192383310365,0.49972779133594286,1.0410553050339912,0.3461153944819862,-0.6394868875670908,-0.6478039163105461,1.2919138446227236,1.40875178666281,-0.13495903000285858,0.6961995149256399,0.0004181677915102,0.008504505870623,0.0139963419084665,SPY
2013-07-12,0.007747637766308711,0.9654828476367765,1.6457546696795344,0.250319451230823,-0.6308440553669271,-0.6450032081737938,1.2528261241770369,1.3718826780018807,-0.67954428846525,1.4099597987387449,0.0038134093257911,0.0098611919662001,0.0106877989829028,SPY
2013-07-15,0.3334810058720269,0.9694785148603368,1.1695169037725217,0.21975000077431472,-0.6204537180217359,-0.6410829525646173,1.3439559687840277,2.2034152746840157,-1.2710239188477508,-1.4450813365136754,-0.0037536369185362,0.0079963899160455,0.0056930413969231,SPY
2013-07-16,-0.3924878051505742,0.25767102121866176,1.0829245291898622,0.2135059800611157,-0.6121737334984009,-0.6384293754236493,1.1200310240495446,1.8502604089888972,-0.8947438483210178,-0.7313210527005704,0.002563458592026,0.0096239527616113,0.0123984965208086,SPY
2013-07-17,0.21356297990402962,-0.04799303586363341,0.5784153786525471,0.18877649203106153,-0.6031142447000435,-0.6363563279531925,1.1927951887316384,1.7712146595254399,-0.8124157902101207,-0.01756076888746522,0.0054631070798318,0.0033880618475903,0.0046931253180639,SPY
2013-07-18,0.4917500422143639,-0.1395757054731523,0.6799994763082918,0.06144482480657552,-0.5929120477678484,-0.6321324794111148,1.3523920153624756,1.769675137303619,-0.5998281204501333,0.6961995149256399,0.0017748538870874,0.0003547971048298,-0.0148550907736826,SPY
2013-07-19,0.13790566243484065,0.5357261265722632,0.3075585001505508,-0.48560480809660533,-0.5846454963936774,-0.6249974217278805,1.2859588704978167,2.130844962136392,-0.5992422791391705,1.4099597987387449,0.0019486072756365,-0.0003547412434858,-0.0199407778944413,SPY
2013-07-22,0.15457525012114556,0.4779458299622129,0.3702079077589133,-0.48421571276885084,-0.5771854682422773,-0.6179827306418635,1.2303850621923407,2.1018713877525284,-1.0105888820179305,-1.4450813365136754,-0.0021260740729704,-0.0053831302863702,-0.0283023955400336,SPY
2013-07-23,-0.23634235212843469,0.22044186143312564,0.2840945878613215,-0.7063617280730109,-0.5717954171405334,-0.6098583513113368,0.9697902914892241,1.9831822652248303,-0.9764218000058682,-0.7313210527005704,-0.0036724323219949,-0.0032570562133997,-0.0212725732748051,SPY
2013-07-24,-0.38469718216543625,-0.06537532070523809,0.359252613326825,-0.6943135520578992,-0.5673194816627187,-0.6031665006115539,0.6711050500403352,1.6542223584976403,-0.41897572230915503,-0.01756076888746522,0.0024298423370714,0.0011270322429668,-0.0237792260019267,SPY
2013-07-25,0.20074407664763663,-0.4772234027342619,0.07129000138039482,-0.747463757370403,-0.5653167212420197,-0.5972547955318324,0.6610885823646755,1.5176770563111501,-0.4496139888068051,0.6961995149256399,0.0010653155387716,0.0101889325197159,-0.0171354580907969,SPY
2013-07-26,0.06983382905759489,-0.1434158565019003,-0.06878089628178144,-0.7572520035118322,-0.5631660689726736,-0.5918542299982036,0.6008660085210351,1.4215792386917838,-0.4971545689763227,1.4099597987387449,-0.0030797817672478,0.0108209701022126,-0.0148338527113853,SPY
2013-07-29,-0.3278393535372348,0.20371430255550455,-0.10154614488446541,-0.7714322481175779,-0.5625746542275065,-0.5863594639654572,0.35549328123466856,0.9113744641762473,-0.985079838215098,-1.4450813365136754,0.0,0.0124376113038096,-0.0154821501171733,SPY
2013-07-30,-0.03237062827946651,-0.1999704750825801,-0.3337484176048066,-0.7793118705179971,-0.5611364422536483,-0.5814969233095617,0.2597629880556355,0.8982014893896088,-0.8634296362376552,-0.7313210527005704,0.0007116561343716,0.006738978114213,-0.0316971564605772,SPY
2013-07-31,0.03590438168416289,-0.27802510426250476,-0.23557000946947332,-0.7882737604439377,-0.5601148614364132,-0.576452817556515,0.19222845434325242,0.24602165942754184,0.11566113318546606,-0.01756076888746522,0.0114917426138205,0.0027816052532436,-0.0288636461157318,SPY
2013-08-01,1.0701264957716996,-0.00023015178217460503,-0.033120418816605254,-0.7037921953729668,-0.5577089284498244,-0.5701442865093594,0.5767523367547167,0.8410729595703819,-0.4598124754340366,0.6961995149256399,0.0016973531212682,-0.0050518935867023,-0.0387709227156163,SPY
2013-08-02,0.13047037830964006,0.841758607141969,0.3853423973021761,-0.7764193875932365,-0.5553165303786809,-0.564811036143209,0.547305149124429,0.7542722834910891,-0.8011745725831635,1.4099597987387449,-0.0014631405656508,-0.009639621842024,-0.0436406476608741,SPY
2013-08-05,-0.17274170340018885,0.9139796627784047,0.41452879514227225,-0.7750412594863824,-0.5537036111409899,-0.5602713486033449,0.39359888464049164,0.9962044755071543,-1.4172974430543694,-1.4450813365136754,-0.0056986331895965,-0.0093578295365617,-0.0376656296740396,SPY
2013-08-06,-0.5790872502647838,-0.03521197654460575,0.4891824780579512,-0.7469639535246742,-0.5529106228336634,-0.5571776387249439,0.08221337016097698,0.29740018317854916,-0.8255021731566892,-0.7313210527005704,-0.0032457167265977,-0.000707378141616,-0.0237281592250848,SPY
2013-08-07,-0.3437588551838168,-0.5771086709080513,0.22602949471900513,-0.7251772922392961,-0.5520235261574826,-0.5544942229393909,-0.11186394532323134,-0.31548247322540657,-0.8731995000698894,-0.01756076888746522,0.0036582437738745,-0.0026035740257368,-0.0192164842591822,SPY
2013-08-08,0.31859470181104593,-0.7077162854258329,0.04328488914413797,-0.9077184631175086,-0.5508540789331702,-0.5529069954484392,0.017799906222027578,-0.1857203009542038,-0.5650396432548843,0.6961995149256399,-0.0028903751340534,-0.0203469268115261,-0.0223927546214293,SPY
2013-08-09,-0.30966802170441915,-0.022147047875743762,-0.3184524821043283,-0.891336503775512,-0.5505853905083354,-0.5516964681155833,-0.13208987519770035,-0.5321958485447461,-0.7337030126406027,1.4099597987387449,-0.0011813482601885,-0.020767384911144,-0.0099714432711683,SPY
2013-08-12,-0.14570705628076056,0.003888483597155868,-0.5303058049923989,-0.903401077617399,-0.5498864088035806,-0.5510508128027091,-0.19609595063743096,-0.4659750008517,-1.10880732270161,-1.4450813365136754,0.0029518182053491,-0.0259990470209112,-0.0014201126436015,SPY
2013-08-13,0.2508215029300683,-0.3507036985806107,-0.5172931257415673,-0.9189140700481887,-0.5485154643418203,-0.5496452395174896,-0.0940655739408751,0.017498587792762192,-0.8786802508357512,-0.7313210527005704,-0.0051419126107186,-0.0240471170340024,-0.0012386980728162,SPY
2013-08-14,-0.5256764789188592,0.07734810213780052,-0.11783030438217879,-0.8835006944409106,-0.5484750885696197,-0.549113885053478,-0.32864227340132335,-0.5302373226154307,-0.8922763873342298,-0.01756076888746522,-0.0140851090119147,-0.0250842894724003,0.0012433153512132,SPY
2013-08-15,-1.3836706616536456,-0.2128385800918735,-0.20539333700768136,-0.6972343913835314,-0.5542279873481928,-0.5507885535212456,-0.9058018915453631,-1.311084827558072,0.32827612830678365,0.6961995149256399,-0.0033108332336713,-0.0019255702122844,0.017575045725577,SPY
2013-08-16,-0.35000601579204016,-1.4611175996979193,-1.024750552092161,-0.6983384106700072,-0.5611097794878848,-0.5530348408014992,-1.0054706563189932,-1.3178178676768622,-0.014988164788409346,1.4099597987387449,-0.0064130103699557,0.0047521839395701,0.0266563945369426,SPY
2013-08-19,-0.6476233124879837,-1.3269562019028227,-1.0441665768830646,-0.6802160483205096,-0.5690804962816206,-0.5562159916567171,-1.2197256228151734,-1.532214494611461,-0.5983534814415434,-1.4450813365136754,0.004903748192258,0.00743711513649,0.0375220738748893,SPY
2013-08-20,0.43808615627587166,-0.7648290266807072,-1.2857556467884432,-0.6422528308464757,-0.5746586877963609,-0.558610288288761,-0.9649343683469617,-1.2841532366301658,-0.7048654967935599,-0.7313210527005704,-0.0061790850491165,-0.0136816393991718,0.0441262490194347,SPY
2013-08-21,-0.6251809378077676,-0.16295466764473698,-1.195618910094892,-0.6232096216471675,-0.5808685935037581,-0.5612735782649757,-1.1790174840107497,-2.2154365620130294,0.5429746102476463,-0.01756076888746522,0.0090736102482011,-0.0039573878708383,0.04862837774193,SPY
2013-08-22,0.838135224451004,-0.1458151878292517,-1.2435137319443847,-0.5374522076980046,-0.585895771487102,-0.5632038101408908,-0.7533408335119739,-1.7203987262114229,-0.47385722904473954,0.6961995149256399,0.0033669209181832,-0.0114465321051033,0.0325382526371562,SPY
2013-08-23,0.29064571083871404,0.1597065328840121,-0.17408429845596307,-0.5247888756978323,-0.5895114257039222,-0.5648784786086579,-0.575972484752304,-1.4833149697257908,-0.6552069404916192,1.4099597987387449,-0.0037280791730358,-0.0179858248472761,0.0245333656150057,SPY
2013-08-26,-0.3900358410004604,0.8591330678485817,0.13428279038783394,-0.5216799477987232,-0.5936917810170049,-0.5666203985949181,-0.7037822880907083,-1.4231019969561116,-0.6525908774281352,-1.4450813365136754,-0.0162150063434038,-0.0097458682530566,0.0259047606764912,SPY
2013-08-27,-1.5880091820506241,-0.07883421441167451,0.2582682498869906,-0.3334747541364751,-0.6021329378887282,-0.5701580092307176,-1.3312403292457053,-1.7411632427039196,0.5796327909029753,-0.7313210527005704,0.0035451664792169,0.0147079753497054,0.039224916259057,SPY
2013-08-28,0.30774626947620065,-1.5135829019168656,-0.7169591556263143,-0.31747467138486174,-0.6086251687026865,-0.5733862221461028,-1.1191036707834896,-1.7537232094374946,-0.30838462333685485,-0.01756076888746522,0.0015844660139361,0.0124287671097933,0.039517785362257,SPY
2013-08-29,0.11964019220484363,-0.9806792957461432,-0.26791010907759044,-0.4494596284358415,-0.6115957773439674,-0.5777510659217255,-0.9682824983514717,-1.6073909915219122,-0.08483558736574154,0.6961995149256399,-0.0031723718239895,0.0113262745074846,0.0333263518744635,SPY
2013-08-30,-0.3367222771027776,0.3234706616012459,-0.6137457827090095,-0.4604903360716827,-0.6145261119793294,-0.5826606049888021,-1.0105971123701114,-1.6509909035974852,0.22836261618736223,1.4099597987387449,0.0045118774211836,0.0240295825476817,0.0311556389341758,SPY
2013-09-03,0.40049077908828556,-0.16871680978711545,-0.9157189641327652,-0.42445947767156905,-0.6150368515048061,-0.5869043374740719,-0.7353371786708317,-1.5788447089247635,0.38772364832616396,-0.7313210527005704,0.0082388372593582,0.0268876874938763,0.0345287103357199,SPY
2013-09-04,0.7580486048352761,0.0457717652253686,-0.5352120797256675,-0.36072561654308966,-0.6148083098780385,-0.5895810573863098,-0.3266296137344852,-1.0763796012010054,-0.46472460798729337,-0.01756076888746522,0.0012659582393048,0.0217820830106525,0.0253448488829883,SPY
2013-09-05,0.08908312898828401,0.8818599110176951,0.5940239465408969,-0.36012457566061035,-0.6129265495660899,-0.5917466632120485,-0.22927051675294743,-0.5558868226469222,-1.077409642171521,0.6961995149256399,0.0004819734116274,0.0178562255846586,0.0148153256256673,SPY
2013-09-06,0.013869034236928708,0.6440345824003252,0.4887740685388288,-0.37593195482963326,-0.612953390422846,-0.5942754628810762,-0.15880880274989434,-0.39993859273886156,0.7551733010618611,1.4099597987387449,0.0095309362162074,0.0196208735354801,0.021881195755081,SPY
2013-09-09,0.8820102555428495,0.0756967433297177,0.43786287496765774,-0.29580613505075193,-0.6115957264608268,-0.5954052578402291,0.28195119162713084,0.24229805248297884,-0.592440621794871,-1.4450813365136754,0.0073699823673782,0.015860452896967,0.0036684934542812,SPY
2013-09-10,0.6746922287123276,0.6812636084401757,1.0244795772243138,-0.2526282636964145,-0.6077379448186537,-0.5955666589386504,0.6116346359118293,0.3203062088347507,-0.2334543955554165,-0.7313210527005704,0.0031332327761344,0.0129431394975796,-0.0154165506751731,SPY
2013-09-11,0.26822609066519815,1.185941298065425,1.156461899697705,-0.25179834732504003,-0.5995790112872104,-0.5957078705787473,0.7539906739969762,0.7294712654364496,-0.4351055618325404,-0.01756076888746522,-0.002659899186689,0.0213178300582486,-0.0178249744841041,SPY
2013-09-12,-0.2875565737133523,0.7171878147605225,0.9206939520498673,-0.2661123626359157,-0.5928046080161133,-0.5955666843982446,0.6326862292142299,0.31796678823957086,-0.6379759440699766,0.6961995149256399,0.002246621362449,0.0223007729183164,0.0061639889207283,SPY
2013-09-13,0.18316618577631547,-0.017691811912363055,0.7394046745263243,-0.4306458561021491,-0.585868803422494,-0.5935826818590487,0.6931325528815454,0.2815130922508517,-0.8138458505469948,1.4099597987387449,0.0057705155776943,0.0130376366992948,0.0103393532488826,SPY
2013-09-16,0.5212422607743844,-0.08265296436273767,0.8208930520638349,-0.4287552554080144,-0.5769168815837241,-0.5905697552735397,0.8905644735779548,0.679017476391829,-0.11767044398396359,-1.4450813365136754,0.0044526689679909,0.0026291550176331,0.0085550832220171,SPY
2013-09-17,0.39481042654662973,0.5350352926072757,0.6472433580563992,-0.4767606455991316,-0.5679380934466275,-0.5863327313913832,1.005247271654655,1.9813121996284695,-0.7356955710576635,-0.7313210527005704,0.0115079233368033,-0.004180198061908,-0.0031784058907957,SPY
2013-09-18,1.0716788452414965,0.6966702463247313,0.5125268920474998,-0.40775285705288095,-0.5581258649052924,-0.5813087896370664,1.4229273609186033,2.058411978644768,2.842189364842486,-0.01756076888746522,-0.0016769563266212,-0.0185829721595496,-0.0008169446093022,SPY
2013-09-19,-0.1932548030638705,1.1170445099045745,0.8992555570199796,-0.45501298062674056,-0.5489855991209629,-0.5757938723353865,1.236339093378137,1.9009254870594792,1.1756955513262655,0.6961995149256399,-0.0070165148565726,-0.0130679802505113,0.0075217006892751,SPY
2013-09-20,-0.7055224478242479,0.6679328505228644,0.9446461511278395,-0.4277423424799388,-0.5415765049934737,-0.5721001307371973,0.8477405429645544,1.5861081118829448,0.7630173841374027,1.4099597987387449,-0.0046379661039672,-0.0106584328677961,0.0212693453165799,SPY
2013-09-23,-0.47732875716420897,-0.6893346456573345,0.5168906087004569,-0.40037702390787266,-0.5373717003312506,-0.5693169260715649,0.5860549289088838,1.1828014303146,-0.07715987182284723,-1.4450813365136754,-0.0023566841115503,-0.011363551528106,0.0259645552984917,SPY
2013-09-24,-0.25846666458961876,-0.9062849404360768,0.036245002038425136,-0.410092678892561,-0.5353739010167767,-0.5663870614126431,0.42399308558251597,0.8342255037374311,0.001827935269356109,-0.7313210527005704,-0.0028948507608381,-0.001121918593828,0.0340961510541815,SPY
2013-09-25,-0.31009740529090185,-0.5648636923584138,-0.2781990967256027,-0.685901300506596,-0.5347503281266429,-0.5619926972373646,0.2103534357055397,0.6103243618061128,0.35328788549680945,-0.01756076888746522,0.003838035582417,0.0008279079736368,0.0321907851539133,SPY
2013-09-26,0.3358436046543516,-0.437147333426237,-0.9432941898911945,-0.6848395912471101,-0.5326439187481963,-0.5575491451257899,0.29318505666852457,0.706976413130648,-0.8793362769693842,0.6961995149256399,-0.0046069674738573,-0.0122736926267963,0.0316696686906441,SPY
2013-09-27,-0.47435480432744864,0.01673372902755356,-0.6886214419412052,-0.6423487679648194,-0.5321017588832941,-0.5538075140306168,0.017948862933798795,0.13197236288873124,-0.1931664135201249,1.4099597987387449,-0.0053430847642772,-0.0001188816118977,0.040833641035511,SPY
2013-09-30,-0.5449765736208411,-0.10871139054852445,-0.5773527286968386,-0.6169456882964461,-0.5340925363243415,-0.5503244760353199,-0.282585236237741,-0.4650653327958835,1.2206482586700984,-1.4450813365136754,0.0078849488227277,-0.0034575629322128,0.0477670139019377,SPY
2013-10-01,0.7240971845214531,-0.7814031124244857,-0.6099138837835106,-0.5870809524645927,-0.5353084907393173,-0.5464403094011434,-0.012479050156003648,-0.24908294749425783,0.6746793339950883,-0.7313210527005704,-0.0009450241933732,-0.0230575735170166,0.0452018681359751,SPY
2013-10-02,-0.12303455022457738,0.13386739550494733,-0.1369730624936174,-0.6256043549991097,-0.5394019376479653,-0.5435788928616483,-0.10877391052715434,-0.16460806133261646,0.24155978398957406,-0.01756076888746522,-0.0092635650180161,-0.0213877403564399,0.0411674525626502,SPY
2013-10-03,-0.9211004000845755,0.45610899855957004,-0.04693345805678209,-0.5256582080875986,-0.5452126905575942,-0.5419129570347451,-0.5437175752247501,-0.6740693689495004,2.1158444957583487,0.6961995149256399,0.0075478435410412,0.0092048888797195,0.047590324983151,SPY
2013-10-04,0.6917559099166033,-0.8003458639776759,-0.6519426189926798,-0.48656450288193387,-0.5476844917699091,-0.5394425616751701,-0.2627216845868508,-0.5973541209163052,-0.27664652878564755,1.4099597987387449,-0.0086817660845923,0.0080790310292817,0.0424289742548769,SPY
2013-10-07,-0.8652836564947599,-0.17808173888262674,-0.09065455673751417,-0.4797298718524353,-0.551061198757674,-0.5390282195068198,-0.6473407810506957,-1.0989454278989368,-0.29007485412083234,-1.4450813365136754,-0.011715061762076,0.0207470426647029,0.0546235404226242,SPY
2013-10-08,-1.1562925898832195,-0.13545389919295658,-0.24482906150523093,-0.4186127628262521,-0.5565314925724115,-0.540765696793864,-1.1180798671524395,-2.002155869141282,2.067099874404268,-0.7313210527005704,0.0007248089672033,0.0251812842819569,0.0631662041329867,SPY
2013-10-09,0.03716624081705328,-1.5468281593455468,-1.1499235091145457,-0.4297195246029348,-0.5611778102470941,-0.542778494134277,-1.0494110860182182,-1.9269151054847806,1.7132412290237113,-0.01756076888746522,0.0213290642181434,0.0383258599330504,0.0675346326857884,SPY
2013-10-10,2.013901442844475,-0.8576175913971267,-1.072813513916703,-0.08832154988112352,-0.5618800993559988,-0.5420759366280167,-0.140112095516001,-0.7590882594747084,2.300480596906793,0.6961995149256399,0.0064219856906033,0.0236584846868632,0.033481380415691,SPY
2013-10-11,0.5837431320542257,1.5634932495606841,0.3399009710890425,-0.06683201624122909,-0.5600567783312242,-0.5408923582757862,0.11873115639364494,-0.3893801303302068,-0.1519844743415816,1.4099597987387449,0.0039862455508288,0.0239676287669921,0.0404603711826903,SPY
2013-10-14,0.35006260254012134,1.9809198244421995,0.2879108109399116,-0.07711357778341454,-0.5560991639668613,-0.5399082431155405,0.27536291794402723,-0.18509371358976495,0.0348894590111385,-1.4450813365136754,-0.007280820144822,0.0200386270941077,0.0366436760908985,SPY
2013-10-15,-0.7308794219541794,0.7102284370126747,0.8728975865266297,-0.053448969463366636,-0.5556128992320946,-0.5402733464284059,-0.03775886652692292,-0.33334662594707726,1.1638529773522743,-0.7313210527005704,0.0138693846182968,0.0330943588830692,0.0418919292841559,SPY
2013-10-16,1.2982331946465788,-0.29376276491978226,1.0776631630435323,-0.014853404492052665,-0.55170939908794,-0.5403683870941379,0.57599700453769,-0.0611181448095758,1.2813984151956246,-0.01756076888746522,0.0066616889719561,0.014424757603666,0.0360150562328422,SPY
2013-10-17,0.6067398338772602,0.43036518306298355,1.6846568371800819,0.00946019150392282,-0.5441454166799479,-0.5394911513109995,0.8557984151485699,0.24293467037390573,0.41606275616850497,0.6961995149256399,0.0067311297707322,0.0110799877508576,0.0343306124767073,SPY
2013-10-18,0.6134018592562827,1.4519192103352394,1.0073429225325592,-0.005369527342254418,-0.5367165798938396,-0.5370108776288146,1.1089968803773895,0.562747715891974,0.6380989031427188,1.4099597987387449,5.724387794447949e-05,0.0089058628511349,0.0319405806463111,SPY
2013-10-21,-0.026878753554790358,0.9289062485972259,1.0216186592330738,-0.02596916581634548,-0.5273023592796059,-0.5339899821902714,1.052333514782473,0.41229878799420155,-0.2633127604213039,-1.4450813365136754,0.0057749116441394,0.0104389070753398,0.0283782475779341,SPY
2013-10-22,0.5216640114849366,0.4450050062041222,0.8401841858490393,-0.02382373507950804,-0.5138899958793853,-0.5300161341349756,1.2342655485261487,0.56385926130707,0.3137442684534627,-0.7313210527005704,-0.0048002166611063,0.0099837984879656,0.0204273108474568,SPY
2013-10-23,-0.49289478388729513,0.37494383787424074,1.443075204735893,-0.01055497924514394,-0.5017742621138315,-0.5262787802516535,0.9454713278071666,0.7269644144519661,-0.2603792961722475,-0.01756076888746522,0.0033169191191477,0.0098045753823736,0.022094490366995,SPY
2013-10-24,0.2858486281432032,0.019042447785707572,0.5809454429199127,-0.011856291389052682,-0.4936971486727458,-0.5225887557542408,1.0223348425208398,0.6523438064949847,-1.1576166481819692,0.6961995149256399,0.0045570048710095,0.0036469636657106,0.0268138168261904,SPY
2013-10-25,0.4048202254847775,-0.1610522641401828,0.42648978029618695,-0.033227703465999896,-0.48601163188302465,-0.5178309685993243,1.1344120765558783,1.111354824673475,-0.531327134134821,1.4099597987387449,0.0015902881021494,0.0014764516074681,0.0272465281282929,SPY
2013-10-28,0.12019875287982917,0.5245422196180112,0.32609246843586415,-0.06986572105261596,-0.47886641772356786,-0.5122756214618069,1.097869919962916,1.7419849042277564,-0.755372650858586,-1.4450813365136754,0.0053198030567651,0.0033989635884736,0.0246607662692444,SPY
2013-10-29,0.47800171190404267,0.398033651163484,0.39688578812637365,-0.08426321075759444,-0.46877659620776274,-0.5069838320450657,1.234556056344037,1.7862711067178025,-0.7220083772008447,-0.7313210527005704,-0.0049794397666982,-0.005093237520005,0.019617473075904,SPY
2013-10-30,-0.5100891263920562,0.453923129314657,0.37586966399167177,-0.057260793311943343,-0.46307659045401944,-0.5021786773148492,0.9178816140917018,1.2092094039641097,0.6729821493654906,-0.01756076888746522,-0.0028406925975152,0.0049794397666982,0.0270293419576601,SPY
2013-10-31,-0.3049015684788607,-0.02743441589417711,0.36759345224919526,-0.12762673944723307,-0.45960546979855627,-0.4966572168974199,0.6851080395726851,0.8991340247206497,0.4858410369358564,0.6961995149256399,0.002386492812767,-0.0049040556877404,0.0292070421507242,SPY
2013-11-01,0.19658520122894171,-0.6253459632594938,0.08324563768185275,-0.14673343562779734,-0.45714720350168647,-0.491710163118059,0.6969491263316607,0.8630340445226321,0.7093209271071592,1.4099597987387449,0.003512800083155,0.0061104279570951,0.0242204145267477,SPY
2013-11-04,0.3046410956332684,-0.08565127644637271,-0.016984839433678723,-0.23291313865499,-0.4538648847400495,-0.48535739602570993,0.7324300943782764,1.4230677270198526,-0.8294807046630966,-1.4450813365136754,-0.0031723980517135,0.0027671783329772,0.0163780828011219,SPY
2013-11-05,-0.33672479334346034,0.37986292769160085,0.07179342484029849,-0.36802115629933924,-0.4527033498441271,-0.4780652844697901,0.4532426513783811,0.8569535902352797,-0.8422837147949841,-0.7313210527005704,0.005093237520005,0.0039070094331261,0.0194387689144228,SPY
2013-11-06,0.4562654216753777,-0.027431577351500824,-0.32036167313831765,-0.37052931550882756,-0.44919152267604806,-0.4702459683637384,0.5317258628707564,0.8113517232461029,-0.8065590935808324,-0.01756076888746522,-0.0127241880519539,0.0068062834801043,0.0099405824057479,SPY
2013-11-07,-1.2531063517104983,0.0883655302525453,0.14477706978786545,-0.47138356975544654,-0.44948873110128423,-0.46635326003565525,-0.1017065336364246,-0.29784464646681075,1.0615496115517604,0.6961995149256399,0.0134009764576026,0.0245077167478795,0.0337796969798684,SPY
2013-11-08,1.2532949579141983,-0.6114847951571124,-0.31162558469436547,-0.37734836293386115,-0.44767881778410273,-0.4616021814838515,0.39947337070436995,0.22727522764338828,0.5180994710166072,1.4099597987387449,0.0001695504590371,0.0154478382306129,0.0229174196641723,SPY
2013-11-11,-0.01610426209361507,-0.0027848762152361877,0.19700414012595974,-0.3782730401805401,-0.44620653954749917,-0.4572903827730704,0.32644487184906423,0.03339720812842508,-1.455373577087309,-1.4450813365136754,-0.0020325669515646,0.0117731985811433,0.0191587657172451,SPY
2013-11-12,-0.22737144702791362,0.9419267529597292,0.04261867902283605,-0.4355457481943315,-0.4464902384988615,-0.4523838479381275,0.1456417044984756,0.18115416850095978,-0.8703816126561291,-0.7313210527005704,0.0079925115669832,0.0116297404463701,0.0098964656623827,SPY
2013-11-13,0.7344165608059622,-0.18887390082956176,0.0952540995749578,-0.5279489041397284,-0.4436672927320941,-0.4481193531536601,0.4191960848836515,0.34562730776840894,-0.3472342862202404,-0.01756076888746522,0.0049772452158212,0.0005041917378187,-0.0014025375936173,SPY
2013-11-14,0.44513732856781796,0.3843068199489979,0.2291375396202543,-0.5404631566208955,-0.43896670818778083,-0.4440306059490339,0.5637525882190618,0.3619404917234527,-0.3375248214735948,0.6961995149256399,0.0043410979403359,0.0035631921003407,-0.0064918762540351,SPY
2013-11-15,0.384106502759724,0.8979089119424474,1.0465589841684444,-0.5576460295566159,-0.4337800115581235,-0.4402054164651838,0.6854915204455422,0.44833464162460096,-0.35504290487698514,1.4099597987387449,-0.0035050891904324,0.0042118103331167,-0.0046205184729428,SPY
2013-11-18,-0.36864258300869135,0.63037340134705,0.6281895293911836,-0.5363476792878055,-0.4302817701886296,-0.4368127345702572,0.4666603299373392,0.09086472503054221,-0.30879933061399045,-1.4450813365136754,-0.0021760250863378,0.0067214257666501,-0.0043010190004935,SPY
2013-11-19,-0.24113456253826146,0.008881042919902481,0.45850105247379896,-0.5448210497008499,-0.42655379143856065,-0.4343662457697829,0.3251086992968637,0.2361975988973121,-0.6099010574764002,-0.7313210527005704,-0.003133037141568,0.0091739607164127,0.0148035480915194,SPY
2013-11-20,-0.33294857839558456,-0.46862219687470025,0.45187640496731835,-0.5604097849603686,-0.42479796690001737,-0.4317305539938506,0.1384572778974192,0.21778689454351183,0.25831374495019405,-0.01756076888746522,0.0080362455783431,0.0147394269730387,0.0167800519156147,SPY
2013-11-21,0.7386123232214484,-0.4413623065860182,-0.06188211159817928,-0.5217257865797573,-0.41807149554752565,-0.42851364513835905,0.4339215791092824,0.40148016487808313,-0.6225486134757847,0.6961995149256399,0.004989716173112,0.0060401889902443,0.0145443057259821,SPY
2013-11-22,0.4463337697873364,0.30688079210738123,0.07937721228709187,-0.5190488058279931,-0.4133171275234186,-0.42522917924924386,0.5945824195974933,0.4470148244675162,-0.9157616059356074,1.4099597987387449,-0.0009954737568991,-0.0015496619940771,0.0148825523458349,SPY
2013-11-25,-0.1278745906402102,0.9020269951078972,0.10932927575989841,-0.5143871845648008,-0.4088463566843918,-0.4222555495476236,0.49545209967379533,0.5616797280929575,-0.9337881992248348,-1.4450813365136754,0.0002765098634247,-0.0048837198796487,0.0180670183014832,SPY
2013-11-26,-0.005842769151218701,0.24028173944178627,0.2252189577933768,-0.5298302360397596,-0.40382179918279765,-0.4198834409520616,0.464001354029866,0.4205839256339167,-0.704783442537002,-0.7313210527005704,0.0024324291150579,-0.0052719416814861,0.0228616660864444,SPY
2013-11-27,0.20099224747659733,-0.105050284134366,0.3384727622234084,-0.5632685766978662,-0.40012091570518804,-0.41661921544045866,0.5117669504623877,1.3537727567380051,-1.425372604943724,-0.01756076888746522,-0.0006629924044512,-0.012109319785214,0.0203748241252137,SPY
2013-11-29,-0.0959769274926202,0.14610881173681448,0.595476327881412,-0.5762476268232415,-0.3977843618810393,-0.4130981535409912,0.41769460106852413,0.9259970788166412,-1.4916883520072373,1.4099597987387449,-0.0026001348112094,-0.0003314008585961,0.0208745602243425,SPY
2013-12-02,-0.2818228869870476,0.07727239805104577,0.19376062662746382,-0.5626745918869066,-0.39713608522606186,-0.4101786000177837,0.24939712549170306,0.6792513539986055,-0.3064831239664289,-1.4450813365136754,-0.0043295316424707,0.0048074330945198,0.0281964130913081,SPY
2013-12-03,-0.44773810949783993,-0.29145864621965095,-0.15672550981459749,-0.541929289960139,-0.3966903234713482,-0.40820520139963734,0.023046293341842574,0.48544552532960344,0.13497128778499867,-0.7313210527005704,-0.0001117119384126,0.0055478612491004,0.0228959462728495,SPY
2013-12-04,-0.043088070791096736,-0.5601023955892184,-0.31068651239581696,-0.5563233374874543,-0.3957449147158455,-0.4058668522261916,-0.024225268473507915,0.08404823896825771,0.3022538795192361,-0.01756076888746522,-0.0044049489886699,-0.0056352938189139,0.022843776643187,SPY
2013-12-05,-0.45497351409071624,-0.377778081796732,-0.32861392094305225,-0.549429334831154,-0.395110071210031,-0.4046706713747549,-0.23840737226480554,-0.5863614399296893,-0.13938472745445107,0.6961995149256399,0.0111149265221666,-0.0045368365192608,0.0243467529911702,SPY
2013-12-06,1.0339754374591859,-0.38330383710308974,-0.6443521666503096,-0.636617997146741,-0.39371884981667404,-0.4006089495295379,0.17523315943323925,-0.14425051808023295,0.40656125896564843,1.4099597987387449,0.0025386991419065,-0.015763856486024,0.0193543683565371,SPY
2013-12-09,0.2111876027774128,0.4392609994034916,-0.1004683264477187,-0.7906904027405269,-0.39292194350750775,-0.3978313459746638,0.23667611823357287,0.24774503627458705,-1.160898481560902,-1.4450813365136754,-0.00358910348789,-0.0120900999065023,0.0170337417301196,SPY
2013-12-10,-0.37670276364785626,0.948015317033158,0.13683410040696478,-0.7666226858144818,-0.39275985526258567,-0.3955132753681225,0.03683920863339111,0.137864329031816,-0.8474327664863115,-0.7313210527005704,-0.011294867006427,-0.0116865861365953,0.0212767775758475,SPY
2013-12-11,-1.1159798605424784,-0.12933460241781364,0.17102578661371085,-0.6213647200132781,-0.3954072287521266,-0.39432384130919057,-0.47730790235863435,-0.37955695871811757,0.4734701453918961,-0.01756076888746522,-0.0033064916890168,0.0165368228755067,0.0352904465414507,SPY
2013-12-12,-0.34958949580404725,-1.1429064847816148,-0.34539289158135666,-0.6700991993868716,-0.39944579819345455,-0.39449280390713587,-0.6174860268558869,-1.0249480240772422,0.11173979647078884,0.6961995149256399,-0.0001120934445966,0.0186867812470508,0.0252027137523969,SPY
2013-12-13,-0.04312467180843608,-1.1221997942658988,-0.2946680412783284,-0.6982262821826776,-0.40334919657132745,-0.3952767811961473,-0.6083948780374053,-1.409144721126364,-0.09602818760806213,1.4099597987387449,0.0062124557214282,0.024599374080358,0.0361533400123201,SPY
2013-12-16,0.5636412035494697,-0.30284889605387444,-0.8131123243132911,-0.6763150565323175,-0.40511855602531577,-0.3958377197088011,-0.32887025166020334,-0.9037496455168734,-0.42009164083123,-1.4450813365136754,-0.0031855897179831,0.0237148811518945,0.0353166676148264,SPY
2013-12-17,-0.33799037808655974,0.39459508487428196,-0.6434646260323892,-0.6783973540814712,-0.4066043946189342,-0.39635812654724,-0.45800744268665894,-1.0682651972229666,-0.5963415297824748,-0.7313210527005704,0.016928542005675,0.0290894630686269,0.0372016022130408,SPY
2013-12-18,1.5917232539825896,0.16940301438060507,-0.6248310609587108,-0.4258545742579107,-0.403943460772378,-0.39455367779724154,0.2501010623447851,-0.3137511168234072,3.1855138628367174,-0.01756076888746522,-0.0011565333174727,0.0172320787113378,0.0160348217067678,SPY
2013-12-19,-0.1433263552942312,0.9545601915127885,0.6784769489494851,-0.4355955002143149,-0.40049920641524117,-0.39251268395607936,0.16219375187139073,-0.33622330042942294,0.6189022307866695,0.6961995149256399,0.0058004993887106,0.0183341991826377,0.0201273462148385,SPY
2013-12-20,0.5241188536919641,1.1032271724803304,0.777758292510821,-0.4589393085573836,-0.39833028709835855,-0.39073135251775604,0.38587016977930455,0.00700503581846766,2.0567168701360004,1.4099597987387449,0.0053279627929647,0.0123704434886047,0.0149785382395091,SPY
2013-12-23,0.4787845423237091,0.2878863571505182,1.0507915605923208,-0.45637175455276346,-0.3954654136235971,-0.3888991655397066,0.5887747969738086,0.3953036336109792,-0.714546978864234,-1.4450813365136754,0.0021889921987492,0.0117641987513961,0.0014231695097626,SPY
2013-12-24,0.1776373474290232,0.7629990546546767,1.0099472133386163,-0.457611531748542,-0.39117952667655764,-0.3866736023692586,0.6455428575459414,0.46440570069243997,-1.632302946427624,-0.7313210527005704,0.0050711576483859,-5.479190828250324e-05,-0.0223326706657616,SPY
2013-12-26,0.4541471184921686,0.498387449704168,1.2581360717072667,-0.4441041113548279,-0.3828886531610982,-0.3838498532996138,0.8200783937121896,0.8285481734063329,-1.1543298155979265,0.6961995149256399,-5.4412846172802176e-05,-0.0052898311247435,-0.0323348917434778,SPY
2013-12-27,-0.037590898906203846,0.4795715875468241,0.7105826559314284,-0.4445605172895934,-0.3738145100181992,-0.3813302827335402,0.7716279208848884,0.5327738328802495,-1.1534733974929963,1.4099597987387449,-0.0001632563053224,-0.0081373909192574,-0.0263433066113583,SPY
2013-12-30,-0.048033144674908684,0.3151994907278162,0.7614766651389283,-0.44578683371845546,-0.3647541562064486,-0.3787499783051296,0.7173201804523072,0.4409640014591526,-1.2344547433249566,-1.4450813365136754,0.0047217180557561,-0.0018515927264015,-0.0358321239833987,SPY
2013-12-31,0.4206225122726872,-0.06832090793457546,0.48608078500850266,-0.4478543269335552,-0.3560115167256648,-0.3752608681965787,0.8645332355308757,0.8153193382711525,-0.5332804774310638,-0.7313210527005704,-0.0096299984609293,-0.0063552382666687,-0.0300089255383859,SPY
2014-01-02,-0.9562553657450585,0.28162153906540793,0.45808545596693095,-0.37544193486283695,-0.34890270945342816,-0.37244739207325656,0.3852159256803523,0.9083340170202956,0.2525788833038544,0.6961995149256399,-0.0001638815680751,0.0039286925520984,-0.0262547426875707,SPY
2014-01-03,-0.048093131259171286,-0.4119974138223897,-0.08769500553522987,-0.3753343827801893,-0.34595426041995236,-0.3696407136616278,0.3274490995939617,1.1315113846016218,-0.6324166326721506,1.4099597987387449,-0.0029019726406867,0.0068113760793497,-0.0488532247579556,SPY
2014-01-06,-0.31078066563833395,-0.7699605271732429,-0.32944002436238656,-0.38707427297161673,-0.3434418544613034,-0.36666027351851727,0.14606350893144232,0.926216836527508,0.04071083250475484,-1.4450813365136754,0.0061225418875334,-0.0036808757580342,-0.0389708547817733,SPY
2014-01-07,0.5550150319919712,-0.2770046456533494,-0.4609353900459277,-0.44956621605302094,-0.3408346023282593,-0.3642704959644715,0.37331218181456477,0.9285270249428563,-0.48458286608593226,-0.7313210527005704,0.0002180725154889,0.0010351151697589,-0.0463485085176893,SPY
2014-01-08,-0.0114491432409859,0.18359546186155945,-0.1706681466416053,-0.45142199773463665,-0.33949019342441006,-0.36216436375114897,0.3451597224302211,1.1628791419681141,-0.2065894351143614,-0.01756076888746522,0.0006539323578378,0.0061928259782044,-0.0334656653722307,SPY
2014-01-09,0.030366466351691917,0.4121981235393661,-0.3786386757828833,-0.46911998954901934,-0.3385259579068225,-0.3595374428054722,0.3269865527601293,0.6476706341973987,-0.35169360666975896,0.6961995149256399,0.0027188019591761,0.0042382385005979,-0.0217999435790519,SPY
2014-01-10,0.22846634323879814,0.011518443730708509,0.09625538834996984,-0.6164011891505963,-0.3381457590789905,-0.35519883514183376,0.36950721264200337,0.867242784104805,-0.031729421275095565,1.4099597987387449,-0.0133942244780707,-0.0027188019591761,-0.0226833968675679,SPY
2014-01-13,-1.3173884416969972,0.19474444795420692,0.22937270700860685,-0.4356551407200995,-0.3410790958196581,-0.35212625672674835,-0.2730270513891459,-0.41274748890065777,1.265028664029926,-1.4450813365136754,0.0108385328153266,0.0136114137094924,0.0015947813992092,SPY
2014-01-14,1.0074587221848228,-0.834550284527258,-0.2551412599531033,-0.3668341047883152,-0.34128283191530007,-0.3476948106522898,0.12313201765734513,-0.1312597465726813,0.06506431500042262,-0.7313210527005704,0.0053757833239345,0.003424572307547,-0.0087495239966095,SPY
2014-01-15,0.4833723580829481,-0.23962553411159704,-0.037364989616249136,-0.37220489854953065,-0.34132356386948665,-0.34334077447447164,0.2826612580234435,0.010036311774785414,-0.09407606721676481,-0.01756076888746522,-0.0013006551197687,-0.0101786169531692,-0.0089753859790722,SPY
2014-01-16,-0.15715314187343266,1.1356346074791002,0.2008091376323307,-0.3845342489943687,-0.3392865082119087,-0.33876460333589525,0.14423045891073705,-0.29360194002764944,-0.792632287557821,0.6961995149256399,-0.0042382385005979,-0.0304448098101755,-0.0021713892115426,SPY
2014-01-17,-0.4389796096129478,0.24620816213516197,0.11054968263387575,-0.5695838665280254,-0.3382679549415494,-0.33677969698110005,-0.0767617310949825,-0.5090841099837452,0.18403665489465731,1.4099597987387449,0.0029359911905979,-0.0311376347389078,0.0032618391431045,SPY
2014-01-21,0.2493030875920387,-0.4582018282671826,-0.21071436284662995,-0.5696945071628959,-0.33579640814493844,-0.3342859551735006,0.008028265127796952,-0.36159940748059316,-0.33335180725728225,-0.7313210527005704,0.0006516914133811,-0.0281364536435591,-0.0063178209638232,SPY
2014-01-22,0.03015147416976653,-0.14778689045121643,0.5433866344984409,-0.5927518944857825,-0.33468270340133965,-0.3324241586872147,0.003864744893347531,-0.5591592335629102,-1.0703513755441219,-0.01756076888746522,-0.0082274059367817,-0.0384402187343031,-0.0010860152965106,SPY
2014-01-23,-0.8216931608599022,0.21049349902997272,0.07297599101001735,-0.5452036570154988,-0.3356740850745277,-0.33224752002157093,-0.3585542891254048,-0.48939527798955657,0.8408477700954127,0.6961995149256399,-0.0215668479767749,-0.0196678962967524,0.0059998954816125,SPY
2014-01-24,-2.101455245667891,-0.6074377067521164,-0.5551956631011652,-0.1960998191760851,-0.3421247952456179,-0.33499270078303245,-1.2396366171683748,-1.2750466605007686,2.630520418329088,1.4099597987387449,-0.0049310634293302,-0.0039768639300916,0.0330982304504141,SPY
2014-01-27,-0.5054479875663218,-2.2353683901043384,-1.4910532510188692,-0.21659282057212867,-0.35044945516654863,-0.3389677454392638,-1.3814973959271515,-1.3263304975974985,1.831990928873377,-1.4450813365136754,0.0059371722859467,-0.0218081641392213,0.0376506066592572,SPY
2014-01-28,0.5372310057129573,-1.9938485936637154,-1.523046702932977,-0.17914053643566544,-0.35400745878487627,-0.3422157149998694,-1.072746960211819,-1.3418649074289788,0.14746212455990912,-0.7313210527005704,-0.0096520736773628,-0.0207649390896724,0.0317673531100846,SPY
2014-01-29,-0.9583732223181314,0.02134411162558441,-1.384457372385565,-0.13521840336455332,-0.3625902234373613,-0.3466120777533048,-1.4085722507019098,-1.572126537834838,2.5190952378047697,-0.01756076888746522,0.0105449165007689,-0.0123679772606921,0.0466531154868992,SPY
2014-01-30,0.9792897008925205,-0.3245596988921042,-1.8602673487502506,-0.06333830619495366,-0.36996433540557133,-0.35032212622167935,-0.8943878958890211,-1.1770914966208632,0.3109869699046714,0.6961995149256399,-0.0058758156101141,-0.0098119781005134,0.0386346602678449,SPY
2014-01-31,-0.5960858131126977,0.013045219983476988,-0.9933941022565945,-0.09463309612628663,-0.3784384645525129,-0.3535429431249039,-1.0904483808770413,-1.4033290566246337,1.9265606475147028,1.4099597987387449,-0.0227623636384599,0.0083834916606173,0.0374539420822861,SPY
2014-02-03,-2.216150868695567,0.2897279608235039,-0.26880947966798896,0.17066390375198395,-0.3912990511742256,-0.35946815451943154,-1.9524347367554509,-1.5614937879736759,2.89894262741157,-1.4450813365136754,0.0069803973354956,0.0329812039697374,0.0741737677362746,SPY
2014-02-04,0.6373161412330107,-2.1506639283787794,-1.0922279540156985,0.2176779197832578,-0.4032360833493963,-0.36420425009995677,-1.5777960561506812,-1.720085256655263,1.066368086186861,-0.7313210527005704,-0.0012551118483825,0.0368847604229483,0.0680994093577442,SPY
2014-02-05,-0.15278380230409871,-1.208701760733289,-1.0440536330953962,0.1799216917100069,-0.41563493091019343,-0.3698508189640527,-1.5337958164369643,-1.9636649058172362,1.0454997885765822,-0.01756076888746522,0.0131009156609476,0.0386340996908387,0.0716418186580964,SPY
2014-02-06,1.2245076645967528,0.36711357477705747,-0.6562965196329238,0.30214401851732686,-0.4228460132953773,-0.37395495649346705,-0.9040058964787943,-1.4499591788375645,0.4278590149082387,0.6961995149256399,0.0123196541510166,0.0306831053713629,0.0589662102900652,SPY
2014-02-07,1.1495548400534223,0.8155579754219202,-0.5382649176619817,0.39740668275834923,-0.421773116830676,-0.3766457682911806,-0.32388200876387346,-0.9862735768981019,1.1376001456783755,1.4099597987387449,0.0018353486706601,0.0238667928681071,0.0461152173409367,SPY
2014-02-10,0.14370942320031313,1.810167823607494,0.30197027410934113,0.3943678693155599,-0.41905697477638454,-0.37945201388970595,-0.19392006609483947,-1.0197805277869791,-0.4133221960349646,-1.4450813365136754,0.0108839537887064,0.0232264340514962,0.0393252892275901,SPY
2014-02-11,1.0118163287033164,0.9847507317452789,1.437849907365098,0.3763408620133463,-0.41510516109006906,-0.37925496935918557,0.2802941185665773,-0.7444178613110988,0.08710823613334896,-0.7313210527005704,0.0004942274195078,0.0056988113464599,0.0287084597066806,SPY
2014-02-12,0.015044661720091581,0.8795583682481388,1.6181093646977363,0.31343848054946805,-0.40869525919787625,-0.38034217041698026,0.3217314263308377,-0.5492235434108318,-0.36547792175806443,-0.01756076888746522,0.0051499213414718,0.0110880810076459,0.0169372660891617,SPY
2014-02-13,0.4617035655885749,0.7812957238632579,1.6988908138455296,0.312076289662744,-0.4035618626581749,-0.3814633218438489,0.570165241113118,0.17776698288321008,-0.24983303135444068,0.6961995149256399,0.0055033416477607,0.0047966645075154,0.0089753859790722,SPY
2014-02-14,0.49561007431912985,0.361168766088253,1.3317277054179133,0.32912585490718715,-0.3956309619220914,-0.381735128473196,0.8202743015014464,0.46123376946753286,-0.32651206753123113,1.4099597987387449,0.0011949898540493,0.0048248098517813,0.0124752764150004,SPY
2014-02-18,0.08227454970905043,0.7281816738855084,1.0169622325538317,0.3202835992042544,-0.38195558356723214,-0.3813274439887694,0.8662333884245669,0.36789076030689793,-0.6360608374866988,-0.7313210527005704,-0.0066436689163298,0.0032511327772448,0.0183926972072416,SPY
2014-02-19,-0.6697522786997255,0.4384077060348776,0.9873915745746182,0.33813458572158006,-0.3715937916640125,-0.38211562211085004,0.584446205940924,0.47144523191331555,0.2679191584115571,-0.01756076888746522,0.0058834970806938,0.0099487204303487,0.0196931566180706,SPY
2014-02-20,0.5320815030297864,-0.45159189569625535,0.17799639994042482,0.3569023317354336,-0.3594666091917855,-0.3822515508851181,0.8491434476296379,0.3765271707264428,-0.15895480405535165,0.6961995149256399,-0.0011414951586585,0.0092989120491067,0.0196323405076421,SPY
2014-02-21,-0.14188362137642305,-0.1080695498144744,0.4268635128383442,0.321364751143844,-0.3507616741183119,-0.38150409538421004,0.7844992473304563,0.5676381303575891,0.08723548865086467,1.4099597987387449,0.0055314869920266,0.0129668684894799,0.0168873367159836,SPY
2014-02-24,0.49831028804226585,0.29506934820043107,0.13633682576192777,0.04600398116840216,-0.343659227238672,-0.3774135278185878,0.9571366680922125,1.875862555541217,-0.004266494507390268,-1.4450813365136754,-0.0003786872204871,0.0003788477017803,0.0072120020348132,SPY
2014-02-25,-0.06870119932792097,0.2692779127631963,0.1376365288774388,0.021277957907354112,-0.33710011053617134,-0.3727726129315633,0.8554691013122004,1.7789400083883593,0.045850465552454416,-0.7313210527005704,5.391873677407233e-05,0.0147149969377959,0.0123254734618027,SPY
2014-02-26,-0.027197761620027495,0.32516810546434377,0.0649668547295402,0.012085137141456188,-0.33320266548576866,-0.36884520317637237,0.78644589040424,1.871132959505593,-0.3383496588598056,-0.01756076888746522,0.0052336886994517,0.0155671171579871,0.0050532059792747,SPY
2014-02-27,0.46974005529825014,-0.07616797141712361,0.3742498202143123,-0.06691950470055023,-0.32811012810810575,-0.3630899091145784,0.9158655868837468,1.7860087860882838,-0.45422405249325526,0.6961995149256399,0.0025264612817146,0.0126207259105051,-0.0022912195187858,SPY
2014-02-28,0.2100135244744508,0.33504533140797527,0.34424279775238953,-0.11362529920540201,-0.32365586884825887,-0.358292685048004,0.9418984495398809,1.6410059130837698,0.6904144352785013,1.4099597987387449,-0.0070565337956729,0.0105195719217068,0.0001003586767662,SPY
2014-03-03,-0.7093617928869017,0.516206109086536,0.5136226556810652,-0.10041742037664782,-0.3223520646907443,-0.3536720614576817,0.5438264992880145,0.9757001528571305,1.0067812416596518,-1.4450813365136754,0.0139574620155284,0.0170447669192679,0.0153176091226798,SPY
2014-03-04,1.3066831817725495,-0.3842864909762436,-0.06767028148555965,-0.5028784355539836,-0.3178162651978138,-0.34456002171839506,1.0025723082953348,1.0664328224957706,0.9780927204007905,-0.7313210527005704,0.0009060389569652,-0.0018672745389469,0.0079692064279974,SPY
2014-03-05,0.054553120180677525,0.4532517697179679,0.5943481912838583,-0.5070667461187056,-0.3113928029486057,-0.3361614489215499,0.8918523714212155,1.0772393102994688,-0.5934716454972102,-0.01756076888746522,0.0022872974519696,-0.0025061892281152,0.0104042217533502,SPY
2014-03-06,0.18706857666872687,1.036661699363796,0.6336976230943004,-0.5260738474080046,-0.30585211230861287,-0.327321254001002,0.835710170385632,1.0056461054769288,-0.6914829943133409,0.6961995149256399,0.0004253072929163,-0.0160704528780959,0.0067927978657174,SPY
2014-03-07,0.008432588694283562,0.181600138422296,0.4976383925626484,-0.6096159173425737,-0.29991748439278026,-0.3199962868385657,0.7240949987009201,0.8560832355800976,-0.07380025525460544,1.4099597987387449,-0.0005313387981118,-0.01930771893963,-0.0055253426208397,SPY
2014-03-10,-0.08334631721549898,0.14637739886133885,0.40061075063331403,-0.6951523392710601,-0.29550385532083834,-0.31423416960548406,0.5982506932225303,0.772173422932342,-0.8607098827881042,-1.4450813365136754,-0.0049545794426864,-0.0097731480578291,-0.0161071790972489,SPY
2014-03-11,-0.5077040716055848,-0.060141326611195464,0.7019329226957914,-0.6431927141209256,-0.29225804521270365,-0.3093282330710085,0.2923749851638838,0.9032283498296367,-0.3698899903179057,-0.7313210527005704,0.0002671242677969,0.0022938420311477,-0.0070380076369467,SPY
2014-03-12,-0.006743206320313683,-0.45432037393990865,-0.17139230550886103,-0.7298420706805668,-0.2889578410270864,-0.3057268588811435,0.24109562753800176,0.6967128237070821,-0.25029419316761314,-0.01756076888746522,-0.0112769661980109,-0.0033164917421499,0.0033884784817148,SPY
2014-03-13,-1.1142624891689494,-0.3958177648488578,-0.2008962761909283,-0.5733068645019731,-0.28982687418829334,-0.3036136107111986,-0.2898595540186336,-0.0722737218615397,0.7294774147396688,0.6961995149256399,-0.0028119587686177,0.0137831554261262,-0.0065644144164958,SPY
2014-03-14,-0.30214489659827287,-0.8590528682136005,-0.8272704132041447,-0.5811911731472325,-0.29204041801963115,-0.30249245928432994,-0.43147434578521326,-0.5308273246127563,0.6869189562731052,1.4099597987387449,0.009003232083689,0.0127086152444269,-0.0128019153080982,SPY
2014-03-17,0.8313832698886668,-1.0846542753785375,-0.9767617374588514,-0.5372330195624694,-0.2902070730161258,-0.30092277345389024,-0.06601014182390907,-0.055615676792218384,-0.4140431584002391,-1.4450813365136754,0.0071124106462905,-0.0004384645284059,-0.0139575408390264,SPY
2014-03-18,0.6499812609088388,0.40125604786590063,-0.5364718137306379,-0.5010888690947499,-0.29009838662744125,-0.2985988853300386,0.2059916229253898,0.2188724467794212,-0.3206632703336845,-0.7313210527005704,-0.0053432095055008,-0.002816090968194,-0.0142060004048678,SPY
2014-03-19,-0.5449885410695466,1.128404903141665,0.020760830692388543,-0.5172644254763117,-0.2915786789587161,-0.29612554938731583,-0.07161857682826664,-0.2527869204949276,1.2093077345192482,-0.01756076888746522,0.0058226809702652,-0.0046912302084471,0.0015604688744152,SPY
2014-03-20,0.5262469147435093,0.07725513808060987,-0.23831463895983887,-0.5177985871273729,-0.2921625375574787,-0.2936453775435085,0.1409319426679522,-0.12099491130154065,0.016901211692551352,0.6961995149256399,-0.0038864989503171,-0.0126246479773213,-0.0028663735383185,SPY
2014-03-21,-0.40523434959178656,-0.017242095781743773,0.5513173686924654,-0.500949297258663,-0.2938441235936391,-0.2915173500790391,-0.0664947674180331,0.03248280927561714,0.9612371126601789,1.4099597987387449,-0.0041438476891437,-0.0038201095497374,0.0045013710126626,SPY
2014-03-24,-0.4299239248780707,0.08948966402949035,0.5016969693574169,-0.5025219803290111,-0.2964401814357138,-0.29060792063883734,-0.2631941759024448,-0.8227789998625035,0.051976828500444903,-1.4450813365136754,0.0047347842065024,0.0084844547896469,0.0131796284377401,SPY
2014-03-25,0.42187605528215993,-0.6407481579197486,-0.10541234077190777,-0.48723427619612425,-0.29657293554998193,-0.2890502899263252,-0.08320068903832539,-0.6141929972986596,-0.349791933421149,-0.7313210527005704,-0.007218348745754,0.0103587299039906,0.0060998139798904,SPY
2014-03-26,-0.7248860282520709,-0.009075160230617444,-0.2152070003120293,-0.4369249996953185,-0.2986014173983399,-0.28841397828458,-0.40889327424568644,-1.0315655298440296,-0.018871911659037427,-0.01756076888746522,-0.0021107367986088,0.0209181329320626,0.0153433921979377,SPY
2014-03-27,-0.23487092160282302,-0.2343408502098552,-0.3017976736947916,-0.45556346522961155,-0.29830990788487005,-0.2887029446805233,-0.4955581210421631,-1.12884537717219,0.4648506551288738,0.6961995149256399,0.0049180394772667,0.0217047432950083,0.009221559286928,SPY
2014-03-28,0.43945723646367,-0.7359054891838342,-0.6681491275424882,-0.4401832865617528,-0.2960709733662879,-0.2886902403429395,-0.2820225951618897,-0.8638707517072576,-0.47822501512678267,1.4099597987387449,0.0081607166502406,0.0048938706241008,0.0074657038229934,SPY
2014-03-31,0.750553854058514,0.15331582399048105,-0.26157083463342834,-0.43589945172859645,-0.2940267940690026,-0.28675010468481915,0.04144409531600509,-0.32459100009827463,-0.5127829888048552,-1.4450813365136754,0.0066090593208461,-0.0143800213006608,0.0039495743177599,SPY
2014-04-01,0.6016906397786377,0.9058951874843003,0.30663257605568817,-0.562495923089159,-0.2920973053710122,-0.2857302951732857,0.31476748096736806,-0.09995807733134666,-0.7608864195114652,-0.7313210527005704,0.003341054282318,-0.0168744886038911,0.000318592110883,SPY
2014-04-02,0.28816411230239075,1.0297945600389091,0.3931833456047638,-0.5549219160853464,-0.2879504057229851,-0.2843960469416553,0.43932308738132386,0.5290704104105448,-0.9805071057554946,-0.01756076888746522,-0.0013241264356631,-0.0095219324997506,-0.0029161883145008,SPY
2014-04-03,-0.15940493771857728,0.6766626050367103,0.8807982379246099,-0.5552695062348452,-0.28562471544939094,-0.2835245141076527,0.36555801590151293,0.6076487749952165,-1.003852637748685,0.6961995149256399,-0.0118928331936407,-0.0294276651603091,-0.0030266713717672,SPY
2014-04-04,-1.1733476613919418,0.09540583189904507,0.9171225383046359,-0.42984636623160716,-0.2853518546070129,-0.2842293757072026,-0.1450862495651848,-0.26388928901281605,1.0528398960151946,1.4099597987387449,-0.011113175274521,-0.0265842916268885,0.0107784184957013,SPY
2014-04-07,-1.0985486824677684,-1.020766226640306,0.14082563539876145,-0.3392930676291925,-0.2868386345387354,-0.2862722408285499,-0.5933648936669896,-0.9589019712078419,0.39038764665950115,-1.4450813365136754,0.0041145920176157,-0.0076235097996066,0.0131498008390655,SPY
2014-04-08,0.3623759317948602,-1.738000275457688,-0.749209218891005,-0.3370418111606184,-0.28848910553431495,-0.28716448504256165,-0.3997472819447026,-0.6055321272803756,-0.25231956052567567,-0.7313210527005704,0.0106936103864585,-0.0048741507367733,0.0149073926327094,SPY
2014-04-09,0.9935551249318322,-0.5651518624600349,-0.8643993865762806,-0.2490688879973549,-0.2855973657612272,-0.28673255029451067,0.05993898210892525,-0.4212353912682348,-0.5157078640364949,-0.01756076888746522,-0.0212298590962216,-0.0051445013494495,0.0031479874503981,SPY
2014-04-10,-2.0691251383784692,1.0326100272581455,-0.5248711155684537,-0.02942113504811058,-0.2875342833977698,-0.28755583719720823,-0.8485407189556172,-0.942970552882244,1.0995460417709753,0.6961995149256399,-0.0090494596602201,0.0174811963043035,0.0258693437069235,SPY
2014-04-11,-0.900559517022145,-0.8243531554439488,-1.4440832776596018,0.013324066171644486,-0.2929631328943507,-0.2891519246269956,-1.2091406951872001,-1.0566452652918519,0.9402670205376645,1.4099597987387449,0.0078476065527608,0.0300119015651878,0.0446075966091763,SPY
2014-04-14,0.7205146342827682,-2.2709086174470023,-1.3127812262426726,0.00021584027464648095,-0.2985146107601868,-0.29090681627657955,-0.8434401174467258,-0.9579557100019804,0.14000705269401617,-1.4450813365136754,0.0068639510804491,0.0266987047483606,0.0376555759742709,SPY
2014-04-15,0.6261444968958937,-0.14043110527215422,-0.43720525244652225,-0.0021788408423211027,-0.30403886614571113,-0.292705472968862,-0.5164815948340659,-0.5690188729632136,0.6807135472100193,-0.7313210527005704,0.0104232597737823,0.0174897234165642,0.0260422761424763,SPY
2014-04-16,0.9676181732459739,1.0255289592764487,-0.3102446259974688,0.05337144459993629,-0.30778989495854875,-0.29250739732477044,-0.06584483246876671,-0.23665931734558868,-0.5037334980445848,-0.01756076888746522,0.0013958385575314,0.0090916931150752,0.0067998585819664,SPY
2014-04-17,0.10154361319226074,1.214244555497574,-0.3227289477473111,0.03368880440364487,-0.3108453766786341,-0.29287255155682484,0.0016343783820790643,-0.32362003688045266,-0.5310230630260263,0.6961995149256399,0.003481245600664,-0.0005367151520747,0.0088664369032738,SPY
2014-04-21,0.3016138153184959,0.8136012908901756,0.7220864737084386,0.031484648578737055,-0.309972400074017,-0.29229922695151656,0.14461155318350083,-0.4487268372169602,-1.338691334280903,-1.4450813365136754,0.0045344097359336,-0.0008557767394066,0.0090478572598478,SPY
2014-04-22,0.402652488851974,0.3049666917278194,1.3007326793920433,0.028850172433724734,-0.305130029657949,-0.29062024308250584,0.31530632045503765,-0.5083703796333933,-0.9197894419722628,-0.7313210527005704,-0.0023450302513472,-0.0007455993303331,-0.001811635468476,SPY
2014-04-23,-0.2573486141955419,0.5349267369623661,1.147735004734044,0.02262461709611504,-0.3019246716467263,-0.28984224879816767,0.19834228531871761,-0.6743734196248362,-1.1618714502652947,-0.01756076888746522,0.0020252294722933,0.0045775080349832,0.0089226415080423,SPY
2014-04-24,0.16192624590058552,0.1080411950007069,0.7224802409427932,-0.013539049543673905,-0.3009153791079872,-0.28789035080745495,0.2537127395943252,-0.5761510731152333,-0.81087942908068,0.6961995149256399,-0.0082325697096186,0.002658552419624,0.0093269080164937,SPY
2014-04-25,-0.8221885639413365,-0.07580399254801189,0.33467378727558683,0.030592282429952718,-0.2966460037401276,-0.2867232957319623,-0.12799668199413725,-0.47075199861279904,-0.505336033100927,1.4099597987387449,0.0031621840133322,0.009456512636313,0.021559965534597,SPY
2014-04-28,0.2710036203072136,-0.5071782591126778,-0.10994938393175836,0.02274993641286657,-0.28932117209375297,-0.2857746330568572,-0.005889080105518109,-0.015323911034808943,0.34376506089296577,-1.4450813365136754,0.0046445871450071,0.0082065852968087,0.0245253272140404,SPY
2014-04-29,0.4132227113779168,-0.42387471019650136,-0.12468309389023223,-0.004036476265955935,-0.2827602235981848,-0.28526954016442363,0.189477657696192,0.0008058145945408264,-0.8908536977096858,-0.7313210527005704,0.0029780771139691,-0.0051797947793552,0.0191492774209987,SPY
2014-04-30,0.25334073540917507,0.5196219972095667,-0.11959529249477174,-0.025534650255220618,-0.2771541481223028,-0.2852286011366991,0.3201204192945986,-0.22592423646848347,-0.44660136906567877,-0.01756076888746522,0.0001062738569341,-0.0022856880820647,0.0213310460803599,SPY
2014-05-01,-0.02217490552713473,0.5061326644848956,0.1262165604902178,-0.03290699811339999,-0.2741533403369747,-0.2856039773958871,0.33134018032608936,0.8131381732365631,-0.6697519710626137,0.6961995149256399,-0.0014346094929296,-0.0034577567348517,0.0228351189353999,SPY
2014-05-02,-0.17000448358259668,0.17361488180867587,0.03760252300510929,-0.03273335031222282,-0.2718754293325631,-0.2859930381870421,0.27475526142220086,1.3515494369550294,-0.49593184246797206,1.4099597987387449,0.0019122566738278,-0.0005316500816183,0.0254107656304167,SPY
2014-05-05,0.15108783874252463,-0.14969835662005854,0.3515205191496924,-0.12678228344426168,-0.2699931347476366,-0.28461442661224595,0.3352437909901833,1.2186015670311328,-1.1256621863998928,-1.4450813365136754,-0.0087417929311568,0.0072448864865863,0.0229802017677558,SPY
2014-05-06,-0.871042524225023,-0.01737575927909532,0.2938010454787168,-0.1609412004365747,-0.271507238925953,-0.2829491145454039,-0.07802100417060003,0.30500644339845795,-0.8174791674654184,-0.7313210527005704,0.0058721838112596,0.0168822653355986,0.0337426380663954,SPY
2014-05-07,0.5309961283016906,-0.5527659538858279,-0.3243587370429099,-0.15053797201217037,-0.27092058175444766,-0.2810517637356003,0.14696905409384373,0.10587475798105761,-0.18207259306517487,-0.01756076888746522,-0.0010657947958527,0.0062607327729935,0.0343712167481404,SPY
2014-05-08,-0.1346210646791775,-0.26262595963758145,-0.19071391623156522,-0.22273772253858343,-0.27112525918819413,-0.28064917117004495,0.09315109368784463,-0.03852545557382278,-0.5630951233876741,0.6961995149256399,0.0014914971603037,-0.0014926302178812,0.0402083444618934,SPY
2014-05-09,0.11072092754668936,0.29978692765382803,-0.24483801097449995,-0.6248289235244436,-0.26884727185907165,-0.27737317059605315,0.10219439201813701,-0.14541875475323224,-0.8570813136456037,1.4099597987387449,0.0096887932420326,0.0004782895006538,0.0397401830213652,SPY
2014-05-12,0.8971547747713127,-0.02118170525289429,-0.10971548777506995,-0.6798855357494277,-0.26487797981390143,-0.27172210811355374,0.4319736815291696,0.12064207608526971,-0.7472258174274286,-1.4450813365136754,0.0008955859178554,-0.0055478377841406,0.0301538088140285,SPY
2014-05-13,0.05355027440319823,0.766796457769069,0.2493914646961618,-0.7141426806083588,-0.26186343358056596,-0.26693096889003004,0.38869966058883726,0.3258063375828026,-1.3290434245296028,-0.7313210527005704,-0.0047493487513454,-0.0127685066943863,0.0257759146292215,SPY
2014-05-14,-0.48801460808606895,0.7231346229787077,0.6944288817938524,-0.7007739165932896,-0.2608403771522482,-0.26361405474790756,0.12210877203273486,-0.09069959607504478,-1.142911394663414,-0.01756076888746522,-0.0088191577867275,0.0003700887821302,0.0234197854954372,SPY
2014-05-15,-0.8784647693653512,-0.3347339411461559,0.20394495547552163,-0.6999929632416041,-0.2621089192932094,-0.26274730831764365,-0.27873358498072986,-0.12983964543515558,1.269443490648426,0.6961995149256399,0.0034624168788388,0.0116187425496026,0.0352827558297601,SPY
2014-05-16,0.29980742160089935,-1.0465237253387307,-0.1540918814423645,-0.6910439031334978,-0.2621226068580767,-0.2616143945581826,-0.1469130029893171,-0.11431306956435741,-0.40337274260343986,1.4099597987387449,0.003662665957238,0.0121568134792484,0.0326440729459358,SPY
2014-05-19,0.31901895813179076,-0.4448556769072068,-0.06307823192358294,-0.689845393447569,-0.26168608039341246,-0.26045416265397714,-0.006372528440665758,-0.16145345449300233,-1.3299471812840138,-1.4450813365136754,-0.0063250829923902,0.014621693214786,0.0317570488453542,SPY
2014-05-20,-0.6391877179790412,0.46967535954779843,-0.34135432378871416,-0.6654425473012868,-0.26063585236792397,-0.2606862650459259,-0.2788836679112256,-0.6643717693493224,0.03688268694149951,-0.7313210527005704,0.0083892467251711,0.0202153135591416,0.0453953644239275,SPY
2014-05-21,0.7724786185469793,-0.24744519792407582,-0.6747922732434749,-0.6042711435946745,-0.258930910970151,-0.259539654024701,0.06857552806629576,-0.25869580717186763,-0.5918837840148486,-0.01756076888746522,0.0024294959807447,0.0169859126073008,0.0381258777507778,SPY
2014-05-22,0.2007108478444067,0.09886675914676858,-0.06807475318255496,-0.6028777974163785,-0.2563254651886041,-0.2583384194437851,0.1548203952298303,-0.08672632760336499,-1.3330522850809126,0.6961995149256399,0.0040004878084847,0.0161667633385302,0.0377247874373365,SPY
2014-05-23,0.3514289791318439,0.740306211125808,0.4513685411956854,-0.6739029320903557,-0.25306550956733553,-0.25556748630263215,0.2836100445590787,-0.005011300058543489,-1.307929756917729,1.4099597987387449,0.0061275456927756,0.0133073127321328,0.0334181544804028,SPY
2014-05-27,0.5554950880699939,0.41874613119207377,0.47621572220792313,-0.6525799960363547,-0.2507058039141365,-0.2524007455778203,0.5002623188251021,0.6884896490212284,-0.9754828966362636,-0.7313210527005704,-0.0007314626480345,0.0066614598505241,0.0212479589140404,SPY
2014-05-28,-0.10254583955151762,0.6896986222205415,0.5900395874046842,-0.6620958700284044,-0.24876906436858634,-0.24992334882979741,0.4252263080904103,0.45907558611854693,-1.0932124349942738,-0.01756076888746522,0.0051598457733303,0.0094135658660414,0.0264893687668097,SPY
2014-05-29,0.4626556977368079,0.34299323331080855,0.8483432599361669,-0.6484701939606358,-0.24425420328808278,-0.24715242841844182,0.6064771549230592,0.691880036714585,-1.1317250791207525,0.6961995149256399,0.0016103467119741,0.0107544825857157,0.0206130580950549,SPY
2014-05-30,0.12212313984074145,0.2720908052312983,0.699215132787015,-0.649220957182622,-0.23705215266038554,-0.24418357239076335,0.6269421013801131,0.696423712651006,-0.7813898088424697,1.4099597987387449,0.0011410372020872,0.0139154687916418,0.0209454504563844,SPY
2014-06-02,0.07709842928745203,0.443672890118868,0.6613882422493985,-0.6563228410786076,-0.2304366319963418,-0.24088031732101306,0.6208448020260632,0.41626110500488,-1.0941774822301484,-1.4450813365136754,-0.000518307188833,0.0137977673093301,0.0192933322680337,SPY
2014-06-03,-0.08209608805231214,0.14921871071658663,0.5293437795249779,-0.6537770802489156,-0.22489866360438043,-0.23789095359008094,0.5464784489869116,0.34591544836825056,-1.0478979389971297,-0.7313210527005704,0.0020206433674827,0.014418493532859,0.0264829838542688,SPY
2014-06-04,0.1614862632509391,-0.00674568183465014,0.22244983593517084,-0.7646035133687041,-0.21720553978511412,-0.23351618057265977,0.5612376653882057,0.766418818346667,-1.2884942810035867,-0.01756076888746522,0.0065007624930046,0.0089155418984248,0.025476132417836,SPY
2014-06-05,0.5913008368347807,0.057702202914584826,0.34953731188827825,-0.7581899903822215,-0.20994896787208234,-0.22903224954443577,0.773742666338123,1.7127899372685778,-0.27835614241436385,0.6961995149256399,0.0047713329179002,-0.0046906984797097,0.0238820319343702,SPY
2014-06-06,0.42538247293855525,0.5719825839514024,0.41145851710561987,-0.758345149368561,-0.2020513701516328,-0.22377700737539258,0.8966559083600295,1.7369369564680615,-0.6322422373913871,1.4099597987387449,0.0010233357197755,-0.0064182188500145,0.0156229934445804,SPY
2014-06-09,0.06580636070342837,0.7735229210936765,0.5574273701108075,-0.7575582987660857,-0.19491752837413784,-0.21857642695543253,0.8531619123507357,1.6937695048273373,-0.9750130468183354,-1.4450813365136754,0.0001024190346958,-0.0066178205747755,0.0081489194056052,SPY
2014-06-10,-0.022544730241651316,0.37219721046189047,0.5519921200809784,-0.828658784122848,-0.18935221029401228,-0.21461110786424512,0.7898758165768001,2.4201794831873786,-1.1620088935557724,-0.7313210527005704,-0.0034823082669515,-0.0039445977528149,0.012520569620424,SPY
2014-06-11,-0.36645702217036236,0.030110449719873113,0.5806561790094511,-0.8002243996022212,-0.18452334935181855,-0.21122591109005937,0.5771168470540193,1.8572974111585436,-0.8164587189368574,-0.01756076888746522,-0.0071054778851298,0.0068509431003196,0.0120383465978308,SPY
2014-06-12,-0.7140574008272187,-0.30001368515030613,0.3265394300291926,-0.7610396577117703,-0.18292739964157406,-0.20816834110584675,0.21104053205863224,0.9533769694489647,0.22435295863143903,0.6961995149256399,0.0030438125475953,0.0150761810374708,0.0205179416419714,SPY
2014-06-13,0.259647274718016,-0.8281292535131345,-0.3017731193852022,-0.8870936445634837,-0.18094957195985228,-0.20357515022844333,0.26798132518157114,0.920150426278296,-0.42877188942183264,1.4099597987387449,0.0008237339950145,0.0140607741571789,0.0224971230890567,SPY
2014-06-16,0.046656930116634666,-0.34996675458796056,-0.38154700973744116,-0.8901877938097991,-0.17905358981005853,-0.199316383852706,0.23277332573426512,0.6911111879477141,-0.25734912137915983,-1.4450813365136754,0.0027756418566564,0.0129308950137154,0.0197985218619312,SPY
2014-06-17,0.23391946080410364,0.2309988565091747,-0.39076427071966174,-0.893965878250255,-0.17628465649721844,-0.19515999050587549,0.2854907612995452,0.8986899444735073,-0.3078804320661356,-0.7313210527005704,0.0073132325861831,0.0041126032834721,0.0207176268261122,SPY
2014-06-18,0.6692477567413938,0.2113502518691857,-0.2673194836410806,-0.9476881893657156,-0.17209702489500522,-0.18921540436004286,0.5092609021941878,0.9894158336766075,0.3248454769790748,-0.01756076888746522,0.0011197600520214,0.0013093179020238,0.0019736731707382,SPY
2014-06-19,0.07505713776676153,0.6868294762512683,0.23119984331719964,-1.0050305061721592,-0.16932809158216514,-0.18419910048403298,0.4746654911456764,0.9716300217534732,-0.25875600773805085,0.6961995149256399,0.0020284056673034,-0.0005269070484219,0.0110213942457422,SPY
2014-06-20,0.16223096433901016,0.565504633495661,0.6110270457041705,-1.0054418172086896,-0.1672835306613241,-0.17922449942357835,0.4812190878097377,1.0065624463383085,0.2014927625036973,1.4099597987387449,-0.0003061451484489,-0.0006125736424218,0.0071193537912224,SPY
2014-06-23,-0.06174164336826665,0.17829052610650892,0.564137319525704,-1.0063533279644916,-0.16559403229677405,-0.17480970392382936,0.39387442466048095,1.0282099205899373,-0.6989527003320337,-1.4450813365136754,-0.0060426498735868,-0.0008175094802362,0.0117742888577545,SPY
2014-06-24,-0.6120915923798593,0.0738158445518027,0.5119614630488072,-0.9582791233915374,-0.16554920424975605,-0.1720026436182848,0.080820069364551,0.36819090261082166,0.10881442148356854,-0.7313210527005704,0.0045099472047347,0.0118964847907525,0.0200344462291415,SPY
2014-06-25,0.40030559759273504,-0.5175425130491551,0.10474806650960107,-0.9478301223398273,-0.1633707189024088,-0.16849648831131264,0.2211990347771075,0.2719537142316592,-0.30496886685274277,-0.01756076888746522,-0.0007164648984243,0.0084003295170678,0.0155745870897021,SPY
2014-06-26,-0.10110698242008491,-0.16467212954053728,-0.024702783674142047,-0.9654953240208244,-0.15950174296926642,-0.1657620896880609,0.14438075949762477,-0.06870398719877968,-0.25419178747358595,0.6961995149256399,0.0019427390733035,0.014023456425031,0.0115984371821475,SPY
2014-06-27,0.1540122653404299,0.22557224224376593,-0.1094964627397357,-0.9647812431083495,-0.15591664407847888,-0.1629786558860791,0.18387900206296456,-0.00877662345475762,-0.6524483679198214,1.4099597987387449,-0.0005110809862634,0.0085930117798378,0.0100602609447992,SPY
2014-06-30,-0.08140281917060103,0.037475409489774805,-0.11345239726535408,-0.961465351295498,-0.15268688760125698,-0.16041397091880596,0.11904712077399704,-0.0581945515529356,-0.6856487528073152,-1.4450813365136754,0.006671344397402,0.0026533544469016,0.0062654831218464,SPY
2014-07-01,0.6076661580339457,0.05252368816384201,-0.12291597832412078,-0.9222589843211958,-0.14839820208147517,-0.15688266153260963,0.35483071290939966,0.6047949313919376,-0.013602617007525112,-0.7313210527005704,0.00101379193105,0.0004560792990142,-0.0002541269614821,SPY
2014-07-02,0.0648907467729735,0.39898398248782946,0.46419419551070107,-0.9228636256281598,-0.14578624325790987,-0.15348045774939373,0.34335675750788386,1.4013224578865509,-1.2469871156704495,-0.01756076888746522,0.0049066620095388,-0.0045222439215804,-0.0212137036015578,SPY
2014-07-03,0.4383657026667062,0.5107099320075854,0.30274781707632326,-0.9427340762122348,-0.14214461319772728,-0.15027290529482862,0.5075203451150884,1.4586070205008443,-1.1865497679168484,0.6961995149256399,-0.0034877055718895,-0.0080547887721085,-0.0291803497944789,SPY
2014-07-07,-0.36697482990168206,0.38141337676928116,0.562414051468358,-0.9347067009555882,-0.13999291782399506,-0.14817329073766117,0.3184297147738851,1.0343428417566218,-0.8661335299396751,-1.4450813365136754,-0.0064507383191996,0.0004559107944617,-0.0184979382786849,SPY
2014-07-08,-0.6512428641030472,0.05159305071690931,0.3116455493214853,-0.8684760598351846,-0.13949960577423193,-0.14708111232917012,0.01652957521024344,0.3192399453576641,0.7762287556563013,-0.7313210527005704,0.0044740692495146,0.0050317818815504,-0.021790734540791,SPY
2014-07-09,0.396863531077999,-0.7805525801727311,0.03736248965260098,-0.8487985168291605,-0.13618291545100505,-0.1453991624174168,0.18560113179657733,0.1769567243273225,-0.4867870402954262,-0.01756076888746522,-0.0039645312895446,0.0042524594528732,-0.0259524891520852,SPY
2014-07-10,-0.41272063191400277,-0.19720111416918204,-0.06410386046073643,-0.8435622301538162,-0.1351413630010177,-0.1437880029077707,-0.014979812711722301,-0.19053482442216702,0.5954367099832472,0.6961995149256399,0.0013741171590107,-0.0032137303267729,-0.0274171138509737,SPY
2014-07-11,0.09945970127357226,-0.015039153039810823,-0.29399418046179565,-0.9253737012619828,-0.13353780626122852,-0.14104979807516288,0.0005470752766159118,-0.22933672919171846,-0.8607607104798344,1.4099597987387449,0.0050229939946806,0.0055796336412416,-0.0172889050890461,SPY
2014-07-14,0.44952638415462526,-0.2421696154179466,-0.457120966353573,-0.9093718077331568,-0.1310982140770209,-0.13803531845439823,0.17196292604186564,0.06834571881735783,-1.0775170207567313,-1.4450813365136754,-0.0018748672321109,-0.0013169951406553,-0.0194181982191814,SPY
2014-07-15,-0.21224201948989313,0.4163375852883391,-0.06411164170831304,-0.8978990628915466,-0.12902877130034274,-0.13538384172996457,0.04621474964569,0.38128056821528084,1.3037833453702903,-0.7313210527005704,0.0036947468208374,0.0049066620095388,-0.0189373857962458,SPY
2014-07-16,0.32209673850366227,0.1782876717831064,0.14719413774422593,-0.8924715486299325,-0.1277542758319114,-0.132600280630011,0.1631882544904127,0.34476786290572325,-0.12058184849501213,-0.01756076888746522,-0.0114307210691908,0.0034294226865014,-0.0158859318373778,SPY
2014-07-17,-1.1290134550564754,0.08096829847033091,0.1112063815110728,-0.771290424051381,-0.1298373552903158,-0.1323356536062726,-0.34134517623672045,-0.37976439139070367,2.596198030881047,0.6961995149256399,0.0101674811270253,0.0149102318209877,0.0002553964849871,SPY
2014-07-18,0.9430792297697991,-0.6191797802959713,-0.2335692952732233,-0.6665549519376068,-0.1305088855406251,-0.1308495516241042,0.07907656679401767,-0.004020168194967721,1.6314794548020888,1.4099597987387449,-0.0018736347872163,5.013588798341573e-05,-0.010116643207124,SPY
2014-07-21,-0.21212378094265885,-0.14492885870306632,0.17249298050066525,-0.6635280572094786,-0.13074187944220966,-0.1298895212401194,-0.018765064708135708,-0.07615139962149245,-0.6719825270423299,-1.4450813365136754,0.0043487899180831,0.002328333511155,0.0001016800297772,SPY
2014-07-22,0.38484445727450356,0.5553095200971052,-0.14598135861816539,-0.6487850499166413,-0.12805552946683935,-0.12829856391859487,0.14631761373173213,-0.1712013250167583,-0.6461898328933955,-0.7313210527005704,0.0022175074978001,-0.0063263152161443,0.0009579400669688,SPY
2014-07-23,0.18037305394904804,0.12897969752625046,0.14141631936227628,-0.6952279782534668,-0.12597217015116083,-0.1255966262781478,0.19988730691459802,-0.11965190873732626,-0.7138506498445858,-0.01756076888746522,5.00880652953839e-05,-0.0083920883998711,0.0014087039299948,SPY
2014-07-24,-0.027565269354090358,0.42873369749839985,0.0731999730860185,-0.7084858440398578,-0.12280622113246445,-0.12349138515062724,0.16778835251509283,-0.3382178369031737,-1.0521224597134842,0.6961995149256399,-0.0046926148059789,-0.0283879611741921,0.0042696500145309,SPY
2014-07-25,-0.482571655376058,0.11377201069027754,0.6033637991067211,-0.6799270892583159,-0.12128491698972933,-0.12192784781222468,-0.06361996489594679,-0.4006178903080172,-0.19888930158073367,1.4099597987387449,0.0004045628359552,-0.0267553305515955,0.00740753724157,SPY
2014-07-28,0.006442402792268096,-0.3925259023499592,-0.08284962214172312,-0.6819640593349013,-0.12101088583511371,-0.12057007491540954,-0.06787823613236793,-0.019875828391344302,-0.5020827657890095,-1.4450813365136754,-0.0043058588092161,-0.0199651874436463,0.0120605638529012,SPY
2014-07-29,-0.4454669804394888,-0.36655388207003226,0.02235358733450173,-0.6597948180981157,-0.12139436662552497,-0.11972649671600981,-0.2695854036715819,-0.5005525881112146,-0.01654626202865899,-0.7313210527005704,0.0001517343140733,-0.0254028632157359,0.0170154518014848,SPY
2014-07-30,-0.017813511007756733,-0.33821664787814754,-0.3773030595430709,-0.7043843614614225,-0.12273747800928464,-0.1197608289789991,-0.262419178204982,-0.26182711264641967,0.9631823150611581,-0.01756076888746522,-0.0199457847090256,-0.0252422828915888,0.0164646357593349,SPY
2014-07-31,-1.9459333504551317,-0.35674114677389784,-0.4726968773434025,-0.36224701353120226,-0.12632837757811965,-0.12259982834566337,-1.078377342101197,-1.2298671964599033,3.6019091269273864,0.6961995149256399,-0.0030599841833822,-0.0107256541709963,0.035860750474411,SPY
2014-08-01,-0.32594000893751013,-1.502663244107408,-1.39607155333322,-0.3902500078686757,-0.13346898681333738,-0.12650866532677107,-1.147339586778282,-1.6120660852675257,3.3174354977174576,1.4099597987387449,0.0071947059439043,0.0038366559333242,0.0417648486156343,SPY
2014-08-04,0.6578765237937761,-1.7379827219761603,-1.3206795067261228,-0.33834194564502323,-0.1381973281109405,-0.12899109034467932,-0.7994082479317588,-1.158461278306881,0.22589828339581788,-1.4450813365136754,-0.0097435345813057,-0.0004643491460347,0.0340716090523622,SPY
2014-08-05,-0.9671478169943902,0.2505745238126304,-1.0071224910864296,-0.302286040468159,-0.1466810741714877,-0.13189184195745438,-1.1709664429893287,-1.6167880436629558,2.0336036425996995,-0.7313210527005704,0.0003123146382204,0.0078851306260956,0.0432667379324431,SPY
2014-08-06,-0.002407723434820139,-0.239122686946902,-1.2582249141143944,-0.3252306891664585,-0.1556856600609543,-0.1353549069009786,-1.1027035888671406,-1.2815806210403904,0.2825310778137945,-0.01756076888746522,-0.0054291559884331,0.0143190167675806,0.0415071326113727,SPY
2014-08-07,-0.553234092109057,-0.7433887768377287,-1.2508095936403572,-0.3176182518992414,-0.16612919572982032,-0.13899627811357712,-1.2765687161823616,-2.0908789203914337,1.45416691635839,0.6961995149256399,0.0115023259209383,0.0244587800091879,0.0514214330143349,SPY
2014-08-08,1.0711418392276426,-0.4272784705928974,-0.5804568917290125,-0.2043241814931516,-0.1722692134433704,-0.14130727095288725,-0.7469661104652752,-1.3286751858162693,0.8730485968589599,1.4099597987387449,0.0028937008645453,0.0127518955231638,0.0373299039994803,SPY
2014-08-11,0.24524582974916773,0.392602728360469,0.09200529714370036,-0.21918408917545645,-0.17775138847147795,-0.14391318773322015,-0.5800656738632166,-1.4129423624597097,-0.35209114975543315,-1.4450813365136754,-0.0013940548091753,0.0182028831083034,0.0280850161621426,SPY
2014-08-12,-0.16611374014111477,1.0024103221987408,-0.10660764745773585,-0.21965140923374923,-0.18243879428233215,-0.14645042725777707,-0.5994452833468077,-1.581539399528664,-0.3677608471785029,-0.7313210527005704,0.0067462007797054,0.0248019878727534,0.0332347045999785,SPY
2014-08-13,0.6148477447592802,0.057505100208958666,0.27895682708599395,-0.19314525286194179,-0.18537172395787316,-0.1485899624588953,-0.2718841956600784,-1.222006368698582,-0.5121449760918793,-0.01756076888746522,0.0047106072531741,0.0207240584538741,0.0276373234578413,SPY
2014-08-14,0.4195565618503532,0.3397740067906198,0.5760625147596256,-0.2624947381222224,-0.18171231023999146,-0.14855568111509454,-0.06667180374354667,-0.8489821222451462,-0.8421404619062492,0.6961995149256399,-0.0002045585650858,0.0189244853505314,0.017068515246434,SPY
2014-08-15,-0.05199560921455121,0.7870566345225745,1.0442991705687408,-0.34525056249444014,-0.1772992154410275,-0.14992040448116958,-0.05331102881333805,-0.8743371066853809,1.620879140334811,1.4099597987387449,0.0083446884496849,0.0175743163366774,0.0165191970786722,SPY
2014-08-18,0.7682037777132545,0.27778128517192596,0.5036955774605228,-0.29033840379743536,-0.17254337180583793,-0.14990664357042033,0.3134770557557188,-0.374396605240236,-0.31321622154490475,-1.4450813365136754,0.0052050499552747,0.0142872173342789,0.0156849521939728,SPY
2014-08-19,0.4669925056747834,0.5440468655374091,0.7554127168952486,-0.2842039122585556,-0.16379928215554238,-0.14977637955589607,0.5417994187114804,-0.1981568405424989,-0.7998196900445437,-0.7313210527005704,0.0026682713608261,0.0097311965183717,0.0118256622159105,SPY
2014-08-20,0.22361852848784294,0.940403599010183,1.0601479136265546,-0.28258788239880145,-0.15441091017681913,-0.14958435056546412,0.6572196086073974,0.8645882144612215,-0.39208189937679705,-0.01756076888746522,0.0029110341498315,0.006663843429469,0.014473553862631,SPY
2014-08-21,0.24690875397402906,0.5244980622784468,0.8718362155894142,-0.2768431045161323,-0.14280243044159904,-0.1490014658824754,0.7772600178448674,1.1302044408035044,-0.5417828717061688,0.6961995149256399,-0.0015547275789398,0.0032031392856879,0.0106610074863207,SPY
2014-08-22,-0.1815283967803662,0.3564177644605581,0.7887350551662987,-0.2929798548704498,-0.13464761844455825,-0.14799335505454847,0.6911596436953449,0.8502661809202268,-0.2995385073908419,1.4099597987387449,0.0050575894472864,0.0076019808224687,0.0044626932935623,SPY
2014-08-25,0.4528454096745036,0.04700275616101195,0.7263865950730751,-0.2772543085996357,-0.12587607733981726,-0.14634750684759198,0.8895238468726153,1.7133012112506865,-0.6592054728883584,-1.4450813365136754,0.0006490291393674,0.0020458577558146,-0.0063356980282929,SPY
2014-08-26,0.02989606038769918,0.20427876656281546,0.5745940721588442,-0.2963428334756734,-0.11655637215956297,-0.14402971629658892,0.8798946649668524,1.7186100586513797,-1.135293379659773,-0.7313210527005704,-0.0003990817280765,0.0008484229152223,0.0008124073596462,SPY
2014-08-27,-0.07065781171642957,0.36574586920978347,0.36420494375361867,-0.2955398430337227,-0.10914165544501875,-0.14178723522569137,0.8247045971208227,2.1901883649937113,-1.0993333311182123,-0.01756076888746522,-0.0005496699939495,-0.000199786039551,-0.01505526698267,SPY
2014-08-28,-0.08510497918441373,-0.03405909903545135,0.22255990547105878,-0.6917328031246686,-0.10313864058799134,-0.13695259828521014,0.7199031058329803,2.012621165532109,-0.7945325518684334,0.6961995149256399,0.002844113957841,0.0048350283689275,-0.0065915190371921,SPY
2014-08-29,0.2404885510779298,-0.12188661393046811,0.06275059864429024,-0.7176780681874355,-0.0962994885202648,-0.13132248904886606,0.7534936249853393,2.013302712660247,-0.5568307380117989,1.4099597987387449,-0.0004985336193676,-0.0005982886828297,-0.0112566592860989,SPY
2014-09-02,-0.08019904735096442,0.11573916679748537,0.265881460927617,-0.7422720836676273,-0.0918452292604179,-0.12671417517241493,0.6551754096540391,2.1253386015253,-0.3620343715444483,-0.7313210527005704,-0.0005484057012248,-0.0064509420362544,-0.0133941881056225,SPY
2014-09-03,-0.08498368521362254,0.11948587902529949,0.00930934755531171,-0.9006149209190135,-0.08895331139633714,-0.12089204967543535,0.5350698430469502,1.9536644125412046,-0.7942860522111733,-0.01756076888746522,-0.0014472906828499,-0.0021469027063689,-0.0264900701146917,SPY
2014-09-04,-0.1712210941425881,-0.1290807233912246,-0.045986113684608046,-0.8880652771237232,-0.08718530034557988,-0.11530990631485805,0.379633988495714,1.621709210751336,0.003453477710471455,0.6961995149256399,0.004485144414529,0.0004492076140492,-0.0248884949647258,SPY
2014-09-05,0.39792606249617424,-0.19859522691319215,-0.09439058269215242,-0.9647019368657713,-0.08497860029667521,-0.10839742277038444,0.46549214621682744,1.7675583269569959,0.48574799997813217,1.4099597987387449,-0.0025892030939163,-0.0098941377587129,-0.0184243680196782,SPY
2014-09-08,-0.2807741176853327,0.17020807449811332,0.13810840225178264,-1.06314658339849,-0.08305987338295774,-0.10335708503730219,0.26909185217545445,1.115286829989213,-0.612785999009854,-1.4450813365136754,-0.0063511869727923,-0.0080588113976443,-0.0170062911981982,SPY
2014-09-09,-0.6416920869234858,0.08654126728669308,-0.11279274264143477,-0.965962975007249,-0.08426590558548343,-0.09957165071003897,-0.07109009280569599,-0.018239003210641206,0.10326681517356334,-0.7313210527005704,0.0037556336286606,0.0058028191401335,-0.0262117028852451,SPY
2014-09-10,0.3279381093708625,-0.7074261511210513,-0.3830581096445393,-0.9712711167217323,-0.0846221893371536,-0.09508676494702709,0.0214993590710619,0.06704265573543117,-0.513209407339606,-0.01756076888746522,0.0011488196375681,0.0033929454886854,-0.0126289575439288,SPY
2014-09-11,0.07784506215455847,-0.24254616057950057,-0.1843050486236553,-1.0123212908852688,-0.08455372607124746,-0.09134252424343245,0.011812740578255732,-0.07142336469796302,-0.516755051492327,0.6961995149256399,-0.005858200958233,0.0075602888586638,-0.0338105801740553,SPY
2014-09-12,-0.5943958950826228,0.3069719995458016,-0.06442118293771325,-0.9587520963805412,-0.08593795103274904,-0.0890314932147307,-0.2812067779649113,-0.4784744877589541,0.9529885293872093,1.4099597987387449,-0.0007538767328476,0.0125169775904181,-0.0394322075569517,SPY
2014-09-15,-0.10469620654763905,-0.39742427213759707,-0.5420589079831656,-0.9566632073277281,-0.0883091053926213,-0.08679591169390356,-0.34956183694811793,-1.035488903018734,-0.23486244360851602,-1.4450813365136754,0.0075104435649855,0.0055178125515675,-0.0552417860460625,SPY
2014-09-16,0.6881678234595151,-0.5368329770984308,-0.45730672421434104,-0.9739740609065597,-0.08848724726845614,-0.08465633830339372,-0.055806342522580515,-0.3942951451897304,0.908535938556972,-0.7313210527005704,0.0013457599772124,-0.0077334328879867,-0.0612057741262583,SPY
2014-09-17,0.09673916423846475,0.44267455181762877,0.18279929921207402,-1.0040473398540044,-0.08814462564008294,-0.08303792280935657,-0.022693970853796413,-0.26152653430419326,1.8193691891858874,-0.01756076888746522,0.0053161630075466,-0.0012820583378925,-0.0693410741888316,SPY
2014-09-18,0.4776524921268807,0.5965128831398895,0.07151551944428396,-0.9773918403220491,-0.08593800191588961,-0.08104919751540744,0.17901756467935973,0.12151114959114895,0.24962887189611652,0.6961995149256399,-0.0009015122264788,-0.022864977415832,-0.0755156772421274,SPY
2014-09-19,-0.11886009035587196,0.43574008954569765,0.2639561984494936,-0.9816558436787642,-0.08521411291372848,-0.0795828649082572,0.11586208066995925,-0.12123370408401753,0.9663263192485159,1.4099597987387449,-0.0077530417716982,-0.0140493872378248,-0.0628724204719395,SPY
2014-09-22,-0.776183515775394,0.2710846497801879,0.49284747533057605,-0.8940911594637733,-0.08591179709839318,-0.07897191102249022,-0.2334038065940391,-0.614828185207824,1.0434239706157797,-1.4450813365136754,-0.0057408018745688,-0.0081173717571925,-0.0454565722804316,SPY
2014-09-23,-0.5831328380811233,-0.6864832215161683,0.16963818995006386,-0.885688424756115,-0.08643869202106436,-0.07983898842748097,-0.4694033155910553,-0.8860885701389446,0.6370227048547844,-0.7313210527005704,0.0077971345273066,-0.0050126323215149,-0.0200984382439868,SPY
2014-09-24,0.7156724389101211,-1.0410532481689916,-0.4422813097540644,-0.8076014804993429,-0.08585926025554837,-0.07972733537643148,-0.1315986123132625,-0.3830893965293464,0.5079237557743665,-0.01756076888746522,-0.0162667560703928,-0.0264540545591156,-0.0350322777293525,SPY
2014-09-25,-1.592973957811194,0.09829298355953994,-0.14436803774463747,-0.5438226307734507,-0.09002875201807695,-0.08177930230276113,-0.8048810642543723,-1.256234227703676,1.6088970824271198,0.6961995149256399,0.0079140779515283,-0.0100330140216069,-0.0072071592750333,SPY
2014-09-26,0.7268917807639896,-0.672933401129527,-1.1410297556617524,-0.4796692771304278,-0.09044665525321963,-0.08268100475607636,-0.44859513615688706,-0.7965169213249099,0.3495766691938677,1.4099597987387449,-0.0018210262910658,-0.0069978206135585,-0.0074556091868078,SPY
2014-09-29,-0.20707661641281386,-0.6643650706392266,-0.7339411121127674,-0.4875014358691432,-0.09115466871546049,-0.08422167937874682,-0.5032254538844528,-0.6301293354739141,0.10591030918961372,-1.4450813365136754,-0.0026360624388912,-0.006347920594929,-0.0070100551045477,SPY
2014-09-30,-0.2852697189884473,0.3940594431521754,-0.46001093991094755,-0.48393169973866906,-0.09463466847898812,-0.08605204599580014,-0.5884731950845621,-0.8997586458690008,1.0497737310011486,-0.7313210527005704,-0.013644287710294,-0.0192684568158769,0.0070305995079547,SPY
2014-10-01,-1.3413790585792067,-0.37893904039560344,-0.31663946506673635,-0.3511654921875265,-0.10216109912909278,-0.08964649517599993,-1.1187232008164443,-1.3577522269974114,2.161373080198975,-0.01756076888746522,0.0001542844671158,0.0117142098643938,0.0191616071961906,SPY
2014-10-02,-0.01756885391007119,-1.2452178584435443,-1.3067671046479852,-0.34955216369136344,-0.1111128174352994,-0.09302143173365993,-1.0593693763490022,-1.1920634808019583,1.5630195296831453,0.6961995149256399,0.0109492713595766,-0.0084728775952802,0.0253976619982205,SPY
2014-10-03,1.01808277901067,-1.0407718655850569,-0.5484719726040361,-0.2625995201914942,-0.11686856566975592,-0.09553914374934583,-0.5483689205235339,-0.7164386300725755,0.6561879038971681,1.4099597987387449,-0.0011711262724363,-0.0309019772959864,0.0258192775394059,SPY
2014-10-06,-0.14472637715509576,0.7611741903476604,-0.4083120125285604,-0.2646910388736629,-0.12080671723277493,-0.09785870374215692,-0.562291249965587,-1.0548602550444781,0.22186620523701037,-1.4450813365136754,-0.0155565986598391,-0.0462943062455085,0.0275353171546575,SPY
2014-10-07,-1.5248427327159269,0.6640626398054348,-0.3783007584112383,-0.13561703896090505,-0.1273472870304644,-0.10139493955986106,-1.1752217427995266,-1.4904043271196963,1.258141686675982,-0.7313210527005704,0.0173383789699768,-0.0291912521008796,0.0396164755050882,SPY
2014-10-08,1.6310422754449383,-1.2779965719116873,-0.9749486807741866,0.0644937888783978,-0.1313678947231008,-0.10311674646657928,-0.40137601631072556,-1.0521396199978412,2.0874437126319587,-0.01756076888746522,-0.0200328029925582,-0.0533191711562173,0.0285749314090892,SPY
2014-10-09,-1.954281728117122,0.07817680153440121,0.4557770559856048,0.264680836746514,-0.13632500662160468,-0.10768328114869193,-1.1916321728114596,-1.4119584957380542,2.447169718335378,0.6961995149256399,-0.0114798283411294,-0.0341448082094082,0.0526025165673145,SPY
2014-10-10,-1.1337247184306825,-0.24979031863623707,-0.47642758207313834,0.30587574849075866,-0.14645947809343526,-0.11296320639446329,-1.5965195211350736,-1.4642462489726538,2.5105320032730924,1.4099597987387449,-0.0165634552219584,-0.0109232353245696,0.0650175149351248,SPY
2014-10-13,-1.621438740943049,-2.3612722255765415,-1.5121644515074937,0.4087298844852515,-0.160408073472658,-0.12029670252100942,-2.1780444114755584,-1.609202002009354,2.4881956702433987,-1.4450813365136754,0.0015464554847897,0.0153030263171984,0.0847228814694194,SPY
2014-10-14,0.11599353038201703,-2.107076502455278,-2.222955469079183,0.3634865065390686,-0.17324120863992531,-0.12845904847161982,-1.9872994538169804,-1.8077187564569466,2.058448858753705,-0.7313210527005704,-0.0067895400853608,0.0333739029942847,0.0841566594712972,SPY
2014-10-15,-0.6837468963780963,-1.1526534074941486,-1.4331661331761254,0.3589377190642994,-0.18414678866855133,-0.13768158285041254,-2.1279813197516675,-1.6743413180122502,4.086334765481146,-0.01756076888746522,-0.0008584400457491,0.0330267381215865,0.0898683156230042,SPY
2014-10-16,-0.11472782278106598,-0.4365281902623914,-2.5473515299067024,0.3212699782863037,-0.1953139334823048,-0.1477481409715067,-2.0071502299692003,-1.9723448697995702,2.244967136655341,0.6961995149256399,0.0117417445437091,0.045443540551262,0.0918536848799851,SPY
2014-10-17,1.0941112314181405,-0.6127325372571997,-1.6619127509573683,0.4361585145611048,-0.20639844407544797,-0.15617423558985039,-1.3793484742780664,-1.5512777013971573,1.38575640568514,1.4099597987387449,0.0096628064198096,0.0413674240473067,0.0803570401840243,SPY
2014-10-20,0.8946616457719188,0.7450365905803351,-0.5895808462431028,0.498761022450569,-0.21464642310323856,-0.16227161749121208,-0.8688253171013247,-1.2265028308043577,0.16997577763349303,-1.4450813365136754,0.019617332161876,0.0303291454186913,0.0713303625343622,SPY
2014-10-21,1.8496809470850775,1.515918044470265,0.6215023667382835,0.6999134107448008,-0.21353103921599398,-0.16498613217127123,0.027413464964414082,-0.4841717928721123,0.5069790656834754,-0.7313210527005704,-0.007136704958059,0.0221164054304265,0.0574702116978942,SPY
2014-10-22,-0.7170532700573191,2.0929546582596923,1.4559840662810595,0.6772009037265204,-0.21897016710701048,-0.16971935081763398,-0.2070218209884108,-0.6312328409632072,0.4458483460758524,-0.01756076888746522,0.0115583623839263,0.0277398303664275,0.0630003076512846,SPY
2014-10-23,1.0765178767323436,0.8620708653550248,1.4399525954140102,0.6446673160094778,-0.21595452688614825,-0.17069077437009367,0.31651545642071743,-0.620114180578367,0.4777304996271923,0.6961995149256399,0.0076656280397537,0.0225718072516469,0.0531948820780323,SPY
2014-10-24,0.703055942944855,0.2715980198022295,2.01333896617824,0.6428287864715263,-0.20784416131256964,-0.1717035443037875,0.6733717464431581,-0.43915870977024013,-0.03691339601731672,1.4099597987387449,-0.0013754722088057,0.0262770661126552,0.0508654516402966,SPY
2014-10-27,-0.16433095887343852,1.3561505031672096,1.8251109854036287,0.642328657748757,-0.1957956696175428,-0.17265426920603538,0.6280966653409306,-0.1323929248188235,-0.5199500198333282,-1.4450813365136754,0.0114045921736112,0.0281974516642762,0.0550431674047953,SPY
2014-10-28,1.0617654392357663,0.40850107323936086,1.3153824495593522,0.6975522278425218,-0.18104848878550894,-0.17169656837493427,1.1220500529623856,-0.24903753962023328,-0.17822193086103802,-0.7313210527005704,-0.001513280022058,0.0133174191812566,0.0429145295581907,SPY
2014-10-29,-0.17755199269643065,0.6824513239996174,0.9361323807455825,0.6072681375222918,-0.16496557462512654,-0.1691060673789838,1.010275538977845,0.26417963750586504,0.34614611679042545,-0.01756076888746522,0.0063903392691457,0.0211275340772925,0.0469834826307229,SPY
2014-10-30,0.5807070312803051,0.672354280100391,1.1958123775547893,0.619639767384888,-0.14691358468323534,-0.16566120604542428,1.239435436828314,0.7780088877945399,-0.08451048782665399,0.6961995149256399,0.011370886900762,0.0187319769738136,0.0384718357791173,SPY
2014-10-31,1.0585318159611803,0.304964866515278,0.9571620459100149,0.6234551337862257,-0.12875138185843651,-0.16211985284925415,1.6944829462788713,1.611825806582822,0.4023841131787223,1.4099597987387449,0.0005449133428152,0.0082962600997325,0.0201265625144912,SPY
2014-11-03,0.019907378068183237,1.2489751947721963,1.1282644648369684,0.6208670635701145,-0.11295763658704874,-0.15834429684460136,1.6548347912175494,1.6033540744413826,-0.36850961750445743,-1.4450813365136754,-0.0034754403094083,0.0108932580692533,0.026025227827052,SPY
2014-11-04,-0.3657981226723544,0.8206865455663896,1.216944534295141,0.493441370549088,-0.10331899588044996,-0.15296347522639603,1.405699257477365,1.7468898851025085,-0.378000124986104,-0.7313210527005704,0.0062968348739778,0.0153489318653292,0.0333562761288774,SPY
2014-11-05,0.5717363877301465,-0.267089350774989,0.5298104777926864,0.3823491443152593,-0.09003114352569322,-0.14903633279694606,1.6247896721177633,1.8363491378850387,-0.40754935725991415,-0.01756076888746522,0.0039947821656669,0.0079742130576976,0.0259523133195038,SPY
2014-11-06,0.35088159001873215,0.15434832270962698,0.8904680191245016,0.11900206818724215,-0.07871259592657932,-0.14186416139003882,1.6848640919159272,1.7838097236736414,-0.19273200942503943,0.6961995149256399,0.0009351700266808,0.0051063601032623,0.0235936023510543,SPY
2014-11-07,0.057347902631109164,0.7016842283286221,0.7798453526770228,-0.0045022632576291735,-0.06919777934304364,-0.13304532706915542,1.5782602439004252,1.7115890371822737,-0.4624934674243671,1.4099597987387449,0.003141911312336,0.0044162899243298,0.0159529849022339,SPY
2014-11-10,0.2690586938242466,0.30884028096128496,0.29794207213100443,-0.2867465120912953,-0.05843009262590377,-0.12162915585123747,1.5289102960955099,1.5305073321970593,-0.7839093341293214,-1.4450813365136754,0.0009802334866675,0.0019105073821412,0.0121332526869473,SPY
2014-11-11,0.06167120995748292,0.24635126641835364,0.4178669279108448,-0.28422321742370527,-0.05048502093511565,-0.11027499147537385,1.383565519045239,2.0402701312617904,-0.9479672436534025,-0.7313210527005704,-0.0010778839336538,0.0066874552208817,-0.0050083846725588,SPY
2014-11-12,-0.1357808748233711,0.24965302212435045,0.6236222052224455,-0.35732632088773025,-0.04242971091985007,-0.09819732907689227,1.134835099862346,1.836019583611631,-0.4359648399218415,-0.01756076888746522,0.0011269292112316,0.0061587301498668,0.0011269292112316,SPY
2014-11-13,0.07574493401113656,-0.059527254660823,0.28307049905946824,-0.3712925644658304,-0.035806532343120534,-0.085851004308966,0.9827068477464921,1.7466813367840972,-0.5106327803381584,0.6961995149256399,0.0002450998477483,0.0067847377493093,-0.01629339942557,SPY
2014-11-14,-0.00885618957955183,-0.04877900217936657,0.15063803049581204,-0.4027987863404513,-0.03225399866242567,-0.07498594420028047,0.8166433174235532,1.885306620798494,-0.5884998007109322,1.4099597987387449,0.0006361287701475,0.011875835503579,-0.0234317144576996,SPY
2014-11-17,0.028658422159791686,0.04815472750927644,0.11877178814302382,-0.42309010961076937,-0.028673860877863184,-0.06529214000015639,0.6881761187979946,1.7070786873410813,-0.5897419692256245,-1.4450813365136754,0.005757181325408,0.0140419502891244,-0.0321198142061849,SPY
2014-11-18,0.5199629965852145,0.012194258487727648,0.003059102374902459,-0.6652336346002151,-0.022505017865067305,-0.05738279876846112,0.8174101919011364,1.9878171914375378,-0.6596689126428241,-0.7313210527005704,-0.0016066090046686,0.0075607232907231,-0.0184617786580529,SPY
2014-11-19,-0.18650580748123638,0.41605908547069514,0.22365025698966015,-0.7532240094654206,-0.01853941484760337,-0.04874995951414742,0.6071224904447118,1.6788360552716437,-0.5800133557631526,-0.01756076888746522,0.0017529368106741,0.0117230053458659,0.0075726555570803,SPY
2014-11-20,0.1358029775309678,0.25173587888070914,0.19923465149715847,-0.8402164390574501,-0.01519326318587058,-0.04141241531209856,0.5678082574679414,1.4058826560973041,-0.7351102626555638,0.6961995149256399,0.005336197602018,0.007848760952732,0.0100654545737732,SPY
2014-11-21,0.47957457509797735,-0.04165120632382903,0.22814259519265492,-0.8631047841522725,-0.010594241390534092,-0.03435049667855073,0.6925458949977252,1.564291809154064,0.29882030136897325,1.4099597987387449,0.0028022435556929,-0.0044618230131501,0.0093188192359816,SPY
2014-11-24,0.23647157997942736,0.46704145367223865,0.4632406472926039,-0.8840116349368471,-0.006077701166385244,-0.02670296918541824,0.6955534118155869,2.132127846967702,-0.8698798244951976,-1.4450813365136754,-0.0007240456729933,-0.000820487913467,0.0078653511116231,SPY
2014-11-25,-0.10183426830189288,0.5439231341674632,0.5632680659921439,-0.9818220792583612,-0.00204317693474853,-0.020708927777548142,0.568228415224568,1.9006724559412922,-0.6704425649365078,-0.7313210527005704,0.0025556730504741,0.0037591657519433,0.0086856240905683,SPY
2014-11-26,0.21281604904605617,0.09989502760609745,0.26397625976747274,-1.0030781924466237,0.003023995197240798,-0.014143038420843116,0.5779434134072364,1.8678379648157835,-0.9324458274537888,-0.01756076888746522,-0.0021213075824597,9.636476607344235e-05,0.0093495488222687,SPY
2014-11-28,-0.23588506359905678,0.08182904747991593,0.4561832160440398,-1.0030293603622622,0.007168630545503528,-0.008755317252567335,0.3990352321621278,1.4609011678757218,-0.9840415471016173,1.4099597987387449,-0.006974386363864,0.0038537435457506,0.0128131831249849,SPY
2014-12-01,-0.7014807159814216,-0.02054696811485519,0.2772773387367234,-1.0456813983304614,0.009261428683794735,-0.005930651637525344,0.04748574874591086,0.3276769735493027,-0.28287510056565224,-1.4450813365136754,0.006443578655376,0.0041226824874751,0.0144071520444084,SPY
2014-12-02,0.5858147222700567,-0.7188051147167067,-0.2912040478492054,-1.001945195942786,0.013006784026436348,-0.002265310216840323,0.2739363998331152,0.6446847254968135,-0.7362770872620669,-0.7313210527005704,0.003855607992417,-0.0029987170708514,-0.0020088433163127,SPY
2014-12-03,0.3375294700743052,-0.09126426420645835,-0.12305351719779171,-1.0316979001293585,0.01622890803254277,0.0024334997877494026,0.37083383138680737,0.9300795246929224,-0.8125654546166711,-0.01756076888746522,-0.0011071279353958,-0.023015728936107,-0.0063998292554598,SPY
2014-12-04,-0.13858649176936214,0.7022388461254622,0.08842693515207628,-1.0586440930636556,0.019588645492860716,0.006098764829651165,0.2647511590643075,0.7681522802258753,-0.4811351156714685,0.6961995149256399,0.0016360711972174,-0.0168511710505745,-0.0235176384604773,SPY
2014-12-05,0.12459110070198859,0.14900594794705274,-0.08071485284160186,-1.071197607324255,0.02292080429088181,0.00944028566971908,0.2849302756520447,0.8272924563177068,-0.4945008031585312,1.4099597987387449,-0.0067054474221395,-0.034780641673362,-0.0346172178623147,SPY
2014-12-08,-0.6756791974684647,-0.013617345523602529,0.09279437340787468,-0.9773642345539378,0.022824304414411713,0.011693141525316825,-0.04483143203323535,0.21537297693759053,-0.22220104686552378,-1.4450813365136754,-0.0006778209029505,-0.0349684094356037,-0.0155277341593702,SPY
2014-12-09,-0.09739954697678913,-0.4238007472154497,0.10521350664495027,-0.9833855684185795,0.021736422864753586,0.013408685371823029,-0.1009555562985573,-0.14746359262810155,0.020228295040011862,-0.7313210527005704,-0.0161614038728385,-0.0423425595109909,0.002739766915079,SPY
2014-12-10,-1.5828666574026036,-0.5933373617374054,-0.2236403565486783,-0.659467630198276,0.01629732041530785,0.012705898729213773,-0.7916956376804996,-0.9699106779876576,0.5432529650654607,-0.01756076888746522,0.0050574299501366,-0.0067659387646124,0.0108551188022048,SPY
2014-12-11,0.45283010780472993,-1.2861660565595099,-1.1479911990435918,-0.6335306438561263,0.011546819509899124,0.012864346514689734,-0.575784553046729,-0.7836382239706566,0.5276785966638684,0.6961995149256399,-0.01629339942557,0.0126044564957155,-0.0020665999406714,SPY
2014-12-12,-1.5955300734017583,-0.8659498273775331,-0.8633226224619259,-0.40669150891493355,0.002858217924612914,0.010590753819488548,-1.2410724684453507,-1.6277111778478748,1.1533477804576588,1.4099597987387449,-0.0068932151843812,0.0331435917486526,0.0114103887202654,SPY
2014-12-15,-0.6936932989687918,-0.8756210126244212,-1.691274436010486,-0.37955439061663854,-0.0057476985569223865,0.007331887552498733,-1.4851312357670807,-1.9457350641777715,0.9394373517120256,-1.4450813365136754,-0.0080519709783377,0.0446263691972603,0.0122478151624125,SPY
2014-12-16,-0.8048622463813675,-1.7512331110936457,-1.6999452251567302,-0.3474251845153237,-0.018388266477946325,0.0028811303757210905,-1.7587983410651924,-2.076135155668069,1.8806539990865818,-0.7313210527005704,0.0194152168735399,0.0540271156069325,0.0110969719001587,SPY
2014-12-17,1.830290369728312,-1.1473916970245728,-2.040470668252432,-0.07662133833619685,-0.02678777549894973,0.00029060392017635044,-0.894241117299059,-1.3174540251918114,1.7111317676068938,-0.01756076888746522,0.0244278252104646,0.0347081260393444,0.0047108130973558,SPY
2014-12-18,2.311191000830865,0.7802014280641093,-0.3976041114754245,0.2824296685397241,-0.027999506613241243,0.0013653679661281086,0.15131640881071678,-0.5040677911611369,1.6789547165657612,0.6961995149256399,0.004245735827367,0.0134998986110543,-0.0175864950414279,SPY
2014-12-19,0.3749576331039407,3.159964376307401,0.4968870992443,0.2892622409182258,-0.0284679876903088,0.0027982212066999016,0.3161639884579091,-0.21809636552224432,1.4536435412865643,1.4099597987387449,0.0045895622642264,0.0105964895039436,-0.0167968967689553,SPY
2014-12-22,0.4079437232513448,2.0485113139816318,1.4453486929611483,0.2856829781348884,-0.02570704303056966,0.004131387405570123,0.49844775520800805,-0.26157113716671704,0.15200788772045568,-1.4450813365136754,0.0013487754313343,0.0006265097952766,-0.0066251624899331,SPY
2014-12-23,0.0970284614850899,0.5949811611895581,1.9756034123094193,0.2831181457478443,-0.02236562350092837,0.005258954650216342,0.5406262601837725,-0.3239638613444891,-0.2045209248408715,-0.7313210527005704,9.622730595193474e-05,-0.0106946823414029,-0.013471706424073,SPY
2014-12-24,-0.023138753564520265,0.3827237020314975,2.40971355434038,0.2824776713853728,-0.014438742532965926,0.006503725137481416,0.5253943589362565,-0.29039598061980093,-1.2267020908769586,-0.01756076888746522,0.0032195977821745,-0.0113262875940849,-0.0112288841733239,SPY
2014-12-26,0.2765117940591603,0.053501437655512796,1.5175961692302384,0.28421311841767705,-0.007002553133016772,0.007847520716995368,0.6473976959537232,-0.25004222534607207,-1.0024304539685331,1.4099597987387449,0.0013423267202563,-0.0327708225166727,-0.0277267490768808,SPY
2014-12-29,0.09640978373914198,0.19057476432895998,0.5382370609314151,0.280705792307162,0.005365255711910798,0.009688427606112264,0.6782529883231607,-0.016135307422873505,-0.6902287492968255,-1.4450813365136754,-0.0053804174444405,-0.043576657441549,-0.0419766627603381,SPY
2014-12-30,-0.5485582038310113,0.28187525152264603,0.40416267099095077,0.2689289151423152,0.01808260629235654,0.011745601019487573,0.4072082427150246,-0.16096695889373805,-0.754636095716936,-0.7313210527005704,-0.0099724167053452,-0.0258122037163035,-0.0273947501897158,SPY
2014-12-31,-0.9891063564413836,-0.3482394656898379,-0.05623367614614247,0.3053873725262868,0.03015091697071331,0.011459269691560504,-0.02754856906691894,0.022991977831959942,-0.024540677001954295,-0.01756076888746522,-0.00053537794673,0.0017498931605404,-0.0300775869479634,SPY
2015-01-02,-0.08373382587148169,-1.1772596669437234,-0.5790266664301026,0.29665576511967684,0.0367242809526295,0.010545550309709328,-0.036900427484655635,-0.11785367643703655,-0.13387676920265493,1.4099597987387449,-0.0182249371404132,-0.0057607808784423,-0.0172337048707831,SPY
2015-01-05,-1.7808383288311773,-0.8222683544242865,-0.608193100030224,0.45316226529583375,0.031289834310563445,0.0072201072034774735,-0.7777132781620364,-0.18405868249996102,0.4959638178483797,-1.4450813365136754,-0.0094635082046199,0.0045998674692313,0.0153487398724925,SPY
2015-01-06,-0.9402825899066141,-1.4269224676100831,-1.598464477998082,0.4799712231869757,0.022013303475252592,0.0023441493413563696,-1.109890331748232,-0.2621472667051308,1.0108215566747116,-0.7313210527005704,0.0123840362808049,0.0112469649092181,0.0209970024917875,SPY
2015-01-07,1.155731545825315,-2.0810778527396625,-2.0974591673107077,0.5549075482586608,0.014868928887618187,0.00015088166634959246,-0.5437078883558891,0.26410420204719326,-0.05997620590109397,-0.01756076888746522,0.0175896801714987,-0.0071928601138209,0.0186577073734737,SPY
2015-01-08,1.6551516608757688,0.1616117382957563,-1.2771275474901438,0.7013287840340388,0.012307497022837208,0.0005411517882360088,0.2187255348632608,0.2369385525064168,0.2516255270855311,0.6961995149256399,-0.0080460519857128,-0.0339853545259112,-0.0017011716335133,SPY
2015-01-09,-0.8042943888713687,2.1437724315186104,-0.004357783424673828,0.6101780972489302,0.007433808033625009,0.0020688292879879003,-0.15805395305003633,-0.668797276741987,0.4223535289315624,1.4099597987387449,-0.0078642887927395,-0.0129102444694613,0.0018588193749806,SPY
2015-01-12,-0.7868563549503498,0.6468798154633155,-0.35118766604510276,0.629403897895922,-0.0005828307946555339,0.0017783989653690979,-0.4958767275431699,-1.0299972546805582,0.3247776385050158,-1.4450813365136754,-0.0028164107646331,-0.0029154386050409,0.020320281549254,SPY
2015-01-13,-0.3025720130912373,-1.2181076331867642,0.12724908033004542,0.5056839042881152,-0.00977624401951865,0.0033667212188773625,-0.6420753985285389,-1.2717481652411626,1.4961030287224122,-0.7313210527005704,-0.0060557887422341,0.0049363062594318,0.0237167177126993,SPY
2015-01-14,-0.6133521118140063,-0.8349369279832043,0.4342004954642106,0.4999709179302654,-0.019108212036698286,0.005060611680383869,-0.928643037311181,-1.452688085219498,1.1613569705317568,-0.01756076888746522,-0.0092028142405915,0.0257533915449146,0.0393434856577536,SPY
2015-01-15,-0.9152720797292323,-0.7024298953937299,-0.41731859790708364,0.5101949733210529,-0.028135593573230144,0.006582153417896001,-1.3446835852680945,-1.621219770481916,0.8719396014849269,0.6961995149256399,0.013029058070737,0.0294584372827007,0.0526538824403699,SPY
2015-01-16,1.21761377659293,-1.1703554413630626,-1.654549456791809,0.4106894527372436,-0.033396935770396804,0.007238629058371638,-0.7972052666865591,-1.2910109701688133,1.4070486419997155,1.4099597987387449,0.0021305170716807,0.0187684287686646,0.0411971009572775,SPY
2015-01-20,0.1720273488771922,0.22797264710153647,-0.6813374775270042,0.07890153268069358,-0.03292608862728373,0.004755071088514733,-0.6675371292480545,-1.2676143110051104,0.11443534073326851,-0.7313210527005704,0.0050353340998396,0.0033596445756014,0.0391614680340897,SPY
2015-01-21,0.4507102716558929,1.0583547646595743,-0.2197947016351577,0.08409008471976569,-0.028412346975877224,0.0023719894077848225,-0.412984211417569,-1.0081668720172217,-0.006468521732044013,-0.01756076888746522,0.0147612965432486,-0.0145832764874391,0.03341187677613,SPY
2015-01-22,1.3838016210559645,0.47266241567296724,0.14278523933635526,0.20452301208518886,-0.02316479410985899,0.00142290664937321,0.24777997864171677,-0.3870550097951751,0.8020523194513524,0.6961995149256399,-0.0054977685028054,-0.0201430779045059,0.0246333260612932,SPY
2015-01-23,-0.5598166533716462,1.398107292825002,1.1040820828139861,0.21651057875116095,-0.024452417428608833,-0.0005029843657045292,0.03587890577997352,-0.5055411179646164,-0.11814937701948879,1.4099597987387449,0.002339049556701,-0.0273005628652933,0.0299892954092282,SPY
2015-01-26,0.19203358054562752,0.6263571513489955,1.27517466008069,0.22107482995801025,-0.022790879349911895,-0.002110197638225408,0.1636833785638652,0.02901073258774865,-0.5235335464905332,-1.4450813365136754,-0.0132782671213824,-0.0173311082915441,0.0304870135707906,SPY
2015-01-27,-1.3062637013893197,-0.283808754270338,0.7815286332539535,0.2937987859938083,-0.02266621565502591,-0.006058980722878159,-0.35610338900384764,-0.08826858735286441,0.1538405530066133,-0.7313210527005704,-0.0129075869632009,0.0103046664327006,0.0429152599893258,SPY
2015-01-28,-1.270701313501651,-0.8538782899200454,0.06997774111491831,0.35430839788644153,-0.02535238753940422,-0.01200298129804088,-0.8232554861385202,-0.7232502186406662,0.689859988770075,-0.01756076888746522,0.0092014951261818,0.0193970078105767,0.0546406956724858,SPY
2015-01-29,0.8504042697056194,-1.9709844584588998,-0.7585951904038707,0.408624445999718,-0.02378775640230344,-0.015889401106317737,-0.3654616085223271,-0.9769907193308748,0.7602483678621395,0.6961995149256399,-0.0126552534635928,0.0202402538468859,0.042026964399052,SPY
2015-01-30,-1.2464928912485174,-0.3239142314444981,-1.0153371636096944,0.4351871951476641,-0.023192499980008233,-0.02010845051485934,-0.8477831454471277,-1.0719909689946254,1.106038073313985,1.4099597987387449,0.0123085041304502,0.0301263084749905,0.0609762714916568,SPY
2015-02-02,1.1484851271281797,-0.3054260023473369,-1.3458573880160272,0.523792842866734,-0.02279095567462324,-0.022540070912229513,-0.2774462740292152,-0.5439965325857862,0.5421828620497686,-1.4450813365136754,0.0143575076028623,0.0133317433673214,0.0445549656317227,SPY
2015-02-03,1.3450628361336348,-0.07777848678917736,-0.8854852906973862,0.4642051639927422,-0.018941925932662702,-0.020378602270573302,0.31864394703430965,-0.14015668651199814,-0.07988840104028691,-0.7313210527005704,-0.0038152455853248,0.0095714091459928,0.0259732782780162,SPY
2015-02-04,-0.398398429869002,1.9014201369343762,0.3906867883977487,0.42189151376744577,-0.017585152425606522,-0.017441265220708057,0.10443939716400041,-0.08418965166505779,0.07274382050652975,-0.01756076888746522,0.0100447411624911,0.0139666801301299,0.0308814510323323,SPY
2015-02-05,0.9313037782606123,0.7200487410886484,0.810555321696628,0.3977812288268431,-0.017557421113886987,-0.01480175450562229,0.5065208195092119,0.35883437622652353,-0.5064077384853546,0.6961995149256399,-0.0027691988354883,0.013492918170459,0.0066728730505749,SPY
2015-02-06,-0.29804258549681406,0.4040565556832214,0.8494949591080361,0.2482069497578352,-0.016754357944687763,-0.015044206222676475,0.3876674598439519,0.03232712728833391,-0.08322460894369443,1.4099597987387449,-0.0044860609772188,0.020369699547972,0.013577970594687,SPY
2015-02-09,-0.4627552524315737,0.48069937951502384,1.3060157917854032,0.22367451830475973,-0.017889738906254775,-0.014780941287236065,0.18552739461604653,-0.14112782579457187,-0.7171866537209325,-1.4450813365136754,0.0105971733815337,0.0264280371128355,0.0017089930927074,SPY
2015-02-10,0.9843031320744711,-0.5839583030432628,0.5304719438269868,0.2401839340314312,-0.012254583715422656,-0.011898991584892535,0.6091176771681605,-0.020278776286747402,-0.5744257482757897,-0.7313210527005704,0.0005800253988121,0.0159257478797947,-0.0112325097163807,SPY
2015-02-11,0.0232759655885433,0.3953827362168255,0.35682624041504235,0.23190059873662977,-0.0028533383020847604,-0.00853907618790271,0.5818800409297988,-0.34492287589292775,-0.6594177270439427,-0.01756076888746522,0.0095709792028202,0.0146314653228625,0.0008211419606496,SPY
2015-02-12,0.8858519076806148,0.7665699376449906,0.5597922207786004,0.23501480730792865,0.00674167011130393,-0.0029553034132865177,0.9204955720218629,0.043927664229177814,-0.5613726417179719,0.6961995149256399,0.0041075825420247,0.0110432319484541,-0.0149010196779304,SPY
2015-02-13,0.36170345530979775,0.6913816923121188,0.5379147163083173,0.16271005151176207,0.021044259500862215,0.00449889665010244,0.9864263035960056,0.08332008235527151,-0.6305049742665444,1.4099597987387449,0.0015722765876446,0.0067938502515589,-0.0057362167174943,SPY
2015-02-17,0.1184707605632012,0.9498423593196975,0.8554725367635685,0.09668923417133785,0.032383872720255,0.010373634398818821,0.963996090314308,0.557992864600201,-0.9048830902077314,-0.7313210527005704,9.488414849290194e-05,0.0080583413821777,-0.0102852949075593,SPY
2015-02-18,-0.02326761367612341,0.3637852299287778,1.1352360434196431,0.09884915821647544,0.03970819553522149,0.01596426853411383,0.8801098603430236,1.0978274913027528,-0.8435473034693399,-0.01756076888746522,-0.00071425715812,0.0071134365308376,0.0015690484212198,SPY
2015-02-19,-0.10089517578483924,0.06977873728044792,0.6502585669593941,0.0964924966260925,0.04790478259083458,0.020744332834092064,0.7731393615329536,0.9050362350115827,-0.6751369318106857,0.6961995149256399,0.0059827458284118,0.0066455424089166,-0.002288443287556,SPY
2015-02-20,0.5416032494351731,-0.09775335733147933,0.5904908463835102,0.0011762493370428573,0.054993669113459626,0.024305162619944722,0.9848555616145325,1.7053394760901712,0.14005178885158878,1.4099597987387449,-0.0001417991548704,-0.0027494395667471,0.000517178993677,SPY
2015-02-23,-0.045974584240809434,0.33364451809863704,0.42479246117848063,-0.027111257413332576,0.06283028338969628,0.028628061713865043,0.9106325475027561,1.5400995911130673,-0.9612112358609397,-1.4450813365136754,0.0028367677182634,0.0036864132171352,-0.0012915585017641,SPY
2015-02-24,0.23978376606149943,0.375587956956434,0.2285633947199947,-0.026429854735256466,0.07277150069288328,0.03303409911315586,0.9686382220412768,1.3346056703834694,-0.9892373579841618,-0.7313210527005704,-0.0008500207028472,-0.003263156230612,-0.0097631543390077,SPY
2015-02-25,-0.11392008616115752,0.14508521306616545,0.2869553989703208,-0.17362548183481544,0.07944515534525606,0.03919286409651035,0.8343283027905888,1.5919106529440072,-0.9866242291628315,-0.01756076888746522,-0.0011821512800409,-0.006637315278609,-0.0236754673948382,SPY
2015-02-26,-0.14578409656155855,0.09319451186762302,0.24332133404128956,-0.33764063367012764,0.08560649309478888,0.046979668300569315,0.6606019924705079,1.2397072354337548,-1.0026967523000025,0.6961995149256399,-0.0034122361472519,-0.0043622368295768,-0.0248772636409135,SPY
2015-02-27,-0.3597344289970634,-0.2012677584175864,0.22171479612706668,-0.3471034569221766,0.08801555539453462,0.0529859557733242,0.41645691082967684,1.1657330225923346,-0.4145788460894953,1.4099597987387449,0.0062940536290119,-0.0151138375015911,-0.019178082246019,SPY
2015-03-02,0.5714695600888364,-0.38899878186881787,-0.2121291543530205,-0.5315390012645929,0.09107559115571849,0.0616734185873294,0.5619878078150052,1.7832132648719452,-0.7645752056320319,-1.4450813365136754,-0.0041128017294838,-0.0172719924219793,-0.0133461913760548,SPY
2015-03-03,-0.42694543132938256,0.15877545084549557,0.08506734945086407,-0.5761445446726653,0.09247391074721292,0.06804689705968714,0.28232001001827406,1.0533568726978275,-0.3983361365323312,-0.7313210527005704,-0.0042241797508442,-0.0295142291716938,-0.0180114017573869,SPY
2015-03-04,-0.43763083843941236,0.10744569478056985,-0.23585169766985903,-0.6994727141196627,0.09261246553952945,0.07178097938513353,0.039669538000411564,0.6066400162306811,-0.33582821428024895,-0.01756076888746522,0.0010929271689912,-0.0276343788484041,-0.0173297207821594,SPY
2015-03-05,0.07248283921475439,-0.6632149932623861,-0.3916645022843921,-0.7290550636686175,0.0932770502411235,0.07621470409328676,0.020561971796159248,0.15409531771592938,-0.967299251922528,0.6961995149256399,-0.0141638368192662,-0.0160936289415527,-0.0148315874317042,SPY
2015-03-06,-1.3912236659372168,-0.28179632058421755,-0.2866053308525585,-0.5808121168973984,0.08809887653754515,0.07717073732095829,-0.6107005086632398,-1.1601465998291776,0.8884591401937584,1.4099597987387449,0.0041358987086237,-0.0080809745580463,0.0060425011683307,SPY
2015-03-09,0.3644200574204304,-1.010065287303608,-0.7830955765617871,-0.5784837897425248,0.08415286352927712,0.07911741609482752,-0.46057443255884295,-0.9680722377245499,-0.7512863881215079,-1.4450813365136754,-0.0163550384791983,0.0010555122357907,-0.0007430963426253,SPY
2015-03-10,-1.6014436133789511,-0.7871097342428146,-0.88275542251302,-0.3566640625708121,0.07469625725878225,0.07935989327147644,-1.1680315364089302,-1.5969697768866418,0.3753809128951761,-0.7313210527005704,-0.0023443294275544,0.0144337491125687,0.0189837728881343,SPY
2015-03-11,-0.25728137842095183,-0.9476569400234152,-1.4480806533614201,-0.4494962346818845,0.06482426646861245,0.07775959227882337,-1.2445187787366956,-1.6416447912502743,-0.39698180488633333,-0.01756076888746522,0.0126336770758426,0.0287273060173953,0.0257414927193311,SPY
2015-03-12,1.1796816348434862,-1.4224569272215255,-1.3612724303462125,-0.31558652011676935,0.05889828868671068,0.07787735563251835,-0.7045649884359259,-1.272835616223442,-0.6430607839324077,0.6961995149256399,-0.0061511824357598,0.0115218800746568,0.0185499459418529,SPY
2015-03-13,-0.6225040112516267,0.7015179522401238,-0.8283406435625127,-0.3664193712938407,0.052210870144759766,0.07573666201985721,-0.9375325566063213,-1.4388597266468375,0.5236871705136378,1.4099597987387449,0.0132723855024607,0.0264614306200616,0.0201679186044545,SPY
2015-03-16,1.2409581728862742,0.4225935499540331,-0.4583301804688431,-0.2378191506393489,0.047489499837441745,0.07490540626412599,-0.3517021318154654,-0.9771894279283743,0.11639555660184413,-1.4450813365136754,-0.0029768016024203,0.0112385084672892,0.0088070478582258,SPY
2015-03-17,-0.3179596216835044,0.46939109263445133,-0.0364230885324193,-0.23582084913565357,0.043114414744632915,0.07341596907509698,-0.45872891328663024,-1.0349294315724336,-0.6128832837097355,-0.7313210527005704,0.0119492274772721,0.0085804819507293,0.0162606961648554,SPY
2015-03-18,1.114016771006871,0.7019748763159329,0.5813606551846331,-0.13190709238241774,0.043432714231718725,0.07364455804302437,0.05943596696155219,-0.5837857134052375,1.980259744701136,-0.01756076888746522,-0.0045717488668959,-0.0181310792852205,0.0040262846484795,SPY
2015-03-19,-0.4709759944991347,0.6050283799552147,1.2414122880738834,-0.11821561092834473,0.04210357027010044,0.073312043010935,-0.1358461986803789,-0.6160068578861384,-0.13411848103701493,0.6961995149256399,0.008788368109645,-0.0159432779444408,-0.0029719802658423,SPY
2015-03-20,0.810769606547406,0.48816815145076886,0.4468956003329334,-0.09039857250592871,0.04743304499275757,0.07338774711475318,0.2488889786422786,-0.5410567433841844,1.0733717331866424,1.4099597987387449,-0.0019505366503116,-0.0224447008064432,-0.0026651099049095,SPY
2015-03-23,-0.21950160741736421,0.2565750723574954,1.136778097585674,-0.08794358527747458,0.051001606862794924,0.07319888784381841,0.16581877830385475,-0.4787890815544543,-1.0506102475836283,-1.4450813365136754,-0.0056348281189801,-0.0083682196571555,-0.001906344531287,SPY
2015-03-24,-0.5729659065122825,0.4486287316923574,0.4338099916630385,-0.07543014308955984,0.05760896078274524,0.07177325239824651,-0.05998948441734496,-0.5192156557033308,-0.9601600456140091,-0.7313210527005704,-0.0147623337586777,-0.0115114036489911,0.0086304723263959,SPY
2015-03-25,-1.448642386198237,-0.6081447708445159,0.3110669435749971,0.04702840993511834,0.060625160718156226,0.06834292849306432,-0.6505889433290075,-0.9156430634992423,0.68980421479641,-0.01756076888746522,-0.0023839475261162,-0.0002915686659301,0.0259057307031822,SPY
2015-03-26,-0.261082267563059,-1.546852633469946,-0.9224265617998817,0.04786171091395226,0.05936015495547817,0.0647448895100604,-0.6998305342513801,-0.6315541741790996,0.5338909671819144,0.6961995149256399,0.0022869452476426,0.0056834393796325,0.0306076388154847,SPY
2015-03-27,0.18703478681886293,-1.308663787114812,-0.8213976956447187,0.05159681800417663,0.06050716271471089,0.061972721578581254,-0.559528533128535,-0.6882688515513731,-0.20098665543102948,1.4099597987387449,0.012125944498976,0.0101067459127586,0.0241538272562227,SPY
2015-03-30,1.1309706843293923,-0.0594797639868781,-1.1216221117744172,0.12123966265989541,0.061337270273229445,0.06002571182998473,-0.001818583193392292,0.1503249636866053,-0.6695917638198629,-1.4450813365136754,-0.0087780121108158,-0.0046688973885498,0.0152019210686216,SPY
2015-03-31,-0.8745173271989007,1.003645854893388,-0.4715946602599048,0.15184524801958205,0.06049459457894066,0.05741498318631841,-0.34570815068656296,-0.06795257276146319,-0.024010627015459036,-0.7313210527005704,-0.0035424987756167,0.0074809454738273,0.0198568759684629,SPY
2015-04-01,-0.3722315913483,0.19292723484769153,-0.6167414379371864,0.14949380198945286,0.05517547457542952,0.054912801523190294,-0.461915841844351,-0.524221775168199,0.21196464081349536,-0.01756076888746522,0.0035910605194464,0.0154368346530864,0.0133284516655196,SPY
2015-04-02,0.31214926117767344,-0.9550843026872278,-0.09862894497074887,0.1585147691601896,0.052214660938746736,0.052766303123015744,-0.2733611862963143,-0.2217073059227126,-0.8412922366024544,0.6961995149256399,0.0067102517807686,0.0172879044320044,0.0205204449671896,SPY
2015-04-06,0.6113988624381016,-0.048814430224893374,0.1772865492102879,0.07270243829698371,0.04862643273480214,0.05363754317168363,0.006776318713576875,-0.4244592987843708,-0.2360841518663447,-1.4450813365136754,-0.0026496988023323,0.0060444428780774,0.016653482527519,SPY
2015-04-07,-0.2865779671786085,0.7023945906025996,0.3815471625341616,0.06772055183024484,0.04484357651741262,0.05353032009005223,-0.1076539822639575,-0.41336521520149183,-0.9296584660467185,-0.7313210527005704,0.0033718307515613,0.0106056564366419,0.0077852211552036,SPY
2015-04-08,0.29111675142505783,0.24514024957956948,-0.3007663828594603,-0.10585931609345882,0.04367542681319015,0.056251848888356715,-0.0013371407586169808,-0.73240233420421,-0.7283503146562375,-0.01756076888746522,0.0044133904036423,0.0117106723892899,0.0002880209554936,SPY
2015-04-09,0.3910421117064496,0.0005374009421449536,0.2602922587409241,-0.10661413464514603,0.04804237060347581,0.05994603602944707,0.13625973376973086,-0.3932860273215421,-0.785845155952798,0.6961995149256399,0.0054421302983644,0.0070120979465437,-0.0001435386105788,SPY
2015-04-10,0.48973756751693687,0.5180430495247119,0.6276814032919662,-0.1847576541015495,0.05467608199034479,0.06263229055977126,0.33518612762966954,-0.5231843466907237,-1.0452546537686023,1.4099597987387449,-0.0045332097731582,-0.0100000461330385,0.0074944486717658,SPY
2015-04-13,-0.4672786231397854,0.6697318755446691,0.7131605907539894,-0.19917755431721318,0.059334967800797125,0.06553729392480409,0.09115274753609218,-0.6196637457546724,-0.9810300691667817,-1.4450813365136754,0.001911514756232,0.0036284021106975,0.0072437733611687,SPY
2015-04-14,0.1510166605023621,0.014223217493509804,0.19395706377946603,-0.3143451193631703,0.06105949920776697,0.06681551831905336,0.1557835985953263,-0.3246986462712984,-0.9364475521430029,-0.7313210527005704,0.0044768467042093,0.0005251160777763,0.0023360684717337,SPY
2015-04-15,0.39712999508750496,-0.244461535416209,0.4045859840218771,-0.3129322651222785,0.06662245122184657,0.06917732850869844,0.31719182826786657,0.5808779085883482,-0.3519196706886166,-0.01756076888746522,-0.0002851840391038,0.0009502581122697,-0.0019500030566081,SPY
2015-04-16,-0.05973067222607434,0.4156965038085303,0.45561370152917524,-0.4169267576789781,0.07311717530970266,0.06976554697670509,0.295630774756279,0.7125344798330873,-1.0550018313325213,0.6961995149256399,-0.0115700137812178,0.0037483667694822,0.0087084563192973,SPY
2015-04-17,-1.142376947398043,0.2547465282851827,0.2386416942229259,-0.326020718463521,0.07521719885398327,0.06933484701898078,-0.20572418989026767,-0.012580002779819075,1.778916445989337,1.4099597987387449,0.0090952384705778,0.0176363411368862,0.0213619078736568,SPY
2015-04-20,0.8402101972179691,-0.9209912687399826,-0.5469495727684055,-0.3217048736123262,0.07802658426373535,0.06894514973796691,0.19898636083291596,-0.12093635212785332,-0.48524215873132237,-1.4450813365136754,-0.0011917712766891,0.004374236354689,0.0153687528814643,SPY
2015-04-21,-0.1467070217430943,-0.2336968720127033,0.08238849730896046,-0.32341492420060997,0.0812532114277997,0.06866683818226157,0.15074786404257925,0.2841316162618521,-0.920894846712655,-0.7313210527005704,0.0049019887387027,0.0087400459427531,0.0162318566187211,SPY
2015-04-22,0.43791735746529903,0.526706821304663,-0.060915861920222636,-0.33216107663591427,0.0849386264306146,0.06992636250445637,0.3477524619129039,0.6678162803216682,-0.7791042267668254,-0.01756076888746522,0.0025129246181085,-0.0002850000069241,0.0106255477935741,SPY
2015-04-23,0.20871484130719778,0.21947150841536686,-0.0412835411518022,-0.5354085709492225,0.08808170347753534,0.07368403314407392,0.40155992720765943,0.6371582445664024,-0.2026592910599577,0.6961995149256399,0.0023179605861862,-0.0128688477035927,0.0110205888911316,SPY
2015-04-24,0.19001034263271038,0.4909109587647533,0.08792825689763953,-0.5479264335795182,0.09032089241182087,0.07812362628872645,0.43647134994849485,0.4939387637300225,-1.1267144119168284,1.4099597987387449,-0.0041668663116194,-0.0044037544686625,0.0063112468406174,SPY
2015-04-27,-0.4321322901305745,0.30158173949162304,0.7292507926223656,-0.5206613584332896,0.09265731902811773,0.08162376040163326,0.19923749808888794,0.3894310498546169,-0.6814226415664365,-1.4450813365136754,0.0031740383113749,0.0026064011840549,-0.0003321279763195,SPY
2015-04-28,0.2721409003472315,-0.18784001870458336,0.11682982733543373,-0.6340587793854995,0.09536923778172537,0.08384355697395952,0.30557945928028074,0.3841729897671293,-0.4818684922105282,-0.7313210527005704,-0.0041230572109745,-0.0120855973019677,0.0059412899286188,SPY
2015-04-29,-0.42792932378409687,-0.12511603979233776,0.3184353315967408,-0.7046973180402419,0.09556399300302175,0.08672445010313717,0.0804096233225639,-0.04743338862554396,0.5140778297860141,-0.01756076888746522,-0.01007092307856,-0.0120879095391419,0.0089355672975708,SPY
2015-04-30,-0.9985568807717332,-0.12190618977035586,-0.09832561570626473,-0.6029899447715178,0.09290774040541645,0.08864504552258863,-0.3884586691915712,-0.8095779241301938,1.3812990055849956,0.6961995149256399,0.0107830538211164,0.0019648443769879,0.0127740662622484,SPY
2015-05-01,1.002136167232327,-1.0923515762948883,-0.6794258467768811,-0.5176355588269327,0.09676010299309731,0.09162334705977315,0.03791296026766801,-0.1181225376276899,-0.055713507774078734,1.4099597987387449,0.0028432893410981,0.0042619081365806,0.0040256257930391,SPY
2015-05-04,0.24040943883028876,-0.00019537770396559163,-0.2885225433179155,-0.5447844765734197,0.09880451126451616,0.09405196322500911,0.1262870710859472,-0.08203067834297463,-0.8547208816556878,-1.4450813365136754,-0.0115179601746477,-0.0033652662882728,0.0001892193288774,SPY
2015-05-05,-1.137383017976842,0.9460163547650124,0.03519426952252424,-0.42503414504090115,0.09783091324902726,0.09517927587371176,-0.39411810791386903,-0.7357421751437848,0.20949337070070992,-0.7313210527005704,-0.0041253694481486,0.005156503753172,0.0143532744595997,SPY
2015-05-06,-0.42815115566114426,-0.6879571623985969,-0.6432567035750817,-0.41780187851072015,0.09422881938922244,0.0952209659594701,-0.5736458419646958,-0.8635522558785718,0.7310666133559466,-0.01756076888746522,0.0039818308375698,0.009472648377188,0.0099961784166229,SPY
2015-05-07,0.3496390628877709,-1.1985439865645962,-0.6433634786719046,-0.42081450737338433,0.09104404360844122,0.09520010182189582,-0.4006652092275029,-0.2748254567813526,-0.4326886798843184,0.6961995149256399,0.0130801175807091,0.0158640928764199,0.0042994884847793,SPY
2015-05-08,1.2225123341739188,-0.06288943559464426,0.005568290424711684,-0.3100935751885686,0.0910022939914397,0.09629959986376382,0.15485788544187615,-0.12761116688900026,1.2080735107542535,1.4099597987387449,-0.0047838850837553,0.0038674130688525,-0.0149492253055489,SPY
2015-05-11,-0.4913279617206515,1.1977397967979067,0.11164270531425559,-0.30816309044813917,0.09077993466627572,0.09735738236027969,-0.07100488315108189,-0.27558886053816445,-0.7476686682755666,-1.4450813365136754,-0.0029961901332029,0.0117533816309931,-0.0103090802768397,SPY
2015-05-12,-0.3198197224659293,0.5554843515008688,-0.24056696278841516,-0.3023014716998983,0.08874941749228693,0.09769832451810136,-0.20707304133128027,-0.5702892642177801,0.316823241705314,-0.7313210527005704,0.0001907751758674,0.0144209042247638,0.0046088278103955,SPY
2015-05-13,-0.014068000923262717,-0.6224110151983628,0.1529535771594104,-0.3175709634368659,0.08798454212023533,0.0974130624931366,-0.19448770261606785,-0.6646217437205737,-0.3040142722133094,-0.01756076888746522,0.0103732753368017,0.0135258089624521,0.0076364115053975,SPY
2015-05-14,0.962822756234793,-0.2579225160362244,0.3522656396388287,-0.23968581494336716,0.09319975875029399,0.09869345095290662,0.2414346591680472,-0.35915485435954764,-0.2803015207712375,0.6961995149256399,0.0010834377731416,0.0060604993413164,-0.0104212705961685,SPY
2015-05-15,0.0715724436390142,0.7216451628491479,0.6474114459856367,-0.3549118734926877,0.09559182608102292,0.10181787783189859,0.24214334240263535,-0.16217812525879952,-0.7492527378754402,1.4099597987387449,0.0031020834783852,0.0025856801038468,-0.0157992733481027,SPY
2015-05-18,0.265237683046026,0.7870496796117373,0.09342560824356348,-0.4050406283993413,0.09806739264575487,0.10407946632836024,0.3450107681615934,-0.16375917298958395,-0.7706412176731,-1.4450813365136754,-0.0003286675394322,-0.0113266445030948,-0.0134643287297473,SPY
2015-05-19,-0.06390240106362101,0.2542965529097452,0.4575859401338392,-0.4072449304367722,0.10381118334213002,0.10646625238006917,0.2945381677161327,-0.003661973340506013,-0.8286428082742865,-0.7313210527005704,-0.0007043200864442,-0.0015505207473491,-0.0115200036391733,SPY
2015-05-20,-0.09994183099526102,0.15083297566477244,0.5807675005747375,-0.4205082125830986,0.11054243770985478,0.10803194105419464,0.23992237991876683,0.4622449242515569,-0.7154495734493216,-0.01756076888746522,0.002907965715666,-0.0019749805029274,-0.000470080389479,SPY
2015-05-21,0.24661437391727986,-0.12805849634406763,0.5394335559580014,-0.41908128220944907,0.11698152108327882,0.10966024760063957,0.3438073606022122,0.19485826483854604,-1.0050185134683625,0.6961995149256399,-0.0023913814643279,-0.011115370332476,-0.0078270150443744,SPY
2015-05-22,-0.26179546622876154,0.10908646148637866,0.1946985233650608,-0.41540307087940254,0.1188868657309744,0.11059270524393684,0.22424941484811528,-0.061203484775815345,-1.1687923178283923,1.4099597987387449,-0.0108102411285564,-0.0066893755162409,-0.0003257443183324,SPY
2015-05-26,-1.0694857251838832,-0.01452287815239789,0.034237406026779015,-0.33380761677486115,0.1190118856078454,0.11054400103993364,-0.24893576295441425,-0.026424031926065492,0.44689182938449745,-0.7313210527005704,0.0094474562163133,0.003127748489252,0.0111921168005082,SPY
2015-05-27,0.8740013344512522,-1.0196424969593973,-0.6082095814684234,-0.2747131869676625,0.12279469094209434,0.11142076582057664,0.151819900127977,0.5616606014300599,-0.30897880970487257,-0.01756076888746522,-0.0011287798420225,-0.0036736127709868,-0.0055445939356166,SPY
2015-05-28,-0.14066373676068772,-0.15222242144889203,-0.15676516554922018,-0.2881949616385871,0.12618806215846093,0.11273594481603409,0.08251301674015056,0.3630820631372763,-0.732575923791973,0.6961995149256399,-0.0062324241138824,-0.0110272984200898,-0.0074607166410807,SPY
2015-05-29,-0.6302981917770013,0.5571287924755374,-0.1763659798623198,-0.33949649939972704,0.12469998470664839,0.11460083464303389,-0.2181339691778518,-0.5754452250190542,0.46648934934522157,1.4099597987387449,0.0020346133519071,-0.0065097334004811,-0.0014188962831722,SPY
2015-06-01,0.16282651843838278,-0.5917207269544283,-0.598453307209133,-0.42421214960340864,0.12349003450228382,0.11519231193911833,-0.1380554295387156,-0.19640877551399574,-0.3014612880716559,-1.4450813365136754,-0.0009931171230634,-0.0147129429620074,-0.0246470960160074,SPY
2015-06-02,-0.12764849942727471,-0.3599419968824,-0.394068553640282,-0.42947767249480917,0.12107008321041315,0.11522013927574942,-0.18185992435202303,-0.06986684957822392,-0.32012004136120653,-0.7313210527005704,0.0026460949560744,-0.01386356589399,-0.0215624464170511,SPY
2015-06-03,0.22149096408946012,0.02393690983073502,0.05926918260322538,-0.5492128603329658,0.11952636504416904,0.11732166330249406,-0.09740429028260474,0.05067273451048273,-0.41265158473383673,-0.01756076888746522,-0.0084824654911255,-0.0045879428960322,-0.0162248334359134,SPY
2015-06-04,-0.8461631159028933,0.06873956981883551,-0.2548058678255727,-0.49468646814223965,0.11570181009291859,0.11877604263009424,-0.48840102024554316,-1.02480284011127,1.2084067757692172,0.6961995149256399,-0.0017148590942737,0.0071128814659626,-0.0086589136413275,SPY
2015-06-05,-0.19689112644272905,-0.4799976713016819,-0.5943862992579799,-0.5025339707053759,0.11051435021614976,0.11940229773206874,-0.5719008187558627,-1.1784441069803444,0.43948626900511056,1.4099597987387449,-0.0061685962096191,0.001143333795472,-0.0097940254155766,SPY
2015-06-08,-0.6241746574054716,-0.7995205158319711,-0.38577299273599125,-0.6378048808518487,0.10424203633659822,0.11721726623583612,-0.8061334430484276,-1.6413220700174027,-0.3822722428722027,-1.4450813365136754,-0.0001437400550461,0.0030173650262987,0.0026436565136238,SPY
2015-06-09,-0.04616079071389961,-0.6299855732110672,-0.764582962995373,-0.6550277991372162,0.10111295215338964,0.11571416997443536,-0.7903362098615605,-1.6350183920267738,0.045491784586472725,-0.7313210527005704,0.0119217179540322,0.0085981331780855,-0.0141321660984496,SPY
2015-06-10,1.1113775568097541,-0.5148712155008355,-0.7253602051880244,-0.5230934805167693,0.09867916064722997,0.11638915474000779,-0.2838890813163372,-0.868547200047974,0.808772981174464,-0.01756076888746522,0.0032183588708694,-0.001707927224805,-0.0242464159044075,SPY
2015-06-11,0.27639293513612945,0.8105884369701528,-0.29702804499634106,-0.515446131849446,0.09752480027415593,0.11750945327046558,-0.16007549351522837,-0.8539235474329357,-0.7456775095334648,0.6961995149256399,-0.0076844067647643,0.0054193170675755,-0.0149518499874021,SPY
2015-06-12,-0.7695987966168868,1.056926141976471,0.24329570210939586,-0.5623517629255904,0.09595322358834035,0.11597854240223064,-0.471980547672347,-1.0455084068082652,0.9798921111880811,1.4099597987387449,-0.0042945649787924,0.0086547548931106,0.0037093060083828,SPY
2015-06-15,-0.44438347065510886,-0.3795954695881611,-0.03236764143436712,-0.5528116884251003,0.09253196841083154,0.11366129923250587,-0.6238419260932012,-0.8007693504248857,0.658226077652306,-1.4450813365136754,0.0054370280967406,0.0180592091336171,0.0123323666131049,SPY
2015-06-16,0.4892480714669815,-0.9300600632226016,0.054171865997469044,-0.531302079959363,0.09098827568615772,0.1116780732109376,-0.35883680384558697,-1.0239735982723077,-0.44481504055251087,-0.7313210527005704,0.0016156575511416,0.0133298010271607,0.0065632079110544,SPY
2015-06-17,0.12263265220150606,0.03133465519507067,0.31188204659774615,-0.5268111941450404,0.08913854631132391,0.10998014740372572,-0.2633249716819572,-0.8855685116781827,0.7828563017124284,-0.01756076888746522,0.01034560316325,0.0044248889562075,0.0129395055931249,SPY
2015-06-18,0.9601679376592096,0.46437088826906847,-0.16403392329537841,-0.42812925886931796,0.0928239613141388,0.10991052814295878,0.1910103177965975,-0.09758941915092785,1.8652225744097766,0.6961995149256399,-0.0044489689392293,-0.0089656167545291,0.0034413645024127,SPY
2015-06-19,-0.4591967089988798,0.8240173898680265,0.16508983956576,-0.42120504868300773,0.09569646726001571,0.10875223116792429,0.012799909914094217,-0.3977181350321469,0.8591532123881424,1.4099597987387449,0.005109889261714,-0.0047072515712738,0.0084081257427817,SPY
2015-06-22,0.4578629598348677,0.3796681293977486,0.3144967390573037,-0.4018078663022854,0.1018723067046679,0.10870395977702496,0.23824249551450977,-0.1452787318230329,-0.9110199675199128,-1.4450813365136754,0.0007076199902842,-0.0310107272139159,-0.0006608343486549,SPY
2015-06-23,0.03551716127746295,-0.003947515172500064,0.7487781022764507,-0.5067356713432603,0.10829943254001105,0.11035414884481888,0.24466528510212868,-0.21985473415797313,-0.9466142424123665,-0.7313210527005704,-0.0072892545198115,-0.0296268147283074,-0.0031647703658048,SPY
2015-06-24,-0.7316886007255442,0.3738707199680486,0.5303822499318118,-0.5351292621161651,0.10909761092769657,0.10953576291403493,-0.06339728116521999,-0.16605793192957463,-0.22158193582293848,-0.01756076888746522,-0.0030449025474865,-0.0143538522712836,-0.0015212923452505,SPY
2015-06-25,-0.3244931039066753,-0.534602436381025,0.11916887650038199,-0.5289649718688848,0.10805570229572375,0.10843685044283637,-0.18018334042007908,-0.22867823983992497,-0.06155599641426614,0.6961995149256399,-0.000190603755974,-0.0122254954203366,-0.008902652163071,SPY
2015-06-26,-0.05065680991931294,-0.8095460981554043,-0.4991814206604313,-0.5623394864946195,0.10921092768219098,0.10822852731201645,-0.1854075816514252,0.06717177741251026,0.1733674610804628,1.4099597987387449,-0.021193586380928,-0.0148848625328854,-0.0145465710215244,SPY
2015-06-29,-2.065645199292066,-0.28943488895626207,-0.3025375124043086,-0.2240940437483471,0.10546867621113566,0.10464423650996489,-1.0488516664334748,-0.7929434507081659,2.877390830300791,-1.4450813365136754,0.0020915324758927,0.0125778095676238,0.0188555850015514,SPY
2015-06-30,0.1682872368521563,-1.6191712301312138,-1.5171863338411837,-0.2165253737068176,0.10074198861560758,0.10150682523785123,-0.9132811136789135,-1.2266789257683148,2.176752207115236,-0.7313210527005704,0.0079837079372122,-0.0064332855753885,0.0236194743770523,SPY
2015-07-01,0.7335719563947855,-1.4519613370681366,-1.4532796588278243,-0.16930615225853934,0.0978484170494518,0.09913349458175948,-0.5339931355087115,-1.0084604371827688,0.8917659273575859,-0.01756076888746522,-0.0009165456965396,-0.0126095253645264,0.01587317921346,SPY
2015-07-02,-0.12030237444310936,0.6858305242070865,-0.7480007785646007,-0.21285143696371828,0.09164347244827965,0.09787283730761602,-0.5550241972483835,-0.7816334092529781,0.04359177486083339,0.6961995149256399,-0.0028499708685227,0.000819945119888,0.0152703979678232,SPY
2015-07-06,-0.3057917091168553,0.46543157408553426,-0.6497169557070296,-0.20989360662471124,0.08592764203775713,0.09645016790478672,-0.6572332421110522,-0.7273812323997266,0.39217710464385064,-1.4450813365136754,0.0062690857195812,0.0146466652194314,0.0147417773993732,SPY
2015-07-07,0.569074183750716,-0.32834149225979026,-0.7725219101894981,-0.20582770218348828,0.08051932388847712,0.09683420042605632,-0.3913004860184159,-0.6918701983991015,1.7881070927559126,-0.7313210527005704,-0.0169195626671196,0.0127060751257799,0.0065168211686712,SPY
2015-07-08,-1.6556030489454983,0.1981427043902153,0.49565659038527216,-0.02024396537416136,0.07002409094858872,0.09479870585727498,-1.0906802127729323,-1.2775021129362967,1.471017877026085,-0.01756076888746522,0.0018074681480744,0.0292935071875897,0.0267260823507964,SPY
2015-07-09,0.14103461599302233,-0.8327225468748746,-0.38224276494740184,-0.12373980650717664,0.062198111248772676,0.09128231579337133,-0.9617018127737547,-1.6939449138450564,0.9313308627265537,0.6961995149256399,0.0125129247878748,0.0354779942727274,0.0166972295111023,SPY
2015-07-10,1.1680968774502087,-1.1596209092963607,-0.6674507915484954,-0.01634302302450099,0.05887208386921424,0.08909680056484584,-0.38909790407706024,-1.00277352868116,0.5436249879369635,1.4099597987387449,0.0109767492310206,0.0238125315573904,0.0022626163211034,SPY
2015-07-13,1.0207189565913986,0.9968687039044417,-0.0473011688130585,0.028531344681037272,0.058802246758507704,0.08963987917205869,0.0824286623665487,-0.7815563086220028,-0.06778898026201713,-1.4450813365136754,0.0043284956259297,0.0133535746275095,0.0038061807418543,SPY
2015-07-14,0.3828974593747361,1.6686929744873458,0.5911927512079603,0.02444794144346094,0.06615318145609717,0.09144549906339745,0.24571057304031196,-0.6560231235214665,-0.6774610361764632,-0.7313210527005704,-0.0003321306053098,0.0050660081718572,-0.0095864707011115,SPY
2015-07-15,-0.06423464137727562,1.0690278423879727,0.5015796710899634,0.009570356897809882,0.07280528709835414,0.09240889011383756,0.21651952654425471,-0.43556140593563036,-0.24461480289865276,-0.01756076888746522,0.0079919552332121,0.0036018227503014,-0.0080570386065312,SPY
2015-07-16,0.7343631871442589,0.2404372605938266,1.2675584747381994,0.04350203747780673,0.07951316066289509,0.09431739222597027,0.5411025576818,-0.08179264052023714,-0.02425203949547443,0.6961995149256399,0.0008474620725378,-0.0100359089821679,-0.0172939310487283,SPY
2015-07-17,0.04893335921079484,0.5088553684267274,1.5531473471447028,-0.017725647634288855,0.08673823591179018,0.09482781890342125,0.5709780760525457,-0.0511171024393455,-0.5110086400541148,1.4099597987387449,0.0005177923011396,-0.0213096334200129,-0.0145056233811811,SPY
2015-07-20,0.01730543409384982,0.5952829719881324,1.014456539465698,-0.03200286342719372,0.09494161586669586,0.0960724748225119,0.575060474648889,0.9240951987970923,-0.9926336715495498,-1.4450813365136754,-0.0039590708297225,-0.02766194833558,-0.0094522972250148,SPY
2015-07-21,-0.41219676521665594,0.04765835293305739,0.5314800735060534,-0.036427348251996026,0.1001543137812868,0.09597459541200906,0.401000374676259,0.6515450548050224,-0.8051885488985324,-0.7313210527005704,-0.0017963160268656,-0.0114943078637095,-0.0083941960408315,SPY
2015-07-22,-0.20470595809485767,-0.3045116189417923,0.1487746483865501,-0.03499010398402701,0.10971322060629969,0.09550610068646309,0.3286607884903328,0.3328046760721954,-0.519493600193439,-0.01756076888746522,-0.0056457764992572,-0.0028425699854501,-0.0145346396205416,SPY
2015-07-23,-0.574016274430722,-0.4740640762662346,0.08116110860876412,-0.04838922420740544,0.11709201382346061,0.0952823490414629,0.08329356049747734,0.09325544795215461,-0.47132545267684967,0.6961995149256399,-0.010426262365307,0.003040619287427,-0.0299914849115578,SPY
2015-07-24,-1.032647493037084,-0.597647353501651,-0.5486056568547905,0.01210852045428835,0.11781865051522351,0.09398173293397752,-0.3530468259626785,-0.23155570808574077,0.2790219186367183,1.4099597987387449,-0.0058345226144274,0.0119475547105576,-0.0501300054929343,SPY
2015-07-27,-0.5921242373519169,-1.2299550940480986,-1.069206671248227,0.029050707048066313,0.11365394176792748,0.091862960032057,-0.5747111978019198,-0.6673809089586025,0.7054850838867397,-1.4450813365136754,0.0122085696421478,0.0144034858880122,-0.0873144748310057,SPY
2015-07-28,1.138897592004097,-1.2437843375844706,-1.362545541381453,-0.1718359342103856,0.11176734755760585,0.09459706586997356,-0.08411748573578356,0.43035924008071114,0.448945845920289,-0.7313210527005704,0.0068554218513936,0.0002390457347436,-0.1113606334968517,SPY
2015-07-29,0.6253262179959858,0.41464769930198286,-0.6159519842647534,-0.14935118925755667,0.11199090263657774,0.09803733174675158,0.1651284423714702,0.5616675867687277,-0.06326260677951821,-0.01756076888746522,0.0002374127736199,-0.0033266776016445,-0.0805408401622154,SPY
2015-07-30,-0.0095936736499605,1.3444275378047092,-0.21642975534029593,-0.18294389133043773,0.10992270649684902,0.10035881393893677,0.1406644934428564,0.2211240024475807,-0.4605396926152505,0.6961995149256399,-0.0015193269421764,-0.0117854750668842,-0.0563442124259818,SPY
2015-07-31,-0.17813212334014047,0.46731256461554366,0.055245707388493576,-0.1812552368510762,0.10715568130178779,0.10258941810906659,0.040430487757145715,-0.28371728680039054,-0.10964272405158108,1.4099597987387449,-0.0033785914369728,-0.0121878365268317,-0.0547746397088708,SPY
2015-08-03,-0.3565066159865604,-0.14629710103420912,0.4665525157093283,-0.1783930394650492,0.10324264056873896,0.10473610745619928,-0.1396445997874938,-0.6631430449797122,0.18167704580923377,-1.4450813365136754,-0.0019558705111206,0.0037110685619126,-0.0595079962607787,SPY
2015-08-04,-0.22001332843302107,-0.4112381982947716,0.5799631520356259,-0.19721976071525604,0.09993063149446298,0.10568712514378235,-0.23920416331998576,-0.7358770755054937,-0.7066318721802277,-0.7313210527005704,0.0032896985150054,-0.0033972167440028,-0.0878543113387673,SPY
2015-08-05,0.2832371323248294,-0.44322331927978126,-0.07412609351598178,-0.4351507093533063,0.09811389983641818,0.10956095518265024,-0.15321790640171898,-1.0074973109804006,-0.6000189106861563,-0.01756076888746522,-0.0082213846916197,-0.005489613769738,-0.0723410683788232,SPY
2015-08-06,-0.8211154934253456,0.045355773508121124,-0.23878500426055146,-0.36457390208652274,0.0955564877397582,0.11197335358628145,-0.5465849693075783,-1.365102427384846,0.27755680508022873,0.6961995149256399,-0.001921688402124,0.0014868337128968,-0.0634034244277366,SPY
2015-08-07,-0.21673395835581172,-0.41371233183870243,-0.6293975800096699,-0.4807228592109116,0.09548665062905166,0.11230198603023198,-0.6345570145897658,-1.4566202284934942,0.31940451271552395,1.4099597987387449,0.0125203136517715,0.0070442918551059,-0.0767340665335885,SPY
2015-08-10,1.1688057517671744,-0.795545562018277,-0.6479779334107446,-0.4498127577018298,0.10076928742063077,0.11286134604803547,-0.09838681331543922,-0.6797804320083812,-0.7583208301749088,-1.4450813365136754,-0.0090641558170361,9.509666064033696e-05,-0.064433834624765,SPY
2015-08-11,-0.9019694398831702,0.7241784200631998,0.08620589045140922,-0.40003169763522245,0.09984685240318533,0.11145583641180236,-0.4724445563756662,-0.9262500749276605,0.5414242982328744,-0.7313210527005704,0.0011973014892703,0.0062582828321371,-0.0688318591125787,SPY
2015-08-12,0.08249632383579973,0.20085680762947944,-0.24204237934264045,-0.39784260118203846,0.09726140369596138,0.11027405296097424,-0.4030007517855318,-0.6866066487262941,1.7846668462857311,-0.01756076888746522,-0.0012449372089848,-0.0028757782637089,-0.064602238792256,SPY
2015-08-13,-0.15180766569443158,-0.6287692359021044,-0.3386656399267689,-0.459919336881422,0.09424276136979355,0.10772883185358671,-0.41942264251981737,-0.31483667497027673,-0.5682870758273539,0.6961995149256399,0.003635769740085,-0.0227334628449975,-0.0588232807887827,SPY
2015-08-14,0.31643858341791786,-0.05586272443606776,-0.016505411836568323,-0.445447051427567,0.09273354197299079,0.10558919481409099,-0.22942025832646276,0.1159157540872,-1.0371476675304878,1.4099597987387449,0.0055711184573059,-0.0569340155317661,-0.066176157141343,SPY
2015-08-17,0.5021124595632163,0.12280146298752748,0.24012835300611454,-0.41454264732980906,0.09385157178355501,0.10419069929610274,0.035213304730048425,-0.15116462588112245,-0.8733275869942764,-1.4450813365136754,-0.0029009696455393,-0.1055241259415709,-0.0593255456340378,SPY
2015-08-18,-0.3106844400872922,0.6222072053608438,-0.08077341174806371,-0.41978893462262945,0.09468994785244866,0.10295300657606841,-0.07343192473781272,-0.6558927925955375,-1.1047719582650641,-0.7313210527005704,-0.0079367596065758,-0.1144607453197297,-0.0477950697084557,SPY
2015-08-19,-0.7938090745262371,0.1432666941025067,0.2038318214618177,-0.37662378933334745,0.09224432601606002,0.10082032000583213,-0.3878788673492637,-1.0179393861787225,1.7565211803235432,-0.01756076888746522,-0.0211026217902734,-0.0688487705271239,-0.0421088589735827,SPY
2015-08-20,-2.0569182200203078,-0.8464423403678657,-0.2179632559543215,-0.10038901506209355,0.08612318594773534,0.09647796978182355,-1.2322633364692788,-1.588739378013107,2.196355959451128,0.6961995149256399,-0.0305647829466835,-0.0233121082269969,-0.0374828555563322,SPY
2015-08-21,-2.9647009482642193,-2.180059617984426,-1.134956641194441,0.33565948217883923,0.07198036962019466,0.08936660861603608,-2.4144204694111577,-2.040672997636362,4.605970551738387,1.4099597987387449,-0.0430189919524988,0.0073029204946211,-0.0017635232584805,SPY
2015-08-24,-4.159535367434929,-3.8379927904634377,-2.7142787649265463,1.031876456344672,0.04253490665440558,0.07727663650368288,-3.993987128543266,-2.414689631776196,5.120247070056959,-1.4450813365136754,-0.0118375890236981,0.0422099644582392,0.0281905654541043,SPY
2015-08-25,-1.1680476350574622,-5.443783829571927,-4.958085672599098,0.9337142988974578,0.012628289783820449,0.061851190204922316,-4.252702986319162,-2.5958539315454208,2.9280092128268023,-0.7313210527005704,0.03767521518603,0.0237453678928281,0.0384279949336594,SPY
2015-08-26,3.5821217760885884,-4.07166061908663,-5.370763234408195,1.5375051381596956,-0.0075795679493462,0.050446463074666825,-2.5693544291815673,-1.5700012620445216,2.3624073917914425,-0.01756076888746522,0.0244340405098535,0.0048730941817476,-0.0028691973532879,SPY
2015-08-27,2.3117872854790384,1.8407251351178586,-3.2644814571273706,1.778722063284061,-0.020702202746023326,0.042370106903994634,-1.4291573910859858,-1.0783272035239653,1.5519697722956904,0.6961995149256399,5.024577493450977e-05,-0.0188446870686389,-0.0275625873574734,SPY
2015-08-28,-0.027550138974876827,4.498312009573441,-1.161677479946869,1.7806800921306143,-0.034872979359417564,0.03452455468595864,-1.3107068022742832,-1.3197720330249567,0.28912886270991633,1.4099597987387449,-0.0081119479888807,-0.0341472633515493,-0.0530301896866882,SPY
2015-08-31,-0.8106163329333341,1.7415672439095022,0.25207137439404415,1.7890136744832823,-0.05292878553686649,0.026049666755031148,-1.5290557920450598,-1.3037309861592712,0.313203982379899,-1.4450813365136754,-0.0303021855891092,-0.0012147698020736,-0.0443335035204812,SPY
2015-09-01,-2.939507829932373,-0.6430455502416476,1.8640180382606673,1.9975544552390387,-0.07837735235361774,0.013735853889098076,-2.614311817688698,-1.6128565987968064,1.2901136902143382,-0.7313210527005704,0.0188029414749495,0.0156252354821857,0.0044549612842388,SPY
2015-09-02,1.7715497688675363,-2.8669385552769295,1.011355038085716,2.1293322743209457,-0.09641924199206632,0.00348484100689342,-1.6794033065046827,-1.2866076084408737,0.23554321944708984,-0.01756076888746522,0.0007162592594669,0.0022492158168292,-0.0117419788944577,SPY
2015-09-03,0.03634599722932074,-0.894910888300095,0.1398662153753082,2.1275524566225092,-0.10818624815235459,-0.005465568497622739,-1.515310262139954,-1.3369206166446672,0.14296077474460903,0.6961995149256399,-0.0152523305079759,0.0060669773518506,0.002368910483355,SPY
2015-09-04,-1.495651793304692,1.3777802743439092,-0.955379729847839,2.164973643090973,-0.11550914623938009,-0.016206029351529205,-1.9968158861866638,-1.558639284298234,0.7195666436024203,1.4099597987387449,0.0248205455605949,0.0176022012473513,0.0352596061006424,SPY
2015-09-08,2.348867885105519,-1.1174162467861692,-1.6620261251573665,2.3122169568163025,-0.10442687450443051,-0.02539412962895512,-0.8042306527032976,-1.1633626769734409,-0.2714923935574033,-0.7313210527005704,-0.0134621803048498,0.0052033856513675,0.0070072096561091,SPY
2015-09-09,-1.3239080015326286,0.6486812711855954,-0.14126077002690135,2.3306389308978694,-0.09391762325926013,-0.03509968343187471,-1.2322153804491212,-1.205123738778641,0.08775284386339967,-0.01756076888746522,0.005426921809593,0.0272950722362601,0.0286264085953771,SPY
2015-09-10,0.4882784924492906,0.7798438283773309,0.6363814263661871,2.345427261401601,-0.09197515936037337,-0.044238850368948125,-0.8595578081129185,-0.9333089832445806,0.17620628631511442,0.6961995149256399,0.0045340207944883,0.0196176015549642,0.0321856009151719,SPY
2015-09-11,0.4026151745090343,-0.6411080447971863,0.01870006962173824,2.359752135752936,-0.09551087616304392,-0.05257392693746871,-0.5344388682825943,-0.5250008172624608,-0.24910477850052923,1.4099597987387449,-0.0037171066124752,-0.001393037612547,0.028247984901033,SPY
2015-09-14,-0.3889831532690984,0.6774560353587381,0.194997666640555,2.3478712500693466,-0.10008069103557883,-0.06195086102623466,-0.5487996866267612,0.059602743489745404,-0.6712784298274876,-1.4450813365136754,0.0124217299646112,0.0074786183510964,0.0329081929194208,SPY
2015-09-15,1.159347810075905,0.00748200257758789,0.7276742718176273,2.391250072792874,-0.0989766540887263,-0.0704327503456106,0.12736420526195466,0.4232911032670363,-0.29315343655683557,-0.7313210527005704,0.0086295062800427,-0.0180080148534287,0.014164136106844,SPY
2015-09-16,0.7955286882512197,0.5854067506413861,0.15511850179384049,2.4242882562987518,-0.08722358990900915,-0.07728535292415852,0.6190784313491817,0.06819507823437539,-0.4554165438265461,-0.01756076888746522,-0.0022505488717028,-0.0282376806776145,0.0007295508258895,SPY
2015-09-17,-0.24828424051133982,1.490031020052503,1.175274219557277,2.4159468211190886,-0.08118627981510271,-0.08329189499285695,0.6162449484066688,-0.40501124051560494,1.4179971596457814,0.6961995149256399,-0.0164766183730229,-0.0296091089068291,0.0182179235844142,SPY
2015-09-18,-1.6131077697900824,0.41500747809468624,0.8207419576863695,2.3756509539100032,-0.07990598366862389,-0.08853896463211187,-0.026625035617522802,-0.7185458729139702,0.8262543045015877,1.4099597987387449,0.0051545493511682,-0.013391840028138,0.0392307776301548,SPY
2015-09-21,0.46214756851761946,-1.424493757567044,-0.14949286789995253,2.1512539607852386,-0.07307021532975827,-0.08878270205868125,0.20377915170526756,-0.47135703569285425,-0.4436996272187306,-1.4450813365136754,-0.0130649032399139,-0.0439637459335866,0.0345677461321471,SPY
2015-09-22,-1.2857939542325643,-0.8819294423092368,0.26018479625494584,1.6435886313602317,-0.07658061776989585,-0.0849940852821235,-0.42814290569304314,-0.11528836690492945,0.06586696773393678,-0.7313210527005704,-0.001600159544143,-0.0303141045163464,0.046353468928074,SPY
2015-09-23,-0.18588705783463325,-0.6319564062551236,-0.9167436600774044,1.5885971055714452,-0.07683709424094588,-0.07986406612792186,-0.5785332557968282,-0.550967355799457,-0.5734607562362917,-0.01756076888746522,-0.0036219771009173,-0.0102276657565925,0.041730837375435,SPY
2015-09-24,-0.37985659897446566,-1.1268673306276364,-1.3891318610076548,1.1253536939102258,-0.07955817195989208,-0.08025364884076085,-0.7288695329157228,-0.6491589053005887,0.14922296772298746,0.6961995149256399,-0.0002593494943319,-0.0039996873594221,0.0621053102813426,SPY
2015-09-25,-0.05725215245154192,-0.43499335401908396,-1.4524620347433355,0.8756360325743893,-0.08359330678921766,-0.08404175642543146,-0.6805127144324055,-0.283802816180731,0.09908854492947627,1.4099597987387449,-0.0254173565542803,0.0110868107721895,0.0732667899609547,SPY
2015-09-28,-2.470866115323865,-0.33675351105255824,-0.7035767239940208,1.0908735525479136,-0.09340739256519107,-0.09123880185602504,-1.6532655128254417,-1.5849879196924632,0.3395529730063158,-1.4450813365136754,0.0005847381773262,0.0541425324357813,0.0962234949040041,SPY
2015-09-29,0.023728101085542394,-1.9336796790775308,-2.115334241579715,1.0820543416268709,-0.10649084734347544,-0.09723275415531452,-1.535869375106444,-1.311892302858553,0.12169206945260105,-0.7313210527005704,0.0184862792156108,0.0501259433745167,0.0937043682007718,SPY
2015-09-30,1.7411697610698857,-1.8718341996784431,-1.4850175075581193,0.8925374866527349,-0.1170473181432801,-0.0966340336046359,-0.755779661840069,-0.8865610626308045,0.17134622721937737,-0.01756076888746522,0.0026060012962529,0.039796682793324,0.0865286254682109,SPY
2015-10-01,0.21764445045516334,1.3449423185922034,-0.5574606516555454,0.7436675960108224,-0.12627245700641393,-0.09822907719105431,-0.618067672903395,-0.9470736017877891,-0.17334094902907193,0.6961995149256399,0.0148271486372797,0.0461767956264589,0.0833482354174108,SPY
2015-10-02,1.3901193525542943,1.4930382934287318,-0.2698634259948575,0.8400535565277933,-0.12690460370576725,-0.09790477287814435,0.022528973067152923,-0.45277779654771255,0.6770844020031789,1.4099597987387449,0.0176383651093114,0.0319460517695286,0.0642020563633716,SPY
2015-10-05,1.6598224062732996,1.2249373693195311,0.42680485557110603,0.8469894680918112,-0.12408109822445156,-0.09307171443251351,0.7243256646308246,-0.32864292769927983,-0.23516667803781927,-1.4450813365136754,-0.0034318508839383,0.0152507880661296,0.0583250248687052,SPY
2015-10-06,-0.3616162315671776,2.326343985878384,2.4150433030412666,0.6085268359599123,-0.11863054706833213,-0.09210095282950746,0.5558403417585477,-0.6230182492809806,-0.40904811352406234,-0.7313210527005704,0.0081570186344182,0.0123603121021025,0.0646520105075412,SPY
2015-10-07,0.7501990730695989,0.9885249219900665,2.229564196183157,0.5368454350571663,-0.11046876408100577,-0.08814549933113357,0.8548973071507499,-0.36800076658401776,-0.26676847309473617,-0.01756076888746522,0.0089861141293878,-0.0006017855332274,0.05345746726179,SPY
2015-10-08,0.8297410041313382,0.2938359248901664,1.7525768823499865,0.5560048476986383,-0.09879512848403008,-0.08366604919151616,1.1847894470338685,0.2768922457291088,0.034846135664000424,0.6961995149256399,0.0005964047803495,0.0056499242242065,0.0434724186109862,SPY
2015-10-09,0.024847374002877492,1.2036880945131845,2.047199412037214,0.5520877943675955,-0.08688259654114021,-0.07972456028064656,1.1470047344354068,0.18782785869448038,-0.4652494870666451,1.4099597987387449,0.0009431014059124,0.0095897551165746,0.0423525035031433,SPY
2015-10-12,0.05810882489385475,0.6497293008280607,1.3900483766064384,0.539219057733836,-0.06790415181368305,-0.07513913457952177,1.1144101979930507,0.6623424600467284,-1.0038911650398228,-1.4450813365136754,-0.0063223268479655,0.0091381715638227,0.0320342703531597,SPY
2015-10-13,-0.6389232984385229,0.06042561307354907,0.6190900950310503,0.5056248861456177,-0.05086432930798415,-0.07315954927994664,0.7988946242056023,0.4785403326199045,-0.6672623440557827,-0.7313210527005704,-0.0048050790009117,0.0141813179678011,0.040660439401492,SPY
2015-10-14,-0.4933612680256681,-0.44650309676790034,0.48561293517597076,0.4855854717381689,-0.04010368990584071,-0.07305739265759223,0.5832100889512501,0.4315299759532991,-0.5529812334536338,-0.01756076888746522,0.0152378238868218,0.0127636058719309,0.0415259458782362,SPY
2015-10-15,1.4295187975953485,-0.8676666617256861,-0.1129542211194889,0.5857334983307569,-0.025746884529792312,-0.07048974164757695,1.2234635177097646,0.7037759825911669,-0.18112282410209957,0.6961995149256399,0.0045362356727176,0.0142782777900993,0.0122303123755775,SPY
2015-10-16,0.40282766594397035,0.7120245278044953,0.1757388775416637,0.4360242086820305,-0.014129347595515308,-0.0649931552538335,1.3382888502440453,1.7508966240724262,-0.40044959646969724,1.4099597987387449,0.0004915178531605,0.0206441723026618,-0.0035979754145305,SPY
2015-10-19,0.01478471079657094,1.3964535315754196,0.35767342547332315,0.43147783148743174,-0.007245978078459641,-0.06013627935768269,1.2811407724443256,1.7504963271415726,-0.8052287881362752,-1.4450813365136754,-0.0012791804439871,0.0176920028382703,0.011002981217457,SPY
2015-10-20,-0.15509290009072238,0.31600608916006523,0.3368200813152172,0.3204315873189161,0.00022735601425146043,-0.05366975879774978,1.118342041340817,1.5082690505416394,-0.7696450111989799,-0.7313210527005704,-0.006222791096782,0.0170367947563514,0.011552425250513,SPY
2015-10-21,-0.6293740174366924,-0.11008377060087617,0.569703823340371,0.3499720526696166,0.0036549970259272583,-0.04787094155940352,0.7461184093117131,1.139615632234337,-0.5092824545759617,-0.01756076888746522,0.0167524958049902,0.0345701223361833,0.0335166361389482,SPY
2015-10-22,1.5748336980224948,-0.6020346304292529,0.5042363410281144,0.4322398971833264,0.00934429187853815,-0.039183325987832744,1.3582113864229075,1.1806222264793378,0.26623529223193926,0.6961995149256399,0.01090213018528,0.017243237776646,0.0159014813465327,SPY
2015-10-23,1.0135601395091647,0.7191286792970795,0.5741812595347844,0.4536993986794037,0.01802571894097601,-0.028879051634234553,1.6854789705106703,1.0844616834025225,-0.07361202914063346,1.4099597987387449,-0.0024606516112308,0.0020220771746064,0.0086368587764544,SPY
2015-10-26,-0.26844111957390365,1.9738549380992956,0.868147211872284,-0.008044159546956106,0.02572388019117824,-0.015531299181900333,1.3579006961338775,1.1283921975766513,-0.8824496490026672,-1.4450813365136754,-0.0019343885259059,0.0162440624004824,0.0099500337275175,SPY
2015-10-27,-0.21795238539644166,0.566126389727966,0.7318211533193284,0.009057844146379479,0.03464422904110103,-0.0025420178181014916,1.0630182730616768,0.8727322288539632,-0.7761012781949886,-0.7313210527005704,0.0113105364830499,0.021073585681286,0.0132231900954735,SPY
2015-10-28,1.052741905396802,-0.3743928005939186,0.7015647820583186,-0.08651308753224228,0.048214279294566835,0.009631945496032567,1.3789587927801092,0.9281469986961722,-0.16264431727339596,-0.01756076888746522,-0.000574388754547,0.0067255245869031,0.001769210287172,SPY
2015-10-29,-0.08747645263145022,0.6346087026654169,1.511223397902376,-0.0730086520211159,0.05731717141200078,0.02137010420377417,1.1666947047510265,0.8853134253352828,-0.6551432360016345,0.6961995149256399,-0.0043190304167595,0.0063009788200343,0.0034895328536004,SPY
2015-10-30,-0.4467306407844625,0.7342545577898115,0.7110979621863542,-0.11271547024458628,0.063863389238316,0.030458415601120996,0.8301086887002312,0.6450704919284714,-0.21890824289279368,1.4099597987387449,0.0117613336146451,0.0100964989093004,0.0036483338488366,SPY
2015-11-02,1.0959905716623084,-0.4109085457298816,0.008211201617107367,-0.20729299494173425,0.07372492354305724,0.03883679893964145,1.2265555499151468,1.1751455053754511,-0.6962213425686917,-1.4450813365136754,0.0028951347548975,-0.0110399664494158,0.0013774827864789,SPY
2015-11-03,0.24538339461140232,0.49291778567240996,0.6649577786777404,-0.2377855324944627,0.08480856912280721,0.048121862082173006,1.2112509518057815,1.4626142656135535,-0.6034469508508732,-0.7313210527005704,-0.0030375246113329,-0.0116312590039466,-0.0117750720347498,SPY
2015-11-04,-0.3237852779777344,1.021492622725593,0.8879767758942163,-0.23139040273599826,0.09676323230625437,0.05581846294342763,0.954631475921287,1.0531632387810346,-0.5856654647638991,-0.01756076888746522,-0.0009989345214158,-0.0125333069167812,-0.0228391387843025,SPY
2015-11-05,-0.12820661016543794,-0.06280526750038612,0.22540823419385056,-0.2543135392119909,0.10363260895959882,0.062102247264868626,0.8125374186279248,0.8999866753711679,-0.7565548931544444,0.6961995149256399,-0.0005235103274934,-0.0255921820112021,-0.0025251675778878,SPY
2015-11-06,-0.08259526782007263,-0.34811992057872243,0.2058034480287396,-0.2508369847158435,0.10718672001765736,0.06822435043235013,0.6947645221154755,0.8578454573996259,-0.4174067185939369,1.4099597987387449,-0.0093751317440711,-0.0363607238010992,-0.0080789369055018,SPY
2015-11-09,-0.9318039111837114,-0.16392054909071777,0.3810739737114045,-0.16145017741552645,0.1087039535091309,0.07283531210661441,0.20891256114827422,0.4270801576491824,-0.20846726739642668,-1.4450813365136754,0.0023038422003667,-0.0118931175718799,-0.0054455149569729,SPY
2015-11-10,0.18865585008224872,-0.7776363397250707,-0.5949712868504868,-0.2078451975378312,0.1114573420224659,0.07867631589280878,0.22176250881759862,0.7917599254663208,-0.8047106157681395,-0.7313210527005704,-0.0039395725241675,-0.0149266961831777,-0.0155594125598188,SPY
2015-11-11,-0.41032613283994346,-0.5704789810916628,-0.6222761500648712,-0.21580703805426288,0.10975753982191046,0.08461564463240674,-0.04107949714607198,0.09314363113965579,-0.8902432062072162,-0.01756076888746522,-0.0140578096158368,0.0047542961326429,-0.0090420194537248,SPY
2015-11-12,-1.3810516066786394,-0.17222086520582067,-0.6639311560074276,-0.18444280255552511,0.10415253289198445,0.0863658262570348,-0.6786073100367348,-1.0150570971679624,-0.30230254570723974,0.6961995149256399,-0.0112920521173904,0.0179494467610545,-0.0145561377986647,SPY
2015-11-13,-1.1157098051495182,-1.3710231156239583,-1.2669673272811197,-0.10651659495187994,0.09658076536345409,0.0858526881327848,-1.1558604315025323,-1.2884072543696226,0.054003133616867906,1.4099597987387449,0.0150924744851481,0.0328790064936468,0.0017758812398893,SPY
2015-11-16,1.4155742373390918,-1.9097321152727638,-1.7642398843909297,0.03554371563982106,0.08988001543862091,0.08743419994480324,-0.5301051041970938,-0.6107830545615844,-0.3099356105138353,-1.4450813365136754,-0.0007297364109311,0.0166390553483308,-0.0028737388190851,SPY
2015-11-17,-0.10238022746761662,0.22608073376861454,-0.6343683239374258,0.03448650912559432,0.08211166089572666,0.08909301981508402,-0.5863329444305785,-1.0862074312060013,-0.2500410942217743,-0.7313210527005704,0.0157414197916532,0.0187075596013119,0.0123822529386563,SPY
2015-11-18,1.4778328832321812,0.9999712908327023,-0.7744537155035294,0.12977580136619637,0.07982181779480445,0.09392885335649932,0.02735108105631422,-0.4685628953410871,-0.21600955265302302,-0.01756076888746522,-0.0008626589874252,0.0028226964844071,-0.0187148546738011,SPY
2015-11-19,-0.11513258045975312,1.0475188797054935,0.13438032779548986,-0.013301994928231543,0.07757418225915086,0.09624136104167393,-0.04516768530161982,-0.3547187909585292,-0.781343682300382,0.6961995149256399,0.0036375076152017,0.0048312892837136,-0.0358277031547986,SPY
2015-11-20,0.3166053120318895,1.037779772332808,0.7437094665462305,-0.07548552945739156,0.07654865799850649,0.09750655012361299,0.09544921808457626,-0.641580551065999,-0.6687140290619947,1.4099597987387449,-0.0011474766601677,-0.0029664477530113,-0.0312497897765107,SPY
2015-11-23,-0.14245747587638982,0.15093794737576924,1.4331306054152815,-0.07939507234884847,0.07793921791103353,0.09896147683249193,0.0232216976781546,-0.7971000542345854,-1.2016936372984974,-1.4450813365136754,0.00133876784205,0.0076715114594438,-0.0210690977639878,SPY
2015-11-24,0.09606835136294385,0.13006963463582047,0.6831978669876724,-0.08317157485214673,0.07904903009436325,0.10089444561480042,0.05299468089522344,-0.6370571483759826,-0.5140213267857368,-0.7313210527005704,-0.0001434433252516,-0.0039246764489373,-0.0101002322075531,SPY
2015-11-25,-0.04613232299093973,-0.038356783682826294,0.7787178008228606,-0.16375762965818805,0.08126860357788257,0.1011545153711494,0.042798288425993154,-0.6059406441150607,-1.4474506384482142,-0.01756076888746522,0.0011459338118813,-0.0178828244845714,-0.0116085595846371,SPY
2015-11-27,0.07756820122692304,0.03520775826643126,0.04518241083223082,-0.16338966981524675,0.08789908388531238,0.10166761530600778,0.0854283887706513,-0.5408633812382958,-1.6681037615224565,1.4099597987387449,-0.0041602294215232,0.000286278388546,-0.0150425782625394,SPY
2015-11-30,-0.43149555882796903,0.02107899719021882,0.1379357377906286,-0.16436238528938843,0.09653845603190382,0.10220179578499332,-0.10496083882259272,-0.3341222848702278,-0.1228339613128884,-1.4450813365136754,0.0094904825522874,-0.0016307718450381,-0.000266807391644,SPY
2015-12-01,0.8781292037626353,-0.2732269974459641,-0.2221502154960067,-0.19779743521470108,0.10364660182331051,0.10240563802720663,0.3091223143430106,-0.07576874688329072,-0.40453861735719515,-0.7313210527005704,-0.0102574200663312,-0.0178629641928678,-0.0168706226347055,SPY
2015-12-02,-1.0164490664542316,0.3381699398006639,0.2690922649826767,-0.13530199337078372,0.10794520955554243,0.10066953555825729,-0.11562060443799035,-0.32272601238665405,-0.17872820767531158,-0.01756076888746522,-0.0141015913608857,-0.0154155995290157,-0.016666515329903,SPY
2015-12-03,-1.3852519485784225,-0.10856526446430724,-0.2663995524272305,-0.02331581229510577,0.1035623902253365,0.09733084073316331,-0.6788093645677319,-0.32617327110178873,1.0264775251584055,0.6961995149256399,0.0193150366849987,0.0012638124137964,-0.0166429460900099,SPY
2015-12-04,1.8206792625650916,-1.8371334809773991,-0.9109625862735589,0.21258904855784094,0.10506550364524642,0.096958315948543,0.16879443995069185,0.6160453151185592,1.5456594704129865,1.4099597987387449,-0.0060772796551074,-0.0376231522319789,-0.0342683109882315,SPY
2015-12-07,-0.6154139113540997,0.32961154587731506,-0.07194497159681557,0.2312520194475576,0.1037168714407134,0.09577039673547559,-0.08013725874459184,-0.00027416088165658624,-0.3171436724032589,-1.4450813365136754,-0.0067417097955422,-0.0265059056557079,-0.0408852669972326,SPY
2015-12-08,-0.6791581443724499,0.9175450283278492,-0.16047102186080717,0.2087207092138085,0.10073888474402082,0.09497612104054634,-0.3624230012598477,-0.2233282379730699,-0.29949624800399216,-0.7313210527005704,-0.0078100554024791,-0.0093213414339921,-0.0584278477197708,SPY
2015-12-09,-0.781653301001184,-0.9916073402925593,-0.9100454724959385,0.2336773756863694,0.09510576487881948,0.09271286494065416,-0.6673061230142451,-1.0282585177911603,0.8960390654166455,-0.01756076888746522,0.0025778205819264,0.0130149693152974,-0.0616549096912946,SPY
2015-12-10,0.21494084339200928,-1.1185661271408398,-0.7970304228895279,0.23320514708661327,0.09025937469463047,0.0913985261118102,-0.5363411550178756,-0.899131073711753,-0.05788727651767328,0.6961995149256399,-0.0195719279607766,-0.0049185390874333,-0.0632433565826513,SPY
2015-12-11,-1.9100662062279419,-0.43573323747591064,-0.026804148086786987,0.32927817837288087,0.07947064779878202,0.08931792987162666,-1.3455645233012474,-1.503982680139607,2.068012608579006,1.4099597987387449,0.0050399669211635,-0.0033221185950793,-0.0356351019692802,SPY
2015-12-14,0.4511547362038284,-1.297514153633449,-1.8225366367497906,0.280641136148236,0.07133700318830125,0.08957097277993342,-1.1344995578881218,-1.2952797746812161,1.499729618725619,-1.4450813365136754,0.0104428544261736,-0.0001466645227532,-0.0659326467444172,SPY
2015-12-15,0.969498048964928,-1.1171150957942375,-1.3091614982339015,0.21566635717748414,0.06339997103375514,0.08915623598787029,-0.6799310503727464,-0.9976780543098885,0.8241050294380068,-0.7313210527005704,0.0145262553468104,-0.0015563035965717,-0.0600915615084431,SPY
2015-12-16,1.3612521912771407,1.082038698424302,-0.5156081685372508,0.3253792440605732,0.06269758015856874,0.09095561827859178,-0.07523851050786245,-0.5980167872871709,1.7445941131891327,-0.01756076888746522,-0.0153556878208043,-0.0037749255448975,-0.0963175895128181,SPY
2015-12-17,-1.5055677080595113,1.777089787429793,0.5158438682760521,0.31387571687466637,0.06164389207950802,0.08823543883878836,-0.7020994926272726,-0.9293048902497476,1.1689758124671659,0.6961995149256399,-0.0179755074684226,0.0099289915735711,-0.0796316611358101,SPY
2015-12-18,-1.756908494578543,-0.1131442091497024,-0.31229440293748995,0.45456994051412314,0.0498303024038451,0.08307654850458618,-1.3956776095274512,-1.146719343276299,2.6605248565835193,1.4099597987387449,0.0082154209934897,0.0256164141759729,-0.0745541576532895,SPY
2015-12-21,0.7558020903906355,-2.4945166306598225,-0.23857447725542952,0.48866083770895097,0.04213254821876846,0.07855015087297625,-0.978758412290719,-1.1846840395023919,-0.44281668097774507,-1.4450813365136754,0.0090332153523551,0.0280165346318552,-0.077183469515961,SPY
2015-12-22,0.8342598107741435,-0.7674845064678996,-0.0919375233076054,0.5400039533562941,0.03898735952150653,0.07548639420733537,-0.5440548795270389,-0.8143443467924875,-0.1773005692138748,-0.7313210527005704,0.0123076333984846,0.0118699865887261,-0.0659085745730836,SPY
2015-12-23,1.1484015906689886,1.2114182389384576,-0.15703220748269728,0.6178195690385775,0.041665059362946004,0.07400763731813909,0.014605580397784635,-0.296663278182925,-0.16259865502716064,-0.01756076888746522,-0.0016517707023355,-0.0104909595712872,-0.0934483852069671,SPY
2015-12-24,-0.19083853955401572,1.5112506455563868,-0.2594843157652675,0.6183106099883869,0.043117722148782955,0.07230957148315807,-0.032142552731938535,-0.7470205576847715,-1.4144511454407647,0.6961995149256399,-0.0022880848660209,-0.0229172109899442,-0.0782457307240624,SPY
2015-12-28,-0.2518853763159598,0.7283721518724999,0.37333877587329906,0.6180107167342842,0.04951129055278881,0.07011043537165199,-0.09910441300855712,-0.6668377408060268,-1.021075852325928,-1.4450813365136754,0.010615541449372,-0.0189394543371461,-0.0869007121196689,SPY
2015-12-29,0.9860653314768271,-0.34104187175499584,1.0977567058178437,0.6664412645888166,0.057566727775906316,0.07007130397512616,0.3684269268543506,-0.2710906204624492,-0.4505919812584334,-0.7313210527005704,-0.0071133326907739,-0.0422492314506266,-0.0923205516101131,SPY
2015-12-30,-0.7148109767576599,0.5577721098189737,1.2085900999537047,0.642192308446693,0.06055265224255927,0.0675939963356839,0.09256643406575427,-0.2559850267293523,-1.0414701918900515,-0.01756076888746522,-0.0100533127615287,-0.0594201892779331,-0.0611220799494809,SPY
2015-12-31,-0.996867378619354,0.20423091384934455,0.46297055456306213,0.6404652235680373,0.05641325785779574,0.06517138863471593,-0.31056625105024,-0.5342643670817179,0.0440572026587691,0.6961995149256399,-0.0140780221209926,-0.0604039938904072,-0.0514304484100103,SPY
2016-01-04,-1.3829907580809113,-1.3101558497813175,-0.5696191027308122,0.6401813256745013,0.052699653594994185,0.0627860537798856,-0.8838096264496238,-0.41722549378744783,2.162335495626299,-1.4450813365136754,0.0016896717867771,-0.0453365980788449,-0.0555387738000927,SPY
2016-01-05,0.129733444889714,-1.8204518428876426,-1.1434418113952527,0.4432923307185194,0.05459324423717166,0.05782254037277328,-0.7370913025537136,-0.49070847032291803,-0.057286324185305555,-0.7313210527005704,-0.0126942356641084,-0.0389899432130276,-0.0512515312426211,SPY
2016-01-06,-1.250232773475426,-0.9600548327768976,-0.9597559177162003,0.4920313507573239,0.05056584364524272,0.05195580966648222,-1.194190381309476,-0.9961941190299912,0.7549733341823025,-0.01756076888746522,-0.0242842905180804,-0.0515532854028926,-0.0369901449844256,SPY
2016-01-07,-2.362161797079903,-0.8586661504332196,-2.036160940516501,0.7035748868914163,0.037211715999633334,0.043700307060122255,-2.0978944958598262,-1.7554636981781209,1.8859509413155493,0.6961995149256399,-0.0110371173740029,-0.0109850552226644,-0.0319396904993842,SPY
2016-01-08,-1.0912518242452627,-2.761753003345131,-2.8290859505508457,0.7218368098867164,0.01728643778873153,0.03507040838895642,-2.431686379083641,-1.6936440689356984,1.7255069280020674,1.4099597987387449,0.0009893736905697,-0.021647710506226,-0.0344552116421921,SPY
2016-01-11,0.06254810468564169,-2.640337564506604,-2.8745163388881414,0.7149854337322341,-0.0018898914731795354,0.0262022970231968,-2.2618181491522478,-1.4033014530057548,1.262259104908501,-1.4450813365136754,0.0080363266525944,-0.0213068436405921,-0.0353905039742876,SPY
2016-01-12,0.7386201013393455,-0.7885608692198272,-2.178730169285244,0.6334949986452943,-0.018211473005342066,0.02123477372997339,-1.8531177401656775,-1.4191126490871235,0.9497936019994918,-0.7313210527005704,-0.0252575778539734,-0.0422411742790886,-0.0442899569751924,SPY
2016-01-13,-2.455537234100826,0.6089317482226758,-1.8856526704191188,0.8338561020418577,-0.044453460636116576,0.012135056434355253,-2.7693676771880322,-2.0343505030677216,1.7631337083387386,-0.01756076888746522,0.0162839396621476,-0.011397487294297,-0.0321258918887057,SPY
2016-01-14,1.529881264148871,-1.3141567596902723,-2.4658059927994027,0.9135300289227978,-0.06423723283253731,0.0037301823879074174,-1.970920883907493,-1.9412905455278981,1.993387385311044,0.6961995149256399,-0.0216997726575645,-0.0073733166612122,-0.0280022249301632,SPY
2016-01-15,-2.1142078005423537,-0.7098622087795508,-0.5924355817686415,0.9039815833534326,-0.08693215672025018,-0.009696482077134253,-2.6746269372679836,-2.1217332660892345,3.0493739812721747,1.4099597987387449,0.0013302405562036,-0.0009057212390466,0.010434670312426,SPY
2016-01-19,0.09525025889102304,-0.44918529645334804,-1.0848184839190147,0.8681275139660019,-0.10524639836966905,-0.020718207799691274,-2.4578734464858853,-2.0653811860270634,0.9926306477687472,-0.7313210527005704,-0.0128980039859021,0.0113149219853188,0.0253070379010829,SPY
2016-01-20,-1.2697819398899353,-1.5448282267428262,-1.069077844079849,0.8189758245645172,-0.12744671268752877,-0.030878762743147548,-2.839854423295334,-2.4840027922201697,2.257798735255735,-0.01756076888746522,0.0055861091308182,0.0132698597095934,0.034100630721781,SPY
2016-01-21,0.5035506378265394,-0.8999312316363075,-2.03578887432853,0.7951314740560527,-0.14458812338377428,-0.04147066686398583,-2.4532930582667816,-2.273655425261162,0.9032046996833586,0.6961995149256399,0.0203081102952324,0.0128794525377031,0.0280463487567033,SPY
2016-01-22,1.9159529591702549,-0.588107897290616,-0.611480978526748,0.9646623540108072,-0.14957640120599966,-0.05064836689711732,-1.4643108726451965,-1.6505077263468126,0.4823114602443401,1.4099597987387449,-0.0152321772353989,0.0166564812123288,0.0221132011508844,SPY
2016-01-25,-1.493718324569529,1.8448716682837545,-0.4256517678496165,0.9086750660544146,-0.15562462573360086,-0.06364431867463731,-1.9087387719816395,-1.6521424024126652,-0.08888138610326098,-1.4450813365136754,0.0135508837805691,0.0315269772256696,0.0246354915636786,SPY
2016-01-26,1.267676796944078,0.3195361565627043,-0.126989444140259,1.032603048048661,-0.1583236964941641,-0.07458976745250265,-1.1674312870828392,-1.3918929584961377,0.06778298233105957,-0.7313210527005704,-0.0109430662616274,-0.0002102540659745,0.0156497881291182,SPY
2016-01-27,-1.0822287296292121,-0.1755592313211275,0.4373386352110429,1.049294001083605,-0.16613845646144051,-0.08666648784599372,-1.4459182437172726,-1.3641931930177165,0.7054227177067871,-0.01756076888746522,0.0051957019589279,0.0167097265399016,0.0386321152610493,SPY
2016-01-28,0.4660956757131035,0.13869974114754396,0.527614263992324,0.9968950672324021,-0.16574271283410347,-0.09959876517802838,-1.022893768458292,-0.9241550095450881,0.08206753075631794,0.6961995149256399,0.0240851389698582,0.0130811751750608,0.0311323429771155,SPY
2016-01-29,2.2783142990618845,-0.47347627157732475,0.5095859388515852,1.2845051621818773,-0.16321318469858526,-0.10823199905605478,0.16048937594466822,-0.29401868154217764,1.0348959024530473,1.4099597987387449,-0.0003616812220581,-0.0302377998278364,-0.0008264537429711,SPY
2016-02-01,-0.06706967441567288,2.0930061185458606,0.6840025631219496,1.2679411495653454,-0.1549605753049848,-0.11545827210096903,0.2618257327281686,-0.3165438010009131,-0.07328316458692538,-1.4450813365136754,-0.018186347511075,-0.043428757122589,0.0227702601424555,SPY
2016-02-02,-1.77713610917718,1.6858220800000558,1.3706962420175284,1.3072675575285175,-0.15199301965215,-0.12313705124617429,-0.41016819058671616,-0.7473019541065707,0.5950112499753519,-0.7313210527005704,0.0059769143442487,-0.0251883282530398,0.0454389634975269,SPY
2016-02-03,0.5410437873296579,-1.4113684537623896,-0.09487397797157554,1.3269039220630088,-0.1440088442676805,-0.13025015639417553,-0.03447047239889637,-0.22219444116491205,0.8986907196345408,-0.01756076888746522,0.001567150594087,-0.0320283689455989,0.0433738471504847,SPY
2016-02-04,0.11797898195789533,-0.9469457466458703,0.6864613398730521,1.2931000086987496,-0.1370702919844599,-0.1353551996863138,0.11748834703848175,-0.4870155278987403,-0.08218337021211318,0.6961995149256399,-0.019233836033039,-0.0466890323071726,0.0450550142998,SPY
2016-02-05,-1.8776302745749531,0.5003737690186241,0.5189011398939314,1.220372444028756,-0.14070207615690372,-0.13966828410661006,-0.6509054929258451,-0.4386853467481374,0.5189705268159354,1.4099597987387449,-0.0135526385168107,-0.0070475896534434,0.065086897852554,SPY
2016-02-08,-1.332586399742989,-1.346793291283439,-1.4814938895683154,1.2397755186493344,-0.14383925075949489,-0.14426423735000152,-1.1594293132013418,-0.7079391010148268,0.6548153073775388,-1.4450813365136754,5.408135847417839e-05,0.0232421714483921,0.0676617945810491,SPY
2016-02-09,-0.02718215998651548,-2.4546054740388197,-2.0906293874536437,1.2382418023105777,-0.150579867625121,-0.14898742491618783,-1.0818192440518837,-0.47621293589493524,0.5273364805985754,-0.7313210527005704,-0.0008631263483103,0.0393906982347784,0.0725347635259145,SPY
2016-02-10,-0.115177418222748,-1.0413986025952906,-1.2483180621403012,1.2021118604221523,-0.15462133740547251,-0.15491973953754093,-1.0238460193850087,-0.6061179043157232,-0.030467675230823513,-0.01756076888746522,-0.0130935127674867,0.0361494134178848,0.0742004092738675,SPY
2016-02-11,-1.2885387008675562,-0.11165043809508733,-1.5641792615754126,1.0440045289561743,-0.16345337856458894,-0.15914087663281956,-1.514078453101826,-1.3215507058628095,1.0193642258411248,0.6961995149256399,0.0204076066206901,0.048774753351112,0.103302077196802,SPY
2016-02-12,1.92549845773884,-1.0749618202733342,-2.24118323304865,1.1066869663930765,-0.17347239619001267,-0.16288827432611447,-0.5804057688374236,-0.5640509531268297,-0.3590594014883954,1.4099597987387449,0.0167371225850248,0.0427421094198354,0.0816113000648277,SPY
2016-02-16,1.5733588189402854,0.4835240121918226,-0.4106102603518343,1.0466037251819142,-0.17894113806895728,-0.16149535445929034,0.12693566325937247,-0.4983631412659092,-0.4699814035427781,-0.7313210527005704,0.0162026081448605,0.0132951000122059,0.0632428275878034,SPY
2016-02-17,1.5220784646155863,2.6691855330278957,0.9881183002306414,1.1357617884640752,-0.1750974256152073,-0.15808730769916937,0.7882359492595727,0.03918486852383535,-0.23670755048408235,-0.01756076888746522,-0.0041044111652039,0.0016576722133541,0.0528114751354156,SPY
2016-02-18,-0.4261404556787244,2.361089401142414,1.7338292205482306,1.069163024875621,-0.17398107494828838,-0.15353382105916477,0.5296687690459215,-0.1423018278356507,-0.751206978175496,0.6961995149256399,-0.0004681728342594,0.0178013442488618,0.0632398019686864,SPY
2016-02-19,-0.07728628821681273,0.8340505762973286,1.5841523171507759,1.064487627840255,-0.173415763254336,-0.14977923103046425,0.44668227008418254,-0.6656053733497262,-0.5707313295207371,1.4099597987387449,0.0143749626894136,0.0159654467581153,0.0676297917395549,SPY
2016-02-22,1.3467374457528694,-0.38740126600413305,2.1671685876421662,0.9900994895604478,-0.16376412190527015,-0.14676717007116344,1.0375679857686688,-0.32753478750682224,-0.7605065357705227,-1.4450813365136754,-0.0127098868226047,-0.0062831736815267,0.0546727559139652,SPY
2016-02-23,-1.2517343174805524,0.9665644100833247,1.8885915683605652,0.9597546938711461,-0.1540134619642665,-0.14345808475430546,0.4159830364820299,-0.2035578493515408,-0.6452264240191884,-0.7313210527005704,0.0045651803460087,0.0296617458044465,0.0668447310455455,SPY
2016-02-24,0.40560456585657895,0.06962598094073669,0.5287798173297423,0.901295116228669,-0.1430334399006939,-0.14133688046112375,0.5834118838942386,-0.23142189113271788,-0.06386975836332602,-0.01756076888746522,0.0120392608703037,0.0295789213024342,0.0556586313982396,SPY
2016-02-25,1.122654412852985,-0.6491271915072597,-0.008616386596873466,0.8860574641975021,-0.12852055049033417,-0.13609746142997306,1.0340458302665634,-0.02662709182404888,-0.7455628074329516,0.6961995149256399,-0.0023040703250059,0.021451458429337,0.0431762722783295,SPY
2016-02-26,-0.2534189925088951,1.1642186908936174,0.736870349756848,0.8878957943174488,-0.11123791363688221,-0.1318691701886804,0.8604859050716501,0.4191311875594956,-0.4377096624859048,1.4099597987387449,-0.0078736577502285,0.0270038464977453,0.0460708910163978,SPY
2016-02-29,-0.7877551958863239,0.6609154024723758,0.6520917922114331,0.6871887492553478,-0.10144504613060991,-0.13198232535579654,0.5116805111460438,0.5828901739477332,-0.5138977026194488,-1.4450813365136754,0.0232350326633685,0.0356755517676887,0.0631523658996817,SPY
2016-03-01,2.1967566285206486,-0.7980846986693887,-0.3753108584024241,0.9059752839695785,-0.08967366402021515,-0.12882877270086093,1.5014688523778144,0.9033097747116472,-0.2609635298529565,-0.7313210527005704,0.0044823558439963,0.0014627773160045,0.0442952639779159,SPY
2016-03-02,0.3976585320531571,1.0731404367905544,1.2845630945097226,0.7426059421824149,-0.08102528555770737,-0.12257830225863497,1.5999224780611938,0.9789044991368718,-0.8939604531282016,-0.01756076888746522,0.0039117979972065,0.0019074717753477,0.0373829554093223,SPY
2016-03-03,0.3429202381033718,1.978453486435375,1.280738402855961,0.7377044124403153,-0.07015827494978479,-0.1165823768407829,1.6771266427649694,1.416032854080342,-0.9801386603033652,0.6961995149256399,0.0032483177434023,-0.0012018068222161,0.0402597849906838,SPY
2016-03-04,0.2792671355004514,0.5626589527678179,0.9054262831117788,0.7379932749029776,-0.05824566668218357,-0.11033899689558553,1.7202845910329914,1.265967862505184,-0.42854606270667434,1.4099597987387449,0.0007980475197149,0.0115580305898292,0.0337684728311744,SPY
2016-03-07,0.04419261586104367,0.47224218625108116,1.1618259207520187,0.5189929350445941,-0.05003534117856263,-0.10140168635236547,1.6071147739947356,1.0811997623552794,-0.9085268852317662,-1.4450813365136754,-0.0109777417883156,0.0094768125588302,0.022932451725067,SPY
2016-03-08,-1.0855554373125815,0.2441007295333193,1.5622702091451808,0.48019382198946114,-0.041443493885449885,-0.09222393540004546,0.9599124812503468,0.3650199510251487,-0.5032576841251428,-0.7313210527005704,0.0049270503033396,0.0188232044551464,0.0447719634532219,SPY
2016-03-09,0.4403217189155089,-0.7982287597372293,-0.01761629446402914,0.4753664750435044,-0.0327103949935604,-0.08236039208434803,1.0194082529824968,0.6174940837838861,-0.9730122578368636,-0.01756076888746522,0.0008025193996425,0.0196674098442795,0.0278069339899111,SPY
2016-03-10,0.04462163998079308,-0.4957007580051527,0.0029189233254047955,0.4693346994283184,-0.027057888651725974,-0.07227055116421575,0.8909476888284685,0.6504751669577057,0.06022268175730014,0.6961995149256399,0.0160081551554478,0.0251888061127036,0.0296976194320466,SPY
2016-03-11,1.5034229944406081,0.36742747508999457,-0.14066216213111832,0.38256008886515325,-0.01621919451164149,-0.058199924449324626,1.3819146859932012,0.6906889744445059,-0.24049633934628473,1.4099597987387449,-0.0012831705112841,0.0131024678938649,0.0113394085211862,SPY
2016-03-14,-0.1554756999729981,1.179329206226395,0.4485649683375672,0.27007721474652474,-0.0035857756718956093,-0.04697883737316089,1.1415629284289701,1.1746641114836198,-1.2628265897581967,-1.4450813365136754,-0.0016313498919995,0.0158035652689729,0.0218924313102473,SPY
2016-03-15,-0.18887940372729106,1.0265127432567351,0.3524579343147364,0.19047286977026862,0.0021514002161799398,-0.03821835644254227,0.9271124265871178,1.0238193816773506,-0.9127046489770961,-0.7313210527005704,0.0057712556924727,0.016897003469948,0.033574118795383,SPY
2016-03-16,0.5213132660554871,-0.2659165655126914,0.7840580793215541,0.0930145172954064,0.00828447238101475,-0.030822395201243687,1.0671627057358897,0.9179300677915787,-0.31417505757723874,-0.01756076888746522,0.0063239156680667,0.0045048284761781,0.0278507401683922,SPY
2016-03-17,0.5743344704233776,0.25095435335731503,0.823042017980171,0.07069842119637153,0.015138253351712596,-0.02195572230256482,1.2092373475177365,1.1462384364516214,-0.20814417741689384,0.6961995149256399,0.003921816936609,-0.002262185441495,0.0204206753005422,SPY
2016-03-18,0.3438814371354503,0.8338288921393283,1.0780105081235383,0.0625270570462736,0.022209788723335327,-0.01245692586541263,1.2336302912832298,1.6204763874106387,-0.15171318939041523,1.4099597987387449,0.0014179268638239,-0.0055934539650417,0.0235010427520592,SPY
2016-03-21,0.10366272558287028,0.6983223205874117,0.5198844006672211,-0.014895876278371223,0.029467123883478667,-0.004717616534625418,1.173792833904397,1.3066297713536077,-1.2279369209095805,-1.4450813365136754,-0.0005379116910244,0.0021964363041897,0.0252323129344462,SPY
2016-03-22,-0.08397690874337768,0.33886531189908403,0.6446163861977695,-0.17070349533035853,0.039662858656795794,0.004682829489528903,1.0001849810863994,1.1715034707591345,-0.8130061450933317,-0.7313210527005704,-0.0066209193012971,0.0071122787368169,0.0267227632365809,SPY
2016-03-23,-0.6675697215376238,0.01210535055051787,0.6951094632409923,-0.10826158841712401,0.04655637936043513,0.012501674593085103,0.5815128901160885,0.5977527089126784,-1.1119310495935018,-0.01756076888746522,-0.0004430982496064,0.0113032453135168,0.0279507556155111,SPY
2016-03-24,-0.07488067764966835,-0.5768930575422662,0.1228603446940798,-0.16483113363263988,0.053095829729027585,0.0186019716180004,0.46661547989059965,0.4635019744256853,-1.0701341696885616,0.6961995149256399,0.0005905484130623,0.0185349711416913,0.0283938538651176,SPY
2016-03-28,0.02428552465517627,-0.5699461692806945,-0.189628605109321,-0.17728212034690388,0.0552554628727202,0.025105739564476672,0.39167360798011286,0.4567246784434619,-1.4160321613366953,-1.4450813365136754,0.0092078171330554,0.0147014283125219,0.02607883341543,SPY
2016-03-29,0.8510107916780132,-0.04156897228948169,-0.3434607997967801,-0.22741187340763322,0.060452972169791064,0.03402751975513896,0.6616961366978606,1.5081426174491406,-0.924195476481086,-0.7313210527005704,0.0043779307416027,-0.0045443624069259,0.0183559798434203,SPY
2016-03-30,0.3876401754873535,0.6655441730881921,0.01626280339523047,-0.5710263316306027,0.06739526436385805,0.04037174515358176,0.7580790485117456,1.501341349379316,-1.0190312264747696,-0.01756076888746522,-0.0024299527245972,0.0019394767913105,0.016034118837501,SPY
2016-03-31,-0.2654959235873165,0.9430419776895396,0.24326786912426426,-0.5578369669579958,0.0719737548118946,0.045731320740297,0.5667840439576994,1.283607555816823,-0.8526262551047729,0.6961995149256399,0.006788627578568,-0.0076685496440633,0.0093469629524145,SPY
2016-04-01,0.6189180955581625,0.09035394521437246,0.43679942678720957,-0.539665944415907,0.07671784444156604,0.05153436427130583,0.7791944936571107,1.0584122010249957,-0.5168839059370358,1.4099597987387449,-0.0032429944161069,-0.0117639723808533,-0.0028551439843251,SPY
2016-04-04,-0.34349768161008293,0.2669833482657045,0.7707479655083244,-0.5178217123883282,0.07937402071446,0.05640166587134582,0.5595945253791749,0.8862649677219442,-1.331143268181801,-1.4450813365136754,-0.0100379735863924,-0.0108710337201589,0.0083049944537849,SPY
2016-04-05,-0.9953957657368354,0.20741257751379658,0.593721615734623,-0.4051965250048205,0.07869223751128585,0.05969177106061149,0.06590984358493082,0.2845742052399473,-0.7028632068937278,-0.7313210527005704,0.0108617699398392,0.0084367921440104,0.0096013207858733,SPY
2016-04-06,1.009688050129877,-1.0254560576362437,-0.29501557369978,-0.46975369326996946,0.0813342682710459,0.066115201257096,0.44696136399276026,0.4642662092456697,-0.8069225462608518,-0.01756076888746522,-0.0120379791599711,0.0076253597973074,-0.0068540513471591,SPY
2016-04-07,-1.1872727044271418,0.007986252557665849,0.004396859376420847,-0.3209194651341967,0.0823853104267865,0.0700902968325163,-0.14316666541871492,-0.37749027707309074,-0.415178338697096,0.6961995149256399,0.002693204841778,0.0197112160227606,0.004988641687218,SPY
2016-04-08,0.2260106018196103,-0.1385522026905022,-0.4392851142385639,-0.3200134256253498,0.08434548165866153,0.07434311839297107,-0.08953343444610924,-0.42825055902177384,-0.712011498002227,1.4099597987387449,-0.0023500557554125,0.0159118619811993,0.0059480868069483,SPY
2016-04-11,-0.257830752019638,-0.7370549903213319,-0.6284046233145166,-0.49576214776370536,0.08545338572421238,0.07597804443394862,-0.2168456447141234,-0.5868800932555231,-0.8766249573567434,-1.4450813365136754,0.0092698522777769,0.0252641021247379,0.0091238863182061,SPY
2016-04-12,0.85696233192251,-0.027230303319886722,-0.5871702668148929,-0.43805476412249644,0.08658968258231316,0.07914719109042742,0.14149833971283987,-0.2037770982818832,-0.3079041409438406,-0.7313210527005704,0.0100503375931362,0.0191434468931719,0.0122115617357918,SPY
2016-04-13,0.9318406897542403,0.45463423181674195,0.3044315978604308,-0.38353255928228575,0.08940212098051142,0.08402801173507048,0.5113686403324599,0.38832414142726007,-0.6672931397051219,-0.01756076888746522,4.787706548192716e-05,0.0100456479111459,-0.0072376552070352,SPY
2016-04-14,-0.027777388700783882,1.3631989427213267,0.26696106138118564,-0.39632622377229676,0.09293893177070824,0.08808853697935286,0.45169407376017334,0.40987767623426785,-1.2630939356835276,0.6961995149256399,-0.0011061491997832,0.004604843923297,-0.0069949174762191,SPY
2016-04-15,-0.13849259363447003,0.6875138247400736,0.8250649112200841,-0.413472196070868,0.09416058509745033,0.0910735216600559,0.35744496601634246,0.343031715651818,-1.0963432674946634,1.4099597987387449,0.007002184388126,0.0057109931230803,-0.0146413630925055,SPY
2016-04-18,0.6394063518889368,-0.12991106758448168,0.6496173402792155,-0.3913899672112527,0.09840769909122314,0.09452761209656955,0.6154576086476876,0.2872811500605128,-0.9159952663930381,-1.4450813365136754,0.0031491970462109,-0.0030156633016709,-0.0118266934111126,SPY
2016-04-19,0.26975767403235,0.3796242386386238,1.0814875471855583,-0.38838964830860684,0.10651829363893482,0.09824464922359463,0.699032631689861,0.25416707951007833,-0.753364151199695,-0.7313210527005704,0.0009525386111102,-0.0046798967868362,-0.0243535441268631,SPY
2016-04-20,0.05901421339230079,0.6914093024763845,0.7988463189141631,-0.39103612146348143,0.1117455441317862,0.1021820773291646,0.6815460799806272,0.3970751303489649,-0.8972588955120864,-0.01756076888746522,-0.0053929269223669,-0.0035763656622629,-0.0250131273682976,SPY
2016-04-21,-0.5497583406510486,0.24815766424405053,0.37872576293438,-0.4058649606269969,0.11887612938827169,0.10627578915469024,0.3802090365103515,-0.06625913251169671,-0.7645527656488067,0.6961995149256399,0.0,-0.0073005473495797,-0.0230909926261091,SPY
2016-04-22,-0.03237062827946651,-0.3777154170264142,0.12747888433571974,-0.40705524079598787,0.12522545490137812,0.11043348094083283,0.317601627266495,0.08245442079217258,-0.42411016720915723,1.4099597987387449,-0.0017244720366251,-0.0127140267077514,-0.0167935860547343,SPY
2016-04-25,-0.19781337484771352,-0.44750699085016515,0.1785589332275083,-0.399714865157468,0.13174518805292276,0.11425000143280492,0.18428270760331336,0.524785920210138,-1.1740098416072537,-1.4450813365136754,0.0014849635610456,-0.0030724106491231,-0.0164324120877736,SPY
2016-04-26,0.11009410578137281,-0.17872288384273946,-0.22442290405579685,-0.4544956003693094,0.13600642211825917,0.11695067882333202,0.20926582878244201,0.18965330801868094,-0.9340934505308903,-0.7313210527005704,0.0020560697356835,-0.0132990214644728,-0.0050385803463299,SPY
2016-04-27,0.16488500531900346,-0.06992105388279456,-0.3012743159686282,-0.4639001214236371,0.13792395327816875,0.11931733906570216,0.26448619048679656,1.2244622885588763,-0.8687081309833516,-0.01756076888746522,-0.0091171086096837,-0.0209486933933495,-0.0003343255454009,SPY
2016-04-28,-0.907049635599897,0.20707554984367088,-0.250315165242978,-0.39208503205300593,0.13712854802165528,0.12068901290103619,-0.15624304203648728,0.35231125946139097,-0.35250315872144533,0.6961995149256399,-0.0054134793581717,-0.0120268709092599,0.0090693668831747,SPY
2016-04-29,-0.5517301043885854,-0.5697279245328501,-0.4222914074237914,-0.4025725042551388,0.13506892569114606,0.12026973157138007,-0.3859670102108156,0.14331430073566911,0.8768682761693433,1.4099597987387449,0.0079171440220031,-0.0029607415895798,0.0187729697022724,SPY
2016-05-02,0.727185934052503,-1.1170144921674465,-0.6722764820812339,-0.3628325795833318,0.13326499114300508,0.12149218672419229,-0.05863930944354172,0.08810795922611933,-1.244847869736963,-1.4450813365136754,-0.008741647254304,-0.0100521418557377,0.008951622607574,SPY
2016-05-03,-0.8710285482496946,0.13106856316526164,-0.22704339800264015,-0.3833153780264477,0.12795253683093505,0.12289224800723353,-0.46040070058439847,-0.9507988174298196,-0.029736987887782586,-0.7313210527005704,-0.0055936021931932,0.0110470330939289,0.0197401633945268,SPY
2016-05-04,-0.5690107653170958,-0.11278304842455537,-0.6992905239307629,-0.453531726169444,0.12072252591738519,0.12189015837337194,-0.6877750091588767,-1.189864873578143,-0.4030637093365349,-0.01756076888746522,-0.000195286125594,0.0072417559374313,0.0283727902887163,SPY
2016-05-05,-0.05110602804168771,-1.1027022295408375,-1.052539087695681,-0.5832768276994845,0.11504073632803784,0.12261506940347687,-0.706809785894765,-1.153961550882228,-1.1262486845605206,0.6961995149256399,0.0036526499615083,0.0077276568593234,0.0255763267483608,SPY
2016-05-06,0.318058041510388,-0.476518695685333,-0.6405448207555302,-0.577974900574732,0.1104243379401278,0.1234821468084676,-0.5616533925156516,-1.3851887909765743,-0.4309482424998256,1.4099597987387449,0.0008257437558452,-0.0046775879182545,0.0269995755778378,SPY
2016-05-09,0.04684974295715309,0.20094517015812344,-0.2218867147791751,-0.5848734961833238,0.1065607556199073,0.12481116309345756,-0.5453991130704677,-1.5621814421662343,-0.9700729314293787,-1.4450813365136754,0.0123575276953626,0.0043135223954191,0.0277338230707284,SPY
2016-05-10,1.1531883598007993,0.27575503247295985,-0.5493552627630731,-0.5257242018702523,0.1058932196961487,0.12660928513425862,-0.033609552573126526,-0.8289928326139521,-0.8270703173366525,-0.7313210527005704,-0.0093988793496908,-0.0174216589694831,0.0186308659078804,SPY
2016-05-11,-0.9340822137683283,0.9135529231862212,0.42496799147469716,-0.5328595946689241,0.1018450587827853,0.1255432155397796,-0.4278498597145889,-0.9832270564563503,-0.6463729332253889,-0.01756076888746522,0.0002906147962979,-0.0077298242501164,0.0266630953238173,SPY
2016-05-12,-0.004489567252236399,0.16440477321427627,0.2492469013733055,-0.5326267144464507,0.1005809434750712,0.12451272572841392,-0.40006274890496585,-0.968170612626868,-0.3323331479333724,0.6961995149256399,-0.0087525948160696,-0.0114912312265929,0.0168496266222311,SPY
2016-05-13,-0.8720788376416124,-0.7197261508206846,0.2716849620360768,-0.4728582885661326,0.09835086262298319,0.12236635462621114,-0.7473735617522831,-1.2003488740961776,-0.06809425053664532,1.4099597987387449,0.0098168540695189,0.0035587701608514,0.0178608593694624,SPY
2016-05-16,0.9094407003051356,-0.672373514178689,-0.3011676964275563,-0.4292734543406284,0.09666049924504044,0.12061796790298492,-0.2963184782409272,-0.8277081223859265,-0.7609704332087146,-1.4450813365136754,-0.0093776536695395,-0.0076213819783319,0.0060751366211331,SPY
2016-05-17,-0.9320458601786914,0.02560473441410699,0.11402616214403996,-0.3836593129153606,0.09479972822865948,0.11702881431841142,-0.6502540973619015,-1.178180546131204,0.642360759702455,-0.7313210527005704,0.0002929553696757,0.0146350669936969,0.0140575896949153,SPY
2016-05-18,-0.004265016850754917,-0.020192717371386823,-0.8896667637366606,-0.38564394080255143,0.09465763705805985,0.11334015190929617,-0.5833831697800624,-0.9065625628615893,0.8264724243400868,-0.01756076888746522,-0.0034707921801784,0.0211024361606337,0.0167447125826099,SPY
2016-05-19,-0.3653521895114411,-0.7179994744385048,-0.4421146691246775,-0.39574844888830435,0.09356395483035378,0.1099500159738052,-0.6835265743250214,-0.8427467502488631,0.7008023002089566,0.6961995149256399,0.0062974065713747,0.0248598121597041,0.0164842071186104,SPY
2016-05-20,0.5717912353504848,-0.28520950152502866,-0.6158099105061963,-0.3537612461559091,0.09323720874190085,0.1074766927608798,-0.3742051116650014,-0.9164957418368883,0.29916413524331226,1.4099597987387449,-0.0013632980696645,0.0228525290492553,0.0166065446143095,SPY
2016-05-23,-0.16316299385350935,0.15473077430909954,0.0791730148014776,-0.35416909436250504,0.09227142128851992,0.10506029720093436,-0.39765511500581485,-0.6490630170216584,-1.448991250066018,-1.4450813365136754,0.0128787953024893,0.0223116240462246,0.0208043680694451,SPY
2016-05-24,1.2031978367818679,0.3091448096893774,-0.4371069933556455,-0.2214837393881506,0.09144749603160508,0.10431403830096184,0.17680915061830174,0.08163864205264619,-0.08042048026355393,-0.7313210527005704,0.0067603245366125,0.011479722276384,0.0062929200414822,SPY
2016-05-25,0.6162027526022289,0.7913567348889611,0.5906571652872796,-0.19101243372552018,0.09539625672947394,0.10426430298338654,0.47621828256024684,0.29026554746923966,-0.7235821260549574,-0.01756076888746522,0.0002865838188919,0.0077584224407676,0.0124711005794964,SPY
2016-05-26,-0.004876291976812589,1.3865666300358654,0.88930904092313,-0.25382896527612314,0.09934496654420269,0.10560755118162174,0.4686138367581558,0.19663294318259922,-1.5166578171137954,0.6961995149256399,0.004290123460926,0.0044800889559262,-0.0243850392617384,SPY
2016-05-27,0.3792161028579866,0.4639475916984196,1.0628181387690159,-0.2719211213773573,0.10712891676974307,0.10838645317580839,0.6170243727037871,0.29547079202906573,-1.1276624038938257,1.4099597987387449,-0.0019042030726952,0.0052658642859855,-0.0467475389955378,SPY
2016-05-31,-0.21505644728928686,0.2829583711855113,0.9701252909674059,-0.3062303825709188,0.11147550730372081,0.10971550765018998,0.5123400347169181,-0.18072089112111897,0.6724337424545622,-0.7313210527005704,0.0020468935326487,0.0087300586074166,-0.0269679797025919,SPY
2016-06-01,0.16400465689878999,0.12244155507650224,0.9451472373684573,-0.3749728089766926,0.11917430459318266,0.11263658874905887,0.5590670740035648,0.36608282106328194,-0.8804119432465833,-0.01756076888746522,0.0030390247009961,0.0099377356072825,-0.0121304854635351,SPY
2016-06-02,0.259187937323906,-0.041917711116960556,0.4449488264281413,-0.4098723126222249,0.1276968999317079,0.11682980939912577,0.6307859920874564,0.45454620390342837,-1.1138918627418624,0.6961995149256399,-0.0029917496659495,0.0055320609725324,-0.0016161308898929,SPY
2016-06-03,-0.3193937120216623,0.32026776049673183,0.27310566315366736,-0.3963491976591544,0.13633301555728988,0.12060369780034805,0.4411210542897147,0.799144012703207,0.40408848388412294,1.4099597987387449,0.0050758987909853,-0.0009990432668063,0.0034738306621751,SPY
2016-06-06,0.4546019751885123,-0.0489087061208795,0.12171791661631778,-0.3892714102937986,0.1446567595816869,0.12460502948775218,0.6061679731177985,0.6626074001083153,-1.0490785565163245,-1.4450813365136754,0.0015599912487358,-0.0138163041266299,-0.0088212913577097,SPY
2016-06-07,0.11729212723750727,0.10033106932032551,0.15800365662793056,-0.389480931456243,0.15384683996082968,0.12872008918314543,0.6135830626602718,1.4599115978334896,-1.1931889260701507,-0.7313210527005704,0.0032545705325146,-0.0173451640541761,-0.0044017775675699,SPY
2016-06-08,0.2798670168452806,0.4338326810855433,0.3179741337968536,-0.49191280380315666,0.16023883098747185,0.13150609440415756,0.716525284778366,1.5219066134341535,-0.9587528412821844,-0.01756076888746522,-0.0013666499337539,-0.0219949351824482,-0.0082765288871415,SPY
2016-06-09,-0.1634845656675465,0.3003857382259896,0.373742560163499,-0.5881356488881179,0.16421600991946045,0.13547187176804312,0.5960758639097261,1.712159801294285,-0.6163300340517504,0.6961995149256399,-0.0095228539052882,-0.0176482069913239,0.0078707484283349,SPY
2016-06-10,-0.945976109724306,0.08595359682932317,0.17029615728363914,-0.48549703567815805,0.16525290656206762,0.1379664410124586,0.13777076434808272,0.7285300245524124,1.1246412662216252,1.4099597987387449,-0.0077413620688382,-0.0118566507302135,0.0209146689669346,SPY
2016-06-13,-0.7750629860832796,-0.8502358137909516,-0.1312988933009872,-0.501789531630733,0.16271037778408282,0.14058900836750057,-0.24003063574578212,0.29751694597486694,1.34081404120968,-1.4450813365136754,-0.0019688686788104,0.0023044554056985,0.0358929101166278,SPY
2016-06-14,-0.2212603492702878,-1.317304746631757,-0.7231777388553279,-0.5737163256823119,0.1601535762851117,0.1414845368691844,-0.33894329458105,-0.4056990932857662,1.7192304587260754,-0.7313210527005704,-0.0013952005957573,0.0071078494699801,0.0377221712697686,SPY
2016-06-15,-0.16622366484565107,-0.7638316260169501,-0.8861343614037563,-0.6666218056494715,0.15657404909823855,0.1435456310600907,-0.42975968312530005,-0.9300618973714292,0.9577601093134822,-0.01756076888746522,0.0029800782573703,0.0068703973402639,0.0446852894316274,SPY
2016-06-16,0.2535327215090016,-0.2988545722996713,-1.1008527164089357,-0.6618238773082313,0.15296618000195653,0.14600473508956824,-0.33618906448256985,-0.7391400723582324,2.5656076782491186,0.6961995149256399,-0.0037312976441779,0.0168288241575202,0.0403627202331913,SPY
2016-06-17,-0.39034461533497594,0.06374993676449232,-0.9001283579178372,-0.6594530416374494,0.14915093666546733,0.14841687889725588,-0.5334034569107232,-1.242623810399228,1.1502801918703907,1.4099597987387449,0.0064197440670739,-0.0160094342206447,0.0467776115800866,SPY
2016-06-20,0.5835280747232864,-0.1074136126314248,-0.6326843485246934,-0.6580659498196986,0.14571482361085364,0.15086242569273872,-0.2902193854082609,-0.7016452097361153,-0.2813002126442197,-1.4450813365136754,0.0028345253854711,-0.040501554560592,0.0393408144471472,SPY
2016-06-21,0.23956864068515282,0.14460734220121993,0.021250937895890512,-0.659784257182332,0.14265242178362378,0.1539284355324805,-0.2115000016204829,-0.6541395824386672,-0.7261755644437777,-0.7313210527005704,-0.0016326527254735,-0.0254607237258124,0.0406604890244119,SPY
2016-06-22,-0.18900439522827325,0.6256787836552798,0.24306333327446858,-0.8193668995310937,0.13812435652809038,0.15486105866314118,-0.29631861807055665,-0.9311355515420993,0.24549943438775937,-0.01756076888746522,0.0129385050746266,-0.0069436832286333,0.0385089438993109,SPY
2016-06-23,1.2089262849616897,0.03568753432398109,0.23209820632980419,-0.6885308659362673,0.13787762417849794,0.15672760336377464,0.2432851725134079,-0.075304804981648,0.5347547716866636,0.6961995149256399,-0.0365695560223429,-0.0063288090286217,0.0300454243208179,SPY
2016-06-24,-3.540788080474486,0.7759962589934045,0.6919610610065534,0.25569767876059346,0.12967750074460124,0.15314345258949175,-1.289000465481512,-1.5465864956218,5.66559045036703,1.4099597987387449,-0.0180723762728733,0.0323389588798397,0.0638953498741932,SPY
2016-06-27,-1.7662019135060372,-1.7837965275423762,-0.8244526775799367,0.37635074621435444,0.11858110893808854,0.14631916107986778,-1.9553642993562546,-1.9168689952792015,2.9023086433650302,-1.4450813365136754,0.0178753562202507,0.0431921119238136,0.0824291846288032,SPY
2016-06-28,1.6825589073433846,-4.055933519848764,-1.9554562570908791,0.5667554665759096,0.11320721323353901,0.14235100324391003,-1.142714733450132,-1.4070615754745668,1.3176936935412047,-0.7313210527005704,0.0168843877717055,0.0312962607424385,0.0634922870457073,SPY
2016-06-29,1.5874871761655045,-0.06680796862528979,-1.260896811977893,0.7077275462912619,0.11318558789871185,0.14054915137253618,-0.3890991672004937,-0.9080916597343889,0.8311718882647604,-0.01756076888746522,0.0135533792746382,0.013791692183676,0.0477615917046536,SPY
2016-06-30,1.2679162101581332,2.494439995499929,-0.40581204211824456,0.7866517524891109,0.11630968553412509,0.14030709427919424,0.20757312289010377,-0.4024047769117932,1.3614409407840125,0.6961995149256399,0.0020982118861185,0.0150189402907603,0.0358214936907952,SPY
2016-07-01,0.1689280474595438,2.177772965370102,-0.37741821947203663,0.7845044701859574,0.1211643187871189,0.14082715741310894,0.2923793877852635,-0.1818007830014389,0.14775095271909494,1.4099597987387449,-0.0072192232288994,0.0164417950379531,0.0328940507908841,SPY
2016-07-05,-0.7249699245927074,1.0944042978394966,1.40819214456157,0.7943534617862994,0.12196387101960482,0.1395079430719466,-0.005670698985564451,-0.3049107031936649,0.21998150632905622,-0.7313210527005704,0.0059795050388755,0.0308978973477076,0.033685384038363,SPY
2016-07-06,0.5412923339140467,-0.42758400187610895,1.9093719024322588,0.8097512124749177,0.1237056772528661,0.13884717748982156,0.26712095273816033,-0.1567268012700987,-0.06875482110003485,-0.01756076888746522,-0.0006201807870569,0.0247787847831624,0.0306242654852209,SPY
2016-07-07,-0.09186965789571588,-0.1432054428940829,1.36004215552911,0.8043817716930132,0.12574738871782426,0.1376031198711982,0.25827030482951346,-0.22732887978651212,-0.27399914217812044,0.6961995149256399,0.0147806273817225,0.0309668831363207,0.0323079858979724,SPY
2016-07-08,1.3856561869420243,0.3402999524505969,0.5517115813295187,0.8948194419851929,0.12837448527576856,0.13879414515477734,0.897111034978465,0.12086422788771806,0.7091094939765148,1.4099597987387449,0.0035210666333114,0.0148437648135324,0.0256730655580481,SPY
2016-07-11,0.3054341735918971,0.9851495916759907,0.6083837674365121,0.8547513743294126,0.14288101429353206,0.1419495818196954,1.007225173014444,0.07598602467040247,-0.5354360475791383,-1.4450813365136754,0.007236879080855,0.0140062918829384,0.0215562072159194,SPY
2016-07-12,0.6619225387249185,1.2885747459846402,0.6740887284551161,0.8338206705264487,0.1647978586341635,0.1473636409383325,1.250794858034807,0.14940651258442597,0.025398624605952328,-0.7313210527005704,-0.0001396075256696,0.0057523597362179,0.0149151198438817,SPY
2016-07-13,-0.045764323275865555,0.7358516749123155,1.3416464258359189,0.8293741671235719,0.181531746255984,0.1530476608657264,1.1584828583019862,0.18411461313298882,-0.26470601300447355,-0.01756076888746522,0.0055679175661014,0.0100461672246234,0.012576671156669,SPY
2016-07-14,0.5018053718163051,0.46763765415629005,1.0590764352482482,0.8295273328742241,0.19503872685646556,0.15979511531958304,1.307544819916982,0.0671151568574579,-0.18499124700284927,0.6961995149256399,-0.0013424909410657,0.0006940518079474,0.0116386026924208,SPY
2016-07-15,-0.16116679534725745,0.34535447381343104,1.3448320697399112,0.8342725127043679,0.20410528841138967,0.16589476312484303,1.1550450910041348,1.1580837091524234,0.1355757335693494,1.4099597987387449,0.0026835937027174,0.0065115282451468,0.0121119925814179,SPY
2016-07-18,0.2250885264191028,0.2572203806566863,0.6002944681419898,0.819688414032625,0.2133717189432579,0.17296029702078924,1.169701232053296,2.015766190664637,-0.852297186691606,-1.4450813365136754,-0.0010170530658655,0.0011083040734618,0.0123077220284049,SPY
2016-07-19,-0.12994487074253824,0.045888787905448036,0.5616214227258096,0.8162451159347229,0.22448004284628076,0.178918453130413,1.0347858647229458,1.8263910521134945,-0.9182259849353922,-0.7313210527005704,0.0041541999627359,0.0025868156210639,0.0081538804189653,SPY
2016-07-20,0.36617584683403626,0.06973330321134963,0.18046917157688314,0.817910714705583,0.23508869430694568,0.18509805679174843,1.1291687302485016,1.6939515960277132,-0.83553421689364,-0.01756076888746522,-0.0037841978505746,-0.0026289257045171,0.0058790210106431,SPY
2016-07-21,-0.39541976602134216,0.17748318774582272,0.37874974392883004,0.8264120084720652,0.24471219727916546,0.19093479609588862,0.8726066248600887,1.1631908113757485,-0.6360234532655725,0.6961995149256399,0.0044749854961336,0.0023089645767093,0.0119044939660009,SPY
2016-07-22,0.39695143413120126,-0.025262808343445475,-0.05311470330762291,0.7761071431937624,0.25126589492717444,0.19552844524599064,1.0049189093327036,1.2200221318653113,-0.72955813340271,1.4099597987387449,-0.0027196304689676,-0.0005527396586444,0.0059666224278522,SPY
2016-07-25,-0.2932870855374551,-0.0017591655781163547,0.21552625479928325,0.02161416971687769,0.2559062083912458,0.2051086487360969,0.7417453700129324,1.5700730717150635,-0.8484481491760659,-1.4450813365136754,0.0004614584817366,0.0013376597965306,0.008640429312881,SPY
2016-07-26,0.011900868749344842,0.07624064685697934,-0.0339852531573583,-0.2928368243668216,0.2584762649483869,0.2173607730049051,0.5827753756106382,1.4656649185048127,-0.5421438769822277,-0.7313210527005704,-0.0010615413628451,-0.0055516886666264,0.0101901325158735,SPY
2016-07-27,-0.13421299796416217,-0.2178265580329374,0.03428984223970427,-0.43667566709853933,0.26076081620266933,0.22687672920865348,0.39731727778329495,1.421940100887362,-0.268666770655054,-0.01756076888746522,0.0011536924306518,-0.0015717608180478,0.006123743473652,SPY
2016-07-28,0.07831254916165649,-0.09633998845291346,-0.20656403350309116,-0.6148979938998633,0.26168887380716876,0.23409936153157507,0.34386978996161227,1.026090015553303,-0.6374975653234122,0.6961995149256399,0.0016132812607798,-0.0016619136230051,0.0042813620387924,SPY
2016-07-29,0.12240467517679927,-0.04562068302474557,0.02145916358166438,-0.7526942302428979,0.2635306399704724,0.2395573893696662,0.33643786598608233,0.9485751786269583,-0.3408523300773209,1.4099597987387449,-0.0008292310137925,0.0048705121580132,0.0007828688715534,SPY
2016-08-01,-0.11192556077341005,0.15036095848014341,-0.11068936781386703,-0.7455705549549387,0.2642873485984305,0.24457250937453792,0.2277212187946375,0.4497878765498654,-0.4683618726128769,-1.4450813365136754,-0.0064278899814205,0.0051039514629884,0.0065247527801721,SPY
2016-08-02,-0.6490508356581609,0.005074094151892878,-0.023394004209873687,-0.7607216926895223,0.26337351283177535,0.24967336456340478,-0.12732183948211193,-0.2155344611951224,-0.08671350497599205,-0.7313210527005704,0.0029183864857333,0.0121276331532262,0.0113021058154929,SPY
2016-08-03,0.24761412386084194,-0.5840946700679114,-0.34153215085371563,-0.7807137384338746,0.2620741863906485,0.25433132464885105,-0.06582104825199149,-0.42888592675261544,-0.8471199650305401,-0.01756076888746522,0.0010635396256946,0.0067311904546105,0.005535964857084,SPY
2016-08-04,0.06966345115010478,-0.3095103956556655,-0.15774599512444132,-0.7860176747082832,0.26227405536759213,0.2592464902862808,-0.08903664018031929,-0.21588458033078026,-0.9763728898447135,0.6961995149256399,0.0081457070417982,0.0102974999307692,0.0045180813975971,SPY
2016-08-05,0.7491138592120425,0.23937933581782256,-0.16190909508044446,-0.9575330664929368,0.2636162254132463,0.2631972210299014,0.2124913176251493,0.17125042096632284,-0.4695871825642069,1.4099597987387449,-0.0005957917088172,0.0012826918369022,0.0008704608657152,SPY
2016-08-08,-0.0895298135813131,0.6223800081620123,0.13974698200369906,-0.9608860681678344,0.2656152713646706,0.2665192525504894,0.13895435589118663,0.2099365053270155,-1.0737632577966862,-1.4450813365136754,0.0005957917088172,0.0047578066954239,0.0044839307310535,SPY
2016-08-09,0.024788557022380073,0.5008024217210018,0.1505268036712773,-1.0211458154564668,0.2676570845959099,0.2688268210743593,0.1323618386590906,-0.026087276682246537,-0.8302846840769558,-0.7313210527005704,-0.0024780562128823,-0.0010088796886984,0.0037969388428651,SPY
2016-08-10,-0.2701108857626241,-0.05237250177178006,0.47486822543245716,-1.0065747267176246,0.2692562399440228,0.27077005007319305,-0.004022040804277225,0.10369190061839931,-0.6910070421207338,-0.01756076888746522,0.0046298491018532,0.0033485170785976,0.0039894290896658,SPY
2016-08-11,0.41180877001694555,-0.19028418383805223,0.2256698741241286,-1.019719090377206,0.2719405800353331,0.27257752851492,0.17376969210543564,0.11690871193237533,-0.39540588945047767,0.6961995149256399,-0.0008691010520687,0.0009599430815274,-0.0248663968367344,SPY
2016-08-12,-0.11575062055872547,0.10528726184557187,0.39035585178529997,-1.0222572202959008,0.27385398966084007,0.27445644657841095,0.10887492644582152,0.31974880754899776,-0.5923420502754915,1.4099597987387449,0.0028793231497044,0.0003661580915812,-0.0097519543851065,SPY
2016-08-15,0.24386645763867015,0.2231738352351269,-0.025932329117445464,-1.0209155246413502,0.2769237695434815,0.2763710462633909,0.20843504926837855,0.47691861884475933,-0.7895778521015604,-1.4450813365136754,-0.005170894675305,-0.002558988642062,-0.0271111589998307,SPY
2016-08-16,-0.5284569660851087,0.0949145082169829,0.13454243948758918,-0.9752264715078006,0.28036481826275,0.277635547936283,-0.036661621235134674,0.058977529411314816,-0.7040878160107611,-0.7313210527005704,0.0018793405544137,0.0046230677179721,-0.0223154589731633,SPY
2016-08-17,0.14792992542959277,-0.2202737095925905,-0.13175312218011775,-0.9933681653177181,0.28349179079561737,0.27855001837616744,0.032833278052538925,0.10546634493846349,-0.29060681326215887,-0.01756076888746522,0.0022412751047831,-0.0023842032415082,-0.0142515139871495,SPY
2016-08-18,0.18265327542849732,-0.29354145780529034,0.06946389262946201,-1.015934931746143,0.28698990495725746,0.28040031985560143,0.10511142016221463,0.1447458164353321,-0.6989833899421479,0.6961995149256399,-0.0014628860420149,-0.005314167350499,-0.0203659455641567,SPY
2016-08-19,-0.17271728486019777,0.2495409835440049,-0.04083630609228609,-1.035924415293597,0.2875039773284555,0.2813290985875135,0.02773886668832939,0.0880928328977847,-0.26973885316062696,1.4099597987387449,-4.582358393889763e-05,-0.0057364932149432,-0.0187155414536617,SPY
2016-08-22,-0.03676686053110028,0.004659304712645211,-0.06825626564530478,-1.05118031925767,0.28818929690991324,0.28267223221757476,0.006776347765363285,0.7375608049312873,-0.5412700055508485,-1.4450813365136754,0.0020111616847291,-0.0007780167361781,-0.0186226154005355,SPY
2016-08-23,0.16057660765576087,-0.16291418271806204,-0.20333446142524267,-1.04727351586962,0.28931722349135774,0.2842582249181993,0.07266951503898013,0.6901404453283244,-0.6884004200924264,-0.7313210527005704,-0.0051279304050666,-0.004439715367007,-0.0094512722425941,SPY
2016-08-24,-0.5243350512488135,0.09162590160009236,0.12832042752282363,-1.0020931194623883,0.289617026956773,0.2852083769795737,-0.16533792541674489,0.07375709148854762,-0.3267274053253326,-0.01756076888746522,-0.0006886890042077,-0.0021595394346158,0.0019584961765444,SPY
2016-08-25,-0.09844221307040225,-0.280735102195362,-0.1952631751940471,-1.001936961838612,0.2882606350732721,0.2858728214730835,-0.2047326313967359,-0.6713882231262855,-0.37423657329538335,0.6961995149256399,-0.0018852119064591,-0.0014251942642005,-0.0028474155450002,SPY
2016-08-26,-0.21323446894698586,-0.47855052560420713,-0.33056382900074466,-0.9991246535227464,0.28659001435394843,0.2859943019275549,-0.28863943498647665,-0.7848121143208531,0.6225950727752785,1.4099597987387449,0.0049126528948262,0.0049581041521751,-0.0090971826678396,SPY
2016-08-29,0.4389404574294813,-0.24095970792445476,-0.35006610392740256,-0.9672438923218312,0.2855478767478425,0.28700884130305676,-0.08836437001401555,-0.3840134112656058,-0.35800559230429546,-1.4450813365136754,-0.0016505369460997,0.0030631294138698,-0.0078212081422943,SPY
2016-08-30,-0.19072017519906462,0.16944514296432467,-0.12109227199431119,-1.0327907238155816,0.2856049421902151,0.28875913749585924,-0.1850822794128564,-0.3116429364761453,-0.5907706942034722,-0.7313210527005704,-0.0028477544726754,0.0046224661805984,-0.0012194382396018,SPY
2016-08-31,-0.30557907208437707,0.18663954813538608,-0.2901831551467624,-1.0256886335939854,0.28419145942277274,0.2896164893358051,-0.3212361492807108,-0.9793339020932297,-0.08262781141566113,-0.01756076888746522,4.565616620766377e-05,0.0051846546871923,-0.0074600456723059,SPY
2016-09-01,-0.02799045778394782,-0.38195792116836386,-0.18488859078669292,-1.0266699749533679,0.28209255530758826,0.2903165899912096,-0.3290254949017701,-0.9076652793847577,0.14735068133232573,0.6961995149256399,0.0044980865099164,-0.0190869783035623,1.2048945768228236e-05,SPY
2016-09-02,0.3991677038575675,-0.25767950826606073,-0.15097780622380505,-1.1028257529353171,0.28184976640140497,0.29045232781852,-0.1347182985835196,-0.7447485614708276,-0.2089818518127785,1.4099597987387449,0.0030176781565209,-0.0093397234139196,-0.0068928046530798,SPY
2016-09-06,0.25713998822834977,0.2805430868648211,0.14379182816477357,-1.0890068968307618,0.2825635805416943,0.29115239028453377,-0.012439311572728708,0.00886027288858723,-0.6212526487981096,-0.7313210527005704,-9.120017937114255e-05,-0.0268372830354604,-0.015021466504951,SPY
2016-09-07,-0.04112020950909756,0.49830023573357707,0.056285185932151004,-1.0891160764715184,0.2826207223087782,0.2917453442370911,-0.024771621943887406,-0.16065421791130352,-0.23003870236850343,-0.01756076888746522,-0.0022855659660816,-0.0271212775047269,-0.0105146201899595,SPY
2016-09-08,-0.2516437175848017,0.16204768172900452,0.12829264957165318,-1.0908596548007905,0.283563103517405,0.29236687658431276,-0.13353979552393624,-0.6130034247173293,-0.26184231410541225,0.6961995149256399,-0.0242259768245469,-0.0148924259982177,-0.007533716664148,SPY
2016-09-09,-2.3565672861711597,-0.2265158361913897,0.15425353840007136,-0.4692748748709344,0.27725216933401,0.28853049760874233,-1.1273891023772018,-1.8362795853563527,2.381938637432844,1.4099597987387449,0.0142453413995591,0.0054603943541051,0.0132571451216536,SPY
2016-09-12,1.334301812265175,-1.994847351895863,-0.9665683182664392,-0.28531324768878275,0.2758957520089393,0.2870159063404901,-0.4933289550883265,-0.909030541266158,1.3994941910174803,-1.4450813365136754,-0.0144798814650197,-0.0085974289769739,0.0042063617292917,SPY
2016-09-13,-1.4215444209979815,-0.7836439126588646,-0.5164570164445751,-0.16307381825656705,0.2685709458041354,0.2828294706723188,-1.0591024786911802,-1.4634644662515925,1.602329330031302,-0.7313210527005704,-0.0003751946486376,0.0059295549572331,0.0059759906695102,SPY
2016-09-14,-0.06836612826437444,-0.06955702332533954,-1.324463930096354,-0.17332471759568466,0.2616461065273519,0.2793931510326655,-1.0278346978857968,-1.3333347948029453,0.7352390936746226,-0.01756076888746522,0.0099432855404275,0.0174872544485413,0.0076627055523967,SPY
2016-09-15,0.9215703082985005,-1.140789421727811,-1.3375783014469569,-0.09838799302551371,0.25864761392492913,0.27718560052522495,-0.569139311626465,-0.8572117231644404,0.7186780565052313,0.6961995149256399,-0.003873156472224,0.0138258069221857,-0.0055616542263363,SPY
2016-09-16,-0.4039542962335023,0.6486721740428903,-0.7728711778823565,-0.09879040096413698,0.2544467272645455,0.2740334736075732,-0.6926299503979025,-0.9169514628442661,1.0489223522825195,1.4099597987387449,0.00018751806848,0.0122043626686574,-0.0011723485253538,SPY
2016-09-19,-0.014380481949683869,0.3923799272026737,0.16698671731487832,-0.09804577584203528,0.24890395041578037,0.2711386413504855,-0.6442010697005136,-1.1218756745403318,-0.2251272628799389,-1.4450813365136754,4.710246918726568e-05,0.0038818655708787,-0.0048380150285032,SPY
2016-09-20,-0.027851702076558408,-0.3224156283624691,-0.4821791485595583,-0.09793040232390858,0.24243329405350922,0.2682581810344122,-0.6019543299520622,-1.0701933488153874,-0.415067875426065,-0.7313210527005704,0.0111825048426705,0.010023390522063,0.0013579559465259,SPY
2016-09-21,1.0404587800215361,-0.03518208409822171,0.18865173913162245,-0.01131292639047155,0.23943515763307152,0.2667866419402163,-0.0947938027398718,-0.528244025830191,0.542531055057764,-0.01756076888746522,0.0062818380140718,0.0037921186359852,-0.0071609851338179,SPY
2016-09-22,0.5702976159553349,0.7704098595687267,0.7223662282875866,-0.0003554568111476717,0.23910255998343005,0.2670917497189811,0.17660457528010978,-0.3210450585840335,-0.22402431261058353,0.6961995149256399,-0.0054946007257523,-0.0115780812834662,-0.01531146323443,SPY
2016-09-23,-0.5595127425368805,1.2272228443413058,0.5532869407035955,0.01802084558477999,0.2445296794532246,0.26664952929481106,-0.05839209354010842,-0.6433236150063311,-0.2768184228221446,1.4099597987387449,-0.0081349790292986,0.0014342702265679,-0.0093492921735869,SPY
2016-09-26,-0.812825889540885,0.005307605557962117,0.47841146119164474,0.05412446043766416,0.24307650783597995,0.26524373960303965,-0.3934583588525423,-0.9723745145886439,0.16003534198141772,-1.4450813365136754,0.0061886274203715,0.0071624821669349,0.0030289760384167,SPY
2016-09-27,0.5613551591897185,-1.0509985003049644,0.09409299968610269,0.06334915593951651,0.2479723564329973,0.26402840040684933,-0.1064827383113602,-0.7636321460305707,-0.12055314872658779,-0.7313210527005704,0.0049512329565928,-0.0041371289487868,-0.0065156389070493,SPY
2016-09-28,0.442641759187862,-0.19497978342630795,0.37769795536304984,0.0782383948532873,0.25451786189534154,0.26383859913092406,0.1133479695568259,-0.5531594460517181,0.12007527770866075,-0.01756076888746522,-0.0090883619053796,-0.0046727157697592,-0.0134765605238253,SPY
2016-09-29,-0.9042917284759502,0.7638341892924585,0.0899486421047328,0.12068747492439763,0.255209541869396,0.2626843756909861,-0.26813846528241514,-0.08204254302383687,1.1476571041254469,0.6961995149256399,0.0075177507842818,0.0051109836953502,-0.0070585012498369,SPY
2016-09-30,0.6888688649403166,-0.35549589968958567,-0.6198204952918761,0.15501898346404552,0.25941416844062554,0.2626862469711707,0.060721803169712124,-0.2840872676566153,0.8491780847739939,1.4099597987387449,-0.0024067670889316,-0.0058418821276768,-0.0175360246795426,SPY
2016-10-03,-0.26327153538966586,-0.1674496448166543,-0.01893270234324597,0.14534820245281507,0.26281522301124866,0.26161462718512374,-0.029639326609733865,0.2242400608501889,0.013098409285750208,-1.4450813365136754,-0.0051109836953502,0.0017594429684519,-0.0150822125567442,SPY
2016-10-04,-0.5227092143890503,0.3221042823979206,0.245586176334056,0.15001808508116876,0.2646232790937923,0.2592816754456809,-0.22008590670092082,0.004647303238413634,0.9290103759116631,-0.7313210527005704,0.0044156461356203,-0.005839825860999,-0.0172429525524497,SPY
2016-10-05,0.39125852257658034,-0.6031907601920307,-0.27621023988387844,0.16448048943266283,0.26435067266711815,0.2576451454502597,-0.0037459860900059877,-0.1828920847889088,-0.2695608234596097,-0.01756076888746522,0.0006953375597298,-0.0089439517623706,-0.0276953016440346,SPY
2016-10-06,0.0343388069740609,-0.10331920573346844,-0.30094270907196563,0.16331006598062897,0.2623416536201046,0.25647350764778193,0.043426774589903606,0.02170938453449039,-0.5118405298554264,0.6961995149256399,-0.0034351150387452,-0.012920363560406,-0.0329785462863201,SPY
2016-10-07,-0.3619293887103542,0.3221042823979206,0.15085153994820044,-0.20503257942328462,0.2609785197204522,0.25850693998942004,-0.135929425593498,-0.1459235855529839,0.17744827936599655,1.4099597987387449,0.0051945580071972,-0.0089690992929023,-0.0306455870540149,SPY
2016-10-10,0.46598592704090175,-0.25311332209872833,-0.35493278087852215,-0.3299921931362412,0.2637337400268552,0.25915842554940244,0.0824702142225171,0.030106834577830702,-0.7695127055197869,-1.4450813365136754,-0.0127102525248012,-0.0176418057347689,-0.0140227465154421,SPY
2016-10-11,-1.251769402291747,0.07654016632287221,-0.003916789881377703,-0.3686616381771489,0.2606627389488355,0.2600714957115973,-0.4852439843863923,-0.8669528032691238,1.1945462453113116,-0.7313210527005704,0.0013115202342488,0.0013115202342488,0.0031813137350704,SPY
2016-10-12,0.09345426486208809,-0.6030400995406185,-0.35483782605465464,-0.36831823920376555,0.25645823958545694,0.26124282799894155,-0.4448005316404962,-1.0931692008427614,-0.24391685204829444,-0.01756076888746522,-0.0032810742383055,0.0026635637623266,0.0124160604844787,SPY
2016-10-13,-0.3471509912837477,-0.8875464851403401,-0.49818096895019803,-0.4396263865114326,0.2540617708630517,0.260389829749631,-0.5750356604267457,-1.0196140827704268,0.43779935991755203,0.6961995149256399,0.0005161492287584,0.004075997914092,0.0181895144226018,SPY
2016-10-14,0.017147800683865295,-0.19667980025890117,-0.6818047595720458,-0.45088883543580216,0.24949839270782392,0.2602103268796221,-0.550174941195754,-0.6903966081671928,0.2230538681928474,1.4099597987387449,-0.0034781484346693,0.0040274190204243,0.0153658133252978,SPY
2016-10-17,-0.3660579353406465,-0.25495585710268226,-0.49934223823405116,-0.44156993436168934,0.24461928466412,0.25947077658276185,-0.6901836905215496,-1.1575714299406523,-0.6693413650785409,-1.4450813365136754,0.0062430734442164,0.0117488566377987,0.0196288535873501,SPY
2016-10-18,0.5665786128226629,-0.2693952910152277,-0.8998327590077964,-0.4080921612377697,0.24322740178993316,0.25967901060500165,-0.42280882095622735,-1.0881760114145016,-0.20546886245195917,-0.7313210527005704,0.0026635637623266,0.0021497956684877,0.0211586036220863,SPY
2016-10-19,0.22316688995213088,0.15021085355912212,-0.02460108379699075,-0.5116097362429699,0.24129012797140453,0.2585732876923128,-0.29137380097170684,-0.5494307683384642,-0.468832241983052,-0.01756076888746522,-0.0018686400865401,-0.0025234567540222,0.0166147799880649,SPY
2016-10-20,-0.21164459834032798,0.6002081084749001,0.0378339381074413,-0.5528196728412361,0.2385635548732548,0.2562038141647661,-0.3392823249319825,-1.0973103712750816,-0.28174803658066094,0.6961995149256399,0.0004675703350907,-0.0033251192988732,0.0236110830533737,SPY
2016-10-21,0.012487228970936817,0.005870779661433758,0.10305769412764408,-0.5740471905437017,0.2370423779383721,0.2547606370586831,-0.2985458387165964,-0.9505588584343165,0.10352116004744542,1.4099597987387449,0.0042432891827051,-0.0067524622793877,0.0209033186644553,SPY
2016-10-24,0.3747229064141804,-0.15502751423005465,0.10081440518964079,-0.6167928021738064,0.23521979471913879,0.25522728596363825,-0.11996560002268221,-0.3942190121534488,-0.6280743161508544,-1.4450813365136754,-0.0033559875250945,-0.010948706428226,0.0241833431144744,SPY
2016-10-25,-0.35433803732311553,0.2927875746542753,0.4573769838071065,-0.6454425771739193,0.2362817513085746,0.2542220520698738,-0.25226391827900446,-0.8726303456009773,-0.4611084530720536,-0.7313210527005704,-0.0020096886601832,-0.0148644425941872,0.0294904804429592,SPY
2016-10-26,-0.22517654488827965,0.012639224176928478,0.014109019843726768,-0.6735806280829677,0.23632472212095573,0.25213981368585403,-0.3103728224348624,-1.0241410730288572,-0.22021496907197244,-0.01756076888746522,-0.0026703026313912,-0.0188914568899685,0.0320439972617085,SPY
2016-10-27,-0.2885546614925379,-0.4455103559556605,-0.20169366054716395,-0.7479109333792966,0.23655433229367895,0.2510556168601945,-0.4111908381285733,-0.9848810391951183,-0.19273713484475802,0.6961995149256399,-0.0029597726454237,-0.0208090613411329,0.0384228846982912,SPY
2016-10-28,-0.3163258941675605,-0.3952708934073069,-0.238713044545025,-0.8185664131186957,0.23572206220167766,0.24835588147465837,-0.5015529658750352,-1.531707213392957,1.3810044880899608,1.4099597987387449,4.704503386676606e-05,-0.0189514445021492,0.0366767478079586,SPY
2016-10-31,-0.027857212317937606,-0.46488261919068474,-0.3969817907936376,-0.8207369952341964,0.2359660214200985,0.24603666518637146,-0.46679523647184235,-0.8104698622604779,-0.6295563664758519,-1.4450813365136754,-0.0072717236910557,0.0028189090097541,0.0385780959706094,SPY
2016-11-01,-0.7300067245353955,-0.2657852094136543,-0.5907570575718742,-0.7929102176166818,0.2320913974583304,0.2434015462513117,-0.7441706960116906,-1.39171594017801,0.9003308831868798,-0.7313210527005704,-0.0060367029559644,0.0145844404265211,0.0434478045883546,SPY
2016-11-02,-0.61152105579581,-0.581717651642823,-0.7715789528856591,-0.8006473714255931,0.22557639643887725,0.23917241484340462,-0.9445150382444084,-1.5203787528210893,0.38483293358217996,-0.01756076888746522,-0.0045879070825556,0.0311674103661427,0.0458023245708538,SPY
2016-11-03,-0.4725261846568217,-1.0274679257052346,-0.9575394789672564,-0.7952733712332176,0.21825774709410678,0.23414624537458267,-1.070790653608824,-1.7513066268987891,0.0012669290315576536,0.6961995149256399,-0.0011021558064401,0.0382476971485159,0.0508910446373551,SPY
2016-11-04,-0.1381094746573118,-0.8308273037117249,-1.046091122036544,-0.7990166992203137,0.21046552835819085,0.22948624852158836,-1.0527622942307326,-1.6591862573935787,0.5079063997278628,1.4099597987387449,0.0218173985457701,0.0370423010864104,0.0579839553844845,SPY
2016-11-07,2.0607513602048244,-0.46927785295358737,-0.9603096027115868,-0.3402858939856754,0.20796869264061768,0.22732500901628097,-0.07778196552920393,-0.5850207127524015,0.5060539921781153,-1.4450813365136754,0.0044938077257112,0.0160097943680233,0.0393288750400104,SPY
2016-11-08,0.3987572049942363,1.4654131040356573,0.04500751183082165,-0.4480390847675525,0.20788264924957664,0.22781331130623675,0.11234461804623914,-0.4920785115069356,0.40705586445458053,-0.7313210527005704,0.0105462669836571,0.0192888101212647,0.047831049038538,SPY
2016-11-09,0.9794192637926269,1.8754238872352682,0.588319318343061,-0.3637859393796271,0.21167115349559093,0.22973040603146422,0.5505915713841067,0.04754649394736153,3.672894805541135,-0.01756076888746522,0.0024923796998175,0.0068622832659128,0.0397306241168031,SPY
2016-11-10,0.20674379878641827,1.0495990846295367,1.3540920689384364,-0.3745061319479653,0.2170524781386922,0.23253786096072102,0.6205514873406085,0.11910766445690364,1.6557434163219598,0.6961995149256399,-0.0023075518685455,0.009497566544864,0.0432603946923064,SPY
2016-11-11,-0.25375300553621893,0.9029564076893457,1.6810474155429982,-0.36665402854555895,0.2226203912589973,0.23490735994786197,0.4837106317411492,-0.14734956464601767,0.07840633689547542,1.4099597987387449,0.0007848918273829,0.0095649243595818,0.0444198418879935,SPY
2016-11-14,0.04293048239283592,-0.03883034707018525,1.6253843189206072,-0.381878733301592,0.22841781278574447,0.23793019031557566,0.47476165930716896,0.0486836841986456,-0.06035202248323165,-1.4450813365136754,0.0077728234789526,0.0163033461649231,0.0502864247996841,SPY
2016-11-15,0.7133400806426534,-0.16393631601697592,0.6541396878142852,-0.36714926969952866,0.23885045946248556,0.24121152467458484,0.7728718331631905,0.41396445594667985,-0.13715537781089163,-0.7313210527005704,-0.0018802598716947,0.0104816724893606,0.0342250916218125,SPY
2016-11-16,-0.21275937963551922,0.5746429415903024,0.8055589403213865,-0.36313979277779634,0.2505171240691762,0.24378918130518232,0.6516559101660689,0.45361730286238355,-0.7241209391424418,-0.01756076888746522,0.0051276629787686,0.0129057605196214,0.0402141085317353,SPY
2016-11-17,0.45956813829168675,0.3793698792827448,0.23172351246875272,-0.3561997415618281,0.2651687718044157,0.24745827801603537,0.8270568407195662,0.7538021668488952,-0.6296610358805288,0.6961995149256399,-0.0022401940538276,0.0114866823460442,0.0331286358616411,SPY
2016-11-18,-0.24729081790250487,0.1855615525954984,0.35341631734436174,-0.34764222128076305,0.27944724258524845,0.25070370161720534,0.6800705261255294,0.6283171442731385,-0.269343364522287,1.4099597987387449,0.0075233136327241,0.0090209668641154,0.0375436857827153,SPY
2016-11-21,0.6894025546177892,0.15918952656838706,0.35652678424132583,-0.32327980831039055,0.2894924395865983,0.25448055606116976,0.9613684459427856,1.1973430443421884,-0.561033404852444,-1.4450813365136754,0.0019511498033901,0.0034460464279089,0.0338708256796929,SPY
2016-11-22,0.15481917566232442,0.33471651048411766,0.6676953999558767,-0.3401761964359558,0.2987770099581507,0.25908307787990487,0.9819265881331385,1.6069751638388428,-0.6706542065307063,-0.7313210527005704,0.0005438281585661,-0.0009071184487918,0.0291331376964718,SPY
2016-11-23,0.019803267442501497,0.6418121817984913,0.3988606206711045,-0.34929584548581954,0.30497625564755654,0.2640804907369026,0.9337913370236999,1.9376210628505146,-0.9114053743794749,-0.01756076888746522,0.0037085848051914,-0.0051331295808232,0.0268605072257859,SPY
2016-11-25,0.32342432984168984,0.13043209700196948,0.5108007957650055,-0.361859758102281,0.3115773509411918,0.27007594515225963,1.0131704419766578,2.0508910961631024,-1.2898092366949578,1.4099597987387449,-0.0047059095357564,-0.008340901402069,0.0246150276908156,SPY
2016-11-28,-0.4838471278467956,0.25919764334102735,0.4452702303568365,-0.34607312694348435,0.31740349600090406,0.2757770102780744,0.7204862135240644,1.3745889449102073,-0.43067751791856873,-1.4450813365136754,0.0019483931965176,0.0023557630743766,0.0317989439828902,SPY
2016-11-29,0.15455471175539565,-0.12544551083159555,0.3314077718432498,-0.3487202075376269,0.32360284345659107,0.28177964429903923,0.7211836516677106,1.3193684837385977,-0.5726050476929515,-0.7313210527005704,-0.0024020150733106,0.0035696880791551,0.0215516914982307,SPY
2016-11-30,-0.2628156355551796,-0.25441303106421337,0.07396762859218882,-0.40269927192949945,0.3266163465855409,0.28850748213544514,0.5182228041477165,0.7719940327835664,0.35892182956896235,-0.01756076888746522,-0.0036821829734652,0.0189676848767046,0.0237308537393836,SPY
2016-12-01,-0.385632642135685,-0.0856089336948504,-0.12705396485962567,-0.4304282013114907,0.32905591332817824,0.295565594559636,0.255219638814689,0.337019109262081,-0.3969187030995951,0.6961995149256399,0.0005008129839456,0.025095709912092,0.0237512095312206,SPY
2016-12-02,0.015676468931314382,-0.4981557510670143,-0.3222038192225774,-0.4691382000813041,0.33004604836441825,0.30339202662231,0.16698428105032678,0.557525515145849,-0.48987516067465,1.4099597987387449,0.0059907549406892,0.0306170472034672,0.0308712375498911,SPY
2016-12-05,0.5423716292665677,-0.2854683741012312,-0.4703331506862142,-0.472553432058488,0.3336336150875329,0.3123313739330786,0.3053829498665727,0.7707599038960531,-0.6394984092386241,-1.4450813365136754,0.003162318201296,0.0234781875899194,0.0308124057326342,SPY
2016-12-06,0.27101649405918865,0.42325834065255474,0.023620236924551796,-0.8599355147751732,0.3358578189368621,0.31847042046060436,0.35878758327207066,0.5901279993610574,-0.8084412608750181,-0.7313210527005704,0.0129959817242388,0.0269673441276969,0.0268550911726288,SPY
2016-12-07,1.2144404913816402,0.6182642288049658,0.07967718530655848,-0.7282756044600206,0.3416265932553555,0.3260024250443459,0.8301046896300112,1.1899909500851367,0.4962606338784725,-0.01756076888746522,0.0024458420619222,0.0056828527045391,0.0174305404282923,SPY
2016-12-08,0.20227906148208663,1.1315303542026451,0.7907299342562636,-0.8082602284576708,0.34801245286353405,0.33229943562505476,0.8502461596995563,1.1228566148493178,0.2281845995837156,0.6961995149256399,0.0060221502753208,0.007345767680845,0.011678232631179,SPY
2016-12-09,0.5453836412218594,1.0790348471535587,1.0737114872682938,-0.7899893295746143,0.35517318638092615,0.339185224784846,1.0224558411550724,1.4565848193835165,-0.05964301938689278,1.4099597987387449,-0.0011481046728585,-0.0006341922858013,0.0056560823558582,SPY
2016-12-12,-0.1425177262847693,0.5680690272648622,1.328677253953974,-0.800723113596146,0.36345337443682346,0.34624338812822675,0.8712657384342808,1.1788645529478814,0.3467593480195115,-1.4450813365136754,0.0066514747390735,0.0026887682543037,0.0096263301198371,SPY
2016-12-13,0.6057598987398414,0.30474405971657625,0.9990171157347592,-0.7820929540066662,0.3732832594280067,0.35426368227212574,1.0562274280414823,1.301305113346279,0.5637195394452811,-0.7313210527005704,-0.0082885096989189,-0.0001122529550681,0.0004619571812982,SPY
2016-12-14,-0.8275553459339007,0.3508540486018611,1.160140304700311,-0.6974133295905082,0.38117587060065994,0.35972060261786243,0.609277698882346,0.6559047869865968,1.3834305451451352,-0.01756076888746522,0.0041087570382281,0.0053897185640199,0.0110431620270512,SPY
2016-12-15,0.36181613436379084,-0.1723164546147442,0.17725945757340897,-0.7069824523770928,0.39156539381559863,0.3661396919535099,0.7025859266828408,0.6707619149602702,0.9000704032244665,0.6961995149256399,-0.0019578096913255,-0.0004478407863279,0.003405090882345,SPY
2016-12-16,-0.22019936989520522,-0.3586188974361265,0.2540499830370926,-0.7032018076049761,0.40116047855369913,0.37143605136743796,0.5418069393865582,0.8517950407868904,1.65895438748604,1.4099597987387449,0.0021748558672465,0.0029730741752187,0.0075699771145956,SPY
2016-12-19,0.17628113320198188,0.10522530980394383,-0.11445070866947146,-0.7203673124032998,0.40956858682549235,0.37743813800712456,0.555128466346292,0.859720406798876,-0.06730182056684761,-1.4450813365136754,0.0038504535297017,0.0032762250642903,0.0016837307471444,SPY
2016-12-20,0.33703496018919754,-0.03646974042093982,0.03899783777191257,-0.7521196472458525,0.41822813413739923,0.3828838688611409,0.650815396192357,1.130217043981344,-0.08040764876675902,-0.7313210527005704,-0.0027865381798308,-0.0088730877535532,0.0015005163683694,SPY
2016-12-21,-0.29970609101664253,0.38909603365895923,-0.0903484568777401,-0.7310816407421501,0.42181671852332975,0.38756586280365957,0.46234131114385885,1.1886382966058342,-0.6457564196810396,-0.01756076888746522,-0.0017288023121198,-0.00630940240588,0.0016816301145903,SPY
2016-12-22,-0.19822881369277737,0.025579536934753195,0.16372303207809016,-0.7211537959039118,0.42405310888487296,0.3918800419865129,0.3265057715574235,1.048771403809703,-0.927381557596739,0.6961995149256399,0.0014631052702211,-0.0082424272753884,0.0098018939809056,SPY
2016-12-23,0.10799706066119209,-0.3832070901104612,-0.1058453200781095,-0.7275375158262173,0.4248142443460781,0.3958437825828499,0.33677625977467335,0.9338101630212481,-1.3741045565855174,1.4099597987387449,0.0024780067563181,-0.0020846915429935,0.0169570809497958,SPY
2016-12-27,0.20536488442984535,-0.07183986456225605,0.05212659141871552,-0.7682148340010602,0.4267567082449649,0.40095872965719287,0.37621735618755475,0.9165451844771153,-1.1775720007869606,-0.7313210527005704,-0.0082988592881418,0.0013692248241206,0.0134330863162039,SPY
2016-12-28,-0.8285482669152353,0.23638892767548117,0.06612557296514712,-0.6677500003023504,0.4238330901841856,0.40441430947997625,-0.036212847187382186,-0.17083305175744803,-0.6273765953493964,-0.01756076888746522,-0.0002228528321577,0.0088730877535532,0.0201607170633515,SPY
2016-12-29,-0.05375072830407355,-0.4788606823594983,-0.49490859209925425,-0.6788249239970269,0.42353511851183695,0.4082143194250084,-0.09743008822295407,-0.31618446130268174,-0.9792781403361424,0.6961995149256399,-0.0036618271816282,0.0126673715656133,0.0141626974112512,SPY
2016-12-30,-0.38367974406685024,-0.676750026852321,-0.3765220553391468,-0.6790317049755683,0.42071888931965074,0.4120036490702083,-0.3083604801698441,-0.9105487944861995,0.5104904813026672,1.4099597987387449,0.0076208410026161,0.0130227330120504,0.0177365304283227,SPY
2017-01-03,0.6987591551296116,-0.33699921275391637,-0.46578578654545766,-0.6396721622251714,0.42100760026037876,0.4169490479759356,-0.042144578704833624,-0.3760877406715147,0.059176642661527584,-0.7313210527005704,0.0059319231234322,0.0054018920094343,0.0105112150425403,SPY
2017-01-04,0.536727410499386,0.23770057467253136,-0.18143224514700582,-0.6401955753060061,0.42252343446548113,0.421914534501611,0.15114842326219113,-0.4149459619331983,-0.2522152976418956,-0.01756076888746522,-0.0007949963587092,0.0022921119771224,0.0052380248643491,SPY
2017-01-05,-0.10864114951912128,0.9406252906395574,-0.021936386057744017,-0.6381414198842857,0.42252343446548113,0.42624737556712716,0.05762062098016442,0.07601523558575558,-0.2749131801087153,0.6961995149256399,0.0035714309799024,0.0005742101363663,0.0129023568587376,SPY
2017-01-06,0.310266038448017,0.32400510575586217,0.32457897135316116,-0.7841830197486982,0.4246020616490681,0.4290829888077423,0.17634451219175484,0.04855459567011364,-0.4264099915099794,1.4099597987387449,-0.0033064657351911,-0.0007045256967019,0.0075413707926585,SPY
2017-01-09,-0.349587005840675,0.15105415156458382,0.49979240790161267,-0.7687745946843334,0.4261609684328318,0.4309819817613831,0.00542849159444039,-0.05291559637112405,-1.0316171940244052,-1.4450813365136754,0.0,-0.0009273740679889,0.0108917194961382,SPY
2017-01-10,-0.03237062827946651,-0.03295875704657277,0.5162023823081574,-0.8050962822145565,0.42724353269428034,0.43190448470328713,-0.006986367684457351,-0.1785834966799401,-0.5895611361845146,-0.7313210527005704,0.0028221430911203,0.001279702472936,0.0122013168563857,SPY
2017-01-11,0.23838070562868072,-0.294634017222932,0.16428518064455017,-0.8007938791432667,0.4284415762437046,0.4334758508669538,0.09573446114753607,-0.241805630790726,-0.3077980637495742,-0.01756076888746522,-0.0025128981994653,-0.0052538311183889,0.0152940331208704,SPY
2017-01-12,-0.27345356330900333,0.1544031665190294,0.020680939802249065,-0.8412810250405529,0.4315162154662895,0.4335514149430028,-0.015578882498780196,-0.22229761853660965,-0.3789701204240799,0.6961995149256399,0.002292695146834,0.000926306232003,0.0217453392716153,SPY
2017-01-13,0.1875864218088843,-0.029714430556795082,-0.05864878356084326,-0.9327227421545012,0.43541358419198134,0.43535238845837204,0.06078435956820569,0.04769909577079931,-0.608026523236988,1.4099597987387449,-0.003529314106478,-0.0039718133484409,0.0248807452731503,SPY
2017-01-17,-0.3709666778973582,-0.06850656439630051,-0.1176985834301572,-0.9312017461278068,0.43933998174948224,0.4359078658880357,-0.1013736923624178,-0.2984110590167097,-0.6418817715808195,-0.7313210527005704,0.002207076540925,0.0059489623122326,0.0323972741250591,SPY
2017-01-18,0.17937232670146172,-0.1429783653107359,-0.12798933417429317,-0.9329393172775224,0.4415196374090676,0.43714292354005474,-0.02129685220047103,-0.31485897968064924,-0.7912752363692752,-0.01756076888746522,-0.0037113905002046,0.0123601780104189,0.03539712267834,SPY
2017-01-19,-0.3884347597355092,-0.14925155695388315,-0.026070372753492714,-0.9167009356918467,0.44055239978617394,0.4374174161566062,-0.18733991969193878,0.02918036747816775,-0.4855981019820538,0.6961995149256399,0.0036672391509267,0.0150255806333499,0.0382566774752479,SPY
2017-01-20,0.31945770211161656,-0.16259211651348113,-0.3277776065935558,-0.9185440030823204,0.44104314223732877,0.4376629612143752,-0.0302136439703915,0.2525636357774076,1.0367410142138875,1.4099597987387449,-0.00260542443361,0.0097871129414288,0.0361644156706884,SPY
2017-01-23,-0.2823303638493439,-0.055607428016877465,-0.042389597383016744,-0.9199212900166424,0.43951300986966985,0.43793740291173855,-0.1479132130186205,0.338159060441683,-0.3057724586722176,-1.4450813365136754,0.0063914615541955,0.0061716648907808,0.0447078029648357,SPY
2017-01-24,0.5808147012900983,0.02542562563891064,-0.26857625257918366,-0.8756665633621594,0.4411586469668762,0.43954080997490197,0.11072381122413208,0.278512483424957,0.19403358756611638,-0.7313210527005704,0.0086182922391113,-0.0003077908279713,0.0374277200885426,SPY
2017-01-25,0.7944528333272683,0.22502674075638968,0.1895479370789057,-0.7982017728934182,0.4456479392691424,0.4423287119356944,0.45343059643873196,0.4179409758620351,-0.08471982528895018,-0.01756076888746522,-0.0010459878772737,-0.0085305574502489,0.0294862177051031,SPY
2017-01-26,-0.1327208245238332,1.0473775007199422,0.48560674305491186,-0.7978366109112224,0.4488669594036621,0.44453880840257054,0.3772124136703883,0.3956062707067194,-0.6675437946239087,0.6961995149256399,-0.0015712285409943,-0.0068258366277342,0.0318004372317251,SPY
2017-01-27,-0.18311146941090742,0.5024428440010743,0.6086904069243873,-0.8951358405099995,0.45238898864146493,0.4478394793234936,0.2632645172610002,0.07943867110465325,-0.6730386204422032,1.4099597987387449,-0.006220872484258,0.0016147275489393,0.0349332890859273,SPY
2017-01-30,-0.6291899492008328,-0.24413339286614857,0.36678706705504144,-0.8325656835581272,0.45311076599328487,0.4501506885693552,-0.04123821401192961,-0.14393014664701836,-0.15305574933221755,-1.4450813365136754,-8.799416455662623e-05,0.0060460449470207,0.0384511723617677,SPY
2017-01-31,-0.04081263021225369,-0.6232921344281332,0.19983195536757592,-0.8564283299046351,0.4549583073930657,0.453039703309133,-0.08367788458721936,-0.15017729452200007,-0.2395407223367163,-0.7313210527005704,0.0003955256168337,0.0061779220798658,0.052439682913417,SPY
2017-02-01,0.005575388238801557,-0.5146170001357471,-0.09937805623924442,-0.9192466185502095,0.45621417963197497,0.45475868420087734,-0.08929798167609299,-0.2980140037969328,-0.15319423176813374,-0.01756076888746522,0.0006587329452409,0.0070919938232796,0.0457268001050401,SPY
2017-02-02,0.030827026075620014,-0.029839972586735323,-0.47909113759751926,-0.9623705720516453,0.4588990794378341,0.45561812372756116,-0.07192594868625703,-0.06720592067805943,-0.3773880885759442,0.6961995149256399,0.0068693356356792,0.0123481202336437,0.0456975876997374,SPY
2017-02-03,0.6266610814431616,0.02487199352337767,-0.4003700907640906,-0.9070101242492518,0.46265219445944306,0.4577415557352491,0.2013519617535928,0.19057972261293368,-0.08810469500766982,1.4099597987387449,-0.0017895550861766,0.0094171925492441,0.0358458194954067,SPY
2017-02-06,-0.20405732560142376,0.4992017315322057,-0.010599496613478072,-0.9125219584798165,0.466665042473112,0.4589837929928759,0.10596236430837973,0.32832437463807745,-0.647927644018606,-1.4450813365136754,4.388296828850002e-05,0.0166348487837897,0.0346440204944462,SPY
2017-02-07,-0.028160575204076988,0.31981805837345,0.19403104454080256,-0.9317993881677922,0.468599263303194,0.4607749900240118,0.08394169393246381,0.21690584996657392,-0.7371366334660614,-0.7313210527005704,0.0013095973602474,0.0205781805609319,0.0327418196740705,SPY
2017-02-08,0.09326978778774893,-0.1802761930937017,0.20012090149206763,-0.931516871741531,0.4681228953393071,0.4627828736627135,0.11466657850465005,0.6242219085058347,-0.9786873680515062,-0.01756076888746522,0.005914859355605,0.0244755082948904,0.0326995133342764,SPY
2017-02-09,0.5350903432949449,0.04679568014360857,0.24233114704784461,-0.9004549991978142,0.4699560113686794,0.46531073132675027,0.34153514566948434,0.7291066198024594,-0.4271929375718306,0.6961995149256399,0.0039384079512796,0.0177088132359886,0.0302830243168052,SPY
2017-02-10,0.3454731492520642,0.47695638667427676,0.48504993586531747,-0.9041432422142288,0.4736223960768472,0.468907484600239,0.4675122302468978,1.1373545036152672,-0.4081849730897283,1.4099597987387449,0.005428101148369,0.015345382631076,0.0268492410459755,SPY
2017-02-13,0.48839163609099195,0.6695667714846584,0.34970478581977427,-0.881754436101343,0.4811573750946006,0.47303878751683265,0.6529511170913054,1.1099207685274532,-0.7863113885677316,-1.4450813365136754,0.0039872147454307,0.0158552443432444,0.0175870453352242,SPY
2017-02-14,0.3501555853276017,0.633902472989671,0.6830036151431039,-0.9057392141367983,0.49006362931453007,0.47841949456686267,0.758018950567217,0.9392792749015221,-0.1985414515413482,-0.7313210527005704,0.0052069250942059,0.0109794082757161,0.0222159761993525,SPY
2017-02-15,0.4671724031323159,0.6374784991342983,0.8650998278533126,-0.8896490476880125,0.5006010443781164,0.4843203156699973,0.9109942910372755,1.2470391001920675,0.3736423205059596,-0.01756076888746522,-0.0008518357032967,0.0064492730371821,0.0150402793216848,SPY
2017-02-16,-0.11409421404088561,0.6212731456377311,1.0450716537488822,-0.921388843768383,0.5106332152954288,0.49068335570866894,0.7871007828103673,1.3241237728358155,0.2980272462720589,0.6961995149256399,0.0015749773463671,0.008569340389827,0.0141344840605182,SPY
2017-02-17,0.11872986649903476,0.26672064488861275,0.7325974282897478,-0.9257734974275212,0.5189331460099452,0.4967141480409922,0.7763370492920821,2.155492846265049,0.015559547254697105,1.4099597987387449,0.0059379628605373,0.0085559863566677,0.0114619828475115,SPY
2017-02-21,0.537306852017715,0.0006113802238837854,0.6234583077489244,-0.9342131038429149,0.5298460023277016,0.5041822872322903,0.9414782581529517,2.226578041962189,0.438648849954204,-0.7313210527005704,-0.0008886213220975,-8.49657122872216e-05,-0.0073986594610362,SPY
2017-02-22,-0.11762336016756181,0.4980932903418592,0.6470028360916786,-0.9485465175749039,0.5404411443144914,0.5104514068273821,0.8176250603240245,2.106645960240084,-0.5636707153498208,-0.01756076888746522,0.0006767898556718,0.0147041719969029,-0.004159669565011,SPY
2017-02-23,0.03255937359577548,0.31758782175843725,0.42184519482006433,-1.019169711068286,0.5508341275830028,0.5154132271714702,0.7815097704832327,2.107115096175061,-0.12376881736756759,0.6961995149256399,0.0012682316493481,0.0077100249496879,-0.0059041308160461,SPY
2017-02-24,0.0893012358602142,-0.06789318645038286,0.2126514174199963,-1.0295969672406218,0.5596971820164189,0.5207651012308921,0.7667073329282824,2.0390684089703766,0.16896372164419993,1.4099597987387449,0.0015616233132078,0.007071313840278,-0.0078989346341344,SPY
2017-02-27,0.11744870456847553,0.09013732446840989,0.3105524456431342,-1.046564576127466,0.5677807576163816,0.5266442434894324,0.758097298388938,2.314046710987284,-0.8047587927607558,-1.4450813365136754,-0.0027029892084176,0.0025272579584187,-0.0104873301673382,SPY
2017-02-28,-0.29169055292151436,0.15496820780800835,0.3099357795850534,-1.123824203235603,0.5731215538378605,0.5330866920029017,0.5523770802185569,1.9274792326087,0.7498574148547461,-0.7313210527005704,0.0139005163870926,0.0022388930796992,-0.0005340331433973,SPY
2017-03-01,1.301219920569479,-0.13599926630009343,-0.08908837939846115,-0.9191728440696574,0.5818979033994043,0.5419342574760155,1.0556812848443256,2.085603252324816,2.5236703557840463,-0.01756076888746522,-0.0063173571915431,-0.0135199411594806,-0.0135001972293142,SPY
2017-03-02,-0.6384465185368716,0.7680593795386377,0.5938483143141209,-0.8252809729532328,0.58673350635775,0.5496262119613007,0.6712219805483456,1.3726206564278585,-0.295969717090149,0.6961995149256399,0.0006295205399382,-0.005935292947484,-0.004003570050771,SPY
2017-03-03,0.028024440435204558,0.5032381670667353,0.2708707510721188,-0.8251638254210695,0.5920744297870808,0.5573182046359759,0.5980008842667576,1.2956246764374566,0.11494735425487479,1.4099597987387449,-0.0029824325686513,-0.0030664431492883,-0.0069633679346212,SPY
2017-03-06,-0.3184998464591481,-0.4691147387140133,0.24137618134971814,-0.8228772963549629,0.5958564209910776,0.5633634452880963,0.386607742020787,0.8569203126701467,-0.8317667711464624,-1.4450813365136754,-0.0029913540871371,0.0004206140998128,-0.0057216247161173,SPY
2017-03-07,-0.319355760901657,-0.22476806835288518,0.03153957281818912,-0.8108014741797342,0.5965924965054532,0.5691920375220421,0.17877574736821739,0.43906927306385063,-0.4632647378081662,-0.7313210527005704,-0.0018583178520872,-0.0004221263754322,-0.0020933378086285,SPY
2017-03-08,-0.210654301726443,-0.49006601627286045,0.018223383549551254,-0.7990321119380667,0.5969966358510168,0.5746955743850445,0.025923993879050672,0.023203129584040905,0.02159516331685371,-0.01756076888746522,0.0012672910204534,0.010052337086214,-0.0032118218133678,SPY
2017-03-09,0.089210993615321,-0.4077032287570703,-0.7094922117540404,-0.7989972397317744,0.5976028830317186,0.5801990857884521,0.010600762024101788,0.16259298482222986,0.4744792243029656,0.6961995149256399,0.0034983703381339,0.0068162742822988,-0.001671792106527,SPY
2017-03-10,0.30325673184083346,-0.09567646055168917,-0.3592463303017903,-0.8171289796175949,0.5989742091170347,0.5853199012992943,0.0982619353014792,0.2638176454452417,0.1721763576912845,1.4099597987387449,0.0005046246804498,0.0015602729797015,-0.0061903389073174,SPY
2017-03-13,0.0160421562404421,0.2968028520117146,-0.22676782922459188,-0.8237466087952598,0.5999846465264411,0.589870129111222,0.0618876973805427,-0.04147822057658413,-0.7080502652540103,-1.4450813365136754,-0.0038340945623822,-4.187556738788345e-05,-0.0060998833130643,SPY
2017-03-14,-0.40020676683715667,0.2409230340700498,-0.0657415817640827,-0.8166843840698474,0.6006053445191217,0.5928529879157955,-0.144315851013371,-0.2727839067393151,-0.5977780022995411,-0.7313210527005704,0.008616145609559,-0.009130460453016,-0.0034563036314869,SPY
2017-03-15,0.7942468895476915,-0.2963195085897016,-0.10465787324360182,-0.7591474414158835,0.5994072246449852,0.5966447871416478,0.18507561426736316,0.16555331611032242,0.8769882987714851,-0.01756076888746522,-0.0019687717834617,-0.0153962374886473,-0.0164639088840106,SPY
2017-03-16,-0.2212510533047527,0.2980037084891252,0.37903465742130016,-0.7704176803308006,0.5997103609561217,0.5992159770352792,0.06547944151698974,-0.030106245858725574,0.2342665344856964,0.6961995149256399,-0.0017576309644633,-0.0144951371005488,-0.0210111026758408,SPY
2017-03-17,-0.20099458276428053,0.4346740868986921,0.2295988975136228,-0.7661934936117212,0.5991923960246556,0.6016291646863349,-0.0424999055634477,-0.22282618755079875,0.7333324080568647,1.4099597987387449,-0.0010975238666395,-0.0134640783048256,-0.0104325648258125,SPY
2017-03-20,-0.1376650946811367,-0.32540239205173954,-0.013114114044465712,-0.7637442133344143,0.599322377007752,0.6035865364898346,-0.11552431100041718,-0.12102339392878178,-0.937381874078779,-1.4450813365136754,-0.0129226794480103,-0.013393326658182,-0.0123239327000277,SPY
2017-03-21,-1.2721492593577597,-0.2615669080131213,-0.08709855134575033,-0.6201892761842049,0.5960699520913173,0.6023274704403385,-0.6612281814244233,-1.7374449661166196,2.5170341017847964,-0.7313210527005704,0.0023503685739276,0.0067796606053516,-0.0012413436517233,SPY
2017-03-22,0.19311950670659153,-1.0796191070489527,-0.5067936163568741,-0.6136813959857016,0.5942500402369744,0.6016190826869704,-0.550649993188103,-1.277363355048585,0.9994658897172831,-0.01756076888746522,-0.0010676713953632,0.0053636443325997,0.0045143031284062,SPY
2017-03-23,-0.1348011022620619,-0.8269953950067338,-0.7961363174932068,-0.6138738259545116,0.5916346722429774,0.6006138106038147,-0.5841706637619224,-1.3801078530045487,1.0945122037406707,0.6961995149256399,-0.0007265721687401,0.009610585714963,0.0023899997674412,SPY
2017-03-24,-0.10207665576116512,0.041609467869277925,-0.7545250665973076,-0.6162902266143566,0.5875746809993855,0.5992685256380301,-0.5986200349585924,-1.2717164771425453,1.5690022718259327,1.4099597987387449,-0.0010267722199959,0.0080068805397912,0.01405434354941,SPY
2017-03-27,-0.13087730891462965,-0.18383497552490466,-0.7069125621483893,-0.6200021968813639,0.5829935700696006,0.5974819240636753,-0.6204656757936647,-1.168020404676769,0.4566686725302783,-1.4450813365136754,0.0072503078155232,0.0072929634096396,0.0208831781153522,SPY
2017-03-28,0.6632108673839272,-0.18083833288628492,-0.7036453739874815,-0.5709900649081824,0.5821906341082528,0.5973907405264888,-0.3047256068673815,-0.511329907169256,0.6963161721324926,-0.7313210527005704,0.0009343523011757,0.0006795884144681,0.0130036219467744,SPY
2017-03-29,0.05726945151643212,0.4036198736488263,0.22790814150264568,-0.7809532733871482,0.5787474991802125,0.5950684690868796,-0.234438475421338,-0.5331191231937755,-0.677620961553675,-0.01756076888746522,0.0031792699870001,-0.0032315657435342,0.0129080078761223,SPY
2017-03-30,0.2726428179000851,0.5473095521568697,0.1625189693566955,-0.8062811147449094,0.5770701364447368,0.5943808690923029,-0.08675213870573635,-0.5545765843338851,-0.8824066109826258,0.6961995149256399,-0.002330277343912,-0.00360351500324,0.0075470989795878,SPY
2017-03-31,-0.25593324678214885,0.24902858607875866,0.3586353463284239,-0.8022129728057417,0.5751999520473139,0.5931859484907871,-0.17336354401909704,-0.7270919647192857,-0.11676708880220563,1.4099597987387449,-0.0017406893501474,-0.0022934141219845,0.0123941960102387,SPY
2017-04-03,-0.19936923474807966,0.009832360093971211,0.28457902664583695,-0.8082754474693262,0.5731123185478101,0.5922064287873214,-0.23683706896811052,-0.602867986505224,0.40678844751001164,-1.4450813365136754,0.0006369328203517,4.23555028659095e-05,0.0145117743721367,SPY
2017-04-04,0.028735561290688775,-0.350648255897203,0.25161157350301216,-0.8168533529348764,0.5756493519465924,0.5918484796204706,-0.20447894131393818,-1.2613120878484636,-0.8762790708442902,-0.7313210527005704,-0.0029768018568265,-0.0017850921982907,0.0126594955092036,SPY
2017-04-05,-0.3179596460907778,-0.13324366482405842,-0.05378259769855005,-0.8106911009271246,0.5763742840531402,0.5913006018797217,-0.3272406194993113,-1.3164743097749367,1.3985277640287515,-0.01756076888746522,0.0028073207272942,-0.0031997499844287,0.0168096758658329,SPY
2017-04-06,0.2369586746940284,-0.2238124210488657,-0.23439290384280062,-0.8027363698151213,0.5784185396751363,0.5910148433926672,-0.20123207613120322,-0.9549117104038984,-0.3636383534798097,0.6961995149256399,-0.0010201764626565,-0.012523036287015,0.0179314992492516,SPY
2017-04-07,-0.13024452381475432,-0.06479021862390856,-0.2515688746564656,-0.8183205790345306,0.5803611816650156,0.5899554187523155,-0.2322206313679431,-0.949647124261856,-0.12911363108690127,1.4099597987387449,0.000595080274703,-0.0026819529387935,0.0187851053566898,SPY
2017-04-10,0.02472030331263252,0.07856981324239344,-0.1910706913365155,-0.8181326848205025,0.5828547354200094,0.5889109007044596,-0.1929095923457783,0.2751546619479147,-0.4270129696339391,-1.4450813365136754,-0.0011905148808049,-0.0062659249543512,0.0172716695038275,SPY
2017-04-11,-0.14658648538098207,-0.08351888433066249,-0.08320890681351696,-0.8328194001082115,0.5824777931131869,0.588320543630527,-0.23731761461348155,-0.08560931698575368,0.46140800627380707,-0.7313210527005704,-0.0043914596429646,-0.0069155004732524,0.0202562064390257,SPY
2017-04-12,-0.4536793705177877,-0.09599941388249779,-0.16759726775122155,-0.9210261507554477,0.5802886986309894,0.5855024338610317,-0.3925693274205286,-0.45324312469461764,0.1722292028350424,-0.01756076888746522,-0.0065159655752919,0.0055819745237695,0.0226031769293406,SPY
2017-04-13,-0.6575006497729964,-0.46135832398837234,-0.23292370734475434,-0.8807968023273934,0.5748086352532235,0.5819211854805051,-0.6294684022574916,-0.9317585602183145,0.6412538316313715,0.6961995149256399,0.0088209068855649,0.0089059653427332,0.0274465083856894,SPY
2017-04-17,0.8138913182039735,-0.8515488957446736,-0.6634568761628011,-0.7692370064637402,0.573112445755662,0.5801367352418736,-0.22368248861448162,-0.17537529435284432,-0.4633913278563224,-1.4450813365136754,-0.0029888917408547,0.0110228300703969,0.0241341183044747,SPY
2017-04-18,-0.3191195278266576,0.1165082971155562,-0.20901273908454931,-0.7628596320614159,0.5709957325412095,0.5780330726092039,-0.32701424489768166,-0.9224145687057359,0.2529051077333289,-0.7313210527005704,-0.001840090399706,0.0198137841571979,0.0262068092508656,SPY
2017-04-19,-0.20890559271821263,0.37493355256115685,-0.37451434213895957,-0.9620805984373534,0.5680383280749584,0.5778227381704302,-0.40434655748660747,-1.1178757965071393,-0.43505139957699207,-0.01756076888746522,0.0081060153540573,0.0210246262038493,0.0101435212920009,SPY
2017-04-20,0.7453059100564069,-0.40618730741384396,-0.4045106114224183,-0.8806976692567645,0.5688501431443697,0.5785916561093798,-0.06061795535130185,-0.7218183929757225,0.707064721305213,0.6961995149256399,-0.0031919747563282,0.0137573490803157,0.0060580077456764,SPY
2017-04-21,-0.33860294718499767,0.40672570057404833,0.172601078390171,-0.8680313673377767,0.5676177534749253,0.5789978766671304,-0.20538212049135107,-0.7724381268445352,1.5027104871954204,1.4099597987387449,0.0109377716132286,0.0147676849271096,0.0157330379093663,SPY
2017-04-24,1.0169795140227524,0.30767445396221216,0.3260972013198668,-0.737620991769958,0.5704737478416233,0.5813988946320842,0.24354953940883686,-0.026895922439177447,1.8171673576980116,-1.4450813365136754,0.0058020623459462,0.0063467330006199,0.0098598777552245,SPY
2017-04-25,0.5242688009989279,0.515154469688271,0.4238503378836754,-0.7149447381962964,0.5751275453379981,0.5849751020129286,0.45365073656001725,0.19725063090979847,-0.1267139075209695,-0.7313210527005704,-0.0006292483530545,0.0009215596664242,0.0062680235583973,SPY
2017-04-26,-0.09273958387391133,1.1741387849438398,0.8298013295285938,-0.757963972509733,0.5799697376630737,0.5872093087156603,0.3968054201518947,0.3442764469152338,0.23583423684169144,-0.01756076888746522,0.0008387382305237,0.0003354619768973,0.0092274778671743,SPY
2017-04-27,0.0480964094935557,0.3266345279177139,0.8857159122587566,-0.7580157326764715,0.5865951805395675,0.5894290543687971,0.4051601870095934,0.2669044908558972,-0.9883349582272668,0.6961995149256399,-0.0021816389095343,0.0006701022461763,0.0131569125978003,SPY
2017-04-28,-0.24167314264199863,-0.03702338302931498,0.5501256764632643,-0.7578630461834958,0.5946703858628739,0.5907275446001543,0.2919344368613823,0.18964624143220188,-0.6954974838665595,1.4099597987387449,0.0025168196867388,0.0067808852664237,0.0151318727032085,SPY
2017-05-01,0.20908852718819923,-0.1507655230981257,0.5967812311221379,-0.7623269814569825,0.600628852530158,0.5928601929809986,0.3755785584925957,0.267996898204511,-0.541835979821199,-1.4450813365136754,0.0003768890117505,0.0040974952244665,0.0117456196862022,SPY
2017-05-02,0.003787425856003772,-0.02781413355056394,0.20791629662255864,-0.7688840291260696,0.6077326732545982,0.5953555132834483,0.3599908615873909,0.35883542380651384,-0.9425697116657268,-0.7313210527005704,-0.0012153460425814,0.0028022506345566,0.0111203276148659,SPY
2017-05-03,-0.14896874239503285,0.15964670868276462,-0.0426087855376352,-0.7647777451869159,0.6150393650612888,0.5975316975706417,0.27822931869786033,0.5755382661490718,-0.25432063435900265,-0.01756076888746522,0.0011733784998027,0.0058116187315313,0.0202565047117557,SPY
2017-05-04,0.08020119524015788,-0.1138054296161096,-0.06967375890855419,-0.7804403454285327,0.6199974946226081,0.6004187137322626,0.29282506123539304,1.141849542184281,-0.7838157864771796,0.6961995149256399,0.0039291441107129,0.0025937510790789,0.0224060063063067,SPY
2017-05-05,0.3445843930446138,-0.05544742264730263,-0.0542206524747374,-0.7739488002192896,0.6274056728535631,0.603508795618468,0.4266965427826537,0.9916463028834818,-0.7753341300445914,1.4099597987387449,-0.0001665703552182,-0.0030080271505772,0.0177394060077231,SPY
2017-05-08,-0.04835108866320228,0.321484346974857,0.22796469422397025,-0.7769294326120565,0.6310156281586169,0.6067440608414898,0.3776090915835047,1.2836470441281282,-1.3587698237722172,-1.4450813365136754,-0.0009183555781593,0.0026670600089913,0.0147039613618122,SPY
2017-05-09,-0.12047601123151015,0.22330760290959983,0.10405040258432112,-0.7732136511983366,0.6323058719591161,0.6097181870051998,0.2987680320786356,1.3846465871903249,-1.1994545007688073,-0.7313210527005704,0.0017940220543932,0.0026692147926867,0.0174709508409316,SPY
2017-05-10,0.13974462194151815,-0.13186396541373493,0.04423825699638091,-0.777602245670997,0.6344369851024069,0.6132073098435475,0.3331872845346346,1.1751867724528053,-1.0682635721263944,-0.01756076888746522,-0.0020444891526496,-0.0170281856202771,0.0161694363808591,SPY
2017-05-11,-0.22851524156371925,0.011786725799932224,0.18320564905973963,-0.8012221457471002,0.6355678374644452,0.6170882049198493,0.19325586464165154,1.3232358641539967,-0.7024591237688976,0.6961995149256399,-0.0016726341189432,-0.0109631946598947,0.0166947970093103,SPY
2017-05-12,-0.19284013823063484,-0.07072398146455748,0.0346101096453694,-0.8650551528456221,0.6368725320769227,0.6217814774626674,0.05980682846326182,0.46071562373570074,-1.0386328266976939,1.4099597987387449,0.0055085168043502,-0.0028075051335898,0.0181620092518173,SPY
2017-05-15,0.49610656953732035,-0.3247224938828563,-0.22407027986071745,-0.9164833916962147,0.6392211960885756,0.6259379853776729,0.24921134717198204,0.4392940791423431,-0.6707735297836193,-1.4450813365136754,-0.0009162007944638,-0.0032514104788532,0.0175313212348902,SPY
2017-05-16,-0.120269285158096,0.22867887661361405,0.037995388706154036,-0.9348717509042089,0.6411203838762377,0.6304426787050945,0.1514172948369779,0.393660774209679,-1.099730621448931,-0.7313210527005704,-0.0179033783585707,-0.0001250015352702,0.0171792270222592,SPY
2017-05-17,-1.74998855746853,0.2841020075947494,0.03809489287479045,-0.5488825391534177,0.637264052403577,0.6321690810685938,-0.6509528274050186,-1.2913277364471416,3.472148857476803,-0.01756076888746522,0.0040205018077328,0.0201085827790228,0.0331565889649292,SPY
2017-05-18,0.35334908623424766,-1.4312646878429414,-0.8714968478528036,-0.5925506132412273,0.6343791055297813,0.6332064067810446,-0.4899169133446471,-0.8320451379172779,1.0285242847594271,0.6961995149256399,0.0064830554073616,0.0208562539324397,0.0293543347751006,SPY
2017-05-19,0.5896020508757864,-1.0695573091724357,-0.5914260989472492,-0.5722212653699712,0.6323640313890169,0.6359048691868618,-0.2418950605503085,-0.5514663093359713,1.2746594774794586,1.4099597987387449,0.0050646114590868,0.0141665197209519,0.0311619253451063,SPY
2017-05-22,0.45351908886095554,0.7172128780112598,-0.21481052138184045,-0.65722538435093,0.6321610585404855,0.6376095672461729,-0.042033492862757205,-0.27185834354426053,-0.6589084616001357,-1.4450813365136754,0.002210208149119,0.0082324749315976,0.0193301225718958,SPY
2017-05-23,0.1796727675609174,0.7937137725289447,-0.23530929925359845,-0.6840610465066059,0.6330453566439234,0.638697608470581,0.041118145956887064,-0.08065419325118557,-1.102491059466883,-0.7313210527005704,0.0023302059557224,0.0057738637228927,0.0168732468061376,SPY
2017-05-24,0.1911851413686626,0.4806464266145614,-0.09093716416980499,-0.6811854091019585,0.634118227667055,0.6403007354782075,0.12317557732774284,-0.023577073727842037,-1.1123093257571277,-0.01756076888746522,0.0047681729611497,0.0113644888214787,0.0140902273126268,SPY
2017-05-25,0.42507931236956004,0.28029920569749867,0.8434146178797473,-0.6628770270768923,0.6375685880010836,0.6425929645964773,0.30416547995552345,0.017660085087269656,-0.4889944998606773,0.6961995149256399,-0.0002066788041261,0.0099191959546827,0.0105156938786992,SPY
2017-05-26,-0.052199021135857254,0.46771878946567536,0.8779407731931507,-0.6706344153844421,0.6415265076642915,0.6452261358725678,0.26156109533778116,0.015012681905993835,-1.119772485896616,1.4099597987387449,-0.0008694333302674,0.0093884185709383,0.0113802487835812,SPY
2017-05-30,-0.11578249873166777,0.28184372053491186,0.5690204660023934,-0.6717005806473024,0.6432661259224999,0.6472717251705125,0.19727316875329096,0.017632294416049268,-1.4813267477697063,-0.7313210527005704,-0.0002484030595857,0.0070558369000766,0.0041606864229004,SPY
2017-05-31,-0.05620197118383887,-0.13121818696939178,0.29499658384828453,-0.6710421886249316,0.645237822185759,0.6492085383515687,0.16179592771915555,-0.08410450157731494,0.563486594341973,-0.01756076888746522,0.0079208310543084,0.0091528738606223,0.0133195711117473,SPY
2017-06-01,0.7275396613025362,-0.13427528242061842,0.18146218833351266,-0.623472679150741,0.6561690218757623,0.6527484785402519,0.4666742198799232,0.38944097759626617,-0.2749387262322601,0.6961995149256399,0.0033228800943536,0.0017245504006346,-0.0034288879542545,SPY
2017-06-02,0.28642051338653796,0.5097788048056985,0.4396275456174826,-0.6184501177958049,0.666897223275665,0.6566728840633085,0.5640925722559298,0.6151919113409707,0.4398052535909526,1.4099597987387449,-0.0007374561878705,-0.0031174582179174,-0.0048890492056576,SPY
2017-06-05,-0.1031208489869125,0.7714432339181098,0.3728864312060128,-0.6239164314501758,0.6751318709205734,0.6597848739304575,0.4917369796096482,0.36982928855845987,-1.126932200870559,-1.4450813365136754,-0.0032020150011291,-0.002585423906483,-0.0024572916559435,SPY
2017-06-06,-0.3395661902186913,0.13705898303143646,0.34837605347610895,-0.6089999184088425,0.6804814699254048,0.6623600100612136,0.3173538548093567,0.2174171497403968,-0.8949269932435491,-0.7313210527005704,0.00184863390096,0.0054944198820692,0.0030540556441502,SPY
2017-06-07,0.14498398430825007,-0.34101370865489317,0.24066148313148714,-0.6108372397687749,0.6857151571355643,0.6654211698482303,0.3602952844888154,1.842027559581677,-0.7566573042876898,-0.01756076888746522,0.0004925075943207,0.0023774909740144,-0.0079811676462426,SPY
2017-06-08,0.014879664783911666,-0.15153341332163583,0.3374990078465497,-0.6116081869683284,0.6903109732930324,0.6682575214170815,0.346179998653157,1.7770268500006696,-0.33847523811628544,0.6961995149256399,-0.0015191285241984,-4.1033036207061e-05,-0.0020092834123532,SPY
2017-06-09,-0.17811308747608953,0.1191606493193799,-0.005528068061949453,-0.614292894682342,0.6927030660653316,0.6711808175006596,0.2422094848001711,1.3953284482274835,1.9470869854677297,1.4099597987387449,-0.0002054218764362,0.0016963431058956,0.0005829404464536,SPY
2017-06-12,-0.05207843375326234,-0.12759201474570417,-0.22912361649117663,-0.6195261267794387,0.6950951079544888,0.674358047578346,0.1931482015579438,1.1616254520608007,0.345651811425926,-1.4450813365136754,0.0048778287874231,0.0101924109596991,4.528440445472626e-05,SPY
2017-06-13,0.43559949517947466,-0.1787286254971883,-0.20455519602357408,-0.6248964912271071,0.699516852887385,0.677440911669552,0.3695811707606128,1.2810811548168588,-0.5369097464741363,-0.7313210527005704,-0.0012682950070947,-0.0014526091418476,0.0026543804505765,SPY
2017-06-14,-0.1540485708474379,0.2899701897047129,0.16855795710089963,-0.6235276102662728,0.7035761826501465,0.6804585610098137,0.2755326782589436,0.9915136894858668,0.08834944082578963,-0.01756076888746522,-0.0019260164159007,-0.0004309817513918,0.0056013584175111,SPY
2017-06-15,-0.2171491802157172,0.2120945133820666,0.024623593592921784,-1.0710209480988901,0.7041706503837599,0.686225477376431,0.11832842622025376,0.42481603729329115,-0.30835091382577073,0.6961995149256399,0.0002182476179042,0.0010422211267204,0.0121807481734999,SPY
2017-06-16,-0.011432344230098684,-0.28641658029391537,-0.08705964471912374,-1.0782767334133334,0.7036679503945251,0.6913418501880587,0.06396993453574046,0.4694544417297336,0.3559096410724338,1.4099597987387449,0.0082906459773672,0.0020176130360383,0.0118403128898405,SPY
2017-06-19,0.7630190400882382,-0.17749905386015746,-0.006830631942712988,-1.0426896731022952,0.7063690055975781,0.6968135752879128,0.3608145344957119,1.0541049650410745,-0.3324035577604181,-1.4450813365136754,-0.0067671913141236,-0.0056151568405731,0.0040790627007991,SPY
2017-06-20,-0.6816027954490119,0.5710658224980268,0.38550302561926375,-0.9657204122107532,0.707797015501712,0.7002047805263669,0.020406816137701643,0.35400437609480356,-0.6103020117899229,-0.7313210527005704,-0.000246667616639,-0.0069369612173977,0.0162454154116744,SPY
2017-06-21,-0.05603547590788389,0.05924953365729357,-0.15224377765953054,-0.966269824223269,0.7084852863053338,0.7031678572261257,-0.027229528453390866,-0.1767402278997076,-0.6244020599848514,-0.01756076888746522,-0.0004528135377883,0.0022201880285024,0.0169374313722983,SPY
2017-06-22,-0.07581274492961172,-0.5662710961659354,-0.105066799125445,-0.9676074463298069,0.7088393057572406,0.7056445283757096,-0.07778043879635697,-0.5099091385168593,-1.0285549115006025,0.6961995149256399,0.001193639527222,-0.0061546264454026,0.016499562010976,SPY
2017-06-23,0.08214500178114635,-0.10362280287048757,-0.037036848865356325,-0.9927579846412615,0.7101523452048046,0.7074984069281508,-0.04848621670356419,-0.32840459962158947,-0.18596533798010162,1.4099597987387449,0.0006578761007558,-0.0054855471296741,0.0150631220770165,SPY
2017-06-26,0.030744821956338254,0.0019070950120754428,0.008005055451325278,-0.9936007901134112,0.7117709633542615,0.7095051576149038,-0.044531795242386235,0.07324998164355878,-0.5673655690902176,-1.4450813365136754,-0.0080889956909482,-0.0044491218685864,0.0168330011012649,SPY
2017-06-27,-0.8084143307382523,0.08328624017175106,-0.3444630008953783,-0.8941473986023959,0.7088089794053415,0.7102355551875933,-0.4064332979243336,-0.8502479655111549,0.3741971775047317,-0.7313210527005704,0.0089104816292611,0.0059492061213264,0.0249623694886729,SPY
2017-06-28,0.8224849580575073,-0.5968433772017598,-0.4055016313141389,-0.8045262083657863,0.7094430851056147,0.7125839354412155,-0.04666567897302893,-0.20245091558691947,-0.06839434879864292,-0.01756076888746522,-0.0088276280116934,-0.0121478648973676,0.0151218435247075,SPY
2017-06-29,-0.8792773875189932,0.007816970697066881,0.017359616772119134,-0.7769527071496061,0.7076409314674011,0.711979664698967,-0.4242466237377181,-0.6653672234482457,1.254090241279364,0.6961995149256399,0.0018627188429505,0.0031441549425359,0.0227757080140325,SPY
2017-06-30,0.14633526831789,-0.04630189812422984,-0.3693747702983875,-0.7864665594607301,0.7064171919318872,0.7111158333922571,-0.3326549366803029,-0.5419178146122571,0.5381730430914807,1.4099597987387449,0.0016943013618435,0.0023545314341939,0.0203456535711357,SPY
2017-07-03,0.13017759799754175,-0.5626845949051926,-0.3384778495515374,-0.7827091644180363,0.7028479940225898,0.710681454523148,-0.2535049813891491,-0.7401170482741871,-1.1980703374389632,-1.4450813365136754,0.0023093322989646,-8.284784608481033e-05,0.0208780944976805,SPY
2017-07-05,0.1891825602704548,0.20824689498539123,-0.29061753105253585,-0.7886490954738996,0.7024984777286428,0.7112210833553254,-0.15937015499243767,-0.5226447019066093,-0.623544085997873,-0.01756076888746522,-0.0091865893894329,0.0050947446884954,0.019053605011277,SPY
2017-07-06,-0.9137154966815922,0.24096982676215836,0.18955919575941096,-0.7011545949136868,0.6990020935937867,0.7098160319917909,-0.541718923364915,-0.888706743470112,-0.22182674304149022,0.6961995149256399,0.0064643918282101,0.0159600170377682,0.0262985625435447,SPY
2017-07-07,0.5878115006493757,-0.5562624127276282,-0.6461321129846116,-0.654655501947007,0.6979386613932689,0.709461074327276,-0.2564624847815263,-0.5556915871866347,-0.47501773194717006,1.4099597987387449,0.0010730953346085,0.0141489985496461,0.0216545433197161,SPY
2017-07-10,0.07058020868200207,-0.25182525868993094,0.060026804121232756,-0.65564759022537,0.6968313933669776,0.7095640329268522,-0.21092581899146612,-0.9516343263053632,-1.207470010190363,-1.4450813365136754,-0.0007430779184351,0.0129537155492824,0.0224388843430451,SPY
2017-07-11,-0.10366018770932767,0.4998918218300794,0.023563361920021012,-0.6551093679351716,0.6952287525237217,0.7095720272394811,-0.24344102502874307,-0.6526528117934671,-0.690486812638152,-0.7313210527005704,0.0074869248335449,0.0142261892560435,0.0207181502418887,SPY
2017-07-12,0.6859114786521219,-0.02819244797098168,-0.08899058001553285,-0.6230168815807124,0.6991330667981284,0.7100435261971608,0.07842093802432915,-0.22722843459505032,-0.3511559838690797,-0.01756076888746522,0.0016786829598398,0.0121384258192502,0.0131907543263567,SPY
2017-07-13,0.12867919659141858,0.44174257591875793,0.1501016508154688,-0.6230238854761903,0.7004879067458349,0.7110387035511551,0.13985047386591304,-0.12329863638523067,-1.0395557473593544,0.6961995149256399,0.0046533733400879,0.0109050912033952,-0.0027037963931615,SPY
2017-07-14,0.4140656431362635,0.6191826304721525,0.6518410571561143,-0.611108317923097,0.7066211570016623,0.7132057860333666,0.3179830639220019,0.026250868811241505,-0.2931363552043111,1.4099597987387449,-0.0001221876657551,0.0053610349641965,-0.0058815565603111,SPY
2017-07-17,-0.0440930932368275,0.41157107968313655,0.5682113687421713,-0.6107398105385627,0.7120551456954612,0.7153124019789819,0.28632152268149164,-0.0074863762958952695,-1.1997781624359904,-1.4450813365136754,0.0005293957883258,0.0052404222232143,0.0041050859950138,SPY
2017-07-18,0.018418651791256724,0.27962304760625384,0.5130152757467032,-0.6735594209278917,0.7170812042497087,0.7160413483547927,0.3006084319049176,0.525504667302008,-0.8489711995123411,-0.7313210527005704,0.0053991613967516,0.0071387815598926,0.0034539174200345,SPY
2017-07-19,0.48561520835490896,-0.02253676029469664,0.5717759014991839,-0.7041813335046943,0.7232289562006553,0.7189425200508752,0.5033199324834242,0.38983695738629726,-0.5298229629874969,-0.01756076888746522,0.0004453483439847,0.0017799928596007,-0.0002023102050259,SPY
2017-07-20,0.010355291099687325,0.3820070935796537,0.47536661200479896,-0.7052653522367216,0.7327711733554954,0.7219675781330946,0.4852533842139087,1.1968155573039372,-0.6546522915523207,0.6961995149256399,-0.0008906828991106,0.0004046001809117,-0.0163614653368622,SPY
2017-07-21,-0.11782114415945347,0.3758490194102582,0.41841336149379166,-0.7038494302144154,0.739720182124144,0.7249124512228897,0.4090533220172266,1.0368552030327127,0.6545247767131375,1.4099597987387449,-0.0002428004067374,0.0001215195576538,-0.0170348193196927,SPY
2017-07-24,-0.0556644627432235,-0.08500172972937915,0.16239847325577325,-0.7028842815783245,0.7462031776480533,0.7276022191772348,0.36482365121223104,0.9462020240945627,-0.6636563904604454,-1.4450813365136754,0.0024277551250042,-0.000203015635555,-0.0160098384886149,SPY
2017-07-25,0.2005438332747468,-0.13542171667539293,0.15682878635679945,-0.7000634627037791,0.7538224700300623,0.7306126761820914,0.4347940583317088,0.9527304834753221,-0.350825383068922,-0.7313210527005704,4.037269645973396e-05,-0.0004040284721709,-0.0080350434074167,SPY
2017-07-26,-0.028497344371809487,0.10771699669352512,0.24449172346393416,-0.792336831663926,0.7588047945248181,0.7350591434172191,0.38129698218085806,2.2119093208462886,-0.6077252230620971,-0.01756076888746522,-0.0009300443347042,4.04416439305777e-05,-0.0116673040653543,SPY
2017-07-27,-0.1215974095178752,0.12846481342889798,-0.002967831599070687,-0.8644361586763837,0.762854787231249,0.7377634742595363,0.30665161928256834,1.9200899435903067,0.2379031060967728,0.6961995149256399,-0.0011737635223685,-0.0009711458785304,-0.0130704678678972,SPY
2017-07-28,-0.14497939017177763,-0.1175578738871032,-0.06648107672604404,-0.9905140163548427,0.7648214969467128,0.7418163234361201,0.20476103006371885,1.6539755646625611,-0.5083926564037664,1.4099597987387449,-0.0005673355999462,0.0020229902482196,-0.0095634962082815,SPY
2017-07-31,-0.08679978566072305,-0.20651644896227347,-0.07955324825513276,-0.9873651381138749,0.7666278993271813,0.7454390836852435,0.13512095077836214,1.6855765606223678,0.06780658488478403,-1.4450813365136754,0.0022267422883883,0.0044477622061034,-0.0089550301490817,SPY
2017-08-01,0.18125902315379344,-0.1799411341738489,-0.09453971982647151,-0.9858791360532928,0.7690462986832577,0.7491639496375335,0.18725939674609543,1.4664338913521984,-0.32408785780607446,-0.7313210527005704,0.0004848428125612,-0.0002427921018766,-0.0100377955998816,SPY
2017-08-02,0.014144319403293264,0.06921060577810846,-0.10382214350333967,-0.9880639003814591,0.7697019279520765,0.7525680501605283,0.16671564719224066,1.4006484990327948,-0.6108384301166374,-0.01756076888746522,-0.0019416318571652,-0.0007681059964248,-0.0057960623071799,SPY
2017-08-03,-0.21864729757384493,0.14630269054586356,-0.08329728549517029,-1.15338434928969,0.7694980392070128,0.7572405222147577,0.024058068870325595,0.538112572559089,-0.8330732383888739,0.6961995149256399,0.0018203726043815,-0.013042341898938,0.0021437449844654,SPY
2017-08-04,0.14227264632872716,-0.15911001242618983,-0.1300106403624457,-1.2100660490401902,0.7702701654266231,0.7611038247113588,0.05667391704974084,0.7595291488031712,-0.13109407696934852,1.4099597987387449,0.0018574363579375,-0.0133871013303812,0.0017365283896806,SPY
2017-08-07,0.14582847620372696,-0.06125704880615471,0.008253365770743424,-1.2088180631482,0.771799712638163,0.7651129343048395,0.08920991665107836,0.8792316215967397,-1.1267470400586845,-1.4450813365136754,-0.0024638120195916,-0.0053800827987489,-0.0073288095963022,SPY
2017-08-08,-0.26874432346957905,0.21709696929162836,0.12022512345443262,-1.1890136378130405,0.7715666424118671,0.7688086617513881,-0.06397088556421385,-0.26333762655993176,-0.060577092747198254,-0.7313210527005704,-4.0471081987014657e-05,-0.0030380435658106,-0.001457072310548,SPY
2017-08-09,-0.036253351117712246,-0.09680105433820398,-0.09637652795764219,-1.2902238338545657,0.7713044415874805,0.7711703955622509,-0.09448316143835836,-0.34524684046867915,-0.028063899596008048,-0.01756076888746522,-0.0142158677596784,-0.0012546387121323,-0.0015381964433345,SPY
2017-08-10,-1.3962154208079829,-0.23585887903861677,-0.1206346112454253,-0.9168857541444508,0.7662929864946345,0.7706893237970924,-0.7063642294654883,-1.7198817827197044,1.9401996003221884,0.6961995149256399,0.0014756131729383,-0.0027525777403054,0.0115021254206846,SPY
2017-08-11,0.10919704635849098,-1.0969205265125739,-0.6874375073941066,-0.9458913942242969,0.7622283903268026,0.769639637451582,-0.6300402533992596,-1.5072494133262346,0.4899959717322544,1.4099597987387449,0.0098644548895698,-0.0057922277951849,0.0206361245845236,SPY
2017-08-14,0.9140074373938588,-0.9858385137033271,-0.7033578991617577,-0.8176071475982095,0.7618933757279741,0.7703758525415811,-0.2105031737009408,-0.73177023010873,0.46309277658713394,-1.4450813365136754,-0.0001217727866533,-0.0148745022604144,0.0141370107860776,SPY
2017-08-15,-0.04405329048175941,0.7785032108971931,-0.3336076899193157,-0.8176305447610129,0.7607132176025301,0.7709954117702402,-0.2233311897299313,-0.7438282552555313,-0.28045747131873805,-0.7313210527005704,0.0017429337716912,-0.0043501792675586,0.0147382643769029,SPY
2017-08-16,0.13484330395655655,0.6614643015831331,-0.22545638578384125,-0.849097275006665,0.7599848000008402,0.7709589918205135,-0.1467807060368146,-0.5336882506335632,-0.2106860870808806,-0.01756076888746522,-0.0157138067878515,-0.0096850010007276,0.0126754927932779,SPY
2017-08-17,-1.5399249978549578,0.06640838043894719,-0.14310184704929552,-0.594427512872639,0.7543467699125544,0.7680359630626763,-0.7932056859715142,-1.3212298935813243,2.7317117610157755,0.6961995149256399,-0.0015640368819411,0.0036955976498767,0.0297347069839855,SPY
2017-08-18,-0.18242151457205,-1.0760047242526702,-0.2122740697575792,-0.593917664229654,0.7474997563995789,0.7649963675520796,-0.8241183282911558,-1.3595091950174154,2.7708449657901584,1.4099597987387449,0.0007821804243404,0.007592842669065,0.033423282364934,SPY
2017-08-21,0.04267035526008021,-1.3183032345849326,-0.35263983004343386,-0.5917532923290341,0.7402593144421707,0.7621388972497101,-0.7561662849935941,-1.46667329839393,0.04886285882961822,-1.4450813365136754,0.0104025502062023,0.0068517927039781,0.033641480147895,SPY
2017-08-22,0.9656313345684496,-0.10965836088946651,-0.7720434908004551,-0.4888451353703833,0.7376077685350867,0.7606955673860601,-0.28800161385502526,-0.8411275957726173,-0.05089761829368816,-0.7313210527005704,-0.0035918879614778,-0.0024067806646357,0.0235991075627781,SPY
2017-08-23,-0.37696990103734623,0.7671217889536045,-0.2860485335800694,-0.48066694952479755,0.7336887744745682,0.7586034888688226,-0.418870601444931,-0.9071442027850779,-0.5628057536484952,-0.01756076888746522,-0.0023332081372471,0.0059116834021049,0.0245080968635234,SPY
2017-08-24,-0.25621442182510973,0.4466380698703727,-0.5324013357270432,-0.4781834167667828,0.7340238145149669,0.7562636248495118,-0.49179507050172855,-1.0952433796210062,-0.519973772636309,0.6961995149256399,0.0023332081372471,0.0142430669738322,0.0270417534080804,SPY
2017-08-25,0.1914731652661767,-0.4864985067061216,0.0854914706033913,-0.47119246118739805,0.7346647639976738,0.7545505887730491,-0.36972120876111414,-1.0704158291635404,0.01884222511386423,1.4099597987387449,4.113045925357994e-05,0.0133230148461818,0.02266169291648,SPY
2017-08-28,-0.02842464597183632,-0.05237250177178006,0.26545947687453164,-0.4709814701990387,0.7317948022088349,0.7529469653033329,-0.3484541077615626,-0.9739402442471697,-0.8848730142225676,-1.4450813365136754,0.0011439768375884,0.0060739827588829,0.023223037508206,SPY
2017-08-29,0.07738045263193018,0.12159296850676678,0.23123907653856196,-0.4750459980501939,0.7293764028527576,0.7511464118712712,-0.2767421279728332,-0.909978210178,-0.4767652575386964,-0.7313210527005704,0.0047265761052628,0.0083379311874569,0.0259659289497351,SPY
2017-08-30,0.421088584807517,0.03445915253797421,-0.19630576138172348,-0.4530825085347764,0.7280215120219096,0.7501040196995434,-0.05753476865506819,0.047904213718342366,-0.05656924758227903,-0.01756076888746522,0.0059981754344802,0.0034897598674206,0.0224384089121727,SPY
2017-08-31,0.5430835380987215,0.37775717939643505,0.1878264617550266,-0.42463435939997635,0.7344316428882368,0.7504903435843047,0.20118343583297596,0.2405392545850277,1.520996777063849,0.6961995149256399,0.0014131560095966,-0.0036839614627188,0.019948981047869,SPY
2017-09-01,0.10320501840636775,0.7334195701684574,0.572555285193533,-0.4256691999129735,0.7419051041887994,0.7508037893802215,0.2596164736810012,-0.14205909550328724,-0.08517538162500082,1.4099597987387449,-0.0072079016280452,0.0055124948644618,0.0228652962609983,SPY
2017-09-05,-0.7238837505631569,0.49064851551666105,0.5300688758804102,-0.38778631866522095,0.7465087563499462,0.7494844604708844,-0.04103661748975183,-0.5479222635359774,1.142853395455587,-0.7313210527005704,0.0034079252661625,0.0160857375836309,0.0322108575483408,SPY
2017-09-06,0.29457959425743974,-0.47694785431150455,0.19532116417035192,-0.3812059107217786,0.7486358242835461,0.7492220357020574,0.11174822942116118,-0.4614263830738746,-0.21437858181055197,-0.01756076888746522,-0.0001215952147735,0.0131572931216403,0.0299890146742338,SPY
2017-09-07,-0.0440362545548882,-0.3307930588972728,0.29986637058798776,-0.38120510422716514,0.7520011843309186,0.7489450225856642,0.10980806650939938,0.5873985339281252,-0.20802799765746588,0.6961995149256399,-0.0011755458956592,0.01295905052448,0.0360181006490911,SPY
2017-09-08,-0.14515038786055454,0.18841369179092052,0.07598623930756367,-0.5609553744099292,0.7557743218684212,0.751000566585001,0.03293307227411642,0.6208670738977417,0.0422590199184596,1.4099597987387449,0.0106096123367773,0.0154800038229954,0.0360540415470271,SPY
2017-09-11,0.9854965030751213,-0.1474127641954443,-0.25528375243620216,-0.4746281219574846,0.7625486742563776,0.7547108441897248,0.45506794505479753,0.9794509683074942,0.35159106030955195,-1.4450813365136754,0.0033653410911238,0.0069949299852254,0.0237917411620278,SPY
2017-09-12,0.29049414507118704,0.6388523334252597,0.169392628395254,-0.541434959104569,0.7705322390431583,0.7572694570437436,0.5726921638237672,0.7454400291612231,-0.2319718251568222,-0.7313210527005704,0.0004794808041719,0.0046299671014029,0.0230615292829199,SPY
2017-09-13,0.013629897959392151,0.9715586884926014,0.6576466136132605,-0.5420361951120605,0.778282682720501,0.7599373679363335,0.5609395851318899,1.1066856046480908,-0.1302510826168077,-0.01756076888746522,-0.0003198378119337,0.0045106639183165,0.0241517587054671,SPY
2017-09-14,-0.06305529288339216,0.22933384379247315,0.5224161344657172,-0.5421357624623871,0.7842265968095246,0.7622335051023373,0.518333627271609,1.322365161967162,1.3338916178547997,0.6961995149256399,0.001345407402856,0.0021476030695177,0.0229804371736603,SPY
2017-09-15,0.0967053388886455,-0.04067561563165397,0.513261635635571,-0.8396807619596528,0.7885048512854486,0.7675814838438231,0.5119669917522431,1.2934197405461034,1.284993912327008,1.4099597987387449,0.0021245384990074,0.0010026440739716,0.0228516096975734,SPY
2017-09-18,0.1714537753644756,0.02276998062357144,0.629674880582373,-0.8516662024194968,0.7930491482628873,0.7735946199474599,0.5320724745111425,1.3565220974890984,-0.7051507762223447,-1.4450813365136754,0.0010003782073013,-0.003168746779389,0.0220598035942405,SPY
2017-09-19,0.06360385823459178,0.20186704584305598,0.23784890758647312,-0.8520981078299606,0.8005525034086526,0.7796524121795977,0.5018722838299741,1.3532087273369091,-0.6533311203935115,-0.7313210527005704,0.0003601776210855,-0.0035666499357107,0.0217643752115952,SPY
2017-09-20,0.0021841650829248407,0.17658709362690442,0.12863902906684457,-0.958894378523275,0.806963982678209,0.7839247103297354,0.4653535556732787,1.2159791900657568,-0.1533245074325079,-0.01756076888746522,-0.0026828986607325,-3.995927767874719e-05,0.0223822066088335,SPY
2017-09-21,-0.28976310189970006,0.04731409510803237,0.1231298152770654,-0.9703770580813416,0.8124382962610676,0.7883476783592731,0.29254182972967024,0.626924329704729,-0.5895690581196433,0.6961995149256399,0.0002004484073099,0.0038419954507542,0.0253387900639872,SPY
2017-09-22,-0.013139968491278757,-0.22255600406736195,0.014007769431386702,-0.9881003636053921,0.8184083388428767,0.793222719675997,0.24193354673436235,0.5580065069419865,-0.45494153784409275,1.4099597987387449,-0.0020468523543533,0.0071502946136208,0.0302851743029854,SPY
2017-09-25,-0.2287419628861015,-0.23425920757534005,-0.038864448424075576,-0.9737635256048541,0.8198001199507824,0.7973086790550414,0.10216314276103874,1.264404282106502,-0.1925780190733798,-1.4450813365136754,0.0006024750509796,0.0135266181907001,0.0284353230447953,SPY
2017-09-26,0.02542974485269524,-0.18765671584510255,-0.23149203318222705,-0.9751303936682257,0.8201876713924552,0.8014972024099493,0.07788344268082482,1.125565688103523,-0.29755108476339315,-0.7313210527005704,0.0038868682791175,0.0150618027990176,0.0295887248193436,SPY
2017-09-27,0.34052852577390536,-0.1582006162670639,-0.249866509865021,-0.9647903688851133,0.8218206894707513,0.8061922571243729,0.19197464306383352,1.33370275638214,0.8106251031138462,-0.01756076888746522,0.0011990560677004,0.0123610169119556,0.0207392070435323,SPY
2017-09-28,0.08266465493562623,0.2765572999057233,-0.08701006041518446,-0.983017909283078,0.8240094786541035,0.8102614895499249,0.19548331952792927,1.569721372334472,-0.7112869053847892,0.6961995149256399,0.0035087475701764,0.017069451604339,0.0208320209841916,SPY
2017-09-29,0.3042523048245782,0.3202682084029477,0.09225186678497152,-1.0110277538973833,0.8269960646015868,0.8138964831341365,0.3061752077185246,1.2621006510135744,0.9826712785997498,1.4099597987387449,0.0043294712227259,0.0124210990364392,0.02546595782339,SPY
2017-10-02,0.3829910563772264,0.2925636733168714,0.24502337628929033,-0.9948916502300641,0.8308026323625758,0.8180748735704915,0.4469320589154728,1.3181787514308625,-0.12508760053841975,-1.4450813365136754,0.0021376596592972,0.0064389397654913,0.0174046902935849,SPY
2017-10-03,0.17271259589064375,0.5219261346834638,0.5394709247130306,-1.1165096668668557,0.8350337944917166,0.8239462888421442,0.4703353495607412,1.4012847283803862,0.18065163543215107,-0.7313210527005704,0.0011860823920555,0.00693640931821,0.0168234583396342,SPY
2017-10-04,0.08141998382111024,0.4214678624046642,0.6103630836244519,-1.1226045321197482,0.8395724688821007,0.8294252444667959,0.456442632160401,1.5133886217060268,-0.282072441656955,-0.01756076888746522,0.0059074907600837,0.0073200371528736,0.0169589166594752,SPY
2017-10-05,0.5343834134894722,0.1911548324931515,0.48564548207087677,-1.0954047149766337,0.8472880830495868,0.8360248805158202,0.6386651926885147,1.6737876597400594,0.03527215325921951,0.6961995149256399,-0.0011396049977232,-7.861295095068499e-05,0.0114398774431245,SPY
2017-10-06,-0.14170228273482696,0.4673666757768267,0.7030728185801415,-1.0957821594213706,0.8545058565677821,0.8426234599916789,0.5080816246047728,1.412075630494549,0.7342268731852781,1.4099597987387449,-0.0016526880482219,0.0022775719735417,0.0159124587663122,SPY
2017-10-09,-0.19092654806895584,0.2969658319039104,0.48841997022920663,-1.2439859870044938,0.8618553919789995,0.8469972146253257,0.38210683674423795,1.1083159044185702,-1.1385353719572036,-1.4450813365136754,0.0026351292120159,0.0052629924174381,0.019111613298377,SPY
2017-10-10,0.22043893032105336,-0.25696108640299997,0.21217424488008796,-1.2503362316541666,0.8699663172671278,0.8512494633449079,0.44755085701004127,1.211464541926185,-0.8487669213632284,-0.7313210527005704,0.0015697102267191,0.0033328130300782,0.0157809440065932,SPY
2017-10-11,0.11822454851036267,0.01961000288543145,0.2351465248220935,-1.2511501163335055,0.8772426827219179,0.8557073110187137,0.4634345514514075,1.6708400036954454,-0.659271746624724,-0.01756076888746522,-0.0014911593437405,0.0027411118216829,0.0159105821076028,SPY
2017-10-12,-0.175429774591948,0.25571197762108966,0.25286179194402114,-1.2395905157229126,0.883523494085978,0.8599451114184983,0.34654168487905024,1.4315445577840555,-0.6808075316934622,0.6961995149256399,0.0012165799267691,0.0045059559598445,0.0137674212067171,SPY
2017-10-13,0.08434586246652626,-0.04661715528568699,-0.0887950199133829,-1.2396719558682514,0.8889698219414126,0.8641645554507521,0.34975940194185395,1.7820055071511913,-0.36002670830679684,1.4099597987387449,0.0013327323956744,0.0084362086793836,0.01224103268492,SPY
2017-10-16,0.09548932148948833,-0.0724906675096495,0.020009507689895293,-1.2419209020592357,0.8933180407358956,0.8682448373402549,0.35983488695890975,1.8003358813697283,-1.0282258435296678,-1.4450813365136754,0.000704949824656,0.0032067726711657,0.0118376400837778,SPY
2017-10-17,0.03526099038808971,0.1344131225340358,0.15787103872625802,-1.2415837187739711,0.8971393137245663,0.8722739072557104,0.34282537471371344,1.7180982031888532,-1.2820345096293457,-0.7313210527005704,0.0009780090183237,0.0042576996720375,0.0088073485406292,SPY
2017-10-18,0.06145779846420487,0.09692648459034657,0.0687387069435463,-1.2428463906059333,0.9008872132242464,0.8764201294945954,0.3365417276161084,1.712310731460898,-0.8763417928667767,-0.01756076888746522,0.0002736847944211,-0.0016829588429798,0.0028115504003736,SPY
2017-10-19,-0.006113801191909319,0.07093624914096434,0.04141497280344717,-1.2775697444628482,0.9025415513385252,0.8811084246867167,0.2927523639841665,1.606658646591067,-0.015777965901651734,0.6961995149256399,0.0051468326463082,-0.0006647736290412,0.0110030075810927,SPY
2017-10-20,0.46140724172809755,0.039337881532368724,0.12291240993158634,-1.2463562720696328,0.9065529491826819,0.8867269879970208,0.45341107643723355,1.6391359987937943,1.09342521205535,1.4099597987387449,-0.0038967036125434,0.0023310781340253,0.002913033300671,SPY
2017-10-23,-0.406213366537648,0.34478351764318704,0.3044046544773235,-1.208941089788101,0.9097153618230938,0.8919866855950763,0.2186852076402701,0.8785719661904338,0.04527386750539302,-1.4450813365136754,0.0017558768255279,0.0024959854394897,0.008514957397268,SPY
2017-10-24,0.1360850372698523,0.039223231704591986,0.06291838207520996,-1.210314117290332,0.9125557096240046,0.8974662013308037,0.23118376021756235,0.912469405302802,0.1690817121551721,-0.7313210527005704,-0.0049626494966936,0.0022965363193083,0.0132801715874864,SPY
2017-10-25,-0.5084782980769622,-0.20922878980793003,0.11144836573089464,-1.1449327424357347,0.912950995303075,0.9013047443718935,-0.03220557197503589,-0.19228297626811486,1.6090358734117094,-0.01756076888746522,0.0012918700083597,0.0085807265278985,0.0173580184797872,SPY
2017-10-26,0.09156905752167706,-0.28732960377817385,-0.16288092678764698,-1.1448587250498836,0.9143857726649312,0.9051652717727107,-0.02094531267492419,0.06177349975213046,0.23316301315622023,0.6961995149256399,0.0081426844093748,0.0076773080632719,0.0183733385390478,SPY
2017-10-27,0.7488238732920782,-0.3213269301410121,-0.1158629019867714,-1.066757309150269,0.9184265046397423,0.9099121622212425,0.28128088169753346,0.8103666543812187,0.8407301398484514,1.4099597987387449,-0.003731796307079,0.0028675999793614,0.0097312857068452,SPY
2017-10-30,-0.3903924561571044,0.6388880869954042,0.022480329251805386,-1.046008232032053,0.9205640545003397,0.9131573439562659,0.0787414134703615,0.2403870861322174,-0.4187508087837248,-1.4450813365136754,0.0015564277053465,0.0081458627702835,0.0235568207414615,SPY
2017-10-31,0.11695024729204018,0.27080896198104243,0.030095462207996887,-1.0478990206369152,0.9230235419925886,0.9162999489856287,0.11023086989594223,0.2403696070121566,-0.1988770221174006,-0.7313210527005704,0.0013215407118964,0.005893894985169,0.0213915650514797,SPY
2017-11-01,0.09441561147063567,-0.211759634840047,0.020885248240219326,-1.047716865163578,0.9256149185857124,0.9194718325485008,0.13109783681190315,0.4788351125353647,-0.4437511334533215,-0.01756076888746522,0.0003884515437331,0.0062717026010012,0.0287867136458359,SPY
2017-11-02,0.00489671438481534,0.15849343364718957,0.31107823772389037,-1.093550621653084,0.9282502836540318,0.9216182036507031,0.12299283529479647,0.4300952767450625,-0.3468543466566497,0.6961995149256399,0.0033329763254643,0.0022489308126418,0.0263204667391976,SPY
2017-11-03,0.28738912764612956,0.07291696088603203,0.26935994207994685,-1.087055104722167,0.9302122866789734,0.9246070200003565,0.2346538083622565,0.5469226929546691,-0.18784842986674474,1.4099597987387449,0.0015464664838429,-0.0013938541078504,0.0217769222411039,SPY
2017-11-06,0.11599458561140458,0.22029288400207467,0.04725597624106279,-1.0975406489104567,0.934223862614124,0.9281965554788449,0.2606778052908611,0.5926281678088248,-0.6000161567766884,-1.4450813365136754,-0.0006955400797679,-0.0020109807971611,0.0166275030530096,SPY
2017-11-07,-0.09909949294131529,0.3051395077914063,0.2909969846663529,-1.0986977021487807,0.9373129780902576,0.9311633874687731,0.19520625769651137,0.46612747559442935,-0.248635026273511,-0.7313210527005704,0.0016993483277287,-0.0036407824358857,0.017512784264781,SPY
2017-11-08,0.13066179483005044,0.009974044873045334,0.1870050235557572,-1.098308340744793,0.942905645858547,0.9341594852624119,0.23497397894032626,0.5436715906323022,-0.5492159100845543,-0.01756076888746522,-0.0036343202446262,-0.0103579198855463,0.0189616813879816,SPY
2017-11-09,-0.38104077798874736,0.021175548276073864,0.2044515230805767,-1.0735746638170522,0.9466389673383973,0.9367453653419866,0.04485860970129916,-0.12252951592568484,1.331279383348514,0.6961995149256399,-0.0003098085950279,0.0017415423342201,0.0280341460563962,SPY
2017-11-10,-0.062093107846126185,-0.19414600450427275,0.018686908623357902,-1.0725472819331192,0.9471954253658551,0.9390455887728844,0.004457984813883902,0.22875237409061897,-0.124679337062207,1.4099597987387449,0.0009293397945322,-0.0008917907048653,0.0313527060814129,SPY
2017-11-13,0.056788560641613875,-0.3413549701698672,-0.14953057223497873,-1.0732769431296003,0.9495085983868206,0.9412725267614277,0.019292330067977197,0.17122120309962113,-0.589738112584024,-1.4450813365136754,-0.0023253417184925,-0.000115910015344,0.0321866326203759,SPY
2017-11-14,-0.25545973175372766,-0.006980055794260444,-0.1780284109249074,-1.0596772172788258,0.9503578125646975,0.9429280496142386,-0.10182570708590721,0.4800992371062601,0.0061957086225435725,-0.7313210527005704,-0.0050177891219318,0.0087305227188947,0.034399410156646,SPY
2017-11-15,-0.5137682945804746,-0.15465619945896492,-0.2532898199701599,-1.014890819904292,0.948820531115761,0.9434554705709233,-0.3268939912595292,-0.17334470111989342,1.0213872549786913,-0.01756076888746522,0.0084651419751402,0.0128635092364337,0.0353226092812297,SPY
2017-11-16,0.7797598723682619,-0.5903965274326617,-0.5634755611059349,-0.9186651244441102,0.9503284529924737,0.945528581690366,0.01899387377748358,-0.14570022797113466,0.3177464657384742,0.6961995149256399,-0.0029431416341134,0.0067055573289138,0.0351504894979353,SPY
2017-11-17,-0.3147303448452483,0.20021167523159988,-0.004743410080473357,-0.9355483279306274,0.9494645844700547,0.9460780379259648,-0.11630467092939635,-0.06963811633005074,0.7177341596043662,1.4099597987387449,0.0017052204840535,0.0091493305401995,0.0444147877092566,SPY
2017-11-20,0.1312251589496301,0.35221907064370994,-0.1263461562662462,-0.9575268270772098,0.9486594096505133,0.9476823742643228,-0.060282745470662126,-0.057562519152315215,-0.7291256432137792,-1.4450813365136754,0.0065210910157462,0.0175378487836832,0.0388615805620737,SPY
2017-11-21,0.5932511187556331,-0.14307377553084755,-0.0905173335697178,-0.909719761644241,0.9505918495706683,0.9501949307121516,0.19689920519855897,0.2930129723795215,0.36094271729423144,-0.7313210527005704,-0.0008848026043928,0.0104079297833017,0.0318162512826329,SPY
2017-11-22,-0.11725699925708234,0.5503613083215314,0.3179955656588458,-0.9515601925239713,0.9515435423940564,0.9534694291700766,0.11982199713643116,0.18636577268310603,-0.9159543657103247,-0.01756076888746522,0.0023071900676203,0.0200094216939472,0.0347588853752593,SPY
2017-11-24,0.18897703844704553,0.36059284594724683,0.5088497048892074,-0.9489339126857088,0.9547498671849539,0.9569417104867576,0.18094681084513797,0.12427370318657938,-1.7363649380289186,1.4099597987387449,-0.0004993684228278,0.0156244362634216,0.0321900445197345,SPY
2017-11-27,-0.08027913689394738,0.05184443861042474,0.224486180898935,-1.0301685707051462,0.957882971136283,0.9587877984033254,0.13750221565712226,-0.0244752929615739,-0.46344071231341794,-1.4450813365136754,0.0100937387275372,0.0149132365136201,0.0314923392567401,SPY
2017-11-28,0.9360045165528074,0.08008482469360749,0.3373353834634454,-0.9333744903594593,0.9645298612566106,0.9632710038331104,0.5312088919024566,0.5898353714936756,1.9374531804630246,-0.7313210527005704,-0.0006088279846352,0.0012165450818315,0.0218850138140522,SPY
2017-11-29,-0.09078049044388029,0.6505976409640534,0.7247025868124602,-0.9294572437258356,0.9718209573806544,0.9673440424680194,0.45658102580692767,0.46173283833236606,0.8554418154348322,-0.01756076888746522,0.0087166893062526,0.0020151141984703,0.0245491202607111,SPY
2017-11-30,0.8038928710294604,0.6425776457643911,0.39545531058125466,-0.8557184810527957,0.9843679766473733,0.9728528112776622,0.779694593389114,1.107952559263694,3.08167874419467,0.6961995149256399,-0.0020777953629051,-0.003553329656853,0.0120550437930653,SPY
2017-12-01,-0.23171057949058607,0.541682579439968,0.8388355311934153,-0.8419539887465652,0.9929179979987741,0.9778853456450747,0.6281455674454042,0.9511651266153389,3.888678587437497,1.4099597987387449,-0.0012105681726293,0.0039626101298404,0.0212646224439163,SPY
2017-12-04,-0.1485103621425074,0.4340527741707391,0.6363445198317401,-0.8403570027166684,1.002112327120171,0.9820535267840923,0.5257167734283987,0.8203405231463492,1.1262980732662764,-1.4450813365136754,-0.0036029527042513,0.0081819297324585,0.0287805649400967,SPY
2017-12-05,-0.3780314325644689,-0.29330768673199964,0.6035025505939507,-0.8152682208982015,1.00927153414334,0.9852327936293278,0.32923735043424285,0.7142119637396361,0.5072042457660547,-0.7313210527005704,0.0001897411320035,0.0135481487702051,0.0365895640652915,SPY
2017-12-06,-0.01416720523233952,-0.40505447572287395,-0.028986871383268588,-0.817637185956861,1.0140297438445751,0.9885804884210266,0.29885008125674956,1.1394077048440385,0.4148118893205878,-0.01756076888746522,0.0031482454509292,0.0132458434559792,0.0430417111527337,SPY
2017-12-07,0.2696663796920057,-0.30245518046022873,0.007889663472403177,-0.8123477362110889,1.0203398384561486,0.9922139544295773,0.395930424904725,0.9711414007911906,0.453089084406964,0.6961995149256399,0.0054381444237883,0.0060030080077018,0.0417205443598449,SPY
2017-12-08,0.48935516987676575,0.1921985154113679,-0.24925140252196376,-0.8183301023682243,1.0278796768138445,0.9975908425404538,0.5746657417038733,1.4358661704834352,0.4452612197308293,1.4099597987387449,0.0030087514299887,0.0088578857757593,0.0385431597174008,SPY
2017-12-11,0.2562835741352334,0.5767438992131793,0.09782164318222195,-0.8194182554825599,1.036781148018542,1.0036123930400256,0.638488158215745,1.4686484360916805,0.7108521617123085,-1.4450813365136754,0.0017632663334952,0.0121702909229783,0.0340033318505232,SPY
2017-12-12,0.13679397337779328,0.5665233085233239,0.29266249433868113,-0.8199085116564441,1.042505603121425,1.0098024478648449,0.6451006782611447,1.349223462185487,0.7678206258736492,-0.7313210527005704,-0.0001125641822223,0.0065590379263538,0.0395096420360321,SPY
2017-12-13,-0.0431698335298527,0.2972685795910771,0.5404651694803725,-0.8355420476652472,1.0484203357292168,1.0164100400371052,0.5636010025555508,1.4352047514956074,1.3994058436317651,-0.01756076888746522,-0.0040945899973481,0.0061473638448816,0.0461197588412272,SPY
2017-12-14,-0.42519823049324024,0.06857283284022753,0.5265052351117253,-0.8500429927246359,1.049371952227893,1.0231641394450888,0.30451192277350914,0.9189639969926353,1.266803802832346,0.6961995149256399,0.0082930221918458,0.0122997853304633,0.0467906222615468,SPY
2017-12-15,0.7632470098328472,-0.3606265799651807,0.1920436734293892,-0.8529123231913757,1.054367811638094,1.0299418780864333,0.5939829551849414,1.2277482854471682,2.6563250129009144,1.4099597987387449,0.0063211565772078,0.003745112350713,0.0479838782238095,SPY
2017-12-18,0.5740697682072599,0.25524252509288176,0.32387697042135516,-0.8599584743819518,1.0623189893057738,1.0385207048113207,0.7765566313221408,1.1282356471586044,0.5067060034526781,-1.4450813365136754,-0.0038479866631293,-0.003773117912317,0.039980384489314,SPY
2017-12-19,-0.40153955000463615,1.0183941049961416,0.47683808715181547,-0.8165271492189472,1.0701452234212938,1.046018733566393,0.5190888480661302,0.8342925229673245,0.4474446378297926,-0.7313210527005704,-0.0005242382636945,0.0005612820356617,0.0483675622937527,SPY
2017-12-20,-0.08266510471036641,0.12883424263085747,0.21772016936285413,-0.837770522587751,1.0776922871849806,1.0521757291079394,0.42544511040252914,0.4339070790351065,0.2376050412219467,-0.01756076888746522,0.0020578314882335,0.0031407987613798,0.0569899744184834,SPY
2017-12-21,0.16505402469099398,-0.3727211524147353,0.1987097752738816,-0.8456694017157044,1.0848335579010278,1.058906176552767,0.4398067970860744,0.7226983382945227,-0.09572674208247907,0.6961995149256399,-0.0002616507879045,-0.0026944198882468,0.0570526624916247,SPY
2017-12-22,-0.05747293441913817,0.059992376142481464,0.4828179139842561,-0.8414958694059298,1.0897636254102123,1.0651455466118536,0.35723485528624793,0.81534845641046,0.2976524997796362,1.4099597987387449,-0.0011970736858222,0.0046990141876035,0.0569256018974106,SPY
2017-12-26,-0.14721572534151592,0.07923190406086209,0.08777797349113553,-0.8372673751592319,1.093051414109483,1.071244494278268,0.23526032299241076,1.0676374772329316,-0.8604127763183428,-0.7313210527005704,0.0004864132848494,0.0122014621969768,0.0585464783110269,SPY
2017-12-27,0.01429498769089137,-0.15925181942794497,-0.2594008424321869,-0.9372589538815411,1.0958424052638465,1.0755052337725672,0.20855220574338146,1.0790029249259472,-0.4185551274578898,-0.01756076888746522,0.0020552784620235,0.0159210953330708,0.0695716013613712,SPY
2017-12-28,0.16480909194678448,-0.10444189534764277,-0.059245780797923316,-0.9405366070647951,1.0994866812473496,1.0802881240875195,0.24515641553459386,1.0392364337516518,-0.8443748213028215,0.6961995149256399,-0.003777387161393,0.0205077050904929,0.0608641035041213,SPY
2017-12-29,-0.39476636074697674,0.13385477040394406,0.05987182150444211,-0.9974073092237337,1.1032406103992107,1.082642563724599,0.05244290860938502,0.3632855368648305,0.9064015015575437,1.4099597987387449,0.0071317832879458,0.0261121709099265,0.0543315785135085,SPY
2018-01-02,0.6518398373169595,-0.17854972442996522,-0.20958844115776942,-0.9513817451829597,1.106566256155213,1.0868062639750102,0.3196364328162242,0.5852506952206005,0.5665001658031636,-0.7313210527005704,0.006305374323551,0.0212411474033249,0.0476965110498257,SPY
2018-01-03,0.5725556471681459,0.1934008266474736,0.13182750358696635,-0.9240352357522923,1.10990670890518,1.0924560789373856,0.5349591524828141,0.7844060433535303,0.6771170809616313,-0.01756076888746522,0.0042060464209434,0.0134046966428851,0.0402551428329287,SPY
2018-01-04,0.371149902813785,0.9321549142152036,0.47827752244695876,-0.9532834094315842,1.1164404858035768,1.099641171088429,0.6404823159279123,0.9461763983659659,0.33010736319037237,0.6961995149256399,0.0066418882194456,0.0164682267409457,0.0140387878044885,SPY
2018-01-05,0.6048401852834411,0.7177890311311871,0.6500437204322035,-0.9273855712917004,1.1258438174256857,1.1081223729987575,0.8404473562848318,1.493329153131647,0.4113239557266405,1.4099597987387449,0.0018270786580405,0.0163238911444727,-0.0353255854821084,SPY
2018-01-08,0.14291601305919052,0.7424450756569546,0.8618453930298718,-0.9287352459851199,1.1351734957015307,1.116363681881263,0.8286036942319851,1.3444846645999002,-0.524291630847984,-1.4450813365136754,0.0022607597813442,0.0110730859094037,-0.0176416834591259,SPY
2018-01-09,0.1845226002640401,0.5681404308767832,1.1206498907640916,-0.9451541786514347,1.1455184961682967,1.1240066266474118,0.8431024359260273,1.2282544341923949,-0.5356965154038715,-0.7313210527005704,-0.0015310764368887,0.018298604282168,-0.0253421293935982,SPY
2018-01-10,-0.17925934873707777,0.24713942865733501,0.8957144851976413,-0.931447268456958,1.1557163680335263,1.1307542338588346,0.6986384603483561,1.4934898855486414,-0.10441018207234148,-0.01756076888746522,0.007269576519004,0.0181473435617691,-0.0620414528267136,SPY
2018-01-11,0.6650594721504687,0.0010906842959906753,0.533840799387647,-0.8914394899036633,1.168666025593156,1.138630133913343,0.9345570392527791,1.7209008672690316,-0.38387229971386483,0.6961995149256399,0.0064975526229726,0.0154169581840744,-0.0544013345679763,SPY
2018-01-12,0.5909928876753032,0.36808179524800727,0.6753092985928694,-0.8732580360376794,1.1834550578084735,1.147853317511792,1.1219072299829882,1.7987374220681194,0.6306010135316419,1.4099597987387449,-0.0034237265770284,0.0170175794221378,-0.0463212725532296,SPY
2018-01-16,-0.3608368001698626,0.9563316060160568,0.6686441314290632,-0.883878838131088,1.1983324485977378,1.1571755771216783,0.8633206359943427,1.4851037655240582,1.1784784312638177,-0.7313210527005704,0.0094862781541085,0.0225618255605413,-0.0404133538146922,SPY
2018-01-17,0.87772584136092,0.17284373083514915,0.42617106524492837,-0.8637437412346749,1.2142839570470814,1.1668209826329303,1.1804994094434584,1.747948020969778,1.3727998490917794,-0.01756076888746522,-0.0016823371572876,0.0126868360243141,-0.0364936443155103,SPY
2018-01-18,-0.19377103028319387,0.39182473182794636,0.7598329544562765,-0.8662089361017982,1.2270421413479944,1.1748760036635324,1.0143133862430325,1.6009556753656633,0.9007444339974321,0.6961995149256399,0.0045391911413092,0.0147929759093958,-0.0221317138324277,SPY
2018-01-19,0.40311120828667335,0.5194146340389396,0.7528479970970915,-0.9072974394211066,1.2399915444919216,1.1846244950723335,1.1089084282609367,1.6400553090084824,2.2026380826959175,1.4099597987387449,0.0080981738610361,0.0217653211032802,-0.02637814277616,SPY
2018-01-22,0.7445536113150705,0.1569463997445948,0.6267635424743405,-0.8809148676645302,1.2536326021683315,1.1961548525709391,1.3445812253818856,2.017222774036971,0.4715127371544047,-1.4450813365136754,0.0021205195613749,0.0070149278470177,-0.0407569896599655,SPY
2018-01-23,0.1710682057141213,0.8735548907891478,0.7006774512974275,-0.8810395619148029,1.267420915654129,1.2077220373727817,1.3106728594114416,1.9758896165536637,0.6771126598376828,-0.7313210527005704,-0.0003887113821186,-0.005415503866363,-0.0478641865988151,SPY
2018-01-24,-0.06966289937126006,0.6963411861082948,0.9567011087509077,-0.8799870524193616,1.280134907947285,1.2192597017749673,1.1643919005946934,1.8765973641096674,1.8776353603419724,-0.01756076888746522,0.000423802727794,-0.0045300766599813,-0.0461801319494403,SPY
2018-01-25,0.008288243421679869,0.07451539230557477,0.5006912427986445,-0.8939422831256703,1.2936436185745526,1.2311213904345257,1.0518369387879658,1.8298246265315343,0.19909326123558418,0.6961995149256399,0.0115115363351936,-0.0060898732811214,-0.0307903942407063,SPY
2018-01-26,1.0720254698108387,-0.049801393142986254,0.5979491247588675,-0.8159606151237744,1.3090359976315473,1.2453024481399366,1.4135544376764062,1.8954584832151722,0.9417201853372388,1.4099597987387449,-0.0066522193952263,-0.0396117182238118,-0.0307568914005793,SPY
2018-01-29,-0.6705725962711715,0.8221181357837358,0.9199199162794084,-0.7058577218821469,1.3189836516520408,1.2576795535574397,0.9771860893618034,1.3214653005948809,0.3381271838510223,-1.4450813365136754,-0.0103099121520058,-0.0756819838957367,-0.0366695996593993,SPY
2018-01-30,-1.0214850627723264,0.3036649049990159,0.2387723741118587,-0.5752730405334665,1.3260322896103176,1.2686503346316895,0.3985259053420327,0.6056696247328134,1.6550444879277644,-0.7313210527005704,0.000496715824263,-0.0458610910627079,-0.0365412810479908,SPY
2018-01-31,0.01528339479811787,-1.295171315677149,-0.33524337330260795,-0.5912894037396116,1.3294021782572194,1.2783178772602355,0.3162542445336593,0.7034047784464095,0.858377939127012,-0.01756076888746522,-0.0011359938933459,-0.051797493040099,-0.0516852403487098,SPY
2018-02-01,-0.1413558398736865,-0.7713758135182568,-0.2943558827172897,-0.5968291765506255,1.332992721644069,1.2864980321970978,0.17837371919004413,0.4310187105722381,0.24454413352565355,0.6961995149256399,-0.0220103086074967,-0.0888918990167573,-0.0454077422963106,SPY
2018-02-02,-2.1440000612307375,-0.09921178159929613,-0.3663845816348422,-0.16263374255468235,1.3256939930489096,1.2893253710695463,-0.8097440477770004,-0.7783771238475377,2.7135754949949433,1.4099597987387449,-0.0427224850671512,-0.0519718956315191,-0.0119057928898014,SPY
2018-02-05,-4.131089029978331,-1.7482794822265022,-1.914365160521513,0.7578410296190752,1.2980878284140973,1.2823378708303024,-2.5397583988314048,-1.6313923484827118,4.66763598300699,-1.4450813365136754,0.0195109806810229,0.0053282040733515,0.0333485635411721,SPY
2018-02-06,1.8394777772335256,-4.795281078775557,-3.580027382600303,0.9349054459229669,1.2772507752037419,1.2788110041433205,-1.6896161746959846,-1.3332331896126397,4.503158725246051,-0.7313210527005704,-0.005439686153128,-0.0116985844461625,0.0134710548012826,SPY
2018-02-07,-0.5542443371764979,-1.7530567606877363,-2.2029503443433383,0.938102001258184,1.2544272696193037,1.2737526664770287,-1.866617333916466,-1.390766061298121,1.2329017583907285,-0.01756076888746522,-0.0382303998700042,0.0071470893602558,0.0237380139637579,SPY
2018-02-08,-3.7001264529979463,0.9786175068061549,-2.4770830773470345,1.417685587157128,1.2166528471071896,1.2616112150648877,-3.321435405296104,-1.960378459571089,2.374311663007489,0.6961995149256399,0.0149096947777414,0.0580570825560551,0.0792212465945541,SPY
2018-02-09,1.39803868085104,-3.252037058173034,-4.190038319976833,1.489752662076675,1.1797464909766078,1.2508466057857341,-2.604011200104129,-1.8083696204926833,2.6905657722136347,1.4099597987387449,0.0145776146377194,0.0434401499758907,0.0630553899907182,SPY
2018-02-12,1.3661795093022053,-1.7610577897850408,-2.4851366861172965,1.5592612705882918,1.151286837980093,1.241584048924613,-1.903025952495706,-1.5280354127655795,0.6045511293322793,-1.4450813365136754,0.0024841921615088,0.0225818623154019,0.0419941401386827,SPY
2018-02-13,0.20595830108239346,2.1081338629353934,0.1608823997370724,1.5657963168096682,1.128095192872186,1.2335068271277332,-1.715033791531776,-1.4709212055892034,-0.31931930395401786,-0.7313210527005704,0.0134059876532903,0.0151109927764183,0.0343651266456452,SPY
2018-02-14,1.2537757230182742,1.1977294205083617,-0.6253851220559221,1.5997104209913031,1.1099803876930137,1.226129145875182,-1.0686084940340397,-1.214014992245065,0.25211649413526493,-0.01756076888746522,0.012679593325795,0.0030003483903842,0.0198690144198829,SPY
2018-02-15,1.1840867573058405,1.11188545552475,0.2448753632557621,1.6634917264506066,1.0973987424490015,1.2216304100928401,-0.4745328102655003,-1.2029509381662238,0.1022768619788501,0.6961995149256399,0.000292762197577,0.0061342955011172,0.0082733283707527,SPY
2018-02-16,-0.004283549434577977,1.85889254239833,2.5958104288251254,1.653744788918186,1.093955225897406,1.216255482370729,-0.40415043306498727,-1.1152967547273567,0.805788984335633,1.4099597987387449,-0.0062806730227693,0.0173865724788608,-0.0056421885921409,SPY
2018-02-20,-0.6349271053433772,0.8980993191260062,1.9208258688859745,1.6300963961803039,1.1049477397720373,1.2079427720558502,-0.5872262750475711,-1.0598528361530106,-0.29934685526556987,-0.7313210527005704,-0.0049866773774747,0.0111023178475839,0.0023379117116233,SPY
2018-02-21,-0.5107834897566251,-0.49110088037196037,0.9576263712906381,1.6265467152637123,1.1063014857322175,1.1981942169980628,-0.698174888675577,-1.1313183011088541,-0.12764012390737872,-0.01756076888746522,0.0012953432672562,0.0059074016844613,0.005403273234922,SPY
2018-02-22,0.09190227573523775,-0.8779202623399062,0.6126345913479181,1.629561587431893,1.110318786020704,1.1887844527623743,-0.5409904060326621,-1.0926146668077725,0.026597232588857586,0.6961995149256399,0.015813540436528,-0.0100351850592508,-0.0212070386943015,SPY
2018-02-23,1.484752008227511,-0.32283294721364225,0.053386067305342615,1.7267596193696522,1.1354526660533648,1.1824597039536144,0.2187636054484118,-0.49706235369249113,-0.2566740545470823,1.4099597987387449,0.0115450391753206,-0.0207072213367256,-0.0585657264416816,SPY
2018-02-26,1.0752396720540338,1.2011786993316917,0.1981063018558734,1.7270310062162764,1.1595858273565047,1.176068581982367,0.8016887825589111,0.5338812911110226,-0.3496119892787046,-1.4450813365136754,-0.0125649276540462,-0.0207606197130338,-0.0431188647869733,SPY
2018-02-27,-1.2378271954877234,1.9521639090597656,0.717716909791665,1.755948066869204,1.1729621400514905,1.1685215689677528,0.3274214745088763,-0.06308225701622168,-0.1618110730093119,-0.7313210527005704,-0.0101815935405973,-0.0056638206951653,-0.0477123325252319,SPY
2018-02-28,-1.0091744059125067,-0.12709873462443336,0.427520945380211,1.7552842185788724,1.1812764452532738,1.16107762912089,-0.03848462103796466,-0.16931340337749584,0.1911362893443881,-0.01756076888746522,-0.0146472434764559,0.0041512447865654,-0.0404898833288962,SPY
2018-03-01,-1.4376008314558628,-1.7189878963322247,0.18762873947071018,1.8003293112806331,1.178495427194501,1.150622315723773,-0.5620627044550938,0.3847206681577506,1.0308830494949457,0.6961995149256399,0.0051415041590532,0.0236257612723687,-0.0131460742284543,SPY
2018-03-02,0.46089603624154973,-1.871557143131241,-0.5485722273517845,1.81716606750299,1.1726828424918054,1.1414186850937897,-0.237997632517584,0.22357541722291005,0.438923235427737,1.4099597987387449,0.0114916407990124,0.0357370898741074,-0.0401083536429585,SPY
2018-03-05,1.0701167278420751,-0.7488487386212391,-1.0413883275082074,1.7388664268424114,1.1713291219731945,1.1390183672676808,0.292790304047122,0.17177684442256397,-0.2070967780335727,-1.4450813365136754,0.0025318713638222,0.0229892872490005,-0.0388645252634232,SPY
2018-03-06,0.2105325580244484,1.1663217860209127,-1.0438541717840966,1.1032310916083718,1.173507047605994,1.1456082522920672,0.3312859871347239,0.17395378182085358,-0.48631480422904,-0.7313210527005704,-0.0003665280588664,0.0139737806708621,-0.0307543483069254,SPY
2018-03-07,-0.06753467122437878,0.9751165395806002,-0.34671021318131534,0.9736065747814043,1.177524424219192,1.1482957161531229,0.28523564997402395,-0.12849763127467287,-0.36867683841369336,-0.01756076888746522,0.0048272730093472,0.0091954873982,-0.0225264804286924,SPY
2018-03-08,0.43074926473089015,0.10628008759196705,0.1065324640100871,0.9634949215771874,1.182969098372552,1.1530300550216372,0.4460563694445923,-0.33600887039561117,-0.6753630248690253,0.6961995149256399,0.0172528327607919,0.0032780898163808,-0.0498917854554195,SPY
2018-03-09,1.6228351259490557,0.2744619245592916,1.00583181208506,0.30297267258269966,1.1890907727138538,1.1686689036402917,1.0405548450237454,0.08672674097002758,0.03501602705967835,1.4099597987387449,-0.0012561618260944,-0.0128908356677461,-0.0622283267060508,SPY
2018-03-12,-0.15288453527790333,1.5654152854306977,1.5651119320205318,0.24601442850165117,1.190003183752568,1.1812005615253345,0.8440167976768778,0.2433695312730903,-0.6024867781033452,-1.4450813365136754,-0.006483635214316,-0.0252574286069684,-0.0451971091014682,SPY
2018-03-13,-0.6543989330714233,1.1196879558845902,0.9764405471107058,0.21301734954506288,1.193373021516328,1.1895795686239166,0.4625235165768175,0.1900437713145236,-0.29140619636805415,-0.7313210527005704,-0.0051448213315286,-0.0170743661116574,-0.0439694028814354,SPY
2018-03-14,-0.5259555363634486,-0.6194598725368118,0.5601201114174309,0.24030946138929352,1.1987440677649948,1.1964270920133901,0.16008621231474013,0.0038390169723364533,-0.07891523161058936,-0.01756076888746522,-0.0010901245724719,-0.0138508606343048,-0.0306308476613228,SPY
2018-03-15,-0.13695521970273467,-0.9043781569857943,0.3394668270009164,0.16240506177624484,1.209486211145469,1.2004104746867734,0.06865005276518067,-0.4224011445751953,-0.40859116559834857,0.6961995149256399,0.0010839072766648,-0.0380757047238002,-0.0324785279831516,SPY
2018-03-16,0.07161748696285591,-0.5092008993513527,0.06621168397799464,0.0786568034839374,1.2186366026748108,1.2020805604275568,0.0980564300255061,-0.7610149714060823,-0.15318910584697706,1.4099597987387449,-0.0136227547653167,-0.0607047593113172,-0.0253740536434952,SPY
2018-03-19,-1.3393132265546297,-0.05282803696399438,-0.6804412127729026,0.18739944883561338,1.2177291527423226,1.2009491742437577,-0.4844260722158252,-0.7878597909033408,-0.023671430616450013,-1.4450813365136754,0.0016994272809949,-0.0200901037159715,-0.0011097443395682,SPY
2018-03-20,0.13066936946445057,-0.9710816123127639,-1.251508996471587,0.1674277057178089,1.2164860267301756,1.201416905181473,-0.4157073778286114,-0.4036972511225901,-0.7793254245870194,-0.7313210527005704,-0.0019213158541759,-0.0389479263892713,-0.0020691840120887,SPY
2018-03-21,-0.21669821677551754,-0.9259830626884802,-0.8736293827387075,0.15464257456796227,1.2146216684523705,1.2024941769974689,-0.510672291716314,0.1201538415086312,-0.4921243751942845,-0.01756076888746522,-0.0253149686619673,-0.0399857548793569,-0.0057109446510672,SPY
2018-03-22,-2.4610432050302613,-0.06863006084097031,-0.7247734983621911,0.48053812876504703,1.2008274525222435,1.1983164485105666,-1.5502259013473245,-0.9699903632222429,0.5691831940583997,0.6961995149256399,-0.0215451473108521,-0.0019742205934036,0.0110885372502025,SPY
2018-03-23,-2.0993733227973674,-2.0479484703696422,-1.8434347248312732,0.5120656082108237,1.1717106692042574,1.1868107486290953,-2.333199512426199,-1.8690142880568794,1.0683681435917474,1.4099597987387449,0.026991900830029,-0.0022498485380024,0.0324835683757545,SPY
2018-03-26,2.5571838055269707,-3.485767437326991,-2.888405163657939,0.8151504389896549,1.1535399180118089,1.1781754652537235,-1.105302902381181,-1.0438056209045394,0.40943010679684216,-1.4450813365136754,-0.0171583953923049,-0.0165062801894837,-0.0080667966921055,SPY
2018-03-27,-1.6785162311750952,0.34670580948989793,-1.0128909075884722,0.8635694160759265,1.131354588778906,1.1687610546420648,-1.733507397520869,-1.3223625988310344,0.20377218435786487,-0.7313210527005704,-0.0029591443442615,0.0112941635231411,0.0115598517288502,SPY
2018-03-28,-0.3162656160837536,0.6681188386299367,-1.883712406472655,0.8372894686911624,1.1101212322266656,1.1608242806974507,-1.7743786170822868,-1.5003916080702597,0.44939867668230676,-0.01756076888746522,0.0126965656239859,0.0221146476867692,0.0246336783469764,SPY
2018-03-29,1.1857150490778388,-1.5263649922603182,-1.9316375236496586,0.8456507869728741,1.0942343199245281,1.1582500738418888,-1.2092054157098682,-1.659157317974728,-0.10402864420697523,0.6961995149256399,-0.0218207752554508,-0.0131199499545964,0.0128753674952371,SPY
2018-04-02,-2.1258165722191515,0.6610788462053567,-0.17633088856031767,0.9988302120191052,1.0695167911912167,1.1504609910041355,-2.0479188162664705,-1.8913898869662595,1.0358162212245905,-1.4450813365136754,0.0127354691785477,0.013617116811015,0.0269758458938671,SPY
2018-04-03,1.1894473861533463,-0.7208944311196821,-0.18905890833270284,1.0125957677365267,1.0551560932548991,1.1428215087428186,-1.4306416179199244,-1.4871455312273063,-0.008059508209588886,-0.7313210527005704,0.01064204832032,0.0166567034109554,0.0160154937622927,SPY
2018-04-04,0.9886083530158424,-0.7180440056686428,-0.8473961615014151,1.0650084812140805,1.0442376397916584,1.1367364110957332,-0.9109593770017205,-1.1717459818736238,0.040368606823355614,-0.01756076888746522,0.0078613398193665,0.0007587260963521,-0.0013666621032912,SPY
2018-04-05,0.7218321791883078,1.6604753757926272,0.4363800454808663,1.0969491041797972,1.0371607871318256,1.1322626384456576,-0.5231509150866168,-0.9899331550369734,-0.6155661674285923,0.6961995149256399,-0.0225380320173798,0.0010911201655696,-0.0114342379929004,SPY
2018-04-06,-2.1946288963206286,1.3033526775312634,0.9360512111963285,1.2397882773070497,1.031324923392228,1.1224406451879498,-1.3834191184577302,-1.2930104167296959,0.8871255387427158,1.4099597987387449,0.0049162915101605,0.0206913472886487,0.0239669824122952,SPY
2018-04-09,0.4392895396423713,-1.1277194064313794,-0.6910213126151422,1.1132103398020923,1.035683446022715,1.11005274490244,-1.039831238517442,-1.0303249808446728,-0.30005865531401493,-1.4450813365136754,0.0157750557784881,0.0239634373948094,0.0224285371694588,SPY
2018-04-10,1.4810598593311326,-1.3435002200268553,0.5436499938216374,1.238380031201285,1.0357423686997267,1.1009904150211345,-0.2587691459582473,-0.781738205521538,-0.345002815443264,-0.7313210527005704,-0.0052559289942832,0.0188299361549315,0.0066534813909706,SPY
2018-04-11,-0.5366150057549467,1.4636623076996098,0.6840128238686125,1.2351457190405009,1.0404110495147767,1.0922258860150131,-0.3903141459574715,-0.8249890116837479,-0.545005701917585,-0.01756076888746522,0.008193733888584,0.0248258527576892,0.0215287442398279,SPY
2018-04-12,0.7537214685397097,0.7183536451353411,-0.05012815699506319,1.267698213703166,1.0494234968494933,1.086111102480909,0.035735843649241414,-0.31572781623954016,-0.8868846952783409,0.6961995149256399,-0.0029378048943007,0.0110690423759507,0.0226421650598256,SPY
2018-04-13,-0.3142183476231529,0.16287759388722262,-0.034778776178897824,1.268275313536608,1.0523783317171367,1.079640482926285,-0.020529462788189005,0.025022626494832154,-0.6177032974555674,1.4099597987387449,0.0081883816163212,0.0054913605095539,0.0286267893992242,SPY
2018-04-16,0.7532079811622794,0.3327242829027797,0.8703256707918876,1.2990522989587099,1.0669458187375414,1.0745618666930872,0.3973765922626685,-0.2856055023438404,-0.9453701438708314,-1.4450813365136754,0.0106415545386102,-0.0028471372920675,0.0209149152546999,SPY
2018-04-17,0.9885609804864308,0.33233212714091337,1.0214251089452302,1.2847740093259645,1.0808632736346124,1.0743400881666505,0.8733148461129109,0.30184059357323045,-0.8975672926846661,-0.7313210527005704,0.0007399876084743,-0.0270471560685088,0.0033622600712801,SPY
2018-04-18,0.03862245236917735,1.3272785317141276,0.7843689375260487,1.2838864345767609,1.090954265462655,1.0739260642432285,0.911173677258817,0.3906561560878489,-0.9958663373424166,-0.01756076888746522,-0.0055630764931544,-0.0253188906483323,0.0068188768272667,SPY
2018-04-19,-0.5660821845410219,0.781541976572122,1.0612499525644814,1.2930733616487606,1.0957558530413969,1.0727876257517923,0.6758393978003726,0.02847864479762442,-0.6719165803588297,0.6961995149256399,-0.0085154867606975,-0.0096411318813132,0.011536721946955,SPY
2018-04-20,-0.8493311171329126,-0.40575551431059037,0.42598434189285683,1.0822774867532998,1.1059353560928091,1.0749609840240129,0.2736820988111683,0.3931286795849264,-0.31702880222141255,1.4099597987387449,-0.0001501161853001,-0.0001873903483691,0.0175487763939692,SPY
2018-04-23,-0.04677250518609432,-1.0838950828022358,0.1684166805916454,0.8797972377453578,1.114164610124796,1.0812593312334249,0.19595832103818167,0.1429517303006753,-0.8411067043813087,-1.4450813365136754,-0.013558464237831,-0.0077575710198898,0.025189269241336,SPY
2018-04-24,-1.3331453089429464,-0.6872927671330167,-0.21664066562741294,0.6669550737862899,1.110958768723736,1.0796847571608699,-0.37971872786679334,-0.5112820784147938,-0.11260053491808264,-0.7313210527005704,0.0024682530286508,0.0075760102649145,0.0359637791169209,SPY
2018-04-25,0.20442912933478743,-1.0567868021062097,-1.3341555022561318,0.5320561279776175,1.11076668486733,1.081924641353143,-0.2972578266006671,-0.664355507867735,-0.25609875971658536,-0.01756076888746522,0.0101146822738646,-0.0016323503090003,0.0362427555217088,SPY
2018-04-26,0.93801380273066,-0.8649414467979234,-1.2543472067948167,0.5651067550174269,1.1113281040010132,1.086714965869646,0.09166695288441999,0.3259803152045084,-0.7921036762708136,0.6961995149256399,0.0009382547722465,-0.0139532686531076,0.0240778433978263,SPY
2018-04-27,0.05764384757426546,0.8695668798365468,-0.5303755359841457,0.49923806346935146,1.1134114124335508,1.0892358221452356,0.10460365841707338,0.23158162300456692,-0.9339594611633875,1.4099597987387449,-0.0077202968568208,-0.0020283350375382,0.0207540875119658,SPY
2018-04-30,-0.7730420275178849,0.7574654017268081,-0.09381817120214454,0.2725166725544685,1.10924507542575,1.09444008147658,-0.2913350505524338,-0.5393782589926981,-0.5491480209616983,-1.4450813365136754,0.0017751170469733,0.0090698080866067,0.0169068254478954,SPY
2018-05-01,0.13793090952112863,-0.5492861022290669,-0.443395966762367,0.19803964976008004,1.1015476010979475,1.097552275020484,-0.24854660527435996,-0.28206541365638926,-0.6469341411976111,-0.7313210527005704,-0.0067401075452639,0.0072946910396334,0.0283877688520064,SPY
2018-05-02,-0.6790044273616189,-0.4879700206071005,0.26468218568529395,0.1669011887136313,1.0909248041241506,1.0972861840700698,-0.5385132292724842,-0.8433104146881025,-0.44513374659348454,-0.01756076888746522,-0.0022062360702426,0.0236541324394714,0.0289831813718839,SPY
2018-05-03,-0.24403295001430364,-0.41615250696422235,-0.16054391258511352,0.13042294148663347,1.0816612230481648,1.0950536067813768,-0.6093661337006209,-0.8181514767595658,0.5374683463370084,0.6961995149256399,0.0128631883878158,0.0351675232182957,0.0409592212196541,SPY
2018-05-04,1.2017005374495495,-0.7078623618274758,-0.7295025228087875,-0.09558741605497871,1.0807894167557857,1.099710752159803,-0.1014865602962267,-0.63188038945536,-0.3559382226445165,1.4099597987387449,0.0033778462673241,0.0253511542755777,0.0328361638156948,SPY
2018-05-07,0.29169386919135687,0.728451987370169,-0.17882979960476703,-0.10169824650365178,1.0813065675569993,1.1040870527528859,-0.002324854612486371,-0.9420204395511791,-1.1145569104639408,-1.4450813365136754,0.0,0.0224498154800505,0.030185568675856,SPY
2018-05-08,-0.03237062827946651,1.13759224704528,0.3336631746707156,-0.26006695415946013,1.0871275479779228,1.105395548604825,-0.01691580278508949,-0.9770600208122893,-0.9291263210368764,-0.7313210527005704,0.009619333854574,0.015538714835241,0.0385113483319772,SPY
2018-05-09,0.890490966027514,0.19511899556129536,0.25169135245558694,-0.22791854378826856,1.0958000959322962,1.1096387846280045,0.3590765166691199,-0.36584220932285405,-1.1026793474309313,-0.01756076888746522,0.0093071547085816,0.010115985345128,0.028783995133641,SPY
2018-05-10,0.8605410600636049,0.6524266958841973,1.0071419433069668,-0.21565067947819627,1.1042361390483717,1.1141407028596408,0.7215018609633586,0.3132603363537017,-0.7612999847320401,0.6961995149256399,0.0030468194450978,-3.640073691979495e-05,0.0224287682354882,SPY
2018-05-11,0.25993575105796085,1.3343528323753746,1.5388103330755671,-0.22622796549977064,1.113529206904433,1.1198329207764177,0.7930347548959649,0.4049845497772224,-1.0520585355905616,1.4099597987387449,0.0004765074717969,-0.0055866524957011,0.0207112434434115,SPY
2018-05-14,0.013344641797429096,0.8527911200559178,1.0855074643196152,-0.2611294226919334,1.1260431521296508,1.1240096817987342,0.7670948329107721,1.1645788594231508,-1.146464453271937,-1.4450813365136754,-0.0069111006448094,0.0014272166945685,0.0215265817857597,SPY
2018-05-15,-0.6954091978839578,0.20577822068457607,0.9515286777723706,-0.294212845399108,1.1350850608028733,1.1246823752008146,0.4522480948933657,0.6811224395907897,-0.27453946700723325,-0.7313210527005704,0.004196604364461,0.0055543629771319,0.02524156921171,SPY
2018-05-16,0.37024404889181717,-0.523828859784076,0.6323860531588926,-0.28266279560583935,1.1484411983325433,1.1260500136904437,0.6231734365081711,0.5221865335525914,-1.1389555035469887,-0.01756076888746522,-0.0008452313734661,0.0041049880461097,0.0235588212463273,SPY
2018-05-17,-0.11346060651161802,-0.25126099336103613,0.3819738234739821,-0.308884479440233,1.1623144866634263,1.1283565001815523,0.5596845486347279,0.4442010828244921,-1.0382755783541713,0.6961995149256399,-0.0025034323136834,0.002899989569558,0.0231278411694422,SPY
2018-05-18,-0.2725454232468868,0.1931793244574233,-0.08684573318339121,-0.3675581954954757,1.1701597510735933,1.1318456993986838,0.40959676321083727,0.759636654092567,-0.8068376191968787,1.4099597987387449,0.0074903766620666,0.0030179207696274,0.0235722671449956,SPY
2018-05-21,0.6862426408740564,-0.2977258199540394,-0.3431467197553879,-0.33613588736850575,1.1796891456769607,1.1368725308169596,0.6858239863887612,0.9135181860313609,-0.9482278720370884,-1.4450813365136754,-0.002783954362246,-0.0160400148133303,0.0122417504622829,SPY
2018-05-22,-0.2994582042032981,0.3130160405776678,-0.019258422200440394,-0.5106551384643535,1.188095702012959,1.143991338914096,0.48238383236648336,1.168165504599509,-1.0523510352836927,-0.7313210527005704,0.0027472294334387,0.0,0.0167303479421958,SPY
2018-05-23,0.23119362400654378,0.2924624640264402,0.1713260251220379,-0.5102537385972089,1.1937985063394456,1.1511841071328386,0.5239680491546946,1.3797086274066674,-0.7325723223413315,-0.01756076888746522,-0.0020502298500177,-0.0088919244588252,0.0076947280551342,SPY
2018-05-24,-0.22906599374735817,-0.05506330144135251,0.10439640807431025,-0.5666383674195394,1.194951009477881,1.1559817767423137,0.3797369491583048,0.922985790437629,-0.4252755360550784,0.6961995149256399,-0.002385501113614,0.0029281091687201,0.0115661283853034,SPY
2018-05-25,-0.2612313159542252,-0.0013040229573127228,0.0487516712622692,-0.5551583117290014,1.1939168350833052,1.1601141489618694,0.2286138248305105,0.6263508950642387,-0.9153962489828388,1.4099597987387449,-0.0115675589208912,0.0100537412661907,0.0002456636161287,SPY
2018-05-29,-1.1421414325121833,-0.37737417771412296,0.05419752925917627,-0.48165383644682214,1.1880661897913134,1.1634481592216017,-0.3147586037779916,-0.095628249809905,0.6918599804896554,-0.7313210527005704,0.0132560604510842,0.0223485513145673,0.0140245132367597,SPY
2018-05-30,1.2393919768098904,-1.0746995844822762,-0.8258648362379427,-0.3595483112622971,1.1902970847736536,1.1690885541340663,0.20394291634203027,0.04803230993450041,-0.5433271375353586,-0.01756076888746522,-0.0061446950253865,0.0174182705196042,-0.0075499060484105,SPY
2018-05-31,-0.6218816207648695,0.07134235642030197,-0.08516481037304653,-0.3670256008719865,1.1883762970927352,1.1748102797207012,-0.1285419478633949,-0.6355185051540255,0.09266981893064917,0.6961995149256399,0.0097698037775275,0.0234549462012285,0.0042962234740437,SPY
2018-06-01,0.9049267798885835,0.46867029828520584,-0.49577843843322295,-0.3286491389107151,1.190725317286372,1.1829271802953862,0.21134617536024228,-0.33832256385267284,-0.4991462013038984,1.4099597987387449,0.0047401309838566,0.0166370702341298,-0.0040354024672861,SPY
2018-06-04,0.42238901548793917,0.21323567635686924,0.05005018551360071,-0.4194825355393025,1.1959997873338577,1.1894916948339962,0.3483485385184523,-0.17540819860803628,-1.1721740790567277,-1.4450813365136754,0.0007272511274853,0.0132262339032944,-0.006639856745501,SPY
2018-06-05,0.03740053728346899,1.0107562483548553,0.3790995000138517,-0.42158903842686435,1.1985557747025761,1.1955386667385326,0.3140111356374682,0.1758411561825694,-0.9849773099876965,-0.7313210527005704,0.0083257796561211,0.0137908285899541,-0.0109043847340162,SPY
2018-06-06,0.7663897020570268,0.3482172462927584,0.9468524744854347,-0.38808044812174264,1.2056326782455495,1.203285881273367,0.5976538832412835,0.3123886690558702,-0.6724776470709096,-0.01756076888746522,-0.0001080193437621,0.0022689357149738,-0.0111056350670395,SPY
2018-06-07,-0.042733809899666145,0.6109342229040413,0.719180670260202,-0.4375879131262427,1.2115573076242208,1.2091037168286973,0.528787477630051,0.3499016285255197,-0.3937030661980172,0.6961995149256399,0.0029519278104288,0.0048908114578143,-0.0025748078799825,SPY
2018-06-08,0.25083201824434315,0.5497347711685023,0.9979438687705371,-0.49075621500965033,1.2195205954794044,1.2136648413470092,0.6097441409835607,0.5676517152438507,-0.40089887880248376,1.4099597987387449,0.0013292946530212,0.0006626721970341,0.0034370509448304,SPY
2018-06-11,0.09515951064045113,0.15599789433009187,0.6831061978616062,-0.49412139887746015,1.2289909147563371,1.2178859020635047,0.6224259253357376,0.38777857221082257,-0.7343142153409093,-1.4450813365136754,0.001291845814145,-0.002725628794117,0.0057002996048467,SPY
2018-06-12,0.09156673637222029,0.2613084872492559,0.5255997000265108,-0.4943690799554125,1.2436175788694581,1.2222770201405024,0.6316255510044144,0.591517310346291,-0.3704567770140153,-0.7313210527005704,-0.0031961132188591,-0.0078576146289082,-0.0029332911999953,SPY
2018-06-13,-0.33899998383919705,0.13967590055329282,0.5516717020713265,-0.5359796205441455,1.2516254403559557,1.2274000251764596,0.43364907967811406,0.3141413382421769,-0.18165253218396546,-0.01756076888746522,0.0025138563990783,-0.0029568582923822,0.0092880165155957,SPY
2018-06-14,0.20880423469808482,-0.1918963148814244,0.01961070026863885,-0.5425820230331572,1.2631344944341125,1.2321975547581665,0.4926439539745392,0.5138253954162536,-0.24217098879658092,0.6961995149256399,-0.0012762114503512,-0.0117591051450833,0.0075615725267521,SPY
2018-06-15,-0.15480806017958748,-0.10236079269154891,0.14068436841279502,-0.5408139445398975,1.2701883479143172,1.2369023223078361,0.3848145730229332,0.5781224844595874,0.8652135003785862,1.4099597987387449,-0.00205900633813,-0.0086617232145806,0.0079429797776473,SPY
2018-06-18,-0.22990799423660016,0.038308534985353346,-0.05456375923965331,-0.543637574325145,1.2744756087061566,1.241686574711086,0.24191447696409166,1.2371398166994407,-0.8665177201235703,-1.4450813365136754,-0.003840140020646,-0.0203086827592393,0.014039093048753,SPY
2018-06-19,-0.4007867572331646,-0.29674065208936395,-0.21102961422738908,-0.5632362200827674,1.2768942879195089,1.2441756701427154,0.04605702136119278,0.49208519271493045,0.3903784415394308,-0.7313210527005704,0.0017046431176668,-0.0142572520388535,0.0199807469774597,SPY
2018-06-20,0.1311697674566032,-0.4845971946015761,-0.4480158068716144,-0.5739330886107459,1.276612446202784,1.2475756080220328,0.08425885906533394,1.1249603418928362,-0.8472966103955109,-0.01756076888746522,-0.0062883904536228,-0.0242802539906064,0.0144973811278399,SPY
2018-06-21,-0.6356675017834101,-0.20883827440954852,-0.22170739085908045,-0.5338890626443835,1.2738074876262804,1.2491365484818118,-0.2078820567294452,0.05676748873723644,-0.31558552182973454,0.6961995149256399,0.0018211704801514,-0.0122904290399157,0.0196424690736591,SPY
2018-06-22,0.14234919309549923,-0.3882191927672641,-0.628179862820048,-0.5381173034073324,1.2705329285436102,1.251482573722956,-0.15347721007424406,-0.13815979092039055,-0.7830776328650867,1.4099597987387449,-0.0137059658827887,-0.0126734216838695,0.0196789684652243,SPY
2018-06-25,-1.3472963515501055,-0.3796813467141238,-0.4851481447863367,-0.376140985293793,1.2611613988844816,1.2515320035253983,-0.7488435001843078,-1.0833426705487053,1.7458754291486978,-1.4450813365136754,0.0022112906997397,0.0031682209045609,0.0384042018481531,SPY
2018-06-26,0.17977662552102577,-0.9231598546924019,-1.0229845081796285,-0.4930148408869443,1.2521481883026544,1.2543407187045765,-0.6831532760458785,-1.5931953215103036,-0.3446870378601693,-0.7313210527005704,-0.008318358834086,-0.0025803466562086,0.0446793463437433,SPY
2018-06-27,-0.8304190182926572,-0.8945761271794478,-0.7435399476057623,-0.5844290809179805,1.2411109481472862,1.2528249562949825,-1.0248517719920918,-1.886872074682127,0.9333096378302665,-0.01756076888746522,0.0057014344970678,0.0138625415009752,0.0506357117958611,SPY
2018-06-28,0.5146147461078562,-0.4998314200492563,-1.2063847698398051,-0.5876117976633369,1.2313253569301434,1.2536872982154237,-0.7890806605325572,-1.6725510224890556,-0.03219218833740152,0.6961995149256399,0.0014381778361975,0.0165839148472022,0.0381351701001619,SPY
2018-06-29,0.1056055674608534,-0.24411199235821096,-0.652715477482818,-0.6809997026176478,1.222643573685721,1.2528727566833864,-0.7184941834539637,-1.6665031295992176,0.7051699065529474,1.4099597987387449,0.0021356767056417,0.0241095236462465,0.031459596123331,SPY
2018-07-02,0.17252235488231432,0.47073992161785594,-0.6704014126009631,-0.7014190567738888,1.2156684873074273,1.2515278918009105,-0.6120232172963943,-1.6051231501338616,-0.5172653521462415,-1.4450813365136754,-0.0035372768610297,0.0255663902536422,0.0342412094563187,SPY
2018-07-03,-0.3717306102519009,0.2094803304209392,0.06113812844990898,-0.6926465230277403,1.2088418779339003,1.2493223653312207,-0.74139175905463,-1.6141812865685985,-1.3607675656906741,-0.7313210527005704,0.0081245293230978,0.021761922123975,0.0361062258498572,SPY
2018-07-05,0.7470821069577694,-0.15506637640866394,-0.20432073742404425,-0.69639628902826,1.2045973589803065,1.2470575816556677,-0.3655512016695276,-1.2387883767874608,-0.7215065585386118,0.6961995149256399,0.0084228078432948,0.0226625872976091,0.0334148487885874,SPY
2018-07-06,0.7756984118763932,0.2837310063909599,0.5549832797516683,-0.6178409533813156,1.20634852771147,1.2465303134565495,0.007949608232699551,-0.7285787033480394,-0.30345668481024907,1.4099597987387449,0.0089637866352418,0.015027191864549,0.029267540042654,SPY
2018-07-09,0.827598944488127,1.1600347329215959,0.6806515744132905,-0.5496337418885828,1.2110381723805175,1.247238357505393,0.39517675609621594,-0.2572793174327225,-0.9541101640420616,-1.4450813365136754,0.0035925433130374,0.005168601029851,0.0239642553814691,SPY
2018-07-10,0.3122915177287097,1.2215262965962272,1.0281711183147502,-0.5403031909174618,1.222762385819419,1.2484155327696431,0.541595563223341,0.04544409361172821,-0.8665816644353753,-0.7313210527005704,-0.0073417449906969,0.0056131646497892,0.0236686552956566,SPY
2018-07-11,-0.7367244421236667,0.8676175315134182,1.0954466879659013,-0.4921769612665824,1.2305685974190452,1.2478116057319188,0.22339451195150012,-0.33189160807595475,0.1667235092602958,-0.01756076888746522,0.0090251944967318,0.0150564235485468,0.0305901685006384,SPY
2018-07-12,0.833490304307258,-0.32707284736882053,0.919762957318424,-0.4341227388727364,1.2454388645686019,1.2497294769747744,0.602060400575153,0.22264067834575235,-0.5337102755578585,0.6961995149256399,0.0007874124102347,0.0022525063198619,0.0201976840935671,SPY
2018-07-13,0.04317230257959334,0.070972199543849,0.9613541107662352,-0.4377022126207817,1.2583501562400914,1.2512934343964834,0.6200169251883448,0.19360528082694767,-1.015200549377013,1.4099597987387449,-0.000894804199456,0.0003217914018236,0.0126874987745484,SPY
2018-07-16,-0.11821653430443374,0.66658762369003,0.6087648107827837,-0.4386514741739937,1.2703117395306835,1.2529344961997007,0.5623690819075711,0.859739123906181,-0.9850878643226368,-1.4450813365136754,0.0040371069329756,0.0030742654729962,0.0098320206619009,SPY
2018-07-17,0.3549421520937875,-0.06024099329336516,0.1535122083859591,-0.4341313407897556,1.2830895901655046,1.255837933799681,0.7103244328659323,0.9059382110914515,-0.7898598282173291,-0.7313210527005704,0.0021015139080606,0.0040564260401607,0.0121553294893672,SPY
2018-07-18,0.16924483750758582,0.1778609508621193,0.17404138423891136,-0.4514592954438147,1.2981677149451054,1.2599666143780548,0.7589590710574864,1.5046641454953065,-1.0794273669573953,-0.01756076888746522,-0.003778722731953,0.01044134732743,0.0025584915258285,SPY
2018-07-19,-0.39489449298512797,0.39739825251172917,0.6101146791803647,-0.43380406188906356,1.3083930128232102,1.2629591223688899,0.5581873224206697,1.111162918036814,-0.3729753116067693,0.6961995149256399,-0.0011433025078035,0.0118580766774147,0.014396187677919,SPY
2018-07-20,-0.14205701520375458,-0.17525995440122916,0.018852019336859697,-0.47402818739130764,1.3147151921807156,1.2669986561776259,0.46367263226213407,0.9949810720466384,0.5263789761995573,1.4099597987387449,0.0018576698717165,0.006202271986587,0.0190536606563345,SPY
2018-07-23,0.1458508790958231,-0.4130044844296426,-0.07030504232247363,-0.4739738258688993,1.3181287894455387,1.2710531474980449,0.5021466087645439,0.9895430497987768,-0.9522437331653086,-1.4450813365136754,0.0050192675001401,-0.0008927940257628,0.019333615133493,SPY
2018-07-24,0.4491688709687006,-3.150264136525465e-05,0.05679942980155832,-0.6801365284972932,1.3221505165672716,1.278931695350367,0.6397949957309171,1.3533295627904416,-0.07559801609679165,-0.7313210527005704,0.0084864351953299,-0.0009947714872735,0.0166567987117574,SPY
2018-07-25,0.7818027056277451,0.4514939837136209,0.10215389898182602,-0.6380384088812528,1.3327617376265448,1.2881469355553765,0.9184958076734221,1.3662360541644099,0.3863944440154721,-0.01756076888746522,-0.0023619933819682,-0.0111534671500947,0.0075766386330293,SPY
2018-07-26,-0.25897602644736734,0.9371771455794546,0.39699847472968186,-0.7349306704739863,1.338653521937849,1.2985353156789305,0.7004034301894507,0.9993967539641323,-0.4887638332323282,0.6961995149256399,-0.0067991071986313,-0.0033583215062984,0.0086098286975078,SPY
2018-07-27,-0.6846647480234606,0.39635936900069285,0.46242057554377386,-0.6611986412309504,1.3413694095764368,1.3063544408380245,0.31480502720369435,0.21494526325863375,0.3156965792105253,1.4099597987387449,-0.0052373961406333,0.0077162847896943,0.0214093084234239,SPY
2018-07-30,-0.5348369970981132,-0.7235973949365102,0.2012453378936607,-0.6124314898595845,1.3422747478585828,1.3127924593820754,0.015763258820999427,-0.2596171829573675,-0.20527273265654714,-1.4450813365136754,0.0049172900386293,0.0166141829043846,0.0345106754809343,SPY
2018-07-31,0.4393853366682993,-0.9342753470569926,-0.12639248788273022,-0.60219843849707,1.3435510751200825,1.3198245266412405,0.1572479894913485,0.405433166225239,0.037529882683068325,-0.7313210527005704,-0.0016722604674912,0.0149938360929802,0.0300765980715889,SPY
2018-08-01,-0.1928042907821607,-0.07582636326239182,-0.13110162994136706,-0.6181311815495744,1.3432541465521206,1.3272203605845678,0.005494779581126008,-0.12475085459492352,-0.6547771586822396,-0.01756076888746522,0.005433152261828,0.0162458647747563,0.0371156585881671,SPY
2018-08-02,0.48887623083427373,0.18538764593538554,-0.6002125520804091,-0.6452311628263192,1.3468011848536119,1.3341114071505942,0.171400797753796,0.1105896841062299,-0.2004223913767018,0.6961995149256399,0.0042754990973614,0.0094454226025888,0.0276256520765354,SPY
2018-08-03,0.3778130677124152,0.22318436725809856,-0.24024626481849876,-0.6861595457883226,1.3526186797793924,1.3401855444423074,0.2955812756988904,0.3533832371057506,-0.6409445676597043,1.4099597987387449,0.0036605019740569,-0.0015528494035565,0.0233845212684657,SPY
2018-08-06,0.31881134947626893,0.6589709022233612,0.2711598196115566,-0.7434123854752662,1.3592078684180877,1.3451904806094375,0.4043258764903362,0.34078825805325436,-1.2748373340159516,-1.4450813365136754,0.0032969432272249,-0.0089636336897171,0.017999897240263,SPY
2018-08-07,0.2839321769890712,0.5290905467399475,0.6820493007245687,-0.7449010175287155,1.3650996272878209,1.350150735188473,0.49775009598001335,0.3889923273348977,-1.0742569886935105,-0.7313210527005704,-0.0004202317857151,-0.0059001611565001,0.0120084604420247,SPY
2018-08-08,-0.07268691021816852,0.45739271375478635,0.6072244991838679,-0.8297584457596054,1.367251500752546,1.3565368034302399,0.4114461928304731,0.6262639466889747,-1.1025579649321378,-0.01756076888746522,-0.0013672899103394,-0.012975253426263,0.0094142798101435,SPY
2018-08-09,-0.16354596387047224,0.1584013362627318,0.6650410091913548,-0.8977552743765349,1.369818911386367,1.3607693973429786,0.30629037662002184,0.6075761714286747,-1.3378037178150741,0.6961995149256399,-0.0067227729087839,-0.0035489900957861,0.008836147794935,SPY
2018-08-10,-0.6773413735056538,-0.1833424708172776,0.35100840065342204,-0.825189976205438,1.3724010018063009,1.3634202630371473,-0.01732728417944164,0.08127670191766745,0.4918153791337974,1.4099597987387449,-0.0037502823121036,0.0066879532836097,0.0172958623604193,SPY
2018-08-13,-0.3921659702410612,-0.6451235040871132,-0.1568726988484799,-0.8052893537646783,1.3755917309145518,1.365469747653027,-0.20276000123682472,-0.36287865988232626,-0.021864277815324493,-1.4450813365136754,0.0063604157604419,0.0125758599445884,0.0243378375267715,SPY
2018-08-14,0.5778362236581623,-0.8197230302263457,-0.49908984617158986,-0.7798583284925641,1.3794057784972331,1.3680167382022228,0.049081025264366064,-0.4743019989021477,-0.9760993339514246,-0.7313210527005704,-0.007495324055478,0.0085578952625509,0.0182194895553875,SPY
2018-08-15,-0.7514585414613945,0.13886942703279329,-0.35762400521086657,-0.713951971385539,1.3807712530213607,1.3685513896837034,-0.28429395437999366,-0.7268439152642289,1.568521206703496,-0.01756076888746522,0.0080589734201375,0.0154594944346309,0.0316120949111216,SPY
2018-08-16,0.7407927914982162,-0.13552612424160848,-0.6843394782448872,-0.6709051663075138,1.383249669041976,1.3715662511983833,0.036697257401231656,0.00037031611368378036,0.13299525138423615,0.6961995149256399,0.0035141704706118,0.0060717176970035,0.0237249916509281,SPY
2018-08-17,0.3047725681418974,-0.011074463261311977,-0.24905100912882153,-0.6675373947000406,1.3854165021500868,1.375561243446793,0.14933269695971002,0.44871021333934075,-0.056276407243389004,1.4099597987387449,0.0021376243488751,0.0085579197536764,0.0149024792258458,SPY
2018-08-20,0.17270920827223615,0.7955804492195971,0.22367325666140642,-0.6669368261209163,1.3869451589066633,1.3796230416707937,0.20091393569831487,0.34859458358510365,-1.1346350965672245,-1.4450813365136754,0.0023424510784044,0.0142842663216784,0.0181765640389404,SPY
2018-08-21,0.1923599164218667,0.3617289853282311,0.4955665601795926,-0.6824354336885935,1.3880730600465379,1.3831353581996,0.26738894688327897,0.5470830666226993,0.03353094977351835,-0.7313210527005704,-0.000593724883398,0.0124250278725579,0.0168986330184557,SPY
2018-08-22,-0.08933152606677693,0.27587824971694513,0.3100239295433617,-0.7482088925637881,1.3891267990087393,1.3847392999142456,0.22441004973000428,0.298015446298,-0.9083979926368687,-0.01756076888746522,-0.0013288033174898,0.0183855528050429,0.0255643178722957,SPY
2018-08-23,-0.15985362935192998,0.07575495879810605,0.6287277926482999,-0.7534398490636409,1.3901954212896166,1.3865586043375508,0.14687429478805944,0.00694949386891338,-0.7012510288523713,0.6961995149256399,0.0060003725272848,0.0156575018727291,0.0259786148446474,SPY
2018-08-24,0.5432943232319902,-0.19323426558429285,0.195216567546709,-0.7872566527919175,1.3966512706579255,1.3910807756764973,0.364222303977531,0.12280070948492318,-0.31150913288905935,1.4099597987387449,0.007863970916877,0.0096914976347362,0.0166510705905773,SPY
2018-08-27,0.7220846019527138,0.28990881215644154,0.3100250605010012,-0.7898581291690391,1.408048814333083,1.3983800795678238,0.6363212629287152,0.3217800363586456,-0.31949301047157636,-1.4450813365136754,0.0004832126292839,0.0001034046637133,0.0078582564332192,SPY
2018-08-28,0.01398792255076212,0.9634544030014391,0.5744577995222565,-0.80122878932477,1.4169829016310131,1.4047586626888497,0.5907332509536307,0.3687665055480191,-0.7790928490117972,-0.7313210527005704,0.0053668000490869,-0.0030743015365839,0.0043784723089501,SPY
2018-08-29,0.48251051884612695,0.5592174851194676,0.48860139705758593,-0.7984308487809769,1.4313785054018986,1.4126447847704922,0.7467766831189921,0.6500530861530376,-0.12985211639199973,-0.01756076888746522,-0.0040568542498036,-0.0114555140032672,0.0018021996408377,SPY
2018-08-30,-0.4215779307232386,0.37625221427678246,0.763848086230895,-0.7777456035079424,1.4406390334894377,1.4185184150268537,0.5047603061268892,0.8285794507728679,-0.14030752038370362,0.6961995149256399,3.4368289291819565e-05,-0.0093440816790115,0.0059622573604833,SPY
2018-08-31,-0.029073396399488603,0.043605947699404714,0.6378714322413813,-0.7864285585224726,1.4484303108872487,1.423500997670139,0.4542862827826676,1.1179249475106257,0.08783195456608753,1.4099597987387449,-0.0017241220541457,-0.007641508311603,0.0093963220344264,SPY
2018-09-04,-0.19777979815791347,-0.34709611989457595,0.36237171825614695,-0.7855925828850763,1.4545741193947856,1.4273399480647389,0.33805119546067547,0.7783768421829828,-0.2896356595933242,-0.7313210527005704,-0.0026944935710133,-0.0026256934032087,0.0105372753876062,SPY
2018-09-05,-0.29087549674422425,-0.17617910997458242,-0.08038976259545101,-0.779329304467083,1.458566334294872,1.4299018197468354,0.19261898865187557,1.2102434972617937,0.3752447813858406,-0.01756076888746522,-0.0030144124175963,0.0003108679568626,0.0137804227926539,SPY
2018-09-06,-0.32156793566670233,-0.3761201535784045,-0.2271307159014963,-0.7658675580729108,1.4615197189930027,1.431906800991782,0.03937770469861796,0.5993441414563669,0.08300540421440665,0.6961995149256399,-0.0019454219255479,0.009222561674715,0.0089484277637126,SPY
2018-09-07,-0.21901090991988365,-0.4706584684608643,-0.614160551166504,-0.7630789222468727,1.4642059163189514,1.433785540838111,-0.06524224365117319,0.22396290164786328,0.4347805529654639,1.4099597987387449,0.0017369416567003,0.0113398537602069,0.005281019419197,SPY
2018-09-10,0.1342684312182387,-0.41577472051194697,-0.5166582735571069,-0.8258781028930445,1.4650815134053183,1.4374538610313345,-0.026852595550299816,0.20093121219216842,-0.6079493905224037,-1.4450813365136754,0.0032916928542485,0.0042945701490362,0.0035440777624966,SPY
2018-09-11,0.28342846564596164,-0.06764764747648516,-0.4380363924707935,-0.8480287022519097,1.4639981604551888,1.4426146099159254,0.06449682166774508,0.2586740124633676,-0.5818936561164829,-0.7313210527005704,0.0002420677890579,0.0064145864567572,-0.00120824966642,SPY
2018-09-12,-0.0091470798386236,0.31607063807585956,-0.20641477144251344,-0.8831009418131368,1.4628108023653257,1.4464907185884885,0.03528625409560158,0.32844968289182724,-0.1331885398236073,-0.01756076888746522,0.005897281300256,0.007237038725619,-0.0336254101826538,SPY
2018-09-13,0.5334039362703585,0.20654268962958847,-0.07080946803898995,-0.958273933638223,1.4618459562500483,1.4532108548976002,0.22555325630044096,0.7437428450889841,-0.5418665037671625,0.6961995149256399,0.000171870159944,0.009411717395805,-0.0617951859414542,SPY
2018-09-14,-0.015881714159462733,0.3974516105518573,0.3407170700679158,-1.0233277331246629,1.4627066445761694,1.4582750482705946,0.18103098312754687,0.46698973989049475,-0.33868676947165033,1.4099597987387449,-0.0053083419544703,0.0083253408907228,-0.0481739907932805,SPY
2018-09-17,-0.5416434109160396,0.3923082988189586,0.43848994127399776,-0.9731788703263292,1.461267058757511,1.4614531439744893,-0.08455125486074919,-0.5817996128234468,0.329677056552201,-1.4450813365136754,0.0054117091619696,0.0103065111184079,-0.0484990214203637,SPY
2018-09-18,0.4868190183888612,-0.4287167740774237,0.11315098032224105,-0.9452950596362899,1.4628997460953908,1.4653441465097516,0.11305661729117039,-0.19886123906824088,0.004122621728325723,-0.7313210527005704,0.0010645200579197,0.0039659587159572,-0.0322804877757132,SPY
2018-09-19,0.06975751205494962,-0.044798887422722686,0.21104965137944776,-0.9482961861094827,1.4661496014132167,1.4689677469254885,0.1227594802810338,-0.5279936891082047,-0.6908304959599045,-0.01756076888746522,0.0080719599704419,-9.513283694762008e-05,-0.0331668790802757,SPY
2018-09-20,0.7420386977844159,0.42213448873503656,0.24902906872464253,-0.8849383478044051,1.474193259189246,1.4744701635663395,0.4224495869462826,0.3945587962403209,2.2734825665345055,0.6961995149256399,-0.0009145063451381,-0.005376565426415,-0.0557850201492104,SPY
2018-09-21,-0.12010672273643265,0.6170484675739564,0.34945195274317475,-0.8875623747446972,1.482669805285374,1.4800554893762112,0.32461668173676594,0.30596531192849136,2.5653999462556314,1.4099597987387449,-0.0033271717267853,-0.0043588556114348,-0.0554132613290674,SPY
2018-09-24,-0.35157350144455135,0.47204713566239515,0.2992849725515692,-0.8942399473192425,1.4889584526531123,1.4836401493423814,0.14126323832407256,0.16180921279462354,-0.4141635536335268,-1.4450813365136754,-0.000928843240481,0.0024367490785852,-0.0565847749156755,SPY
2018-09-25,-0.1214821786976861,-0.3631561118431823,0.39077197277987125,-0.9639012505588979,1.4934345916634904,1.4853377441748659,0.08311704031334609,0.3168193637437483,-0.9252276678664368,-0.7313210527005704,-0.0029965714949851,0.0027824236181004,-0.0607593968673345,SPY
2018-09-26,-0.3198563096296197,-0.3642065621641002,0.09797627507328875,-0.948258425019299,1.4965099686916166,1.486282422423454,-0.057934189172220575,0.3155667445903383,1.17981733306427,-0.01756076888746522,0.0027905273809745,0.0063276489471197,-0.0885300711672929,SPY
2018-09-27,0.23534755124279494,-0.33998380603147405,-0.08955787955706887,-0.9776155004088546,1.4982551077705986,1.486672845302907,0.06047004312050596,0.6407864821082071,-0.05913084121770021,0.6961995149256399,0.000103203469842,-0.0043092858803923,-0.0735390721229691,SPY
2018-09-28,-0.022469472944150578,-0.06746915279063258,-0.3334452637738903,-1.0048992646831856,1.4999707855110738,1.4879619409439468,0.051881925072987,0.56306084828547,0.5801305622826708,1.4099597987387449,0.0034684329632348,-0.0100253196202979,-0.0913864960973338,SPY
2018-10-01,0.30038459392084516,0.15964833176213813,-0.28644919207124314,-0.9905805605517659,1.5054777660703071,1.4899970790784076,0.18365441990380144,0.5741412196768655,0.10263570623223131,-1.4450813365136754,-0.0005831687009658,-0.0134937525835328,-0.1004106094484669,SPY
2018-10-02,-0.08831878490439973,0.20931781175802988,0.027360029942832074,-0.9962924856974618,1.5084011042738117,1.4922767056974704,0.13475405590669906,0.5041525574177048,-0.7844238604154733,-0.7313210527005704,0.0005486538340342,-0.0143712184572351,-0.0851175359218041,SPY
2018-10-03,0.020266234070276994,0.15902799308739773,0.04332267981189314,-1.0130824010539494,1.5111031516981113,1.4952547653685084,0.12857025219729626,0.19343560527169879,0.2505570860166787,-0.01756076888746522,-0.0078464074465376,-0.0470949650184451,-0.0750419006398628,SPY
2018-10-04,-0.7851408507466576,-0.05490137236597861,0.20703502817700473,-0.9280255725671022,1.5069034607915361,1.4971781104241504,-0.2345776840132773,-0.4844657110478108,2.8020028904875884,0.6961995149256399,-0.0056128302700635,-0.0615210520304518,-0.0566097635781952,SPY
2018-10-05,-0.5708554724396733,-0.5870717822565322,-0.2841601479841528,-0.8870953201302348,1.500686914834269,1.4983089110372803,-0.4900482463406889,-0.5051369339595656,2.3077903141449143,1.4099597987387449,0.0,-0.0421151564522706,-0.0569373293965265,SPY
2018-10-08,-0.03237062827946651,-1.038517705497181,-0.5481166585151827,-0.890060892398483,1.4959162642051151,1.49906844711571,-0.4976614173274008,-0.940569332598092,1.3045484323492107,-1.4450813365136754,-0.0014606345746681,-0.0477485290338242,-0.0514359834104878,SPY
2018-10-09,-0.17250128313111648,-0.4636190943868077,-0.7082828688009541,-0.9008888727327128,1.4909221348217008,1.4988092684451635,-0.5583461806648248,-1.1333009254585857,0.5910370617024938,-0.7313210527005704,-0.0321750927271757,-0.0246576516525358,-0.0436672078575197,SPY
2018-10-10,-3.119191173244457,-0.1593917706585908,-0.7488027188703391,-0.049119152367428844,1.4736588335617413,1.4917102806422335,-1.8602384831728143,-2.817095444349298,5.135348337359821,-0.01756076888746522,-0.0222724944585444,0.0076955698279972,0.0096905483637108,SPY
2018-10-11,-2.1691537003663166,-2.5168293938301014,-2.2599285006333827,0.1496492245903824,1.446049514172201,1.4787690288031878,-2.6617306792509146,-2.9845414807261976,4.937334434104515,0.6961995149256399,0.0137930653081177,0.0154218831880488,0.0301465872015631,SPY
2018-10-12,1.2909112572512151,-4.0416940434658795,-2.9261001436946064,0.2963236963304466,1.4240307509006072,1.4686102942207269,-1.9908905356136657,-2.1749538195875333,2.5054567564916153,1.4099597987387449,-0.0056333725815536,0.001086070354936,0.006537446168827,SPY
2018-10-15,-0.5728262648686614,-0.6736519949416361,-2.029969589953184,0.29738129357395454,1.398195192356732,1.4584388043814938,-2.127246845198241,-2.235585137758183,0.6855343374157271,-1.4450813365136754,0.0216302428066201,0.0022207576230961,-0.0066910159061857,SPY
2018-10-16,2.0427959750994886,0.5454802158638713,-2.2901089517569906,0.5498333146235762,1.3815579063776626,1.451576972699992,-1.1465198379593928,-1.3263178691100266,1.0078825254666208,-0.7313210527005704,0.0001781287533573,-0.024512950375664,-0.0301943255535483,SPY
2018-10-17,-0.015281275960431853,1.119702557695315,-1.2238123384053992,0.5479410365930322,1.3647565477111816,1.4445223227806323,-1.0683688381965377,-1.4185126955816325,0.8180282663040859,-0.01756076888746522,-0.0145461810984928,-0.0554583249239648,-0.037232495149742,SPY
2018-10-18,-1.4279050886256948,1.5455055852172561,0.27020323865802276,0.5695198707433322,1.345316567455372,1.4326941134876534,-1.569116602126429,-1.6537008753859959,1.2998286574844997,0.6961995149256399,-0.000542747524995,-0.0231306174001737,-0.0123037691832301,SPY
2018-10-19,-0.0844408499596179,-1.1051056658167426,0.6269909706041569,0.570234333680812,1.3280681240725174,1.420953306982098,-1.4752576589676953,-1.782427187227575,1.3606516748357642,1.4099597987387449,-0.0044986853133934,-0.0403320903797013,-0.0091641393087922,SPY
2018-10-22,-0.4639664085454266,-1.1579235667517858,-0.0350119676634725,0.5714553766247916,1.3089711470686365,1.4090110387064037,-1.5465350432682419,-1.832672721032236,0.1415261337176084,-1.4450813365136754,-0.00510346519214,-0.041389085454206,-0.0217242349235897,SPY
2018-10-23,-0.5219879027094407,-0.42175336257256857,0.017385919661187257,0.5717779904370872,1.2884134423011069,1.3962260705873137,-1.6344693454342645,-1.9131398744038826,1.4351879283689772,-0.7313210527005704,-0.0307672457949435,-0.0215757154363691,-0.0353003531917179,SPY
2018-10-24,-2.9841248698951657,-0.7559126922241454,-1.217130284755888,0.8911036658881653,1.2690631181393348,1.3779062884935547,-2.7352463981260184,-2.1307059835738715,1.9652734689541658,-0.01756076888746522,0.0177815264252982,0.0198158194745499,-0.0011314162250313,SPY
2018-10-25,1.6735570455229645,-2.680584465849153,-2.646133935630091,1.061803757448808,1.265947339897436,1.3625328561460632,-1.844005097528431,-1.6044326354205145,1.1355458855698997,0.6961995149256399,-0.0177442205045226,0.0126200226643815,-0.0256140923728187,SPY
2018-10-26,-1.7347192391192698,-1.0038234786353892,-1.1532965487765023,1.1255839058026598,1.2501148979974936,1.343593845798373,-2.3954213884055844,-1.7785100228370045,2.2171870593797833,1.4099597987387449,-0.0055556803878982,0.0244238470805093,0.0081454558456242,SPY
2018-10-29,-0.5653726155010458,-0.04963913338806355,-1.9476306955418587,1.1000053825985785,1.2344019551536487,1.3228048776757713,-2.4185697790210194,-1.8127532166985254,1.3987652832684885,-1.4450813365136754,0.0147099048256968,0.0354808734544462,0.017060108651365,SPY
2018-10-30,1.3788711920770933,-1.7595334863791927,-1.9964408922989119,1.2326888178795434,1.2155733358341883,1.3050593621923108,-1.6240067384085848,-1.127788381132937,1.283583438691969,-0.7313210527005704,0.0106242891159755,0.0270791096070492,0.0251140989685616,SPY
2018-10-31,0.9869045668823362,0.6183485831248956,-1.0814938766336877,1.3018913836198922,1.2009339509358745,1.2893278533799961,-1.0098646701870042,-0.5591856373283796,0.7366203187351208,-0.01756076888746522,0.0105857296151299,0.0376374839851285,0.0123028192768144,SPY
2018-11-01,0.9832052377017474,1.8038391479425415,0.8298953169489804,1.3621016129064243,1.1966257008484666,1.277445326042458,-0.42859105877663534,-0.6245852373772678,0.19821015194614858,0.6961995149256399,-0.0059403960883948,0.0252352987493065,0.0077939684681798,SPY
2018-11-02,-0.6022815480823178,1.501664857773989,0.4976059178780547,1.3627693608614204,1.1901260410959558,1.2655628623539057,-0.560447727424825,-0.6292021665113957,0.5984207634138401,1.4099597987387449,0.0055013459860386,0.0213596191130829,0.0268884953021091,SPY
2018-11-05,0.4954186141217401,0.2879865492794013,1.0426860285936927,1.3835382341930609,1.1877109237024588,1.2547991950797432,-0.2068402485106547,-1.0015015627519737,-0.4459854480381754,-1.4450813365136754,0.0063081409782999,-0.003003561529522,-0.011552132562822,SPY
2018-11-06,0.5728210750502702,-0.08454127401209627,1.553280302755929,1.4091355225663096,1.1899619175254024,1.2456393549520528,0.16813406799106403,-0.852854372687205,-0.5453128646951239,-0.7313210527005704,0.0211826634940548,-0.0111847693485644,-0.0193781864048103,SPY
2018-11-07,1.9998560206060259,0.8128970754179913,1.1653014404230941,1.2347886045443914,1.2133522612980157,1.2476607958247492,1.0882366037376758,-0.12258756416785616,0.22089007598768867,-0.01756076888746522,-0.0018164556206921,-0.0392274736854556,-0.0640710912599491,SPY
2018-11-08,-0.2066381145152922,1.9618518954633655,1.6528688314728315,1.034798052325259,1.228886197252633,1.2538742734763755,0.9383774132018231,-0.1509725882111465,-0.4536429165102304,0.6961995149256399,-0.0098160757246184,-0.0270284731967445,-0.0603592275295925,SPY
2018-11-09,-0.9741072838537901,1.366570636821404,1.0801574573336894,1.0150676876789455,1.2474168448997458,1.255224332116101,0.4861948175094937,-0.2642752711009146,0.15063436252801632,1.4099597987387449,-0.0188618346565663,-0.0146155151226832,-0.0503162102632233,SPY
2018-11-12,-1.8419411313799965,-0.9046767135633698,0.9011853029932135,1.1390276941025832,1.2604018153590704,1.253859379613677,-0.3277130126426502,-0.5190763324576169,0.1563703689501514,-1.4450813365136754,-0.0018730668407425,-0.0128124613943079,-0.02643150955552,SPY
2018-11-13,-0.21206929317913845,-2.1535749896652736,-0.22386406523625588,0.9421516181725393,1.266797342763996,1.2476384295711074,-0.3428339009407449,0.05572425971794809,0.11161494003525292,-0.7313210527005704,-0.0068600408428363,-0.0296189780138336,-0.0248976828766585,SPY
2018-11-14,-0.6905106122889182,-1.5715984855783431,-0.6016580332402436,0.9515078526305244,1.266156367839718,1.2399928370071454,-0.5590521067446236,-0.4434771017353619,0.600673944597235,-0.01756076888746522,0.010382544868019,-0.0193572459992541,-0.0366748925131332,SPY
2018-11-15,0.96371205839303,-0.6922387733330732,-1.896621415094149,0.9345983898406811,1.2654258640292573,1.2374716752164245,-0.08008553495219514,0.20650790732270952,0.7572924156094091,0.6961995149256399,0.0025968823494428,-0.0364409405897623,-0.0668707208163272,SPY
2018-11-16,0.21676959509420002,0.20571792821243468,-1.3332927596863715,0.9385566865886903,1.268168694290882,1.235591929716117,0.05403839378458197,0.41206067395737817,0.5777412100126859,1.4099597987387449,-0.017058780928191,-0.0230224952252848,-0.0705647603898249,SPY
2018-11-19,-1.668959398596249,0.8986174552460308,-0.7600839145875484,1.0379332779240484,1.261773319535379,1.231183562763944,-0.6417036926620664,-0.3390031421587907,0.11972969798802877,-1.4450813365136754,-0.0186795834602682,-0.0026047418792511,-0.0685950193506048,SPY
2018-11-20,-1.8244562792974335,-1.1119816877069502,-0.6768220249455591,1.146094054046802,1.2453746754865205,1.2241047262299456,-1.3672530459183627,-0.9808312706777333,0.7194338859648522,-0.7313210527005704,0.0034016911717431,0.0388387367239104,-0.0663272741035294,SPY
2018-11-21,0.29398150644783405,-2.6708875598125097,-1.4529177729641896,0.7989994213058602,1.2215370689065412,1.2238809363955543,-1.2201321054980991,-1.1795810102524458,-0.43890496141815905,-0.01756076888746522,-0.0067011497224891,0.0332500549763956,-0.0904314421999377,SPY
2018-11-23,-0.6752668838913312,-1.1717687499544693,-0.9790488110539517,0.6661380022946138,1.195821034860333,1.218786280617913,-1.4515333150915322,-1.1893153530452665,-1.0516097989008548,1.4099597987387449,0.0160153277139203,0.0460280835053801,-0.1105084155321414,SPY
2018-11-26,1.5041111168040964,-0.294120607661577,-1.7679441563712885,0.6531256191569724,1.180525486420223,1.2204049761674884,-0.7842413183702283,-0.9191747665973746,-0.3535606656529872,-1.4450813365136754,0.0033589724178426,0.0431668865369943,-0.077233938027585,SPY
2018-11-27,0.28988314600755505,0.630068223795107,-1.1483036545261667,0.6391600286867949,1.1743088386966734,1.2237915350299722,-0.6754618516124203,-0.996548238095677,-0.44281538378123164,-0.7313210527005704,0.0227638951428934,0.0068686322402591,-0.072944867749447,SPY
2018-11-28,2.1515565419183167,1.367163548691808,-0.20544726645464984,0.7652151176799613,1.1780655155381372,1.228871233295929,0.26335432976838474,-0.969132581443331,0.5322906778007236,-0.01756076888746522,-0.0021869905757716,-0.0174131757663227,-0.0969995954141111,SPY
2018-11-29,-0.24218657187843223,1.8616244938232462,1.7083405966202414,0.7286675859106081,1.1837007470536798,1.2313701306713858,0.13987568890349336,-0.975107048270804,-0.3396066941477695,0.6961995149256399,0.0060768788064953,-0.038736426551635,-0.0860917795900837,SPY
2018-11-30,0.5506341981000534,1.4552772012536606,1.4502649799135372,0.6975652379477176,1.1876216237904074,1.232966447237522,0.3906201140114772,-0.6270139338376527,-0.0456811216401373,1.4099597987387449,0.0131541307455345,-0.0429178972484658,-0.091129006885394,SPY
2018-12-03,1.2296130241305312,0.2326358101792387,2.0403321445682376,0.7435186632970417,1.1959253707404813,1.2384936487934788,0.9154907373828843,0.125114755992396,0.04081092504463298,-1.4450813365136754,-0.0329392818788925,-0.0558450864522495,-0.1284352678513904,SPY
2018-12-04,-3.192506106437063,1.3566647878467835,1.908207037880265,1.1767021139883125,1.1976395728698754,1.2361514043020954,-0.5101239813689222,-0.5785861890549365,1.4316461268588665,-0.7313210527005704,-0.0015179128636884,-0.0178829385222201,-0.062548910650956,SPY
2018-12-06,-0.17799645919253526,-1.50201120390106,0.2320166970771991,1.1583249025747722,1.2061668494573512,1.2322129323531574,-0.5338741034141321,-0.4790248998272925,1.8368338192420557,0.6961995149256399,-0.0235102413610839,-0.0167042658204126,-0.0531773690859154,SPY
2018-12-07,-2.287900912709194,-2.5770175109996334,-0.8892750241482966,1.1275051249238353,1.204005180988028,1.2192040852910964,-1.4043784747655566,-1.0791579641740807,0.9977604517505602,1.4099597987387449,0.0018954081096644,-0.0118312749386397,-0.0203155035015791,SPY
2018-12-10,0.14947141779064912,-1.8861609202953586,-1.8739457113024336,1.1362807376919186,1.2052276738865928,1.206948638545225,-1.1946423529408086,-1.0959934256257984,0.7928569048861229,-1.4450813365136754,0.0002269415417508,-0.0335399664834792,-0.0175485189429611,SPY
2018-12-11,-0.010598264808056203,-1.6360702258947761,-2.0670387657254192,1.1209801429539328,1.200203701541117,1.1967816805137865,-1.0771525292868105,-0.8206322733159076,0.21377825672358067,-0.7313210527005704,0.0050228660511368,-0.0348640652492848,-0.0142539452893393,SPY
2018-12-12,0.4495141094810774,0.10312998458299784,-2.6639939112808584,1.029505897557182,1.1958207550030584,1.1914781287644534,-0.8050216163285304,-0.3445608440707343,-0.24252864824961656,-0.01756076888746522,-0.0003392401618809,-0.0549759711893926,-0.0188906638540098,SPY
2018-12-13,-0.06491671945162181,0.33227577380045487,-0.9109678523341159,1.0297173903225258,1.1820906518303018,1.1864878827832666,-0.766117027752634,-0.42423342388244895,-0.28113235748978166,0.6961995149256399,-0.018637250479311,-0.0710485692407045,-0.0246710192509755,SPY
2018-12-14,-1.8203949292197092,0.2907921932864631,-0.8565387940772926,1.130640069084884,1.161949985284522,1.1792300271115537,-1.485066466031125,-0.6655990994065059,0.08829969113743777,1.4099597987387449,-0.0198132834351749,-0.0731137956860585,0.0053616022300007,SPY
2018-12-17,-1.9332214164810948,-1.4427614393465629,-0.6315125385423587,1.1784516344802602,1.1317017898899489,1.1660570420446772,-2.179206161650938,-1.3609904162835393,1.0045419644230398,-1.4450813365136754,-0.0010971572240547,-0.0800786353055764,0.0275921463759978,SPY
2018-12-18,-0.13762991965077964,-2.869605572384841,-1.633982210539946,1.167012746614925,1.0955949351087124,1.1521456396328902,-2.0793704207835817,-1.4646269068992517,0.3960140888572384,-0.7313210527005704,-0.0150890398889709,-0.0296916728630449,0.0362474751428099,SPY
2018-12-19,-1.4799859849162378,-1.584460068547545,-1.6951267918569664,1.1485632685343532,1.067284980312342,1.1388383424759876,-2.566878081771998,-2.3346382630706057,1.8556033469003965,-0.01756076888746522,-0.0164118382131928,-0.0069545902780934,0.0645585576549745,SPY
2018-12-20,-1.6068928777316436,-1.238319357430344,-2.6238596779170162,1.1244821402233536,1.0334888052781737,1.126194942431316,-3.1090197688663475,-2.4331170730391865,2.3847318102541197,0.6961995149256399,-0.020702476924665,0.0081664154133287,0.0673676641233766,SPY
2018-12-21,-2.018529041080071,-2.3604110777805283,-3.366064341121504,1.2090294450316987,1.0014898991007046,1.109102554651674,-3.7705274402893685,-2.7420110381135605,2.271297323029159,1.4099597987387449,-0.0267781230546928,0.0375897175862496,0.0901606907832466,SPY
2018-12-24,-2.601415606695669,-2.771702127520774,-3.4614329114933517,1.376063001431591,0.9592088076937507,1.0885587115035351,-4.624848749908078,-3.255037797670539,0.3966500085694601,-1.4450813365136754,0.0492898052184767,0.0654074921521274,0.1174700717448464,SPY
2018-12-26,4.696404660601323,-3.531229694545432,-3.783057108625291,2.1395177960114005,0.9345923328780082,1.073727988599138,-2.4862302270854406,-1.8251126581312571,1.5637709592601445,-0.01756076888746522,0.0076480426959806,-0.0080344432868111,0.0766061643147573,SPY
2018-12-27,0.7013688366819653,1.5970364663322638,-1.4562746948447294,2.161420677069687,0.9108271330073444,1.0596439446780213,-2.0176018453062925,-1.6495202442687973,0.9815525463868374,0.6961995149256399,-0.0012908325217706,0.0172645893387501,0.0613286462012956,SPY
2018-12-28,-0.15621077948266768,4.119408011624773,-0.40631571071900496,1.9577752786721387,0.8867163094030007,1.0407100771683904,-1.8670365684193977,-1.4093169266307606,0.390436357163725,1.4099597987387449,0.0087208252482557,0.026409050561873,0.0612917984452527,SPY
2018-12-31,0.8042896658687546,0.4134140794874872,0.2919460700264561,2.007129128060526,0.8731642463397968,1.023851777629057,-1.3138793743544546,-1.2674594403639219,0.21617524400419855,-1.4450813365136754,0.001039651511185,0.0270398495368695,0.0682776426511004,SPY
2019-01-02,0.0673716683952278,0.49201580945482465,1.6506630621330383,1.9839999524072822,0.8676198921136685,1.0059428242796271,-1.070669814482023,-1.2511396315865233,-0.09687225861281086,-0.01756076888746522,-0.0241521302204619,0.030662590693967,0.0759818792272692,SPY
2019-01-03,-2.349482575752503,0.6627680986890967,2.935239577818407,1.9842127384101083,0.8535410104525049,0.9808321791236341,-1.8161613763666735,-1.6066133120798214,0.19816777711440217,0.6961995149256399,0.0329470753215419,0.0583362361098016,0.1006159374556086,SPY
2019-01-04,3.1285125387531907,-1.74580124604948,-0.4561814471784726,2.161456623118158,0.8574228598202619,0.9686094734161051,-0.26823804513065885,-1.0325875309157369,0.15594398225190106,1.4099597987387449,0.0078536287013522,0.025775308274726,0.0746792260428028,SPY
2019-01-07,0.7210923883907171,0.5920245369818006,0.7120839402410392,2.1925730081536843,0.8703859759706252,0.9581855644286269,0.19637074261676407,-0.6967576094056672,-0.5662113696641191,-1.4450813365136754,0.0093516242232523,0.0118020840145272,0.0710086820970117,SPY
2019-01-08,0.8648073853442838,2.9370552375992913,1.1343592774719382,2.0974185812950887,0.8944829084775383,0.9542317785336831,0.6567175547498507,-0.2917859216147689,-0.5545222055616859,-0.7313210527005704,0.0046623926682825,0.0138458307929401,0.0603379862520903,SPY
2019-01-09,0.41493094126637137,1.2082395780307489,1.1634884785688824,2.1039524280861333,0.9299158923839899,0.9508052990272485,0.9052772945589534,-0.21332034853230158,-0.6874916117563804,-0.01756076888746522,0.0035215151953726,0.0116006988354797,0.0460968943797484,SPY
2019-01-10,0.3054772078295276,0.9744208303251705,1.330780373245556,2.1088595247239272,0.9489595184147734,0.9480169006043674,1.0963449027303178,0.0724697057387936,-0.6276154310715554,0.6961995149256399,0.0003861474864663,0.0156373551828643,0.0437966127027671,SPY
2019-01-11,0.004675667273366708,0.5472544353109644,2.6087012551046915,2.0997133109299573,0.9653190078868099,0.9443114221331801,1.1578859084728648,0.3762901312018667,-1.0672460166268296,1.4099597987387449,-0.0061195955588466,0.0284732503195916,0.043964725338399,SPY
2019-01-14,-0.619473623074234,0.23393812685462395,1.1050941593318135,2.1066227767829226,0.9797891300173522,0.9394876564394893,0.9405781027290984,0.6726963015543059,-1.0956394231995654,-1.4450813365136754,0.0113953710016652,0.0209901141336477,0.0628618991611169,SPY
2019-01-15,1.060880776579067,-0.4724566429718809,0.4598349316193962,2.053666637403765,0.9954287248137779,0.9405321617575483,1.4413642018243984,1.44361464925305,-0.8026585610987086,-0.7313210527005704,0.0024172607108221,0.0116852928671873,0.0547081048171627,SPY
2019-01-16,0.19953701804722404,0.3341784128056886,0.5542116082776787,1.9319117406933677,1.0116233274681494,0.9458610585330642,1.4868535833287644,1.0222752024843467,-0.9227417818351008,-0.01756076888746522,0.0075581715427572,0.0097992900632721,0.0500699093165586,SPY
2019-01-17,0.6927467598313405,0.9596655349213216,0.45053531381571926,1.9401764179634804,1.0397389086667799,0.9528843804215685,1.7459475569249157,1.0268856381039186,-0.5510535364358301,0.6961995149256399,0.0132220426231937,0.0106670163089024,0.0533502207289382,SPY
2019-01-18,1.2361283675666204,0.6785176778274263,0.6369410930940914,1.8826662821689675,1.0608367634151503,0.965383080861716,2.2005683751127014,1.231680456585081,0.0453444531353408,1.4099597987387449,-0.0136027317447906,-0.0101845017317723,0.0418571866725354,SPY
2019-01-22,-1.337392253967035,1.4701734970155935,1.2296804371919292,1.8520466414291528,1.07355240941038,0.9782315579389279,1.4249721059895823,0.664771123348196,-0.18440088021262968,-0.7313210527005704,0.0020905497352048,0.0020905497352048,0.0574734458467203,SPY
2019-01-23,0.1681929544775411,-0.0802652219449418,0.8841222047972316,1.6666695324664949,1.0835090951883604,0.9952704296512324,1.3174662524128493,0.6805044463040621,-0.7302917164319063,-0.01756076888746522,0.000531257906907,0.0157066694541034,0.0518208570021574,SPY
2019-01-24,0.01859730009982101,-0.8958588352633182,0.4544417192774998,1.3346560608767937,1.091876344298115,1.0171860612028802,1.0838209051578815,1.5294266655847404,-1.208212546049465,0.6961995149256399,0.0084258977883875,0.0239192996345503,0.0574702219946701,SPY
2019-01-25,0.775994855652821,0.1397247838100124,0.36734938539260287,0.5446948998779644,1.1022228967006744,1.031891561092436,1.291353040041691,1.263349446150577,-0.46263562604505354,1.4099597987387449,-0.007629475417481,0.0159753298540401,0.0504049216065833,SPY
2019-01-28,-0.7643287819258807,0.6039095488113169,0.4074194763533585,0.593931384922355,1.1093904740004996,1.0436634283031052,0.8119920862453368,0.7477466342962872,-0.6602439759882178,-1.4450813365136754,-0.0013276802778134,0.0306151691802574,0.0573184919267504,SPY
2019-01-29,-0.1597458869446177,0.0059805875893085775,-0.5554674119564033,0.5940808165677319,1.1184025142700889,1.0554128274217542,0.6177434703158621,0.47670624495880887,-1.0075001656772715,-0.7313210527005704,0.0157066694541034,0.0361259342136319,0.0582161399303275,SPY
2019-01-30,1.474498998329261,-0.7086545523548771,0.011373145542752684,0.6514761540947537,1.1292439560997751,1.0686627259231805,1.1680830101492756,0.7308916418861034,-0.48006772972826306,-0.01756076888746522,0.0087438880873538,0.0191001931378593,0.0406453997404625,SPY
2019-01-31,0.8065022731845093,1.0011619932113873,0.6401419057552457,0.6604133057624471,1.1426643081530965,1.0834806935708057,1.391365706648297,0.8333428707706382,-0.25671715788433563,0.6961995149256399,0.0004819280078773,0.0007776058464461,0.0381261603086899,SPY
2019-02-01,0.013864678282780712,1.7390959718238455,1.0193869038346985,0.26690618430382357,1.1533107657873523,1.102875443387271,1.189780929470432,0.835366491280012,-0.5979719459224205,1.4099597987387449,0.0070103639087362,0.0015169113569601,0.0340004138280907,SPY
2019-02-04,0.6401910803893835,0.6235940339513437,0.6525481764163304,-0.23490189524049754,1.16155790524332,1.1175583351570375,1.3378091870616635,1.2196379782121953,-1.0806533887062846,-1.4450813365136754,0.004183084755561,-0.0049391924296777,0.0256285640155073,SPY
2019-02-05,0.36894700192240276,0.496580410276565,1.3285905301038863,-0.24763874259422228,1.1769127325424273,1.131603515007369,1.3662307693890035,1.1190718559265895,-0.7276691723510703,-0.7313210527005704,-0.0013190716216691,0.0036553010786324,0.0153701150538028,SPY
2019-02-06,-0.15891998795262133,0.7677605507730955,1.5830680882769372,-0.2591510847909715,1.1909028740060883,1.14358541114168,1.1703498704249597,1.0130144985579717,-1.1128528032469531,-0.01756076888746522,-0.0095786992040594,0.0082159493580125,0.0082886905250134,SPY
2019-02-07,-0.9513338072777631,0.15747094366424338,0.7968489356167255,-0.1551361662773823,1.200784405385152,1.152716265521197,0.6388410584024953,0.4197986309649516,-0.4099404509176798,0.6961995149256399,0.0012212335183914,0.0155737137722899,0.0158652934648282,SPY
2019-02-08,0.08479231967954494,-0.8508415278322455,-0.04925632292597449,-0.15552954504013858,1.2078170151540852,1.1614120027033672,0.596087736095599,0.10503244634292916,-0.7812260749796279,1.4099597987387449,0.0005542601220982,0.0251909632090354,0.029041360140769,SPY
2019-02-11,0.020804091266950455,-0.6647158509835593,-0.015116478472421643,-0.15592920115684913,1.2181035254505364,1.1701452291382277,0.5235629457705147,0.8294535647765271,-0.9137455566445357,-1.4450813365136754,0.0127775782638712,0.0263657116537281,0.0322509154111534,SPY
2019-02-12,1.193487256086541,0.07771618338861018,-0.31324813841171845,-0.1388651591082555,1.2341331140793912,1.1826749139047075,0.9537610358240317,1.0712677240446649,-0.818765153951464,-0.7313210527005704,0.0032415766577109,0.015601660819251,0.0260705649143444,SPY
2019-02-13,0.2786204078597877,0.9244382774114926,0.08363064493020589,-0.1883624910226824,1.2452443637630093,1.1936590358064,0.9764340467198585,1.1228582806259193,-0.9244055570094946,-0.01756076888746522,-0.0022209347897819,0.008798045052182,0.0221888054605363,SPY
2019-02-14,-0.2454431187383946,1.1213353356466493,0.2942334615616553,-0.17197460779816373,1.2519171025188482,1.2037126986429523,0.7654172222932093,0.8252950659930351,-0.5674938306989118,0.6961995149256399,0.0108384829551368,0.0171996027413836,0.0293385526367488,SPY
2019-02-15,1.0074539386878627,0.022408931172082976,0.6340022432858382,-0.14203444283084635,1.2628782723787653,1.2145241663055182,1.1309747492816629,1.4786402094792934,-0.2967767298980911,1.4099597987387449,0.0017290085667909,0.0077217171865475,0.0221189672950536,SPY
2019-02-19,0.1335073448361408,0.5790268367401953,1.078110119085707,-0.22426164690043293,1.2717103389794524,1.2230698191789589,1.1137390648511285,1.5840972191924143,-0.9881978791990277,-0.7313210527005704,0.0020135274293942,0.0052768035224426,0.020638290543677,SPY
2019-02-20,0.1608035729452876,0.8684353291146835,1.132357961964598,-0.42450350061375997,1.2796727109381019,1.234736678292706,1.0749502350926754,1.3817234657058,-0.641722148858604,-0.01756076888746522,-0.003562039109358,0.0028332438188121,0.0156102850395107,SPY
2019-02-21,-0.37410625583363877,0.22183945585308465,0.6352927893762153,-0.39215247542162607,1.2866904882715011,1.245248079176189,0.7996487035633917,0.9197423071694196,-0.8658133384215418,0.6961995149256399,0.0061806228994196,0.0045312121924085,0.0304038875197818,SPY
2019-02-22,0.5605872198418371,-0.16583044034623123,0.32111362973761437,-0.38642307351461713,1.3001860201653095,1.256944891502695,0.9477978915032,1.0657759248803909,-0.6274799020065929,1.4099597987387449,0.0013605974003008,0.0045752379485701,0.0047890391884024,SPY
2019-02-25,0.09816263993166538,0.13948857531858325,0.7090829720430402,-0.4118496857932634,1.313756452042331,1.2672537103938863,0.895839424972488,0.9267585371596221,-0.7922844323743163,-1.4450813365136754,-0.000715905097314,-0.0004291779244525,0.0026763051391229,SPY
2019-02-26,-0.1010532761080932,0.5001653451252375,0.27141067826327864,-0.49296513813632153,1.3268020752054532,1.2789280418985765,0.7366752795536881,0.7499525142939969,-1.008340657295062,-0.7313210527005704,-0.0004300322742363,-0.0010747587309856,0.0108184188314712,SPY
2019-02-27,-0.0736271514654729,-0.005136526313456248,0.15850881156831015,-0.4989542034674026,1.3344493024317452,1.290774836695436,0.5892783085507355,0.8157014210607002,-0.9753632799867806,-0.01756076888746522,-0.0018640707357615,-0.0067200906628928,0.0060055608310314,SPY
2019-02-28,-0.21120622304238762,-0.13633421390724254,0.04566946841649793,-0.6469429996099733,1.339982360600623,1.2991028864159144,0.4169811062547985,1.4843005102666287,-0.7412439939920304,0.6961995149256399,0.0062246486555812,-0.0132565160775897,0.0116530245493278,SPY
2019-03-01,0.5648109717290372,-0.22045918898222377,0.1240786988864979,-0.6754902465242296,1.3490394578913636,1.306973376306622,0.6085906170282946,1.5895688978333045,-0.5569665895364895,1.4099597987387449,-0.0036438184727218,-0.0214832609974156,0.0117140158703614,SPY
2019-03-04,-0.38195202091428826,0.2671227840419931,0.12611173184233518,-0.6468043341109203,1.3520836181126281,1.3139810023552048,0.3719136672877462,1.2494929896043494,-0.0519736412786108,-1.4450813365136754,-0.0013614859038471,-0.0034421423303614,0.0271474626310812,SPY
2019-03-05,-0.16298913792328826,0.1367224053875804,-0.10498350153026542,-0.6696806016656067,1.3538380179232299,1.3192779855291952,0.25532385271897134,0.7356153758747446,-0.8912052439335512,-0.7313210527005704,-0.0060753642061435,0.0016831589659682,0.0289985257670641,SPY
2019-03-06,-0.6152301466245079,-0.41910626545670215,-0.13479530193456102,-0.6286136877763793,1.3522185093188086,1.3224516639934691,-0.04536247538984615,0.07842926771887787,-0.5753298621564306,-0.01756076888746522,-0.0084004961504584,0.014355750939174,0.0366462888010401,SPY
2019-03-07,-0.838299124741347,-0.5972632467911777,-0.3954869257667591,-0.5543187595323724,1.3486046614534863,1.3241548344771188,-0.429641189701173,-0.3262840530694906,-0.17828914042598226,0.6961995149256399,-0.0020020962642446,0.0221160642935354,0.0476969083919849,SPY
2019-03-08,-0.2244481440731676,-1.113004653535767,-0.6973276989876372,-0.6484047774257915,1.3415869858863692,1.3273960572452206,-0.5502999677184209,-1.1525434174326112,-0.335014439928998,1.4099597987387449,0.0143973001943322,0.0290469729442106,0.0545273982039136,SPY
2019-03-11,1.348880465811604,-0.8145602892284534,-1.077224491217206,-0.48273558552959694,1.339967502723518,1.3333757649014675,0.014495879987858337,-0.3421403194842826,-0.7155101171926314,-1.4450813365136754,0.0037638153924826,0.01826857036332,0.0408920917970734,SPY
2019-03-12,0.32872305308101596,0.8558119855099375,-0.24411696489415477,-0.4792171023739134,1.340222401817204,1.340030737378825,0.10959052230188153,-0.2558667415240515,-0.4270102717982929,-0.7313210527005704,0.0065972277670622,0.0147530867862517,0.0319903593773744,SPY
2019-03-13,0.6005555417819144,1.2782747018324647,-0.007439452626414333,-0.5715639862595574,1.3434313725314215,1.3454626818624975,0.3429628360826177,0.22797517897631517,-0.40238592746072754,-0.01756076888746522,-0.0006401827960971,0.0051413809444174,0.0287983720964533,SPY
2019-03-14,-0.09378861467913226,0.7067710123348443,0.5777588350040896,-0.5722555583183253,1.3471500396667297,1.350091821687132,0.26573243619711534,-0.06838815779219241,-0.6368842807906102,0.6961995149256399,0.0049288123864306,0.0170131271114275,0.0291608930984175,SPY
2019-03-15,0.4404907699990087,0.3840943658315704,0.9361166276364362,-0.5713666034344195,1.3503425496849077,1.3562209644324528,0.4187571614489717,0.0896052704714287,-0.3506857813511976,1.4099597987387449,0.0036188976134416,-0.0073499107069627,0.0309751492203851,SPY
2019-03-18,0.3148199019240769,0.26185120020248953,1.25617395155835,-0.6556180541191695,1.3566004890771912,1.3608753092555006,0.5298780561156738,0.27376126630823555,-0.6991160489329633,-1.4450813365136754,0.0002483318154142,-0.0117209449693831,0.0267013241866553,SPY
2019-03-19,-0.008546120412809808,0.573909862556531,0.7584460402466306,-0.6553752163948412,1.363534054812617,1.3652223695044652,0.4948681156926959,0.308448454220504,-0.11954666624188144,-0.7313210527005704,-0.003014478074772,-0.0045430681897631,0.0271079197915291,SPY
2019-03-20,-0.3215742346980864,0.2309756218941001,0.5961071143312955,-0.6410236213369981,1.3717215846691726,1.368508706673765,0.32675447898087673,0.23824491906625878,-0.2040806574444259,-0.01756076888746522,0.011231563370913,-0.0067714803896672,0.0276725215915991,SPY
2019-03-21,1.045165367013181,-0.25504533688367964,0.15225523211633893,-0.5638255252045692,1.3881773704851166,1.374934224556988,0.7574266419970814,0.4132456341318397,-0.306629433043696,0.6961995149256399,-0.0194342254319597,-0.0142196507780454,0.0184082121510407,SPY
2019-03-22,-1.896855273204379,0.5496853133894042,0.7004718513215761,-0.247207365871611,1.3972043958396614,1.3759396112083184,-0.11161764470052273,-0.31644848649049173,0.9265888508457756,1.4099597987387449,-0.0007521366489786,0.0115002146305291,0.0387040998619268,SPY
2019-03-25,-0.10452926602994304,-0.6533735405827772,-0.4245709215337147,-0.24757172586072101,1.399947124335005,1.3765016317537324,-0.15034782149615694,-0.2938855198901419,-0.08077023733456974,-1.4450813365136754,0.0074262085950342,0.0240419795675057,0.0484079299351085,SPY
2019-03-26,0.6800864718980769,-1.5314075382232128,-0.6264176921826083,-0.2119713212429599,1.4042479963670018,1.3787811310748241,0.15153476452432987,0.1776703332217573,-0.684779919445882,-0.7313210527005704,-0.0052428902746761,0.0171053482046072,0.038759738790338,SPY
2019-03-27,-0.5353640944396472,0.4366302320756948,-0.29495580899899154,-0.18969958278009577,1.403560870434047,1.3800429467605104,-0.09169589918006602,0.3100316261529275,-0.5132671984054914,-0.01756076888746522,0.0037833929825348,0.0239206373071159,0.0433864689280802,SPY
2019-03-28,0.3306012918698351,0.10759709941679745,-0.3978600140957894,-0.18557814079914045,1.4047402398708084,1.3824937000430395,0.04860611228326583,0.49901201950566204,-1.1693715061482768,0.6961995149256399,0.0062856399766149,0.0227873677650674,0.0442490178294123,SPY
2019-03-29,0.5706623694057366,-0.15930844307847822,-0.7418035866873194,-0.1850917757270692,1.4065022975940966,1.384972738934898,0.2994166162678737,0.2869926006512078,-0.016325435196457648,1.4099597987387449,0.0117896282879979,0.0213301213361365,0.0395298508936274,SPY
2019-04-01,1.0987051117495457,0.6853757101177405,0.44589512775154744,-0.11923481118522616,1.4117738164194171,1.3907415520412956,0.7619207355574894,0.5088052827236794,-0.18903503857143605,-1.4450813365136754,0.0004895772321358,0.0103024868356307,0.0282504215086376,SPY
2019-04-02,0.014598531104725787,1.271984752369892,1.0250520500687064,-0.12382871809457581,1.41715053613828,1.396901055352886,0.7186776379529463,0.34944836437024795,-2.0653855593570234,-0.7313210527005704,0.0015723988278324,0.0046749925762785,0.0202158610296798,SPY
2019-04-03,0.11848248806702913,0.8473128952921671,0.7047304612354974,-0.16457822012920173,1.4244852136723927,1.4046676573688235,0.7068835791351842,0.424899745063418,-0.5765907330365415,-0.01756076888746522,0.0026501234404863,0.0065078342345872,0.0164818963732527,SPY
2019-04-04,0.22187744964066478,0.09870647049617855,1.0194486752305152,-0.2429802168990862,1.4281751063915957,1.4147476326961423,0.7189566092007498,0.36323177809124796,-1.5272351261320192,0.6961995149256399,0.004828393547684,0.0035800489999679,0.0235725634797336,SPY
2019-04-05,0.43085676716417864,0.2570075812763213,0.9671162560353898,-0.2544347941501259,1.4422119840200536,1.4262877539491845,0.8131660381275552,0.4002786560797672,-0.9910070592772549,1.4099597987387449,0.000761993787492,0.0054947239606821,0.0146203378458809,SPY
2019-04-08,0.04073368561670858,0.49557113472158576,0.8998231468854151,-0.3628976086374328,1.4568963750563784,1.4350074867990352,0.7557620822119634,0.4149309847274988,-1.2090174291860571,-1.4450813365136754,-0.0051379170272163,0.004077802752902,-0.0029821168447927,SPY
2019-04-09,-0.5252931498217652,0.35722971892094824,0.3905861383905735,-0.32776161515760605,1.4662192095497901,1.441824165889947,0.4562919504486413,0.3079429560791151,-0.5509847375466105,-0.7313210527005704,0.0034052404861411,0.0098706472004064,0.0007654517414508,SPY
2019-04-10,0.2943220212894598,-0.37299212418931854,0.13071822729658805,-0.3451289660466269,1.4792320639702565,1.447991396188425,0.5432905598361017,0.06687123814343156,-1.2136496682775453,-0.01756076888746522,-0.0002776617941329,0.0040155304395632,-0.0056703492414724,SPY
2019-04-11,-0.059009001568671025,-0.1793240198715972,0.21535567180737933,-0.346217289588627,1.4905278668054462,1.4542334013155274,0.46625512659305474,1.3136626462486287,-1.0507711206579935,0.6961995149256399,0.0067430685083982,0.0062604461640507,-0.0003815151167412,SPY
2019-04-12,0.6145472402819363,0.17678213471950738,0.08015563463489994,-0.3339003291633387,1.502094749573087,1.4609025929763328,0.6967085027334682,1.5175048438998533,-0.3092465014321924,1.4099597987387449,-0.000654927420288,0.0003790399345788,-0.0325763740027991,SPY
2019-04-15,-0.0952031874129605,0.4213415343167983,0.1685719989231212,-0.33416750931160405,1.5083300205261576,1.466660063833445,0.6078443664640011,1.309092122706485,-1.2705057255880576,-1.4450813365136754,0.000654927420288,0.00998566077907,-0.0229182511935146,SPY
2019-04-16,0.030461930854027475,0.393699650311397,0.10314103844925518,-0.3347344956927393,1.5146405985275677,1.472507852601535,0.5764618480758167,1.8308726501364696,-1.1530310596101876,-0.7313210527005704,-0.002449876274702,0.0071087508090457,-0.017732480873807,SPY
2019-04-17,-0.2674073531615409,-0.05237250177178006,0.3706445340527584,-0.33835392937914655,1.519204103890647,1.478461158658435,0.40646831512167164,1.4948752145402302,-0.8159527926504346,-0.01756076888746522,0.0019672539303545,0.0089424669468138,-0.0060647045131929,SPY
2019-04-18,0.15636417664783667,-0.18388665145720312,0.10026541117350087,-0.4197811611539731,1.5234813407037557,1.4824475455639519,0.45260015514018254,1.3892587036047677,-0.2200490681479006,0.6961995149256399,0.0008616622789263,0.0116211549003262,-0.0145176084698332,SPY
2019-04-22,0.05029570147953188,-0.08773376963183586,0.20393172037232407,-0.8568887682707553,1.5260416785810103,1.4907520324298533,0.4055057364410199,0.9910700184620501,-1.7485898712427643,-1.4450813365136754,0.0089516934242031,0.0123259656622298,-0.0220135038051871,SPY
2019-04-23,0.8264387435648418,0.15489942627229183,-0.06766140450879383,-0.8108658541596278,1.532201744252023,1.5011816443664665,0.6958567457147314,1.3252405366995756,-1.0580096061703024,-0.7313210527005704,-0.0022219825497362,0.0038844711410348,-0.0219894372627029,SPY
2019-04-24,-0.24554363894452264,0.6666424872536331,0.3759556613604554,-0.8207273579997247,1.5396117542760464,1.5095539937811246,0.5111666220320897,1.0172464350259152,-1.118485161611934,-0.01756076888746522,-0.0006161601369338,-0.0014385295560508,-0.0228438305993154,SPY
2019-04-25,-0.09148392395209251,0.4407068420255621,0.24310495554707695,-0.8786889745499282,1.5452746407785976,1.5188984796168838,0.38850962045952764,0.8417627184073971,-0.7067747196715146,0.6961995149256399,0.0046459418838669,-0.0029839352477116,-0.0345214605069772,SPY
2019-04-26,0.413352682588286,-0.2603204448039384,0.3277827820005119,-0.8741570025950388,1.5531063702733214,1.5284690211909326,0.4968608915802798,0.837171257528939,-1.042364054715746,1.4099597987387449,0.00156647304083,0.0021109134153887,-0.0369017700814993,SPY
2019-04-29,0.11791397871666927,0.24288567149731488,0.45147993936234304,-0.8968498421954739,1.558694000610674,1.5370523542640198,0.47902293456113565,0.8732819395812094,-0.6813894754536287,-1.4450813365136754,0.000510198903008,-0.00357939171161,-0.0478124205725052,SPY
2019-04-30,0.016576937130143344,0.40280507295709905,0.4840268762353684,-1.0443273694356212,1.5647936171104526,1.5432241672894824,0.4390079940257013,1.524494243207673,0.6630160763362666,-0.7313210527005704,-0.0075449832468219,-0.0209300515177996,-0.0550557533048836,SPY
2019-05-01,-0.7562227549909868,0.0997832235558881,0.09421332039057062,-0.9299602281282311,1.5672785970562275,1.5476250618507132,0.061868795047959675,0.47384657912955436,0.12291936768156218,-0.01756076888746522,-0.0021615658285947,-0.0147754167119504,-0.0447833777024655,SPY
2019-05-02,-0.23974736734834215,-0.5678042807452494,-0.15159360684078604,-0.9174881954821703,1.569883915629922,1.5512120131803764,-0.06885118964850831,0.29344284296097173,-0.23804057468414316,0.6961995149256399,0.0097407905469673,-0.0156444113801379,-0.0561886322650089,SPY
2019-05-03,0.9021433027148446,-0.7635618734878898,-0.22295775762907627,-0.8226112301151383,1.5759234391404517,1.5563740477744792,0.30764894831652256,0.45244802954363056,-0.7143242117220558,1.4099597987387449,-0.0041238320861687,-0.0203740295965069,-0.0684759980877647,SPY
2019-05-06,-0.42800366391699163,0.5029498917662344,0.01231350492611085,-0.8095705093320714,1.5797639968394734,1.559576762906118,0.09380802531103606,0.16523532948508393,2.079018508276732,-1.4450813365136754,-0.0168404609031815,-0.0417019878879978,-0.042877313128872,SPY
2019-05-07,-1.6480141679393878,0.3591765593469699,-0.25045490294620026,-0.5088667672129117,1.572308802586447,1.5589287398509684,-0.6336773423122873,-0.815734144440929,3.5117703481618308,-0.7313210527005704,-0.0013903484409727,-0.0158583315958198,-0.0174122768228714,SPY
2019-05-08,-0.16575815783986075,-1.5884057761853825,-1.0516782382598997,-0.5305949615910773,1.5652301435751168,1.559094532729416,-0.6953554103224453,-0.7706024688060282,0.9684188700721997,-0.01756076888746522,-0.0030305604967821,-0.0086272854148514,-0.0095401713923495,SPY
2019-05-09,-0.32311715334930896,-1.3881260989160675,-0.7674678922636551,-0.5342389397412053,1.557112196413564,1.5578661327613221,-0.8138924762853568,-0.9997278803407674,1.4678307877252381,0.6961995149256399,0.0050111723305983,0.0036211751678427,0.0034474804511956,SPY
2019-05-10,0.4483922349580918,-0.3762881823527386,-0.8075965567751127,-0.510124591582931,1.549114893178776,1.5577832872412865,-0.5968628653990303,-0.7850712643598199,1.7815000921969268,1.4099597987387449,-0.0254517903776596,-0.0078756471890413,0.0030152008122641,SPY
2019-05-13,-2.4741696344263646,0.0927449931031643,-1.0260021116305975,-0.09185547669052242,1.5295204571491587,1.5507749228644674,-1.6163829421774532,-1.9445793450722821,2.277382349014444,-1.4450813365136754,0.0090031953889964,0.0109419101321908,0.0282244815672774,SPY
2019-05-14,0.8313797494658363,-1.5500366245645218,-2.01089018324409,-0.022247749026626965,1.513525723471731,1.5458238591989952,-1.1861577434201387,-1.4704433961098364,0.18730892762198842,-0.7313210527005704,0.0058406977399956,0.0109144747098817,0.0174545943241923,SPY
2019-05-15,0.5279754112370323,-1.2575449935307073,-0.8174750207997794,0.005579323701652407,1.5033597807773345,1.5419806570521377,-0.8984793499225056,-1.215766888455194,0.04803454756213275,-0.01756076888746522,0.009217900085912,0.0019974010835372,0.0157314106146175,SPY
2019-05-16,0.851978132045781,1.0352250518186865,-0.4835578670062345,0.06256785977876572,1.4981186137454827,1.5406617991452969,-0.4876177417353283,-1.0488445826078592,0.16656797768889772,0.6961995149256399,-0.0064856500262857,-0.0195142890469703,0.0054079365131016,SPY
2019-05-17,-0.6545922305091353,1.050956255289406,0.08205476963964274,0.08028733136219848,1.485783624526352,1.537511836293164,-0.7368586925040359,-1.2524906457683789,1.1300259121731615,1.4099597987387449,-0.0066342330564275,-0.0107630067113397,0.0122739223757237,SPY
2019-05-20,-0.6688470192665109,0.1478167918875076,-0.4488485191797039,0.09788142279961984,1.4724244594498068,1.5327491608961317,-0.975158907847764,-1.401594635160387,-0.4312386757217526,-1.4450813365136754,0.0089757599666873,-0.0134729511050881,0.0293246797603137,SPY
2019-05-21,0.8287476443787858,-1.0136535228727988,0.42011359567864753,0.09816811572743275,1.4702858410432524,1.5279488562186399,-0.5408869339657926,-0.947013160506028,-1.0736800637712378,-0.7313210527005704,-0.0030763758863487,-0.0291818449011458,0.0226033905343605,SPY
2019-05-22,-0.3275125994475981,0.11918888829850993,0.41884667552611277,0.09971301167672414,1.4674242749726405,1.5229752226227713,-0.6245545399569854,-0.9663774364326069,-0.9544650375797226,-0.01756076888746522,-0.0122937900445956,-0.0233780766592008,0.0351891500772074,SPY
2019-05-23,-1.2118147407463606,0.37986960868475067,0.007071702588838951,0.16775838037133034,1.4606168485431843,1.5155072489188364,-1.0792978300593763,-1.5316348642114932,1.0371045895530546,0.6961995149256399,0.0022656323093448,-0.0246511070057433,0.0460279949895205,SPY
2019-05-24,0.1849900618395421,-1.1785295496236756,-0.9863007862459333,0.15348918405530917,1.4526043058077351,1.5074966548803854,-0.9030529360489199,-1.3795766053839436,-0.7263620560929215,1.4099597987387449,-0.0093441774501759,-0.0294633145908767,0.0425372975090345,SPY
2019-05-28,-0.9288342118836723,-0.7871258259233807,-0.5821817671683719,0.1755427615696484,1.4515350220460288,1.4971574754229255,-1.2007683692629667,-1.223840208941281,-0.12022081501979301,-0.7313210527005704,-0.0067331338293703,0.0013557157320231,0.0420251597407625,SPY
2019-05-29,-0.6783353815976286,-0.5710105916076011,-0.7073222926542779,0.17997340776941587,1.443808773302121,1.4852885816981645,-1.3703762967307729,-1.328294034569158,1.3042756615077435,-0.01756076888746522,0.0027273923555961,0.0167134249642124,0.0477604687452801,SPY
2019-05-30,0.22929049042567645,-1.2303413987449863,-1.432731725030794,0.18098684260734954,1.4347268704802547,1.4756578409132608,-1.1590065535574148,-1.1767297466314848,-0.4281918575926146,0.6961995149256399,-0.0135668203911381,0.0204677895981655,0.0485726159753454,SPY
2019-05-31,-1.3339469832667454,-0.3458692677033215,-1.1647237875724137,0.24866399014116777,1.4160062506270785,1.4636684596582088,-1.616613015489969,-1.5878405134127,0.5552085350439137,1.4099597987387449,-0.0025465752757884,0.0439917013360666,0.0672718441471929,SPY
2019-06-03,-0.27668448145957314,-0.846566808570581,-1.2235101179832302,0.1563995641414584,1.3990323726718166,1.4490036442004353,-1.5795506047252799,-1.1399228164818112,0.9421494122484992,-1.4450813365136754,0.0214748528727239,0.0511171693035219,0.0788561008684167,SPY
2019-06-04,2.0278881442348267,-1.2329852665697338,-1.445729506447467,0.4666479525816021,1.3938816249811135,1.4397421311826828,-0.5681897488908396,-0.7323321736599239,0.16839330289534257,-0.7313210527005704,0.0086245754028189,0.0293998068081515,0.0599822946386927,SPY
2019-06-05,0.7950556287561567,1.3344839131333122,-0.022560212468285334,0.4006264733250915,1.3885347482243129,1.4359967320675446,-0.15491333575050448,-0.6525704154060235,-0.0827287816575223,-0.01756076888746522,0.0064817569895492,0.019008539551244,0.0593211558235919,SPY
2019-06-06,0.5894774830054387,2.152983214042052,0.6866321266843206,0.42613515957145315,1.3872846003387398,1.4339394186263998,0.15047568460363103,-0.7355146837166522,-0.14675120092450367,0.6961995149256399,0.009957091346763,0.0166442965921156,0.0517007159555218,SPY
2019-06-07,0.9228948125352898,1.0544537203582391,0.860002164919213,0.47260361253463434,1.3955830045590325,1.434685435660227,0.5830204712912401,-0.2824746862570207,0.05510599540097365,1.4099597987387449,0.0045788926916667,0.0055816312297487,0.03623356923626,SPY
2019-06-10,0.4069201036440124,1.152085862287592,1.9462955527673502,0.4706419144817514,1.4049058390524445,1.4353410456744935,0.7800837749850652,0.02892747121543666,-0.48930783883437706,-1.4450813365136754,-0.0002425096226463,0.0013830743744183,0.0329002252957417,SPY
2019-06-11,-0.055636565440357354,1.0126648534452793,2.2753372880285547,0.10272975612891423,1.418084241771405,1.4413998944797977,0.7059227645067399,-0.20413065371441574,-0.5604670862616333,-0.7313210527005704,-0.0017666918540886,0.0120421083252271,0.0379096422564826,SPY
2019-06-12,-0.2018638682233217,0.26535005095168934,1.2724672065951126,0.07096318803373558,1.4333260067317208,1.4451603147556058,0.5881207542744926,-0.16185983323920158,-1.0098319479970805,-0.01756076888746522,0.0041175140304208,0.0160632709200498,0.0420178761654046,SPY
2019-06-13,0.36265626444956034,-0.19958473186385486,0.7926165321703058,0.06234853563897699,1.449215259658334,1.4485664011269606,0.7359315811798568,0.40028109070910806,-0.9043323325912325,0.6961995149256399,-0.0011055740156038,0.0214551405461271,0.0423671325035384,SPY
2019-06-14,-0.13843741149848784,0.11986994336624536,0.6834398985226893,0.01779926470925367,1.4702855103028372,1.4497420488155486,0.67442019709231,0.2992278247180164,-0.7445957979059372,1.4099597987387449,0.0003803358363363,0.0211057694294485,0.0438055642725991,SPY
2019-06-17,0.004118108009325165,0.1683094017699589,0.17258522566852175,-0.012197958191283545,1.4925759132214302,1.4524021945318601,0.6636694023544101,0.7312545998507176,-1.2229618703640006,-1.4450813365136754,0.0104165243281624,0.019500368421971,0.0401947284615333,SPY
2019-06-18,0.9669719867036289,-0.10550999492720943,-0.021296837878823496,0.00600933967593413,1.5104532467826293,1.4587699955146773,1.0629565527421603,1.2780249311836336,0.6480366270690108,-0.7313210527005704,0.0022544707407341,-0.0007724711246392,0.0229501803635638,SPY
2019-06-19,0.18391924101569274,0.738702898685819,0.47091883741453733,-0.03059021705712287,1.5256648380404694,1.4637058470725215,1.1125449576018909,1.2727160095850423,0.37606384462236747,-0.01756076888746522,0.0095093836564981,-0.0040247666902262,0.0243494838022266,SPY
2019-06-20,0.8799425417161523,0.8760189329235274,0.6566091421090703,-0.002393140420665403,1.5423224009511343,1.4714150122435907,1.4607546708273116,2.181936994461139,1.83622831571808,0.6961995149256399,-0.0014549451322825,-0.0099946107610628,0.0092695705026919,SPY
2019-06-21,-0.17195544825834141,0.8095536217891091,0.9055963168700643,-0.12810053744691247,1.5540398214907434,1.4814300146861126,1.2896977331549893,2.2471291246171448,0.5064166961911383,1.4099597987387449,-0.0012250651711411,-0.003407257848071,0.0131781807113338,SPY
2019-06-24,-0.14990117811391732,0.5377683432449718,0.8894629654877935,-0.1201107479298226,1.5632242283996907,1.4906901910751613,1.137732609136187,2.01665381512315,-0.8984919763981482,-1.4450813365136754,-0.0098563152184478,0.0068554887685055,0.0215278694745517,SPY
2019-06-25,-0.9779677885405931,-0.24873423950942464,0.815328335214642,-0.11204517097853506,1.5681555171042534,1.4997514516535047,0.6031827131821961,1.0726585234533803,0.4591160585948117,-0.7313210527005704,-0.0009978248248527,0.0193128506299533,0.0360727263538303,SPY
2019-06-26,-0.12810014787242455,-0.8642944212703196,-0.12083618528503419,-0.15975772039481476,1.573415968846457,1.5100098223584784,0.45380058874448476,0.8275720775763881,-0.7199250938305224,-0.01756076888746522,0.0035395395856614,0.0282741120425242,0.0322818233328385,SPY
2019-06-27,0.3072064354257217,-0.8476447430118843,-0.27102154593373895,-0.15894363127066163,1.5784430705050896,1.520475408701918,0.5038653458471442,0.6144548252681286,-1.160801483504126,0.6961995149256399,0.0051324077807093,0.0235958895783419,0.0354200841912009,SPY
2019-06-28,0.4600233460586552,0.13385645661253096,-0.5466985767306937,-0.3553364068293761,1.5862221359491169,1.5349102858332637,0.5845597989414341,0.6387757057537773,-0.4090961614759948,1.4099597987387449,0.0090376814454353,0.0129534264251338,0.0284650766445215,SPY
2019-07-01,0.8346882797141582,0.5830126130744713,-0.24250606008917236,-0.36284165894790343,1.59786124733508,1.5518870615949338,0.8141394277185484,0.9480826990002,0.33130591069091575,-1.4450813365136754,0.0026010466429999,0.0051612937308469,0.0169693131281469,SPY
2019-07-02,0.21716910993060845,0.9858560978678441,0.23140975437913155,-0.6519711371407451,1.6061022808141552,1.5649554968375852,0.7972166948020354,1.1438599248711496,-0.3486891321126549,-0.7313210527005704,0.0079634365877181,0.0073271544259414,0.0033677848591846,SPY
2019-07-03,0.7316271595725,0.8003857393370645,0.8066690892591951,-0.6591470867785537,1.616936217380578,1.5779874866709171,1.0210472736361655,1.2333925469247249,-1.1419077554846486,-0.01756076888746522,-0.0011386828785209,0.0017052598930566,-0.013342092300058,SPY
2019-07-05,-0.1416138162765419,0.7216768676780224,1.2204845774192856,-0.6575230578460481,1.6230382762711129,1.589375359549708,0.8544037908378561,1.2280641287986356,-0.7076153951147179,1.4099597987387449,-0.0055100553724987,0.0073107131401322,-0.01976109223998,SPY
2019-07-08,-0.5609954335580527,0.4476705377111094,1.004452389135906,-0.6583201377137982,1.6273061505863198,1.5973736693338811,0.5283710463915433,0.846908766911993,-0.92576511884962,-1.4450813365136754,0.0012455487511484,0.0131536262660878,-0.0447855723400358,SPY
2019-07-09,0.08712507939111272,-0.5395190605238719,0.5130019244956702,-0.6664377197359692,1.6326786470044972,1.6046572773852867,0.5106511997720072,0.5916650330165226,-1.0895124173475697,-0.7313210527005704,0.0047669073380944,0.0086775775402099,-0.0321057576839614,SPY
2019-07-10,0.424957890769243,-0.3648287373662073,0.15317477000922886,-0.6613609017690381,1.644558944477711,1.6130690255222093,0.63818106585954,0.6726689144010225,-0.4167946243134112,-0.01756076888746522,0.0023415420548333,-0.0029173535676916,-0.0362819567131706,SPY
2019-07-11,0.19227270633489282,0.38815428435543403,0.2531904552530491,-0.6759064145999804,1.65793754691403,1.6223951549904383,0.6490062514494929,0.4337557776155882,-0.7095841248902597,0.6961995149256399,0.0044667703685545,-0.001605121443128,-0.0191934750444904,SPY
2019-07-12,0.39616328956218017,0.46845664341183985,-0.006418870198247786,-0.6743188130835625,1.6717852919082474,1.6318392642189143,0.7535480383370334,0.6926307905323053,-1.0944344764821325,1.4099597987387449,0.0003328577534569,-0.0116424214547192,-0.0304949286510431,SPY
2019-07-15,-0.00043685389584747255,0.44646590075578446,0.25243122522952033,-0.6819531249863924,1.683514466453373,1.6416002944779353,0.6709304176034568,0.7901874938877516,-1.3004754929211728,-1.4450813365136754,-0.0032304999747294,-0.0095216141318168,-0.0430758486693383,SPY
2019-07-16,-0.34229898736951114,0.2992915635971809,0.5222468054448783,-0.65560656503219,1.6897498391727248,1.650543868081366,0.43868647262753496,1.3185957675039017,-1.160218158269959,-0.7313210527005704,-0.006828023769807,0.0008335094349893,-0.0244138673425045,SPY
2019-07-17,-0.6874389518696457,-0.2646799175993166,0.31555064926209403,-0.6632335245268444,1.6917325516359614,1.6556593625369902,0.08709948502542113,0.8299710411620719,-1.1760082772658778,-0.01756076888746522,0.0036537741793969,0.0123500748656271,-0.0475987807635425,SPY
2019-07-18,0.31816589695326025,-0.7893507137694833,-0.21988313128446987,-0.6581424017520598,1.6917778376312465,1.6611028274871074,0.19444897473564085,0.8360680528746164,-0.6128222430721384,0.6961995149256399,-0.0055705296430366,0.0039075728403856,-0.0486143048161409,SPY
2019-07-19,-0.5667972263398492,-0.2849466694119913,-0.159286530850084,-0.6936272516458325,1.6898254515199096,1.6631791337856419,-0.07048509707255916,0.27352357334711735,-0.35234591619699995,1.4099597987387449,0.0024536650763593,0.016155902927446,-0.0283968616433805,SPY
2019-07-22,0.20302958742128932,-0.1928113027635487,-0.6227916126546633,-0.69414007931954,1.691459970650858,1.666132421271372,0.00822390970400639,-0.014358255051527298,-0.8896923799608006,-1.4450813365136754,0.0071246235920767,0.0118796380851167,-0.0188745282819988,SPY
2019-07-23,0.6511529489685144,-0.28074212476307203,-0.5248564138902105,-0.6578987316564882,1.6957582222011038,1.6709712208555292,0.2743056759273118,0.1953411351617049,-0.8488865712654211,-0.7313210527005704,0.0046885416608306,0.0022969324221007,-0.0336915085986913,SPY
2019-07-24,0.4174396285951708,0.6494193551790115,-0.046674792300112726,-0.7856532649680998,1.7000412596922605,1.6790586137603554,0.40210958974439354,0.05102680464116362,-0.7432342900148483,-0.01756076888746522,-0.0047887278458444,-0.0133920908646922,-0.0302774180132745,SPY
2019-07-25,-0.49179256760812373,0.8131665800293604,0.48514019737551606,-0.745766808593508,1.7010854326239973,1.6862751103210367,0.12027329896927975,-0.1780805314959129,-0.43187288616183306,0.6961995149256399,0.0066778004440237,-0.0173498035903723,-0.0257963810270123,SPY
2019-07-26,0.6082855395387669,-0.059713045709795465,0.09528011674367873,-0.7220691461825899,1.7031437574344173,1.6942337795167972,0.33697085157026674,0.4544099436286446,-0.7835958574637438,1.4099597987387449,-0.0018225997659699,-0.031585286852839,-0.0584971455659495,SPY
2019-07-29,-0.20722757276598266,0.08603800270171869,0.6608867273278359,-0.7229469236363976,1.7042183076011932,1.7006401772446578,0.19409380506159551,0.28589536567560475,-1.0060913585966056,-1.4450813365136754,-0.0024580820709392,-0.0602972225594236,-0.045676896343159,SPY
2019-07-30,-0.26819460249839805,0.3033633105083883,0.46341624390371094,-0.7786615090320553,1.7056407966845542,1.704471820735678,0.04880555502542939,-0.07333255590632301,-0.7220094934029622,-0.7313210527005704,-0.0110004816259623,-0.0439137770812614,-0.0471502897974227,SPY
2019-07-31,-1.0877370564498503,-0.3660138796141265,0.020903539579223085,-0.640603767800736,1.7051715014772342,1.7052290654506157,-0.43873201786800803,-0.7467879258895354,1.3504176007027522,-0.01756076888746522,-0.0087464405715245,-0.0323225871464138,-0.0291330985324007,SPY
2019-08-01,-0.871488410485376,-1.0384683207320127,-0.7035883071904423,-0.6358298041038566,1.699132842980098,1.7022302562101765,-0.7882935671913813,-1.305773410317158,2.7263962756094466,0.6961995149256399,-0.0075576828184429,-0.0041461228513757,-0.0076944197761621,SPY
2019-08-02,-0.7574411290582928,-1.499210207102682,-0.8863486071273744,-0.5914427406131255,1.6922468275397222,1.6978079246704978,-1.07075650521161,-1.5356208356266285,1.745133828793981,1.4099597987387449,-0.0305345354725545,-0.0034231232709309,-0.0005812037586148,SPY
2019-08-05,-2.9617990599816775,-1.2469597005796302,-1.5437185000744456,0.025856945493056362,1.6709378331987275,1.6879637179167142,-2.26684455797825,-2.036120987547556,3.409129215682245,-1.4450813365136754,0.0139253634072229,0.0148633499367853,0.0240889886060253,SPY
2019-08-06,1.30360369900548,-2.84335213656899,-2.869585824263214,0.16862199639895561,1.6524285819123075,1.6808531841877434,-1.6171911115993534,-1.3804884637528556,1.6093035640960838,-0.7313210527005704,0.0005907083088851,0.0163694678816668,0.0214500025897903,SPY
2019-08-07,0.024300864772920715,-1.2693103191248507,-2.1130267667649814,0.147632398848957,1.6320427603942984,1.6727960882002022,-1.5165669475411456,-1.4956668729366522,2.1715577856920274,-0.01756076888746522,0.0194300237235136,-0.0142341776180634,0.0336328682038029,SPY
2019-08-08,1.8317109122918593,1.011205897034371,-1.5777657470923965,0.37512982334436307,1.6223871756018229,1.6684873319109461,-0.6445730556327187,-0.7559234211526209,0.5801463486552388,0.6961995149256399,-0.0068346832379981,-0.0310259512147785,0.0149744955188193,SPY
2019-08-09,-0.68807784927408,1.41452698277105,-0.2766255626848704,0.3744548384173459,1.6066627586097344,1.6616494449779358,-0.873501916043686,-0.9703045211069942,0.74608782646376,1.4099597987387449,-0.0122480622648382,-0.0095443544470565,0.0223130598244827,SPY
2019-08-12,-1.2074276997756426,0.8704757954805286,-0.24323869776185825,0.4269193466223231,1.586397988083617,1.6520475371836412,-1.3056805037599315,-1.4015533065030903,-0.0868277282553557,-1.4450813365136754,0.0154314813521043,0.0146797062555226,0.0343259039312888,SPY
2019-08-13,1.448097946615639,-1.4505466292948606,0.601198875118468,0.567594529329138,1.5740331813439945,1.6465725023365205,-0.5911559485360155,-1.1059657146162525,0.7743682619605897,-0.7313210527005704,-0.030012937190845,-0.0084441318211974,0.0259805371835382,SPY
2019-08-14,-2.9117578586756925,0.18087350594849502,0.6707487859952455,0.9039497041303733,1.553556584302852,1.6360921366985577,-1.771665338336343,-1.4602406210256762,1.8961151361212198,-0.01756076888746522,0.0026382501267985,0.029671437615895,0.0594509496298485,SPY
2019-08-15,0.22073834527384628,-1.1207415313916211,-0.7424744109292101,0.8993433842530573,1.5381349728814844,1.6253544000212472,-1.5587469017417417,-1.5679056698825826,0.8339995987159592,0.6961995149256399,0.0146469135297238,0.0267254966295142,0.0561489600672846,SPY
2019-08-16,1.3728279204007012,-2.0580890898959447,-1.5178893517600527,1.0040940819713675,1.532429293657546,1.619054092423069,-0.8739068666945747,-1.2050538913437376,0.3455829244399238,1.4099597987387449,0.0119759984377409,-0.0139443809951229,0.0384083904218384,SPY
2019-08-19,1.116585128819675,1.2140945593206423,-0.525906522152718,1.0662270701728664,1.545308528950351,1.6148362268856664,-0.3148047401607416,-0.9279784380407894,-0.48002176183740364,-1.4450813365136754,-0.0076923567246156,-0.0149227299760434,0.0289613107066797,SPY
2019-08-20,-0.7703615014708783,1.8982622591802687,0.5927185288691516,1.0544726853391022,1.5487742305513221,1.607309123273837,-0.5750860958416703,-0.8768381001195656,-0.5345803288752649,-0.7313210527005704,0.0081026322462474,-0.0111618487766307,0.0372514571017514,SPY
2019-08-21,0.7449813407760016,0.2614857433104196,-0.4751001521515062,1.0754543133253118,1.5555543072926146,1.6005014314197337,-0.15592132251097596,-0.5917696945044123,-0.582103378785347,-0.01756076888746522,-0.0003076908595822,-0.0122477713838184,0.0290824958710871,SPY
2019-08-22,-0.06188993611518458,-0.022312014961000222,1.2850106455297265,1.0715177500072732,1.553647410709126,1.5947160950365997,-0.11220990156729359,-0.4689498520121681,-0.499226637518884,0.6961995149256399,-0.0260229640949134,0.0007521576604778,0.024654064633693,SPY
2019-08-23,-2.5289670138811218,0.5187552413914946,1.1489722072737167,1.255136690045291,1.543401581483721,1.5817217726731185,-1.110156725575103,-0.38938075645600356,2.163137736220773,1.4099597987387449,0.0109976494568204,0.0263306549544957,0.0504423935316786,SPY
2019-08-26,1.0227240866757243,-1.981593876790456,-0.7290921061990924,1.3207108166687829,1.5432956427846387,1.5715292022897585,-0.5373633292479931,-0.4406251042525808,0.06344784164391302,-1.4450813365136754,-0.0039314755252028,0.0094686623897608,0.0315667894768498,SPY
2019-08-27,-0.4095493213177909,-1.1532626321648545,-0.7742705629465554,1.3216166688853246,1.534699597632412,1.5610413515310544,-0.6041987865133428,-0.5212632292154873,-0.08170868828018173,-0.7313210527005704,0.0070167096390596,0.0246865153059516,0.0413958433082894,SPY
2019-08-28,0.640799878346896,0.46535916164621144,-0.600599601036676,1.3205419877978972,1.542251469852902,1.5545744108878146,-0.23539393564405794,-0.7690050908940138,-0.2663044864999738,-0.01756076888746522,0.0126922381847141,0.0304433795897898,0.0322937567628951,SPY
2019-08-29,1.1852998823349004,0.17367958883042833,-0.650745621011841,1.3638722160655166,1.5542528692011461,1.5528630933339713,0.3389855450648027,-0.39144950841604653,-0.30951131576254115,0.6961995149256399,-0.0004444668008956,0.0185227924436057,0.0141996123957328,SPY
2019-08-30,-0.07501197399967925,1.3916828582814644,-0.050431475955712936,1.3450968812289015,1.559701232382212,1.552734344165312,0.320647000765581,-0.14932535961806223,-0.16834291644690863,1.4099597987387449,-0.0058643431079143,0.0194711403121665,0.0192711069124618,SPY
2019-09-03,-0.5949851618793731,0.8450097468217045,1.1307391044803397,1.0023345750985193,1.557294816005787,1.557974463335308,0.00988324508362874,-0.5872908969962263,0.005159980800053625,-0.7313210527005704,0.0112863773909879,0.0251002652620488,0.0131693076524994,SPY
2019-09-04,1.050424125542769,-0.5146128428510128,0.3520815736622829,0.9784254257521975,1.5632728726822662,1.5626996876690429,0.4599779684329103,0.41011024508593125,-0.5995501232356655,-0.01756076888746522,0.0127735739228977,0.0209000024754146,-0.0159396753767406,SPY
2019-09-05,1.193103086813406,0.3448946552004571,1.054815591043804,1.029233353345238,1.571399978809158,1.5701585595679965,0.9534973236004439,0.58050777072692,0.3895087778221121,0.6961995149256399,0.00077165103853,0.0115839038079821,-0.0205531916911985,SPY
2019-09-06,0.04166018491741781,1.710476634980579,1.320657585179364,0.8969002429226709,1.5800111871373335,1.57351309026078,0.9539028985167044,0.3512224902529251,-0.5379105822246814,1.4099597987387449,0.0005038810676651,0.0101485133336867,-0.0078838427785621,SPY
2019-09-09,0.01597081536690448,0.9400729034102621,0.7701855743826312,0.8721670863706747,1.6002154576090755,1.578495838391428,0.9257828399996381,0.1143296444852607,-0.49322028465490203,-1.4450813365136754,-0.000235218158032,0.006550976150299,-0.0127118526447542,SPY
2019-09-10,-0.05493703543541983,0.041084490013918645,0.8139786318671,0.7949787433320787,1.615546344390451,1.5861137054571355,0.8379745156687914,0.38167215784723957,-0.31209554271521434,-0.7313210527005704,0.0070861146043537,0.0093151130309134,-0.0281232682890868,SPY
2019-09-11,0.6474584659260845,-0.03268783274874875,1.0739218454175905,0.7246422336194828,1.635796053506901,1.5919446654333564,1.0963873932440111,0.3634378110796485,-0.026183889924987765,-0.01756076888746522,0.0034574752554652,0.0028267880970158,-0.025757608124616,SPY
2019-09-12,0.2993333311395462,0.4495859905302302,0.8799610049254886,0.21947278671329504,1.6545625190699114,1.605113156881829,1.1180524423072233,0.4521615243437024,0.09333393212672224,0.6961995149256399,-0.0006637394357653,-0.0006970161428663,-0.0224745474693683,SPY
2019-09-13,-0.09604859633372187,0.7201460307958943,0.44975974861539686,0.22642486979876608,1.6674418561289974,1.6175623384109545,0.9623363356563155,1.7230890530100098,-0.19973831754732863,1.4099597987387449,-0.0030936561157224,-0.0047693988040773,-0.0114969780595517,SPY
2019-09-16,-0.32917043358360953,0.15232179348348976,0.38347590949118077,0.15834669568656257,1.6791104288534664,1.6261268695736102,0.7379867718458131,1.352788557457248,-0.28682946894792033,-1.4450813365136754,0.0025289187225823,-0.0019103778852826,-0.0095176903807097,SPY
2019-09-17,0.21024928693278394,-0.32767320450240045,0.21734789054629436,0.09709570060292541,1.6945172332808702,1.6326316686336577,0.7856900852236044,1.67186378874903,-0.7374414016948665,-0.7313210527005704,0.000597789670456,-0.0123172512058733,-0.0021948459201635,SPY
2019-09-18,0.024980237869642742,-0.09375025906650258,0.34499093095444155,0.0452655334710907,1.7052020822448366,1.6409690238358725,0.7290366680022,1.5793464174040288,0.15082813367341985,-0.01756076888746522,-6.632898441694124e-05,-0.0070174625700927,-0.0044002992890819,SPY
2019-09-19,-0.03873411178395832,0.1767183687638977,0.04537135439620899,0.021593455135074317,1.7101359151064388,1.6475041198132039,0.6609723938002584,1.3169485813987882,0.24378606555304577,0.6961995149256399,-0.0047361220969763,-0.0090365104920104,-0.0013892293174979,SPY
2019-09-20,-0.48674566664761254,-0.013432896309605239,-0.11735180527658343,0.042629348145644876,1.7125688415992057,1.6530300993086309,0.3960060722058482,0.9258384426739822,0.5936608026667644,1.4099597987387449,-0.0002346351969277,-0.0097022945774822,-0.0010397255307124,SPY
2019-09-23,-0.054881107195245755,-0.4042434026178528,-0.30540736367818194,-0.5218595172899164,1.7146680255716633,1.6641897269240191,0.275703885481101,1.434054249257583,-0.7132538923129387,-1.4450813365136754,-0.0078779545980083,-0.0048406316647211,0.0059510624813539,SPY
2019-09-24,-0.7881674277365237,-0.4165750344471944,-0.17338274318097488,-0.5052218292573981,1.7133155008068617,1.6711838593875934,-0.13864106108223048,0.2771759689806446,0.7233157114801557,-0.7313210527005704,0.0058975783062367,-0.0089288194345895,0.0105568801139677,SPY
2019-09-25,0.5334324304901258,-0.6467740336059455,-0.653954078522141,-0.5200689796598984,1.7114152190316725,1.6803650728447457,0.030354925206500506,-0.1368465414407492,0.07724508992153208,-0.01756076888746522,-0.0020853769063347,-0.0326490033790785,0.007564899487308,SPY
2019-09-26,-0.2324379391354975,-0.19747273871114512,-0.40921904396726133,-0.5303705961877272,1.7069984606465733,1.687545009427932,-0.1307062656966639,-0.3694929083341283,-0.3623931303390406,0.6961995149256399,-0.0054019061824481,-0.0224035688643038,0.0112827692443895,SPY
2019-09-27,-0.5506197947183998,0.22694377195088838,-0.5024551703294414,-0.6153987330928954,1.7004515304562877,1.690713455945566,-0.3967458666510933,-0.7856697739467265,0.4248385102302842,1.4099597987387449,0.0046270277158333,-0.0035606627306892,0.0207712635573056,SPY
2019-09-30,0.4115380913150891,-0.6009584218963895,-0.5331999230661759,-0.602953813335791,1.6973950819565276,1.695022568669143,-0.23681303822713967,-0.4510341052166529,-0.5131432430892164,-1.4450813365136754,-0.0119661423678767,-0.0125118192450495,0.0217648126333482,SPY
2019-10-01,-1.1803808117571923,-0.10914709030436519,-0.308696773465849,-0.49306782391740644,1.6878212663712697,1.6979411292681703,-0.783404723826,-1.537365218575877,0.5051773041090813,-0.7313210527005704,-0.0178226056382522,-0.0161923106795374,0.0334345330416256,SPY
2019-10-02,-1.742239367911688,-0.5901022652320397,-0.4974821843350155,-0.33850701860712007,1.6700993808051225,1.694420118287891,-1.5112515634395827,-2.260435687360378,1.4217474662759386,-0.01756076888746522,0.0081600576084399,0.0110820697275393,0.0543195312672022,SPY
2019-10-03,0.7504906267731216,-2.2349649776439593,-1.5928390817988294,-0.42333165848810234,1.6559962024442407,1.6898321975465187,-1.1209759221141484,-1.7315457819340623,0.36483953082721376,0.6961995149256399,0.0134409999511664,0.0096625480298122,0.0434925850439924,SPY
2019-10-04,1.2571347399238912,-0.7603379598461714,-1.119722710124164,-0.26752099432090715,1.6500210461067848,1.688059827885409,-0.525750820927834,-0.9901823040294092,-0.2086742516820119,1.4099597987387449,-0.0043241287985269,0.0065353780526971,0.0392728680095402,SPY
2019-10-07,-0.447219770364263,1.5303158908648768,-0.2495900311356748,-0.25753762504755495,1.6422212712244646,1.6852075131508972,-0.6854244974656589,-1.2201298730202574,-0.37485177140262804,-1.4450813365136754,-0.0156466338023646,0.0097451384143436,0.047606716570721,SPY
2019-10-08,-1.5334805424053402,0.6156117443990515,-0.6629388926465346,-0.10783596653124539,1.6310614281414124,1.6789468970603199,-1.296533425035877,-1.5882881842123904,0.6251700503328271,-0.7313210527005704,0.0094517747688245,0.0352435353998368,0.0621466193611555,SPY
2019-10-09,0.874415648614357,-1.5156107748662808,-0.8328975948327144,-0.07769865755815929,1.6214067592454702,1.673165328697151,-0.8372100543407324,-1.237171188949562,-0.3456650349380892,-0.01756076888746522,0.0067405359107128,0.0241840969325499,0.0529230671580593,SPY
2019-10-10,0.6143042674136462,-0.5062637735000034,0.42658592236338144,-0.05075646974199727,1.6156898857305624,1.6680949231831321,-0.49743989474058675,-0.9143465463158899,-0.5652009972347606,0.6961995149256399,0.0103138299740512,0.0203883020090041,0.0496925954074916,SPY
2019-10-11,0.9571196750161287,1.134022288934824,0.3610348757802806,0.027778641866102703,1.6170279088002446,1.665488624508885,-0.02256224909637186,-0.6153469158218838,0.6816706550153298,1.4099597987387449,-0.0011143684368803,0.0056878537247619,0.0418423444703197,SPY
2019-10-14,-0.1392811324632591,1.1971842319720785,0.2166275974897338,0.02392476519337214,1.6157812718513849,1.6633355575333673,-0.05038470996092516,-0.4461216762697004,-1.0066790318857446,-1.4450813365136754,0.0098517631831285,0.0135583749767809,0.0410450761097482,SPY
2019-10-15,0.9127898178977515,0.6216630612190983,0.3648487562953883,0.0815783707664658,1.6243566075653177,1.6628359639133146,0.38819265211548093,-0.344928298638258,-0.8251574527292374,-0.7313210527005704,-0.0016076636984623,0.0004344748282578,0.033298728536617,SPY
2019-10-16,-0.1866069929074493,0.5878078786847135,1.5423204436015716,0.08247412610937395,1.6400777171532561,1.6618348672036325,0.3269771395901508,-0.33242606685724196,-0.7658755976222469,-0.01756076888746522,0.002944740987167,0.0049477362062972,0.0352301757620914,SPY
2019-10-17,0.2501425273426178,0.5516646166016433,1.0316147831577436,0.0881599626325011,1.6535483163080873,1.6615183535265958,0.46038888579219645,-0.1114183865234719,-0.8574121521479411,0.6961995149256399,-0.0043866183101908,0.003635488069877,0.0337401916778326,SPY
2019-10-18,-0.4532149017562554,0.04559384543374224,0.856331566105373,0.0862867153270734,1.6590521929957338,1.6612825467636685,0.26875123853964905,-0.3473357108164397,-0.3224066655080597,1.4099597987387449,0.0067561528151385,0.0121086945105357,0.0453371394358983,SPY
2019-10-21,0.6158025251448287,-0.15801744514821797,0.17749039600155184,0.11223551357328798,1.6695582386030348,1.662636640749099,0.5544493387760305,0.16973232002970917,-1.052205920431864,-1.4450813365136754,-0.0032721369653945,0.0109731184872732,0.0393183355992974,SPY
2019-10-22,-0.3462935653900118,0.1212409774101681,0.5409373979392202,0.0795520335544349,1.6854921923688135,1.665025387189573,0.3858458302603536,0.7047892277376312,-0.7846988044119398,-0.7313210527005704,0.002905597679577,0.0139488334930684,0.0423017995355241,SPY
2019-10-23,0.24638718879266422,0.2028979371841017,-0.06510151739773401,0.06536534811027468,1.698582999760939,1.66674467359645,0.4975954475659043,0.6018056429820262,-1.186679007666161,-0.01756076888746522,0.0016324928507467,0.0141056284008156,0.0356704184156395,SPY
2019-10-24,0.12424780057550813,-0.07922847729555911,0.14331305443112688,0.062235364864445496,1.7094236020188023,1.6693083529097463,0.5447264683663926,0.3149494943922312,-1.1141845219911453,0.6961995149256399,0.0040865881304679,0.009806246935299,0.0324279648022534,SPY
2019-10-25,0.3596892892132928,0.2801289596616997,0.08271571459701255,0.04543392614894207,1.7175121387249908,1.6740249719005884,0.6798146174861311,0.6358051251236344,-0.8151420682983271,1.4099597987387449,0.0056205767918759,0.0149409417215453,0.0305629343139433,SPY
2019-10-28,0.5068574032550641,0.3666589766889617,0.4739936718055464,0.05034673080497706,1.7286869923345702,1.6789925970321893,0.8814425518733672,1.691284045437677,-0.8783450847006953,-1.4450813365136754,-0.0002964219595993,0.0133300846923232,0.0326626725296428,SPY
2019-10-29,-0.06080881811246966,0.6588619924472807,0.4215547433138432,-0.059721842892920235,1.7352703039705082,1.6865772902464515,0.7930357017608481,1.531178002578304,-0.8418776736683745,-0.7313210527005704,0.0030623925873243,0.0125197756399924,0.0352218881219394,SPY
2019-10-30,0.26142981032243723,0.33772312342584676,0.558968094075047,-0.34400451891117506,1.7439975258596379,1.6988101161427374,0.8089239357485661,1.4673630780644797,-0.6381102968416799,-0.01756076888746522,-0.0026668886147698,0.0096856056183964,0.0366071935419451,SPY
2019-10-31,-0.2882271268763319,0.1502874649818993,0.5662086105942287,-0.34914066001827043,1.7501552000230347,1.7086312055848454,0.5935290966391465,0.97303644712044,0.08803159945906533,0.6961995149256399,0.0092212829167142,0.0158625583933114,0.035558572118143,SPY
2019-11-01,0.8523026747505654,-0.023394311936564285,0.36767064166014585,-0.41227996329364464,1.7625769449971778,1.717600366080605,0.916738799188716,1.3166376040242787,0.17808334660695654,1.4099597987387449,0.0040097197626538,0.0091048545134766,0.0178063023439598,SPY
2019-11-04,0.3523146762156407,0.4278615679642091,0.6047819289776748,-0.4448255035022744,1.7737976443165915,1.728471434653559,0.9893443380739763,1.179723911651912,-0.2025633748109787,-1.4450813365136754,-0.0011067310119301,0.0031834979533709,0.0070674539932884,SPY
2019-11-05,-0.138548411645737,0.9170501436610441,0.530395349096348,-0.75899652561957,1.7859914328200859,1.7425452692773384,0.8017890316315839,1.2215004763364363,-0.8580261803096749,-0.7313210527005704,0.0002282225657284,0.0063956445752983,0.0143251799197638,SPY
2019-11-06,-0.010475365670944824,0.16032664904743238,0.49297668440027914,-0.8010452452428778,1.796968910726621,1.754587937463378,0.6945818170556565,1.1469294420565577,-0.697809523931979,-0.01756076888746522,0.003510064160145,0.006491205536582,0.0158936408659027,SPY
2019-11-07,0.304378616098918,-0.11673995770767531,0.3620996351747984,-0.820922291540226,1.808843254872364,1.765953456818324,0.7405966943663214,1.668750261698526,-0.3793577048406111,0.6961995149256399,0.0024635790368794,0.004435898279345,0.0214761009779671,SPY
2019-11-08,0.2039807149681439,0.22152811596702643,0.6473405862207684,-0.9030384518371546,1.8200032506048383,1.775584541307752,0.7570471391267621,1.5819331178865241,-0.5742849272265869,1.4099597987387449,-0.0019116367974518,0.0091826486903405,0.0158632738111075,SPY
2019-11-11,-0.21576962547649087,0.3853105016457583,0.33528155779511487,-0.8954044176951725,1.82768156743014,1.785017804749031,0.5807845092448036,1.7343263586073403,-1.0966485694914814,-1.4450813365136754,0.0021054156099973,0.01183163446633,0.0166592307870008,SPY
2019-11-12,0.1696191597760765,-0.011932232894328477,0.061843596030855486,-0.9852999691995296,1.8364846560821575,1.7927164551076311,0.6002298713161239,1.7195583579723845,-0.6383253051675131,-0.7313210527005704,0.000323783527012,0.0094375458271649,0.0173884767102405,SPY
2019-11-13,-0.001307418865381302,-0.03817451741345733,0.21017494819183744,-0.9990604301211148,1.844025944609367,1.8008564729939913,0.5364116672439926,1.692119748860768,-0.3273736380447436,-0.01756076888746522,0.0014547569029081,0.0053879788598454,0.025646898506638,SPY
2019-11-14,0.10719613331166758,0.12561254673515407,0.2145877874141358,-1.0012282114127122,1.8534829833865591,1.8086693605524684,0.5261121726144318,1.6316945666629532,-0.4425401904792649,0.6961995149256399,0.0072103294478749,0.0023232611942978,0.0247911601301318,SPY
2019-11-15,0.6593754146734303,0.07793941867481377,0.11967726792193628,-1.0216113066054795,1.8620733805101597,1.819182874582283,0.7461018218284532,1.6743597518839664,0.005585987887177145,1.4099597987387449,0.0007373489785376,-0.0026655106114192,0.0244272216194101,SPY
2019-11-18,0.03836930695734499,0.5825099131625696,0.33887395777016605,-1.0533466279561339,1.8691433385044192,1.8283346822079538,0.6912589696230195,1.7293536783790315,-0.5514825171455947,-1.4450813365136754,-0.0002886730291677,0.0043174554176186,0.0239091887337394,SPY
2019-11-19,-0.06006539965955051,0.5299461351367128,0.46119952016057775,-1.0923149073511897,1.876593291793946,1.8381635113667465,0.5845829029235148,1.618215609382213,0.38046850591084225,-0.7313210527005704,-0.0037257834403074,0.0068689220794837,0.0242601705985041,SPY
2019-11-20,-0.38981559253025816,-0.019498453120999213,0.35064466484468904,-1.0394239457504253,1.8821729843613395,1.8464479615318898,0.34085162372800837,1.4664679290218605,0.9425564441953821,-0.01756076888746522,-0.0016099607626394,0.0150424035271212,0.0320764278292697,SPY
2019-11-21,-0.1868273691144458,-0.346507806927614,0.16364269556082095,-1.0218724851999952,1.8853507891518346,1.853979367815163,0.19877076295686977,0.8718179336622502,-0.2806488740415325,0.6961995149256399,0.0022215576421578,0.0129368542511887,0.0380609492727188,SPY
2019-11-22,0.18076161751650788,-0.44331726884068945,0.022119356551609903,-1.0312421238013127,1.888421993762418,1.8611000090030951,0.22968404974363502,0.7680705358375742,-0.7517054965419913,1.4099597987387449,0.0077203150075755,0.0021843097515619,0.037366050557531,SPY
2019-11-25,0.7083025123097225,-0.007561395671285245,-0.20825346096335323,-0.9978472128032941,1.8960544648778868,1.8687608264044804,0.498851251838409,1.2984554359734164,-0.5510707644736105,-1.4450813365136754,0.0022627936326973,-0.0122651338440311,0.0296769416517976,SPY
2019-11-26,0.18471772430596245,0.6760587984266312,0.11420778227836026,-1.003441795437217,1.903778169464755,1.8770300771917934,0.5211799685328261,1.3694092049285609,-1.0581253767722023,-0.7313210527005704,0.00444769800733,-0.0083769325621831,0.0327233340009796,SPY
2019-11-27,0.3943335215186819,0.6790801191839901,0.23203008134919986,-0.9951469031840596,1.9134783787716863,1.8856569334414333,0.6373870953111433,1.4020738833679243,-0.7207285518596815,-0.01756076888746522,-0.0037155100385719,-0.0110279470576459,0.0280279010345463,SPY
2019-11-29,-0.3888299808394786,0.43929866748693946,0.6094672589408311,-0.9794111790272823,1.9207155387665142,1.894009946294177,0.39396860602922307,0.8663809067626326,-1.0657946278631798,1.4099597987387449,-0.008530986857469,0.0017800872531354,0.0262148034570257,SPY
2019-12-02,-0.8508181685477729,0.0012741956727231405,0.5122366502853513,-0.9290309222144182,1.9204874805295844,1.8981940778690596,-0.02073404661120612,0.2390312660559371,0.8132308111606985,-1.4450813365136754,-0.0067291285880175,0.0071618259806243,0.0371720041318388,SPY
2019-12-03,-0.6779511259437226,-0.9496613698904226,0.015702820256212505,-0.87210155276045,1.91673205032507,1.899852515845425,-0.3299650552802302,-0.3479769745767185,0.7041703560606204,-0.7313210527005704,0.0061509949145452,0.0127752747470832,0.0532097268707278,SPY
2019-12-04,0.5577447642445308,-1.1704662580252145,-0.6515473892694326,-0.8356612707090313,1.9160173966129581,1.903222551431171,-0.09263517995995117,-0.04774901032751718,-0.4858138535620095,-0.01756076888746522,0.0017966835118672,0.009458941365775,0.0394580068737608,SPY
2019-12-05,0.13999995738623483,-0.09473179144414734,-0.471997007081551,-0.8346651536019873,1.9179180345701317,1.9069653663974817,-0.048602690415444856,-0.031450848798229285,-0.8604088186299447,0.6961995149256399,0.0090925242722095,0.0162444631773173,0.0414688043623163,SPY
2019-12-06,0.8399498019066823,0.5299461351367128,-0.5944162522137703,-0.7636047711061927,1.9249119222689395,1.9120548156880763,0.304024461637411,0.055312272593979334,-0.44973485680674535,1.4099597987387449,-0.0031492481299801,0.0077509574315097,0.0295607525582983,SPY
2019-12-09,-0.3345038314762507,0.7454691185891925,-0.0029634726695804427,-0.7474049412848217,1.9293513745348225,1.9158128045726248,0.13030776618599701,-0.15829225666814628,-1.0885484437020818,-1.4450813365136754,-0.0011156798215585,0.0177465964986431,0.0380253681690714,SPY
2019-12-10,-0.13940694435139706,0.3830855371962029,0.24555587478989344,-0.7515661931393585,1.92959449418142,1.9197533896678949,0.04479306468128775,-0.20290217761877827,-0.2417139704739121,-0.7313210527005704,0.002834661533237,0.0190815924130687,0.0458988396150061,SPY
2019-12-11,0.23958170245701768,-0.36485960781766397,0.5047751894162057,-0.7489114867999176,1.930111466891641,1.9238766473526703,0.13119592847300168,0.12588640854119695,-0.2156874984697627,-0.01756076888746522,0.0085822053234094,0.0163092397154285,0.0401823066967876,SPY
2019-12-12,0.7909907195196224,0.07357560955198054,0.35163267365804285,-0.6882334298744469,1.9326201583810143,1.9299854224225073,0.4533237592988652,0.5227814593129031,1.758763593363826,0.6961995149256399,0.0005990185264019,0.0118175081824771,0.0384537047872033,SPY
2019-12-13,0.025098132099591695,0.7841301835449802,0.664976285855909,-0.6878108995431114,1.93719663894499,1.935896427363384,0.4248530055821532,0.47328795538838925,1.0621447266827222,1.4099597987387449,0.0068463909371532,0.0155930503368848,0.0363287676863564,SPY
2019-12-16,0.6244598083214756,0.6203268036764938,0.27276094199132694,-0.6922711042407331,1.9491470025030424,1.9417617323323912,0.6741969982966319,0.4497128903128528,1.1340941554712913,-1.4450813365136754,0.0002193160928669,0.0102733183267016,0.0317398897107095,SPY
2019-12-17,-0.011329836663310623,0.4931453787245629,0.7343421937373575,-0.6914702095612986,1.964381618382081,1.9475053913595641,0.630387076216984,0.38129838012508527,0.11622309058665148,-0.7313210527005704,6.230883559688039e-05,0.0100852083356768,0.0398048419894117,SPY
2019-12-18,-0.026392830624485844,0.4653249522221279,0.7959899864515382,-0.6924494634519003,1.9767426597692863,1.9533327106137919,0.5789303327284347,0.21773941753619358,-0.4657367812552806,-0.01756076888746522,0.0040904737904581,0.0153320854819591,0.0428499101899584,SPY
2019-12-19,0.36006207244627997,-0.031738118287228625,0.6679675538823281,-0.7129653163102603,1.9902437888085793,1.9610390497698884,0.6892410041810763,0.6145948876163743,1.2912042589346795,0.6961995149256399,0.0043745606808096,0.0109938767323978,0.0367994716814834,SPY
2019-12-20,0.3873168579142814,0.251897825792692,0.46054719290670754,-0.7177817628144006,2.0015507859347386,1.9701959747740252,0.7991222084762166,1.3997741885008492,3.551920172320946,1.4099597987387449,0.00152665892697,0.0010907084354956,0.0325457310735979,SPY
2019-12-23,0.11409428421929116,0.5678523073133892,0.6348951722551854,-0.7177642899283255,2.0151117535475764,1.9792025608734884,0.7835390836135607,2.079233613774289,-0.2460226755852182,-1.4450813365136754,3.120610184215167e-05,0.0019902633258697,0.0321655330078796,SPY
2019-12-24,-0.02937677097775115,0.38000409598785506,0.389239187307943,-0.7552524618850742,2.029220172871959,1.986383414002071,0.7183400986750037,2.009862667157157,-1.5257582300437844,-0.7313210527005704,0.0053091859818792,0.011267651374899,0.0232009843559701,SPY
2019-12-26,0.476983128829143,0.061770747538668055,0.38055259463087643,-0.7400451253064428,2.0445881025798127,1.994331492006579,0.8817346471570204,2.0542225713350994,-1.0650922769412614,0.6961995149256399,-0.0002477349591032,-0.0016422596894019,0.0017325313519407,SPY
2019-12-27,-0.05613787482480211,0.3389128109825294,0.6228442684971256,-0.7461356987435821,2.0557134468934235,2.001153339395145,0.8074636808464474,1.894973538257143,-0.5893083376453399,1.4099597987387449,-0.0055286076160925,0.002412956270124,0.0124048888802708,SPY
2019-12-30,-0.5627753024512407,0.3184750718500901,0.4225133230208845,-0.7221707848756799,2.063830172859599,2.0075044388840637,0.5028946381080497,1.5690560047043656,-0.257722659874179,-1.4450813365136754,0.002426213817344,0.0051260363544081,0.0171071277455947,SPY
2019-12-31,0.2003959629891206,-0.4755994813040635,-0.034797789158624484,-0.840311729144863,2.0698241559591395,2.0164829685105468,0.5282174095978808,1.7576780198138757,0.07002244125617642,-0.7313210527005704,0.0093085941508714,0.0080151900178568,0.0179211186390135,SPY
2020-01-02,0.8606791575687504,-0.27968186572852005,0.006742093336574375,-0.8799010013884317,2.0803106115572443,2.0293526152404655,0.8245523059246281,1.870445166529318,0.16134452882535996,0.6961995149256399,-0.0076007250824217,0.0054643874913615,-0.0097124165390889,SPY
2020-01-03,-0.7615705264738082,0.8074254183006725,0.43515576052120797,-0.7773167410705971,2.087008359376772,2.038888760902539,0.39937157779305055,0.8912023492719319,1.0115362079415031,1.4099597987387449,0.0038074810004227,0.0101832411888018,0.0052893935512976,SPY
2020-01-06,0.332912252995397,0.07276139703478308,-0.16100151056149883,-0.7736977086736622,2.0935936045720576,2.048939063072636,0.4766194343519472,0.9983776331102258,0.026275468935632325,-1.4450813365136754,-0.0028155275318084,0.0132293636022042,0.0166085731671108,SPY
2020-01-07,-0.302487277322101,-0.3302997913246704,0.02626131937132042,-0.8119152071642506,2.09664954424041,2.056125619150354,0.2869309127215509,0.503562761850571,-0.640867015414492,-0.7313210527005704,0.0053153674807928,0.0145189725595678,0.0309059640194222,SPY
2020-01-08,0.47757617072048975,0.020306960170266578,0.15154664560011394,-0.8243575593163226,2.1015847509468126,2.06538025807763,0.43822948277295193,0.7074093078651745,0.649291349272141,-0.01756076888746522,0.0067577916243761,0.0114611180402812,0.028949757222116,SPY
2020-01-09,0.6159597495564815,0.13078833004348292,0.2849627439110478,-0.8105746798519893,2.109865982107096,2.0765830142458577,0.6366746391452897,0.9226581094526164,-0.27936785905933786,0.6961995149256399,-0.0028818713849814,0.0129875947874742,0.0168481297318408,SPY
2020-01-10,-0.3088521873083149,0.8322160756846475,0.16717111345811878,-0.7811842547557015,2.1140982891069036,2.086390075451475,0.4201051699101657,0.584467251041614,-0.0718176713348034,1.4099597987387449,0.0068536034138251,0.0189768432085992,0.0271672608366566,SPY
2020-01-13,0.6251517603652408,0.2316123890951692,0.385079581525237,-0.804602723976282,2.121875217459019,2.0958479074013088,0.6389290597558254,0.6706567276920968,-0.3478022887676242,-1.4450813365136754,-0.0015259185744449,0.0101632750767572,0.0220450679763137,SPY
2020-01-14,-0.1787645126881306,0.23863242534201695,0.5257442240865204,-0.7928502089450216,2.13160783932662,2.1047789039651277,0.4906449928001683,0.5160429453264211,0.3743011985325752,-0.7313210527005704,0.0022575129615063,0.0118100137241263,0.0299932627488681,SPY
2020-01-15,0.18421110620662082,0.3379817635990521,0.58529612595141,-0.8242003794401365,2.1412795031915786,2.112617276577555,0.5203381721796224,0.5906819290542045,0.7955657160425067,-0.01756076888746522,0.0082842683715691,0.0106989616238717,0.0266681482780217,SPY
2020-01-16,0.7624071840549955,0.0012307045214748178,0.44408971511665507,-0.7770074031849338,2.1505234433752265,2.1224894634255365,0.8002158477163286,0.6864161111691444,-0.053809356433609526,0.6961995149256399,0.0031073770361436,-0.0065186492977646,0.0199849043826194,SPY
2020-01-17,0.2657455374594738,0.7200135218075353,0.5145797601251151,-0.780407331842268,2.165099376997,2.133133839770342,0.8430611735591249,0.7895496556494178,1.8022779055522729,1.4099597987387449,-0.0019599647180168,-0.0257852933560585,0.0142971708285033,SPY
2020-01-21,-0.22040611928119955,0.7822822326118901,0.7911528501170129,-0.7674836689305958,2.1768030590886003,2.1422847817698054,0.6734012279449547,1.018748838631349,0.9522528851355414,-0.7313210527005704,0.0001208200729241,-0.0134007060688148,0.0210270092748459,SPY
2020-01-22,-0.020779367719360037,0.03169727825895958,0.3841575811480575,-0.7725061631500273,2.189958182770659,2.1503960557741384,0.6062125259729219,0.9617031565805055,-0.36583451102697795,-0.01756076888746522,0.0011464608612516,-0.0143478948925075,0.0167891453282278,SPY
2020-01-23,0.07761876539586725,-0.18712483388033502,0.4602011118364041,-0.7722599460454256,2.2010660741669863,2.1584232876574987,0.5855449657812041,0.7204898682482285,-0.2324555188829988,0.6961995149256399,-0.0089333425500672,-0.0122541510429963,0.0052913304735735,SPY
2020-01-24,-0.8894194502543127,0.040479934697832044,0.40889465551618304,-0.6588050763520842,2.204305091375828,2.1641874925773177,0.13947394045316913,0.6072234897914761,1.344185635683802,1.4099597987387449,-0.0161592670221502,-0.02164574952016,-0.0195029671510278,SPY
2020-01-27,-1.5826616517896563,-0.6229097187444033,-0.38618471338745897,-0.42015834113147726,2.2009283843880643,2.164615595656418,-0.5693947769962181,-0.472358699975477,1.1445733330202776,-1.4450813365136754,0.0104246225692268,0.001914602509955,-0.0341145227888022,SPY
2020-01-28,0.9677489173905935,-1.8908835006580669,-1.275884873791804,-0.3386029391215373,2.1993088249005015,2.1676964611694665,-0.142808309834695,0.05788719782139944,0.2301530927990212,-0.7313210527005704,-0.0008263687507685,0.006616640556964,-0.0482243202885293,SPY
2020-01-29,-0.11165096040527762,-0.47254430060593494,-0.703986142353982,-0.3677342210328402,2.1980407152662362,2.1719317156098157,-0.21591460594377546,-0.17005545014881632,-0.2039707530042055,-0.01756076888746522,0.0032402047107629,0.0189248726282356,-0.0933495328759992,SPY
2020-01-30,0.278488785736377,0.6508821822239389,-0.7477256771594649,-0.3651877238567217,2.197261490848488,2.1763810852387007,-0.11322607360256902,-0.3119219034807095,0.7591919575178814,0.6961995149256399,-0.018324941027231,0.0190438286009593,-0.1008002134452148,SPY
2020-01-31,-1.790432521924048,0.1244869017583483,-0.6510402225925174,-0.17137492283678224,2.183219982854219,2.1739806019252286,-0.886822733761824,-0.8987627090518288,2.2955364314359574,1.4099597987387449,0.0074010850079648,0.0320249337622913,-0.0400800540773387,SPY
2020-02-03,0.6776761601272101,-1.1576164005104972,-1.0847279289883174,-0.17115013227078968,2.1712565423289893,2.1752877738782614,-0.5789654779671636,-0.8796169686267452,0.39206281734124104,-1.4450813365136754,0.0151266606162359,0.0320611084741608,-0.0765315408388858,SPY
2020-02-04,1.4188539932884991,-0.8527527644889562,0.0032482082649469483,-0.03646276652239344,2.167834142280813,2.179431348319333,0.04422503384628046,-0.2990321658927358,0.1056215217605663,-0.7313210527005704,0.0114818633205029,0.0186658584114072,-0.0504845205300927,SPY
2020-02-05,1.0691786941339207,1.598213420390057,0.22038015880048248,0.020122837132008704,2.1701565505918285,2.1871755968114255,0.4825598240068723,-0.04523692140326853,0.24081148275965622,-0.01756076888746522,0.0033591606834866,0.0136062712890137,-0.0957732721652,SPY
2020-02-06,0.28990120787493606,1.897208062219768,0.7887529389780568,0.01323163806338642,2.1736094805244663,2.1944611652515955,0.5671959015010587,-0.17295560646981503,-0.4224419837815306,0.6961995149256399,-0.005343835865899,0.009179509096187,-0.1158018244137819,SPY
2020-02-07,-0.545048632959945,1.0350148338316296,0.7942461191963195,0.01980452837909482,2.1788503422574728,2.1987041084894408,0.29315932427008023,-0.4308395440525872,0.14449413155238816,1.4099597987387449,0.0074372597198344,0.0161243694382529,-0.1917704909773014,SPY
2020-02-10,0.6811466969413266,-0.19778771423026653,1.3936910100303832,0.03477634978672866,2.195932117912736,2.2055614974717273,0.5621002205280541,-0.1659454197314931,-0.7988778036864539,-1.4450813365136754,0.0017314105534822,0.0061067532004459,-0.1487570754116083,SPY
2020-02-11,0.13373778712049744,0.1010106196494584,1.3953614953964646,0.015421769067563042,2.2087204759161265,2.2111498529733273,0.589715768479818,-0.124997968908819,-0.25109771320481744,-0.7313210527005704,0.0064222761981094,0.0091452163752894,-0.2004652263409276,SPY
2020-02-12,0.5837710028220241,0.6194070153860562,0.7767921122994722,0.026699762964303545,2.2252217258183467,2.2187718190337264,0.8084859950044909,0.0017791992906904066,-0.7094352504582204,-0.01756076888746522,-0.00106760150934,-0.0013941036965139,-0.3074561485907985,SPY
2020-02-13,-0.13479439752265215,0.5450401639428386,0.5431491664520638,0.030064271492395118,2.239553267715004,2.225552778313758,0.7009574538388538,0.2567681796946893,-0.254898788745403,0.6961995149256399,0.0016010244761668,-0.0106778561805764,-0.2243604345709604,SPY
2020-02-14,0.12122878129890335,0.33995928350655774,0.3387289767649883,-0.001273247468612409,2.2638009669680175,2.230659489209325,0.7272875878806163,0.9397127831230405,0.16486676771885792,1.4099597987387449,-0.0025803565179725,-0.0460065208314119,-0.3418480652497546,SPY
2020-02-18,-0.2799253930955556,-0.013289121912585161,0.6594305655640992,0.0029520839713856276,2.2830677664542174,2.2343137557064647,0.5803021781085198,0.6054244951441551,-0.14246477389769374,-0.7313210527005704,0.0047698737283257,-0.074196986973364,-0.2866826833699258,SPY
2020-02-19,0.42524248091442163,-0.12412720409715687,0.196834446246198,0.007336566438970023,2.297246506279141,2.2396957357362135,0.7453216292680999,0.7506865904004809,-0.4828547005899761,-0.01756076888746522,-0.0041170438736939,-0.08265203563219,-0.3434124022961828,SPY
2020-02-20,-0.4273524150174632,0.10805128603314268,0.3371453984733573,0.02281932447875844,2.303495363030798,2.2439844044055217,0.5245278659100847,0.48851281127076696,0.5913755313390971,0.6961995149256399,-0.0103513539934025,-0.1244865730967346,-0.3371726785281836,SPY
2020-02-21,-1.025460918522898,-0.004540295851252004,-0.14954209780597488,0.09454680591328327,2.302731352672141,2.2453298166692774,0.05589112756553845,0.848172376445231,2.1407870925171557,1.4099597987387449,-0.0337276401746686,-0.1183456949617847,-0.3708716453223726,SPY
2020-02-24,-3.268139783854249,-1.1124578842172845,-0.5782496635467239,0.630884534924582,2.2877886024885563,2.2404754358133734,-1.3596544521541627,-0.5963738362553442,3.4656517240844615,-1.4450813365136754,-0.0307708226599245,-0.0422228364464709,-0.3630447034156541,SPY
2020-02-25,-2.984468027890188,-3.2819973586288667,-2.209666038480419,0.9091435746923296,2.2541293539861993,2.2321808272700823,-2.579709023211436,-1.6721854779712746,4.272414061935356,-0.7313210527005704,-0.0036851749305002,-0.0405024155401285,-0.2455430300150292,SPY
2020-02-26,-0.3859196851140411,-4.77811188696316,-3.5114528038600987,0.8459762086505578,2.2178268280871327,2.220415414066583,-2.6356732956233895,-2.1495402158731656,3.148557819462834,-0.01756076888746522,-0.0459515813382385,0.0043564403154006,-0.2269984749805704,SPY
2020-02-27,-4.440882720264832,-2.5769297968302483,-3.9018922662399405,1.5076755777578636,2.15684877748746,2.198161259018576,-4.312438617292626,-2.621614236164854,4.205218069842848,0.6961995149256399,-0.0042104758584526,0.0165011333390348,-0.1242982895411994,SPY
2020-02-28,-0.4363161116431582,-3.68920916024969,-5.833738548344496,1.4860427928426403,2.094510925833856,2.17414109920805,-4.289460091152262,-2.6124501436674508,4.559814238694658,1.4099597987387449,0.042395218340645,0.0040422176323922,-0.150326038280756,SPY
2020-03-02,4.034950392108682,-3.7276974462522405,-5.550163461517867,2.0635462407358025,2.050950784917371,2.164478037468111,-2.496231656182026,-1.7299059082183266,2.2238963048225444,-1.4450813365136754,-0.0290504017535822,-0.1196655031376714,-0.1607617326499628,SPY
2020-03-03,-2.8194139394772826,2.7453862901587334,-2.034942065067298,2.2228770832335125,1.9951980766927706,2.1462221589561863,-3.532884845207972,-1.9918658284248352,2.7764448670793644,-0.7313210527005704,0.0411736809250289,-0.0401644260985616,-0.1467290096209037,SPY
2020-03-04,3.917758288796344,0.9253891775315904,-1.9554960156305299,2.642175492047474,1.9562674365729442,2.1338374411199714,-1.7332632650498114,-1.390791446978585,1.145988251461019,-0.01756076888746522,-0.0338068883146043,-0.1313148473994276,-0.2339517109438578,SPY
2020-03-05,-3.275742707910383,0.8358883239955001,0.11600803714916437,2.8053470809014645,1.9035706171335558,2.110597006846199,-2.941708473028231,-1.6263844276177832,1.224784555900793,0.6961995149256399,-0.0166693915650952,-0.1980766051365847,-0.177331476254464,SPY
2020-03-06,-1.6316020832285223,0.4873851986698559,0.6768288681406149,2.8182203455187973,1.8485359209083578,2.082677888377175,-3.3892114927328243,-1.7498308159116618,1.673402642412171,1.4099597987387449,-0.0813125024294185,-0.0993791010609914,-0.1752219666813763,SPY
2020-03-09,-7.8333459103070995,-3.7507202353785707,0.10149777938816573,3.9488885154214897,1.774906769577522,2.0383605634282262,-6.209342761621355,-2.0850118071980654,2.4468305523580716,-1.4450813365136754,0.0504506752855276,-0.1339532048342002,-0.0289025438757475,SPY
2020-03-10,4.807776447573082,-7.231410189429271,-5.6111099108443065,4.52490856846123,1.7378859263802076,2.002995481074589,-3.971645836840537,-1.6296661885838135,1.9485919469780866,-0.7313210527005704,-0.0499767403758371,-0.1318188547578715,-0.0783345905272847,SPY
2020-03-11,-4.827049241038105,-2.3135884381402807,-1.939888250237283,4.790600272779626,1.681140081014062,1.956438335582352,-5.5465141502980835,-1.7965200690951133,1.6381791957241971,-0.01756076888746522,-0.1005686460517614,-0.1338019595799657,0.0046599230397426,SPY
2020-03-12,-9.680745706611036,-0.017647753765230628,-6.149056396331397,5.898537681411427,1.6056624723869117,1.8881621702558846,-8.709860133293036,-2.0319260234077667,2.7908117412867375,0.6961995149256399,0.082028112510498,-0.0311106336338991,0.1203310134958792,SPY
2020-03-13,7.837258998249701,-11.082685948531694,-9.231998417158064,7.05791233330554,1.5645012934667302,1.836375993246995,-5.282081567282439,-1.37816430516885,2.0418790462769136,1.4099597987387449,-0.1158866062026273,-0.1571890669319886,0.029131032390719,SPY
2020-03-16,-11.150323261572085,-1.410819288373596,-4.67431909626134,8.20614922210732,1.4587103335832505,1.76164753927384,-8.94314183846442,-1.5928714951052603,1.6567306306032574,-1.4450813365136754,0.0525850253618562,-0.0672031589973114,0.1740838533604769,SPY
2020-03-17,5.012542156303863,-2.533151269701289,-6.270891160383661,8.676031899862153,1.3862274013229656,1.697484295036839,-6.536554646789156,-1.3195862644209857,1.286303515711611,-0.7313210527005704,-0.0519598451979312,-0.0330573336184674,0.1000216033539329,SPY
2020-03-18,-5.017304752018773,-4.6904175121043785,-6.172330580786966,8.76660247148633,1.2749054949209504,1.6223047988900683,-7.827352144823471,-1.3069477027782537,1.7795862173489325,-0.01756076888746522,0.0021226798943052,0.0337618916834223,0.1567942392878789,SPY
2020-03-19,0.17127546417114453,-0.0065661616877228145,-6.2639069172250865,8.786840593805529,1.1802528799935488,1.5485778871694955,-7.142507839340674,-1.2838180344737635,1.3971875646349903,0.6961995149256399,-0.0440503207875915,0.0883878158902495,0.1813285026990527,SPY
2020-03-20,-4.258479201529619,-3.7038929345241853,-1.5217998387990546,8.85140366213486,1.077403830659957,1.469580088359148,-8.078607042524263,-1.6437385399551958,1.7929028860351268,1.4099597987387449,-0.0259006982679501,0.1021999120798318,0.2076039840678696,SPY
2020-03-23,-2.517237050277981,-3.1243698051136053,-7.343882916134517,8.833343954672085,1.0010568835727536,1.3945389141885143,-8.373621320036676,-1.6160967762499705,1.5501569520447842,-1.4450813365136754,0.0867308507407003,0.1600601343192202,0.2026709287452899,SPY
