Price,z_ret_1,z_ret_2,z_ret_5,z_vol_20,z_ma_10,z_ma_20,z_ma_gap,z_rsi_14,z_vol_z,z_dow,target_h1,target_h5,target_h20,Symbol
2009-03-18,2.191265195255886,1.9054207639427223,3.6888184034937894,3.971537089576695,-1.7476292005478555,-1.7349105172292834,3.386610491489365,0.10487309365773416,1.14792793501252,-0.017018226069002582,-0.012463436552359,0.0259697606851592,0.086125118528928,SPY
2009-03-19,-1.3267378239001617,3.7574307511797493,4.438993715948061,3.9794587484359765,-1.7340807749072773,-1.7344023902528996,2.734744834184524,0.2184594314493855,0.736362661453555,0.6977472688291085,-0.0215237892144921,0.0586091416699821,0.1052711117224243,SPY
2009-03-20,-2.247933907033448,0.6231919511760492,1.9898895009379165,4.052449006831516,-1.7229386226493286,-1.7345099959040626,1.677238041050064,0.515984972012812,0.21882631716991569,1.4125127637272195,0.0693662170391444,0.0619196019890218,0.0839754620591133,SPY
2009-03-23,6.9931542579715655,-2.5900601134821293,0.5846704019487717,4.601025634428915,-1.7032994067831868,-1.7290553375218607,4.899935825985682,1.0511168570433622,0.6251963980224519,-1.4465492158652247,-0.0199000705695695,-0.0426125305689675,0.0339589771753772,SPY
2009-03-24,-2.0828450510483396,3.432177185137933,4.055679553499616,4.500562661351991,-1.691264967620545,-1.7265836247933923,3.7476254351519516,0.6598556540453715,-0.23235613815350553,-0.7317837209671136,0.0104908399824354,-0.0134901177557127,0.0477266024771187,SPY
2009-03-25,1.0070995468443673,3.5516744401884304,1.657190428357774,4.490583831233357,-1.6787146685747616,-1.723131722595863,4.107592219789868,1.248765261232768,0.8354987945254295,-0.017018226069002582,0.0201759444324638,-0.0047992902891342,0.0470053823388667,SPY
2009-03-26,1.9918162148159235,-0.7812473811749545,1.0987700196809052,4.460347008946422,-1.6677518050123201,-1.717726265504674,4.872341033236996,1.333221228678294,0.614852233187113,0.6977472688291085,-0.0182133288954524,0.003842531174639,0.0418270173768835,SPY
2009-03-27,-1.9113484348130354,2.168139078776546,2.663710114845809,4.41926950602923,-1.6595958445073027,-1.7122009528721096,3.6544524232378617,1.2019196465929307,-0.5457360592190225,1.4125127637272195,-0.0351659155188448,0.0319552527634785,0.0505332957039481,SPY
2009-03-30,-3.6349741013629906,0.055661402832248096,2.822434696329956,4.231329697110403,-1.6549274710428965,-1.7063481556674682,1.6163730483750645,0.42550255712178753,-0.5775293829279192,-1.4465492158652247,0.0092223422436852,0.0592572947026468,0.0825489969918615,SPY
2009-03-31,0.878127177668949,-4.017211920541856,-2.189502434130846,4.196882391189067,-1.6523765934103896,-1.6996494482417603,1.7471141102755878,0.4487384475001382,-0.12377108070497693,-0.7317837209671136,0.0191816674490139,0.0264340845309707,0.09437289090428,SPY
2009-04-01,1.8907247786589572,-1.998089086763362,-0.7931882239870143,4.173136871569914,-1.6500915348669065,-1.693023558448503,2.3748027427700795,0.32905012911447906,0.0066746601165926355,-0.017018226069002582,0.0288177658962371,0.0179722843982705,0.075533854778512,SPY
2009-04-02,2.8704588439087844,2.0016106171208854,-0.37649452599889,3.7639822453164613,-1.643294419191236,-1.6828428527718842,3.3259310097232637,0.4902421771045498,1.2524055190278505,0.6977472688291085,0.009899392693387,0.0281279550020254,0.0520783865313232,SPY
2009-04-03,0.9469651407821961,3.4437319756171823,0.037849511659296085,3.7493259848246123,-1.633134399758665,-1.672183458810182,3.312569956296191,0.5938816653132698,-1.2158557772349279,1.4125127637272195,-0.0078638735796765,0.018461362369587,0.0756328751194548,SPY
2009-04-06,-0.8590850125180423,2.7606047864391514,1.3857526847936212,3.7161425792372618,-1.6312773500545725,-1.6614269422095544,2.4110581273511866,0.28954909244198124,-1.4716195665298781,-1.4465492158652247,-0.0236008679279908,0.0089317089766947,0.0800799012030282,SPY
2009-04-07,-2.4591173837243048,0.061026727253537284,2.6947867050878656,3.4190880808786166,-1.629864275156126,-1.654697940478409,0.950314826757508,-0.1803201218423812,-1.4993159590381018,-0.7317837209671136,0.0107198673163138,0.0431457119358311,0.1208669696217468,SPY
2009-04-08,1.0303855149260526,-2.4044183794150062,1.121032666260798,3.4227277458172236,-1.6284108648192044,-1.6476906241632432,1.152962244907148,0.05595705595492602,-1.8131442393091135,-0.017018226069002582,0.038973436499992,0.0469823637346324,0.0961575458029981,SPY
2009-04-09,3.903019532288029,-1.036751614865183,0.7153199993725443,3.427713642479453,-1.624777471041924,-1.6403868027683701,2.735730689707107,0.6098220726749782,-1.2846729283187652,0.6977472688291085,0.0002328000609486,0.0146914838757776,0.080249500743732,SPY
2009-04-13,-0.03586936934280548,3.5683920405459664,1.2022476199819472,3.436130362011948,-1.6190986263784262,-1.6334640044350797,2.4310860564819188,0.07300757158324252,-1.7327221242096646,-1.4465492158652247,-0.0173935269725689,-0.028360755062974,0.0611248686323966,SPY
2009-04-14,-1.8279964563120552,2.7965983837663293,0.7387695166085174,3.536634399518323,-1.6116164894261678,-1.6273840103739752,1.305947658723247,0.09781137590609414,-1.096920553489601,-0.7317837209671136,0.0106131350311455,0.0083825040650031,0.0755549584369168,SPY
2009-04-15,1.0195336897590446,-1.3517172320980937,0.2818571537638903,3.4085073481166956,-1.6039055880501465,-1.622249118646081,1.5953372808019584,0.10395998464686808,-1.3508658747504867,-0.017018226069002582,0.0145565191151151,-0.0083630762339703,0.0394464127590534,SPY
2009-04-16,1.4204706188065392,-0.5877785169013235,1.922294669161021,3.362372067795018,-1.5965849805231376,-1.6174425392795513,2.095962030381492,0.05261539917093803,-0.3354515191315024,0.6977472688291085,0.0066825566411372,-0.013149975504902,0.033423677721216,SPY
2009-04-17,0.619898758057443,1.7635788553588823,2.106248226182295,3.297113726904362,-1.5916731486634133,-1.6115834988741913,2.1656060472745033,0.4119931997372359,-1.1564376192388812,1.4125127637272195,-0.0428194388778031,-0.0048349526755586,0.0185454508907687,SPY
2009-04-20,-4.4131331867049965,1.4743087100442702,0.5580174977021081,3.6370792587596057,-1.5927900920745608,-1.6070584339494316,-0.09374707919397088,0.24770463681271246,-0.7664625079123282,-1.4465492158652247,0.0193497321554083,0.0284774356338566,0.0893761322659658,SPY
2009-04-21,1.9078124743609717,-2.7482636595506853,-1.5061814199550823,2.686468249459576,-1.59082527036055,-1.6051460076621786,0.7442843904639127,0.3499227632007852,-2.5910814794128942,-0.7317837209671136,-0.0061324452678279,0.0059774892475168,0.0688197286694478,SPY
2009-04-22,-0.6830449577233653,-1.8160253632598773,0.2555247675226398,2.580087229492609,-1.5869362265010505,-1.6024928803898155,0.3388641917769475,0.07203960902712046,-0.15649649404747426,-0.017018226069002582,0.0097696198441834,0.0331561706714484,0.0682353433393982,SPY
2009-04-23,0.9337707051082917,0.8839467323713284,-0.5473651536695702,2.577179226887756,-1.583114487147971,-1.5998532481697025,0.6929077285355842,-0.14175756342105247,-0.3358980101144789,0.6977472688291085,0.0149975794704806,0.023729182150511,0.0439982629283557,SPY
2009-04-24,1.4653146869062479,0.1789002467337762,-0.776879635089424,2.5356363662946393,-1.5819706789307393,-1.5974627840032345,1.313342570510708,-0.07425213194596655,-0.72866950945877,1.4125127637272195,-0.0095070505683878,0.0140939003290787,0.0268692325641239,SPY
2009-04-27,-1.0261522628053206,1.733960271001302,-0.37820440825525875,2.4611586852563865,-1.5819572013475571,-1.5946144028022082,0.7336329422767264,-0.10356466596315486,-0.7068733553326292,-1.4465492158652247,-0.0031502142309314,0.0570548321789852,0.0616653375910898,SPY
2009-04-28,-0.3798316444414967,0.3152974946523828,1.2190039504249335,2.05815309540504,-1.580315438484046,-1.5900488944579731,0.39103524959816954,0.23116401079961482,-1.1163107670719956,-0.7317837209671136,0.0210462361561036,0.0567881989138134,0.046800961210824,SPY
2009-04-29,2.0803016586939496,-1.0202858216584265,0.14021301822506232,2.1320150002159006,-1.5774355938289384,-1.5847493909174784,1.1772368258902364,0.35436637430902657,-0.4441869903558757,-0.017018226069002582,0.0003426313232459,0.0529281632484375,0.0395994127146197,SPY
2009-04-30,-0.024702460900409676,1.2282773193539438,1.4433323486376612,2.071530095077889,-1.576197602397621,-1.5804667534764514,1.0130127095531583,-0.1367984700373424,-0.5584595303026527,0.6977472688291085,0.0053622976490483,0.0385959754227567,0.0568087490126059,SPY
2009-05-01,0.4856636507070566,1.485332602511961,0.9913423945409787,1.8753351908483453,-1.5751075654973021,-1.5774634782916865,1.1454562941891488,-0.05652901333734387,-1.2235659965322587,1.4125127637272195,0.0334538812815186,0.0562990692144342,0.07536680132824,SPY
2009-05-04,3.341828060222469,0.33107622574710793,0.5293655311444454,2.1351717603371023,-1.5650820508157097,-1.573005718200971,2.5962304651504557,0.7204689648456185,-0.6606736593128956,-1.4465492158652247,-0.0034168474961031,0.0039533558825288,0.0427569122910371,SPY
2009-05-05,-0.40694113219198585,2.7678921690000515,2.5891866046147953,2.110620517022739,-1.5576672809269876,-1.568312264240223,2.225399870158161,0.5349838290227313,-1.0884060204450514,-0.7317837209671136,0.0171862004907277,0.0044067662105833,0.0334415549804996,SPY
2009-05-06,1.6878390395996166,2.12179270477575,2.5764025053217936,1.9105379545550258,-1.5474399430864147,-1.5612485678227446,2.777047049683158,0.575027430832914,-0.5949242294374205,-0.017018226069002582,-0.0139895565024348,-0.0382748449268621,0.0256080729149958,SPY
2009-05-07,-1.4819034971169491,0.9245759291872215,2.3913277765969387,2.0158070986646734,-1.540052031052986,-1.5556393702236422,1.8470450571915746,0.20311608777681017,-0.29886876346095825,0.6977472688291085,0.0230653914407259,-0.0157515043471496,0.0398090661570842,SPY
2009-05-08,2.285595868400134,0.14647948455070028,1.7041512829535228,1.755065851923489,-1.531547071346549,-1.550811223120256,2.784877855585362,1.3898931605074818,-0.4966177093519947,1.4125127637272195,-0.0188918320503868,-0.0470125659771856,0.0126102141021133,SPY
2009-05-11,-1.9803340992818612,0.5791573888411998,2.5529505079125783,1.908809533021076,-1.5242802907427786,-1.5471682546339882,1.6983955624544913,0.7260855585243974,-1.0198674078216345,-1.4465492158652247,-0.0029634371680486,-0.0001094914294048,0.0365863646771673,SPY
2009-05-12,-0.36084140143849786,0.21837538186402466,0.04316315498458866,1.786733571969828,-1.5170135031882173,-1.5427105049775913,1.3702318518392305,0.7940388004581627,-0.6384615863490943,-0.7317837209671136,-0.0254954106467177,0.0016472742975341,0.0370112568772382,SPY
2009-05-13,-2.651741820862828,-1.6972111519573418,0.06490253791787105,2.0152320760998816,-1.5152775710122017,-1.5404008163506737,0.05597587898122524,0.12683779961532837,-0.752867296809696,-0.017018226069002582,0.0085337840772776,0.0204258543463744,0.0669460723113424,SPY
2009-05-14,0.8081191868591536,-2.18320022293298,-1.981526119117141,1.9802137027243685,-1.5125591862744368,-1.5384210852293763,0.3813793101312869,0.04743627515696572,-0.8325883576345032,0.6977472688291085,-0.00819567018931,-0.0025753902977623,0.0611506214234127,SPY
2009-05-15,-0.8928198734654222,-1.3370644814848427,-0.9016135200811245,1.9985434642352107,-1.511455720446471,-1.537323478371421,-0.05034550666869707,0.0669819755982891,-0.6946110909881541,1.4125127637272195,0.0280112424973939,0.0034888289977965,0.0461511478608374,SPY
2009-05-18,2.7884569369548906,-0.06389347725289217,-2.4004681945926523,1.5438714237780429,-1.5109847209665548,-1.5320711275173577,1.0752256951710462,0.4613232711264281,-0.9939064957475686,-1.4465492158652247,-0.0012066714411096,0.0007666409589806,0.0044839689450135,SPY
2009-05-19,-0.18222520767788977,1.3695462531106368,-0.15163565758891948,1.4717891606723166,-1.51024461467361,-1.5279905089216503,0.8529163334007125,0.20539724396306763,-1.3289157163404592,-0.7317837209671136,-0.0067168305978775,-0.016041278211107,0.0047083010969393,SPY
2009-05-20,-0.7424613510092645,1.8839002445320496,-0.06740510416094303,1.4757748998555251,-1.5124381313034765,-1.523970465024393,0.3718704371250741,0.07169020168114479,-0.4393361030223742,-0.017018226069002582,-0.0144674605668591,0.0045202400466699,0.0187169507097104,SPY
2009-05-21,-1.5304935872247103,-0.6719054802188454,0.8329597913117633,1.5611266818102223,-1.514658561394962,-1.521384708670093,-0.411663173086978,-0.24764466391256856,-0.707956068249799,0.6977472688291085,-0.0021314508937511,0.0365396682347611,0.0368634930540574,SPY
2009-05-22,-0.27625059954767256,-1.6478306537615073,-0.2698665765977333,1.5068302897411168,-1.519987593614527,-1.5197955062747601,-0.5727041815914572,-0.8330689024527856,-1.6492263158441387,1.4125127637272195,0.0252890544585779,0.0625914690931948,0.0085490763071458,SPY
2009-05-26,2.5116830571267745,-1.3103705342261527,0.02089077342387061,1.6396331765227887,-1.5199068810328322,-1.5161188940667358,0.47568141171030315,-0.34037495924394917,-0.8696710876739938,-0.7317837209671136,-0.0180145906111972,0.0381464068789325,-0.0159561692221981,SPY
2009-05-27,-1.8911420547910223,1.615502387643277,-0.10962828300376871,1.76758920607607,-1.5216563533491458,-1.5133580846248724,-0.4816025726110195,-0.8976483464791051,-0.7356199041026559,-0.017018226069002582,0.0138446876598994,0.043428792683489,0.0106388742601781,SPY
2009-05-28,1.3480963555908965,0.4465858368889999,-0.9155071272683644,1.6968805715131348,-1.5186419205335704,-1.5109810494266356,0.07676694273835113,-0.4573581873224294,-0.2338445830631986,0.6977472688291085,0.0175519676212321,0.0389368234488136,0.0183101847826385,SPY
2009-05-29,1.7250277959896163,-0.39566009192972945,0.07034319734479655,1.769128236613924,-1.5144837768118329,-1.5075401032637938,0.7777034454490528,-0.5485977935364995,-0.5564111220293543,1.4125127637272195,0.0239203499646825,0.021596292567235,-0.0018515311091213,SPY
2009-06-01,2.372522335048819,2.2218537819542226,1.6055588014365951,1.9005056055472214,-1.5063288172206775,-1.5029072796511962,1.752622491545082,0.1478266172639064,-0.3271374666352633,-1.4465492158652247,0.0008439922443157,-0.0064575180116923,-0.0164516847080662,SPY
2009-06-02,0.026272565563611166,2.963370172125832,2.854648290406129,1.604836878716203,-1.501457355553382,-1.500233965450158,1.6871569934039796,0.21617302959435447,-0.8660207367206484,-0.7317837209671136,-0.0127322048066407,-0.0022171917313409,-0.0254190095682327,SPY
2009-06-03,-1.3540643830692818,1.7337500028704778,1.6825960996587617,1.6662096809749676,-1.4980526775443288,-1.498159956780848,0.9874779135404975,0.4661732284965686,-0.7810711212760796,-0.017018226069002582,0.009352718425224,0.0079764681073219,-0.0085629289679998,SPY
2009-06-04,0.8913829561409472,-0.9636875731880804,1.9358673656648273,1.6052235229059202,-1.4926429327430693,-1.4965505883254775,1.376431444556859,0.4818191085696963,-1.0664442314748614,0.6977472688291085,0.0002114367396535,0.0030631544694843,-0.0455880629628877,SPY
2009-06-05,-0.03804144902155949,-0.33748953957290584,1.7204937112177807,1.5236375276993723,-1.485456843868621,-1.4940658222642527,1.2887685958418178,0.6703458585245887,-0.10285063741361383,1.4125127637272195,-0.0041334606142449,0.0055900509191788,-0.0459104529119711,SPY
2009-06-08,-0.4798015629247934,0.615095220093666,0.8890780645593453,1.3687731016354454,-1.4785399869214342,-1.4932712906287113,1.057749443181318,0.19140680803759047,-0.6662735820276857,-1.4465492158652247,0.0050843185246671,-0.0134716322184615,-0.061343889615447,SPY
2009-06-09,0.4574005918480989,-0.3774174799208673,-0.4560005390311784,1.226181232600422,-1.4740453693231321,-1.4909818411020626,1.2137610184551404,0.3034578085568338,-0.813598966145398,-0.7317837209671136,-0.0025385449679777,-0.0322118871615586,-0.0671100347686763,SPY
2009-06-10,-0.31764120327236517,-0.0187987011592081,-0.2526922527683661,1.224721493285061,-1.4676801410280673,-1.4886721629094637,1.000994315097569,0.40741358674221334,0.12551423439307874,-0.017018226069002582,0.0044394047873863,-0.0306556814827647,-0.0626412227588204,SPY
2009-06-11,0.3918300747947314,0.09857880285725457,0.23605681405411483,0.9149683264889892,-1.4624319465044295,-1.4845376267106687,1.0542206532382101,0.8804585437431454,-0.12976844726143882,0.6977472688291085,0.002738333189348,-0.0278032672552575,-0.0694653148014916,SPY
2009-06-12,0.21887648770188248,0.05111650291360484,0.0004812216264291182,0.903201753710461,-1.4590003272305947,-1.4807397851092998,1.0390053052221564,0.9807354746062966,-1.3315011947695852,1.4125127637272195,-0.0231951437518853,-0.0268625186671176,-0.0481658499161206,SPY
2009-06-15,-2.417866062081724,0.43946731541931194,0.12163675372109593,1.1247416368312597,-1.461516777596728,-1.4779183314068611,-0.17297333685585814,-0.08239161718399783,-0.762067849692571,-1.4465492158652247,-0.0136559364184298,-0.0341132425558949,-0.0193259435191404,SPY
2009-06-16,-1.447983237486829,-1.5942918615962904,-0.7923019094322585,0.927616990867013,-1.4658365133008313,-1.4776422532451596,-0.8207437452498434,0.020771872637044362,-0.6914287963515549,-0.7317837209671136,-0.0009823392891838,-0.019673497208231,0.0231562872887183,SPY
2009-06-17,-0.15941661430617707,-2.8008249163304324,-1.6908292549018915,0.927370786505398,-1.4686624962787471,-1.4773526800312085,-0.8769963620782268,-0.29561552724830836,-0.7300099938502034,-0.017018226069002582,0.0072918190148936,-0.0101107050478681,0.0225290728404212,SPY
2009-06-18,0.681844482824932,-1.1660779307202576,-1.616214829334191,0.923907274477072,-1.4717710567020825,-1.4762011903512275,-0.5811136269542726,-0.5602048012385165,-0.8748393408150378,0.6977472688291085,0.0036790817774878,0.004113474119598,0.0261317142062544,SPY
2009-06-19,0.31452551450295674,0.37556801981361854,-1.4794518988509042,0.8198012581612646,-1.4744490990505819,-1.473945408893079,-0.4936099984862622,-1.2736138872830607,-0.8121238013356722,1.4125127637272195,-0.0304458676406627,-0.0021753559284176,0.0330205422244711,SPY
2009-06-22,-3.155071190325613,0.7186243885038927,-1.434346411533774,1.2157648289951337,-1.4803374335952104,-1.4734307465550516,-1.9121042130390073,-1.8704678095916405,-0.20268594867554138,-1.4465492158652247,0.000783808929234,0.0375907080779827,0.0680815853006491,SPY
2009-06-23,0.020153528458692786,-2.0586732556391962,-1.781992359163536,0.9620236084831968,-1.4867769102366115,-1.4744039345962314,-1.8413953248609147,-1.6365203629681535,-1.2394875714008509,-0.7317837209671136,0.008580452871179,0.0286835665328979,0.0670886965556434,SPY
2009-06-24,0.8128641578056158,-2.271750292766559,-1.089658871924984,0.8603917300259551,-1.4918515018115408,-1.4737581128715156,-1.4743007403621096,-1.681795128784029,-0.815905751845567,-0.017018226069002582,0.0215159981823598,0.0242269894553111,0.0803501744008743,SPY
2009-06-25,2.1280639207966794,0.6003841071610095,-0.6311576252120261,0.9686983703204265,-1.494838784838613,-1.4726267753391475,-0.5224516721709154,-0.9753040610026064,0.36857287607874323,0.6977472688291085,-0.0026097482705278,-0.0249614242967126,0.0629221174525103,SPY
2009-06-26,-0.3248806790258249,2.126165506963831,0.050840244488008675,0.8499636682981441,-1.4985007394149106,-1.4727420328240608,-0.6397705144009369,-0.9425319403368564,-1.5528886390565153,1.4125127637272195,0.0093201963657376,-0.0224626292356147,0.0684842263207805,SPY
2009-06-29,0.8880763305678047,1.3026248497949573,-0.2506863775515986,0.6282702061417588,-1.498065244573928,-1.4737833221856158,-0.1649563069763237,-0.8292831716757038,-1.6947863567702999,-1.4465492158652247,-0.0081233326158507,-0.0513497229190731,0.05447614693432,SPY
2009-06-30,-0.8854650726294044,0.4050772082848881,1.655952354949088,0.6497763139916105,-1.4969491005037117,-1.475386367443824,-0.48554228557625984,-0.9405341536024603,-0.42467787744241636,-0.7317837209671136,0.0041238757935921,-0.0439082169317845,0.060144816101098,SPY
2009-07-01,0.35974919626414087,-0.0006939496775706072,1.2288871804075154,0.5955591233440328,-1.4951976541628371,-1.4759240548452264,-0.2724339669592468,-0.9512575247950712,-1.5118082380001892,-0.017018226069002582,-0.0276724155696639,-0.0461018256834986,0.0664121351023263,SPY
2009-07-02,-2.8730851264453476,-0.3831161425097547,1.0152104516989837,0.8539692471815203,-1.4977581169357297,-1.4787607774341027,-1.44885115474545,-1.4590437454077434,-0.6969519480477413,0.6977472688291085,-0.0001109532094298,-0.0208140973691195,0.0955026393449429,SPY
2009-07-06,-0.07081990361508696,-1.8218270663758127,-1.343195822424181,0.8533275864049875,-1.5007894818774685,-1.481617707820292,-1.3489733083611612,-1.099345461643532,-1.4076640274373677,-1.4465492158652247,-0.0195668973177207,0.0033346539150294,0.1119749230649249,SPY
2009-07-07,-2.048970222324439,-2.1334884758520194,-1.2233876501267196,0.9712450008655342,-1.502440503194202,-1.4853903261951351,-2.100335577685855,-1.190855374275066,-0.9302525975911287,-0.7317837209671136,-0.0006818266285621,0.028546313877845,0.1341278284006524,SPY
2009-07-08,-0.12886249613662035,-1.5369644506474645,-2.608419160345913,0.9456660128367451,-1.504267490728485,-1.4895267823085807,-1.9803969979673512,-1.1855154105882224,0.0577274880065574,-0.017018226069002582,0.0019302670418781,0.058054434895836,0.131925373680156,SPY
2009-07-09,0.13671772438210864,-1.5789777679059194,-2.251625902124113,0.9564610762631105,-1.5069063723221385,-1.4933865272449869,-1.7513026418416577,-1.335636780575176,-1.5180256499723137,0.6977472688291085,-0.0023846872552848,0.0545146141164769,0.1248024168249788,SPY
2009-07-10,-0.30199797970504133,0.003101824746589332,-2.356801496301536,0.9321207447235818,-1.5124819768912585,-1.4976713106775703,-1.7014525663565963,-1.4805467460265345,-1.2814485358734238,1.4125127637272195,0.024037798074719,0.0677937617524886,0.1402166772546396,SPY
2009-07-13,2.3844636736447447,-0.12221986892442689,-1.1443465182733004,1.2063361084814148,-1.5148367518655372,-1.5006820220534978,-0.4806503540844966,-0.25367070081212445,-0.4345171274036174,-1.4465492158652247,0.0056447626450948,0.0543238734734741,0.1141012461956263,SPY
2009-07-14,0.5143828030053772,1.5047795392729724,0.013498636642545187,1.048317432891625,-1.5176650981122937,-1.5018793809987037,-0.17039231500907723,-0.1505027734521566,-1.0875259128646302,-0.7317837209671136,0.0288262943894288,0.0532942862638945,0.0959019945011778,SPY
2009-07-15,2.871325964076861,2.0957053290711167,1.2223064127403833,1.2908251614651638,-1.5158922850407848,-1.500433775698009,1.1472923223609985,0.21826389755770695,-0.3167770994145825,-0.017018226069002582,-0.0016095537374809,0.024258912058694,0.0777471748195139,SPY
2009-07-16,-0.22318758598928856,2.4481137757047424,2.6371139342281538,1.2919454638732841,-1.5148366684560488,-1.499029149445152,1.014354435944983,-0.20989551452877236,-0.17077698592408913,0.6977472688291085,0.0108944603807268,0.0477103965125849,0.0869666209675879,SPY
2009-07-17,1.0481369704242127,1.9142337850448037,2.4673923494379024,1.312662291785853,-1.5089904974078514,-1.4973850138397065,1.4770594720735002,0.07165400924093944,-1.9972334498095217,1.4125127637272195,0.0105679097957045,0.0409038773658538,0.0683630048648638,SPY
2009-07-20,1.0149354901855168,0.5945439799411651,3.1040793802021196,1.340832415642408,-1.5017774950717844,-1.4952925642510586,1.9103733273724295,0.09862713424106517,-1.4319441163195872,-1.4465492158652247,0.0046151754355152,0.0332883281678917,0.0328816346748821,SPY
2009-07-21,0.4097012591320551,1.4907420190802423,2.4582470264873413,0.9229183175934847,-1.4916141740136266,-1.491033094475763,1.967391529008079,0.39615600593796824,-0.305305251694059,-0.7317837209671136,-0.0002090798157716,0.0239852697116536,0.0361691153718144,SPY
2009-07-22,-0.0807967608947181,1.028619275722539,2.408882049054427,0.925465477553799,-1.4813966645911143,-1.4868345611219673,1.7906776330842902,0.32258806409745333,-0.7303039911418231,-0.017018226069002582,0.0218419307164099,0.0217396860783525,0.0451198186943653,SPY
2009-07-23,2.1612025617446764,0.23548884003641823,1.0167410249043756,1.0494493414385149,-1.4685538415184087,-1.4817286107161798,2.666652938113947,1.523673709045592,0.5837556454029573,0.6977472688291085,0.0040879412339958,0.0102889501567631,0.0335293463859986,SPY
2009-07-24,0.3560956104950591,1.503288514524788,2.1411547608785853,0.9189491166145262,-1.4548854313286388,-1.4776790516092848,2.708506604304986,1.5629192471229396,-1.5607088216942473,1.4125127637272195,0.0029523605977423,0.0076190975957199,0.0488578987568519,SPY
2009-07-27,0.24063736364659205,1.8195269354772663,1.8148068216765478,0.9045137864417472,-1.443720695951682,-1.4732706354119385,2.679972757788904,2.390416066034816,-1.4011619743805588,-1.4465492158652247,-0.0046878830207228,0.0210280675085297,0.0458079677714247,SPY
2009-07-28,-0.5361715264675292,0.4293527292974417,1.4496688219046296,0.913370896859786,-1.4338686730061467,-1.4697560577397837,2.307994754273309,2.184356625992009,-0.8014597560325181,-0.7317837209671136,-0.0024546634490727,0.0283019585472592,0.0524367889112751,SPY
2009-07-29,-0.3091126912437435,-0.2165023346471094,1.0036208655233605,0.8745939918427856,-1.4279276375663748,-1.4658961249856397,2.035497240203018,2.059121630002738,-0.6159956466295675,-0.017018226069002582,0.0103911947948205,0.0278723406472733,0.0549881365940478,SPY
2009-07-30,0.9969682903737924,-0.6144312083512391,0.8959532640319885,0.8961836740535362,-1.420403267609778,-1.461602785411681,2.380724276701326,2.2012519418179406,0.047179974037180286,0.6977472688291085,0.0014180886729526,0.0122884560391538,0.0468243618558679,SPY
2009-07-31,0.0846428521432299,0.49531056451370314,0.3469319522867427,0.43934001447136617,-1.4140696793140135,-1.4555081554794764,2.2130324661444662,2.1182673500304,-0.31450507419632184,1.4125127637272195,0.0163613305105521,0.023899940540577,0.0452125307450952,SPY
2009-08-03,1.6039717749171074,0.780324996983372,0.21892219245404163,0.48751074106464937,-1.4068836043411468,-1.4483030010027034,2.74470892707103,2.168271323860146,-0.9752555151636707,-1.4465492158652247,0.0025860080180066,0.0054609770457307,0.0199119614701794,SPY
2009-08-04,0.20338908269294015,1.2196959634618996,0.8618337311616363,0.14248378516914809,-1.3999410989762493,-1.4397434163024738,2.5409713036337607,2.046802935158182,-0.9293884924395712,-0.7317837209671136,-0.0028842813490586,-0.0096795200216295,-0.0049782775947138,SPY
2009-08-05,-0.3527933669822289,1.30564875848014,1.2105904597179042,0.16384176300015982,-1.393364052285167,-1.4313395881563329,2.0760474885673013,1.9623968938498335,-0.7221095725290655,-0.017018226069002582,-0.005192689813299,0.003876236035194,-0.0058937655225426,SPY
2009-08-06,-0.5874969061079715,-0.11072826975826164,1.18999183753199,0.22837636462784086,-1.3903461996805635,-1.4234030644535187,1.5224800506346947,1.5584078000977484,-0.50702096263059,0.6977472688291085,0.0130295731743759,0.016678818259086,0.0075796550164852,SPY
2009-08-07,1.2652209643814918,-0.6832000102380256,0.44280101693984686,0.20600013648676793,-1.3860968476831632,-1.4144371952060124,1.8239552169654238,1.5949579226582211,0.14475471766813316,1.4125127637272195,-0.0020776329842941,-0.0040599106372871,0.0084620072918655,SPY
2009-08-10,-0.27077875432895254,0.4879769906357964,0.9995296408409117,0.06601477290364617,-1.3825241134563864,-1.4070627126045636,1.4489039478320125,1.4216387226274525,-1.8468930455863728,-1.4465492158652247,-0.0125544890493536,-0.02689573804727,0.0191249513512579,SPY
2009-08-11,-1.33599543303733,0.7172289866982811,0.11544812900756053,0.2478192003723716,-1.380033992685453,-1.4008868271541461,0.6184936432760957,0.8111767621469064,-1.2047326942918244,-0.7317837209671136,0.0106714747077649,-0.0064385928654688,0.039324449914357,SPY
2009-08-12,1.0254652780312832,-1.1656250522922738,-0.6104838649985809,-0.08583568040016629,-1.3757711005477546,-1.3957808837045709,0.9458810543219454,0.6027603026633614,0.20760724605025296,-0.017018226069002582,0.0076098924105929,-0.0083684440664546,0.0388195738020771,SPY
2009-08-13,0.7141840591299139,-0.22735697345471598,0.039465537640578884,-0.09934359733555113,-1.3718465172953682,-1.390051941863493,1.1055867018450716,0.6821463221657674,-0.7478954753129454,0.6977472688291085,-0.0077091557219972,-0.0057268780690042,0.0310191952940162,SPY
2009-08-14,-0.8433543351592441,1.2566367232300935,0.6533029830605863,-0.0441385924935634,-1.3691670152808204,-1.3855418814890959,0.5736311369914981,0.29226421385192847,-0.1975875234352995,1.4125127637272195,-0.0249134603942771,0.021398771257842,0.0435843514003355,SPY
2009-08-17,-2.5925730099878113,-0.09608216641406656,-0.34104394979885017,0.35161186223966245,-1.3720495498919318,-1.3833884328730353,-0.6759899405151512,-0.3590574234913515,0.704405085543114,-1.4465492158652247,0.0079026561324475,0.0462146612644343,0.0726682851045623,SPY
2009-08-18,0.7439503170133556,-2.489631934025503,-1.4359391604882104,0.36714209304286766,-1.3742284837628942,-1.3810047892729236,-0.3901019120281665,-0.11098204644824723,-0.8126489531888157,-0.7317837209671136,0.0087416235067792,0.0402529432511142,0.0797862513507441,SPY
2009-08-19,0.829250910481538,-1.3406837041060937,-0.45509314681850777,0.3878131388771675,-1.374837539847841,-1.3780184663780215,-0.08385834757825597,-0.1442748857484894,-0.3393814027889494,-0.017018226069002582,0.0102514584080433,0.031608003978035,0.0695527258158961,SPY
2009-08-20,0.9827608288134552,1.1361555914493833,-0.5476225217943737,0.21305104634694152,-1.373348902903614,-1.3757634640156728,0.3219522176742075,0.04225257833289365,-0.7538564510437671,0.6977472688291085,0.019416493604849,0.0235839656266323,0.0599392979792581,SPY
2009-08-21,1.9146003321875342,1.309015234015992,-0.420969000229224,0.37271180696973916,-1.3709535631147671,-1.3724385266086943,1.1342812137592049,0.1089373206231188,0.48273528920685976,1.4125127637272195,-9.757038768487548e-05,0.0039737295839632,0.0379892692835275,SPY
2009-08-24,-0.06945922777470603,2.094630204151898,0.8796076332156165,0.37567750118221577,-1.3682875734373547,-1.3693167314753538,1.0184339353482899,0.05700000587973508,-0.31481697491207405,-1.4465492158652247,0.0019409381191275,-0.0048679387927155,0.0438941005200828,SPY
2009-08-25,0.13780268817232005,1.332995460721936,2.069439673430366,0.34925685773619614,-1.3636457797966135,-1.3657479927326737,0.9854032435121252,0.1751398778055659,0.318635723665727,-0.7317837209671136,9.668423370001732e-05,-0.0291131079587296,0.0336065090691715,SPY
2009-08-26,-0.04970871661654843,0.046885383981436476,1.7835968886223534,0.33890875142585064,-1.3604384764404887,-1.3620099815150182,0.8580843008229077,0.32971898925158194,-0.20008502252224739,-0.017018226069002582,0.0022274200566405,-0.0330095614693171,0.0224296207121232,SPY
2009-08-27,0.1669302562225551,0.0611815147236413,1.3691033633009577,0.3063399536812906,-1.357961881908272,-1.3588068960824022,0.8524311726499234,0.116579149570385,-0.14282799144759228,0.6977472688291085,-0.0001937424378199,-0.0269562508002287,0.0148550145630235,SPY
2009-08-28,-0.07923735884697106,0.08226509669851191,0.9843797882095682,0.3092448258007433,-1.354456806678241,-1.3557121953967495,0.7346978976514473,0.17755093714281622,-1.3657925537623006,1.4125127637272195,-0.0089392387643636,-0.0128505829126526,0.0327934319995906,SPY
2009-08-31,-0.9684209548386843,0.06089120279847193,0.044140000172812,0.2522897816298315,-1.348840595589808,-1.3543442909896803,0.26096795268244427,0.2918166780132717,-0.6074243128586875,-1.4465492158652247,-0.0223042310468866,0.0046739669268092,0.0387187394615722,SPY
2009-09-01,-2.327284014686533,-0.7609168618979929,-0.37978597309396206,0.51485241494776,-1.3473384046037016,-1.3546829263703946,-0.773928989056753,-0.6186857704673759,2.9579061799241857,-0.7317837209671136,-0.0037997692768874,0.0346232074874413,0.0571472734638973,SPY
2009-09-02,-0.4458740587301756,-2.388133932337364,-1.5422540162101657,0.5175873470899378,-1.3475278692568045,-1.355082498172609,-0.9364438166463847,-0.9221921634682994,-0.6668201055306334,-0.017018226069002582,0.0082807307257288,0.0485895753598137,0.0358211609279512,SPY
2009-09-03,0.7823904139334844,-2.009895683925512,-1.7290748487038892,0.5371842238824222,-1.347987983798473,-1.3545678358345814,-0.5694437824957996,-0.5040247437785266,-1.3434864388748964,0.6977472688291085,0.0139119254497561,0.0401183585366169,0.0228681848688143,SPY
2009-09-04,1.3549326445262488,0.24099857603794397,-1.43884052780942,0.5482806801242313,-1.3492194970928508,-1.3539854686802912,0.06342930156937819,0.5966621798210281,-1.3367422256663908,1.4125127637272195,0.0085853110750981,0.0310624334711828,0.0237740825246079,SPY
2009-09-08,0.8133581074992124,1.5444872738764552,-0.7625248447205654,0.5743860975596239,-1.3492465217671212,-1.3526649569489846,0.42494133419384916,0.6151405716963863,-1.5253919272815557,-0.7317837209671136,0.0076450095137454,0.0266475957060343,0.0294112386131812,SPY
2009-09-09,0.7177545313931265,1.5669028049204359,0.07771384443355307,0.49806554014589244,-1.3484751508175745,-1.3499562634511713,0.6958483922943551,0.6003829497777613,-0.9458167031069407,-0.017018226069002582,0.010166598595485,0.0340232085709182,0.0245111427521873,SPY
2009-09-10,0.9741328504268252,1.1056903563676928,1.51367145021247,0.4938708730488215,-1.34628282972371,-1.347254345304333,1.0902766782082076,0.6059330085406525,-0.7124208485190248,0.6977472688291085,-0.0001904860974679,0.0223647079473643,0.0219712221645353,SPY
2009-09-11,-0.07890627593116487,1.2220649011342515,2.1833082021307026,0.47877514551790334,-1.344428859219901,-1.3450873738111726,1.005369987546526,0.15131768492993977,-0.9414521251150919,1.4125127637272195,0.0048560003843221,0.0231932246162376,0.0282404521160168,SPY
2009-09-14,0.43418672982337586,0.6454131391876183,1.7771440390413187,0.4375161694147288,-1.3418575949182494,-1.3420468341960452,1.1335605706581156,0.2882908931357247,-0.9752456043241196,-1.4465492158652247,0.0041704733099496,0.015803689141034,0.0272925892403632,SPY
2009-09-15,0.36448692018648565,0.25458070593665433,1.3429452336075836,0.00851010752584134,-1.3374458307451795,-1.337028935528083,1.1602326474626907,0.345981379719849,0.1965548556533341,-0.7317837209671136,0.0150206223786293,0.0174404766799547,0.0210767245765506,SPY
2009-09-16,1.4676575357469226,0.5755246577737572,1.1312697537465612,0.07481686933257643,-1.3278103666349248,-1.331455764153518,1.6957042360944061,0.6666228959945135,0.4618304047014662,-0.017018226069002582,-0.0014919020280688,-0.0059267990304583,0.0231251702332215,SPY
2009-09-17,-0.21122554677007277,1.3235880188393256,1.4849036754204448,0.07614647395945777,-1.3178771445523456,-1.3265800852501193,1.452856116806284,0.5663818472321207,1.011347370996063,0.6977472688291085,0.0006380305714053,-0.0155151011257377,0.0282696129510071,SPY
2009-09-18,0.005331759677146837,0.9068666169667156,0.9259207987602447,0.05060028252857881,-1.308974627420607,-1.3223555913112734,1.3374684891161475,0.5861849247283826,-0.8474792190463901,1.4125127637272195,-0.0025335350908815,-0.0215003177896022,0.020129198350669,SPY
2009-09-21,-0.31713183246417503,-0.1516174047875267,0.9656451720636232,-0.11616236023928529,-1.3023474794301055,-1.3196556695974229,1.1218260425998334,0.8386693811256493,-0.8831174469184173,-1.4465492158652247,0.0058072608488703,-0.0012221076999736,0.030893952910584,SPY
2009-09-22,0.5309045339375309,-0.22827618564539684,0.6113437116539779,-0.10983615456089053,-1.296068204612929,-1.31652710606932,1.2953135767194273,2.0643875380763106,-1.08819010550916,-0.7317837209671136,-0.0083466533317837,-0.010043299851226,0.0197901860206499,SPY
2009-09-23,-0.9081708299516108,0.15215230226570883,0.689821745539313,-0.04118217115205839,-1.2920681496750412,-1.3141395322091458,0.811143427937439,1.7612129474073097,1.0137747052266701,-0.017018226069002582,-0.0110802041233482,-0.0055723435640038,0.0191224558260199,SPY
2009-09-24,-1.1860999985102947,-0.27566299396431465,-0.43055448619750625,0.054399398505055686,-1.291093454195721,-1.3125547887460256,0.2291611129689714,1.055015686923133,1.0828127764726743,0.6977472688291085,-0.0053471860924592,-0.0196180212534891,0.0403154729632024,SPY
2009-09-25,-0.6032050548443736,-1.5184926647646608,-0.8902788418902099,0.0770942099087658,-1.2908532209672912,-1.311506870113958,-0.05857753404125207,0.5215751362096708,0.4408739373168436,1.4125127637272195,0.0177446749987471,-0.0189430804944379,0.0341633153937301,SPY
2009-09-28,1.7446209937356203,-1.2977474618725333,-1.1772483018773967,0.2333546923388495,-1.288760476901101,-1.3091730469077714,0.7059935195558212,0.7315380703320066,-1.6644755106546465,-1.4465492158652247,-0.003013931302382,-0.0218699323876352,0.0055339985508009,SPY
2009-09-29,-0.3659753074246897,0.8236138608072021,-0.2049815777568171,0.18186172975106135,-1.2876982292620303,-1.3064339060678456,0.4697976041080867,0.43038635663902397,-1.2412859018166045,-0.7317837209671136,-0.0038756970445614,-0.0046335339215817,0.0039542131918928,SPY
2009-09-30,-0.4535938865106845,0.9953292892279552,-0.6279257901813082,-0.172607234052415,-1.2893587592604516,-1.3024433286867383,0.15246736877592734,-0.015488715938051649,1.6451078674074404,-0.017018226069002582,-0.0251258818128334,0.0019870767757312,-0.011237930973678,SPY
2009-10-01,-2.6141705996230926,-0.5958177487301045,-0.41355963045367466,0.26255350007200196,-1.2943653025943553,-1.2999780678453638,-1.101683411065174,-0.8196125348014544,2.2222804482692076,0.6977472688291085,-0.004672245333408,0.0347396365963978,0.0351145254165325,SPY
2009-10-02,-0.5345815909715455,-2.223142407515021,-1.08699900083449,0.25778958436081617,-1.300117054101583,-1.298401456194656,-1.3670934981405822,-1.087656747932206,0.8741549770661531,1.4125127637272195,0.0148178231055497,0.0454906257838194,0.0103854748009393,SPY
2009-10-05,1.4470382615321349,-2.281764222525882,-1.0546380361399879,0.2708127438757651,-1.3034212236770064,-1.296738670983498,-0.7373192290155381,-0.7639752095553226,-0.8377904718207909,-1.4465492158652247,0.0142224671636714,0.0345809401869381,0.002879636439931,SPY
2009-10-06,1.386506449782624,0.6578849027826192,-1.1949699830725475,0.3316045485414742,-1.30554239647719,-1.294657998262613,-0.1405771344376646,-0.7919112382388107,0.37434176872656977,-0.7317837209671136,0.0027449136527515,0.0183130816694037,-0.0081838117664876,SPY
2009-10-07,0.21954554522519956,2.048437561292585,-0.3685471085606605,0.3116160339340958,-1.3060591043567984,-1.2929149661840544,-0.06864529623017049,-0.6778141284466869,-0.6092701330022264,-0.017018226069002582,0.0076266780078331,0.0326372360519524,-0.0083525475577959,SPY
2009-10-08,0.7158907064324357,1.1599341591829466,-0.051112806129484954,0.2905854834724082,-1.303883520766957,-1.291338598000784,0.2398591257887517,-0.49343702386472493,-0.043849437435607666,0.6977472688291085,0.0060787438540135,0.0286630987338361,0.0022485672397367,SPY
2009-10-09,0.5585071108240127,0.6745183505518312,1.5192538042692174,0.3019453949758694,-1.3000625877055996,-1.2893064309496618,0.4615044695683198,-0.2845076798581207,-1.1137066315023358,1.4125127637272195,0.0039081375086684,0.0150819708508898,-0.0012128726197264,SPY
2009-10-12,0.33781436983247126,0.9198709300156489,2.0347247946628086,0.29890667742965704,-1.298213246428402,-1.2873338508148144,0.582484339901372,-0.3277201212746488,-1.4756406187918676,-1.4465492158652247,-0.0020453913538629,0.0194050528112548,0.0173992891355814,SPY
2009-10-13,-0.2675006409072549,0.6462056716694482,1.5116448862496732,0.2998835694315998,-1.2962280171928742,-1.285808923822982,0.4344410020486221,-0.15852578394341366,-0.5743567288158783,-0.7317837209671136,0.0170690680353002,0.016153938124054,0.0196273585938726,SPY
2009-10-14,1.6759297946539353,0.04831153524619785,0.7316599941220502,0.3324169634385351,-1.2911697321729443,-1.2841087211447861,1.1969993739349585,0.5189710133056455,0.19845674398502985,-0.017018226069002582,0.0036525406897167,-0.00992951343766,0.0076554132633841,SPY
2009-10-15,0.31182699414634646,1.0168876347820623,1.4184513132652057,0.33130637289331116,-1.282005031215722,-1.282028020599051,1.3040628986548597,0.7537380879031798,-0.19174576932540338,0.6977472688291085,-0.0075023840289327,-0.0034692411135424,-0.0062172991200881,SPY
2009-10-16,-0.8223311718391297,1.4362258254231506,1.2279058235788893,0.37083999524743894,-1.2733026829547756,-1.2805515714521312,0.8925602123421957,0.17993205274813145,0.2524180306577244,1.4125127637272195,0.0082312194690334,-0.0074662007465411,0.0066819019699986,SPY
2009-10-19,0.7773564403742178,-0.37210536758392065,0.5767399337763981,0.3883306776912339,-1.2654569640421933,-1.2782790255218577,1.213796387248271,0.4444315960599365,-0.5120003246057435,-1.4465492158652247,-0.0052965060410636,-0.0265820620597567,0.012850956675396,SPY
2009-10-20,-0.5980522460542983,-0.035138401295012334,0.7840160551466266,0.3998575716842975,-1.260425870515511,-1.276822930252713,0.9098168285992955,0.3921889069766794,-0.019423925662100886,-0.7317837209671136,-0.0090143835264138,-0.0258792726799832,0.0193155890458722,SPY
2009-10-21,-0.976061171842371,0.12720275636240685,0.6281368817534232,0.4064448334019231,-1.2571217287432501,-1.2754281261719063,0.43247876485325637,0.9612456672220169,1.002166651968187,-0.017018226069002582,0.0101128130138343,-0.0359327303637018,0.0277011510325326,SPY
2009-10-22,0.968664292083313,-1.1419840119799711,-0.622470143796432,0.36343797761484076,-1.253423157401506,-1.2724887577113793,0.8191462709183744,1.2948160655631513,1.27129985528871,0.6977472688291085,-0.0114993436619315,-0.0248189688001589,0.0044718115180852,SPY
2009-10-23,-1.228715304517415,-0.0079381999080135,-0.3127234855985682,0.42831269292759533,-1.2523081810641288,-1.2700188779449044,0.18991219485227712,0.60332670609041,1.2933053478941157,1.4125127637272195,-0.0108846418441821,-0.0427209210872288,0.0124131890998446,SPY
2009-10-26,-1.1662165334516603,-0.19081835345728745,-0.50436322261882,0.3566551599172961,-1.253355262077876,-1.2696174349215275,-0.33577452003601244,-0.08813871738849628,1.3081470491231983,-1.4465492158652247,-0.0045937166612901,-0.0245242944985051,0.0359201534859305,SPY
2009-10-27,-0.5265973206162636,-1.736121923398926,-1.4208995330523142,0.3633068795870038,-1.2547694282504636,-1.2693316806682386,-0.5596005139663754,-0.3025710851373373,1.5006687922375437,-0.7317837209671136,-0.0190678412101323,-0.0167715588799621,0.0420467002735511,SPY
2009-10-28,-1.9982295338857237,-1.227903659379073,-1.387203327864629,0.5350688767637629,-1.2614321781909685,-1.2701345388901426,-1.4148514068705556,-0.9994291477614554,1.3542516563704192,-0.017018226069002582,0.0212265745773772,0.0048724601916134,0.0646220356569786,SPY
2009-10-29,2.098637263665486,-1.8301446109255952,-1.8692302091835695,0.41825715641517625,-1.2655930327210818,-1.2676306641131805,-0.5133388549290957,-0.5989979430611297,0.25246395266555327,0.6977472688291085,-0.0294012959490013,0.001873678419602,0.0270112816781287,SPY
2009-10-30,-3.0488661244972097,0.07009465606404783,-1.3363655973522908,0.8359573807856842,-1.272840510979058,-1.2669026616939894,-1.887936390819051,-1.2153821295387546,2.7381864490075873,1.4125127637272195,0.0073119847445415,0.0338922783631536,0.0597836636358124,SPY
2009-11-02,0.6838947993918367,-0.6903939177074537,-2.194699366880327,0.766001722136823,-1.2802783435913474,-1.2666985594630258,-1.5619507768352254,-1.020123128726152,1.2871740089939891,-1.4465492158652247,0.0031590189572527,0.0491005928825885,0.0647664369582594,SPY
2009-11-03,0.26164900396864893,-1.7144354259926948,-1.3222370319273773,0.6786408359149811,-1.2864787547371574,-1.2672836743212534,-1.3992732935926881,-1.3647395765636499,0.7524097939530955,-0.7317837209671136,0.0025761778614432,0.046124252029764,0.0611578631175362,SPY
2009-11-04,0.20238961809586792,0.6818345602170175,-0.9505214401913518,0.6781685679081478,-1.2909795029328637,-1.2678824442246193,-1.262346744832284,-1.3972675891059376,1.1070531004680142,-0.017018226069002582,0.0182277928053657,0.0486451968731325,0.0507308122289895,SPY
2009-11-05,1.7937411822917488,0.33330378196357646,0.08723087751873072,0.8014228325597851,-1.2943517485524758,-1.2677191540923933,-0.4229881727175688,-0.8379685957047749,-0.22638459611485878,0.6977472688291085,0.0026173039945502,0.0201972323740111,0.0381947216899059,SPY
2009-11-06,0.20657104834978338,1.442287236367435,-0.056549846565849014,0.7884018801378633,-1.2956435113007057,-1.2678076162467562,-0.2976156649433304,-0.9686140402594395,-0.40380311765047505,1.4125127637272195,0.0225202992639763,0.0229767454406149,0.0340444953787137,SPY
2009-11-09,2.2301745402362796,1.4453139060632567,1.4786260462002594,0.9887931864396731,-1.2920265700450295,-1.2665216838477875,0.7278573062012246,-0.4069286426058498,-0.6144076109667043,-1.4465492158652247,0.0001826781044282,0.0148567203510694,0.0003651362981287,SPY
2009-11-10,-0.040965434777271575,1.7612200765654422,2.207809641391882,0.9854364093536805,-1.287716148400474,-1.2650724265355304,0.689087134633682,-0.22503567832257218,-0.35070459378222174,-0.7317837209671136,0.0050971227048117,0.0158421685760536,0.0039158121245304,SPY
2009-11-11,0.45870243527923105,1.58204426192896,2.065104878099091,0.882482344047181,-1.2799111750230185,-1.2645008693354651,0.9148768595185073,-0.3167493749817797,-0.3973511702454064,-0.017018226069002582,-0.0102201716937555,0.0101162243314885,0.0044383187159118,SPY
2009-11-12,-1.0986576510595636,0.29978900201009734,2.1859750522277315,0.9210065830197237,-1.2766749285743877,-1.2649635339850547,0.44094624667215737,-0.29143521457466304,-0.6264552476340759,0.6977472688291085,0.005396817061154,0.007219869524631,0.0188971430149864,SPY
2009-11-13,0.4891733537406633,-0.4658066875342728,0.8219981958282772,0.9095779082199171,-1.2684347939939038,-1.2644668186752774,0.6823572861057388,0.05345921396978687,-0.7365182666614998,1.4125127637272195,0.0144002741744309,-0.001734913616695,0.0203176041494126,SPY
2009-11-16,1.4045846778575484,-0.4437507401883423,0.9552657797014414,0.964740767436334,-1.2590661012309998,-1.263500635540085,1.3444581053252114,0.3947280130127993,0.44558228502673103,-1.4465492158652247,0.0011681263294125,-0.0035128652492222,0.0012584765992897,SPY
2009-11-17,0.05922835224607629,1.368186142206617,0.5659399881895381,0.9495362429446853,-1.2499694763179658,-1.2620513990964657,1.3530890552804808,0.9329172293296468,-0.788741788876082,-0.7317837209671136,-0.0006288215397534,-0.0031481614523043,0.0016157063718935,SPY
2009-11-18,-0.12347329308707693,1.0569764776007924,0.6131886611868587,0.9078788967146844,-1.2413350789869753,-1.2599829623533678,1.2541654048005781,0.6197573752988101,-0.585683295948557,-0.017018226069002582,-0.013116526500613,0.0009881542607441,-0.0098442191098362,SPY
2009-11-19,-1.3931396434209113,-0.04908687232263058,0.33865037459480174,0.9522339383796126,-1.2372965583733126,-1.2596495650006663,0.6122011253490867,1.215274992335502,0.4277095254409141,0.6977472688291085,-0.0035579660801721,-0.0022794986401155,0.0089138782780393,SPY
2009-11-20,-0.421289126331882,-1.1003630942685385,0.19978065248878074,0.8998805893732164,-1.2341691613071601,-1.2587310319210991,0.4126665206564158,0.9515745167577506,-0.9911618051214938,1.4125127637272195,0.0126223225419037,0.0046495534487389,0.0225827045028355,SPY
2009-11-23,1.223814442861101,-1.3159329119341285,-0.2295687640299966,0.89319227737435,-1.2324694427507303,-1.2560706284504612,0.9299533422469702,1.0974605856141677,-0.725845528131387,-1.4465492158652247,0.0015328301263304,0.0043219889738237,0.013547258327252,SPY
2009-11-24,0.09630899598621856,0.5783126326112268,-0.31481510489349235,0.8752453209374307,-1.230565787994945,-1.2529611666818834,0.9020624363935776,1.0847931347463629,-0.889992145747318,-0.7317837209671136,0.0035074941732951,0.0023396039640228,0.0139815582705988,SPY
2009-11-25,0.2970796341061416,0.9529687804609855,-0.29732887882440445,0.6681630703822745,-1.228893344341251,-1.2482187618537728,0.916188593027387,0.8593809686907051,-1.4432403210266138,-0.017018226069002582,-0.0163841794014727,-0.0090187632363756,0.0151970774360341,SPY
2009-11-27,-1.725372743561893,0.28216477527753386,-0.09900752252723714,0.6636765561688402,-1.2281591045156632,-1.2462319701767879,0.07113345582897734,0.15679862550259327,-1.083954654823934,1.4125127637272195,0.0033710860086824,0.0130571184313792,0.0337127492361624,SPY
2009-11-30,0.28321056392371935,-1.036434025063353,-0.2556796433623389,0.15669459443629857,-1.2277240267221232,-1.241890980547204,0.09203774229356436,-0.35360119485902236,-0.4027827992285345,-1.4465492158652247,0.0122947580669885,0.008153110106055,0.0289211431072233,SPY
2009-12-01,1.190509877076743,-1.0464729571706275,0.07654330658810783,0.19459253186648748,-1.2276016232977656,-1.2371417308059933,0.5241647916465024,-0.0020157867456883304,-0.43564271176734987,-0.7317837209671136,-0.0004495548834704,-0.0153007077775422,0.0162711880212027,SPY
2009-12-02,-0.1052466580141965,1.0641478181480686,0.060837776486761884,0.20186906113206096,-1.227723985017379,-1.232651099133109,0.35937413441156235,-0.1541487924038863,-0.9792913152929745,-0.017018226069002582,-0.0078508730271034,-0.0111177989632418,0.0070758502334111,SPY
2009-12-03,-0.8577632032512837,0.782968501415086,-0.03421040433915071,0.2645129674965221,-1.2289341454827036,-1.2289360851539783,-0.1293847957936021,-0.07379223986710556,-0.2867298425603567,0.6977472688291085,0.0056917022662821,0.0023527033600547,0.0317442090261161,SPY
2009-12-04,0.5191553098595775,-0.6996452657740416,-0.5788029704719071,0.12710819301258813,-1.2273160431107604,-1.226105567506652,0.04988224909662527,-0.06362894419538931,1.7739226272408086,1.4125127637272195,-0.0015329223166418,0.0008996536990917,0.0286961670759637,SPY
2009-12-07,-0.2153962154594247,-0.24768065093791877,0.4796555944760521,0.13320879920416379,-1.2253987926083512,-1.2235812762460019,-0.10166971090533579,-0.5919309334469102,-1.0586925815755772,-1.4465492158652247,-0.0111590598166086,0.0092498542113137,0.0309330476862284,SPY
2009-12-08,-1.1941175181889534,0.2172876918259686,0.2445261580786242,-0.06528427046936702,-1.2270441003751233,-1.2235540496302768,-0.6249073222741757,-0.9864259760384947,-0.2608697327112841,-0.7317837209671136,0.0037333539308299,0.0157500606522305,0.0463045026241264,SPY
2009-12-09,0.3200435442029377,-1.0228408370365123,-0.8799994573980898,-0.05682094414070578,-1.2283630963213448,-1.2232614922011629,-0.45988293814400155,-0.8306267429168516,-0.5313255485579679,-0.017018226069002582,0.0056196292961931,0.0135420628234168,0.0458933302508555,SPY
2009-12-10,0.5118274121251708,-0.6352702700060957,-0.6794441306606976,-0.05336762425721782,-1.2293693066857323,-1.2229281157170986,-0.20703031626622959,-0.20981271070599042,-0.831568800028873,0.6977472688291085,0.004238652605319,-0.0041663134942595,0.0416690511321116,SPY
2009-12-11,0.37141893510766777,0.5995540627655762,-0.03358233574672561,-0.12090185959877997,-1.2272753392803777,-1.2215129090650292,-0.051881579490286614,0.0565527180621825,-1.0441489907747878,1.4125127637272195,0.0068172781955802,-0.002763395212316,0.0280607459320485,SPY
2009-12-14,0.6335963449941198,0.6367414195597579,-0.10325080390070603,-0.11122605313586875,-1.2246509848393026,-1.2199819997304469,0.22225666250533785,-0.11790556247346776,-1.341397178178632,-1.4465492158652247,-0.0046588533756919,0.0005301867367277,0.0296541815281852,SPY
2009-12-15,-0.5332199862466964,0.7248821552953,0.29711106541045085,-0.22428892727585967,-1.2245829644014399,-1.2198867135316214,-0.0010393354554033864,-0.3521921738047802,-1.07210453066401,-0.7317837209671136,0.0015253561020163,0.0087759164787399,0.0370139587798492,SPY
2009-12-16,0.09554908716366607,0.07007194858188513,0.6087724198635263,-0.223643551058497,-1.2242157958331108,-1.2197642146294958,0.06713353338421764,-0.4218056651528573,-0.43065789481606764,-0.017018226069002582,-0.0120887470214832,0.0092176904464009,0.0242007879034691,SPY
2009-12-17,-1.2886418974936311,-0.31938601945918343,0.502906921557834,-0.12664015960496935,-1.2244877524703295,-1.220505851225187,-0.47755869406072754,-0.2568322415973971,0.10283771342385196,0.6977472688291085,0.0056415708872625,0.0260294508066145,0.0487075597582649,SPY
2009-12-18,0.5140582864083895,-0.8661875843519115,-0.3461455813890336,-0.22245097153115492,-1.2247688146433748,-1.219836809663146,-0.234214649658666,-0.17740278514566651,-0.045567228069130314,1.4125127637272195,0.010110860144624,0.0225193723180074,0.0328455840280783,SPY
2009-12-21,0.9684657373984695,-0.5632555649572346,-0.2788807312782386,-0.17497803744982635,-1.223287587242042,-1.2181362452619002,0.18935253280345413,-0.25061659577021694,-1.0707251535981819,-1.4465492158652247,0.0035868763663202,0.0109879920531268,0.0033181699077564,SPY
2009-12-22,0.3051506847608118,1.0705201681997902,-0.12096540650027932,-0.2670151190479726,-1.2195869862694113,-1.2171077970686204,0.3271594309449838,-0.10860615056470548,-1.5309984122478637,-0.7317837209671136,0.0019671300696773,0.0070459186677744,-0.0228123464360257,SPY
2009-12-23,0.14046571059052423,0.9193053281240918,0.274387467782752,-0.26634399902997236,-1.2161430918991871,-1.2160445191193525,0.38718659827829766,0.3076744638914806,-1.1454718252318903,-0.017018226069002582,0.0047230133387303,-0.0045661040731648,-0.0196652119567124,SPY
2009-12-24,0.4206654961501391,0.31996911130389943,0.29556892938321117,-0.26036687118167223,-1.2128177224121057,-1.2148840350566095,0.5756693069390555,0.2813595312380663,-2.296239362949831,0.6977472688291085,0.0021314923986555,0.0075283683537064,-0.0285878860099364,SPY
2009-12-28,0.15717697331015174,0.40358288884407234,1.101631944801179,-0.5030306938271236,-1.209803275694949,-1.212327835649222,0.59676235347314,0.42245602289111245,-1.42437887995001,-1.4465492158652247,-0.0014205201202566,0.0080405362711806,-0.0259732096984093,SPY
2009-12-29,-0.20396791162767883,0.41567910219237564,0.9333363951229756,-0.49819608776408714,-1.208041055628478,-1.2101328375758986,0.45988057514577574,0.9843320991902845,-1.4803829885851456,-0.7317837209671136,-0.000355197019032,0.01016501468506,-0.0360917078666807,SPY
2009-12-30,-0.09565298121431227,-0.03645303717517245,0.3804484792186825,-0.6070039592770761,-1.2056264482477899,-1.2088905554103675,0.4039765804175926,0.8653865123859229,-1.5451605347121384,-0.017018226069002582,-0.009644892671262,0.0147326068253814,-0.0466640735252044,SPY
2009-12-31,-1.0401671262431718,-0.21946045690640284,0.19144033896966817,-0.5144054260402323,-1.204919441620194,-1.2083530488704899,-0.06941609017041071,0.09674250916885278,-1.1991043507781671,0.6977472688291085,0.0168174857656016,0.0276996810542025,-0.0215880140512023,SPY
2010-01-04,1.6503505914954604,-0.8247315409276338,-0.3653140915666321,-0.37239542219230454,-1.1998065928932111,-1.2059307148164529,0.6531821903874274,0.49459717661225416,-0.7076507819204485,-1.4465492158652247,0.0026436603161297,0.0122775454660502,-0.0263753568927986,SPY
2010-01-05,0.2092507829153384,0.4390886788090477,0.21457205392975806,-0.38508093594078374,-1.1951312130317717,-1.2037318421327672,0.7105357719860633,0.381370027414545,-0.8047336295704817,-0.7317837209671136,0.0007039582936227,0.0002642325551764,-0.0340137459695899,SPY
2010-01-06,0.012034849693763245,1.3434623245313353,0.2391286504499305,-0.3918016773803172,-1.1918775200984653,-1.201362535286618,0.6698012240460961,0.6532108091003993,-0.721809931619816,-0.017018226069002582,0.0042123951212893,0.0079709880532705,-0.0660700723346998,SPY
2010-01-07,0.36874924968337,0.15759043219125163,0.34098969532508205,-0.5296412082660105,-1.188514519030494,-1.1978279793721631,0.7606612580937764,0.7257608111040519,-0.478880564436232,0.6977472688291085,0.003322181557559,0.0064595168079533,-0.0682178635297896,SPY
2010-01-08,0.27823828629804326,0.2730411623438787,0.5599891941842307,-0.5305194588053317,-1.1849328043821232,-1.1943124347864709,0.8098093558781531,1.5814195625345095,-0.5456476207484675,1.4125127637272195,0.0013953501774492,-0.0081504795239695,-0.0787853171648453,SPY
2010-01-11,0.08233095394509239,0.4657287896788735,1.1817134354343217,-0.5402873660762896,-1.181856926576694,-1.191109314572793,0.776549681535325,1.5129718558975938,-0.8470089334369901,-1.4465492158652247,-0.0093696525947439,0.0028721951318937,-0.067698512925749,SPY
2010-01-12,-1.0121825554582544,0.2584089198261701,0.4422778944787012,-0.44085281117881836,-1.1805718643907062,-1.1889578832583574,0.2628577413415587,0.5605404348426307,0.08996997632384417,-0.7317837209671136,0.0084107137917168,0.0020214428837137,-0.0602899182557825,SPY
2010-01-13,0.7956062230445626,-0.6756441240918192,-0.1337169461933858,-0.424858326612096,-1.1777556820276878,-1.186666896408746,0.5923533221132912,0.7135730907660041,0.0734760463879895,-0.017018226069002582,0.002700923875972,-0.0258058248837009,-0.0582882311369816,SPY
2010-01-14,0.21507295882836472,-0.1593498155257802,0.23579406531164646,-0.4567087433982342,-1.1744610628386958,-1.1838100564533196,0.6328341110183441,0.7360868992986868,-0.6688163371984878,0.6977472688291085,-0.0112878147743638,-0.0510503887371349,-0.0618220655337671,SPY
2010-01-15,-1.207208461465786,0.7289818912253201,0.16332449379662317,-0.32685614726788925,-1.1714535113059206,-1.1819513286484602,0.03930451758337695,-0.04139252058058239,0.8971231035154944,1.4125127637272195,0.0124180248333125,-0.0346483094137806,-0.0349215364589543,SPY
2010-01-19,1.2030428177417085,-0.7207274531498198,-0.5371719114712852,-0.3896350951301713,-1.1690884908661394,-1.1782094776015044,0.5137373677320389,0.2868742050404688,-0.2716143246900613,-0.7317837209671136,-0.0102204048429239,-0.0512659949615867,-0.0426121321186654,SPY
2010-01-20,-1.0986813561082218,-0.005599314982702489,-0.008674586937483885,-0.2850349548976571,-1.168733027429362,-1.1756920938598672,-0.0478362419213853,-0.0796213826988244,1.0124454475130322,-0.017018226069002582,-0.0194165539756978,-0.0362994214084801,-0.0265142004862593,SPY
2010-01-21,-2.0336843164705205,0.07295650946357986,-0.04946507572915695,-0.059687746258643495,-1.1714808696181451,-1.175438971199416,-0.9616362046850623,-0.6669137734088436,2.897803379330288,0.6977472688291085,-0.0225436399774618,-0.0284218857213103,-0.0050257675028975,SPY
2010-01-22,-2.3516255141112454,-2.2699030710807984,-1.3836817720680554,0.22062582905815792,-1.1782888493796908,-1.1771628041314746,-1.9415568674776973,-0.9554186821264149,2.7167637193910337,1.4125127637272195,0.0051142645489905,-0.0168058084214042,0.0176977377060385,SPY
2010-01-25,0.4604453033886799,-3.1768291426166195,-2.5940671705399083,0.23667394946882014,-1.184850798953357,-1.178654083923444,-1.6658069506994528,-1.3267421511878168,0.4365922563130747,-1.4465492158652247,-0.0041996607144936,-0.0064889061676547,0.0003643718474428,SPY
2010-01-26,-0.4865323465185719,-1.371488366978807,-1.8076468769342193,0.2221674348304001,-1.1922603418474673,-1.1808226066519925,-1.7929446968347862,-1.497303406923449,0.8112649853617658,-0.7317837209671136,0.0047461687101826,0.0097408974708441,0.0137194564825744,SPY
2010-01-27,0.4230197795076186,-0.021466812762787158,-2.6044047080553607,0.23607723844765408,-1.1974962473731343,-1.1827995692007145,-1.51862628216481,-1.3622190087090977,1.6583755250238306,-0.017018226069002582,-0.0115390182885279,0.0,0.0076189973352827,SPY
2010-01-28,-1.2327491552937904,-0.04855675378834642,-1.886811716589556,0.29041713598609326,-1.2057671044485454,-1.185529033949053,-1.9624917742428027,-1.6923570284373886,2.318829361904515,0.6977472688291085,-0.0109275626775557,-0.0198133497829591,0.0197903501487308,SPY
2010-01-29,-1.170580436829707,-0.588695334246034,-1.5091124136010339,0.33067309864179795,-1.2160748212328587,-1.1890383179434951,-2.35178770995181,-1.9490352951327399,2.164301528749888,1.4125127637272195,0.01543116680274,-0.0068211831792037,0.0410489472175745,SPY
2010-02-01,1.5093989479795398,-1.7422005200677044,-0.9521635816482831,0.4492353934365536,-1.222335982289452,-1.1906663916542781,-1.6064573781855638,-1.5307977336174958,0.42975721048470505,-1.4465492158652247,0.0120301429240052,-0.0294976220594405,0.028384513678767,SPY
2010-02-02,1.1636055784976431,0.24266495936021618,-0.4575054874185785,0.3730730968910934,-1.2287339210055856,-1.1926844236816005,-0.9942370670688493,-1.0736058237206376,0.8527235016685446,-0.7317837209671136,-0.0049947287606615,-0.0290456105669001,0.0172454276954159,SPY
2010-02-03,-0.5673695498004441,1.9322327981126877,0.32065481109781285,0.37042744653446846,-1.2342842385981123,-1.1952838768183134,-1.1463085760221112,-1.3746000317420413,0.2237249744916938,-0.017018226069002582,-0.0313523680714871,-0.0260119397310161,0.0252632470117939,SPY
2010-02-04,-3.247238093466607,0.4289930223010565,-0.14638594013771644,0.7620741698205721,-1.2414750262070784,-1.2002570679085378,-2.4217037830720214,-1.820780322212664,2.643677629598432,0.6977472688291085,0.0020646039261995,0.0157528292509887,0.0708076490057969,SPY
2010-02-05,0.15037620063264212,-2.7637343614547967,-1.0963642963233764,0.7497497203320379,-1.2449611396800597,-1.2054081293523877,-2.1773101638518995,-1.6448365025123068,3.7471868550320475,1.4125127637272195,-0.0072452720774967,0.0128553148039758,0.0689181926383026,SPY
2010-02-08,-0.7961897476118485,-2.24420415761929,-0.47343696658224266,0.73366586126754,-1.2502653853799621,-1.211345854955442,-2.3270630711469367,-2.0707462224522817,0.6643130898881724,-1.4465492158652247,0.0124821544165456,0.0357133011819215,0.0778248610448857,SPY
2010-02-09,1.2095630850083685,-0.4700471584810534,-1.5606900745912535,0.8363415366182867,-1.2531225079002473,-1.2164831917920296,-1.6092058529514448,-1.6233279161172167,1.8594983176608837,-0.7317837209671136,-0.0019610579247775,0.0279585759389773,0.069788690374251,SPY
2010-02-10,-0.2589261816728635,0.296630425618282,-1.539017760754152,0.820642727769365,-1.2569777222613738,-1.2210322973871894,-1.5610345078861103,-1.3813091108785966,0.7734756590937024,-0.017018226069002582,0.0104124009105177,0.035797160653237,0.0759157209479797,SPY
2010-02-11,0.9991243864383944,0.6855211292654229,-1.3935642324285116,0.8419106636586846,-1.257579174181287,-1.2254719121975988,-0.9472312304287547,-0.6979785337885455,0.5745701340094077,0.6977472688291085,-0.0008329105208133,0.0274566387503831,0.0655899873999876,SPY
2010-02-12,-0.1442236961865939,0.5331980261373769,0.6089051641458443,0.829987906245641,-1.2566906268019946,-1.2301851704953342,-0.8401994830154377,-0.8487832327078426,1.4156446950526091,1.4125127637272195,0.0156127143004489,0.0284694145026707,0.0666826788503263,SPY
2010-02-16,1.5278574837593946,0.6162238129555679,0.4699798414947028,0.9338213085514896,-1.2557610280527842,-1.2328530310257724,-0.02700308140251954,-0.3807902570925616,-0.14120199584814525,-0.7317837209671136,0.0047274291736014,0.0006375988926166,0.0590047152115618,SPY
2010-02-17,0.42111446871651853,0.9989398564291866,1.5659374944359117,0.8661586332937409,-1.2559249694024095,-1.2361365302748886,0.3008090412442888,-0.3807942578207509,-0.04145071806451127,-0.017018226069002582,0.0058775267894821,0.005065593639653,0.060186759907669,SPY
2010-02-18,0.5380487049961028,1.408151965133254,1.1941265074164642,0.860104383629782,-1.2544485519482462,-1.238175069216661,0.6461048838236164,0.02540517488142058,0.22767431961628576,0.6977472688291085,0.0020718790076639,-0.0021662235869381,0.0537969236519195,SPY
2010-02-19,0.15111588227632586,0.6916927506011289,1.5699582523382132,0.7121676043177582,-1.2480232827230509,-1.2385581269704005,0.7576299804035342,0.37712711069113247,0.5225154184446208,1.4125127637272195,0.0001798652314741,-0.0036057680696819,0.046650601210203,SPY
2010-02-22,-0.041251428892986094,0.4962580572380053,1.1700604372893788,0.4655085769389001,-1.2418714158995412,-1.2372242106176061,0.723303972792964,0.06976252214598952,-0.44242049299846536,-1.4465492158652247,-0.0122191013096051,0.0065454010901317,0.0518024092916622,SPY
2010-02-23,-1.3018954499893738,0.07693977292948892,1.2186193662378977,0.5335197223307551,-1.2365124813783528,-1.2371968448776312,0.1406994188829902,-0.6133694105160122,0.35006050218117407,-0.7317837209671136,0.0091554239206379,0.0215312356636694,0.0710300660273066,SPY
2010-02-24,0.8713233699828906,-0.974802119198453,-0.11581538268282991,0.5607868591908614,-1.2315910713290334,-1.2361638960148635,0.5427978873755258,-0.22424872400667217,0.0039986248949899356,-0.017018226069002582,-0.0013542904371091,0.0132668686836856,0.0570077931318495,SPY
2010-02-25,-0.19723412024253512,-0.3142476387448291,0.09649092680383077,0.554004735704493,-1.2265875307367156,-1.2355892850375108,0.45984581443396966,0.9328294317139963,0.8752990229708255,0.6977472688291085,0.0006323345249201,0.0176442496765112,0.0567347252757333,SPY
2010-02-26,0.004752623753062846,0.48534598541284846,-0.2502485148558982,0.481350258333342,-1.2230194813428754,-1.2341048292900036,0.4425569212261259,0.9051432562261563,-0.051767778960996956,1.4125127637272195,0.0103310343912879,0.0312039490741069,0.0555023066515607,SPY
2010-03-01,0.9908515827620049,-0.14190910617773525,-0.3192694586313556,0.44283636265559373,-1.2177562453081467,-1.2310265383096384,0.8380106723797542,1.471315666006658,-0.32757344641669556,-1.4465492158652247,0.0027667332639325,0.0210480622415243,0.0514988094159143,SPY
2010-03-02,0.2217640174088967,0.7180700815548852,0.1674423340457361,0.34719457356852645,-1.2143932859449196,-1.2288785851014528,0.9019721818160039,1.332992623402122,-0.19064244097140165,-0.7317837209671136,0.0008910569406541,0.0199427253066781,0.0494134344456833,SPY
2010-03-03,0.03105778922294986,0.8751507379190806,0.8859588216758966,0.2841857023133324,-1.2116044896972884,-1.227565133925834,0.9026586564105641,1.4699728968924568,-0.2972610921711599,-0.017018226069002582,0.0030230905557164,0.0234976521119349,0.045109722235618,SPY
2010-03-04,0.2478287128882432,0.18041744984804317,0.48971235933804125,0.2663886981013722,-1.209239427552763,-1.2256428959008496,0.9864527181740319,1.3518127449234412,-0.4375447823673699,0.6977472688291085,0.0141920339225158,0.0246405342051696,0.0489010233550786,SPY
2010-03-05,1.3834122012919712,0.1992840144318523,0.699591922638304,-0.3753231570500607,-1.2049878652039179,-1.2203003160144485,1.5015537539930266,1.6242129760175554,-0.009108546090841198,1.4125127637272195,0.0001751475587052,0.0105351676451794,0.042825501653958,SPY
2010-03-08,-0.04173109031879114,1.178166805359022,1.3497303941843215,-0.3683313031131878,-1.20073627505191,-1.2150945300468605,1.3423602138380386,1.3987287803982384,-0.6641126763145528,-1.4465492158652247,0.0016613963290863,0.0106198010159994,0.0450048175654114,SPY
2010-03-09,0.10938074791669715,0.9685729993463144,0.8627924061858325,-0.4607282683854601,-1.1943793738041129,-1.2092320428382066,1.2352252600112712,1.3420711587113587,-0.23199483422058498,-0.7317837209671136,0.0044459837459109,0.0168931553485975,0.037614766293661,SPY
2010-03-10,0.39249897931202316,0.04638318454698512,0.8097955037993616,-0.5259169882995327,-1.1887059438065763,-1.2039304906931305,1.2815965269980216,1.3164456439819885,0.10061153888719092,-0.017018226069002582,0.0041659726489511,0.0183566454723953,0.0366268804084031,SPY
2010-03-11,0.3640293230666013,0.3606945356774878,0.9802413678158917,-0.5533010374914891,-1.1821713386435535,-1.1981569177926523,1.3000415635744658,1.361522485244264,-0.18106897067766245,0.6977472688291085,8.666736252571638e-05,0.0136783633571768,0.0390066277534906,SPY
2010-03-12,-0.05072716510692367,0.5450183384645069,1.035038424554824,-0.5851239784956459,-1.1757187528108781,-1.1931426920048902,1.145680943157065,1.359780663921315,-0.17861481695066347,1.4125127637272195,0.0002597809295252,0.0085172525605985,0.0405081278932781,SPY
2010-03-15,-0.03312613501417105,0.22419530465865015,0.3587371890322752,-0.5923023991500036,-1.1707972732536518,-1.1880463620409902,0.9980950191466922,2.4792168363463714,-0.3519099465781312,-1.4465492158652247,0.0079347506616844,0.0135891449440066,0.0409997796289234,SPY
2010-03-16,0.7472134741691034,-0.06328010841984322,0.3627950526126772,-0.7203499977565212,-1.165041837827349,-1.1834836083569054,1.2382596948522946,2.47684022482562,-0.11429213474131629,-0.7317837209671136,0.0059094738697087,0.0126629497083614,0.0443505939193773,SPY
2010-03-18,-0.11162712442945825,0.9300860852436599,0.733748720683106,-0.7125531370911014,-1.152464799089714,-1.1746112445178245,1.2219341373932753,2.5768795286460158,0.18888729464435872,0.6977472688291085,-0.0050744434340526,0.0007715780368755,0.0237377402966414,SPY
2010-03-19,-0.5754744048358376,0.3084263526950716,0.5094420384576486,-0.6558216765548279,-1.1494605144285714,-1.1709804911407067,0.864546256992722,1.9442998774206623,0.501906287004257,1.4125127637272195,0.0053316733129333,0.0052459373716757,0.0325751275622705,SPY
2010-03-22,0.4825499729585513,-0.49993288589930795,0.26198546981409704,-0.6528956289941628,-1.1456325610685993,-1.1669375682605367,0.996146599834917,1.9792495450114316,0.01906090315667249,-1.4465492158652247,0.0070085554260392,0.0062418012143838,0.0361348469624545,SPY
2010-03-23,0.6530441349491225,-0.06984612002975991,0.5051643387040301,-0.8859149531458723,-1.140938747710204,-1.161407901038947,1.1635312419241797,2.0479959927344926,-0.011871372032273177,-0.7317837209671136,-0.0048668489748191,-8.53959179538677e-05,0.027304875077128,SPY
2010-03-24,-0.5543675881524955,0.8193998100298122,0.4607566319253428,-0.8510726139552596,-1.137724646480767,-1.1569606691758503,0.7925115577905281,1.5690162853086034,0.10790918396907379,-0.017018226069002582,-0.0016273582932253,0.0013687977874541,0.035150711777427,SPY
2010-03-25,-0.22499783417998181,0.06884156352040462,-0.055929015565490785,-0.8483418514351714,-1.1354274796598718,-1.1525413386810912,0.5800232396773325,1.0969023227842853,0.4032348093836802,0.6977472688291085,-0.0006000840992523,0.0098105477558565,0.0432844600339281,SPY
2010-03-26,-0.12055146226921816,-0.5667168120220771,-0.10939156800129136,-0.8404512889661141,-1.133240051922665,-1.1482179621815576,0.42061265854723096,1.0346386615463634,0.17399008008441927,1.4125127637272195,0.0063275371556414,0.0185271440765042,0.0401012162632445,SPY
2010-03-29,0.5838027503554946,-0.25270508827272514,0.10513775553153341,-0.8936030915611402,-1.1300778313950681,-1.14417295939385,0.6002750034502979,1.1747857961592032,-0.7052791455366089,-1.4465492158652247,0.0006813582937015,0.0145540703910214,0.0098387321089221,SPY
2010-03-30,0.009737032800472412,0.33273388129616,0.1528858196723202,-0.8895912507471194,-1.1280635895591278,-1.1402850904903064,0.5156387883015692,1.0681705991144816,-0.5879427554087837,-0.7317837209671136,-0.0034126552694111,0.0081440571546558,0.0167248222422662,SPY
2010-03-31,-0.4065148946102615,0.4270413827479467,-0.15048036509116644,-0.85281425876333,-1.127541599078582,-1.1367403715493887,0.24716401602713267,0.6178438511815917,-0.41121378959014004,-0.017018226069002582,0.006814391675177,0.01501481028472,0.0324588659603408,SPY
2010-04-01,0.6333028628981716,-0.28978616745420754,-0.08075704414989164,-0.8305268682772514,-1.1258394477454043,-1.1328787275669698,0.45571298519510356,0.8602829497271064,-0.42461757244828874,0.6977472688291085,0.0081165122213953,0.0147461386035816,0.008537167115814,SPY
2010-04-05,0.7656937743421497,0.1615732207693136,0.3239942899839551,-0.9607402442933837,-1.1220096176719414,-1.1294590048084656,0.7410548075955983,1.0802745588340341,-1.1150401017064262,-1.4465492158652247,0.0023544634701586,0.0082177938844996,0.0132993206081559,SPY
2010-04-06,0.17984718112437273,1.0100600398847417,0.7419235111873663,-0.9660241366379161,-1.1186465331944817,-1.125860681294023,0.7460167576701893,0.9362177782514884,-1.0480903670781276,-0.7317837209671136,-0.005728654942664,0.0066147630795114,-0.0128508549409618,SPY
2010-04-07,-0.6419902571152184,0.6818324988088718,0.551429018833244,-0.8901634991650449,-1.117342481448281,-1.1228594094984583,0.38307814188167266,0.31931118183385987,-0.1366911903240997,-0.017018226069002582,0.003458097860653,0.0236289829743139,-0.0130961890965171,SPY
2010-04-08,0.29205734728972343,-0.33709986179059226,0.2440921018497155,-0.8951560776538678,-1.1146931319638222,-1.1199253973215564,0.4606594680870024,0.48321666289449716,-0.47914880370074253,0.6977472688291085,0.0065457199940386,0.0209955768626528,-0.050332180889498,SPY
2010-04-09,0.6059861226405954,-0.25587810538851824,0.5735198278907513,-0.8754264960336384,-1.110712302913031,-1.1167839508879034,0.6799124335016502,1.0332088643167892,-0.795067263938646,1.4125127637272195,0.0015881675023132,-0.0015905240996723,-0.0718646887941965,SPY
2010-04-12,0.10193533040245839,0.6474521094754587,0.5606379939354948,-0.8795262470222212,-1.1063745785625767,-1.1135188299522125,0.6589338311074227,0.9344088868977689,-1.0597496868392628,-1.4465492158652247,0.0007514326651705,0.0005842522295909,-0.0303545065083872,SPY
2010-04-13,0.016861726389394146,0.5098349516901888,0.24762751096401708,-0.8813194493936324,-1.1029290994120715,-1.1102124030266962,0.5969475769572382,0.735479330503143,-0.8790925771403655,-0.7317837209671136,0.0112855649521383,0.0087242122775377,-0.0339508413804603,SPY
2010-04-14,1.087901868405013,0.08340551273611452,0.17076799020052558,-0.8233660473323219,-1.0977265020754743,-1.1066011687818536,1.031428881208019,1.4520910663504019,-0.40872123026713375,-0.017018226069002582,0.000824691748992,-0.0043827691338877,-0.0313470819246477,SPY
2010-04-15,0.024310220238022175,0.7970835751340661,0.9865382069736273,-0.8380632771905399,-1.0918376253691704,-1.1033932348691253,0.9758301812228629,1.6066298922457867,-0.6233380698803711,0.6977472688291085,-0.0160403809682865,-0.0022284731574,-0.0446803730100873,SPY
2010-04-16,-1.690417617437263,0.802475063032267,0.8602759223761632,-0.5348207004088811,-1.0896962535711914,-1.1014699742809033,0.15351413297210112,0.5123392714646727,2.045006185679413,1.4125127637272195,0.0037629438315764,0.0203182977741622,-0.0469110973167685,SPY
2010-04-19,0.3230520474791844,-1.208572564806456,-0.22264580968183084,-0.5671902561013477,-1.088254993216426,-1.0988323732748406,0.2549528583816854,0.440005499591968,0.2884807916836116,-1.4465492158652247,0.0088913927131173,0.0127720260726498,-0.0501470580556127,SPY
2010-04-20,0.8444784420575722,-0.9923324793623483,-0.11837316194803683,-0.533132223320709,-1.0857291870860009,-1.0958856312290635,0.5920740203781883,0.6687467778878292,-0.4354862699486605,-0.7317837209671136,-0.0018214164592871,-0.0200543136391484,-0.0727341324482067,SPY
2010-04-21,-0.24472837107434506,0.8425165123544365,0.27190843861282316,-0.5488025092315764,-1.082571915521388,-1.0936532296011277,0.4399467400042874,0.7506165058462665,0.014211392657383554,-0.017018226069002582,0.0029789877254797,-0.0106654487528157,-0.0766228207965538,SPY
2010-04-22,0.24334463197173115,0.4315366125682857,-0.3565238452855287,-0.5841134829350407,-1.0794833177689642,-1.090782018110676,0.49816374296154775,0.65724759097244,-0.9485275059693553,0.6977472688291085,0.0065063899632757,-0.001323048029632,-0.1180930621925311,SPY
2010-04-23,0.6019873080646774,-0.0035856723046819644,-0.25323315628546206,-0.5770417928649192,-1.0763810130572653,-1.0872376887176587,0.7055987714367309,0.6186384207624338,-0.14453791391441573,1.4125127637272195,-0.0037833278699359,-0.0249367451622575,-0.1101056250892895,SPY
2010-04-26,-0.4442024063950273,0.6092976071969848,0.8278028432547018,-0.5526188526606478,-1.074170953545515,-1.0839612430680177,0.429619963605554,0.3383961846430175,-0.5550058140443125,-1.4465492158652247,-0.0239349469986809,-0.0082747515785843,-0.1192366134438955,SPY
2010-04-27,-2.4930843100518802,0.11162631792268884,0.4659864485076212,-0.09348772204589009,-1.0760241316591836,-1.0831644715320512,-0.718848418964298,-0.4342248855653868,2.1689249386610325,-0.7317837209671136,0.0075674484270455,-0.0081355166588625,-0.0942812893584879,SPY
2010-04-28,0.7098686386540808,-2.1286979022838537,-1.1079176404327986,-0.06250947743631742,-1.0785087752070395,-1.0818044346013196,-0.40466116156017384,-0.3042507062200043,1.4119055651509187,-0.017018226069002582,0.0123213884486634,-0.0216769541841275,-0.1078954833170202,SPY
2010-04-29,1.1932174762404921,-1.2933397480722348,-0.6577555765278463,0.0017249808886918526,-1.0790990363539137,-1.0791530602945065,0.09897852551241469,-0.13656591818185052,0.07363961044574596,0.6977472688291085,-0.0171073071693497,-0.0677762365651188,-0.0872672133946883,SPY
2010-04-30,-1.7988955403242406,1.3749381445882878,-0.209821300948107,0.1770537502594259,-1.079854003437391,-1.0784593172218782,-0.7224703050712488,-0.6720373188547969,1.0035699133275588,1.4125127637272195,0.0128786657137371,-0.0656557173064289,-0.082788843878502,SPY
2010-05-03,1.2498777027182835,-0.44099565159699106,-1.3420125473173181,0.23019994488186343,-1.0791127016084447,-1.07736718490316,-0.15149882003683993,-0.36427161832978433,-0.05290740911926341,-1.4465492158652247,-0.0237957120789591,-0.0354360332320435,-0.1126346066100261,SPY
2010-05-04,-2.478927834309036,-0.39998294062850326,-0.5431303063644253,0.5205815799368156,-1.0837249821918415,-1.0784112358810776,-1.2281969910261354,-1.1356801562046301,2.5813286130352378,-0.7317837209671136,-0.0059739890982193,-0.014485223359987,-0.063133050566865,SPY
2010-05-05,-0.6669341938011384,-0.8922147874843906,-0.5364544962863779,0.5218209220799268,-1.0889961560295582,-1.0794690114662582,-1.4725370984467994,-1.2536012550777624,2.0165793989601437,-0.017018226069002582,-0.0337778939323278,0.0053780901461832,-0.0537201970996665,SPY
2010-05-06,-3.4938493464571616,-2.279672218910716,-1.1857173772004412,0.9700451736796174,-1.1000876022692962,-1.0834735569220653,-2.8828385678245185,-1.4841118462552658,4.886155784323994,0.6977472688291085,-0.0149867879106597,0.0266473847420636,-0.0557114915584016,SPY
2010-05-07,-1.5832953194323942,-3.014308933604175,-3.3960109912211287,0.9904568524772949,-1.1145695608066255,-1.0891678220438306,-3.389938591826162,-1.7413664844397958,3.9319461741280963,1.4125127637272195,0.0430983497881225,0.0233630673777556,-0.0532536431346297,SPY
2010-05-10,4.3224131371497245,-3.6776040936227052,-3.294339773496863,1.7312417588272453,-1.1216939405611734,-1.0916268988122926,-1.3927677691639317,-1.0616969626927213,1.7091754111856312,-1.4465492158652247,-0.0028449022069025,-0.0192082993176345,-0.0856970374232393,SPY
2010-05-11,-0.3487895590881985,1.9800879775456461,-1.8454153808065574,1.7299454387428566,-1.1253316229763202,-1.0943744705817686,-1.4459672989975374,-1.0728404411256987,1.0276074070852528,-0.7317837209671136,0.0138893244079509,-0.0300590787902086,-0.0882126428770782,SPY
2010-05-12,1.3526347217011587,2.873667673309391,-0.8408999333413149,1.7536649314890065,-1.1279809168544537,-1.096943441595306,-0.7332523658462131,-0.893360721475061,0.3067557229142481,-0.017018226069002582,-0.0125085993364475,-0.0496585080057938,-0.0732892849846651,SPY
2010-05-13,-1.3313296738377034,0.7240351821476074,0.11147400239878374,1.7870642814800715,-1.134665964931548,-1.1005839336699241,-1.2078666067850121,-1.1441387931610922,0.28746087554919875,0.6977472688291085,-0.0182711052749677,-0.0756411623398438,-0.0559369580959367,SPY
2010-05-14,-1.9172227508018114,0.012837288207657751,1.1312596387882987,1.8079839099483443,-1.1414196729192505,-1.10434119968378,-1.9355821170523178,-1.2845532755270352,1.210983826186154,1.4125127637272195,0.0005269830927323,-0.0428762299983587,-0.0392171563311807,SPY
2010-05-17,-0.005958805514971284,-2.3540032234602375,0.9737885172911763,1.798666861235664,-1.1502049441133362,-1.108366321616162,-1.799120733366282,-1.0183560357294215,1.0177928845900177,-1.4465492158652247,-0.0136956816794766,-0.056317529315633,-0.0172613186883481,SPY
2010-05-18,-1.4520242699018742,-1.3946520925592676,-1.067354318063527,1.789112336727823,-1.1572331249244932,-1.1141910922406406,-2.254633374266315,-1.2950419802738495,1.267113638367768,-0.7317837209671136,-0.0057101048076342,-0.0416014705494296,-0.0039225029698801,SPY
2010-05-19,-0.6401042034075669,-1.0579246908852316,-1.587609891179925,1.7891906160323268,-1.16417896666893,-1.1203043648223456,-2.3403848385450723,-1.5820431859725215,1.4954005845510905,-0.017018226069002582,-0.0384912536704975,-0.0419381112732821,0.0033942125680255,SPY
2010-05-20,-3.9730722521335315,-1.5169419510079076,-2.5273315310014017,2.1127322470273655,-1.1715915401077885,-1.1295635914634035,-3.7832151266280545,-1.7388966093073037,2.413041158372034,0.6977472688291085,0.0144938270665173,0.0295028007682107,0.0429687598057002,SPY
2010-05-21,1.4140965104505518,-3.3417672060478436,-3.7731056945822696,2.187183716810952,-1.174542831940578,-1.1382870158366463,-2.907836418491296,-1.7341311030313995,2.066897229800513,1.4125127637272195,-0.0129143162245419,0.0023800360485299,0.0256070000406678,SPY
2010-05-24,-1.3725802544840415,-1.8548628043905941,-2.2021458666248104,2.2007696773914067,-1.1861421029494001,-1.1476561436789923,-3.216496483299681,-1.6335571466519638,0.3482344486067344,-1.4465492158652247,0.0010203770867267,-0.0016727447447149,0.0218676349511612,SPY
2010-05-25,0.04420619706916904,0.027466887977772175,-2.846607483176186,2.1130846224839526,-1.1971374475568173,-1.1549783642559281,-2.9665524034252844,-1.562038337420517,1.2415291719453,-0.7317837209671136,-0.0060467455314867,0.0230127221327602,0.0177394638648245,SPY
2010-05-26,-0.6743315815020381,-0.9641090193875621,-2.1410257683531215,2.066856254229212,-1.2112488455399526,-1.1633652470684195,-2.9972614477395343,-1.270991648584028,0.8731599514944771,-0.017018226069002582,0.0329496583709953,0.0324983320332261,0.0070769668535559,SPY
2010-05-27,3.2905620458054567,-0.45869150185671276,-2.157166471715942,2.3871486542776066,-1.218428080934763,-1.1703027960503158,-1.3137308359705369,-0.5319330525092704,0.4999376968164878,0.6977472688291085,-0.0126289376531634,-0.0362205147288321,-0.0216919319315991,SPY
2010-05-28,-1.3435648693254958,1.8911376887708176,1.2681664946435578,2.361253876599307,-1.2246326486534165,-1.1767869877949475,-1.69977324520686,-1.4860452607660488,0.46052794848363177,1.4125127637272195,-0.0169670970177868,-0.0361205165625566,-0.0122204980351918,SPY
2010-06-01,-1.7846399095279821,1.4067225512006838,-0.03227183233603342,2.3146675906454313,-1.2334454449787036,-1.1855928850235908,-2.2093206627269706,-1.6278292951542097,0.3016512332650311,-0.7317837209671136,0.0257058439642019,-0.0084984640452567,-0.026615146216474,SPY
2010-06-02,2.554059427494404,-2.266891266463459,-0.22658799180033723,2.458462558557766,-1.2362870394325485,-1.1905316219933026,-0.8900324811269335,-1.4126982361684812,0.008924716497674361,-0.017018226069002582,0.0034388643689791,-0.0395648156702002,-0.0618664669348101,SPY
2010-06-03,0.2901018144472743,0.5543494642259114,0.956990731778681,2.4667666712103835,-1.2377284109999647,-1.194728499768523,-0.6033075637193568,-1.2024447707430022,-0.10185224718587023,0.6977472688291085,-0.0357691883910629,-0.0141909977388152,-0.0697718476195463,SPY
2010-06-04,-3.696310853658573,2.0561221882197325,1.4117913686913364,2.5006334891451925,-1.2387167578322344,-1.1989322363692687,-2.116079999401836,-1.3784014261779516,1.142134581222913,1.4125127637272195,-0.0125289394868879,0.0264219182045284,-0.0394670722764924,SPY
2010-06-07,-1.3333977243446498,-2.468120754710079,-1.883028427108211,2.4862694186940417,-1.2436859476168765,-1.202895566266013,-2.561346810876753,-1.5028649940811114,0.14165606820542764,-1.4465492158652247,0.010654955499513,0.0373995541812046,-0.020403791492547,SPY
2010-06-08,1.0237857153800727,-3.6432681461177845,-1.8782338772385223,1.9278735147186838,-1.2451821748245557,-1.2094484227842326,-1.8886196712101613,-1.186891160306239,0.8075746859262039,-0.7317837209671136,-0.0053605076607414,0.0492274194172566,-4.844293484929096e-05,SPY
2010-06-09,-0.604559502842192,-0.22669238630838667,-0.5538565088327464,1.9274980708778868,-1.2476117959131716,-1.216166141538703,-1.9303488683769698,-1.180184230588952,0.12820324314225068,-0.017018226069002582,0.028812682300364,0.0542310611169893,0.01515856499429,SPY
2010-06-10,2.869941977868227,0.30086694727427904,-2.0433755438589323,2.1516213226962755,-1.2448937587149418,-1.2218672654859934,-0.4312339520150922,-0.25749574740204867,0.48282842227941053,0.6977472688291085,0.0048437275522807,0.0270249895468968,-0.0062162028281367,SPY
2010-06-11,0.43293891031489895,1.6371812880891352,-0.826792880520348,2.1456129639866357,-1.246376265061765,-1.2262015145456648,-0.06854033133663426,-0.3899547800138966,-0.29893373123987504,1.4125127637272195,-0.0015513035102117,0.0232645555617931,-0.0104116568874799,SPY
2010-06-14,-0.2172650923289394,2.3881599762127252,1.1204493349755238,2.0724234237847616,-1.2461841174034487,-1.229210069495717,-0.04703846383382572,-0.20782818100170675,-0.3525741070514175,-1.4465492158652247,0.0224828207355649,0.0219479263734898,0.0061154606968463,SPY
2010-06-15,2.2263639740407193,0.15352839881342373,1.646787217976847,2.2353879213503562,-1.2400481539890778,-1.2305495299498737,1.06773889239541,0.07572566677482592,-0.12084619505486031,-0.7317837209671136,-0.0003568659610087,-0.0171885756761236,-0.0164585422836864,SPY
2010-06-16,-0.09582266807631912,1.451674000315013,2.213890514350999,2.186290767943871,-1.237810583247708,-1.2308517773830001,1.0602726693913564,0.17139468676390396,-0.2900627756118996,-0.017018226069002582,0.0016066107302714,-0.0199395037147249,-0.0158281545265888,SPY
2010-06-17,0.10381051451382699,1.5395783973639274,2.4537970101694047,2.1777798251936407,-1.2358476104440252,-1.2305907733337862,1.1294019680514447,-0.2520118824624797,0.052188589258310346,0.6977472688291085,0.0010832935671771,-0.0382553569877517,-0.0453553812346578,SPY
2010-06-18,0.05060312415542608,0.003197818566540105,1.149364421458202,1.7004491758570814,-1.2283779571118774,-1.2273475922923203,1.0771274408503624,0.015252968210891402,-0.6174400078493131,1.4125127637272195,-0.002867932698515,-0.0351578909690886,-0.0405496032798149,SPY
2010-06-21,-0.3511311454984866,0.10918607644063584,0.9690652325352886,1.6540276291680776,-1.219523942597695,-1.2254036647967608,0.876616696411273,0.33455669492203083,-0.3208705453900287,-1.4465492158652247,-0.0166536813140485,-0.0354474620273297,-0.0266512633855535,SPY
2010-06-22,-1.7527738962012767,-0.22011706916049234,0.905937631916933,1.6930289371922282,-1.2147588975361299,-1.2237679809895028,0.03152800514571799,-0.513814018351626,-0.12783297694622975,-0.7317837209671136,-0.00310779399961,-0.0501555259123502,-0.0230807924999023,SPY
2010-06-23,-0.37551863893320103,-1.5254662550147442,-0.9705158850913269,1.698477766610893,-1.209680330108916,-1.2224424746976215,-0.15643955711642019,-0.6533163363621286,-0.02845767505366231,-0.017018226069002582,-0.0167092425427552,-0.0565932086668743,0.0021035069203119,SPY
2010-06-24,-1.758422990465852,-1.5431188004008074,-1.1024129204095623,1.7804887111522236,-1.2113535661527504,-1.2219196666347563,-0.9516570139324575,-0.22144625644025875,0.06179988309577964,0.6977472688291085,0.0041807595858402,-0.0443504824398761,0.0274539722930677,SPY
2010-06-25,0.3655327599472327,-1.5472078181246953,-1.9805917430240345,1.4171087152305109,-1.2131335941450136,-1.2235522062339643,-0.7075670106737159,0.2166878303966858,-0.1788793424422822,1.4125127637272195,-0.0031575037567561,-0.0539956550737255,0.0336352411962002,SPY
2010-06-28,-0.3805727946911639,-1.0108081472375718,-1.8320794667565812,1.3697618498444737,-1.2151492678438403,-1.2244646804524437,-0.8259172890918596,-0.10998555538502938,-0.718789327492397,-1.4465492158652247,-0.031361745199069,-0.0443038100199117,0.0367032060632697,SPY
2010-06-29,-3.248191497105694,-0.01347059054194128,-1.8459633501443067,1.6001382099005697,-1.2251619791689492,-1.2264045663885408,-2.1989058053991166,-0.7441797889874419,0.8390686822410279,-0.7317837209671136,-0.009545476754134,0.018068239236368,0.0615890783203312,SPY
2010-06-30,-1.0300591804628523,-2.629214255675671,-2.5511617393729,1.349001519824279,-1.236485275983524,-1.2309509729732506,-2.4907453057308557,-1.7672911535860085,0.11596750505975949,-0.017018226069002582,-0.0044665163157571,0.0374602162588999,0.0662504596684296,SPY
2010-07-01,-0.5136644399163844,-3.0993358749046855,-2.8598253095304043,1.3331684752336663,-1.2486901415835208,-1.236075913839163,-2.5368951977197094,-2.0124006438886823,0.8761282779631544,0.6977472688291085,-0.005464413048009,0.0493646470525943,0.0705359191776908,SPY
2010-07-02,-0.6151239079306828,-1.1199867828926173,-2.2728309313078117,0.9136095860098236,-1.2618342119254857,-1.2389153354384894,-2.695405451531088,-2.0583600739400594,-0.3271649593222814,1.4125127637272195,0.0065343412970575,0.055477333593541,0.0983297512433942,SPY
2010-07-06,0.6048292128070567,-0.8196417002681555,-2.7352820233342467,0.8896807151010091,-1.2736128828424664,-1.2403788042928843,-2.3596995128176084,-2.8001646232330115,-0.15788703866745424,-0.7317837209671136,0.0310103040572107,0.0639188063705979,0.0869952019581195,SPY
2010-07-07,3.0933814652820706,-0.010035742953198049,-2.2705931578226273,1.233148750477941,-1.2783850177105531,-1.2403823519612593,-0.9480235453582198,-1.5952556471169594,-0.20855312561844164,-0.017018226069002582,0.0098465002683978,0.0328173200684194,0.0626460101673771,SPY
2010-07-08,0.9415873926365735,2.674313904965595,0.7199206863014312,1.254249715458988,-1.2812400688952075,-1.2392697266405164,-0.525515819634427,-1.3577731029038866,-0.5864693495086591,0.6977472688291085,0.0074379144779372,0.0232443415961105,0.051736777008144,SPY
2010-07-09,0.6966984927446324,2.9180715945158746,1.6496957448783078,0.9562392880275147,-1.2804953194740702,-1.2397343320733936,-0.16254443088447637,-1.190313577663162,-1.1353972250469895,1.4125127637272195,0.0006482734929376,-0.0121141888596243,0.0402141845658006,SPY
2010-07-12,0.006373191456599772,1.1832662090432065,2.220470082413411,0.9453379323279112,-1.280274715278598,-1.2405146521667976,-0.1073483915996151,-1.12573414663529,-1.2450717637762907,-1.4465492158652247,0.0149758140741145,-0.0068733908305418,0.0448905870717695,SPY
2010-07-13,1.4631017269224613,0.5063245144727948,2.513551261298221,1.0366528861950477,-1.2773369218813624,-1.240053232679245,0.5880257686190324,-0.45007162669749845,-0.5391397225950331,-0.7317837209671136,-9.118224496784676e-05,-0.01081879770891,0.0245010400006417,SPY
2010-07-14,-0.06880972413297497,1.0610747560901548,2.918289305111065,0.8225283481449697,-1.269833876950656,-1.2413090446780888,0.6240612520000799,-0.3832068777950358,-0.7710201196847748,-0.017018226069002582,0.0002735217960889,-0.0238108258923395,-0.0031970889324526,SPY
2010-07-15,-0.031729055570427024,1.006654656162523,1.4270856895727277,0.8229439585919349,-1.2609240197839304,-1.2425167057740072,0.6760546682479558,0.04700241042999522,-0.3854045603275135,0.6977472688291085,-0.0279206159777976,-0.0020078422678242,-0.0096197294604953,SPY
2010-07-16,-2.8983204845302963,-0.0753576590054861,0.9680960460977854,1.1038330400338199,-1.2555449557728533,-1.2459322687174366,-0.5341763734896764,-0.699716822368071,0.02649328183972523,1.4125127637272195,0.0058890715220201,0.0345539965399739,0.015351082717566,SPY
2010-07-19,0.5392224962149893,-2.1234593735986427,-0.7272174171697536,1.124854529989344,-1.2485246432567771,-1.2489965359734017,-0.1613627841337609,-0.5130073674261503,-0.8108274310990042,-1.4465492158652247,0.0110304071957463,0.0390269535069265,0.0090002387715175,SPY
2010-07-20,1.0619591336644816,-1.7101840934589996,-0.4759401343626419,1.1861713802012523,-1.2407871203523466,-1.251018686078524,0.4252673379615809,0.45541542062334395,-0.20944083186164802,-0.7317837209671136,-0.0130832104283973,0.0279070074214935,0.0101800714105504,SPY
2010-07-21,-1.3897522879420505,1.156408813632151,-0.6651081035275234,1.1490676249314358,-1.23946306423049,-1.25274407024597,-0.1384502256373472,0.34092838981339507,-0.1754982602628401,-0.017018226069002582,0.0220765054206042,0.0345143449078833,0.0250865295452662,SPY
2010-07-22,2.1850525493515676,-0.23985255357475077,-1.2880287965154023,1.3366334617835296,-1.236290778957949,-1.252585329476719,0.9063597994577967,0.7769637347746214,-0.07345148765334807,0.6977472688291085,0.0086412228300005,0.0075537440812434,-0.0145400505459081,SPY
2010-07-23,0.8190428409238243,0.5730828777059606,-0.24265470427714667,1.248017164517346,-1.2329116798586994,-1.250521796863434,1.2558392503353135,1.0226911754446821,-0.5271336927970426,1.4125127637272195,0.0103620284889727,-0.001268535555253,-0.0264307164639836,SPY
2010-07-26,0.9940028553947817,2.171888280368575,1.5103530359702868,1.2742824084237678,-1.2280429985076866,-1.2479751692044465,1.6760055480816352,1.066736342140149,-0.8560925712048911,-1.4465492158652247,-8.95388896866578e-05,0.0106988549734685,-0.0406128532119876,SPY
2010-07-27,-0.06864263875510059,1.3097636493189189,1.7248151210443337,1.2666299699207386,-1.2254362573702642,-1.245200739498508,1.580125219171344,0.7092031561825027,-0.6628757265159795,-0.7317837209671136,-0.0064758729420075,0.0059881858749379,-0.0554777205711864,SPY
2010-07-28,-0.7179623875510184,0.6672249537973748,1.191653983789373,0.8452922099794877,-1.223808840938773,-1.2406319478219732,1.1164263862251418,0.3449306412681044,-1.0227147960575393,-0.017018226069002582,-0.0048840954060356,0.0191251710834139,-0.0451243892160455,SPY
2010-07-29,-0.5561210899726915,-0.5719570979113934,1.508451883833665,0.8035224551379364,-1.222967558936291,-1.2357525751697365,0.7238090385942542,0.057931083890028226,-0.50396046513197,0.6977472688291085,-0.0001810568064959,0.0229465335986143,-0.0469641922523944,SPY
2010-07-30,-0.07794756866732583,-0.9248115438954694,0.21578872815176914,0.7820834334433738,-1.2179885685367515,-1.2305695081921737,0.5491758874288818,0.039474152542983906,-0.4879105746928655,1.4125127637272195,0.0223294190176943,0.0190429124407041,-0.0314124583615047,SPY
2010-08-02,2.2107671129782442,-0.46154578563531107,-0.20720762525119304,0.8825222041315886,-1.2104442359092429,-1.2232815052245256,1.3902062105921542,0.1927641592335426,-0.7872626529750778,-1.4465492158652247,-0.0048002079882172,0.0020381694219162,-0.0683530940614032,SPY
2010-08-03,-0.5475919781819941,1.541227468266595,0.36658540353208896,0.9182471069180165,-1.2052859429126148,-1.2168285677426562,0.9510000343975799,0.06059364065293183,-1.2766882636989125,-0.7317837209671136,0.0066611122664683,0.0014246444131202,-0.0635528860731859,SPY
2010-08-04,0.6177184374135463,1.2012819434646265,0.14072588276566447,0.5935644586189144,-1.1971484715108793,-1.212094113865433,1.1211647093881796,0.17782948883073144,-1.113244567177066,-0.017018226069002582,-0.0010627328908352,-0.0330257790314103,-0.0407410340381204,SPY
2010-08-05,-0.1675904982279108,0.04817598270260852,0.7705967400558802,0.5777635524004194,-1.1924728831257188,-1.2081671162665766,0.9450600788463404,1.0198253349422892,-1.2589800159616276,0.6977472688291085,-0.0040846779644061,-0.0381121648725288,-0.0304091213115418,SPY
2010-08-06,-0.47484166923939847,0.32323472908907214,0.9538172313077843,0.5845523819309103,-1.1897419869646804,-1.2051097356609866,0.652572330443878,0.7742155471405622,-0.1651797979421049,1.4125127637272195,0.0053246759989065,-0.0369772907078589,-0.0134361586553897,SPY
2010-08-09,0.4818385328508299,-0.46759959430391157,0.766652736086863,0.5883475551764006,-1.187769644495124,-1.2016865556648695,0.7999613660438468,0.6838687443378125,-1.4224791017990792,-1.4465492158652247,-0.0054137329970131,-0.0427637391307937,-0.0300974215930667,SPY
2010-08-10,-0.6099710991812465,0.002480509534304661,-0.048663098807518276,0.528978149878389,-1.186624918773519,-1.199809359115823,0.4822476132236818,0.9837276167260499,-0.08822788145507056,-0.7317837209671136,-0.0277893111780622,-0.0251397662990013,-0.0176853198873443,SPY
2010-08-11,-2.8849702903686074,-0.09533103478971458,-0.0780794007311888,0.8895649998760242,-1.1887350676196404,-1.2000509135948867,-0.8165954574380775,-0.5090581785589319,0.2541785641692583,-0.017018226069002582,-0.0061491187319537,0.0044727925853793,0.0147127640433231,SPY
2010-08-12,-0.6847402040805125,-2.532348423115474,-1.7298524220646487,0.9036532621079413,-1.1910245885707575,-1.2007755979007153,-1.078906776082881,-0.9374485658741929,-0.09646765762211669,0.6977472688291085,-0.0029498037997361,-0.0069281633532369,0.0258975178577687,SPY
2010-08-13,-0.35945525169822584,-2.5864689919735615,-1.9737261997550621,0.5565680995637807,-1.1937278761911063,-1.1996368589582471,-1.2489701770722308,-1.3903948426245256,-0.9648935617963765,1.4125127637272195,-0.0004617724240283,-0.0072278026415757,0.039909585065831,SPY
2010-08-16,-0.106488855854298,-0.7584103207263476,-1.9193130941853045,0.5437452468708016,-1.1999343623279948,-1.1989674139358812,-1.2902953056616118,-1.398347076850818,-1.128905879773856,-1.4465492158652247,0.0122102398347792,-0.0105861384765786,0.0397498866735279,SPY
2010-08-17,1.1819166282962672,-0.33985118522349705,-2.1967523369780864,0.5563543855326926,-1.2035617436713137,-1.198201361034315,-0.7498619809317066,-0.8000581885730518,-0.8530399188891651,-0.7317837209671136,0.0018232477063184,-0.0377507845602433,0.0313494222439016,SPY
2010-08-18,0.12583671385045983,0.7758492512007534,-1.351746675461601,0.4616170386106727,-1.2079477204108586,-1.1963241505728432,-0.7222060039647159,-0.6058444694796993,-0.6818852661604267,-0.017018226069002582,-0.0175500746705701,-0.0356965738534285,0.0292610561464954,SPY
2010-08-19,-1.8439131796008688,0.9440148593037431,0.06806826343529715,0.38129668872530714,-1.2148025485017724,-1.1974146203567737,-1.4978174165806535,-1.0326035961870526,0.521336952526425,0.6977472688291085,-0.0032494430880749,-0.0248703976252429,0.0471843623894789,SPY
2010-08-20,-0.389920571213235,-1.2461896468459286,-0.47856627843439214,0.33516962610632267,-1.2215056130283806,-1.199402253735471,-1.5867368312953911,-1.944343788077707,-0.2737295757646769,1.4125127637272195,-0.0038201082590312,-0.0062502774527741,0.0656085439018649,SPY
2010-08-23,-0.4479419904525348,-1.619513330444346,-0.49293289698717985,0.25993811503522485,-1.2296017411269884,-1.202466534903861,-1.669233757886099,-1.9248805718230904,-0.9349738204204862,-1.4465492158652247,-0.0149544062488855,-0.017041385875947,0.067412909358385,SPY
2010-08-24,-1.5800029685599595,-0.6090591466207507,-0.6539529360519208,0.3414244752134942,-1.2390494504786542,-1.2066212649875439,-2.222137460812512,-2.4408077729535096,0.8360373927822654,-0.7317837209671136,0.0038774584131333,-0.0020869796270615,0.0774417361004049,SPY
2010-08-25,0.3346951245122397,-1.470483613573724,-1.9563993227361085,0.35461202196488,-1.2436837094622684,-1.2099960993067853,-1.9470425657463368,-2.255946662530301,0.71062588815302,-0.017018226069002582,-0.0067238984423845,0.023508526261339,0.0654198033074493,SPY
2010-08-26,-0.7431799621846612,-0.9039827048305683,-1.8579073598981384,0.3613309526691572,-1.248373004806704,-1.2134882292812024,-2.1464328726689286,-2.2827883208596718,-0.008759563786387559,0.6977472688291085,0.0153706770843937,0.0395016045394669,0.0925561020088236,SPY
2010-08-27,1.5032487578392226,-0.29826009788505353,-1.3388314232347913,0.5109800155032875,-1.250372914112206,-1.2158416620504267,-1.3776888224649628,-1.9011147990471338,0.7066244385310071,1.4125127637272195,-0.0146112166822041,0.0370192121468191,0.0723839692268972,SPY
2010-08-30,-1.5451097479107883,0.5475810749101223,-0.4460641048767965,0.2697670739073401,-1.254441670665446,-1.2209832908701268,-1.8878363776885103,-2.0115425080165257,-0.881198824055239,-1.4465492158652247,0.0,0.0402938418902527,0.0904894622142347,SPY
2010-08-31,-0.0595389230893537,-0.03288456321962118,-0.9634586673088336,0.274442440273204,-1.2603447825911183,-1.2257522545175625,-1.743897787621226,-1.5801297658771833,0.826640130938271,-0.7317837209671136,0.0294729643015339,0.0472922105989619,0.0887438940979246,SPY
2010-09-01,2.9370750372449597,-1.1640865270550353,-0.24644905400925426,0.7355338107965512,-1.2621791657667136,-1.2288648604941903,-0.28766201815173054,-0.5065818074978997,0.6036923440028539,-0.017018226069002582,0.0092691798357433,0.0224280190500332,0.0562962423376189,SPY
2010-09-02,0.8828893108834367,2.08028012179694,0.9807627438925767,0.7890872031717012,-1.2599861634953595,-1.2311975915750142,0.22282424695887817,-0.21614339302373714,-1.0441908405396134,0.6977472688291085,0.0128882846917459,0.0181944742967816,0.0512240024935692,SPY
2010-09-03,1.250855696091818,2.762443592915756,1.7475729188217881,0.8692636397434427,-1.255351932314908,-1.2322328151192692,0.8709474492219597,0.052919378262506776,-0.08598790252877482,1.4125127637272195,-0.0113365869387704,0.0163684530133618,0.0308037877653468,SPY
2010-09-07,-1.2121672890625381,1.5418973514478747,1.6285511950644265,0.8961760118629798,-1.2518762867327327,-1.234544858424118,0.402956432264468,-0.45787758216934554,-1.241399181374618,-0.7317837209671136,0.0069983687087091,0.0270835691358009,0.0620721554054028,SPY
2010-09-08,0.6520084176371801,0.025419989150591658,1.7855578302301396,0.916769813402416,-1.2451456692717602,-1.2359044640696748,0.7808153460473582,-0.34878914380984904,-1.07696464018949,-0.017018226069002582,0.0046087727526051,0.0238949758322446,0.0549876448057391,SPY
2010-09-09,0.4090502771407051,-0.40804722184179393,2.1211042610309896,0.5866505417123761,-1.2382770647136643,-1.2347864198593945,0.9662350814674926,0.17121871532633934,-1.0852886957283014,0.6977472688291085,0.0050356350824918,0.0190210846885516,0.0491713272030605,SPY
2010-09-10,0.4524507849346477,0.765448395684389,0.92895633681416,0.5699806364339018,-1.2296569721099497,-1.2328194881690973,1.1455506875977213,0.3508508391683821,-1.3453904881191117,1.4125127637272195,0.0110622634083261,0.0143586811784732,0.0497290183317025,SPY
2010-09-13,1.0651980603758688,0.6210013996104751,0.7259732002124232,0.6019106081409108,-1.2215746204785238,-1.2297758947766824,1.5837005389435073,0.6318669101355396,-0.5127283250262628,-1.4465492158652247,-0.0006214708163314,0.0184711561944581,0.0396100227272659,SPY
2010-09-14,-0.12272592067487015,1.095944778048702,0.6384220937016442,0.6022904199875899,-1.2114510440416315,-1.2267461233785049,1.4549474274707257,1.0791690685621713,-0.01983727712261633,-0.7317837209671136,0.0038097754051529,0.0170768842082784,0.0433129609516766,SPY
2010-09-15,0.3278135687747013,0.6796111795196471,1.1521731005651044,0.5526340813822558,-1.2007344122400003,-1.2243374861068808,1.562288475908371,1.0813456382995157,-0.6683363948890738,-0.017018226069002582,-0.0002651183910877,0.0083415292962598,0.0472503767657448,SPY
2010-09-16,-0.08649438857110123,0.14586574808304434,0.9992916010590362,0.5541068936065232,-1.1944036876700075,-1.222087561779657,1.4764846522281736,1.313584101457606,-0.1553361292409584,0.6977472688291085,0.0003732315724134,0.0004621733075254,0.0436069824172475,SPY
2010-09-17,-0.021591232151686002,0.17209143489175832,0.7656061744334218,0.36655919414950683,-1.1894077929474676,-1.2184903095219395,1.3785263964822336,1.1392329678211852,-0.2068571438394915,1.4125127637272195,0.015174738424311,0.0205013419941018,0.0452747585098061,SPY
2010-09-20,1.4833270248853894,-0.08082033412513295,0.5420608138105582,0.4259162050725757,-1.1839854116087016,-1.2134580810562274,1.9569746038062639,1.9488284718991027,0.10969485852579655,-1.4465492158652247,-0.0020157428025111,0.0005251478722581,0.0350157701967939,SPY
2010-09-21,-0.26448617442958644,1.0554728984384514,0.7392390950368871,0.4144901540124468,-1.1771578723221052,-1.2083024702494018,1.6914910855546388,1.846265225872975,0.970548772947631,-0.7317837209671136,-0.0049255795068656,0.0060351669799025,0.023840220018318,SPY
2010-09-22,-0.5603389159913871,0.8796567981047174,0.6723888034902301,0.2716876773605051,-1.1721688866855284,-1.202438097907161,1.2642348631032343,1.2847798235763492,-0.28093802752784586,-0.017018226069002582,-0.0081444743798222,0.0092151783704581,0.038484848221671,SPY
2010-09-23,-0.887614625840779,-0.5996221557514683,0.2535601757760525,0.34486528436127956,-1.1691590274902384,-1.1974950133046367,0.7159526003680965,0.6856061750120618,-0.06509020846807044,0.6977472688291085,0.0204124002589898,0.0143849652915086,0.048832226042454,SPY
2010-09-24,2.015857462364726,-1.0506649535416541,-0.12422640407918044,0.42578597660573847,-1.1637045473999856,-1.1904522376962519,1.4794535762975773,0.8520837905905702,0.08498409116192858,1.4125127637272195,-0.0048014556975326,-0.0018304949757874,0.0302804551795627,SPY
2010-09-27,-0.5477188369232702,0.8140786952504582,0.8365791505965863,0.40196357728615967,-1.160723019627619,-1.1849159829414249,1.0724648485320811,1.1608101634426922,-1.404428425885877,-1.4465492158652247,0.0034942763051333,-0.0045609693147312,0.0380352321835184,SPY
2010-09-28,0.29573572964324885,1.060107499172445,-0.1212070018003325,0.2159887680433011,-1.157090272273874,-1.1780324559058037,1.0260860028556138,1.1044330234271797,0.16881419087156063,-0.7317837209671136,-0.0017455681163101,0.0118765350814209,0.0347091885364401,SPY
2010-09-29,-0.23701661866601081,-0.18497851336531804,0.14297845657852082,0.22637964302668515,-1.154327889030931,-1.171287691397133,0.7333007796970871,0.9196148796104174,-0.38676363395611557,-0.017018226069002582,-0.0029746874587717,0.0135359613067764,0.0335868801338072,SPY
2010-09-30,-0.36198525578221946,0.03991893351741965,0.29544848444074073,-0.15504277037283626,-1.1519956207169633,-1.166952816278337,0.45820070436981897,0.6451344349305458,1.6899860178561956,0.6977472688291085,0.0041969399916936,0.0153031039154747,0.0367304243447019,SPY
2010-10-01,0.36717787543572294,-0.43616318528132536,0.5433210418269556,-0.183166359228942,-1.1490559784093994,-1.1629819528034548,0.5370363709501349,0.46427499066662803,-0.47391603730110154,1.4125127637272195,-0.0075319300364764,0.0166994901349148,0.0332931563145351,SPY
2010-10-04,-0.8253352123479762,0.0011745328278450686,-0.23415154399336677,-0.20097365182519378,-1.1496938246694568,-1.1605878192348933,0.10659547696647312,0.11306311672069876,-0.6498973224376664,-1.4465492158652247,0.0199317807012855,0.0251746879752809,0.0411627963253113,SPY
2010-10-05,1.9669912790554536,-0.3342148404098502,-0.3650678984983425,-0.11680795820033853,-1.1468374389329865,-1.1557420798700944,0.9096660819164698,0.5422704095975237,0.5618260027038287,-0.7317837209671136,-8.614189095457192e-05,0.0083243746820746,0.02913018110433,SPY
2010-10-06,-0.0682972546356187,0.8237876739621216,0.42305089903489357,-0.12180265540514064,-1.1432183568337724,-1.1514346887468858,0.7740116601544645,0.5497340291600463,-1.008321506978086,-0.017018226069002582,-0.0012075448500734,0.0161577077922503,0.0332262140597299,SPY
2010-10-07,-0.18231401006190606,1.37175899144355,0.502614375935222,-0.11481237697962564,-1.1385177595036464,-1.147576453308592,0.5990957557721787,0.4894372294830235,-0.6810366068096453,0.6977472688291085,0.0055933262111338,0.0134567399027387,0.0535085890817788,SPY
2010-10-08,0.5091530902930619,-0.18398552433531248,0.5873424632574723,-0.11270928927563421,-1.1361327624913722,-1.143653657262085,0.7479849156245563,0.2587252786933143,-0.41245513577479165,1.4125127637272195,0.0009432678038896,0.0099044213565768,0.0516707770816982,SPY
2010-10-11,0.03636624072623018,0.23399381615489848,0.6542941246310039,-0.16404949899512206,-1.1328326521777219,-1.1405103883007572,0.6981263061307162,0.3748998992574289,-1.7909959614960527,-1.4465492158652247,0.0030814674080792,0.013876903663986,0.0488517607008383,SPY
2010-10-12,0.2537640809415217,0.39228245136898526,1.0606491630740187,-0.1683212366705549,-1.1295879813707537,-1.1370689969403154,0.741886034577855,0.6888336079229384,-0.2622320595601043,-0.7317837209671136,0.007747191219221,-0.0023958567250801,0.0385595040444703,SPY
2010-10-13,0.7281436840411694,0.20742269566065588,0.25273767416157683,-0.1494685703377147,-1.124804155272697,-1.1332929491527095,1.000091051639758,1.2802559860927727,-0.008469293854463406,-0.017018226069002582,-0.003908512739585,-0.0004239992478138,0.0348338932382734,SPY
2010-10-14,-0.45693036698206607,0.7081561042769456,0.6283176236893258,-0.12808989903410709,-1.1201867033010133,-1.129815378531055,0.7076233303564844,0.5877347823223401,0.47137501719109465,0.6977472688291085,0.0020410076649719,0.0056874169327318,0.0349679507981628,SPY
2010-10-15,0.14797709055050354,0.19372988695456725,0.49881599655935377,-0.13035615680979049,-1.1159020690899824,-1.1262004227125246,0.6970512918155571,0.9606511457630621,1.012263603474058,1.4125127637272195,0.0049157501112988,0.0055070386638584,0.0210179368997378,SPY
2010-10-18,0.44026168258865384,-0.22621557199503275,0.3284951891190523,-0.2446409979740047,-1.1096207090355936,-1.1233764647735858,0.848207044954516,1.0001513750230664,-1.0202112201246092,-1.4465492158652247,-0.0131912929809869,0.0035446098589826,0.0146867653554032,SPY
2010-10-19,-1.400741399272861,0.4232043209291825,0.5189613270365752,-0.10514551184240045,-1.1086639604978799,-1.121468410465889,0.162503049359007,0.31301393590311705,1.6903897427891639,-0.7317837209671136,0.0097190486964873,0.0169041354980246,0.0121759322675201,SPY
2010-10-20,0.9286289689182751,-0.6978138560732543,-0.2612585920759306,-0.08900498872440309,-1.10611256155607,-1.1183807633797112,0.533044819333751,0.718675225393421,0.12472088897475979,-0.017018226069002582,0.0022029034409607,0.0043172102825943,0.0029647351995292,SPY
2010-10-21,0.16443757065300701,-0.344316039248393,-0.16671516830329086,-0.16021199182748574,-1.1030065590237148,-1.1144744187757671,0.522375885544427,0.6745670102416482,0.5258203939996672,0.6977472688291085,0.0018606293960985,0.0022831635937565,0.0153729289408977,SPY
2010-10-22,0.1296374341414319,0.788616825619097,0.12630510140165735,-0.4104561630999771,-1.1004968370229864,-1.11202515026693,0.5387006984894418,1.1321880714060404,-1.6026057156586038,1.4125127637272195,0.002953321306423,0.0011822061591848,0.0162592816301847,SPY
2010-10-25,0.2407350420821558,0.2102779992659194,0.11765661675705955,-0.4435174701527999,-1.0976542416552797,-1.1089514016933275,0.5888752914505817,0.7145593809472011,-0.7621512789192433,-1.4465492158652247,0.0001682326580549,-0.0014334051729383,0.0124742496120742,SPY
2010-10-26,-0.042434151185387965,0.2655048548199939,0.023565263673962868,-0.44358639610175,-1.0952831462244201,-1.1061413283545387,0.5140490359935003,0.726173194046491,-0.6020218367977146,-0.7317837209671136,-0.0028678765189429,0.0062975276493109,-0.0022764947498856,SPY
2010-10-27,-0.3511254335351999,0.14095324898297065,0.6641061285464284,-0.43622184402932207,-1.0946453277675259,-1.1034283915671006,0.29797571371699244,0.6066794012903958,-0.03282364837783655,-0.017018226069002582,0.0001688567521229,0.0131752952326991,0.0152572207903443,SPY
2010-10-28,-0.04237069747311128,-0.28745666268020054,0.06060865555120311,-0.4525166028350822,-1.0933419571988146,-1.100465671101211,0.21946406597603926,0.41188909085004693,-0.44387904112627247,0.6977472688291085,0.0007596719615268,0.0320812686525515,0.0033729333725958,SPY
2010-10-29,0.01769944295675467,-0.28741073259973215,-0.036916515660831616,-0.45664875999567267,-1.0922465820912324,-1.0977735681702103,0.17707169300794262,0.405090689003192,-0.9076968907273693,1.4125127637272195,0.0003377099742998,0.0350771109020779,0.0056390450465677,SPY
2010-11-01,-0.025202830758177676,-0.020442014014018215,-0.08970343687212227,-0.5296341855022297,-1.0918999600602346,-1.0944569921306564,0.09678904808991495,0.29038140115730166,-0.32266369155800645,-1.4465492158652247,0.0078991654803042,0.0328636523508079,-0.0003377099742998,SPY
2010-11-02,0.7435954108411679,-0.008015294262005347,-0.2151125262451858,-0.8163049444207083,-1.0881006439579772,-1.0920771048852949,0.40229862710202446,0.30162605631040107,-0.6466868628415778,-0.7317837209671136,0.0040098910644452,0.017753697622215,0.0128083493608146,SPY
2010-11-03,0.3481599910816561,0.5174143302684078,0.1555577003804307,-0.8126268929391717,-1.085216510665003,-1.089357218841569,0.5140935208179496,0.7643298908979326,0.690867425609552,-0.017018226069002582,0.0190748301719754,0.0177653869707938,0.0215256491924833,SPY
2010-11-04,1.8798622786205406,0.7876677770049477,0.48532174405131046,-0.5426691571875368,-1.0794897542011588,-1.0849373944557226,1.3016239211748033,1.2285967928192094,0.4918925528698744,0.6977472688291085,0.0037555142110532,-0.0050838983808771,0.0051400941975927,SPY
2010-11-05,0.3222966533372165,1.6101386269859344,1.3917946902326916,-0.5493141695652852,-1.073430193878244,-1.080649411165389,1.3572319139816111,1.2080682783254368,-0.17826894004084104,1.4125127637272195,-0.0018757485769702,-0.0207484188253834,0.0003254179901874,SPY
2010-11-08,-0.25025249754761025,1.5914178123769627,1.535434474861356,-0.5345105941278707,-1.0681748956465034,-1.0765973060847192,1.1472879415194754,2.1222653561291303,-0.6719507776033448,-1.4465492158652247,-0.0072107892482886,-0.0202880916814489,0.0027716176811001,SPY
2010-11-09,-0.7926837640826846,0.049564080483882826,1.4293071546931593,-0.4599656595650773,-1.06416761188628,-1.0734056288406035,0.7074427303854104,1.2797327916819026,-0.07103558924325509,-0.7317837209671136,0.0040215804130241,-0.0287794285020304,0.0136391244518847,SPY
2010-11-10,0.34934848589270984,-0.7574988706868112,0.7048395552035465,-0.4852157808200518,-1.0590093883975586,-1.070505347338114,0.8161871784824972,1.3251209139675313,0.6180471855708042,-0.017018226069002582,-0.0037744551796956,-0.0322931572865581,0.0135036681611264,SPY
2010-11-11,-0.4433002905722757,-0.32348610090202945,0.7054000171279264,-0.48648140756550107,-1.0545167170206549,-1.0676050658356249,0.5517782079584701,0.9678697501755784,-0.65604886067962,0.6977472688291085,-0.011909006233453,-0.0139076049245332,0.0230789378871323,SPY
2010-11-12,-1.2703670558746374,-0.07058976943634515,-0.390140453119381,-0.3445112207730814,-1.0521455659834693,-1.0658704507741918,-0.06252252236733628,0.0997239517835515,1.0023127506988037,1.4125127637272195,-0.0014154214330357,0.0007483833943053,0.0356306035902003,SPY
2010-11-15,-0.2034495111997744,-1.2429981676221327,-1.1411974699953182,-0.3528457867672598,-1.0500656530769255,-1.0646562369260977,-0.16354182880142779,0.018932734043070415,-0.5183678530268303,-1.4465492158652247,-0.0157021260688701,0.0013320941156536,0.0379287466111151,SPY
2010-11-16,-1.6560261207634823,-1.0693855419502847,-1.1191264507939789,-0.2955118017901757,-1.0518821310156585,-1.0636640445123682,-0.9236036527174846,-0.5369206135414233,2.11629003853695,-0.7317837209671136,0.0005078516284964,0.0024517084806188,0.0490480544933751,SPY
2010-11-17,-0.007903964889657963,-1.348539451913265,-1.526255294881344,-0.3615765230295253,-1.0542809879046031,-1.0634212170464168,-0.9068657812265065,-0.5241211962820431,-0.351275952865679,-0.017018226069002582,0.0146110971823292,0.0166096958734094,0.0543254122354399,SPY
2010-11-18,1.4260197517837514,-1.206996548353998,-1.6947258630272084,-0.21599589197370317,-1.0574701914017262,-1.0621514508852983,-0.26167301990750175,-0.07362040257983017,0.18912802929948577,0.6977472688291085,0.0027469820853855,-0.0097168319745453,0.0407851309691311,SPY
2010-11-19,0.21975584962633285,1.0238991684491283,-0.8132052215522524,-0.21410590553712763,-1.0608396984097994,-1.060805375073054,-0.17064341175277176,-0.007403274270310124,-0.6333305535462508,1.4125127637272195,-0.0008317107116875,-0.0094380304244321,0.0404485231657361,SPY
2010-11-22,-0.14410170761634608,1.1886875350389443,-0.11050366709924922,-0.2159327137334436,-1.0640289853164109,-1.0597715636399365,-0.23885881112987134,-0.2651157951312955,-0.09953165999987498,-1.4465492158652247,-0.0145825117039048,-0.0142453647593123,0.0476005820607392,SPY
2010-11-23,-1.5421912176325734,0.05217711842355887,-0.08251685226840604,-0.06748208330035298,-1.0684105969593916,-1.059958873573925,-0.9131655806379076,-0.8468113703160026,0.7526770939567541,-0.7317837209671136,0.014665839021287,0.0213823717600112,0.0652883099725265,SPY
2010-11-24,1.4315855359769205,-1.2231835764297978,-0.028835398821989194,0.05464392419691967,-1.0710451829643883,-1.0586960705815187,-0.26522246124846655,-1.013174641637151,-0.9738844596992062,-0.017018226069002582,-0.0117154306656255,0.0194437236348381,0.0491904984160473,SPY
2010-11-26,-1.2506855863421908,-0.08264444491831748,0.6499888150354922,0.14229129183319295,-1.0749831673412589,-1.0584185107465545,-0.8193211051734788,-1.428524086412846,-2.2257447976077347,1.4125127637272195,0.0030257836354987,0.0338484294775485,0.0613039799239105,SPY
2010-11-29,0.24810252723516027,0.12835782148605923,-0.6122728379933197,0.14665464370091227,-1.0764252061845831,-1.057953592284115,-0.69179883802497,-1.2756360396995186,0.8583444662411447,-1.4465492158652247,-0.0056390450465677,0.0297634838456977,0.0597096786053814,SPY
2010-11-30,-0.6328793219924725,-0.7282897705010042,-0.5989053135121062,0.16575097046217402,-1.0785606142041355,-1.0579813614844151,-0.9524227931026417,-1.2373248250674858,1.0596190541972923,-0.7317837209671136,0.0210452248154187,0.0359729800062078,0.0660637763168265,SPY
2010-12-01,2.0801988323347134,-0.28109936323661383,-0.8293995822304734,0.3682482500457815,-1.0746086726395243,-1.0569127968136476,0.000470508641962433,-0.6992986685631781,0.7658135281497944,-0.017018226069002582,0.0127271908961139,0.0185844727132851,0.0434290533772703,SPY
2010-12-02,1.2344767559901273,1.0450378744416213,0.8788213366952282,0.43519593567665665,-1.0685907614545285,-1.0551018581886635,0.5529638927922954,-0.28601779655103626,0.12761312487702706,0.6977472688291085,0.0026892751770848,0.009743405939437,0.0309403729806554,SPY
2010-12-03,0.213888597006188,2.3966974046337235,0.7858701810679084,0.25979751294592884,-1.0645279269749712,-1.0546647019703117,0.6689792391783941,0.10422928738457662,-0.7160086857311536,1.4125127637272195,-0.001059161996352,0.0128549453086623,0.0385359505238538,SPY
2010-12-06,-0.1672274335510849,1.0457948929916145,1.4765236509604833,0.2534208656336795,-1.0611030360665412,-1.0546369884197115,0.6175372414073962,0.11431177950284659,-1.6965728243197578,-1.4465492158652247,0.0005704511139423,0.0145567667746293,0.0390439869762477,SPY
2010-12-07,-0.0015392677360986378,0.031190957168924973,1.28066530398924,0.25146468571403024,-1.0574423465341525,-1.0544011032538352,0.6380621445539051,0.6685926199673773,0.4426289376794986,-0.7317837209671136,0.0036567175224959,0.014869037248566,0.0436578217138876,SPY
2010-12-08,0.3122516665779377,-0.12474348398083895,1.5783881534781243,0.22525186826797036,-1.0507450650654127,-1.05324236520043,0.7799896849868834,0.7269443065503717,-0.9457327266831762,-0.017018226069002582,0.0038861241222658,0.0066295015394599,0.0380402700990201,SPY
2010-12-09,0.33557619587978094,0.22232074381094397,0.7446722116710333,0.224759473163996,-1.045808724717654,-1.0520905903157365,0.9335972093033394,0.5245947036807399,-1.2050498692457552,0.6977472688291085,0.0058008145463102,0.0085285867877553,0.0321900085522424,SPY
2010-12-10,0.5302491169918004,0.4663370482234418,0.3207750830809218,0.22580732404775647,-1.0379327976686572,-1.0501200831322142,1.1565991738411017,0.5916703200632936,-1.277052723390455,1.4125127637272195,0.0006426594696149,0.0037985881574655,0.0251298796712333,SPY
2010-12-13,0.0058023950992897,0.6241314479545296,0.4699621255327689,0.12444663580319593,-1.0304451000838326,-1.0470948958780744,1.1005377122179045,0.6389953914136919,-0.9240034132283643,-1.4465492158652247,0.000882721587879,0.0055663029698411,0.0280247922577085,SPY
2010-12-14,0.030210306281138133,0.3854293033082989,0.5515583006606755,0.11879459945506968,-1.0218757621538637,-1.0438754216088086,1.0507052419922716,1.3493263989758943,-0.636408549442472,-0.7317837209671136,-0.0045828181866101,0.0110039295652777,0.0361260661831188,SPY
2010-12-15,-0.5254892365756387,0.023483217110767583,0.5665305388114824,-0.04854984970997435,-1.0175912113523213,-1.0397539630895132,0.7128744232038084,0.8139520814481491,-0.34560235263931066,-0.017018226069002582,0.0057852093705612,0.0186919639597702,0.0390744516749697,SPY
2010-12-16,0.5286624870544618,-0.3610847856027551,0.17147464597090048,-0.04475985342325063,-1.014457461263462,-1.035174563188916,0.8602934788621084,1.6642878157073442,0.14661899595469263,0.6977472688291085,0.0010708159160204,0.0114747820540168,0.0405079001407893,SPY
2010-12-17,0.04933448000868166,-0.0002871592522651275,0.26252890495257686,-0.14176819976894778,-1.0115959180402871,-1.031709673742649,0.8134322222064083,1.6385538174905427,-0.7194105330811661,1.4125127637272195,0.0024103742819905,0.010802016980234,0.041136850993209,SPY
2010-12-20,0.18553181866388127,0.4157909331172591,0.035742603151769345,-0.14201693116520384,-1.0081358561308773,-1.028264512115032,0.8316412144936968,2.102796492265145,-1.119427899851215,-1.4465492158652247,0.0063203481833156,0.0098231250152132,0.0288728453378901,SPY
2010-12-21,0.5830718237133166,0.16742060701835343,0.12049812556776814,-0.13678545241945425,-1.0036717247006182,-1.0241989328507493,1.0206313994255716,1.9601992169679212,-1.5601717378814945,-0.7317837209671136,0.0031052162078823,0.0042178294967749,0.0212262257641633,SPY
2010-12-22,0.25617870012617733,0.5537589041133472,0.38121262519907717,-0.3542525010304221,-0.9992879583125177,-1.0186540871734848,1.0135369365311553,1.812291346579576,-1.7729927862950563,-0.017018226069002582,-0.0014319725351921,-0.0004768848352449,0.0203824877151994,SPY
2010-12-23,-0.20513231660995862,0.604895659300414,0.7498260275960966,-0.4504968816734084,-0.9958206675807721,-1.014448994111302,0.8263682937065465,1.5696475540208439,-1.8316321817828818,0.6977472688291085,0.0003980508422376,0.0011935981994461,0.0274851256208963,SPY
2010-12-27,-0.019067774732215267,0.03436513726102617,0.4037882965599597,-0.6300726810054693,-0.9932820302907007,-1.0092376501299263,0.6997273809889712,1.7125859972512918,-1.9823585181633954,-1.4465492158652247,0.0014314823169696,0.0110804000774917,0.0276289208543456,SPY
2010-12-28,0.08600462831988011,-0.16486816659607478,0.3715316480935307,-0.6276738606088811,-0.9906034596821081,-1.0041505510600142,0.6266816111040747,1.732392131261466,-1.9129714300973564,-0.7317837209671136,0.0007150526648773,0.009097792216564,0.0300611536763852,SPY
2010-12-29,0.013162851188371502,0.04586723135254001,0.32459732401403496,-0.6968476421361148,-0.9879519554525295,-0.9985357537098489,0.5054121666523274,1.6648611845873953,-1.7670124555670415,-0.017018226069002582,-0.0015894981241375,0.0135670254032689,0.0318109168903379,SPY
2010-12-30,-0.2211484653120117,0.06919691828438794,0.05584370683817169,-1.075855707324996,-0.9847888035189781,-0.9948089976440181,0.3272140871218565,1.3293760469327054,-1.394479271184943,0.6977472688291085,0.000238510499499,0.0131956894350349,0.0157833573051746,SPY
2010-12-31,-0.03528877012975417,-0.15313154447139082,-0.169250840663798,-1.2735957680478847,-0.982582247205745,-0.9921367616559175,0.2653259433320938,1.0945661599527183,-1.1174943901135,1.4125127637272195,0.0102848527202832,0.0109930415110239,0.0230326433470606,SPY
2011-01-03,0.9861561392148809,-0.18820257162045786,-0.08915722980468643,-1.1434841684632853,-0.9787490529495795,-0.988786781883939,0.6633616303831217,1.467851612296162,-0.32542225902022826,-1.4465492158652247,-0.000551125543958,-0.000551125543958,0.0286298945489642,SPY
2011-01-04,-0.11557368369317371,0.6856879486688274,0.38487910927600044,-1.1480617401189173,-0.9754315656591604,-0.985395363954097,0.5438559660681288,1.3717016454303668,-0.33564800634815956,-0.7317837209671136,0.0051842858515822,0.0035375720560901,0.0272670297799653,SPY
2011-01-05,0.46756460128896477,0.6275748390010079,0.2898202435457466,-1.1358620399675883,-0.9722952854824839,-0.9815921938939534,0.6873300166152468,2.0861876368073142,-0.40411518121561185,-0.017018226069002582,-0.0019608340923715,0.0073372817177972,0.0243026543702002,SPY
2011-01-06,-0.2589034238903164,0.2521996211840492,0.5041037868448158,-1.114463153398274,-0.9700511114899415,-0.978275638723037,0.5029309252093235,1.69523751460512,-0.5757423317506608,0.6977472688291085,-0.0019641374245118,0.0076636831154095,0.0290889168966614,SPY
2011-01-07,-0.25923928461698,0.14845239719090242,0.4862995721834996,-1.0999956555746386,-0.9679044848941875,-0.9754664905605107,0.3330213963768892,1.3911708529727345,-0.011034674531778348,1.4125127637272195,-0.0012593143346988,0.0168464783763022,0.0372855056289358,SPY
2011-01-10,-0.18757758513907308,-0.37763441107693807,0.380690582435214,-1.1184492999751414,-0.9660505977998678,-0.9732685152282377,0.21373448259458452,1.1374780104717686,-0.5461224332767641,-1.4465492158652247,0.0035375720560901,0.0198055594794412,0.0430810936476095,SPY
2011-01-11,0.3001377521345377,-0.32600620217034804,-0.17281041373942135,-1.1115194158896933,-0.963820353191903,-0.9708121931199251,0.31513242243925027,1.0179634561402855,-0.7227024881460565,-0.7317837209671136,0.0089839955132893,0.0064143560500227,0.0372781454686661,SPY
2011-01-12,0.8538936756568279,0.07889102745317546,0.023227826516883755,-1.0314616143661082,-0.9601125929048436,-0.9676300806679974,0.6570136128528548,1.2627590779473643,-0.7482770162426204,-0.017018226069002582,-0.0016344326947592,-0.0038959108536777,0.0286719812729661,SPY
2011-01-13,-0.2257171120300348,0.8327454056694589,0.2054101418725553,-1.0740856290168341,-0.9564187620023619,-0.9641989149399306,0.48590440020003706,1.2340473182358482,-0.3695378614831982,0.6977472688291085,0.0072186578363808,0.0,0.0362593324883722,SPY
2011-01-14,0.674405943333519,0.45211273093404897,0.22105990663000788,-1.0550580152869549,-0.9514703828850978,-0.9606186567093505,0.7338625368618917,1.4419260711134971,-0.5476386539023361,1.4125127637272195,0.0016997667684401,-0.0015479924658761,0.031441568991724,SPY
2011-01-18,0.11328199765375785,0.3221930510144835,0.6613416783996211,-1.056257726159655,-0.9480274616255728,-0.9569777611744078,0.7166088377479121,1.4499133776698492,-0.5813734352404958,-0.7317837209671136,-0.0098536313733283,-0.0027059131586293,0.0265892151060311,SPY
2011-01-19,-1.0613902818875935,0.5675728062381239,0.8032188992115078,-0.8804904516750798,-0.9462571925434626,-0.9544318986987951,0.17886115276543807,0.5432653310967602,0.07732826017738419,-0.017018226069002582,-0.0013262713904111,0.0110114333537083,0.0427384111728459,SPY
2011-01-20,-0.19438533090355042,-0.688858968052252,0.16115919903057063,-0.9034198088326549,-0.9456438547714398,-0.9525556273260113,0.06606872566640619,0.5606040953341062,0.49699879019023746,0.6977472688291085,0.0022614781589185,0.0148025206229496,0.0470486545329595,SPY
2011-01-21,0.17039305635709864,-0.9115596525529384,-0.333180754198172,-0.90680682738832,-0.9442777880705477,-0.9507490989397525,0.12485143076871827,0.6336784121692733,0.06328917644939135,1.4125127637272195,0.0056706653705047,-0.0050760152452697,0.0468704045567074,SPY
2011-01-24,0.5170164189450529,-0.019950543877208966,-0.14638594013771644,-0.8909023998136649,-0.9415457241766702,-0.9483078509439278,0.3285276961803942,0.46618235939482816,-0.5920870772064739,-1.4465492158652247,0.0005418460756869,-0.0032588840743894,0.020926196096358,SPY
2011-01-25,-0.004447636778827313,0.4949876440323236,-0.2206065718950758,-0.891216654847232,-0.9384930898153665,-0.9458526766106777,0.28873020915172987,0.5299598781146145,0.37557249220698424,-0.7317837209671136,0.0038637151390092,0.0120813737721103,0.0142208519459776,SPY
2011-01-26,0.3332978002838507,0.3684316583105932,-0.2761246750096296,-0.8841844661321024,-0.9353706973185237,-0.9431742704620898,0.40090353513023147,0.4793251942257298,-0.09557740049673545,-0.017018226069002582,0.00246481587883,0.006303668320144,0.0096699274138041,SPY
2011-01-27,0.1910670762458154,0.23544951060182853,0.3815724046748626,-0.8840041120988038,-0.9334052222301864,-0.9403354401408259,0.44250446230935686,0.7326605767901714,-0.4032681157703829,0.6977472688291085,-0.0176170577093008,0.0060587628831312,0.0178408151278786,SPY
2011-01-28,-1.8507235671449405,0.3769700959194583,0.563341307542955,-0.5342452764769698,-0.9343112021925732,-0.9389404273736441,-0.4255793642256432,-0.2619137822859653,2.4886661906321415,1.4125127637272195,0.007487796541385,0.0265012490265217,0.0416355221584359,SPY
2011-01-31,0.7017701674553495,-1.2039031666762676,-0.38976248532050095,-0.4979996769348364,-0.9351754774107149,-0.9368967825718965,-0.1279979222523207,0.0850626662831167,0.045606728331223,-1.4465492158652247,0.0158821039221868,0.0252459037928991,0.0173343727028898,SPY
2011-02-01,1.555247219417133,-0.8342378904758622,-0.30263762750512657,-0.389797001366466,-0.9334748830546564,-0.9343230187279465,0.5565435141287337,0.4532493363847462,0.3702058274629523,-0.7317837209671136,-0.001913990312957,0.0139000735546872,0.0035884174003628,SPY
2011-02-02,-0.25414066158679716,1.6311263362473667,0.43287217230750813,-0.3841502424797097,-0.9303525322625571,-0.9318748006071974,0.400268079867419,0.11034360303466859,-0.4587832652901666,-0.017018226069002582,0.0022199104418172,0.013548687744791,0.0225800107977915,SPY
2011-02-03,0.1661667287949776,0.9392036776162626,0.15585212330476242,-0.39544038071791554,-0.9265890127324432,-0.9296846649264112,0.4478740809220448,0.2560393627840301,0.021913389381982357,0.6977472688291085,0.0028254284340896,0.011706608620563,0.0128397737890049,SPY
2011-02-04,0.2277317498872959,-0.06626277063701454,0.14410979467164806,-0.4023014204706967,-0.9227139052083116,-0.9270620336896481,0.513007276828649,0.1196934406495121,-0.15903450234296462,1.4125127637272195,0.0062324513077625,0.0148340987071202,0.0021324169208805,SPY
2011-02-07,0.5741350570665196,0.282533822034945,1.1242529605460405,-0.3961185190107938,-0.9187134471245628,-0.9236931469320945,0.7214734799772166,0.26521341546293403,-0.5219074052600988,-1.4465492158652247,0.0045362736839749,0.0110025417390904,0.0046116502679058,SPY
2011-02-08,0.4016790565554317,0.5778359796826228,1.0640637035780955,-0.3995283953331008,-0.9139741616933599,-0.9197941480885503,0.8353953165119018,0.9139902076455483,-0.7356578602335244,-0.7317837209671136,-0.0022653761228532,0.0033136809378628,-0.0013583536231509,SPY
2011-02-09,-0.2898672214477451,0.7037453001284812,0.5200722393720681,-0.38692344060316497,-0.9103500333200919,-0.9164182564250092,0.6373985402637855,0.8546832856069727,0.12432346836947741,-0.017018226069002582,0.0003778313175892,0.0118746217542025,-0.017772605607476,SPY
2011-02-10,-0.021123560815109063,0.07834935790241238,0.5032245625416082,-0.42862888825196843,-0.907102290263631,-0.9138096141315835,0.5866232563382525,0.8101336525762839,0.4187547223301164,0.6977472688291085,0.0059529185206468,0.0144807624063156,-0.0112479419434157,SPY
2011-02-11,0.5457140321681698,-0.22769039203988603,0.41490354072715946,-0.42204943015051644,-0.8995891527848172,-0.9105034584983549,0.7843156181036675,0.8214844230942208,0.011498804284288686,1.4125127637272195,0.0024008943397326,0.0106110720683352,-0.0232569132887121,SPY
2011-02-14,0.18456796151593544,0.3771333895711613,0.5648553622999997,-0.44650207627352606,-0.8929680658838128,-0.9076228074275411,0.8234525141597248,0.8672760008745264,-0.6768125798839283,-1.4465492158652247,-0.0031525871172526,-0.012063365361242,-0.0371813208773357,SPY
2011-02-15,-0.38007290365803315,0.526020315699809,0.38114608396023947,-0.4292569980275677,-0.8898038852332366,-0.9051885226004287,0.608404382160038,0.587469074867017,-0.30233162519304535,-0.7317837209671136,0.0062955646934863,-0.0150742763186828,-0.0527146914902978,SPY
2011-02-16,0.58055200416451,-0.14409758494650013,0.012493058353598712,-0.524481202491998,-0.8851203312419249,-0.9012825258071097,0.8072678925783017,0.6904347259371229,-0.08135046835362816,-0.017018226069002582,0.0029839719697024,-0.0220570504053334,-0.0458622028533648,SPY
2011-02-17,0.2438513966007197,0.14252991548617985,0.4229591619250312,-0.5351386653277473,-0.8802834428076082,-0.8969789675569887,0.8374406072392987,1.9242204302795554,-0.4684268764263431,0.6977472688291085,0.0020832281826663,-0.0144053187821313,-0.0452154969822888,SPY
2011-02-18,0.15226979051244785,0.5941487773126224,0.5479141664953524,-0.5350837736397073,-0.8755720995550487,-0.8926823933442178,0.8248245561987815,1.862191141687877,-0.03372121679241768,1.4125127637272195,-0.0202735430898446,-0.0103108976435413,-0.0319197424070436,SPY
2011-02-22,-2.1208172399536593,0.28414269838632394,0.3623765311892882,-0.17522612622016678,-0.875767138742299,-0.8907781997344583,-0.1873392793964178,-0.06662514653324647,1.99897971619027,-0.7317837209671136,-0.0061634980746934,-0.0068507074678576,-0.0151210581845635,SPY
2011-02-23,-0.6862021995131189,-1.4274895585949596,-0.7247806145100464,-0.14153106299596985,-0.8779276530178864,-0.8894878084032767,-0.5088767830700809,-0.2849048332303546,1.807212084005083,-0.017018226069002582,-0.0006872093931642,0.0014489392264955,-0.0060996299601061,SPY
2011-02-24,-0.12940977965336542,-2.0344057592488785,-0.8691428891028599,-0.14762371013720818,-0.8797954833983659,-0.8886089744284477,-0.5632393968864752,-0.4148778972745379,2.372253571875026,0.6977472688291085,0.0106357035929045,0.0192137517041315,0.0041052666430161,SPY
2011-02-25,1.0218283102301915,-0.5929533742712284,-1.2039416142612593,-0.08398692798196171,-0.8797815679153694,-0.8869768730706274,-0.10663058745604483,-0.09501370946040014,0.13953165128356004,1.4125127637272195,0.0061776493212564,0.0010577215442575,-0.0034791094146573,SPY
2011-02-28,0.5685631574727728,0.6433805759454805,-0.8370687982553964,-0.3240328095529183,-0.8797258642786405,-0.8831895005690706,0.08772758057279836,-0.09499152986710917,0.16668420747380924,-1.4465492158652247,-0.0168133529141609,-0.0130018562110336,-0.0120968480229999,SPY
2011-03-01,-1.7690082369710252,1.1485985059408885,-0.6407561350572283,-0.11337767271435882,-0.8832106153966428,-0.8816201094669383,-0.7398458646762763,-0.9126147481778647,2.4074069708905013,-0.7317837209671136,0.0021361486196598,0.0125231813579151,0.0114124192789164,SPY
2011-03-02,0.1576503867313854,-0.871509421363631,-0.47485254928331144,-0.2757343243699633,-0.8857196701214634,-0.8812922909966621,-0.648812251507149,-0.7558222580582453,1.245111121008629,-0.017018226069002582,0.0170776030844717,0.0089533025311734,0.0161537658365844,SPY
2011-03-03,1.6767975813902063,-1.1689428724332727,-0.07691455242805356,-0.09370000535820001,-0.8862494037828572,-0.8792137607892261,0.09933706289545949,-0.20604422854649634,0.7665434641739554,0.6977472688291085,-0.0075203265669694,-0.0268039286604766,-0.002280114589567,SPY
2011-03-04,-0.8241554491467844,1.325255383858118,0.7748438599715436,-0.04909382253654691,-0.8887305719353594,-0.8780349818876084,-0.28478775486676244,-0.6113083767380316,2.53937895299132,1.4125127637272195,-0.0078819284340347,-0.0123811071118575,0.0094547921489001,SPY
2011-03-07,-0.8609207093983445,0.614588987389879,-0.09567202326233235,-0.009769490782475045,-0.8930516699944415,-0.877839707090307,-0.657849511664638,-0.8940217179362552,1.3933087123277648,-1.4465492158652247,0.0087116846547878,-0.0105552315024723,0.0181624721190614,SPY
2011-03-08,0.8262069281757219,-1.2223028369015467,-0.7697778514511264,0.012758023604102341,-0.8920063405799528,-0.8774142303527424,-0.261619737893338,-0.5550904395203317,0.6252193707122493,-0.7317837209671136,-0.0014337302070819,-0.0307904294061511,0.009300552475902,SPY
2011-03-09,-0.20531102493630052,-0.027711156246608012,0.4540552457761942,0.0018743788732640489,-0.8900966664394144,-0.8775397482510932,-0.3256545520411852,-0.7772496445733216,0.24472504356179867,-0.017018226069002582,-0.0186796281071783,-0.048042656929284,0.0138815156272951,SPY
2011-03-10,-1.9587586210859513,0.44684272693497196,0.28289248648715976,0.195757695535834,-0.8914766625248847,-0.8791649281774762,-1.1522341060497843,-1.2690718416239701,2.628072640789028,0.6977472688291085,0.0069024949816496,-0.0162149754916862,0.0300144174391121,SPY
2011-03-11,0.642260618060711,-1.5690155607800367,-1.4315372329341214,0.2275763526383739,-0.89355354488668,-0.8801972162000562,-0.8075363820583576,-1.129231695669133,1.3314802582910117,1.4125127637272195,-0.0060560528246496,-0.0194867926325574,0.01965541961727,SPY
2011-03-14,-0.6752778848442987,-0.9555127038342005,-0.7400151805600981,0.2167516034839517,-0.8978746151425991,-0.8823315630565918,-1.0341542765901561,-0.8264556868836791,1.436544275366131,-1.4465492158652247,-0.0115235132488908,0.0019482429500037,0.0226964014763284,SPY
2011-03-15,-1.2311727065268214,-0.026483158042794115,-0.6524710585916326,0.2635496958982089,-0.9011782008516038,-0.8857283790073336,-1.4786445317191967,-0.9424973812061481,3.064446726277394,-0.7317837209671136,-0.0186859577302147,0.00999689733153,0.0267178329166419,SPY
2011-03-16,-1.9594021748378059,-1.3825416180307317,-1.6226755041902992,0.4055402354582442,-0.9081895051429233,-0.8904922715758564,-2.2082368225836047,-1.2700996370980244,3.8396778002622236,-0.017018226069002582,0.0131480533304193,0.0315407852115088,0.0453278043029108,SPY
2011-03-17,1.2772672345153635,-2.3120369911874463,-2.4498573246547375,0.4892324960118126,-0.9160232408923258,-0.8946772681401273,-1.508974979747527,-1.2135337398412287,1.1986444322119,0.6977472688291085,0.0036306778407784,0.0279104190910475,0.0329401094966321,SPY
2011-03-18,0.3096041258365654,-0.49633789008875673,-0.9238352827234542,0.49278436642750506,-0.9218149038397953,-0.8988169101988972,-1.239042626722074,-1.2882482582258235,0.8845664431609042,1.4125127637272195,0.0153789827579116,0.0273310687855001,0.032951051144126,SPY
2011-03-21,1.5040932231925912,1.1460505255613422,-1.080707063783824,0.6281514202651912,-0.9233849484447879,-0.9017647791510998,-0.45173352153838287,-0.5754751160215474,-0.04767391524885669,-1.4465492158652247,-0.0034748588673645,0.0095119967405024,0.00630041693356,SPY
2011-03-22,-0.4128393405704013,1.3102353390019827,-0.052974747413171375,0.45514641190454863,-0.9271880040724454,-0.903144717805794,-0.5785707505270139,-0.6990708102171062,-0.36052890068801074,-0.7317837209671136,0.0028579301497639,0.0196827699956223,0.0155031750880905,SPY
2011-03-23,0.23103630703763842,0.7873047592868576,0.33292907716095554,0.4450112811426981,-0.9302082616506337,-0.9037004426662094,-0.430956642292603,-1.084426845641739,-0.14910850326241834,-0.017018226069002582,0.009517687209958,0.0237023350231861,0.0261852945329117,SPY
2011-03-24,0.9081558792271928,-0.13417965040150595,1.3658804669190288,0.49027888007250253,-0.9280774967592743,-0.9033247654539319,0.006354087482874544,-0.6551938241965206,-0.04151356387696282,0.6977472688291085,0.003051327535231,0.0128283704715483,0.0217631250538321,SPY
2011-03-25,0.2506996601789683,0.8220042286295494,1.1918175609870838,0.43876322066583573,-0.9266412409738184,-0.9036453285945716,0.15886920811558475,-0.38213105958735455,-0.10987530348418359,1.4125127637272195,-0.0024400892870861,0.0139916231078149,0.0176650330481971,SPY
2011-03-28,-0.30763088789263143,0.8362372712625992,1.1640398123000373,0.4191011991424725,-0.9245518054840051,-0.9047620163434144,0.07245557032595004,-0.6794477655481366,-0.7185788360975346,-1.4465492158652247,0.0066959143877554,0.0172574639310276,0.0286732887736889,SPY
2011-03-29,0.6212568844265853,-0.04379294356088275,0.3096798501789516,0.2954538918905566,-0.9191534738810866,-0.9037138264190588,0.36253748297306265,-0.4594344116251234,-0.46918946612067886,-0.7317837209671136,0.0068774951773278,0.0104113145549007,0.0284850017280717,SPY
2011-03-30,0.6397188051005388,0.22442971067275425,0.7973315882180134,0.3147949592835695,-0.9091637418700561,-0.9022234509347141,0.6515047661190373,0.2727116384339105,-0.3888324661103841,-0.017018226069002582,-0.0013562773416797,0.006681052321884,0.0248452525140852,SPY
2011-03-31,-0.1974361354152608,0.9101555109401417,0.9900551720286929,0.16206024618337986,-0.901753726322178,-0.9024354762917152,0.5922329246773077,0.06461727358824948,-0.43092663463598907,0.6977472688291085,0.0042145801714976,0.0054906033682025,0.0285499783605471,SPY
2011-04-01,0.36897141097977826,0.31755604069529053,0.4686879583498339,0.13729632155704113,-0.894207947930202,-0.9015577344422488,0.7709087414345863,0.38857247055141597,-0.1549895781410987,1.4125127637272195,0.0008257515361265,-0.0021804796434876,0.0227946779575329,SPY
2011-04-04,0.02441797230835125,0.12157933338548223,0.5244617088430298,0.09425740162674855,-0.8892801153502694,-0.8998775308749903,0.7663715308705081,0.9031171324524491,-0.8465068550496563,-1.4465492158652247,-0.0001502349883715,-0.0060213021452053,0.0183656539263683,SPY
2011-04-05,-0.07481381226842652,0.2821653204677372,0.6810469471184868,0.0561508789619573,-0.8837502608855855,-0.8990134579830862,0.7365012868034275,2.004281884106538,-0.5733501309352864,-0.7317837209671136,0.0031472329443111,-0.0133731489654111,0.0118629054835652,SPY
2011-04-06,0.2604506809714728,-0.0390623947144263,0.3527988819615209,0.057684713952710145,-0.8781504536632218,-0.8977226771040046,0.853604188801323,1.909901129376092,-0.5776755613663316,-0.017018226069002582,-0.0025467262953613,-0.0165963682536682,-0.0003741339094522,SPY
2011-04-07,-0.31847302594214955,0.1317865739762409,0.17394631926611737,-0.18602655204887586,-0.8747624714534483,-0.8949611511722536,0.659195900196392,1.6410979359910296,0.06741100667043853,0.6977472688291085,-0.0034565028401924,-0.0132892834341662,0.0065788482634872,SPY
2011-04-08,-0.4109730224519579,-0.04458273349778262,0.11686860386062112,-0.19294400660434421,-0.8725785330131769,-0.8931496421378452,0.4470269417074521,0.9856725337984176,-0.2431066197185137,1.4125127637272195,-0.0030150709655911,-0.0061911611057015,0.0139030642311892,SPY
2011-04-11,-0.36609118076025,-0.5305833727061453,-0.25093204113060374,-0.21677109839216693,-0.8705065718112016,-0.8910673207945973,0.24977982445240046,1.0201834808818135,-0.5923021060142467,-1.4465492158652247,-0.0075020818085773,-0.0144477415927646,0.0254178297971945,SPY
2011-04-12,-0.8223004440939725,-0.5650511068083544,-0.4350855682500218,-0.2789369897711762,-0.8710525147165255,-0.8886392339528227,-0.16688430225072617,0.3089268518943685,-0.07617415221472143,-0.7317837209671136,-7.598634394589965e-05,-0.0012177604970213,0.0223392624053202,SPY
2011-04-13,-0.06726470651356112,-0.8627846971220021,-0.7875799941645483,-0.6216530736328783,-0.8728863974351896,-0.8845581284222402,-0.2746194609535116,-0.17821332301260454,-0.07593617303913522,-0.017018226069002582,0.0007603585241406,0.0123982754415097,0.0271646340144053,SPY
2011-04-14,0.017769248053117158,-0.6464833411290841,-0.942121684218288,-0.743991676138976,-0.8743283667706072,-0.881571777702488,-0.31493060634261094,-0.32628943952202216,-0.08928964970210358,0.6977472688291085,0.0036416194882722,0.0167334346482475,0.0186750104048609,SPY
2011-04-15,0.31071659940025337,-0.038410666182761455,-0.7835589457105817,-0.7439462858328868,-0.8758823689506463,-0.8785735527279983,-0.22028602373395983,0.09340961576234139,0.029505971017488503,1.4125127637272195,-0.0112716514526542,0.0120450506895712,0.0086722911540171,SPY
2011-04-18,-1.2055650829788165,0.23518580553292145,-0.44322969015990543,-0.8052624707227171,-0.879662236740504,-0.8779991226121705,-0.761022085239636,-1.0921991727660776,0.5604660645532048,-1.4465492158652247,0.0057278992871658,0.0318848685806312,0.0197934795709349,SPY
2011-04-19,0.5228355809376027,-0.650307607665965,-0.8391028183656586,-0.7935107971090785,-0.8823641342027112,-0.8765840411719258,-0.5301082399213403,-1.1868640665256793,-0.5981447100321768,-0.7317837209671136,0.0135400495945852,0.0326645966356036,0.022961889919844,SPY
2011-04-20,1.3171227938537673,-0.496768255257425,-0.20477314512125222,-0.6380305598424368,-0.883148030477113,-0.8741742074317519,0.04426425721099675,-0.2677691990223479,-0.16902775547621307,-0.017018226069002582,0.0050955177308784,0.0223622930043596,0.011800913672701,SPY
2011-04-21,0.45853925226020065,1.3292440145099038,0.4480664595061048,-0.690569882332662,-0.8825040953243962,-0.8721566762517294,0.23384842449325163,-0.2244083701299742,-0.43760806469824365,0.6977472688291085,-0.0010467644704039,0.0196152237782634,-0.0012715588281722,SPY
2011-04-25,-0.16596693599985116,1.2827040179672715,0.6559216410949315,-0.6907050430192715,-0.8814120843995163,-0.8705174239074589,0.14241074373752907,-0.32153605817320835,-1.3399141495552382,-1.4465492158652247,0.0085681664384056,0.0191212680171508,-0.0118934504380883,SPY
2011-04-26,0.8116149554656409,0.20919029922735988,0.43113061206554604,-0.6496961838947289,-0.8781502034347567,-0.8678484225581704,0.4810483316121789,0.05549147949969127,-0.2524705482619015,-0.7317837209671136,0.0065076273421382,0.0069498290837071,-0.0212945739805006,SPY
2011-04-27,0.6021131164745698,0.46475919941938626,1.3823780181645458,-0.6515690653482145,-0.8722703488547915,-0.86517938642782,0.7234054464338852,0.17845486283133138,-0.29909215927724897,-0.017018226069002582,0.0032377459633412,-0.0062107816896057,-0.02447325264602,SPY
2011-04-28,0.2696534395960434,1.0207231824638654,1.419763154148548,-0.6779475440629515,-0.8657605580145937,-0.8628396087037338,0.8184053374436745,0.4200250394887741,-0.5336619460958407,0.6977472688291085,0.0023484485047822,-0.0185383341016533,-0.0231141491706061,SPY
2011-04-29,0.179235619659654,0.6284319335908041,0.9258050109903314,-0.6840788995589935,-0.8589427359334062,-0.8601495856802704,0.8619037975367222,0.6848109446621156,-0.6629470146269967,1.4125127637272195,-0.0015407202315165,-0.0164805267288574,-0.0216353962397191,SPY
2011-05-02,-0.21618905530871696,0.32233798321194224,0.794092991754716,-0.6846860665508153,-0.8530908930399919,-0.8579989891113348,0.7327333810486271,0.7706143461757463,-0.5068392379364052,-1.4465492158652247,-0.0036032724950381,-0.0110720933698313,-0.0097375400459664,SPY
2011-05-03,-0.4258955796865956,-0.02933229871939539,0.7704096021658556,-0.6636807898156397,-0.8458530902826806,-0.8562686729892266,0.5162413868978997,1.013981701675152,-0.3455993327050852,-0.7317837209671136,-0.0066529834311745,0.0010308737256208,-0.0288510710937011,SPY
2011-05-04,-0.7359697979672094,-0.46734803779395384,0.1868331914595925,-0.6122416319543742,-0.8409252159980032,-0.8551548164188707,0.1717904342031982,0.5980421339511925,0.23419192692645685,-0.017018226069002582,-0.0090898064487063,-0.0028967920436562,-0.0232601719992739,SPY
2011-05-05,-0.9837296703197757,-0.8435840447925272,-0.44417042609042157,-0.5400635457662182,-0.8402113141860259,-0.8551898409488085,-0.25577070190377843,0.11410166786212185,0.804998804574778,0.6977472688291085,0.0044062558775781,0.0109423996701893,-0.0241654157832984,SPY
2011-05-06,0.38845971527185347,-1.2473644344892612,-1.0352319126373237,-0.5306175907369824,-0.8396233050953406,-0.8545733883532682,-0.0640904214717442,0.13923030035229453,0.729760995971963,1.4125127637272195,0.0038677131275095,-0.0011931212927924,-0.0392088475807002,SPY
2011-05-09,0.33370428902487737,-0.43346188771798916,-0.936567502693039,-0.5345455593076719,-0.8381112995927553,-0.8532703645401868,0.08557800297023893,0.8126501008511574,-0.7216332113373439,-1.4465492158652247,0.0084996946004141,-0.0114219341828736,-0.0436967602580633,SPY
2011-05-10,0.8046531967665201,0.520144222837382,-0.6772527130068318,-0.49950779126982203,-0.8365993079917519,-0.8508815663866126,0.42829082400129953,0.8821961149881247,-0.704145092156328,-0.7317837209671136,-0.0105806492004516,-0.0200720918190242,-0.0563923710785712,SPY
2011-05-11,-1.135308593866013,0.8214000423883235,-0.09695927892051481,-0.44675099148295894,-0.8383212829800263,-0.8488010049651278,-0.12494636104323514,-0.05700966944839951,0.3302694309969691,-0.017018226069002582,0.0047493852651392,-0.0005951329824975,-0.0382093432208741,SPY
2011-05-12,0.423346817310417,-0.2419243479334127,-0.2852766261645204,-0.43806566132150143,-0.8397631967091183,-0.8462650898733902,0.03528252580776199,-0.06766981969045677,0.021661631833011678,0.6977472688291085,-0.0077292650854037,-0.0029654449001945,-0.0569670076255421,SPY
2011-05-13,-0.8453989207835755,-0.5179276275391396,0.3782624895969375,-0.3752872749009884,-0.8431091544382747,-0.8445278036263566,-0.3714779069510582,-0.35480993251168336,-0.17642043051013412,1.4125127637272195,-0.0063610997625715,-0.0032131345847856,-0.048454158205943,SPY
2011-05-16,-0.7062930180145455,-0.30808057311976483,-0.20359178452410448,-0.34368173368112076,-0.8473509439753851,-0.8437221490070276,-0.6881701831257909,-0.9326274506516676,-0.4007822592775783,-1.4465492158652247,-0.0001504630357365,-0.0085206909025341,-0.029486913806302,SPY
2011-05-17,-0.07483699859982453,-1.1257545385218095,-0.6940263128342781,-0.4572611360499449,-0.8509348689752009,-0.8418937850697309,-0.7402646329744619,-1.257707331051537,0.28338830075515414,-0.7317837209671136,0.008896309636075,-0.0092031849708043,-0.0472820694792277,SPY
2011-05-18,0.844978361910431,-0.5679940888661482,-1.1087700397635218,-0.424897554287,-0.8515928447251473,-0.8397571704879203,-0.3783706632576188,-0.9815016248442174,-0.4847182763368855,-0.017018226069002582,0.0023790733474422,-0.0147705459302605,-0.053976075107462,SPY
2011-05-19,0.1823493489102683,0.5548719618632451,-0.17492041101810726,-0.559249204178318,-0.8500947964103026,-0.8386503327359776,-0.2944077174416311,-0.981498227520798,-0.6763593882556801,0.6977472688291085,-0.0079769547699948,-0.0125527698389475,-0.053375610522024,SPY
2011-05-20,-0.8705823519132996,0.7410326956119331,-0.28856828196811374,-0.520055406812785,-0.8509208005748092,-0.838769423093978,-0.6639643422730112,-1.1762990022129283,0.21252315389332962,1.4125127637272195,-0.01166865608032,-0.0007486136332834,-0.0402956773287481,SPY
2011-05-23,-1.2459298592330579,-0.5007518873092643,-0.3004441051877882,-0.413342455200834,-0.8546447840073799,-0.8398762747583458,-1.1765773156133188,-1.3794931275721225,0.011968820213278258,-1.4465492158652247,-0.0008329571040066,0.0212771784092726,-0.015016152566865,SPY
2011-05-24,-0.1442284324542435,-1.5345917779571383,-0.5549222061313284,-0.4860375682256136,-0.8601326000898651,-0.8418657376209309,-1.1663530286887487,-1.2315442171858944,-0.29056051706807096,-0.7317837209671136,0.0033289486766188,-0.0006066680294933,-0.0202267187165494,SPY
2011-05-25,0.2789263217205537,-1.008830671596596,-0.5876453246440504,-0.5190081663868235,-0.8630024842618893,-0.8441634580842421,-0.9565732029082336,-0.8144468525355973,-0.21551093719304992,-0.017018226069002582,0.0045968494387551,-0.0049977010428596,-0.026435560807819,SPY
2011-05-26,0.4078379943051269,0.09491510750782012,-0.8545801171194364,-0.5070392544252825,-0.8659144346192748,-0.8463420881895529,-0.6898054906325232,-0.8081539080735642,-0.011096165523255961,0.6977472688291085,0.0038272014356692,-0.0195896007143456,-0.0427137176704128,SPY
2011-05-27,0.32958533105093896,0.4945206545305269,-0.748245786544734,-0.496402881393514,-0.8666563898225474,-0.8483876389935251,-0.4607174862080479,-0.8113225541572077,-0.6202060665954102,1.4125127637272195,0.010357135962236,-0.0340539780698385,-0.037669198263317,SPY
2011-05-31,0.9935054159865665,0.5311894685606261,-0.18227925230123526,-0.3949920425327353,-0.8642625653060746,-0.8493123422335795,0.04889658705553345,-0.7372756052655242,0.026404864890925177,-0.7317837209671136,-0.0227168035427727,-0.0450313135819282,-0.0350579987661481,SPY
2011-06-01,-2.3692316276980248,0.9551166249142131,0.8737776965480045,-0.06358936192846631,-0.8660825047385802,-0.8520163820252303,-0.945222949975215,-1.0922479999954409,1.0119692675505678,-0.017018226069002582,-0.0010620843367474,-0.0265104262592492,-0.003813510189258,SPY
2011-06-02,-0.16752455758435528,-0.9983842127396731,-0.1754734747404779,-0.08210486038059718,-0.8697643802810446,-0.8541880002683414,-0.9407267500829304,-1.3149350820959367,0.5325077513215555,0.6977472688291085,-0.0099950502327308,-0.0178459632652563,0.0067654398401506,SPY
2011-06-03,-1.0757688060158244,-1.838779489847858,-0.3860076029767024,-0.07227437837950992,-0.8757283672317332,-0.8564227113588275,-1.3458480904980632,-1.363508275557644,0.9989745493540932,1.4125127637272195,-0.0106371759198236,-0.0218591921720543,0.0314281137843615,SPY
2011-06-06,-1.1410558527663746,-0.9025245513871086,-1.0856363389245554,-0.04267333796955121,-0.8821261808336337,-0.860037437622345,-1.742944835205581,-1.4530060805377043,0.251505030327865,-1.4465492158652247,-0.0006201995498535,-0.0104384319180352,0.0412440459750387,SPY
2011-06-07,-0.12259666679880916,-1.607201537521768,-1.7791508417189459,-0.0639433709133253,-0.8864660738307889,-0.8640725208510271,-1.6727269568892142,-1.4626771161171546,-0.005140026328774549,-0.7317837209671136,-0.0041959162200937,0.0027879122688876,0.0430591289452788,SPY
2011-06-08,-0.4861516313628674,-0.9172612411439413,-2.3054743185316586,-0.1418582444105572,-0.8914079748111134,-0.8692914471040276,-1.7359068117887104,-1.9445919442658581,0.5632591428192186,-0.017018226069002582,0.0076023786572454,-0.0109617902196808,0.0575768774778309,SPY
2011-06-09,0.713420110924865,-0.44321799751178964,-1.4174648558899148,-0.12051015520459567,-0.8955938521877735,-0.8728220797146323,-1.3019101360347256,-1.7145776149196568,0.0411271431485685,0.6977472688291085,-0.0140082791395288,-0.0163618648690855,0.0428574241968808,SPY
2011-06-10,-1.483807089681177,0.16192103212176165,-1.00203523886755,-0.06517525492468802,-0.9031536572753971,-0.8780620415542333,-1.8118046030208659,-1.8122551291651583,1.961338458896857,1.4125127637272195,0.0007835843341954,0.0006259522033236,0.0386196822449358,SPY
2011-06-13,0.02013069313676165,-0.5602178914524444,-1.1944550286375635,-0.07439922503615533,-0.9112874030533132,-0.8825033536804923,-1.6668809365784947,-1.5570127435072612,1.2944623292862956,-1.4465492158652247,0.0126061446370693,0.0049453462924091,0.0335076996095144,SPY
2011-06-14,1.2221695816595013,-1.062045721604149,-0.646870941577489,0.04628225527629507,-0.9190991186977546,-0.885214412290556,-1.0216785166704838,-1.0536232306069537,0.16806391757512046,-0.7317837209671136,-0.0179456187086621,0.0059500703369028,0.024244589596349,SPY
2011-06-15,-1.8841294528724315,0.8966375736817429,-0.01271564493778322,0.19456495067806046,-0.9258889707971356,-0.8895226659841142,-1.7362372670835897,-1.5230206695676907,3.2750448731480115,-0.017018226069002582,0.0022023040078407,0.0178521657918739,0.0352637566922702,SPY
2011-06-16,0.16437662430104522,-0.48173444902270296,-0.671964076486005,0.13269641290268044,-0.9320907999042501,-0.8944683730787515,-1.5130964672337426,-1.6117538144562134,3.0581618174291654,0.6977472688291085,0.0029795379328803,0.0127699683693824,0.0388495652492055,SPY
2011-06-17,0.24340057338165683,-1.2474030585833915,-0.9308780963219369,0.13643374898076763,-0.9359267605751174,-0.8993721689930751,-1.2538991630461171,-1.647802270914747,1.4685140278013424,1.4125127637272195,0.005102978423281,-0.0018908769873364,0.0276348278110774,SPY
2011-06-20,0.45929780558312605,0.2925797383039267,-0.11637379924897186,0.15010818280877783,-0.9369163724512956,-0.903068762921506,-0.9253698703617564,-1.8640172179875203,-0.014089679311640887,-1.4465492158652247,0.013610868681563,0.0018778654321476,0.0386331577751706,SPY
2011-06-21,1.3243232051366174,0.506054302708429,0.09072550205123825,0.21749138522551786,-0.9353319119063763,-0.9044475538011375,-0.25606012626427815,-0.8819803298031499,0.6478650743175502,-0.7317837209671136,-0.006043523253691,0.0012353322099896,0.0244194071568006,SPY
2011-06-22,-0.6740039618392216,1.2884650029699178,0.13889838077511976,0.2322802611447139,-0.934088860299424,-0.9062984210858717,-0.4913416793279554,-1.005928677358885,0.2988896397685967,-0.017018226069002582,-0.0028798934146507,0.015806540497798,0.0442387423503944,SPY
2011-06-23,-0.3523472311484112,0.46814039933304813,0.7095607472772677,0.22270592616043436,-0.9347383838878699,-0.9087180074359712,-0.5636266709112078,-0.8212295557195566,3.0995216550719022,0.6977472688291085,-0.0116813074238386,0.02820329960511,0.0477875031504702,SPY
2011-06-24,-1.2472161632578909,-0.7454940011527893,0.4658877890891535,0.2552496735981419,-0.9349642011763721,-0.9126138551152531,-1.0059960804647399,-0.8457905085997244,1.0837790876075075,1.4125127637272195,0.0088717208427651,0.0545522307404287,0.053880582435684,SPY
2011-06-27,0.8424783378020183,-1.1604056208514693,-0.23704664273753961,0.30088010720729763,-0.9337402086375395,-0.9160714266259697,-0.5055843522803338,-0.5520898648608433,0.03223827779982774,-1.4465492158652247,0.012968335459405,0.0448592661685172,0.0412658772521821,SPY
2011-06-28,1.2589947229453284,-0.29554787559818135,-0.05634909448005992,0.3382425275500448,-0.9324346555205463,-0.9193270453753859,0.18879201617187033,-0.09714351124091745,-0.03257413851195215,-0.7317837209671136,0.0085276850341173,0.0330858141294987,0.0076091608425503,SPY
2011-06-29,0.8074990769274937,1.5185377553905774,-0.08715623516382828,0.1266862698022767,-0.9263474866569414,-0.9196786610486253,0.6037358094852455,-0.07322372438072204,1.362457407407507,-0.017018226069002582,0.0095168656926611,0.0348799614078396,-0.0038325097183253,SPY
2011-06-30,0.9080723528409305,1.493218507563347,0.6114804238829163,0.17723697813877806,-0.9188937645370947,-0.9190522262881468,1.043906897165631,0.576256969231934,0.9491734221014696,0.6977472688291085,0.01466762371148,0.0182460210914738,-0.0202071935905996,SPY
2011-07-01,1.4317669913436932,1.239208267362328,1.2058601207942699,0.21557939958173192,-0.9092284398299612,-0.9161352707442947,1.6775486525809014,0.8042577510125789,0.5449481393067718,1.4125127637272195,-0.0008212437291463,-0.01466762371148,-0.0391367637410668,SPY
2011-07-05,-0.1430374948115315,1.6910758494816327,2.469195930305269,0.13127135482399632,-0.90063225794628,-0.9123290190820139,1.5350148756210957,0.5785541219087611,-0.12566382139755133,-0.7317837209671136,0.0011948834203865,-0.0181747782835595,-0.0641948148319366,SPY
2011-07-06,0.061948834364206874,0.9302447152326542,2.00445338795587,0.1274269520949896,-0.8942730629375492,-0.9083540931790318,1.486617068778171,1.3298916129352707,-0.5403830055124946,-0.017018226069002582,0.0103218323124583,-0.0160266270800422,-0.0599858111739681,SPY
2011-07-07,0.9899159769097139,-0.06127896273228687,1.4399590072895077,0.13665575507067393,-0.884860955535887,-0.9030223580279181,1.847730263286753,1.432107581735981,-0.056953725588562244,0.6977472688291085,-0.0071170746237045,-0.0332749110052414,-0.1182816344648118,SPY
2011-07-08,-0.7831554876106234,0.758793531941932,1.5259818707075439,0.17499082330596102,-0.8762788142494349,-0.8990529553576613,1.3943127954982333,1.076186632022487,0.3726761457520293,1.4125127637272195,-0.0182460210914738,-0.0203697238167608,-0.1126623707571123,SPY
2011-07-11,-1.9146723587315606,0.1470766107439674,0.7284446823103392,0.2607175049692731,-0.8690192138124653,-0.8955333205190192,0.4244281107607089,0.33269002577842205,0.3958962688512909,-1.4465492158652247,-0.0043283983012258,-0.0103589022305348,-0.1617569607110311,SPY
2011-07-12,-0.49962152362592466,-1.9553689546437545,-0.8496453695233396,0.28056640460382687,-0.8641513665563375,-0.8924850247269541,0.14005032836044556,-0.07418095505728181,0.7258383025361074,-0.7317837209671136,0.0033430346239038,0.0100708044580652,-0.1119779613915401,SPY
2011-07-13,0.28035848666490465,-1.7501368679133567,-1.0178007279947592,0.2141422376803239,-0.8610139603515659,-0.8902618122557305,0.24100912485641923,0.18657038048449004,0.5177396472166472,-0.017018226069002582,-0.0069264516127409,0.0061248878973545,-0.1605041439942587,SPY
2011-07-14,-0.7637742143199434,-0.16129454896415585,-0.9148046586016493,0.0351887518502314,-0.8607185378449194,-0.8870680272792275,-0.1680665097441172,0.05626442260118541,0.9173526456082757,0.6977472688291085,0.005788112564776,0.0268271514499982,-0.1096723683088587,SPY
2011-07-15,0.528957664432096,-0.35249777260867293,-1.7417973978292671,0.04455186381865716,-0.8611124252527276,-0.8835353564983602,0.014171345799206684,0.5524733421861573,0.7795306930875208,1.4125127637272195,-0.0082351995052478,0.0217079062706471,-0.1087494487728264,SPY
2011-07-18,-0.8968389500255467,-0.1725527413482301,-1.123040416002539,0.10216653382780155,-0.865769218699815,-0.8810291374777852,-0.4364296351286427,0.09228510821457034,0.3386726894182044,-1.4465492158652247,0.0161013083873742,0.0243548776372701,-0.0795702367354795,SPY
2011-07-19,1.5775344638838864,-0.2688697856814571,-0.6430577811262175,0.21497838773449712,-0.8672886893516202,-0.8774880218549433,0.23126409233518064,0.16736778363963217,-0.23519136615640543,-0.7317837209671136,-0.0006028819368069,0.0045105849091591,-0.1042476153666021,SPY
2011-07-20,-0.12083592768603495,0.490127837122498,0.3364726561794161,0.1353258191713944,-0.8691457877112474,-0.8752352176557443,0.14502775136491294,-0.046421053999052005,-0.844863986539319,-0.017018226069002582,0.0137758119399027,-0.0155749141042607,-0.1029762826887319,SPY
2011-07-21,1.3410935328697544,1.051826750880958,0.14728024959233144,0.1841504153669435,-0.8703697385453357,-0.8711379458873117,0.695469531970123,0.06047207689101546,1.2207288209316882,0.6977472688291085,0.0006688673854249,-0.0322647115709218,-0.16082768553954,SPY
2011-07-22,0.008467040758410762,0.8806822961618506,1.139878801301015,0.17041842036322452,-0.8701165351414458,-0.8667168276459405,0.613606763261969,-0.30956397740645997,-1.0709923289281555,1.4125127637272195,-0.0055882281386248,-0.0397913971359598,-0.1779621208178463,SPY
2011-07-25,-0.627712598543661,0.9742764379759172,0.8944295373621127,0.09123745037084084,-0.8674996458495906,-0.8617747308255906,0.22131835193964317,-0.4632533254174291,-0.8751000890232129,-1.4465492158652247,-0.0037429843407368,-0.0384651154363222,-0.1715748911430585,SPY
2011-07-26,-0.4401005460741471,-0.4508162917944771,1.021342226800308,0.08845592782396554,-0.8647842777549924,-0.8579801656003098,-0.05166850472889733,-0.6104680806190832,-0.9920885904200938,-0.7317837209671136,-0.0206883809502267,-0.0606014259156015,-0.1354513598526745,SPY
2011-07-27,-2.162995180081369,-0.775505653842951,0.06988026847301412,0.2820028696363592,-0.8665288706162291,-0.8572832157137193,-1.033808863744245,-1.4356247715981434,1.2564113499983973,-0.017018226069002582,-0.0029139855267583,-0.0345091578870198,-0.1007768606803702,SPY
2011-07-28,-0.3558134891750462,-1.886798436907276,-0.8931466575618797,0.24821314061408442,-0.8675277826503741,-0.857635234847283,-1.1594058822280833,-1.3512869945467434,0.43896289732781446,0.6977472688291085,-0.006857818179613,-0.0795691633386468,-0.1132242294874252,SPY
2011-07-29,-0.7567960257077435,-1.825788431867112,-1.6933619939956357,0.21322542222443638,-0.8708480919618201,-0.8594937817906174,-1.4284036463414844,-1.091187616677815,2.2257651566697314,1.4125127637272195,-0.0042619464389872,-0.0742091560750388,-0.0919368535551417,SPY
2011-08-01,-0.4928651425562391,-0.807930878737447,-2.054239304441687,0.06673517905524513,-0.8734227204461744,-0.8631123131023724,-1.5344932968612202,-1.0874158434513224,2.4091258235652933,-1.4465492158652247,-0.0258792948200161,-0.1372878206814443,-0.0593438853057977,SPY
2011-08-02,-2.690772597037504,-0.9071337975623373,-1.9906489008671997,0.36733049992004535,-0.8836086871804565,-0.8689695970640763,-2.5602677139433223,-1.7015105119758736,2.5671872965933065,-0.7317837209671136,0.005403887078355,-0.0659579248431629,-0.0308313152064245,SPY
2011-08-03,0.48989218582105964,-2.3070156383252547,-3.0520048084486433,0.39514700397739977,-0.892725455484961,-0.8744608103429659,-2.185492514371544,-1.4061216427546994,2.726731699307987,-0.017018226069002582,-0.0479739909783853,-0.1165449599003327,-0.0318073502525537,SPY
2011-08-04,-4.937213582075043,-1.595660517344579,-1.8009750652465943,1.132844421056908,-0.9127457067468928,-0.8850911968985429,-4.045350966518622,-2.1654687053700856,4.1038453734295555,0.6977472688291085,-0.001497810916005,-0.0246656448492883,0.0056387267427018,SPY
2011-08-05,-0.2118263229898827,-3.22171534547383,-3.961439114867812,1.1391946496521907,-0.9331457909178225,-0.8951724948204296,-3.872795207060094,-2.10220682511825,4.457240409519176,1.4125127637272195,-0.0673406110453926,-0.0164568018324748,-0.0187451254513524,SPY
2011-08-08,-6.906282029467842,-3.7296444550474077,-3.7044461810528087,2.279633717135078,-0.9634927346226995,-0.9090483370989605,-6.383768687236918,-2.9400732027581835,3.9997927816212835,-1.4465492158652247,0.0454506010182651,0.0718278217450167,0.0412708911873478,SPY
2011-08-09,4.561574315589181,-5.154927058563708,-6.728839671784903,2.9801562491463307,-0.9857921918623387,-0.9188480197139957,-4.2554589518520425,-1.994511667625178,3.528897842915227,-0.7317837209671136,-0.0451831479788147,0.0178011504830033,0.0236370738429529,SPY
2011-08-10,-4.653459324849574,-1.699767894955835,-3.3088295302577517,3.295871599216718,-1.0115525451062728,-0.9326112200435129,-5.836822912283718,-2.4830276425929467,2.834814485795996,-0.017018226069002582,0.043905324072659,0.0636527492028813,0.0583744369717225,SPY
2011-08-11,4.404460887146389,-0.06909374853372537,-5.73429463001835,3.840607320435644,-1.0296875195030497,-0.9421856257167354,-3.749530632831921,-1.835610302126179,1.6171844748991573,0.6977472688291085,0.0067110321008083,-0.024328165780683,-0.0120902301179182,SPY
2011-08-12,0.6227939524160543,-0.18281810211565228,-1.3290142692625189,3.8449738577618815,-1.045458863618187,-0.9517388984163818,-3.2217406906307344,-1.712224597607668,0.4835607640119695,1.4125127637272195,0.0209440125320989,-0.0475047657743727,-0.0123516493938016,SPY
2011-08-15,2.069908244050126,3.636323897640548,-0.9354299798454083,3.9738810660134707,-1.0569391231885163,-0.9587718240278666,-2.1128362285638365,-1.4256860395248496,0.1161394467949721,-1.4465492158652247,-0.0085760702437482,-0.0676497767703088,-0.02416662300908,SPY
2011-08-16,-0.9314964077284559,1.946490680515047,3.2974979450806448,3.8918470071462345,-1.0652398408608066,-0.9680223762719368,-2.262587181274914,-1.3333059209982703,0.33277191292585084,-0.7317837209671136,0.0006684507410632,-0.0266931595769133,-0.0018411469548338,SPY
2011-08-17,0.008424679145306924,0.8214393832580517,0.7071147479994031,3.8945013760848903,-1.0743847042613501,-0.977160314391844,-1.9977493949710443,-1.3035002855458198,-0.037150268130424886,-0.017018226069002582,-0.0440755909109054,-0.013375492095899,0.0146000929944642,SPY
2011-08-18,-4.540850327070846,-0.6707366080763252,2.905532827604359,4.089349628872466,-1.0824743820261815,-0.9912262421331501,-3.5953237357070105,-1.5263395856876545,1.6716459135695232,0.6977472688291085,-0.0164655678928813,0.0153387444811929,0.0645770593149386,SPY
2011-08-19,-1.7336477812225217,-3.2833168654988625,-1.312833370305369,4.085557087793346,-1.0929417862762072,-1.006672025054601,-3.9219755873169317,-1.5866238173628933,1.0978228122802225,1.4125127637272195,0.0007990015361629,0.0462338701267448,0.0710354382701448,SPY
2011-08-22,0.0216982111567492,-4.544291604652667,-2.424067392071559,4.101237306873399,-1.0922805297530473,-1.0215264464389993,-3.5101938768131316,-1.4204300178981077,0.11949285457052711,-1.4465492158652247,0.0323805469496472,0.0737658904009386,0.069072175613269,SPY
2011-08-23,3.232698601438286,-1.2417547792594643,-3.3899477021098394,4.4007523762505665,-1.0937437129017036,-1.0334170343635074,-1.7562943474263288,-1.1448609805541337,0.4553158240937352,-0.7317837209671136,0.0139861182220775,0.0440186187306483,0.0067906417588181,SPY
2011-08-24,1.3624760695791078,2.353065457495111,-1.4262262565938078,4.433259393580577,-1.0855977893384678,-1.0422311190542628,-0.8754990740790974,-0.6355809786071683,-0.09199981347879783,-0.017018226069002582,-0.0153613543338133,0.0344603525407967,-0.0400537969727095,SPY
2011-08-25,-1.6213787290688029,3.323568722284879,-0.7876923387843933,4.450492905203792,-1.0870750408875156,-1.0520448810433987,-1.3140478948203766,-0.7489481521845857,0.3194296255751196,0.6977472688291085,0.0144295577526705,0.0392937928914802,-0.018685456826887,SPY
2011-08-26,1.4075620363092993,-0.18998713427010633,0.5890512992900155,4.519390062315642,-1.0872861085981373,-1.0600423202990754,-0.4241418701689922,0.02690389024065142,0.32128893510716533,1.4125127637272195,0.0283310218103567,-0.0010174279712495,-0.0096131931792822,SPY
2011-08-29,2.8209699595218325,-0.1573522890323279,2.0703606688017606,4.702886130863249,-1.0862450191659803,-1.0652659767765758,1.0706075269614,-0.11354787620919564,-0.46589758776088624,-1.4465492158652247,0.0026332752793569,-0.0366730441882987,-0.026822666314513,SPY
2011-08-30,0.2081949018083831,3.05817955953557,3.3904213172562643,4.60845429112541,-1.0833045844682758,-1.0679482088420391,1.2760669391039614,0.5329989642123453,-0.15065865251002727,-0.7317837209671136,0.0044278520322258,-0.0114895357937854,-0.0500855626467942,SPY
2011-08-31,0.3906554678892265,2.1900344656985498,1.9641473882179945,4.606201034024134,-1.079716961647803,-1.0707289965262028,1.5728318471952318,0.14867277151487104,0.22407912829799312,-0.017018226069002582,-0.0105279139831298,-0.0263631726760564,-0.046640860520819,SPY
2011-09-01,-1.1299468295449553,0.4308853764000177,1.5058631453975417,4.212747167837317,-1.0706705492468398,-1.0702502560695255,1.048346457867353,-0.11924176193231108,-0.0874886115831207,0.6977472688291085,-0.0258816631100593,-0.0423946017099083,-0.0614200772943149,SPY
2011-09-02,-2.691013388935223,-0.5377097647503164,1.7376091030151128,4.335113300041936,-1.0633404677920968,-1.0718201410627455,-0.1391959211720377,-0.8023687445627657,-0.09253027329911007,1.4125127637272195,-0.0073245944066924,-0.010063325774924,-0.0644087507706308,SPY
2011-09-06,-0.8042547117125818,-2.76833258400556,-0.19516792613466283,3.4219472649050497,-1.057347065095135,-1.068490216051404,-0.576262332412501,-0.7839319452408895,0.09530556300186975,-0.7317837209671136,0.0278167836738703,0.0063903075485889,-0.035398134726984,SPY
2011-09-07,2.7686856638885207,-2.5325849083655867,-1.9047255755832964,3.1453184286942633,-1.0519305363221447,-1.066512001384432,0.6811037750406267,-0.4008948185001928,-0.3959159282908215,-0.017018226069002582,-0.0104457848500452,-0.0076770703147834,-0.0448690650890615,SPY
2011-09-08,-1.1215964883904805,1.4193417454424935,-0.6972675652177963,2.6422452195598316,-1.0505799142782046,-1.0617600248079213,0.04858287310494537,0.0982248165698793,-0.14116601674914242,0.6977472688291085,-0.0265593430169817,0.0198784052256231,-0.0164936752257078,SPY
2011-09-09,-2.759915351050246,1.1896383472356677,-1.4104045799428229,2.362302390315789,-1.0510864044954729,-1.0627526693754636,-1.1617410292762076,-0.07761167998338656,0.6974852492069237,1.4125127637272195,0.0064496128249249,0.0523391236521737,0.0033470382091129,SPY
2011-09-12,0.5962145882367982,-2.8121620263411247,-2.1790535346987805,2.361275485202469,-1.0529153521527346,-1.063773472691206,-0.83556552097575,-0.01066037978086012,0.21189533307328606,-1.4465492158652247,0.0091290389168205,0.0358823218895736,0.02979622560518,SPY
2011-09-13,0.8686407191991491,-1.5687485498384097,-0.6288859606867565,2.2570372172101223,-1.05800837722462,-1.0658010208172286,-0.35347255106381525,-0.30046373753252115,-0.009766493249749202,-0.7317837209671136,0.0137494058104978,0.0255890218520402,0.0216700004432501,SPY
2011-09-14,1.338408734177517,1.0577309154425953,0.16000616049286415,2.2973207937189737,-1.0612583028293632,-1.0659558869761168,0.2991946724735069,-0.3016761400437401,0.2806170434653103,-0.017018226069002582,0.0171096906903613,-0.0180613708632613,0.0166543117353805,SPY
2011-09-15,1.6800600346262886,1.594957747776232,-0.5144736546256627,2.374761116453543,-1.0623697620666428,-1.0647168394493982,1.0824685628290607,0.18838750068562682,0.31537978529112737,0.6977472688291085,0.0059013754095689,-0.0680293820630728,-0.0024449545320557,SPY
2011-09-16,0.5404734732398283,2.1822922490053323,0.8067115888864521,1.7560837196548311,-1.0606692511200724,-1.0593391863395718,1.21149624661957,0.0867446317331393,0.024495484205945106,1.4125127637272195,-0.0100071889376751,-0.0679237716606326,0.0086033915141463,SPY
2011-09-19,-1.0770029883778127,1.6047179916692904,2.363085461515608,1.6869000653003428,-1.05633262499455,-1.0535012823858931,0.5624875570452309,-0.5303900160966296,-0.25066185598189866,-1.4465492158652247,-0.0011642611207127,-0.0344147613226821,-0.00066490415713,SPY
2011-09-20,-0.17791320984613493,-0.3909434434062219,1.574041425158155,1.69160409994661,-1.0509839637420268,-1.047825826862728,0.3457014499190958,-0.5989088424552812,-0.39954248270194437,-0.7317837209671136,-0.0299009869048036,-0.0221289515268434,0.0198564016982913,SPY
2011-09-21,-3.0996713600578567,-0.9109375773612631,1.0805149717064573,1.7180825041564167,-1.0552842650353123,-1.0472672777800376,-1.0695779829532406,-1.1113055492609116,0.2307571484188058,-0.017018226069002582,-0.0328583205094501,-0.0128575856749639,0.0378577639682973,SPY
2011-09-22,-3.400353268887376,-2.375017734988776,-1.0123632529643227,1.969177846457623,-1.063157411768026,-1.050531083991566,-2.473064490346965,-1.3437196997099852,1.4906591534655882,0.6977472688291085,0.006006985812009,0.0278732889926871,0.0750818495322764,SPY
2011-09-23,0.5512112328716974,-4.70753581637232,-3.4081484009300596,1.927644951292992,-1.065679381061981,-1.0520464948846986,-2.1630143626153995,-0.946152454310225,0.12403272114177745,1.4125127637272195,0.0235018214002753,-0.0034408275759476,0.0878842769795822,SPY
2011-09-26,2.3299691488110836,-2.0648956105059852,-3.4030847646643467,2.0348315306194116,-1.065438313738666,-1.0528410543450903,-1.0706975932423857,-0.48556180986760583,-0.1872929525134862,-1.4465492158652247,0.0111215486751259,-0.0558129855625981,0.0765691821460263,SPY
2011-09-27,1.0712257899356397,2.082917973780163,-1.7964490919002682,1.8184557854402263,-1.0648641645246515,-1.055102254692776,-0.4919816852665309,-0.7446366057129511,0.13810179639373726,-0.7317837209671136,-0.0206296210529242,-0.0452485126007697,0.0458121535891518,SPY
2011-09-28,-2.1570208665795776,2.459323224059716,-1.20738901260471,1.9202806042293532,-1.0699773051848445,-1.0592870495268845,-1.330400742983383,-0.8751399727058916,-0.04211274315249117,-0.017018226069002582,0.0078725541582009,-0.0062730382360527,0.0765492985176656,SPY
2011-09-29,0.740889749527231,-0.7885216233631451,-0.7628606018086963,1.9382502065709581,-1.0767016669341802,-1.0632080160895034,-0.8591021051293007,-0.36913772379449983,0.016377745688966907,0.6977472688291085,-0.0253071307566257,0.0037840126190546,0.1029186596680142,SPY
2011-09-30,-2.6325987804367745,-1.027630737285502,1.190037307259581,2.072457038820756,-1.0885383908551491,-1.0682800758279907,-1.878409520251588,-0.830155278948811,-0.06363298290352969,1.4125127637272195,-0.0288703365863751,0.0223725137935195,0.1279926771491819,SPY
2011-10-03,-2.994881726384494,-1.3718711460609008,-0.31136115938753334,2.114706639535801,-1.1032175711280108,-1.0734553866286156,-3.0296888908999033,-1.2909077615286906,0.44185505885120335,-1.4465492158652247,0.0216860216369543,0.0841416506008867,0.132461908427568,SPY
2011-10-04,2.1453507689199145,-4.075956980344371,-2.8224164377254026,2.27438396168479,-1.1142906255755367,-1.07631981581188,-1.983534194536226,-1.180158389218439,1.0518984616950309,-0.7317837209671136,0.0183458533117928,0.0634584427188231,0.0824911395664784,SPY
2011-10-05,1.8057447852583215,-0.61750515141302,-2.315888224768839,2.1396378043537267,-1.11741596520764,-1.0800355323684734,-1.0428781077806,-1.1759798793287457,-0.15111369080714418,-0.017018226069002582,0.0179296050133084,0.0538463065096586,0.08032483792178,SPY
2011-10-06,1.7634234412142533,2.8573610789017896,-0.44715540199320325,2.2250566189367587,-1.1122824865338372,-1.0814064349031298,-0.16910925015043127,-0.9999273704930518,-0.33921070539474457,0.6977472688291085,-0.0067186295821608,0.0339271259192752,0.0804587282775761,SPY
2011-10-07,-0.7426442597035717,2.5809083346068333,0.03504375887900448,2.0380577083438083,-1.109213740239674,-1.0811328331530787,-0.49164347971178046,-0.9616818438397546,0.028187274330908556,1.4125127637272195,0.032898800220992,0.0575954769572071,0.0810595702506979,SPY
2011-10-10,3.2853911291396796,0.7362926344339897,0.9262950608098419,2.322601512118626,-1.1044903582176093,-1.0786486722823412,0.9970432651144656,-0.5239285698428003,-0.5400003893655151,-1.4465492158652247,0.0010028137548907,0.0054211921272635,0.0543574290688173,SPY
2011-10-11,0.04242047491271114,1.83794761833578,3.8879014368169047,2.305633677112476,-1.1014357220285822,-1.0768328643086076,0.9922905584030169,-0.14173394869959113,-0.6916364610219372,-0.7317837209671136,0.0087337171026282,0.0237754231070814,0.066103699272018,SPY
2011-10-12,0.8284470401679672,2.406205725545972,2.896216535491019,2.27697955440972,-1.0935022007277835,-1.0754215740041755,1.3732877507374082,0.4562974782276091,-0.20606717373543212,-0.017018226069002582,-0.0019895755770749,0.0031420813696554,0.019762044946658,SPY
2011-10-13,-0.26182566589562634,0.6277811753683061,2.4353494203670363,2.1995401363624163,-1.087195025436707,-1.0756303299413021,1.2829176297701974,0.362330785504152,-0.706234568632703,0.6977472688291085,0.016949721455771,0.0094974220012593,0.0311261330847418,SPY
2011-10-14,1.663795432372747,0.4075568696793505,1.4802968602950044,2.269684445299845,-1.0738734179984935,-1.0748873090593227,2.0891203421741795,0.3050948319549418,-0.7078754615582887,1.4125127637272195,-0.0192754846089515,0.0113571138048031,0.0328241012895373,SPY
2011-10-17,-2.01934132641894,1.0122120978209765,2.6151085634618214,2.345791342411971,-1.0593073270904418,-1.0749438978480108,1.1502454635789467,-0.15227488390912744,-0.7913193238846933,-1.4465492158652247,0.0193570447347086,0.0428193249804742,0.0425801430176813,SPY
2011-10-18,1.9085559685339075,-0.25994098536314836,0.11354058627195722,2.441651642735205,-1.044826105336927,-1.0732384849666525,2.0439939042801147,0.40656130243202027,0.0184816437567034,-0.7317837209671136,-0.0118996246347977,0.0038268003640169,0.028152784256096,SPY
2011-10-19,-1.2694131976467,-0.08277450103918561,0.9935594809192235,2.2203312032674,-1.035336955371064,-1.070054097833237,1.3682387354112482,0.11723008461285875,-0.675231022060864,-0.017018226069002582,0.004365765054529,0.0258339488744043,0.0240621680344181,SPY
2011-10-20,0.3843428790970801,0.4600504663924239,0.004265480608615887,1.8437347672819997,-1.0280256827559755,-1.0638268685783567,1.3980004843717047,0.606806939596345,-0.4153425360361172,0.6977472688291085,0.0188094132593148,0.0557100991284249,0.0036919560297539,SPY
2011-10-21,1.8528764614611108,-0.6432298199290697,0.30898104422338807,1.9096111772674895,-1.0163445314326196,-1.0564461671229326,2.1015304990660066,1.3733176566803222,-0.301383290597451,1.4125127637272195,0.0121867265667194,0.036667572593652,-0.0161821018219852,SPY
2011-10-24,1.1795259564045562,1.6167957978484873,0.39814653021616775,1.8132762657711894,-1.0079867060638774,-1.0499004615911631,2.510969626366611,1.324011564053663,-0.8449346844286358,-1.4465492158652247,-0.0196354798817486,7.974071894345514e-05,-0.0475717533457498,SPY
2011-10-25,-2.0559432389066505,2.192377925629559,1.9066455968574034,1.951994743867356,-1.0032491861335135,-1.0460013444920064,1.431781898421929,0.6898037556009355,-0.35461293195219074,-0.7317837209671136,0.0101075238755896,-0.0085695266234431,-0.0318720311590956,SPY
2011-10-26,0.9681265278686226,-0.6369664410391781,0.03709527626851409,1.7939407563198455,-0.9982287829229396,-1.0395193300418868,1.7368894116882174,0.6183168670687887,-0.19671927250639853,-0.017018226069002582,0.0342419153085495,-0.0024974988319383,-0.0642923371592987,SPY
2011-10-27,3.4219500914664174,-0.7899849550905832,1.0922583352789823,2.060124776808799,-0.9867455901189314,-1.0306172075257312,3.175052288142085,1.0823128843092942,0.5669102401572369,0.6977472688291085,-0.000233113275458,-0.0186759187713834,-0.1004232065849581,SPY
2011-10-28,-0.08324032239313345,3.175111371569118,2.5247115255961776,1.7762227633942038,-0.9782180403426953,-1.0196841074707899,2.8408149207425875,0.8031181717408594,-0.639093105630384,1.4125127637272195,-0.0244011053079891,-0.0245605931049643,-0.0716347053209744,SPY
2011-10-31,-2.5404801703090074,2.4140942095827236,1.61169135216321,1.6809676207322501,-0.9707653191367106,-1.0086661137984982,1.3219826226762308,0.2519977525937693,-0.6116042046700363,-1.4465492158652247,-0.0282847472241352,0.006037171242136,-0.0443974758676599,SPY
2011-11-01,-2.9353429151553825,-1.901727385161671,-0.1425626614931271,1.9529251387874493,-0.9715855263417675,-1.0018302785557776,-0.21746752594615276,-0.3265364632731078,1.0245934083023247,-0.7317837209671136,0.0161795516670943,0.0470710024243627,0.0242124368982858,SPY
2011-11-02,1.5854897174482314,-3.966181881037739,-0.5572637020611168,1.9355948065427795,-0.9675409863433524,-0.9950581552633442,0.36180161125660043,-0.09805681476757559,-0.5074377526565009,-0.017018226069002582,0.0180634953691045,-0.0067164864654634,0.0078731398732889,SPY
2011-11-03,1.7770365174297271,-0.9796563941055876,-0.26613196294204466,1.9367320622509379,-0.9610498236222509,-0.9881515544708604,1.0359739552349962,-0.0794634506535333,0.03211297159323415,0.6977472688291085,-0.006117787609039,-0.015405469273559,-0.0110712615339698,SPY
2011-11-04,-0.6815546649756369,2.431333424620476,-1.0418285992056373,1.932912770563181,-0.9589143738979541,-0.981237865297839,0.5520675998049002,0.11747439435333705,-0.46214756045874034,1.4125127637272195,0.0061966590391113,0.0093600079960465,0.005879889894822,SPY
2011-11-07,0.5704959384894093,0.790365116004062,-1.3239774186299629,1.6606077496446134,-0.957825504730474,-0.9765108336993534,0.71900233428487,-0.03303083423700858,-1.1088189331780727,-1.4465492158652247,0.0127490839580914,-0.0063560939238724,0.0,SPY
2011-11-08,1.2367026961597363,-0.08297237507050235,0.1430745536929816,1.690235839934921,-0.9509950183086175,-0.970722318854425,1.17358679445302,0.3245680794722708,-0.7396729279000116,-0.7317837209671136,-0.0376079372227318,-0.0141754919088405,-0.0090334574747297,SPY
2011-11-09,-3.883262541386864,1.305531335663094,2.1104981302967856,2.1587194567157333,-0.9526072403116224,-0.9690168990168541,-0.656196537778909,-0.3158329378058118,0.70071299478856,-0.017018226069002582,0.0093745125610089,0.0074422044574156,0.0063940756097471,SPY
2011-11-10,0.8935988381566919,-1.9182593304439834,-0.4684171383802193,2.17447405907766,-0.9587024025845405,-0.9663207823512406,-0.2899756816995309,-0.430978112891778,-0.6487662658428549,0.6977472688291085,0.0186476896605665,-0.0179367550537286,0.0138200261520502,SPY
2011-11-11,1.8364334871892818,-2.166610250219559,-0.8850223916756235,2.1901688189966957,-0.9614459352830849,-0.9634265179725644,0.5141296623674347,-0.34798129771785885,-1.207021246477031,1.4125127637272195,-0.0095194428808076,-0.0376490893067194,-0.0195328080581367,SPY
2011-11-14,-1.0274122302798532,1.9735115712056805,0.3023925404005152,2.098670371530209,-0.9615025286210249,-0.9597255694551087,-0.036674765891427465,-0.21042675408273004,-1.5901865433802946,-1.4465492158652247,0.0049296859731233,-0.0473325713829568,-0.0193962979189556,SPY
2011-11-15,0.44167858784682,0.5830146280292308,-0.45113762138826435,2.0104670904982487,-0.9557326772547954,-0.9572488169506842,0.12995915921510276,-0.2735026197341286,-1.193722185113672,-0.7317837209671136,-0.0159902408564756,-0.0561980150511747,-0.035029067625893,SPY
2011-11-16,-1.6853197060942413,-0.4265591614619743,-0.8260494321367068,2.0474699415981203,-0.9556053804737793,-0.9551612714918489,-0.6753462420499541,-1.0089242127791866,-0.47366028630072876,-0.017018226069002582,-0.0160044469501352,-0.0625205563193125,-0.0154311136751372,SPY
2011-11-17,-1.686764086718689,-0.9027762687154895,0.21044080719674546,2.1250204851353667,-0.9614601705024539,-0.9548428369522346,-1.4218790603755627,-1.1862186514214814,0.8152669103385687,0.6977472688291085,-0.0010646445924242,-0.0484050634862871,0.0020547991267987,SPY
2011-11-18,-0.16778486726425823,-2.4434196732942945,-1.0063883762679835,2.0179231584449484,-0.9664097729588824,-0.9562510108734666,-1.4342032283075514,-0.9036367758272885,-0.7415530055661042,1.4125127637272195,-0.0192029249570451,-0.0187850309053372,-0.007629765903883,SPY
2011-11-21,-2.0119639461311896,-1.3449733450936951,-1.9515234036798765,2.0535025419032,-0.975743336425551,-0.9603765735581368,-2.1993810819621564,-0.7718594464820049,-0.5307685221854544,-1.4465492158652247,-0.0039357576950944,0.0032540181970333,0.0413844845797148,SPY
2011-11-22,-0.4597004519043997,-1.580364706374354,-2.415811294708237,1.9617402958061911,-0.9880325846247358,-0.9631080834329501,-2.3066473568257653,-1.1338730412742055,-0.7204351064358833,-0.7317837209671136,-0.0223127821246134,0.0475149414339384,0.0472549784290246,SPY
2011-11-23,-2.3281534310991434,-1.7916637117663545,-2.840877207087865,2.0334443830578124,-0.9973662175993112,-0.9685852799436524,-3.160001485872635,-1.79052957105945,-0.6073871987147117,-0.017018226069002582,-0.0018889541171098,0.0696679782006493,0.078387523239777,SPY
2011-11-25,-0.2515951485796281,-2.0205330397657506,-3.1440201600269675,1.5715112651494505,-1.008651368474484,-0.9772822150596945,-3.024605046851203,-1.7463877880742185,-2.150147307327472,1.4125127637272195,0.0285553879885256,0.0706760262796049,0.0891775028454127,SPY
2011-11-28,2.8437820124544517,-1.8698989320885828,-2.46723340639074,1.912017240962819,-1.0184799255505903,-0.9835731632210752,-1.5816458801479698,-1.2882692371206972,-0.6934304872042775,-1.4465492158652247,0.0028361241453254,0.0529540021108321,0.061413287112769,SPY
2011-11-29,0.22881921829654697,1.873734065518328,-1.0470601308138106,1.7783411873116304,-1.0261306330790854,-0.9874298195991318,-1.3507335088604588,-1.5020461067032684,-0.8221883925018985,-0.7317837209671136,0.0403251655418106,0.050434647109796,0.0453665457226284,SPY
2011-11-30,4.040454303893005,2.221475273039355,0.009632446035156382,2.0519151224202035,-1.027672123835852,-0.9853139901802718,0.4769901868591479,-0.22835532318801852,0.7702597083369834,-0.017018226069002582,-0.0001597453579025,0.0138251080513471,0.015322279432568,SPY
2011-12-01,-0.07578076305807105,3.0876697424879422,2.131783397815059,1.9818407818996757,-1.0264134607529705,-0.9846204697064431,0.4504056580383795,-0.37846721810356343,-1.0942046000126524,0.6977472688291085,-0.0008809060381542,-0.0081955507290052,0.0105542956553037,SPY
2011-12-02,-0.14910355950219947,2.8671893142778595,3.193941270294584,1.8818978861229707,-1.0225244377458433,-0.985604119891223,0.43535957064220804,-0.7424051713002818,-0.5276276317158219,1.4125127637272195,0.0108333638197528,0.0094858184124611,0.0272452937103491,SPY
2011-12-05,1.0419250805827291,-0.16536343777532514,3.2422735244309333,1.9078063047006841,-1.0165283659452498,-0.985080477082858,0.939488714748633,-0.35280313871868146,-0.4520824622966711,-1.4465492158652247,0.0003167691442893,-0.0160526899569122,0.0179794308013914,SPY
2011-12-06,-0.02733195434779863,0.6436722749745605,2.3925666564578516,1.8965937709502592,-1.007194802478581,-0.985080477082858,0.954732887286399,-0.43979555644770235,-1.0113539429990541,-0.7317837209671136,0.0037156264833617,-0.0257523918428281,0.0203218482178808,SPY
2011-12-07,0.3182411358662392,0.7318149450065028,2.271772709510484,1.849371818006975,-0.9965318585843741,-0.9858942635145994,1.156494183915393,-0.02073167321555607,-0.25320900069056596,-0.017018226069002582,-0.0221804041382549,-0.0401711020600039,0.0140253610559559,SPY
2011-12-08,-2.314694122496711,0.2079864624495901,0.5164779150193578,1.5511138255442791,-0.9860809972162317,-0.9853352135846093,0.08106345391773162,-0.1704795000915665,-0.19887355684756794,0.6977472688291085,0.016800463103312,-0.0143829848274688,0.0386301428896738,SPY
2011-12-09,1.6486198410036812,-1.4476885906551666,-0.5393329125003967,1.6137533377107387,-0.9723492653231176,-0.9841109688780907,0.847952815869489,0.1286700167756581,-0.5814985200061603,1.4125127637272195,-0.0147051445496204,-0.0297019820789801,0.0304629500198192,SPY
2011-12-12,-1.5546597054883322,-0.4847126072496072,0.3084246941698575,1.5665883667847715,-0.9659854827925198,-0.985844707456749,0.19405094902425785,0.21449027784260516,-0.47970808271718074,-1.4465492158652247,-0.0093829327416266,-0.0257460471524657,0.0457098758314789,SPY
2011-12-13,-1.013532792005106,0.06542765530449957,-0.9160542791452551,1.5658087884601346,-0.9617429703731761,-0.9875501342505323,-0.20231784512350176,0.09234066632651021,-0.10526055216658577,-0.7317837209671136,-0.010703083733814,0.0134482111157137,0.0574896379329805,SPY
2011-12-14,-1.1477569186475718,-1.8615342239316022,-1.3811198512979488,1.5818428166963825,-0.9663390417126441,-0.9906213090255102,-0.6201734445154066,0.33336913907149124,-0.1936425964816169,-0.017018226069002582,0.0036077130942802,0.0260860310037429,0.0630055791570445,SPY
2011-12-15,0.30726922394994166,-1.5670033435173945,-2.072444780220914,1.516436962283203,-0.9702846441561295,-0.9919658266461541,-0.4156835459405756,0.4256459473398883,-0.6751737170319602,0.6977472688291085,0.0014814658518007,0.0312980805956017,0.0632713150895334,SPY
2011-12-16,0.09108661996243556,-0.6109593123804431,-0.8359979660251163,1.4325930760707253,-0.9738184678565264,-0.9917880884605661,-0.3511560886283291,0.013449687495032253,-0.39185610401491766,1.4125127637272195,-0.0107492096231061,0.0387176402323268,0.0727854690886635,SPY
2011-12-19,-1.152446690683103,0.28576022339666357,-1.5704883973160293,1.4715201600177301,-0.9811256812098421,-0.9924441705987189,-0.8342697446210509,-0.29552809373184535,-0.8911446944542983,-1.4465492158652247,0.0298113255265528,0.0502580221113149,0.0887972762724764,SPY
2011-12-20,2.971477344395133,-0.7708346867280228,-1.3808156463761663,1.6196774310842295,-0.9833091887010895,-0.9888663539987262,0.469740711908172,-0.5184858901600621,-0.28045033000764785,-0.7317837209671136,0.0019347361542152,0.0072360793399468,0.0627061735415797,SPY
2011-12-21,0.13717211384502936,1.3140957768622388,0.4984070721136129,1.6071317554972286,-0.9858158106491625,-0.984785011956919,0.45013237969375186,-0.47011225773158927,-0.7057132852054341,-0.017018226069002582,0.008819762686139,0.0155822424374818,0.0581912986694002,SPY
2011-12-22,0.8371955798172401,2.2475682773714016,1.104344760314431,1.3957691344350056,-0.9828255804868302,-0.9780592239959486,0.6871923363968278,-0.2602199323145284,-1.6979859078956265,0.6977472688291085,0.0089010254885257,0.0018347506161759,0.0482314519055693,SPY
2011-12-23,0.8454578382584518,0.7026983293090349,1.3542436596863416,1.3905390890387839,-0.9812112037387061,-0.9703801844988234,0.9039366361604563,-0.29816712813753177,-1.9561242580210214,1.4125127637272195,0.0007911722558819,0.0087438171445413,0.0476632008928499,SPY
2011-12-27,0.020902182282646644,1.2153810258714999,1.7099846698904684,1.1677894012046623,-0.9768523350829199,-0.9650146769360219,0.7954016502724749,-0.28818440311357785,-1.9170012825486835,-0.7317837209671136,-0.0132106172448152,0.0095201457994544,0.0417288419951464,SPY
2011-12-28,-1.4027061612210867,0.6245184886083742,2.2633041805864815,1.2624541269158511,-0.9732154728610763,-0.9610719165596402,0.060081560464115,-0.6485305819410104,-1.4404772889152913,-0.017018226069002582,0.0102808992517502,0.0253899496050484,0.0544845003301048,SPY
2011-12-29,0.9857541769664785,-1.00278351938049,0.2005578544196234,0.6793462174088178,-0.9658902013535025,-0.9597062520529956,0.5113296599491112,0.05729164478946879,-1.4194328054396899,0.6977472688291085,-0.0049277291351668,0.0125281896747351,0.0407839403759631,SPY
2011-12-30,-0.5605574758251046,-0.30438892329028133,0.6007261443204529,0.6931548365479633,-0.9600694562977136,-0.9587679494175039,0.2517219262944062,-0.42034306606445376,-1.7217959531328255,1.4125127637272195,0.015810092016891,0.0198802965053648,0.0453309678173186,SPY
2012-01-03,1.5479255303426331,0.30518860178676344,-0.0584162937397868,0.7898194733355595,-0.9516586659037801,-0.9563275639920296,0.941093801451379,0.3150265015945239,-0.35155531214263974,-0.7317837209671136,0.0015675009107951,0.0127034747219312,0.0382400383999561,SPY
2012-01-04,0.0998340895492456,0.7121084583428777,0.27284842097488377,0.7485319152151118,-0.9411131347662033,-0.9547071421149963,0.9724958733105481,0.6404496680706,-1.2264479392664724,-0.017018226069002582,0.0026591865607787,0.0116777550731752,0.0382564439721813,SPY
2012-01-05,0.21082938766614515,1.1901236390153707,0.3100705680390046,0.7496324316898153,-0.9352639470748394,-0.9528728723532874,1.0507694004825088,1.0734026550910174,-0.5661543634960761,0.6977472688291085,-0.0025808606785631,0.0114153978722715,0.0495186424102769,SPY
2012-01-06,-0.3219435818110274,0.2222853325771675,1.0709701785225145,0.7512561029613679,-0.9302260000685193,-0.9516062225753689,0.892127832715086,0.9165104066881642,-0.8985120621459471,1.4125127637272195,0.0024243776954628,0.0088091160410845,0.0514305946461766,SPY
2012-01-09,0.18695559212196008,-0.08301252455796085,0.45429537642709567,0.49484697830621277,-0.9263123434591246,-0.9481515865863268,0.9151881954195353,0.9321858754901199,-1.4902656770893559,-1.4465492158652247,0.0086332702334575,0.0102581873723908,0.0515317781034392,SPY
2012-01-10,0.8182342740766675,-0.10029323692430002,0.8068022688996648,0.40499236735006705,-0.9224129081675176,-0.9453925301100137,1.257023098437863,1.482930026956959,-1.2347134772449262,-0.7317837209671136,0.0005417812620391,0.0126205369898642,0.0458615960701953,SPY
2012-01-11,-0.004454226597205627,0.7250085269950605,0.4626996595404183,0.260450723314281,-0.9185562480419243,-0.9412815615591682,1.1716629708822393,1.0909022781707587,-1.2387269110270316,-0.017018226069002582,0.002396829359875,0.0173413532885318,0.0465766971908445,SPY
2012-01-12,0.1841546615415882,0.5864592118994569,0.41352011764030905,0.18088629766297917,-0.9118958891734219,-0.9361289349675054,1.1481874081176822,1.101142272490235,-1.1079805021844737,0.6977472688291085,-0.00518714250975,0.0186647467243128,0.0367644710044618,SPY
2012-01-13,-0.5869328933711773,0.12748956958599794,0.40094104014063625,0.11114563760755829,-0.9080249521237154,-0.9305264640258902,0.7481799608725381,0.6255990892841147,-0.31036644271635894,1.4125127637272195,0.0038734490267691,0.0212717505160986,0.0493670103407195,SPY
2012-01-17,0.33428747691261534,-0.294129451211149,0.27597926654508603,0.11132778138948234,-0.9025601153553086,-0.9248792715941129,0.7833509381297692,0.4946113281896987,-0.8991205942014023,-0.7317837209671136,0.0109956198509308,0.0162582174116376,0.044236678931262,SPY
2012-01-18,1.0584221890242824,-0.1854579165834098,0.3454569882019302,0.14277327551640503,-0.8979063524529696,-0.9183418996049184,1.138273126755143,0.7572001623346326,-0.4782286019956449,-0.017018226069002582,0.0052625975607067,0.0135953720365131,0.0285700731315969,SPY
2012-01-19,0.4755268122976451,1.005509303804731,0.4587230956964518,0.013019083311558594,-0.8925552584236989,-0.910387387136579,1.1804434182623715,1.6163300408329553,-0.9224027427410799,0.6977472688291085,0.003720222795656,0.0031895878339849,0.0343197978106735,SPY
2012-01-20,0.3187084581703767,1.107743417567019,0.6850691379552857,-0.4678473240630972,-0.8869907751197105,-0.9046761001628263,1.2084969233529301,1.5264927100358932,-0.7496453748987353,1.4125127637272195,-0.0025801387179642,-0.0009855938715279,0.0332422808650099,SPY
2012-01-23,-0.3218701776842032,0.5723119989364535,0.7485210597394257,-0.44288382547558275,-0.8814404992319286,-0.8993778591749,0.943854016840814,1.6888210090947535,-0.8336016459347101,-1.4465492158652247,-0.0011400840776918,-0.0018251158559552,0.0362618583369878,SPY
2012-01-24,-0.17545504975423465,-0.004872638510884401,0.8735174487306759,-0.4622587463649737,-0.8765448071082265,-0.8949697490509038,0.7733243308732526,1.302561938393908,-1.1277811546182763,-0.7317837209671136,0.0083327744758063,-0.0010657334720747,0.0341728157375902,SPY
2012-01-25,0.7876818744881415,-0.3625659691160834,0.6331366958831915,-0.46814211834965375,-0.8716633641054752,-0.8905758852501069,1.0588185004306199,1.4554990927276716,0.13855851494595472,-0.017018226069002582,-0.0051431866418214,-0.0006793453483524,0.0302410623260946,SPY
2012-01-26,-0.5824637545995947,0.4405677359366716,0.5054629052345735,-0.425146684396699,-0.8678492984253366,-0.8867375306671382,0.7112384194093565,0.9886541683220147,-0.04034452370737895,0.6977472688291085,-0.0004549589098568,0.0060477477764893,0.0375772676973422,SPY
2012-01-27,-0.10579610328701754,0.14596018825904072,0.006543243500115744,-0.630639435103663,-0.8645618385507734,-0.8817597415204514,0.5602788901682845,1.1442984669527687,-0.697385360848685,1.4125127637272195,-0.0034196607023915,0.0204240916852205,0.0397106603304067,SPY
2012-01-30,-0.40722716019890337,-0.5007713258404402,-0.19364159635926126,-0.658129418500037,-0.8609612316532598,-0.8780210555501828,0.3010785406649386,0.82333764639376,-0.5308615849604097,-1.4465492158652247,-0.0003807016938113,0.0231748439449486,0.0460424268393211,SPY
2012-01-31,-0.09824612602714872,-0.3739287725358805,-0.23389363468111535,-0.7012071688373692,-0.8581433950020526,-0.8738764884929627,0.17681954155083862,0.5042411000426021,-0.36080844223971353,-0.7317837209671136,0.0087191625995286,0.0260811067914854,0.0424902422832413,SPY
2012-02-01,0.8269672356010502,-0.368463827292518,-0.19748399993194246,-0.856633700500552,-0.8557240610836837,-0.8703371814853706,0.5004131525751202,0.7893814455444832,-0.19785388198908127,-0.017018226069002582,0.0015839064830203,0.0203250323921704,0.0389391361986861,SPY
2012-02-02,0.10150209844900691,0.524890491608961,-0.1789580889353542,-0.8566465345570546,-0.8539878647776215,-0.8667907721848158,0.4849145214939101,0.7662136171494274,-0.9980821127644669,0.6977472688291085,0.0139213849988744,0.0199980082918385,0.0343011829883215,SPY
2012-02-03,1.3558944282361043,0.6694754448674908,0.1435816602059717,-0.708266370374163,-0.8503019021702205,-0.8621619414381932,1.0330617512096774,1.4628804204005132,-0.2412009413250941,1.4125127637272195,-0.0006689084426634,-0.0013387735335435,0.0162927437404274,SPY
2012-02-06,-0.12754906136262906,1.0523319815143717,0.8328752780939662,-0.7244061588421417,-0.8462600868817626,-0.8573621548131697,0.8770928303468151,1.3441554209973245,-1.0344431254920414,-1.4465492158652247,0.0025255611527255,0.0067455317356275,0.0022286093854182,SPY
2012-02-07,0.19724324956578623,0.8865365091289228,0.96476388545192,-0.7244267070693381,-0.8415209960726991,-0.8525410056595583,0.8746523522529043,1.1604859008439417,-0.5880113430122722,-0.7317837209671136,0.0029630882002136,0.0029630882002136,0.0066545002710451,SPY
2012-02-08,0.2417280745434509,0.047863089376017645,1.1041086621726663,-0.7642174139121396,-0.8377781342925671,-0.8482254896801495,0.906499809080729,1.1024675109313984,-0.5019937641406839,-0.017018226069002582,0.0012568823826883,-0.0046709859487341,0.0135913259113111,SPY
2012-02-09,0.0682524743394416,0.3151591696012479,0.8281257437947444,-0.7663644875377791,-0.8328255151929714,-0.8438387281723155,0.8547796481897244,1.0329238501435902,-0.33524444499622386,0.6977472688291085,-0.0074153968265076,0.0050844539083607,0.0161945499959372,SPY
2012-02-10,-0.8134868946741106,0.2217910044734152,0.8124461226973774,-0.6743385041274829,-0.829210728682415,-0.8403849130163485,0.412608084964993,0.6388406588142127,-0.014382372768935857,1.4125127637272195,0.0074153968265076,0.0151425565848608,0.0236827244037156,SPY
2012-02-13,0.6944090484954032,-0.5420115644962754,-0.21057528190133712,-0.7003189080961754,-0.8235323080171507,-0.8357417802968258,0.6490643276379748,0.9457678825795955,-0.8597448136571791,-1.4465492158652247,-0.0012568823826883,0.0081665985123668,0.0341330954851732,SPY
2012-02-14,-0.187330320518149,-0.0887769024897228,0.17703787360432158,-0.689747135076831,-0.8180246960827301,-0.8315758089737428,0.48396486190446963,0.6016207230667054,-0.01895563466939078,-0.7317837209671136,-0.0046709859487341,0.0061943542179658,0.0343177364297471,SPY
2012-02-15,-0.534453545157876,0.36445775951682974,-0.0043165935352034905,-0.7323325973759485,-0.8150502998216294,-0.8288768402610047,0.19438127069927724,0.6291590444681351,0.5596357762106968,-0.017018226069002582,0.0110123222397833,0.0152663612310108,0.0447620638771386,SPY
2012-02-16,1.0601203762542561,-0.5250372091141655,-0.3703427976076816,-0.656970146109551,-0.810254240331928,-0.8256081647007262,0.6365617344781314,0.9888025732378589,0.41364466909862163,0.6977472688291085,0.0026427058499924,0.0064470577206536,0.0351335561697112,SPY
2012-02-17,0.2091537391798513,0.37791249748855255,0.09739520837461144,-0.6600829641043237,-0.8075928937827079,-0.8224320345915482,0.6831081914811151,1.2852499089361955,-0.6013379115290165,1.4125127637272195,0.0004394387540136,0.0054827855938688,0.0364030745953334,SPY
2012-02-21,-0.014859728573431307,0.9161622102488767,0.5796448002728031,-0.6766325734037594,-0.804718185761933,-0.818971075405344,0.6172598773442698,1.321500762602271,-0.5020507384058667,-0.7317837209671136,-0.0032291266770894,0.007955452646378,0.033048631757854,SPY
2012-02-22,-0.38785493437534585,0.13805292483235396,0.24517287830493698,-0.6605415919730755,-0.802953477312389,-0.8157166392120527,0.3820254710077403,0.8759184746396311,-0.6550350071893759,-0.017018226069002582,0.0044010210643108,0.0072516930735764,0.0346388484534392,SPY
2012-02-23,0.38792747445766035,-0.29408343776755025,0.15061090805177815,-0.6973763396889786,-0.8009041339833756,-0.8128182776242134,0.5194374039569042,0.9555921038080035,-0.4243577022235273,0.6977472688291085,0.0021930187294261,0.008018728524239,0.023007732675655,SPY
2012-02-24,0.1634325592712059,-0.0025315650231958566,0.5855807846230556,-0.7449070370289081,-0.7986698718183826,-0.8092220340173083,0.5344794842743584,0.5839987309487434,-0.9983498556849566,1.4125127637272195,0.0016784337232076,0.0027716630674685,0.0240422672924776,SPY
2012-02-27,0.11111299624262981,0.3965101621808106,0.1627271256886457,-0.7508036796032749,-0.7946850530137255,-0.8054192674174899,0.5200124790358005,0.7015920427946184,-0.22212126677379146,-1.4465492158652247,0.0029121058065229,-0.0029938249047587,0.0363016845641048,SPY
2012-02-28,0.23654452561020498,0.19614188106609076,0.11649376989806996,-0.7831436225237837,-0.7915541666506377,-0.8010111781621307,0.5495871931165444,0.7175955199423476,-0.5324862372162181,-0.7317837209671136,-0.003932886249891,-0.0206389735089542,0.0302775936410615,SPY
2012-02-29,-0.4594085025539777,0.24906295339845214,0.2350491988219272,-0.7500853467246416,-0.7889497331757303,-0.7969519916571359,0.262233233558425,0.3005156123456361,0.6618619964230912,-0.017018226069002582,0.0051680565149734,-0.0097546352207107,0.0292392650691235,SPY
2012-03-01,0.4659145108484058,-0.16390103891148067,0.20130647639267943,-0.7872714517542814,-0.7844383363686602,-0.7932061755690548,0.4156333387647923,0.45945661012096384,-0.1808025293818343,0.6977472688291085,-0.0030540467273443,-0.0050227778952045,0.0223612158808386,SPY
2012-03-02,-0.37005397563182746,0.0021252107913409517,0.2380830479738913,-0.7617399983892016,-0.7826451574803786,-0.7899089864937384,0.18971310221408777,0.7774961701916154,-0.6814820477179123,1.4125127637272195,-0.0040870542490196,0.0018913752994542,0.0295429518150287,SPY
2012-03-05,-0.4750832739715757,0.06680323299834591,-0.013494735289618765,-0.9115245879060463,-0.7821613685455607,-0.7883351921090932,-0.04179090194634946,0.15628398138297672,-0.2269312289888211,-1.4465492158652247,-0.0147330427976726,0.0060512071297447,0.0409183672666957,SPY
2012-03-06,-1.5574962128286454,-0.6143248275457901,-0.2899290003917913,-0.6623187981244417,-0.7846091729026671,-0.7881215737794299,-0.7362616907385525,-0.6240313199507433,1.1601581344390304,-0.7317837209671136,0.0069514520383524,0.0386500178353825,0.0515534128357773,SPY
2012-03-07,0.647238244269991,-1.4738382515702377,-1.1359499634942694,-0.6241179283158678,-0.7850931147548806,-0.7874806909655895,-0.4277662323121891,-0.0804260874652756,-0.12577608782804262,-0.017018226069002582,0.0098999138404796,0.0306263243589155,0.0346421150233906,SPY
2012-03-08,0.9470181275342953,-0.6614615474390269,-0.6140853667198642,-0.5490980125690856,-0.7845096931860628,-0.7861632817050582,0.005283344579022798,-0.12309648223623347,-0.7264429307058375,0.6977472688291085,0.0038601064673144,0.0264997520170933,0.0242414040703904,SPY
2012-03-09,0.3329308946727195,1.1513960626165678,-0.38720994721580765,-0.5407559825020498,-0.7835988754733437,-0.7845895151452623,0.14937325320116093,-0.07146113397495552,-0.5637253603264394,1.4125127637272195,7.27775812707776e-05,0.0240234600821347,0.0090867926727797,SPY
2012-03-12,-0.05213938520086153,0.9238890919312931,-0.055701345276780403,-0.6038405931285797,-0.7830011630788313,-0.7822964623005393,0.09698886805015695,-0.08642990567609568,-1.0145306593508023,-1.4465492158652247,0.0178657679079652,0.0278629067764786,-0.0079134284938637,SPY
2012-03-13,1.7569329111439946,0.20066292731540905,0.14374752366444943,-0.4035022190403699,-0.7794432201346796,-0.7789494389188725,0.8664428210866745,0.6617058633148503,1.0994263468339978,-0.7317837209671136,-0.0010722414381145,0.0070821347850476,-0.0177173890531703,SPY
2012-03-14,-0.16855726374318564,1.2314068327068128,1.7067424208919808,-0.4043485910783083,-0.7753304650762616,-0.7755882248637062,0.7322617157547728,0.4904154767547807,0.08168582542091213,-0.017018226069002582,0.0057733414986573,0.0065154662416579,-0.0036644474104932,SPY
2012-03-15,0.5274558411852903,1.1471393826624185,1.322035381304587,-0.4282907379369207,-0.7710752188083421,-0.7712014842245094,0.9015369986360801,0.5887001825049929,0.6791419260133527,0.6977472688291085,0.0013838145323559,-0.0064879699704727,-0.0213971184690944,SPY
2012-03-16,0.08115808667682628,0.25719963396827183,1.1241811843662646,-0.4954586388451209,-0.7659449374982642,-0.7677370538882675,0.8829511830139226,0.5822167566974027,0.3483640266343979,1.4125127637272195,0.0039122242756146,-0.0046442311565799,-0.0234373427546534,SPY
2012-03-19,0.33822988497232365,0.4379525911627736,1.0054519554586403,-0.49224510059713567,-0.7592315162935024,-0.7641356418154748,0.9827823400222837,0.6100229868450469,-0.431183796149423,-1.4465492158652247,-0.0029150040834657,0.0053813955626402,-0.0126463353639794,SPY
2012-03-20,-0.3559170492112054,0.30098403434028326,1.1895395175977945,-0.4754106184903667,-0.7502578508680826,-0.7608701661129466,0.762817716135986,0.6582107895843204,-0.5176594394446067,-0.7317837209671136,-0.0016389099815041,0.0051844145295856,-0.0131165222714431,SPY
2012-03-21,-0.22617233261208833,-0.015386678133217289,0.19317677061456912,-0.48645936805946755,-0.7429506375147672,-0.7574558692001918,0.6013127978419496,0.43452058089103246,-0.4990684879230342,-0.017018226069002582,-0.0072300947134733,0.0018521096892607,-0.01791846472155,SPY
2012-03-22,-0.7946466147105125,-0.4239213144858624,0.16600706648839125,-0.4314170013906261,-0.7390084548603093,-0.7551913020456564,0.20262134021447853,0.2225863202542852,-0.12121417678891001,0.6977472688291085,0.0032275533462486,0.0073722117294225,-0.0090197827999523,SPY
2012-03-23,0.2686171224356946,-0.7414895626503143,-0.45746060015470014,-0.42884059201576497,-0.7351773319397744,-0.7528184823121944,0.29863604206509325,0.5114949168304208,-0.6342058667101522,1.4125127637272195,0.0139378509948349,0.0082723475900197,-0.0206923359647577,SPY
2012-03-26,1.357568580617291,-0.38334314899125393,-0.36906000223238383,-0.3086740255257174,-0.7285587890281688,-0.7492075402282764,0.8770472850058261,1.6240350121816616,-0.6470289461461319,-1.4465492158652247,-0.0031119851165204,0.0016228577978321,-0.0308355509302149,SPY
2012-03-27,-0.375944763679752,1.1745076616221544,0.11163248514535241,-0.2928631655791053,-0.7260986817715102,-0.7461961680121619,0.6548815365179553,1.317752444282441,-0.6536889960420958,-0.7317837209671136,-0.004971214821829,0.0006368456857615,-0.0141248263209909,SPY
2012-03-28,-0.5649788097090495,0.70795057246335,0.10218795809511558,-0.283762067847405,-0.7244255986450715,-0.7433009923696475,0.34820080500420414,0.7936475122170769,0.2751329675926277,-0.017018226069002582,-0.0017099926733115,-0.0043517852664436,-0.0022091906440415,SPY
2012-03-29,-0.23339954547160754,-0.6836584157848682,-0.057583989061645593,-0.2882112070415533,-0.7242484368915205,-0.7410830596637117,0.21399647352856835,0.58375865810844,0.870155218842747,0.6977472688291085,0.0041276892068458,-0.0031425897056527,0.0011405739601739,SPY
2012-03-30,0.36013691862812336,-0.5804790570401215,0.20708490941004093,-0.2962940614646518,-0.7235195213716147,-0.7381511760878354,0.339838626032623,0.6985089229522498,-0.16436483318990602,1.4125127637272195,0.0072883612026473,-0.0185647838427946,-0.0066982081555675,SPY
2012-04-02,0.6814929155939108,0.08915299947073069,0.2502431635448036,-0.29901084221850777,-0.7221044098914909,-0.734083739514815,0.5896977510752032,0.38002117619499726,0.42153964010070794,-1.4465492158652247,-0.004097997228591,-0.0427805886308148,-0.0077856405807548,SPY
2012-04-03,-0.47619588297200816,0.7513850872234369,-0.06857578688268365,-0.49699356300132647,-0.7209324231687316,-0.7290069565080404,0.2734311778257711,0.19472014706410024,0.5598904367400913,-0.7317837209671136,-0.0099598457740341,-0.030620784053565,-0.0066759000726452,SPY
2012-04-04,-1.0721894520249178,0.14601730813528596,-0.11585149622334243,-0.3953831381484889,-0.7214327688870142,-0.725600867926036,-0.2768026906565285,-0.5459251425435718,0.22082505487542325,-0.017018226069002582,-0.0005007971125206,-0.0076802380749683,-0.0043710156332563,SPY
2012-04-05,-0.11045662526959354,-1.123361099695036,-0.3550382810682081,-0.4495858397536442,-0.7205894155489015,-0.7232062335101745,-0.356324603924186,-0.6318211061844307,-0.13641911514225935,0.6977472688291085,-0.0112945049302961,-0.0191387705223915,-0.0201601411670102,SPY
2012-04-09,-1.207888671792051,-0.8586258630320093,-0.2970617337538762,-0.3403476243748948,-0.7226333928674881,-0.7223119636998074,-0.9028227865701228,-1.232579079293643,-0.5129420561869226,-1.4465492158652247,-0.0169274435853727,-0.0085006753452985,-0.0081357766641332,SPY
2012-04-10,-1.7806082136343633,-0.9568498417367212,-1.0365000819214776,-0.13489158083345143,-0.7307952476430257,-0.7230842215429237,-1.661990746241986,-1.587543190092388,3.085687247945379,-0.7317837209671136,0.0080618073486586,0.0231299999063629,0.0047715789354292,SPY
2012-04-11,0.7601317486271937,-2.1657656655026885,-2.197560209473547,-0.32457376281252287,-0.7367558009031041,-0.724835809762857,-1.2534204054283515,-1.208310029941905,0.38368963170070713,-0.017018226069002582,0.0129807002045625,0.0116830015667748,-0.0092397288982359,SPY
2012-04-12,1.2602518875649393,-0.7412416616254124,-1.6145416240059962,-0.19253968118430623,-0.7391571878798671,-0.725200245735734,-0.6449439724051732,-0.5572237746965703,0.3778316793458745,0.6977472688291085,-0.0119593295599438,-0.0077385510693988,-0.0201597972923126,SPY
2012-04-13,-1.275483595261378,1.4598423117148078,-0.5146255372525887,-0.13281788448366277,-0.7435739427206643,-0.7273216957742944,-1.149322909551845,-0.9725287993643853,0.879054502004142,1.4125127637272195,-0.0006564097532031,0.0058893656986693,-0.0112193538387037,SPY
2012-04-16,-0.1262782781818321,-0.013609330322742334,-1.0640206641717798,-0.13688645022366377,-0.7489484053082933,-0.729646281130281,-1.1259730003228157,-1.511202007320803,0.14180941762319604,-1.4465492158652247,0.0147032316662887,-0.0018992243666842,-0.0216854920547024,SPY
2012-04-17,1.4353873701215805,-1.017229761652129,-0.5539625326602039,0.005363719542645728,-0.7528935629011737,-0.7309122909366493,-0.4142235659049511,-0.8958593843126555,0.13816356364383314,-0.7317837209671136,-0.0033851909909294,-0.0128078200035952,-0.0421466122485654,SPY
2012-04-18,-0.4037225103944503,0.9449961997935865,0.9626137762312668,0.0068260407027658536,-0.7566814101987637,-0.732221241442781,-0.5416635512100457,-0.854623041416757,-0.6733557937359733,-0.017018226069002582,-0.006440852431611,0.0041761104800377,-0.0425934741116176,SPY
2012-04-19,-0.7144017361934376,0.744172080072319,0.4137716680050926,0.026168959038952666,-0.7597402029606344,-0.7340021987918899,-0.7996471268798215,-0.967986307576412,1.7932230089659584,0.6977472688291085,0.0016685872081243,0.0175613837667691,-0.0510949585792248,SPY
2012-04-20,0.11011186842062365,-0.8119226400054433,-0.5174214341201137,0.0030029316001711267,-0.7623701597390194,-0.7348961973099692,-0.7013429963759203,-1.0508458430599863,-0.042691869089663464,1.4125127637272195,-0.0084449998185567,0.0175325684895488,-0.0613593262273726,SPY
2012-04-23,-0.9181700432034134,-0.4399908251498219,0.1359878132500108,0.029882712319759946,-0.764414220467095,-0.7369418107198543,-1.044786989632086,-1.4885923621333337,0.9679115868195725,-1.4465492158652247,0.0037946360293776,0.0222664753992098,-0.0358722215937321,SPY
2012-04-24,0.326274298264451,-0.5874856588179057,-0.23744686934223527,-0.1008797952684531,-0.7623987135872453,-0.7400173818211314,-0.7976962354242096,-1.2693578579492937,-0.23795295319348247,-0.7317837209671136,0.0135987394927035,0.0246727681472922,-0.0379256314023468,SPY
2012-04-25,1.3230899903065088,-0.43101951301268565,-0.7604745181227376,0.03405020563843475,-0.759268327681089,-0.7414335692991637,-0.12914608031470876,-0.5996419734122305,0.20807941910021166,-0.017018226069002582,0.0069444208551203,0.0080857719341072,-0.0509949761636887,SPY
2012-04-26,0.6465233605679169,1.1912851559528495,0.053843431096016574,0.05426309836050854,-0.7573100258087619,-0.7416552846601772,0.20400242518780948,-0.39895933393992555,-0.2693534544514814,0.6977472688291085,0.001639771930904,-0.0065136102556584,-0.0559754818481268,SPY
2012-04-27,0.10718212368555607,1.423092952120572,0.6956188024146691,0.05422908324331709,-0.7526645204457829,-0.7415408201834891,0.27902281572888094,-0.028632196368323422,-0.4452523161869066,1.4125127637272195,-0.0037110929088957,-0.0244433048328369,-0.0608650443900771,SPY
2012-04-30,-0.4368580385037391,0.5429750811201539,0.694237214243732,0.05093376704186666,-0.7486337152098054,-0.7422131729026799,0.11925840788295422,0.4425688967236928,-0.9979812571911585,-1.4465492158652247,0.00620092877746,-0.0200023523513603,-0.0451146897494743,SPY
2012-05-01,0.5709300569381607,-0.24121536340935193,0.9212109038842152,0.04154635545477071,-0.7462609237860133,-0.7429999692299216,0.43232904625135304,0.40465551235460756,-0.14936430608722864,-0.7317837209671136,-0.0029882567204815,-0.0302233691146307,-0.0659321927232188,SPY
2012-05-02,-0.36336488759173174,0.09446207967635711,1.036583925325085,0.03724195476604715,-0.743816553119516,-0.7436722315183496,0.3063683413882146,-0.06988785299504306,-0.793177679115449,-0.017018226069002582,-0.0076549613346452,-0.0331846128791557,-0.065146862294604,SPY
2012-05-03,-0.8378442121852098,0.14765906712043375,0.241297536639228,0.013087433713253962,-0.7416296814455663,-0.7441085321225641,-0.04535383954794477,0.10896898057683342,0.011395763090065548,0.6977472688291085,-0.0162899226462744,-0.0234690197340246,-0.0829911965434595,SPY
2012-05-04,-1.7157893468735477,-0.8720624467363169,-0.4586899589577125,0.15925693787618755,-0.7429876713276562,-0.746104060802449,-0.7601721522257032,-0.4793120125559991,1.72283498486232,1.4125127637272195,0.0007298595725808,-0.010197983194085,-0.0671697518382572,SPY
2012-05-07,0.014668318567890581,-1.8509959403569116,-1.3183538708111446,0.09517738810411448,-0.7425444750105696,-0.7469051173653158,-0.7074833913574923,-0.9983190683554475,-0.5595165821923035,-1.4465492158652247,-0.0040200879858103,-0.0220503907358677,-0.0603560260403117,SPY
2012-05-08,-0.4682745920503627,-1.2339166910444188,-1.1054262848922687,-0.07069989821002279,-0.7436308696965583,-0.746440198902876,-0.9047877016514744,-1.0159737952610026,2.2684569995448456,-0.7317837209671136,-0.0059495004850065,-0.0237881912776316,-0.0341162566557713,SPY
2012-05-09,-0.6644443553352164,-0.33092061691926755,-1.5954870171602047,-0.09201378723363608,-0.7485623027860775,-0.7473414249257426,-1.1583179363191196,-0.998347151368313,2.345376616284488,-0.017018226069002582,0.0020606318104858,-0.0216707436466068,-0.0275606498466745,SPY
2012-05-10,0.1499723424635771,-0.8224868096654687,-1.7374679297521773,-0.21442714660516615,-0.7544799557659094,-0.7493226446765147,-1.0171797768995166,-0.9827247542406605,0.14400754271176117,0.6977472688291085,-0.0030188861063349,-0.038673712356311,-0.021701126273526,SPY
2012-05-11,-0.3664790787638762,-0.3749774294777147,-1.2716404292798225,-0.301180021706928,-0.7613124579170716,-0.7504169960270203,-1.1308311893221148,-0.8043240030730884,0.24731807126763647,1.4125127637272195,-0.0111225479692018,-0.0442506066899994,-0.0314606755286517,SPY
2012-05-14,-1.1904052376549212,-0.15929943935432886,-0.6353422961930721,-0.2241938459555647,-0.7695456695100111,-0.7525198381971431,-1.5916269822081064,-1.3049751521544306,0.6188073325250975,-1.4465492158652247,-0.0057578885275741,-0.0160859539057138,-0.0089129774549912,SPY
2012-05-15,-0.6449625325794703,-1.129512968302875,-1.2036223072323589,-0.4109245669929961,-0.7801230630721913,-0.7566253391649631,-1.7588752420903715,-2.156252462106426,1.9425841154506942,-0.7317837209671136,-0.0038320528539816,-0.0085868391573766,-0.0095704714465618,SPY
2012-05-16,-0.4491564370081208,-1.3310893140190698,-1.2869435487249652,-0.4098584226719607,-0.790829171376691,-0.7607594301661583,-1.8374228725539283,-2.677962005693597,1.835419584062209,-0.017018226069002582,-0.0149423368992183,-0.0042253915720333,0.0048063207848647,SPY
2012-05-17,-1.578775837778852,-0.7945467566295175,-1.185419604421503,-0.3004203490517689,-0.8028217181237389,-0.7656660920400326,-2.3980777048247197,-2.925706865332741,2.7986710209112484,0.6977472688291085,-0.0085957804400234,0.0126808604978672,0.0299238774499164,SPY
2012-05-18,-0.9335004087076217,-1.4704744322748293,-2.0006503676220433,-0.29049579956703614,-0.8131990957325222,-0.7715383527272488,-2.6479662251095077,-2.9563378585663727,3.949087639060398,1.4125127637272195,0.0170421048150837,0.0180268503268443,0.0404561108211503,SPY
2012-05-21,1.673188354692563,-1.8210600291825056,-2.2680422508610416,-0.054898046736852044,-0.8205319297003854,-0.7749858585984783,-1.8025722627551324,-2.412818162735577,0.5884576626561188,-1.4465492158652247,0.001741226220763,0.0130240072434677,0.0330402052355536,SPY
2012-05-22,0.117497317577046,0.5328286824691925,-0.917649165004988,-0.06709522523862216,-0.8267497873308713,-0.7786408335075213,-1.6381973952676674,-2.293465974842378,1.0273236338594347,-0.7317837209671136,0.0005293947313615,-0.0033337931735797,0.0296764431548952,SPY
2012-05-23,-0.005713606222846939,1.2935786592372183,-0.5580937753555225,-0.23152598461437304,-0.8317097881701977,-0.7835904082563079,-1.4979976395570958,-2.15975617075063,1.1634453076276146,-0.017018226069002582,0.0019639151706822,-0.0060661141968081,0.0064526166789988,SPY
2012-05-24,0.1401388411548197,0.07832900091755719,-0.34897816123166236,-0.2828894643489514,-0.8366983428577507,-0.7890477656489596,-1.279264793667985,-1.7507965753190016,0.2919961855122594,0.6977472688291085,-0.0032497906110462,-0.0335293249509911,0.0121607367702507,SPY
2012-05-25,-0.38995590502549354,0.09471775048857073,0.4616153894074996,-0.2981785266619598,-0.8417154652951117,-0.7949771994467133,-1.287722685398687,-1.8604147434080147,-0.45232036436052436,1.4125127637272195,0.0120392617317071,-0.030748012281017,-0.0007541062745684,SPY
2012-05-29,1.1645327178984024,-0.18341065319575084,0.7179362380044824,-0.1462663405997461,-0.8423015281643984,-0.7993902763064352,-0.6255411540064872,-1.193224048185057,-0.05749272292257532,-0.7317837209671136,-0.0146165741962844,-0.0352436886421978,-0.007779926941188,SPY
2012-05-30,-1.5456544641232963,0.5580824998759177,0.4780680329476843,-0.10643021403362717,-0.8445600485889603,-0.8058132394686419,-1.1475806205617398,-1.3949054351751702,0.15824458426732244,-0.017018226069002582,-0.0022029262918668,0.0015925669528167,0.0158126030176672,SPY
2012-05-31,-0.2835177401590705,-0.2784537075738323,-0.3062292474831554,-0.10572330032790848,-0.8465040318324301,-0.8121432189383603,-1.096984696852036,-1.5268724071346549,0.9631182083898381,0.6977472688291085,-0.0254992955835007,0.0044015995687738,0.0151580856788928,SPY
2012-06-01,-2.6521368152610787,-1.3266047404218109,-0.4372341438107051,0.17504131433778478,-0.850363361061656,-0.820075339358662,-2.070211503777475,-1.892032759387719,2.171494046390651,1.4125127637272195,-0.0004684779410721,0.0378210505359088,0.0652784865003885,SPY
2012-06-04,-0.10717062799567928,-2.127516485395753,-1.7539956250155593,0.09002959457382215,-0.852707543030896,-0.826441080716843,-1.940269956844876,-1.728617983554586,0.9926640939719134,-1.4465492158652247,0.0075435853705263,0.0255110931155204,0.0687547532154582,SPY
2012-06-05,0.7074424026104277,-1.9998700993701146,-1.6206417566791302,0.14840397408627717,-0.8568527582819176,-0.8321845819106833,-1.4595224220684664,-1.3516535993790477,0.10774046033116458,-0.7317837209671136,0.02221968139873,0.0293926578494527,0.067782716353645,SPY
2012-06-06,2.1996097255638687,0.4319142404314351,-1.8361931544145325,0.46921045940438866,-0.8571815028792157,-0.835460436282262,-0.35134344961219655,-0.6213663024956023,0.5427717317670092,-0.017018226069002582,0.0006061063240903,0.0007575939315778,0.041040423738166,SPY
2012-06-07,0.0020859156487497556,2.101644874942876,-0.07002812318474366,0.46184584419342584,-0.857495942749238,-0.8380997137355374,-0.2574612630582657,-0.2294721827425541,0.5556530659128928,0.6977472688291085,0.0079201553836343,0.0106962269849324,0.0308854042816735,SPY
2012-06-08,0.7457295238778321,1.5910824658630944,0.06465481615719175,0.4978745663877303,-0.8566811849640955,-0.840188240020335,0.16799154278219264,0.20824495964431286,-0.3915698824964301,1.4125127637272195,-0.0127784353614606,0.0129512913671314,0.0217097778418713,SPY
2012-06-11,-1.3587647967959084,0.5387116547805053,1.6669964414835419,0.5599283375127841,-0.8576674465591528,-0.8431922734322624,-0.3585824942127435,-0.5845878525439466,0.20591526041506258,-1.4465492158652247,0.0114251501044586,0.0276661796598025,0.025729726728592,SPY
2012-06-12,1.1020939534568934,-0.4463210641167477,1.076778571055903,0.5848010142561988,-0.8587823672902044,-0.8440434286375542,0.20080497848112536,-0.3295830542468206,0.47653352596883075,-0.7317837209671136,-0.0064153825191448,0.0258672287848309,0.0144535124132856,SPY
2012-06-13,-0.7118121257801838,-0.18837166542338488,1.2628855406376274,0.5882953258206386,-0.8583392265794434,-0.8449518265155085,-0.07943749677253138,-0.5044542331392934,0.2349753283501464,-0.017018226069002582,0.0105447393774449,0.0306600754440804,0.0160121270789144,SPY
2012-06-14,1.0125796769692708,0.27991595988390616,-0.11006205519850736,0.6350251534343834,-0.8554804914757144,-0.8444940938205813,0.40824196039172317,-0.3065129742474073,1.5373123474229873,0.6977472688291085,0.0101752197658333,-0.0025790956778992,0.0221059975553394,SPY
2012-06-15,0.9750093933885655,0.21512230519247738,0.36645940100061664,0.5581661194087849,-0.8459393217921964,-0.84165095760378,0.8223808080414569,-0.02155279908594684,0.10931651052465131,1.4125127637272195,0.0019364529312104,-0.0050822801817984,0.0095706854558113,SPY
2012-06-18,0.13734666425190273,1.4361044247787813,0.47458157006143525,0.5063636251828897,-0.8359387743508254,-0.8378197887883234,0.8178522102107696,-0.2227241106927697,-0.775638946352608,-1.4465492158652247,0.009626199229487,-0.0231833667688743,0.0144779996680446,SPY
2012-06-19,0.919188655885079,0.8025792729736526,1.1801071649181964,0.42152727791218825,-0.8254568707513839,-0.8346489732254957,1.2008600616823926,0.37745411238626325,-0.6471066868145026,-0.7317837209671136,-0.0016225358598953,-0.0277961249332738,0.0122312080993367,SPY
2012-06-20,-0.22450752140073055,0.7621742143356385,1.0938539864408194,0.42666525023285684,-0.8194362765611745,-0.8318008285356943,1.04981588624678,0.39345559164530414,0.9426104385559128,-0.017018226069002582,-0.0226944317445347,-0.0171976333108077,0.0164712778421067,SPY
2012-06-21,-2.366957012826175,0.5002511326351667,1.3236536235884846,0.6926221669273777,-0.8178979275618083,-0.831188396630979,-0.04756980163675202,0.4537316372072443,0.8870122121658296,0.6977472688291085,0.0076720352619341,0.0026393548030858,0.0299748459920605,SPY
2012-06-22,0.7205023287806639,-1.8783793616151279,-0.2700442361540453,0.7150186089402423,-0.8163949302839798,-0.8300286151456979,0.2863506057138767,0.5938373066705854,-0.8842766979739793,1.4125127637272195,-0.0161646336558654,0.0195884247791466,0.0121394015799261,SPY
2012-06-25,-1.7030507999837712,-1.1943472237793347,-0.390062866334834,0.8283327924887836,-0.8155510069810292,-0.8300998398054859,-0.47295204699474175,0.01409837576317662,-0.4900998311587265,-1.4465492158652247,0.0050134410650874,0.0387608472090095,0.0196804108746935,SPY
2012-06-26,0.4501942456293541,-0.7137880147870834,-1.2579444042640813,0.7750275288312876,-0.815917132930752,-0.8308409407728146,-0.21986433218443596,-0.3383680284581138,-0.6053577517834257,-0.7317837209671136,0.0089759557625708,0.0403189546526352,0.0148908959259035,SPY
2012-06-27,0.8530762475558001,-0.9094467330076313,-1.4791094503819806,0.7117590061506854,-0.8133585190681872,-0.8293388927638946,0.16599908119210985,-0.15136733345077982,-1.3508331355624967,-0.017018226069002582,-0.0028574436306412,0.0268203876733155,0.0222777979148327,SPY
2012-06-28,-0.35006468720471107,0.9407700119001059,-0.9709501658667834,0.7137018534032945,-0.8133470224603576,-0.8279026574814372,-0.004802988105682081,-0.3991435231362618,0.056652295633278095,0.6977472688291085,0.0246211052379949,0.0201289181715544,0.0433998793046805,SPY
2012-06-29,2.443770446141483,0.3615137972229677,-0.019838437333185244,0.60095419605817,-0.8105308539989207,-0.8217191688907568,1.0140687138620927,0.4266167820101585,1.0194232017172007,1.4125127637272195,0.0030077887739974,-0.0057476581226083,0.0187787740666856,SPY
2012-07-02,0.2462729300274484,1.5129155028165082,0.7928080768156838,0.5941489510041371,-0.8074992110255532,-0.8151979909642627,0.9942965686428867,0.28900163454109673,-0.8745490310964884,-1.4465492158652247,0.0065715485087132,-0.0175139333713456,0.0087524560266887,SPY
2012-07-03,0.6086121933288626,1.9445661307003557,1.7120562879224723,0.5908100694056811,-0.8050422455262946,-0.8087235100922809,1.1481779696275396,0.5947346458171204,-1.9156668949896503,-0.7317837209671136,-0.0045226112167489,-0.0239365460909066,0.001308819844012,SPY
2012-07-05,-0.5193677944108915,0.6162125450764034,1.786761896225478,0.43099531594885193,-0.8031600687137949,-0.8047690424102614,0.8311114618667349,0.2720252674432872,-0.8738907225543083,0.6977472688291085,-0.0095489131324022,-0.0242707027276738,-0.0010968042189558,SPY
2012-07-06,-1.030408568430283,0.062014235449081696,1.139554502708146,0.49438175597366263,-0.7987778175980688,-0.8018064332437722,0.30166625311374584,-0.21775752279691474,-0.31053435619084074,1.4125127637272195,-0.0012554710561678,0.0019168202585984,0.0280906876436768,SPY
2012-07-09,-0.1871868262733675,-1.1243679757079168,0.8187227772612581,0.476130377395145,-0.7961053358821354,-0.7997170652572616,0.19066930260198403,-0.2964882168622854,-1.3291780295883608,-1.4465492158652247,-0.0087584864747398,0.0008121989810714,0.0312818669789711,SPY
2012-07-10,-0.9500432705003335,-0.8839234367014193,-0.4219653285321367,0.428065674136981,-0.7920535809629661,-0.7972673167697625,-0.28201684841846425,-0.7604637316407588,0.08336823239236421,-0.7317837209671136,0.0001489357891522,0.0164144525992551,0.0450414835284895,SPY
2012-07-11,-0.04439612780073515,-0.8257521419363104,-0.9861156080995578,0.3728886767220267,-0.7889214295559697,-0.7958832252562055,-0.3086608057866938,-0.7184781799437461,-0.48972511479969677,-0.017018226069002582,-0.004856767853516,0.023644924470882,0.0461033100954786,SPY
2012-07-12,-0.5533426071385864,-0.7223950957419683,-1.294056624665735,0.36253515317345064,-0.7884329557882152,-0.794358493038323,-0.5725475367160123,-0.22984987455547967,-0.44700712347128074,0.6977472688291085,0.01663860985387,0.0311192262072728,0.0518141717427109,SPY
2012-07-13,1.6321636847161332,-0.43524887944790175,-1.3100782250504237,0.4412873033626007,-0.7841801005922985,-0.7922246539852997,0.15708802767470126,0.0005364368423794346,-0.757372311404861,1.4125127637272195,-0.0023600923336948,0.0052897527588218,0.0368097087079926,SPY
2012-07-16,-0.2994973325140804,0.7783054475734923,-0.05448135164996783,0.40169757466462075,-0.7851428407116017,-0.7912972169537332,0.022873539361715597,0.4873689736202648,-1.4019305029853473,-1.4465492158652247,0.0068437671434438,-0.0025135640576836,0.0386727854441115,SPY
2012-07-17,0.6362895641135315,0.9620477925316778,-0.10744394086016454,0.4206313889681844,-0.7853583708298575,-0.7898880622065388,0.31242063192666436,0.5299418625838582,-0.5050273254358477,-0.7317837209671136,0.0073794076607791,-0.0179809555622254,0.0319710086955931,SPY
2012-07-18,0.6907499107398842,0.24119826530148816,0.6406276072301906,0.40270922506371865,-0.7854159372784962,-0.7886874268852455,0.6345141670938463,0.5017510254256379,-1.0224782266571222,-0.017018226069002582,0.0026175338828746,-0.0251364371067071,0.0257278286366222,SPY
2012-07-19,0.20659442185762486,0.9579748562110861,0.9873025439923946,0.401755277865696,-0.7840653152345555,-0.787069766624575,0.7198374883902148,0.6742823264796103,-0.6657086420039218,0.6977472688291085,-0.0091908635945809,-0.0113911132380817,0.0304610985898632,SPY
2012-07-20,-0.9940044852661504,0.6469460487139641,1.3456682395942068,0.15166489830938928,-0.7826573352656977,-0.7841723928189106,0.21084024301875906,-0.36688104781242437,-0.3841918843738437,1.4125127637272195,-0.0101634091502003,0.0160643881157058,0.0409892992611258,SPY
2012-07-23,-1.0928864151329234,-0.572539812737157,0.10723854464153487,0.19829031800411812,-0.7829878453638358,-0.7830004936114545,-0.2966291386300493,-0.8248622448480011,-0.3390029721164898,-1.4465492158652247,-0.0086236243610979,0.0262277972659061,0.0512228659879259,SPY
2012-07-24,-0.9363313924440608,-1.513150807249711,-0.2669022323266996,0.08321936709729705,-0.7832895235821192,-0.7811239926836583,-0.7440056019620368,-1.3247552996239846,0.2460914747927314,-0.7317837209671136,0.0002239261162975,0.0278328923610047,0.0568176851017758,SPY
2012-07-25,-0.03677161270566044,-1.4714049471709794,-1.0085076305518037,0.07318202109188421,-0.7835768136636382,-0.779700452489014,-0.7675712799108412,-1.1989238970560627,-0.7104501918491986,-0.017018226069002582,0.0163628577515,0.0267368785707438,0.0570173101127826,SPY
2012-07-26,1.6041270545658879,-0.7069510465416139,-1.3515870527497567,0.17437907949221387,-0.7797548657868376,-0.7775435605477656,-0.05415096340766742,-0.3045270638634133,-0.12648755060036462,0.6977472688291085,0.0182646377592066,0.0034457855395269,0.0324412631630481,SPY
2012-07-27,1.797487330860923,1.1319242014334563,-0.6925485601680086,0.3151364266567372,-0.7755450637885624,-0.7733089314073074,0.7103750177589659,0.21532174029976667,1.5462296906143562,1.4125127637272195,0.0,0.0048197265105507,0.0202010719556691,SPY
2012-07-30,-0.0595389230893537,2.4596268346614822,0.6238432832120901,0.012249967440467812,-0.7708754808865732,-0.7714540643003854,0.6649361307556404,0.5326066807229686,-1.1950244079198127,-1.4465492158652247,-0.0070185292659994,0.0067554347896772,0.0204136200682114,SPY
2012-07-31,-0.7731360544920527,1.2554055293261586,1.1111419390937718,0.0453612582223855,-0.7689357376254344,-0.7705912852640064,0.30937442382891295,0.2650270649873083,-0.8739306714507517,-0.7317837209671136,-0.0008720876739634,0.0187750941304551,0.0264421066499132,SPY
2012-08-01,-0.14820696718894893,-0.6053041865737745,1.1881004350909943,0.02170988244320001,-0.7686196017624799,-0.7704618997115058,0.264841663519332,0.40521254384454375,-0.5088344182783213,-0.017018226069002582,-0.0069282352797168,0.0208579441605598,0.0280916888956319,SPY
2012-08-02,-0.7639555656528424,-0.6694853078092005,1.1355505437180393,0.038599434199901445,-0.7701856705151875,-0.7705697070928317,-0.0601121050803181,-0.25877183787076463,0.7846303168671609,0.6977472688291085,0.0196385787302304,0.0286402732339929,0.0277861794402767,SPY
2012-08-03,1.9371804629233442,-0.6628401396071367,0.018826995507494778,0.1882228766371906,-0.7660476701849201,-0.767794553940793,0.8062499069104119,0.3118305542387624,-0.0749471085163248,1.4125127637272195,0.0019357082791264,0.0106358413229141,0.0129052421246349,SPY
2012-08-06,0.1372709530065839,0.8466383295979929,0.08470248851836851,0.1840929586396797,-0.7595389914712359,-0.7647030600691026,0.8234514089737749,0.20920160660912918,-1.538298824976715,-1.4465492158652247,0.0050011300747785,0.0082031174462118,0.0100482451241514,SPY
2012-08-07,0.44894254644335563,1.498978516437943,0.17751268917616614,0.12421614271332389,-0.7503579283526881,-0.7602599045465311,0.9550840608636022,0.15780793687326966,-1.0265541581429578,-0.7317837209671136,0.0012107623561412,0.0033439777663586,0.0041958403285962,SPY
2012-08-08,0.06356329838862498,0.421738354948963,0.7538118181747596,0.1222346491846693,-0.7409757093510678,-0.7557088929491461,0.9020999722818943,0.12520718948197865,-1.376699982740708,-0.017018226069002582,0.0008540937937162,0.0032694430120256,0.0230787920412822,SPY
2012-08-09,0.027299623569886078,0.3683861020031198,0.8536769328300264,0.09233447045920928,-0.7345963292461227,-0.7506042503113086,0.8188505768203973,0.4980009514210854,-1.3117127557632595,0.6977472688291085,0.0016341468191516,0.009766153054425,0.0261119296465368,SPY
2012-08-10,0.10661019993084896,0.06318578067197159,1.2268114235376195,-0.034986332426691656,-0.7314928150968408,-0.7469447399517156,0.8084636060437331,1.0005483973231117,-1.0820454848979797,1.4125127637272195,-0.0004970155975758,0.009469343311955,0.0187798793143842,SPY
2012-08-13,-0.11007214611239488,0.09434467714641048,0.36356412722966325,-0.04284351683603649,-0.7284898510859329,-0.7431054741049093,0.6917698716721189,1.4510383740273431,-1.446170370598349,-1.4465492158652247,0.0001419903949253,0.0100365164861306,0.0220606915604371,SPY
2012-08-14,-0.04510228905032723,-0.005089953377309327,0.24692382890762418,-0.057656166205780325,-0.7240645884773093,-0.7399204887372188,0.6218018520366078,1.4499665619815967,-1.0330865049959415,-0.7317837209671136,0.0011362276018083,0.0068657208439573,0.0252484836583679,SPY
2012-08-15,0.05598510289125412,-0.11490491261213133,0.01394568154187115,-0.08039180560205915,-0.7192368750867262,-0.7373465579441688,0.6142145460263073,1.1800799673098328,-1.6500366957761161,-0.017018226069002582,0.0073508038361156,0.0061530443694532,0.0392338320453831,SPY
2012-08-16,0.6878416650870661,0.005293300154954789,0.010372010043835828,-0.05847152380033672,-0.7115501207576224,-0.7342838280111661,0.8927890299263334,0.8960676716868436,-0.7263929997724217,0.6977472688291085,0.0013373370766815,-0.0094109486648967,0.0363075877678502,SPY
2012-08-17,0.07643256972203942,0.5358245107726852,0.3218657248523022,-0.1375638892439312,-0.7074839777016885,-0.7301785565983583,0.8581220848610326,0.9388659282750761,-1.152865787999805,1.4125127637272195,7.015757659978306e-05,-0.0047238391897508,0.0315682844901212,SPY
2012-08-20,-0.052405769759025396,0.5506251231122398,0.3076347727750291,-0.24197844577814656,-0.7037914396462784,-0.7250739696102205,0.7389572498094413,1.5883812833995465,-1.3691841306333359,-1.4465492158652247,-0.003028805247248,-0.0045814486538082,0.030680254681914,SPY
2012-08-21,-0.3674875906946959,0.014807390325602783,0.3348286721195684,-0.31186670609636646,-0.701722508989052,-0.7194445850824432,0.4600458973851077,1.3621949815767194,-0.7619087834450893,-0.7317837209671136,0.0004235511273043,-0.0025426860908579,0.0342549759843953,SPY
2012-08-22,-0.016475076236007306,-0.30651799723514883,0.18280050601193015,-0.31262124664926466,-0.6998115420014422,-0.7137935876024281,0.3464062809747171,2.13279943685315,-0.1605345560838633,-0.017018226069002582,-0.0082131891982344,-0.0021887426464068,0.0338994208352643,SPY
2012-08-23,-0.894601089164562,-0.28051006821752683,0.14863025044394493,-0.3819122274251139,-0.699739768136597,-0.7105654945858749,-0.11779716786077399,0.41002988119878303,-0.6081482446738972,0.6977472688291085,0.0060244465518275,-0.0012092981832445,0.0416940085547219,SPY
2012-08-24,0.5529865241577238,-0.6620537877578394,-0.597606841235188,-0.6073584581699213,-0.6987771948362707,-0.7085308650355273,0.11882318903219193,0.6576871311526655,-0.835157069068223,1.4125127637272195,0.0002125481125423,-0.0024761033204834,0.0341605890935845,SPY
2012-08-27,-0.03792845205662434,-0.24985698805469495,-0.3728769190747801,-0.607717087585184,-0.6976708513809524,-0.7064746086205175,0.08071705779226813,0.3659400841995779,-1.4889988533567073,-1.4465492158652247,-0.0009900426842976,-0.0036099401543827,0.0232491290190699,SPY
2012-08-28,-0.16019984401811965,0.37023349594806443,-0.3660498086288985,-0.6670577655276437,-0.6967944678853977,-0.703821717859379,-0.0279743727059843,0.15817438220140642,-1.2909080372504844,-0.7317837209671136,0.0007774945717553,-0.0034711721908617,0.0186019651879494,SPY
2012-08-29,0.01951152680668288,-0.14599646293016397,-0.26829852833453055,-0.6716034703128735,-0.6959900389752467,-0.7010034501022655,-0.05696354896112987,0.15263638790318812,-1.4537104173462618,-0.017018226069002582,-0.0072337447350721,0.0158450473062101,0.027201904670008,SPY
2012-08-30,-0.7950177245034259,-0.10441933912392162,-0.2513282221911678,-0.6665448650548286,-0.698145215043571,-0.6982355035863766,-0.46043443874748696,-0.673110612032842,-0.7405415795999242,0.6977472688291085,0.0047576414145886,0.0269660234402531,0.0297929865130432,SPY
2012-08-31,0.4241862473876079,-0.5639233663479638,-0.20436740782698987,-1.0546657993979522,-0.6996107614610673,-0.6969341910015706,-0.26774498739106056,-0.2624062786743172,0.5026275073808433,1.4125127637272195,-0.0009212887213569,0.0165104785126635,0.027671208979588,SPY
2012-09-04,-0.15320940074039047,-0.27100524047452906,-0.2651061256644351,-1.0541130396471463,-0.7012774081553115,-0.6959204551977283,-0.3343416707550761,-0.3437272103162777,-0.1995798096121374,-0.7317837209671136,-0.0008512747207767,0.0202155638824974,0.0296309012291473,SPY
2012-09-05,-0.14609084525981525,0.1935587211605249,-0.3194694949810567,-1.0838726778127294,-0.7024986342794425,-0.6954962723156886,-0.38397655270537084,-0.4886897368296284,-0.6139285267977513,-0.017018226069002582,0.0200937140688273,0.0243966210961303,0.0345569205624487,SPY
2012-09-06,1.983455581215737,-0.21922836118313116,-0.31281607376147613,-0.643347547477199,-0.6996968539547698,-0.6931380606284769,0.5103989155981149,0.242048143569185,0.6951483601382099,0.6977472688291085,0.0038872313989708,0.0194244830161265,0.0216058855691967,SPY
2012-09-07,0.3356887763721335,1.3273666453829558,0.6133266858708183,-0.6367516752172968,-0.6944238173051435,-0.6904635708275263,0.6332388019406311,0.3506595321320345,-0.44046751350398683,1.4125127637272195,-0.0056979035130009,0.0199618111757384,0.0177869480646304,SPY
2012-09-10,-0.6388636573444622,1.6760960734279302,1.1465372102256908,-0.5935628203994135,-0.6915502214108818,-0.6885439900757172,0.3168140761696757,-0.010751423550999104,-0.9072140477854436,-1.4465492158652247,0.0027837966484769,0.022257748487692,0.0200576902390574,SPY
2012-09-11,0.22349890826728386,-0.22203296141326825,0.6452317019627933,-0.5928261768061598,-0.688145042944898,-0.6862864695644434,0.3965059924919893,0.27917968606177845,-0.8222349468202751,-0.7317837209671136,0.0033297824928562,0.0186560796076076,0.007337183923787,SPY
2012-09-12,0.27901109858085804,-0.3032400253486808,0.8228771252616636,-0.5895959705801077,-0.6838489816339437,-0.6836982298422806,0.49469514446713747,0.38497743685116614,-0.824546813365537,-0.017018226069002582,0.0151215759888234,0.0158722131699846,-0.0023933375314495,SPY
2012-09-13,1.4779218238775211,0.36115075474802716,1.0233436744537294,-0.43265706036392404,-0.6765499980168257,-0.6796433631452482,1.1251530581402105,1.302982813770928,2.3044834680833657,0.6977472688291085,0.0044245595585827,0.0008186331593345,-0.0169567566428874,SPY
2012-09-14,0.39032071118196066,1.2691472042563203,0.784947663092106,-0.45181914426451214,-0.6668515875459249,-0.6758688039871175,1.2500283685822924,1.276852633042337,1.0839241409973972,1.4125127637272195,-0.0034019662010473,-0.004024527878025,-0.0246651601947984,SPY
2012-09-17,-0.4054281016038226,1.3497171075801824,0.8107106020899025,-0.4306546988760405,-0.6588342953155207,-0.6725903758169136,1.0085170764257825,1.0456370664878532,-0.053148393484504806,-1.4465492158652247,-0.0008178722316074,-0.0021315345862875,-0.0129695740188697,SPY
2012-09-18,-0.1426947034828773,-0.013519345005570957,0.920792480086671,-0.42787389758578603,-0.6508026010467703,-0.6694053695805855,0.8945706725584943,1.0543555595209675,-0.5451131798585206,-0.7317837209671136,0.0005459160552332,-0.0120125743166523,-0.0020695325553754,SPY
2012-09-19,-0.004033828469559865,-0.39933508388135,0.7481055028865629,-0.4445712637367003,-0.6424834498775246,-0.6658536387774682,0.8379101649490278,1.049899189728871,0.18023759700869998,-0.017018226069002582,6.799597817330749e-05,-0.0181956968873038,0.001909580479614,SPY
2012-09-20,-0.05262554663505127,-0.10879146392397598,0.6146291906413673,-0.4437212109673266,-0.6382592597424848,-0.6623379133302509,0.7593804423668168,1.5424333393576353,0.7893955231934271,0.6977472688291085,-0.0004186014787768,-0.0088862588116631,-0.0007609479823109,SPY
2012-09-21,-0.10209952277270021,-0.04359616685923263,-0.1071354453176772,-0.5253879625843721,-0.6349278291659068,-0.65803232386608,0.639567940955211,1.4261190344853327,-0.29376741422767083,1.4125127637272195,-0.0015089729093098,-0.0131103202249232,-0.0171474926690091,SPY
2012-09-24,-0.2129611998424489,-0.11457964550726123,-0.33934747465207654,-0.5301348953939632,-0.6307358767981686,-0.6544967940818747,0.48599174363932424,1.3759845984382721,-0.5820108672140396,-1.4465492158652247,-0.0106989119619722,-0.0089654834344798,-0.015498857068696,SPY
2012-09-25,-1.147332760778259,-0.23063636133271093,-0.2485853029216839,-0.40846675341211697,-0.6293576323119572,-0.6521032170103135,-0.07564760891298604,0.6997783350044163,0.3689420406531239,-0.7317837209671136,-0.0056372065154182,0.0027718320556946,-0.0187734289726124,SPY
2012-09-26,-0.6326923924372118,-0.9872137940364347,-0.7223453678921437,-0.3764268712015722,-0.6298390996826788,-0.6501944323003038,-0.38348202393797626,-0.36354262971065554,0.6976264357823927,-0.017018226069002582,0.0093774340538139,0.0124837831836375,-0.0159685761584693,SPY
2012-09-27,0.8938958760126372,-1.2910303361940028,-1.0188036992750522,-0.32445102849512625,-0.6315314643025397,-0.64738893614934,-0.006360623402813508,-0.10573726911954842,-0.19428866687140786,0.6977472688291085,-0.0046426628920368,0.0102490282053988,-0.0224430201007406,SPY
2012-09-28,-0.5315738461147074,0.18648440925303209,-0.5724498632510387,-0.3535503797195158,-0.6351255235552077,-0.6443343797660249,-0.29373632131447025,-0.050115498445298896,0.7837720827574297,1.4125127637272195,0.0026358638811334,0.0149599849918402,-0.0183660648523247,SPY
2012-10-01,0.2084580935301877,0.2596776520563243,-0.774978308049776,-0.3609544741276677,-0.6374522312366094,-0.6414868680915614,-0.23420061279636462,-0.05543492326721065,0.41627633207406683,-1.4465492158652247,0.0010384035282022,0.0088969597721328,-0.0210019287334581,SPY
2012-10-02,0.04603900511752071,-0.23646688190264492,-0.5762483969557012,-0.3651279751455562,-0.6393899448668611,-0.6384375010427713,-0.254063024056048,-0.15632418967705555,-0.1618396344289973,-0.7317837209671136,0.0040747446125246,-0.0020781534228628,-0.0116244103152673,SPY
2012-10-03,0.35475386625361593,0.18163008649822857,-0.013486632916269297,-0.3650741527639515,-0.6405904576346844,-0.6348754054830287,-0.14272086200439935,-0.7816766112616261,0.05883591769412436,-0.017018226069002582,0.0071426790755753,-0.0125536369977679,-0.024630461883377,SPY
2012-10-04,0.6666809309123282,0.28752423157315693,0.4521662460236566,-0.6352413115125976,-0.6403030007341881,-0.6326178223658427,0.14335065865629462,-0.603091450499568,0.14510013684511255,0.6977472688291085,6.829389440454747e-05,-0.0191381591959576,-0.0297265589569812,SPY
2012-10-05,-0.05259525650446208,0.7367671926390592,0.3450178393200701,-0.6424618517903633,-0.6399129084581058,-0.6307556094985214,0.10452761567623117,-0.38884030097980354,0.16737544090384074,1.4125127637272195,-0.0034271613385739,-0.0224902970836904,-0.0220003580947256,SPY
2012-10-08,-0.4079897747383034,0.44191323822550616,0.5708911536797834,-0.6665938640531447,-0.6399273243980329,-0.6286652119925608,-0.10419361678171207,-0.552053479025683,-1.0090238409103762,-1.4465492158652247,-0.0099367096667934,-0.0107695157702352,-0.0414974466343558,SPY
2012-10-09,-1.0698371273236773,-0.3359720929322409,0.28019105527019367,-0.5652987292949333,-0.6397828869671329,-0.6279032771687948,-0.5865477860962967,-1.0759641282738632,0.7843489311763912,-0.7317837209671136,-0.0064007389623803,0.0092493631284451,-0.0436580155158345,SPY
2012-10-10,-0.7103232668320133,-1.0722883667350895,-0.24602586948730876,-0.5366448121391691,-0.6397973446118042,-0.6281514330935208,-0.8783321829504381,-1.3165878610672366,0.15707451023044045,-0.017018226069002582,0.0005581568773855,0.0201751311810483,-0.0363883947784158,SPY
2012-10-11,-0.002789263512595473,-1.2911282284534862,-0.7482873636692373,-0.7702977213668558,-0.6416462966447226,-0.6299234725782048,-0.8133251312079253,-1.269857356954021,0.13602882213634426,0.6977472688291085,-0.0032838439933282,0.0170144418199109,-0.0361505305492899,SPY
2012-10-12,-0.39341822526240067,-0.518760584544046,-1.0639913532835588,-0.7971678872974169,-0.6432064155205842,-0.6325025718371423,-0.9084024601399704,-1.3276164118614064,0.1534838831533802,1.4125127637272195,0.0082936199748813,0.0034931396477642,-0.0363441183613408,SPY
2012-10-15,0.7837009066125867,-0.28937331092547885,-1.2247142232262749,-0.7136823995924577,-0.6435964938950847,-0.6338620244460238,-0.49276284698070133,-0.47430615855332703,-0.25783058461399033,-1.4465492158652247,0.0100821692318868,-0.0046608176361138,-0.0582284770083125,SPY
2012-10-16,0.9655486372125696,0.2799165778034898,-0.6627452130721095,-0.6078160518412222,-0.6420943029089786,-0.6340799556274375,-0.014793591962069284,0.2132425190804487,-0.21399060102095807,-0.7317837209671136,0.0045250290902227,-0.0287164707338893,-0.070004234148735,SPY
2012-10-17,0.4005357814416225,1.26358569829818,0.2970875197656521,-0.5891971507217478,-0.6404909084101724,-0.6338783576329742,0.194534873752056,0.038475055041715334,0.330417384542028,-0.017018226069002582,-0.0026025324837517,-0.0360738535253872,-0.0696042845259912,SPY
2012-10-18,-0.32414702606961604,0.9862369916529584,0.820938523678412,-0.5828831811183676,-0.6409387061507071,-0.6339585905879491,0.07322151508963141,0.15136199256869823,0.8285157989160006,0.6977472688291085,-0.016805146165475,-0.0305683309300928,-0.0469649036869199,SPY
2012-10-19,-1.7681738296331846,0.052708858011679176,0.6693949171404984,-0.35923085695437984,-0.6449110413352537,-0.6357511091622333,-0.674347780315822,-0.7309612841378836,1.7687381627290482,1.4125127637272195,0.0001396626910032,-0.0143288924082387,-0.0297282108744108,SPY
2012-10-22,-0.04533895442260289,-1.517081204307528,0.02109745347622245,-0.358895716912511,-0.6481322323712122,-0.6373701745778286,-0.6318043721135502,-0.7700460890720281,0.28925841360357535,-1.4465492158652247,-0.0139734838658887,-0.014468555099242,-0.0280014364257379,SPY
2012-10-23,-1.4802693388911028,-1.3152698885228524,-0.36985526384816947,-0.30188689912811467,-0.6521478570802848,-0.6393072780289254,-1.2350738068650404,-1.372246098030309,2.066149808168871,-0.7317837209671136,-0.0028323537012751,0.0099208507130397,-0.0004950712333533,SPY
2012-10-24,-0.3475137109325909,-1.1068742572423662,-1.5232366979382246,-0.3160064285290999,-0.6554122820344432,-0.6409479981340337,-1.3289683575072408,-1.7945690779746173,0.0926555474083631,-0.017018226069002582,0.0029029901115427,0.0038218974587298,0.0002125634418614,SPY
2012-10-25,0.23561770269017734,-1.3255992204328202,-1.875996553624373,-0.3867048747448166,-0.6582000634666313,-0.643268173251295,-1.144462394499728,-1.651109585029574,0.4869123750941755,0.6977472688291085,-0.0005657076436209,0.0029654893491581,-0.0078079591769535,SPY
2012-10-26,-0.11705629409414238,-0.08357842973707262,-1.6120266867258908,-0.3969122759163672,-0.660424483311983,-0.6451619186298794,-1.128631395452933,-1.5835368352639083,0.8661901618225455,1.4125127637272195,0.0,0.0113256917494393,0.0007779951442907,SPY
2012-10-31,-0.0595389230893537,0.08323494209164434,-0.8334044304511109,-0.4065697919145502,-0.664367819797698,-0.6473303161466025,-1.0806015899144374,-1.3107783098133425,-0.3391483302636814,-0.017018226069002582,0.010415921946393,-0.0115985581287647,0.0054326884360893,SPY
2012-11-01,0.9994823818253129,-0.1304100455130972,-0.8401007506126764,-0.31171908455018665,-0.6682822687972332,-0.6485373859644586,-0.5708975562047052,-0.5941747366626836,-0.4203902861109446,0.6977472688291085,-0.0089313069555849,-0.03411175862343,-0.0047722474033893,SPY
2012-11-02,-0.9676145015524188,0.6777808292369609,0.32928291725269876,-0.28234616970391163,-0.674984596540026,-0.6510888412349207,-0.92850284590012,-0.9240905549273719,0.6407937485452321,1.4125127637272195,0.002046582001971,-0.0243115698928066,-0.000777445377988,SPY
2012-11-05,0.14854385186776412,0.020483046432543523,0.03686019971880421,-0.3276004007362904,-0.6807191239878809,-0.6541824150141488,-0.7645657613438254,-0.735372803187365,-0.5155086657834875,-1.4465492158652247,0.0077944947566601,-0.0255621307882663,-0.0042387307788001,SPY
2012-11-06,0.7329531914667874,-0.5954568844602063,-0.0042014671405130365,-0.2676766446198557,-0.6813402188423333,-0.6564809215294722,-0.3494478474733398,-0.7578878703261025,-0.2705720639509153,-0.7317837209671136,-0.022924249878204,-0.0368340573503056,-0.0102648527175102,SPY
2012-11-07,-2.3903233841434828,0.6354752104455988,0.3966399564752574,0.03276446869871947,-0.6866702658773416,-0.6607598756559804,-1.3159087661668705,-1.7801371522169573,3.6821151415404834,-0.017018226069002582,-0.0120972785482722,-0.0275005461441919,0.0160455360345226,SPY
2012-11-08,-1.2895093260975994,-1.2022482617453631,-0.7024947912904028,0.05611324478225895,-0.6915525985813038,-0.6652123246784525,-1.7694774631823698,-2.180819852770472,1.52988351301992,0.6977472688291085,0.0008688817750384,-0.0170968555044552,0.0311667133032127,SPY
2012-11-09,0.028803166641492267,-2.666179414755854,-1.781921209976794,0.04938311396105053,-0.6956838427430032,-0.6689130436408957,-1.6482579564019872,-2.1046545586337584,1.9127934394764314,1.4125127637272195,0.0007960211065114,-0.013040758566527,0.0307189003248202,SPY
2012-11-12,0.021395180996290772,-0.9151285596656837,-1.3120376575936386,0.05010139845306336,-0.7002483574926595,-0.6725920592203386,-1.5303755221655015,-1.7699368094591366,-0.6034373613180903,-1.4465492158652247,-0.0034774318053791,0.0062000686822809,0.0367085102504605,SPY
2012-11-13,-0.41310093970562045,0.03375129837376327,-1.371997522876017,0.050469395952371515,-0.7053906636706604,-0.6762782953483567,-1.6070367751944752,-1.8451719909539686,0.012043535411368416,-0.7317837209671136,-0.0135907386720903,0.0101090471346942,0.0406742040403926,SPY
2012-11-14,-1.441354366537017,-0.28611479669922035,-1.9124455734959727,0.05799373773826391,-0.7132196728823821,-0.6821690595608231,-2.0926217650465326,-1.8272711550147254,1.6192119887770087,-0.017018226069002582,-0.0016935879085355,0.0255662229464608,0.048113731043017,SPY
2012-11-15,-0.23173161866788242,-1.3449055594891373,-1.4649375180610322,-0.05028400010518723,-0.7235187150798925,-0.6892813486007203,-2.01176243445084,-1.8032987358617334,1.2566240861055433,0.6977472688291085,0.0049249787129665,0.0407926921814922,0.0460843146905629,SPY
2012-11-16,0.44119998510579683,-1.2136239179449198,-0.9661182350793359,-0.0460832227640352,-0.7310155738068699,-0.6963864796979555,-1.629906224010531,-1.7118648571020683,2.5159983081715267,1.4125127637272195,0.0200368483553194,0.0337429944424654,0.0528434533098245,SPY
2012-11-19,1.9776738556580782,0.14903666966601756,-0.7716430784888663,0.26355625980625424,-0.7349446472700529,-0.7012220490800791,-0.5971234580592588,-0.9180364569148664,0.524388947766461,-1.4465492158652247,0.0004315466470341,0.0085886135798736,0.0438737991846114,SPY
2012-11-20,-0.01566214524619166,1.7482838623372765,0.15088489591733378,0.142328382653418,-0.7403902859545258,-0.7042577819523691,-0.5070553396440949,-0.9041454872064401,-0.19193602988400993,-0.7317837209671136,0.0018664371396761,0.0161773136104628,0.0359856637203215,SPY
2012-11-21,0.13022792667908856,1.4175906111919088,0.3383062540050298,0.14720559145747297,-0.7407802948211193,-0.7071200407973326,-0.353587025786001,-1.2094777554336806,-1.0353499638413008,-0.017018226069002582,0.0135328813264958,0.0189655697625852,0.039854426920094,SPY
2012-11-23,1.3163939722799223,0.08034276335947817,1.0794218467638097,0.16275456732817367,-0.7359990683187873,-0.7071706333308457,0.28556229124469573,-0.5119421861540905,-1.3954357701186084,1.4125127637272195,-0.0021247190260602,0.0056436745430037,0.0172033786697545,SPY
2012-11-26,-0.2755661482486689,1.0445329182173622,1.809475894810114,0.16075239004742986,-0.7318245207309806,-0.7071489647289081,0.1843168739278389,-0.6357715983409087,-0.6374051134391333,-1.4465492158652247,-0.0051175325072723,0.0028318886388802,0.0162413619677499,SPY
2012-11-27,-0.5798554137166205,0.750804563385235,1.4714684229243458,0.16916246424189316,-0.7288488872291339,-0.7079440250365995,-0.03887475169037844,-1.0348841062138165,-0.019742484723192757,-0.7317837209671136,0.0080202466776233,0.0065347177473116,0.0171353617192391,SPY
2012-11-28,0.7559061374619551,-0.6217689829370959,0.2654069722116875,0.2070298413153895,-0.7235476720739797,-0.7078645085715115,0.33883123187389935,-0.028200797659371536,1.063845580565578,-0.017018226069002582,0.0046546932917985,0.0002828438876383,0.0077739120290258,SPY
2012-11-29,0.4137191705511266,0.12484777727717095,0.6292576516584077,0.21831808676272552,-0.7146064251364196,-0.707307955921809,0.5473580549594708,0.656417886321598,0.4662205084127583,0.6977472688291085,0.0002109861069143,-0.0009857105303314,-0.0077478594709861,SPY
2012-11-30,-0.038087266345648595,0.8440328173542876,0.7629444348138705,0.15722659194639083,-0.7052896130753561,-0.707799454072211,0.5690515913784703,0.640476392901416,0.12604108415827,1.4125127637272195,-0.0049365049301837,0.0018272020831719,0.0088944026202613,SPY
2012-12-03,-0.5614497399893612,0.2693118180654692,0.12420781225344514,0.1258338310639144,-0.6979516633255319,-0.7078789705372994,0.335806461749671,0.37116595457770307,-0.15866166510405083,-1.4465492158652247,-0.0014147033988409,0.0071847758100016,0.0391382942437106,SPY
2012-12-04,-0.20337650628346798,-0.43655053299887625,-0.010607137283387842,0.12405231991429806,-0.6948892561524942,-0.7083126416931889,0.2788340718932009,0.46731168203395146,-0.0810966809704866,-0.7317837209671136,0.00176837281795,0.0153851102409943,0.0382914445420059,SPY
2012-12-05,0.12025740208276037,-0.5561928331656134,0.1669301064536338,0.08754717187403575,-0.691552473467071,-0.7093678921732315,0.38770057461736507,1.2831419512962279,0.3638621074993473,-0.017018226069002582,0.0033861388738287,0.0141049994075972,0.0409048924806505,SPY
2012-12-06,0.2847410386116042,-0.06274867099100533,-0.13282460021391965,-0.2524031540590047,-0.6878980257447376,-0.707734399572911,0.5104115107574272,1.457566592454147,-0.6747724691840971,0.6977472688291085,0.0030238987204178,0.0045676488643024,0.034782039158852,SPY
2012-12-07,0.2479108816718677,0.2905683739960449,-0.1936471897263394,-0.38239460993695146,-0.6863669472724513,-0.7045757852068079,0.5801005905879756,1.4289701874496674,-0.558391395463256,1.4125127637272195,0.0004210687966459,-0.002179254117105,0.0288769006517624,SPY
2012-12-10,-0.016727463021029135,0.3829685564161044,-0.058778218555797505,-0.3817602708587708,-0.6843158801473427,-0.7014605497818551,0.5267070220826585,0.9755000068070827,-0.8012633867749437,-1.4465492158652247,0.0067856310321516,0.0090837944184771,0.0309944223768852,SPY
2012-12-11,0.6303786730027691,0.16475480592203434,0.19809803598519687,-0.36209870539093325,-0.6798236397194626,-0.697723700251687,0.76303144334805,1.1621496613258095,0.527350312660462,-0.7317837209671136,0.0004882619845529,0.0133653576164318,0.0321274864055434,SPY
2012-12-12,-0.009895708913723282,0.4415987572387215,0.5912743695311373,-0.3833151960717869,-0.6768624638622872,-0.6935892823085043,0.688888077219805,1.1267339635687512,0.37264129909383475,-0.017018226069002582,-0.0061512116694659,0.0054205068146231,0.031571260116908,SPY
2012-12-13,-0.6849529999738269,0.44654382671740656,0.5298976917574504,-0.5322503106259054,-0.6761258190631149,-0.6887465619399303,0.28229138129229553,0.10940576830890307,0.11036384489315054,0.6977472688291085,-0.0037230042609897,0.0173069188235377,0.0370419893748694,SPY
2012-12-14,-0.43806910514794084,-0.505540573309322,0.07261627843086126,-0.5143933895350192,-0.6761980933848907,-0.6841206875836202,-0.0011756976063537568,-0.009642311351840035,0.14453546623472857,1.4125127637272195,0.0116841173322281,0.0119117561606838,0.0414454760473637,SPY
2012-12-17,1.12842400977779,-0.8154678862725558,-0.2508732815795355,-0.44801116779673733,-0.6728469225627034,-0.6787719584053692,0.4285758505415979,0.8563793012233676,0.27866634746611646,-1.4465492158652247,0.0110671942301063,-0.0028590968996091,0.0296253512614832,SPY
2012-12-18,1.065699393368075,0.4971196517775151,0.2891490998288851,-0.6573926968416699,-0.6668958084764054,-0.6742616823883845,0.852559546084098,0.9543639164081273,1.1341893544115567,-0.7317837209671136,-0.0074565888172557,-0.0181498238854986,0.0249974264167107,SPY
2012-12-19,-0.8176750208926632,1.585601407446604,0.4944345469265925,-0.5761329731629788,-0.6628657400242433,-0.6705753836544535,0.410268874021706,0.28445699230941845,0.44255496899617647,-0.017018226069002582,0.0057352003394486,-0.0120344380808328,0.0346812422326765,SPY
2012-12-20,0.523577903120466,0.17694489435931185,0.11350772801312002,-0.5628631353202418,-0.6583301683670926,-0.666477179753546,0.5887493732382619,0.47729275438655655,0.8585691419906357,0.6977472688291085,-0.0091181669238435,-0.0286367166284948,0.0343250118809388,SPY
2012-12-21,-0.9866131738197417,-0.2154621497255868,0.6834181300838474,-0.5949512428829871,-0.6563183593078998,-0.6647043542168501,0.11449178499442916,0.23630245199848696,2.584996014257227,1.4125127637272195,-0.0030867357280648,-0.0026653015064894,0.0450513207169844,SPY
2012-12-24,-0.3733775746735204,-0.3377456644281656,0.4247396222113265,-0.5888823401461446,-0.655033366629819,-0.6630350232097293,-0.06940374301224593,0.14903638620183093,-1.8327127993281158,-1.4465492158652247,-0.0042235327557831,0.0257288209148409,0.0484061486482394,SPY
2012-12-26,-0.48895949607359884,-0.9869943181868287,-0.28346928054299175,-0.5979134315295834,-0.6560223112300894,-0.6612820089662335,-0.30776594921725653,-0.1126099366470357,-0.6252564533030677,-0.017018226069002582,-0.0013412030125898,0.0276908005700784,0.0582357641818447,SPY
2012-12-27,-0.19590347841709393,-0.6267746770632994,-1.0166042549950298,-0.6456671065585038,-0.6573888227815866,-0.6604840548741417,-0.3886646787811346,-0.2980984907812962,0.7474966270701329,0.6977472688291085,-0.0108670782082134,0.0334138243392629,0.0583784249155332,SPY
2012-12-28,-1.164430780373023,-0.4983125393941013,-0.7233936561918882,-0.5566230875292771,-0.6597098586177712,-0.661276868325196,-0.8765930991174841,-0.8328872197187198,0.3109652663675726,1.4125127637272195,0.0168532481981618,0.0415441880995066,0.0731695076551011,SPY
2012-12-31,1.6539866765383155,-0.9872429633016717,-1.5194127774617947,-0.32512335858159175,-0.6578031455140746,-0.6603589334799036,-0.11059364929400839,-0.2591259464239819,2.29101544818983,-1.4465492158652247,0.0253073866932656,0.021809700114673,0.0523922549255848,SPY
2013-01-02,2.5135469561844754,0.35177410325338204,-0.27417749338893127,0.04138721893448275,-0.6529990509103153,-0.6562781201102463,1.0005637868271338,0.2061695520804485,1.142185985272973,-0.017018226069002582,-0.0022615531005456,-0.0009590960568237,0.0246156738724439,SPY
2013-01-03,-0.28947852209940617,3.014026749156426,1.087217830401756,0.04527529466916916,-0.6509860324135395,-0.6522929477062517,0.7993666304527504,0.12279115895927141,0.1318780884067991,0.6977472688291085,0.0043818207565946,0.0092211521045317,0.0371121809141241,SPY
2013-01-04,0.38597531553816933,1.6072766984787101,1.1812876483865604,0.048750643369430545,-0.6464821285588519,-0.6480226331956682,0.9110377915041277,0.411664556300559,-0.45793504589431644,1.4125127637272195,-0.0027367144479697,0.0047713670438547,0.0214262181570452,SPY
2013-01-07,-0.3377897510797981,0.0672637795967259,1.4556859087623675,0.060357632446068565,-0.6437589199723357,-0.6443904120577129,0.6959459546735379,0.4419341562528028,-0.6230263048456833,-1.4465492158652247,-0.0028812397866717,0.0068275990803199,0.0342103985072883,SPY
2013-01-08,-0.35248412125395523,0.032294373474040086,1.8455074020865645,0.07115037620966516,-0.639743976440753,-0.6413746852525731,0.4891643646869529,0.09576816968841075,-0.3702534788091029,-0.7317837209671136,0.0025385905217687,0.0103893212784962,0.0378195597606749,SPY
2013-01-09,0.1985679886985639,-0.502229141976063,0.899310183475811,0.07110733516743468,-0.634550665360541,-0.6381330067530073,0.5361362453727117,-0.12285797584634044,-1.0022070900126956,-0.017018226069002582,0.0079186950608098,0.0077147233030752,0.0339568453442877,SPY
2013-01-10,0.7455810480164385,-0.11399410790213642,-0.19237112212189336,0.07893543995957869,-0.6267970166216689,-0.6347480163635159,0.8376259873197198,0.3613574943406379,-0.15547554169716782,0.6977472688291085,-6.796430408240184e-05,0.0062352976275992,0.0315870846598622,SPY
2013-01-11,-0.06644907913385895,0.6808249779252469,0.2957349033521159,0.07985332694694446,-0.6187815315968485,-0.6314209364430868,0.7581103175402811,0.21890701838069782,-0.5082357607049441,1.4125127637272195,-0.0006804824115045,0.0085304889303916,0.0314574200133233,SPY
2013-01-14,-0.1287258251333472,0.4889960870014181,0.08238382725305367,0.046053373895595266,-0.608685855633856,-0.62753058417168,0.6367076004762392,0.5934736495242136,-1.0110316797236785,-1.4465492158652247,0.0006804824115045,0.0145899413296071,0.0337839115178608,SPY
2013-01-15,0.009647978954639811,-0.14385869165551626,0.1809727055263049,0.027326009415732166,-0.6019067911616529,-0.6231843078205964,0.5703750481331561,0.7649130057890815,-0.9241147451943997,-0.7317837209671136,-0.0001360074536522,0.0155176008303046,0.0339581109477613,SPY
2013-01-16,-0.07336725166037882,-0.0887769024897228,0.3517443840197417,-0.03157262318337876,-0.6004665317207496,-0.6200596954211935,0.49305686210200456,0.9874196187569709,-0.6674506953293139,-0.017018226069002582,0.0064392693853339,0.015921700487147,0.0350132702436596,SPY
2013-01-17,0.5951629364531786,-0.04870637480900236,0.22350709875598407,-0.07541391023593855,-0.5971643917762124,-0.6174000432215055,0.7404978192877345,1.1889895305408644,-0.058139844114472684,0.6977472688291085,0.00222722699871,0.0150885138796352,0.0273918366307759,SPY
2013-01-18,0.1669106273829253,0.3751104224822393,0.15257399624263146,-0.12781532719072983,-0.5943131635264474,-0.6137196085747126,0.7636726935101907,1.9034700408897849,0.7030778250515065,1.4125127637272195,0.0053789699877109,0.0116627446020238,0.0326312107762074,SPY
2013-01-22,0.4873587826346303,0.5490321982659502,0.2626201058022392,-0.12964242348662922,-0.5897162302889318,-0.6100566827147823,0.9388105294631659,1.7789505467991784,-0.5090767345593136,-0.7317837209671136,0.001608141912202,0.0102077791456673,0.0147105581485504,SPY
2013-01-23,0.10396619485538015,0.47099967216061395,0.5531489004103507,-0.21416857287331154,-0.5841592121341636,-0.6052669686854584,0.9074181448157087,1.2817421244373661,-0.6346459115389013,-0.017018226069002582,0.0002680922031901,0.0046756327021109,0.0070045776115703,SPY
2013-01-24,-0.032281100275296744,0.42543822670222803,0.5976268133945833,-0.2319662430299573,-0.5790821182745793,-0.6001277606277086,0.8040524918005753,1.5783646348201466,0.2381062890372852,0.6977472688291085,0.0056060827778221,0.0019383461390454,0.0164616939686199,SPY
2013-01-25,0.5104500927062907,0.04930417905882391,0.6170019282513605,-0.25985074512220024,-0.574470713490811,-0.5939404113390906,0.9337840665254331,1.614919382203597,0.25013088918357496,1.4125127637272195,-0.0011985422789013,0.0065672173023578,-0.0083544426966657,SPY
2013-01-28,-0.18139868881436486,0.3435318525475291,0.5770536483052444,-0.260716215645353,-0.5701065761356686,-0.5877457719397726,0.7369611121162801,1.820144620987615,-0.451313775270746,-1.4465492158652247,0.0039240045313544,-0.0035383824192249,-0.0003333498319513,SPY
2013-01-29,0.33942762261571213,0.23559517563593535,0.4128004199180065,-0.41301252789601095,-0.5647385777833975,-0.5800079037535348,0.7519222368131335,2.2991242166119013,-0.6138302470826025,-0.7317837209671136,-0.0039240045313544,0.0025850789516939,0.0082618857525389,SPY
2013-01-30,-0.45850546879441956,0.11180295716164118,0.3430400963141076,-0.5284999258667805,-0.5603744404282551,-0.5744319568501824,0.44050896021427083,1.6962060015891047,0.04194450560085377,-0.017018226069002582,-0.0024691943598753,0.0072370049497632,0.010209463249529,SPY
2013-01-31,-0.3105900971036345,-0.0887769024897228,0.07779371232566713,-1.1224908723948073,-0.5565195875082455,-0.5717823355089195,0.26466133637692435,1.107452057793296,-0.5488806548948849,0.6977472688291085,0.0102349539411346,0.0083820754150201,0.0159710593899173,SPY
2013-02-01,0.981082764963464,-0.5592831203512901,-0.053449263651396385,-1.0312301824457448,-0.5518063258374509,-0.5677715085932249,0.6636551358587205,1.4660360401546155,-0.09293501926534332,1.4125127637272195,-0.0113041420004842,0.0036960558502698,0.0110471858388736,SPY
2013-02-04,-1.2088685046574164,0.48274265001674393,0.16848834240150504,-0.8365531620764595,-0.5500461354018662,-0.5654640007389262,0.0753905210731615,0.4940102823245965,0.48288048413546625,-1.4465492158652247,0.0100474659022733,0.0148025689001327,0.031270399220344,SPY
2013-02-05,0.9620202346764024,-0.16746358791060453,-0.3160385607694151,-0.7726544510880737,-0.547253015762415,-0.5617660920863333,0.4710058486164283,0.8052028487549479,-0.4651042895505227,-0.7317837209671136,0.0007279214667148,0.0064011120908924,0.0225830119757954,SPY
2013-02-06,0.01447126492119109,-0.18126173333978526,-0.02244076781493954,-0.7951299173027511,-0.5446490410396938,-0.5576824127571255,0.41591086871482613,0.8346983135211595,0.12386960107496207,-0.017018226069002582,-0.0013241238946184,0.0065278724655826,0.0236660470315195,SPY
2013-02-07,-0.1941669878890397,0.7042356164748872,0.20060223405766975,-0.7851466934714968,-0.5423943018452767,-0.5540136367224825,0.27265954742201093,0.5480715100520072,0.7036334069134069,0.6977472688291085,0.0055489343763843,0.008771148202447,0.029245303539489,SPY
2013-02-08,0.5046396253299098,-0.13265430317837854,0.2555042153085675,-0.8116401803862848,-0.5401395070445341,-0.5505778590255281,0.46133765888371836,0.6595082747883653,-0.7092033453597208,1.4125127637272195,-0.0001976289506213,0.0020400495985128,0.0274845763766196,SPY
2013-02-11,-0.07963251348423593,0.22214719588056972,0.030826550403865595,-0.8111478729584284,-0.5376665408250664,-0.5471566406813365,0.3771463501283229,0.46507426687050885,-1.3588924116284509,-1.4465492158652247,0.001646009093033,0.0097042796932758,0.0254359257263843,SPY
2013-02-12,0.10781627663051983,0.3050513702317447,0.5633436222590199,-0.8170988545385395,-0.5356881928723385,-0.5434806023608435,0.3752672011987549,0.46754398012097254,-1.4941155467186307,-0.7317837209671136,0.000854681841405,-0.0044834120397032,0.0252022863355199,SPY
2013-02-13,0.027359412327323984,0.017816349875180836,0.16052419916119903,-0.8174592807744749,-0.5326624302679102,-0.5397827702265875,0.335436416050849,0.48949326100181517,-1.0635251246022162,-0.017018226069002582,0.000919151842246,-0.0114359325058863,0.0296582610423836,SPY
2013-02-14,0.03391429098039694,0.09526095611924065,0.16660189998901384,-0.8206068052759428,-0.5288947541649528,-0.5359685328323561,0.29631229618244564,0.30589771539196076,-1.0995063327366468,0.6977472688291085,-0.0011821642275497,-0.0026298757878926,0.0274173225948102,SPY
2013-02-15,-0.17973347805303255,0.041768039378891536,0.2741588462056745,-0.839026406791716,-0.527629126389783,-0.5329767562668543,0.17554471016643372,0.30592035800975176,2.0740745874719897,1.4125127637272195,0.0074666011441415,-0.0206577654478063,0.0230655874636767,SPY
2013-02-19,0.6996151611714584,-0.10813324737518415,-0.0485729511498964,-0.7997693083890733,-0.5222321154370992,-0.5293953641736366,0.45265549092718466,0.4526341420672331,-0.7292461481876557,-0.7317837209671136,-0.012541682639946,-0.0213018160061349,0.0132729573353591,SPY
2013-02-20,-1.3346933629496402,0.373724999190734,0.3188991212966151,-0.6265094845113478,-0.5218103275553914,-0.5277866565584539,-0.1753857116999805,-0.0757654583958001,0.7719825574864865,-0.017018226069002582,-0.006097838624778,0.0037591067496558,0.0327756417256805,SPY
2013-02-21,-0.6795263856305594,-0.4622765292893551,-0.36134930808085,-0.5866688918955405,-0.522886935528064,-0.5270223774910752,-0.47735534392989776,-0.2570774620190798,1.2698610093865648,0.6977472688291085,0.0097252085602397,0.0078805183400696,0.030294210724338,SPY
2013-02-22,0.9292552626811064,-1.4605488123307113,-0.6946974817194304,-0.5127168772650984,-0.5215341448374226,-0.5252172055662537,-0.05965234723681086,-0.27631248847184375,-0.5572847638821161,1.4125127637272195,-0.0192100538874635,0.0014477115603428,0.0285699590395553,SPY
2013-02-25,-2.0126887681136503,0.17817867611116334,-0.27247895849766174,-0.2407718840839692,-0.5256073637982966,-0.5261271268547454,-0.9370214100330853,-0.6107803995742275,2.536611801145744,-1.4465492158652247,0.006822550585813,0.0259688458378972,0.0435941140096325,SPY
2013-02-26,0.6341324063829336,-0.7868122331339702,-1.1368509688959714,-0.20634906393783933,-0.5281530908948895,-0.5261635356709707,-0.61969905989552,-0.752408990061737,1.2127623077374168,-0.7317837209671136,0.0125192401158447,0.0280653666330703,0.0447421145176898,SPY
2013-02-27,1.2133337109661604,-1.0004327771728425,-1.1677308603531786,-0.11236672582946462,-0.5283132093096262,-0.525253711769454,-0.052663280761305206,-0.2889792160007802,0.421237114847099,-0.017018226069002582,-0.0019764270343642,0.0169062051749504,0.0322228744018451,SPY
2013-02-28,-0.2604888099811066,1.3346783887559448,0.03384961265284761,-0.12119968082928308,-0.5290987459706342,-0.524132725081286,-0.16964974750366138,-0.31399041048903936,-0.10381986326604709,0.6977472688291085,0.0032924017805129,0.0206935887317536,0.0372679372623183,SPY
2013-03-01,0.2752104776691249,0.6871193574238494,0.23145637025388816,-0.12306578152517134,-0.529360484945513,-0.5223783891574145,-0.05217026356429441,-0.39250724150743854,0.8419180272212723,1.4125127637272195,0.0053110803900908,0.0216563195645917,0.0300099848287977,SPY
2013-03-04,0.4804562222437407,0.00807200071913845,-0.07697341457334764,-0.170337196814538,-0.5281821452000467,-0.5211554522188461,0.17250413343450477,-0.2044935522065106,-0.716571862303035,-1.4465492158652247,0.0089190713809861,0.0201334463880158,0.0296216464971479,SPY
2013-03-05,0.8472926239529028,0.5443946795931157,1.0987261560683592,-0.2339752717661058,-0.5266692082915069,-0.5176977833211545,0.5219120742371856,0.012280338563594067,-0.21749431284416576,-0.7317837209671136,0.0013600786577248,0.008968095406173,0.0105116942440703,SPY
2013-03-06,0.07874478163724472,0.9584883247176222,1.199246734391796,-0.2888867955088043,-0.5220722889555724,-0.51518647235303,0.5325809349129704,0.026505568338013333,-0.8005477880055913,-0.017018226069002582,0.0018109565224389,0.0090203864506168,0.0132017391930236,SPY
2013-03-07,0.12458702844978134,0.6677151275298712,0.6642053620584464,-0.2887058089051737,-0.5157295951239816,-0.5125513755834668,0.5621649339965692,0.05105343791094828,-0.9664180463491693,0.6977472688291085,0.004255132613351,0.0125200864764467,0.0068892223146717,SPY
2013-03-08,0.3730945121426029,0.14459480934165986,0.8457966853303438,-0.28753095626452413,-0.5105651993331128,-0.5092902405575381,0.6952106183395103,0.20440095335812972,-0.16908728845569077,1.4125127637272195,0.0037882072135149,0.0069431672577682,0.0093787321429585,SPY
2013-03-11,0.32562065924919986,0.35765573710904724,0.8919561416588939,-0.2959945796664461,-0.5003385287684475,-0.5062111148316735,0.8102550544316248,0.11419530429764563,-0.9964119813416961,-1.4465492158652247,-0.0022462796008566,-0.00237893931443,0.0090415843387203,SPY
2013-03-12,-0.2879256147663342,0.5031711137225583,0.8189398888389356,-0.28828212473383424,-0.4921049974391352,-0.5033649943997094,0.6412805900373773,0.5476652298043614,-0.5073585268483636,-0.7317837209671136,0.0014123697021686,-0.0024586886977493,0.0234622602955516,SPY
2013-03-13,0.08406138542971082,0.024700957591143595,0.2836017512621382,-0.2883728789755766,-0.48630069795415937,-0.5005407025625705,0.6481014396496229,0.8858911069790832,-0.769206153705773,-0.017018226069002582,0.0053106565482687,0.0030899433504574,0.0253217386727362,SPY
2013-03-14,0.480413128840984,-0.150148337845387,0.2861089174398977,-0.2771613902131288,-0.4788524669589715,-0.4972067568604044,0.8308472734605041,0.7920078105807298,-0.045858941084532236,0.6977472688291085,-0.0013217866053274,-0.010799982823932,0.0175584398509256,SPY
2013-03-15,-0.19392934794053998,0.40600289515064986,0.4539068574197504,-0.2718246283830691,-0.4724327305631795,-0.49412535645305167,0.7012477124739183,2.059094939738929,0.21718062761234594,1.4125127637272195,-0.0055338993586833,-0.0014772393431474,-0.00456627428282,SPY
2013-03-18,-0.6221888114296463,0.20478319822442476,0.18651378103561295,-0.24273613277796235,-0.46844789785694135,-0.49154175652462634,0.3819799590504524,1.4589294185429547,-0.01895732556466457,-1.4465492158652247,-0.0023260289841759,-0.0001292389018505,0.015621918483486,SPY
2013-03-19,-0.2960339988751641,-0.5933197657186845,-0.2604474635117883,-0.26623939806785873,-0.46698211511256,-0.49005123495981856,0.239859280136141,0.923847150691076,0.8510121615777625,-0.7317837209671136,0.0069610017503753,0.0101673411761957,0.0032285778314333,SPY
2013-03-20,0.6482091951411766,-0.667226786527397,-0.26427115758181624,-0.38235423114172534,-0.46424373990072076,-0.4863807268282632,0.49283353105392325,1.3081503101056506,-0.284308929634758,-0.017018226069002582,-0.0085792696261206,0.0032063394258203,-0.0100052827733119,SPY
2013-03-21,-0.9318216995377051,0.252333008717232,0.0017656514371200153,-0.3480147488353958,-0.4638561082045493,-0.4830129391522843,0.014657167787853883,0.5253741817660172,0.07891698409376277,0.6977472688291085,0.0080009568754571,0.0148542448780499,0.0072293933850167,SPY
2013-03-22,0.7539448793451285,-0.20787300925221433,-0.6642059979421975,-0.3677001280755743,-0.4626167683198346,-0.4798085737765688,0.32589346013856824,0.6209760660299566,-0.35802627776321977,1.4125127637272195,-0.0041858989173864,0.0028877373495852,0.0036567273814691,SPY
2013-03-25,-0.4851331389971019,-0.1313377158923951,-0.21721421593502402,-0.7267146506643428,-0.4631853569012832,-0.47497576601080743,0.02592010899867041,0.0029396518127895264,0.5794138242552612,-1.4465492158652247,0.0079705510938703,0.0119963783254126,0.0180988125391063,SPY
2013-03-26,0.7508534227598423,0.19199153930502055,-0.15258247736539776,-0.7145492453499833,-0.4614328401386399,-0.46997884727974554,0.2982803688363978,0.2774696352283463,-0.9202183727001981,-0.7317837209671136,0.0,-0.006165053640549,0.010762464466488,SPY
2013-03-27,-0.0595389230893537,0.18975383177567895,0.3411012421482585,-0.8307882827107858,-0.46000040728807307,-0.46635765869481566,0.22220805976021762,0.20903805376522297,-0.5886790992778053,-0.017018226069002582,0.0030686358261089,-0.0021149300338709,0.0148072217489989,SPY
2013-03-28,0.25245945147595505,0.49781424120108503,0.0073464216527052255,-0.8444874550311325,-0.4590741727215652,-0.4621671597664573,0.2798837613842755,0.1634770608801227,-0.5073461599263162,0.6977472688291085,-0.0039655506530076,-0.009685126215893,0.0099712540621057,SPY
2013-04-01,-0.46272960067576036,0.1370587489738393,0.5658212982246605,-0.8114086860180549,-0.4587527820608354,-0.45879396711336595,0.021745128633156727,-0.2346988790944715,-0.5812058749143096,-1.4465492158652247,0.004922742058441,0.0010250668787525,0.020612893077943,SPY
2013-04-02,0.4409725770274309,-0.15478517317357846,-0.007929393894621979,-0.8145420631819933,-0.45604959175155685,-0.45544734719202423,0.1847620308737291,0.10658595401834219,-0.5009970008870964,-0.7317837209671136,-0.0101908808720914,-0.0004466157704117,0.0180728451685023,SPY
2013-04-03,-1.0956795561448376,-0.01833258883668898,0.42879694850024497,-0.7469466437833204,-0.45514361178917007,-0.45426054082118134,-0.31993208836344217,-0.4622107089331261,0.8710456975859134,-0.017018226069002582,0.0040501236066781,0.0219186614576543,0.019457250171583,SPY
2013-04-04,0.3522505669898478,-0.47648454471256174,-0.44197793176965705,-0.7351263616581036,-0.4548951905292866,-0.4527659776969112,-0.1606991369941129,-0.5172492991603018,0.2757342796031087,0.6977472688291085,-0.004501560355913,0.0211403859303294,0.0246515485926002,SPY
2013-04-05,-0.5172274836225861,-0.5407047284359799,-0.2477891747766346,-0.711250174224086,-0.45372628995760156,-0.45198710449570734,-0.38789866003293233,-0.6478179441951162,0.9817931045099537,1.4125127637272195,0.0067446424416379,0.0231893040127006,0.0392431030546038,SPY
2013-04-08,0.6262112271601605,-0.1220003014641563,-0.610752661707327,-0.6858500401247736,-0.4528349344588633,-0.4509209258058274,-0.09333027153011274,-0.14013175364396505,-0.9209781933464865,-1.4465492158652247,0.0034510594092767,-0.0070018391680104,0.0350366530484453,SPY
2013-04-09,0.2913417246113403,0.07630228344882027,-0.09723769619487768,-0.687962236513629,-0.4502047969599195,-0.4498893473169222,0.04802785058653426,0.08919748617270593,-0.5071475851471847,-0.7317837209671136,0.0121743963559746,0.0042013948303356,0.0366408602638861,SPY
2013-04-10,1.178272303013139,0.6615737745240544,-0.16779954864258453,-0.574673225495241,-0.44658101612618745,-0.447199101694659,0.5700479098261036,0.2567786091144939,0.3602095695022641,-0.017018226069002582,0.0032718480793532,-0.0226923711618676,0.0290071540751739,SPY
2013-04-11,0.2731207147527938,1.0611754483681433,0.9045344852030323,-0.5709049513562025,-0.4421974304586456,-0.44428882411480713,0.6654315108550365,0.7862142529365023,-0.31465303463683014,0.6977472688291085,-0.0024526422735418,-0.0322370780955907,0.0229154751252655,SPY
2013-04-12,-0.30890719162890273,1.0479864257090925,0.8672189926585298,-0.5759109473184242,-0.4390850471004212,-0.44226794004035974,0.5060081693328875,0.4266503047051373,-0.16376196547544908,1.4125127637272195,-0.0234465007390731,-0.0211290292898409,0.0286165491375278,SPY
2013-04-15,-2.4434223600206906,-0.028487611963925377,0.9654571933248367,-0.1413726506734079,-0.44044378766790776,-0.4427870195733249,-0.5883942557848749,-0.4304873377665512,2.317698158701172,-1.4465492158652247,0.0146542934076228,0.0067457623211417,0.0528581535883789,SPY
2013-04-16,1.4304116551710129,-1.9948192503099427,-0.4820987668917132,-0.028496300758139605,-0.43958179230911754,-0.4410030362717785,0.06244692219818218,-0.21847166951470084,0.5710485784869535,-0.7317837209671136,-0.0147193696362286,0.0023476551537697,0.048484584625358,SPY
2013-04-17,-1.5561060171888108,-0.7358376757514894,0.05505572411039017,0.1073896551021803,-0.4397572163649915,-0.4406374733924765,-0.6352377747064644,-0.6595268923104878,2.4050059612322996,-0.017018226069002582,-0.0062728588543699,0.0177012278112504,0.0685759969533288,SPY
2013-04-18,-0.6973212724281767,-0.09356617476405135,-1.2344029433426285,0.09937713648189989,-0.4422703998594919,-0.4417707377957072,-0.903329287789445,-0.9046491419316393,0.9717741106059324,0.6977472688291085,0.0086554065322079,0.0280188439481312,0.0701425622484537,SPY
2013-04-19,0.8204849449351168,-1.6336958389468046,-1.6920370689446826,0.10156426181192307,-0.4418028201686037,-0.4409518594164158,-0.5178001522983186,-0.5624501199842797,0.5333671471354056,1.4125127637272195,0.0044282908719095,0.017596105555139,0.0711174270322603,SPY
2013-04-22,0.39070008617427826,0.08656622633303472,-1.159446363157411,0.07634470412455654,-0.44186126241687174,-0.440535077944476,-0.3192679288675544,-0.5762033150684656,-0.46668338766295964,-1.4465492158652247,0.0102561862402508,0.019843903046059,0.0666296365791669,SPY
2013-04-23,0.9832415231830534,0.8741152405501703,0.177048929344524,0.11889333608068267,-0.44035634672080815,-0.43846593862391614,0.12096865967616277,-0.04315222248614162,0.9231429135147468,-0.7317837209671136,0.000634203021252,0.0119704109548086,0.0578100253325146,SPY
2013-04-24,0.0049425999677293,0.9919243090423099,-0.033824378952990265,0.08791830422261782,-0.4415106367304265,-0.4372302300791972,0.1254252010252481,-0.1215513954501622,-0.6898367652898498,-0.017018226069002582,0.0040447572825108,0.0025297320645458,0.0497305163996255,SPY
2013-04-25,0.35170495502659593,0.7126991581876659,0.7023238178186246,0.09455609279113127,-0.4424897529126367,-0.43552666755036407,0.2818186725009695,0.11005691963862257,0.09890340970614003,0.6977472688291085,-0.0017673318607842,0.0077293968097302,0.0427885644780436,SPY
2013-04-26,-0.23922941069646303,0.25557026291254326,1.19701614015872,0.09437742657360304,-0.44330806950262136,-0.43437873945118377,0.17428914298931142,-0.10311196490175703,-0.7016341621798771,1.4125127637272195,0.0066760883628296,0.0195867227766051,0.0437095470953989,SPY
2013-04-29,0.6192411067646317,0.0788297745226668,0.6972835864012636,0.10180901117809563,-0.4372004653143364,-0.43200245552389677,0.4420943473171163,-0.023089302046423177,-0.8582814522764717,-1.4465492158652247,0.0023826941490003,0.0154488268492549,0.0430042464601232,SPY
2013-04-30,0.18271748780480218,0.27248206903218997,0.8050573343466512,0.0937425770224867,-0.43388356189033694,-0.4299113763091117,0.5122252558626265,-0.27498415144994537,-0.2190201769170552,-0.7317837209671136,-0.0088064758690107,0.018121399324972,0.0341065183106197,SPY
2013-05-01,-0.954922511263119,0.5779024188619957,0.42755190713616076,0.07654488550636919,-0.429251652273982,-0.42768139544312583,0.04823664898625705,-0.6326667150374985,0.31716510639394324,-0.017018226069002582,0.0092444220276952,0.0314685653612452,0.0465978747966051,SPY
2013-05-02,0.8803721024864397,-0.5615338576341173,-0.02509445058180648,0.11067421768409626,-0.4210545708911396,-0.42483722970687443,0.4279250045214074,-0.3059802323289194,-0.6568210704231197,0.6977472688291085,0.0100899941060905,0.0194043124629947,0.0228974767482199,SPY
2013-05-03,0.9663442181061904,-0.05654634087958513,0.22421064025120285,0.13108277446371502,-0.4124482130498624,-0.4202967219903645,0.8160024078328895,0.7329044223379391,0.44330277766530757,1.4125127637272195,0.0025381924354794,0.0125627500956246,0.0182983054041114,SPY
2013-05-06,0.19852751394618642,1.3341356588805249,0.7927264719586399,0.11741877589578402,-0.40425088143855475,-0.416224103039032,0.8531453556272667,0.48235712333357317,-1.2853797655754788,-1.4465492158652247,0.0050552666247174,0.0108196613719231,0.0109420542126068,SPY
2013-05-07,0.45444678889591417,0.84059200800596,0.5943293501093933,0.12203553190531766,-0.3972079371479352,-0.4119468392721614,1.007346656167339,1.349177222068894,-0.7429084681137588,-0.7317837209671136,0.0045406901672624,0.0160451191918076,-0.0082129391083816,SPY
2013-05-08,0.40212809504845554,0.4700622269797241,0.7224695199989085,0.061215426157454414,-0.3892299863929348,-0.4085323475854569,1.1553252895626944,1.8048489107175678,-0.5983644879284485,-0.017018226069002582,-0.0028198308705551,0.0168764717162872,-0.0037413932439376,SPY
2013-05-09,-0.34624047322991086,0.6174356545998212,1.3624177866863103,0.06906978784511539,-0.38285907235107164,-0.4058343457862562,0.9631904812333267,1.4979534110567938,-0.409138492746342,0.6977472688291085,0.0032484317387204,0.0149900090275973,0.0117184801147471,SPY
2013-05-10,0.27073989779382435,0.0378693997669354,0.7839805581291692,0.0629673743472872,-0.37530478619127017,-0.4024637338880022,1.049771222317771,1.4821557777356744,-0.504228739247899,1.4125127637272195,0.0007951037117779,0.0213718486048914,0.0084700483760267,SPY
2013-05-13,0.021301906433290666,-0.05723410570151773,0.4559524234274938,-0.37800039485940057,-0.36910936571318775,-0.3963074232195594,0.9606038875640368,1.312237125077845,-1.0074477035630307,-1.4465492158652247,0.0102807244446019,0.0205172453119297,-0.0026938727984058,SPY
2013-05-14,0.985736403744362,0.20880629552606783,0.37237763276529595,-0.4476824411474537,-0.36099985039167753,-0.390589757398944,1.338987197986219,1.4930501136120455,-0.10288681675666349,-0.7317837209671136,0.005372042691742,0.0116730958609263,-0.0212864713698355,SPY
2013-05-15,0.4866544614949106,0.7263464972674334,0.6229194081051145,-0.7264871462994487,-0.34954415491570795,-0.3825396804832796,1.4327807864796362,1.5170908202450222,-0.07184036119179056,-0.017018226069002582,-0.004706293559245,-0.0011442527424527,-0.0115641002038326,SPY
2013-05-16,-0.5380433869355998,1.0631854233643956,0.662779750413066,-0.7556799359781456,-0.3413760583301153,-0.3743507088726267,1.0360913890954182,1.3115872023583866,-0.32097762656361317,0.6977472688291085,0.0096302713160145,0.0006648461777212,-0.0131503610600116,SPY
2013-05-17,0.9196026784181079,-0.03978122572366992,0.5723306974443174,-0.7442077486232248,-0.3332372940813084,-0.36597161701813585,1.3298243840010144,1.3668944740379465,0.20006939193342768,1.4125127637272195,-5.9499581183786177e-05,-0.0098117743817223,-0.0150884721622155,SPY
2013-05-20,-0.06558844270282872,0.27360227428674816,0.8783167895231397,-0.7324799122945368,-0.3257122846519663,-0.3581043145859098,1.1658032073035147,1.3245923723464192,-0.9229426482864452,-1.4465492158652247,0.0014365749935985,-0.0037814870729846,-0.0071544092805684,SPY
2013-05-21,0.08652241763097548,0.6155821652610012,0.8373416570830483,-0.7834474461106015,-0.3190346600193474,-0.35123867892883875,1.0953529261136872,1.9539106186024746,-0.6594411062561923,-0.7317837209671136,-0.007445305911637,-0.0117330960670862,-0.0225041914708015,SPY
2013-05-22,-0.8165278504844131,0.012568692263198093,0.41329672528910066,-0.6817952883015386,-0.3152501769044598,-0.3453528744958847,0.6188389919107654,1.2503750643578375,3.2118285851632606,-0.017018226069002582,-0.002897194639071,-0.0006029095384745,-0.0401490282540919,SPY
2013-05-23,-0.35410630397523407,-0.5309882753084911,-0.20124871454202542,-0.6581966826538774,-0.31149505392951965,-0.34028590670494746,0.3793587807396148,0.7955655588046843,2.2301987859075645,0.6977472688291085,-0.0008463492434289,-0.0121616909200934,-0.0340472404130984,SPY
2013-05-24,-0.145590055653764,-0.8499312010084616,-0.11450897405441857,-0.664396052154662,-0.30871882471148776,-0.33511661998434683,0.23640463605622222,0.6555172648103408,0.7438187219458633,1.4125127637272195,0.0059707877275538,-0.0058245189146823,-0.0459171329002519,SPY
2013-05-28,0.5475308536568327,-0.3642822799260595,-0.6168249825266933,-0.6701115226604104,-0.30468597594304236,-0.3299984962066844,0.41847051062870816,0.6894524907029416,0.5660470478885123,-0.7317837209671136,-0.0065150340005031,-0.0166133653982614,-0.0423197510654427,SPY
2013-05-29,-0.7219440221565091,0.2883551421800267,-0.32769454836815787,-0.6025835239219427,-0.30470046139087653,-0.3259478241057896,0.029595353105926488,0.10073531612275759,0.952346143921534,-0.017018226069002582,0.0036848806169746,-0.0241980580940293,-0.0259526593524164,SPY
2013-05-30,0.3151151017321917,-0.12883060014988182,-0.7089453981232358,-0.7132301603507584,-0.30512418159240084,-0.3204275338586498,0.09514927780122764,0.4114292894691138,-0.3455827604715641,0.6977472688291085,-0.0144559760206899,-0.0188707026792975,-0.0237844294786873,SPY
2013-05-31,-1.5293259153534104,-0.2970614853890226,-0.1752932687097516,-0.520715684904446,-0.30788581414994776,-0.3177221932552615,-0.635632517394841,-0.4577047678877888,1.317002400939087,1.4125127637272195,0.005490822761982,0.008225315829522,-0.0134347499159375,SPY
2013-06-03,0.4987312248991316,-0.8814735551122868,-0.7294949689120984,-0.5757875757966108,-0.31167029726483536,-0.3155433544635762,-0.4216763940492441,-0.2749555703267807,1.075146432512646,-1.4465492158652247,-0.0048180587560251,0.0027344930675399,-0.0130827650735945,SPY
2013-06-04,-0.5494069249063404,-0.7485655973307969,-0.42565052511471496,-0.551121178823246,-0.31659451543360034,-0.3142419444917947,-0.6715091104682328,-0.8949938416575258,0.7938334169923162,-0.7317837209671136,-0.014099726696271,-0.0028162656390895,-0.0091943996514736,SPY
2013-06-05,-1.4931048658521975,-0.03926496748791838,-0.9429366357361975,-0.40345365966186253,-0.3252154421321999,-0.31521435343717447,-1.3041264693299672,-1.5800449161102343,2.002252503708866,-0.017018226069002582,0.0090122360317064,0.0029715869303537,0.0053388298830006,SPY
2013-06-06,0.8567649827594987,-1.4810276106112445,-1.3065951779931984,-0.35389336035529106,-0.3298912112379189,-0.31566034404540155,-0.8802786945369844,-1.037724338507733,1.6545407647805723,0.6977472688291085,0.0126400424881296,0.0090537647563921,0.0070577906060425,SPY
2013-06-07,1.225616088521634,-0.4631897796292015,-1.0511677820635914,-0.24563323092922956,-0.33084096728018086,-0.31425656645046995,-0.3186616681227842,-0.920136397530343,1.3320063602136538,1.4125127637272195,0.0,-0.0098788321471614,0.0001063335237985,SPY
2013-06-10,-0.0595389230893537,1.5047182863473652,0.2479881609826144,-0.25086494364304507,-0.33158620325666777,-0.3132402777166397,-0.33839683177608315,-0.9183418775729671,-0.5507762890023223,-1.4465492158652247,-0.0103688174626546,-0.0021866719333507,0.0072779483475313,SPY
2013-06-11,-1.1137709590278595,0.8414645440665194,-0.015276902152789087,-0.17341635355215526,-0.3362619167560608,-0.31356196080749116,-0.8153660946537916,-1.250727259230258,0.6673112310160105,-0.7317837209671136,-0.0083118741268277,0.0160567088297671,0.0180103994065339,SPY
2013-06-12,-0.9046347129179042,-0.8518679889789996,-0.28141567674012724,-0.21438905198171804,-0.34133232395498453,-0.31610639030332893,-1.1505803461215054,-1.2664458579839246,1.0442110062661292,-0.017018226069002582,0.0150944138577449,0.0104553757599603,0.0398506682681869,SPY
2013-06-13,1.4751601599895754,-1.4635787343024314,-0.0039091102082245525,-0.06942193377204377,-0.3436994018288149,-0.3175028777875607,-0.42348189157952004,-0.67898235200985,0.7365876559010286,0.6977472688291085,-0.0062925544154239,-0.029729180792712,0.0251744222019523,SPY
2013-06-14,-0.6993237853958987,0.41038277806821316,0.28770928630230747,-0.05943158388044501,-0.3440939843156936,-0.3190822162735684,-0.6862738649504129,-0.8136627317375598,0.22197560143423037,1.4125127637272195,0.0076921602138106,-0.0202320331753655,0.0352803859431674,SPY
2013-06-17,0.722548499336404,0.5589942159775305,-0.6200401594896573,-0.08294341148289007,-0.343962391946021,-0.3209100863197772,-0.29168051171254067,-0.765606729271638,0.10841768976412079,-1.4465492158652247,0.0078745633004633,-0.0406404351197586,0.0238345888108204,SPY
2013-06-18,0.7410940256797823,0.014226811597666018,-0.25122893900045473,-0.037361994510983626,-0.3407770113837871,-0.32178018329170666,0.09607704996068407,-0.38551756844127405,-0.3809849165508017,-0.7317837209671136,-0.0139132071966345,-0.0389468288578589,0.0185234841023831,SPY
2013-06-19,-1.4741408101580704,1.056853059882508,0.6234750892664607,0.0668643806903523,-0.33759168642787907,-0.3245001041164951,-0.5042907072239883,-0.8148366340603879,1.626215201281979,-0.017018226069002582,-0.0250901426949274,-0.0151815639487011,0.0378997983788496,SPY
2013-06-20,-2.6105368850583996,-0.5331897150643385,0.35491145715009803,0.356620346986442,-0.34245736503730595,-0.32927454925938066,-1.5700811671972985,-1.0153556077771004,3.570197652802086,0.6977472688291085,0.0032045932019224,0.0157616892369301,0.0647647949608645,SPY
2013-06-21,0.26628268846715075,-2.9592207841253426,-1.5717924771230498,0.3693730542034479,-0.34960005317457676,-0.3333239275047509,-1.3462714344696853,-1.07817995622259,2.4294219862549493,1.4125127637272195,-0.0127162417305823,0.0084507995770675,0.0635088090345785,SPY
2013-06-24,-1.352441364221327,-1.699439622822381,-1.1164386484767186,0.4275044501182648,-0.3596952008774763,-0.33874834723121505,-1.8225628289351388,-1.2070957706781469,1.4669289832566157,-1.4465492158652247,0.009568169562363,0.027009848911975,0.0740989766921904,SPY
2013-06-25,0.9132885873056764,-0.7887848094840633,-2.0949476004655163,0.46349939080649094,-0.36508837499368935,-0.3437867180325645,-1.2896874452356148,-0.7186511590429738,0.37259218638040503,-0.7317837209671136,0.0098520577125231,0.0165119860157076,0.0608583748078324,SPY
2013-06-26,0.9421524363993682,-0.32045865596309303,-2.013745314616357,0.5178411499549801,-0.36620275356306625,-0.34688152306140446,-0.7750953814120183,-0.7015063089510631,-0.13305300474804702,-0.017018226069002582,0.0058531104907038,0.0070934311413877,0.0534361594323806,SPY
2013-06-27,0.5355662189784022,1.3404509129710742,-0.874286942355859,0.530483297418945,-0.36953081995694137,-0.3497313163735685,-0.44673588259421293,-0.8719990356063623,-0.22276189316289363,0.6977472688291085,-0.0041062964579401,0.0119715174054322,0.0486483644804485,SPY
2013-06-28,-0.47703969312537753,1.0670418695989723,0.6093299683799913,0.44536853724727093,-0.37232339743471793,-0.35132613938860147,-0.6069782917403217,-0.9509624856837201,0.329295627333126,1.4125127637272195,0.005842807604325,0.021766399269258,0.0496748791711407,SPY
2013-07-01,0.5345186903742691,0.03977953347390395,0.25879928995304663,0.4476023611345907,-0.375576284076302,-0.3528880038688089,-0.30325714082905253,-0.5932551040858466,-0.17817637949162948,-1.4465492158652247,-0.0009296933339042,0.0230952064886658,0.0438320715668156,SPY
2013-07-02,-0.1540639255527837,0.03902129457260064,1.1486384828545746,0.438556141021941,-0.3809489672615098,-0.3539825082559895,-0.32520886241132196,-0.4209515213649528,0.21841805049709187,-0.7317837209671136,0.0004335028382032,0.024388533418918,0.0454734210350915,SPY
2013-07-03,-0.015463252806787368,0.27280277814065934,0.6453039812734332,0.3378316006320637,-0.38287286271983506,-0.3533513015337364,-0.3173623263434747,-0.8192815108334174,-1.2210894197252506,-0.017018226069002582,0.0107311967547483,0.03748342531554,0.0565316608107089,SPY
2013-07-05,1.0315374164799047,-0.12529394465329374,0.19371838998456,0.3550630673145365,-0.37632306312832564,-0.35250858421420717,0.17138815434596724,-0.35340501274279246,-0.359543188450152,1.4125127637272195,0.0056885854058856,0.027170396352302,0.0474978171772288,SPY
2013-07-08,0.5188384083331137,0.7328869732026707,0.4276049574358891,0.2888413510581339,-0.36915476827808885,-0.35249577087078243,0.44124292366036794,-0.40528498868930724,-0.6182517506576133,-1.4465492158652247,0.0071716148237328,0.0252952202722074,0.0403460912056923,SPY
2013-07-09,0.6696229243268477,1.1196337435655312,0.8972340647780948,0.3149438950301179,-0.35730068128193265,-0.3516156152155783,0.7661922158214961,-0.4238635037540372,-0.41637142069198174,-0.7317837209671136,0.0003636335963479,0.0143699685299383,0.0274758431923629,SPY
2013-07-10,-0.022567090188040186,0.8576670098498045,0.9609455578778814,0.24963181064952583,-0.3475764138696,-0.34944837938634227,0.7398976172641377,0.02721993150381676,-0.3557184269198949,-0.017018226069002582,0.0135283947348252,0.0165697935256163,0.0238664928694172,SPY
2013-07-11,1.3159378056352344,0.465778226343056,1.0229558996257644,0.2772783577332702,-0.3368533178326109,-0.3446402731311686,1.2944848262961068,1.4295924566559302,-0.0907931252410326,0.6977472688291085,0.0004181677915102,0.008504505870623,0.0139963419084665,SPY
2013-07-12,-0.0170224178277361,0.9336041965079214,1.650808535078708,0.17753475520264392,-0.3274082219782514,-0.3415793726820537,1.2525160501753079,1.3920219090900425,-0.6447618079979766,1.4125127637272195,0.0038134093257911,0.0098611919662001,0.0106877989829028,SPY
2013-07-15,0.32818304152958844,0.9376176298996366,1.1563361510995898,0.14570556690477085,-0.3160534102786093,-0.3372949161914579,1.3503628420225933,2.239374506180051,-1.2464328716725477,-1.4465492158652247,-0.0037536369185362,0.0079963899160455,0.0056930413969231,SPY
2013-07-16,-0.44118362896396585,0.2226451850949795,1.066428250131776,0.13920423606472238,-0.307004843132526,-0.3343948155504934,1.1099329636293949,1.8795008297712799,-0.8636693433208533,-0.7317837209671136,0.002563458592026,0.0096239527616113,0.0123984965208086,SPY
2013-07-17,0.20109640781980312,-0.08437796390695128,0.5426020014294094,0.11345566946427134,-0.29710441488050454,-0.3321291771392323,1.188060388363797,1.798951226106866,-0.7799227394660219,-0.017018226069002582,0.0054631070798318,0.0033880618475903,0.0046931253180639,SPY
2013-07-18,0.4959132796391376,-0.17636784288034849,0.6480756419890525,-0.01912321408930646,-0.2859552075699879,-0.3275129232248095,1.359420687969058,1.7973824143030441,-0.563672098161817,0.6977472688291085,0.0017748538870874,0.0003547971048298,-0.0148550907736826,SPY
2013-07-19,0.12091635386162888,0.501936623076325,0.2613743121995402,-0.588716239607716,-0.2769213204938794,-0.31971500205605924,1.2880909262936586,2.165423535341118,-0.5630761625680863,1.4125127637272195,0.0019486072756365,-0.0003547412434858,-0.0199407778944413,SPY
2013-07-22,0.13858243673183843,0.44389941456440957,0.3264224964316055,-0.5872699009889143,-0.2687688214826341,-0.31204862982189663,1.228420915037986,2.1358987354726504,-0.9815104338090644,-1.4465492158652247,-0.0021260740729704,-0.0053831302863702,-0.0283023955400336,SPY
2013-07-23,-0.2757039203589483,0.18525049112553466,0.2370119926236552,-0.8185703413026175,-0.2628784434055376,-0.30316947671941563,0.9486183718048233,2.0149515391493003,-0.9467546391529413,-0.7317837209671136,-0.0036724323219949,-0.0032570562133997,-0.0212725732748051,SPY
2013-07-24,-0.432927288503963,-0.1018375366151718,0.31504773587537194,-0.8060256714670738,-0.2579870329689117,-0.29585593749567946,0.6279178068697692,1.6797331335017278,-0.379703540043913,-0.017018226069002582,0.0024298423370714,0.0011270322429668,-0.0237792260019267,SPY
2013-07-25,0.1875112003453142,-0.5155168427853198,0.016059353560040655,-0.8613661459505503,-0.2557983679909591,-0.28939502123807304,0.6171630510383282,1.5405900417097518,-0.41086971626686253,0.6977472688291085,0.0010653155387716,0.0101889325197159,-0.0171354580907969,SPY
2013-07-26,0.048775238424352746,-0.1802250685965268,-0.1293747040712371,-0.8715577563618899,-0.2534480832274779,-0.2834927305814939,0.5525016256534943,1.4426639523906348,-0.45922943986343384,1.4125127637272195,-0.0030797817672478,0.0108209701022126,-0.0148338527113853,SPY
2013-07-29,-0.3726705424303213,0.16844855552752708,-0.1633944978550863,-0.8863223552972982,-0.2528017709043392,-0.27748748797991474,0.28904310363656893,0.9227524751274969,-0.9555618588627961,-1.4465492158652247,0.0,0.0124376113038096,-0.0154821501171733,SPY
2013-07-30,-0.0595389230893537,-0.23703114927538313,-0.4044875391402984,-0.8945266894071279,-0.25123005810957727,-0.2721732059659635,0.18625677594595974,0.9093288830261205,-0.8318155746963214,-0.7317837209671136,0.0007116561343716,0.006738978114213,-0.0316971564605772,SPY
2013-07-31,0.012817514675018063,-0.31543283730423227,-0.30254998819136325,-0.9038578902529987,-0.2501136499093141,-0.26666049103423667,0.11374444487421206,0.24474125904951458,0.16414532473787813,-0.017018226069002582,0.0114917426138205,0.0027816052532436,-0.0288636461157318,SPY
2013-08-01,1.10886463458574,-0.03640270892904741,-0.09234882630940869,-0.8158949206154317,-0.24748438820999927,-0.2597658827521025,0.5266105969551778,0.8511134765544959,-0.42124392694409096,0.6977472688291085,0.0016973531212682,-0.0050518935867023,-0.0387709227156163,SPY
2013-08-02,0.11303659414644045,0.8093298337085006,0.34213646886407617,-0.8915150100250738,-0.2448699177933101,-0.2539371609989243,0.49499293261069477,0.7626614079303322,-0.7684878311121454,1.4125127637272195,-0.0014631405656508,-0.009639621842024,-0.0436406476608741,SPY
2013-08-05,-0.20830127356430897,0.8818720100356711,0.3724403816423273,-0.8900800905758656,-0.24310728067939696,-0.24897572590782469,0.3299573733880919,1.0091963868866127,-1.395226747870635,-1.4465492158652247,-0.0056986331895965,-0.0093578295365617,-0.0376656296740396,SPY
2013-08-06,-0.6389378459822432,-0.07154007541863663,0.4499524716250118,-0.860845745665948,-0.24224068389715903,-0.24559460317248333,-0.004379569146315673,0.2970972649460686,-0.7932346060843581,-0.7317837209671136,-0.0032457167265977,-0.000707378141616,-0.0237281592250848,SPY
2013-08-07,-0.38954169969187774,-0.615846236651091,0.1767236511953595,-0.8381612768881769,-0.24127124321561347,-0.24266189180731937,-0.2127618260497421,-0.32744555236195255,-0.8417537772344117,-0.017018226069002582,0.0036582437738745,-0.0026035740257368,-0.0192164842591822,SPY
2013-08-08,0.31240684561392806,-0.7470345794207592,-0.013018043493280262,-1.0282247949832448,-0.2399932430329839,-0.24092720718376012,-0.07354078439229798,-0.19521464028854854,-0.528284201432139,0.6977472688291085,-0.0028903751340534,-0.0203469268115261,-0.0223927546214293,SPY
2013-08-09,-0.3534129422987757,-0.05841705539564568,-0.38860593916322067,-1.0111677507512478,-0.23969961383033972,-0.23960421904080384,-0.23447855736734546,-0.5482819238207376,-0.6998537088987219,1.4125127637272195,-0.0011813482601885,-0.020767384911144,-0.0099714432711683,SPY
2013-08-12,-0.17965051594712647,-0.032265760621080816,-0.608570891801639,-1.0237294941523385,-0.23893574973475692,-0.2388985808448004,-0.3032023565521466,-0.4808012171135125,-1.0814212179562568,-1.4465492158652247,0.0029518182053491,-0.0259990470209112,-0.0014201126436015,SPY
2013-08-13,0.24058221681436934,-0.3884345866939914,-0.595059971434247,-1.0398817621770966,-0.23743754850251678,-0.23736242652599265,-0.19365158233781002,0.011870510485537356,-0.8473289635529984,-0.7317837209671136,-0.0051419126107186,-0.0240471170340024,-0.0012386980728162,SPY
2013-08-14,-0.5823342196349576,0.04152048570475751,-0.18030215983480158,-1.0030090352018106,-0.23739342488310627,-0.23678170799406512,-0.44551832899271404,-0.5462861367171468,-0.8611593669831454,-0.017018226069002582,-0.0140851090119147,-0.0250842894724003,0.0012433153512132,SPY
2013-08-15,-1.4916186374375153,-0.2499564704902916,-0.2712178842698679,-0.8090668757901821,-0.24368033166847944,-0.2386119570649491,-1.0652189030773802,-1.341989352543485,0.3804237622304426,0.6977472688291085,-0.0033108332336713,-0.0019255702122844,0.017575045725577,SPY
2013-08-16,-0.39616231077628106,-1.5037857858857453,-1.1219473821745365,-0.8102163906564607,-0.2512009203949316,-0.24106692966803592,-1.1722339970077975,-1.3488504895015938,0.03124488651071039,1.4125127637272195,-0.0064130103699557,0.0047521839395701,0.0266563945369426,SPY
2013-08-19,-0.711570941510311,-1.3690278584449622,-1.1421068251105055,-0.7913472230721399,-0.2599115122936568,-0.24454361685070305,-1.4022811478551354,-1.5673260361791894,-0.5621720505265999,-1.4465492158652247,0.004903748192258,0.00743711513649,0.0375220738748893,SPY
2013-08-20,0.43904140770281236,-0.8044012643871993,-1.3929460736776496,-0.7518195776833798,-0.2660074947598787,-0.2471603492192661,-1.1287098831615996,-1.3145453850940036,-0.6705193109885148,-0.7317837209671136,-0.0061790850491165,-0.0136816393991718,0.0441262490194347,SPY
2013-08-21,-0.6877869788613301,-0.19985075629461493,-1.2993581008883164,-0.7319916160305224,-0.27279382975916167,-0.25007106504050525,-1.3585725164922184,-2.2635464796252904,0.5988215858632482,-0.017018226069002582,0.0090736102482011,-0.0039573878708383,0.04862837774193,SPY
2013-08-22,0.8630051027579825,-0.18263506821065892,-1.349086762568621,-0.6427002210016851,-0.27828765132481814,-0.2521806199556903,-0.9015203312807863,-1.7590904937769598,-0.435530677340777,0.6977472688291085,0.0033669209181832,-0.0114465321051033,0.0325382526371562,SPY
2013-08-23,0.2827870853686522,0.12424511154374344,-0.23871005721151345,-0.6295150451907751,-0.28223892561352165,-0.2540108690265737,-0.7110786162067674,-1.5174961923779133,-0.6200051176740121,1.4125127637272195,-0.0037280791730358,-0.0179858248472761,0.0245333656150057,SPY
2013-08-26,-0.4385850882750273,0.8267815474928215,0.08146406688570297,-0.626278001343813,-0.2868073189043922,-0.25591461743873367,-0.8483089525167667,-1.4561376610846402,-0.6173439787857155,-1.4465492158652247,-0.0162150063434038,-0.0097458682530566,0.0259047606764912,SPY
2013-08-27,-1.708172358071814,-0.11535627338545502,0.21019679269238534,-0.43031705149827887,-0.2960320190870015,-0.25978088034625263,-1.5220153174356503,-1.7802500575119713,0.6361114017999407,-0.7317837209671136,0.0035451664792169,0.0147079753497054,0.039224916259057,SPY
2013-08-28,0.30090990230340514,-1.5564843676370894,-0.8023709930805945,-0.413657620626036,-0.3031268857842052,-0.26330900176414496,-1.2942426096773096,-1.7930489790136948,-0.26720691170089883,-0.017018226069002582,0.0015844660139361,0.0124287671097933,0.039517785362257,SPY
2013-08-29,0.10155898781162316,-1.0212112810897578,-0.33612835449520273,-0.5510815516332068,-0.30637323868252436,-0.2680793496978686,-1.132304795246019,-1.6439327743291674,-0.03980603541174645,0.6977472688291085,-0.0031723718239895,0.0113262745074846,0.0333263518744635,SPY
2013-08-30,-0.38208448036278386,0.28873739425523587,-0.6952056941090917,-0.5625668241898559,-0.3095755791740844,-0.27344499638491954,-1.1777383109930923,-1.6883621795954715,0.2787886998809938,1.4125127637272195,0.0045118774211836,0.0240295825476817,0.0311556389341758,SPY
2013-09-03,0.399198607662933,-0.20563851898557953,-1.0087410951329538,-0.5250511685459038,-0.31013372766789027,-0.27808298150719224,-0.8821896731925524,-1.6148433955213204,0.44089558706698917,-0.7317837209671136,0.0082388372593582,0.0268876874938763,0.0345287103357199,SPY
2013-09-04,0.7781309663635498,0.009803749084361808,-0.6136650223756717,-0.458690895903941,-0.30988397185619104,-0.281008374936807,-0.44335732134116096,-1.1028188330740207,-0.42624069752825666,-0.017018226069002582,0.0012659582393048,0.0217820830106525,0.0253448488829883,SPY
2013-09-05,0.06917524676099882,0.8496094423498723,0.5588082041432009,-0.4580650867010451,-0.3078275387206563,-0.2833751705902433,-0.33882213489510166,-0.572423621347894,-1.0494825426898973,0.6977472688291085,0.0004819734116274,0.0178562255846586,0.0148153256256673,SPY
2013-09-06,-0.010535088964753747,0.6107266571067745,0.4495284245564733,-0.47452387286020514,-0.30785687105744164,-0.28613890164135675,-0.2631668685771033,-0.4135084589700823,0.8146765459570985,1.4125127637272195,0.0095309362162074,0.0196208735354801,0.021881195755081,SPY
2013-09-09,0.9095029496026502,0.039861784363719024,0.3966678976127225,-0.39109614461589565,-0.3063731830761989,-0.2873736571849632,0.21008041512463058,0.24094681006746946,-0.5561573099163928,-1.4465492158652247,0.0073699823673782,0.015860452896967,0.0036684934542812,SPY
2013-09-10,0.6897916099223477,0.6481212167358524,1.0057455055054447,-0.3461389544435106,-0.3021573060868455,-0.28755005282153884,0.5640639809645576,0.32043908029550616,-0.1909856057846136,-0.7317837209671136,0.0031332327761344,0.0129431394975796,-0.0154165506751731,SPY
2013-09-11,0.25902723747335327,1.1550428841991809,1.142781285337448,-0.34527483801153397,-0.29324102638950605,-0.2877043833520647,0.7169127176961143,0.7373885477406933,-0.3961113032269991,-0.017018226069002582,-0.002659899186689,0.0213178300582486,-0.0178249744841041,SPY
2013-09-12,-0.32997968888294965,0.6842051549494266,0.8979860433699028,-0.3601787202150003,-0.28583779481335847,-0.28755008064638876,0.5866672332448285,0.31805515196254475,-0.6024772242138806,0.6977472688291085,0.002246621362449,0.0223007729183164,0.0061639889207283,SPY
2013-09-13,0.16888251662139817,-0.05394200985682552,0.7097553996363242,-0.5314924817199491,-0.2782581799722187,-0.2853817596480031,0.6515689004792721,0.2809079203412947,-0.7813774403209769,1.4125127637272195,0.0057705155776943,0.0130376366992948,0.0103393532488826,SPY
2013-09-16,0.527168520435267,-0.11919200286708889,0.794363877149279,-0.5295239711778535,-0.2684753034926413,-0.2820889251617119,0.8635530219457691,0.6859748697314675,-0.0732066498915924,-1.4465492158652247,0.0044526689679909,0.0026291550176331,0.0085550832220171,SPY
2013-09-17,0.39317868799717304,0.501242717415998,0.6140653281470424,-0.5795076176251397,-0.2586630668731154,-0.2774582718874146,0.9866887950864854,2.0130458953463664,-0.7018805999033223,-0.7317837209671136,0.0115079233368033,-0.004180198061908,-0.0031784058907957,SPY
2013-09-18,1.1105097823178274,0.6635963580527628,0.47419071744330205,-0.5076560840562466,-0.2479400264424523,-0.2719675942368877,1.435155013033158,2.0916125062587945,2.9376527407396043,-0.017018226069002582,-0.0016769563266212,-0.0185829721595496,-0.0008169446093022,SPY
2013-09-19,-0.23004063061398514,1.0858397562319035,0.8757267958721214,-0.5568637521611493,-0.23795132314844658,-0.26594032826653285,1.2348138025996986,1.931129816603755,1.2424445646998346,0.6977472688291085,-0.0070165148565726,-0.0130679802505113,0.0075217006892751,SPY
2013-09-20,-0.77293124280944,0.6347311854923249,0.9228553456963796,-0.5284693170759444,-0.22985448606918657,-0.26190342946638806,0.8175726491833366,1.6103230057471634,0.822655785757057,1.4125127637272195,-0.0046379661039672,-0.0106584328677961,0.0212693453165799,SPY
2013-09-23,-0.5310963081054966,-0.7285712082955632,0.47872151598736035,-0.4999762998756258,-0.22525937393883633,-0.2588616586016482,0.5365988593304123,1.1993433695738314,-0.03199806418512939,-1.4465492158652247,-0.0023566841115503,-0.011363551528106,0.0259645552984917,SPY
2013-09-24,-0.2991508072730616,-0.9464861418198973,-0.02032748010101323,-0.5100923277180228,-0.22307613057763553,-0.2556596026884824,0.3625918529679098,0.8441357471105017,0.0483507347747846,-0.7317837209671136,-0.0028948507608381,-0.001121918593828,0.0340961510541815,SPY
2013-09-25,-0.3538679941071742,-0.6035468125393493,-0.34681129611650563,-0.7972667590680288,-0.22239467505668004,-0.2508569918411838,0.1332053721504515,0.6159748609781623,0.4058664821144073,-0.017018226069002582,0.003838035582417,0.0008279079736368,0.0321907851539133,SPY
2013-09-26,0.3306868746575004,-0.4752625809135789,-1.0373721458300025,-0.796161297784521,-0.22009273999335977,-0.24600062338368509,0.22214229956091142,0.7144657283605127,-0.8479962932822842,0.6977472688291085,-0.0046069674738573,-0.0122736926267963,0.0316696686906441,SPY
2013-09-27,-0.5279445746460383,-0.019363400626946612,-0.772948259636289,-0.7519194682786937,-0.21950025459345923,-0.24191138604069015,-0.07338084846314337,0.12852216192205507,-0.15000344552188374,1.4125127637272195,-0.0053430847642772,-0.0001188816118977,0.040833641035511,SPY
2013-09-30,-0.6027880592154183,-0.14536629415263777,-0.6574191902533841,-0.7254695519721878,-0.22167582428171861,-0.2381047656991464,-0.39606654568415317,-0.47987424252146216,1.288171825375109,-1.4465492158652247,0.0078849488227277,-0.0034575629322128,0.0477670139019377,SPY
2013-10-01,0.7421499561482777,-0.8210490444548204,-0.6912270760059059,-0.6943741189152313,-0.22300464864600053,-0.2338597509334258,-0.10605152502673315,-0.2597827682470187,0.7327956352769934,-0.7317837209671136,-0.0009450241933732,-0.0230575735170166,0.0452018681359751,SPY
2013-10-02,-0.15562266484479095,0.0982910841015242,-0.20017787301196033,-0.7344850340555082,-0.22747806633264495,-0.23073250212948526,-0.2094440327099582,-0.17370073795312738,0.2922132602228498,-0.017018226069002582,-0.0092635650180161,-0.0213877403564399,0.0411674525626502,SPY
2013-10-03,-1.0013962799350957,0.42196548878504125,-0.10669075156617418,-0.6304202019375958,-0.23382819751029343,-0.22891179698215156,-0.6764462799813912,-0.6928546037769336,2.1987926557459665,0.6977472688291085,0.0075478435410412,0.0092048888797195,0.047590324983151,SPY
2013-10-04,0.7078753449191785,-0.8400760222687538,-0.7348650450672735,-0.5897154824980704,-0.2365294415981739,-0.22621189613693798,-0.3747389025600546,-0.6146798395924561,-0.23492195694213563,1.4125127637272195,-0.0086817660845923,0.0080790310292817,0.0424289742548769,SPY
2013-10-07,-0.942242854166021,-0.2150450879113776,-0.15208588282728683,-0.5825992028549707,-0.24021958858158074,-0.225759060615611,-0.7877072866771264,-1.1258139771420586,-0.24858165775476374,-1.4465492158652247,-0.011715061762076,0.0207470426647029,0.0546235404226242,SPY
2013-10-08,-1.2506480786956868,-0.17222770957255526,-0.3121635591033386,-0.5189635161688901,-0.24619765783424158,-0.22765795359144508,-1.2931433441050715,-2.046208097780572,2.1492081448481732,-0.7317837209671136,0.0007248089672033,0.0251812842819569,0.0631662041329867,SPY
2013-10-09,0.014154806780358301,-1.5898774453923372,-1.2519130734730706,-0.530527976984848,-0.25127526605233824,-0.2298577444951813,-1.2194131631415948,-1.9695358702025314,1.7892523718676585,-0.017018226069002582,0.0213290642181434,0.0383258599330504,0.0675346326857884,SPY
2013-10-10,2.1090577251150884,-0.897602400309224,-1.1718506217238314,-0.1750613179622105,-0.25204274455908887,-0.22908991775942752,-0.24309207498084537,-0.779490988178091,2.3866101116047087,0.6977472688291085,0.0064219856906033,0.0236584846868632,0.033481380415691,SPY
2013-10-11,0.5934056459280048,1.5342735669506367,0.2949551406293753,-0.15268622117626046,-0.25005017528857376,-0.22779638222019577,0.03482984949848935,-0.40274912063632506,-0.10811192487270756,1.4125127637272195,0.0039862455508288,0.0239676287669921,0.0404603711826903,SPY
2013-10-14,0.3457558733459151,1.9535561699513162,0.24097433466906748,-0.1633914760446128,-0.2457251986882771,-0.2267208404682909,0.2030065366769751,-0.19457613202960655,0.08198192194441939,-1.4465492158652247,-0.007280820144822,0.0200386270941077,0.0366436760908985,SPY
2013-10-15,-0.7998040374308185,0.6772148333145118,0.8483596077998449,-0.13875167182942597,-0.24519379683711318,-0.22711986272971754,-0.1331946518591165,-0.3456495725818678,1.230397938385809,-0.7317837209671136,0.0138693846182968,0.0330943588830692,0.0418919292841559,SPY
2013-10-16,1.3506073772022378,-0.33124047323972033,1.0609654320866595,-0.09856562050728962,-0.24092795756415508,-0.22722373289476827,0.5257995911366811,-0.06824191422411809,1.3499687316717344,-0.017018226069002582,0.0066616889719561,0.014424757603666,0.0360150562328422,SPY
2013-10-17,0.6177770729718179,0.3961072070605443,1.6912002236070525,-0.07325008445421818,-0.23266185482958826,-0.22626499986316367,0.8262244464701819,0.24159553968478484,0.4697229892009615,0.6977472688291085,0.0067311297707322,0.0110799877508576,0.0343306124767073,SPY
2013-10-18,0.6248373491252552,1.4222034295689354,0.9879527072322534,-0.08869092184287326,-0.22454344249597202,-0.2235543029761504,1.0980855215125063,0.567493064068416,0.6955849088038161,1.4125127637272195,5.724387794447949e-05,0.0089058628511349,0.0319405806463111,SPY
2013-10-21,-0.05371874830010886,0.8968649648033563,1.002775046124083,-0.11013945173361463,-0.21425535474461657,-0.22025275931180838,1.0372456444926004,0.4141818285350756,-0.22135844235520574,-1.4465492158652247,0.0057749116441394,0.0104389070753398,0.0283782475779341,SPY
2013-10-22,0.5276154830802582,0.4108121241009328,0.8143936471408773,-0.10790560984627036,-0.1995979999545761,-0.2159097315119628,1.2325874220720736,0.568625756759025,0.365641512553538,-0.7317837209671136,-0.0048002166611063,0.0099837984879656,0.0204273108474568,SPY
2013-10-23,-0.5475928599833728,0.34043943871318627,1.4403686972732728,-0.09409006126350017,-0.1863576333581509,-0.21182516874376706,0.9225069196499115,0.7348340036365952,-0.2183744333305167,-0.017018226069002582,0.0033169191191477,0.0098045753823736,0.022094490366995,SPY
2013-10-24,0.2777032367439039,-0.017044416477961663,0.5452289390632235,-0.09544499923733482,-0.1775307686324716,-0.2077923323717227,1.005035846998292,0.6587937302894349,-1.131071547858598,0.6977472688291085,0.0045570048710095,0.0036469636657106,0.0268138168261904,SPY
2013-10-25,0.40378686504889055,-0.19793989402243337,0.38485933970738306,-0.1176971067836047,-0.1691318501890671,-0.20259253570309732,1.1253740066510372,1.1265374842906413,-0.4939908121428241,1.4125127637272195,0.0015902881021494,0.0014764516074681,0.0272465281282929,SPY
2013-10-28,0.10215093881593271,0.49070298846447225,0.28061792566051397,-0.15584494206393798,-0.16132338751467687,-0.19652108387094258,1.0861384213691523,1.7691653714541167,-0.7218967237488286,-1.4465492158652247,0.0053198030567651,0.0033989635884736,0.0246607662692444,SPY
2013-10-29,0.48134308467332637,0.3636319175855761,0.3541218433737451,-0.1708357385615206,-0.15029698677437872,-0.19073767488598953,1.2328993424765198,1.8142941238865837,-0.687957570159717,-0.7317837209671136,-0.0049794397666982,-0.005093237520005,0.019617473075904,SPY
2013-10-30,-0.5658150671131527,0.4197699003822511,0.332301035057346,-0.14272057729625093,-0.14406788276452806,-0.1854861100839387,0.8928836388609943,1.226253757867786,0.7310692074696963,-0.017018226069002582,-0.0028406925975152,0.0049794397666982,0.0270293419576601,SPY
2013-10-31,-0.348361554150233,-0.06372793294679474,0.32370793630797584,-0.21598623683058177,-0.14027455824386037,-0.179451693127134,0.6429529208647562,0.9102791599458572,0.5407035779720829,0.6977472688291085,0.002386492812767,-0.0049040556877404,0.0292070421507242,SPY
2013-11-01,0.18310371053955837,-0.6642980092881309,0.028472757970986695,-0.23588030170252505,-0.13758810543860558,-0.1740450465236075,0.6556667837748468,0.8734923735976831,0.7680341170513239,1.4125127637272195,0.003512800083155,0.0061104279570951,0.0242204145267477,SPY
2013-11-04,0.2976191035465339,-0.12220364652056669,-0.07559543341297499,-0.3256113879387613,-0.1340011081892969,-0.16710209256459857,0.6937629630229245,1.4441807593751834,-0.7972816892979845,-1.4465492158652247,-0.0031723980517135,0.0027671783329772,0.0163780828011219,SPY
2013-11-05,-0.3820871470224073,0.3453804005664232,0.016582052548214113,-0.4662870778819801,-0.13273175479030774,-0.15913252685240942,0.39399732927914616,0.8672962379892498,-0.8103053004734151,-0.7317837209671136,0.005093237520005,0.0039070094331261,0.0194387689144228,SPY
2013-11-06,0.4583074156635885,-0.06372508178294063,-0.3905882310132807,-0.4688985959357125,-0.1288939452091126,-0.1505867780588424,0.478265337103795,0.820826790393796,-0.7739651295847073,-0.017018226069002582,-0.0127241880519539,0.0068062834801043,0.0099405824057479,SPY
2013-11-07,-1.3532492930510105,0.052586901252532015,0.09236016065347387,-0.5739089576242316,-0.12921874175728873,-0.14633242805594657,-0.20185573758539369,-0.309472163981806,1.126331844209618,0.6977472688291085,0.0134009764576026,0.0245077167478795,0.0337796969798684,SPY
2013-11-08,1.3029827670982006,-0.6503752094658004,-0.38151764739144983,-0.47599864978889883,-0.12724082475358514,-0.14113996323529612,0.33626485276085905,0.22563817430953606,0.5735178379209672,1.4125127637272195,0.0001695504590371,0.0154478382306129,0.0229174196641723,SPY
2013-11-11,-0.04230016599204936,-0.038968792582316336,0.14658694783222312,-0.47696143210129843,-0.12563188352379417,-0.13642758837654811,0.25785361045894184,0.028071603846549303,-1.4339589490952134,-1.4465492158652247,-0.0020325669515646,0.0117731985811433,0.0191587657172451,SPY
2013-11-12,-0.26619674142273547,0.9099433629936048,-0.013709762064325923,-0.5365942936829485,-0.12594191659250836,-0.13106522502179693,0.06372390512061138,0.1786396568722,-0.8388873364806431,-0.7317837209671136,0.0079925115669832,0.0116297404463701,0.0098964656623827,SPY
2013-11-13,0.7530862168430029,-0.2258852356772456,0.04094101060714037,-0.6328052953850611,-0.1228569332512523,-0.1264045487343489,0.3574412776443448,0.3462419159609012,-0.306725969990918,-0.017018226069002582,0.0049772452158212,0.0005041917378187,-0.0014025375936173,SPY
2013-11-14,0.446514093673563,0.3498440519610784,0.17995069970317332,-0.6458352482524471,-0.11772002088684025,-0.12193594738645198,0.5126526702790063,0.3628654600603966,-0.2968492072390932,0.6977472688291085,0.0043410979403359,0.0035631921003407,-0.0064918762540351,SPY
2013-11-15,0.38183489184490005,0.86572980288322,1.028670308555695,-0.6637262109620183,-0.11205187349024166,-0.1177553888857568,0.6433646671297223,0.45090326830052935,-0.31466913430579807,1.4125127637272195,-0.0035050891904324,0.0042118103331167,-0.0046205184729428,SPY
2013-11-18,-0.4159129577065634,0.5970047335476272,0.5942819494263836,-0.6415501760311811,-0.10822891079799714,-0.11404751893686363,0.40840399052930076,0.08663244666812944,-0.26762876455217355,-1.4465492158652247,-0.0021760250863378,0.0067214257666501,-0.0043010190004935,SPY
2013-11-19,-0.2807826054365062,-0.027251002590711806,0.4180962881415794,-0.6503727259418551,-0.1041548855454011,-0.11137374562580031,0.2564189520531138,0.23473029467184056,-0.5739185959676698,-0.7317837209671136,-0.003133037141568,0.0091739607164127,0.0148035480915194,SPY
2013-11-20,-0.3780851928373194,-0.5068773928826263,0.4112179901987188,-0.6666038580849348,-0.10223607806587331,-0.1084931919419614,0.05600993285162169,0.21596932461402762,0.30925589870799874,-0.017018226069002582,0.0080362455783431,0.0147394269730387,0.0167800519156147,SPY
2013-11-21,0.7575327987219649,-0.4794962953542868,-0.12221177254151576,-0.6263257290972103,-0.09488522764849693,-0.10497742475746875,0.37325215030145886,0.4031573799073747,-0.5867840744730112,0.6977472688291085,0.004989716173112,0.0060401889902443,0.0145443057259821,SPY
2013-11-22,0.4477820572327765,0.27207376025732005,0.02445621484037267,-0.6235384325267694,-0.08968953939786281,-0.10138782433350137,0.5457548894979872,0.4495583414748078,-0.8850492454010764,1.4125127637272195,-0.0009954737568991,-0.0015496619940771,0.0148825523458349,SPY
2013-11-25,-0.16075203916926695,0.8698661965219652,0.055555109742765466,-0.618684710305933,-0.08480377300329096,-0.09813793750318522,0.4393179278071208,0.5664047576823911,-0.9033864441846496,-1.4465492158652247,0.0002765098634247,-0.0048837198796487,0.0180670183014832,SPY
2013-11-26,-0.03142524886129288,0.20517858434060687,0.1758820797060526,-0.6347641551749055,-0.07931281516340616,-0.09554545449139794,0.4055490283238072,0.42262459184257883,-0.6704358429039244,-0.7317837209671136,0.0024324291150579,-0.0052719416814861,0.0228616660864444,SPY
2013-11-27,0.1877742066363451,-0.14168890914755858,0.2934722472236723,-0.6695804578980937,-0.07526840027922321,-0.09197797482317961,0.4568353044252356,1.373567444553992,-1.4034410480658426,-0.017018226069002582,-0.0006629924044512,-0.012109319785214,0.0203748241252137,SPY
2013-11-29,-0.12694755815056066,0.11058693005615443,0.5603161955611506,-0.6830943622764484,-0.0727149578049452,-0.08812979806816128,0.3558291233061648,0.9376532866425511,-1.4708994422767723,1.4125127637272195,-0.0026001348112094,-0.0003314008585961,0.0208745602243425,SPY
2013-12-02,-0.3239032467558335,0.04144444501050767,0.14321924378419332,-0.6689619955406821,-0.07200650541288219,-0.08493901121924553,0.1751268722246835,0.6862131968858015,-0.26527264872714124,-1.4465492158652247,-0.0043295316424707,0.0048074330945198,0.0281964130913081,SPY
2013-12-03,-0.4997367541864324,-0.3289261096022642,-0.22068661972511797,-0.6473617995455745,-0.07151936619694343,-0.08278227927088506,-0.06790769952666838,0.4887201907076732,0.183788201112349,-0.7317837209671136,-0.0001117119384126,0.0055478612491004,0.0228959462728495,SPY
2013-12-04,-0.07089704610536068,-0.5987643453387076,-0.3805426190517556,-0.6623490120166416,-0.07048620066619245,-0.08022669201019784,-0.11866352698572084,0.07968627619814297,0.353953139569975,-0.017018226069002582,-0.0044049489886699,-0.0056352938189139,0.022843776643187,SPY
2013-12-05,-0.5074046857239508,-0.4156293523188571,-0.3991564482721999,-0.6551709140987347,-0.06979242834410318,-0.07891938317021603,-0.3486324446049782,-0.6034780216238556,-0.09529507924996357,0.6977472688291085,0.0111149265221666,-0.0045368365192608,0.0243467529911702,SPY
2013-12-06,1.0705524936970163,-0.4211796771132287,-0.7269839626880474,-0.7459525378714859,-0.06827206799108798,-0.07448031790059437,0.09549647034276289,-0.15295589016951922,0.46005777735783066,1.4125127637272195,0.0025386991419065,-0.015763856486024,0.0193543683565371,SPY
2013-12-09,0.19857903246796474,0.4050425773879436,-0.16227541094080145,-0.9063741200693043,-0.06740118952177365,-0.0714446685028546,0.16146823213106717,0.24649742333331445,-1.1344099285541909,-1.4465492158652247,-0.00358910348789,-0.0120900999065023,0.0170337417301196,SPY
2013-12-10,-0.4244549697706848,0.9160589990044847,0.08411306374765229,-0.8813145955276748,-0.06722405557138585,-0.06891124373519207,-0.05309814380625996,0.13452622337825046,-0.8155430724082369,-0.7317837209671136,-0.011294867006427,-0.0116865861365953,0.0212767775758475,SPY
2013-12-11,-1.2079254852722785,-0.16608120421135764,0.11961391185598312,-0.7300706877632753,-0.07011716928595386,-0.0676113084804608,-0.6051417203653785,-0.3927390620885583,0.5281195309626466,-0.017018226069002582,-0.0033064916890168,0.0165368228755067,0.0352904465414507,SPY
2013-12-12,-0.3957208915424372,-1.1841597903349654,-0.41657786716458145,-0.7808134684615351,-0.07453061555037487,-0.06779596809748681,-0.7556520150814231,-1.0504087644583762,0.16015642180537945,0.6977472688291085,-0.0001120934445966,0.0186867812470508,0.0252027137523969,SPY
2013-12-13,-0.07093583510348221,-1.1633610304538455,-0.36391081836690237,-0.8100996414613173,-0.07879634361068157,-0.0686527787035407,-0.7458907809881256,-1.441914846525322,-0.051191488683782795,1.4125127637272195,0.0062124557214282,0.024599374080358,0.0361533400123201,SPY
2013-12-16,0.5721020395342005,-0.34036700456846725,-0.9022057603994865,-0.7872854751401163,-0.08072994237283505,-0.06926582971116871,-0.44576311094464793,-0.9269045732264308,-0.3808386862935257,-1.4465492158652247,-0.0031855897179831,0.0237148811518945,0.0353166676148264,SPY
2013-12-17,-0.38342838745208124,0.36017806219858683,-0.7260624391201179,-0.7894535821814419,-0.08235370268841394,-0.0698345835575967,-0.5844186732865093,-1.0945500516551523,-0.5601254321265869,-0.7317837209671136,0.016928542005675,0.0290894630686269,0.0372016022130408,SPY
2013-12-18,1.6616420474881943,0.13398470707139623,-0.7067154154197529,-0.5265037557294243,-0.07944576988805749,-0.06786249731383703,0.17588269445870786,-0.32568125671127535,3.2868928587131387,-0.017018226069002582,-0.0011565333174727,0.0172320787113378,0.0160348217067678,SPY
2013-12-19,-0.17712749847910778,0.9226329743411321,0.6464948187392442,-0.5366460959361329,-0.07568180550733786,-0.0656318903887262,0.0814959614752405,-0.34858097611712807,0.6760574700177888,0.6977472688291085,0.0058004993887106,0.0183341991826377,0.0201273462148385,SPY
2013-12-20,0.5302170738741484,1.07196098197461,0.7495775352934979,-0.5609518803138434,-0.07331155807294473,-0.06368506910876635,0.3216589947665663,0.0011773175143946389,2.1386462372163146,1.4125127637272195,0.0053279627929647,0.0123704434886047,0.0149785382395091,SPY
2013-12-23,0.4821727120958756,0.25299486923678266,1.0330649456561398,-0.558278519862229,-0.07018075511934566,-0.061682667690931746,0.5395192018981901,0.3968633394439329,-0.6803676089115418,-1.4465492158652247,0.0021889921987492,0.0117641987513961,0.0014231695097626,SPY
2013-12-24,0.16302316855248933,0.7302200880306795,0.990656713456945,-0.5595693870915234,-0.06549703430905743,-0.05925034451574462,0.6004714906937036,0.4672800810598323,-1.6139368830393064,-0.7317837209671136,0.0050711576483859,-5.479190828250324e-05,-0.0223326706657616,SPY
2013-12-26,0.4560624819385903,0.4644319250721313,1.2483484490984325,-0.5455053388109785,-0.05643656740928336,-0.05616426257737959,0.7878715938197784,0.8383504049365581,-1.1277280818195694,0.6977472688291085,-5.4412846172802176e-05,-0.0052898311247435,-0.0323348917434778,SPY
2013-12-27,-0.06507125749571867,0.44553240084976375,0.6798298177821305,-0.5459805527981775,-0.046520124535472086,-0.0534106180343912,0.7358499608401494,0.5369489245888596,-1.1268569072842598,1.4125127637272195,-0.0001632563053224,-0.0081373909192574,-0.0263433066113583,SPY
2013-12-30,-0.07613773271829367,0.280429446792477,0.7326725023919045,-0.5472574045552137,-0.036618750975914285,-0.05059059731172727,0.6775393360747963,0.4433924008837514,-1.2092335944628272,-1.4465492158652247,0.0047217180557561,-0.0018515927264015,-0.0358321239833987,SPY
2013-12-31,0.42053380043730343,-0.10479622098075797,0.4467320181743887,-0.549410097190026,-0.02706458331377377,-0.04677734074345858,0.8356030880716989,0.8248698897372777,-0.4959778123342118,-0.7317837209671136,-0.0096299984609293,-0.0063552382666687,-0.0300089255383859,SPY
2014-01-02,-1.0386527825160021,0.24670219552573214,0.4176647789034722,-0.4740136596388367,-0.019295906965392188,-0.04370248613206851,0.3209565280121943,0.9196541831252467,0.3034222230756726,0.6977472688291085,-0.0001638815680751,0.0039286925520984,-0.0262547426875707,SPY
2014-01-03,-0.07620130525461709,-0.45000083575575794,-0.14901301367816622,-0.47390167543763917,-0.016073770621897607,-0.04063506075562878,0.25893185725664036,1.1470775250198497,-0.5968221236318623,1.4125127637272195,-0.0029019726406867,0.0068113760793497,-0.0488532247579556,SPY
2014-01-06,-0.35459209923483614,-0.8095555813695821,-0.4000141822790642,-0.4861253552853003,-0.013328152686141055,-0.03737773077793761,0.06417679967706266,0.9378772252683807,0.08790360005814588,-1.4465492158652247,0.0061225418875334,-0.0036808757580342,-0.0389708547817733,SPY
2014-01-07,0.5629602020481653,-0.31440784137046235,-0.5365443602835573,-0.5511925316242359,-0.010478884559355237,-0.0347659373202496,0.3081753897005664,0.9402313652760286,-0.44644112144683784,-0.7317837209671136,0.0002180725154889,0.0010351151697589,-0.0463485085176893,SPY
2014-01-08,-0.03736676769997373,0.14824025925911707,-0.2351631047171791,-0.5531247882955793,-0.00900968202594614,-0.032464140516413525,0.27794788470208076,1.1790420574692575,-0.16365775120796158,-0.017018226069002582,0.0006539323578378,0.0061928259782044,-0.0334656653722307,SPY
2014-01-09,0.006948547005708985,0.37785937028088384,-0.4510965957246217,-0.5715520974405586,-0.007955942154701192,-0.029593172493399454,0.2584352172813962,0.6540316503676031,-0.3112621263356302,0.6977472688291085,0.0027188019591761,0.0042382385005979,-0.0217999435790519,SPY
2014-01-10,0.21689068279957166,-0.02460187495089938,0.04198063762346652,-0.7249026145368569,-0.007540451689374319,-0.02485149806760111,0.3040899660040972,0.8777811849198842,0.014215171402720234,1.4125127637272195,-0.0133942244780707,-0.0027188019591761,-0.0226833968675679,SPY
2014-01-13,-1.421374117140375,0.1594388177387023,0.18019487139109347,-0.5367081941701688,-0.010746072954148481,-0.021493469957759855,-0.3858038515321802,-0.4265610458101665,1.3333169230716908,-1.4465492158652247,0.0108385328153266,0.0136114137094924,0.0015947813992092,SPY
2014-01-14,1.04245062949389,-0.8744325279278136,-0.3228706002403928,-0.4650511091125247,-0.010968720682088264,-0.016650332216435908,0.03955508696460285,-0.13971796778493872,0.11267670290848873,-0.7317837209671136,0.0053757833239345,0.003424572307547,-0.0087495239966095,SPY
2014-01-15,0.48703478396718863,-0.2768625289055642,-0.09675591703702197,-0.47064322815234777,-0.011013233545778999,-0.011891795931537583,0.21084281869480448,0.004266263833914829,-0.04920573246848739,-0.017018226069002582,-0.0013006551197687,-0.0101786169531692,-0.0089753859790722,SPY
2014-01-16,-0.19178083976945967,1.1045125120412245,0.1505376344906542,-0.48348065934717865,-0.00878708990433181,-0.00689048783038807,0.062208640238240874,-0.3051487395793732,-0.7597983590603599,0.6977472688291085,-0.0042382385005979,-0.0304448098101755,-0.0021713892115426,SPY
2014-01-17,-0.4904546778869481,0.21113135803276145,0.05682224464805962,-0.676155994787308,-0.007673990280445489,-0.004721179049827748,-0.17507231759307115,-0.52473048185554,0.2336989843448345,1.4125127637272195,0.0029359911905979,-0.0311376347389078,0.0032618391431045,SPY
2014-01-21,0.2389730317704546,-0.4964106915825793,-0.27674264631134177,-0.6762711948170143,-0.0049730242241933,-0.0019957628171642845,-0.08403266810259039,-0.37443986643560684,-0.29260429029979945,-0.7317837209671136,0.0006516914133811,-0.0281364536435591,-0.0063178209638232,SPY
2014-01-22,0.006720702755820225,-0.18461553772895753,0.5062320453494091,-0.7002787550380027,-0.003755940771323968,3.8998901220689027e-05,-0.088503070740596,-0.5757582902465904,-1.042302659273355,-0.017018226069002582,-0.0082274059367817,-0.0384402187343031,-0.0010860152965106,SPY
2014-01-23,-0.8960465520900216,0.17525789473856043,0.017809897870477195,-0.6507711001383238,-0.004839346617307981,0.0002320477105218426,-0.4776350827182264,-0.5046670676364073,0.9018272207484447,0.6977472688291085,-0.0215668479767749,-0.0196678962967524,0.0059998954816125,SPY
2014-01-24,-2.2523118341008193,-0.6463101262556521,-0.6344137550875943,-0.2872810267426752,-0.011888838552773865,-0.002768166740742863,-1.423659730561516,-1.3052655553379222,2.722336652655162,1.4125127637272195,-0.0049310634293302,-0.0039768639300916,0.0330982304504141,SPY
2014-01-27,-0.5608964845632717,-2.2814791727264896,-1.6061042964315364,-0.3086185251432843,-0.020986228052785952,-0.0071125023085392616,-1.5759767036713224,-1.357525073156039,1.9100481770814068,-1.4465492158652247,0.0059371722859467,-0.0218081641392213,0.0376506066592572,SPY
2014-01-28,0.544113060299773,-2.038885492732439,-1.6393227422840206,-0.26962286816669195,-0.024874500374516988,-0.010662215810031557,-1.2444690648019443,-1.3733550268673993,0.19649426005758397,-0.7317837209671136,-0.0096520736773628,-0.0207649390896724,0.0317673531100846,SPY
2014-01-29,-1.0408972429328522,-0.014732518615948388,-1.495426979336003,-0.22389074596339512,-0.03425395296143568,-0.015467010908055108,-1.6050471765868224,-1.607997410477009,2.6089915711975924,-0.017018226069002582,0.0105449165007689,-0.0123679772606921,0.0466531154868992,SPY
2014-01-30,1.012597685684647,-0.36217434141526805,-1.9894551941836944,-0.14904853867754234,-0.042312560691804876,-0.01952173152462519,-1.052963611060277,-1.205446783538476,0.36283670463539075,0.6977472688291085,-0.0058758156101141,-0.0098119781005134,0.0386346602678449,SPY
2014-01-31,-0.656952569897246,-0.023068310103855093,-1.0893903285066393,-0.1816329569968684,-0.051573293773440824,-0.023041769823592236,-1.2634752118079098,-1.4359885383577191,2.006247370229504,1.4125127637272195,-0.0227623636384599,0.0083834916606173,0.0374539420822861,SPY
2014-02-03,-2.373863873622583,0.2548446613395596,-0.33706216099219083,0.09459667873047259,-0.06562765356803096,-0.029517447164123977,-2.1889963723297257,-1.5971623713636738,2.995383884980127,-1.4465492158652247,0.0069803973354956,0.0329812039697374,0.0741737677362746,SPY
2014-02-04,0.6501812085615342,-2.1963980846138202,-1.1920084192917892,0.14354809743613822,-0.0786727307487409,-0.03469353706054945,-1.7867440349405264,-1.7587710604275268,1.1312333431118118,-0.7317837209671136,-0.0012551118483825,0.0368847604229483,0.0680994093577442,SPY
2014-02-05,-0.1871503044273435,-1.250247615658488,-1.141989556829949,0.10423597128356982,-0.09222249094113504,-0.04086468533025491,-1.7395006503493884,-2.0069848395856877,1.1100054762922322,-0.017018226069002582,0.0131009156609476,0.0386340996908387,0.0716418186580964,SPY
2014-02-06,1.2724745914357136,0.3325743594606278,-0.7393856517543331,0.23149496338383924,-0.10010293600409194,-0.04535010679997669,-1.0632905298183761,-1.4835058038472588,0.4817225022505085,0.6977472688291085,0.0123196541510166,0.0306831053713629,0.0589662102900652,SPY
2014-02-07,1.1930411444509033,0.7830127045919311,-0.6168347501048369,0.3306833109859144,-0.09893044882440151,-0.04829090128406589,-0.44040719745147994,-1.0109985316075862,1.2036927598025846,1.4125127637272195,0.0018353486706601,0.0238667928681071,0.0461152173409367,SPY
2014-02-10,0.1270670590003014,1.7820449445391082,0.2555721191551719,0.3275192709450161,-0.09596218316070466,-0.051357853638056346,-0.3008660931376653,-1.0451429559747656,-0.3739526012250993,-1.4465492158652247,0.0108839537887064,0.0232264340514962,0.0393252892275901,SPY
2014-02-11,1.0470687303923734,0.9529577525330054,1.4349433290372704,0.3087493878983574,-0.09164354568153286,-0.05114250321147998,0.2083012034565874,-0.7645414840529616,0.13510044971956497,-0.7317837209671136,0.0004942274195078,0.0056988113464599,0.0287084597066806,SPY
2014-02-12,-0.00928918337111306,0.8472976660965016,1.622104721902227,0.24325485940341796,-0.0846386500192459,-0.05233070778103601,0.25279274895419107,-0.5656335724810598,-0.32528395074882743,-0.017018226069002582,0.0051499213414718,0.0110880810076459,0.0169372660891617,SPY
2014-02-13,0.46407064765459904,0.7485981107864033,1.705979203518195,0.2418365339319518,-0.07902875024877498,-0.053556016788067116,0.5195379833794466,0.175188029670238,-0.20764645210380892,0.6977472688291085,0.0055033416477607,0.0047966645075154,0.0089753859790722,SPY
2014-02-14,0.5000040615065552,0.32660311802232095,1.3247578251850123,0.2595886954676761,-0.07036167029987819,-0.05385307488666847,0.788081941469984,0.464047803489548,-0.285646699091512,1.4125127637272195,0.0011949898540493,0.0048248098517813,0.0124752764150004,SPY
2014-02-18,0.061959655827448,0.6952478967112687,0.9979403300101191,0.2503820588568217,-0.05541688641250477,-0.05340751556361608,0.8374285548769478,0.36892893316738384,-0.6005291195694895,-0.7317837209671136,-0.0066436689163298,0.0032511327772448,0.0183926972072416,SPY
2014-02-19,-0.735022760372626,0.404185489971271,0.9672374441964229,0.2689686674702515,-0.044093269861557316,-0.05426891726992051,0.5348715615163454,0.4744535401474323,0.31902681732880567,-0.017018226069002582,0.0058834970806938,0.0099487204303487,0.0196931566180706,SPY
2014-02-20,0.5386557242904366,-0.4897713688830506,0.12685142226822932,0.2885098143630122,-0.03084039184185874,-0.05441747414407134,0.8190789583550246,0.3777296522585369,-0.11520235618702754,0.6977472688291085,-0.0011414951586585,0.0092989120491067,0.0196323405076421,SPY
2014-02-21,-0.17559851903274745,-0.1447215995647075,0.38524738205580766,0.2515077640347007,-0.021327428467031603,-0.05360057828534192,0.7496699997631757,0.5724765192147565,0.13522989484943262,1.4125127637272195,0.0055314869920266,0.0129668684894799,0.0168873367159836,SPY
2014-02-24,0.5028656919378458,0.2602097984386259,0.08359674900567564,-0.03520036013864935,-0.013565702909357961,-0.049129987460670425,0.9350320822639943,1.9055900600176319,0.042151295507715195,-1.4465492158652247,-0.0003786872204871,0.0003788477017803,0.0072120020348132,SPY
2014-02-25,-0.09804130784787571,0.23430368503816199,0.08494621631801245,-0.06094531919027443,-0.006397741697074386,-0.04405792076597036,0.8258708597551092,1.8068235505936516,0.09313179106230031,-0.7317837209671136,5.391873677407233e-05,0.0147149969377959,0.0123254734618027,SPY
2014-02-26,-0.05405682642314333,0.2904423855619566,0.0094941006075729,-0.07051696731534132,-0.0021385195768699405,-0.03976564549252411,0.7517601249078296,1.900770482889852,-0.297688256907125,-0.017018226069002582,0.0052336886994517,0.0155671171579871,0.0050532059792747,SPY
2014-02-27,0.4725875525636118,-0.1126781753192144,0.33061916925080026,-0.15277731495138688,0.003426728314096094,-0.03347567120089338,0.8907190154555013,1.8140268125778272,-0.4155592132154561,0.6977472688291085,0.0025264612817146,0.0126207259105051,-0.0022912195187858,SPY
2014-02-28,0.19733476866333075,0.3003635291912216,0.29946321104029794,-0.20140781061606086,0.008294450455991377,-0.02823277383961768,0.9186706936843954,1.666265243739587,0.7488018587205562,1.4125127637272195,-0.0070565337956729,0.0105195719217068,0.0001003586767662,SPY
2014-03-03,-0.7770001009792132,0.4823298125986798,0.47532843665617225,-0.18765564772212814,0.009719279141523885,-0.023182883550368034,0.4912578804121407,0.9883019672109511,1.070619793149808,-1.4465492158652247,0.0139574620155284,0.0170447669192679,0.0153176091226798,SPY
2014-03-04,1.3595624980863759,-0.4221667002175953,-0.12822156506109503,-0.6067016967460581,0.014676110420288298,-0.013224314085619426,0.9838166670350521,1.0807608360105359,1.041436957064807,-0.7317837209671136,0.0009060389569652,-0.0018672745389469,0.0079692064279974,SPY
2014-03-05,0.03258106047495155,0.4190955556802416,0.5591448638592557,-0.6110626035868328,0.021695825168363696,-0.00404549430484902,0.8649358474376106,1.0917729184501441,-0.5572060985741848,-0.017018226069002582,0.0022872974519696,-0.0025061892281152,0.0104042217533502,SPY
2014-03-06,0.17301818945234224,1.0050995349136642,0.6000009419539363,-0.6308529693572138,0.02775082577257458,0.005615975324023129,0.8046555486807334,1.0188176449197592,-0.6569062225771795,0.6977472688291085,0.0004253072929163,-0.0160704528780959,0.0067927978657174,SPY
2014-03-07,-0.016296521057921457,0.14623606389690247,0.4587321537568938,-0.7178377281615828,0.03423633055004036,0.013621449005137162,0.6848135088096894,0.8664093247396663,-0.028580560064411748,1.4125127637272195,-0.0005313387981118,-0.01930771893963,-0.0055253426208397,SPY
2014-03-10,-0.1135618996654224,0.11085671141527131,0.35798943058101274,-0.80689902429975,0.039059651040896336,0.019918880356568133,0.5496935421685347,0.7809031185462955,-0.8290489587946618,-1.4465492158652247,-0.0049545794426864,-0.0097731480578291,-0.0161071790972489,SPY
2014-03-11,-0.5632874355783661,-0.09658027030800558,0.6708488958141654,-0.752798192649424,0.042606750751544444,0.025280589827344414,0.22127251976223147,0.9144513800467573,-0.3297720410346892,-0.7317837209671136,0.0002671242677969,0.0022938420311477,-0.0070380076369467,SPY
2014-03-12,-0.03237951347467126,-0.49251197891861054,-0.2359149908276592,-0.8430182863913835,0.046213293624322103,0.02921654007168902,0.16621349213718836,0.7040068730032781,-0.2081155599215678,-0.017018226069002582,-0.0112769661980109,-0.0033164917421499,0.0033884784817148,SPY
2014-03-13,-1.2061054507534512,-0.43374924626559364,-0.2665486359612549,-0.680032413950092,0.04526359318838614,0.03152611392109993,-0.40387703478141435,-0.07960972737388056,0.7885379091192817,0.6977472688291085,-0.0028119587686177,0.0137831554261262,-0.0065644144164958,SPY
2014-03-14,-0.3454400905360819,-0.899044058880695,-0.9169059468769607,-0.6882416274204335,0.042844579006389646,0.03275142292813103,-0.5559298898284011,-0.5468873635682852,0.745246151197934,1.4125127637272195,0.009003232083689,0.0127086152444269,-0.0128019153080982,SPY
2014-03-17,0.8558495215235328,-1.1256485707366546,-1.072121128830534,-0.6424720003325392,0.044848102723058746,0.03446693623003955,-0.16352825623785708,-0.06263476113893983,-0.37468598606356535,-1.4465492158652247,0.0071124106462905,-0.0004384645284059,-0.0139575408390264,SPY
2014-03-18,0.6636034393908017,0.3668686422183419,-0.6149729902043694,-0.6048383839631363,0.044966877834667456,0.03700671897592699,0.12852206133151245,0.2170755296023166,-0.2796971247523433,-0.7317837209671136,-0.0053432095055008,-0.002816090968194,-0.0142060004048678,SPY
2014-03-19,-0.6028007420690411,1.0972506618478448,-0.0364045232662771,-0.6216805195659365,0.043349178608585136,0.03970983359131525,-0.16955007460951163,-0.2635572097471978,1.2766358994057623,-0.017018226069002582,0.0058226809702652,-0.0046912302084471,0.0015604688744152,SPY
2014-03-20,0.5324723487853779,0.04142710829605882,-0.30539970651358767,-0.6222366935081968,0.04271112382480718,0.04242041917892843,0.05866699881874152,-0.12925784287774034,0.06368372984807195,0.6977472688291085,-0.0038864989503171,-0.0126246479773213,-0.0028663735383185,SPY
2014-03-21,-0.4546921520687255,-0.05349029412715266,0.5144664385965623,-0.6046930605050581,0.0408734459744161,0.044746145353765136,-0.1640486023422164,0.027139808453567116,1.0242909203845296,1.4125127637272195,-0.0041438476891437,-0.0038201095497374,0.0045013710126626,SPY
2014-03-24,-0.480857651254774,0.053716033331035376,0.4629461289746076,-0.6063305523418906,0.03803641123927534,0.0457400629081947,-0.375246219999319,-0.8443934520063537,0.09936371372207171,-1.4465492158652247,0.0047347842065024,0.0084844547896469,0.0131796284377401,SPY
2014-03-25,0.42186227928773784,-0.6797686876245734,-0.16740872611300897,-0.590412856530508,0.03789133433563037,0.04744240114362825,-0.1819858746205498,-0.6318390774763317,-0.30932768648769715,-0.7317837209671136,-0.007218348745754,0.0103587299039906,0.0060998139798904,SPY
2014-03-26,-0.7934523632438062,-0.04528704545428846,-0.2814073019033632,-0.5380303828202885,0.03567456036005709,0.04813782761968135,-0.5316844253908677,-1.0571521690105476,0.027294221110479362,-0.017018226069002582,-0.0021107367986088,0.0209181329320626,0.0153433921979377,SPY
2014-03-27,-0.27414452884355,-0.27155434740565115,-0.3713134365342144,-0.5574369217084655,0.035993128999759275,0.0478220155721798,-0.6247371158847702,-1.1562827762855221,0.5193515233957057,0.6977472688291085,0.0049180394772667,0.0217047432950083,0.009221559286928,SPY
2014-03-28,0.4404944500140657,-0.7753491224790833,-0.7516920829300507,-0.5414229405748928,0.03843989073825999,0.04783590017232997,-0.39546243377689627,-0.8862669790136667,-0.4399737221438354,1.4125127637272195,0.0081607166502406,0.0048938706241008,0.0074657038229934,SPY
2014-03-31,0.7701881851259178,0.11782598726863026,-0.3295463562340342,-0.536962573001864,0.04067381926529898,0.04995627895416568,-0.048153842730611005,-0.33672736997461705,-0.47512714368749454,-1.4465492158652247,0.0066090593208461,-0.0143800213006608,0.0039495743177599,SPY
2014-04-01,0.6124260419173834,0.8737515882676775,0.2604129354937293,-0.6687759639725139,0.04278241113430206,0.05107083114577104,0.2453155090296208,-0.10782078079464166,-0.7275054968659823,-0.7317837209671136,0.003341054282318,-0.0168744886038911,0.000318592110883,SPY
2014-04-02,0.2801571387725948,0.9982018618267888,0.350277638417174,-0.660889839377741,0.04731424326605206,0.05252903414730329,0.3790517899018021,0.5331750440935585,-0.9509103363731888,-0.017018226069002582,-0.0013241264356631,-0.0095219324997506,-0.0029161883145008,SPY
2014-04-03,-0.19416724624547593,0.6434997556226794,0.8565627664139186,-0.6612517533851461,0.04985581378980147,0.05348153441250775,0.2998496840953854,0.6132483708297316,-0.9746581213261685,0.6977472688291085,-0.0118928331936407,-0.0294276651603091,-0.0030266713717672,SPY
2014-04-04,-1.2687226893159584,0.05965850660274785,0.8942778841368421,-0.5306600456358289,0.050154002711149816,0.052711189527828765,-0.24843286117406005,-0.27487080206458875,1.117472056751173,1.4125127637272195,-0.011113175274521,-0.0265842916268885,0.0107784184957013,SPY
2014-04-07,-1.1894522847235809,-1.06147645284214,0.08825743020580325,-0.4363751321300924,0.04852921367854644,0.05047853747624303,-0.7297529749981962,-0.9831061780658148,0.443605487169229,-1.4465492158652247,0.0041145920176157,-0.0076235097996066,0.0131498008390655,SPY
2014-04-08,0.35880528399217276,-1.781899581231193,-0.835855875648859,-0.4340311035337329,0.04672553909629627,0.04950340169556304,-0.5218643054425605,-0.6230134334398452,-0.21017582517849506,-0.7317837209671136,0.0106936103864585,-0.0048741507367733,0.0149073926327094,SPY
2014-04-09,1.0277158858465025,-0.6038362639484957,-0.9554565476321347,-0.3424329002732067,0.04988570218984339,0.049975464188240566,-0.02829574524267625,-0.4352104314670972,-0.4781024157025224,-0.017018226069002582,-0.0212298590962216,-0.0051445013494495,0.0031479874503981,SPY
2014-04-10,-2.218049057760711,1.0010298476220858,-0.6029281141220356,-0.11373367331874369,0.047768991797294234,0.04907569201378636,-1.0037371562414974,-0.9668716627294507,1.16498296829152,0.6977472688291085,-0.0090494596602201,0.0174811963043035,0.0258693437069235,SPY
2014-04-11,-0.9796274786163741,-0.8641900587548881,-1.557335894668692,-0.06922698320373068,0.04183621389688253,0.04733132434242739,-1.3909160323455074,-1.0827090492228653,1.0029595050920916,1.4125127637272195,0.0078476065527608,0.0300119015651878,0.0446075966091763,SPY
2014-04-14,0.7383532438003596,-2.317177424654263,-1.4210064327205718,-0.08287538656381718,0.03576942475163176,0.0454133991691931,-0.9982606024704601,-0.982141914134958,0.188910734287776,-1.4465492158652247,0.0068639510804491,0.0266987047483606,0.0376555759742709,SPY
2014-04-15,0.6383417318828062,-0.17722704609335327,-0.5119056219244041,-0.08536875020127487,0.02973238499060875,0.04344764307880846,-0.6472028052938507,-0.58580551038631,0.738933820426529,-0.7317837209671136,0.0104232597737823,0.0174897234165642,0.0260422761424763,SPY
2014-04-16,1.0002284430551347,0.9939172946749399,-0.38008381331125957,-0.027529290579396983,0.025633170072489123,0.043664120411809525,-0.1633507623539074,-0.24712277714893702,-0.4659217265407975,-0.017018226069002582,0.0013958385575314,0.0090916931150752,0.0067998585819664,SPY
2014-04-17,0.0823806091666472,1.183471988055154,-0.3930461459524978,-0.048023033569587564,0.02229406582296976,0.04326504250068257,-0.09089783185000429,-0.3357379340732668,-0.4936815017658244,0.6977472688291085,0.003481245600664,-0.0005367151520747,0.0088664369032738,SPY
2014-04-21,0.2944108547332737,0.7810473199396627,0.6917741040363421,-0.05031802054976431,0.023248075749144847,0.04389163029783574,0.0626178239929386,-0.4632249052416195,-1.3152662240458912,-1.4465492158652247,0.0045344097359336,-0.0008557767394066,0.0090478572598478,SPY
2014-04-22,0.4014895427805446,0.27015114910163335,1.2925760338453072,-0.05306106093922605,0.028539935140006408,0.04572659568079453,0.24589406499464506,-0.5240031727056572,-0.8891464826819512,-0.7317837209671136,-0.0023450302513472,-0.0007455993303331,-0.001811635468476,SPY
2014-04-23,-0.2979659206827916,0.5011336790937949,1.133720247204115,-0.05954316546320255,0.032042827821755326,0.04657686744709891,0.12030891065845349,-0.6931644390502839,-1.1353996619029376,-0.017018226069002582,0.0020252294722933,0.0045775080349832,0.0089226415080423,SPY
2014-04-24,0.1463728694085169,0.07235005105611014,0.6921829481832008,-0.09719710224747634,0.03314580709437154,0.04871010130963446,0.1797605791800017,-0.5930734014418061,-0.7783599062128446,0.6977472688291085,-0.0082325697096186,0.002658552419624,0.0093269080164937,SPY
2014-04-25,-0.8965715699882126,-0.1123125780696341,0.28952781372090586,-0.05124716025480135,0.03781148365198321,0.04998557852121551,-0.23008366538539377,-0.48566909778988204,-0.46755187392440506,1.4125127637272195,0.0031621840133322,0.009456512636313,0.021559965534597,SPY
2014-04-28,0.26197080570993414,-0.5456048891882558,-0.17211948764447793,-0.05941268185716193,0.04581623665595152,0.0510223741694957,-0.09897582517680452,-0.021576440043520217,0.396179575390543,-1.4465492158652247,0.0046445871450071,0.0082065852968087,0.0245253272140404,SPY
2014-04-29,0.4126916451128821,-0.4619309428452781,-0.18741733508450215,-0.0873029370055746,0.05298619969595862,0.051574391368648505,0.11079089405779287,-0.005139844584829604,-0.8597121638408757,-0.7317837209671136,0.0029780771139691,-0.0051797947793552,0.0191492774209987,SPY
2014-04-30,0.24325204708148437,0.4857608889842452,-0.18213472739287098,-0.10968703020143576,0.05911265442864179,0.05161913372744841,0.2510629987190272,-0.23618346016066555,-0.40780518786895587,-0.017018226069002582,0.0001062738569341,-0.0022856880820647,0.0213310460803599,SPY
2014-05-01,-0.04873370784024754,0.4722115778529456,0.0730889899541169,-0.11736318546988789,0.06239200968124006,0.05120888413904682,0.2631097395749898,0.8226472277946001,-0.6348007650053836,0.6977472688291085,-0.0014346094929296,-0.0034577567348517,0.0228351189353999,SPY
2014-05-02,-0.2054004248425802,0.13821530197119766,-0.018917981155839248,-0.11718238180876081,0.06488136586519565,0.05078367869376963,0.2023540913506146,1.3713018258641376,-0.45798564528273683,1.4125127637272195,0.0019122566738278,-0.0005316500816183,0.0254107656304167,SPY
2014-05-05,0.13488655057216786,-0.1865355029612798,0.307019588351968,-0.21510698160268404,0.06693838286714968,0.05229036649642712,0.267301075374471,1.2358246078848385,-1.098566497774055,-1.4465492158652247,-0.0087417929311568,0.0072448864865863,0.0229802017677558,SPY
2014-05-06,-0.948345982598225,-0.053624551940306124,0.24709009978284863,-0.2506735549222338,0.06528373323766659,0.054110389934936554,-0.1764244084590243,0.30484823511512604,-0.785073360759625,-0.7317837209671136,0.0058721838112596,0.0168822653355986,0.0337426380663954,SPY
2014-05-07,0.5375054666924323,-0.5913952831867988,-0.39473833808019176,-0.23984161939571036,0.06592484636935633,0.05618400905634579,0.06514909025207599,0.10192804716987111,-0.13871847405291193,-0.017018226069002582,-0.0010657947958527,0.0062607327729935,0.0343712167481404,SPY
2014-05-08,-0.1679018122588575,-0.29996522256467134,-0.2559764046850338,-0.3150166526477524,0.06570116992439154,0.05662400340939815,0.007364345943543683,-0.0452193965554802,-0.5263061767010351,0.6977472688291085,0.0014914971603037,-0.0014926302178812,0.0402083444618934,SPY
2014-05-09,0.09210653634386808,0.26494835394061866,-0.31217285123790156,-0.7336776477907679,0.0681906095178353,0.06020435207074049,0.017074202611829317,-0.15414635267553706,-0.8253578679380364,1.4125127637272195,0.0096887932420326,0.0004782895006538,0.0397401830213652,SPY
2014-05-12,0.9255527965907263,-0.05744742051360512,-0.17187663586227833,-0.7910030903938392,0.0725283477698714,0.06638041142647055,0.37116067818403015,0.11697631514828416,-0.7136095170821609,-1.4465492158652247,0.0008955859178554,-0.0055478377841406,0.0301538088140285,SPY
2014-05-13,0.03151826534501897,0.7340343757599579,0.20098012520063357,-0.8266719394565245,0.07582271673039719,0.07161665864859663,0.3246970400904461,0.3260438496065194,-1.3054520769068811,-0.7317837209671136,-0.0047493487513454,-0.0127685066943863,0.0257759146292215,SPY
2014-05-14,-0.5424209510106942,0.6901784048077383,0.6630575334739871,-0.8127522614514895,0.07694073751410467,0.07524172184388951,0.038456420528029056,-0.09838615589967137,-1.1161129168734674,-0.017018226069002582,-0.0088191577867275,0.0003700887821302,0.0234197854954372,SPY
2014-05-15,-0.9562119238680126,-0.37239382199589266,0.1537935193356827,-0.8119391257584544,0.07555444401225399,0.07618899103729426,-0.3919309990864561,-0.13827084906486178,1.3378078189386777,0.6977472688291085,0.0034624168788388,0.0116187425496026,0.0352827558297601,SPY
2014-05-16,0.292496476182837,-1.0873484786088934,-0.21795215263124335,-0.8026212834349509,0.07553948591065142,0.07742715512502522,-0.2503942599103164,-0.12244887835615952,-0.36383171468627656,1.4125127637272195,0.003662665957238,0.0121568134792484,0.0326440729459358,SPY
2014-05-19,0.31285646365257014,-0.4830051984516256,-0.1234536909931148,-0.8013733843101523,0.0760165325784833,0.07869517527680654,-0.09949490724944618,-0.17048611436649877,-1.3063714057557512,-1.4465492158652247,-0.0063250829923902,0.014621693214786,0.0317570488453542,SPY
2014-05-20,-0.702631073622823,0.4355921706751577,-0.41238466707158594,-0.7759649201933667,0.07716424714009258,0.0784415100317802,-0.39209214424503036,-0.682972506262612,0.08400949399830503,-0.7317837209671136,0.0083892467251711,0.0202153135591416,0.0453953644239275,SPY
2014-05-21,0.7934235952423458,-0.28471696174520056,-0.7585895873428546,-0.7122727013949602,0.07902744829396048,0.07969464388881144,-0.019022621622036162,-0.2695785136522925,-0.5555908775961732,-0.017018226069002582,0.0024294959807447,0.0169859126073008,0.0381258777507778,SPY
2014-05-22,0.18747598514967861,0.06313482237309234,-0.1286415235326464,-0.7108219367521283,0.0818747423961855,0.08100747596151767,0.07357913361677162,-0.09433729555210678,-1.3095300117471222,0.6977472688291085,0.0040004878084847,0.0161667633385302,0.0377247874373365,SPY
2014-05-23,0.3472039308837219,0.7074263439884563,0.410690680884184,-0.7847739493549101,0.08543730066536681,0.08403583524855762,0.21186153785382605,-0.011067630493077737,-1.283974612261324,1.4125127637272195,0.0061275456927756,0.0133073127321328,0.0334181544804028,SPY
2014-05-27,0.5634689555108359,0.3844364927218183,0.43648923301471965,-0.7625723154821687,0.08801604401781982,0.08749677356612427,0.44448269588137285,0.6956272515017455,-0.9457995580984808,-0.7317837209671136,-0.0007314626480345,0.0066614598505241,0.0212479589140404,SPY
2014-05-28,-0.13390915474091547,0.6565937356098177,0.5546712882962189,-0.7724803295481297,0.09013255978822936,0.09020432624508785,0.3639159731455718,0.46184856046160605,-1.0655576240254048,-0.017018226069002582,0.0051598457733303,0.0094135658660414,0.0264893687668097,SPY
2014-05-29,0.46507969753337286,0.30834677031371094,0.8228651231634488,-0.7582931523902068,0.09506650906398474,0.0932326716197026,0.5585263552729869,0.6990821416991598,-1.1047338565890077,0.6977472688291085,0.0016103467119741,0.0107544825857157,0.0206130580950549,SPY
2014-05-30,0.1041903641553943,0.23712908463405877,0.668027044731466,-0.7590748538471471,0.1029370840041371,0.09647734129064371,0.5804997204727732,0.7037122615771104,-0.748362167889026,1.4125127637272195,0.0011410372020872,0.0139154687916418,0.0209454504563844,SPY
2014-06-02,0.05647411089166856,0.40947408495025583,0.6287518043333652,-0.7664693995919769,0.11016668482841388,0.1000874764539114,0.5739530048133837,0.4182195290688717,-1.0665392994155267,-1.4465492158652247,-0.000518307188833,0.0137977673093301,0.0192933322680337,SPY
2014-06-03,-0.11223693276046669,0.11371065676109204,0.49165150496875176,-0.763818730391204,0.11621871049420167,0.10335455904152731,0.49410529852523527,0.34653553846779633,-1.0194623409319747,-0.7317837209671136,0.0020206433674827,0.014418493532859,0.0264829838542688,SPY
2014-06-04,0.14590658493307698,-0.04294720936270217,0.17300693123027394,-0.8792122149149134,0.12462594208329236,0.10813575866675054,0.5099523789331359,0.775039031966462,-1.2642042552352986,-0.017018226069002582,0.0065007624930046,0.0089155418984248,0.025476132417836,SPY
2014-06-05,0.6014151445115574,0.02178723377431441,0.3049604462748828,-0.8725343967748743,0.13255609920138842,0.11303625733634987,0.7381205787597237,1.7394149669918926,-0.23666102790523386,0.6977472688291085,0.0047713329179002,-0.0046906984797097,0.0238820319343702,SPY
2014-06-06,0.42557830790591034,0.5383542896559473,0.3692525460506437,-0.872695949714772,0.14118678481014105,0.11877972374912803,0.8700934407706165,1.7640213859252036,-0.5966447234498662,1.4125127637272195,0.0010233357197755,-0.0064182188500145,0.0156229934445804,SPY
2014-06-09,0.04450701109679228,0.7407907473506518,0.5208103852209744,-0.8718766737508776,0.14898281947074662,0.12446345020895558,0.8233936138096302,1.7200326687017617,-0.9453216125781299,-1.4465492158652247,0.0001024190346958,-0.0066178205747755,0.0081489194056052,SPY
2014-06-10,-0.049125640392932636,0.3376805988112225,0.5151670254705071,-0.9459071421660774,0.15506473353657685,0.12879715668405212,0.7554428621461667,2.4602626779298555,-1.1355394733969078,-0.7317837209671136,-0.0034823082669515,-0.0039445977528149,0.012520569620424,SPY
2014-06-11,-0.4135967457153379,-0.005927202241444249,0.54492859955711,-0.91630100383105,0.16034182944797595,0.13249684612704515,0.5270019743742425,1.8866717116921692,-0.7840353294901333,-0.017018226069002582,-0.0071054778851298,0.0068509431003196,0.0120383465978308,SPY
2014-06-12,-0.7819764087656262,-0.3375191873013432,0.2810820009196008,-0.8755014961719522,0.1620859218522819,0.13583847148781153,0.13394311261440178,0.9655540827483332,0.27470995430342765,0.6977472688291085,0.0030438125475953,0.0150761810374708,0.0205179416419714,SPY
2014-06-13,0.24993558647974737,-0.867982946709095,-0.37128794206723004,-1.0067500473655377,0.16424733973066138,0.14085838050118604,0.19508086563425212,0.9316954008874802,-0.3896684990786087,1.4125127637272195,0.0008237339950145,0.0140607741571789,0.0224971230890567,SPY
2014-06-16,0.0242128422169253,-0.3876943659842971,-0.45411628657416775,-1.0099717035455469,0.166319314834218,0.14551279619738405,0.15727777480120117,0.6982986654987355,-0.21529204740000224,-1.4465492158652247,0.0027756418566564,0.0129308950137154,0.0197985218619312,SPY
2014-06-17,0.22266978355614447,0.19585442638434658,-0.46368646629932264,-1.0139054792354836,0.16934527206078645,0.15005532817173112,0.213880877404132,0.9098266310224764,-0.26669403301063366,-0.7317837209671136,0.0073132325861831,0.0041126032834721,0.0207176268261122,SPY
2014-06-18,0.6840216715871561,0.17611845700787787,-0.3355151146630498,-1.0698416354553564,0.17392161705622666,0.15655218022311285,0.4541445417632854,1.0022785903879787,0.3769339993926179,-0.017018226069002582,0.0011197600520214,0.0013093179020238,0.0019736731707382,SPY
2014-06-19,0.05431079252738764,0.6537118323895276,0.18209196673094746,-1.1295469743414863,0.1769475742827951,0.16203451041863973,0.41699919164957183,0.9841544014090309,-0.21672317497995927,0.6977472688291085,0.0020284056673034,-0.0005269070484219,0.0110213942457422,SPY
2014-06-20,0.14669580368179308,0.5318475359113788,0.5764623331942323,-1.1299752351127863,0.17918191985727652,0.16747126350986669,0.42403583712400394,1.0197514192682429,0.2514558677491824,1.4125127637272195,-0.0003061451484489,-0.0006125736424218,0.0071193537912224,SPY
2014-06-23,-0.0906657149635884,0.14291173585889916,0.527777251188112,-1.1309243083558016,0.18102824449130753,0.17229620379928992,0.33025322275662483,1.0418107391322466,-0.6645046346521596,-1.4465492158652247,-0.0060426498735868,-0.0008175094802362,0.0117742888577545,SPY
2014-06-24,-0.6739151623894565,0.03797252243589653,0.4736036387927419,-1.0808690117517616,0.18107723366421322,0.17536404654848017,-0.005875566572806309,0.36923478571212004,0.15718064142378022,-0.7317837209671136,0.0045099472047347,0.0118964847907525,0.0200344462291415,SPY
2014-06-25,0.39900235615941726,-0.5560152263113289,0.050798491050026144,-1.0699894173517013,0.1834579350878302,0.17919593185382374,0.1448503725275662,0.2711666740889553,-0.26373230035085116,-0.017018226069002582,-0.0007164648984243,0.0084003295170678,0.0155745870897021,SPY
2014-06-26,-0.1323842838322507,-0.20157585464138414,-0.08360888921426261,-1.0883825851132318,0.18768604546882867,0.1821843624811135,0.06237001909610188,-0.07597207811096393,-0.21208031135405603,0.6977472688291085,0.0019427390733035,0.014023456425031,0.0115984371821475,SPY
2014-06-27,0.13798579715214682,0.19040368344751502,-0.17164922460024504,-1.0876390776087246,0.1916039281589733,0.1852263837695034,0.1047795758696456,-0.01490458958692003,-0.6171990137809267,1.4125127637272195,-0.0005110809862634,0.0085930117798378,0.0100602609447992,SPY
2014-06-30,-0.11150222079601252,0.0014705047785177241,-0.17575662748968693,-1.084186541062908,0.19513348407387598,0.18802933394669236,0.035169102803362176,-0.06526269927964862,-0.6509714547299845,-1.4465492158652247,0.006671344397402,0.0026533544469016,0.0062654831218464,SPY
2014-07-01,0.6187587720770772,0.016585693491487023,-0.18558255861506873,-1.043364517170918,0.1998202632320755,0.19188871020383627,0.2883316990984972,0.6103402325335592,0.0326543078403299,-0.7317837209671136,0.00101379193105,0.0004560792990142,-0.0002541269614821,SPY
2014-07-02,0.04353666246688448,0.36458647442350095,0.42400741533752884,-1.0439940751683512,0.2026746749439848,0.1956069866466296,0.27601202785710643,1.4220217840709741,-1.2219819046533271,-0.017018226069002582,0.0049066620095388,-0.0045222439215804,-0.0212137036015578,SPY
2014-07-03,0.43933766516277395,0.47680919754711254,0.2563794333835965,-1.0646833680329357,0.2066543362619368,0.19911252819874667,0.45227569268369516,1.4803961918789965,-1.1605031969503021,0.6977472688291085,-0.0034877055718895,-0.0080547887721085,-0.0291803497944789,SPY
2014-07-07,-0.41414550759622376,0.34693774349624107,0.525988001100127,-1.056325192312865,0.20900576095509443,0.20140720184098282,0.24924767670210773,1.0480603398082438,-0.8345660575805843,-1.4465492158652247,-0.0064507383191996,0.0004559107944617,-0.0184979382786849,SPY
2014-07-08,-0.7154068671485466,0.015650918097010517,0.26561784996925675,-0.9873652497614159,0.20954486428236196,0.20260084616871357,-0.07490474824654622,0.31935253103682815,0.8360947945513838,-0.7317837209671136,0.0044740692495146,0.0050317818815504,-0.021790734540791,SPY
2014-07-09,0.395354525544863,-0.8201947304319221,-0.01916720512030841,-0.9668768140118328,0.21316942360465346,0.20443905314669747,0.10662863937135056,0.17436235585494178,-0.4486832744695762,-0.017018226069002582,-0.0039645312895446,0.0042524594528732,-0.0259524891520852,SPY
2014-07-10,-0.4626259586140855,-0.23424947479108021,-0.12451858971419255,-0.9614247449663554,0.21430765728773793,0.20619989312925632,-0.1087366123798846,-0.20012076060254136,0.6521876287988397,0.6977472688291085,0.0013741171590107,-0.0032137303267729,-0.0274171138509737,SPY
2014-07-11,0.08017212258962085,-0.05127755631245728,-0.3632111561639554,-1.0466075886204338,0.21606006283772952,0.20919248357162087,-0.09206527728013728,-0.23966087593861762,-0.8291006622680809,1.4125127637272195,0.0050229939946806,0.0055796336412416,-0.0172889050890461,SPY
2014-07-14,0.45116552364157575,-0.2794179221089662,-0.5325838865208921,-1.02994627235058,0.21872610812146775,0.21248701537376202,0.09198519643115095,0.06368501384978378,-1.0495917714515668,-1.4465492158652247,-0.0018748672321109,-0.0013169951406553,-0.0194181982191814,SPY
2014-07-15,-0.2501628882947972,0.38201723755999467,-0.12452666889714482,-1.0180007466573195,0.22098764518919733,0.21538482046460156,-0.04303155569956056,0.3825734836648332,1.3727393632482814,-0.7317837209671136,0.0036947468208374,0.0049066620095388,-0.0189373857962458,SPY
2014-07-16,0.3161182313776625,0.14290886884415205,0.09486977547233404,-1.0123495697194782,0.22238044463115025,0.21842698087724147,0.08256376633296497,0.3453661200638334,-0.07616821908006421,-0.017018226069002582,-0.0114307210691908,0.0034294226865014,-0.0158859318373778,SPY
2014-07-17,-1.2217382180833092,0.04515677872732729,0.05750408779996841,-0.8861746867968594,0.22010400506814407,0.21871619236814246,-0.4591575302330072,-0.39295044119087913,2.687422876587575,0.6977472688291085,0.0101674811270253,0.0149102318209877,0.0002553964849871,SPY
2014-07-18,0.9742225803334285,-0.6581044092657607,-0.30047266885824303,-0.7771231659617436,0.2193701405852546,0.22034035668750085,-0.007747578248453282,-0.010057642235238426,1.7060818092025827,1.4125127637272195,-0.0018736347872163,5.013588798341573e-05,-0.010116643207124,SPY
2014-07-21,-0.25003758153777345,-0.18174479814759986,0.1211372829764154,-0.7739715357943481,0.21911551922006067,0.22138957613130567,-0.11280086559769567,-0.08356117838576452,-0.6370697543669168,-1.4465492158652247,0.0043487899180831,0.002328333511155,0.0001016800297772,SPY
2014-07-22,0.38261696071534074,0.5216070913856633,-0.2095310868458351,-0.7586209832592853,0.22205122738008357,0.2231283370953895,0.06444963389079997,-0.180419439214327,-0.6108326416643433,-0.7317837209671136,0.0022175074978001,-0.0063263152161443,0.0009579400669688,SPY
2014-07-23,0.16592241351288128,0.09338165366631322,0.0888707308058956,-0.8069777802923416,0.22432797277788077,0.22608129103892857,0.12196781183559952,-0.1278892895399322,-0.6796592818612117,-0.017018226069002582,5.00880652953839e-05,-0.0083920883998711,0.0014087039299948,SPY
2014-07-24,-0.054446303488057866,0.39446846732656626,0.01804245597278969,-0.8207819900586681,0.2277877983604064,0.22838211397301514,0.08750292579097921,-0.35061345886977896,-1.0237596518491412,0.6977472688291085,-0.0046926148059789,-0.0283879611741921,0.0042696500145309,SPY
2014-07-25,-0.5366526227566798,0.07810634800563318,0.5685056693482984,-0.7910463562831205,0.22945031628496998,0.23009090757364853,-0.16096190549560452,-0.41420068025126555,-0.1558249412587534,1.4125127637272195,0.0004045628359552,-0.0267553305515955,0.00740753724157,SPY
2014-07-28,-0.018405678748787027,-0.43044274696652457,-0.14398210590604316,-0.7931672679500479,0.22974978415180838,0.23157482073658048,-0.1655340429890489,-0.02621495813552202,-0.4642425515007177,-1.4465492158652247,-0.0043058588092161,-0.0199651874436463,0.0120605638529012,SPY
2014-07-29,-0.4973298587725323,-0.40435524577845294,-0.034750781731469754,-0.7700844534666625,0.2293307070784769,0.2324967693164851,-0.3821085287838044,-0.5160366468277083,0.02965994262474229,-0.7317837209671136,0.0001517343140733,-0.0254028632157359,0.0170154518014848,SPY
2014-07-30,-0.04411159249708824,-0.3758920140898961,-0.44970984021411864,-0.8165114893025228,0.22786292250637202,0.23245924750626004,-0.37441409920823454,-0.27276939256278954,1.0262696394097355,-0.017018226069002582,-0.0199457847090256,-0.0252422828915888,0.0164646357593349,SPY
2014-07-31,-2.087492959113416,-0.3944988795452113,-0.548756181939587,-0.46027498820809765,0.2239387006951025,0.2293564984827448,-1.2505144477072547,-1.2592265469539898,3.7104627816409517,0.6977472688291085,-0.0030599841833822,-0.0107256541709963,0.035860750474411,SPY
2014-08-01,-0.3706576564652181,-1.545516157116411,-1.5074858544447718,-0.48943195918275756,0.2161352703931838,0.22508452143737398,-1.3245597226590642,-1.6486968122547896,3.4210875567267527,1.4125127637272195,0.0071947059439043,0.0038366559333242,0.0417648486156343,SPY
2014-08-04,0.6719706750436656,-1.7818819497005969,-1.4292071296404165,-0.4353848153178409,0.21096802477812468,0.22237147335053536,-0.950983256726503,-1.1864621232429022,0.2762819056385991,-1.4465492158652247,-0.0097435345813057,-0.0004643491460347,0.0340716090523622,SPY
2014-08-05,-1.0501963761580033,0.21551713411874976,-1.103644362182344,-0.39784308074340285,0.20169678210093892,0.21920123515334514,-1.3499280538754512,-1.6535086064354192,2.1151347594199863,-0.7317837209671136,0.0003123146382204,0.0078851306260956,0.0432667379324431,SPY
2014-08-06,-0.02778485874302314,-0.2763574459022008,-1.3643612196560415,-0.42173325648881727,0.1918563530743041,0.2154164434066268,-1.276633719763496,-1.3119238252056622,0.33389050601303966,-0.017018226069002582,-0.0054291559884331,0.0143190167675806,0.0415071326113727,SPY
2014-08-07,-0.6115392058340572,-0.782865683511208,-1.3566619747509612,-0.4138071179562088,0.18044340496118516,0.2114367803229321,-1.4633139999206857,-2.136619114977658,1.525714103996458,0.6977472688291085,0.0115023259209383,0.0244587800091879,0.0514214330143349,SPY
2014-08-08,1.1099406744957823,-0.4653498375799908,-0.660642208259643,-0.29584430717168625,0.17373344525019516,0.20891109086356982,-0.8946757437395213,-1.3599143693297178,0.9345828807827471,1.4125127637272195,0.0028937008645453,0.0127518955231638,0.0373299039994803,SPY
2014-08-11,0.234673234161372,0.35817684695383634,0.03756781511895498,-0.31131657744955754,0.16774239192049253,0.20606307834180584,-0.7154735037944098,-1.4457847384086546,-0.3116665192494815,-1.4465492158652247,-0.0013940548091753,0.0182028831083034,0.0280850161621426,SPY
2014-08-12,-0.20127709573826089,0.970695863853194,-0.16864979977167172,-0.3118031553208849,0.16261988159442595,0.20329012335291727,-0.7362815346146131,-1.6175893529145482,-0.3276062118977306,-0.7317837209671136,0.0067462007797054,0.0248019878727534,0.0332347045999785,SPY
2014-08-13,0.6263696685561536,0.021589254679435583,0.23167751266267989,-0.28420470557408845,0.15941470518025747,0.2009518203458807,-0.3845767588369628,-1.2512161660676482,-0.4744781377573903,-0.017018226069002582,0.0047106072531741,0.0207240584538741,0.0276373234578413,SPY
2014-08-14,0.4194041283151815,0.3051132299589392,0.5401590489766667,-0.3564120168520738,0.16341380090902752,0.200989286506406,-0.16423868756146198,-0.8710950917152384,-0.8101595792794597,0.6977472688291085,-0.0002045585650858,0.0189244853505314,0.017068515246434,SPY
2014-08-15,-0.08033707035308724,0.7543846365186911,1.026323969189127,-0.44257812966579746,0.16823653753346418,0.19949777715942327,-0.14989312416066292,-0.8969324575627523,1.6952988470290797,1.4125127637272195,0.0083446884496849,0.0175743163366774,0.0165191970786722,SPY
2014-08-18,0.7888932076978727,0.24284486648744644,0.46502126157460333,-0.38540309338255474,0.17343383836754261,0.199512816490848,0.24392996988354562,-0.3874805323101317,-0.2721217603005126,-1.4465492158652247,0.0052050499552747,0.0142872173342789,0.0156849521939728,SPY
2014-08-19,0.4696757565281253,0.5102943590282966,0.7263763722673486,-0.3790158053094339,0.18298959080996421,0.19965518233587434,0.48908138892260516,-0.20788778642978506,-0.767109603399319,-0.7317837209671136,0.0026682713608261,0.0097311965183717,0.0118256622159105,SPY
2014-08-20,0.21175306939596247,0.908413436555841,1.042779543114358,-0.37733318040342584,0.1932494305478853,0.19986505126700038,0.6130089051432747,0.875076111792719,-0.35234632566355767,-0.017018226069002582,0.0029110341498315,0.006663843429469,0.014473553862631,SPY
2014-08-21,0.23643556672268756,0.4906586347855542,0.8472575981416829,-0.3713516657138805,0.20593545768381263,0.20050208729532829,0.7418971852295184,1.1457457164701856,-0.504626706301997,0.6977472688291085,-0.0015547275789398,0.0032031392856879,0.0106610074863207,SPY
2014-08-22,-0.2176132287446319,0.3218309917390679,0.7609745860676839,-0.3881533961301364,0.21484723326877334,0.20160385396835878,0.6494505732143866,0.8604815999660093,-0.25820837359877646,1.4125127637272195,0.0050575894472864,0.0076019808224687,0.0044626932935623,SPY
2014-08-25,0.45468295796484226,0.011040213446778809,0.6962388722987283,-0.3717798151247214,0.22443298532388828,0.2034026053090428,0.8624356933135608,1.7399359680185427,-0.6240725464014012,-1.4465492158652247,0.0006490291393674,0.0020458577558146,-0.0063356980282929,SPY
2014-08-26,0.006450020533493726,0.1690155293440664,0.5386343813305341,-0.391654959870043,0.23461778432533195,0.20593572400335491,0.8520967690933329,1.7453458168332265,-1.1083636403897357,-0.7317837209671136,-0.0003990817280765,0.0008484229152223,0.0008124073596462,SPY
2014-08-27,-0.1001148850263124,0.33120057258434205,0.32018968556456806,-0.3908188789593114,0.24272076590357722,0.20838653679136693,0.7928387828226773,2.2258959530574502,-1.0717839856655345,-0.017018226069002582,-0.0005496699939495,-0.000199786039551,-0.01505526698267,SPY
2014-08-28,-0.11542569309980102,-0.07038207180299141,0.17312121520712387,-0.8033385723364499,0.2492810055827294,0.21367032276971815,0.6803126422641104,2.044950517818783,-0.7617313656937238,0.6977472688291085,0.002844113957841,0.0048350283689275,-0.0065915190371921,SPY
2014-08-29,0.22963156901497997,-0.15860009929852423,0.007192986524579849,-0.8303530169793439,0.2567549962082786,0.2198234822738979,0.7163790324759839,2.0456450314570587,-0.519933853431115,1.4125127637272195,-0.0004985336193676,-0.0005982886828297,-0.0112566592860989,SPY
2014-09-02,-0.1102264884190207,0.08008225079374123,0.21810150517528765,-0.8559605283356094,0.26162271835017387,0.22485991924817259,0.6108140335252412,2.1598124156051752,-0.3217810667720734,-0.7317837209671136,-0.0005484057012248,-0.0064509420362544,-0.0133941881056225,SPY
2014-09-03,-0.11529714826834041,0.08384562224659681,-0.04829447104499373,-1.0208285225988438,0.2647830760658611,0.23122293377105418,0.4818557934866909,1.9848721060257042,-0.761480618747657,-0.017018226069002582,-0.0014472906828499,-0.0021469027063689,-0.0264900701146917,SPY
2014-09-04,-0.2066897634499915,-0.1658261963476495,-0.10570713442429137,-1.0077617199750994,0.26671520126038384,0.23732367125783407,0.31496316054662504,1.6466014194927656,0.0500042859697117,0.6977472688291085,0.004485144414529,0.0004492076140492,-0.0248884949647258,SPY
2014-09-05,0.39648057427737643,-0.2356497862598718,-0.1559649570894455,-1.0875565032316743,0.2691267363915796,0.2448783406316708,0.4071497029813164,1.79522533140345,0.5406089379499425,1.4125127637272195,-0.0025892030939163,-0.0098941377587129,-0.0184243680196782,SPY
2014-09-08,-0.32279178282856147,0.13479334677464633,0.08543615720269573,-1.190057959575007,0.2712235675227055,0.2503869374855979,0.19627324672608776,1.1305442964461192,-0.5768532462107383,-1.4465492158652247,-0.0063511869727923,-0.0080588113976443,-0.0170062911981982,SPY
2014-09-09,-0.7052851518245584,0.050754526959885776,-0.1750717154187784,-1.088869507549923,0.26990558639192713,0.25452404748301827,-0.16898263738437322,-0.024546992173171085,0.1515374476129806,-0.7317837209671136,0.0037556336286606,0.0058028191401335,-0.0262117028852451,SPY
2014-09-10,0.32230879492113673,-0.7467431550749011,-0.4556852448277627,-1.094396392712038,0.2695162308996602,0.25942558958449213,-0.06956865435707854,0.062357159847369066,-0.47556090958609043,-0.017018226069002582,0.0011488196375681,0.0033929454886854,-0.0126289575439288,SPY
2014-09-11,0.05726537689969112,-0.2797961415252276,-0.24932214861474025,-1.1371382053256014,0.26959104921083527,0.26351767897461204,-0.07996924866794564,-0.07874319207041099,-0.4791676466218184,0.6977472688291085,-0.005858200958233,0.0075602888586638,-0.0338105801740553,SPY
2014-09-12,-0.655161629861717,0.27216537323669204,-0.12484806211834355,-1.0813614755056726,0.26807833472759773,0.26604341017124944,-0.3945864847856252,-0.49353850815347283,1.0159002106851165,1.4125127637272195,-0.0007538767328476,0.0125169775904181,-0.0394322075569517,SPY
2014-09-15,-0.1361880690290028,-0.43536289666136296,-0.6207740081251171,-1.0791865053311207,0.2654870799518714,0.2684866824249115,-0.46797981994254323,-1.0611501847975464,-0.1924179150752403,-1.4465492158652247,0.0075104435649855,0.0055178125515675,-0.0552417860460625,SPY
2014-09-16,0.7040727654019614,-0.5753914626756935,-0.5327767568449873,-1.0972107226438081,0.26529240220573813,0.2708250271692232,-0.1525723610468322,-0.4077576442018123,0.9706816837332701,-0.7317837209671136,0.0013457599772124,-0.0077334328879867,-0.0612057741262583,SPY
2014-09-17,0.07728895393433559,0.40847130767921686,0.13183821924839084,-1.128523292678867,0.26566682739956526,0.27259379723403154,-0.11701936134384658,-0.27246309568407323,1.8972089597134572,-0.017018226069002582,0.0053161630075466,-0.0012820583378925,-0.0693410741888316,SPY
2014-09-18,0.4809729888053687,0.5629936593440263,0.016293506461520946,-1.1007693454830043,0.26807827912127224,0.2747672797420924,0.09955981439848752,0.11786192287455637,0.30042138177806454,0.6977472688291085,-0.0009015122264788,-0.022864977415832,-0.0755156772421274,SPY
2014-09-19,-0.15119865896253984,0.40150601230335203,0.2161025265232479,-1.1052090643433985,0.2688693625132649,0.27636983806542503,0.031749301557907894,-0.12950117871954075,1.0294678160610287,1.4125127637272195,-0.0077530417716982,-0.0140493872378248,-0.0628724204719395,SPY
2014-09-22,-0.8478163752802337,0.23611845545529933,0.4537577975953709,-1.0140359231680929,0.2681069163789868,0.2770375509908786,-0.3432600789349488,-0.632486349906322,1.1078938911482719,-1.4465492158652247,-0.0057408018745688,-0.0081173717571925,-0.0454565722804316,SPY
2014-09-23,-0.6432252759395468,-0.7257071057009776,0.11817318564862693,-1.0052869197927252,0.2675311128767841,0.2760899200744237,-0.5966545067700776,-0.9089074939193752,0.6944901671840455,-0.7317837209671136,0.0077971345273066,-0.0050126323215149,-0.0200984382439868,SPY
2014-09-24,0.7332215856971896,-1.0818536777375425,-0.5171760358599614,-0.9239820871824562,0.26816432991023015,0.2762119459540995,-0.2339510847550175,-0.396338704923183,0.5631667909889043,-0.017018226069002582,-0.0162667560703928,-0.0264540545591156,-0.0350322777293525,SPY
2014-09-25,-1.7134339243246073,0.06255849557401454,-0.2078559936979045,-0.6493331631245398,0.2636078085698877,0.2739693465186387,-0.9568594603110323,-1.2860952139083712,1.6831103334167534,0.6977472688291085,0.0079140779515283,-0.0100330140216069,-0.0072071592750333,SPY
2014-09-26,0.7451116112136867,-0.7120970379578895,-1.2426787880233445,-0.5825361110823731,0.26315111381724693,0.27298387380618355,-0.5743126097702901,-0.8176317344950939,0.40209132005333453,1.4125127637272195,-0.0018210262910658,-0.0069978206135585,-0.0074556091868078,SPY
2014-09-29,-0.24468870137818335,-0.7034906096001285,-0.820003169925061,-0.5906910255983562,0.2623773795988601,0.2713000669208505,-0.6329695881761344,-0.6480786062630409,0.15422649010025244,-1.4465492158652247,-0.0026360624388912,-0.006347920594929,-0.0070100551045477,SPY
2014-09-30,-0.3275561277341941,0.3596400388214591,-0.5355845139739249,-0.5869741840531595,0.2585743517743648,0.2692996549797905,-0.724500721852823,-0.9228376443650684,1.1143530604736347,-0.7317837209671136,-0.013644287710294,-0.0192684568158769,0.0070305995079547,SPY
2014-10-01,-1.4467988747243166,-0.4167954729556398,-0.38672350370565994,-0.4487368079592715,0.250349286508134,0.26537127309464625,-1.2938340962443042,-1.3895446044628237,2.2451057161133616,-0.017018226069002582,0.0001542844671158,0.0117142098643938,0.0191616071961906,SPY
2014-10-02,-0.04385230998549686,-1.2869260770231694,-1.4147620370523668,-0.4470569957374667,0.24056663245385942,0.26168279706620345,-1.2301054535252032,-1.2207036113887146,1.6364422918809818,0.6977472688291085,0.0109492713595766,-0.0084728775952802,0.0253976619982205,SPY
2014-10-03,1.053709784299346,-1.0815710440258177,-0.6274326219073619,-0.35652111689029126,0.23427661171424904,0.2589311837372648,-0.681440464018714,-0.7360299448190915,0.7139855903584816,1.4125127637272195,-0.0011711262724363,-0.0309019772959864,0.0258192775394059,SPY
2014-10-06,-0.1786112125744754,0.7283871097230911,-0.4819060917613452,-0.3586988250587118,0.22997290453351657,0.25639613121587734,-0.6963889726749155,-1.0808900789564204,0.27218035314209155,-1.4465492158652247,-0.0155565986598391,-0.0462943062455085,0.0275353171546575,SPY
2014-10-07,-1.6412298667778973,0.6308437664313185,-0.4507457398700319,-0.22430580895173918,0.22282521182693646,0.2525313708502585,-1.3544970009264627,-1.5247204255870432,1.3263112803120738,-0.7317837209671136,0.0173383789699768,-0.0291912521008796,0.0396164755050882,SPY
2014-10-08,1.7033115299373651,-1.3198505363962638,-1.070238652207858,-0.015948605121652616,0.21843139459547312,0.2506496040695992,-0.5236130896435439,-1.0781176835245392,2.1699025156378533,-0.017018226069002582,-0.0200328029925582,-0.0533191711562173,0.0285749314090892,SPY
2014-10-09,-2.0963403963976446,0.042352869795805013,0.4152679928363913,0.19248795969179938,0.21301414294024967,0.24565882767417463,-1.3721170016674589,-1.444782153512871,2.535826745933011,0.6977472688291085,-0.0114798283411294,-0.0341448082094082,0.0526025165673145,SPY
2014-10-10,-1.226731117173459,-0.2870725097043234,-0.5526297312330188,0.2353804743834617,0.20193894764918544,0.23988838506932156,-1.806847558532481,-1.4980646870853658,2.6002807886710038,1.4125127637272195,-0.0165634552219584,-0.0109232353245696,0.0650175149351248,SPY
2014-10-13,-1.743600310389634,-2.4079428217635415,-1.6280238214704421,0.3424731310356119,0.18669558559618396,0.23187359006345695,-2.4312351578370888,-1.645778239493148,2.5775595915878946,-1.4465492158652247,0.0015464554847897,0.0153030263171984,0.0847228814694194,SPY
2014-10-14,0.09769433133816934,-2.1526168533769434,-2.36603024206633,0.29536531671851474,0.17267122541428714,0.2229529431534132,-2.226430878312328,-1.8480717973383,2.140408068698512,-0.7317837209671136,-0.0067895400853608,0.0333739029942847,0.0841566594712972,SPY
2014-10-15,-0.7498539655767062,-1.1939500513582781,-1.5460007447804676,0.29062907805869903,0.1607533440610185,0.21287361383966402,-2.37748204395585,-1.712156838249175,4.203235269902953,-0.017018226069002582,-0.0008584400457491,0.0330267381215865,0.0898683156230042,SPY
2014-10-16,-0.14681936759720052,-0.47464068481738303,-2.7028470697812037,0.2514090856782655,0.14854961839069744,0.2018718490111347,-2.247744804288498,-2.01582994085102,2.330140131977266,0.6977472688291085,0.0117417445437091,0.045443540551262,0.0918536848799851,SPY
2014-10-17,1.1342831593581433,-0.6516284994743403,-1.7835058179155883,0.37103206874628863,0.13643619739324742,0.19266295056751476,-1.5736693905161103,-1.5867519226004505,1.4561248525514385,1.4125127637272195,0.0096628064198096,0.0413674240473067,0.0803570401840243,SPY
2014-10-20,0.9229106302493477,0.7121777564049706,-0.6701155089150559,0.43621436616336945,0.1274226066260041,0.1859991076788571,-1.0255168801182197,-1.2557981738665587,0.21939583248066744,-1.4465492158652247,0.019617332161876,0.0303291454186913,0.0713303625343622,SPY
2014-10-21,1.9350202539030157,1.4864868254518133,0.5873387427011924,0.6456560521594249,0.1286415250876206,0.18303240825941786,-0.06321863487876986,-0.49934420513193317,0.5622058235056087,-0.7317837209671136,-0.007136704958059,0.0221164054304265,0.0574702116978942,SPY
2014-10-22,-0.7851513687636319,2.066089150782928,1.453771824869712,0.6220075844308303,0.12269751470942561,0.1778594625710426,-0.31493354479890834,-0.6492031060673619,0.5000217968710396,-0.017018226069002582,0.0115583623839263,0.0277398303664275,0.0630003076512846,SPY
2014-10-23,1.1156380874047667,0.8297324074996142,1.4371265266892452,0.5881333186528317,0.12599307920595326,0.1767977915068622,0.24719232327281024,-0.6378729119284331,0.5324532928247813,0.6977472688291085,0.0076656280397537,0.0225718072516469,0.0531948820780323,SPY
2014-10-24,0.7198508852666584,0.2366341081044034,2.032467228309038,0.5862190250695068,0.13485628266545074,0.175690932886282,0.630351575653909,-0.4534747431029178,0.008941874678710875,1.4125127637272195,-0.0013754722088057,0.0262770661126552,0.0508654516402966,SPY
2014-10-27,-0.19938774117191485,1.3260089004141518,1.8370322060404118,0.5856982865199917,0.14802316550251743,0.1746518834251519,0.5817393843834897,-0.14087270487361783,-0.48241766555973786,-1.4465492158652247,0.0114045921736112,0.0281974516642762,0.0550431674047953,SPY
2014-10-28,1.1000037604941957,0.37414588157056244,1.307786727532271,0.6431975671660723,0.16413924103357938,0.1756985568951816,1.1121008099877463,-0.25973649648312563,-0.13480146338135893,-0.7317837209671136,-0.001513280022058,0.0133174191812566,0.0429145295581907,SPY
2014-10-29,-0.21339911827026445,0.6493142133042392,0.9140155924492853,0.5491929557585759,0.18171503821952614,0.1785297214702708,0.9920876831044175,0.2632446946862683,0.3986016578442815,-0.017018226069002582,0.0063903392691457,0.0211275340772925,0.0469834826307229,SPY
2014-10-30,0.5901880493753047,0.6391722743299864,1.1836384495307415,0.5620744086655688,0.20144268899583834,0.18229461844923903,1.2381383695883046,0.7868496037784325,-0.03947533427609377,0.6977472688291085,0.011370886900762,0.0187319769738136,0.0384718357791173,SPY
2014-10-31,1.0965768336970316,0.27014931577354306,0.9358504602664878,0.5660470026703689,0.22129078307352903,0.18616497160970832,1.7267262644744845,1.6365299824574695,0.45580865765929035,1.4125127637272195,0.0005449133428152,0.0082962600997325,0.0201265625144912,SPY
2014-11-03,-0.004135777564304398,1.218357052196254,1.1135042018387684,0.5633522805537929,0.23855056951075373,0.19029128556532846,1.6841557455391711,1.6278970746670323,-0.3283678838392879,-1.4465492158652247,-0.0034754403094083,0.0108932580692533,0.026025227827052,SPY
2014-11-04,-0.41289845771001954,0.7881640781968698,1.2055797332131075,0.43067549649044967,0.24908390896142968,0.19617199805073227,1.4166570702504375,1.7741636701371528,-0.338021916603867,-0.7317837209671136,0.0062968348739778,0.0153489318653292,0.0333562761288774,SPY
2014-11-05,0.5806811476247346,-0.30444845953834415,0.4921360725976824,0.3150052657724607,0.2636051950725816,0.2004639811632533,1.6518960777293332,1.8653248951828927,-0.36808029410277243,-0.017018226069002582,0.0039947821656669,0.0079742130576976,0.0259523133195038,SPY
2014-11-06,0.3466238192686982,0.11886307684703395,0.8666027928560895,0.04080590828978788,0.275974377364902,0.2083024640070914,1.7163984290137826,1.8117859127554443,-0.14956155646851826,0.6977472688291085,0.0009351700266808,0.0051063601032623,0.0235936023510543,SPY
2014-11-07,0.035542912879621136,0.6686326340171925,0.751744506688394,-0.08778791863407197,0.2863723988220861,0.21794058858681387,1.6019370846333894,1.7381912196474882,-0.42397111351090816,1.4125127637272195,0.003141911312336,0.0044162899243298,0.0159529849022339,SPY
2014-11-10,0.2599096130115216,0.2740419617007686,0.25138968177206344,-0.38166318325159065,0.29813958703281784,0.23041734871384992,1.5489496786812944,1.553664415025585,-0.7509251056157483,-1.4465492158652247,0.0009802334866675,0.0019105073821412,0.0121332526869473,SPY
2014-11-11,0.040124664206551086,0.21127509860887156,0.37590632782778205,-0.37903590602199155,0.30682215334341106,0.24282634141871096,1.3928919106969406,2.0731255082056648,-0.9178097992843144,-0.7317837209671136,-0.0010778839336538,0.0066874552208817,-0.0050083846725588,SPY
2014-11-12,-0.16913095496512057,0.2145915351037824,0.589539747459641,-0.45515151852296687,0.315625190758545,0.2560260467984503,1.1258282099210306,1.8649890711026722,-0.3969853870253671,-0.017018226069002582,0.0011269292112316,0.0061587301498668,0.0011269292112316,SPY
2014-11-13,0.05503970470443752,-0.09596346797371494,0.23594869259264176,-0.46969329765287815,0.3228631603348334,0.26951937390781666,0.9624869743130261,1.7739511541637205,-0.4729398862591315,0.6977472688291085,0.0002450998477483,0.0067847377493093,-0.01629339942557,SPY
2014-11-14,-0.034618809254718295,-0.08516742491054213,0.09844553107374444,-0.5024978608238322,0.32674545497655605,0.2813938234193247,0.784183326863511,1.9152137996698975,-0.5521485868910686,1.4125127637272195,0.0006361287701475,0.011875835503579,-0.0234317144576996,SPY
2014-11-17,0.005138397240284387,0.012197306872418127,0.06535916549618512,-0.523625370135877,0.33065791604994893,0.2919882046190016,0.646247140344933,1.7335950598974454,-0.553412158471741,-1.4465492158652247,0.005757181325408,0.0140419502891244,-0.0321198142061849,SPY
2014-11-18,0.5258127828127142,-0.023923055279320763,-0.05478403121022936,-0.7757473983995193,0.33739937674442466,0.300632342082169,0.7850067256930019,2.0196746453502223,-0.6245439714103034,-0.7317837209671136,-0.0016066090046686,0.0075607232907231,-0.0184617786580529,SPY
2014-11-19,-0.22288818524477866,0.3817374994323728,0.17425331508112535,-0.8673637725299478,0.3417330835378499,0.3100671922202152,0.559219256821663,1.7048151086024712,-0.5435159170639703,-0.017018226069002582,0.0017529368106741,0.0117230053458659,0.0075726555570803,SPY
2014-11-20,0.11868797206474291,0.21668365298758388,0.14890286302031958,-0.9579410770161222,0.3453898389226984,0.3180864113772299,0.517007272511765,1.4266687405613692,-0.7012852064006903,0.6977472688291085,0.005336197602018,0.007848760952732,0.0100654545737732,SPY
2014-11-21,0.48300997242426813,-0.07800793632068528,0.17891765995231523,-0.9817726289403637,0.35041576106109407,0.32580439870814276,0.6509390015466964,1.5880916454252956,0.3504603994792597,1.4125127637272195,0.0028022435556929,-0.0044618230131501,0.0093188192359816,SPY
2014-11-24,0.22537446646098683,0.43294655351032585,0.42301735681131436,-1.0035410310673336,0.3553515453455961,0.33416239932633335,0.6541681947196205,2.1667308271994474,-0.8383769023067195,-1.4465492158652247,-0.0007240456729933,-0.000820487913467,0.0078653511116231,SPY
2014-11-25,-0.13315504630701241,0.5101700775043461,0.5268747148968056,-1.1053821503323773,0.3597605709071271,0.34071330114884085,0.5174583990195843,1.930871971540319,-0.6355032580910783,-0.7317837209671136,0.0025556730504741,0.0037591657519433,0.0086856240905683,SPY
2014-11-26,0.20030482600724778,0.06416766288242809,0.2161233559669356,-1.1275142076329383,0.36529809904475213,0.34788917692720084,0.5278894648145037,1.897412800558518,-0.902020942804983,-0.017018226069002582,-0.0021213075824597,9.636476607344235e-05,0.0093495488222687,SPY
2014-11-28,-0.27521929547154184,0.04602135493542209,0.4156897043148771,-1.1274633632250441,0.36982745669501016,0.3537774299469546,0.3357944201498092,1.4827339856635893,-0.9545056775734289,1.4125127637272195,-0.006974386363864,0.0038537435457506,0.0128131831249849,SPY
2014-12-01,-0.7686478993327928,-0.05680986110681897,0.22993371855943961,-1.1718730509199307,0.3721145170662171,0.35686451357992005,-0.04166687451378953,0.3279500746309483,-0.24125784953344157,-1.4465492158652247,0.006443578655376,0.0041226824874751,0.0144071520444084,SPY
2014-12-02,0.5956010742202147,-0.7581727136198755,-0.3603141924552125,-1.126334521425861,0.3762075318790255,0.36087037375988995,0.20147487357289814,0.6509889344209165,-0.7024721358671578,-0.7317837209671136,0.003855607992417,-0.0029987170708514,-0.0020088433163127,SPY
2014-12-03,0.33247351982097917,-0.12784159163541156,-0.18572536370030665,-1.157313306120491,0.3797287468450793,0.3660057141634894,0.3055143664158761,0.9418134015070183,-0.7800749826508383,-0.017018226069002582,-0.0011071279353958,-0.023015728936107,-0.0063998292554598,SPY
2014-12-04,-0.17210428954319545,0.6691897178434811,0.03385244159882112,-1.1853699259160215,0.3834003491188784,0.37001149086890917,0.1916126122528149,0.7768054731512869,-0.4429339648980766,0.6977472688291085,0.0016360711972174,-0.0168511710505745,-0.0235176384604773,SPY
2014-12-05,0.1068058578266052,0.11349694797205022,-0.14176559864718266,-1.198440758503252,0.38704181276417055,0.37366344678172725,0.21327907979632435,0.8370707976902478,-0.45652994858712176,1.4125127637272195,-0.0067054474221395,-0.034780641673362,-0.0346172178623147,SPY
2014-12-08,-0.7413039858056683,-0.049849426930587054,0.03838710424178319,-1.100740602107569,0.3869363553675574,0.37612559819611435,-0.1407885180388176,0.21350948195638542,-0.17953835734468002,-1.4465492158652247,-0.0006778209029505,-0.0349684094356037,-0.0155277341593702,SPY
2014-12-09,-0.12845522073784532,-0.46185665099831114,0.05128175237409891,-1.107010069386829,0.3857474921249602,0.37800052006367324,-0.20104940763303586,-0.15623009381907382,0.06706814018745419,-0.7317837209671136,-0.0161614038728385,-0.0423425595109909,0.002739766915079,SPY
2014-12-10,-1.7027224172392246,-0.6321470860547406,-0.29016356203602817,-0.7697437824661288,0.3798035095499284,0.3772324429042699,-0.9427021697444199,-0.9943243267201184,0.5991047368471715,-0.017018226069002582,0.0050574299501366,-0.0067659387646124,0.0108551188022048,SPY
2014-12-11,0.4546667413610139,-1.3280563455000218,-1.2499067773836547,-0.7427379577020176,0.3746120473800442,0.3774056108582456,-0.7108768325369256,-0.8045080184870799,0.5832620157780015,0.6977472688291085,-0.01629339942557,0.0126044564957155,-0.0020665999406714,SPY
2014-12-12,-1.716142842547332,-0.9059716843963054,-0.9543385554090817,-0.506550998775751,0.36511693363575404,0.3749207961035331,-1.4252014147554022,-1.6646395544666623,1.2197117326992215,1.4125127637272195,-0.0068932151843812,0.0331435917486526,0.0114103887202654,SPY
2014-12-15,-0.760394956495879,-0.9156858711980633,-1.8139917294606502,-0.4782955857644192,0.3557121801706603,0.3713591735662411,-1.6872491281869524,-1.9887138807089895,1.002115540736976,-1.4465492158652247,-0.0080519709783377,0.0446263691972603,0.0122478151624125,SPY
2014-12-16,-0.8782094984355101,-1.795191254795818,-1.8229945135467842,-0.44484236578210845,0.3418982621282215,0.36649493067619215,-1.9810875342879908,-2.1215948484857896,1.9595497316791788,-0.7317837209671136,0.0194152168735399,0.0540271156069325,0.0110969719001587,SPY
2014-12-17,1.9144705226839733,-1.1886649454386422,-2.1765582997626685,-0.16287895188015575,0.33271907572316417,0.36366373827625303,-1.0528060137967066,-1.3484797248726792,1.787106563577327,-0.017018226069002582,0.0244278252104646,0.0347081260393444,0.0047108130973558,SPY
2014-12-18,2.424119025170538,0.7474989493560368,-0.4707881970033086,0.2109682038825511,0.3313948666839124,0.36483835040658413,0.06981687734095643,-0.51961872700777,1.754375088930754,0.6977472688291085,0.004245735827367,0.0134998986110543,-0.0175864950414279,SPY
2014-12-19,0.3721391097686224,3.137843176355092,0.4579520942471576,0.2180823400396136,0.3308828992435665,0.3664043190521666,0.24681494950742958,-0.228206663096489,1.525181710960433,1.4125127637272195,0.0045895622642264,0.0105964895039436,-0.0167968967689553,SPY
2014-12-22,0.4070970831195167,2.0214481954718058,1.4427292348517016,0.21435557925729282,0.3339001262770063,0.3678613394975738,0.4425343854315839,-0.27250854712103195,0.20111834855620223,-1.4465492158652247,0.0013487754313343,0.0006265097952766,-0.0066251624899331,SPY
2014-12-23,0.07759554514877828,0.5614551268090757,1.9932868217599033,0.21168505257851403,0.3375517102735686,0.36909366036680474,0.4878217598871387,-0.33608829983608457,-0.16155359966572233,-0.7317837209671136,9.622730595193474e-05,-0.0106946823414029,-0.013471706424073,SPY
2014-12-24,-0.04975517397505367,0.3482538949340731,2.444018561672935,0.2110181848795978,0.34621439732273807,0.37045407293301125,0.4714671542446995,-0.30188178643617125,-1.2013473606771095,-0.017018226069002582,0.0032195977821745,-0.0113262875940849,-0.0112288841733239,SPY
2014-12-26,0.26780825386981566,0.017567790407733156,1.5177429871928527,0.21282514802572258,0.3543408447704117,0.37192271025329354,0.6024630444857603,-0.2607602964669694,-0.9732114327441943,1.4125127637272195,0.0013423267202563,-0.0327708225166727,-0.0277267490768808,SPY
2014-12-29,0.07693988332105056,0.15525059420602688,0.5008853002979883,0.20917328835776894,0.36785668510415365,0.3739346416822537,0.6355926013601267,-0.022403273338377546,-0.6556303664116724,-1.4465492158652247,-0.0053804174444405,-0.043576657441549,-0.0419766627603381,SPY
2014-12-30,-0.6065837965362217,0.24695703607946232,0.36167735004619755,0.19691109733885823,0.38175451309201264,0.3761829312995393,0.3445698423595559,-0.16999036313419078,-0.7211474774641428,-0.7317837209671136,-0.0099724167053452,-0.0258122037163035,-0.0273947501897158,SPY
2014-12-31,-1.0734675802741107,-0.38595939694083214,-0.11634706473447856,0.23487197291218254,0.3949430545929237,0.3758699991240132,-0.1222317795467979,0.017468412883008818,0.021527780647620703,-0.017018226069002582,-0.00053537794673,0.0017498931605404,-0.0300775869479634,SPY
2015-01-02,-0.11397257329204956,-1.2186657190539831,-0.6591572212136613,0.2257805443082077,0.40212658557639197,0.3748713930823582,-0.13227293947559876,-0.12605684566953984,-0.08969221664945404,1.4125127637272195,-0.0182249371404132,-0.0057607808784423,-0.0172337048707831,SPY
2015-01-05,-1.9125286835504418,-0.8620959879628916,-0.6894404053432388,0.38873652780013335,0.3961876909801572,0.3712370085623153,-0.9276892063487593,-0.1935214093578632,0.5510007784945149,-1.4465492158652247,-0.0094635082046199,0.0045998674692313,0.0153487398724925,SPY
2015-01-06,-1.0217251663721987,-1.4694386099882604,-1.717628180660625,0.4166502572275211,0.3860500739460358,0.3659080628524142,-1.2843501790395844,-0.27309563758818023,1.0747297244269332,-0.7317837209671136,0.0123840362808049,0.0112469649092181,0.0209970024917875,SPY
2015-01-07,1.1995870889628244,-2.1265026043491706,-2.235728825508498,0.49467463664679484,0.3782425287760186,0.36351103549945263,-0.6764358791182582,0.2631678240595806,-0.014518316748546093,-0.017018226069002582,0.0175896801714987,-0.0071928601138209,0.0186577073734737,SPY
2015-01-08,1.7288621559627944,0.12615878818139845,-1.3839876139865892,0.6471297516293917,0.37544333414548897,0.3639375626251043,0.142194557275733,0.23548534500601057,0.3024524401440636,0.6977472688291085,-0.0080460519857128,-0.0339853545259112,-0.0017011716335133,SPY
2015-01-09,-0.877607694838511,2.1171328780701653,-0.06248490137543469,0.5522228321448124,0.37011724906118365,0.36560716492451256,-0.262356380840879,-0.6874822094270795,0.4761221545234192,1.4125127637272195,-0.0078642887927395,-0.0129102444694613,0.0018588193749806,SPY
2015-01-12,-0.8591272286062636,0.6135845410954323,-0.42259451714246105,0.5722409096644292,0.36135647245355085,0.36528975294813604,-0.6250792060542382,-1.0555540572371531,0.37686499203420937,-1.4465492158652247,-0.0028164107646331,-0.0029154386050409,0.020320281549254,SPY
2015-01-13,-0.34589273972584816,-1.2596953099910897,0.07416104383823703,0.4434225333459846,0.35130968835239434,0.3670256340402444,-0.7820538063067419,-1.3019043058380608,1.568372792540171,-0.7317837209671136,-0.0060557887422341,0.0049363062594318,0.0237167177126993,SPY
2015-01-14,-0.6752510347098885,-0.8748208905391025,0.3928652896430315,0.43747412027961663,0.3411114882264669,0.3688768908728785,-1.0897436111457406,-1.4862866279775135,1.2278589243581093,-0.017018226069002582,-0.0092028142405915,0.0257533915449146,0.0393434856577536,SPY
2015-01-15,-0.9952195470530814,-0.7417246842044183,-0.4912575293466194,0.4481194992230244,0.3312461475659363,0.37053978738343685,-1.5364494413984995,-1.6580246473514613,0.9334547769698176,0.6977472688291085,0.013029058070737,0.0294584372827007,0.0526538824403699,SPY
2015-01-16,1.2651685920873594,-1.2117307948125524,-1.7758605913488765,0.3445134512227192,0.32549642568959536,0.37125725114069036,-0.9486178993809249,-1.3215335877781922,1.4777839627106784,1.4125127637272195,0.0021305170716807,0.0187684287686646,0.0411971009572775,SPY
2015-01-20,0.15707780858417864,0.19281476136536727,-0.7653854002694989,-0.0009471319652010131,0.32601097882408403,0.36854296484802695,-0.8093922559280305,-1.2976918045640435,0.16289841138588154,-0.7317837209671136,0.0050353340998396,0.0033596445756014,0.0391614680340897,SPY
2015-01-21,0.4524201830308767,1.0268890553505445,-0.28617066124323215,0.004455235345258078,0.3309437047606748,0.3659384893258892,-0.5360768950548267,-1.0333083491085058,0.03991132646323434,-0.017018226069002582,0.0147612965432486,-0.0145832764874391,0.03341187677613,SPY
2015-01-22,1.441291018601692,0.43859250832214475,0.09029206521386784,0.12985108856256744,0.3366783573227623,0.36490123456758444,0.17339052962584006,-0.4003797644237512,0.8623633087965638,0.6977472688291085,-0.0054977685028054,-0.0201430779045059,0.0246333260612932,SPY
2015-01-23,-0.6185152675670459,1.3681522449922119,1.0883959031165444,0.14233265139561138,0.33527121144878935,0.3627964237893241,-0.054129228121326346,-0.5211200840180328,-0.07369383513705383,1.4125127637272195,0.002339049556701,-0.0273005628652933,0.0299892954092282,SPY
2015-01-26,0.17827999745808554,0.5929706258630274,1.2660394262022736,0.14708499103312922,0.33708698040687046,0.36103989665851527,0.08309538473265192,0.02360167511940789,-0.4860629378308259,-1.4465492158652247,-0.0132782671213824,-0.0173311082915441,0.0304870135707906,SPY
2015-01-27,-1.4095843483780404,-0.321242203492328,0.7534922382195032,0.2228058318026709,0.3372232159047359,0.35672426242349414,-0.47500353303143916,-0.09590889696537677,0.2029825914065754,-0.7317837209671136,-0.0129075869632009,0.0103046664327006,0.0429152599893258,SPY
2015-01-28,-1.3718960681812702,-0.8938464725579544,0.01469684829833502,0.28580898697884777,0.3342877023668521,0.35022805034366206,-0.9765882137305733,-0.7429711246195109,0.7482378588745094,-0.017018226069002582,0.0092014951261818,0.0193970078105767,0.0546406956724858,SPY
2015-01-29,0.8760075821405084,-2.0159196953901026,-0.8456012256445437,0.34236334753084574,0.33599756907771483,0.34598057307871655,-0.4850515229214123,-1.0015390666396564,0.8198390582112708,0.6977472688291085,-0.0126552534635928,0.0202402538468859,0.042026964399052,SPY
2015-01-30,-1.3462404849881575,-0.36152600398811385,-1.112173565443766,0.37002072218800586,0.3366480796784407,0.34136956414851877,-1.0029237439316898,-1.0983467066503703,1.1715868601641202,1.4125127637272195,0.0123085041304502,0.0301263084749905,0.0609762714916568,SPY
2015-02-02,1.1919074849063305,-0.342955569599908,-1.4553490441970063,0.4622777239786563,0.33708689699738176,0.33871204054985565,-0.39054880374464684,-0.560307117192004,0.5980161955236494,-1.4465492158652247,0.0143575076028623,0.0133317433673214,0.0445549656317227,SPY
2015-02-03,1.4002364587884732,-0.11429585161967269,-0.977349807733548,0.40023449379982645,0.3412932096987216,0.3410743146651674,0.2494776994732771,-0.14878417299903904,-0.034773607064708244,-0.7317837209671136,-0.0038152455853248,0.0095714091459928,0.0259732782780162,SPY
2015-02-04,-0.4474475863008496,1.873702998347467,0.34768549079204414,0.3561771384833667,0.34277592456926587,0.3442845371718082,0.019484681332063297,-0.09175235907111154,0.12048852940091785,-0.017018226069002582,0.0100447411624911,0.0139666801301299,0.0308814510323323,SPY
2015-02-05,0.9617432013523673,0.6870788019810997,0.7836303265038976,0.3310732917399774,0.3428062300167502,0.34716926458314706,0.45120249460763123,0.35970025036965664,-0.468642045226124,0.6977472688291085,-0.0027691988354883,0.013492918170459,0.0066728730505749,SPY
2015-02-06,-0.34109254641912135,0.3696816020968626,0.8240609196246059,0.17533519956264557,0.34368383685146914,0.3469042885365961,0.32358875847463764,0.02698116459910977,-0.03816729917982744,1.4125127637272195,-0.0044860609772188,0.020369699547972,0.013577970594687,SPY
2015-02-09,-0.5156516104224435,0.44666520738515086,1.2980614307772345,0.14979181005240466,0.34244306510386857,0.3471920113980222,0.1065494672122635,-0.1497737883147926,-0.6830527664338013,-1.4465492158652247,0.0105971733815337,0.0264280371128355,0.0017089930927074,SPY
2015-02-10,1.0179108159426433,-0.622726324705053,0.4928228654358747,0.16698156302489284,0.3486012988516663,0.35034170094348793,0.56136150364396,-0.026625572159583295,-0.5378320328393462,-0.7317837209671136,0.0005800253988121,0.0159257478797947,-0.0112325097163807,SPY
2015-02-11,-0.0005658184621290333,0.360969215721221,0.3125284598246234,0.1583568793980885,0.3588752069899791,0.35401376031043064,0.5321162510604546,-0.3574460619742484,-0.6242884577819456,-0.017018226069002582,0.0095709792028202,0.0146314653228625,0.0008211419606496,SPY
2015-02-12,0.913574252762718,0.7338068484462439,0.5232657834089596,0.1615994215286952,0.36936086401640217,0.36011627858761064,0.8956902649294691,0.03880240304927268,-0.5245540159753995,0.6977472688291085,0.0041075825420247,0.0110432319484541,-0.0149010196779304,SPY
2015-02-13,0.35809260737791304,0.6582842892340796,0.500550613455288,0.08631505584007543,0.3849910792770159,0.3682629912073258,0.9664805817186137,0.07894426632437013,-0.5948775265786388,1.4125127637272195,0.0015722765876446,0.0067938502515589,-0.0057362167174943,SPY
2015-02-17,0.10031964844216333,0.9178941649756741,0.8302673721265869,0.017573583706072544,0.39738328258815947,0.37468350578273224,0.9423970949143783,0.5626477512004217,-0.8739832884467195,-0.7317837209671136,9.488414849290194e-05,0.0080583413821777,-0.0102852949075593,SPY
2015-02-18,-0.049891737245428724,0.3292312155985805,1.12074271446556,0.019822516157102312,0.40538747952887066,0.3807935228569871,0.8523278259690417,1.1127527918935907,-0.8115906612917668,-0.017018226069002582,-0.00071425715812,0.0071134365308376,0.0015690484212198,SPY
2015-02-19,-0.13215981555858225,0.03391746473908586,0.6171959860687622,0.01736873879458862,0.414344907907198,0.3860176662693626,0.7374728059038995,0.9162936604459563,-0.6402785108054259,0.6977472688291085,0.0059827458284118,0.0066455424089166,-0.002288443287556,SPY
2015-02-20,0.5487466734028059,-0.13435953759355973,0.5551398254829477,-0.08187539996171947,0.4220918143790838,0.389909305440082,0.9647940643721855,1.731822759958481,0.18895624126743987,1.4125127637272195,-0.0001417991548704,-0.0027494395667471,0.000517178993677,SPY
2015-02-23,-0.07395611311818746,0.2989564873639875,0.38309703211527707,-0.11132860783393901,0.43065585580653337,0.39463381193342995,0.8851002621563087,1.5634391677374697,-0.9312819908349407,-1.4465492158652247,0.0028367677182634,0.0036864132171352,-0.0012915585017641,SPY
2015-02-24,0.2288846524900938,0.3410864217796119,0.17935457142880157,-0.1106191252026429,0.4415198582727434,0.39944918047445355,0.9473813862711261,1.3540357022435066,-0.9597910143792473,-0.7317837209671136,-0.0008500207028472,-0.003263156230612,-0.0097631543390077,SPY
2015-02-25,-0.14596334510083553,0.1095587800990522,0.2399823410303732,-0.2638805434358876,0.44881298932408553,0.40618010907646146,0.8031718271675912,1.6162359407991758,-0.9571328602912836,-0.017018226069002582,-0.0011821512800409,-0.006637315278609,-0.0236754673948382,SPY
2015-02-26,-0.179732161636902,0.05743735425013266,0.1946775759471889,-0.43465460294662855,0.455546248085527,0.4146903255365785,0.6166405958504045,1.2573318139831204,-0.973482319503636,0.6977472688291085,-0.0034122361472519,-0.0043622368295768,-0.0248772636409135,SPY
2015-02-27,-0.40647228107127387,-0.23833420079692375,0.17224374755973787,-0.4445073801022883,0.45817892957386963,0.42125461111193546,0.35450020609255395,1.1819502334906993,-0.3752309038683996,1.4125127637272195,0.0062940536290119,-0.0151138375015911,-0.019178082246019,SPY
2015-03-02,0.5803983692314023,-0.42689994364392897,-0.27821160862193467,-0.6365433369817702,0.46152301058953504,0.43074915946565717,0.5107578124352714,1.811178106258512,-0.7312578422635644,-1.4465492158652247,-0.0041128017294838,-0.0172719924219793,-0.0133461913760548,SPY
2015-03-03,-0.47770110564310664,0.12330988958086962,0.030364221071629848,-0.6829870322089515,0.46305112802497983,0.4377147489401411,0.210476418173942,1.0674361148090876,-0.35870832585519535,-0.7317837209671136,-0.0042241797508442,-0.0295142291716938,-0.0180114017573869,SPY
2015-03-04,-0.48902527820574293,0.07175190302862193,-0.30284246192182895,-0.8113974376673443,0.4632025440497507,0.4417957362151109,-0.05005919811696966,0.6122204203171757,-0.2951233668175081,-0.017018226069002582,0.0010929271689912,-0.0276343788484041,-0.0173297207821594,SPY
2015-03-05,0.0515826043797119,-0.7023354185671888,-0.4646211667363988,-0.84219884757253,0.46392881826918747,0.44664136428050966,-0.07057513404508031,0.15106600843261728,-0.9374749058759454,0.6977472688291085,-0.0141638368192662,-0.0160936289415527,-0.0148315874317042,SPY
2015-03-06,-1.4996231545319747,-0.3192208218049681,-0.35553939566385245,-0.6878469506247673,0.45826998493213683,0.4476862152228652,-0.7483663537370496,-1.188179508195155,0.9502589540129532,1.4125127637272195,0.0041358987086237,-0.0080809745580463,0.0060425011683307,SPY
2015-03-09,0.36097160588195226,-1.0507279332949202,-0.8710397045288062,-0.6854226753327741,0.45395768657408986,0.44981374499115023,-0.587174869401853,-0.9924509099259302,-0.7177400530518486,-1.4465492158652247,-0.0163550384791983,0.0010555122357907,-0.0007430963426253,SPY
2015-03-10,-1.7224098894149167,-0.8267810399584815,-0.9745154159114263,-0.45446196917365783,0.4436232787534603,0.4500787488625516,-1.346776822854462,-1.633313294922993,0.4283401813117414,-0.7317837209671136,-0.0023443294275544,0.0144337491125687,0.0189837728881343,SPY
2015-03-11,-0.2978946656050955,-0.9880420961413154,-1.5614863254712006,-0.5511196663876686,0.4328349286933097,0.44832977617851794,-1.4289017437439202,-1.6788382564183126,-0.3573306585270936,-0.017018226069002582,0.0126336770758426,0.0287273060173953,0.0257414927193311,SPY
2015-03-12,1.2249688959580576,-1.464953214207097,-1.471354311472752,-0.41169166044848937,0.426358876991206,0.4484584800221938,-0.8491493436980266,-1.3030124456965815,-0.60764967792402,0.6977472688291085,-0.0061511824357598,0.0115218800746568,0.0185499459418529,SPY
2015-03-13,-0.6849500276860407,0.6684656186056265,-0.9180171551737265,-0.4646192848470593,0.4190507044287732,0.44611891098448253,-1.099288354120396,-1.472195183340479,0.5792018157406228,1.4125127637272195,0.0132723855024607,0.0264614306200616,0.0201679186044545,SPY
2015-03-16,1.2899084985106026,0.38830101848615384,-0.53383940010911,-0.3307195719888457,0.41389107688032895,0.44521042963197804,-0.4702778704580502,-1.0017415556903888,0.1648924025668035,-1.4465492158652247,-0.0029768016024203,0.0112385084672892,0.0088070478582258,SPY
2015-03-17,-0.3622002077737033,0.4353066398092587,-0.09577795160098221,-0.32863892238974574,0.40910987818115996,0.4435826202572698,-0.5851933216349594,-1.060580069344572,-0.5769522071653516,-0.7317837209671136,0.0119492274772721,0.0085804819507293,0.0162606961648554,SPY
2015-03-18,1.1553786368569452,0.6689245743295964,0.5456600493469757,-0.22044297901995077,0.4094577235513225,0.4438324456729959,-0.028835836347114143,-0.6008532916149584,2.060871724582386,-0.017018226069002582,-0.0045717488668959,-0.0181310792852205,0.0040262846484795,SPY
2015-03-19,-0.5243637821541691,0.5715470191093623,1.2309843302604389,-0.20618728469863706,0.4080052029156112,0.4434690392195694,-0.23851174982483067,-0.6336874469638203,-0.08993809327649537,0.6977472688291085,0.008788368109645,-0.0159432779444408,-0.0029719802658423,SPY
2015-03-20,0.8340035891766581,0.4541671881570422,0.40604647605597133,-0.17722393270459597,0.4138293816620098,0.4435517764110447,0.17458127117359082,-0.5573113981729134,1.1383576657824583,1.4125127637272195,-0.0019505366503116,-0.0224447008064432,-0.0026651099049095,SPY
2015-03-23,-0.25785644882812947,0.22154436325248922,1.1223438121824745,-0.17466777779842546,0.4177291922963151,0.4433453716737435,0.08538817931351171,-0.4938590871310248,-1.0222213836925798,-1.4465492158652247,-0.0056348281189801,-0.0083682196571555,-0.001906344531287,SPY
2015-03-24,-0.6324505729888285,0.41445196197109824,0.3924598338826075,-0.1616386686157025,0.42494986830532366,0.441787291373136,-0.15706383160743576,-0.5350547813625969,-0.9302126881548365,-0.7317837209671136,-0.0147623337586777,-0.0115114036489911,0.0086304723263959,SPY
2015-03-25,-1.560474321910633,-0.6470203342083529,0.2650170900477811,-0.034133715641393586,0.4282460444714339,0.4380382823835177,-0.7911948626705106,-0.9390242648126041,0.748181123892717,-0.017018226069002582,-0.0023839475261162,-0.0002915686659301,0.0259057307031822,SPY
2015-03-26,-0.30192276898884685,-1.5899020283374625,-1.0157055193064861,-0.033266075125518366,0.42686361560921615,0.43410597719452354,-0.8440659250320167,-0.6495305526835309,0.5895814279530516,0.6977472688291085,0.0022869452476426,0.0056834393796325,0.0306076388154847,SPY
2015-03-27,0.17298237967113458,-1.3506541090264872,-0.9108083694483524,-0.029377047841347436,0.42811709340222964,0.43107626840225866,-0.6934226230618573,-0.7073242331192341,-0.1579584333642945,1.4125127637272195,0.012125944498976,0.0101067459127586,0.0241538272562227,SPY
2015-03-30,1.1733460421321267,-0.09591576613921739,-1.2225280468864852,0.043135711892429915,0.4290242549990367,0.4289483769109229,-0.09460530237175148,0.14722392299730896,-0.6346377973270344,-1.4465492158652247,-0.0087780121108158,-0.0046688973885498,0.0152019210686216,SPY
2015-03-31,-0.952028506632374,0.9719368901689027,-0.5476117621813144,0.07500252417831108,0.42810335863979165,0.42609510549250884,-0.46384208834533414,-0.07520636793015853,0.02206696360979483,-0.7317837209671136,-0.0035424987756167,0.0074809454738273,0.0198568759684629,SPY
2015-04-01,-0.4197165142157318,0.1576135246515935,-0.698316049667381,0.07255417730430525,0.4222904957806641,0.4233604653220708,-0.5886151505271767,-0.5401561428087079,0.2621081807582582,-0.017018226069002582,0.0035910605194464,0.0154368346530864,0.0133284516655196,SPY
2015-04-02,0.3055761014763437,-0.9955024835208139,-0.1603656015785975,0.08194688991177641,0.4190548471000344,0.42101455221855927,-0.386162614666822,-0.23188630204087018,-0.8092967387105634,0.6977472688291085,0.0067102517807686,0.0172879044320044,0.0205204449671896,SPY
2015-04-06,0.6227146146914682,-0.0852030104818535,0.1261143921376356,-0.00740168510465338,0.415133544620862,0.42196673249798916,-0.08537689227771589,-0.4384956741833489,-0.19366067386054697,-1.4465492158652247,-0.0026496988023323,0.0060444428780774,0.016653482527519,SPY
2015-04-07,-0.32894258199911736,0.6693461548163684,0.3381959187484706,-0.012588870352031536,0.410999547946042,0.4218495481422135,-0.20824155740534753,-0.4271905244227802,-0.899185554033348,-0.7317837209671136,0.0033718307515613,0.0106056564366419,0.0077852211552036,SPY
2015-04-08,0.28328628440045656,0.21005869715530526,-0.3702426587118154,-0.19332179876119235,0.40972296572471717,0.4248239133078279,-0.0940883740492566,-0.7522973602025534,-0.6944087817628557,-0.017018226069002582,0.0044133904036423,0.0117106723892899,0.0002880209554936,SPY
2015-04-09,0.3891851061821678,-0.03563174339029532,0.21229829860990374,-0.1941077226640954,0.41449526741178067,0.4288612990428477,0.053650413379549074,-0.4067293277536164,-0.7528942824323065,0.6977472688291085,0.0054421302983644,0.0070120979465437,-0.0001435386105788,SPY
2015-04-10,0.4937805007457427,0.48417492073223417,0.593754367740031,-0.2754714618839097,0.42174474749748064,0.4317971128787873,0.26723916179547025,-0.5390989771387252,-1.0167735108297193,1.4125127637272195,-0.0045332097731582,-0.0100000461330385,0.0074944486717658,SPY
2015-04-13,-0.5204453847669401,0.6365382096239813,0.6825064588818273,-0.2904855924079075,0.42683609047801474,0.4349719978259279,0.005218706819581582,-0.6374139075319725,-0.9514423106555973,-1.4465492158652247,0.001911514756232,0.0036284021106975,0.0072437733611687,SPY
2015-04-14,0.13481111735132703,-0.02188507479480685,0.14342320229778915,-0.4103991027561081,0.42872070006726204,0.4363689722450346,0.07461333223322644,-0.33683706412809034,-0.9060916188293379,-0.7317837209671136,0.0044768467042093,0.0005251160777763,0.0023360684717337,SPY
2015-04-15,0.3956369185687605,-0.28172003280475394,0.36211687126554665,-0.40892802614206264,0.4348000284389489,0.4389502001049971,0.24791854875497557,0.5859681857032297,-0.3114920855289784,-0.017018226069002582,-0.0002851840391038,0.0009502581122697,-0.0019500030566081,SPY
2015-04-16,-0.08853452950680854,0.381373305602222,0.41509838371824315,-0.5172080323606314,0.44189761984611015,0.4395930654394003,0.2247682852594681,0.7201295379019583,-1.0266886362059144,0.6977472688291085,-0.0115700137812178,0.0037483667694822,0.0087084563192973,SPY
2015-04-17,-1.2359005697613592,0.21970768881804922,0.18981875788864436,-0.4225558421382654,0.44419257631556075,0.43912235245194825,-0.31354026863891765,-0.01878032862790104,1.8560591993880122,1.4125127637272195,0.0090952384705778,0.0176363411368862,0.0213619078736568,SPY
2015-04-20,0.8652041158076423,-0.9612578597288358,-0.6258519310634514,-0.41806214544494325,0.44726274057102844,0.438696451385421,0.12100045932775588,-0.12919816960924144,-0.4471117739711998,-1.4465492158652247,-0.0011917712766891,0.004374236354689,0.0153687528814643,SPY
2015-04-21,-0.1807102585788803,-0.2709075058506923,0.02758279863989165,-0.41984266558385813,0.4507888766969028,0.43839228403764446,0.06920642659538861,0.28357626206369607,-0.8902709339931698,-0.7317837209671136,0.0049019887387027,0.0087400459427531,0.0162318566187211,SPY
2015-04-22,0.43886251822863426,0.4928772147458168,-0.12120852623057206,-0.42894923860326073,0.4548163872580846,0.4397688211044263,0.28073172836570576,0.6745605696565982,-0.7460372043096731,-0.017018226069002582,0.0025129246181085,-0.0002850000069241,0.0106255477935741,SPY
2015-04-23,0.19595845121105882,0.18427582357057376,-0.1008245055829969,-0.6405723679353703,0.4582512177972268,0.4438755881029213,0.3385052039952482,0.6433192613512386,-0.15965988918171028,0.6977472688291085,0.0023179605861862,-0.0128688477035927,0.0110205888911316,SPY
2015-04-24,0.1761358119324226,0.45692219097511416,0.03333466950479104,-0.6536060797226807,0.4606982575673553,0.4487276297962453,0.37598985821305075,0.4973750139160659,-1.0996368535622851,1.4125127637272195,-0.0041668663116194,-0.0044037544686625,0.0063112468406174,SPY
2015-04-27,-0.48319803089058677,0.2667511461549398,0.699212736808796,-0.6252174368839867,0.4632515610258191,0.45255293452456374,0.12127010726709081,0.3908790291265295,-0.6466725258829129,-1.4465492158652247,0.0031740383113749,0.0026064011840549,-0.0003321279763195,SPY
2015-04-28,0.2631760714796508,-0.22484675654189143,0.063342849154086,-0.7432878571918736,0.46621521136448635,0.45497895537122574,0.23545026181690024,0.3855209338593501,-0.4436799778115639,-0.7317837209671136,-0.0041230572109745,-0.0120855973019677,0.0059412899286188,SPY
2015-04-29,-0.47874381443515657,-0.16184388434490452,0.2726676055088044,-0.8168373425228964,0.46642804457594755,0.4581274901854164,-0.006316265540395366,-0.0542968040271746,0.569426902185169,-0.017018226069002582,-0.01007092307856,-0.0120879095391419,0.0089355672975708,SPY
2015-04-30,-1.0834830497103494,-0.15861976217961027,-0.16005065817159062,-0.7109387055926056,0.4635252275575519,0.46022651339487647,-0.5097436379810522,-0.8309412243356802,1.4515906496444972,0.6977472688291085,0.0107830538211164,0.0019648443769879,0.0127740662622484,SPY
2015-05-01,1.036809896283117,-1.1333800966108833,-0.7634005752892687,-0.6220669469672842,0.4677351824732223,0.4634815060851675,-0.05194524869151602,-0.12633082197433637,-0.010182170608490053,1.4125127637272195,0.0028432893410981,0.0042619081365806,0.0040256257930391,SPY
2015-05-04,0.22954772749777055,-0.03636778023282685,-0.35753001607702783,-0.6503346456707925,0.4699693612287269,0.46613574635153043,0.04294269129364402,-0.08955231104074608,-0.8229567647501114,-1.4465492158652247,-0.0115179601746477,-0.0033652662882728,0.0001892193288774,SPY
2015-05-05,-1.2306081070644328,0.914051148633851,-0.02141844400445834,-0.5256495174083781,0.46890538979356094,0.4673677889722614,-0.5158202194239516,-0.755700741988557,0.2595943296617712,-0.7317837209671136,-0.0041253694481486,0.005156503753172,0.0143532744595997,SPY
2015-05-06,-0.4789789072519029,-0.7271876002526941,-0.7258465555415616,-0.5181192160855904,0.46496893459064587,0.4674133521641366,-0.7085804825434885,-0.8859424237663126,0.7901544902705677,-0.017018226069002582,0.0039818308375698,0.009472648377188,0.0099961784166229,SPY
2015-05-07,0.34530701481755516,-1.2400446763862303,-0.7259574189389134,-0.5212559925048383,0.46148853466762624,0.4673905496995622,-0.5228498907923267,-0.28601503164483194,-0.39365277742515165,0.6977472688291085,0.0130801175807091,0.0158640928764199,0.0042994884847793,SPY
2015-05-08,1.2703599816885154,-0.09934059836866398,-0.05217876912128503,-0.4059723565088163,0.46144290967742285,0.4685921936716675,0.07361938713624355,-0.13599997346578302,1.2753804094660386,1.4125127637272195,-0.0047838850837553,0.0038674130688525,-0.0149492253055489,SPY
2015-05-11,-0.5459323743877065,1.1668938432845226,0.05795711795967388,-0.40396231833699114,0.46119991003429145,0.4697482466270481,-0.16889114714454717,-0.28679295924327347,-0.7140599984295508,-1.4465492158652247,-0.0029961901332029,0.0117533816309931,-0.0103090802768397,SPY
2015-05-12,-0.36417150395616726,0.5217827001524915,-0.30773826933396375,-0.39785914788145615,0.4589809118056918,0.47012086310582507,-0.3149885404619505,-0.5871000709762044,0.36877353776000016,-0.7317837209671136,0.0001907751758674,0.0144209042247638,0.0046088278103955,SPY
2015-05-13,-0.04014217868859684,-0.6613500113963052,0.10084973746166864,-0.4137578807814873,0.4581450375183801,0.46980909957399825,-0.30147556869177256,-0.6832272364241606,-0.2627612576596354,-0.017018226069002582,0.0103732753368017,0.0135258089624521,0.0076364115053975,SPY
2015-05-14,0.9951463596880498,-0.29524086576778164,0.3077932386816792,-0.33266315974506155,0.4638443522605107,0.4712084391053555,0.16657751291959796,-0.3719488054187478,-0.23863992591812525,0.6977472688291085,0.0010834377731416,0.0060604993413164,-0.0104212705961685,SPY
2015-05-15,0.050617786053766656,0.6886823220047571,0.6142398519774444,-0.45263757405800326,0.46645846123608337,0.47462313252222216,0.16733843137874224,-0.171224572074451,-0.7156713621894054,1.4125127637272195,0.0031020834783852,0.0025856801038468,-0.0157992733481027,SPY
2015-05-18,0.25586018513566205,0.7543776506838282,0.03904250836215832,-0.5048320870516808,0.4691638201920628,0.47709482786015894,0.2777879513961474,-0.1728356994146767,-0.7374283741458746,-1.4465492158652247,-0.0003286675394322,-0.0113266445030948,-0.0134643287297473,SPY
2015-05-19,-0.09295564109895008,0.2192557126908628,0.41714613716082544,-0.507127226269659,0.47544077344514274,0.4797033518979719,0.22359514495522276,-0.00969263268371458,-0.796429355615456,-0.7317837209671136,-0.0007043200864442,-0.0015505207473491,-0.0115200036391733,SPY
2015-05-20,-0.13114948054769246,0.11533209930964138,0.5450441835021813,-0.5209370755989381,0.48279685085713187,0.4814144966984301,0.16495376744348692,0.46507819560613056,-0.6812857555664408,-0.017018226069002582,0.002907965715666,-0.0019749805029274,-0.000470080389479,SPY
2015-05-21,0.23612358885162474,-0.16479942411276885,0.5021276077976643,-0.519451342788155,0.4898336367471843,0.48319407671746395,0.27649584375042463,0.19260447517127663,-0.9758440855561066,0.6977472688291085,-0.0023913814643279,-0.011115370332476,-0.0078270150443744,SPY
2015-05-22,-0.30267860212451425,0.07339996517110443,0.1441930515520056,-0.5156215558840695,0.4919158434146624,0.48421316184871893,0.14812558829414843,-0.06832887779273486,-1.142439778813721,1.4125127637272195,-0.0108102411285564,-0.0066893755162409,-0.0003257443183324,SPY
2015-05-26,-1.1586519661138839,-0.05075898588190954,-0.02241194474664038,-0.4306636310879116,0.49205246815680703,0.484159932910669,-0.3599368559834435,-0.032887741972931844,0.5010832598191941,-0.7317837209671136,0.0094474562163133,0.003127748489252,0.0111921168005082,SPY
2015-05-27,0.9010152613425879,-1.060347726656429,-0.6894575178375039,-0.36913397629857225,0.49618640922530155,0.4851181511825487,0.07035747971254322,0.5663852671325982,-0.267811336140393,-0.017018226069002582,-0.0011287798420225,-0.0036736127709868,-0.0055445939356166,SPY
2015-05-28,-0.17430571064904762,-0.18907079068673466,-0.2207277938340213,-0.3831713220205983,0.4998947672803613,0.4865555133714307,-0.0040578363859165535,0.36402874999770846,-0.6987071998533094,0.6977472688291085,-0.0062324241138824,-0.0110272984200898,-0.0074607166410807,SPY
2015-05-29,-0.6932101383533108,0.5234344529009497,-0.24107910167889898,-0.4365869471294927,0.4982685602864532,0.4885936558090903,-0.3268647409460925,-0.5923541245068611,0.5210184529762726,1.4125127637272195,0.0020346133519071,-0.0065097334004811,-0.0014188962831722,SPY
2015-06-01,0.1473269595490647,-0.6305232631342654,-0.6793276866122177,-0.5247936483243995,0.49694629746859953,0.48924008272429376,-0.24088381742650952,-0.20610646426912102,-0.26016428456850865,-1.4465492158652247,-0.0009931171230634,-0.0147129429620074,-0.0246470960160074,SPY
2015-06-02,-0.16051243239679552,-0.39771396178018564,-0.46711726656353264,-0.5302761583824586,0.4943017162265656,0.4892704952853436,-0.28791702926240886,-0.07715706407689234,-0.2791445357249269,-0.7317837209671136,0.0026460949560744,-0.01386356589399,-0.0215624464170511,SPY
2015-06-03,0.209498320827441,-0.012128191900957585,0.0035782709083794165,-0.6549455188933376,0.49261470371554916,0.4915672557913303,-0.19723638690249695,0.04567579904508012,-0.3732704350199827,-0.017018226069002582,-0.0084824654911255,-0.0045879428960322,-0.0162248334359134,SPY
2015-06-04,-0.9219793023028497,0.0328736767665972,-0.3225223663187255,-0.5981721461854617,0.48843513765685126,0.4931567503475881,-0.6170524835352138,-1.0502608183512563,1.2757194167720196,0.6977472688291085,-0.0017148590942737,0.0071128814659626,-0.0086589136413275,SPY
2015-06-05,-0.2338943306192092,-0.518303446744833,-0.6751049574184531,-0.6063430368302074,0.4827661561653678,0.4938411860078911,-0.7067068381471907,-1.2068251274609274,0.49355009863883276,1.4125127637272195,-0.0061685962096191,0.001143333795472,-0.0097940254155766,SPY
2015-06-08,-0.6867205437873399,-0.8392470043294645,-0.4585040777943128,-0.7471883319199034,0.4759116200076634,0.49145315999390454,-0.9582041487356022,-1.6785093953779868,-0.34236764480926585,-1.4465492158652247,-0.0001437400550461,0.0030173650262987,0.0026436565136238,SPY
2015-06-09,-0.07415345087161511,-0.6689582486079579,-0.8518182634353331,-0.7651209902097135,0.4724920812080781,0.48981042258717156,-0.9412425419857555,-1.672085789210422,0.09276692987818402,-0.7317837209671136,0.0119217179540322,0.0085981331780855,-0.0141321660984496,SPY
2015-06-10,1.152581652456617,-0.5533320512169624,-0.8110937095514184,-0.627749784394408,0.46983237504546527,0.490548115010375,-0.397466493841167,-0.8910323973057149,0.8691997702397526,-0.017018226069002582,0.0032183588708694,-0.001707927224805,-0.0242464159044075,SPY
2015-06-11,0.26768228965140534,0.7780210697915823,-0.3663611840207534,-0.6197872957962559,0.4685708621383939,0.4917724918849312,-0.26452692387166715,-0.8761305280684328,-0.7120345312168752,0.6977472688291085,-0.0076844067647643,0.0054193170675755,-0.0149518499874021,SPY
2015-06-12,-0.8408380266539619,1.0254540804991052,0.19465096259693235,-0.6686258631063631,0.46685340516407897,0.4900993558295731,-0.5994217000215072,-1.0713603107643312,1.0432673520832376,1.4125127637272195,-0.0042945649787924,0.0086547548931106,0.0037093060083828,SPY
2015-06-15,-0.49618157760315074,-0.4174548208675912,-0.09156722591261544,-0.6586926512521347,0.46311457484255747,0.4875668353695356,-0.7624763913585677,-0.8219650665330477,0.7160588826718861,-1.4465492158652247,0.0054370280967406,0.0180592091336171,0.0123323666131049,SPY
2015-06-16,0.49326174299684794,-0.9703669773211453,-0.0017142163204406963,-0.6362966523759521,0.4614275901347038,0.48539936302907466,-0.47793842087422417,-1.0494158000938072,-0.4059880801929149,-0.7317837209671136,0.0016156575511416,0.0133298010271607,0.0065632079110544,SPY
2015-06-17,0.10473033477482713,-0.004697553510061465,0.26586340246502443,-0.6316207014486797,0.4594061611811718,0.4835436959577156,-0.3753866564004524,-0.9083775412883857,0.8428365359069796,-0.017018226069002582,0.01034560316325,0.0044248889562075,0.0129395055931249,SPY
2015-06-18,0.9923328380914623,0.43026411381648844,-0.22827486428624436,-0.5288721779199953,0.46343367174235356,0.4834676089053905,0.11243652260532044,-0.10540705862812073,1.9438524173129963,0.6977472688291085,-0.0044489689392293,-0.0089656167545291,0.0034413645024127,SPY
2015-06-19,-0.5118803399889906,0.7915097326257399,0.11345068395156874,-0.5216626276486329,0.4665728156448015,0.4822017034422091,-0.07890931761090968,-0.4112457568078093,0.9204480732166485,1.4125127637272195,0.005109889261714,-0.0047072515712738,0.0084081257427817,SPY
2015-06-22,0.4600004534306269,0.3451847361295586,0.26857820861104115,-0.5014661059178096,0.47332192220905595,0.4821489475266089,0.16315006306607122,-0.15400366579347136,-0.88022590663743,-1.4465492158652247,0.0007076199902842,-0.0310107272139159,-0.0006608343486549,SPY
2015-06-23,0.012407146528995024,-0.040136601048966936,0.7194877255824483,-0.610717885536264,0.4803456406125784,0.48395244300421764,0.17004626000977202,-0.22999848489165545,-0.9164334852845901,-0.7317837209671136,-0.0072892545198115,-0.0296268147283074,-0.0031647703658048,SPY
2015-06-24,-0.8006615882893493,0.3393615493402766,0.4927297372605168,-0.6402815490522082,0.4812179092400342,0.48305802711338847,-0.16072280831792174,-0.1751781924999232,-0.17890857876839314,-0.017018226069002582,-0.0030449025474865,-0.0143538522712836,-0.0015212923452505,SPY
2015-06-25,-0.3691242565598892,-0.5731510041750376,0.06577145792817923,-0.6338632342943892,0.48007928631267005,0.4818570231128324,-0.2861168686266599,-0.23898985875345294,-0.016125327691304363,0.6977472688291085,-0.000190603755974,-0.0122254954203366,-0.008902652163071,SPY
2015-06-26,-0.07891823866142587,-0.8493171639841531,-0.5762547891691668,-0.6686130807754032,0.48134174452727774,0.48162934627770626,-0.2917261752871512,0.062488738078757884,0.222845956005405,1.4125127637272195,-0.021193586380928,-0.0148848625328854,-0.0145465710215244,SPY
2015-06-29,-2.2143610905811637,-0.32689335398895414,-0.3720816028507982,-0.31642886655847957,0.4772521217003338,0.4777120665077122,-1.2188125101732972,-0.8139902782012519,2.9734607416871692,-1.4465492158652247,0.0020915324758927,0.0125778095676238,0.0188555850015514,SPY
2015-06-30,0.15311411552700516,-1.6625421793918111,-1.6332379861322324,-0.30854829885710555,0.4720866832908586,0.47428318241734546,-1.0732493995018741,-1.255977619056848,2.2607498316074306,-0.7317837209671136,0.0079837079372122,-0.0064332855753885,0.0236194743770523,SPY
2015-07-01,0.7521911226270463,-1.4945888112315493,-1.5668843951148317,-0.2593832184152936,0.46892451836958743,0.47168936381275745,-0.6660050767418795,-1.033607499384074,0.9536227184572484,-0.017018226069002582,-0.0009165456965396,-0.0126095253645264,0.01587317921346,SPY
2015-07-02,-0.1527271616878024,0.652708438646625,-0.8346011654770278,-0.30472296269161075,0.4621436049870563,0.4703115885401508,-0.6885862841305646,-0.802465061945764,0.09083418221639528,0.6977472688291085,-0.0028499708685227,0.000819945119888,0.0152703979678232,SPY
2015-07-06,-0.34930490671376835,0.43132951582214635,-0.7325541635925666,-0.3016432429908147,0.4558972074099258,0.4687567498345684,-0.7983288956835334,-0.7471807313761447,0.44542577823850593,-1.4465492158652247,0.0062690857195812,0.0146466652194314,0.0147417773993732,SPY
2015-07-07,0.5778597991305148,-0.36597294999131336,-0.8600611841492898,-0.2974097865129181,0.44998686666191795,0.46917645987197054,-0.5127949178413829,-0.7109940959924643,1.8654082047161022,-0.7317837209671136,-0.0169195626671196,0.0127060751257799,0.0065168211686712,SPY
2015-07-08,-1.7798069345564982,0.1628521840404473,0.45667447056296245,-0.10417832125216864,0.4385174225219288,0.46695186311445963,-1.2637241314385599,-1.3077677230299378,1.5428554135328723,-0.017018226069002582,0.0018074681480744,0.0292935071875897,0.0267260823507964,SPY
2015-07-09,0.12423235386691321,-0.8725966634989349,-0.4548386814826856,-0.2119391270983909,0.4299650028165417,0.4631087922194157,-1.1252390642035466,-1.732133394679447,0.9938693736671128,0.6977472688291085,0.0125129247878748,0.0354779942727274,0.0166972295111023,SPY
2015-07-10,1.2126916106410939,-1.2009485331700143,-0.7509670084221304,-0.10011662479599133,0.42633023973349143,0.460720237533279,-0.5104299892313117,-1.0278123968138577,0.5994831698232379,1.4125127637272195,0.0109767492310206,0.0238125315573904,0.0022626163211034,SPY
2015-07-13,1.0565035505566842,0.9651296055383528,-0.10707254156118741,-0.05339302727893225,0.42625392005152396,0.4613137694086318,-0.004148408304159438,-0.8023864944666839,-0.022465708372068564,-1.4465492158652247,0.0043284956259297,0.0133535746275095,0.0038061807418543,SPY
2015-07-14,0.3805535727724179,1.639941047548215,0.5558686054679018,-0.05764470366185821,0.4342871991005554,0.46328713559549134,0.1711685934423482,-0.6744650265166044,-0.6426426604295538,-0.7317837209671136,-0.0003321306053098,0.0050660081718572,-0.0095864707011115,SPY
2015-07-15,-0.09330774248407724,1.0376095894067714,0.4628243394860442,-0.0731353792497223,0.44155678087298095,0.4643400279194965,0.13982594973849802,-0.44980900016158165,-0.20233831146089198,-0.017018226069002582,0.0079919552332121,0.0036018227503014,-0.0080570386065312,SPY
2015-07-16,0.7530296525446842,0.20533479699541365,1.2581316255347736,-0.037805406537894735,0.4488873071783295,0.46642583432520707,0.4883331640527869,-0.08930974452187831,0.02182139149509454,0.6977472688291085,0.0008474620725378,-0.0100359089821679,-0.0172939310487283,SPY
2015-07-17,0.026625354498715528,0.4749463879120692,1.5546553804448895,-0.10155622604472238,0.4567830439808422,0.4669836808304347,0.5204107302986077,-0.0580506009071955,-0.4733222221900336,1.4125127637272195,0.0005177923011396,-0.0213096334200129,-0.0145056233811811,SPY
2015-07-20,-0.006893263756478218,0.5617582795666018,0.9953386967010728,-0.11642179225724769,0.46574789580364484,0.46834396818481633,0.5247940320305127,0.935715223143479,-0.9632458478012164,-1.4465492158652247,-0.0039590708297225,-0.02766194833558,-0.0094522972250148,SPY
2015-07-21,-0.46207077556682413,0.011698725236978269,0.4938695952869163,-0.12102860587367409,0.47144445803265567,0.4682369955489905,0.3379044082811364,0.6579797822594718,-0.7725709698631296,-0.7317837209671136,-0.0017963160268656,-0.0114943078637095,-0.0083941960408315,SPY
2015-07-22,-0.242176326921773,-0.3420371205181115,0.09651080212154563,-0.1195321341428424,0.48189066237102385,0.4677249765717134,0.2602328566354739,0.33317533226632523,-0.48195338162482615,-0.017018226069002582,-0.0056457764992572,-0.0028425699854501,-0.0145346396205416,SPY
2015-07-23,-0.6335637310969084,-0.512343468819804,0.02630841458196371,-0.13348341930652294,0.48995438588335377,0.46748043787748683,-0.0032197607491125796,0.08906865336000645,-0.43295527744193457,0.6977472688291085,-0.010426262365307,0.003040619287427,-0.0299914849115578,SPY
2015-07-24,-1.1196115726653981,-0.636476241586674,-0.6275714247804292,-0.07049262039853227,0.4907484720169322,0.46605899150280516,-0.4717216785638146,-0.24192207115362188,0.3303208826038456,1.4125127637272195,-0.0058345226144274,0.0119475547105576,-0.0501300054929343,SPY
2015-07-27,-0.6527541741718338,-1.2715954489084524,-1.1681056770331848,-0.052852262485056895,0.48619717767120196,0.4637433796609439,-0.7097243630285012,-0.6860388950886228,0.764132180700572,-1.4465492158652247,0.0122085696421478,0.0144034858880122,-0.0873144748310057,SPY
2015-07-28,1.1817468142760519,-1.2854861822167143,-1.4726761685234342,-0.2620172502639339,0.4841354619347296,0.46673149030245853,-0.18297024605242632,0.43258588273714266,0.5031726678907716,-0.7317837209671136,0.0068554218513936,0.0002390457347436,-0.1113606334968517,SPY
2015-07-29,0.6374745368970182,0.3803198377350436,-0.6974963686857488,-0.23860593045786016,0.48437976832651386,0.4704913648960016,0.08464696048918433,0.5663923853681134,-0.017861343643494017,-0.017018226069002582,0.0002374127736199,-0.0033266776016445,-0.0805408401622154,SPY
2015-07-30,-0.03540037955798396,1.3142338105472184,-0.2826768748711809,-0.27358295568221913,0.48211959361376355,0.47302851819356423,0.05837983659685335,0.21936992136821992,-0.42198367437150525,0.6977472688291085,-0.0015193269421764,-0.0117854750668842,-0.0563442124259818,SPY
2015-07-31,-0.21401392867950722,0.43321886991002595,-0.000599258728566238,-0.27182471336542924,0.47909572162440733,0.4754663506890505,-0.04924216070431399,-0.29507602972185004,-0.06504060909746627,1.4125127637272195,-0.0033785914369728,-0.0121878365268317,-0.0547746397088708,SPY
2015-08-03,-0.4030515118713293,-0.18311912417439893,0.4264560330118965,-0.26884456756021935,0.47481945616538807,0.47781247247893754,-0.2425901213405861,-0.6817204052748079,0.231298718240379,-1.4465492158652247,-0.0019558705111206,0.0037110685619126,-0.0595079962607787,SPY
2015-08-04,-0.25839876013415236,-0.4492382444838711,0.544209037345876,-0.28844712000246725,0.47120001262505734,0.47885184192584274,-0.34948796508631147,-0.7558382088446954,-0.6723161217376148,-0.7317837209671136,0.0032896985150054,-0.0033972167440028,-0.0878543113387673,SPY
2015-08-05,0.27493562770576907,-0.48136558277730185,-0.13492456300399064,-0.536182975668781,0.4692146443737152,0.4830855598024634,-0.25716388159101883,-1.032626049598271,-0.5638661757907835,-0.017018226069002582,-0.0082213846916197,-0.005489613769738,-0.0723410683788232,SPY
2015-08-06,-0.8954343521386885,0.00938590771888633,-0.30588808158216596,-0.46269776561722487,0.4664198426429128,0.4857220756393764,-0.6795250223316783,-1.3970346432325313,0.3288305245481217,0.6977472688291085,-0.001921688402124,0.0014868337128968,-0.0634034244277366,SPY
2015-08-07,-0.25492335182554354,-0.4517233789120399,-0.7114567814416461,-0.5836331102735982,0.46634352296094533,0.4860812388031784,-0.7739812615607514,-1.4902935807159208,0.371399285113871,1.4125127637272195,0.0125203136517715,0.0070442918551059,-0.0767340665335885,SPY
2015-08-10,1.2134428609217691,-0.8352543764468573,-0.7307485560532334,-0.5514492330187988,0.47211651608457506,0.4866925646701061,-0.198291329189445,-0.6986743204475685,-0.7248957013873455,-1.4465492158652247,-0.0090641558170361,9.509666064033696e-05,-0.064433834624765,SPY
2015-08-11,-0.9811216855861085,0.6912268429880687,0.031546355549615476,-0.499616743037271,0.47110845680985897,0.48515647991342387,-0.5999199096168907,-0.9498330758166414,0.5972445613453421,-0.7317837209671136,0.0011973014892703,0.0062582828321371,-0.0688318591125787,SPY
2015-08-12,0.062194687441627663,0.16557835515519784,-0.30927017795851514,-0.4973374360111362,0.4682830159936185,0.4838649060261173,-0.5253575802052897,-0.7056304066999921,1.861908681407619,-0.017018226069002582,-0.0012449372089848,-0.0028757782637089,-0.064602238792256,SPY
2015-08-13,-0.18611581511881717,-0.6677365030274963,-0.4095930364741045,-0.5619722946686073,0.4649841707238767,0.4810832279467538,-0.5429898864091043,-0.32678746772298123,-0.5315875885814575,0.6977472688291085,0.003635769740085,-0.0227334628449975,-0.0588232807887827,SPY
2015-08-14,0.31012183611472627,-0.09228264393455028,-0.07509764906267874,-0.5469036201608113,0.46333485930165674,0.4787448136403171,-0.33898291353614757,0.11216007434698828,-1.0085268379393493,1.4125127637272195,0.0055711184573059,-0.0569340155317661,-0.066176157141343,SPY
2015-08-17,0.5068951543600655,0.08717594848312081,0.19136233919468956,-0.5147256751022119,0.4645566692922071,0.47721639462980964,-0.054843888918414546,-0.16000153964257716,-0.8418840711483184,-1.4465492158652247,-0.0029009696455393,-0.1055241259415709,-0.0593255456340378,SPY
2015-08-18,-0.3544901213940565,0.5888022277280539,-0.14182639970949712,-0.5201881568810549,0.46547286691693385,0.4758637173719029,-0.1714970797450658,-0.6743322160302714,-1.0773163225581162,-0.7317837209671136,-0.0079367596065758,-0.1144607453197297,-0.0477950697084557,SPY
2015-08-19,-0.8664955764329986,0.1077321753484913,0.15367605354554578,-0.47524421720270527,0.46280023228360523,0.47353289924951647,-0.509121100431234,-1.043266786442036,1.8332780542356444,-0.017018226069002582,-0.0211026217902734,-0.0688487705271239,-0.0421088589735827,SPY
2015-08-20,-2.2051124191729237,-0.8863774601097062,-0.284269091530031,-0.187626071851705,0.4561109025194346,0.4687871345707683,-1.4157429842430358,-1.6249263117928026,2.2806913645260223,0.6977472688291085,-0.0305647829466835,-0.0233121082269969,-0.0374828555563322,SPY
2015-08-21,-3.1671617035998683,-2.2259244779881615,-1.2363731407105776,0.26639156727570545,0.44065529112139173,0.4610151113811554,-2.6850338890678036,-2.0854580189417895,4.7318245909562915,1.4125127637272195,-0.0430189919524988,0.0073029204946211,-0.0017635232584805,SPY
2015-08-24,-4.433422409171487,-3.8912294154025755,-2.8761657642658855,0.9912989776469578,0.4084765777382252,0.4478019526864406,-4.381026357523688,-2.4665903612670292,5.254962301716492,-1.4465492158652247,-0.0118375890236981,0.0422099644582392,0.0281905654541043,SPY
2015-08-25,-1.263105831466731,-5.5041603768385645,-5.205885560243374,0.8890916514943985,0.37579390422560854,0.43094344648078364,-4.6588114979742405,-2.651201332047922,3.0249512994198446,-0.7317837209671136,0.03767521518603,0.0237453678928281,0.0384279949336594,SPY
2015-08-26,3.7710250687104505,-4.125936214916856,-5.634364090109226,1.5177641342644312,0.3537102690374345,0.4184791936238219,-2.8513876338493245,-1.6058317010777112,2.4496039302153494,-0.017018226069002582,0.0244340405098535,0.0048730941817476,-0.0028691973532879,SPY
2015-08-27,2.424750955258258,1.8127381248053742,-3.4474351098754723,1.7689213783680056,0.3393695366656987,0.40965252514465367,-1.6271495948998822,-1.1048034887484264,1.6252021427039822,0.6977472688291085,5.024577493450977e-05,-0.0188446870686389,-0.0275625873574734,SPY
2015-08-28,-0.05443026862636398,4.482141582739169,-1.2641170908667998,1.7709600957122469,0.3238833695917054,0.4010781028431613,-1.4999683168275832,-1.3508418330634198,0.3406019734118045,1.4125127637272195,-0.0081119479888807,-0.0341472633515493,-0.0530301896866882,SPY
2015-08-31,-0.884307559874241,1.7131393420836492,0.2037626456810009,1.779637097030157,0.3041515483409687,0.391815878074516,-1.7344112509103142,-1.3344956034917639,0.3650919171323746,-1.4465492158652247,-0.0303021855891092,-0.0012147698020736,-0.0443335035204812,SPY
2015-09-01,-3.1404625599506804,-0.6820762949759094,1.8774289669801516,1.9967716440807817,0.27634073964150846,0.37835808329860016,-2.8996587162178473,-1.6495023653921455,1.3588341744044534,-0.7317837209671136,0.0188029414749495,0.0156252354821857,0.0044549612842388,SPY
2015-09-02,1.8522184536957935,-2.9158575251500203,0.9921184422587285,2.133979901161114,0.25662412672083945,0.36715472743182037,-1.8958404952542574,-1.3170464516021914,0.28609302783952634,-0.017018226069002582,0.0007162592594669,0.0022492158168292,-0.0117419788944577,SPY
2015-09-03,0.013285529659212356,-0.9350615165727062,0.08726127504929082,2.1321267388761056,0.24376485807732048,0.35737280402729754,-1.7196525732317138,-1.3683166703993892,0.19191535016411643,0.6977472688291085,-0.0152523305079759,0.0060669773518506,0.002368910483355,SPY
2015-09-04,-1.6102939153673048,1.3477348453036209,-1.0499204277636192,2.171090016679517,0.23576221811372713,0.34563452933168975,-2.236648742517198,-1.5942535604373917,0.778456371386313,1.4125127637272195,0.0248205455605949,0.0176022012473513,0.0352596061006424,SPY
2015-09-08,2.4640482047287198,-1.1585562136080383,-1.783623533088487,2.324401086658811,0.24787319243284844,0.33559283312756577,-0.9561611085918174,-1.1914567715658357,-0.22967901387899944,-0.7317837209671136,-0.0134621803048498,0.0052033856513675,0.0070072096561091,SPY
2015-09-09,-1.4282834112693579,0.6153940067353292,-0.20462975213110207,2.343582212688373,0.2593579561155566,0.3249856107596137,-1.4156914935075646,-1.2340123422302527,0.13575616430155596,-0.017018226069002582,0.005426921809593,0.0272950722362601,0.0286264085953771,SPY
2015-09-10,0.4922342032881234,0.7471397596529201,0.6027875050889563,2.358979956160541,0.2614807275976029,0.3149973939171897,-1.0155662867989608,-0.9570262806516997,0.2257336953471884,0.6977472688291085,0.0045340207944883,0.0196176015549642,0.0321856009151719,SPY
2015-09-11,0.40144999781476465,-0.6801301746880185,-0.03854418860229914,2.3738951448951466,0.2576168108465105,0.30588796931231976,-0.6664836633359171,-0.5409500062657139,-0.20690565115863757,1.4125127637272195,-0.0037171066124752,-0.001393037612547,0.028247984901033,SPY
2015-09-14,-0.43746947167738504,0.6442967138202114,0.14450364869312737,2.361524659265826,0.252622806739043,0.29563989619574493,-0.6819029807871682,0.054775702441300034,-0.6363535252722471,-1.4465492158652247,0.0124217299646112,0.0074786183510964,0.0329081929194208,SPY
2015-09-15,1.203419530720456,-0.028656263567675543,0.6975758527636449,2.406691081821297,0.2538293249900371,0.28637001959334907,0.04409921826859855,0.42538327383214947,-0.2517132854114627,-0.7317837209671136,0.0086295062800427,-0.0180080148534287,0.014164136106844,SPY
2015-09-16,0.8178515804584265,0.5518381450010196,0.10309755466928334,2.4410907372984014,0.26667335750032517,0.2788807942667125,0.5720564394818908,0.0635315073129064,-0.41677225165679654,-0.017018226069002582,-0.0022505488717028,-0.0282376806776145,0.0007295508258895,SPY
2015-09-17,-0.2883596856825571,1.4604846980479647,1.1623139081470313,2.4324055595459995,0.273271075842972,0.2723162304428555,0.5690141077751424,-0.41867761443662316,1.4889211277445922,0.6977472688291085,-0.0164766183730229,-0.0296091089068291,0.0182179235844142,SPY
2015-09-18,-1.7347713201622064,0.38068121623317086,0.7942069975349776,2.3904491381556703,0.2746702144060498,0.2665816958069273,-0.1212401748142673,-0.738177278190603,0.8869823038392068,1.4125127637272195,0.0051545493511682,-0.013391840028138,0.0392307776301548,SPY
2015-09-21,0.4645411927386602,-1.4669991010301437,-0.2131770479397084,2.156804959376393,0.2821405072109429,0.2663153146054511,0.12614651452928732,-0.4862856457678762,-0.4048534478361956,-1.4465492158652247,-0.0130649032399139,-0.0439637459335866,0.0345677461321471,SPY
2015-09-22,-1.3878909354149491,-0.9220223504216177,0.21218672150402515,1.6282192268471352,0.2783042546068661,0.2704559027091215,-0.5523528978269765,-0.12344273083742864,0.11349318567328398,-0.7317837209671136,-0.001600159544143,-0.0303141045163464,0.046353468928074,SPY
2015-09-23,-0.22223244721822966,-0.6709378446818933,-1.0098050255535798,1.5709615528301009,0.2780239709223802,0.27606251259717357,-0.7138281351206063,-0.5674105610948978,-0.5368504135966568,-0.017018226069002582,-0.0036219771009173,-0.0102276657565925,0.041730837375435,SPY
2015-09-24,-0.42779733895745536,-1.1680493203546627,-1.5002804489646575,1.0886283228464093,0.27505031144509423,0.2756367367424717,-0.8752453138482419,-0.667470215778383,0.19828544326064423,0.6977472688291085,-0.0002593494943319,-0.0039996873594221,0.0621053102813426,SPY
2015-09-25,-0.08590784571856372,-0.47309902414219385,-1.5660354651071788,0.8286200353153318,0.27064061860765576,0.27149670513580126,-0.8233242382342147,-0.29516318630819216,0.14728718408242764,1.4125127637272195,-0.0254173565542803,0.0110868107721895,0.0732667899609547,SPY
2015-09-28,-2.6438058025965225,-0.37442237163372677,-0.7884761629214303,1.0527272878075324,0.25991554854610593,0.26363103741351274,-1.8677761518055271,-1.62110348155914,0.39189491152576617,-1.4465492158652247,0.0005847381773262,0.0541425324357813,0.0962234949040041,SPY
2015-09-29,-8.665465143013149e-05,-1.9784490455930066,-2.2542883166290024,1.0435446456320083,0.24561763304512776,0.2570802329779806,-1.7417270457129568,-1.3428121901516301,0.1702801764764817,-0.7317837209671136,0.0184862792156108,0.0501259433745167,0.0937043682007718,SPY
2015-09-30,1.820022352301406,-1.9163285790327866,-1.5998374510198978,0.8462179821653375,0.2340812666922078,0.2577345760630089,-0.9041389193931606,-0.9093889756335983,0.2207898954672798,-0.017018226069002582,0.0026060012962529,0.039796682793324,0.0865286254682109,SPY
2015-10-01,0.20542186555430278,1.314750880234544,-0.6367654675521376,0.6912133055890732,0.22399981204700184,0.2559913492105004,-0.7562765327680796,-0.9710527725981117,-0.12983638025801256,0.6977472688291085,0.0148271486372797,0.0461767956264589,0.0833482354174108,SPY
2015-10-02,1.447986419249959,1.4635053428391538,-0.338156461759876,0.7915712394332148,0.22330898686017295,0.2563457821498023,-0.06846315015268706,-0.4673529345255168,0.7352421435797422,1.4125127637272195,0.0176383651093114,0.0319460517695286,0.0642020563633716,SPY
2015-10-05,1.7338121149426569,1.1942123459586833,0.38518647886659146,0.7987929732848785,0.22639458187101105,0.26162784298745323,0.6850611765339893,-0.3408563859502168,-0.19272739158682692,-1.4465492158652247,-0.0034318508839383,0.0152507880661296,0.0583250248687052,SPY
2015-10-06,-0.4084665763576726,2.300516210977453,2.4495523805650965,0.5505035239560075,0.2323510758693167,0.2626887906055332,0.5041572324144391,-0.6408322308620577,-0.36960487454361673,-0.7317837209671136,0.0081570186344182,0.0123603121021025,0.0646520105075412,SPY
2015-10-07,0.7698121956012278,0.9567487241799433,2.2569714835592203,0.47586820102029265,0.24127046952089284,0.2670117149512542,0.8252569201117769,-0.3809630121100344,-0.22487369835587825,-0.017018226069002582,0.0089861141293878,-0.0006017855332274,0.05345746726179,SPY
2015-10-08,0.8541090823771158,0.2589708908863785,1.7617208522916952,0.4958171547481222,0.2540277005568269,0.2719073164472536,1.1794645639677053,0.27619916169902836,0.0819378521184853,0.6977472688291085,0.0005964047803495,0.0056499242242065,0.0434724186109862,SPY
2015-10-09,0.0010995275436020773,1.1728685892627646,2.0676241532425217,0.4917386833924153,0.2670460032917316,0.2762149788627496,1.1388948370623708,0.18544031476609069,-0.4267746204864655,1.4125127637272195,0.0009431014059124,0.0095897551165746,0.0423525035031433,SPY
2015-10-12,0.03634932249240926,0.6164466962931022,1.385311530460631,0.47833963841925115,0.2877861062424867,0.2812264012968741,1.1038978408929148,0.6689826093403327,-0.9746973124581174,-1.4465492158652247,-0.0063223268479655,0.0091381715638227,0.0320342703531597,SPY
2015-10-13,-0.7023508472847033,0.0245227531906648,0.5848341077745414,0.44336108312223216,0.30640763598878323,0.2833898946837848,0.7651264229661358,0.4816836259364101,-0.6322682407181409,-0.7317837209671136,-0.0048050790009117,0.0141813179678011,0.040660439401492,SPY
2015-10-14,-0.5480872301862367,-0.4846599433313033,0.44624625488848946,0.4224958635965732,0.3181671227234114,0.28350154189441035,0.5335443335120716,0.4337788919903002,-0.516018020352242,-0.017018226069002582,0.0152378238868218,0.0127636058719309,0.0415259458782362,SPY
2015-10-15,1.4897411329377703,-0.9076961524051257,-0.17523937672941106,0.5267708946643048,0.3338565865240152,0.2863077336666239,1.2209892012545476,0.7112044092730155,-0.13775234018640994,0.6977472688291085,0.0045362356727176,0.0142782777900993,0.0122303123755775,SPY
2015-10-16,0.40167519182492445,0.6790189101695464,0.12450746183015766,0.37089222825027945,0.3465525115859098,0.2923149657449786,1.3442780147023348,1.7782466377629178,-0.36085820156220205,1.4125127637272195,0.0004915178531605,0.0206441723026618,-0.0035979754145305,SPY
2015-10-19,-0.009564673961733727,1.3664911305275582,0.31340808266310566,0.3661584991959767,0.3540748241084571,0.2976230567298043,1.2829176985835393,1.7778387251383023,-0.772611902439216,-1.4465492158652247,-0.0012791804439871,0.0176920028382703,0.011002981217457,SPY
2015-10-20,-0.1895974383110103,0.28123963165036636,0.29175628698882267,0.2505361454202722,0.36224186417386206,0.30469033211861407,1.1081194903348088,1.5310030475810297,-0.7364150026312279,-0.7317837209671136,-0.006222791096782,0.0170367947563514,0.011552425250513,SPY
2015-10-21,-0.6922307175788047,-0.14674477629843685,0.5335568902858745,0.2812939451194179,0.36598767308925423,0.31102787299132034,0.7084602085609611,1.1553359568677917,-0.4715662938378292,-0.017018226069002582,0.0167524958049902,0.0345701223361833,0.0335166361389482,SPY
2015-10-22,1.6437428468092712,-0.6408830259194921,0.4655827303819475,0.36695196889097464,0.37220507196755315,0.3205225882941415,1.365668989952759,1.1971227061425171,0.31731393745376896,0.6977472688291085,0.01090213018528,0.017243237776646,0.0159014813465327,SPY
2015-10-23,1.0489167848725325,0.6861546492651401,0.538205762567033,0.38929579593715935,0.38169234521992557,0.3317841537471219,1.717058628733541,1.099132698007126,-0.028389090738356316,1.4125127637272195,-0.0024606516112308,0.0020220771746064,0.0086368587764544,SPY
2015-10-26,-0.30972152753642596,1.9464598705923273,0.8434273465465724,-0.09147577308487133,0.3901050818352562,0.34637194350639317,1.3653353994789597,1.1438989951137892,-0.8511633099750969,-1.4465492158652247,-0.0019343885259059,0.0162440624004824,0.0099500337275175,SPY
2015-10-27,-0.2562146155014146,0.5324720566946728,0.7018815137779908,-0.07366901216188564,0.39985345458976257,0.36056795937766306,1.0487179489148513,0.883375066967733,-0.7429825137192151,-0.7317837209671136,0.0113105364830499,0.021073585681286,0.0132231900954735,SPY
2015-10-28,1.090440806713866,-0.412229018942843,0.6704666594782797,-0.17317833060808555,0.41468313338302115,0.373872912252528,1.3879456344478645,0.9398441089876101,-0.11895544121027095,-0.017018226069002582,-0.000574388754547,0.0067255245869031,0.001769210287172,SPY
2015-10-29,-0.11793893141308379,0.6012588665331976,1.511126209489303,-0.15911739021428747,0.42463099383083,0.3867015732575161,1.160036104615941,0.89619562211552,-0.6199403155298958,0.6977472688291085,-0.0043190304167595,0.0063009788200343,0.0034895328536004,SPY
2015-10-30,-0.49866905976503456,0.7013477828333727,0.6803648545444234,-0.20046048847319597,0.4317848588395586,0.3966342099620648,0.7986411961393516,0.6513820401019683,-0.1761888170275212,1.4125127637272195,0.0117613336146451,0.0100964989093004,0.0036483338488366,SPY
2015-11-02,1.136274845122637,-0.44890712616556055,-0.049434663778316165,-0.2989354625855081,0.4425617817997858,0.4057909646367848,1.2243091392275565,1.1915417898087104,-0.6617262144896884,-1.4465492158652247,0.0028951347548975,-0.0110399664494158,0.0013774827864789,SPY
2015-11-03,0.2348190225457039,0.45893794095426416,0.6324580143691463,-0.330684568472334,0.4546742574896995,0.41593863178213425,1.2078764784239349,1.484479675276976,-0.5673532824742217,-0.7317837209671136,-0.0030375246113329,-0.0116312590039466,-0.0117750720347498,SPY
2015-11-04,-0.3683741173390717,0.9898630111255278,0.8640161626739896,-0.3240259015276634,0.4677386022622501,0.4243502647987006,0.9323422388000541,1.067238796985428,-0.5492654141891454,-0.017018226069002582,-0.0009989345214158,-0.0125333069167812,-0.0228391387843025,SPY
2015-11-05,-0.16110390656740417,-0.09925605603290066,0.17607860329085273,-0.3478936785526467,0.47524562304524165,0.4312178273266344,0.779774792792873,0.9111480323701131,-0.7230993365576759,0.6977472688291085,-0.0005235103274934,-0.0255921820112021,-0.0025251675778878,SPY
2015-11-06,-0.11276595311239979,-0.38583932028931867,0.15572317151613696,-0.3442738585678836,0.47912964148305953,0.43790868814464207,0.6533211579819834,0.8682050730258839,-0.3781075017600009,1.4125127637272195,-0.0093751317440711,-0.0363607238010992,-0.0080789369055018,SPY
2015-11-09,-1.0127396387294403,-0.20082093239558751,0.33770461204830715,-0.25120350635611344,0.48078771090157035,0.44294801890331686,0.1316582944231623,0.42924441539657815,-0.16556793929985245,-1.4465492158652247,0.0023038422003667,-0.0118931175718799,-0.0054455149569729,SPY
2015-11-10,0.1747003488547607,-0.8172655233343196,-0.675712343539783,-0.2995104209229094,0.48379668039564994,0.44933166555247317,0.14545537879515125,0.8008622564758231,-0.7720848017515703,-0.7317837209671136,-0.0039395725241675,-0.0149266961831777,-0.0155594125598188,SPY
2015-11-11,-0.46008831821943286,-0.6091870688583085,-0.7040626798095795,-0.30780036127874544,0.48193909548067343,0.45582277177232977,-0.13676003764897304,0.08895470922017687,-0.8590911533228675,-0.017018226069002582,-0.0140578096158368,0.0047542961326429,-0.0090420194537248,SPY
2015-11-12,-1.4888430173621545,-0.2091581546902071,-0.7473126099234837,-0.27514363560654354,0.47581380848082894,0.45773554934831406,-0.8212783913649249,-1.0403296615613318,-0.26102003741345237,0.6977472688291085,-0.0112920521173904,0.0179494467610545,-0.0145561377986647,SPY
2015-11-13,-1.2076392861747745,-1.4132907094540257,-1.373438370167295,-0.19400616345327804,0.4675391979784358,0.4571747394965613,-1.3337086170052836,-1.3188803359954817,0.10142493289531532,1.4125127637272195,0.0150924744851481,0.0328790064936468,0.0017758812398893,SPY
2015-11-16,1.4749629775501572,-1.9543950023389622,-1.8897509442723288,-0.04609168321390845,0.4602164565586796,0.45890317744129516,-0.6618304686090087,-0.6283642601983106,-0.2687846230143314,-1.4465492158652247,-0.0007297364109311,0.0166390553483308,-0.0028737388190851,SPY
2015-11-17,-0.13373364249348857,0.19091443590787963,-0.7166178496644194,-0.0471924561983275,0.4517270110171018,0.4607161055430541,-0.7222027188095338,-1.1128336386411388,-0.2078580999785106,-0.7317837209671136,0.0157414197916532,0.0187075596013119,0.0123822529386563,SPY
2015-11-18,1.5409433976080542,0.9682459876797781,-0.8620669561551979,0.05202361671774453,0.44922461514977896,0.4660011992893546,-0.06328561694481849,-0.4834383465842352,-0.17324018118236445,-0.017018226069002582,-0.0008626589874252,0.0028226964844071,-0.0187148546738011,SPY
2015-11-19,-0.14724832137989755,1.0160049901693746,0.0815653388929721,-0.0969502788378593,0.4467683447295907,0.46852854432729213,-0.14114955567365037,-0.36742834541668995,-0.7483152465679596,0.6977472688291085,0.0036375076152017,0.0048312892837136,-0.0358277031547986,SPY
2015-11-20,0.3102985316375363,1.0062225792357107,0.7142250173882118,-0.16169633740282574,0.44564762703908944,0.469911272423199,0.009831859198459504,-0.6597476825091281,-0.633744938844234,1.4125127637272195,-0.0011474766601677,-0.0029664477530113,-0.0312497897765107,SPY
2015-11-23,-0.1762066781151814,0.11543753776247746,1.4300433302280648,-0.1657669888209084,0.4471672645098712,0.4715013652137319,-0.06771936658636489,-0.8182259615734233,-1.1759080013272731,-1.4465492158652247,0.00133876784205,0.0076715114594438,-0.0210690977639878,SPY
2015-11-24,0.07657804037892163,0.09447643702680546,0.6513964955150593,-0.16969911738356883,0.44838009407882734,0.47361391130029196,-0.035751893097555935,-0.6551382215783565,-0.4763868187327092,-0.7317837209671136,-0.0001434433252516,-0.0039246764489373,-0.0101002322075531,SPY
2015-11-25,-0.07412328136998139,-0.07469886549620297,0.7505737821190693,-0.2536060465007103,0.4508056976104148,0.4738981421430434,-0.0466998355178755,-0.6234297223528794,-1.4258994950184434,-0.017018226069002582,0.0011459338118813,-0.0178828244845714,-0.0116085595846371,SPY
2015-11-27,0.05697196543786181,-0.0008072292346821664,-0.011047867795482804,-0.25322292338426117,0.4580516466944351,0.474458910257521,-0.0009275797564224243,-0.5571143572906302,-1.6503545606600805,1.4125127637272195,-0.0041602294215232,0.000286278388546,-0.0150425782625394,SPY
2015-11-30,-0.4825232362784125,-0.014998811845086215,0.08525688161002468,-0.25423572353357227,0.46749296131864987,0.47504271734779896,-0.2053499092646254,-0.3464399885025547,-0.07845913671279905,-1.4465492158652247,0.0094904825522874,-0.0016307718450381,-0.000266807391644,SPY
2015-12-01,0.9053898915196859,-0.31061339638558577,-0.2886163651282475,-0.2890485999160128,0.475260914784798,0.4752654970093252,0.2392542516444153,-0.08317124563653427,-0.3650176779336493,-0.7317837209671136,-0.0102574200663312,-0.0178629641928678,-0.0168706226347055,SPY
2015-12-02,-1.1024448165485223,0.303502030712396,0.2214352473714183,-0.22397778063390425,0.47995853717650105,0.4733681065753907,-0.21679537887788808,-0.3348269006637468,-0.13531646354993745,-0.017018226069002582,-0.0141015913608857,-0.0154155995290157,-0.016666515329903,SPY
2015-12-03,-1.493294452483477,-0.14521951833949198,-0.33455996029904644,-0.10737675604929026,0.4751688863158317,0.469719239220923,-0.8214953388174475,-0.3383397438604726,1.0906554515806273,0.6977472688291085,0.0193150366849987,0.0012638124137964,-0.0166429460900099,SPY
2015-12-04,1.9042848708961124,-1.8814735685028559,-1.0038026008187368,0.13824951869041083,0.47681152497897206,0.4693121060157212,0.0885831693524137,0.6218046560655401,1.6187831117672467,1.4125127637272195,-0.0060772796551074,-0.0376231522319789,-0.0342683109882315,SPY
2015-12-07,-0.6774360870472642,0.29490558310312376,-0.1326599283354965,0.15768157277629138,0.47533770712053336,0.46801382633956523,-0.1786966467327781,-0.0062403667149310334,-0.27611688272585705,-1.4465492158652247,-0.0067417097955422,-0.0265059056557079,-0.0408852669972326,SPY
2015-12-08,-0.7449909014908928,0.885453228477847,-0.22457554329081733,0.13422176877856817,0.4720832913049936,0.4671457605816855,-0.48178894770689623,-0.23353807250429764,-0.25816538606559686,-0.7317837209671136,-0.0078100554024791,-0.0093213414339921,-0.0584278477197708,SPY
2015-12-09,-0.8536131400772684,-1.032187915637832,-1.0028503717674846,0.16020687562805158,0.46592728181022225,0.46467224271607344,-0.8091442228168971,-1.0537822406844815,0.9579694844136011,-0.017018226069002582,0.0025778205819264,0.0130149693152974,-0.0616549096912946,SPY
2015-12-10,0.2025566389317269,-1.159711206742777,-0.8855081007319878,0.15971518693895775,0.4606310295196334,0.46323579874724113,-0.6685261627500622,-0.9221981325775245,-0.012393394266852166,0.6977472688291085,-0.0195719279607766,-0.0049185390874333,-0.0632433565826513,SPY
2015-12-11,-2.0494817044765745,-0.47384219738597566,-0.0857907125493996,0.2597472960378318,0.44884084809324115,0.46096191026795486,-1.537395311115846,-1.5385571082877991,2.150136605801954,1.4125127637272195,0.0050399669211635,-0.0033221185950793,-0.0356351019692802,SPY
2015-12-14,0.4528912173290526,-1.3394549002796643,-1.9502798148927127,0.20910596778031854,0.43995220473975455,0.46123846145210634,-1.3107732881540255,-1.3258836067726212,1.572061870156132,-1.4465492158652247,0.0104428544261736,-0.0001466645227532,-0.0659326467444172,SPY
2015-12-15,1.002220696304687,-1.1582537235908912,-1.4172481093241813,0.14145364025761545,0.4312784242286159,0.4607851946456041,-0.8226997012077778,-1.0226199804742815,0.884795995896873,-0.7317837209671136,0.0145262553468104,-0.0015563035965717,-0.0600915615084431,SPY
2015-12-16,1.417393601182307,1.0506782963709307,-0.5933104990795413,0.25568769036830763,0.43051083450921385,0.46275174374421363,-0.1734368243211557,-0.6153551132649467,1.8211454789098664,-0.017018226069002582,-0.0153556878208043,-0.0037749255448975,-0.0963175895128181,SPY
2015-12-17,-1.6208025959111243,1.7488198315604393,0.4776346970281858,0.24371011381975777,0.42935933871745985,0.4597788532956494,-0.8465021225134629,-0.9529460093409905,1.235609042021978,0.6977472688291085,-0.0179755074684226,0.0099289915735711,-0.0796316611358101,SPY
2015-12-18,-1.8871683421351153,-0.14981882265363047,-0.3822120739464221,0.39020221196900406,0.4164491624827998,0.4541406900276965,-1.591202104466005,-1.174496796588571,2.752858079517871,1.4125127637272195,0.0082154209934897,0.0256164141759729,-0.0745541576532895,SPY
2015-12-21,0.7757501570061145,-2.5417796792143466,-0.3056694937305361,0.4256979624602135,0.4080368707180738,0.44919377950829725,-1.1435528619473747,-1.2131837753952603,-0.4039552880743156,-1.4465492158652247,0.0090332153523551,0.0280165346318552,-0.077183469515961,SPY
2015-12-22,0.8588980198198719,-0.8070685513890049,-0.15341797277036454,0.4791568788402701,0.4045997325164176,0.44584539270898116,-0.6768084461191431,-0.83579832872081,-0.13386422630031328,-0.7317837209671136,0.0123076333984846,0.0118699865887261,-0.0659085745730836,SPY
2015-12-23,1.1918189547015932,1.1806331046799243,-0.22100506050819468,0.5601792016847753,0.4075259876010784,0.44422925585884826,-0.07697055578459037,-0.3082683200345397,-0.11890899218506207,-0.017018226069002582,-0.0016517707023355,-0.0104909595712872,-0.0934483852069671,SPY
2015-12-24,-0.22747992472223555,1.481798673609998,-0.32737994686288335,0.5606904779628912,0.4091134925923278,0.44237343575081406,-0.12716437397137478,-0.7671936970154697,-1.3923314073977864,0.6977472688291085,-0.0022880848660209,-0.0229172109899442,-0.0782457307240624,SPY
2015-12-28,-0.2921760946273063,0.6954392216316402,0.32967324202817955,0.5603782263943627,0.4161005386240783,0.43996999476992726,-0.19906182131642045,-0.6854853931013549,-0.9921780988575735,-1.4465492158652247,0.010615541449372,-0.0189394543371461,-0.0869007121196689,SPY
2015-12-29,1.0197783582755249,-0.3787297999244009,1.081828334421331,0.6108045508460956,0.4249037150550264,0.43992722797547673,0.302930055120282,-0.282209139648347,-0.4118645599240421,-0.7317837209671136,-0.0071133326907739,-0.0422492314506266,-0.0923205516101131,SPY
2015-12-30,-0.7827750328879918,0.5240806306638005,1.196905416807857,0.5855563183934839,0.4281668054573693,0.4372197726834886,0.006736592559447599,-0.2668161603094756,-1.012923841142141,-0.017018226069002582,-0.0100533127615287,-0.0594201892779331,-0.0611220799494809,SPY
2015-12-31,-1.0816925504133663,0.16896746386028538,0.4227369225294644,0.5837580619973688,0.4236431752586541,0.4345720990817256,-0.426109969370891,-0.5503897961536148,0.09130762952356054,0.6977472688291085,-0.0140780221209926,-0.0604039938904072,-0.0514304484100103,SPY
2016-01-04,-1.4908980897499717,-1.352152805938226,-0.6493894522905812,0.583462464942931,0.4195848587930568,0.4319651610603629,-1.0416056444972372,-0.4311242452394413,2.246084714347807,-1.4465492158652247,0.0016896717867771,-0.0453365980788449,-0.0555387738000927,SPY
2016-01-05,0.11225560741112146,-1.8647177578729897,-1.245183198706867,0.37845986265052667,0.42165422039930733,0.42654052569131123,-0.8840730890502543,-0.5060052436003953,-0.011782087282705344,-0.7317837209671136,-0.0126942356641084,-0.0389899432130276,-0.0512515312426211,SPY
2016-01-06,-1.3502039345100476,-1.0004951143682428,-1.0544641750321455,0.4292073711304718,0.41725297972336867,0.4201287620312301,-1.3748637691560557,-1.0211078131601539,0.814473133567316,-0.017018226069002582,-0.0242842905180804,-0.0515532854028926,-0.0369901449844256,SPY
2016-01-07,-2.5286032234694353,-0.8986556216144985,-2.1720835573116406,0.649468414239162,0.4026592663730454,0.4111063039950358,-2.3451775974006424,-1.79482258074676,1.9649379423654276,0.6977472688291085,-0.0110371173740029,-0.0109850552226644,-0.0319396904993842,SPY
2016-01-08,-1.181719225905524,-2.810204280565518,-2.9953687902280572,0.6684828936301356,0.3808844409144205,0.40167466762716425,-2.7035724246821604,-1.73182682616213,1.8017294138010334,1.4125127637272195,0.0009893736905697,-0.021647710506226,-0.0344552116421921,SPY
2016-01-11,0.041053979029906304,-2.6882489851818034,-3.0425386579588456,0.661349178811453,0.3599280849631759,0.39198268805026687,-2.5211836429691625,-1.4359604095769118,1.330499643326284,-1.4465492158652247,0.0080363266525944,-0.0213068436405921,-0.0353905039742876,SPY
2016-01-12,0.7575410418097922,-0.8282386272015548,-2.3201116043882544,0.5765006007662566,0.34209146630672455,0.3865536702673401,-2.0823589745142614,-1.4520724154274398,1.0126502334061223,-0.7317837209671136,-0.0252575778539734,-0.0422411742790886,-0.0442899569751924,SPY
2016-01-13,-2.627560572595046,0.5754677431507483,-2.0158124917822495,0.7851183937701569,0.313413588171258,0.3766085680299917,-3.0661433456448286,-2.0790152382087173,1.840004518783388,-0.017018226069002582,0.0162839396621476,-0.011397487294297,-0.0321258918887057,SPY
2016-01-14,1.5961031908697616,-1.3561715053261936,-2.618179244121663,0.8680756070420267,0.29179340390429204,0.3674228615988468,-2.208845086000257,-1.9841848045960242,2.0742255597502903,0.6977472688291085,-0.0216997726575645,-0.0073733166612122,-0.0280022249301632,SPY
2016-01-15,-2.2658267269379255,-0.7491900443186089,-0.6730795491109329,0.8581336791551741,0.2669918427305392,0.35274882871699975,-2.964419508647266,-2.168060468044107,3.14840723191903,1.4125127637272195,0.0013302405562036,-0.0009057212390466,0.010434670312426,SPY
2016-01-19,0.07571104296564299,-0.4873540690376058,-1.1843152487685498,0.8208020978301792,0.24697759695177843,0.3407031589910155,-2.7316896736937064,-2.110636283372778,1.0562253788020788,-0.7317837209671136,-0.0128980039859021,0.0113149219853188,0.0253070379010829,SPY
2016-01-20,-1.3709217351192355,-1.5878686203726728,-1.1679719172148135,0.7696249142774618,0.22271655706659785,0.3295986648162869,-3.1418254891193125,-2.537222212320211,2.34319282421208,-0.017018226069002582,0.0055861091308182,0.0132698597095934,0.034100630721781,SPY
2016-01-21,0.5084193058184051,-0.9401041821542201,-2.1716972451202636,0.7447979608700341,0.2039840092911227,0.3180227481204294,-2.7267716768005124,-2.32287296324093,0.9652585854573145,0.6977472688291085,0.0203081102952324,0.0128794525377031,0.0280463487567033,SPY
2016-01-22,2.0052539561099474,-0.6268943695352622,-0.6928541730760719,0.9213150463852293,0.19853269876143292,0.3079924183675304,-1.6648941494710596,-1.6878698098437075,0.5371131852464158,1.4125127637272195,-0.0152321772353989,0.0166564812123288,0.0221132011508844,SPY
2016-01-25,-1.6082448653520838,1.816903094943461,-0.499909767162618,0.8630205757932051,0.1919230528619326,0.29378911238556066,-2.1420796900043237,-1.6895355858040582,-0.04392154489808729,-1.4465492158652247,0.0135508837805691,0.0315269772256696,0.0246354915636786,SPY
2016-01-26,1.3182243414495929,0.2847853949975286,-0.18981199293833612,0.9920555115007422,0.18897344312049436,0.2818268059101772,-1.3461323306892465,-1.4243348671866518,0.115442213976966,-0.7317837209671136,-0.0109430662616274,-0.0002102540659745,0.0156497881291182,SPY
2016-01-27,-1.1721567376045177,-0.21251136437742552,0.39612358529482744,1.0094342827605012,0.18043328460991506,0.2686281300498871,-1.6451458470132183,-1.3961081105801436,0.764068739926111,-0.017018226069002582,0.0051957019589279,0.0167097265399016,0.0386321152610493,SPY
2016-01-28,0.46872531475825835,0.10314491608431547,0.4898557681965294,0.9548760389173361,0.18086576280773078,0.2544944140177681,-1.19094132207982,-0.9476981515814648,0.1299728909498621,0.6977472688291085,0.0240851389698582,0.0130811751750608,0.0311323429771155,SPY
2016-01-29,2.3892769793515436,-0.5117530505406321,0.4711371583976744,1.2543382710415323,0.18363009227207192,0.24505913259454667,0.07966596036802091,-0.3055734096477021,1.09921888092139,1.4125127637272195,-0.0003616812220581,-0.0302377998278364,-0.0008264537429711,SPY
2016-02-01,-0.09631225162603133,2.0661408398799677,0.6522320025755652,1.237091671293525,0.19264874321495,0.23716152194445828,0.1884715602405876,-0.3285270720167774,-0.028054559715358213,-1.4465492158652247,-0.018186347511075,-0.043428757122589,0.0227702601424555,SPY
2016-02-02,-1.9086051480412243,1.6571463152015284,1.3652184240119258,1.2780386829488257,0.1958917597337296,0.22876936632289205,-0.533053312547226,-0.7674804470355829,0.6517548379429049,-0.7317837209671136,0.0059769143442487,-0.0251883282530398,0.0454389634975269,SPY
2016-02-03,0.5481537670811399,-1.453815437421874,-0.15646686104022808,1.2984842433014139,0.20461705950559184,0.22099543713105374,-0.12966387862950687,-0.23238270508539158,0.9606668277062964,-0.017018226069002582,0.001567150594087,-0.0320283689455989,0.0433738471504847,SPY
2016-02-04,0.0997984716885075,-0.9873277405431878,0.6547849231728525,1.2632873029701912,0.21219967708831688,0.2154161234208517,0.03349543585162154,-0.5022420425346564,-0.03710811948370754,0.6977472688291085,-0.019233836033039,-0.0466890323071726,0.0450550142998,SPY
2016-02-05,-2.015106777673501,0.46642707627397323,0.4808090281996864,1.187562704858087,0.20823077559437977,0.2107023434071785,-0.7915347443266759,-0.4529923742965168,0.5744039023640702,1.4125127637272195,-0.0135526385168107,-0.0070475896534434,0.065086897852554,SPY
2016-02-08,-1.4374805974775604,-1.3889531506327508,-1.5961789175889511,1.2077653616423403,0.2048023953890144,0.20567941539757856,-1.3375405518255064,-0.7273687112729117,0.7125893434455874,-1.4465492158652247,5.408135847417839e-05,0.0232421714483921,0.0676617945810491,SPY
2016-02-09,-0.05404029213592996,-2.5016910632905236,-2.22863754092391,1.2061684423188719,0.19743608641310428,0.20051743270010347,-1.254210043427625,-0.49123393001296883,0.5829140049145134,-0.7317837209671136,-0.0008631263483103,0.0393906982347784,0.0725347635259145,SPY
2016-02-10,-0.14729583951002104,-1.0822005677333641,-1.3540750452615593,1.1685496200507381,0.1930194705881211,0.1940339922264216,-1.191963760981309,-0.6236103549486326,0.015498657841726446,-0.017018226069002582,-0.0130935127674867,0.0361494134178848,0.0742004092738675,SPY
2016-02-11,-1.3907997609014564,-0.14831840975767663,-1.6820302211677036,1.0039268365412808,0.183367602611797,0.18942070165852395,-1.7183299707070512,-1.3526543453504203,1.0834195872386954,0.6977472688291085,0.0204076066206901,0.048774753351112,0.103302077196802,SPY
2016-02-12,2.0153700772716383,-1.1159130195031703,-2.3849559269863936,1.0691923573260693,0.17241857807365404,0.18532516198700388,-0.7158386662973533,-0.5807430753208761,-0.3187548367785438,1.4125127637272195,0.0167371225850248,0.0427421094198354,0.0816113000648277,SPY
2016-02-16,1.6421798005852033,0.44950239939091885,-0.4842923369554547,1.0066331431597102,0.1664422048139252,0.18684748735536125,0.043639089533546775,-0.513805545511942,-0.43158806979759906,-0.7317837209671136,0.0162026081448605,0.0132951000122059,0.0632428275878034,SPY
2016-02-17,1.58783394595689,2.644882154488428,0.9679919953751774,1.099465325030922,0.17064270665423356,0.19057214960122992,0.7536821244126845,0.03396937512658557,-0.19429481388864042,-0.017018226069002582,-0.0041044111652039,0.0016576722133541,0.0528114751354156,SPY
2016-02-18,-0.476848009164619,2.335416116807304,1.7422553632255497,1.0301220900362893,0.17186268163603727,0.1955486657610289,0.4760566201663635,-0.1509701258756608,-0.7176592748403446,0.6977472688291085,-0.0004681728342594,0.0178013442488618,0.0632398019686864,SPY
2016-02-19,-0.10713960677484188,0.8015875301968766,1.5868474965088166,1.025254024356872,0.1724804679141128,0.199652065952674,0.38695339909688153,-0.6842295797167299,-0.5340739577547076,1.4125127637272195,0.0143749626894136,0.0159654467581153,0.0676297917395549,SPY
2016-02-22,1.4020111752880873,-0.4252953246513072,2.1921868160805063,0.9478004219833259,0.18302801478099515,0.20294395439406515,1.0213917861857036,-0.3397271632669866,-0.7271190675745159,-1.4465492158652247,-0.0127098868226047,-0.0062831736815267,0.0546727559139652,SPY
2016-02-23,-1.351795239665701,0.9346905679686393,1.90294339040715,0.9162051462609376,0.19368377155761038,0.20656046144798298,0.35399140368148935,-0.21339155003389196,-0.6098526328655232,-0.7317837209671136,0.0045651803460087,0.0296617458044465,0.0668447310455455,SPY
2016-02-24,0.404618092687357,0.033764029189954456,0.49106594928393305,0.8553365052873677,0.20568300496531913,0.20887873056301945,0.533761002243019,-0.2417857083181407,-0.018478956694690914,-0.017018226069002582,0.0120392608703037,0.0295789213024342,0.0556586313982396,SPY
2016-02-25,1.1645326303166639,-0.6881849773976886,-0.06690656175965073,0.8394709241769877,0.22154304116988296,0.21460490383152242,1.0176100216303645,-0.033094665108125344,-0.7119178527527716,0.6977472688291085,-0.0023040703250059,0.021451458429337,0.0431762722783295,SPY
2016-02-26,-0.2938013892215901,1.1332236905325057,0.7071240383704791,0.8413850101244822,0.24042992430222557,0.21922601318226995,0.8312574392594037,0.42114421526424145,-0.39876027358801086,1.4125127637272195,-0.0078736577502285,0.0270038464977453,0.0460708910163978,SPY
2016-02-29,-0.8600798015649278,0.6276825353533966,0.6190994034909821,0.6324070195295869,0.2511318065259754,0.21910234563644457,0.4567424938884658,0.5880187346355417,-0.4762610644720286,-1.4465492158652247,0.0232350326633685,0.0356755517676887,0.0631523658996817,SPY
2016-03-01,2.3028438537340197,-0.8378048030093126,-0.4476413598920984,0.8602095382685453,0.26399585731350134,0.22254887068171145,1.5194855964916012,0.9145343540462308,-0.21896873359387384,-0.7317837209671136,0.0044823558439963,0.0014627773160045,0.0442952639779159,SPY
2016-03-02,0.39619705106938924,1.041740469877642,1.2757873334164653,0.6901079020209058,0.2734470142573579,0.22938002439342015,1.6251959865443588,0.9915672765361037,-0.8628724499119722,-0.017018226069002582,0.0039117979972065,0.0019074717753477,0.0373829554093223,SPY
2016-03-03,0.33818654383379304,1.951078865722005,1.2718161985434913,0.6850043849220009,0.2853227460157769,0.23593298525482725,1.708090672320377,1.4370120471932708,-0.9505355424568785,0.6977472688291085,0.0032483177434023,-0.0012018068222161,0.0402597849906838,SPY
2016-03-04,0.2707283075120279,0.5289892022673897,0.8821337922506696,0.6853051511307148,0.29834113216017033,0.2427563897458105,1.7544296823225198,1.2840920524139103,-0.38943878127779863,1.4125127637272195,0.0007980475197149,0.0115580305898292,0.0337684728311744,SPY
2016-03-07,0.02160121314266357,0.4381704104096774,1.148350688833597,0.45728001654192346,0.3073135742464257,0.25252399726500846,1.6329184081741588,1.0958087185480978,-0.877689867532977,-1.4465492158652247,-0.0109777417883156,0.0094768125588302,0.022932451725067,SPY
2016-03-08,-1.1756823133251246,0.2090145550304612,1.5641275467555504,0.4168820291139431,0.31670295256247494,0.26255438266760733,0.9380124934943902,0.3660035064188156,-0.46543771415505114,-0.7317837209671136,0.0049270503033396,0.0188232044551464,0.0447719634532219,SPY
2016-03-09,0.44141061056472974,-0.837949504624279,-0.07625106615902215,0.4118557518133217,0.32624669403855433,0.2733342721422355,1.001893546047208,0.6232809877163326,-0.9432863491931642,-0.017018226069002582,0.0008025193996425,0.0196674098442795,0.0278069339899111,SPY
2016-03-10,0.02205588399568284,-0.5340763549983274,-0.05492957756071045,0.40557541248895546,0.33242388954340163,0.28436148279608925,0.8639644830100498,0.6568895396765158,0.10775164636608875,0.6977472688291085,0.0160081551554478,0.0251888061127036,0.0296976194320466,SPY
2016-03-11,1.5680632660639107,0.33288965548682914,-0.20400822420012665,0.31522490314567864,0.3442686763815915,0.2997393035214146,1.391119398972445,0.6978684193365317,-0.19814888511554893,1.4125127637272195,-0.0012831705112841,0.0131024678938649,0.0113394085211862,SPY
2016-03-14,-0.1900031216770449,1.14840139263067,0.4077797623177562,0.19810671727245038,0.3580747817352753,0.31200285573532516,1.1330519294849306,1.1910512373443882,-1.2380942992868629,-1.4465492158652247,-0.0016313498919995,0.0158035652689729,0.0218924313102473,SPY
2016-03-15,-0.22540367325637897,0.9949054529113003,0.30799289610834607,0.1152219533090647,0.36434450616602,0.32157720575884696,0.902794830882834,1.037336669727091,-0.8819396158375944,-0.7317837209671136,0.0057712556924727,0.016897003469948,0.033574118795383,SPY
2016-03-16,0.5272437703576879,-0.30327045965255217,0.7561185339833659,0.013747435259217088,0.3710468756135573,0.32966026903418627,1.053167857097485,0.9294327998328761,-0.2730971174655444,-0.017018226069002582,0.0063239156680667,0.0045048284761781,0.0278507401683922,SPY
2016-03-17,0.5834345417113793,0.215898652521686,0.7965951245971095,-0.009488285834957403,0.37853685305773355,0.3393506765070591,1.2057144565255673,1.162084760674072,-0.16523928234927848,0.6977472688291085,0.003921816936609,-0.002262185441495,0.0204206753005422,SPY
2016-03-18,0.3392052026077838,0.8013648603516786,1.0613260766261507,-0.017996384093183812,0.3862647977725696,0.34973193326815966,1.2319053416462213,1.6453451415504923,-0.10783596557209456,1.4125127637272195,0.0014179268638239,-0.0055934539650417,0.0235010427520592,SPY
2016-03-21,0.08462640047284442,0.6652557780295666,0.48182993694201526,-0.09860984251533662,0.3941957889855506,0.3581902424706012,1.167657418673594,1.3255275586139394,-1.202603467330697,-1.4465492158652247,-0.0005379116910244,0.0021964363041897,0.0252323129344462,SPY
2016-03-22,-0.11423018747183944,0.3042004946843231,0.6113377724373251,-0.2608381446598114,0.4053379342927084,0.3684640118361516,0.9812533760573108,1.1878304650775557,-0.7805232664026763,-0.7317837209671136,-0.0066209193012971,0.0071122787368169,0.0267227632365809,SPY
2016-03-23,-0.732709731615092,-0.024012358533075793,0.6637641736330645,-0.19582306643172157,0.4128713402772249,0.3770092458699937,0.5317220385014338,0.6031640309860845,-1.0845987679260807,-0.017018226069002582,-0.0004430982496064,0.0113032453135168,0.0279507556155111,SPY
2016-03-24,-0.10459019065055833,-0.6156296645910255,0.06960426836194322,-0.25472378854811656,0.4200178096446404,0.38367627470397614,0.4083558347005865,0.46635916130004357,-1.042081710873041,0.6977472688291085,0.0005905484130623,0.0185349711416913,0.0283938538651176,SPY
2016-03-28,0.0005040912722408176,-0.608651887975118,-0.25484953819859907,-0.26768786852680165,0.4223779089246012,0.3907842578483363,0.32789018952040344,0.45945292650576286,-1.3939396648371436,-1.4465492158652247,0.0092078171330554,0.0147014283125219,0.02607883341543,SPY
2016-03-29,0.8766503615318496,-0.07792533664435612,-0.41457179771948705,-0.3198834208075306,0.4280578726654024,0.40053489220903365,0.6178153866439848,1.5308742090848426,-0.8936284349476551,-0.7317837209671136,0.0043779307416027,-0.0045443624069259,0.0183559798434203,SPY
2016-03-30,0.38557980482158927,0.6323318871418961,-0.04107477506076242,-0.6776579024983532,0.4356445773130632,0.4074685109308679,0.7213024358160736,1.5239435461313202,-0.9900982432759241,-0.017018226069002582,-0.0024299527245972,0.0019394767913105,0.016034118837501,SPY
2016-03-31,-0.3066002699896179,0.9110635464121578,0.19462206391754044,-0.6639250167112506,0.440648062299056,0.4133260035789468,0.5159075668491907,1.3020673428584797,-0.8208260469364226,0.6977472688291085,0.006788627578568,-0.0076685496440633,0.0093469629524145,SPY
2016-04-01,0.6306833418081293,0.05458415741974425,0.3955637311759785,-0.6450051836943013,0.4458325180719068,0.41966816337675245,0.7439742462949738,1.072587621321593,-0.4792987212807327,1.4125127637272195,-0.0032429944161069,-0.0117639723808533,-0.0028551439843251,SPY
2016-04-04,-0.38926491336195057,0.23199891808475379,0.7422987906126856,-0.6222607717390577,0.44873525168081385,0.42498764863765354,0.5081881272861266,0.8971652677022305,-1.3075881017146187,-1.4465492158652247,-0.0100379735863924,-0.0108710337201589,0.0083049944537849,SPY
2016-04-05,-1.0801329656399048,0.1721632743414048,0.5584942974242665,-0.5049944080072982,0.4479901825233043,0.4285834122658966,-0.021884786873206195,0.2840272713464696,-0.6684825208237584,-0.7317837209671136,0.0108617699398392,0.0084367921440104,0.0096013207858733,SPY
2016-04-06,1.0448132249559576,-1.0661871365070892,-0.3642716574209365,-0.5722119154862862,0.4508774575736781,0.43560359409608057,0.38725306430202044,0.4671379357727272,-0.7743348447014243,-0.017018226069002582,-0.0120379791599711,0.0076253597973074,-0.0068540513471591,SPY
2016-04-07,-1.2834801607579895,-0.028149771511509405,-0.05339505297061887,-0.41724437103396084,0.45202606183649774,0.43994798531357726,-0.24637178940088844,-0.3906330615947002,-0.37584072597613116,0.6977472688291085,0.002693204841778,0.0197112160227606,0.004988641687218,SPY
2016-04-08,0.2142881390393069,-0.1753397892375976,-0.5140651193273438,-0.41630099450275915,0.4541681843198738,0.44459590390729986,-0.18878539045874257,-0.4423590635696769,-0.6777884406886501,1.4125127637272195,-0.0023500557554125,0.0159118619811993,0.0059480868069483,SPY
2016-04-11,-0.2984768803367213,-0.7765037347105135,-0.7104258055313143,-0.5992921535362161,0.4553789286516178,0.44638271838733373,-0.32548145738868234,-0.6040065423870683,-0.8452382565359565,-1.4465492158652247,0.0092698522777769,0.0252641021247379,0.0091238863182061,SPY
2016-04-12,0.8829576802936117,-0.0635229128148639,-0.667612631062923,-0.5392067037599155,0.4566207013130801,0.4498462861532257,0.05927514353788425,-0.21361497019959097,-0.26671815040189206,-0.7317837209671136,0.0100503375931362,0.0191434468931719,0.0122115617357918,SPY
2016-04-13,0.9623122090038398,0.4204841647008539,0.2581276842742628,-0.48243769095926825,0.4596942019480873,0.45518054640947675,0.45640763587667393,0.3897510616428685,-0.6322995669889756,-0.017018226069002582,4.787706548192716e-05,0.0100456479111459,-0.0072376552070352,SPY
2016-04-14,-0.05467110316682503,1.333088679856038,0.2192224423378504,-0.49575857013737845,0.463559314235181,0.4596183039111486,0.3923346099743825,0.41171465485383846,-1.2383662516906317,0.6977472688291085,-0.0011061491997832,0.004604843923297,-0.0069949174762191,SPY
2016-04-15,-0.17200477824972027,0.6543992237369215,0.7986954721849787,-0.5136111115698054,0.46489436650793686,0.46288060062456465,0.2911386421004775,0.34359694241475836,-1.0687424020362353,1.4125127637272195,0.007002184388126,0.0057109931230803,-0.0146413630925055,SPY
2016-04-18,0.6523963704094856,-0.1666602325487087,0.6165302075272073,-0.49061889516050516,0.4695357152980726,0.466655584111658,0.5681687352208232,0.2867857160942012,-0.8852869319227071,-1.4465492158652247,0.0031491970462109,-0.0030156633016709,-0.0118266934111126,SPY
2016-04-19,0.26065037772108524,0.3451406502163924,1.064936247673613,-0.48749493598296456,0.4783991689860351,0.4707179426495529,0.6579038589720636,0.2530416466577286,-0.719853616828353,-0.7317837209671136,0.0009525386111102,-0.0046798967868362,-0.0243535441268631,SPY
2016-04-20,0.03730883442181487,0.6583120221630286,0.7714729989369907,-0.49025046776760073,0.4841116346241848,0.47502116700147407,0.6391284183620295,0.3986685391049662,-0.8662277257923906,-0.017018226069002582,-0.0053929269223669,-0.0035763656622629,-0.0250131273682976,SPY
2016-04-21,-0.6078556766161224,0.21308952832654812,0.33526649087412996,-0.5056903892227121,0.491904110479948,0.479495194195121,0.3155805938763216,-0.07348070979073996,-0.7312350156303511,0.6977472688291085,0.0,-0.0073005473495797,-0.0230909926261091,SPY
2016-04-22,-0.0595389230893537,-0.4155664089185172,0.07439964678547983,-0.5069297197000441,0.4988428068115376,0.48403914523681796,0.24835855298729867,0.07806213545347021,-0.3849264535064866,1.4125127637272195,-0.0017244720366251,-0.0127140267077514,-0.0167935860547343,SPY
2016-04-25,-0.23487171032745235,-0.48566830108636105,0.127435494333581,-0.49928685419587115,0.5059677287277606,0.48821022937608843,0.10521303751049949,0.5288090409891616,-1.147747202637843,-1.4465492158652247,0.0014849635610456,-0.0030724106491231,-0.0164324120877736,SPY
2016-04-26,0.09144224365353174,-0.21568908363171027,-0.29097607242290363,-0.5563250511577142,0.5106245082732668,0.4911618059895532,0.132037600509065,0.18730049346730984,-0.9036969550941862,-0.7317837209671136,0.0020560697356835,-0.0132990214644728,-0.0050385803463299,SPY
2016-04-27,0.1495085011987217,-0.1064034817512078,-0.3707700400187427,-0.5661171235377979,0.5127200326557398,0.49374833448344085,0.19132811352068604,1.2417968302934004,-0.8371850200417003,-0.017018226069002582,-0.0091171086096837,-0.0209486933933495,-0.0003343255454009,SPY
2016-04-28,-0.9865055715116321,0.17182474812549806,-0.3178597196940344,-0.49134260296018806,0.5118507945730326,0.49524744001447335,-0.26041199221867894,0.3530530305804252,-0.31208562729664063,0.6977472688291085,-0.0054134793581717,-0.0120268709092599,0.0090693668831747,SPY
2016-04-29,-0.6099453108796272,-0.6084326728329259,-0.49642074224746413,-0.5022622538700174,0.5095999895261557,0.49478920647224567,-0.5070683252040378,0.1400798814017041,0.9384683747127545,1.4125127637272195,0.0079171440220031,-0.0029607415895798,0.0187729697022724,SPY
2016-05-02,0.7454233487604822,-1.158152672644329,-0.7559774693155964,-0.4608846848776728,0.5076286062657172,0.4961252305574274,-0.155614138697403,0.08382323308676505,-1.2198057986470559,-1.4465492158652247,-0.008741647254304,-0.0100521418557377,0.008951622607574,SPY
2016-05-03,-0.9483311711497961,0.09547980715041253,-0.29369690218874683,-0.482211559871414,0.5018230278352512,0.49765536079621003,-0.5869883320889234,-0.9748488608832732,0.01624193522325974,-0.7317837209671136,-0.0055936021931932,0.0110470330939289,0.0197401633945268,SPY
2016-05-04,-0.6282589964824129,-0.14945605607849272,-0.7840258489916769,-0.5553214566231437,0.4939218972191494,0.49656017470020464,-0.8311218180885336,-1.2184631754172155,-0.3635173566511752,-0.017018226069002582,-0.000195286125594,0.0072417559374313,0.0283727902887163,SPY
2016-05-05,-0.07939431069907996,-1.143776772569885,-1.1507999101150532,-0.6904132298037474,0.4877127002738852,0.49735243165425824,-0.8515595994231582,-1.1818767880020586,-1.0991631015352357,0.6977472688291085,0.0036526499615083,0.0077276568593234,0.0255763267483608,SPY
2016-05-06,0.3118381041715489,-0.5148090023563492,-0.7230308377240096,-0.6848928153286674,0.48266778857527615,0.4983000625707132,-0.6957041003874532,-1.4175031521321908,-0.3918823516004963,1.4125127637272195,0.0008257437558452,-0.0046775879182545,0.0269995755778378,SPY
2016-05-09,0.024417181261365942,0.1656671105753052,-0.28834277525999386,-0.6920756954700408,0.4784455724647979,0.4997525475655702,-0.6782517596711991,-1.5978631082539525,-0.9402963770026856,-1.4465492158652247,0.0123575276953626,0.0043135223954191,0.0277338230707284,SPY
2016-05-10,1.196891873225703,0.24080960434295837,-0.6283497322710319,-0.6304889152609695,0.477716073078473,0.5017177193341049,-0.12873950261029393,-0.8507255036190408,-0.7948297700228752,-0.7317837209671136,-0.0093988793496908,-0.0174216589694831,0.0186308659078804,SPY
2016-05-11,-1.0151541364975116,0.8814433730063564,0.3832792832726699,-0.6379183507783444,0.47329214502166495,0.500552609390049,-0.5520382521806555,-1.0078940507745964,-0.6110188968891231,-0.017018226069002582,0.0002906147962979,-0.0077298242501164,0.0266630953238173,SPY
2016-05-12,-0.029991153589267263,0.12896424193393263,0.20083002670780917,-0.6376758737844416,0.47191068927014673,0.4994263846738688,-0.5222030246637849,-0.9925511564217384,-0.29156807906367876,0.6977472688291085,-0.0087525948160696,-0.0114912312265929,0.0168496266222311,SPY
2016-05-13,-0.9494442460370993,-0.7590978449803861,0.2241272159314688,-0.5754444481878752,0.46947360303231095,0.4970806106946073,-0.8951132272164185,-1.2291466352145777,-0.022776238577014073,1.4125127637272195,0.0098168540695189,0.0035587701608514,0.0178608593694624,SPY
2016-05-16,0.9385731653426214,-0.7115346615490563,-0.37065933813319996,-0.5300635245932934,0.46762633309074414,0.49516979477054773,-0.41081202975108283,-0.8494163516356198,-0.72759095815322,-1.4465492158652247,-0.0093776536695395,-0.0076213819783319,0.0060751366211331,SPY
2016-05-17,-1.0129960512500205,-0.010452951571893215,0.06043183471904342,-0.48256966798843726,0.46559283756454395,0.4912472004542037,-0.7908353360655263,-1.2065565523372324,0.6999201988760485,-0.7317837209671136,0.0002929553696757,0.0146350669936969,0.0140575896949153,SPY
2016-05-18,-0.02975317973677841,-0.05645403523761431,-0.9816913847572362,-0.484636080494363,0.46543755690014016,0.48721585271163376,-0.7190355238310918,-0.9297710066374059,0.8872041819707555,-0.017018226069002582,-0.0034707921801784,0.0211024361606337,0.0167447125826099,SPY
2016-05-19,-0.41242586700630696,-0.7573634911763292,-0.5170030147449228,-0.49515698570253425,0.46424235453641755,0.4835107652477406,-0.826560242013673,-0.8647410910711812,0.7593687107657787,0.6977472688291085,0.0062974065713747,0.0248598121597041,0.0164842071186104,SPY
2016-05-20,0.5807392739938065,-0.32264917897121176,-0.697348855079891,-0.45143953046820723,0.46388527851619626,0.4808076645447775,-0.49443948726730685,-0.9398931654507385,0.35081015775033847,1.4125127637272195,-0.0013632980696645,0.0228525290492553,0.0166065446143095,SPY
2016-05-23,-0.198149956097691,0.11924722896335321,0.024244198858561737,-0.45186418570966014,0.4628298426520188,0.4781667802064142,-0.5196179302417471,-0.6673725032142498,-1.4274666519976178,-1.4465492158652247,0.0128787953024893,0.0223116240462246,0.0208043680694451,SPY
2016-05-24,1.2498908784362048,0.27434784447270116,-0.5118036006014608,-0.31371099404998753,0.46192943722377955,0.4773511921156356,0.09718862379812099,0.07723083643242566,-0.03531485422822456,-0.7317837209671136,0.0067603245366125,0.011479722276384,0.0062929200414822,SPY
2016-05-25,0.6278056777300928,0.7587038566720665,0.5553125125538502,-0.2819839949991616,0.4662447383234113,0.47729683627115993,0.4186664353388261,0.28982689199653344,-0.6895584353431864,-0.017018226069002582,0.0002865838188919,0.0077584224407676,0.0124711005794964,SPY
2016-05-26,-0.030400996421668856,1.3565602682812041,0.8653994386594298,-0.34738913578793723,0.47055998381671804,0.4787648753571671,0.41050148533018677,0.19441291696878768,-1.4962991413675637,0.6977472688291085,0.004290123460926,0.0044800889559262,-0.0243850392617384,SPY
2016-05-27,0.37665214758281274,0.42983893511761595,1.0455520082283734,-0.36622685235336844,0.47906647269711067,0.48180194382225733,0.5698509814391957,0.295131166914746,-1.10060117982452,1.4125127637272195,-0.0019042030726952,0.0052658642859855,-0.0467475389955378,SPY
2016-05-31,-0.2531455604323426,0.24804497168043904,0.9493100536597704,-0.40194996541503225,0.48381653185391044,0.4832544705543894,0.4574506292511016,-0.19012011612571392,0.7305113512858555,-0.7317837209671136,0.0020468935326487,0.0087300586074166,-0.0269679797025919,SPY
2016-06-01,0.1485755262242461,0.0868144402925653,0.923375617975722,-0.4735252015232177,0.49222996354831183,0.4864469268943052,0.5076217988217092,0.36708659767798557,-0.8490904937245595,-0.017018226069002582,0.0030390247009961,0.0099377356072825,-0.0121304854635351,SPY
2016-06-02,0.24944879024804442,-0.07827562608961783,0.4040251623284942,-0.5098628803642666,0.5015436616551389,0.49102970751417757,0.5846269345105802,0.4572330062446002,-1.08659336667816,0.6977472688291085,-0.0029917496659495,0.0055320609725324,-0.0016161308898929,SPY
2016-06-03,-0.36372002693384237,0.2855202519047863,0.2256023141257476,-0.4957824907561598,0.5109814174745112,0.4951541989421225,0.38098228034203396,0.8083868267960729,0.45754239536138336,1.4125127637272195,0.0050758987909853,-0.0009990432668063,0.0034738306621751,SPY
2016-06-06,0.4565445296198464,-0.08529770556225297,0.06841809797484719,-0.4884130345369606,0.5200778060606615,0.499527263667544,0.5581943844694286,0.6692525899161449,-1.020663300968599,-1.4465492158652247,0.0015599912487358,-0.0138163041266299,-0.0088212913577097,SPY
2016-06-07,0.09907055731902738,0.06460564339435482,0.1060931788954392,-0.48863118986629245,0.5301209479474874,0.504024621997916,0.566156021253957,1.4817255889409187,-1.1672567504842046,-0.7317837209671136,0.0032545705325146,-0.0173451640541761,-0.0044017775675699,SPY
2016-06-08,0.27136404930417507,0.3995901228217443,0.272188748954533,-0.5952841817894587,0.5371062701831427,0.5070694535961563,0.6766858506783945,1.54490006662882,-0.9287812371231434,-0.017018226069002582,-0.0013666499337539,-0.0219949351824482,-0.0082765288871415,SPY
2016-06-09,-0.198490751228465,0.2655498270391426,0.3300924867728886,-0.6954722783705096,0.541452627415655,0.5114036609185525,0.5473584117621233,1.7387728426103983,-0.580458346410011,0.6977472688291085,-0.0095228539052882,-0.0176482069913239,0.0078707484283349,SPY
2016-06-10,-1.027759040443671,0.05016424350909544,0.11885634582470772,-0.588604025990891,0.5425857731199419,0.5141299814588405,0.05527281814839837,0.7364293996438436,1.190510593610773,1.4125127637272195,-0.0077413620688382,-0.0118566507302135,0.0209146689669346,SPY
2016-06-13,-0.8466288611813885,-0.8901878006748628,-0.19428644614782425,-0.6055679201326791,0.5398072362393949,0.5169961914325046,-0.35037535467600267,0.29721624916761097,1.410408112956343,-1.4465492158652247,-0.0019688686788104,0.0023044554056985,0.0358929101166278,SPY
2016-06-14,-0.25972032692192176,-1.3593334893455686,-0.8088276789932847,-0.6804587486343944,0.5370131017845,0.5179749166188348,-0.4565786120375715,-0.41937855368246546,1.7953447984205093,-0.7317837209671136,-0.0013952005957573,0.0071078494699801,0.0377221712697686,SPY
2016-06-15,-0.20139359165743814,-0.8033994289227145,-0.9780237306403939,-0.7771927746511893,0.5331013079870152,0.5202274912630205,-0.5540888437792566,-0.9537174186076048,1.02075400686368,-0.017018226069002582,0.0029800782573703,0.0068703973402639,0.0446852894316274,SPY
2016-06-16,0.24345550996330773,-0.33635492061965516,-1.2009634143113783,-0.7721971282678726,0.5291585414661379,0.5229150517872585,-0.45362137469882985,-0.7591632845765389,2.656305439805635,0.6977472688291085,-0.0037312976441779,0.0168288241575202,0.0403627202331913,SPY
2016-06-17,-0.43891232090275617,0.02786185801586944,-0.9925535418252216,-0.7697285927246513,0.5249891513650361,0.5255512893756715,-0.665371934446038,-1.2722258568964881,1.2165912883197183,1.4125127637272195,0.0064197440670739,-0.0160094342206447,0.0467776115800866,SPY
2016-06-20,0.593177732634544,-0.1440627458499146,-0.7148693966930131,-0.768284340178586,0.521234083996422,0.5282240331672845,-0.40426338842036563,-0.7209550780105501,-0.23965582565606175,-1.4465492158652247,0.0028345253854711,-0.040501554560592,0.0393408144471472,SPY
2016-06-21,0.2286566670835233,0.10907878444901621,-0.03589565039925572,-0.7700734573456314,0.5178874172866131,0.5315748824658261,-0.3197418006458331,-0.6725456508545992,-0.6921965597245229,-0.7317837209671136,-0.0016326527254735,-0.0254607237258124,0.0406604890244119,SPY
2016-06-22,-0.22553613665355335,0.592289241903481,0.19440969661595728,-0.9362323478895553,0.512939038169349,0.5325941484586062,-0.4108121798871958,-0.9548114991686362,0.29622079239103155,-0.017018226069002582,0.0129385050746266,-0.0069436832286333,0.0385089438993109,SPY
2016-06-23,1.255961768860542,-0.00032531992087290746,0.18302472707110068,-0.8000046863762629,0.5126694030962271,0.5346340995115163,0.16856442285996937,-0.08269847718846089,0.5904601161588369,0.6977472688291085,-0.0365695560223429,-0.0063288090286217,0.0300454243208179,SPY
2016-06-24,-3.7776868833227675,0.7432750825968985,0.6604952225543461,0.18313461434952047,0.5037081100782663,0.5307169727781968,-1.4766620615926607,-1.5819714661119213,5.8097021690672195,1.4125127637272195,-0.0180723762728733,0.0323389588798397,0.0638953498741932,SPY
2016-06-27,-1.89701731452785,-1.8278994598618088,-0.9139803232677716,0.30875967941784377,0.49158170500377507,0.5232586886847602,-2.192141865480083,-1.9592986316296652,2.9988078987500586,-1.4465492158652247,0.0178753562202507,0.0431921119238136,0.0824291846288032,SPY
2016-06-28,1.7579077866318085,-4.110139187360635,-2.0882887806925616,0.5070107963561115,0.4857089819350755,0.518921879738889,-1.31959398324762,-1.439792068795128,1.3868893923450827,-0.7317837209671136,0.0168843877717055,0.0312962607424385,0.0634922870457073,SPY
2016-06-29,1.6571527401838053,-0.1032765546012051,-1.3671354215377352,0.6537922007646236,0.48568534924667023,0.5169526316298297,-0.5104313454563356,-0.9313291947487785,0.8919846195598405,-0.017018226069002582,0.0135533792746382,0.013791692183676,0.0477615917046536,SPY
2016-06-30,1.3184780666022071,2.469359635687905,-0.47931040024513005,0.7359687980804798,0.4890994386263411,0.5166880868684535,0.13022012960454873,-0.4160215625720025,1.4313904223541685,0.6977472688291085,0.0020982118861185,0.0150189402907603,0.0358214936907952,SPY
2016-07-01,0.15379323330167674,2.151284590477821,-0.4498294094895751,0.7337330283255409,0.49440469914168683,0.517256465079406,0.22127724688954725,-0.19122055306951696,0.19678806484278696,1.4125127637272195,-0.0072192232288994,0.0164417950379531,0.0328940507908841,SPY
2016-07-05,-0.7935412748434258,1.0630988776718173,1.40415000325174,0.7439878874581072,0.49527846913993506,0.5158146926517996,-0.0987413477443055,-0.3166726532260947,0.27026318010957007,-0.7317837209671136,0.0059795050388755,0.0308978973477076,0.033685384038363,SPY
2016-07-06,0.5484171715899707,-0.4656567273647617,1.9245193805194485,0.7600201647386231,0.4971819570767438,0.5150925404073206,0.19415707734354878,-0.16566953603877954,-0.023448191038419497,-0.017018226069002582,-0.0006201807870569,0.0247787847831624,0.0306242654852209,SPY
2016-07-07,-0.12259475912309487,-0.18001371941441616,1.3541564043188539,0.7544294544330955,0.4994131886969885,0.5137329069369139,0.18465407086564078,-0.23761482697450517,-0.23222895479246133,0.6977472688291085,0.0147806273817225,0.0309668831363207,0.0323079858979724,SPY
2016-07-08,1.4432564490159256,0.30564151416177093,0.5148757452000973,0.848593974696426,0.5022841432907814,0.5150345812447701,0.8705821136054082,0.11720269341355473,0.7678190408423111,1.4125127637272195,0.0035210666333114,0.0148437648135324,0.0256730655580481,SPY
2016-07-11,0.29845959109807557,0.9533583859378837,0.5737178467210944,0.8068747402613093,0.5181372287046379,0.5184831653289371,0.9888124824852773,0.07147067737394525,-0.49817052382789156,-1.4465492158652247,0.007236879080855,0.0140062918829384,0.0215562072159194,SPY
2016-07-12,0.6762585576483678,1.2581326772022206,0.6419385781287498,0.785081502155856,0.5420884857495704,0.5244002031560158,1.2503350646127587,0.14628799826045905,0.0723275566232759,-0.7317837209671136,-0.0001396075256696,0.0057523597362179,0.0149151198438817,SPY
2016-07-13,-0.07373328291380751,0.702952001310863,1.335056322453016,0.7804517625967935,0.56037568246284,0.5306122817800714,1.1512189840156992,0.18165642429358578,-0.22277570124397067,-0.017018226069002582,0.0055679175661014,0.0100461672246234,0.012576671156669,SPY
2016-07-14,0.5065697091428562,0.43354540491535265,1.041667039012349,0.780611240161666,0.5751364372154436,0.5379865904762074,1.3112679207102724,0.06243104031132973,-0.14168741757856287,0.6977472688291085,-0.0013424909410657,0.0006940518079474,0.0116386026924208,SPY
2016-07-15,-0.19603442637371304,0.31071850973765924,1.3383639411436832,0.7855519643181501,0.5850445947467314,0.5446529097765157,1.1475278277028258,1.1741553910093263,0.18440306174206966,1.4125127637272195,0.0026835937027174,0.0065115282451468,0.0121119925814179,SPY
2016-07-18,0.21331094267761588,0.2221925408235974,0.5653188170908738,0.770366868876605,0.5951711739252097,0.5523748482361284,1.1632642353386151,2.048155377405279,-0.8204913085413849,-1.4465492158652247,-0.0010170530658655,0.0011083040734618,0.0123077220284049,SPY
2016-07-19,-0.16294607903039202,0.00992129208920703,0.5251650234784513,0.7667816757544793,0.6073106186830677,0.5588865309325594,1.0184046021294946,1.8551773557187379,-0.8875560866478983,-0.7317837209671136,0.0041541999627359,0.0025868156210639,0.0081538804189653,SPY
2016-07-20,0.36283235504186584,0.03387182865383696,0.12941887359957593,0.7685159122590522,0.6189040093229522,0.5656402341742928,1.1197441867283358,1.7202182242075366,-0.8034395059929783,-0.017018226069002582,-0.0037841978505746,-0.0026289257045171,0.0058790210106431,SPY
2016-07-21,-0.44429086020986847,0.14210080778258563,0.3352913900743714,0.7773675362178758,0.6294208058917445,0.5720192201610745,0.8442715462327369,1.1793596564221385,-0.6004910912031107,0.6977472688291085,0.0044749854961336,0.0023089645767093,0.0119044939660009,SPY
2016-07-22,0.3954476833752568,-0.061546669650788394,-0.11310866987074568,0.7249896555124231,0.6365828450303457,0.5770396300217493,0.9863362300195194,1.2372721991234485,-0.6956374117149071,1.4125127637272195,-0.0027196304689676,-0.0005527396586444,0.0059666224278522,SPY
2016-07-25,-0.33605276631464204,-0.037938521268183645,0.1658182538194958,-0.060595252413361986,0.6416538917020141,0.5875098567407252,0.7037648437454814,1.5939828971514078,-0.8165759505524703,-1.4465492158652247,0.0004614584817366,0.0013376597965306,0.008640429312881,SPY
2016-07-26,-0.012620909877679411,0.04040810628094782,-0.0932467742018962,-0.3880044714761326,0.6444625116047427,0.6009002319050911,0.5330775785654838,1.4875883671797865,-0.5049939318449933,-0.7317837209671136,-0.0010615413628451,-0.0055516886666264,0.0101901325158735,SPY
2016-07-27,-0.1674693516281751,-0.2549666267685134,-0.022357500809035796,-0.5377707754654565,0.6469591244141971,0.6113002426150919,0.3339498397575817,1.4430316800297376,-0.22680470435104444,-0.017018226069002582,0.0011536924306518,-0.0015717608180478,0.006123743473652,SPY
2016-07-28,0.057760809922004254,-0.13293988437053852,-0.27243340544110217,-0.7233374740462838,0.6479733281878974,0.6191938743116305,0.2765628746178724,1.0396505026658187,-0.601990602808003,0.6977472688291085,0.0016132812607798,-0.0016619136230051,0.0042813620387924,SPY
2016-07-29,0.10448872945820113,-0.08199506273730896,-0.035679451981950036,-0.8668121616119183,0.6499860547514641,0.6251589656546603,0.26858316257738085,0.9606609373203068,-0.3002340501620785,1.4125127637272195,-0.0008292310137925,0.0048705121580132,0.0007828688715534,SPY
2016-08-01,-0.14384958851310467,0.11485798336748199,-0.17288780469215162,-0.8593949264726753,0.6508130042235075,0.6306400019946615,0.1518532900098154,0.4523841511823527,-0.429940633694656,-1.4465492158652247,-0.0064278899814205,0.0051039514629884,0.0065247527801721,SPY
2016-08-02,-0.7130838009221976,-0.031074878417003817,-0.08224999802979899,-0.8751704281149824,0.6498143424178281,0.6362147385170388,-0.22935908196172386,-0.22559601825376766,-0.04171631030206169,-0.7317837209671136,0.0029183864857333,0.0121276331532262,0.0113021058154929,SPY
2016-08-03,0.23718310308105975,-0.6228632980663544,-0.4125693029385039,-0.8959863269602037,0.6483944070889536,0.6413054339488142,-0.16332522506348304,-0.443006519242472,-0.8152248812568507,-0.017018226069002582,0.0010635396256946,0.0067311904546105,0.005535964857084,SPY
2016-08-04,0.04859467545605295,-0.34705812358435584,-0.22174617829039284,-0.9015088333800773,0.6486128287361435,0.6466772299277156,-0.18825197876112243,-0.22595279844503657,-0.9467048862499251,0.6977472688291085,0.0081457070417982,0.0102974999307692,0.0045180813975971,SPY
2016-08-05,0.7686621084904807,0.20427216830679268,-0.2260686787457435,-1.0800922105612965,0.6500795845912223,0.6509949927637614,0.1355008318660283,0.168547489435971,-0.4311870562320999,1.4125127637272195,-0.0005957917088172,0.0012826918369022,0.0008704608657152,SPY
2016-08-08,-0.12011504070776848,0.5889757988723929,0.08713747636357098,-1.0835833862311122,0.6522641903074033,0.6546256487539042,0.0565436491900812,0.20796958086699036,-1.0457733296372782,-1.4465492158652247,0.0005957917088172,0.0047578066954239,0.0044839307310535,SPY
2016-08-09,0.0010371945290610775,0.46685763491985544,0.09833004549694362,-1.146326380121726,0.654495533140299,0.6571475957709421,0.04946521441231513,-0.03254457992303478,-0.7980995216023637,-0.7317837209671136,-0.0024780562128823,-0.0010088796886984,0.0037969388428651,SPY
2016-08-10,-0.3114911110689595,-0.0887769024897228,0.43509014207597424,-1.1311548307399841,0.6562431287431213,0.6592713552720519,-0.09697117119470826,0.09970366070239435,-0.6564220695357654,-0.017018226069002582,0.0046298491018532,0.0033485170785976,0.0039894290896658,SPY
2016-08-11,0.4111931794203529,-0.2273017893093074,0.17635026112509086,-1.1448408610653171,0.6591766404532811,0.6612467526729617,0.09392513458973432,0.11317192332593076,-0.3557275894308015,0.6977472688291085,-0.0008691010520687,0.0009599430815274,-0.0248663968367344,SPY
2016-08-12,-0.1479033074426019,0.06958387292741137,0.34734188298221036,-1.1474835848925427,0.6612676607233755,0.6633002266029723,0.024247142107044095,0.31987107438811463,-0.5560570399698611,1.4125127637272195,0.0028793231497044,0.0003661580915812,-0.0097519543851065,SPY
2016-08-15,0.2332114042426317,0.1879946122619474,-0.08488551259460916,-1.1460865992421827,0.6646223903504049,0.6653926970602566,0.1311455863666715,0.4800310588757935,-0.7566912944456322,-1.4465492158652247,-0.005170894675305,-0.002558988642062,-0.0271111589998307,SPY
2016-08-16,-0.585280922194306,0.05916499831955008,0.08173365766271637,-1.0985147438891316,0.6683828515326081,0.6667746738852142,-0.13201653142959058,0.05413859359528578,-0.6697282304512472,-0.7317837209671136,0.0018793405544137,0.0046230677179721,-0.0223154589731633,SPY
2016-08-17,0.13153985962017598,-0.25742465924083446,-0.19475806694906014,-1.117404039564883,0.6718000826696794,0.667774100759944,-0.05739934126127296,0.10151186402358389,-0.2491227827672792,-0.017018226069002582,0.0022412751047831,-0.0023842032415082,-0.0142515139871495,SPY
2016-08-18,0.16833894488584847,-0.3310181821145013,0.014163325121894523,-1.140900760873183,0.6756229063461078,0.6697962995585538,0.020206237422786738,0.14153863184723625,-0.6645358530566705,0.6977472688291085,-0.0014628860420149,-0.005314167350499,-0.0203659455641567,SPY
2016-08-19,-0.20827539530270045,0.2144789983597643,-0.10036014638700413,-1.1617139919358201,0.6761846970542452,0.6708113639989829,-0.06286924862793182,0.08380781897834653,-0.2278952592718586,1.4125127637272195,-4.582358393889763e-05,-0.0057364932149432,-0.0187155414536617,SPY
2016-08-22,-0.06419795873771926,-0.031491512158720716,-0.12882998590712208,-1.17759857712382,0.6769336308513881,0.6722792778731659,-0.08537686108459677,0.7456319916267942,-0.50410500325536,-1.4465492158652247,0.0020111616847291,-0.0007780167361781,-0.0186226154005355,SPY
2016-08-23,0.14494255082316493,-0.19981009135744995,-0.2690801766153187,-1.173530778101462,0.6781662562722799,0.6740126129914992,-0.014626877364276113,0.6973094543927274,-0.6537705343555005,-0.7317837209671136,-0.0051279304050666,-0.004439715367007,-0.0094512722425941,SPY
2016-08-24,-0.580912602446256,0.05586176937930709,0.07527341173176906,-1.1264885407323515,0.6784938887430645,0.6750510363935037,-0.2701772361387277,0.06919933848967202,-0.2858657472429126,-0.017018226069002582,-0.0006886890042077,-0.0021595394346158,0.0019584961765444,SPY
2016-08-25,-0.12956021661191006,-0.3181548848589128,-0.26069984974872495,-1.1263259480021226,0.6770115909199622,0.675777209328808,-0.31247562491062614,-0.6901224488553549,-0.33419351739511355,0.6977472688291085,-0.0018852119064591,-0.0014251942642005,-0.0028474155450002,SPY
2016-08-26,-0.25121466562027356,-0.5168498665190634,-0.40118101615583035,-1.1233977471479817,0.6751858962327516,0.6759099756005843,-0.4025669839030963,-0.8057042422321342,0.6798139411676601,1.4125127637272195,0.0049126528948262,0.0049581041521751,-0.0090971826678396,SPY
2016-08-29,0.4399467783250373,-0.2782026349332389,-0.421430011649992,-1.0902032102430037,0.6740470230769224,0.6770187680482398,-0.18753015728418318,-0.39728029914287194,-0.31768287003592344,-1.4465492158652247,-0.0016505369460997,0.0030631294138698,-0.0078212081422943,SPY
2016-08-30,-0.22735448463680596,0.13402702297389404,-0.18368902458409722,-1.158451164026529,0.6741093855711485,0.6789316708360489,-0.2913768958544696,-0.32353296799774306,-0.5544586087970886,-0.7317837209671136,-0.0028477544726754,0.0046224661805984,-0.0012194382396018,SPY
2016-08-31,-0.34907955840235677,0.15129788063123728,-0.3592542108987258,-1.1510564034536075,0.6725646974506589,0.679868672659803,-0.43756631844830945,-1.0039268287154428,-0.037560218588974396,-0.017018226069002582,4.565616620766377e-05,0.0051846546871923,-0.0074600456723059,SPY
2016-09-01,-0.05489690935658137,-0.4198277767540046,-0.24992803396270297,-1.1520781849526471,0.6702709643203718,0.6806338142975311,-0.4459297967675942,-0.9308947024654337,0.19638089661810917,0.6977472688291085,0.0044980865099164,-0.0190869783035623,1.2048945768228236e-05,SPY
2016-09-02,0.39779644000832515,-0.29499677749800024,-0.21471884291192964,-1.2313722697713165,0.670005638737488,0.6807821624853069,-0.2373007151031336,-0.7648784758201183,-0.16609139021385358,1.4125127637272195,0.0030176781565209,-0.0093397234139196,-0.0068928046530798,SPY
2016-09-06,0.2472784163241717,0.24561894814024354,0.0913371952167915,-1.2169839518118923,0.6707857120770007,0.681547262385761,-0.1060088574143524,0.00306785067672166,-0.5854657797997066,-0.7317837209671136,-9.120017937114255e-05,-0.0268372830354604,-0.015021466504951,SPY
2016-09-07,-0.06881154758319655,0.4643443233169776,0.0004800203004677374,-1.2170976306413133,0.6708481579807155,0.6821953031422647,-0.11925015076985887,-0.1696716722196797,-0.18751105882240132,-0.017018226069002582,-0.0022855659660816,-0.0271212775047269,-0.0105146201899595,SPY
2016-09-08,-0.2919199897222969,0.12659666997535285,0.07524457019352786,-1.2189130601673839,0.6718780149350897,0.682874577292893,-0.23603534760404765,-0.6306268731439469,-0.21986265965447813,0.6977472688291085,-0.0242259768245469,-0.0148924259982177,-0.007533716664148,SPY
2016-09-09,-2.5226742769836537,-0.2636945405710952,0.10219947278248229,-0.5717133654385824,0.6649812735762107,0.678681789770622,-1.3031387391946057,-1.8771759991934274,2.4694717071197743,1.4125127637272195,0.0142453413995591,0.0054603943541051,0.0132571451216536,SPY
2016-09-12,1.3888321491555065,-2.0398886918015497,-1.0615374148754448,-0.3801708553926677,0.6634989479499462,0.6770264894441144,-0.6223436438228044,-0.9322859386064202,1.4700993454821536,-1.4465492158652247,-0.0144798814650197,-0.0085974289769739,0.0042063617292917,SPY
2016-09-13,-1.5317564611062495,-0.8232998080899379,-0.5941918484357205,-0.25289405588467373,0.6554942227491412,0.6724511241467666,-1.2298188835251986,-1.49726803086083,1.6764294159904212,-0.7317837209671136,-0.0003751946486376,0.0059295549572331,0.0059759906695102,SPY
2016-09-14,-0.09768620649279629,-0.1060378325834593,-1.4331364544017584,-0.26356738498987037,0.6479265910711809,0.6686955624049731,-1.196246434749661,-1.3646626278971363,0.7943988641129527,-0.017018226069002582,0.0099432855404275,0.0174872544485413,0.0076627055523967,SPY
2016-09-15,0.9514278720112205,-1.182033314060264,-1.4467529605471072,-0.18554258960916004,0.6446497659064006,0.6662829253111616,-0.703741787406237,-0.8794812617100196,0.7775524735739953,0.6977472688291085,-0.003873156472224,0.0138258069221857,-0.0055616542263363,SPY
2016-09-16,-0.4533355781011332,0.6153848691434683,-0.8604238249163563,-0.1859615803943958,0.6400589354631262,0.6628379584574946,-0.836334604600948,-0.9403575566011166,1.1134870121552907,1.4125127637272195,0.00018751806848,0.0122043626686574,-0.0011723485253538,SPY
2016-09-19,-0.04047333959143425,0.3579530551422621,0.11542019105467954,-0.18518626998257076,0.6340016549995624,0.6596741895379289,-0.7843361552517772,-1.1491804742836347,-0.18251499324471285,-1.4465492158652247,4.710246918726568e-05,0.0038818655708787,-0.0048380150285032,SPY
2016-09-20,-0.05474985893928342,-0.3600207375798208,-0.5586015188478419,-0.18506614203201216,0.626930365384439,0.6565261277461886,-0.7389755166133563,-1.096514886546701,-0.37572835937825655,-0.7317837209671136,0.0111825048426705,0.010023390522063,0.0013579559465259,SPY
2016-09-21,1.0774234055118619,-0.07151005005972527,0.1379147426286864,-0.09487924268639786,0.6236539294639378,0.6549178792410311,-0.19443348701481156,-0.5442549172382193,0.5983703880380208,-0.017018226069002582,0.0062818380140718,0.0037921186359852,-0.0071609851338179,SPY
2016-09-22,0.5791563671752444,0.7376638440387273,0.6920645701093485,-0.08347022625658951,0.6232904587162656,0.6552513322434323,0.09696896973616706,-0.33311396652752395,-0.18139303869605994,0.6977472688291085,-0.0054946007257523,-0.0115780812834662,-0.01531146323443,SPY
2016-09-23,-0.6181931891753568,1.1965079830213086,0.5165114233446896,-0.06433665399918863,0.6292213460016047,0.6547680285113556,-0.15534870114345026,-0.6615239084353607,-0.23509681278241473,1.4125127637272195,-0.0081349790292986,0.0014342702265679,-0.0093492921735869,SPY
2016-09-26,-0.886649202083393,-0.03084032873555421,0.4387690444190271,-0.02674524367857289,0.6276332849470988,0.653231637681323,-0.5151118419505402,-0.9968350380872749,0.20928411910128183,-1.4465492158652247,0.0061886274203715,0.0071624821669349,0.0030289760384167,SPY
2016-09-27,0.569679337193607,-1.0918431500279742,0.03973545348592673,-0.017140407290142157,0.6329835865862287,0.6519033906417155,-0.20698398406341528,-0.7841213226825411,-0.07613902480302052,-0.7317837209671136,0.0049512329565928,-0.0041371289487868,-0.0065156389070493,SPY
2016-09-28,0.4438693410675415,-0.23201826721580296,0.3341993296860636,-0.001637597068784947,0.6401366731063979,0.651695956384965,0.029049881759392895,-0.5696443561087321,0.1686355267567817,-0.017018226069002582,-0.0090883619053796,-0.0046727157697592,-0.0134765605238253,SPY
2016-09-29,-0.9835827988122201,0.7310589359762962,0.03543241303003388,0.04256076902801892,0.6408925576942487,0.6504345028977832,-0.38055494027510867,-0.08956440144848522,1.213923003711859,0.6977472688291085,0.0075177507842818,0.0051109836953502,-0.0070585012498369,SPY
2016-09-30,0.7048157146055263,-0.39324809564618046,-0.7015130007274932,0.07830704622764201,0.6454874752024583,0.6504365480242575,-0.027455224448211864,-0.2954530495051352,0.9103010701186498,1.4125127637272195,-0.0024067670889316,-0.0058418821276768,-0.0175360246795426,SPY
2016-10-03,-0.30424290956927,-0.2043657197456245,-0.07761787784201735,0.06823774157226785,0.649204229812693,0.6492653722629035,-0.12447664146856684,0.22254526312952858,0.0598154036175226,-1.4465492158652247,-0.0051109836953502,0.0017594429684519,-0.0150822125567442,SPY
2016-10-04,-0.5791895743043173,0.28736493964038806,0.1970291365499228,0.07310006560122957,0.6511801171855103,0.6467156838704156,-0.32896055078031655,-0.0012252711909958285,0.991508903925737,-0.7317837209671136,0.0044156461356203,-0.005839825860999,-0.0172429525524497,SPY
2016-10-05,0.38941445392835616,-0.6420442962494456,-0.34474628814292,0.08815845181587871,0.6508822062957902,0.6449271164248325,-0.09667476919509717,-0.19233261699522627,-0.22771416204707767,-0.017018226069002582,0.0006953375597298,-0.0089439517623706,-0.0276953016440346,SPY
2016-10-06,0.011158351107889857,-0.13995013375183155,-0.3704257362602527,0.0869397963318348,0.6486867017397817,0.6436466307402504,-0.04602502524990838,0.016161418104983886,-0.47416844578913114,0.6977472688291085,-0.0034351150387452,-0.012920363560406,-0.0329785462863201,SPY
2016-10-07,-0.4087984537950073,0.28736493964038806,0.09866721556725266,-0.29658189750358005,0.6471970360785301,0.6458689736849109,-0.23860111118036875,-0.15466078793756696,0.22699708844073826,1.4125127637272195,0.0051945580071972,-0.0089690992929023,-0.0306455870540149,SPY
2016-10-10,0.46860900539449385,-0.2904102884308673,-0.4264830282865311,-0.42669097748713564,0.6502080074003337,0.646580983771565,-0.004103793767403186,0.0247186305721195,-0.7362804172716632,-1.4465492158652247,-0.0127102525248012,-0.0176418057347689,-0.0140227465154421,SPY
2016-10-11,-1.3518324218200355,0.04070895751770623,-0.06202702267642448,-0.46695395340593443,0.6468519432214888,0.6475788802795448,-0.61366275065575,-0.8894076669502949,1.261620063767574,-0.7317837209671136,0.0013115202342488,0.0013115202342488,0.0031813137350704,SPY
2016-10-12,0.07380768578929046,-0.6418929657067944,-0.42638443774733126,-0.46659640328900753,0.6422571647290922,0.6488590320659255,-0.5702383146822286,-1.1199278567218114,-0.20162833463505256,-0.017018226069002582,-0.0032810742383055,0.0026635637623266,0.0124160604844787,SPY
2016-10-13,-0.3931366150896738,-0.9276643686377789,-0.5752160312679052,-0.5408430912056686,0.6396382458063503,0.647926788291522,-0.710072740961663,-1.0449733443232068,0.4918341234253207,0.6977472688291085,0.0005161492287584,0.004075997914092,0.0181895144226018,SPY
2016-10-14,-0.007060320370973136,-0.23372584293236334,-0.7658705740279519,-0.552569654887896,0.6346512758990784,0.6477306091865958,-0.683379601845062,-0.7094924705420174,0.27338848001108146,1.4125127637272195,-0.0034781484346693,0.0040274190204243,0.0153658133252978,SPY
2016-10-17,-0.41317380178062,-0.29226101600564364,-0.5764217642700643,-0.5428667308055941,0.6293192687410907,0.6469223529437915,-0.8337080371799444,-1.185555345412245,-0.6343830841141103,-1.4465492158652247,0.0062430734442164,0.0117488566377987,0.0196288535873501,SPY
2016-10-18,0.5752150448838521,-0.30676465281512755,-0.9922466247593918,-0.508009370642358,0.6277981855058421,0.6471499323919427,-0.5466256513778043,-1.1148396713076973,-0.16251787062530113,-0.7317837209671136,0.0026635637623266,0.0021497956684877,0.0211586036220863,SPY
2016-10-19,0.21127443225451564,0.11470721102619805,-0.0835032953611384,-0.6157928059928691,0.6256810858690127,0.6459414852440116,-0.40550289299572073,-0.565844739886056,-0.43041910771934927,-0.017018226069002582,-0.0018686400865401,-0.0025234567540222,0.0166147799880649,SPY
2016-10-20,-0.24952975376650263,0.5667053149749051,-0.018677705424827135,-0.6587009646984296,0.6227014209085552,0.6433518821041988,-0.456942631446588,-1.1241478133835467,-0.24011136578007797,0.6977472688291085,0.0004675703350907,-0.0033251192988732,0.0236110830533737,SPY
2016-10-21,-0.011999497491160185,-0.0302746505582288,0.04904339617650883,-0.6808032481205498,0.6210390419998062,0.6417746304819415,-0.41320356325771357,-0.9746043366411136,0.15179617495192518,1.4125127637272195,0.0042432891827051,-0.0067524622793877,0.0209033186644553,SPY
2016-10-24,0.3718903512971359,-0.19188835591548925,0.04671421418268715,-0.7253103655585309,0.6190472790210133,0.6422846321575937,-0.22146063294900173,-0.407680062726023,-0.5924049872403852,-1.4465492158652247,-0.0033559875250945,-0.010948706428226,0.0241833431144744,SPY
2016-10-25,-0.40075329723639497,0.25791787930970644,0.4169291801271256,-0.7551407704088786,0.6202078108406869,0.6411860096926133,-0.3635103211054902,-0.8951932251583318,-0.42256223480104943,-0.7317837209671136,-0.0020096886601832,-0.0148644425941872,0.0294904804429592,SPY
2016-10-26,-0.2638706297143678,-0.023476111113231023,-0.043311024605690335,-0.784438363507369,0.6202547703827074,0.6389103265105018,-0.42590228362811605,-1.0495864610762817,-0.17751805862735356,-0.017018226069002582,-0.0026703026313912,-0.0188914568899685,0.0320439972617085,SPY
2016-10-27,-0.3310374415850949,-0.4836627884377054,-0.2673765512838135,-0.8618317496554522,0.6205056939272448,0.6377254052732471,-0.5341513368179001,-1.0095795007194683,-0.14956677020129194,0.6977472688291085,-0.0029597726454237,-0.0208090613411329,0.0384228846982912,SPY
2016-10-28,-0.36046881727820135,-0.43319994323766525,-0.3058133666086085,-0.9353988741970415,0.6195961690615972,0.6347748581792321,-0.6311738253628614,-1.566809103878917,1.451291057493887,1.4125127637272195,4.704503386676606e-05,-0.0189514445021492,0.0366767478079586,SPY
2016-10-31,-0.05475569857867173,-0.5031211876963075,-0.47014204834994294,-0.9376589039273292,0.6198627735899711,0.63224018129332,-0.5938541928246359,-0.8318501316883871,-0.5939125738919894,-1.4465492158652247,-0.0072717236910557,0.0028189090097541,0.0385780959706094,SPY
2016-11-01,-0.7988791708287776,-0.3031385194972328,-0.6713367560765305,-0.9086854113952663,0.6156284909068241,0.6293602536686056,-0.8916742864524339,-1.4241544810752755,0.9623352519401083,-0.7317837209671136,-0.0060367029559644,0.0145844404265211,0.0434478045883546,SPY
2016-11-02,-0.673310519565412,-0.6204757105656437,-0.8590821220517433,-0.916741405919074,0.6085087403788874,0.6247382260978073,-1.1067854965808692,-1.5552651180809995,0.43795506413863766,-0.017018226069002582,-0.0045879070825556,0.0311674103661427,0.0458023245708538,SPY
2016-11-03,-0.5260066414921228,-1.0682079500623831,-1.0521628712914677,-0.9111459483141269,0.6005107435434873,0.6192451137729065,-1.2423685638541127,-1.790586420722625,0.04778006217257514,0.6977472688291085,-0.0011021558064401,0.0382476971485159,0.0508910446373551,SPY
2016-11-04,-0.17159875671355548,-0.8706929934056011,-1.1441050589723332,-0.9150435352704738,0.5919952186351746,0.6141521923531315,-1.2230113803208398,-1.6967134509117132,0.5631491358906985,1.4125127637272195,0.0218173985457701,0.0370423010864104,0.0579839553844845,SPY
2016-11-07,2.158708294650793,-0.5075359642433671,-1.0550390600144839,-0.4374088719119882,0.58926661623507,0.6117901686614693,-0.17616775089213157,-0.6021117869624641,0.5612648106095479,-1.4465492158652247,0.0044938077257112,0.0160097943680233,0.0393288750400104,SPY
2016-11-08,0.3973614018373634,1.435757321955714,-0.011229463486487377,-0.549602468717809,0.5891725859383808,0.6123238353720472,0.02797257578098996,-0.5074013499707645,0.46056090509941083,-0.7317837209671136,0.0105462669836571,0.0192888101212647,0.047831049038538,SPY
2016-11-09,1.0127349937556835,1.8475911600075348,0.5528851520321906,-0.4618773317201496,0.5933127549153483,0.6144190326646323,0.49852158863059437,0.04249008140651892,3.78267157221177,-0.017018226069002582,0.0024923796998175,0.0068622832659128,0.0397306241168031,SPY
2016-11-10,0.19386958127809675,1.0180944444298639,1.3479784954842424,-0.47303929318008975,0.5991935965075934,0.6174873066989972,0.5736380706543582,0.1154127111675275,1.7307638485945032,0.6977472688291085,-0.0023075518685455,0.009497566544864,0.0432603946923064,SPY
2016-11-11,-0.2941553692918518,0.8707997416047667,1.6874526012019386,-0.464863612099884,0.6052783464960325,0.62007693766366,0.42671102637168196,-0.15611389644191118,0.12624861323780062,1.4125127637272195,0.0007848918273829,0.0095649243595818,0.0444198418879935,SPY
2016-11-14,0.02026363030245083,-0.07517453451606361,1.6296582260874126,-0.48071571239029437,0.6116139088163581,0.6233805960166013,0.4171024481197271,0.043648906829185236,-0.014900608802416304,-1.4465492158652247,0.0077728234789526,0.0163033461649231,0.0502864247996841,SPY
2016-11-15,0.7307498008389502,-0.2008367694272493,0.6212257107546533,-0.4653792616685599,0.6230149571757858,0.6269667739840186,0.7371855587037935,0.41587918600615215,-0.09302731701024701,-0.7317837209671136,-0.0018802598716947,0.0104816724893606,0.0342250916218125,SPY
2016-11-16,-0.25071117583365954,0.5410264761981369,0.7784426392040902,-0.46120455803431043,0.6357645701451049,0.6297839009222823,0.6070351207520307,0.4562864327576323,-0.6901065323981245,-0.017018226069002582,0.0051276629787686,0.0129057605196214,0.0402141085317353,SPY
2016-11-17,0.4618075661495221,0.3448851598876782,0.1826356865959431,-0.45397851393959543,0.6517762447997424,0.6337938652676278,0.7953644042672541,0.7621823472665799,-0.5940190467928489,0.6977472688291085,-0.0022401940538276,0.0114866823460442,0.0331286358616411,SPY
2016-11-18,-0.28730687703107277,0.15021509193692495,0.3089879745656822,-0.4450683464252528,0.667380102661993,0.6373407962841201,0.6375441052147629,0.6343099581386862,-0.22749295620430018,1.4125127637272195,0.0075233136327241,0.0090209668641154,0.0375436857827153,SPY
2016-11-21,0.7053813078431413,0.1237258064327917,0.312217537804752,-0.4197019816969186,0.6783577366546877,0.6414685293070896,0.9395757736120337,1.214161639430386,-0.5242089339214533,-1.4465492158652247,0.0019511498033901,0.0034460464279089,0.0338708256796929,SPY
2016-11-22,0.13884094395503552,0.30003324621171734,0.6353004561424355,-0.4372946538310709,0.6885041394882632,0.6464986361279893,0.9616492037637192,1.6315870556942054,-0.6357185463555565,-0.7317837209671136,0.0005438281585661,-0.0009071184487918,0.0291331376964718,SPY
2016-11-23,-0.004246111843446407,0.6084943749155612,0.35617229007549467,-0.4467901149036082,0.6952788249623204,0.6519603202848163,0.9099660266867252,1.9685235298175414,-0.880617954213084,-0.017018226069002582,0.0037085848051914,-0.0051331295808232,0.0268605072257859,SPY
2016-11-25,0.31752518510901573,0.0948405110305075,0.47239853084055144,-0.4598717743530091,0.7024926613932725,0.658512766386499,0.995195961982369,2.0839485381489737,-1.2655418681451476,1.4125127637272195,-0.0047059095357564,-0.008340901402069,0.0246150276908156,SPY
2016-11-28,-0.5380043419947766,0.22417859512630187,0.404358872458642,-0.4434345912097501,0.7088596134844334,0.6647434737476289,0.6809387293283439,1.3947796630281795,-0.3916069623251931,-1.4465492158652247,0.0019483931965176,0.0023557630743766,0.0317989439828902,SPY
2016-11-29,0.13856067059831523,-0.16217482033045494,0.2861367461648406,-0.446190755465646,0.7156344101711415,0.671303766457011,0.681687573849719,1.338508626423035,-0.5359799608489706,-0.7317837209671136,-0.0024020150733106,0.0035696880791551,0.0215516914982307,SPY
2016-11-30,-0.30375975639187236,-0.29171577636810886,0.01883950416044823,-0.5023942455191003,0.7189276392019913,0.6786566361062227,0.46376700253653064,0.7807203154799287,0.4115975013219211,-0.017018226069002582,-0.0036821829734652,0.0189676848767046,0.0237308537393836,SPY
2016-12-01,-0.43391866955472264,-0.12216111549799936,-0.18987898408478693,-0.5312658575833571,0.7215936566825668,0.6863704636220598,0.18137854807905612,0.337469945517761,-0.35726646947104446,0.6977472688291085,0.0005008129839456,0.025095709912092,0.0237512095312206,SPY
2016-12-02,-0.008619607208732756,-0.5365422638389855,-0.3925009108365344,-0.5715710584114768,0.7226757001735732,0.6949239894612016,0.08663958827973245,0.5621715103705687,-0.4518246044121156,1.4125127637272195,0.0059907549406892,0.0306170472034672,0.0308712375498911,SPY
2016-12-05,0.5495609863919847,-0.3229092025876442,-0.5463019507993312,-0.5751270288348693,0.7265962797705121,0.7046938229683996,0.23523926819804744,0.7794627071526656,-0.6040259220732394,-1.4465492158652247,0.003162318201296,0.0234781875899194,0.0308124057326342,SPY
2016-12-06,0.2619844490449417,0.3889687650823209,-0.03343563352757758,-0.9784727570007652,0.7290269434777343,0.7114032012240825,0.29258022023240965,0.595394260484721,-0.775879727382731,-0.7317837209671136,0.0129959817242388,0.0269673441276969,0.0268550911726288,SPY
2016-12-07,1.2618056103167,0.5848417192856088,0.024767673495447156,-0.8413872675947924,0.7353311994367133,0.719634946585398,0.798636902307917,1.2066696707599809,0.5513027087848718,-0.017018226069002582,0.0024458420619222,0.0056828527045391,0.0174305404282923,SPY
2016-12-08,0.1891379453974541,1.100390009784116,0.7630458468747437,-0.924667981514652,0.7423098211101257,0.7265169641229066,0.8202629485048829,1.1382580973075835,0.2786076159792565,0.6977472688291085,0.0060221502753208,0.007345767680845,0.011678232631179,SPY
2016-12-09,0.5527530541149291,1.047661088901134,1.056862451010446,-0.9056441563481649,0.7501352437138425,0.7340424591415183,1.0051657641316816,1.4783355181598385,-0.014179389295927294,1.4125127637272195,-0.0011481046728585,-0.0006341922858013,0.0056560823558582,SPY
2016-12-12,-0.17627053024682535,0.5344233318941203,1.3215905753036132,-0.9168202693520967,0.7591840332852277,0.7417563423070567,0.8428318265057617,1.1953315926760593,0.3992254552955041,-1.4465492158652247,0.0066514747390735,0.0026887682543037,0.0096263301198371,SPY
2016-12-13,0.6167385580624605,0.26992752718869745,0.979308114487667,-0.8974223786887816,0.7699263691108956,0.7505217404665238,1.0414265681161268,1.320101598394065,0.61992395858253,-0.7317837209671136,-0.0082885096989189,-0.0001122529550681,0.0004619571812982,SPY
2016-12-14,-0.9022591740976339,0.31624253760613974,1.146600532404961,-0.8092531878696764,0.7785516052997327,0.7564856214285786,0.5615333201484923,0.6624224588321211,1.4537589164934912,-0.017018226069002582,0.0041087570382281,0.0053897185640199,0.0110431620270512,SPY
2016-12-15,0.35821202229944793,-0.2092541691238931,0.12608626319190214,-0.8192166450621109,0.789905527298164,0.7635010591218384,0.6617190582303254,0.67756224532278,0.9620702838025751,0.6977472688291085,-0.0019578096913255,-0.0004478407863279,0.003405090882345,SPY
2016-12-16,-0.2585959230124484,-0.3963849793596972,0.2058170130637021,-0.8152802035316923,0.8003912677340763,0.7692894626673663,0.48908946392736413,0.8620395465621777,1.734030146090617,1.4125127637272195,0.0021748558672465,0.0029730741752187,0.0075699771145956,SPY
2016-12-19,0.1615858808777406,0.06952164542480835,-0.17679316313487523,-0.8331530823795215,0.8095798516081697,0.7758491571424737,0.5033928864903944,0.8701156935466019,-0.021970154718289354,-1.4465492158652247,0.0038504535297017,0.0032762250642903,0.0016837307471444,SPY
2016-12-20,0.331949448513707,-0.07280343176383162,-0.01746924132768122,-0.8662139005986319,0.8190432141405086,0.7818008090829527,0.6061326546479217,1.1457585594248896,-0.035301801639549366,-0.7317837209671136,-0.0027865381798308,-0.0088730877535532,0.0015005163683694,SPY
2016-12-21,-0.3428554950247719,0.3546545602312072,-0.15176806274195637,-0.8443089379506804,0.8229649058639612,0.7869177711731284,0.40376662793208895,1.2052912828973485,-0.6103917605670176,-0.017018226069002582,-0.0017288023121198,-0.00630940240588,0.0016816301145903,SPY
2016-12-22,-0.23531198378847085,-0.010478261088268673,0.1120315429147771,-0.8339719761136357,0.8254088872861784,0.7916327476553513,0.2579189989286917,1.0627634068638656,-0.8968694135297387,0.6977472688291085,0.0014631052702211,-0.0082424272753884,0.0098018939809056,SPY
2016-12-23,0.08921983878228724,-0.4210824999488057,-0.1678582837186378,-0.8406187630337024,0.8262406745085543,0.7959647289897476,0.2689464985046775,0.9456150156456864,-1.351289630495886,1.4125127637272195,0.0024780067563181,-0.0020846915429935,0.0169570809497958,SPY
2016-12-27,0.19240823647746005,-0.10833082415047521,-0.003837802203895404,-0.8829723546195766,0.8283634459906005,0.8015548665665997,0.3112946970293557,0.9280215689588736,-1.151370739261152,-0.7317837209671136,-0.0082988592881418,0.0013692248241206,0.0134330863162039,SPY
2016-12-28,-0.9033114511347101,0.20126846373836357,0.010697184884665926,-0.7783674611276187,0.8251684455340287,0.805331477807418,-0.1315346793971826,-0.1800441595151781,-0.5916952444272816,-0.017018226069002582,-0.0002228528321577,0.0088730877535532,0.0201607170633515,SPY
2016-12-29,-0.08219710911745702,-0.5171614023424203,-0.5718183587215407,-0.7898987718446349,0.8248428148909667,0.8094845175314634,-0.197264086342898,-0.32816089584070346,-0.9496601953825298,0.6977472688291085,-0.0036618271816282,0.0126673715656133,0.0141626974112512,SPY
2016-12-30,-0.4318490287351448,-0.7159306337661743,-0.4488989322218124,-0.7901140740697036,0.8217651715846972,0.813625884730934,-0.42374161677325745,-0.9338330767633314,0.5657777422363287,1.4125127637272195,0.0076208410026161,0.0130227330120504,0.0177365304283227,SPY
2017-01-03,0.7152972387669218,-0.374669165812886,-0.5415804731079964,-0.74913256217426,0.8220806818764886,0.81903072271921,-0.13790362363916073,-0.38920384178163364,0.10668758359356073,-0.7317837209671136,0.0059319231234322,0.0054018920094343,0.0105112150425403,SPY
2017-01-04,0.5435793605500605,0.20258594278793612,-0.24633934866585985,-0.7496775446079862,0.8237372221210438,0.8244575145141372,0.06963651000826945,-0.4288013450373869,-0.21006976580305187,-0.017018226069002582,-0.0007949963587092,0.0022921119771224,0.0052380248643491,SPY
2017-01-05,-0.140368837669712,0.9086361139056335,-0.08073656928850188,-0.7475387394042728,0.8237372221210438,0.8291928866114099,-0.03078498682726354,0.07150044403022136,-0.23315874196633962,0.6977472688291085,0.0035714309799024,0.0005742101363663,0.0129023568587376,SPY
2017-01-06,0.30358030113435286,0.2892742147400591,0.2790464784461078,-0.8995985740427909,0.8260087961305548,0.8322919349298754,0.09668973806422501,0.04351736237699835,-0.38726590471031824,1.4125127637272195,-0.0033064657351911,-0.0007045256967019,0.0075413707926585,SPY
2017-01-09,-0.3957182527309617,0.11555425863675238,0.4609686439641682,-0.8835551825057042,0.8277124071297803,0.834367348754111,-0.08682406427873296,-0.05988331138664497,-1.0029010721376141,-1.4465492158652247,0.0,-0.0009273740679889,0.0108917194961382,SPY
2017-01-10,-0.0595389230893537,-0.06927683729936905,0.4780069381666167,-0.9213736520703034,0.828895459511347,0.835375554369016,-0.10015399101035893,-0.18794205751686904,-0.5532282096041836,-0.7317837209671136,0.0028221430911203,0.001279702472936,0.0122013168563857,SPY
2017-01-11,0.22739771817926788,-0.33211559944278646,0.11261521552897753,-0.9168939510797912,0.8302047104489962,0.8370929041110239,0.010138126796387236,-0.2523669997814303,-0.26661024545465895,-0.017018226069002582,-0.0025128981994653,-0.0052538311183889,0.0152940331208704,SPY
2017-01-12,-0.315033611318755,0.11891816451166397,-0.03648747309036391,-0.9590495335702779,0.8335647504801261,0.837175488265824,-0.10937983806526841,-0.23248784541809497,-0.3390086254556139,0.6977472688291085,0.002292695146834,0.000926306232003,0.0217453392716153,SPY
2017-01-13,0.1735669909783375,-0.06601808537154998,-0.11885464394470423,-1.054259476465442,0.8378238891908424,0.8391437764175591,-0.02738805717794477,0.042645586496670065,-0.572011762745041,1.4125127637272195,-0.003529314106478,-0.0039718133484409,0.0248807452731503,SPY
2017-01-17,-0.41837598520754643,-0.10498270293763404,-0.1801653954330073,-1.0526758016459405,0.8421147513103472,0.8397508589948612,-0.20149836343429772,-0.3100493525936491,-0.6064503507126893,-0.7317837209671136,0.002207076540925,0.0059489623122326,0.0323972741250591,SPY
2017-01-18,0.164861863556936,-0.1797856321627699,-0.19085016765743723,-1.0544849764423254,0.8444967316794547,0.8411006563807936,-0.11551926465601131,-0.32681019678295664,-0.758417925330892,-0.017018226069002582,-0.0037113905002046,0.0123601780104189,0.03539712267834,SPY
2017-01-19,-0.43688829559839715,-0.18608671666369678,-0.08502884176901732,-1.0375774266687852,0.8434397110349952,0.8414006500010697,-0.29380094101120274,0.02377453733253969,-0.4474738502681246,0.6977472688291085,0.0036672391509267,0.0150255806333499,0.0382566774752479,SPY
2017-01-20,0.3133214354114562,-0.19948659313112463,-0.39828811236993505,-1.0394964451051982,0.8439760062428175,0.8416690067668963,-0.12509329028965172,0.2514076972291825,1.1010957847042393,1.4125127637272195,-0.00260542443361,0.0097871129414288,0.0361644156706884,SPY
2017-01-23,-0.3244410601962586,-0.09202621237600554,-0.1019729114857123,-1.040930488717958,0.8423038406207517,0.8419689447374731,-0.2514681928569036,0.33863158439571445,-0.264549738382438,-1.4465492158652247,0.0063914615541955,0.0061716648907808,0.0447078029648357,SPY
2017-01-24,0.5903021558158139,-0.010632856728880178,-0.3368200038957446,-0.9948520670675437,0.8441022326020643,0.8437213120532054,0.026232303442862828,0.2778502245977747,0.24386816821010152,-0.7317837209671136,0.0086182922391113,-0.0003077908279713,0.0374277200885426,SPY
2017-01-25,0.8167114117511668,0.1898557564650684,0.13884525500555833,-0.9141950266083847,0.8490082396991753,0.8467682166027717,0.39419912728811,0.41993135965647077,-0.039688278707544836,-0.017018226069002582,-0.0010459878772737,-0.0085305574502489,0.0294862177051031,SPY
2017-01-26,-0.16588797720250562,1.0158629825621963,0.4462398256779541,-0.9138148166498488,0.852526062679364,0.8491836361815832,0.312363097648481,0.39717173424417823,-0.6325545407934059,0.6977472688291085,-0.0015712285409943,-0.0068258366277342,0.0318004372317251,SPY
2017-01-27,-0.21929093624448076,0.46850535110516145,0.57403622709629,-1.0151236545219444,0.8563750213288533,0.8527909471225757,0.19001639389309957,0.07498901079174426,-0.6381440446832723,1.4125127637272195,-0.006220872484258,0.0016147275489393,0.0349332890859273,SPY
2017-01-30,-0.6920356458847915,-0.28139043121533985,0.32287067551535625,-0.9499750411936794,0.8571637970583319,0.8553168730931624,-0.13693045312815225,-0.15262942363405083,-0.10920165836477568,-1.4465492158652247,-8.799416455662623e-05,0.0060460449470207,0.0384511723617677,SPY
2017-01-31,-0.0684855814315761,-0.662235048397883,0.14952303699623845,-0.974821044393153,0.8591828349398607,0.8584742840345038,-0.18249824303009166,-0.15899542419421242,-0.19717680243834712,-0.7317837209671136,0.0003955256168337,0.0061779220798658,0.052439682913417,SPY
2017-02-01,-0.019324522768174573,-0.5530767055192735,-0.16114339549020204,-1.0402280146851046,0.8605552824666219,0.8603529622568127,-0.18853258306861695,-0.30964474335402514,-0.10934252690908051,-0.017018226069002582,0.0006587329452409,0.0070919938232796,0.0457268001050401,SPY
2017-02-02,0.007436638637170214,-0.06614418560633804,-0.555395271356644,-1.0851290651013936,0.8634894058463642,0.8612922457182676,-0.16988010205922588,-0.07444551070758028,-0.337399334558784,0.6977472688291085,0.0068693356356792,0.0123481202336437,0.0456975876997374,SPY
2017-02-03,0.6388891974586346,-0.011188950491169572,-0.47366008258403053,-1.0274872661471108,0.8675909006238357,0.863612949507679,0.12354042262822505,0.18824453320255816,-0.04313147110073826,1.4125127637272195,-0.0017895550861766,0.0094171925492441,0.0358458194954067,SPY
2017-02-06,-0.2414889196746982,0.46524982748894006,-0.06896560286852998,-1.0332262377992478,0.871976237890636,0.8649705935013107,0.021119902480623298,0.32860979259765344,-0.6126003959782065,-1.4465492158652247,4.388296828850002e-05,0.0166348487837897,0.0346440204944462,SPY
2017-02-07,-0.05507719626578532,0.28506855024473254,0.14350001570076865,-1.0532980719432912,0.8740900011479253,0.866928196910645,-0.0025238550600829835,0.21507151806573452,-0.703346492399944,-0.7317837209671136,0.0013095973602474,0.0205781805609319,0.0327418196740705,SPY
2017-02-08,0.07361218081674656,-0.21724929945216528,0.14982304654870818,-1.0530039132850744,0.8735694147271023,0.8691226176183305,0.030465681992589175,0.6301368100540932,-0.949059243852455,-0.017018226069002582,0.005914859355605,0.0244755082948904,0.0326995133342764,SPY
2017-02-09,0.5418444307220408,0.010832216695205078,0.1936494757873846,-1.0206620106563342,0.8755726882153063,0.8718853191499941,0.2740561496796871,0.7370169646828408,-0.3880623412495262,0.6977472688291085,0.0039384079512796,0.0177088132359886,0.0302830243168052,SPY
2017-02-10,0.34089206605556543,0.44290557185708984,0.44566169895604013,-1.0245022426429964,0.8795794020106923,0.8758162191840632,0.40931868222688367,1.1530318100245194,-0.36872686185044845,1.4125127637272195,0.005428101148369,0.015345382631076,0.0268492410459755,SPY
2017-02-13,0.49235411057006384,0.6363723714521619,0.30513433259824796,-1.0011908152247813,0.8878138091396333,0.8803313297687364,0.608425794059544,1.1250761450664748,-0.7533685484237922,-1.4465492158652247,0.0039872147454307,0.0158552443432444,0.0175870453352242,SPY
2017-02-14,0.3458544145732114,0.6005494967072657,0.6511948059819053,-1.0261639830433957,0.8975467789419319,0.8862119170423144,0.7212379082061112,0.9511881779895525,-0.15547109762247982,-0.7317837209671136,0.0052069250942059,0.0109794082757161,0.0222159761993525,SPY
2017-02-15,0.4698664081178776,0.6041414231454504,0.8402632815592214,-1.0094107562109031,0.9090623207258923,0.8926609381765463,0.8854886688794504,1.2648031682863166,0.4265716322723773,-0.017018226069002582,-0.0008518357032967,0.0064492730371821,0.0150402793216848,SPY
2017-02-16,-0.1461478822118414,0.5878640148407313,1.027126029897061,-1.042458518957424,0.920025719499218,0.8996151194625301,0.7524632877544366,1.3433543854257715,0.3496536797222253,0.6977472688291085,0.0015749773463671,0.008569340389827,0.0141344840605182,SPY
2017-02-17,0.10059424353238017,0.23173504663431876,0.7026875114596648,-1.0470238600039117,0.9290960843249594,0.9062061864560128,0.7409061870306797,2.1905403482147507,0.06231894798923417,1.4125127637272195,0.0059379628605373,0.0085559863566677,0.0114619828475115,SPY
2017-02-21,0.544193440638535,-0.035557435170162514,0.5893695745328765,-1.0558112545348564,0.9410219173827977,0.914368133181102,0.9182195310674701,2.262977947689457,0.492698250518933,-0.7317837209671136,-0.0008886213220975,-8.49657122872216e-05,-0.0073986594610362,SPY
2017-02-22,-0.14988799799083946,0.464136457771898,0.613815596861939,-1.0707353345498332,0.9526005445432189,0.9212196685954358,0.7852374315165392,2.140764144734377,-0.5268916863455235,-0.017018226069002582,0.0006767898556718,0.0147041719969029,-0.004159669565011,SPY
2017-02-23,0.009272544565198135,0.282828397198618,0.38003691818312796,-1.1442688423600595,0.9639582477717954,0.9266424536119628,0.7464601762408811,2.1412422060328478,-0.07941010071546081,0.6977472688291085,0.0012682316493481,0.0077100249496879,-0.0059041308160461,SPY
2017-02-24,0.06940639189467518,-0.10436659769359066,0.16283334209209227,-1.155125795795046,0.9736440078036095,0.9324915292429162,0.7305666889588831,2.0719009230136063,0.2183663383572901,1.4125127637272195,0.0015616233132078,0.007071313840278,-0.0078989346341344,SPY
2017-02-27,0.09923649472291134,0.054366573500328204,0.26448289255834845,-1.1727926236299915,0.9824779345326465,0.938916857517373,0.7213220308449315,2.3521107178997305,-0.7721338088532576,-1.4465492158652247,-0.0027029892084176,0.0025272579584187,-0.0104873301673382,SPY
2017-02-28,-0.33436079420177606,0.11948571817667246,0.2638426150379853,-1.2532360461425085,0.9883144856865048,0.9459578245105078,0.5004387027441911,1.9581887501240731,0.8092690648802954,-0.7317837209671136,0.0139005163870926,0.0022388930796992,-0.0005340331433973,SPY
2017-03-01,1.353772647313142,-0.1727755015772598,-0.15045973828769812,-1.0401512000287074,0.9979054925393946,0.9556273494334548,1.0408401701039118,2.119321096953744,2.6136455203103415,-0.017018226069002582,-0.0063173571915431,-0.0135199411594806,-0.0135001972293142,SPY
2017-03-02,-0.7018455658457183,0.735302912932229,0.55862584715244,-0.9423901346259745,1.0031899562889437,0.9640339044148967,0.628043356025781,1.3927739276378948,-0.2545780915975843,0.6977472688291085,0.0006295205399382,-0.005935292947484,-0.004003570050771,SPY
2017-03-03,0.0044665165737963934,0.4693042104621428,0.2232818297289624,-0.9422681595559562,1.0090266464586162,0.972440501133612,0.5494253204350016,1.3143130905394096,0.16341924710758068,1.4125127637272195,-0.0029824325686513,-0.0030664431492883,-0.0069633679346212,SPY
2017-03-06,-0.3627727267726527,-0.5073721247394387,0.1926579455073961,-0.9398874048120262,1.0131596978259003,0.9790473587294697,0.32245093156724797,0.8672623273147281,-0.7996071456316,-1.4465492158652247,-0.0029913540871371,0.0004206140998128,-0.0057216247161173,SPY
2017-03-07,-0.3636798071249516,-0.26193900153054167,-0.02521307500914449,-0.9273139495445255,1.0139640989328884,0.985417440764251,0.0993001733532245,0.4414616250693752,-0.4247556731954082,-0.7317837209671136,-0.0018583178520872,-0.0004221263754322,-0.0020933378086285,SPY
2017-03-08,-0.2484802579795521,-0.5284165591853208,-0.03903912645771056,-0.9150595831315971,1.0144057521744374,0.9914322690266555,-0.06481789105966895,0.017683581820726726,0.06845856015762057,-0.017018226069002582,0.0012672910204534,0.010052337086214,-0.0032118218133678,SPY
2017-03-09,0.06931075503750285,-0.44568755720499775,-0.7946181481743749,-0.915023273875007,1.015068273741506,0.9974470694642095,-0.08127055905449465,0.15972534460351492,0.5291459967115384,0.6977472688291085,0.0034983703381339,0.0068162742822988,-0.001671792106527,SPY
2017-03-10,0.29615198354693334,-0.1322734061865181,-0.4309617387530833,-0.9339022054349615,1.0165668920211886,1.003043620668987,0.012851894591194773,0.2628758156863121,0.22163432942301559,1.4125127637272195,0.0005046246804498,0.0015602729797015,-0.0061903389073174,SPY
2017-03-13,-0.008232059392361648,0.26195101002898247,-0.29341078218654115,-0.940792540787279,1.0176711224361321,1.0080165752479868,-0.02620339516379823,-0.04822833824179481,-0.6737589542978156,-1.4465492158652247,-0.0038340945623822,-4.187556738788345e-05,-0.0060998833130643,SPY
2017-03-14,-0.4493640242678743,0.2058227303945686,-0.12621901755745002,-0.9334392885295436,1.018349436199688,1.0112765485864268,-0.24760567851986082,-0.28393464088551335,-0.5615866556461927,-0.7317837209671136,0.008616145609559,-0.009130460453016,-0.0034563036314869,SPY
2017-03-15,0.8164931568101884,-0.3338085851080975,-0.16662537085632165,-0.8735313034507002,1.0170401018525492,1.0154206147963474,0.1060643872921895,0.16274199652458318,0.9385904653528817,-0.017018226069002582,-0.0019687717834617,-0.0153962374886473,-0.0164639088840106,SPY
2017-03-16,-0.2597104752506872,0.26315720594456804,0.3355872125897934,-0.8852659781415415,1.0173713765376655,1.0182306742227114,-0.02234691277426629,-0.03664001043640526,0.2847943450798138,0.6977472688291085,-0.0017576309644633,-0.0144951371005488,-0.0210111026758408,SPY
2017-03-17,-0.23824308841664227,0.4004352698266207,0.1804297224807286,-0.8808677167243713,1.0168053319456158,1.0208680526299738,-0.13828514072966494,-0.23302647051673997,0.7924593255307236,1.4125127637272195,-0.0010975238666395,-0.0134640783048256,-0.0104325648258125,SPY
2017-03-20,-0.17112781204277513,-0.3630207814906348,-0.07157650222366152,-0.8783175039473514,1.0169473783045129,1.02300726883526,-0.21669198789787364,-0.12928686739014192,-0.9070420395100118,-1.4465492158652247,-0.0129226794480103,-0.013393326658182,-0.0123239327000277,SPY
2017-03-21,-1.3734305711316106,-0.29890146201722234,-0.14839372191652994,-0.7288468050172517,1.0133930497715289,1.0216312326157784,-0.8026182917329147,-1.7764610402978307,2.6068949209702406,-0.7317837209671136,0.0023503685739276,0.0067796606053516,-0.0012413436517233,SPY
2017-03-22,0.17943083945319252,-1.120591014244536,-0.5841584474314782,-0.7220707412946518,1.0114042061248332,1.0208570339893746,-0.6838896687020009,-1.307626325257934,1.0631783947343252,-0.017018226069002582,-0.0010676713953632,0.0053636443325997,0.0045143031284062,SPY
2017-03-23,-0.1680926123505479,-0.8668440466615045,-0.8845797610275431,-0.7222711011185916,1.0085460687891046,1.0197583697871195,-0.7198810619756628,-1.4123255487484778,1.1598623951957057,0.6977472688291085,-0.0007265721687401,0.009610585714963,0.0023899997674412,SPY
2017-03-24,-0.13341192350294456,0.0056229446628419085,-0.8413752612927069,-0.7247870793405338,1.0041092122615811,1.0182881047131114,-0.7353954592831756,-1.3018720148698328,1.6425281190909802,1.4125127637272195,-0.0010267722199959,0.0080068805397912,0.01405434354941,SPY
2017-03-27,-0.16393425764221498,-0.22082390550519723,-0.7919397266344372,-0.7286520163551122,0.9991028635498181,1.0163355236892018,-0.75885128630426,-1.1962031130582809,0.5110285619272267,-1.4465492158652247,0.0072503078155232,0.0072929634096396,0.0208831781153522,SPY
2017-03-28,0.6776239016078236,-0.21781393871968546,-0.7885474414473196,-0.6776201412589582,0.998225395730913,1.0162358689889266,-0.4198388262774419,-0.5270190055830198,0.7548052848878649,-0.7317837209671136,0.0009343523011757,0.0006795884144681,0.0130036219467744,SPY
2017-03-29,0.03545977201739791,0.36924297841767595,0.17867422928945972,-0.8962357329200038,0.9944626546893574,1.013697853121015,-0.3443710105491988,-0.5492227638729544,-0.6428053413857066,-0.017018226069002582,0.0031792699870001,-0.0032315657435342,0.0129080078761223,SPY
2017-03-30,0.2637079932793728,0.5135715527215138,0.11078137796161659,-0.9226073104170145,0.9926295921639969,1.0129463734846358,-0.18579909253902538,-0.5710884556047967,-0.8511195303925608,0.6977472688291085,-0.002330277343912,-0.00360351500324,0.0075470989795878,SPY
2017-03-31,-0.2964659436895191,0.21396432259179154,0.3144068344053474,-0.918371524236021,0.9905858094675503,1.0116404419747294,-0.27879440251508525,-0.7468859603458161,-0.07228772953463476,1.4125127637272195,-0.0017406893501474,-0.0022934141219845,0.0123941960102387,SPY
2017-04-03,-0.23652057834095966,-0.026295455519622705,0.23751498003418758,-0.9246838276872346,0.9883043931383969,1.0105699226082483,-0.3469463982776586,-0.620298607089266,0.46028888045271366,-1.4465492158652247,0.0006369328203517,4.23555028659095e-05,0.0145117743721367,SPY
2017-04-04,0.005220147689342196,-0.3883788974925477,0.2032852395216819,-0.933615220440035,0.9910769245357733,1.010178719129672,-0.31220323598214417,-1.29126968090884,-0.8448864102589786,-0.7317837209671136,-0.0029768018568265,-0.0017850921982907,0.0126594955092036,SPY
2017-04-05,-0.36220023364002485,-0.1700076477097085,-0.11380213720024032,-0.9271990279156477,0.991869147857443,1.0095799422700944,-0.44401336277463727,-1.3474813702607127,1.4691162665654776,-0.017018226069002582,0.0028073207272942,-0.0031997499844287,0.0168096758658329,SPY
2017-04-06,0.2258906793245391,-0.26097910507619254,-0.30132781249030866,-0.9189164899360028,0.9941031597939701,1.0092676361536927,-0.30871705268992666,-0.9790400021049697,-0.323412685965011,0.6977472688291085,-0.0010201764626565,-0.012523036287015,0.0179314992492516,SPY
2017-04-07,-0.1632636451337475,-0.10124983296034196,-0.3191614322562954,-0.9351429095251852,0.996226125898156,1.0081097884954873,-0.3419896948959334,-0.9736752566243196,-0.08484700773721963,1.4125127637272195,0.000595080274703,-0.0026819529387935,0.0187851053566898,SPY
2017-04-10,0.0009648606648233844,0.04274762897467019,-0.25634684031470956,-0.9349472723701474,0.9989511416902558,1.006968232286957,-0.2997811399588475,0.27442852019257263,-0.3878792723912657,-1.4465492158652247,-0.0011905148808049,-0.0062659249543512,0.0172716695038275,SPY
2017-04-11,-0.18058251664536518,-0.12006177302545706,-0.14435514719110526,-0.950239213160343,0.9985392100297713,1.0063230296651537,-0.34746236371070105,-0.09319903368289484,0.5158495563082737,-0.7317837209671136,-0.0043914596429646,-0.0069155004732524,0.0202562064390257,SPY
2017-04-12,-0.5060331792394751,-0.13259779548355222,-0.23197464526573847,-1.0420808797120125,0.9961469146872546,1.0032431109310633,-0.5141572822906495,-0.46782711559232326,0.2216880851099769,-0.017018226069002582,-0.0065159655752919,0.0055819745237695,0.0226031769293406,SPY
2017-04-13,-0.7220387384527274,-0.4995812222147428,-0.29980236208101757,-1.0001937182781153,0.9901581690200665,0.9993291562306434,-0.7685175806578062,-0.955446360654412,0.6987941979865346,0.6977472688291085,0.0088209068855649,0.0089059653427332,0.0274465083856894,SPY
2017-04-17,0.8373119143649966,-0.8915067210614387,-0.7468201704274284,-0.884036649832663,0.9883045321542111,0.9973789264065591,-0.332822227527112,-0.18467281878263095,-0.42488444444130136,-1.4465492158652247,-0.0029888917408547,0.0110228300703969,0.0241341183044747,SPY
2017-04-18,-0.3634294522176703,0.08085480094079167,-0.2749758692547826,-0.8773964699253922,0.9859913368099448,0.9950798286131733,-0.44377030268141865,-0.9459245986610008,0.3037540684840287,-0.7317837209671136,-0.001840090399706,0.0198137841571979,0.0262068092508656,SPY
2017-04-19,-0.24662701248622418,0.3404291076679152,-0.4468143459006243,-1.0848271419515534,0.9827594137531344,0.9948499536148976,-0.5268025817947024,-1.1451044981246814,-0.39605620773387845,-0.017018226069002582,0.0081060153540573,0.0210246262038493,0.0101435212920009,SPY
2017-04-20,0.7646265230509997,-0.4441648955323128,-0.4779591392053356,-1.0000905000283768,0.9836465848758663,0.9956903058221763,-0.15773862552288848,-0.7415120583115739,0.7657390359107479,0.6977472688291085,-0.0031919747563282,0.0137573490803157,0.0060580077456764,SPY
2017-04-21,-0.38407757546202975,0.37236261496224987,0.12124951981472079,-0.9869022319111348,0.9822997996683964,0.9961342652163532,-0.3131729861814805,-0.7930948382637829,1.575094100195465,1.4125127637272195,0.0109377716132286,0.0147676849271096,0.0157330379093663,SPY
2017-04-24,1.0525405669754908,0.27287095101713293,0.28062283976141783,-0.8511177693853873,0.9854208993181689,0.9987583433453159,0.16884827556157234,-0.03336861025569431,1.8949691897783782,-1.4465492158652247,0.0058020623459462,0.0063467330006199,0.0098598777552245,SPY
2017-04-25,0.5303759849162712,0.4812734972348395,0.382118835960049,-0.8275070490712205,0.9905066816661365,1.002666788725436,0.39443549337341977,0.19504235627389888,-0.08240593596352999,-0.7317837209671136,-0.0006292483530545,0.0009215596664242,0.0062680235583973,SPY
2017-04-26,-0.12351668860995164,1.1431878928753234,0.8036132427193478,-0.8722990649218416,0.9957983464348585,1.005108558437198,0.3334002544122861,0.34486535482930825,0.28638905958155697,-0.017018226069002582,0.0008387382305237,0.0003354619768973,0.0092274778671743,SPY
2017-04-27,0.02573837256843705,0.2919153282549851,0.8616687330669561,-0.8723529580755898,1.0030387904926388,1.007534523634159,0.34237082971814087,0.26602138867523745,-0.9588730659095095,0.6977472688291085,-0.0021816389095343,0.0006701022461763,0.0131569125978003,SPY
2017-04-28,-0.2813533814463222,-0.07335953606561814,0.5132291177880788,-0.8721939795181446,1.0118635699811054,1.0089536466338662,0.22079949977367078,0.18729329243823475,-0.660989883409309,1.4125127637272195,0.0025168196867388,0.0067808852664237,0.0151318727032085,SPY
2017-05-01,0.19635447574780385,-0.1876074144438826,0.5616710621057535,-0.8768418692985472,1.0183751263221434,1.011284423018977,0.31060881519381944,0.2671345791955147,-0.5046807294913321,-1.4465492158652247,0.0003768890117505,0.0040974952244665,0.0117456196862022,SPY
2017-05-02,-0.021219368172735665,-0.0641093389639377,0.1579169187490614,-0.8836691266362096,1.0261383532506094,1.0140115643923409,0.29387218910782315,0.35970131787997306,-0.9123192656371248,-0.7317837209671136,-0.0012153460425814,0.0028022506345566,0.0111203276148659,SPY
2017-05-03,-0.18310718315903873,0.12418502134266174,-0.10220049211268707,-0.879393626659859,1.0341232825994806,1.016389921270952,0.20608421248253328,0.5805269559709183,-0.21221137832342854,-0.017018226069002582,0.0011733784998027,0.0058116187315313,0.0202565047117557,SPY
2017-05-04,0.059762357816479976,-0.15048298314315184,-0.13030175342185996,-0.8957016676903641,1.039541646381217,1.0195451479615683,0.22175576978722966,1.1576123672037222,-0.750829946099719,0.6977472688291085,0.0039291441107129,0.0025937510790789,0.0224060063063067,SPY
2017-05-05,0.3399501806827718,-0.0918654955652264,-0.1142569646099949,-0.8889426121063222,1.0476374825466148,1.0229223056557848,0.36549457506812527,1.0045514945203187,-0.7422021472958659,1.4125127637272195,-0.0001665703552182,-0.0030080271505772,0.0177394060077231,SPY
2017-05-08,-0.07647468315467994,0.2867422477623058,0.17873294735202372,-0.8920460735117242,1.0515825289268443,1.0264581345571269,0.3127890136737141,1.3021075824393125,-1.3356906740331298,-1.4465492158652247,-0.0009183555781593,0.0026670600089913,0.0147039613618122,SPY
2017-05-09,-0.15291117835041762,0.18812897471543105,0.050074114343587516,-0.8881771682967189,1.0529925385265886,1.0297085639720178,0.22813678177689167,1.4050286530745884,-1.1736302835694188,-0.7317837209671136,0.0017940220543932,0.0026692147926867,0.0174709508409316,SPY
2017-05-10,0.12286524495907426,-0.16862181366144954,-0.012028172238929413,-0.8927466125538882,1.0553214704610168,1.033521834452711,0.26509298909981016,1.1915838419968143,-1.0401788821581985,-0.017018226069002582,-0.0020444891526496,-0.0170281856202771,0.0161694363808591,SPY
2017-05-11,-0.26740891111980813,-0.02433240000346831,0.13226012778292734,-0.9173398661411202,1.0565572932456335,1.0377632737252067,0.11484758295200378,1.3424495841822364,-0.6680714751832308,0.6977472688291085,-0.0016726341189432,-0.0109631946598947,0.0166947970093103,SPY
2017-05-12,-0.22960117743462902,-0.10720997943669454,-0.02202497071812956,-0.9838033704638078,1.0579830950418645,1.0428925622239322,-0.02843763959479389,0.4635197999773695,-1.0100375869997709,1.4125127637272195,0.0055085168043502,-0.0028075051335898,0.0181620092518173,SPY
2017-05-15,0.5005302368286012,-0.3623378602508797,-0.2906099466368532,-1.0373509178929765,1.0605497718216503,1.0474352194101046,0.174927400661247,0.4416907081085877,-0.6358399255963848,-1.4465492158652247,-0.0009162007944638,-0.0032514104788532,0.0175313212348902,SPY
2017-05-16,-0.15269209435067552,0.19352413102690316,-0.018510073061005047,-1.056497043812148,1.0626252501237234,1.0523584092448792,0.0699251994175982,0.3951892244592649,-1.0721881214693603,-0.7317837209671136,-0.0179033783585707,-0.0001250015352702,0.0171792270222592,SPY
2017-05-17,-1.879834736484955,0.24919369310692657,-0.018406758987649697,-0.654601585493633,1.0584109579146517,1.0542451984109633,-0.7915855677089705,-1.3218563805703003,3.5784666902581543,-0.017018226069002582,0.0040205018077328,0.0201085827790228,0.0331565889649292,SPY
2017-05-18,0.3492388205180115,-1.4738001372881258,-0.9628257628620899,-0.7000691791857023,1.0552582182655792,1.055378894099369,-0.6186801092287549,-0.8538358793712416,1.0927374776775134,0.6977472688291085,0.0064830554073616,0.0208562539324397,0.0293543347751006,SPY
2017-05-19,0.5996148064291105,-1.1104844780094385,-0.6720314143072404,-0.678902078315251,1.053056096556818,1.058328049950883,-0.35237720145353363,-0.5679190072781017,1.343113679332738,1.4125127637272195,0.0050646114590868,0.0141665197209519,0.0311619253451063,SPY
2017-05-22,0.45539690917705933,0.684230329640357,-0.28099564223283163,-0.7674091358100879,1.0528342829237622,1.0601911184323423,-0.13778434994442648,-0.282991468747428,-0.6237704174885379,-1.4465492158652247,0.002210208149119,0.0082324749315976,0.0193301225718958,SPY
2017-05-23,0.16518026454084886,0.7610713745459429,-0.3022792956692659,-0.7953506699592326,1.053800665257396,1.0613802412219482,-0.04850381698143871,-0.08814963816654126,-1.0749961229509915,-0.7317837209671136,0.0023302059557224,0.0057738637228927,0.0168732468061376,SPY
2017-05-24,0.17738083923697917,0.4466120190371195,-0.1523793109860321,-0.7923565302850781,1.0549731246339242,1.0631323024643318,0.03960185730664308,-0.029986620077414018,-1.0849835619410233,-0.017018226069002582,0.0047681729611497,0.0113644888214787,0.0140902273126268,SPY
2017-05-25,0.42525702463030485,0.24537398258986665,0.8177477688461654,-0.7732936773321177,1.0587437617737223,1.065637485009244,0.23393206170076308,0.012035080284087559,-0.45092876945608035,0.6977472688291085,-0.0002066788041261,0.0099191959546827,0.0105156938786992,SPY
2017-05-26,-0.08055264208324667,0.43362690098139495,0.8535958925138407,-0.781370740198917,1.0630690720119733,1.0685152840329324,0.18818741710653614,0.009337309961974809,-1.0925753153486524,1.4125127637272195,-0.0008694333302674,0.0093884185709383,0.0113802487835812,SPY
2017-05-30,-0.1479370912683058,0.24692536489365882,0.5328473679501651,-0.7824808411134399,1.0649701688767788,1.0707509133434694,0.11916099225160302,0.012006760892247205,-1.4603593034068358,-0.7317837209671136,-0.0002484030595857,0.0070558369000766,0.0041606864229004,SPY
2017-05-31,-0.08479488541905818,-0.16797316385475528,0.2483314139961655,-0.7817953173849819,1.0671248861929163,1.0728676609823795,0.08106881472454153,-0.09166558899345105,0.6196869997408628,-0.017018226069002582,0.0079208310543084,0.0091528738606223,0.0133195711117473,SPY
2017-06-01,0.745798221554587,-0.17104385224773958,0.1304499118710718,-0.7322655138824423,1.0790707653311544,1.0767364698636734,0.4084189042639466,0.390889145744571,-0.2331847282599268,0.6977472688291085,0.0033228800943536,0.0017245504006346,-0.0034288879542545,SPY
2017-06-02,0.2783093088490527,0.4758739302200558,0.39850013555272495,-0.7270359775735931,1.0907948030331747,1.0810254618048194,0.5130177136677039,0.6209350161858873,0.49387457945812197,1.4125127637272195,-0.0007374561878705,-0.0031174582179174,-0.0048890492056576,SPY
2017-06-05,-0.13451853779993284,0.738701813140734,0.3292035775831786,-0.7327275527900904,1.0997938249430947,1.0844265627824612,0.43532897576652463,0.37090434213517115,-1.0998583951077865,-1.4465492158652247,-0.0032020150011291,-0.002585423906483,-0.0024572916559435,SPY
2017-06-06,-0.38509840042648663,0.10149686256972715,0.3037547245606724,-0.7171963445004367,1.1056399959912915,1.087240935060575,0.248092517857494,0.21559254537478895,-0.863855643904484,-0.7317837209671136,0.00184863390096,0.0054944198820692,0.0030540556441502,SPY
2017-06-07,0.12841781239502748,-0.37870151160106413,0.19191588228374296,-0.7191093801178808,1.1113594958296378,1.090586483725191,0.2941990502409424,1.8711113494857274,-0.7232035122761736,-0.017018226069002582,0.0004925075943207,0.0023774909740144,-0.0079811676462426,SPY
2017-06-08,-0.009464043697759278,-0.1883787189824676,0.29246120886719423,-0.7199120973148163,1.1163819147695169,1.0936863389643063,0.2790433628699947,1.804873994154227,-0.2978159999449923,0.6977472688291085,-0.0015191285241984,-4.1033036207061e-05,-0.0020092834123532,SPY
2017-06-09,-0.2139937548660837,0.08351894645287235,-0.06369999491894171,-0.722707439268237,1.1189960515482524,1.0968812160661723,0.16740944896284843,1.4159137377095217,2.027127385288611,1.4125127637272195,-0.0002054218764362,0.0016963431058956,0.0005829404464536,SPY
2017-06-12,-0.0804248460792835,-0.16433086837007502,-0.295856769945696,-0.7281563278592159,1.1216101327206607,1.100353618221939,0.11473198429838358,1.1777645159716106,0.39809883539839924,-1.4465492158652247,0.0048778287874231,0.0101924109596991,4.528440445472626e-05,SPY
2017-06-13,0.43640609591071766,-0.21569485081561204,-0.2703476517931704,-0.7337479998938908,1.126442322420461,1.1037228875711806,0.3041693753860424,1.2994928767976757,-0.49966961515097913,-0.7317837209671136,-0.0012682950070947,-0.0014526091418476,0.0026543804505765,SPY
2017-06-14,-0.18849067986546073,0.2550879672571669,0.11705159187673972,-0.7323227086567535,1.1308784560657505,1.1070208835671467,0.20318880958953398,1.0044163581380212,0.13636304087093853,-0.017018226069002582,-0.0019260164159007,-0.0004309817513918,0.0056013584175111,SPY
2017-06-15,-0.2553633953301972,0.17686602777411983,-0.03239385944054071,-1.198256819320024,1.1315281047684287,1.1133235599028022,0.034397435116391255,0.4269372198983575,-0.2671726213613028,0.6977472688291085,0.0002182476179042,0.0010422211267204,0.0121807481734999,SPY
2017-06-16,-0.03734896445708279,-0.3238616248448108,-0.14835332559814055,-1.205811608613699,1.1309787420740773,1.1189152556712552,-0.023967681645576232,0.4724248749585386,0.4085334115991311,1.4125127637272195,0.0082906459773672,0.0020176130360383,0.0118403128898405,SPY
2017-06-19,0.7833985304288554,-0.2144598120625178,-0.06505243253207296,-1.168758039553983,1.133930520462216,1.1248953167835842,0.2947565728347821,1.0681984396926132,-0.2916397020805261,-1.4465492158652247,-0.0067671913141236,-0.0056151568405731,0.0040790627007991,SPY
2017-06-20,-0.747581691936344,0.5374334519526671,0.3423032474620179,-1.0886169489723752,1.1354910841886834,1.1286015728911778,-0.07074172582939095,0.3547783589466527,-0.5743264588862053,-0.7317837209671136,-0.000246667616639,-0.0069369612173977,0.0162454154116744,SPY
2017-06-21,-0.08461843718303279,0.02334144450392607,-0.21603328699571714,-1.0891890017289125,1.1362432431527139,1.131839926321168,-0.12188922326748743,-0.18606372034247926,-0.5886694566151704,-0.017018226069002582,-0.0004528135377883,0.0022201880285024,0.0169374313722983,SPY
2017-06-22,-0.10557797619858471,-0.6049604741684829,-0.16704995405853929,-1.0905817459642386,1.13663012416349,1.1345466859919067,-0.17616611162772014,-0.525571206648527,-0.9997860252471965,0.6977472688291085,0.001193639527222,-0.0061546264454026,0.016499562010976,SPY
2017-06-23,0.061822363623640374,-0.14025508079050314,-0.09641521213919506,-1.116768713925834,1.1380650453971295,1.1365727941819417,-0.1447126875183833,-0.3406135236542633,-0.14267829253738473,1.4125127637272195,0.0006578761007558,-0.0054855471296741,0.0150631220770165,SPY
2017-06-26,0.007349520418601601,-0.0342559591697577,-0.04964870305310633,-1.117646250606112,1.1398339104195159,1.1387659766838023,-0.14046679578821528,0.06868258082331506,-0.5306502039104798,-1.4465492158652247,-0.0080889956909482,-0.0044491218685864,0.0168330011012649,SPY
2017-06-27,-0.8819739236745492,0.04748502682808878,-0.4156123719912619,-1.0140944798678766,1.1365969827933968,1.1395642298930317,-0.529043130520864,-0.8723850177905854,0.4271360496816845,-0.7317837209671136,0.0089104816292611,0.0059492061213264,0.0249623694886729,SPY
2017-06-28,0.8464192754267215,-0.6356686905200826,-0.47898810415417076,-0.9207800860229838,1.1372899488237638,1.142130780144619,-0.14275796261856546,-0.2122635567309222,-0.023081507653459232,-0.017018226069002582,-0.0088276280116934,-0.0121478648973676,0.0151218435247075,SPY
2017-06-29,-0.9570731197124586,-0.028319806059915624,-0.03993596591105668,-0.8920703071707251,1.1353205117847238,1.1414703712422904,-0.5481694309166009,-0.6839868989868085,1.322190026872414,0.6977472688291085,0.0018627188429505,0.0031441549425359,0.0227757080140325,SPY
2017-06-30,0.12984987512775484,-0.0826793067632103,-0.44147798553071643,-0.9019762162442213,1.1339831796526156,1.140526287994211,-0.4498267553957745,-0.5581888513771511,0.5939372857626906,1.4125127637272195,0.0016943013618435,0.0023545314341939,0.0203456535711357,SPY
2017-07-03,0.11272631165153842,-0.6013580260380631,-0.4093980558128119,-0.8980639825423579,1.130082673939239,1.1400515543159335,-0.3648428597960955,-0.7601588475682747,-1.1722222705454908,-1.4465492158652247,0.0023093322989646,-8.284784608481033e-05,0.0208780944976805,SPY
2017-07-05,0.17525854537458693,0.17300130148742074,-0.3597052185781815,-0.9042486924808778,1.1297007140882855,1.140641315924111,-0.263769596654453,-0.5385490655523966,-0.5877966993893357,-0.017018226069002582,-0.0091865893894329,0.0050947446884954,0.019053605011277,SPY
2017-07-06,-0.99356991266311,0.20586973114375248,0.13885694476850544,-0.8131486271616969,1.1258797810269274,1.139105732014729,-0.6743003126163872,-0.9115754782902206,-0.17915760411434797,0.6977472688291085,0.0064643918282101,0.0159600170377682,0.0262985625435447,SPY
2017-07-07,0.5977172184816275,-0.5949072885374186,-0.7288320612016144,-0.7647333510080603,1.1247176366238099,1.138717797956027,-0.36801835318214887,-0.5722246715111963,-0.4367111761776537,1.4125127637272195,0.0010730953346085,0.0141489985496461,0.0216545433197161,SPY
2017-07-10,0.04956623605102146,-0.2891164978306311,0.004364900917550358,-0.7657663222963422,1.1235075873711367,1.138830321649427,-0.31912529648711285,-0.9757002654083734,-1.1817839034606772,-1.4465492158652247,-0.0007430779184351,0.0129537155492824,0.0224388843430451,SPY
2017-07-11,-0.1350901177780703,0.4659429861755429,-0.03349468621321581,-0.7652059203798861,1.1217561827350062,1.1388390586523283,-0.3540371150106899,-0.6710305942320275,-0.6558928762887596,-0.7317837209671136,0.0074869248335449,0.0142261892560435,0.0207181502418887,SPY
2017-07-12,0.7016815380302176,-0.06448933550582167,-0.15035819427441277,-0.7317909333301099,1.1260229117091747,1.139354360961905,-0.008451531734091983,-0.23751247080207133,-0.31071524007662044,-0.017018226069002582,0.0016786829598398,0.0121384258192502,0.0131907543263567,SPY
2017-07-13,0.11113833695704983,0.40753518788156523,0.09788861400784958,-0.7317982258494274,1.1275035135393434,1.1404419926111358,0.05750581772358203,-0.13160539658812404,-1.0109764099577643,0.6977472688291085,0.0046533733400879,0.0109050912033952,-0.0027037963931615,SPY
2017-07-14,0.4135849666861036,0.5857642044956782,0.6188390680673214,-0.7193916291439022,1.1342060776090204,1.1428104021058723,0.24876810436089383,0.020789304626694757,-0.2516959097403246,1.4125127637272195,-0.0001221876657551,0.0053610349641965,-0.0058815565603111,SPY
2017-07-17,-0.07196214802310559,0.37722953836299467,0.5320072912494627,-0.7190079359221943,1.140144471748324,1.1451127275818584,0.21477287207793663,-0.013589795331935526,-1.1739595220580525,-1.4465492158652247,0.0005293957883258,0.0052404222232143,0.0041050859950138,SPY
2017-07-18,-0.005713498757783544,0.24469481805747537,0.47469780081494883,-0.7844162824256977,1.1456370699748164,1.1459093947746375,0.23011283275661842,0.5295414623246294,-0.8171080132576196,-0.7317837209671136,0.0053991613967516,0.0071387815598926,0.0034539174200345,SPY
2017-07-19,0.489411710110508,-0.05880850061565027,0.5357083060288657,-0.8163000947577099,1.1523554818473063,1.1490800920818534,0.44776567840444764,0.3912926590942783,-0.4924607235181764,-0.017018226069002582,0.0004453483439847,0.0017799928596007,-0.0002023102050259,SPY
2017-07-20,-0.014258880975406415,0.3475341001842858,0.4356076113197242,-0.8174287848658036,1.1627834473108576,1.1523861851091692,0.42836749117445855,1.213624116892392,-0.6194409119091274,0.6977472688291085,-0.0008906828991106,0.0004046001809117,-0.0163614653368622,SPY
2017-07-21,-0.15009760535827482,0.3413486450106466,0.3764736837491071,-0.8159545140500031,1.1703774919935057,1.1556046437714105,0.3465509177273773,1.0506204990378618,0.7122938068203153,1.4125127637272195,-0.0002428004067374,0.0001215195576538,-0.0170348193196927,SPY
2017-07-24,-0.08422524513556456,-0.12155121168613166,0.11065626819807288,-0.814949592560908,1.177462266142603,1.1585442974366498,0.2990611912673547,0.9582426332582111,-0.6286001550837047,-1.4465492158652247,0.0024277551250042,-0.000203015635555,-0.0160098384886149,SPY
2017-07-25,0.1872989865769684,-0.1721953839599873,0.10487332413922101,-0.8120125304360969,1.1857888129531617,1.1618344329124912,0.37418893773082407,0.9648952973069277,-0.31037894289094403,-0.7317837209671136,4.037269645973396e-05,-0.0004040284721709,-0.0080350434074167,SPY
2017-07-26,-0.0554340972364183,0.07202441124709182,0.19589277828818094,-0.9080883967553209,1.1912336175427496,1.1666939873153142,0.31674872923332026,2.248030152518057,-0.5717052710462572,-0.017018226069002582,-0.0009300443347042,4.04416439305777e-05,-0.0116673040653543,SPY
2017-07-27,-0.15409961296741245,0.09286448020977689,-0.061041729829572226,-0.9831588681363614,1.1956595474272813,1.1696495567947538,0.23660144798454097,1.9506588790578427,0.2884935762907857,0.6977472688291085,-0.0011737635223685,-0.0009711458785304,-0.0130704678678972,SPY
2017-07-28,-0.17887935051550058,-0.15425211212590473,-0.12698682696476396,-1.1144322738506518,1.1978088153235045,1.1740789251041506,0.12720076462455598,1.679481644386407,-0.47066116408319303,1.4125127637272195,-0.0005673355999462,0.0020229902482196,-0.0095634962082815,SPY
2017-07-31,-0.11722181380913604,-0.2436062289004198,-0.1405595175040408,-1.1111536333464194,1.199782895490738,1.1780382482224943,0.05242769361308591,1.7116838528193843,0.11546622321223865,-1.4465492158652247,0.0022267422883883,0.0044477622061034,-0.0089550301490817,SPY
2017-08-01,0.16686134527808294,-0.21691275074030056,-0.15611980451992202,-1.1096063945609336,1.2024257807398382,1.1821091629017648,0.10840913077943862,1.488371969821371,-0.2831807192521691,-0.7317837209671136,0.0004848428125612,-0.0002427921018766,-0.0100377955998816,SPY
2017-08-02,-0.010243347461997137,0.03334680712052098,-0.16575764194733303,-1.1118811909393183,1.2031422682459592,1.1858295122958824,0.08635115410859297,1.4213350030748464,-0.5748721199176767,-0.017018226069002582,-0.0019416318571652,-0.0007681059964248,-0.0057960623071799,SPY
2017-08-03,-0.25695106899651876,0.11078167091985687,-0.14444690979486857,-1.2840143375680206,1.202919453699043,1.190936067892158,-0.06682134861760448,0.5423892343856159,-0.8009361238330799,0.6977472688291085,0.0018203726043815,-0.013042341898938,0.0021437449844654,SPY
2017-08-04,0.12554439270782367,-0.1959890063613958,-0.19294886742708686,-1.3430318360006124,1.2037632518877601,1.1951582801933032,-0.03180146987758202,0.7680182856913708,-0.08686157750333547,1.4125127637272195,0.0018574363579375,-0.0133871013303812,0.0017365283896806,SPY
2017-08-07,0.12931278736918184,-0.0977009534036157,-0.04939088520580591,-1.3417324218025797,1.2054347780370807,1.1995398454104005,0.003132674850359482,0.8899981113824368,-1.0996700439002238,-1.4465492158652247,-0.0024638120195916,-0.0053800827987489,-0.0073288095963022,SPY
2017-08-08,-0.31004285672874743,0.18189072639507498,0.06686814741152036,-1.3211118750243251,1.2051800732623978,1.203578914548845,-0.16133869162676623,-0.2743086441720014,-0.015129557118074666,-0.7317837209671136,-4.0471081987014657e-05,-0.0030380435658106,-0.001457072310548,SPY
2017-08-09,-0.06365375212491871,-0.13340300031995858,-0.15802694200575831,-1.4264928465289834,1.2048935338662754,1.2061600589342583,-0.1940999491392732,-0.35777619001219113,0.01794385150308576,-0.017018226069002582,-0.0142158677596784,-0.0012546387121323,-0.0015381964433345,SPY
2017-08-10,-1.5049133126855068,-0.27307912593450717,-0.18321384051060344,-1.0377698613132098,1.1994168946552477,1.2056342944810803,-0.8510812021716356,-1.7585637153776472,2.020121327710982,0.6977472688291085,0.0014756131729383,-0.0027525777403054,0.0115021254206846,SPY
2017-08-11,0.09049155870544795,-1.1379693620183278,-0.7717189935429875,-1.0679707961031644,1.1949750057552517,1.204487089828,-0.7691315814813292,-1.5418859914377006,0.5449301039757436,1.4125127637272195,0.0098644548895698,-0.0057922277951849,0.0206361245845236,SPY
2017-08-14,0.9434128984766402,-1.0263934387785678,-0.7882489595280224,-0.9344000782611234,1.1946088937071104,1.2052917010154538,-0.31867149909564785,-0.7516532302561468,0.5175633558956088,-1.4465492158652247,-0.0001217727866533,-0.0148745022604144,0.0141370107860776,SPY
2017-08-15,-0.07191996588982626,0.7457931813071118,-0.40434142314715776,-0.9344244395986477,1.1933191883929302,1.2059688187402071,-0.3324450353023143,-0.7639406606764175,-0.23879856355664308,-0.7317837209671136,0.0017429337716912,-0.0043501792675586,0.0147382643769029,SPY
2017-08-16,0.11767092993911028,0.6282338750662753,-0.29204912502487806,-0.9671878837283411,1.1925231560379537,1.2059290152922817,-0.25025221168858,-0.5498027190257693,-0.16782499014500857,-0.017018226069002582,-0.0157138067878515,-0.0096850010007276,0.0126754927932779,SPY
2017-08-17,-1.6572137381747578,0.030532122083442314,-0.20654132195929198,-0.7020234240573726,1.186361780532756,1.2027344303513408,-0.9443235198240503,-1.3523274295794938,2.8252715631094483,0.6977472688291085,-0.0015640368819411,0.0036955976498767,0.0297347069839855,SPY
2017-08-18,-0.21855973643382373,-1.1169605606072794,-0.2783620726772809,-0.7014925650390179,1.1788791987298923,1.199412449334675,-0.9775146537664376,-1.3913349989953951,2.865079048831943,1.4125127637272195,0.0007821804243404,0.007592842669065,0.033423282364934,SPY
2017-08-21,0.019987952968941982,-1.3603364169339502,-0.4241022828964344,-0.6992390014406318,1.17096666881703,1.196289513382485,-0.9045540395482475,-1.5005379113926147,0.09619608909417873,-1.4465492158652247,0.0104025502062023,0.0068517927039781,0.033641480147895,SPY
2017-08-22,0.9981228326832766,-0.14631747506302262,-0.8595644466102342,-0.5920900976720128,1.1680689953837577,1.1947120948111267,-0.4018821506110604,-0.863091132000411,-0.005283301404267493,-0.7317837209671136,-0.0035918879614778,-0.0024067806646357,0.0235991075627781,SPY
2017-08-23,-0.4247380764287059,0.7343611534835086,-0.35496127923875875,-0.5835748966027463,1.1637862239846366,1.1924256573244911,-0.542397155801711,-0.9303637123253198,-0.5260118210041966,-0.017018226069002582,-0.0023332081372471,0.0059116834021049,0.0245080968635234,SPY
2017-08-24,-0.29676392716118366,0.4124524489533831,-0.6107466580936878,-0.5809890198330199,1.1641523638359408,1.189868414485228,-0.620696700535346,-1.1220414969826833,-0.48244182763312227,0.6977472688291085,0.0023332081372471,0.0142430669738322,0.0270417534080804,SPY
2017-08-25,0.17768608098247626,-0.5248331871927814,0.03080458135466346,-0.5737099736547158,1.1648528089171093,1.1879962333653935,-0.48962508737458016,-1.0967415996082948,0.06565818771579718,1.4125127637272195,4.113045925357994e-05,0.0133230148461818,0.02266169291648,SPY
2017-08-28,-0.0553570529817777,-0.0887769024897228,0.21766336381887322,-0.5734902879293475,1.1617164453309436,1.186243629538435,-0.46679044287724175,-0.9984305559272086,-0.8536284307580164,-1.4465492158652247,0.0011439768375884,0.0060739827588829,0.023223037508206,SPY
2017-08-29,0.056772993375665326,0.08596208060288553,0.18213270214902433,-0.5777223110892151,1.1590735600818423,1.1842758004967258,-0.38979275688748344,-0.9332516370250207,-0.43848881234201703,-0.7317837209671136,0.0047265761052628,0.0083379311874569,0.0259659289497351,SPY
2017-08-30,0.42102773443127955,-0.0015591635324392807,-0.26178235541003503,-0.5548537271590206,1.157592902645347,1.18313656766317,-0.1544281850388327,0.042854606836045674,-0.011052655159742615,-0.017018226069002582,0.0059981754344802,0.0034897598674206,0.0224384089121727,SPY
2017-08-31,0.5503154525888418,0.34326528935983086,0.13705786629282463,-0.5252332569832231,1.1645980485361007,1.1835587819370716,0.12335947509400523,0.239154550843319,1.5936954702353494,0.6977472688291085,0.0014131560095966,-0.0036839614627188,0.019948981047869,SPY
2017-09-01,0.08414133191190896,0.7005090825578713,0.5365175314640752,-0.5263107422848746,1.1727652276173193,1.1839013475778484,0.1860994623723516,-0.1507227755335978,-0.040151684463543606,1.4125127637272195,-0.0072079016280452,0.0055124948644618,0.0228652962609983,SPY
2017-09-05,-0.7923901701623381,0.4566585808103054,0.49240436446279534,-0.48686674370151223,1.1777962099313501,1.1824594499384167,-0.1367139974431049,-0.5643075356114309,1.2090365251984598,-0.7317837209671136,0.0034079252661625,0.0160857375836309,0.0322108575483408,SPY
2017-09-06,0.2869561333250121,-0.5152400691755437,0.14483953258605087,-0.48001516343491135,1.180120721162889,1.1821726452970402,0.027332228879162635,-0.47616606137507367,-0.17158110805253043,-0.017018226069002582,-0.0001215952147735,0.0131572931216403,0.0299890146742338,SPY
2017-09-07,-0.07190191156829526,-0.3684354171724818,0.2533876594916585,-0.48001432370542546,1.1837984679356728,1.1818698970166135,0.025249061532661782,0.5926128666674603,-0.1651211007655995,0.6977472688291085,-0.0011755458956592,0.01295905052448,0.0360181006490911,SPY
2017-09-08,-0.1790605703151378,0.15307991276515392,0.020935405250644603,-0.6671719307543503,1.187921843802292,1.1841164058434994,-0.05729219146343927,0.6267181493433553,0.0894784633672491,1.4125127637272195,0.0106096123367773,0.0154800038229954,0.0360540415470271,SPY
2017-09-11,1.0191755257476562,-0.18423974797379986,-0.3230185486032927,-0.5772872147220447,1.1953250197721144,1.1881713768837197,0.39595716067342435,0.9921241423436548,0.40414041994278727,-1.4465492158652247,0.0033653410911238,0.0069949299852254,0.0237917411620278,SPY
2017-09-12,0.28262645911563344,0.605521365995925,0.11791822181309579,-0.6468470977878253,1.204049652268069,1.190967690834183,0.5222511590854886,0.753661118976618,-0.1894774900983341,-0.7317837209671136,0.0004794808041719,0.0046299671014029,0.0230615292829199,SPY
2017-09-13,-0.010788520625796268,0.9397070527292128,0.62486691286922,-0.6474731101566488,1.2125195243830142,1.1938834568656969,0.5096323279452373,1.1217794318334309,-0.08600405801709911,-0.017018226069002582,-0.0003198378119337,0.0045106639183165,0.0241517587054671,SPY
2017-09-14,-0.09205789344054519,0.19418201042451938,0.48445860803146296,-0.6475767805823365,1.2190151773149134,1.1963929105250848,0.46388599414879716,1.3415623167891717,1.4033664134468549,0.6977472688291085,0.001345407402856,0.0021476030695177,0.0229804371736603,SPY
2017-09-15,0.0772531065310125,-0.07702800780273095,0.4749535935518674,-0.9573833251770139,1.2236905571763526,1.2022377289539885,0.4570500902457728,1.3120662054967667,1.3536261806731131,1.4125127637272195,0.0021245384990074,0.0010026440739716,0.0228516096975734,SPY
2017-09-18,0.15646994728619742,-0.013300309693496177,0.5958241730741761,-0.969862674185007,1.2286566747115018,1.2088094994139955,0.4786374965996766,1.3763690918195588,-0.6708095058972564,-1.4465492158652247,0.0010003782073013,-0.003168746779389,0.0220598035942405,SPY
2017-09-19,0.04217284471736377,0.16659308524984828,0.18899561632748113,-0.9703123780047104,1.2368565225090458,1.215430074660903,0.446211327279709,1.3729926844306237,-0.6180969764368224,-0.7317837209671136,0.0003601776210855,-0.0035666499357107,0.0217643752115952,SPY
2017-09-20,-0.02291847064682013,0.141200729308137,0.07560421217702862,-1.0815096209595447,1.243863141967428,1.2200992792648762,0.407000897284071,1.2331523399051747,-0.10947504727584989,-0.017018226069002582,-0.0026828986607325,-3.995927767874719e-05,0.0223822066088335,SPY
2017-09-21,-0.3323181216341986,0.01135293671831289,0.06988405667593248,-1.0934654907694328,1.249845604119816,1.2249331513311499,0.22145166201326635,0.6328906451177467,-0.5532362680374592,0.6977472688291085,0.0002004484073099,0.0038419954507542,0.0253387900639872,SPY
2017-09-22,-0.039158669188650415,-0.2597171016146049,-0.0434161517844921,-1.1119191567778657,1.2563698108999415,1.2302610953464506,0.16711317220955899,0.5626616530892814,-0.4162890611291199,1.4125127637272195,-0.0020468523543533,0.0071502946136208,0.0302851743029854,SPY
2017-09-25,-0.2676491856691864,-0.27147234175872975,-0.09831278846651123,-1.0969915113835054,1.2578907829225394,1.2347266498732727,0.017040650052095853,1.2824987247237287,-0.14940491280080861,-1.4465492158652247,0.0006024750509796,0.0135266181907001,0.0284353230447953,SPY
2017-09-26,0.0017167120767580544,-0.2246626386522185,-0.29831587069603066,-1.0984147067735992,1.2583143085019235,1.2393042968083197,-0.009028644481530138,1.1410187109826426,-0.25618670687552053,-0.7317837209671136,0.0038868682791175,0.0150618027990176,0.0295887248193436,SPY
2017-09-27,0.33565185677319054,-0.1950755667011026,-0.31739388579717626,-1.0876485794500284,1.2600989101144733,1.2444355330465457,0.1134719258160166,1.3531156102025834,0.8710838049893558,-0.017018226069002582,0.0011990560677004,0.0123610169119556,0.0207392070435323,SPY
2017-09-28,0.06237308124566947,0.24161543894418663,-0.1483018427659672,-1.106627259369686,1.262490871819035,1.2488828066469173,0.11723921782800704,1.5936245066508692,-0.6770513630473074,0.6977472688291085,0.0035087475701764,0.017069451604339,0.0208320209841916,SPY
2017-09-29,0.2972070711210925,0.2855207018025537,0.03782382563946468,-1.13579136291454,1.265754685103612,1.2528554996056864,0.23608992134536297,1.280151266792292,1.0460944056736157,1.4125127637272195,0.0043294712227259,0.0124210990364392,0.02546595782339,SPY
2017-10-02,0.38065276493202693,0.25769298242673083,0.1964447875130319,-1.1189903058346355,1.2699145943261902,1.2574220722504341,0.38722159922260785,1.3372962593254325,-0.08075160705381029,-1.4465492158652247,0.0021376596592972,0.0064389397654913,0.0174046902935849,SPY
2017-10-03,0.15780401913923298,0.488075271478942,0.5021664073610513,-1.2456200847197236,1.2745385105332308,1.2638389556829153,0.41234988642845977,1.421983336756746,0.23025563962770842,-0.7317837209671136,0.0011860823920555,0.00693640931821,0.0168234583396342,SPY
2017-10-04,0.06105400464527698,0.38717032572659776,0.5757729487397992,-1.2519661135454783,1.2794984835693952,1.269826919052645,0.3974331724416571,1.5362200191578987,-0.2404413604870623,-0.017018226069002582,0.0059074907600837,0.0073200371528736,0.0169589166594752,SPY
2017-10-05,0.5410952411942662,0.1558332415611194,0.44628004796805476,-1.2236454179298464,1.287930293154427,1.2770396766696803,0.593086890790102,1.6996706667827588,0.08237121016919921,0.6977472688291085,-0.0011396049977232,-7.861295095068499e-05,0.0114398774431245,SPY
2017-10-06,-0.17540634010605213,0.43327322166892057,0.6720324370529605,-1.224038416499468,1.2958180504492083,1.2842512795554406,0.45287834264575944,1.432979536987337,0.7933692026551215,1.4125127637272195,-0.0016526880482219,0.0022775719735417,0.0159124587663122,SPY
2017-10-09,-0.22757319431878908,0.262114714588176,0.44916076821366224,-1.3783495821947753,1.3038498003242829,1.289031366186664,0.317618276100555,1.1234407482389004,-1.1116614935258755,-1.4465492158652247,0.0026351292120159,0.0052629924174381,0.019111613298377,SPY
2017-10-10,0.20838339728615865,-0.29427516127392006,0.16233789914264773,-1.3849615143582128,1.312713615453364,1.2936786587212619,0.3878860073384767,1.2285518000811462,-0.8169002153133647,-0.7317837209671136,0.0015697102267191,0.0033328130300782,0.0157809440065932,SPY
2017-10-11,0.10005871802139092,-0.016474337824904938,0.1861897623117209,-1.3858089384474448,1.3206654034321403,1.298550650832036,0.40494044818025365,1.69666693125309,-0.6241399620610529,-0.017018226069002582,-0.0014911593437405,0.0027411118216829,0.0159105821076028,SPY
2017-10-12,-0.21115003559299753,0.22067743088763178,0.20458332744598373,-1.373772977741961,1.32752922584623,1.3031821527642584,0.2794317080604383,1.4528188627902507,-0.646046817418008,0.6977472688291085,0.0012165799267691,0.0045059559598445,0.0137674212067171,SPY
2017-10-13,0.06415479007505466,-0.08299596567096641,-0.15015514639193936,-1.3738577739578655,1.3334811045195047,1.3077935929796307,0.2828865947995238,1.8099473708123976,-0.3197388106847135,1.4125127637272195,0.0013327323956744,0.0084362086793836,0.01224103268492,SPY
2017-10-16,0.0759643965431358,-0.1089845208009606,-0.03718461359673133,-1.3761993970723034,1.3382329430787263,1.3122529425649028,0.29370471798930786,1.8286264824451632,-0.9994512873020108,-1.4465492158652247,0.000704949824656,0.0032067726711657,0.0118376400837778,SPY
2017-10-17,0.012135661940067797,0.09883923762852233,0.1059554832007825,-1.3758483187860628,1.3424089225294191,1.3166563224643997,0.2754414781993444,1.744824223263429,-1.257633179387225,-0.7317837209671136,0.0009780090183237,0.0042576996720375,0.0088073485406292,SPY
2017-10-18,0.03989849513766628,0.06118592066077675,0.013410372877002023,-1.3771630241176203,1.3465047176585105,1.3211877384111714,0.2686946795819133,1.738926644240267,-0.8449502130072842,-0.017018226069002582,0.0002736847944211,-0.0016829588429798,0.0028115504003736,SPY
2017-10-19,-0.03171248298978042,0.035080123312079776,-0.014959556865412588,-1.4133172942055903,1.3483126183215115,1.3263115871517215,0.22167771420797006,1.6312645166704836,0.030441476804802848,0.6977472688291085,0.0051468326463082,-0.0006647736290412,0.0110030075810927,SPY
2017-10-20,0.46375660978071004,0.0033412580391514726,0.06965832711989003,-1.3808175444424213,1.3526963708080302,1.332452128086427,0.39417816851733933,1.6643597541216593,1.1587566742039457,1.4125127637272195,-0.0038967036125434,0.0023310781340253,0.002913033300671,SPY
2017-10-23,-0.4557296938977378,0.31014501489170426,0.25809970925877423,-1.3418605182527477,1.3561523317509214,1.338200463847955,0.14215125763651196,0.8893259059584424,0.09254525799764725,-1.4465492158652247,0.0017558768255279,0.0024959854394897,0.008514957397268,SPY
2017-10-24,0.11898689311877576,0.0032260984371605015,0.007367194197759781,-1.3432901269062905,1.359256332455553,1.3441890393643845,0.15557104648501455,0.923868247631123,0.21848636189249487,-0.7317837209671136,-0.0049626494966936,0.0022965363193083,0.0132801715874864,SPY
2017-10-25,-0.5641079447151878,-0.2463306297853293,0.05775533732830589,-1.2752144480719088,1.359688310196438,1.3483841919989046,-0.12723203820133494,-0.20190217123236162,1.68325151582615,-0.017018226069002582,0.0012918700083597,0.0085807265278985,0.0173580184797872,SPY
2017-10-26,0.07180978219803427,-0.3247787079586238,-0.22707772081566777,-1.2751373805003172,1.361256269564218,1.3526033713914007,-0.11514181405318612,0.056987757583720995,0.2836718096314432,0.6977472688291085,0.0081426844093748,0.0076773080632719,0.0183733385390478,SPY
2017-10-27,0.768354787434334,-0.358927198615982,-0.17825942777458678,-1.193817479884633,1.3656720790974801,1.3577912590242258,0.20936069836842044,0.8198229804838747,0.9017075636847455,1.4125127637272195,-0.003731796307079,0.0028675999793614,0.0097312857068452,SPY
2017-10-30,-0.43896302161258804,0.6055572785392532,-0.03461918700613363,-1.1722133531260448,1.3680080452321035,1.3613379257046427,-0.008107434864451459,0.23899948736871987,-0.3794747511674593,-1.4465492158652247,0.0015564277053465,0.0081458627702835,0.0235568207414615,SPY
2017-10-31,0.0987082400522814,0.2358415418494177,-0.026712479019641883,-1.1741820593224894,1.370695832589175,1.3647724860644102,0.025703028672996533,0.23898167570645013,-0.1558124502152999,-0.7317837209671136,0.0013215407118964,0.005893894985169,0.0213915650514797,SPY
2017-11-01,0.07482650096175866,-0.24887272786128087,-0.0362753419079538,-1.1739923973961626,1.373527751542355,1.368239045001677,0.04810804622916159,0.4819840140726442,-0.40490584154404335,-0.017018226069002582,0.0003884515437331,0.0062717026010012,0.0287867136458359,SPY
2017-11-02,-0.020043767225325432,0.12302661843305096,0.2650288166371616,-1.2217149191921917,1.3764077421640675,1.370584818980938,0.03940564582689607,0.4323168974695886,-0.30633948391495663,0.6977472688291085,0.0033329763254643,0.0022489308126418,0.0263204667391976,SPY
2017-11-03,0.2793358261271777,0.03706964201127072,0.22171317352910488,-1.214951728215621,1.3785518664751661,1.373851303334279,0.1592968629832016,0.5513669683044754,-0.1445938308589679,1.4125127637272195,0.0015464664838429,-0.0013938541078504,0.0217769222411039,SPY
2017-11-06,0.09769544964836142,0.1851008512874454,-0.008894907857311958,-1.225869371659999,1.382935813583826,1.3777743150233723,0.1872390220145167,0.5979419949160966,-0.5638633744303414,-1.4465492158652247,-0.0006955400797679,-0.0020109807971611,0.0166275030530096,SPY
2017-11-07,-0.13025678817006622,0.27032473356736036,0.24417867457894585,-1.2270741059566026,1.3863116736146055,1.3810167726187397,0.11694173447922612,0.469034612921393,-0.20642780491072743,-0.7317837209671136,0.0016993483277287,-0.0036407824358857,0.017512784264781,SPY
2017-11-08,0.11323945339982648,-0.026153140759254043,0.13620497613214896,-1.2266686993412277,1.3924234760804775,1.38429121487918,0.1596406325138435,0.5480540133977707,-0.5121878189383949,-0.017018226069002582,-0.0036343202446262,-0.0103579198855463,0.0189616813879816,SPY
2017-11-09,-0.42905230728619503,-0.014901831458508439,0.15431948285485286,-1.2009157712226193,1.3965033399972684,1.387117329243994,-0.044487653242872086,-0.1308216435260413,1.400709169083346,0.6977472688291085,-0.0003098085950279,0.0017415423342201,0.0280341460563962,SPY
2017-11-10,-0.09103818971873201,-0.23118078101393078,-0.0385578535207717,-1.199846051913008,1.3971114507746785,1.3896312487918066,-0.08786610462625052,0.2271434236326984,-0.08033630903275496,1.4125127637272195,0.0009293397945322,-0.0008917907048653,0.0313527060814129,SPY
2017-11-13,0.03495013385441886,-0.37904429048701044,-0.21321619593207994,-1.2006057817501372,1.3996393421423163,1.3920650745088938,-0.07193835781039909,0.16851771569609608,-0.5534082353786457,-1.4465492158652247,-0.0023253417184925,-0.000115910015344,0.0321866326203759,SPY
2017-11-14,-0.29596412229538527,-0.04318262543291494,-0.24280518539078821,-1.186445624192853,1.400567383914408,1.3938743992925768,-0.20198369500434396,0.4832721887545117,0.052793766629664,-0.7317837209671136,-0.0050177891219318,0.0087305227188947,0.034399410156646,SPY
2017-11-15,-0.5697141731578352,-0.19151539014588223,-0.3209482706653397,-1.1398136221800752,1.3988874056035876,1.3944508188851805,-0.4436411854558608,-0.18260359328691406,1.0854774739866415,-0.017018226069002582,0.0084651419751402,0.0128635092364337,0.0353226092812297,SPY
2017-11-16,0.801140116840027,-0.6291931757469538,-0.6430106812421694,-1.0396225577625646,1.4005352990645028,1.3967165268585666,-0.07225881254899086,-0.15443318095280792,0.3697126693167069,0.6977472688291085,-0.0029431416341134,0.0067055573289138,0.0351504894979353,SPY
2017-11-17,-0.3587778872395039,0.16493035426752128,-0.06288529324997645,-1.0572015019312928,1.399591242670621,1.3973170288588441,-0.21752986615681374,-0.07692397915315786,0.7765923129477107,1.4125127637272195,0.0017052204840535,0.0091493305401995,0.0444147877092566,SPY
2017-11-20,0.11383649499496887,0.31761362902508483,-0.18914407428211163,-1.0800857140252096,1.398711328173387,1.3990704117816022,-0.15737870818123648,-0.06461864239210434,-0.6951974695450736,-1.4465492158652247,0.0065210910157462,0.0175378487836832,0.0388615805620737,SPY
2017-11-21,0.6034820127918302,-0.1798814666109064,-0.15194340553595273,-1.0303085651098374,1.4008231452092783,1.401816390578416,0.11875946480188405,0.29262658697220384,0.4136532097601698,-0.7317837209671136,-0.0008848026043928,0.0104079297833017,0.0318162512826329,SPY
2017-11-22,-0.14949973630574373,0.5166368780875519,0.2722110014188503,-1.0738732001637052,1.4018631781212485,1.4053950975736087,0.03600109331612397,0.18395041240525684,-0.8852453265046857,-0.017018226069002582,0.0023071900676203,0.0200094216939472,0.0347588853752593,SPY
2017-11-24,0.17504073761399258,0.3260246371340111,0.4703727348500164,-1.0711386938429623,1.4053671273231851,1.4091899619160269,0.10163126035364276,0.12067703436029784,-1.7197919048502104,1.4125127637272195,-0.0004993684228278,0.0156244362634216,0.0321900445197345,SPY
2017-11-27,-0.11031136565353901,0.015903423751174782,0.1751212455936437,-1.1557209544921232,1.4087910590224972,1.4112075557019614,0.054984475421835086,-0.030901928032262403,-0.4249346798125692,-1.4465492158652247,0.0100937387275372,0.0149132365136201,0.0314923392567401,SPY
2017-11-28,0.9667249461791642,0.04426937670963692,0.29229131948717707,-1.0549380825911205,1.4160549411465422,1.4161072613633359,0.4777102615306447,0.5950960653395202,2.0173275859266853,-0.7317837209671136,-0.0006088279846352,0.0012165450818315,0.0218850138140522,SPY
2017-11-29,-0.12144048207523062,0.6173188973804727,0.6944903852217303,-1.050859409967018,1.424022827156598,1.4205586947787834,0.3975817667291056,0.4645563671952049,0.9166727273925284,-0.017018226069002582,0.0087166893062526,0.0020151141984703,0.0245491202607111,SPY
2017-11-30,0.8267157676766488,0.6092632424085253,0.35263659442332546,-0.9740819433484557,1.4377345129693122,1.4265792410478633,0.7445112070962484,1.1230704904019222,3.1812686189743427,0.6977472688291085,-0.0020777953629051,-0.003553329656853,0.0120550437930653,SPY
2017-12-01,-0.2707952639004908,0.5079195604677239,0.8129933539880214,-0.9597502294675357,1.4470781828856703,1.4320793095852657,0.5817918909367266,0.9633001593580705,4.002173395957326,1.4125127637272195,-0.0012105681726293,0.0039626101298404,0.0212646224439163,SPY
2017-12-04,-0.1826214012861112,0.399811194519658,0.602749185444067,-0.9580874331694152,1.4571259679006887,1.436634724465163,0.471813333082568,0.8299866032148293,1.1921959481110016,-1.4465492158652247,-0.0036029527042513,0.0081819297324585,0.0287805649400967,SPY
2017-12-05,-0.42586306549744557,-0.33078337161125665,0.5686497334767289,-0.9319647666268696,1.4649497223146357,1.44010935260893,0.2608519154822888,0.7218389361269498,0.5624348835320988,-0.7317837209671136,0.0001897411320035,0.0135481487702051,0.0365895640652915,SPY
2017-12-06,-0.04024731335528523,-0.44302702686574225,-0.0880570099101779,-0.9344313544718305,1.470149608842857,1.4437680560478727,0.2282248785895964,1.155124073635699,0.4684505694112642,-0.017018226069002582,0.0031482454509292,0.0132458434559792,0.0430417111527337,SPY
2017-12-07,0.2605536258750016,-0.3399715383742208,-0.0497685132634558,-0.9289239315565953,1.4770454326973639,1.4477390795156422,0.3324607655084435,0.983656484378436,0.5073872960525614,0.6977472688291085,0.0054381444237883,0.0060030080077018,0.0417205443598449,SPY
2017-12-08,0.4933752436675376,0.15688156506755005,-0.31675522667331346,-0.9351528253063601,1.4852851502304043,1.45361549306172,0.5243702043319932,1.4572226946533045,0.49942455410159214,1.4125127637272195,0.0030087514299887,0.0088578857757593,0.0385431597174008,SPY
2017-12-11,0.24637080645253467,0.5431367754313949,0.04360686262338333,-0.9362858201707059,1.4950128930380913,1.4601964596346524,0.5928968075601613,1.4906286465215506,0.7695917354481224,-1.4465492158652247,0.0017632663334952,0.0121702909229783,0.0340033318505232,SPY
2017-12-12,0.11973820888424361,0.5328707403332139,0.24590795477714253,-0.9367962793330308,1.5012687158874212,1.4669615849773117,0.5999967195073236,1.3689315991651465,0.8275417892913877,-0.7317837209671136,-0.0001125641822223,0.0065590379263538,0.0395096420360321,SPY
2017-12-13,-0.07098369655801375,0.26241880840003673,0.5031987206624334,-0.9530740584214615,1.5077324785915542,1.4741830378599714,0.5124899116248182,1.4565486920954533,1.4700094758352449,-0.017018226069002582,-0.0040945899973481,0.0061473638448816,0.0461197588412272,SPY
2017-12-14,-0.47584945847923904,0.03270619841563914,0.48870427582496795,-0.9681725735697485,1.5087724280940353,1.4815646088419574,0.2343040399307779,0.9304863996523157,1.3351226482337415,0.6977472688291085,0.0082930221918458,0.0122997853304633,0.0467906222615468,SPY
2017-12-15,0.7836401280301849,-0.398401588764644,0.1414365503444666,-0.971160146403111,1.514232023966249,1.48897201519717,0.545111240100276,1.2451453436390392,2.7485858708297277,1.4125127637272195,0.0063211565772078,0.003745112350713,0.0479838782238095,SPY
2017-12-18,0.5831540157995293,0.2202058910052749,0.2783175986739533,-0.9784966627509991,1.5229212630359208,1.4983478349159414,0.7411419538892893,1.143739466306576,0.5619280563021178,-1.4465492158652247,-0.0038479866631293,-0.003773117912317,0.039980384489314,SPY
2017-12-19,-0.45077648019226757,0.986750716276028,0.4371354276249378,-0.9332755741806903,1.5314739607729362,1.5065424480149308,0.464696880332121,0.8442040413887196,0.5016455933776194,-0.7317837209671136,-0.0005242382636945,0.0005612820356617,0.0483675622937527,SPY
2017-12-20,-0.11283996479850414,0.09323555202633768,0.16809617094861992,-0.9553943666660071,1.5397215744042219,1.5132714427898635,0.3641509028152309,0.4362012197234006,0.28819037563759553,-0.017018226069002582,0.0020578314882335,0.0031407987613798,0.0569899744184834,SPY
2017-12-21,0.14968762441931036,-0.41054993801689027,0.14835788986615703,-0.9636187510547111,1.5475257275883734,1.5206271644862002,0.37957115260892993,0.7304867649043831,-0.050884849129855615,0.6977472688291085,-0.0002616507879045,-0.0026944198882468,0.0570526624916247,SPY
2017-12-22,-0.08614182586307609,0.024087589932969448,0.44334421542232677,-0.9592732314666483,1.5529134244815086,1.5274461865633089,0.29091304464707357,0.8248995618524336,0.3492724761961487,1.4125127637272195,-0.0011970736858222,0.0046990141876035,0.0569256018974106,SPY
2017-12-26,-0.18124937208877667,0.04341266368615011,0.03317863191263368,-0.9548704850127628,1.5565063994108268,1.5341117406802411,0.15994808225198198,1.0819884094384484,-0.8287467330602433,-0.7317837209671136,0.0004864132848494,0.0122014621969768,0.0585464783110269,SPY
2017-12-27,-0.010083672339569994,-0.19613144388789133,-0.3272932774280719,-1.0589826211429818,1.5595564619795683,1.5387683128023137,0.13127137814512355,1.093570086041619,-0.3792756981732248,-0.017018226069002582,0.0020552784620235,0.0159210953330708,0.0695716013613712,SPY
2017-12-28,0.14942804978325694,-0.14107781524629906,-0.11947449954663387,-1.0623953432818158,1.5635390148264554,1.5439955447730396,0.17057359040743192,1.0530470329368506,-0.81243243759226,0.6977472688291085,-0.003777387161393,0.0205077050904929,0.0608641035041213,SPY
2017-12-29,-0.44359839486867375,0.0982784028647982,0.00420398418753455,-1.1216096327314886,1.567641399305137,1.5465687173389278,-0.036344335104149576,0.3642360948356265,0.9685104695209363,1.4125127637272195,0.0071317832879458,0.0261121709099265,0.0543315785135085,SPY
2018-01-02,0.665573120073033,-0.21551515429014248,-0.27557361432454774,-1.0736873991782936,1.5712757453407444,1.5511192350452252,0.25054333883800106,0.5904241650889371,0.6227524962573555,-0.7317837209671136,0.006305374323551,0.0212411474033249,0.0476965110498257,SPY
2018-01-03,0.5815493817644302,0.1580892222102091,0.07891476986499062,-1.045213966226117,1.5749262728171194,1.5572939309833047,0.4817369442048207,0.793368465935524,0.7352753856098677,-0.017018226069002582,0.0042060464209434,0.0134046966428851,0.0402551428329287,SPY
2018-01-04,0.3681037562782321,0.9001280751526942,0.4386299773077368,-1.0756674291933872,1.5820665420792244,1.5651465349385183,0.5950379495253931,0.9582165199972693,0.382286550031832,0.6977472688291085,0.0066418882194456,0.0164682267409457,0.0140387878044885,SPY
2018-01-05,0.6157638648400862,0.6848090445434957,0.6169729133053344,-1.0487023658915475,1.5923427300768884,1.5744156602699644,0.8097419004090819,1.5157789169562932,0.46490253731058234,1.4125127637272195,0.0018270786580405,0.0163238911444727,-0.0353255854821084,SPY
2018-01-08,0.12622621940865078,0.7095747186776805,0.8368842380207767,-1.0501076593893433,1.6025384279181611,1.5834226059522827,0.7970252723868108,1.3641026454268892,-0.48683408428840974,-1.4465492158652247,0.0022607597813442,0.0110730859094037,-0.0176416834591259,SPY
2018-01-09,0.17032001652826048,0.5344950529920844,1.105598074134616,-1.0672032005810224,1.6138436943816414,1.5917755980974737,0.8125926791644985,1.2456611219206037,-0.49843547961860724,-0.7317837209671136,-0.0015310764368887,0.018298604282168,-0.0253421293935982,SPY
2018-01-10,-0.21520853874728108,0.2120667652995722,0.8720501403206699,-1.0529314417156568,1.624988175154477,1.5991500737427096,0.6574806342714101,1.51594270732545,-0.05971790830329861,-0.017018226069002582,0.007269576519004,0.0181473435617691,-0.0620414528267136,SPY
2018-01-11,0.6795830145513799,-0.0350759999404126,0.4963207107551942,-1.0112749808393273,1.6391398738221332,1.6077576632654018,0.9107881668642798,1.7476802083403649,-0.343995271277552,0.6977472688291085,0.0064975526229726,0.0154169581840744,-0.0544013345679763,SPY
2018-01-12,0.6010887863871983,0.3335468849867125,0.6432058825490096,-0.9923442866335933,1.6553016855560507,1.6178377021128263,1.1119474598926553,1.8269976122770357,0.6879578275217544,1.4125127637272195,-0.0034237265770284,0.0170175794221378,-0.0463212725532296,SPY
2018-01-16,-0.4076405511484276,0.9244122651879938,0.6362855134958965,-1.0034027618321089,1.6715600576744756,1.6280260213640263,0.8343011109317515,1.5073970404319423,1.245275394784419,-0.7317837209671136,0.0094862781541085,0.0225618255605413,-0.0404133538146922,SPY
2018-01-17,0.9049624164225494,0.1374407221841331,0.3845284214088191,-0.982437916833549,1.688992251524406,1.638567507523852,1.1748583187037505,1.7752419371573303,1.4429450492468923,-0.017018226069002582,-0.0016823371572876,0.0126868360243141,-0.0364936443155103,SPY
2018-01-18,-0.23058771750107815,0.3573953911699678,0.730965855842623,-0.9850047000254238,1.7029347035886062,1.6473708587787206,0.9964231497407516,1.6254530457813603,0.9627559283984124,0.6977472688291085,0.0045391911413092,0.0147929759093958,-0.0221317138324277,SPY
2018-01-19,0.4019756841116965,0.48555260380266163,0.7237134521807447,-1.0277864213026415,1.7170861242246356,1.6580250077561973,1.097990549817291,1.6652965543157292,2.2870817312955136,1.4125127637272195,0.0080981738610361,0.0217653211032802,-0.02637814277616,SPY
2018-01-22,0.7638292524671253,0.12147270586341079,0.592801363045437,-1.0003166489749733,1.7319934016453518,1.6706265623354841,1.351034184681473,2.0496396724387504,0.5261283957894284,-1.4465492158652247,0.0021205195613749,0.0070149278470177,-0.0407569896599655,SPY
2018-01-23,0.15606132857747002,0.8412674950256346,0.6695453538025733,-1.0004464817561427,1.7470616037725257,1.6832683655602965,1.314626519977334,2.0075201470236825,0.7352708883081652,-0.7317837209671136,-0.0003887113821186,-0.005415503866363,-0.0478641865988151,SPY
2018-01-24,-0.09906049758319653,0.6632658347166993,0.9353718743326442,-0.9993505993501648,1.7609557617428924,1.695877905871533,1.1575635666683397,1.9063388484010635,1.9564790805679242,-0.017018226069002582,0.000423802727794,-0.0045300766599813,-0.0461801319494403,SPY
2018-01-25,-0.0164494951803609,0.038675180629635354,0.46190189425668227,-1.0138809117783618,1.7757184071105683,1.708841573048722,1.0367124671544798,1.8586762542730901,0.24901502210359272,0.6977472688291085,0.0115115363351936,-0.0060898732811214,-0.0307903942407063,SPY
2018-01-26,1.1108771278384295,-0.08619436179071682,0.5628836730999442,-0.9326856937568313,1.7925395708509908,1.7243400840609227,1.4250912356456844,1.9255588024014751,1.004437708508985,1.4125127637272195,-0.0066522193952263,-0.0396117182238118,-0.0307568914005793,SPY
2018-01-29,-0.735892115900175,0.7896020337772724,0.897182370624683,-0.8180455654982527,1.8034106075173961,1.7378670514139392,0.9565592949799226,1.340645335453905,0.39044455544657825,-1.4465492158652247,-0.0103099121520058,-0.0756819838957367,-0.0366695996593993,SPY
2018-01-30,-1.107781860869218,0.26884357416259314,0.189954441366194,-0.6820796142169795,1.811113529385686,1.7498570436150727,0.33524755215543256,0.6112315670128156,1.730052877381351,-0.7317837209671136,0.000496715824263,-0.0458610910627079,-0.0365412810479908,SPY
2018-01-31,-0.009036179012538701,-1.337101645226353,-0.40603973504065316,-0.6987559964457278,1.8147962251214542,1.760422723481975,0.24691185812715746,0.710826142927997,0.9196594416836215,-0.017018226069002582,-0.0011359938933459,-0.051797493040099,-0.0516852403487098,SPY
2018-02-01,-0.17503918715602876,-0.8109771605847941,-0.36358670759932743,-0.7045240580005163,1.818720057688444,1.7693628338745935,0.09886851270861231,0.4332578997283337,0.29524903130864105,0.6977472688291085,-0.0220103086074967,-0.0888918990167573,-0.0454077422963106,SPY
2018-02-02,-2.2973999461510366,-0.1358244465382362,-0.4383733058457809,-0.2524358450836476,1.8107438307295394,1.772452839116808,-0.9620808818831574,-0.7991468253472521,2.8068228018887407,1.4125127637272195,-0.0427224850671512,-0.0519718956315191,-0.0119057928898014,SPY
2018-02-05,-4.403275571450057,-1.7922244930364226,-2.045624351418933,0.7059708128522904,1.7805751470031457,1.7648161838224463,-2.8196101559696336,-1.6683907597834553,4.794552542550057,-1.4465492158652247,0.0195109806810229,0.0053282040733515,0.0333485635411721,SPY
2018-02-06,1.924207146372802,-4.852774150448491,-3.775062940327632,0.8903318845505772,1.757803911795031,1.7609616630016267,-1.9068061277798878,-1.3645590896567514,4.62724127510488,-0.7317837209671136,-0.005439686153128,-0.0116985844461625,0.0134710548012826,SPY
2018-02-07,-0.6126098425778378,-1.797023012989432,-2.3452591431991636,0.8936601668765534,1.7328618334363368,1.7554333939787496,-2.096853588715052,-1.4231865306437395,1.3006364578526126,-0.017018226069002582,-0.0382303998700042,0.0071470893602558,0.0237380139637579,SPY
2018-02-08,-3.946550381711295,0.9467972570782189,-2.62988811578156,1.3930069340637528,1.691581031818641,1.7421639734373353,-3.6589025708004748,-2.00363586833311,2.461713316839868,0.6977472688291085,0.0149096947777414,0.0580570825560551,0.0792212465945541,SPY
2018-02-09,1.4563791589265167,-3.3026683139738386,-4.408430522765024,1.4680438242739535,1.6512488741166933,1.730399306871502,-2.888598866516112,-1.8487350441349195,2.7834166122762025,1.4125127637272195,0.0145776146377194,0.0434401499758907,0.0630553899907182,SPY
2018-02-12,1.4226154705048566,-1.8050596175289348,-2.638250088336765,1.5404168161204055,1.6201474776868516,1.7202762368935522,-2.1359457932385397,-1.5630674468350207,0.6614590932801473,-1.4465492158652247,0.0024841921615088,0.0225818623154019,0.0419941401386827,SPY
2018-02-13,0.19303712712297313,2.0813358476414465,0.10908214589878007,1.5472211653517216,1.594803087562013,1.7114486223694845,-1.934097211996166,-1.5048666354961246,-0.27833000128830454,-0.7317837209671136,0.0134059876532903,0.0151109927764183,0.0343651266456452,SPY
2018-02-14,1.3034922719719586,1.1668834208582763,-0.7072906909044395,1.5825328373586065,1.5750067907766732,1.7033855373364448,-1.2400255628909014,-1.2430727527856789,0.3029518667546664,-0.017018226069002582,0.012679593325795,0.0030003483903842,0.0198690144198829,SPY
2018-02-15,1.2296373532671312,1.0806577628477765,0.196291107223924,1.6489425094669294,1.5612572648593481,1.6984688585165708,-0.6021620833478355,-1.231798203843812,0.15053043712427452,0.6977472688291085,0.000292762197577,0.0061342955011172,0.0082733283707527,SPY
2018-02-16,-0.029772820184267478,1.8309863108881401,2.637240879945573,1.6387939099529012,1.5574941067703507,1.6925945874839428,-0.5265920015447173,-1.1424763897873507,0.8661643579283261,1.4125127637272195,-0.0062806730227693,0.0173865724788608,-0.0056421885921409,SPY
2018-02-20,-0.6981157648271927,0.8659210566853413,1.9364119066982552,1.614170989548526,1.5695069915310087,1.6835096070097977,-0.7231618945363073,-1.0859776444774563,-0.25801341922986043,-0.7317837209671136,-0.0049866773774747,0.0111023178475839,0.0023379117116233,SPY
2018-02-21,-0.5665509389878116,-0.5294560246610054,0.9363325641531075,1.6104750296734112,1.5709863978251761,1.6728553884701953,-0.8422882460649658,-1.1588027478759313,-0.08334811143294266,-0.017018226069002582,0.0012953432672562,0.0059074016844613,0.005403273234922,SPY
2018-02-22,0.07216291994117488,-0.9179953442016227,0.5781314299852127,1.6136141418426522,1.5753766006454717,1.662571435209545,-0.6735180981390829,-1.1193627726149495,0.07354681710657787,0.6977472688291085,0.015813540436528,-0.0100351850592508,-0.0212070386943015,SPY
2018-02-23,1.5482761425959375,-0.36043991198013486,-0.002530102376607221,1.7148176117948235,1.602843512023892,1.6556591024979614,0.1422354339461239,-0.512480010309839,-0.2146053488933354,1.4125127637272195,0.0115450391753206,-0.0207072213367256,-0.0585657264416816,SPY
2018-02-26,1.1142834726298216,1.170348036411159,0.1477313101174842,1.7151001822340615,1.6292168137955678,1.6486742304024267,0.7681265315690158,0.5380774523360081,-0.3091446418348889,-1.4465492158652247,-0.0125649276540462,-0.0207606197130338,-0.0431188647869733,SPY
2018-02-27,-1.337056760572227,1.9246723954656202,0.6872372343431937,1.7452088873235603,1.6438347715038795,1.6404260822920365,0.25890219599734854,-0.07024339388458865,-0.11810783981045946,-0.7317837209671136,-0.0101815935405973,-0.0056638206951653,-0.0477123325252319,SPY
2018-02-28,-1.094735282371601,-0.16383539494863886,0.38592998696359626,1.744517682479553,1.652920845116619,1.632290583086872,-0.1339738998747406,-0.17849559965528322,0.2409209483680211,-0.017018226069002582,-0.0146472434764559,0.0041512447865654,-0.0404898833288962,SPY
2018-03-01,-1.5487727114829803,-1.7628026662558522,0.13685257344061763,1.791419040406785,1.6498816813877064,1.6208639467112653,-0.6961435816607061,0.38607903189244547,1.0951368848835734,0.6977472688291085,0.0051415041590532,0.0236257612723687,-0.0131460742284543,SPY
2018-03-02,0.46321484482173153,-1.916050290592904,-0.6275367152986744,1.8089496232639815,1.6435295483823356,1.6108052773486412,-0.34819250399133134,0.2218679745831009,0.49297736376516715,1.4125127637272195,0.0114916407990124,0.0357370898741074,-0.0401083536429585,SPY
2018-03-05,1.108854282736764,-0.7883499222411552,-1.1392221996355443,1.7274233292343566,1.6420501698913297,1.6081819644030535,0.22171845073570898,0.16908392815718873,-0.1641738358508972,-1.4465492158652247,0.0025318713638222,0.0229892872490005,-0.0388645252634232,SPY
2018-03-06,0.19788482964139617,1.1353361367742925,-1.1417824583653362,1.065594069243896,1.6444302596453653,1.615384065102539,0.2630515519424097,0.17130228203231435,-0.448202901584741,-0.7317837209671136,-0.0003665280588664,0.0139737806708621,-0.0307543483069254,SPY
2018-03-07,-0.0968050455877998,0.9432807232979551,-0.41794562755367654,0.9306278499467494,1.64882054587515,1.6183212006188532,0.21360696247676858,-0.13690330293527658,-0.32853798603243284,-0.017018226069002582,0.0048272730093472,0.0091954873982,-0.0225264804286924,SPY
2018-03-08,0.4312659224009252,0.07058111313281235,0.05265121116001419,0.92009950517661,1.6547706173428416,1.6234953706006285,0.3862813649256043,-0.34836246652800373,-0.640508499538618,0.6977472688291085,0.0172528327607919,0.0032780898163808,-0.0498917854554195,SPY
2018-03-09,1.6946137633308416,0.23951074680817513,0.986383738034677,0.2323577654913902,1.6614605309734303,1.6405871046989864,1.024598799179844,0.0824157369992787,0.08211067081163385,1.4125127637272195,-0.0012561618260944,-0.0128908356677461,-0.0622283267060508,SPY
2018-03-12,-0.1872570591411663,1.5362041488808087,1.5670780760612357,0.1730523266006518,1.662457635801992,1.6542829828039292,0.8135744361760947,0.24203867386108438,-0.5663765655618523,-1.4465492158652247,-0.006483635214316,-0.0252574286069684,-0.0451971091014682,SPY
2018-03-13,-0.7187516035024778,1.088494955919914,0.9558671139858639,0.13869546955203485,1.6661402759314337,1.6634404191874739,0.4039622632604389,0.1876983853709114,-0.24993593956744906,-0.7317837209671136,-0.0051448213315286,-0.0170743661116574,-0.0439694028814354,SPY
2018-03-14,-0.582629958919842,-0.6583857468970632,0.5236062286182097,0.1671122632452196,1.6720098850458966,1.6709240934565353,0.0792330805804157,-0.0020489351934480362,-0.033783669532078335,-0.017018226069002582,-0.0010901245724719,-0.0138508606343048,-0.0306308476613228,SPY
2018-03-15,-0.17037550128188922,-0.9445708801271793,0.2945043736436086,0.08599749776900352,1.6837491588811484,1.6752775416627073,-0.018942603898635876,-0.4363983633607603,-0.369140053220302,0.6977472688291085,0.0010839072766648,-0.0380757047238002,-0.0324785279831516,SPY
2018-03-16,0.05066552203300693,-0.54763652281016,0.010786592993089397,-0.0012019462182940508,1.6937489278339595,1.677102782260591,0.01263124204812968,-0.7814543560188806,-0.1093373126662288,1.4125127637272195,-0.0136227547653167,-0.0607047593113172,-0.0253740536434952,SPY
2018-03-19,-1.4446095488436235,-0.08923446315462356,-0.7644548185278492,0.11202187963463137,1.6927572446221506,1.6758662876638608,-0.6127845522757572,-0.8088099012015667,0.022412004499967775,-1.4465492158652247,0.0016994272809949,-0.0200901037159715,-0.0011097443395682,SPY
2018-03-20,0.11324748084006929,-1.0115709229169079,-1.3573881569441382,0.09122712006779686,1.6913987264799664,1.6763774718956377,-0.5390007790813593,-0.417338626248833,-0.7462622134577863,-0.7317837209671136,-0.0019213158541759,-0.0389479263892713,-0.0020691840120887,SPY
2018-03-21,-0.25488547364095554,-0.9662718489818278,-0.9650399501534803,0.07791512588064481,1.6893613107078074,1.6775548247736938,-0.6409653133350764,0.1164787918543634,-0.45411257380775755,-0.017018226069002582,-0.0253149686619673,-0.0399857548793569,-0.0057109446510672,SPY
2018-03-22,-2.6333956862493735,-0.10510674849174659,-0.8104845383692169,0.41724052444273385,1.6742866582468565,1.6729889755750453,-1.7571417547009909,-0.9944055279751802,0.6254817541747463,0.6977472688291085,-0.0215451473108521,-0.0019742205934036,0.0110885372502025,SPY
2018-03-23,-2.250105455475734,-2.093225916874614,-1.9719780676857805,0.4500672211890374,1.6424671339242873,1.6604143693629843,-2.5978263435483533,-1.9105334832643301,1.1332678623148316,1.4125127637272195,0.026991900830029,-0.0022498485380024,0.0324835683757545,SPY
2018-03-26,2.684817091314487,-3.5374379421409565,-3.056959270489459,0.7656418882185705,1.6226096979838855,1.650976848039338,-1.2794246220134777,-1.0696251291688446,0.462976056597639,-1.4465492158652247,-0.0171583953923049,-0.0165062801894837,-0.0080667966921055,SPY
2018-03-27,-1.8040898492695496,0.31207585393673787,-1.1096336449812776,0.8160561650817397,1.5983650341616116,1.6406878167435628,-1.9539324601267756,-1.3534816846729307,0.2537745649639507,-0.7317837209671136,-0.0029591443442615,0.0112941635231411,0.0115598517288502,SPY
2018-03-28,-0.3604049358167141,0.6349180005691623,-2.013797937272215,0.7886932461781788,1.5751607090860997,1.6320136980045203,-1.997816192511237,-1.534897715671755,0.5036333011099945,-0.017018226069002582,0.0126965656239859,0.0221146476867692,0.0246336783469764,SPY
2018-03-29,1.231362983074078,-1.5693232917341329,-2.0635580542546608,0.7973991263962641,1.5577991074665924,1.6292003413334317,-1.3909855232519943,-1.6966839609171906,-0.05932979638617547,0.6977472688291085,-0.0218207752554508,-0.0131199499545964,0.0128753674952371,SPY
2018-04-02,-2.278129462093885,0.6278467058157775,-0.2410426667697,0.9568909291714888,1.5307871948478804,1.6206876345492403,-2.291518338574006,-1.9333347804389198,1.1001550571576468,-1.4465492158652247,0.0127354691785477,0.013617116811015,0.0269758458938671,SPY
2018-04-03,1.2353184364011955,-0.760271319872197,-0.2542580283616102,0.9712237502857589,1.5150934771633635,1.6123384265836487,-1.628743220289027,-1.5213996307392876,0.038292926645108326,-0.7317837209671136,0.01064204832032,0.0166567034109554,0.0160154937622927,SPY
2018-04-04,1.0224733996943285,-0.7574082204082724,-0.9378022878484956,1.0257963416005091,1.503161527409703,1.6056880091851156,-1.0707565335658327,-1.1999995697768873,0.08755547768982178,-0.017018226069002582,0.0078613398193665,0.0007587260963521,-0.0013666621032912,SPY
2018-04-05,0.7397495505311859,1.6316869104652691,0.3951282922226042,1.0590532071164123,1.495427771833836,1.6007986126306664,-0.6543637040458298,-1.0147277336287694,-0.5796813180559428,0.6977472688291085,-0.0225380320173798,0.0010911201655696,-0.0114342379929004,SPY
2018-04-06,-2.351055334223712,1.2729763167275496,0.9139313150076387,1.2077786460721478,1.4890501989344758,1.5900641333112389,-1.578040071443414,-1.3235710740329303,0.9489023740694514,1.4125127637272195,0.0049162915101605,0.0206913472886487,0.0239669824122952,SPY
2018-04-09,0.44031672840523617,-1.1689051847927345,-0.7754400187077752,1.0759845527195817,1.4938132977746412,1.5765253682218225,-1.2091272096388792,-1.0558880184280972,-0.2587374838810718,-1.4465492158652247,0.0157750557784881,0.0239634373948094,0.0224285371694588,SPY
2018-04-10,1.5443632798665157,-1.3856454372014269,0.5065054884102216,1.2063123674900746,1.4938776898997552,1.5666211267766996,-0.3704950324412236,-0.8025718519750231,-0.3044560500697977,-0.7317837209671136,-0.0052559289942832,0.0188299361549315,0.0066534813909706,SPY
2018-04-11,-0.5939266432269995,1.4339987409518322,0.6522426561948853,1.2029447724158302,1.4989797370979783,1.5570423526020278,-0.5117358771829678,-0.8466455095490203,-0.5079050671816293,-0.017018226069002582,0.008193733888584,0.0248258527576892,0.0215287442398279,SPY
2018-04-12,0.7735451571745817,0.6853761690238177,-0.11000777199839216,1.2368387242766128,1.5088287573019286,1.5503594914283951,-0.05428283499498385,-0.32769556305429764,-0.8556747738921296,0.6977472688291085,-0.0029378048943007,0.0110690423759507,0.0226421650598256,SPY
2018-04-13,-0.3582352832156332,0.12743027222039047,-0.09407068034351786,1.2374396058427186,1.5120578722392943,1.5432877362387354,-0.11469531293730499,0.01953769486320745,-0.5818552716977773,1.4125127637272195,0.0081883816163212,0.0054913605095539,0.0286267893992242,SPY
2018-04-16,0.7730009739150315,0.2980321604727219,0.8456892162521918,1.2694848814237985,1.5279775740312895,1.5377373047228322,0.3340135261551809,-0.29700016877664115,-0.9151679504219318,-1.4465492158652247,0.0106415545386102,-0.0028471372920675,0.0209149152546999,SPY
2018-04-17,1.0224231952713936,0.29763826104582575,1.002574085009486,1.254618197119519,1.543186905012987,1.5374949224544816,0.8450319686586235,0.30162215464382863,-0.8665414367730042,-0.7317837209671136,0.0007399876084743,-0.0270471560685088,0.0033622600712801,SPY
2018-04-18,0.015698069543690792,1.2970085538309337,0.756441294605181,1.2536940462630606,1.5542145846987752,1.5370424347437786,0.8856812771995363,0.3921274431425072,-0.9665342137333462,-0.017018226069002582,-0.0055630764931544,-0.0253188906483323,0.0068188768272667,SPY
2018-04-19,-0.6251553473906762,0.7488454584230454,1.0439237779060626,1.263259557820736,1.5594618756196215,1.5357982326635977,0.633001111266993,0.023059464299723092,-0.6370026713953837,0.6977472688291085,-0.0085154867606975,-0.0096411318813132,0.011536721946955,SPY
2018-04-20,-0.9253366842198859,-0.4437311825222073,0.3843345486258248,1.0437769863558615,1.5705862825088948,1.5381735009838595,0.20120182867450842,0.3946470066749222,-0.2760000332843111,1.4125127637272195,-0.0001501161853001,-0.0001873903483691,0.0175487763939692,SPY
2018-04-23,-0.07480173316641814,-1.124886002518134,0.11690490604598008,0.832952719774978,1.5795794101482952,1.5450569793259925,0.11774923048194336,0.13971041302374043,-0.8091080096941973,-1.4465492158652247,-0.013558464237831,-0.0077575710198898,0.025189269241336,SPY
2018-04-24,-1.4380729178413976,-0.7265202508477051,-0.2828958606802502,0.6113395336296045,1.5760759892064522,1.5433361236528853,-0.5003594979855207,-0.5269702668811688,-0.06804938424166751,-0.7317837209671136,0.0024682530286508,0.0075760102649145,0.0359637791169209,SPY
2018-04-25,0.19141654265955627,-1.0976571886930222,-1.4431991061556022,0.47088153117262316,1.5758660753270881,1.545784098306197,-0.41182061507045803,-0.6829559354045235,-0.21402014150019535,-0.017018226069002582,0.0101146822738646,-0.0016323503090003,0.0362427555217088,SPY
2018-04-26,0.9688543459457267,-0.904958820195328,-1.3603350392059608,0.5052941429698007,1.5764796077212506,1.5510194551331218,0.005770812926001219,0.326221137171885,-0.7592606395870477,0.6977472688291085,0.0009382547722465,-0.0139532686531076,0.0240778433978263,SPY
2018-04-27,0.03585654918480184,0.8372617519474024,-0.6086432927160449,0.43671106558667894,1.5787562975127218,1.5537745048310363,0.01966104986102677,0.23002649932283192,-0.9035606570356811,1.4125127637272195,-0.0077202968568208,-0.0020283350375382,0.0207540875119658,SPY
2018-04-30,-0.8444870912608972,0.7246618304991421,-0.1553706285956895,0.2006467028055311,1.5742032237645704,1.5594622519816888,-0.4054612863823774,-0.555600980428647,-0.5121187600584902,-1.4465492158652247,0.0017751170469733,0.0090698080866067,0.0169068254478954,SPY
2018-05-01,0.1209431101993973,-0.5878999588627136,-0.5183333718540204,0.12310055307149552,1.5657912378346355,1.5628635755581306,-0.3595190144883739,-0.2933927295070206,-0.611589774701722,-0.7317837209671136,-0.0067401075452639,0.0072946910396334,0.0283877688520064,SPY
2018-05-02,-0.744827995394893,-0.526311243971819,0.21685631100848488,0.090678905801013,1.5541823886362196,1.562572764138354,-0.6708583350300009,-0.8653154792892529,-0.40631227766789496,-0.017018226069002582,-0.0022062360702426,0.0236541324394714,0.0289831813718839,SPY
2018-05-03,-0.2838542562958616,-0.45417440393050196,-0.2246512249204527,0.05269742486414236,1.5440589234119777,1.5601327752169922,-0.7469336254165234,-0.8396778897601905,0.5932204467980804,0.6977472688291085,0.0128631883878158,0.0351675232182957,0.0409592212196541,SPY
2018-05-04,1.2483040716966494,-0.7471813053304239,-0.8153946319388657,-0.18262660353788057,1.5431061924312932,1.5652225802535669,-0.20161955057417777,-0.6498629742418108,-0.31557987876063076,1.4125127637272195,0.0033778462673241,0.0253511542755777,0.0328361638156948,SPY
2018-05-07,0.28389790182478464,0.6955194121065376,-0.24363725835809977,-0.18898925546987766,1.543671347322132,1.5700054493697906,-0.0951488897593517,-0.9659034733862788,-1.0872698734415096,-1.4465492158652247,0.0,0.0224498154800505,0.030185568675856,SPY
2018-05-08,-0.0595389230893537,1.1064788559743532,0.288478505875573,-0.35388418623217904,1.5500326553712376,1.5714355075355475,-0.1108152993187696,-1.0016096865894852,-0.8986442399497273,-0.7317837209671136,0.009619333854574,0.015538714835241,0.0385113483319772,SPY
2018-05-09,0.9184906304643324,0.15981503071865522,0.20336807312223834,-0.32041097059038137,1.5595102253197823,1.576072950073245,0.29289045016949267,-0.3787633880561938,-1.075187655192825,-0.017018226069002582,0.0093071547085816,0.010115985345128,0.028783995133641,SPY
2018-05-10,0.8867503420618732,0.6191560849341564,0.9877440327340858,-0.3076375593151743,1.5687293370666626,1.580993106999369,0.6820292375368394,0.31325915930455056,-0.7279261879825998,0.6977472688291085,0.0030468194450978,-3.640073691979495e-05,0.0224287682354882,SPY
2018-05-11,0.2502413077143371,1.3041143093676983,1.539769417941672,-0.3186507251861189,1.5788850261566232,1.587214145225125,0.7588346377110954,0.4067284361201281,-1.0236946262877225,1.4125127637272195,0.0004765074717969,-0.0055866524957011,0.0207112434434115,SPY
2018-05-14,-0.011090829182631025,0.8204114011279015,1.0691100829949047,-0.3549904380775882,1.5925605678576584,1.591778937079473,0.73098275057175,1.1807741122384767,-1.1197271961190698,-1.4465492158652247,-0.0069111006448094,0.0014272166945685,0.0215265817857597,SPY
2018-05-15,-0.7622134305339099,0.17052165057611862,0.93000139668467,-0.38943719702024365,1.6024417841241658,1.5925141252661765,0.39292946658510397,0.6881198800900934,-0.23277858963694759,-0.7317837209671136,0.004196604364461,0.0055543629771319,0.02524156921171,SPY
2018-05-16,0.3671437511026431,-0.562329524396281,0.5986391534542752,-0.37741118071213925,1.6170376939243527,1.5940088205584846,0.5764532769738584,0.5261602007104982,-1.1120888641529008,-0.017018226069002582,-0.0008452313734661,0.0041049880461097,0.0235588212463273,SPY
2018-05-17,-0.14547639810978255,-0.2885497235759033,0.33863891606444796,-0.40471343508009505,1.6321987586153777,1.5965295850193966,0.5082847859250774,0.44669106808315723,-1.0096741831227782,0.6977472688291085,-0.0025034323136834,0.002899989569558,0.0231278411694422,SPY
2018-05-18,-0.3140711833393103,0.15786673514205585,-0.14813122362596107,-0.46580503890579134,1.640772253118189,1.6003429389746406,0.3471344145782913,0.7681278362808892,-0.774248454309785,1.4125127637272195,0.0074903766620666,0.0030179207696274,0.0235722671449956,SPY
2018-05-21,0.7020324968761275,-0.3352211494366537,-0.4142456919001982,-0.4330878474878416,1.6511862057876756,1.605836774745642,0.6437216382853601,0.9249369815300323,-0.9180749184004785,-1.4465492158652247,-0.002783954362246,-0.0160400148133303,0.0122417504622829,SPY
2018-05-22,-0.3425927897275933,0.2782362882406136,-0.07795606915279994,-0.6147988701520029,1.660373093668835,1.61361693670388,0.42528643201627714,1.184428993739399,-1.0239921658688858,-0.7317837209671136,0.0027472294334387,0.0,0.0167303479421958,SPY
2018-05-23,0.2197809983226668,0.2575913231235303,0.11992564616519329,-0.6143809289799079,1.666605256026598,1.6214779298513693,0.4699357148253951,1.3999967480552264,-0.6987035363482166,-0.017018226069002582,-0.0020502298500177,-0.0088919244588252,0.0076947280551342,SPY
2018-05-24,-0.2679925868471393,-0.09147966641876096,0.0504333680016399,-0.6730891144752592,1.6678647393027821,1.6267213141475194,0.3150737101757221,0.9345847081662243,-0.3861119021290286,0.6977472688291085,-0.002385501113614,0.0029281091687201,0.0115661283853034,SPY
2018-05-25,-0.30208072737867414,-0.03748135492020672,-0.007341944325675459,-0.6611359766599731,1.6667345685369181,1.6312375933758914,0.15281168774845255,0.6323063008192554,-0.8846775932002203,1.4125127637272195,-0.0115675589208912,0.0100537412661907,0.0002456636161287,SPY
2018-05-29,-1.2356509759760141,-0.4152236523339747,-0.0016875704407866851,-0.5846024521917654,1.6603408419999537,1.634881340957959,-0.4306113296713697,-0.10340857782161994,0.7502723112604387,-0.7317837209671136,0.0132560604510842,0.0223485513145673,0.0140245132367597,SPY
2018-05-30,1.2882486764323922,-1.1156496177178241,-0.9154465519211232,-0.45746507499755146,1.6627788179389997,1.6410457417015394,0.12632234983762536,0.042985140097005034,-0.5061975804560976,-0.017018226069002582,-0.0061446950253865,0.0174182705196042,-0.0075499060484105,SPY
2018-05-31,-0.684290431172702,0.0354880362898928,-0.14638594013771644,-0.4652504965668118,1.6606797347516846,1.6472990289284446,-0.2306691214041193,-0.6535703054974688,0.14075786083818936,0.6977472688291085,0.0097698037775275,0.0234549462012285,0.0042962234740437,SPY
2018-06-01,0.9337894062209813,0.4345826405500701,-0.5727215105109287,-0.42529257728038866,1.6632468007757488,1.6561700084812385,0.13427128410027592,-0.35072017826117446,-0.4612553888216528,1.4125127637272195,0.0047401309838566,0.0166370702341298,-0.0040354024672861,SPY
2018-06-04,0.4224059038617194,0.17801226476839613,-0.005993711397814553,-0.5198691313842968,1.6690108690841103,1.663344381717699,0.2813717402498439,-0.18470634904494831,-1.1458798091559834,-1.4465492158652247,0.0007272511274853,0.0132262339032944,-0.006639856745501,SPY
2018-06-05,0.0144031093100782,0.9790788989874102,0.33565453793359784,-0.522062441242896,1.6718041138377941,1.6699531314033562,0.2445034154242982,0.17322556390179508,-0.9554575640325625,-0.7317837209671136,0.0083257796561211,0.0137908285899541,-0.0109043847340162,SPY
2018-06-06,0.7869706879883975,0.3135940111291837,0.9251461467385462,-0.48717299395186914,1.6795379250199869,1.6784200802217226,0.5490527428534554,0.31237090843914483,-0.637573405513871,-0.017018226069002582,-0.0001080193437621,0.0022689357149738,-0.0111056350670395,SPY
2018-06-07,-0.07052160776918463,0.5774791215520497,0.6887570405834096,-0.5387206142802256,1.6860125031544604,1.6847784062573787,0.4751103710193649,0.35059755614720894,-0.3539954258448888,0.6977472688291085,0.0029519278104288,0.0048908114578143,-0.0025748078799825,SPY
2018-06-08,0.24059336072607748,0.5160075551258472,0.9781937740825406,-0.594079931077,1.6947149765296394,1.6897632698721783,0.5620341425012924,0.5724903625549946,-0.36131522521132253,1.4125127637272195,0.0013292946530212,0.0006626721970341,0.0034370509448304,SPY
2018-06-11,0.07561486985416004,0.12051998305397799,0.6513013164794007,-0.5975837909562567,1.705064370255035,1.6943764769655256,0.5756506686691031,0.389195112911231,-0.7004754428687936,-1.4465492158652247,0.001291845814145,-0.002725628794117,0.0057002996048467,SPY
2018-06-12,0.07180732229204084,0.22629882460287848,0.4877640688014658,-0.5978416787347491,1.7210487422037728,1.6991755401444488,0.5855283751631501,0.5968100032664239,-0.33034859369484476,-0.7317837209671136,-0.0031961132188591,-0.0078576146289082,-0.0029332911999953,SPY
2018-06-13,-0.384498346663309,0.10412541584454792,0.5148343390091538,-0.6411669499384093,1.7297999267202295,1.7047744842863266,0.3729595656357542,0.31415692235222814,-0.13829117535279964,-0.017018226069002582,0.0025138563990783,-0.0029568582923822,0.0092880165155957,SPY
2018-06-14,0.19605318847038267,-0.22892108846493767,-0.03759869091368175,-0.6480414311247846,1.7423772990958193,1.7100177155458027,0.4363028008868792,0.5176399909884463,-0.19985238945328945,0.6977472688291085,-0.0012762114503512,-0.0117591051450833,0.0075615725267521,SPY
2018-06-15,-0.1892955708881594,-0.1389874592621207,0.08811075426296758,-0.6462004918063808,1.7500859206124881,1.7151595669643027,0.3205255926792394,0.5831603393230564,0.9266127824206266,1.4125127637272195,-0.00205900633813,-0.0086617232145806,0.0079429797776473,SPY
2018-06-18,-0.26888492148070237,0.0023073346485650635,-0.11461320855399253,-0.649140480676838,1.7547711427935682,1.7203882875645031,0.16709269685540581,1.254715549820995,-0.8349568675167576,-1.4465492158652247,-0.003840140020646,-0.0203086827592393,0.014039093048753,SPY
2018-06-19,-0.449978686045515,-0.3342316011626585,-0.27706996831928843,-0.6695467678978064,1.7574143338774617,1.7231086257620416,-0.04320090973158143,0.4954861785056492,0.44359612344121624,-0.7317837209671136,0.0017046431176668,-0.0142572520388535,0.0199807469774597,SPY
2018-06-20,0.11377779224091558,-0.522923421173364,-0.5231301005386328,-0.680684444155972,1.7571063304396333,1.7268244257931842,-0.0021833124983020973,1.1404018479927722,-0.815404570292915,-0.017018226069002582,-0.0062883904536228,-0.0242802539906064,0.0144973811278399,SPY
2018-06-21,-0.6989004215993082,-0.24593837801556184,-0.28815658522505444,-0.6389902421453202,1.7540410039344996,1.7285303812591184,-0.3158571863112536,0.051886506650856916,-0.2745318845876603,0.6977472688291085,0.0018211704801514,-0.0122904290399157,0.0196424690736591,SPY
2018-06-22,0.1256255153816828,-0.4261168882098967,-0.7101924392057508,-0.6433927246696337,1.7504624866498535,1.7310943577120808,-0.2574422978725369,-0.1467492862460509,-0.7500790738022978,1.4125127637272195,-0.0137059658827887,-0.0126734216838695,0.0196789684652243,SPY
2018-06-25,-1.4530698989366964,-0.41754107983402644,-0.5616841946610128,-0.4747415172700449,1.7402210526057253,1.7311483796583556,-0.896691511042172,-1.1099143755927787,1.8224488724617223,-1.4465492158652247,0.0022112906997397,0.0031682209045609,0.0384042018481531,SPY
2018-06-26,0.16529033105026303,-0.9634360879914212,-1.1201137183911143,-0.5964316327683705,1.7303711983068912,1.7342180310227964,-0.8261594288753016,-1.6294670301120862,-0.3041348315112105,-0.7317837209671136,-0.008318358834086,-0.0025803466562086,0.0446793463437433,SPY
2018-06-27,-0.9052940345965822,-0.934725266984169,-0.8299695342275748,-0.6916129662762927,1.7183094355859785,1.7325614507531872,-1.193043645034876,-1.9287310162721278,0.9958822438663008,-0.017018226069002582,0.0057014344970678,0.0138625415009752,0.0506357117958611,SPY
2018-06-28,0.5201448180182836,-0.538225383445928,-1.3105361735124257,-0.6949268397373438,1.7076155050667974,1.7335039062475428,-0.939894449334234,-1.7103324821539474,0.013744430676735945,0.6977472688291085,0.0014381778361975,0.0165839148472022,0.0381351701001619,SPY
2018-06-29,0.0866853839501839,-0.281368935553076,-0.7356674954554094,-0.7921631710140087,1.6981278425701463,1.7326136919090624,-0.8641052239742192,-1.7041695274272486,0.7638115727338254,1.4125127637272195,0.0021356767056417,0.0241095236462465,0.031459596123331,SPY
2018-07-02,0.15760240566913974,0.43666146616961965,-0.7540306054958608,-0.8134239872424398,1.6905052996455974,1.7311438859450814,-0.7497865558328727,-1.6416217870057357,-0.4796867399624225,-1.4465492158652247,-0.0035372768610297,0.0255663902536422,0.0342412094563187,SPY
2018-07-03,-0.41918558485311375,0.17424022121886482,0.005518776627360867,-0.804289945763583,1.6830450159793229,1.7287334609268443,-0.8886905211759005,-1.6508522554965626,-1.3377228378529522,-0.7317837209671136,0.0081245293230978,0.021761922123975,0.0361062258498572,SPY
2018-07-05,0.766508899642657,-0.19192739088926927,-0.27010421603281426,-0.8081942360377345,1.6784065031117956,1.7262582735702328,-0.48514771974982634,-1.2683174537324213,-0.6874471049589422,0.6977472688291085,0.0084228078432948,0.0226625872976091,0.0334148487885874,SPY
2018-07-06,0.7968358653508084,0.24882104229885227,0.5182727133413784,-0.7264017100756958,1.6803202226125264,1.7256820209267294,-0.08411712259579336,-0.748400984342825,-0.26219406280006957,1.4125127637272195,0.0089637866352418,0.015027191864549,0.029267540042654,SPY
2018-07-09,0.8518389720491327,1.1290211291841954,0.6487527082102768,-0.6553837445756703,1.6854451796169212,1.7264558439176574,0.3316515457040423,-0.2681350750378532,-0.9240585646761549,-1.4465492158652247,0.0035925433130374,0.005168601029851,0.0239642553814691,SPY
2018-07-10,0.3057268620150403,1.1907861063838374,1.009578391627083,-0.645668690515237,1.6982576833405614,1.7277423815071145,0.48886250776900586,0.04034768266998112,-0.8350219136149213,-0.7317837209671136,-0.0073417449906969,0.0056131646497892,0.0236686552956566,SPY
2018-07-11,-0.8059984684290754,0.8353037361231623,1.0794298685371548,-0.5955592249295253,1.7067884999884289,1.7270823482402613,0.14720767269651414,-0.3441668728334425,0.2160875262078186,-0.017018226069002582,0.0090251944967318,0.0150564235485468,0.0305901685006384,SPY
2018-07-12,0.8580825128457955,-0.36469866425059283,0.8970194018784369,-0.535112643507028,1.7230390872212615,1.7291783941907717,0.5537840532841715,0.2209154521945368,-0.4964150160565897,0.6977472688291085,0.0007874124102347,0.0022525063198619,0.0201976840935671,SPY
2018-07-13,0.020519906314751705,0.03511623356333698,0.9402030346560946,-0.5388396239477108,1.737148858719371,1.7308876469014296,0.573064107296168,0.19132765299908944,-0.9862015620622185,1.4125127637272195,-0.000894804199456,0.0003217914018236,0.0126874987745484,SPY
2018-07-16,-0.150516631623275,0.6333799772989863,0.5741134797962485,-0.5398280036624231,1.7502207659522115,1.7326811671703133,0.5111671892638279,0.8701347667489613,-0.9555700232634144,-1.4465492158652247,0.0040371069329756,0.0030742654729962,0.0098320206619009,SPY
2018-07-17,0.3509271186344342,-0.09668038014395557,0.10142975806089732,-0.5351215999008277,1.7641847098612797,1.7358543408891793,0.6700279498669933,0.9172127967213584,-0.7569781291239384,-0.7317837209671136,0.0021015139080606,0.0040564260401607,0.0121553294893672,SPY
2018-07-18,0.15412896081614708,0.14248025056905278,0.12274497338365249,-0.5531636230077112,1.7806624489344305,1.7403665855143013,0.722247322567778,1.5273295588140694,-1.051535033690026,-0.017018226069002582,-0.003778722731953,0.01044134732743,0.0025584915258285,SPY
2018-07-19,-0.44373418675387954,0.36299369372374723,0.5755150331639002,-0.5347808341493835,1.7918369015167968,1.7436371044708923,0.5066772030048272,1.1263419266088108,-0.33291052365740925,0.6977472688291085,-0.0011433025078035,0.0118580766774147,0.014396187677919,SPY
2018-07-20,-0.17578227821026676,-0.212210756765108,-0.03838642090040772,-0.5766625574256888,1.7987459318736467,1.748051920383739,0.40519607731723356,1.007949708038792,0.5819400023273783,1.4125127637272195,0.0018576698717165,0.006202271986587,0.0190536606563345,SPY
2018-07-23,0.1293365294890081,-0.4510123841597721,-0.13095720798047253,-0.5766059557168896,1.8024763934431565,1.7524830833959602,0.4465058720019909,1.002408226811063,-0.9221599744404019,-1.4465492158652247,0.0050192675001401,-0.0008927940257628,0.019333615133493,SPY
2018-07-24,0.4507866385912318,-0.03620317652298046,0.0010139539996740464,-0.7912644263129973,1.806871434013784,1.761093566703053,0.59429996871858,1.3731158187921384,-0.03040929705312458,-0.7317837209671136,0.0084864351953299,-0.0009947714872735,0.0166567987117574,SPY
2018-07-25,0.8033050691070647,0.4173299539294907,0.04810499571276091,-0.7474314834162415,1.8184676327731137,1.7711649241972771,0.8935431030771762,1.386267857604193,0.43954348002834515,-0.017018226069002582,-0.0023619933819682,-0.0111534671500947,0.0075766386330293,SPY
2018-07-26,-0.29969061839252337,0.9051726371570958,0.35423884462263644,-0.8483165825196602,1.8249063170243742,1.7825184090422328,0.6593756955151014,1.0124493987973275,-0.4506941283484173,0.6977472688291085,-0.0067991071986313,-0.0033583215062984,0.0086098286975078,SPY
2018-07-27,-0.7508266856904068,0.36195019096438075,0.42216588542095623,-0.771546126809318,1.8278743046564427,1.791063949149425,0.24535582270277928,0.21307363097697576,0.3676274624146778,1.4125127637272195,-0.0052373961406333,0.0077162847896943,0.0214093084234239,SPY
2018-07-30,-0.5920423465745168,-0.7629863020346481,0.15099053637822576,-0.7207693277314787,1.8288636802057365,1.798100074618659,-0.07572754785243702,-0.2705174187148894,-0.1623183614341773,-1.4465492158652247,0.0049172900386293,0.0166141829043846,0.0345106754809343,SPY
2018-07-31,0.440418252103999,-0.9746010038178335,-0.18919217988501955,-0.7101145821009456,1.830258481475414,1.8057854373129467,0.0761856596283195,0.40718558754611056,0.08466784118429949,-0.7317837209671136,-0.0016722604674912,0.0149938360929802,0.0300765980715889,SPY
2018-08-01,-0.2295631870531422,-0.11233504825222577,-0.19408162979203328,-0.7267038982694285,1.829933990762029,1.8138683614640365,-0.08675289037447388,-0.13308524341124867,-0.6195679305502051,-0.017018226069002582,0.005433152261828,0.0162458647747563,0.0371156585881671,SPY
2018-08-02,0.49286767401592624,0.1500404120254891,-0.6811542910266032,-0.75492064387804,1.83381027992058,1.8213996023141739,0.09138163510794858,0.10673267529051651,-0.1573844468120592,0.6977472688291085,0.0042754990973614,0.0094454226025888,0.0276256520765354,SPY
2018-08-03,0.3751652400708864,0.1880051911140669,-0.3074052921929766,-0.7975356463910379,1.8401677789363777,1.8280380411147803,0.22471513775344712,0.354145402719046,-0.605496998388903,1.4125127637272195,0.0036605019740569,-0.0015528494035565,0.0233845212684657,SPY
2018-08-06,0.312636444310638,0.6257293891595452,0.22358196638351135,-0.8571478208910769,1.8473686034871257,1.8335079475147824,0.3414750243092122,0.3413108027851283,-1.2503119935266684,-1.4465492158652247,0.0032969432272249,-0.0089636336897171,0.017999897240263,SPY
2018-08-07,0.2756722216076736,0.4952715390784942,0.6502039519182843,-0.8586977980489227,1.8538072599352224,1.838929021303035,0.44178530353029977,0.3904319598619339,-1.046275567717175,-0.7317837209671136,-0.0004202317857151,-0.0059001611565001,0.0120084604420247,SPY
2018-08-08,-0.10226528148230803,0.42325491183798075,0.5725141913674192,-0.9470521198080568,1.8561588792505204,1.8459083701658439,0.34912016091429277,0.6322176982414531,-1.0750641812244766,-0.017018226069002582,-0.0013672899103394,-0.012975253426263,0.0094142798101435,SPY
2018-08-09,-0.19855581976893405,0.12293411155062269,0.6325444316872023,-1.0178510327550077,1.8589646076243145,1.8505341819162415,0.23621357905136126,0.6131743859722376,-1.3143633135893047,0.6977472688291085,-0.0067227729087839,-0.0035489900957861,0.008836147794935,SPY
2018-08-10,-0.7430655254532256,-0.22032921094517177,0.3064878614040886,-0.9422953879891589,1.8617863784230622,1.8534313192106804,-0.11125710995189249,0.07686201034600515,0.5467808605027873,1.4125127637272195,-0.0037502823121036,0.0066879532836097,0.0172958623604193,SPY
2018-08-13,-0.44084255501006997,-0.6841634881487193,-0.22083944446454365,-0.9215746799145078,1.8652732842861834,1.855671205723266,-0.3103575972383426,-0.37574345675698123,0.024250295274871596,-1.4465492158652247,0.0063604157604419,0.0125758599445884,0.0243378375267715,SPY
2018-08-14,0.58714562707239,-0.8595393463415572,-0.5761597083942878,-0.8950956663926355,1.8694413676386326,1.8584548176297049,-0.0399540142525511,-0.48928663723073185,-0.9464266168779383,-0.7317837209671136,-0.007495324055478,0.0085578952625509,0.0182194895553875,SPY
2018-08-15,-0.8216133609397069,0.10331535645381039,-0.4292772966262175,-0.8264733712888728,1.8709335911908642,1.8590391394797072,-0.3979012090604786,-0.7466331917222073,1.642038765021887,-0.017018226069002582,0.0080589734201375,0.0154594944346309,0.0316120949111216,SPY
2018-08-16,0.7598436137221997,-0.17230025575965227,-0.7685023442792868,-0.7816526485088008,1.873642064101081,1.8623340886545985,-0.05325055789985874,-0.005583628472864043,0.18177811680507103,0.6977472688291085,0.0035141704706118,0.0060717176970035,0.0237249916509281,SPY
2018-08-17,0.2977584353810281,-0.047295238102623545,-0.3165471604384738,-0.778146094251602,1.8760100316761217,1.8667002249923703,0.06768695117453387,0.4512859853090364,-0.010754769063356094,1.4125127637272195,0.0021376243488751,0.0085579197536764,0.0149024792258458,SPY
2018-08-20,0.15780042901159172,0.7629463511500068,0.1742771953849006,-0.777520776815231,1.877680584714743,1.8711393737365427,0.1230701107952651,0.3492656445310029,-1.107694014813219,-1.4465492158652247,0.0023424510784044,0.0142842663216784,0.0181765640389404,SPY
2018-08-21,0.17862584144305102,0.32716582819777107,0.45658099320014206,-0.7936580671904138,1.8789131823324727,1.874977992655586,0.19444482465011778,0.5515303930994293,0.08060000504310182,-0.7317837209671136,-0.000593724883398,0.0124250278725579,0.0168986330184557,SPY
2018-08-22,-0.11990489971749063,0.2409333694549601,0.2639341401608393,-0.8621419874532089,1.8800647337305523,1.8767309442931694,0.14829806316140393,0.29772423351499844,-0.8775587540665308,-0.017018226069002582,-0.0013288033174898,0.0183855528050429,0.0255643178722957,SPY
2018-08-23,-0.19464276032099748,0.039920258678938905,0.5948408221891259,-0.867588506671756,1.881232549978888,1.8787192663369041,0.06504734648077191,0.001120718873054482,-0.666842564302604,0.6977472688291085,0.0060003725272848,0.0156575018727291,0.0259786148446474,SPY
2018-08-24,0.5505388382959278,-0.2302649881760294,0.1447309310732112,-0.9027988685665794,1.8882876581532464,1.883661557931203,0.2984155202695012,0.11917601678915779,-0.27038525781658923,1.4125127637272195,0.007863970916877,0.0096914976347362,0.0166510705905773,SPY
2018-08-27,0.7400170629351062,0.2550263168023239,0.26393531442159773,-0.9055075492992501,1.9007431692661514,1.8916389841635182,0.5905701959762257,0.321940947552446,-0.2785067008394269,-1.4465492158652247,0.0004832126292839,0.0001034046637133,0.0078582564332192,SPY
2018-08-28,-0.010409093598581248,0.9315667326809274,0.5384928909651988,-0.9173467834942773,1.9105065557285852,1.8986101525204269,0.54162200850049,0.36982133955940516,-0.7460256305113234,-0.7317837209671136,0.0053668000490869,-0.0030743015365839,0.0043784723089501,SPY
2018-08-29,0.4861214246409115,0.5255324326207699,0.4493491416749219,-0.9144335424943664,1.9262384193525042,1.9072289137203944,0.7091670020431308,0.6564594287374564,-0.08559821744285108,-0.017018226069002582,-0.0040568542498036,-0.0114555140032672,0.0018021996408377,SPY
2018-08-30,-0.4720127399619362,0.3417536326260153,0.7351347225783482,-0.8928958780303025,1.936358548197206,1.9136482179148253,0.449312218296864,0.8383822773584804,-0.0962337722746679,0.6977472688291085,3.4368289291819565e-05,-0.0093440816790115,0.0059622573604833,SPY
2018-08-31,-0.05604458521308807,0.007628301557647945,0.6043345616434632,-0.9019366493236117,1.9448730443884934,1.9190936940965273,0.3951178840789585,1.1332326044476542,0.13583663811365237,1.4125127637272195,-0.0017241220541457,-0.007641508311603,0.0093963220344264,SPY
2018-09-04,-0.23483612644885388,-0.38481096742049464,0.31828626788751807,-0.9010662239290507,1.9515871467707446,1.9232892919286477,0.2703154064318765,0.7872245585401602,-0.24813489572788724,-0.7317837209671136,-0.0026944935710133,-0.0026256934032087,0.0105372753876062,SPY
2018-09-05,-0.3334970145904955,-0.2131339992334811,-0.14142806105455513,-0.8945448417925959,1.9559499356724896,1.9260891674599114,0.11416376446561341,1.2273075249058096,0.4282017042014332,-0.017018226069002582,-0.0030144124175963,0.0003108679568626,0.0137804227926539,SPY
2018-09-06,-0.3660242240030478,-0.4139640523576221,-0.2937875633935113,-0.8805283496934684,1.9591774658295733,1.9282804161346982,-0.05037254170334196,0.6047857407114382,0.13092692434701472,0.6977472688291085,-0.0019454219255479,0.009222561674715,0.0089484277637126,SPY
2018-09-07,-0.2573364178100967,-0.5089227184618749,-0.6956363435927296,-0.8776247968498396,1.9621130071706199,1.9303336952907575,-0.162703758259268,0.22226283094246208,0.4887633012083046,1.4125127637272195,0.0017369416567003,0.0113398537602069,0.005281019419197,SPY
2018-09-10,0.11706169174881653,-0.4537949377042958,-0.594400811460811,-0.9430118717199928,1.9630698808225666,1.9343428109781764,-0.12148450760635358,0.19879296102572824,-0.5719333010025832,-1.4465492158652247,0.0032916928542485,0.0042945701490362,0.0035440777624966,SPY
2018-09-11,0.27513839878628793,-0.10411996696543646,-0.5127685853822458,-0.9660752761114827,1.9618859665429533,1.9399830054601799,-0.023401959013713943,0.25763432451319457,-0.5454286157529925,-0.7317837209671136,0.0002420677890579,0.0064145864567572,-0.00120824966642,SPY
2018-09-12,-0.03492708871067152,0.2813044675737687,-0.27227842830107857,-1.0025928091502472,1.960588392933692,1.9442192136608758,-0.054765562642127626,0.3287374848549087,-0.08899212879980839,-0.017018226069002582,0.005897281300256,0.007237038725619,-0.0336254101826538,SPY
2018-09-13,0.5400572115772193,0.17128951862397582,-0.1314809476005574,-1.0808636081336724,1.9595339857865386,1.951563666292961,0.1495255325576086,0.7519316457880869,-0.5047117793772318,0.6977472688291085,0.000171870159944,0.009411717395805,-0.0617951859414542,SPY
2018-09-14,-0.04206431431285281,0.36304728901284034,0.2958024871368028,-1.1485982125320036,1.9604745667850667,1.9570983350313387,0.10172163675921762,0.4699132818918751,-0.2980311760711771,1.4125127637272195,-0.0053083419544703,0.0083253408907228,-0.0481739907932805,SPY
2018-09-17,-0.5992556425971421,0.35788110827308806,0.39731897359536394,-1.0963827630196448,1.9589013526195123,1.9605716832320053,-0.18343598718765297,-0.5988294052480532,0.3818488290362207,-1.4465492158652247,0.0054117091619696,0.0103065111184079,-0.0484990214203637,SPY
2018-09-18,0.490687482986238,-0.46679453627716483,0.05952314315188913,-1.0673498871366387,1.960685592790944,1.9648241689699524,0.028737054665099338,-0.20860558621605366,0.05068495960967036,-0.7317837209671136,0.0010645200579197,0.0039659587159572,-0.0322804877757132,SPY
2018-09-19,0.04869435924974396,-0.08116961313758363,0.16117024619893397,-1.0704746871639368,1.964237113204482,1.9687844103083456,0.039155090813260005,-0.5439998178321724,-0.6562424814131699,-0.017018226069002582,0.0080719599704419,-9.513283694762008e-05,-0.0331668790802757,SPY
2018-09-20,0.7611639993318929,0.3878399161164925,0.20060385348761586,-1.0045059328866035,1.9730274167710398,1.9747980142773505,0.36093458700386233,0.3961043314592126,2.359146894248081,0.6977472688291085,-0.0009145063451381,-0.005376565426415,-0.0557850201492104,SPY
2018-09-21,-0.15251981407195894,0.5836205523445495,0.3048718188223889,-1.0072380934696037,1.9822907911531447,1.9809022298703804,0.25589066913991765,0.3058253462259034,2.6560941285058703,1.4125127637272195,-0.0033271717267853,-0.0043588556114348,-0.0554132613290674,SPY
2018-09-24,-0.3978234995204919,0.437974492556186,0.25278400036655496,-1.0141908424289054,1.9891631769413853,1.9848199131006998,0.05902271342841869,0.15892666122565502,-0.37480845575542393,-1.4465492158652247,-0.000928843240481,0.0024367490785852,-0.0565847749156755,SPY
2018-09-25,-0.1539774937370529,-0.40094236784772647,0.3477739367900756,-1.0867228214072244,1.9940548098033142,1.9866752184490082,-0.0034092917835176414,0.316885897587696,-0.8946784114081092,-0.7317837209671136,-0.0029965714949851,0.0027824236181004,-0.0607593968673345,SPY
2018-09-26,-0.36421027827247926,-0.40199748884715586,0.043767415198774695,-1.0704353699753109,1.9974156561261662,1.9877076595082632,-0.15485704581841475,0.3156094472151649,1.246637366404495,-0.017018226069002582,0.0027905273809745,0.0063276489471197,-0.0885300711672929,SPY
2018-09-27,0.22418324414742244,-0.37766702966155896,-0.15094721508883585,-1.101002222388259,1.999322786277306,1.9881343535830154,-0.027725541085273787,0.6470165265169997,-0.013658386089697343,0.6977472688291085,0.000103203469842,-0.0043092858803923,-0.0735390721229691,SPY
2018-09-28,-0.04904588427183024,-0.10394067862825453,-0.40417277788401684,-1.1294103245161655,2.0011977203658877,1.9895432092130725,-0.0369466672989691,0.5678121538406276,0.6366177499818628,1.4125127637272195,0.0034684329632348,-0.0100253196202979,-0.0913864960973338,SPY
2018-10-01,0.29310815142198704,0.12418665163882771,-0.3553772785010492,-1.1145015602703412,2.00721588177935,1.9917674164226837,0.10453844033523296,0.5791033305337402,0.1508954644092983,-1.4465492158652247,-0.0005831687009658,-0.0134937525835328,-0.1004106094484669,SPY
2018-10-02,-0.11883161766413028,0.1740769799397485,-0.029552647965070594,-1.1204488683930165,2.01041057640113,1.9942588256668454,0.05203375586094472,0.5077831261679872,-0.7514484973979427,-0.7317837209671136,0.0005486538340342,-0.0143712184572351,-0.0851175359218041,SPY
2018-10-03,-0.0037554694252693354,0.12356355471606718,-0.012978805862594943,-1.137930680117022,2.013363439112621,1.9975135540210613,0.045394159831917906,0.19115474934747492,0.3013655894033977,-0.017018226069002582,-0.0078464074465376,-0.0470949650184451,-0.0750419006398628,SPY
2018-10-04,-0.8573091728752561,-0.09131701734869747,0.157001907508051,-1.049368741007928,2.0087739154179998,1.9996155823143216,-0.3445204798495974,-0.49964371513371036,2.8967738371756626,0.6977472688291085,-0.0056128302700635,-0.0615210520304518,-0.0566097635781952,SPY
2018-10-05,-0.6302139787838343,-0.6258536475624887,-0.3530005894440165,-1.0067517919807933,2.001980323793219,2.0008514369395027,-0.618821122443271,-0.5207082103671998,2.394045778227711,1.4125127637272195,0.0,-0.0421151564522706,-0.0569373293965265,SPY
2018-10-08,-0.0595389230893537,-1.079306861134508,-0.6270637032344758,-1.0098395726483365,1.9967668415183732,2.001681535689557,-0.6269954407475234,-0.9644247589615408,1.3735176329853354,-1.4465492158652247,-0.0014606345746681,-0.0477485290338242,-0.0514359834104878,SPY
2018-10-09,-0.2080464811557001,-0.5018520448084215,-0.7933625008152831,-1.0211137637049994,1.9913091362612323,2.0013982787165556,-0.692153122428934,-1.160823091875075,0.6477121727984988,-0.7317837209671136,-0.0321750927271757,-0.0246576516525358,-0.0436672078575197,SPY
2018-10-10,-3.3308872358984525,-0.1962720173918542,-0.835433811191364,-0.13424342710850679,1.97244338353264,1.9936397784040434,-2.090004569234873,-2.876651989311994,5.270323769963625,-0.017018226069002582,-0.0222724944585444,0.0076955698279972,0.0096905483637108,SPY
2018-10-11,-2.324057250567843,-2.5641916529245194,-2.4044189301635903,0.07271600472209837,1.942271252214055,1.9794962541122987,-2.950572700510514,-3.0472837052092747,5.068898007056239,0.6977472688291085,0.0137930653081177,0.0154218831880488,0.0301465872015631,SPY
2018-10-12,1.3428477399975787,-4.095836397163636,-3.0960975496792185,0.2254347912814958,1.9182086156988265,1.9683937494143438,-2.230286649542732,-2.22229354850937,2.5951180933344835,1.4125127637272195,-0.0056333725815536,0.001086070354936,0.006537446168827,SPY
2018-10-15,-0.6323025836747094,-0.7128188268955652,-2.165655146773339,0.2265359710967764,1.8899748930895646,1.9572773044665392,-2.3766934331658707,-2.284078384271533,0.7438376747975485,-1.4465492158652247,0.0216302428066201,0.0022207576230961,-0.0066910159061857,SPY
2018-10-16,2.1396795503766923,0.511734082543891,-2.435754957427689,0.4893912986925096,1.871793264985559,1.9497779926317782,-1.3236795522561098,-1.3575122044101842,1.0717400525222538,-0.7317837209671136,0.0001781287533573,-0.024512950375664,-0.0301943255535483,SPY
2018-10-17,-0.04142798237818633,1.088509622655521,-1.3286310244303834,0.4874210416925742,1.8534323342844654,1.9420679492955395,-1.2397682426359602,-1.451461047739583,0.8786145276760314,-0.017018226069002582,-0.0145461810984928,-0.0554583249239648,-0.037232495149742,SPY
2018-10-18,-1.5384973645728277,1.516205923006415,0.22258875900176991,0.5098891189776288,1.832187854156817,1.9291408717961016,-1.7774248406093869,-1.6911237088995514,1.3687165344905001,0.6977472688291085,-0.000542747524995,-0.0231306174001737,-0.0123037691832301,SPY
2018-10-19,-0.11472186273863318,-1.146190895384643,0.5930374991471592,0.5106330242500264,1.8133383384753177,1.916309317006713,-1.676647795351984,-1.8222990531831098,1.4305875570343645,1.4125127637272195,-0.0044986853133934,-0.0403320903797013,-0.0091641393087922,SPY
2018-10-22,-0.5169351685211038,-1.199243643632315,-0.09431280047248676,0.5119043852069075,1.7924687005889384,1.903257584179275,-1.753178852934184,-1.873500513873205,0.19045598969189112,-1.4465492158652247,-0.00510346519214,-0.041389085454206,-0.0217242349235897,SPY
2018-10-23,-0.5784251431649856,-0.45980016294971376,-0.039908655913416566,0.5122402936261204,1.7700027441086932,1.8892848627292562,-1.847594567098752,-1.9554985638137163,1.5064081003667602,-0.7317837209671136,-0.0307672457949435,-0.0215757154363691,-0.0353003531917179,SPY
2018-10-24,-3.1877467723882624,-0.7954452847128505,-1.3216931223266783,0.8447250750172087,1.7488562423268579,1.8692631301886078,-3.0295070745709296,-2.1772038924797807,2.045627229242168,-0.017018226069002582,0.0177815264252982,0.0198158194745499,-0.0011314162250313,SPY
2018-10-25,1.7483678004066923,-2.7286748386685047,-2.805411744718751,1.0224595542312804,1.7454512445814305,1.8524614701515003,-2.072574662347916,-1.6409181351729414,1.201603103961467,0.6977472688291085,-0.0177442205045226,0.0126200226643815,-0.0256140923728187,SPY
2018-10-26,-1.8636526299802298,-1.044458371308873,-1.2554152630983038,1.0888680215509416,1.728149169533543,1.8317629816091499,-2.6646344345042716,-1.8183073643030558,2.3018813927328767,1.4125127637272195,-0.0055556803878982,0.0244238470805093,0.0081454558456242,SPY
2018-10-29,-0.6244033608569811,-0.08603138057078479,-2.080163587034831,1.0622354318482736,1.7109776859414658,1.8090426699036637,-2.689489033652511,-1.85320203874756,1.4693578783577945,-1.4465492158652247,0.0147099048256968,0.0354808734544462,0.017060108651365,SPY
2018-10-30,1.4360658523549,-1.8035285365239746,-2.1308426723169136,1.2003866247058268,1.690401315816615,1.7896485546796173,-1.8363607881294515,-1.1552056707787162,1.352191404006789,-0.7317837209671136,0.0106242891159755,0.0270791096070492,0.0251140989685616,SPY
2018-10-31,1.0206677625307674,0.5849264486750696,-1.180863345942156,1.272440962050859,1.6744030422864615,1.772455552039683,-1.1769518823742384,-0.575785196346643,0.7958038882399653,-0.017018226069002582,0.0105857296151299,0.0376374839851285,0.0123028192768144,SPY
2018-11-01,1.0167472902852446,1.7756881293145348,0.8037108288142557,1.3351323973498253,1.6696948824960458,1.75946911022277,-0.5528340831255478,-0.6424290310816716,0.24811669648387188,0.6977472688291085,-0.0059403960883948,0.0252352987493065,0.0077939684681798,SPY
2018-11-02,-0.6635186811577595,1.4721702639804564,0.45869843565249396,1.3358276625599517,1.6625918972752955,1.7464827379679815,-0.6944095688134292,-0.6471337978075865,0.6552230986771271,1.4125127637272195,0.0055013459860386,0.0213596191130829,0.0268884953021091,SPY
2018-11-05,0.4998011559652134,0.2530955068557704,1.0246490617895014,1.3574524013150024,1.6599525986341999,1.7347191009215985,-0.31473858907926655,-1.026516231590983,-0.4071786542730012,-1.4465492158652247,0.0063081409782999,-0.003003561529522,-0.011552132562822,SPY
2018-11-06,0.5818306767220448,-0.1210887086177448,1.5547934267796255,1.384104529481527,1.662412539071881,1.7247082903009745,0.08787412306846415,-0.8750410121539,-0.5082175224980762,-0.7317837209671136,0.0211826634940548,-0.0111847693485644,-0.0193781864048103,SPY
2018-11-07,2.094172678293242,0.7803399732731631,1.1519592823143134,1.2025729415725919,1.6879740718984197,1.7269175277412852,1.0757950580993567,-0.13088079614249512,0.27118740479094805,-0.017018226069002582,-0.0018164556206921,-0.0392274736854556,-0.0640710912599491,SPY
2018-11-08,-0.24422398617309612,1.9344034581280527,1.6581950902697797,0.9943409698060485,1.704949932436828,1.7337082519459435,0.9148901307838169,-0.15980584843450849,-0.41496806402436726,0.6977472688291085,-0.0098160757246184,-0.0270284731967445,-0.0603592275295925,SPY
2018-11-09,-1.0575718746156912,1.3364753657161887,1.0635552301503441,0.9737975356868557,1.725200671918618,1.7351837341793257,0.42937831510495533,-0.275264127504969,0.19972115696908976,1.4125127637272195,-0.0188618346565663,-0.0146155151226832,-0.0503162102632233,SPY
2018-11-12,-1.9772841648342603,-0.9448707641942736,0.8777304296873478,1.102865815519917,1.7393909613762826,1.7336919744086934,-0.44452057480562124,-0.5349128074765918,0.20555599710216144,-1.4465492158652247,-0.0018730668407425,-0.0128124613943079,-0.02643150955552,SPY
2018-11-13,-0.2499798365374844,-2.1993220895218504,-0.2903958362821763,0.8978766646341644,1.7463801482515713,1.72689308361056,-0.4607559850187121,0.05082343008310624,0.16002941404295334,-0.7317837209671136,-0.0068600408428363,-0.0296189780138336,-0.0248976828766585,SPY
2018-11-14,-0.7570220112440446,-1.614757909370968,-0.6826551180635749,0.9076184605734123,1.745679675367239,1.718537197680969,-0.692911080510477,-0.45787529295688506,0.6575151030837506,-0.017018226069002582,0.010382544868019,-0.0193572459992541,-0.0366748925131332,SPY
2018-11-15,0.9960888236481499,-0.7314882487635203,-2.027201217576372,0.8900121749805611,1.7448813631529112,1.7157818140848555,-0.17864111051223458,0.2044757534031984,0.8168321737055079,0.6977472688291085,0.0025968823494428,-0.0364409405897623,-0.0668707208163272,SPY
2018-11-16,0.20449471200995195,0.17046109002204282,-1.4423033301257084,0.8941335893550357,1.747878794334416,1.7137274358472199,-0.03463125080661583,0.4139391843521405,0.6341872282057445,1.4125127637272195,-0.017058780928191,-0.0230224952252848,-0.0705647603898249,SPY
2018-11-19,-1.7939617165591455,0.8664414966242077,-0.8471469514329814,0.9976053950557651,1.7408897742781047,1.7089095213324228,-0.7816547029536967,-0.3514137046454835,0.1682839925577721,-1.4465492158652247,-0.0186795834602682,-0.0026047418792511,-0.0685950193506048,SPY
2018-11-20,-1.958754081686632,-1.1530974905319076,-0.7606970559958366,1.110223373404874,1.722968939841442,1.701173044388684,-1.5606824391378906,-1.0054526849042955,0.7783213262809476,-0.7317837209671136,0.0034016911717431,0.0388387367239104,-0.0663272741035294,SPY
2018-11-21,0.2863222922842504,-2.718934816713144,-1.5665086530411658,0.7488253025298235,1.6969186274123578,1.700928463957183,-1.4027175913346264,-1.2079836604446,-0.3999761680043805,-0.017018226069002582,-0.0067011497224891,0.0332500549763956,-0.0904314421999377,SPY
2018-11-23,-0.7408670244387031,-1.213150387480356,-1.0744957719476147,0.6104887914025442,1.6688155240620686,1.6953605027857805,-1.6511747909045882,-1.217903200194903,-1.0232381576833327,1.4125127637272195,0.0160153277139203,0.0460280835053801,-0.1105084155321414,SPY
2018-11-26,1.5687925238552245,-0.3315999070785629,-1.8935970487356037,0.5969401803903407,1.6521001791593755,1.6971295789239393,-0.9346984116664722,-0.9426231589561337,-0.3131613555003872,-1.4465492158652247,0.0033589724178426,0.0431668865369943,-0.077233938027585,SPY
2018-11-27,0.281978934995969,0.5966981990669409,-1.2502311964415633,0.5823990812823053,1.645306476321942,1.7008307569964072,-0.817901089263341,-1.0214686693805657,-0.40395396852658144,-0.7317837209671136,0.0227638951428934,0.0068686322402591,-0.072944867749447,SPY
2018-11-28,2.2549417405753682,1.3370709138852135,-0.271273878615798,0.7136487800355399,1.6494118635422108,1.7063823710684345,0.19011282625017464,-0.9935314268022406,0.5879535649384866,-0.017018226069002582,-0.0021869905757716,-0.0174131757663227,-0.0969995954141111,SPY
2018-11-29,-0.2818975030892514,1.8337304095479712,1.715790808038465,0.6755951594065311,1.6555701806994962,1.709113421833223,0.057532891296945214,-0.9996195585275475,-0.29896695142158636,0.6977472688291085,0.0060768788064953,-0.038736426551635,-0.0860917795900837,SPY
2018-11-30,0.5583174852616654,1.4255763513181745,1.4478337610016663,0.6432111134052709,1.6598550095326672,1.7108580399282316,0.3267590452119059,-0.644903933763132,2.307759675928592e-05,1.4125127637272195,0.0131541307455345,-0.0429178972484658,-0.091129006885394,SPY
2018-12-03,1.2778851454519982,0.19749865853696114,2.060493945686764,0.6910582355004766,1.668929544832833,1.7168987313887114,0.8903165367588337,0.12153408828956308,0.08800541723297475,-1.4465492158652247,-0.0329392818788925,-0.0558450864522495,-0.1284352678513904,SPY
2018-12-04,-3.4085848796421265,1.326525471787683,1.923309914590302,1.1420927622477315,1.670802866337972,1.714338886925973,-0.6403765884375378,-0.5955548457338952,1.5028052721839291,-0.7317837209671136,-0.0015179128636884,-0.0178829385222201,-0.062548910650956,SPY
2018-12-06,-0.2138701546330694,-1.5448612177056746,0.18294009691923688,1.1229582435129706,1.6801216802267591,1.7100345217552024,-0.66587727109674,-0.4940993918728088,1.914974512410145,0.6977472688291085,-0.0235102413610839,-0.0167042658204126,-0.0531773690859154,SPY
2018-12-07,-2.4499030803107775,-2.6246473880288654,-0.9812846458926935,1.0908684122761974,1.677759356693772,1.695817122486708,-1.6005442881766843,-1.1056500547125805,1.0614435713815655,1.4125127637272195,0.0018954081096644,-0.0118312749386397,-0.0203155035015791,SPY
2018-12-10,0.13317350121387836,-1.930719001382942,-2.0036572861308275,1.100005659660541,1.6790953264709014,1.6824231161794174,-1.3753490544577325,-1.122805812696383,0.8530094535187205,-1.4465492158652247,0.0002269415417508,-0.0335399664834792,-0.0175485189429611,SPY
2018-12-11,-0.03646502440604934,-1.6795163141455822,-2.2041436603445557,1.0840745420345415,1.6736050081037614,1.6713116240549122,-1.2491993570800513,-0.8422058837477453,0.2639530460041036,-0.7317837209671136,0.0050228660511368,-0.0348640652492848,-0.0142539452893393,SPY
2018-12-12,0.45115251519744487,0.06741700363715844,-2.823955559111598,0.9888307303971243,1.6688152182272769,1.6655153599892598,-0.9570103721182799,-0.35707714245625366,-0.20021621152337843,-0.017018226069002582,-0.0003392401618809,-0.0549759711893926,-0.0188906638540098,SPY
2018-12-13,-0.09403059466327376,0.2975816571382237,-1.0038080685109363,0.989050938577227,1.6538106297366575,1.6600615085277075,-0.9152382260479464,-0.43826550198622205,-0.2394850782894133,0.6977472688291085,-0.018637250479311,-0.0710485692407045,-0.0246710192509755,SPY
2018-12-14,-1.9544499472120311,0.255913625761372,-0.9472949817280525,1.0941325444903929,1.631800422701517,1.6521293811511941,-1.6871795844397925,-0.6842231864110399,0.13631243397533202,1.4125127637272195,-0.0198132834351749,-0.0731137956860585,0.0053616022300007,SPY
2018-12-17,-2.07402111546305,-1.4853480074683092,-0.7136527194006694,1.1439143788073232,1.5987444639247486,1.637732595074748,-2.4324825376398214,-1.3928444006613347,1.068341932260595,-1.4465492158652247,-0.0010971572240547,-0.0800786353055764,0.0275921463759978,SPY
2018-12-18,-0.17109053427604545,-2.9185364007716066,-1.7545058479536833,1.1320041053039767,1.5592860206147239,1.6225287909613237,-2.325288160235842,-1.4984525870714789,0.44932887524199633,-0.7317837209671136,-0.0150890398889709,-0.0296916728630449,0.0362474751428099,SPY
2018-12-19,-1.593691616952532,-1.6276766795464577,-1.817991587757728,1.1127943418618935,1.528348217994972,1.6079852148887022,-2.848728761220158,-2.3850160063422265,1.9340674466225374,-0.017018226069002582,-0.0164118382131928,-0.0069545902780934,0.0645585576549745,SPY
2018-12-20,-1.7281849066167778,-1.279996902802677,-2.7822846302788182,1.0877208532649514,1.491414941342628,1.5941672135171099,-3.4308303223237484,-2.485368386655597,2.472313007438632,0.6977472688291085,-0.020702476924665,0.0081664154133287,0.0673676641233766,SPY
2018-12-21,-2.1644283645196283,-2.407077844995871,-3.5529074903037414,1.1757522717116498,1.4564457635220605,1.575486903082543,-4.141096028473603,-2.8001390938720885,2.35692399811318,1.4125127637272195,-0.0267781230546928,0.0375897175862496,0.0901606907832466,SPY
2018-12-24,-2.7821594425688394,-2.820197642112096,-3.651927617904574,1.3496691213547114,1.41023996524704,1.5530344890328585,-5.058387171824786,-3.3229262447568697,0.44997575210809676,-1.4465492158652247,0.0492898052184767,0.0654074921521274,0.1174700717448464,SPY
2018-12-26,4.951918930580265,-3.5831023408444764,-3.98586645032437,2.144585158467221,1.3833384867910878,1.5368259574107785,-2.762136559900412,-1.8657966199322233,1.637206668893555,-0.017018226069002582,0.0076480426959806,-0.0080344432868111,0.0766061643147573,SPY
2018-12-27,0.7180629250836033,1.5679659288827823,-1.5699941077529334,2.167390636323683,1.357367302163417,1.5214334729895034,-2.258966781400022,-1.686863540809006,1.0449563972521343,0.6977472688291085,-0.0012908325217706,0.0172645893387501,0.0613286462012956,SPY
2018-12-28,-0.19078214367677226,4.101552841851324,-0.47983335376033287,1.9553532056602558,1.3310184115687036,1.5007406050668521,-2.0973037239185133,-1.4420903282586488,0.4436550369751445,1.4125127637272195,0.0087208252482557,0.026409050561873,0.0612917984452527,SPY
2018-12-31,0.8271362826075132,0.37908073280483695,0.24516409936926278,2.0067408800197537,1.3162083896115653,1.4823161302156118,-1.503374731063093,-1.297533987491631,0.26639133434517653,-1.4465492158652247,0.001039651511185,0.0270398495368695,0.0682776426511004,SPY
2019-01-02,0.04616589168346832,0.4580319542272302,1.6559048644581447,1.982658573139914,1.3101493853519068,1.4627433933669902,-1.2422388179850388,-1.2809036925317965,-0.052050103373380154,-0.017018226069002582,-0.0241521302204619,0.030662590693967,0.0759818792272692,SPY
2019-01-03,-2.515166048002666,0.6295434693213328,2.989666396168666,1.9828801278505799,1.2947636433020546,1.4352999107609556,-2.042678651874972,-1.6431402994489421,0.24807359151663338,0.6977472688291085,0.0329470753215419,0.0583362361098016,0.1006159374556086,SPY
2019-01-04,3.290299418606743,-1.7897352377333857,-0.5316083941942362,2.1674280636744614,1.2990058220834448,1.4219416872107657,-0.3806618598986998,-1.0581936137666468,0.2051222635886217,1.4125127637272195,0.0078536287013522,0.025775308274726,0.0746792260428028,SPY
2019-01-07,0.738965535606354,0.5584853563907087,0.6813885846098511,2.199826725202707,1.3131722286242382,1.4105493727876346,0.118192050597866,-0.7159744905386122,-0.5294761171613822,-1.4465492158652247,0.0093516242232523,0.0118020840145272,0.0710086820970117,SPY
2019-01-08,0.8912717050000618,2.9139429037461806,1.1198323781180681,2.1007510753421577,1.339505938692046,1.4062282709695881,0.6124698461828721,-0.30329817121361397,-0.5175855440330575,-0.7317837209671136,0.0046623926682825,0.0138458307929401,0.0603379862520903,SPY
2019-01-09,0.4145019916756588,1.1774403103068807,1.1500769041530434,2.107554175715764,1.3782279596282008,1.4024834635323198,0.879350287245876,-0.2233397818505563,-0.6528460668842005,-0.017018226069002582,0.0035215151953726,0.0116006988354797,0.0460968943797484,SPY
2019-01-10,0.2985051978894698,0.9425819206698977,1.3237742207100638,2.112663489116815,1.399039294282126,1.3994360163981798,1.0845009990256262,0.06788746008242334,-0.5919381953855453,0.6977472688291085,0.0003861474864663,0.0156373551828643,0.0437966127027671,SPY
2019-01-11,-0.020278028363786595,0.5135161908063627,2.650625281726011,2.103140368592452,1.416917339651194,1.3953862903421852,1.150578034544917,0.3774881030305644,-1.039143793765763,1.4125127637272195,-0.0061195955588466,0.0284732503195916,0.043964725338399,SPY
2019-01-14,-0.6817384852245134,0.19880676577891548,1.0894467309264435,2.110334566930582,1.4327306387390406,1.3901143855747844,0.917253027494817,0.6795334338375446,-1.0680264302192193,-1.4465492158652247,0.0113953710016652,0.0209901141336477,0.0628618991611169,SPY
2019-01-15,1.0990662133814817,-0.5107288883010676,0.41948124004644854,2.055196155652117,1.4498219658126803,1.3912559278708898,1.454950786220425,1.4651185890958403,-0.7699973893501045,-0.7317837209671136,0.0024172607108221,0.0116852928671873,0.0547081048171627,SPY
2019-01-16,0.1862319847063091,0.29949275595820535,0.5174714954189281,1.928423855996391,1.4675198188834488,1.3970798915747187,1.5037930734262785,1.0357631123526898,-0.8921496925548826,-0.017018226069002582,0.0075581715427572,0.0097992900632721,0.0500699093165586,SPY
2019-01-17,0.7089254270828823,0.9277610179357444,0.40982555014810335,1.9370291127191388,1.4982452053391828,1.4047556964330319,1.7819841996449215,1.04046126202421,-0.514057108335045,0.6977472688291085,0.0132220426231937,0.0106670163089024,0.0533502207289382,SPY
2019-01-18,1.2847899711283037,0.6453630767317103,0.6033686008377438,1.877149039184808,1.521301450769464,1.418415555269648,2.2701139529491474,1.2491523247714775,0.09261705984655176,1.4125127637272195,-0.0136027317447906,-0.0101845017317723,0.0418571866725354,SPY
2019-01-22,-1.4425737419861013,1.4405388813485254,1.2188032797655477,1.845267592310015,1.5351974159454131,1.4324576858079925,1.4373504710217424,0.6714574782320238,-0.1410868785297374,-0.7317837209671136,0.0020905497352048,0.0020905497352048,0.0574734458467203,SPY
2019-01-23,0.15301419702425054,-0.11679364369095653,0.8600140043069121,1.6522512698320437,1.5460783227346229,1.4510795084078583,1.3219206365624352,0.6874901294121498,-0.6963836346764395,-0.017018226069002582,0.000531257906907,0.0157066694541034,0.0518208570021574,SPY
2019-01-24,-0.005524170990168015,-0.9360136784477847,0.4138815275605558,1.3065558403478263,1.5552222547292114,1.4750311532004003,1.0710538896966142,1.5525631886104205,-1.1825392335129963,0.6977472688291085,0.0084258977883875,0.0239192996345503,0.0574702219946701,SPY
2019-01-25,0.7971500303091316,0.10417451645374212,0.3234545244010061,0.4840411347854635,1.5665292171856244,1.4911028282977543,1.293882686246994,1.281423820396077,-0.4241157215821339,1.4125127637272195,-0.007629475417481,0.0159753298540401,0.0504049216065833,SPY
2019-01-28,-0.8352529745212675,0.5704232132413128,0.365058854888928,0.5353066083285009,1.574362118840142,1.5039683294041426,0.7791892653582901,0.7560116075316745,-0.6251289433297582,-1.4465492158652247,-0.0013276802778134,0.0306151691802574,0.0573184919267504,SPY
2019-01-29,-0.19452857715510075,-0.0301643543849616,-0.6346959089063644,0.535462197909188,1.5842106941934857,1.5168092750804048,0.5706230818928947,0.4798146445529729,-0.9783684976364333,-0.7317837209671136,0.0157066694541034,0.0361259342136319,0.0582161399303275,SPY
2019-01-30,1.5374102156192089,-0.7479770182207583,-0.04615165251199125,0.5952227424491249,1.5960584837732612,1.5312901200287008,1.1615267384462606,0.7388359470107423,-0.44184818746329935,-0.017018226069002582,0.0087438880873538,0.0191001931378593,0.0406453997404625,SPY
2019-01-31,0.8294811578938688,0.9694419843478765,0.6066919690805314,0.6045281855967658,1.6107245687564304,1.5474847114009311,1.4012670301329244,0.8432363219530593,-0.21464919491852538,0.6977472688291085,0.0004819280078773,0.0007776058464461,0.0381261603086899,SPY
2019-02-01,-0.010539705314504289,1.7106570818368232,1.0004578392763834,0.19480501169541947,1.6223592748962787,1.5686812786707103,1.1848239557793132,0.8452984420683551,-0.5617839409961468,1.4125127637272195,0.0070103639087362,0.0015169113569601,0.0340004138280907,SPY
2019-02-04,0.6532280093786305,0.5901952226553788,0.6195732621430279,-0.3276820992827161,1.6313719481591484,1.5847282453012634,1.3437629967763662,1.2368807369042305,-1.0527821802895894,-1.4465492158652247,0.004183084755561,-0.0049391924296777,0.0256285640155073,SPY
2019-02-05,0.3657691676588633,0.4626168508997566,1.3215005308930885,-0.3409438199446477,1.6481520744312352,1.6000782550890134,1.3742794610800961,1.1344013329241673,-0.6937159031002403,-0.7317837209671136,-0.0013190716216691,0.0036553010786324,0.0153701150538028,SPY
2019-02-06,-0.19365330655395585,0.7350027554669224,1.585721753708884,-0.3529305747622132,1.6634408390491373,1.6131732972954775,1.16396068318191,1.0263262225011003,-1.0855364037678414,-0.017018226069002582,-0.0095786992040594,0.0082159493580125,0.0082886905250134,SPY
2019-02-07,-1.0334370170531735,0.12199958209327436,0.7693991380391195,-0.2446293008525902,1.6742396152953485,1.6231524293243773,0.5932757191150392,0.42182435685493846,-0.37051258727148734,0.6977472688291085,0.0012212335183914,0.0155737137722899,0.0158652934648282,SPY
2019-02-08,0.06462793615830606,-0.8907962079378163,-0.10910255636570192,-0.24503889037824972,1.6819250211710546,1.6326560207543481,0.5473711590163832,0.1010697104588689,-0.7481956128254953,1.4125127637272195,0.0005542601220982,0.0251909632090354,0.029041360140769,SPY
2019-02-11,-0.0031854595373476133,-0.7038429496395598,-0.07365553497403705,-0.2454550159416214,1.6931663681631894,1.642200584275945,0.46950075230922445,0.8392730214785651,-0.8829984587652036,-1.4465492158652247,0.0127775782638712,0.0263657116537281,0.0322509154111534,SPY
2019-02-12,1.2395998066646794,0.041890203576694686,-0.3832023268985983,-0.2276877810264816,1.7106838899198442,1.6558943059550122,0.9314076407945491,1.0856877221007226,-0.7863815053130221,-0.7317837209671136,0.0032415766577109,0.015601660819251,0.0260705649143444,SPY
2019-02-13,0.27004291898836297,0.8923771274168218,0.02887250672165504,-0.2792248506898061,1.7228265320414287,1.6678988783775461,0.9557518212026545,1.1382597947757709,-0.8938421352485482,-0.017018226069002582,-0.0022209347897819,0.008798045052182,0.0221888054605363,SPY
2019-02-14,-0.28534872382616744,1.0901496605226644,0.24753907260001753,-0.2621616384577489,1.730118662178909,1.6788865499195498,0.7291814875760171,0.8350354067918438,-0.5307806755185752,0.6977472688291085,0.0108384829551368,0.0171996027413836,0.0293385526367488,SPY
2019-02-15,1.0424455600431455,-0.01366296450021283,0.6003172257161679,-0.23098766790273556,1.7420972934429606,1.690702428121808,1.121683322794814,1.5008105145124275,-0.25539900956265355,1.4125127637272195,0.0017290085667909,0.0077217171865475,0.0221189672950536,SPY
2019-02-19,0.1162551082057469,0.5454298637166505,1.061429501582045,-0.3166033764763025,1.751749189222448,1.7000419920610284,1.1031772402475095,1.6082738555988842,-0.9587336249541636,-0.7317837209671136,0.0020135274293942,0.0052768035224426,0.020638290543677,SPY
2019-02-20,0.1451830839238567,0.8361251699455862,1.1177544344503205,-0.5250970056314744,1.7604506616837647,1.7127927295735914,1.0615293852803125,1.4020499188777515,-0.6062879776264007,-0.017018226069002582,-0.003562039109358,0.0028332438188121,0.0156102850395107,SPY
2019-02-21,-0.4217032447081147,0.1866542997510539,0.6016571853909919,-0.49141282560558064,1.7681198583155415,1.7242806640937476,0.7659360835803523,0.9312795172670324,-0.8342403490330724,0.6977472688291085,0.0061806228994196,0.0045312121924085,0.0304038875197818,SPY
2019-02-22,0.5688654910197084,-0.20273931571195217,0.27544845272742496,-0.4854473205209593,1.7828681016448718,1.7370641375423344,0.9250049683919783,1.0800914408447477,-0.5918003310999704,1.4125127637272195,0.0013605974003008,0.0045752379485701,0.0047890391884024,SPY
2019-02-25,0.07879752391417207,0.1039372576947247,0.6782727126539931,-0.51192173919412,1.7976981974855728,1.7483306697310401,0.8692167764855837,0.9384292318154466,-0.7594445101913319,-1.4465492158652247,-0.000715905097314,-0.0004291779244525,0.0026763051391229,SPY
2019-02-26,-0.13232736699806422,0.4662177256532768,0.22384243013594507,-0.5963798818148902,1.8119547696834235,1.7610895738370775,0.6983210499153476,0.7582594546424026,-0.9792234712647871,-0.7317837209671136,-0.0004300322742363,-0.0010747587309856,0.0108184188314712,SPY
2019-02-27,-0.10326172963120343,-0.041330898959487904,0.10661767566056365,-0.6026157508051572,1.8203118443667692,1.7740369634770161,0.5400598260227317,0.8252592416945171,-0.9456778804057409,-0.017018226069002582,-0.0018640707357615,-0.0067200906628928,0.0060055608310314,SPY
2019-02-28,-0.24906517272902265,-0.17311193848148468,-0.010542161314248606,-0.7567030238197294,1.8263585040221317,1.7831387084232861,0.355063038618719,1.5065785031536385,-0.7075246244092519,0.6977472688291085,0.0062246486555812,-0.0132565160775897,0.0116530245493278,SPY
2019-03-01,0.5733417355595648,-0.25761096333829275,0.07086927199076834,-0.7864266754997776,1.8362563187768466,1.7917403851653533,0.5607955952522705,1.6138496335362733,-0.5200720457325294,1.4125127637272195,-0.0036438184727218,-0.0214832609974156,0.0117140158703614,SPY
2019-03-04,-0.43001802361586317,0.23213897384246468,0.0729801475330857,-0.7565586440479682,1.8395830506189073,1.7993990360036405,0.3066737942529811,1.2673037432183942,-0.006377864700484514,-1.4465492158652247,-0.0013614859038471,-0.0034421423303614,0.0271474626310812,SPY
2019-03-05,-0.19796570719312528,0.10115878838106808,-0.16696346709043894,-0.7803776207281858,1.8415003011213167,1.805188121257994,0.18149044332307723,0.7436495505654415,-0.8600697673483828,-0.7317837209671136,-0.0060753642061435,0.0016831589659682,0.0289985257670641,SPY
2019-03-06,-0.677241337002891,-0.4571412958915943,-0.19791672840634217,-0.7376183785608321,1.83973046298823,1.8086566418471857,-0.14135870323994756,0.07396040339395733,-0.5387517249678754,-0.017018226069002582,-0.0084004961504584,0.014355750939174,0.0366462888010401,SPY
2019-03-07,-0.9136452077730488,-0.6360904270001375,-0.46858994659220043,-0.6602618273195912,1.8357811627240879,1.8105180408376451,-0.5539616165085878,-0.3384526334674675,-0.13486983099429423,0.6977472688291085,-0.0020020962642446,0.0221160642935354,0.0476969083919849,SPY
2019-03-08,-0.2630986856564432,-1.1541250048333358,-0.7819878696493361,-0.758225040102473,1.828112077304963,1.814060380753888,-0.683513843752217,-1.1804316744053724,-0.2942955708050036,1.4125127637272195,0.0143973001943322,0.0290469729442106,0.0545273982039136,SPY
2019-03-11,1.4042823034444984,-0.8543536499473371,-1.1764304904734328,-0.5857287791205297,1.826342266975039,1.8205956171858446,-0.07708834193052216,-0.3546105671195395,-0.6813473425029384,-1.4465492158652247,0.0037638153924826,0.01826857036332,0.0408920917970734,SPY
2019-03-12,0.3231406619650597,0.8234456984321297,-0.3114241970995049,-0.5820653026362378,1.8266208268634294,1.8278688521143553,0.025015482699268843,-0.2666956247149494,-0.38787652807081996,-0.7317837209671136,0.0065972277670622,0.0147530867862517,0.0319903593773744,SPY
2019-03-13,0.6112230886318384,1.2477868353631572,-0.06568456428733653,-0.6782177133607883,1.8301276675943003,1.833805436898559,0.2755890714933769,0.22635144229465023,-0.36282789631947676,-0.017018226069002582,-0.0006401827960971,0.0051413809444174,0.0287983720964533,SPY
2019-03-14,-0.12462842967320907,0.6737420356877412,0.5419203194497773,-0.6789377844432367,1.8341915168893008,1.838864634600134,0.1926662168076391,-0.07565024001468611,-0.6013667511346199,0.6977472688291085,0.0049288123864306,0.0170131271114275,0.0291608930984175,SPY
2019-03-15,0.4415897673925173,0.34963065319652076,0.9139992361709883,-0.678012196578044,1.8376803689738201,1.8455631889891664,0.35697000228844766,0.08534903084553887,-0.3102369357791527,1.4125127637272195,0.0036188976134416,-0.0073499107069627,0.0309751492203851,SPY
2019-03-18,0.308406391081004,0.22684395065236052,1.2463112015360924,-0.7657355690354297,1.8445191963445253,1.850649933292242,0.476281333249533,0.27300861504541774,-0.6646707978155597,-1.4465492158652247,0.0002483318154142,-0.0117209449693831,0.0267013241866553,SPY
2019-03-19,-0.034290204390684274,0.5402901376323134,0.7295258382196779,-0.7654827242005358,1.8520963645073363,1.8554008455682403,0.43869089986378124,0.30835573057701177,-0.0751152002179685,-0.7317837209671136,-0.003014478074772,-0.0045430681897631,0.0271079197915291,SPY
2019-03-20,-0.3660308995857033,0.19583108845984823,0.5609711341275232,-0.7505397136246404,1.861043894959696,1.858992491118682,0.2581860379387816,0.2368165653353764,-0.16110574628394253,-0.017018226069002582,0.011231563370913,-0.0067714803896672,0.0276725215915991,SPY
2019-03-21,1.0824113486688818,-0.2923508936458087,0.10012465355819053,-0.6701603577205419,1.879027175300075,1.8660149545865674,0.7206019420896171,0.41514668852610137,-0.26542147876899336,0.6977472688291085,-0.0194342254319597,-0.0142196507780454,0.0184082121510407,SPY
2019-03-22,-2.0354810319957077,0.5159578774397421,0.669331881630723,-0.3404946665995181,1.8888921267163243,1.8671137440006476,-0.21249737123950993,-0.3284299441371631,0.9890456550034283,1.4125127637272195,-0.0007521366489786,0.0115002146305291,0.0387040998619268,SPY
