Price,z_ret_1,z_ret_2,z_ret_5,z_vol_20,z_ma_10,z_ma_20,z_ma_gap,z_rsi_14,z_vol_z,z_dow,target_h1,target_h5,target_h20,Symbol
2014-03-21,-0.39449201673849893,-0.03270069922278099,0.4963455742348799,-0.5258977745726691,-1.307160051855873,-1.307513633262475,-0.09103582979952653,0.05138106760853062,0.9939000850836917,1.413239156869041,-0.0041438476891437,-0.0038201095497374,0.0045013710126626,SPY
2014-03-24,-0.41775797406706516,0.06652582064019347,0.4495006529625019,-0.527157313337906,-1.3087532651224374,-1.3069535142205115,-0.2739261889050424,-0.812270340757639,0.06074465260528582,-1.4478676318917407,0.0047347842065024,0.0084844547896469,0.0131796284377401,SPY
2014-03-25,0.3849266311189543,-0.6123626177448976,-0.12365047475621216,-0.5149136157042933,-1.3088347369650963,-1.3059941669816186,-0.1065689319469384,-0.6016382361144156,-0.35158249872709985,-0.7325909347015453,-0.007218348745754,0.0103587299039906,0.0060998139798904,SPY
2014-03-26,-0.6957123589064033,-0.025108052065864417,-0.227303856252714,-0.47462165529693495,-1.3100796260963823,-1.3056022616271081,-0.4093966543358375,-1.0231049398707976,-0.011965975930709461,-0.017314237511349907,-0.0021107367986088,0.0209181329320626,0.0153433921979377,SPY
2014-03-27,-0.23395186163338313,-0.234533348722678,-0.3090511483320944,-0.4895489285076642,-1.3099007252966148,-1.3057802364910178,-0.48997729804269574,-1.1213390434551467,0.4844687071564057,0.6979624596788455,0.0049180394772667,0.0217047432950083,0.009221559286928,SPY
2014-03-28,0.401494069254759,-0.7008286079757605,-0.65491102135804,-0.4772311693776251,-1.3085266803427,-1.3057724118692475,-0.29143278125466804,-0.8537651777464654,-0.4833907718821393,1.413239156869041,0.0081607166502406,0.0048938706241008,0.0074657038229934,SPY
2014-03-31,0.6946526410850266,0.12586380719965445,-0.2710743659176257,-0.47380030899770226,-1.3072721576110076,-1.3045774792245943,0.00932531271216379,-0.3091954191016713,-0.5188569210529899,-1.4478676318917407,0.0066090593208461,-0.0143800213006608,0.0039495743177599,SPY
2014-04-01,0.5543729825218892,0.8255227586894066,0.26534703328759196,-0.5751895629594316,-1.30608802105538,-1.303949376920738,0.2634603532741933,-0.08235898370819575,-0.7734804520855306,-0.7325909347015453,0.003341054282318,-0.0168744886038911,0.000318592110883,SPY
2014-04-02,0.2589246110916913,0.940709686868454,0.3470566535228806,-0.569123652027125,-1.303543048664061,-1.3031276113079198,0.37927168062477346,0.5528398916960402,-0.9988727187703567,-0.017314237511349907,-0.0013241264356631,-0.0095219324997506,-0.0029161883145008,SPY
2014-04-03,-0.1628372984847604,0.6124095163358163,0.8073971898358977,-0.5694020318710762,-1.302115761283265,-1.302590832846126,0.3106851987622425,0.6321890623424549,-1.0228317659024724,0.6979624596788455,-0.0118928331936407,-0.0294276651603091,-0.0030266713717672,SPY
2014-04-04,-1.1183153846428453,0.07202597120136948,0.841689719004937,-0.4689524817548847,-1.3019483052632346,-1.3030249582289255,-0.16410988987564726,-0.24789826107467677,1.0879101682326207,1.413239156869041,-0.011113175274521,-0.0265842916268885,0.0107784184957013,SPY
2014-04-07,-1.0478293664877691,-0.9656583050911922,0.10881437362394109,-0.39642967531011797,-1.3028607493056172,-1.3042831621137438,-0.5809176618502648,-0.9497285958291029,0.40804882818182403,-1.4478676318917407,0.0041145920176157,-0.0076235097996066,0.0131498008390655,SPY
2014-04-08,0.32885732583329486,-1.632457378930586,-0.731437080165288,-0.3946266770798185,-1.3038736513464035,-1.3048326967475017,-0.4008927456093617,-0.5928924082181541,-0.2515485745927944,-0.7325909347015453,0.0106936103864585,-0.0048741507367733,0.0149073926327094,SPY
2014-04-09,0.923642290901594,-0.5420821564626409,-0.8401841762967239,-0.324170455413482,-1.3020989766472246,-1.3045666674476195,0.026521787847680504,-0.40678783308861177,-0.5218586613239271,-0.017314237511349907,-0.0212298590962216,-0.0051445013494495,0.0031479874503981,SPY
2014-04-10,-1.9624417138242622,0.9433271740573395,-0.5196471524466568,-0.14825779713356352,-1.303287672378409,-1.3050737311634124,-0.818179170065639,-0.9336408999596486,1.1358437406116364,0.6979624596788455,-0.0090494596602201,0.0174811963043035,0.0258693437069235,SPY
2014-04-11,-0.8612563930217038,-0.7830567482080106,-1.387443904242592,-0.1140237934876683,-1.30661938359838,-1.3060567639557799,-1.153463651369309,-1.048430692300677,0.972378903828337,1.413239156869041,0.0078476065527608,0.0300119015651878,0.0446075966091763,SPY
2014-04-14,0.6663455034618783,-2.127892292353439,-1.2634861299410203,-0.12452197902297596,-1.3100263524422713,-1.3071376045202736,-0.8134366502543035,-0.9487730523751654,0.151088290570773,-1.4478676318917407,0.0068639510804491,0.0266987047483606,0.0376555759742709,SPY
2014-04-15,0.577416813353803,-0.147227216153815,-0.4368848105216644,-0.1264398439469838,-1.3134166147181967,-1.3082454000443322,-0.5094318640986948,-0.5560209810386477,0.706004425723691,-0.7325909347015453,0.0104232597737823,0.0174897234165642,0.0260422761424763,SPY
2014-04-16,0.8992008817578936,0.9367440376602674,-0.31702562699234477,-0.08195043647913756,-1.315718639261341,-1.308123404939379,-0.09043152276483621,-0.22040117991321234,-0.5095696117849806,-0.017314237511349907,0.0013958385575314,0.0090916931150752,0.0067998585819664,SPY
2014-04-17,0.08306477881081421,1.1121893960990923,-0.328811648010868,-0.09771397383568356,-1.3175938031861534,-1.3083483040130026,-0.02768961011873871,-0.3082149313240296,-0.5375763401729226,0.6979624596788455,0.003481245600664,-0.0005367151520747,0.0088664369032738,SPY
2014-04-21,0.27159879494565287,0.7397188500887701,0.6575628434916653,-0.09947924985247167,-1.3170580532173604,-1.3079951924746427,0.10525002119386101,-0.4345489534355683,-1.3664699453284825,-1.4478676318917407,0.0045344097359336,-0.0008557767394066,0.0090478572598478,SPY
2014-04-22,0.36681150880188357,0.2668507811462083,1.2038429281556042,-0.10158916309138033,-1.3140862670485542,-1.3069611036332103,0.26396136417279975,-0.4947775628011726,-0.9365594089362206,-0.7325909347015453,-0.0023450302513472,-0.0007455993303331,-0.001811635468476,SPY
2014-04-23,-0.2551334749516709,0.48064033204007944,1.0594030582582152,-0.10657511889562989,-1.312119123318241,-1.306481935713267,0.1552086508152147,-0.662408991855807,-1.1850032759777511,-0.017314237511349907,0.0020252294722933,0.0045775080349832,0.0089226415080423,SPY
2014-04-24,0.13996570722649324,0.08377283183592052,0.6579345856650491,-0.13553806819210693,-1.3114997156007,-1.3052797586292195,0.20669188782303705,-0.563223143745116,-0.8247872662928278,0.6979624596788455,-0.0082325697096186,0.002658552419624,0.0093269080164937,SPY
2014-04-25,-0.7874043632061039,-0.08714459879839664,0.2918197813827579,-0.10019393279042069,-1.3088795792671504,-1.304560967547793,-0.148220075187798,-0.4567901682960537,-0.5112142610890518,1.413239156869041,0.0031621840133322,0.009456512636313,0.021559965534597,SPY
2014-04-28,0.2427536049132742,-0.48818518227006086,-0.1279337419705181,-0.10647475249603061,-1.304384294622403,-1.3039766846939098,-0.03468489309957763,0.0031053923891789337,0.3602010117290931,-1.4478676318917407,0.0046445871450071,0.0082065852968087,0.0245253272140404,SPY
2014-04-29,0.37677224499885875,-0.4107394316724285,-0.14184333343499572,-0.12792759686545802,-1.3003578087656662,-1.3036655971762792,0.14696635389265497,0.01939334083666787,-0.9068632400593603,-0.7325909347015453,0.0029780771139691,-0.0051797947793552,0.0191492774209987,SPY
2014-04-30,0.22610917415364779,0.4664118018840634,-0.13704011421439796,-0.14514516856303708,-1.296917333104154,-1.3036403827638419,0.26843749489592045,-0.20956079440859154,-0.45093606377403794,-0.017314237511349907,0.0001062738569341,-0.0022856880820647,0.0213310460803599,SPY
2014-05-01,-0.033520044698804395,0.45387102167103094,0.09502244584576991,-0.15104957364837515,-1.2950757228378074,-1.303871577600272,0.27886958587137467,0.8396941868543282,-0.6799510115749308,0.6979624596788455,-0.0014346094929296,-0.0034577567348517,0.0228351189353999,SPY
2014-05-02,-0.17282566721589263,0.14473546140416774,0.011364964945865147,-0.1509105016756398,-1.2936777578258334,-1.3041112007617555,0.2262571442884159,1.383386938269547,-0.5015629305183845,1.413239156869041,0.0019122566738278,-0.0005316500816183,0.0254107656304167,SPY
2014-05-05,0.1297522501084537,-0.15584280631717717,0.3077242045416806,-0.22623291045744187,-1.2925225845258848,-1.3032621116951608,0.2824991481647501,1.2491349304372732,-1.1478424410983648,-1.4478676318917407,-0.0087417929311568,0.0072448864865863,0.0229802017677558,SPY
2014-05-06,-0.8334413704090248,-0.03282496367507115,0.2532332242949714,-0.2535902852149674,-1.2934517975906932,-1.3022364433384785,-0.10175288073046118,0.3265779931680207,-0.8315604442639146,-0.7325909347015453,0.0058721838112596,0.0168822653355986,0.0337426380663954,SPY
2014-05-07,0.4877547653871371,-0.5305672090343106,-0.3303502763223287,-0.2452584924137314,-1.293091763244224,-1.3010678619501082,0.1074420165404986,0.12549294678394574,-0.17945553320203636,-0.017314237511349907,-0.0010657947958527,0.0062607327729935,0.0343712167481404,SPY
2014-05-08,-0.13948248067663022,-0.260829485668424,-0.2041807735923,-0.30308221185411716,-1.2932173747762654,-1.3008199045472,0.0574022824059669,-0.020323745219084914,-0.5704912468048605,0.6979624596788455,0.0014914971603037,-0.0014926302178812,0.0402083444618934,SPY
2014-05-09,0.09171292288316651,0.2620352514137048,-0.25527747960733294,-0.625111147213781,-1.2918193629234467,-1.298802210571327,0.06581070667052974,-0.12826560278225166,-0.8722033256144344,1.413239156869041,0.0096887932420326,0.0004782895006538,0.0397401830213652,SPY
2014-05-12,0.8328004514901456,-0.03636328042759621,-0.12771292861164132,-0.6692051790549427,-1.2893833891778927,-1.295321712179861,0.37243823111992047,0.14040512331541802,-0.759460852563019,-1.4478676318917407,0.0008955859178554,-0.0055478377841406,0.0301538088140285,SPY
2014-05-13,0.03783876907292841,0.6962052725783029,0.21130765853216876,-0.6966412230676823,-1.2875333475594892,-1.2923708418944224,0.3322022116489,0.3475819216893695,-1.3565684907578508,-0.7325909347015453,-0.0047493487513454,-0.0127685066943863,0.0257759146292215,SPY
2014-05-14,-0.47249910837306386,0.6556136818021178,0.6314522572572815,-0.6859343763814284,-1.2869054928762758,-1.2903279491867166,0.0843270211846232,-0.07300968237040437,-1.1655449545342518,-0.017314237511349907,-0.0088191577867275,0.0003700887821302,0.0234197854954372,SPY
2014-05-15,-0.8404356437699345,-0.3278669267458872,0.16840316410901413,-0.6853089223158029,-1.287684003329864,-1.2897941186786155,-0.28837467214407714,-0.11253367185784095,1.3102060548424026,0.6979624596788455,0.0034624168788388,0.0116187425496026,0.0352827558297601,SPY
2014-05-16,0.2698965591370224,-0.9896045696401888,-0.16960716355440889,-0.6781417515544998,-1.2876924034546917,-1.2890963552881585,-0.16580839823574364,-0.09685478970194027,-0.4065713990849868,1.413239156869041,0.003662665957238,0.0121568134792484,0.0326440729459358,SPY
2014-05-19,0.2880003452070979,-0.43024504381398987,-0.08368429103516932,-0.677181882755502,-1.287424505049873,-1.2883817666088047,-0.035134401516025794,-0.14445759319386214,-1.3574959980291017,-1.4478676318917407,-0.0063250829923902,0.014621693214786,0.0317570488453542,SPY
2014-05-20,-0.6149554723733979,0.41997734748361615,-0.346395228272619,-0.6576380018027096,-1.2867799750259237,-1.288524718842006,-0.28851421867990795,-0.6523092314618079,0.045253840524623605,-0.7325909347015453,0.0083892467251711,0.0202153135591416,0.0453953644239275,SPY
2014-05-21,0.7153132085153165,-0.24671621557558238,-0.6611825879220731,-0.6086467233022153,-1.2857336442355913,-1.2878185192861933,0.0345520153086846,-0.24265383432916443,-0.6000364667226654,-0.017314237511349907,0.0024294959807447,0.0169859126073008,0.0381258777507778,SPY
2014-05-22,0.17651396224372964,0.07524353050047514,-0.0884013358020175,-0.6075308128190114,-1.284134669545121,-1.2870786769928901,0.11474216355611247,-0.06899743854667836,-1.3606827032299817,0.6979624596788455,0.0040004878084847,0.0161667633385302,0.0377247874373365,SPY
2014-05-23,0.31854158201905997,0.6715777859766442,0.401987305899743,-0.6644137996805964,-1.2821340189971866,-1.2853720548540428,0.23449028784580175,0.013519163819659962,-1.334899960882744,1.413239156869041,0.0061275456927756,0.0133073127321328,0.0334181544804028,SPY
2014-05-27,0.5108410982200982,0.3726293969018684,0.42544467935817587,-0.6473365734707806,-1.2806858562132406,-1.2834216541934538,0.4359327453846605,0.7138229362745504,-0.993716474606618,-0.7325909347015453,-0.0007314626480345,0.0066614598505241,0.0212479589140404,SPY
2014-05-28,-0.10925673517590215,0.6245288575732626,0.5329018960576358,-0.654957697144124,-1.2794972697773606,-1.2818958215870686,0.36616454905477325,0.4821584606626056,-1.11453991778986,-0.017314237511349907,0.0051598457733303,0.0094135658660414,0.0264893687668097,SPY
2014-05-29,0.42335489123370423,0.30220334527874076,0.7767575555496113,-0.6440450933694061,-1.2767264776734355,-1.2801892072885237,0.5346908945116233,0.7172465816133098,-1.1540646652266653,0.6979624596788455,0.0016103467119741,0.0107544825857157,0.0206130580950549,SPY
2014-05-30,0.10245767574378147,0.23628668466518526,0.6359707930604823,-0.6446463686037077,-1.2723065443342982,-1.2783606841283517,0.5537191236021157,0.7218348282527851,-0.7945226657088031,1.413239156869041,0.0011410372020872,0.0139154687916418,0.0209454504563844,SPY
2014-06-02,0.06002912108792954,0.39580333823051866,0.6002597199341141,-0.650334163075372,-1.2682465672735554,-1.2763262040650942,0.5480498779392626,0.43892399547638605,-1.1155303262421405,-1.4478676318917407,-0.000518307188833,0.0137977673093301,0.0192933322680337,SPY
2014-06-03,-0.08998613046750076,0.12205479765674097,0.475601060518412,-0.6482953006291009,-1.2648478892591875,-1.2744850501777965,0.4789043267782591,0.36788829064596434,-1.0680345674007437,-0.7325909347015453,0.0020206433674827,0.014418493532859,0.0264829838542688,SPY
2014-06-04,0.13955109428020773,-0.02294237959183584,0.18587298861473395,-0.7370545626566466,-1.2601265819248402,-1.2717906205024356,0.49262738984462645,0.7925165434502819,-1.3149537251919976,-0.017314237511349907,0.0065007624930046,0.0089155418984248,0.025476132417836,SPY
2014-06-05,0.5445822627893275,0.036973612869140596,0.3058519264207317,-0.7319180663240289,-1.2556731886089267,-1.2690289602342102,0.6902137284864551,1.7481709886284609,-0.2782693917843765,0.6979624596788455,0.0047713329179002,-0.0046906984797097,0.0238820319343702,SPY
2014-06-06,0.3882308663123051,0.5150904595728771,0.3643096176599935,-0.7320423308765978,-1.2508263946514577,-1.2657922482047885,0.8044979916950614,1.7725548754297373,-0.6414555308463628,1.413239156869041,0.0010233357197755,-0.0064182188500145,0.0156229934445804,SPY
2014-06-09,0.049388160974975004,0.7024587396612704,0.5021138175229621,-0.7314121537894569,-1.2464483214139244,-1.2625892024337646,0.764057440244679,1.7289639772898333,-0.993234277244997,-1.4478676318917407,0.0001024190346958,-0.0066178205747755,0.0081489194056052,SPY
2014-06-10,-0.03386854506493957,0.3293537363524451,0.4969825839344571,-0.7883554879058349,-1.2430328587635158,-1.2601469560842917,0.7052142699898055,2.4624995966273877,-1.1851443312458645,-0.7325909347015453,-0.0034823082669515,-0.0039445977528149,0.012520569620424,SPY
2014-06-11,-0.3579506167896755,0.011322076238699151,0.5240433412408311,-0.7655828071002514,-1.240069363424233,-1.258062007994647,0.5073917923384577,1.8940959931253603,-0.8305131785858902,-0.017314237511349907,-0.0071054778851298,0.0068509431003196,0.0120383465978308,SPY
2014-06-12,-0.6855081176154032,-0.29558815445436987,0.2841404130198438,-0.7342003230210514,-1.239089921360223,-1.2561788457672245,0.16701543215821749,0.9813086405366123,0.23765078725515673,0.6979624596788455,0.0030438125475953,0.0150761810374708,0.0205179416419714,SPY
2014-06-13,0.23205207405164366,-0.7865673159221499,-0.3090279674485258,-0.835155109109807,-1.237876118936245,-1.2533498921837156,0.21995876423149352,0.947756165145006,-0.43263802956121256,1.413239156869041,0.0008237339950145,0.0140607741571789,0.0224971230890567,SPY
2014-06-16,0.031342899777380015,-0.3420285883565029,-0.3843397679019813,-0.8376331677820481,-1.2367125455114685,-1.250726911183897,0.18722250075251667,0.7164701909067053,-0.2567103111331149,-1.4478676318917407,0.0027756418566564,0.0129308950137154,0.0197985218619312,SPY
2014-06-17,0.20780774365156138,0.1980842688772751,-0.3930414686308206,-0.8406589801029243,-1.2350132377315144,-1.2481669818957775,0.23623897109141986,0.9260851690396145,-0.3085695728860695,-0.7325909347015453,0.0073132325861831,0.0041126032834721,0.0207176268261122,SPY
2014-06-18,0.6180347094763263,0.1798173288208404,-0.27650146875828724,-0.883684389788974,-1.2324432679427064,-1.2445057018121513,0.4442995938489936,1.0177010241477624,0.34078422556010995,-0.017314237511349907,0.0011197600520214,0.0013093179020238,0.0019736731707382,SPY
2014-06-19,0.05810553184571471,0.6218614662549393,0.19413357120650576,-0.9296090088479346,-1.2307439601627521,-1.241416152258306,0.41213291272464936,0.9997407442051444,-0.2581541701375716,0.6979624596788455,0.0020284056673034,-0.0005269070484219,0.0110213942457422,SPY
2014-06-20,0.140252855389368,0.5090680302537615,0.5527154373616519,-0.9299384218141244,-1.2294892032268359,-1.2383522875350408,0.4182264218844285,1.0350158346721685,0.21418983050190157,1.413239156869041,-0.0003061451484489,-0.0006125736424218,0.0071193537912224,SPY
2014-06-23,-0.07080533711749343,0.14908232041419128,0.5084484511876383,-0.9306684373865619,-1.2284523499007602,-1.2356332079490135,0.3370136875279656,1.0568756575068046,-0.7099191292028459,-1.4478676318917407,-0.0060426498735868,-0.0008175094802362,0.0117742888577545,SPY
2014-06-24,-0.5894217280845583,0.0519541639704067,0.45919101026146797,-0.8921665132486212,-1.2284248387112693,-1.2339043350320265,0.04593694306406059,0.3903822535740878,0.1190759242831334,-0.7325909347015453,0.0045099472047347,0.0118964847907525,0.0200344462291415,SPY
2014-06-25,0.36459994091304376,-0.4978206352121995,0.07475477521362002,-0.8837980618226658,-1.2270878917064074,-1.2317448883892157,0.1764607692056013,0.29320103679016235,-0.30558149241755606,-0.017314237511349907,-0.0007164648984243,0.0084003295170678,0.0155745870897021,SPY
2014-06-26,-0.10790084354011471,-0.16976364280244954,-0.047455343341725284,-0.897945862312449,-1.224713482444488,-1.2300607679181843,0.10503543010579222,-0.05079830992177218,-0.2534700032284787,0.6979624596788455,0.0019427390733035,0.014023456425031,0.0115984371821475,SPY
2014-06-27,0.13250805224957787,0.19303924714103077,-0.12750615456962616,-0.8973739654008996,-1.2225132898978603,-1.2283464466024048,0.14176074525784185,0.009716904886373194,-0.6621926737750249,1.413239156869041,-0.0005110809862634,0.0085930117798378,0.0100602609447992,SPY
2014-06-30,-0.0893328359481708,0.018169141518899253,-0.13124081700472637,-0.8947183163649538,-1.2205311727108372,-1.2267668530426352,0.08148030953215378,-0.040185783091170914,-0.6962655570383349,-1.4478676318917407,0.006671344397402,0.0026533544469016,0.0062654831218464,SPY
2014-07-01,0.5600039482688496,0.03215924460908308,-0.1401750600901012,-0.8633185130738124,-1.2178991856435624,-1.2245919139623316,0.3007109933918346,0.6293072242656297,-0.006558205444030731,-0.7325909347015453,0.00101379193105,0.0004560792990142,-0.0002541269614821,SPY
2014-07-02,0.04852534197592814,0.35425689705360536,0.414095567314505,-0.8638027614131909,-1.216296213867672,-1.222496491228714,0.29004255346152236,1.4336482023255985,-1.2723557612292473,-0.017314237511349907,0.0049066620095388,-0.0045222439215804,-0.0212137036015578,SPY
2014-07-03,0.4004654740501685,0.45812642163409356,0.2616795652504701,-0.8797167133500091,-1.2140613278686894,-1.2205209545587108,0.44268123052145264,1.4914946917290377,-1.210330134064659,0.6979624596788455,-0.0034877055718895,-0.0080547887721085,-0.0291803497944789,SPY
2014-07-07,-0.35843856736969126,0.33792183370957796,0.5068215727755462,-0.8732877064448783,-1.2127408220003395,-1.2192277986059052,0.2668654842868539,1.0630687389076254,-0.8814934320426376,-1.4478676318917407,-0.0064507383191996,0.0004559107944617,-0.0184979382786849,SPY
2014-07-08,-0.626315510448519,0.031294048389357905,0.2700796098311856,-0.8202445590298182,-1.2124380740070164,-1.2185551241830477,-0.013840112970575127,0.3409511171421158,0.8040297515832965,-0.7325909347015453,0.0044740692495146,0.0050317818815504,-0.021790734540791,SPY
2014-07-09,0.3613563463300934,-0.7423361730029746,0.0111383576703962,-0.8044851039380696,-1.2104026050978078,-1.2175192085511621,0.14336197490989588,0.1972721840753354,-0.4921778050764023,-0.017314237511349907,-0.0039645312895446,0.0042524594528732,-0.0259524891520852,SPY
2014-07-10,-0.40154663485317516,-0.20000523110835952,-0.08465255184567279,-0.8002914388711275,-1.2097633993165466,-1.2165268928407829,-0.043137421572802134,-0.1738242337104674,0.6184865330926745,0.6979624596788455,0.0013741171590107,-0.0032137303267729,-0.0274171138509737,SPY
2014-07-11,0.08110102669217686,-0.030652664578491372,-0.3016841373638649,-0.865813044110376,-1.2087792887816755,-1.2148404281193415,-0.028700580395400514,-0.2130067616141554,-0.8759794161397993,1.413239156869041,0.0050229939946806,0.0055796336412416,-0.0172889050890461,SPY
2014-07-14,0.41098262293769494,-0.24181160523973658,-0.4556865546140387,-0.8529973626824013,-1.207282099246877,-1.212983805315458,0.1306812232632441,0.08759577052510957,-1.0984320317247642,-1.4478676318917407,-0.0018748672321109,-0.0013169951406553,-0.0194181982191814,SPY
2014-07-15,-0.21262775764022093,0.3703902168454307,-0.08465989785527796,-0.843809009895923,-1.2060120721955672,-1.2113507565740964,0.013761048895851925,0.40360032085307196,1.3454483529417194,-0.7325909347015453,0.0036947468208374,0.0049066620095388,-0.0189373857962458,SPY
2014-07-16,0.29090065863769954,0.1490796668031359,0.11482665879282558,-0.8394621934646467,-1.205229908156087,-1.2096363568552932,0.12252256715215894,0.3667294480666014,-0.1163488261980943,-0.017314237511349907,-0.0114307210691908,0.0034294226865014,-0.0158859318373778,SPY
2014-07-17,-1.076537519254864,0.05860366653713143,0.08085184943814099,-0.7424100111785439,-1.2065083041049947,-1.2094733726495246,-0.3465906906730977,-0.3649100278739996,2.6718273951251623,0.6979624596788455,0.0101674811270253,0.0149102318209877,0.0002553964849871,SPY
2014-07-18,0.8760768707052634,-0.5923109006694653,-0.2446390706678415,-0.6585289103325283,-1.206920425470841,-1.208558080069676,0.044315841029829,0.014520018085228554,1.681756239743252,1.413239156869041,-0.0018736347872163,5.013588798341573e-05,-0.010116643207124,SPY
2014-07-21,-0.212516336809257,-0.1514086933536708,0.13871043065055388,-0.6561047148158021,-1.2070634149562895,-1.2079667958257723,-0.04665693442880436,-0.0583187769399842,-0.6822401860458501,-1.4478676318917407,0.0043487899180831,0.002328333511155,0.0001016800297772,SPY
2014-07-22,0.3500303006205765,0.4995898241046618,-0.16195029645400505,-0.6442972568787182,-1.20541478897037,-1.2069869226752619,0.10683630977869173,-0.15430108441077597,-0.6557696659069722,-0.7325909347015453,0.0022175074978001,-0.0063263152161443,0.0009579400669688,SPY
2014-07-23,0.15734885958643705,0.1032389658191541,0.10937201814390696,-0.6814927158457972,-1.2041362212716986,-1.2053227949752867,0.15664520599691847,-0.10224599964667239,-0.7252085933558682,-0.017314237511349907,5.00880652953839e-05,-0.0083920883998711,0.0014087039299948,SPY
2014-07-24,-0.03859959642576614,0.3819146504030772,0.04497129961636726,-0.6921107457700155,-1.2021932630308982,-1.2040261736088314,0.12679972073455517,-0.322955926904524,-1.072370107536786,0.6979624596788455,-0.0046926148059789,-0.0283879611741921,0.0042696500145309,SPY
2014-07-25,-0.46737000007435336,0.08910066394379487,0.5454808284435657,-0.6692384586497087,-1.2012596313130672,-1.2030631884696368,-0.08836284938909751,-0.3859680869582112,-0.19671418089740048,1.413239156869041,0.0004045628359552,-0.0267553305515955,0.00740753724157,SPY
2014-07-28,-0.006552830135679525,-0.3815950316366102,-0.10234978407081374,-0.6708698380569524,-1.2010914570667506,-1.2022269339780298,-0.09232217372870004,-0.0014911765137396503,-0.5078754986705153,-1.4478676318917407,-0.0043058588092161,-0.0199651874436463,0.0120605638529012,SPY
2014-07-29,-0.4324048063132392,-0.3574493303875571,-0.003031033485219834,-0.6531148184601305,-1.2013268010844584,-1.2017073728202512,-0.2798687280861669,-0.48688308348933845,-0.00957920877015482,-0.7325909347015453,0.0001517343140733,-0.0254028632157359,0.0170154518014848,SPY
2014-07-30,-0.029410131198702106,-0.3311047340239652,-0.3803331997283403,-0.6888259286317858,-1.202151075043381,-1.2017285181157562,-0.27320559900450814,-0.2458158560098085,0.995896406950341,-0.017314237511349907,-0.0199457847090256,-0.0252422828915888,0.0164646357593349,SPY
2014-07-31,-1.846353249449324,-0.3483266140049729,-0.4703912392566862,-0.41481315334446434,-1.2043548274942109,-1.203477062351402,-1.0318803848612363,-1.223351825472701,3.7039683443438194,0.6979624596788455,-0.0030599841833822,-0.0107256541709963,0.035860750474411,SPY
2014-08-01,-0.31976984251446244,-1.4136689446625499,-1.3421176780057975,-0.43724034009032997,-1.2087370539533135,-1.2058845212792373,-1.0960012166974646,-1.6092998533956697,3.4120188144692047,1.413239156869041,0.0071947059439043,0.0038366559333242,0.0417648486156343,SPY
2014-08-04,0.607319149671641,-1.6324410597872818,-1.2709426263093002,-0.3956679356868478,-1.2116388599000425,-1.2074134508050605,-0.7724959860716873,-1.1512454586039593,0.2392367227941275,-1.4478676318917407,-0.0097435345813057,-0.0004643491460347,0.0340716090523622,SPY
2014-08-05,-0.9240051656422146,0.21628340045678526,-0.9749241760573644,-0.36679129096279955,-1.2168453759316826,-1.2092000283475266,-1.117969377406576,-1.6140681313368646,2.094448157460826,-0.7325909347015453,0.0003123146382204,0.0078851306260956,0.0432667379324431,SPY
2014-08-06,-0.014892651974018217,-0.2389789328562972,-1.2119813822806098,-0.38516732300328854,-1.2223715338879901,-1.2113329355667983,-1.0544988362383558,-1.2755725273597447,0.2973578138482746,-0.017314237511349907,-0.0054291559884331,0.0143190167675806,0.0415071326113727,SPY
2014-08-07,-0.5339579919170392,-0.7077856804754811,-1.2049808319329554,-0.37907063383763745,-1.228780782290629,-1.2135756619014353,-1.2161579678830092,-2.0928095518063694,1.4997839691208976,0.6979624596788455,0.0115023259209383,0.0244587800091879,0.0514214330143349,SPY
2014-08-08,0.9967553016820101,-0.413903844019598,-0.5721237818772905,-0.2883350773619341,-1.2325489408884935,-1.2149990060751756,-0.7237354868540902,-1.3231290612310134,0.9033939956440056,1.413239156869041,0.0028937008645453,0.0127518955231638,0.0373299039994803,SPY
2014-08-11,0.21848102634305633,0.34832436450154136,0.06272476264344595,-0.30023615910344625,-1.2359133782453393,-1.2166039943743374,-0.5685520980467114,-1.408222847729546,-0.35394213793070045,-1.4478676318917407,-0.0013940548091753,0.0182028831083034,0.0280850161621426,SPY
2014-08-12,-0.1691592667275778,0.9152510733799704,-0.1247789229014171,-0.30061042887228295,-1.2387900618856602,-1.2181666842421865,-0.5865711849625701,-1.5784737193985399,-0.37002363134943383,-0.7325909347015453,0.0067462007797054,0.0248019878727534,0.0332347045999785,SPY
2014-08-13,0.5667714397451347,0.03679037017203291,0.23921930559871613,-0.279382037661628,-1.2405900150273967,-1.2194844273832397,-0.282006136101394,-1.2154138877623402,-0.5182021415146381,-0.017314237511349907,0.0047106072531741,0.0207240584538741,0.0276373234578413,SPY
2014-08-14,0.3827408812799004,0.2992104906231643,0.5197066199927451,-0.3349230215263662,-1.238344215111584,-1.219463313448944,-0.0912004374991499,-0.8387304998663055,-0.85686983177409,0.6979624596788455,-0.0002045585650858,0.0189244853505314,0.017068515246434,SPY
2014-08-15,-0.061621266022148985,0.7150407797845422,0.9617528262337041,-0.40120094542038787,-1.2356358774673442,-1.2203038487456481,-0.07877763997402426,-0.8643342013141443,1.6708773514827129,1.413239156869041,0.0083446884496849,0.0175743163366774,0.0165191970786722,SPY
2014-08-18,0.7112848579555925,0.2415770173820559,0.451387470491159,-0.3572226042874786,-1.2327171932028849,-1.2202953733787811,0.2622605208386217,-0.3594895869994894,-0.3140455856685654,-1.4478676318917407,0.0052050499552747,0.0142872173342789,0.0156849521939728,SPY
2014-08-19,0.4274416358316632,0.4891191449145686,0.6890250094417797,-0.35230958014172564,-1.227350903049756,-1.2202151435645787,0.4745537822904399,-0.18152101718259275,-0.8134368798928527,-0.7325909347015453,0.0026682713608261,0.0097311965183717,0.0118256622159105,SPY
2014-08-20,0.19810077020484887,0.8576045831413658,0.9767150822969083,-0.35101532556970294,-1.221589213712361,-1.2200968726032535,0.5818710342371531,0.8916489217546886,-0.39498383513024926,-0.017314237511349907,0.0029110341498315,0.006663843429469,0.014473553862631,SPY
2014-08-21,0.2200480652089601,0.4709449883345266,0.7989364511808381,-0.3464144173655496,-1.2144650334960931,-1.2197378729978103,0.6934841484898777,1.1598706820558933,-0.5486189141170622,0.6979624596788455,-0.0015547275789398,0.0032031392856879,0.0106610074863207,SPY
2014-08-22,-0.18368510362208923,0.31468388068017744,0.7204834888945301,-0.35933810364374874,-1.20946038589177,-1.2191169759318363,0.6134283492952738,0.8771863977577237,-0.3000084243748161,1.413239156869041,0.0050575894472864,0.0076019808224687,0.0044626932935623,SPY
2014-08-25,0.41411027115450366,0.027026537437292525,0.6616224409452833,-0.3467437446746314,-1.204077248648141,-1.2181032953974855,0.7978666281508279,1.7486872778980052,-0.6691273538870502,-1.4478676318917407,0.0006490291393674,0.0020458577558146,-0.0063356980282929,SPY
2014-08-26,0.015548473369417273,0.17324310125770204,0.5183203135754564,-0.36203146379990786,-1.1983577004574186,-1.2166757645022772,0.7889134515744131,1.7540482018693797,-1.1577267398720785,-0.7325909347015453,-0.0003990817280765,0.0008484229152223,0.0008124073596462,SPY
2014-08-27,-0.07920739304260739,0.3233560451120197,0.3196991358183146,-0.3613883605524571,-1.1938072529111547,-1.2152946168359182,0.737597937180184,2.2302524051623087,-1.1208216696371516,-0.017314237511349907,-0.0005496699939495,-0.000199786039551,-0.01505526698267,SPY
2014-08-28,-0.09282152685946166,-0.04833515245714134,0.18597690149758564,-0.6786934814361338,-1.190123173629641,-1.2123169562372649,0.6401539106621984,2.0509433792522285,-0.808010796957909,0.6979624596788455,0.002844113957841,0.0048350283689275,-0.0065915190371921,SPY
2014-08-29,0.2139980556446253,-0.1299867495699323,0.035106402726619544,-0.6994726630379737,-1.1859259528937407,-1.2088493629835078,0.6713862471376917,2.0516316119440137,-0.564062234841539,1.413239156869041,-0.0004985336193676,-0.0005982886828297,-0.0112566592860989,SPY
2014-09-02,-0.08819847444278862,0.09092949216597213,0.22687529977641618,-0.7191696487016411,-1.183192352420558,-1.2060110951207774,0.5799703458540845,2.1647665048762343,-0.3641466652705607,-0.7325909347015453,-0.0005484057012248,-0.0064509420362544,-0.0133941881056225,SPY
2014-09-03,-0.09270722678277268,0.09441274041327513,-0.01534565395790454,-0.8459841006888298,-1.1814175684260744,-1.2024252387459975,0.46829664852782754,1.9914082962995556,-0.8077578193471153,-0.017314237511349907,-0.0014472906828499,-0.0021469027063689,-0.0264900701146917,SPY
2014-09-04,-0.17397212717099633,-0.13667497851478128,-0.06754820700495857,-0.835933275352111,-1.1803325314843522,-1.1989871877515887,0.32377298434506924,1.6561968154674955,0.01094611946737022,0.6979624596788455,0.004485144414529,0.0004492076140492,-0.0248884949647258,SPY
2014-09-05,0.36235761145308076,-0.20130131163892886,-0.11324521005765405,-0.8973104501963833,-1.1789782689805424,-1.194729778117191,0.4036035716292037,1.8034766229768673,0.5059152293571206,1.413239156869041,-0.0025892030939163,-0.0098941377587129,-0.0184243680196782,SPY
2014-09-08,-0.2772082477362975,0.14156821639791345,0.10624912677879911,-0.9761533212591218,-1.1778007369840267,-1.191625426072462,0.22099132799095084,1.1448067385340794,-0.6214879870554223,-1.4478676318917407,-0.0063511869727923,-0.0080588113976443,-0.0170062911981982,SPY
2014-09-09,-0.6173154376753853,0.06378475136071637,-0.130618059644073,-0.8983203971167644,-1.1785408847857537,-1.1892939710358486,-0.09530854580224377,0.00016170492847980558,0.11338252817245119,-0.7325909347015453,0.0037556336286606,0.0058028191401335,-0.0262117028852451,SPY
2014-09-10,0.29640521202757136,-0.6743519003025338,-0.38576634562266304,-0.902571609828861,-1.178759537849111,-1.1865317227449452,-0.009219226909019343,0.08627992518527144,-0.5192945457674355,-0.017314237511349907,0.0011488196375681,0.0033929454886854,-0.0126289575439288,SPY
2014-09-11,0.06073270258841221,-0.24216167223027737,-0.1981303809602202,-0.9354480912087092,-1.1787175216113577,-1.184225638926817,-0.018225807804801996,-0.05354436286363769,-0.5229333686219987,0.6979624596788455,-0.005858200958233,0.0075602888586638,-0.0338105801740553,SPY
2014-09-12,-0.5727463769113266,0.26871507829997315,-0.08495212513913952,-0.8925453103666116,-1.1795670271719931,-1.1828022712321695,-0.2906742375393133,-0.4645884103734013,0.9854347309650576,1.413239156869041,-0.0007538767328476,0.0125169775904181,-0.0394322075569517,SPY
2014-09-15,-0.11128311052632432,-0.38614895436672225,-0.5358735591927316,-0.8908723498140988,-1.1810222160826536,-1.1814253730096977,-0.354230510435315,-1.0270667989549702,-0.23363268871231485,-1.4478676318917407,0.0075104435649855,0.0055178125515675,-0.0552417860460625,SPY
2014-09-16,0.635863832084279,-0.5157546186632057,-0.45586192225476735,-0.9047363581149275,-1.181131542614332,-1.1801076063477374,-0.08109777313497597,-0.37958331954804053,0.9398139364097238,-0.7325909347015453,0.0013457599772124,-0.0077334328879867,-0.0612057741262583,SPY
2014-09-17,0.07853735770088568,0.3948752017934067,0.14844027351989503,-0.9288216053883698,-1.1809212740621877,-1.1791108216650048,-0.050310016364374585,-0.2455123291764873,1.8745836725494616,-0.017314237511349907,0.0053161630075466,-0.0012820583378925,-0.0693410741888316,SPY
2014-09-18,0.4374869601048342,0.5378958197016335,0.04338106456603606,-0.9074736074348969,-1.1795670583992228,-1.1778859625861866,0.13724059933718483,0.14128272190488703,0.26359094562860136,0.6979624596788455,-0.0009015122264788,-0.022864977415832,-0.0755156772421274,SPY
2014-09-19,-0.12463029501483938,0.388428361981323,0.22505772534281726,-0.9108885850767013,-1.1791228042138686,-1.1769828459959266,0.07851887140236344,-0.1038433114456099,0.9991230348348734,1.413239156869041,-0.0077530417716982,-0.0140493872378248,-0.0628724204719395,SPY
2014-09-22,-0.7440519978812101,0.23535128077011772,0.4411461484332542,-0.8407593159862038,-1.1795509763758538,-1.1766065585237464,-0.24622721724732113,-0.6022796548314279,1.0782467945085663,-1.4478676318917407,-0.0057408018745688,-0.0081173717571925,-0.0454565722804316,SPY
2014-09-23,-0.562132755553017,-0.6548816505464806,0.13601532056711707,-0.8340296892115258,-1.1798743343408729,-1.1771405928797092,-0.46565865978066406,-0.8762009394913834,0.6611653982157187,-0.7325909347015453,0.0077971345273066,-0.0050126323215149,-0.0200984382439868,SPY
2014-09-24,0.6617825124176713,-0.9845187693825797,-0.44167694255067713,-0.7714910028069406,-1.1795187342610416,-1.1770718255875792,-0.1515691362480913,-0.36826764929486894,0.5286737588464998,-0.017314237511349907,-0.0162667560703928,-0.0264540545591156,-0.0350322777293525,SPY
2014-09-25,-1.5137457390830966,0.07471010207388752,-0.1604272154163618,-0.5602343974911408,-1.1820775715424106,-1.1783356352885954,-0.7775845897958855,-1.249977501288937,1.6585804078862314,0.6979624596788455,0.0079140779515283,-0.0100330140216069,-0.0072071592750333,SPY
2014-09-26,0.672354939273945,-0.6422846360859987,-1.1013414429655684,-0.5088549190972796,-1.1823340407811072,-1.1788909952670177,-0.4463112939783483,-0.7857506471699266,0.3661653477414538,1.413239156869041,-0.0018210262910658,-0.0069978206135585,-0.0074556091868078,SPY
2014-09-29,-0.2077601952709754,-0.6343188195652929,-0.7170229829474203,-0.5151275799613135,-1.1827685520707505,-1.1798398992231471,-0.49710635484928506,-0.6177309000942653,0.11609549259504352,-1.4478676318917407,-0.0026360624388912,-0.006347920594929,-0.0070100551045477,SPY
2014-09-30,-0.28144462956432414,0.34967864498440404,-0.45841487977039913,-0.5122686307408556,-1.1849042447741387,-1.1809672249404217,-0.5763693791824651,-0.8900051103670041,1.0847634251167302,-0.7325909347015453,-0.013644287710294,-0.0192684568158769,0.0070305995079547,SPY
2014-10-01,-1.2766579754524197,-0.36896358032376986,-0.3230627757610725,-0.40593812570963983,-1.189523251703522,-1.1831810519205046,-1.069393810273681,-1.3524913305372053,2.2255753460970875,-0.017314237511349907,0.0001542844671158,0.0117142098643938,0.0191616071961906,SPY
2014-10-02,-0.029179581198190557,-1.174326787094961,-1.2578084035139652,-0.4046460346200289,-1.195016964568023,-1.185259680726435,-1.0142068508680735,-1.185177278309932,1.6114972037502266,0.6979624596788455,0.0109492713595766,-0.0084728775952802,0.0253976619982205,SPY
2014-10-03,0.9467556635113322,-0.9842571732597077,-0.5419279140811485,-0.3350069399461915,-1.1985492951261172,-1.1868103435704414,-0.5390805777943617,-0.7048868364856522,0.6808342542215184,1.413239156869041,-0.0011711262724363,-0.0309019772959864,0.0258192775394059,SPY
2014-10-06,-0.14900511385805854,0.6909783557641137,-0.40960769128443913,-0.3366820065302208,-1.2009661578070074,-1.18823896426768,-0.5520255065608566,-1.0466281721862272,0.235098682561186,-1.4478676318917407,-0.0155565986598391,-0.0462943062455085,0.0275353171546575,SPY
2014-10-07,-1.4495430074674571,0.6006955644389756,-0.38127509309395513,-0.2333085363508014,-1.204980137158192,-1.1904169375450027,-1.1219259389254197,-1.4864446672456375,1.2986072420960193,-0.7325909347015453,0.0173383789699768,-0.0291912521008796,0.0396164755050882,SPY
2014-10-08,1.524371492168443,-1.2048005436298652,-0.9445499825541516,-0.07304271435561226,-1.207447603565042,-1.1914774011636242,-0.40240713660516914,-1.0438808493611307,2.149703131983385,-0.017314237511349907,-0.0200328029925582,-0.0533191711562173,0.0285749314090892,SPY
2014-10-09,-1.8542202538912564,0.05600846407208872,0.4061492338775379,0.08728415114083149,-1.210489807137143,-1.1942899371539604,-1.1371842941034234,-1.4072293298725302,2.5188826532643707,0.6979624596788455,-0.0114798283411294,-0.0341448082094082,0.0526025165673145,SPY
2014-10-10,-1.0809771279300617,-0.2488964304182674,-0.4739132699476307,0.12027655072258936,-1.2167093813457184,-1.1975418515296867,-1.5136470049104784,-1.4600299942291821,2.5839100842804665,1.413239156869041,-0.0165634552219584,-0.0109232353245696,0.0650175149351248,SPY
2014-10-13,-1.5405692231662973,-2.211901647889353,-1.4517170111053759,0.20265091711119726,-1.2252697018624428,-1.2020585634845293,-2.0543466279680413,-1.6064076752191525,2.560986757625363,-1.4478676318917407,0.0015464554847897,0.0153030263171984,0.0847228814694194,SPY
2014-10-14,0.09668150379858466,-1.9755806407778373,-2.12275049139703,0.1664161604282314,-1.2331454590465598,-1.2070857653673024,-1.8769926945091697,-1.8068717585338514,2.119946300103926,-0.7325909347015453,-0.0067895400853608,0.0333739029942847,0.0841566594712972,SPY
2014-10-15,-0.6569453377804515,-1.0882713491730163,-1.3771374016609732,0.16277310337031575,-1.2398382663097833,-1.2127659389930647,-2.0077981563998595,-1.6721859683743245,4.201124575758903,-0.017314237511349907,-0.0008584400457491,0.0330267381215865,0.0898683156230042,SPY
2014-10-16,-0.12073629684148633,-0.4225031353096062,-2.4290017133576938,0.13260556319435376,-1.2466915971480124,-1.2189659481871893,-1.8954498703948328,-1.9731127541249973,2.3113662348713095,0.6979624596788455,0.0117417445437091,0.045443540551262,0.0918536848799851,SPY
2014-10-17,1.018400262859779,-0.5863170194612893,-1.5930892570446984,0.224618103958471,-1.253494214964977,-1.2241555932948673,-1.311722194596946,-1.5479151723763533,1.4295756461736804,1.413239156869041,0.0096628064198096,0.0413674240473067,0.0803570401840243,SPY
2014-10-20,0.8304510780302168,0.6759755312376067,-0.5807373951620072,0.27475553277327874,-1.2585560396271418,-1.2279109805278994,-0.8370397119847243,-1.2199544574321488,0.18184458661593392,-1.4478676318917407,0.019617332161876,0.0303291454186913,0.0713303625343622,SPY
2014-10-21,1.7304033070445695,1.3926495936881027,0.5626048295415189,0.43585552523425064,-1.257871523135379,-1.229582854446621,-0.0037203138265788985,-0.4703416025916174,0.5277042425202279,-0.7325909347015453,-0.007136704958059,0.0221164054304265,0.0574702116978942,SPY
2014-10-22,-0.6883312429572231,1.9291097356468363,1.3504104506605368,0.4176654120546714,-1.261209542255778,-1.2324980513562536,-0.22169734774488037,-0.618845230302612,0.46496702185091904,-0.017314237511349907,0.0115583623839263,0.0277398303664275,0.0630003076512846,SPY
2014-10-23,1.0018213531523499,0.7847801064748008,1.3352756875245841,0.39160973963442886,-1.2593588292519327,-1.233096352670783,0.265085614177792,-0.607617502608107,0.4976870309658415,0.6979624596788455,0.0076656280397537,0.0225718072516469,0.0531948820780323,SPY
2014-10-24,0.6498934923207166,0.2358285512730988,1.876590142004048,0.3901372883390954,-1.254381458632877,-1.233720119287426,0.5968892303357864,-0.4248869684661772,-0.030481586292444927,1.413239156869041,-0.0013754722088057,0.0262770661126552,0.0508654516402966,SPY
2014-10-27,-0.1674792818587022,1.2441167002119327,1.6988905454911827,0.3897367425929032,-1.2469872409465461,-1.2343056722702939,0.5547926327653165,-0.1151119973624947,-0.5262122999862525,-1.4478676318917407,0.0114045921736112,0.0281974516642762,0.0550431674047953,SPY
2014-10-28,0.9879195513875223,0.36310475823536353,1.2176732749352055,0.4339644885382322,-1.237936824671059,-1.2337158228017249,1.0140686069004057,-0.2329008250351423,-0.1755036764927661,-0.7325909347015453,-0.001513280022058,0.0133174191812566,0.0429145295581907,SPY
2014-10-29,-0.1799379817431084,0.6177911800333882,0.8596362608401507,0.3616572870514685,-1.2280666623849756,-1.232120329108739,0.9101410904986612,0.2853507010903316,0.36264464122051265,-0.017314237511349907,0.0063903392691457,0.0211275340772925,0.0469834826307229,SPY
2014-10-30,0.5345993033775275,0.6084041472626753,1.104791260992404,0.37156554364486705,-1.2169880687584478,-1.2299986335218633,1.1232130886982747,0.8042203044445959,-0.07932951857962468,0.6979624596788455,0.011370886900762,0.0187319769738136,0.0384718357791173,SPY
2014-10-31,0.984872381063577,0.2668490842802632,0.8794896482012733,0.37462121454046826,-1.205841836952081,-1.2278175084429857,1.5463145258339053,1.6462164611030337,0.4203605590447877,1.413239156869041,0.0005449133428152,0.0082962600997325,0.0201265625144912,SPY
2014-11-03,0.006135745369046785,1.1444778215305857,1.0410215877172284,0.3725484671282221,-1.1961491390131926,-1.2254921374810155,1.5094498226153847,1.6376616264113872,-0.37079207918501567,-1.4478676318917407,-0.0034754403094083,0.0108932580692533,0.026025227827052,SPY
2014-11-04,-0.3573297098916543,0.7463058787773909,1.1247414071436483,0.27049510172152297,-1.1902338585458179,-1.2221780808686655,1.277804554422839,1.7826054362529438,-0.3805319949910378,-0.7325909347015453,0.0062968348739778,0.0153489318653292,0.0333562761288774,SPY
2014-11-05,0.5261459133281767,-0.2649790168870181,0.47604165438508245,0.18152296989396569,-1.1820790392222131,-1.219759347586015,1.4815139855741497,1.8729422300060483,-0.4108577742010621,-0.017314237511349907,0.0039947821656669,0.0079742130576976,0.0259523133195038,SPY
2014-11-06,0.3180257557401505,0.12682370193806244,0.8165260994194627,-0.029387834290898737,-1.175132791761588,-1.2153419957831697,1.5373709517673777,1.8198874360311672,-0.19039507653912263,0.6979624596788455,0.0009351700266808,0.0051063601032623,0.0235936023510543,SPY
2014-11-07,0.041417423435177354,0.6356716512895532,0.7120910249316121,-0.12830063882376286,-1.1692935027580345,-1.2099104616666216,1.438251100844541,1.7469583084412224,-0.4672458027731362,1.413239156869041,0.003141911312336,0.0044162899243298,0.0159529849022339,SPY
2014-11-10,0.24092082423417333,0.2704519845714612,0.2571426258740154,-0.35434591099197876,-1.1626853212876842,-1.2028792236147126,1.3923657077697842,1.564100301841548,-0.7971084035328907,-1.4478676318917407,0.0009802334866675,0.0019105073821412,0.0121332526869473,SPY
2014-11-11,0.04549144587612101,0.21235711708564248,0.3703595790402877,-0.3523250413648632,-1.1578093923247719,-1.1958861756756716,1.2572246889245657,2.0788635645535822,-0.9654777166772803,-0.7325909347015453,-0.0010778839336538,0.0066874552208817,-0.0050083846725588,SPY
2014-11-12,-0.14057541536712842,0.21542669758092536,0.5646060965250876,-0.4108722429009525,-1.1528658095684057,-1.1884475241511543,1.025956094700858,1.8726094430052485,-0.4400200091236811,-0.017314237511349907,0.0011269292112316,0.0061587301498668,0.0011269292112316,SPY
2014-11-13,0.05875366928375592,-0.07201242016549474,0.2431028825614206,-0.42205760219108895,-1.1488011328095717,-1.180843403045015,0.8845078266356903,1.7823948422021116,-0.5166502056090031,0.6979624596788455,0.0002450998477483,0.0067847377493093,-0.01629339942557,SPY
2014-11-14,-0.02096929510855516,-0.06201997096171758,0.1180779201083429,-0.4472904724021591,-1.146620925690043,-1.174151595203822,0.7301025900917333,1.9223799561110846,-0.5965635531263302,1.413239156869041,0.0006361287701475,0.011875835503579,-0.0234317144576996,SPY
2014-11-17,0.014382198216247886,0.028097503643343152,0.08799409099235088,-0.4635414950899425,-1.1444237777983246,-1.1681811657438388,0.6106542792353737,1.7424037148057416,-0.5978383655400386,-1.4478676318917407,0.005757181325408,0.0140419502891244,-0.0321198142061849,SPY
2014-11-18,0.4773578116631665,-0.005334271490500488,-0.021246296583376584,-0.6574706866897594,-1.1406379289747544,-1.1633097898707665,0.7308156270534338,2.025896093227096,-0.6696029727302353,-0.7325909347015453,-0.0016066090046686,0.0075607232907231,-0.0184617786580529,SPY
2014-11-19,-0.18837551338533567,0.37013130077643536,0.18700626506040613,-0.7279408851677815,-1.1382042192033643,-1.157992810412218,0.5352909250160767,1.7138840396581776,-0.5878540863835178,-0.017314237511349907,0.0017529368106741,0.0117230053458659,0.0075726555570803,SPY
2014-11-20,0.11534872454765982,0.21736309053155298,0.1639563272839921,-0.7976118439382942,-1.1361506697280768,-1.1534736052412202,0.49873670127701925,1.4382531333128885,-0.7470269038358918,0.6979624596788455,0.005336197602018,0.007848760952732,0.0100654545737732,SPY
2014-11-21,0.4392982144447312,-0.05539339253473769,0.19124732785450466,-0.815942783249969,-1.1333282277859924,-1.1491241582972436,0.6147172804641893,1.5982161840112843,0.3140751144014569,1.413239156869041,0.0028022435556929,-0.0044618230131501,0.0093188192359816,SPY
2014-11-24,0.21021270587314655,0.4175286544784538,0.4131953550670266,-0.8326867728806118,-1.1305564051834827,-1.1444140339231157,0.6175136581201913,2.1716223486955473,-0.8853381783458161,-1.4478676318917407,-0.0007240456729933,-0.000820487913467,0.0078653511116231,SPY
2014-11-25,-0.1085861936158292,0.4890041141752711,0.5076278186677262,-0.9110217207100733,-1.1280803981292709,-1.1407222942647628,0.4991273623551714,1.9378965207700087,-0.680659754094853,-0.7325909347015453,0.0025556730504741,0.0037591657519433,0.0086856240905683,SPY
2014-11-26,0.1879211691861571,0.07619949244549054,0.2250766645467323,-0.9280454294684785,-1.1249706500590204,-1.1366783525431259,0.5081603305782479,1.904739943216161,-0.949548401277991,-0.017314237511349907,-0.0021213075824597,9.636476607344235e-05,0.0093495488222687,SPY
2014-11-28,-0.23490752750190813,0.05940388878445198,0.406532675692121,-0.9280063205695527,-1.1224270672794294,-1.133360046486889,0.34181218664152774,1.4938113432971807,-1.0025000444111754,1.413239156869041,-0.006974386363864,0.0038537435457506,0.0128131831249849,SPY
2014-12-01,-0.6736566131012816,-0.03577317718797198,0.2376337581111149,-0.962165711136028,-1.1211427069296223,-1.131620330431717,0.014942819007176904,0.34947090745927817,-0.28290710710250927,-1.4478676318917407,0.006443578655376,0.0041226824874751,0.0144071520444084,SPY
2014-12-02,0.5394124813782475,-0.6849307098269085,-0.29905006862746186,-0.9271380292145001,-1.1188441642226057,-1.129362840807708,0.22549576990890186,0.6695883130387038,-0.7482243923210663,-0.7325909347015453,0.003855607992417,-0.0029987170708514,-0.0020088433163127,SPY
2014-12-03,0.3054435282505788,-0.10151772405667943,-0.14030490583490265,-0.9509665328718329,-1.116866731120059,-1.1264688362353952,0.3155906318599551,0.9577826619883996,-0.8265176001868914,-0.017314237511349907,-0.0011071279353958,-0.023015728936107,-0.0063998292554598,SPY
2014-12-04,-0.14321925850289885,0.6361872690769095,0.059346553519213883,-0.972547342900384,-1.1148048439744038,-1.1242113936532008,0.21695536810687513,0.7942670095383633,-0.48637734919079356,0.6979624596788455,0.0016360711972174,-0.0168511710505745,-0.0235176384604773,SPY
2014-12-05,0.10478333227778616,0.1218569960912595,-0.10033442141474912,-0.982601268035904,-1.1127598819873228,-1.122153345641004,0.23571783367603724,0.8539873148612506,-0.5000942838294675,1.413239156869041,-0.0067054474221395,-0.034780641673362,-0.0346172178623147,SPY
2014-12-08,-0.6493428279602245,-0.029330836736451812,0.06346970254656036,-0.9074514983807995,-1.1128191044287192,-1.1207658081282097,-0.07089334325888766,0.23606527680613731,-0.22063855341429495,-1.4478676318917407,-0.0006778209029505,-0.0349684094356037,-0.0155277341593702,SPY
2014-12-09,-0.10440718138424716,-0.41067066967298776,0.07519418132057647,-0.9122738962077638,-1.113486742602752,-1.1197092019383568,-0.12307733974599855,-0.130330499275515,0.028161775086112287,-0.7325909347015453,-0.0161614038728385,-0.0423425595109909,0.002739766915079,SPY
2014-12-10,-1.5042212325945665,-0.5682856877155705,-0.23526549933221047,-0.6528527784781821,-1.1168247461095357,-1.120142049351869,-0.7653248305030856,-0.9608452913404566,0.5649314115225069,-0.017314237511349907,0.0050574299501366,-0.0067659387646124,0.0108551188022048,SPY
2014-12-11,0.41409585160110624,-1.21239556063428,-1.1079135034796812,-0.6320802271820538,-1.1197401515148615,-1.1200444611082088,-0.5645715282547916,-0.7727456176116311,0.548947752349714,0.6979624596788455,-0.01629339942557,0.0126044564957155,-0.0020665999406714,SPY
2014-12-12,-1.5161544672838603,-0.8217283957209095,-0.8391676401373658,-0.4504080967203175,-1.1250723883738474,-1.1214447704735722,-1.1831536922446575,-1.6250984148381058,1.1910593764497928,1.413239156869041,-0.0068932151843812,0.0331435917486526,0.0114103887202654,SPY
2014-12-15,-0.666318223930357,-0.8307195156714852,-1.6208086193063829,-0.42867437737280933,-1.130353880984339,-1.1234519114024482,-1.4100786024019658,-1.946241922461444,0.9715274314993565,-1.4478676318917407,-0.0080519709783377,0.0446263691972603,0.0122478151624125,SPY
2014-12-16,-0.7710770930794537,-1.6447596985999806,-1.628994414672167,-0.40294256824744257,-1.138111458717117,-1.1261931398426848,-1.6645332321793866,-2.077921159700114,1.9374790329688252,-0.7325909347015453,0.0194152168735399,0.0540271156069325,0.0110969719001587,SPY
2014-12-17,1.7121308037662573,-1.0833796354099718,-1.9504728345725986,-0.1860597464832501,-1.1432662780697531,-1.1277886492162754,-0.8606712259833341,-1.311797827831755,1.7635017967615716,-0.017314237511349907,0.0244278252104646,0.0347081260393444,0.0047108130973558,SPY
2014-12-18,2.1653023724456184,0.7086676226191517,-0.3994987282662341,0.10149892975879532,-1.1440099233212222,-1.1271267003270664,0.11148417036014764,-0.4904327685475521,1.7304791403195654,0.6979624596788455,0.004245735827367,0.0134998986110543,-0.0175864950414279,SPY
2014-12-19,0.34071355755796334,2.9210887039417424,0.4449598191562698,0.10697103659282205,-1.1442974324263822,-1.1262442037320524,0.2647588206077076,-0.20165613679966485,1.4992468398741834,1.413239156869041,0.0045895622642264,0.0105964895039436,-0.0167968967689553,SPY
2014-12-22,0.37179764697249806,1.8877915901240472,1.3403699585937652,0.10410445761605124,-1.142603027321513,-1.1254231045449359,0.43424557106061357,-0.24555736956601978,0.16340450474430646,-1.4478676318917407,0.0013487754313343,0.0006265097952766,-0.0066251624899331,SPY
2014-12-23,0.07880997386852756,0.5364718064669795,1.8409652967016463,0.10205032103969561,-1.1405523819786008,-1.1247286340814762,0.4734629839699293,-0.3085621284973666,-0.20249380190408042,-0.7325909347015453,9.622730595193474e-05,-0.0106946823414029,-0.013471706424073,SPY
2014-12-24,-0.034428316592873466,0.33914001858620907,2.2507938289081038,0.1015373745326192,-1.1356876167503573,-1.123961977954051,0.4593004203380274,-0.2746649672375182,-1.2515376507126335,-0.017314237511349907,0.0032195977821745,-0.0113262875940849,-0.0112288841733239,SPY
2014-12-26,0.2479441735636112,0.03306824001521029,1.4085763290242224,0.10292726856366438,-1.1311239913131,-1.1231343321144516,0.5727386573470832,-0.2339153661181359,-1.0213722074640899,1.413239156869041,0.0013423267202563,-0.0327708225166727,-0.0277267490768808,SPY
2014-12-29,0.07822696950857189,0.16050274681901525,0.48399690321457095,0.10011830261126588,-1.1235338071458925,-1.1220005146268104,0.6014277904015901,0.0022860366950419914,-0.70096591476799,-1.4478676318917407,-0.0053804174444405,-0.043576657441549,-0.0419766627603381,SPY
2014-12-30,-0.5295517185855335,0.24538310128938146,0.3574218589672566,0.09068637471540891,-1.115729107523282,-1.1207334982421229,0.3494114206530063,-0.1439663253680581,-0.767065871238635,-0.7325909347015453,-0.0099724167053452,-0.0258122037163035,-0.0273947501897158,SPY
2014-12-31,-0.9446975605436043,-0.34042276019006223,-0.07722258010911222,0.11988541758784649,-1.1083227268309275,-1.120909850163441,-0.05482380325042584,0.04179713686907592,-0.01778371510544603,-0.017314237511349907,-0.00053537794673,0.0017498931605404,-0.0300775869479634,SPY
2015-01-02,-0.09152943519325463,-1.1111473281350888,-0.5707735551071107,0.11289240150036432,-1.104288621530109,-1.121472611387305,-0.06351912550636109,-0.10043012777899271,-0.129993134322881,1.413239156869041,-0.0182249371404132,-0.0057607808784423,-0.0172337048707831,SPY
2015-01-05,-1.6907777207606838,-0.7811185477121718,-0.5983085871524628,0.23823615810340223,-1.1076237677453629,-1.1235207570976022,-0.7523240860007103,-0.16728456476683853,0.5163995165396857,-1.4478676318917407,-0.0094635082046199,0.0045998674692313,0.0153487398724925,SPY
2015-01-06,-0.8986890060971909,-1.3432541620632485,-1.5331899133982085,0.2597070586021428,-1.1133168196315637,-1.1265238673177644,-1.061181042333683,-0.2461391505855111,1.0447875967287668,-0.7325909347015453,0.0123840362808049,0.0112469649092181,0.0209970024917875,SPY
2015-01-07,1.0764675073930052,-1.9514101826407317,-2.004273726697428,0.3197224603901791,-1.1177013569056746,-1.1278747043751418,-0.5347467678784541,0.2852745256555974,-0.054150481444014846,-0.017314237511349907,0.0175896801714987,-0.0071928601138209,0.0186577073734737,SPY
2015-01-08,1.5470907137892085,0.13357636349076965,-1.229826711705481,0.4369890769069862,-1.119273320042331,-1.127634336384933,0.17416091842833406,0.25784239758160266,0.2656400724509724,0.6979624596788455,-0.0080460519857128,-0.0339853545259112,-0.0017011716335133,SPY
2015-01-09,-0.7705419786255538,1.9763540685107028,-0.02824832470131556,0.36398783104350635,-1.1222643265711054,-1.1266934373775284,-0.1761672110714367,-0.6567781503958372,0.4408547663887313,1.413239156869041,-0.0078642887927395,-0.0129102444694613,0.0018588193749806,SPY
2015-01-12,-0.7541094337803655,0.5847210141841992,-0.3556785502534542,0.37938549231688895,-1.1271841766327912,-1.1268723138762111,-0.49027353715104616,-1.0215212808798713,0.34071460430676587,-1.4478676318917407,-0.0028164107646331,-0.0029154386050409,0.020320281549254,SPY
2015-01-13,-0.2977492614429231,-1.149122917977753,0.09599721249934517,0.2802999671262308,-1.1328262188390443,-1.1258940636682928,-0.6262085033173643,-1.2656436211371473,1.5428221527425168,-0.7325909347015453,-0.0060557887422341,0.0049363062594318,0.0237167177126993,SPY
2015-01-14,-0.5906095650978171,-0.7928962834873783,0.3857795413216884,0.2757245202872253,-1.1385532927921587,-1.1248507938327794,-0.8926579998806988,-1.4483584519050847,1.1992790461720917,-0.017314237511349907,-0.0092028142405915,0.0257533915449146,0.0393434856577536,SPY
2015-01-15,-0.8751206192049346,-0.6697069748460027,-0.41811050038399955,0.2839128160382416,-1.144093440547436,-1.1239136738511193,-1.279490913129269,-1.6185433307059867,0.9022558561300503,0.6979624596788455,0.013029058070737,0.0294584372827007,0.0526538824403699,SPY
2015-01-16,1.1347815660084908,-1.1047285988090705,-1.5861378229548209,0.20422030653430925,-1.1473223517267652,-1.1235093494576467,-0.7704476625198186,-1.2850953824891636,1.4514274374953715,1.413239156869041,0.0021305170716807,0.0187684287686646,0.0411971009572775,SPY
2015-01-20,0.1494843736312467,0.19527085861937615,-0.6673616913449066,-0.06150376402242338,-1.1470333905554178,-1.1250389767703812,-0.6498827233397859,-1.2614692163001715,0.1248445599804763,-0.7325909347015453,0.0050353340998396,0.0033596445756014,0.0391614680340897,SPY
2015-01-21,0.41209824666823425,0.9672615746673168,-0.23163494810572408,-0.05734832892435626,-1.1442632854505494,-1.1265067205764705,-0.41320039210103265,-0.9994767554130288,0.0007633721923286848,-0.017314237511349907,0.0147612965432486,-0.0145832764874391,0.03341187677613,SPY
2015-01-22,1.2913869046167794,0.4227543576674647,0.1106643686544483,0.03910463320623953,-1.1410428368505072,-1.127091262160332,0.2011756293377161,-0.3722721628198209,0.8305319526153954,0.6979624596788455,-0.0054977685028054,-0.0201430779045059,0.0246333260612932,SPY
2015-01-23,-0.5401609981523531,1.2831231424342726,1.0181918282387505,0.0487052992281049,-1.1418330575152866,-1.1282774215066276,0.004150820726766008,-0.49192054779270633,-0.11385242993920458,1.413239156869041,0.002339049556701,-0.0273005628652933,0.0299892954092282,SPY
2015-01-26,0.16833703216854473,0.5656414773904436,1.1797144765799916,0.05236074096185086,-1.1408133635520095,-1.1292673067232706,0.12298293162551063,0.047874931955805944,-0.529890000888687,-1.4478676318917407,-0.0132782671213824,-0.0173311082915441,0.0304870135707906,SPY
2015-01-27,-1.2435673940032062,-0.2805227334523821,0.7136801525315979,0.11060428889309394,-1.1407368568388954,-1.1316993685199583,-0.3603128205642478,-0.07055482692821256,0.16528533204698906,-0.7325909347015453,-0.0129075869632009,0.0103046664327006,0.0429152599893258,SPY
2015-01-28,-1.2100555579548937,-0.810505713237078,0.04192930065968191,0.1590655480527948,-1.1423853735295109,-1.1353602879496754,-0.7946690571191024,-0.7117652426031553,0.7153912336359047,-0.017314237511349907,0.0092014951261818,0.0193970078105767,0.0546406956724858,SPY
2015-01-29,0.7887456128250353,-1.8490584141165092,-0.7402980547337537,0.202566472977232,-1.141425151825469,-1.1377539401050285,-0.36901405734737014,-0.967994783591867,0.7876294029229409,0.6979624596788455,-0.0126552534635928,0.0202402538468859,0.042026964399052,SPY
2015-01-30,-1.1872430100433784,-0.31780804510164246,-0.9826793673252207,0.22384018851083728,-1.1410598400771566,-1.1403524593614374,-0.817474781109495,-1.063926928042369,1.1425063812303005,1.413239156869041,0.0123085041304502,0.0301263084749905,0.0609762714916568,SPY
2015-02-02,1.0696389222011757,-0.30061988447367916,-1.2947122025851154,0.29480314997795215,-1.1408134103928544,-1.1418500982404824,-0.28717773533568997,-0.5307531866899667,0.5638331864490038,-1.4478676318917407,0.0143575076028623,0.0133317433673214,0.0445549656317227,SPY
2015-02-03,1.2548818247799411,-0.08898024914639843,-0.8600906569326509,0.2470802534278734,-1.1384512422050335,-1.140518846258437,0.2670646766247614,-0.12295191684549683,-0.07458596442992273,-0.7325909347015453,-0.0038152455853248,0.0095714091459928,0.0259732782780162,SPY
2015-02-04,-0.3880502608667337,1.75104367528819,0.34469973928232944,0.21319187263310793,-1.137618583734898,-1.1387097356869453,0.06789810388480874,-0.06643587935710653,0.08205739632049391,-0.017314237511349907,0.0100447411624911,0.0139666801301299,0.0308814510323323,SPY
2015-02-05,0.8649803998603584,0.652744795153942,0.7410832559551227,0.19388229965164533,-1.1376015648946338,-1.1370840568298166,0.44175187542881444,0.3809339453451052,-0.512314130641167,0.6979624596788455,-0.0027691988354883,0.013492918170459,0.0066728730505749,SPY
2015-02-06,-0.2934810037708996,0.3589727734320999,0.7778448353328993,0.07409045708537214,-1.1371087211396447,-1.1372333832288484,0.3312424753367493,0.05122385847544667,-0.07800984709935999,1.413239156869041,-0.0044860609772188,0.020369699547972,0.013577970594687,SPY
2015-02-09,-0.44869622460571773,0.4302261725585736,1.2088305338068401,0.05444279316423192,-1.1378055099327353,-1.1370712379354335,0.14329341436093126,-0.12393258241497865,-0.728632266636461,-1.4478676318917407,0.0105971733815337,0.0264280371128355,0.0017089930927074,SPY
2015-02-10,0.9149237743403494,-0.5595661523546218,0.47666612183629986,0.06766494166396263,-1.134347187909368,-1.1352962405195748,0.5371460420148805,-0.0018980770834187439,-0.5821196378738613,-0.7325909347015453,0.0005800253988121,0.0159257478797947,-0.0112325097163807,SPY
2015-02-11,0.009310097807169808,0.3509088857842959,0.3127331544554098,0.061030940124829625,-1.128577598082823,-1.1332268632704467,0.5118205918205849,-0.3297267382569996,-0.6693451860323668,-0.017314237511349907,0.0095709792028202,0.0146314653228625,0.0008211419606496,SPY
2015-02-12,0.8221493155198674,0.6959946810577379,0.5043463921261141,0.06352506401573908,-1.122689094965038,-1.129787808717334,0.8266640199595183,0.06293818964248424,-0.5687234987183898,0.6979624596788455,0.0041075825420247,0.0110432319484541,-0.0149010196779304,SPY
2015-02-13,0.32822362480666684,0.6260935763427089,0.4836925886847818,0.005617247397541541,-1.1139115266102992,-1.1251967550153732,0.8879661624854829,0.10271702348031736,-0.6396726128515562,1.413239156869041,0.0015722765876446,0.0067938502515589,-0.0057362167174943,SPY
2015-02-17,0.09901589517713892,0.8663796219769507,0.783488061877333,-0.04725785523485677,-1.1069523510765191,-1.1215784946708778,0.8671106358038757,0.5820460576061898,-0.9212613217219957,-0.7325909347015453,9.488414849290194e-05,0.0080583413821777,-0.0102852949075593,SPY
2015-02-18,-0.03454974654147119,0.3215332754612156,1.0476032165276783,-0.045528003800634854,-1.1024573787040706,-1.1181352141947851,0.789113539413665,1.1271761343324271,-0.8583136448055233,-0.017314237511349907,-0.00071425715812,0.0071134365308376,0.0015690484212198,SPY
2015-02-19,-0.10770124982169745,0.0482009408851833,0.5897525742896992,-0.04741541944438261,-1.0974270935440467,-1.115191164972413,0.6896527779817349,0.9324937128358506,-0.685477487836225,0.6979624596788455,0.0059827458284118,0.0066455424089166,-0.002288443287556,SPY
2015-02-20,0.4977502725924649,-0.10755051250691551,0.5333279142199208,-0.12375280151519917,-1.0930766095640791,-1.112998044230902,0.886505692587443,1.740647442948112,0.15113420238413858,1.413239156869041,-0.0001417991548704,-0.0027494395667471,0.000517178993677,SPY
2015-02-23,-0.055947417505559496,0.2935120196851737,0.37689773804422955,-0.14640785007251153,-1.0882672414415764,-1.110335563787719,0.8174934174139143,1.5737866549952937,-0.9790697579128501,-1.4478676318917407,0.0028367677182634,0.0036864132171352,-0.0012915585017641,SPY
2015-02-24,0.21333390901885524,0.3325060499185868,0.19164459029079792,-0.1458621246787848,-1.0821662682519426,-1.1076218783297254,0.8714268721621957,1.3662769636323047,-1.007832399992567,-0.7325909347015453,-0.0008500207028472,-0.003263156230612,-0.0097631543390077,SPY
2015-02-25,-0.11997513487277679,0.11821196223981847,0.24677048364713802,-0.26374893982979813,-1.078070614081105,-1.1038286851586419,0.7465460219732747,1.626105951894954,-1.0051505987549338,-0.017314237511349907,-0.0011821512800409,-0.006637315278609,-0.0236754673948382,SPY
2015-02-26,-0.1500018444332512,0.0699701483478031,0.20557705586771802,-0.3951062652298051,-1.074289371273936,-1.09903278003623,0.5850159618407662,1.2704476326363845,-1.0216455040536363,0.6979624596788455,-0.0034122361472519,-0.0043622368295768,-0.0248772636409135,SPY
2015-02-27,-0.3516156529803072,-0.20378591416843095,0.18517906268096215,-0.40268490134490165,-1.072810918077043,-1.0953334980069929,0.3580107969590644,1.1957477776672334,-0.4180719963585072,1.413239156869041,0.0062940536290119,-0.0151138375015911,-0.019178082246019,SPY
2015-03-02,0.5258944711528936,-0.3783159337270464,-0.22439816718994102,-0.5503966190881532,-1.07093295931516,-1.0899828758109535,0.49332486940938325,1.81928512633066,-0.7772661786454877,-1.4478676318917407,-0.0041128017294838,-0.0172719924219793,-0.0133461913760548,SPY
2015-03-03,-0.41495122251287037,0.13093952012270238,0.056174883605426426,-0.5861205434605892,-1.0700748038118584,-1.086057440259713,0.2332908186544901,1.0822692859513883,-0.40140243218036487,-0.7325909347015453,-0.0042241797508442,-0.0295142291716938,-0.0180114017573869,SPY
2015-03-04,-0.4250205016712859,0.0832192064246433,-0.24679380867912482,-0.684892262437522,-1.0699897720649971,-1.0837576130028799,0.007675336094527234,0.6311704082667272,-0.3372518163021272,-0.017314237511349907,0.0010929271689912,-0.0276343788484041,-0.0173297207821594,SPY
2015-03-05,0.055679669125619204,-0.633249614149034,-0.3938913464500609,-0.7085843315684313,-1.0695819132160242,-1.0810268748872212,-0.010090806018732188,0.17418652094130815,-0.9853177656174174,0.6979624596788455,-0.0141638368192662,-0.0160936289415527,-0.0148315874317042,SPY
2015-03-06,-1.3236285083353747,-0.27865181151235296,-0.2947085772539793,-0.5898587334795695,-1.072759783488176,-1.0804380524982626,-0.5970362504947773,-1.1529473121074472,0.9192095244654369,1.413239156869041,0.0041358987086237,-0.0080809745580463,0.0060425011683307,SPY
2015-03-09,0.33078358576394523,-0.955709842032743,-0.7634280310356529,-0.5879940104689326,-1.075181470776077,-1.0792390899381892,-0.45744959804172197,-0.9589888170942487,-0.7636281341084176,-1.4478676318917407,-0.0163550384791983,0.0010555122357907,-0.0007430963426253,SPY
2015-03-10,-1.521727028463014,-0.748432236440235,-0.8575134817810136,-0.4103418499448089,-1.0809850358286903,-1.0790897478585524,-1.1152405124721767,-1.5940554593925993,0.39264772095225,-0.7325909347015453,-0.0023443294275544,0.0144337491125687,0.0189837728881343,SPY
2015-03-11,-0.2550701160382662,-0.8976899693915943,-1.3912176898742512,-0.48468977270152935,-1.0870435243721233,-1.0800753757910058,-1.1863580583972027,-1.6391687085306756,-0.4000125090144056,-0.017314237511349907,0.0126336770758426,0.0287273060173953,0.0257414927193311,SPY
2015-03-12,1.09903661774225,-1.3391026327260787,-1.3092650166302426,-0.3774434497031881,-1.0906803256276554,-1.0800028451537356,-0.6843110854581954,-1.2667417393535112,-0.6525583862686727,0.6979624596788455,-0.0061511824357598,0.0115218800746568,0.0185499459418529,SPY
2015-03-13,-0.5992337596950119,0.6355170675215417,-0.806142350751242,-0.41815473337642667,-1.0947844267641653,-1.0813213017623047,-0.9009234409854312,-1.4343944455282467,0.5448514324506588,1.413239156869041,0.0132723855024607,0.0264614306200616,0.0201679186044545,SPY
2015-03-16,1.1567799082936174,0.3762062701294806,-0.45682813228754326,-0.31516070604420415,-1.0976819545804064,-1.0818332735073843,-0.3562205484323631,-0.9681954414000974,0.12685628986515074,-1.4478676318917407,-0.0029768016024203,0.0112385084672892,0.0088070478582258,SPY
2015-03-17,-0.3122496098995143,0.41971306985366313,-0.05852008215341932,-0.3135602957288706,-1.1003669654839539,-1.082750620246455,-0.4557336412677193,-1.0265018394333647,-0.6215878283745396,-0.7325909347015453,0.0119492274772721,0.0085804819507293,0.0162606961648554,SPY
2015-03-18,1.03715803529221,0.6359418612845634,0.5247084130944822,-0.23033729464249672,-1.100171623547674,-1.0826098319367095,0.026054086283921796,-0.5709326752223556,2.0397023943599786,-0.017314237511349907,-0.0045717488668959,-0.0181310792852205,0.0040262846484795,SPY
2015-03-19,-0.4564429530097205,0.5458125177433726,1.1478405763328718,-0.21937198830069804,-1.1009873256320049,-1.0828146284750435,-0.15551852583700393,-0.6034698895732958,-0.13024119828790484,0.6979624596788455,0.008788368109645,-0.0159432779444408,-0.0029719802658423,SPY
2015-03-20,0.7513963117099464,0.43716975006675807,0.3977645554708964,-0.1970937309151441,-1.0977166011919166,-1.0827680021968202,0.2022067733046124,-0.5277845599406656,1.1089815772989522,1.413239156869041,-0.0019505366503116,-0.0224447008064432,-0.0026651099049095,SPY
2015-03-23,-0.21946875271547225,0.22186199815281163,1.0490590171051324,-0.19512756771246198,-1.0955265574949875,-1.082884320922854,0.12496841815182859,-0.4649060901430858,-1.0708181548246547,-1.4478676318917407,-0.0056348281189801,-0.0083682196571555,-0.001906344531287,SPY
2015-03-24,-0.5525520562781084,0.40041069140448776,0.3854108800439153,-0.18510573571121758,-1.0914715924046343,-1.0837623720664216,-0.08498724249951363,-0.5057292244465821,-0.9779909426312632,-0.7325909347015453,-0.0147623337586777,-0.0115114036489911,0.0086304723263959,SPY
2015-03-25,-1.3777364255418691,-0.5820518588766614,0.2695333679426638,-0.08703047975054604,-1.0896205359012605,-1.085875114027985,-0.63412436477224,-0.9060453444928086,0.7153339939352128,-0.017314237511349907,-0.0023839475261162,-0.0002915686659301,0.0259057307031822,SPY
2015-03-26,-0.2586518432881473,-1.4547509930525464,-0.8949656470513954,-0.08636310123942688,-1.090396876062375,-1.0880911519733378,-0.679909008031263,-0.6191697156023122,0.5553233825168675,0.6979624596788455,0.0022869452476426,0.0056834393796325,0.0306076388154847,SPY
2015-03-27,0.1636264723394407,-1.2333112797394994,-0.7995877511719203,-0.08337170884692938,-1.0896929518472653,-1.0897985346215153,-0.5494567429924835,-0.6764407295354112,-0.19886665271798779,1.413239156869041,0.012125944498976,0.0101067459127586,0.0241538272562227,SPY
2015-03-30,1.053134374266867,-0.07196826897460427,-1.0830193503954184,-0.027595777752410757,-1.0891835108196146,-1.0909977010294512,-0.030900160609873266,0.1703791820274541,-0.6797865941231849,-1.4478676318917407,-0.0087780121108158,-0.0046688973885498,0.0152019210686216,SPY
2015-03-31,-0.83671581384428,0.9163997250060991,-0.46935067382002216,-0.0030842140940311835,-1.0897006649730365,-1.0926056529629105,-0.3506473676608332,-0.0500395245649128,-0.017239735528860604,-0.7325909347015453,-0.0035424987756167,0.0074809454738273,0.0198568759684629,SPY
2015-04-01,-0.36339222032181023,0.16268979463933433,-0.6063787804928557,-0.004967452672198525,-1.0929650346718522,-1.0941467506380191,-0.4586968352745349,-0.5107844509048285,0.22493690733268085,-0.017314237511349907,0.0035910605194464,0.0154368346530864,0.0133284516655196,SPY
2015-04-02,0.2815267597224797,-0.9045950494745403,-0.11724650287120117,0.0022573073991092405,-1.0947821003355422,-1.0954687824244713,-0.28337943635652957,-0.20530249833372355,-0.8559993153070333,0.6979624596788455,0.0067102517807686,0.0172879044320044,0.0205204449671896,SPY
2015-04-06,0.5635214223598473,-0.06205290775269141,0.14323587485949235,-0.06646852763745797,-1.0969842133568053,-1.0949321842896322,-0.02290865362795548,-0.41004336518066087,-0.23488650317837845,-1.4478676318917407,-0.0026496988023323,0.0060444428780774,0.016653482527519,SPY
2015-04-07,-0.28267744326057165,0.6363320618029129,0.33607133121274113,-0.0704584473149668,-1.0993057705322162,-1.0949982231565358,-0.12930551063727422,-0.39884045537162716,-0.9466877886628784,-0.7325909347015453,0.0033718307515613,0.0106056564366419,0.0077852211552036,SPY
2015-04-08,0.2617069990039204,0.211231257391953,-0.3080775419396142,-0.209476013305691,-1.1000226696613256,-1.0933220292312056,-0.030452517271933748,-0.7210071348653037,-0.7400893059788906,-0.017314237511349907,0.0044133904036423,0.0117106723892899,0.0002880209554936,SPY
2015-04-09,0.35587059401885784,-0.016171433819991834,0.22159872522402044,-0.21008053639396942,-1.0973426551145526,-1.0910467734820153,0.09748453138614835,-0.3785643028460711,-0.7990950983026472,0.6979624596788455,0.0054421302983644,0.0070120979465437,-0.0001435386105788,SPY
2015-04-10,0.4488752017038604,0.4649438837677414,0.5684382465388698,-0.2726645330447385,-1.0932715143191412,-1.0893923050345657,0.2824455329922752,-0.5097368458836786,-1.0653218172525616,1.413239156869041,-0.0045332097731582,-0.0100000461330385,0.0074944486717658,SPY
2015-04-13,-0.45295877463577044,0.6059661468193461,0.6491362227894758,-0.28421321927079213,-1.090412333541147,-1.0876031088311062,0.05554422778278741,-0.6071626492921931,-0.9994094255381893,-1.4478676318917407,0.001911514756232,0.0036284021106975,0.0072437733611687,SPY
2015-04-14,0.12968517605476337,-0.0034479862700143803,0.15897393729002957,-0.3764492300782472,-1.089353980267325,-1.0868158483890398,0.11563774636830566,-0.3093041212183143,-0.9536552903592336,-0.7325909347015453,0.0044768467042093,0.0005251160777763,0.0023360684717337,SPY
2015-04-15,0.36160744584083343,-0.24394236037423586,0.35782149431628746,-0.3753176958743223,-1.0859399696831042,-1.085361205728219,0.26571450213921033,0.6051555899852897,-0.35376615243397985,-0.017314237511349907,-0.0002851840391038,0.0009502581122697,-0.0019500030566081,SPY
2015-04-16,-0.06891031995981813,0.36979421538998264,0.4059950165243226,-0.45860535707952266,-1.0819541260660077,-1.0849989210360804,0.24566711689381956,0.738103632282145,-1.0753251483707884,0.6979624596788455,-0.0115700137812178,0.0037483667694822,0.0087084563192973,SPY
2015-04-17,-1.089130463401305,0.22016203494567857,0.2011591680269909,-0.38580004586022304,-1.080665331449563,-1.085264189826632,-0.22049081530355535,0.005876216718675973,1.8330678406912615,1.413239156869041,0.0090952384705778,0.0176363411368862,0.0213619078736568,SPY
2015-04-20,0.7791393375954351,-0.8728993937846271,-0.5404906684845614,-0.38234354912714325,-1.078941198021884,-1.0855042050032342,0.15580750976954727,-0.10354304264723992,-0.4905923243849065,-1.4478676318917407,-0.0011917712766891,0.004374236354689,0.0153687528814643,SPY
2015-04-21,-0.15087155311159364,-0.23393465424332127,0.05364587095398696,-0.3837131035192961,-1.0769610013094963,-1.0856756175340563,0.11095553960516254,0.3054983966476312,-0.9376938634555199,-0.7325909347015453,0.0049019887387027,0.0087400459427531,0.0162318566187211,SPY
2015-04-22,0.40004298074263067,0.4729984302694763,-0.08164287149952248,-0.39071776850656453,-1.074699244279234,-1.0848998744961784,0.2941296626366347,0.6929467743761943,-0.7921770190689814,-0.017314237511349907,0.0025129246181085,-0.0002850000069241,0.0106255477935741,SPY
2015-04-23,0.18405643991716583,0.18736750906163446,-0.06310866917315926,-0.55349570059699,-1.0727703226782477,-1.0825855191590448,0.3441596384567973,0.6619880018987252,-0.20058324482135204,0.6979624596788455,0.0023179605861862,-0.0128688477035927,0.0110205888911316,SPY
2015-04-24,0.1664304555506141,0.4397196867013899,0.0588757684412543,-0.5635210728655924,-1.071396121588184,-1.079851166663991,0.3766201460462845,0.5173636248854924,-1.1489223188566111,1.413239156869041,-0.0041668663116194,-0.0044037544686625,0.0063112468406174,SPY
2015-04-27,-0.4198390034543623,0.2637038543936261,0.6643264318543262,-0.5416848747585118,-1.069962245261891,-1.0776954284842037,0.1560410162314293,0.41183075377017936,-0.6919283845791547,-1.4478676318917407,0.0031740383113749,0.0026064011840549,-0.0003321279763195,SPY
2015-04-28,0.24382530860095925,-0.19130239582577824,0.08616075223722833,-0.63250320316818,-1.0682979275929754,-1.0763282522366768,0.2549173657849664,0.40652111530472645,-0.48712999869434925,-0.7325909347015453,-0.0041230572109745,-0.0120855973019677,0.0059412899286188,SPY
2015-04-29,-0.41587838304932556,-0.13298908636261286,0.2764896109678809,-0.6890765709578153,-1.068178405370753,-1.0745539055659152,0.04555531190110565,-0.029319059687181435,0.5349895604886556,-0.017314237511349907,-0.01007092307856,-0.0120879095391419,0.0089355672975708,SPY
2015-04-30,-0.9536031611160306,-0.13000494886196023,-0.11696014009087725,-0.6076206299880775,-1.069808560450221,-1.0733710077854077,-0.3903966365659686,-0.798939770485073,1.4250011066379267,0.6979624596788455,0.0107830538211164,0.0019648443769879,0.0127740662622484,SPY
2015-05-01,0.9317285443783334,-1.0322098651138232,-0.6655569861593091,-0.5392615563087229,-1.0674443468788455,-1.0715366671208735,0.00604207682438723,-0.10070162633473527,-0.04977576060385881,1.413239156869041,0.0028432893410981,0.0042619081365806,0.0040256257930391,SPY
2015-05-04,0.2139235050638056,-0.01685268441505415,-0.2965185519459531,-0.561004725660931,-1.0661896836246187,-1.0700408785531892,0.08821198769357332,-0.06425572781716914,-0.8697808620220414,-1.4478676318917407,-0.0115179601746477,-0.0033652662882728,0.0001892193288774,SPY
2015-05-05,-1.0844244873985476,0.8628226571371249,0.009091415230275852,-0.46509844450423427,-1.066787185440425,-1.069346564895777,-0.3956587610849589,-0.7243797376173072,0.22240069281738575,-0.7325909347015453,-0.0041253694481486,0.005156503753172,0.0143532744595997,SPY
2015-05-06,-0.4160874239471804,-0.6562519458035421,-0.6314109355735998,-0.4593062284964201,-1.0689978078818203,-1.0693208879054994,-0.5625829628552825,-0.8534435576670182,0.7576807587106074,-0.017314237511349907,0.0039818308375698,0.009472648377188,0.0099961784166229,SPY
2015-05-07,0.316854873581453,-1.1309349618006972,-0.6315117382892481,-0.46171899869108957,-1.0709523201976623,-1.0693337381610912,-0.4017462308927067,-0.25894170601107985,-0.4366577523640465,0.6979624596788455,0.0130801175807091,0.0158640928764199,0.0042994884847793,SPY
2015-05-08,1.1393976693771917,-0.07513817686437019,-0.01887745799630216,-0.3730442308123476,-1.070977942139748,-1.0686565555643686,0.1147770218121532,-0.11028333328977098,1.2472232861819856,1.413239156869041,-0.0047838850837553,0.0038674130688525,-0.0149492253055489,SPY
2015-05-11,-0.4756214117493991,1.0968452307837018,0.08126376781210146,-0.37149813394635217,-1.0711144051341597,-1.0680050656385278,-0.09522931819067286,-0.2597125982953817,-0.7599153414282174,-1.4478676318917407,-0.0029961901332029,0.0117533816309931,-0.0103090802768397,SPY
2015-05-12,-0.3140024559865336,0.4997523615891828,-0.2512453291468598,-0.36680364960958445,-1.0723605433546395,-1.0677950788200214,-0.22174497222414588,-0.5573038340603301,0.332551167813342,-0.7325909347015453,0.0001907751758674,0.0144209042247638,0.0046088278103955,SPY
2015-05-13,-0.025880589811736125,-0.5953149192932671,0.12026394848804936,-0.3790327612028814,-1.072829951073632,-1.0679707721559404,-0.21004317233148295,-0.6525616579299137,-0.30460181125351493,-0.017314237511349907,0.0103732753368017,0.0135258089624521,0.0076364115053975,SPY
2015-05-14,0.894681971802533,-0.25645678216611273,0.3084276473015088,-0.3166556900603255,-1.069629347378155,-1.0671821788624698,0.19527577551446162,-0.3440983237939709,-0.28026589423100007,0.6979624596788455,0.0010834377731416,0.0060604993413164,-0.0104212705961685,SPY
2015-05-15,0.05482176758735122,0.6542289585914047,0.5870647047913495,-0.4089385474552399,-1.0681613240760293,-1.0652578393669747,0.19593470648057157,-0.14518937254001726,-0.7615410400079282,1.413239156869041,0.0031020834783852,0.0025856801038468,-0.0157992733481027,SPY
2015-05-18,0.2373201355756099,0.7150343139340816,0.06406562975751566,-0.44908593077005865,-1.066642056889732,-1.0638649234067512,0.291580446253128,-0.14678592938938967,-0.7834916040690048,-1.4478676318917407,-0.0003286675394322,-0.0113266445030948,-0.0134643287297473,SPY
2015-05-19,-0.07284150403225657,0.2197437012593638,0.40785693951172114,-0.4508513238863084,-1.0631170647306512,-1.0623948980726705,0.24465121503893722,0.014881726613798442,-0.8430174629509893,-0.7325909347015453,-0.0007043200864442,-0.0015505207473491,-0.0115200036391733,SPY
2015-05-20,-0.10680287555091524,0.12355554957190244,0.5241484361218003,-0.4614736916936222,-1.0589860613356314,-1.0614305879223747,0.19386966404163214,0.48535888807900224,-0.7268495363002264,-0.017314237511349907,0.002907965715666,-0.0019749805029274,-0.000470080389479,SPY
2015-05-21,0.2197706593095353,-0.13572463315761132,0.485126473231627,-0.4603308841217776,-1.0550343646943678,-1.0604277113246967,0.29046152249844387,0.215349327833248,-1.0240282805642966,0.6979624596788455,-0.0023913814643279,-0.011115370332476,-0.0078270150443744,SPY
2015-05-22,-0.2593239184263633,0.08474459652794888,0.15967392391608043,-0.45738505870769597,-1.0538650454593002,-1.0598534091757368,0.17929700095074727,-0.04322423212263022,-1.1921060223271491,1.413239156869041,-0.0108102411285564,-0.0066893755162409,-0.0003257443183324,SPY
2015-05-26,-1.0204421993871486,-0.030172693476532255,0.008188073142600701,-0.39203645831293676,-1.0537883201555773,-1.0598834061726228,-0.2606687709776941,-0.008103613950563133,0.46603792765767876,-0.7325909347015453,0.0094474562163133,0.003127748489252,0.0111921168005082,SPY
2015-05-27,0.8109820545250389,-0.9646135946348061,-0.5983241467143618,-0.3447085976936546,-1.0514667942073963,-1.059343405346553,0.11195231466484963,0.5857497727081376,-0.30969681563312007,-0.017314237511349907,-0.0011287798420225,-0.0036736127709868,-0.0055445939356166,SPY
2015-05-28,-0.14517672811380816,-0.15818938215661463,-0.17213091961446747,-0.35550595295383447,-1.0493842658628152,-1.0585333845066922,0.047511039071038076,0.3852232994862273,-0.7444259631377216,0.6979624596788455,-0.0062324241138824,-0.0110272984200898,-0.0074607166410807,SPY
2015-05-29,-0.6065785223898666,0.501281167591492,-0.1906353777743416,-0.3965926008263266,-1.050297506199559,-1.0573847958893772,-0.23202938071061058,-0.5625103717075431,0.4861504658747786,1.413239156869041,0.0020346133519071,-0.0065097334004811,-0.0014188962831722,SPY
2015-06-01,0.14081406942817545,-0.5667827326093496,-0.58911358199274,-0.4644401204350748,-1.0510400584979835,-1.0570205040798306,-0.15757266025530958,-0.1797558046971857,-0.3019817352837207,-1.4478676318917407,-0.0009931171230634,-0.0147129429620074,-0.0246470960160074,SPY
2015-06-02,-0.13291195835130154,-0.35130238445447554,-0.3961609290816112,-0.4686572003579187,-1.0525251943220633,-1.0570033651788393,-0.19830191230832936,-0.051972579275334364,-0.3211308362603556,-0.7325909347015453,0.0026460949560744,-0.01386356589399,-0.0215624464170511,SPY
2015-06-03,0.19609588263863578,0.005582651727027712,0.03181971695734795,-0.5645513531522915,-1.0534725816346397,-1.0557090331806773,-0.11977538616138342,0.0697494249691829,-0.4160940870236675,-0.017314237511349907,-0.0084824654911255,-0.0045879428960322,-0.0162248334359134,SPY
2015-06-04,-0.8099965259485283,0.04723484634169402,-0.26468779221465244,-0.5208819667465927,-1.0558197295249065,-1.0548132786343472,-0.4833226530443508,-1.0162759122565201,1.2475653093238583,0.6979624596788455,-0.0017148590942737,0.0071128814659626,-0.0086589136413275,SPY
2015-06-05,-0.1981620076850521,-0.46291589840286823,-0.5852740589369202,-0.5271669162541744,-1.0590032987665046,-1.0544275671187129,-0.5609604469373649,-1.1714243066977006,0.4584377508777616,1.413239156869041,-0.0061685962096191,0.001143333795472,-0.0097940254155766,SPY
2015-06-08,-0.6008080752381425,-0.759970307845124,-0.3883293738607882,-0.6355034007949869,-1.0628526481619598,-1.0557733315004538,-0.778749046817621,-1.6388428215983923,-0.38491638313935017,-1.4478676318917407,-0.0001437400550461,0.0030173650262987,0.0026436565136238,SPY
2015-06-09,-0.05612288718484659,-0.6023568441376633,-0.7459509059684212,-0.6492969830112225,-1.0647729822747392,-1.0566990908839724,-0.7640608397066746,-1.6324773083528288,0.05408918324892156,-0.7325909347015453,0.0119217179540322,0.0085981331780855,-0.0141321660984496,SPY
2015-06-10,1.0346710000079222,-0.4953371798685694,-0.7089220423116753,-0.5436327256025177,-1.0662666119053354,-1.0562833666908469,-0.2931682329557312,-0.8584874992069331,0.8374292317620006,-0.017314237511349907,0.0032183588708694,-0.001707927224805,-0.0242464159044075,SPY
2015-06-11,0.24783216812814743,0.7369178561777907,-0.3045483050686067,-0.5375080764094387,-1.0669750484551574,-1.055593373040043,-0.1780468316787077,-0.8437203974358826,-0.7578718554985133,0.6979624596788455,-0.0076844067647643,0.0054193170675755,-0.0149518499874021,SPY
2015-06-12,-0.737846958175747,0.9659334108921446,0.20555285763780226,-0.5750741072024256,-1.0679395326760728,-1.0565362634842508,-0.46805496033122235,-1.0371845879951227,1.0130453326244173,1.413239156869041,-0.0042945649787924,0.0086547548931106,0.0037093060083828,SPY
2015-06-15,-0.4313837724511269,-0.3695738502605642,-0.0546914733034627,-0.5674336016974252,-1.0700391735426078,-1.0579634572464576,-0.609255090253574,-0.7900447900182695,0.682925990707842,-1.4478676318917407,0.0054370280967406,0.0180592091336171,0.0123323666131049,SPY
2015-06-16,0.4484139303341139,-0.8813304823139865,0.027007514752268542,-0.5502068722956341,-1.0709865452415697,-1.0591849293146498,-0.3628543392492401,-1.015438536058444,-0.4491027909639381,-0.7325909347015453,0.0016156575511416,0.0133298010271607,0.0065632079110544,SPY
2015-06-17,0.10293780927003585,0.012460197160867874,0.27030287881805465,-0.546610187826881,-1.072121733114419,-1.0602306845260159,-0.27404780232151793,-0.8756757795727821,0.8108314680048941,-0.017314237511349907,0.01034560316325,0.0044248889562075,0.0129395055931249,SPY
2015-06-18,0.892180231899015,0.41504587979646873,-0.17899310510530977,-0.4675772756961088,-1.069859976084157,-1.060273563139704,0.1483914154030564,-0.07996709042873518,1.9216420740485867,0.6979624596788455,-0.0044489689392293,-0.0089656167545291,0.0034413645024127,SPY
2015-06-19,-0.4453428692443195,0.7494025023957157,0.13172137858907643,-0.46203177748814767,-1.0680971052778583,-1.0609869600930968,-0.017307941524874866,-0.38303988684315365,0.8891334437083164,1.413239156869041,0.005109889261714,-0.0047072515712738,0.0084081257427817,SPY
2015-06-22,0.41883850590829563,0.33629930988645856,0.2727713205085861,-0.4464968591021547,-1.0643069627101844,-1.0610166905197023,0.1923077139355408,-0.12812420631209698,-0.9275594747394318,-1.4478676318917407,0.0007076199902842,-0.0310107272139159,-0.0006608343486549,SPY
2015-06-23,0.020845457700835165,-0.020340976407134267,0.682761496780554,-0.5305319965638167,-1.0603626044679337,-1.060000336442242,0.19827959917500193,-0.20343175396443036,-0.9640891588790151,-0.7325909347015453,-0.0072892545198115,-0.0296268147283074,-0.0031647703658048,SPY
2015-06-24,-0.7021226903542768,0.33090956682453104,0.47658144489870197,-0.55327200625619,-1.0598727585270091,-1.0605043816416204,-0.08815579890636661,-0.14910723775930035,-0.2200031722778256,-0.017314237511349907,-0.0030449025474865,-0.0143538522712836,-0.0015212923452505,SPY
2015-06-25,-0.31840636702670905,-0.5136809266975502,0.08836896852433161,-0.5483351167626808,-1.0605121828988793,-1.0611812035844346,-0.1967430309687951,-0.21234181288150517,-0.05577178848362319,0.6979624596788455,-0.000190603755974,-0.0122254954203366,-0.008902652163071,SPY
2015-06-26,-0.06035966281863693,-0.7692909041260572,-0.495394390445451,-0.5750642751892259,-1.0598032154861499,-1.0613095101327994,-0.20160051052207226,0.0864103134676295,0.18532540271328685,1.413239156869041,-0.021193586380928,-0.0148848625328854,-0.0145465710215244,SPY
2015-06-29,-1.9591624304282758,-0.28575324559002463,-0.3097496047444977,-0.3041684695839929,-1.0620998533321466,-1.0635170805515872,-1.0044275243401501,-0.7821421229754273,2.960409875767469,-1.4478676318917407,0.0020915324758927,0.0125778095676238,0.0188555850015514,SPY
2015-06-30,0.14595991904790345,-1.521984239096302,-1.4564579983951473,-0.2981068329463684,-1.0650006443939057,-1.065449417155505,-0.8783745419318174,-1.2201322797808176,2.2413586328838258,-0.7325909347015453,0.0079837079372122,-0.0064332855753885,0.0236194743770523,SPY
2015-07-01,0.6786499313655978,-1.366532330454926,-1.396125893053429,-0.2602896522315982,-1.0667764432733593,-1.0669111552899753,-0.5257140277673802,-0.9997732002746642,0.922603213225116,-0.017314237511349907,-0.0009165456965396,-0.0126095253645264,0.01587317921346,SPY
2015-07-02,-0.1259894160057937,0.6209327592324984,-0.7302962329993766,-0.29516443098617073,-1.0705844478165027,-1.0676875961147643,-0.5452686286864964,-0.7707211368784377,0.0521392417105857,0.6979624596788455,-0.0028499708685227,0.000819945119888,0.0152703979678232,SPY
2015-07-06,-0.30078330757269167,0.4160319795517998,-0.6375098385767254,-0.29279554812400027,-1.0740922806127855,-1.0685638204678785,-0.6403022084150631,-0.7159367790997843,0.4098853127048786,-1.4478676318917407,0.0062690857195812,0.0146466652194314,0.0147417773993732,SPY
2015-07-07,0.5236372138682966,-0.3219239866358597,-0.753445794386856,-0.28953922499315116,-1.0774113916455146,-1.068327294225833,-0.39303894700288533,-0.6800774034098007,1.842500015512518,-0.7325909347015453,-0.0169195626671196,0.0127060751257799,0.0065168211686712,SPY
2015-07-08,-1.5727635935808644,0.16753851907778872,0.44379813784377353,-0.1409079367723546,-1.0838523669136735,-1.0695809585755762,-1.0433195470454006,-1.2714540115666884,1.5170777691069721,-0.017314237511349907,0.0018074681480744,0.0292935071875897,0.0267260823507964,SPY
2015-07-09,0.12027870312385128,-0.7908376148078917,-0.38499660659075097,-0.22379623537849558,-1.0886552085451393,-1.0717467088214965,-0.92339592310337,-1.6919818635834256,0.9632079058729733,0.6979624596788455,0.0125129247878748,0.0354779942727274,0.0166972295111023,SPY
2015-07-10,1.0881198454588676,-1.0947489052181454,-0.6542517462393661,-0.13778372935702068,-1.0906964076510244,-1.0730927711347278,-0.39099099472220633,-0.9940305066524464,0.565313211068354,1.413239156869041,0.0109767492310206,0.0238125315573904,0.0022626163211034,SPY
2015-07-13,0.9492398372726294,0.9100991345500963,-0.06878970555770371,-0.1018445075543015,-1.090739267023983,-1.0727582881548108,0.04743260669648729,-0.7706432799370703,-0.0621685736939813,-1.4478676318917407,0.0043284956259297,0.0133535746275095,0.0038061807418543,SPY
2015-07-14,0.34819556796399803,1.5346815873019548,0.5339905585493234,-0.10511484521405831,-1.0862279628103266,-1.0716462039853532,0.1992515039095205,-0.6438786904857713,-0.6878626691229852,-0.7325909347015453,-0.0003321306053098,0.0050660081718572,-0.0095864707011115,SPY
2015-07-15,-0.0731545871400333,0.9771841353098942,0.4493899156815069,-0.11703008409571661,-1.0821455333713272,-1.071052849901622,0.17210978031479593,-0.421254377264411,-0.24364133773131633,-0.017314237511349907,0.0079919552332121,0.0036018227503014,-0.0080570386065312,SPY
2015-07-16,0.6793955392037578,0.20685897653727114,1.1725242965825324,-0.08985469964226565,-1.0780288788884202,-1.0698774004083704,0.4739058435653217,-0.06401535498787278,-0.017487492272577426,0.6979624596788455,0.0008474620725378,-0.0100359089821679,-0.0172939310487283,SPY
2015-07-17,0.03348806839822949,0.4564022685767597,1.4421389797255655,-0.1388910530935272,-1.0735948152277794,-1.0695630278040449,0.5016839864961486,-0.033038908497586846,-0.5170359428306817,1.413239156869041,0.0005177923011396,-0.0213096334200129,-0.0145056233811811,SPY
2015-07-20,0.0036838312807638872,0.5367523943187357,0.93357941926164,-0.15032546546170786,-1.0685603612325718,-1.068796442239341,0.5054797851264036,0.9517396334878471,-1.011317967886771,-1.4478676318917407,-0.0039590708297225,-0.02766194833558,-0.0094522972250148,SPY
2015-07-21,-0.4010529746712967,0.027636033488313522,0.47761786257359923,-0.15386897035351516,-1.0653613032849718,-1.0688567263243016,0.34363936864920236,0.6765159380134015,-0.8189468311060406,-0.7325909347015453,-0.0017963160268656,-0.0114943078637095,-0.0083941960408315,SPY
2015-07-22,-0.20552623074843382,-0.29976979933207637,0.11631876481377683,-0.15271790253524148,-1.05949495588676,-1.069145272972604,0.27637829757111154,0.3546489096315508,-0.5257438857446187,-0.017314237511349907,-0.0056457764992572,-0.0028425699854501,-0.0145346396205416,SPY
2015-07-23,-0.553541859257153,-0.4573995461316702,0.052487135276688766,-0.16344906106273793,-1.0549665547647646,-1.0692830819674477,0.048236785676861633,0.11274984898322152,-0.47630989053931366,0.6979624596788455,-0.010426262365307,0.003040619287427,-0.0299914849115578,SPY
2015-07-24,-0.985728085140583,-0.572292606407444,-0.5420541208083387,-0.11499730619394351,-1.054520614308999,-1.0700841335013913,-0.3574708399170495,-0.215247507344271,0.2937564347860117,1.413239156869041,-0.0058345226144274,0.0119475547105576,-0.0501300054929343,SPY
2015-07-27,-0.5706057045338202,-1.1601372806432066,-1.0335357263655718,-0.10142855786500173,-1.0570765162307625,-1.0713890891092712,-0.5635735266457198,-0.6553478889041927,0.7314269526100176,-1.4478676318917407,0.0122085696421478,0.0144034858880122,-0.0873144748310057,SPY
2015-07-28,1.060604210971981,-1.1729940695772467,-1.3104669171996866,-0.2623157174293636,-1.0582343282316329,-1.0697051489651943,-0.10742136601634823,0.45316042470014406,0.46814592326923865,-0.7325909347015453,0.0068554218513936,0.0002390457347436,-0.1113606334968517,SPY
2015-07-29,0.5766457169802376,0.36881916146615185,-0.6056334842915172,-0.24430801554173218,-1.05809713139732,-1.067586283727476,0.12432654643726644,0.585756826568738,-0.05752324817146232,-0.017314237511349907,0.0002374127736199,-0.0033266776016445,-0.0805408401622154,SPY
2015-07-30,-0.02166425533827436,1.233218078682105,-0.2284582174388823,-0.2712119170890945,-1.0593663933814983,-1.0661564791445786,0.10158006011497658,0.24187271638567154,-0.465240683217462,0.6979624596788455,-0.0015193269421764,-0.0117854750668842,-0.0563442124259818,SPY
2015-07-31,-0.18048466165335555,0.4177807012492416,0.02802129166853036,-0.2698594985262266,-1.0610645301403334,-1.0647826464803358,0.008382864273400193,-0.26792075948551664,-0.1051222241142055,1.413239156869041,-0.0033785914369728,-0.0121878365268317,-0.0547746397088708,SPY
2015-08-03,-0.34857395789660633,-0.15268072264550125,0.41632197672515464,-0.2675672066910618,-1.0634659821832961,-1.0634604970893478,-0.15905026468593947,-0.6510684540519325,0.1938533613917614,-1.4478676318917407,-0.0019558705111206,0.0037110685619126,-0.0595079962607787,SPY
2015-08-04,-0.21995096754405288,-0.39899150301995134,0.5233890781864515,-0.28264525113882,-1.0654985781873594,-1.062874763779525,-0.2516203667881473,-0.7245159612696839,-0.7178001078971915,-0.7325909347015453,0.0032896985150054,-0.0033972167440028,-0.0878543113387673,SPY
2015-08-05,0.2542817241814282,-0.4287274714735011,-0.0941141991668941,-0.47320065222982927,-1.066613515201656,-1.0604888656832208,-0.1716706733595204,-0.9988006263888412,-0.6083853826265928,-0.017314237511349907,-0.0082213846916197,-0.005489613769738,-0.0723410683788232,SPY
2015-08-06,-0.7863931666769576,0.025495368484301607,-0.24956304306962027,-0.416676724201855,-1.0681830113871549,-1.0590030656607619,-0.5374218667640299,-1.359913631929078,0.29225281838677625,0.6979624596788455,-0.001921688402124,0.0014868337128968,-0.0634034244277366,SPY
2015-08-07,-0.21686068820970902,-0.40129165867816124,-0.6183270111992286,-0.5096987175063479,-1.0682258707601138,-1.0588006604146518,-0.6192179386326498,-1.4523291671178993,0.3352002740240046,1.413239156869041,0.0125203136517715,0.0070442918551059,-0.0767340665335885,SPY
2015-08-10,1.0887878455932807,-0.7562748676664321,-0.6358680871266753,-0.48494327133785836,-1.064983890985095,-1.0584561496879974,-0.12068893232651477,-0.6678690437489319,-0.7708474396592497,-1.4478676318917407,-0.0090641558170361,9.509666064033696e-05,-0.064433834624765,SPY
2015-08-11,-0.8625850187570929,0.6565840804193658,0.057249741209368356,-0.4450743517121121,-1.0655499938212951,-1.05932180531351,-0.4684863938522075,-0.9167564042651853,0.5630546877518234,-0.7325909347015453,0.0011973014892703,0.0062582828321371,-0.0688318591125787,SPY
2015-08-12,0.06511576930968838,0.1700617700712822,-0.25263821943498427,-0.44332113652488586,-1.0671366962104372,-1.0600496676247846,-0.4039178094471891,-0.674762221509528,1.8389693601670236,-0.017314237511349907,-0.0012449372089848,-0.0028757782637089,-0.064602238792256,SPY
2015-08-13,-0.1556780904109998,-0.6012260381024089,-0.34385693383067617,-0.4930374821172847,-1.0689892516208432,-1.061617273362223,-0.41918682076108454,-0.2993454099647657,-0.5758196425444083,0.6979624596788455,0.003635769740085,-0.0227334628449975,-0.0588232807887827,SPY
2015-08-14,0.285568756680825,-0.06860557498859292,-0.03971648505929476,-0.48144684132360577,-1.0699154668715871,-1.062935079225695,-0.24252332927539097,0.1356324389672903,-1.057001781305852,1.413239156869041,0.0055711184573059,-0.0569340155317661,-0.066176157141343,SPY
2015-08-17,0.4605365489306107,0.09749517677961289,0.20256267171883188,-0.45669595812813935,-1.0692293265638726,-1.0637964148445995,0.003531947411488819,-0.1340678374183261,-0.8888765472396954,-1.4478676318917407,-0.0029009696455393,-0.1055241259415709,-0.0593255456340378,SPY
2015-08-18,-0.305393920297228,0.5617833502617249,-0.10038970487477288,-0.4608976325426891,-1.0687148111113727,-1.0645587117639044,-0.09748597219274323,-0.6437470810925661,-1.126403222637676,-0.7325909347015453,-0.0079367596065758,-0.1144607453197297,-0.0477950697084557,SPY
2015-08-19,-0.7606612547450602,0.1165213191886047,0.16829635815750607,-0.4263273018613134,-1.0702157010729074,-1.06587223682228,-0.3898575390263943,-1.0093451320068156,1.8100840326641188,-0.017314237511349907,-0.0211026217902734,-0.0688487705271239,-0.0421088589735827,SPY
2015-08-20,-1.9509386548067973,-0.8035926500847006,-0.22990594290054406,-0.20509492957914263,-1.0739722743685007,-1.0685466972474917,-1.1749629949623148,-1.5857443253017331,2.26147756726146,0.6979624596788455,-0.0305647829466835,-0.0233121082269969,-0.0374828555563322,SPY
2015-08-21,-2.806378004169172,-2.0434316775781554,-1.0956080233858836,0.14412990545179574,-1.0826517892215337,-1.0729265959258922,-2.274128184266997,-2.0421111394226372,4.734416269351612,1.413239156869041,-0.0430189919524988,0.0073029204946211,-0.0017635232584805,SPY
2015-08-24,-3.932317445767066,-3.584781123717028,-2.586592004599003,0.7017198512656908,-1.1007226124046303,-1.080372829022806,-3.742803233905824,-2.4197966497259227,5.262207854693472,-1.4478676318917407,-0.0118375890236981,0.0422099644582392,0.0281905654541043,SPY
2015-08-25,-1.1133209614861708,-5.077655004178558,-4.7048933352796585,0.623103221561213,-1.119076447971789,-1.089873385988288,-3.9833562508137264,-2.6027380613143056,3.0123584975870927,-0.7325909347015453,0.03767521518603,0.0237453678928281,0.0384279949336594,SPY
2015-08-26,3.3629504016984573,-3.8020177314448884,-5.094488101804832,1.1066704338523716,-1.1314781080995138,-1.0968975756083623,-2.4181851885985344,-1.5668223997889994,2.431892792537003,-0.017314237511349907,0.0244340405098535,0.0048730941817476,-0.0028691973532879,SPY
2015-08-27,2.165864274909278,1.694616667863395,-3.1060195413659812,1.2998575252338187,-1.1395315326078197,-1.1018718162485932,-1.3580343352985744,-1.0703253171865275,1.6001570613143339,0.6979624596788455,5.024577493450977e-05,-0.0188446870686389,-0.0275625873574734,SPY
2015-08-28,-0.03858533847466471,4.165325454565053,-1.1208342530104658,1.3014256817697316,-1.1482282068236516,-1.106703904366465,-1.247899430008562,-1.3141385739147786,0.3041289869935194,1.413239156869041,-0.0081119479888807,-0.0341472633515493,-0.0530301896866882,SPY
2015-08-31,-0.7764993950279729,1.6024314319134014,0.21383766958602393,1.308099925439282,-1.1593091424924176,-1.1119236013531462,-1.4509194871465005,-1.2979401741157999,0.32883679519650627,-1.4478676318917407,-0.0303021855891092,-0.0012147698020736,-0.0443335035204812,SPY
2015-09-01,-2.782637538434718,-0.6144984603962802,1.735621362906045,1.4751171728726844,-1.1749270511577707,-1.1195076983270198,-2.45998639680688,-1.6100981213828536,1.3314194624346727,-0.7325909347015453,0.0188029414749495,0.0156252354821857,0.0044549612842388,SPY
2015-09-02,1.6567772265080705,-2.682010172257295,0.930651397925286,1.5806560921002584,-1.185999446179175,-1.125821313502556,-1.5907120321369006,-1.2806488264553884,0.24913512551658717,-0.017314237511349907,0.0007162592594669,0.0022492158168292,-0.0117419788944577,SPY
2015-09-03,0.021626502399445986,-0.8486529521225639,0.10790861800592723,1.5792306622546002,-1.193220914830017,-1.1313338849844508,-1.4381389459145237,-1.3314553747310958,0.15411963574834128,0.6979624596788455,-0.0152523305079759,0.0060669773518506,0.002368910483355,SPY
2015-09-04,-1.422035237777314,1.264225493724681,-0.9260756055275186,1.6092007407064253,-1.1977150128400302,-1.1379489519459989,-1.8858410369973613,-1.555348967937418,0.7458785724326074,1.413239156869041,0.0248205455605949,0.0176022012473513,0.0352596061006424,SPY
2015-09-08,2.2008067815593058,-1.0555120202432866,-1.5931962897478686,1.727125747375408,-1.1909137690211784,-1.1436079175538374,-0.7769798396186532,-1.1561949370164286,-0.2712252652073984,-0.7325909347015453,-0.0134621803048498,0.0052033856513675,0.0070072096561091,SPY
2015-09-09,-1.2601943116178924,0.5863957938592013,-0.15749375027782678,1.741879635762334,-1.1844641906511981,-1.1495855836129125,-1.1749184056378452,-1.1983656494901607,0.0974608533125712,-0.017314237511349907,0.005426921809593,0.0272950722362601,0.0286264085953771,SPY
2015-09-10,0.4475002579120208,0.7083351688819899,0.576651640655831,1.7537233923931363,-1.1832720911519607,-1.155214411098422,-0.8284228175061751,-0.9238845561881378,0.1882388316133735,0.6979624596788455,0.0045340207944883,0.0196176015549642,0.0321856009151719,SPY
2015-09-11,0.3667763460297211,-0.6126971978404161,-0.006480194554360135,1.7651959738005654,-1.1854419776720266,-1.16034799804412,-0.5261284683989441,-0.5115711349291786,-0.24824930884539445,1.413239156869041,-0.0037171066124752,-0.001393037612547,0.028247984901033,SPY
2015-09-14,-0.3791778756162796,0.6131471536590256,0.1599563348474207,1.7556807470101372,-1.1882464951841814,-1.1661232666973873,-0.5394811024726855,0.07876703191627066,-0.6815175853203272,-1.4478676318917407,0.0124217299646112,0.0074786183510964,0.0329081929194208,SPY
2015-09-15,1.0798752553500865,-0.009715167631385498,0.6628380925025292,1.7904222088092585,-1.1875689423646738,-1.1713472758503747,0.08921350293844728,0.4460229537544851,-0.2934555553676554,-0.7325909347015453,0.0086295062800427,-0.0180080148534287,0.014164136106844,SPY
2015-09-16,0.7370341952856826,0.5275706561428894,0.12230777976348362,1.8168820045832756,-1.1803560299748086,-1.1755678047024012,0.546407513227048,0.08744365224944262,-0.45998289927279906,-0.017314237511349907,-0.0022505488717028,-0.0282376806776145,0.0007295508258895,SPY
2015-09-17,-0.24659175931252098,1.3685829115016073,1.0854018887308718,1.8102014716999582,-1.176650903540381,-1.1792672435376859,0.5437729516039681,-0.39040453326469676,1.462663679633071,0.6979624596788455,-0.0164766183730229,-0.0296091089068291,0.0182179235844142,SPY
2015-09-18,-1.53271862156206,0.3691536410773154,0.7507001104618287,1.7779291036776785,-1.175865179596699,-1.182498922092983,-0.05396510537478173,-0.7070147501002845,0.8553699601912554,1.413239156869041,0.0051545493511682,-0.013391840028138,0.0392307776301548,SPY
2015-09-21,0.4228760610961277,-1.3409962357838239,-0.16526539222221576,1.5982128487168568,-1.171670035471583,-1.1826490403625547,0.16026382842610024,-0.457401140422624,-0.4479580648277495,-1.4478676318917407,-0.0130649032399139,-0.0439637459335866,0.0345677461321471,SPY
2015-09-22,-1.2242779466006752,-0.8365843447020531,0.22149727356778942,1.191631144981696,-1.1738243864448024,-1.1803156252503475,-0.427294888169799,-0.09783965411744558,0.07499982146003517,-0.7325909347015453,-0.001600159544143,-0.0303141045163464,0.046353468928074,SPY
2015-09-23,-0.1877924412705662,-0.6041890907392234,-0.8896006139731534,1.1475892399110372,-1.1739817872968232,-1.1771560382753878,-0.567127261578615,-0.5377923894482721,-0.5811292860685053,-0.017314237511349907,-0.0036219771009173,-0.0102276657565925,0.041730837375435,SPY
2015-09-24,-0.37057756474362846,-1.064298516035922,-1.3355661519197106,0.7765843974676263,-1.1756517258671106,-1.1773959828892684,-0.7069093581325044,-0.6369471384505319,0.16054639769847107,0.6979624596788455,-0.0002593494943319,-0.0039996873594221,0.0621053102813426,SPY
2015-09-25,-0.0665747133467585,-0.42107622677504897,-1.3953540021299067,0.5765891913469322,-1.1781281076480803,-1.1797290843893806,-0.6619473729096814,-0.26800712785716435,0.10909445396030648,1.413239156869041,-0.0254173565542803,0.0110868107721895,0.0732667899609547,SPY
2015-09-28,-2.341018028660289,-0.3297444830963748,-0.6883570030285141,0.7489697588315857,-1.1841510596039524,-1.1841617561430666,-1.5664092113554078,-1.5819560674519924,0.35587823115462186,-1.4478676318917407,0.0005847381773262,0.0541425324357813,0.0962234949040041,SPY
2015-09-29,0.009736162859238761,-1.8143768587967433,-2.0211489727271013,0.7419065823764621,-1.1921804391452797,-1.1878534409193025,-1.457254730666008,-1.3061815483782147,0.13229199383900567,-0.7325909347015453,0.0184862792156108,0.0501259433745167,0.0937043682007718,SPY
2015-09-30,1.6281489509356548,-1.7568802738919114,-1.4260885101433558,0.5901253176027049,-1.198658996384554,-1.1874846879777048,-0.7319302932764932,-0.8766780668477988,0.1832510512974828,-0.017314237511349907,0.0026060012962529,0.039796682793324,0.0865286254682109,SPY
2015-10-01,0.19247116163628575,1.2336966607473283,-0.5504138184300321,0.4708976093788423,-1.2043205087686142,-1.1884670778652773,-0.6038862116810007,-0.9377841972845232,-0.17049442359601538,0.6979624596788455,0.0148271486372797,0.0461767956264589,0.0833482354174108,SPY
2015-10-02,1.2973403513548907,1.371378717285448,-0.27890311769463455,0.5480917090577115,-1.2047084602585623,-1.1882673383219746,-0.008261895746022605,-0.43863965021853824,0.7022799074267705,1.413239156869041,0.0176383651093114,0.0319460517695286,0.0642020563633716,SPY
2015-10-05,1.5514921407822404,1.122130305018537,0.37879757073713016,0.5536465787271625,-1.202975661274602,-1.1852906499208158,0.6442659889492416,-0.3132870936530376,-0.23394491835150297,-1.4478676318917407,-0.0034318508839383,0.0152507880661296,0.0583250248687052,SPY
2015-10-06,-0.3533889495149537,2.1460874262023033,2.2558254623016354,0.3626653601374052,-1.1996306316411032,-1.18469275630201,0.48760897893814376,-0.6105500584620062,-0.4123959174304713,-0.7325909347015453,0.0081570186344182,0.0123603121021025,0.0646520105075412,SPY
2015-10-07,0.6943183170128878,0.9023420766385304,2.0807209836018443,0.30525677929503975,-1.1946217059062918,-1.182256586186878,0.7656710037048334,-0.3530310090481459,-0.26637720121612074,-0.017314237511349907,0.0089861141293878,-0.0006017855332274,0.05345746726179,SPY
2015-10-08,0.7692738054105461,0.25650271550333065,1.6304135805202375,0.3206012713901719,-1.1874575392222106,-1.1794976857050883,1.0724034559993816,0.2981880122840537,0.04316376915427301,0.6979624596788455,0.0005964047803495,0.0056499242242065,0.0434724186109862,SPY
2015-10-09,0.010790897727367693,1.102375251861212,1.9085566304194461,0.3174641609265508,-1.180146760694019,-1.1770701164016613,1.037271374469106,0.20824995767216567,-0.4700742499691837,1.413239156869041,0.0009431014059124,0.0095897551165746,0.0423525035031433,SPY
2015-10-12,0.042134470394880615,0.5873701274063947,1.2881628219989536,0.30715777882360296,-1.168499597280134,-1.174245945402601,1.0069650989151924,0.6874192592468106,-1.0228713056818406,-1.4478676318917407,-0.0063223268479655,0.0091381715638227,0.0320342703531597,SPY
2015-10-13,-0.6147062994461522,0.03950551633172221,0.560327486357521,0.2802527003629971,-1.1580421757096329,-1.1730267156608882,0.7135999228936165,0.5018141445125939,-0.6773959577506936,-0.7325909347015453,-0.0048050790009117,0.0141813179678011,0.040660439401492,SPY
2015-10-14,-0.4775374762089891,-0.43177661923089367,0.4343162665998574,0.2642034277824494,-1.1514383192106157,-1.1729637972343296,0.5130572653934496,0.45434264478103875,-0.5601115662009067,-0.017314237511349907,0.0152378238868218,0.0127636058719309,0.0415259458782362,SPY
2015-10-15,1.3344679971918603,-0.8233245044878756,-0.13077050595028974,0.3444105109091367,-1.14262747824248,-1.171382376884107,1.1083624592749164,0.7292592194984402,-0.17848080453200305,0.6979624596788455,0.0045362356727176,0.0142782777900993,0.0122303123755775,SPY
2015-10-16,0.3669765850618058,0.6452848342179194,0.14177477099004038,0.22451054035313772,-1.1354977395793,-1.1679970205619599,1.2151266151176583,1.7866514789001797,-0.4035714333522363,1.413239156869041,0.0004915178531605,0.0206441723026618,-0.0035979754145305,SPY
2015-10-19,0.0013084546292184286,1.281585671546783,0.3135329528828736,0.22086941365319884,-1.1312733823806664,-1.1650056629550578,1.1619905505432242,1.786247255299403,-0.8189881278215715,-1.4478676318917407,-0.0012791804439871,0.0176920028382703,0.011002981217457,SPY
2015-10-20,-0.1587738959237379,0.27711390236264233,0.2938460241510792,0.1319341081861839,-1.126686961065624,-1.161022922633759,1.0106209118500675,1.541643876141093,-0.7824692175209609,-0.7325909347015453,-0.006222791096782,0.0170367947563514,0.011552425250513,SPY
2015-10-21,-0.6057076365801085,-0.11901386698882772,0.5137035969836189,0.1555926328780725,-1.1245834011817435,-1.1574514218526275,0.6645287997593636,1.169374191562337,-0.5152643936005374,-0.017314237511349907,0.0167524958049902,0.0345701223361833,0.0335166361389482,SPY
2015-10-22,1.4714039401289198,-0.5763713756694797,0.4518979868733378,0.22147974087279823,-1.1210918533858238,-1.15210070557296,1.2336505132021485,1.2107830356070448,0.28063377881988427,0.6979624596788455,0.01090213018528,0.017243237776646,0.0159014813465327,SPY
2015-10-23,0.9424938025261024,0.65188943092311,0.5179305913012814,0.23866634033875844,-1.115764019566246,-1.145754286572287,1.5379426635374605,1.113679215969361,-0.06814465093977193,1.413239156869041,-0.0024606516112308,0.0020220771746064,0.0086368587764544,SPY
2015-10-26,-0.2655863788111888,1.8183849544844968,0.7954537889891131,-0.13113729152446796,-1.1110396207361444,-1.1375333845589208,1.2333616345574738,1.158040661822965,-0.8982383349113093,-1.4478676318917407,-0.0019343885259059,0.0162440624004824,0.0099500337275175,SPY
2015-10-27,-0.21800885990592353,0.5096460653882318,0.6667530214445835,-0.11744054802851774,-1.1055651594588407,-1.129533265460431,0.9591810833035362,0.8998728239854379,-0.7890951537086656,-0.7325909347015453,0.0113105364830499,0.021073585681286,0.0132231900954735,SPY
2015-10-28,0.9794163207399359,-0.36473702625231486,0.6381890165453178,-0.19398190308512844,-1.0972371539185297,-1.1220353020484481,1.2529413724295029,0.9558311790846096,-0.15951668685119066,-0.017314237511349907,-0.000574388754547,0.0067255245869031,0.001769210287172,SPY
2015-10-29,-0.095056259510178,0.5733127902409701,1.4025600136551173,-0.1831663990909632,-1.0916506649541662,-1.1148057513882688,1.0555790337017774,0.9125774343678107,-0.6649583623618528,0.6979624596788455,-0.0043190304167595,0.0063009788200343,0.0034895328536004,SPY
2015-10-30,-0.433595603130238,0.6659516771126087,0.6471889657306883,-0.21496700643495112,-1.087633219380469,-1.1092082459107468,0.7426226409005078,0.6699778636049071,-0.21725921532071582,1.413239156869041,0.0117613336146451,0.0100964989093004,0.0036483338488366,SPY
2015-11-02,1.0201712390478934,-0.3986850311990446,-0.016382375965589564,-0.2907127564352002,-1.0815811480327688,-1.1040479862563695,1.111237419015596,1.205252591193343,-0.7071159919941642,-1.4478676318917407,0.0028951347548975,-0.0110399664494158,0.0013774827864789,SPY
2015-11-03,0.21861065912035396,0.4415853961243988,0.6036295971460143,-0.3151337817658814,-1.0747790610787114,-1.0983293010653417,1.0970072621190683,1.4955412454840187,-0.6119035108877605,-0.7325909347015453,-0.0030375246113329,-0.0116312590039466,-0.0117750720347498,SPY
2015-11-04,-0.31773935482954335,0.9329915310994696,0.8141742019225269,-0.31001201629935077,-1.0674424264042104,-1.0935889523255582,0.8584034530908173,1.0820737526034019,-0.5936547314912944,-0.017314237511349907,-0.0009989345214158,-0.0125333069167812,-0.0228391387843025,SPY
2015-11-05,-0.13343788803895937,-0.07505992736214605,0.18866591119047596,-0.3283708195170511,-1.0632266566937831,-1.089718759544851,0.7262849410658955,0.9273946200803025,-0.7690350942255284,0.6979624596788455,-0.0005235103274934,-0.0255921820112021,-0.0025251675778878,SPY
2015-11-06,-0.09045652718519769,-0.3403116213372634,0.17015770334101307,-0.3255864980985041,-1.0610454815301293,-1.085948146444607,0.6167801514886273,0.8848400223389805,-0.420974184693187,1.413239156869041,-0.0093751317440711,-0.0363607238010992,-0.0080789369055018,SPY
2015-11-09,-0.8906992138434837,-0.16906491252231046,0.33562460983512077,-0.2539979173995378,-1.0601143479906858,-1.0831082477989826,0.1650368529293312,0.4498491764602718,-0.20654385342210108,-1.4478676318917407,0.0023038422003667,-0.0118931175718799,-0.0054455149569729,SPY
2015-11-10,0.16515406397581006,-0.7396249988293571,-0.5858263257079164,-0.291155007381473,-1.0584245801294485,-1.0795107642557809,0.17698468521737834,0.8181062314494482,-0.8184563380043874,-0.7325909347015453,-0.0039395725241675,-0.0149266961831777,-0.0155594125598188,SPY
2015-11-11,-0.399290204248988,-0.5470346789699856,-0.611603912844895,-0.29753152847599973,-1.0594677569695667,-1.0758527222170355,-0.06740480852387751,0.11263693531566171,-0.9062367049825116,-0.017314237511349907,-0.0140578096158368,0.0047542961326429,-0.0090420194537248,SPY
2015-11-12,-1.31404297703686,-0.17678156109365292,-0.6509289787478049,-0.2724123730673155,-1.0629075768592524,-1.0747747825644205,-0.6601757351765002,-1.0064345694903276,-0.3028451009738701,0.6979624596788455,-0.0112920521173904,0.0179494467610545,-0.0145561377986647,SPY
2015-11-13,-1.0640009669869357,-1.291285580546477,-1.2202347954335462,-0.21000241828668237,-1.0675544072504253,-1.075090825153152,-1.1039238655936048,-1.2824661258183643,0.06282420854783563,1.413239156869041,0.0150924744851481,0.0328790064936468,0.0017758812398893,SPY
2015-11-16,1.3213274899078844,-1.792113256849711,-1.6896928026420732,-0.09622840267892128,-1.0716666899211544,-1.0741167695070037,-0.5220989510964628,-0.5981948439088279,-0.3106787609443115,-1.4478676318917407,-0.0007297364109311,0.0166390553483308,-0.0028737388190851,SPY
2015-11-17,-0.10910067239910436,0.19351198219646115,-0.6230197204696356,-0.09707510384372423,-1.0764341667148236,-1.0730950997045332,-0.574379382294834,-1.0782828451190503,-0.24921023072553816,-0.7325909347015453,0.0157414197916532,0.0187075596013119,0.0123822529386563,SPY
2015-11-18,1.379996259292817,0.9129835515596925,-0.7552695456879752,-0.02075930967518669,-1.0778394545121959,-1.070116702117457,-0.003778318146178535,-0.4545795912499697,-0.21428434817713016,-0.017314237511349907,-0.0008626589874252,0.0028226964844071,-0.0187148546738011,SPY
2015-11-19,-0.12111771591295879,0.9571876551935761,0.10272957923901854,-0.13534821463339727,-1.0792188393224136,-1.0686924249477336,-0.07120599026417905,-0.3396187453035528,-0.7944753269719416,0.6979624596788455,0.0036375076152017,0.0048312892837136,-0.0358277031547986,SPY
2015-11-20,0.2857258716077987,0.9481333893136489,0.6779763712087647,-0.18515009383947942,-1.0798482085262742,-1.067913192975299,0.05953906969691956,-0.6292944451607463,-0.6788857927004803,1.413239156869041,-0.0011474766601677,-0.0029664477530113,-0.0312497897765107,SPY
2015-11-23,-0.14686703899362671,0.1236531398073178,1.328835280178131,-0.18828118930237933,-1.0789948151755235,-1.0670171012959668,-0.007617803047201064,-0.7863395002595008,-1.2258719808036138,-1.4478676318917407,0.00133876784205,0.0076715114594438,-0.0210690977639878,SPY
2015-11-24,0.07790522435892447,0.10425225995431514,0.6208494404429313,-0.19130573467302775,-1.0783137180654288,-1.065826582741551,0.020065003089166884,-0.6247266706359176,-0.5201278022673519,-0.7325909347015453,-0.0001434433252516,-0.0039246764489373,-0.0101002322075531,SPY
2015-11-25,-0.056096060930447875,-0.05233062945275876,0.7110265418047815,-0.25584592199967754,-1.0769515550724689,-1.0656664053640321,0.010584436296175786,-0.5933049323550292,-1.4780874186574602,-0.017314237511349907,0.0011459338118813,-0.0178828244845714,-0.0116085595846371,SPY
2015-11-27,0.060471805653020544,0.01606094861030905,0.018520877700967886,-0.25555122836751903,-1.0728823972061525,-1.065350386296208,0.05022174085551605,-0.5275893010294913,-1.7045392543717357,1.413239156869041,-0.0041602294215232,0.000286278388546,-0.0150425782625394,SPY
2015-11-30,-0.41923898651829083,0.002925703824244433,0.10608612016866112,-0.2563302618996573,-1.0675803726920394,-1.0650213836876508,-0.1268014361466135,-0.3188201999920186,-0.1186601240158557,-1.4478676318917407,0.0094904825522874,-0.0016307718450381,-0.000266807391644,SPY
2015-12-01,0.8148719080418748,-0.2706850721454205,-0.23385870814889495,-0.28310790215825193,-1.0632180692055764,-1.0648958369257218,0.25821149889738393,-0.057932370610680045,-0.4077679127555047,-0.7325909347015453,-0.0102574200663312,-0.0178629641928678,-0.0168706226347055,SPY
2015-12-02,-0.9704636710185661,0.2977192195589384,0.22990651002856877,-0.23305622096631204,-1.060579992828482,-1.0659651052039103,-0.1367128455219762,-0.3073121369925943,-0.1760232581437054,-0.017314237511349907,-0.0141015913608857,-0.0154155995290157,-0.016666515329903,SPY
2015-12-03,-1.3180011243226106,-0.11760214024892585,-0.27563299317432777,-0.1433681338398711,-1.0632697502709658,-1.0680214126689795,-0.6603636047080748,-0.3107932112233364,1.0608550004147974,0.6979624596788455,0.0193150366849987,0.0012638124137964,-0.0166429460900099,SPY
2015-12-04,1.7030738796779767,-1.7246196650577803,-0.8841428999918057,0.04556460331125983,-1.0623472822878035,-1.0682508512776778,0.1277351769914195,0.6406679674279465,1.593680926169087,1.413239156869041,-0.0060772796551074,-0.0376231522319789,-0.0342683109882315,SPY
2015-12-07,-0.5925524798528765,0.2897626408785881,-0.09205507658912335,0.060511502501116025,-1.063174944401164,-1.0689824926146967,-0.10372056615452145,0.018302771456563362,-0.31807624901998627,-1.4478676318917407,-0.0067417097955422,-0.0265059056557079,-0.0408852669972326,SPY
2015-12-08,-0.6526211763837162,0.8363533977223182,-0.17562949176401518,0.04246650716413108,-1.065002549254926,-1.0694716882813777,-0.366188771914651,-0.2069393307436352,-0.2999650544211306,-0.7325909347015453,-0.0078100554024791,-0.0093213414339921,-0.0584278477197708,SPY
2015-12-09,-0.7492063915143138,-0.9385498340935805,-0.8832770842529933,0.06245393467953106,-1.0684596221890996,-1.0708656313212122,-0.6496679346254601,-1.0197654880369522,0.9269886483562969,-0.017314237511349907,0.0025778205819264,0.0130149693152974,-0.0616549096912946,SPY
2015-12-10,0.18992344642307601,-1.056581042491721,-0.7765834426791186,0.06207573373195251,-1.0714338753090633,-1.0716751347011164,-0.5278972073433971,-0.8893713821078123,-0.05200665548332839,0.6979624596788455,-0.0195719279607766,-0.0049185390874333,-0.0632433565826513,SPY
2015-12-11,-1.8125542295224437,-0.4217640825796843,-0.04943916958645683,0.13901921298749684,-1.0780549692389536,-1.072956577242174,-1.280310005949499,-1.5001562156669994,2.129761383045321,1.413239156869041,0.0050399669211635,-0.0033221185950793,-0.0356351019692802,SPY
2015-12-14,0.41251708308345897,-1.2229456741310092,-1.744728771946682,0.10006652044350806,-1.0830466263156624,-1.072800727711566,-1.0840626068524193,-1.2894060613827902,1.546544048685648,-1.4478676318917407,0.0104428544261736,-0.0001466645227532,-0.0659326467444172,SPY
2015-12-15,0.9009723625449483,-1.055232045801419,-1.2600688685753196,0.04802917457302108,-1.0879176213762596,-1.0730561647629397,-0.6614065438875227,-0.9888850487704008,0.8531642026800008,-0.7325909347015453,0.0145262553468104,-0.0015563035965717,-0.0600915615084431,SPY
2015-12-16,1.2701376905280677,0.9892800846993397,-0.5109023210821011,0.13589661377977666,-1.0883486820570054,-1.0719479223416457,-0.099165728745064,-0.5853033473012137,1.7978435249856215,-0.017314237511349907,-0.0153556878208043,-0.0037749255448975,-0.0963175895128181,SPY
2015-12-17,-1.43137939404101,1.6354560759034702,0.462856256201746,0.12668360786600436,-1.0889953355325839,-1.0736232851949241,-0.6820186768673812,-0.919841185471396,1.2070981094976072,0.6979624596788455,-0.0179755074684226,0.0099289915735711,-0.0796316611358101,SPY
2015-12-18,-1.6682276972732102,-0.1218590994387714,-0.3189607512692145,0.23936354450421493,-1.0962453927123468,-1.0768006539756705,-1.3269049622150764,-1.1393883423177478,2.7378447148124794,1.413239156869041,0.0082154209934897,0.0256164141759729,-0.0745541576532895,SPY
2015-12-21,0.699598260486637,-2.3357764779400307,-0.2493642917271723,0.26666644320527905,-1.1009695417246097,-1.0795884694926186,-0.9392550842203888,-1.1777254491703277,-0.44705191496536617,-1.4478676318917407,0.0090332153523551,0.0280165346318552,-0.077183469515961,SPY
2015-12-22,0.773532054542355,-0.7301870294178167,-0.11092936062303642,0.30778639019597054,-1.1028997592556342,-1.081475442106995,-0.5350693989447445,-0.8037529488606008,-0.17455810167628535,-0.7325909347015453,0.0123076333984846,0.0118699865887261,-0.0659085745730836,SPY
2015-12-23,1.0695602025118987,1.1095618224819401,-0.17238302476714246,0.3701077735315976,-1.1012564418987878,-1.0823862108323727,-0.015629036002316864,-0.2809937431856651,-0.1594698246117682,-0.017314237511349907,-0.0016517707023355,-0.0104909595712872,-0.0934483852069671,SPY
2015-12-24,-0.19245841713529996,1.388310400257249,-0.26910455484350787,0.3705010410139435,-1.1003649357140142,-1.0834320522870653,-0.05909527172455138,-0.7357687542453636,-1.444220706665974,0.6979624596788455,-0.0022880848660209,-0.0229172109899442,-0.0782457307240624,SPY
2015-12-28,-0.24998525114027245,0.6604829144066577,0.3283220742125109,0.37026086091275384,-1.0964411718298444,-1.0847865037238378,-0.12135615378172693,-0.6547993926017278,-1.040507602544065,-1.4478676318917407,0.010615541449372,-0.0189394543371461,-0.0869007121196689,SPY
2015-12-29,0.9165843641084697,-0.3337312917948596,1.0122202562366462,0.40904817514952757,-1.0914975110054037,-1.0848106048133381,0.31335270121407527,-0.25517023321482746,-0.4550315483250045,-0.7325909347015453,-0.0071133326907739,-0.0422492314506266,-0.0923205516101131,SPY
2015-12-30,-0.686218241837395,0.5018792476875157,1.1168542715251446,0.38962754244011927,-1.089665034703786,-1.0863363825376064,0.05685866812129518,-0.23991646277587467,-1.0614379005980026,-0.017314237511349907,-0.0100533127615287,-0.0594201892779331,-0.0611220799494809,SPY
2015-12-31,-0.9520110768242602,0.17319861348543897,0.41294036976216847,0.3882443455350748,-1.0922054010787035,-1.0878284704825698,-0.3179725635337712,-0.5209255545494512,0.05261690084255969,0.6979624596788455,-0.0140780221209926,-0.0604039938904072,-0.0514304484100103,SPY
2016-01-04,-1.3158703156304061,-1.2346984224801105,-0.5618921960942084,0.3880169758831598,-1.0944844579942985,-1.0892976020221796,-0.8509720656139206,-0.4027386009474321,2.226563053577502,-1.4478676318917407,0.0016896717867771,-0.0453365980788449,-0.0555387738000927,SPY
2016-01-05,0.10962916534915879,-1.7091110582833051,-1.1036185822561544,0.23033147250916602,-1.0933223522493247,-1.0923546378420763,-0.714553928155165,-0.47694240088063816,-0.05138991026374835,-0.7325909347015453,-0.0126942356641084,-0.0389899432130276,-0.0512515312426211,SPY
2016-01-06,-1.190767248078913,-0.9092160582871414,-0.9302070147647215,0.26936583758626076,-1.0957939874913585,-1.0959679666363775,-1.139562906598875,-0.9873865569861142,0.7822157425876108,-0.017314237511349907,-0.0242842905180804,-0.0515532854028926,-0.0369901449844256,SPY
2016-01-07,-2.238581676460261,-0.8149568975626421,-1.946404168072519,0.43878794768579504,-1.103989480281833,-1.10105254385193,-1.9798235424021802,-1.754104109850645,1.9429151776048499,0.6979624596788455,-0.0110371173740029,-0.0109850552226644,-0.0319396904993842,SPY
2016-01-08,-1.040953250148428,-2.584221132926193,-2.6949775404702314,0.45341365350919466,-1.1162177199886276,-1.1063677122006303,-2.2901819611675722,-1.6916780675681111,1.778254733021073,1.413239156869041,0.0009893736905697,-0.021647710506226,-0.0344552116421921,SPY
2016-01-11,0.04631777824880951,-2.471343471442017,-2.7378668157189896,0.44792648700724946,-1.1279863260993703,-1.1118295961276714,-2.132239129452179,-1.3984873668056057,1.3028328651199164,-1.4478676318917407,0.0080363266525944,-0.0213068436405921,-0.0353905039742876,SPY
2016-01-12,0.6834069967872051,-0.74978132947379,-2.080998899010488,0.38266199480075164,-1.1380029597070294,-1.1148891016428162,-1.75223104939713,-1.4144536611235865,0.9821558416303301,-0.7325909347015453,-0.0252575778539734,-0.0422411742790886,-0.0442899569751924,SPY
2016-01-13,-2.326573021312268,0.5494414061792865,-1.8043144598469414,0.5431282588127109,-1.1541077945673166,-1.1204936320312657,-2.604156743041017,-2.035726625019853,1.8168703363741698,-0.017314237511349907,0.0162839396621476,-0.011397487294297,-0.0321258918887057,SPY
2016-01-14,1.4290434946294812,-1.2384179935548592,-2.3520173618188895,0.6069379362850988,-1.166249191347919,-1.125670207354885,-1.8617639627327935,-1.9417538057813117,2.0531750263050554,0.6979624596788455,-0.0216997726575645,-0.0073733166612122,-0.0280022249301632,SPY
2016-01-15,-2.0049248785608302,-0.6766166575225585,-0.5834324532981651,0.5992907265140238,-1.1801771760158857,-1.133939711402673,-2.5160671647377195,-2.123966559907755,3.1369127038570186,1.413239156869041,0.0013302405562036,-0.0009057212390466,0.010434670312426,SPY
2016-01-19,0.0771343036637797,-0.4342702100874039,-1.0482743045568519,0.5705757291083684,-1.1914167147850219,-1.1407280098451942,-2.31453059646861,-2.0670617001442837,1.0261186349770637,-0.7325909347015453,-0.0128980039859021,0.0113149219853188,0.0253070379010829,SPY
2016-01-20,-1.2091891960604033,-1.4528689400003474,-1.03341410504367,0.531210863201627,-1.2050411551653044,-1.1469859118320542,-2.6696950504872516,-2.4897897302027348,2.32453504489187,-0.017314237511349907,0.0055861091308182,0.0132698597095934,0.034100630721781,SPY
2016-01-21,0.4618918008422924,-0.8533202713783381,-1.9460529131145343,0.5121142731997645,-1.215560921900186,-1.1535094824648877,-2.310271768988196,-2.277378983248729,0.9343425938212263,0.6979624596788455,0.0203081102952324,0.0128794525377031,0.0280463487567033,SPY
2016-01-22,1.7928540291559592,-0.563423952476502,-0.6014125607477342,0.6478890642137475,-1.2186222521505654,-1.1591620425456859,-1.390719908253323,-1.6481185836409615,0.5023883781601837,1.413239156869041,-0.0152321772353989,0.0166564812123288,0.0221132011508844,SPY
2016-01-25,-1.4202132541843677,1.698471622155125,-0.42597756101105033,0.603049667852756,-1.222334076825794,-1.16716626996262,-1.80394727244539,-1.6497692948868183,-0.08381528304408224,-1.4478676318917407,0.0135508837805691,0.0315269772256696,0.0246354915636786,SPY
2016-01-26,1.181957918040598,0.2803957399699778,-0.1440206797953004,0.7023017678863555,-1.2239905096191745,-1.1739075893133106,-1.114682402940239,-1.386966961889481,0.07696618847414634,-0.7325909347015453,-0.0109430662616274,-0.0002102540659745,0.0156497881291182,SPY
2016-01-27,-1.032450433397859,-0.17988517760139375,0.38874215168662046,0.7156693069491419,-1.2287864656464602,-1.1813456606554524,-1.3736185120903088,-1.3589954785246865,0.7313629474613935,-0.017314237511349907,0.0051957019589279,0.0167097265399016,0.0386321152610493,SPY
2016-01-28,0.4265965177047825,0.11227550848614515,0.47396828407863634,0.6737037706710234,-1.2285435958663602,-1.189310670879907,-0.9802919698975359,-0.9146407875628549,0.09162613150228482,0.6979624596788455,0.0240851389698582,0.0130811751750608,0.0311323429771155,SPY
2016-01-29,2.134321364000081,-0.4568530751117712,0.45694835914437204,0.9040464701585668,-1.2269912122028148,-1.1946278933878296,0.12001316018333984,-0.278323204657067,1.0694946107024144,1.413239156869041,-0.0003616812220581,-0.0302377998278364,-0.0008264537429711,SPY
2016-02-01,-0.07582615021601175,1.9291575773119294,0.621609126530983,0.8907805958118824,-1.2219265458627346,-1.199078566475768,0.2142353178673973,-0.30106928186558574,-0.06780714390225091,-1.4478676318917407,-0.018186347511075,-0.043428757122589,0.0227702601424555,SPY
2016-02-02,-1.6872889736481025,1.5506061961662512,1.269893133858221,0.9222765381673719,-1.2201053425910902,-1.2038079387922265,-0.4105820666827124,-0.7360529109952609,0.6180498920949468,-0.7325909347015453,0.0059769143442487,-0.0251883282530398,0.0454389634975269,SPY
2016-02-03,0.4972230694582295,-1.328793886445787,-0.11370156700180345,0.9380030140262624,-1.215205415502044,-1.2081889115920526,-0.06125976254401641,-0.20579441207697174,0.9297099874289366,-0.017314237511349907,0.001567150594087,-0.0320283689455989,0.0433738471504847,SPY
2016-02-04,0.09855247286575941,-0.8970287862168,0.6239303735357487,0.9109299564587443,-1.210947192372646,-1.211333115893753,0.08003096766351654,-0.47321323293279033,-0.07694124485662608,0.6979624596788455,-0.019233836033039,-0.0466890323071726,0.0450550142998,SPY
2016-02-05,-1.7819885760836842,0.44851708432020465,0.4657425217330004,0.8526835184253919,-1.2131760359026544,-1.213989551463805,-0.6344186913789461,-0.4244089620401455,0.540010836456033,1.413239156869041,-0.0135526385168107,-0.0070475896534434,0.065086897852554,SPY
2016-02-08,-1.2683723073955162,-1.2687595662611972,-1.4227619829582006,0.8682231558197171,-1.2151013351449789,-1.2168202063929296,-1.1072421981728922,-0.6963039322068195,0.6794255861853062,-1.4478676318917407,5.408135847417839e-05,0.0232421714483921,0.0676617945810491,SPY
2016-02-09,-0.03823857740884029,-2.298671822472789,-1.9978259652122468,0.8669948249373138,-1.2192380843502895,-1.2197292251442908,-1.0350806521554665,-0.46230467405829406,0.5485966455539726,-0.7325909347015453,-0.0008631263483103,0.0393906982347784,0.0725347635259145,SPY
2016-02-10,-0.12115996829958155,-0.984839838930215,-1.2026286622903921,0.838058885298721,-1.2217183539213745,-1.2233829471764277,-0.9811773691739633,-0.5934839313706685,-0.02386647346618356,-0.017314237511349907,-0.0130935127674867,0.0361494134178848,0.0742004092738675,SPY
2016-02-11,-1.2268644292496058,-0.12047036844170322,-1.500822413626961,0.7114330464350229,-1.2271386203412864,-1.225982752242426,-1.4369936145733242,-1.3159346944535668,1.0535547652495725,0.6979624596788455,0.0204076066206901,0.048774753351112,0.103302077196802,SPY
2016-02-12,1.80184912768647,-1.0160429343489152,-2.1399586997057862,0.7616344896500515,-1.2332873399653492,-1.2282907804555432,-0.5688683170554107,-0.5510043289240549,-0.36109351369490184,1.413239156869041,0.0167371225850248,0.0427421094198354,0.0816113000648277,SPY
2016-02-16,1.4700141035929086,0.43285218070184495,-0.41177738842086725,0.7135147045049176,-1.2366435333335166,-1.2274328788890791,0.08881504622041264,-0.48467215949941256,-0.4749305201072973,-0.7325909347015453,0.0162026081448605,0.0132951000122059,0.0632428275878034,SPY
2016-02-17,1.4216906099046633,2.4648207971150464,0.9087143887509362,0.7849200874804417,-1.2342846283912143,-1.2253338574566712,0.7036895276184686,0.05814886999001448,-0.23552628456647567,-0.017314237511349907,-0.0041044111652039,0.0016576722133541,0.0528114751354156,SPY
2016-02-18,-0.41419266231401786,2.1783895885946514,1.6127145544560901,0.7315821161891624,-1.2335995185820847,-1.2225293577762697,0.46327475054036166,-0.12511810070349463,-0.7635466372875349,0.6979624596788455,-0.0004681728342594,0.0178013442488618,0.0632398019686864,SPY
2016-02-19,-0.08545366701140229,0.7587301680715821,1.4714097110870732,0.7278376593943081,-1.2332525840585344,-1.2202168997923108,0.3861142206080881,-0.6535549363686931,-0.5783281306550968,1.413239156869041,0.0143749626894136,0.0159654467581153,0.0676297917395549,SPY
2016-02-22,1.2564598752523106,-0.3768307531213962,2.0218154244162236,0.6682612923539456,-1.2273293250339345,-1.2183617666458786,0.9355175033353959,-0.3121680832779016,-0.7730905850884274,-1.4478676318917407,-0.0127098868226047,-0.0062831736815267,0.0546727559139652,SPY
2016-02-23,-1.1921822120199754,0.8819257996580956,1.758820391900982,0.6439585913110646,-1.2213452978200614,-1.2163236957241332,0.3575701903996455,-0.18697500660979258,-0.6547809388721221,-0.7325909347015453,0.0045651803460087,0.0296617458044465,0.0668447310455455,SPY
2016-02-24,0.3695933670081661,0.04805892617462891,0.4750686431056052,0.597139174463282,-1.214606805119578,-1.2150172426184997,0.5132448935610848,-0.21511237772816202,-0.058146355557365255,-0.017314237511349907,0.0120392608703037,0.0295789213024342,0.0556586313982396,SPY
2016-02-25,1.0452976247456895,-0.620152448477326,-0.03226872624998029,0.5849355628225731,-1.2057001746239004,-1.21179027608493,0.932242616595426,-0.008308665742894154,-0.7577541390535356,0.6979624596788455,-0.0023040703250059,0.021451458429337,0.0431762722783295,SPY
2016-02-26,-0.2514304379646507,1.0656812858930382,0.6715197950452406,0.5864078544069563,-1.1950937367125911,-1.2091860647689971,0.7708672607171203,0.4418222317988039,-0.44181068521800904,1.413239156869041,-0.0078736577502285,0.0270038464977453,0.0460708910163978,SPY
2016-02-29,-0.7549564469273743,0.5977696367835655,0.5914832595271645,0.4256645307976308,-1.1890838065115634,-1.2092557572168072,0.44654933701553157,0.6071875944464624,-0.5200009292867906,-1.4478676318917407,0.0232350326633685,0.0356755517676887,0.0631523658996817,SPY
2016-03-01,2.0574663650530645,-0.758635455497008,-0.37845243079372953,0.600887452046115,-1.1818596523189548,-1.2073134791094782,1.3668507581592424,0.930750317008285,-0.2604197054190824,-0.7325909347015453,0.0044823558439963,0.0014627773160045,0.0442952639779159,SPY
2016-03-02,0.3621055070001221,0.9810075373684554,1.1885777763033432,0.4700473464254517,-1.1765521005851594,-1.2034638044000858,1.4583925634712818,1.0070865797962731,-0.9100516402860883,-0.017314237511349907,0.0039117979972065,0.0019074717753477,0.0373829554093223,SPY
2016-03-03,0.31052346087307864,1.8226601388215473,1.1849670157731467,0.46612178326810827,-1.1698829635621566,-1.1997709043769818,1.530176701084659,1.4485028985772586,-0.9984945906576301,0.6979624596788455,0.0032483177434023,-0.0012018068222161,0.0402597849906838,SPY
2016-03-04,0.250540640114995,0.5064224541312988,0.8306476846595175,0.46635312897049735,-1.1625721381931202,-1.1959255967160125,1.5703047966280745,1.2969658605199306,-0.43240626817262023,1.413239156869041,0.0007980475197149,0.0115580305898292,0.0337684728311744,SPY
2016-03-07,0.02902067958323156,0.42236367823754123,1.0727058099563758,0.29095897432327866,-1.1575334216810387,-1.1904210929052614,1.4650799327735784,1.1103852974565376,-0.9250008748298916,-1.4478676318917407,-0.0109777417883156,0.0094768125588302,0.022932451725067,SPY
2016-03-08,-1.0355853208193078,0.21026483505712382,1.4507515616055606,0.2598853347126396,-1.1522605633995984,-1.1847685014632539,0.8633137116854507,0.38718019687803684,-0.5090812935866482,-0.7325909347015453,0.0049270503033396,0.0188232044551464,0.0447719634532219,SPY
2016-03-09,0.4023087050515502,-0.7587693863760158,-0.04076523133952668,0.2560191834668359,-1.1469010183281154,-1.178693529411404,0.9186326531158976,0.642130947634519,-0.991180907995477,-0.017314237511349907,0.0008025193996425,0.0196674098442795,0.0278069339899111,SPY
2016-03-10,0.029424965876020108,-0.4775147642647984,-0.021378634827843645,0.25118842299527055,-1.1434320478193718,-1.1724791803042363,0.7991905109658398,0.6754355552156941,0.06920720496361851,0.6979624596788455,0.0160081551554478,0.0251888061127036,0.0296976194320466,SPY
2016-03-11,1.4041108270204878,0.3249194026315581,-0.1569286250445203,0.18169191228478576,-1.1367802887497762,-1.16381305888021,1.2556897506548639,0.7160438357453022,-0.23941464191680806,1.413239156869041,-0.0012831705112841,0.0131024678938649,0.0113394085211862,SPY
2016-03-14,-0.1591346233005006,1.0797292492402126,0.39934054868738916,0.09160603099764257,-1.1290270984427908,-1.156901973462196,1.0322116040185068,1.2047664751196252,-1.288611493003831,-1.4478676318917407,-0.0016313498919995,0.0158035652689729,0.0218924313102473,SPY
2016-03-15,-0.19061224643301317,0.9376586432175392,0.3086091861257566,0.027852080650421128,-1.1255061658235894,-1.1515063792917344,0.8328163460743391,1.0524420500724176,-0.9292884292326099,-0.7325909347015453,0.0057712556924727,0.016897003469948,0.033574118795383,SPY
2016-03-16,0.4786302236635009,-0.26388870037457424,0.7160681160201502,-0.05020088199197799,-1.1217422697425983,-1.1469511949731386,0.963034560982578,0.9455140262892285,-0.31502961968832394,-0.017314237511349907,0.0063239156680667,0.0045048284761781,0.0278507401683922,SPY
2016-03-17,0.5285941887794917,0.21663652087686314,0.7528715186896691,-0.06807351549038888,-1.1175360711781182,-1.1414901970002658,1.095135020539012,1.176061961469139,-0.2062122727132186,0.6979624596788455,0.003921816936609,-0.002262185441495,0.0204206753005422,SPY
2016-03-18,0.3114292365053156,0.7585240724581862,0.9935785466008034,-0.074617840984805,-1.1131962356835268,-1.1356398731323636,1.1178154865316958,1.6549518988781147,-0.1482982914754968,1.413239156869041,0.0014179268638239,-0.0055934539650417,0.0235010427520592,SPY
2016-03-21,0.08506170171785776,0.632546148572736,0.46667078458723404,-0.1366247307894749,-1.1087423739591658,-1.1308732201781124,1.062178847091354,1.3380266380135348,-1.252804931790673,-1.4478676318917407,-0.0005379116910244,0.0021964363041897,0.0252323129344462,SPY
2016-03-22,-0.09175850173892254,0.29836569398658835,0.5844259844773487,-0.2614087637681025,-1.10248520216586,-1.1250834704863586,0.900758928292069,1.2015748304280518,-0.8269698719065534,-0.7325909347015453,-0.0066209193012971,0.0071122787368169,0.0267227632365809,SPY
2016-03-23,-0.6417009500106758,-0.005416927536021753,0.6320947709157354,-0.21139995791561317,-1.0982546151348729,-1.1202678313228691,0.5114792163956015,0.6221959218582778,-1.1337504532174367,-0.017314237511349907,-0.0004430982496064,0.0113032453135168,0.0279507556155111,SPY
2016-03-24,-0.08318676561049317,-0.552997725821776,0.09185395734406322,-0.25670567556093304,-1.0942413227827448,-1.1165106486605936,0.40464804299073204,0.4866282691523452,-1.0908551610514692,0.6979624596788455,0.0005905484130623,0.0185349711416913,0.0283938538651176,SPY
2016-03-28,0.010261445000979107,-0.5465393337996467,-0.2031561684952254,-0.2666774878909242,-1.0929159454665394,-1.1125049676145458,0.33496737658021397,0.47978449201016204,-1.4458432712911138,-1.4478676318917407,0.0092078171330554,0.0147014283125219,0.02607883341543,SPY
2016-03-29,0.7893171623217329,-0.05531694109182126,-0.3483838801996966,-0.30682567061267746,-1.0897262088470476,-1.1070100289726923,0.5860332929664449,1.5415162028166982,-0.9410812330048868,-0.7325909347015453,0.0043779307416027,-0.0045443624069259,0.0183559798434203,SPY
2016-03-30,0.35266481579099324,0.6020729182085488,-0.008781134208828777,-0.5820214418318088,-1.0854656905162565,-1.103102610436309,0.675649756427613,1.534648218435285,-1.0384092444021416,-0.017314237511349907,-0.0024299527245972,0.0019394767913105,0.016034118837501,SPY
2016-03-31,-0.2628110048586742,0.8600574344285201,0.20552658146883268,-0.5714582734432041,-1.0826558487614133,-1.0998016392886227,0.49778439146514847,1.3147785885161645,-0.8676311891736269,0.6979624596788455,0.006788627578568,-0.0076685496440633,0.0093469629524145,SPY
2016-04-01,0.5706070913066138,0.06732932668479137,0.38823310346245526,-0.556905368457275,-1.0797443779870477,-1.096227535527103,0.6952828167152076,1.0873742039810055,-0.5230656093314784,1.413239156869041,-0.0032429944161069,-0.0117639723808533,-0.0028551439843251,SPY
2016-04-04,-0.33631512765818644,0.2315383774983017,0.70350249296869,-0.5394106439610828,-1.0781142697484247,-1.0932297567125557,0.49109960453694407,0.9135383108077261,-1.3587235178117543,-1.4478676318917407,-0.0100379735863924,-0.0108710337201589,0.0083049944537849,SPY
2016-04-05,-0.9506243181566104,0.1761565466569374,0.5363779730249734,-0.4492107860709595,-1.0785326834010842,-1.091203375681651,0.032073472054206686,0.3059453271549626,-0.7139324029654402,-0.7325909347015453,0.0108617699398392,0.0084367921440104,0.0096013207858733,SPY
2016-04-06,0.9388449804938763,-0.9700183532089731,-0.30264839977333163,-0.500913673662851,-1.0769112563323573,-1.0872471747838917,0.3863737210588379,0.48740000065204486,-0.820726397514846,-0.017314237511349907,-0.0120379791599711,0.0076253597973074,-0.0068540513471591,SPY
2016-04-07,-1.1314375000822063,-0.009246375860757881,-0.019983365969002475,-0.38171452701620334,-1.0762662266727308,-1.0847989070821946,-0.16232506786430426,-0.36261360587525365,-0.41868724349209363,0.6979624596788455,0.002693204841778,0.0197112160227606,0.004988641687218,SPY
2016-04-08,0.20035491493671945,-0.14548043558289006,-0.438848336877987,-0.38098889328506874,-1.0750632600975079,-1.0821795875035853,-0.11245709445173403,-0.4138718153798057,-0.7233211090317992,1.413239156869041,-0.0023500557554125,0.0159118619811993,0.0059480868069483,SPY
2016-04-11,-0.25558781237594164,-0.7018972776730854,-0.6173895947569051,-0.5217434627515771,-1.0743833340085323,-1.0811726339486722,-0.23083150154243615,-0.5740574090607721,-0.8922605717266693,-1.4478676318917407,0.0092698522777769,0.0252641021247379,0.0091238863182061,SPY
2016-04-12,0.7949255326465409,-0.0419865488652108,-0.5784616496007348,-0.47552646702820217,-1.0736859831253045,-1.079220751470934,0.10235536719358508,-0.18719640623906378,-0.308593904827554,-0.7325909347015453,0.0100503375931362,0.0191434468931719,0.0122115617357918,SPY
2016-04-13,0.8654863526665576,0.40599389249133633,0.26326916507893716,-0.4318604342100108,-1.071959976063835,-1.0762146462552649,0.44625936072363326,0.4107129872430121,-0.677427562702519,-0.017314237511349907,4.787706548192716e-05,0.0100456479111459,-0.0072376552070352,SPY
2016-04-14,-0.03879948482447328,1.2506695025704482,0.2278945136265821,-0.4421066921359878,-1.0697894181583276,-1.0737137622843302,0.39077417653337965,0.43247794914409393,-1.288885864717761,0.6979624596788455,-0.0011061491997832,0.004604843923297,-0.0069949174762191,SPY
2016-04-15,-0.1431307745992958,0.6224976922390112,0.7547812629850807,-0.455838649441886,-1.069039683597039,-1.0718753054610493,0.30314171595071493,0.36497627026192736,-1.1177530278385612,1.413239156869041,0.007002184388126,0.0057109931230803,-0.0146413630925055,SPY
2016-04-18,0.5899139806314104,-0.1374469339733163,0.5891472141202275,-0.43815331677955693,-1.0664332091765454,-1.0697479256549518,0.54304088610175,0.3086788254611793,-0.9326655233071982,-1.4478676318917407,0.0031491970462109,-0.0030156633016709,-0.0118266934111126,SPY
2016-04-19,0.24157950076087245,0.3362585054690125,0.996861100213915,-0.4357504054510086,-1.0614556980349554,-1.0674585965629988,0.6207486234773111,0.27523992597794417,-0.7657605003159719,-0.7325909347015453,0.0009525386111102,-0.0046798967868362,-0.0243535441268631,SPY
2016-04-20,0.042987653567388345,0.6261192449957677,0.7300291870465075,-0.43786992691885634,-1.0582477090996203,-1.0650335283160293,0.6044896944532698,0.4195498180544375,-0.9134367649669529,-0.017314237511349907,-0.0053929269223669,-0.0035763656622629,-0.0250131273682976,SPY
2016-04-21,-0.530682654687903,0.21403649134171165,0.33340774438351684,-0.44974612634012767,-1.0538716344047971,-1.0625122046768034,0.32430766179382364,-0.04832947269416619,-0.7772431489447343,0.6979624596788455,0.0,-0.0073005473495797,-0.0230909926261091,SPY
2016-04-22,-0.04312787503768522,-0.3678260005746643,0.09621416259846072,-0.45069940423991783,-1.0499750225969755,-1.0599514756778416,0.2660955316837205,0.10184287030271638,-0.4278537983754379,1.413239156869041,-0.0017244720366251,-0.0127140267077514,-0.0167935860547343,SPY
2016-04-25,-0.19903107861024646,-0.43270992077366166,0.14443708907609823,-0.4448206052355703,-1.045973830796411,-1.057600874622829,0.1421361091281055,0.5485133732473311,-1.1974606614147116,-1.4478676318917407,0.0014849635610456,-0.0030724106491231,-0.0164324120877736,SPY
2016-04-26,0.09112224409362198,-0.18282636615042988,-0.23600427565916698,-0.4886936912300815,-1.0433586908196362,-1.0559375231127885,0.1653653198269753,0.2100933135462408,-0.951239323505497,-0.7325909347015453,0.0020560697356835,-0.0132990214644728,-0.0050385803463299,SPY
2016-04-27,0.1427538625339945,-0.08167534080668681,-0.30855706420927476,-0.496225633971597,-1.0421818926630215,-1.0544798932967627,0.21670900133502743,1.2550531420859126,-0.8841356930016011,-0.017314237511349907,-0.0091171086096837,-0.0209486933933495,-0.0003343255454009,SPY
2016-04-28,-0.8673722868812146,0.17584321833870067,-0.2604482735538116,-0.4387099839994487,-1.0426700367199195,-1.053635077194962,-0.17448343292422197,0.374346840763853,-0.35436497439629994,0.6979624596788455,-0.0054134793581717,-0.0120268709092599,0.0090693668831747,SPY
2016-04-29,-0.5325407251669457,-0.5463364357415122,-0.4228051597062627,-0.4471092464045608,-1.0439340369158694,-1.0538933132342838,-0.38807990155761196,0.16329974872824224,0.9073140552362966,1.413239156869041,0.0079171440220031,-0.0029607415895798,0.0187729697022724,SPY
2016-05-02,0.672632131480747,-1.0551385164921516,-0.6588075155624744,-0.4152821245924989,-1.0450411202818606,-1.0531404011569216,-0.08373185496318698,0.1075518665171631,-1.2701602964112881,-1.4478676318917407,-0.008741647254304,-0.0100521418557377,0.008951622607574,SPY
2016-05-03,-0.8334282002980833,0.10518094511554167,-0.2384781943353496,-0.4316864969330296,-1.0483013992135668,-1.052278101180825,-0.4572880627151082,-0.9415459550309021,-0.02311658383009111,-0.7325909347015453,-0.0055936021931932,0.0110470330939289,0.0197401633945268,SPY
2016-05-04,-0.5488249712550304,-0.12152333507087466,-0.6843105481992164,-0.48792173854461546,-1.0527384919155023,-1.0528952897837756,-0.6686998268224227,-1.182957104083743,-0.4062542444958634,-0.017314237511349907,-0.000195286125594,0.0072417559374313,0.0283727902887163,SPY
2016-05-05,-0.06078297871391667,-1.0418326737484827,-1.0178004310075537,-0.5918326841495151,-1.05622543369502,-1.0524488159247358,-0.686398289565872,-1.1467015915844772,-1.1484443522939407,0.6979624596788455,0.0036526499615083,0.0077276568593234,0.0255763267483608,SPY
2016-05-06,0.28709483570154204,-0.45968155987318426,-0.6288507397895231,-0.5875864486110293,-1.059058539736096,-1.051914781568773,-0.5514324291389381,-1.3801970305557898,-0.43487157669078613,1.413239156869041,0.0008257437558452,-0.0046775879182545,0.0269995755778378,SPY
2016-05-09,0.03152459489638813,0.17014391906066592,-0.23360994613769384,-0.5931114324800242,-1.061429638911652,-1.051096238320231,-0.5363192621617906,-1.5589258722241146,-0.9881643367751619,-1.4478676318917407,0.0123575276953626,0.0043135223954191,0.0277338230707284,SPY
2016-05-10,1.0740709632305845,0.2396932481643745,-0.5427617980989163,-0.5457396316840558,-1.0618393089399554,-1.049988772088872,-0.060459282576591486,-0.8185451274367597,-0.8414036473180628,-0.7325909347015453,-0.0093988793496908,-0.0174216589694831,0.0186308659078804,SPY
2016-05-11,-0.8928461479280366,0.8326420122749928,0.3770634501911967,-0.5514542629435697,-1.0643236848917652,-1.050645366051559,-0.4270224151377401,-0.9742922953992641,-0.6559575780730096,-0.017314237511349907,0.0002906147962979,-0.0077298242501164,0.0266630953238173,SPY
2016-05-12,-0.0168544552395306,0.1361729957894468,0.21117118124522974,-0.5512677525948589,-1.0650994785763572,-1.0512800463691077,-0.4011860655847141,-0.9590881569946478,-0.33366490042635644,0.6979624596788455,-0.0087525948160696,-0.0114912312265929,0.0168496266222311,SPY
2016-05-13,-0.8344179292784997,-0.685786979857755,0.23235418660871,-0.5034000984229422,-1.0664680899922794,-1.052601999752536,-0.724114333505298,-1.1935439462833695,-0.06248186640026805,1.413239156869041,0.0098168540695189,0.0035587701608514,0.0178608593694624,SPY
2016-05-16,0.8443779620749736,-0.6417641196647704,-0.30845640834848886,-0.46849364503860136,-1.0675054741812622,-1.0536788339225165,-0.3047250387667837,-0.8172478149811797,-0.7735666736431601,-1.4478676318917407,-0.0093776536695395,-0.0076213819783319,0.0060751366211331,SPY
2016-05-17,-0.8909272118923615,0.007133197032779304,0.08351390785618805,-0.43196194933248044,-1.0686474383629874,-1.0558893993368115,-0.633813026270305,-1.171158160476604,0.6666437359004828,-0.7325909347015453,0.0002929553696757,0.0146350669936969,0.0140575896949153,SPY
2016-05-18,-0.01664285256923749,-0.035443836900737845,-0.864038242561794,-0.43355140864924785,-1.0687346404023226,-1.058161252394771,-0.5716366930855982,-0.8968757696555059,0.8555938121682666,-0.017314237511349907,-0.0034707921801784,0.0211024361606337,0.0167447125826099,SPY
2016-05-19,-0.3569094895446901,-0.6841817211359247,-0.4415196228340079,-0.4416439607200467,-1.0694058384805574,-1.0602492425217371,-0.664749648332375,-0.8324339626554323,0.7266211064687417,0.6979624596788455,0.0062974065713747,0.0248598121597041,0.0164842071186104,SPY
2016-05-20,0.5261975983968573,-0.28182498196338185,-0.6054993573170536,-0.40801702692619063,-1.0696063641369908,-1.061772566231362,-0.3771437331909589,-0.9069063870873953,0.3144279841498657,1.413239156869041,-0.0013632980696645,0.0228525290492553,0.0166065446143095,SPY
2016-05-23,-0.16637866250823385,0.1271792600334111,0.05061024393497285,-0.40834366656276166,-1.0701990725730164,-1.0632608281087668,-0.3989474567764662,-0.6368503095657866,-1.4796685171894624,-1.4478676318917407,0.0128787953024893,0.0223116240462246,0.0208043680694451,SPY
2016-05-24,1.1211968592402994,0.27073509923143074,-0.4367920474758587,-0.3020779151724122,-1.070704719492241,-1.0637204501548891,0.13518722437387082,0.10101908926890975,-0.07513202657114926,-0.7325909347015453,0.0067603245366125,0.011479722276384,0.0062929200414822,SPY
2016-05-25,0.5680483169003052,0.7190385026289201,0.5334849302064422,-0.27767389415057236,-1.068281345933929,-1.063751082216268,0.4135766922541097,0.3116924979970414,-0.7351958104926362,-0.017314237511349907,0.0002865838188919,0.0077584224407676,0.0124711005794964,SPY
2016-05-26,-0.017218881149476877,1.272394004195538,0.8154319477534703,-0.32798273137115797,-1.0658580036028464,-1.0629237735096706,0.40650610757742495,0.21714141469467707,-1.5491133458461435,0.6979624596788455,0.004290123460926,0.0044800889559262,-0.0243850392617384,SPY
2016-05-27,0.34472648100576614,0.41465234889573493,0.979235950493343,-0.3424724733833095,-1.0610809556632304,-1.0612122433415365,0.5444976573399634,0.31694880284656396,-1.1498952238417863,1.413239156869041,-0.0019042030726952,0.0052658642859855,-0.0467475389955378,SPY
2016-05-31,-0.21527990358950347,0.24639005737191358,0.8917278043283058,-0.36995025660276315,-1.0584134320083947,-1.0603936765720872,0.4471625595139882,-0.1639140316805145,0.6975070296292875,-0.7325909347015453,0.0020468935326487,0.0087300586074166,-0.0269679797025919,SPY
2016-06-01,0.14192427561151974,0.09716057712956169,0.8681468785385065,-0.4250050559498144,-1.0536886428379202,-1.058594578066728,0.49060918226145633,0.3882534930261123,-0.8961470787229459,-0.017314237511349907,0.0030390247009961,0.0099377356072825,-0.0121304854635351,SPY
2016-06-02,0.23161922236882362,-0.05564115705390249,0.3959266728353834,-0.45295555567722995,-1.0484582848162953,-1.056011966783838,0.5572931585076863,0.47758464795716293,-1.13576279607827,0.6979624596788455,-0.0029917496659495,0.0055320609725324,-0.0016161308898929,SPY
2016-06-03,-0.3136010095986183,0.2810758984571985,0.2336954219251719,-0.4421250915844405,-1.0431582588448922,-1.0536876229014789,0.3809434233924264,0.8255627521001973,0.4221097202150366,1.413239156869041,0.0050758987909853,-0.0009990432668063,0.0034738306621751,SPY
2016-06-06,0.4157655518881687,-0.062140554289038336,0.09077543008351545,-0.43645659567013234,-1.0380499368374918,-1.0512231963365875,0.5344034184493985,0.6876867982095907,-1.0692462112731402,-1.4478676318917407,0.0015599912487358,-0.0138163041266299,-0.0088212913577097,SPY
2016-06-07,0.097905222662782,0.07660487226771458,0.12503155572806166,-0.43662439809085646,-1.0324099400147932,-1.0486887245102792,0.5412979403987617,1.4928120661734747,-1.2171437677466388,-0.7325909347015453,0.0032545705325146,-0.0173451640541761,-0.0044017775675699,SPY
2016-06-08,0.2511059318872983,0.38665508002857485,0.27605420990468443,-0.518660579728001,-1.0284871441747485,-1.0469728194534198,0.6370132255405065,1.5554152152479699,-0.9765467572976183,-0.017314237511349907,-0.0013666499337539,-0.0219949351824482,-0.0082765288871415,SPY
2016-06-09,-0.16668169226944698,0.26259195439731375,0.3287032731455892,-0.5957240426538599,-1.0260463302085696,-1.0445302908530614,0.5250198138345291,1.7475346714027347,-0.6251251585121033,0.6979624596788455,-0.0095228539052882,-0.0176482069913239,0.0078707484283349,SPY
2016-06-10,-0.9040542336311516,0.0632384051333682,0.13663648501468653,-0.5135222852969313,-1.025409981718839,-1.0429938816787732,0.09888948184951533,0.754256083586326,1.1615984617111395,1.413239156869041,-0.0077413620688382,-0.0118566507302135,0.0209146689669346,SPY
2016-06-13,-0.7429960787048034,-0.8071193713402222,-0.14808908330206214,-0.5265707059365659,-1.026970343939609,-1.041378638264105,-0.25238881769458044,0.3190150283206162,1.383452206835894,-1.4478676318917407,-0.0019688686788104,0.0023044554056985,0.0358929101166278,SPY
2016-06-14,-0.22112608429884767,-1.2413446181071954,-0.7068616505190891,-0.5841758185465239,-1.02853946539835,-1.0408270808323343,-0.3443574302788789,-0.3910991334530262,1.771813319595556,-0.7325909347015453,-0.0013952005957573,0.0071078494699801,0.0377221712697686,SPY
2016-06-15,-0.16926285309775396,-0.726791014817624,-0.86070342237887,-0.6585824524881482,-1.03073623856331,-1.0395576496345154,-0.4287981616542364,-0.9206056183734594,0.9903317068995351,-0.017314237511349907,0.0029800782573703,0.0068703973402639,0.0446852894316274,SPY
2016-06-16,0.22629009020240307,-0.29451054892720196,-1.0634116748464701,-0.654739862170645,-1.0329504052952925,-1.0380430835426433,-0.3417965576476316,-0.7278109661410016,2.6404331351566936,0.6979624596788455,-0.0037312976441779,0.0168288241575202,0.0403627202331913,SPY
2016-06-17,-0.38046083483942855,0.0425960778603031,-0.8739146756894619,-0.6528410947141507,-1.0352918386024978,-1.0365574403262319,-0.5251657468580787,-1.2362335740518686,1.1879111723495075,1.413239156869041,0.0064197440670739,-0.0160094342206447,0.0467776115800866,SPY
2016-06-20,0.5372576835078205,-0.11653147109034692,-0.6214299368989429,-0.6517301932564188,-1.037400597820147,-1.035051224156389,-0.2990541255343598,-0.6899483016748768,-0.2812908314936087,-1.4478676318917407,0.0028345253854711,-0.040501554560592,0.0393408144471472,SPY
2016-06-21,0.21313118792024027,0.11776769463890646,-0.004072007093553733,-0.65310636037784,-1.039280008648218,-1.033162863808492,-0.22586114300105137,-0.6419766730082056,-0.7378574038377828,-0.7325909347015453,-0.0016326527254735,-0.0254607237258124,0.0406604890244119,SPY
2016-06-22,-0.19073003083774942,0.56501081163965,0.2053334861711435,-0.7809137540523434,-1.042058904218287,-1.032588459735601,-0.30472516877983946,-0.9216898044398664,0.2593529874650986,-0.017314237511349907,0.0129385050746266,-0.0069436832286333,0.0385089438993109,SPY
2016-06-23,1.1265950011429138,0.016506987433134095,0.1949816849896157,-0.6761290969846928,-1.042210325055793,-1.031438851878977,0.19699637575861226,-0.057463877720581744,0.5562098876026483,0.6979624596788455,-0.0365695560223429,-0.0063288090286217,0.0300454243208179,SPY
2016-06-24,-3.3492475545816522,0.7047581556239534,0.6291224720873805,0.08008967189015177,-1.0472427805082911,-1.033646336054439,-1.227716960922948,-1.5431779487197683,5.821882731918264,1.413239156869041,-0.0180723762728733,0.0323389588798397,0.0638953498741932,SPY
2016-06-27,-1.6769852512487817,-1.6750332975247137,-0.8024718550921147,0.1767189409832068,-1.054052689883424,-1.0378494280739836,-1.8472995098045744,-1.917092694947862,2.9859825231506814,-1.4478676318917407,0.0178753562202507,0.0431921119238136,0.0824291846288032,SPY
2016-06-28,1.5729176395023974,-3.7873965415790694,-1.8702136377251526,0.3292112841012606,-1.057350675695165,-1.040293422810886,-1.091701045728406,-1.4022843737935493,1.359724261820056,-0.7325909347015453,0.0168843877717055,0.0312962607424385,0.0634922870457073,SPY
2016-06-29,1.4833278099857155,-0.07878116369684386,-1.2145038296357444,0.44211375158840416,-1.057363947267848,-1.0414031862508406,-0.39099216916955293,-0.8984198660405093,0.8604167769094331,-0.017314237511349907,0.0135533792746382,0.013791692183676,0.0477615917046536,SPY
2016-06-30,1.1821835265234297,2.3023631408265026,-0.407247554755433,0.5053229887805746,-1.055446673423593,-1.0415522696004988,0.16379144835021234,-0.3877725018349809,1.4046211765228986,0.6979624596788455,0.0020982118861185,0.0150189402907603,0.0358214936907952,SPY
2016-07-01,0.14656378007322662,2.0079637285925154,-0.38044191827713114,0.5036032619317756,-1.0524673614923947,-1.0412319618872756,0.24264398970039364,-0.16500451664471671,0.15903569848340374,1.413239156869041,-0.0072192232288994,0.0164417950379531,0.0328940507908841,SPY
2016-07-05,-0.695791417726113,1.0007761510825741,1.3052917325444617,0.5114911746034483,-1.051976672416265,-1.0420444681029888,-0.03448184316791831,-0.28932207042980795,0.23316445420525508,-0.7325909347015453,0.0059795050388755,0.0308978973477076,0.033685384038363,SPY
2016-07-06,0.49745728467495565,-0.4141878907363013,1.778438394308202,0.5238230069067461,-1.0509077174979111,-1.042451434678362,0.21915879321809642,-0.13968457437178589,-0.06315979660408412,-0.017314237511349907,-0.0006201807870569,0.0247787847831624,0.0306242654852209,SPY
2016-07-07,-0.09919614952565427,-0.1498064659257271,1.2598349753293243,0.5195227006721557,-1.049654709286866,-1.0432176517488543,0.21092949458013338,-0.21097921642499148,-0.2737978905975436,0.6979624596788455,0.0147806273817225,0.0309668831363207,0.0323079858979724,SPY
2016-07-08,1.2931345349533794,0.2996994524614106,0.49671773689771237,0.5919529021020623,-1.0480424474100978,-1.0424840973780558,0.8049211666874292,0.14062945429220858,0.7351466113521001,1.413239156869041,0.0035210666333114,0.0148437648135324,0.0256730655580481,SPY
2016-07-11,0.27519886872327537,0.899204095206892,0.5502200087877431,0.5598629753952015,-1.0391397203181505,-1.0405406589059754,0.9073048718707141,0.0953110231411242,-0.5421052969314214,-1.4478676318917407,0.007236879080855,0.0140062918829384,0.0215562072159194,SPY
2016-07-12,0.6111318685883165,1.1812927832804516,0.6122498144194588,0.5430998822325784,-1.0256892468353203,-1.0372061312641248,1.133775035171291,0.16945172147743606,0.03346797970783916,-0.7325909347015453,-0.0001396075256696,0.0057523597362179,0.0149151198438817,SPY
2016-07-13,-0.05574928033302721,0.6674364870151149,1.242468196327673,0.5395387429850875,-1.0154195789842473,-1.03370533432981,1.047943690222321,0.20450028742555032,-0.26426054015544653,-0.017314237511349907,0.0055679175661014,0.0100461672246234,0.012576671156669,SPY
2016-07-14,0.4602471680752125,0.41808293091198834,0.9757035362201042,0.539661411184479,-1.007130279595326,-1.0295495663754,1.1865409330854062,0.08635313749929914,-0.18245088868485304,0.6979624596788455,-0.0013424909410657,0.0006940518079474,0.0116386026924208,SPY
2016-07-15,-0.16449756618611097,0.3043985463889736,1.2454756537420462,0.5434617559944245,-1.0015660868730702,-1.025792783568545,1.0447472673125129,1.1880234291053924,0.14654051741245278,1.413239156869041,0.0026835937027174,0.0065115282451468,0.0121119925814179,SPY
2016-07-18,0.1994860070404445,0.22246192920314434,0.5425831780955536,0.5317815656372951,-0.995879233591993,-1.0214411099786942,1.0583744913099589,2.054119255172366,-0.8672934729192682,-1.4478676318917407,-0.0010170530658655,0.0011083040734618,0.0123077220284049,SPY
2016-07-19,-0.1350759193110166,0.02599090199538725,0.5060732790991452,0.5290238787795009,-0.9890620014314624,-1.0177714721327369,0.9329306978078763,1.86288646145736,-0.9349548646128637,-0.7325909347015453,0.0041541999627359,0.0025868156210639,0.0081538804189653,SPY
2016-07-20,0.33243813514769244,0.048158701681334216,0.14624047974378954,0.5303578323641636,-0.9825514206679843,-1.0139654443866652,1.0206875258653665,1.7291478546943606,-0.8500899761824686,-0.017314237511349907,-0.0037841978505746,-0.0026289257045171,0.0058790210106431,SPY
2016-07-21,-0.3852433488331235,0.14833175304769744,0.333430384019878,0.5371663936410275,-0.9766454303014875,-1.0103705873447588,0.7821370597053594,1.1931806289016627,-0.6453361161923183,0.6979624596788455,0.0044749854961336,0.0023089645767093,0.0119044939660009,SPY
2016-07-22,0.3614391808325561,-0.04015740560264837,-0.07427806456653106,0.4968779661169622,-0.972623394325003,-1.0075413515103644,0.9051605167036322,1.2505694301502324,-0.7413288659204772,1.413239156869041,-0.0027196304689676,-0.0005527396586444,0.0059666224278522,SPY
2016-07-25,-0.2889997092225925,-0.018306508739044797,0.17933667255158434,-0.10738437135620339,-0.9697756114859014,-1.001640888908775,0.6604627645135082,1.6040541572489453,-0.8633432835950323,-1.4478676318917407,0.0004614584817366,0.0013376597965306,0.008640429312881,SPY
2016-07-26,-0.0014091030944399917,0.05420845729906473,-0.05621860518527474,-0.35922355261479205,-0.9681983553337868,-0.9940947860402097,0.5126530705888741,1.4986218234284816,-0.5489894065276253,-0.7325909347015453,-0.0010615413628451,-0.0055516886666264,0.0101901325158735,SPY
2016-07-27,-0.13909794337014894,-0.21918032031188422,0.008237576377141788,-0.4744219684833604,-0.966796315168318,-0.9882338934447062,0.3402148392184086,1.4544680918899247,-0.26832538559382957,-0.017314237511349907,0.0011536924306518,-0.0015717608180478,0.006123743473652,SPY
2016-07-28,0.06117323397190846,-0.10623652990838288,-0.21914432700365155,-0.6171576115823266,-0.9662267617232211,-0.9837854626832468,0.29051956907848897,1.054734957488483,-0.6468489675714217,0.6979624596788455,0.0016132812607798,-0.0016619136230051,0.0042813620387924,SPY
2016-07-29,0.10272297755797845,-0.05908374074417152,-0.00387542834796363,-0.727516592771961,-0.9650964609118419,-0.980423854636993,0.28360939453753564,0.9764597470611924,-0.34240796469122214,1.413239156869041,-0.0008292310137925,0.0048705121580132,0.0007828688715534,SPY
2016-08-01,-0.11809561519599018,0.12311672402804281,-0.1286323354353983,-0.7218113458946236,-0.964632065163239,-0.977335034231269,0.18252507100655385,0.4727796443004309,-0.4732684282820718,-1.4478676318917407,-0.0064278899814205,0.0051039514629884,0.0065247527801721,SPY
2016-08-02,-0.6242498758772325,-0.011953755036418627,-0.04621976942881541,-0.7339456695062639,-0.9651928905975954,-0.9741934093890499,-0.14759260919633949,-0.19906910174609693,-0.0815904305061229,-0.7325909347015453,0.0029183864857333,0.0121276331532262,0.0113021058154929,SPY
2016-08-03,0.22071276298108256,-0.5596929302256499,-0.3465631087204132,-0.7499570052204765,-0.9659902935252385,-0.9713245643470572,-0.09040940829087525,-0.41451341568243677,-0.8619801950797625,-0.017314237511349907,0.0010635396256946,0.0067311904546105,0.005535964857084,SPY
2016-08-04,0.05302284892340021,-0.3044170685026303,-0.1730568872577871,-0.7542048498574033,-0.9658676329664172,-0.9682973059955804,-0.11199517703992297,-0.19942265533796322,-0.9946298566291281,0.6979624596788455,0.0081457070417982,0.0102974999307692,0.0045180813975971,SPY
2016-08-05,0.693295677335635,0.20587544366959093,-0.17698712748764067,-0.8915690072395739,-0.9650439367112473,-0.9658640446326294,0.1683643670395668,0.19150990534192816,-0.4745259390933023,1.413239156869041,-0.0005957917088172,0.0012826918369022,0.0008704608657152,SPY
2016-08-08,-0.09699122224994589,0.5619440017923738,0.1077960538593077,-0.8942543770188156,-0.9638171125324241,-0.9638180001233689,0.0999899807479128,0.23057547670884618,-1.0945796207491332,-1.4478676318917407,0.0005957917088172,0.0047578066954239,0.0044839307310535,SPY
2016-08-09,0.010735472174575445,0.4489155947163794,0.11797291466887587,-0.9425155232881742,-0.9625640418669195,-0.9623967649909669,0.093860283392555,-0.007763555342203167,-0.8447024868670306,-0.7325909347015453,-0.0024780562128823,-0.0010088796886984,0.0037969388428651,SPY
2016-08-10,-0.2671598651285915,-0.06536078028890227,0.42417255375645985,-0.9308457523951634,-0.9615826324874295,-0.9611999271528371,-0.0329489270847377,0.1232886769154921,-0.7017646609458902,-0.017314237511349907,0.0046298491018532,0.0033485170785976,0.0039894290896658,SPY
2016-08-11,0.37543983247300505,-0.1935746904135698,0.18891291649675793,-0.9413728801335894,-0.9599352399770884,-0.9600866982992325,0.13236114745179176,0.13663513712622963,-0.39839517888824233,0.6979624596788455,-0.0008691010520687,0.0009599430815274,-0.0248663968367344,SPY
2016-08-12,-0.12170011939310378,0.08121255171496493,0.34438731334936534,-0.9434056310953557,-0.9587609712260913,-0.9589294696687,0.0720222420783386,0.3414649709626815,-0.6005067761138159,1.413239156869041,0.0028793231497044,0.0003661580915812,-0.0097519543851065,SPY
2016-08-15,0.21718118978082604,0.19080949302563796,-0.04861611512639886,-0.942331086757772,-0.9568770324496932,-0.9577502646706114,0.16459286420631386,0.5001765227096487,-0.8029258888361056,-1.4478676318917407,-0.005170894675305,-0.002558988642062,-0.0271111589998307,SPY
2016-08-16,-0.5106095320867912,0.07156919676812191,0.10288262334095023,-0.9057393953650884,-0.9547652441907494,-0.9569714560745046,-0.06329708436720337,0.07813568486721784,-0.715189194524612,-0.7325909347015453,0.0018793405544137,0.0046230677179721,-0.0223154589731633,SPY
2016-08-17,0.12677642425750033,-0.22145539132421532,-0.1485179052456107,-0.9202688114003181,-0.952846206008008,-0.9564082322728005,0.0013190076925322395,0.12508052745729886,-0.29084200740641386,-0.017314237511349907,0.0022412751047831,-0.0023842032415082,-0.0142515139871495,SPY
2016-08-18,0.15949760192102147,-0.28957104580420123,0.04144419388565946,-0.9383422030826978,-0.9506993964107967,-0.9552686286420069,0.06852294830308926,0.16474530672802962,-0.7099506253287602,0.6979624596788455,-0.0014628860420149,-0.005314167350499,-0.0203659455641567,SPY
2016-08-19,-0.17538204649879627,0.21532253740931628,-0.06268644985541827,-0.954351486771058,-0.9503839077076974,-0.9546965923404338,-0.0034177565459089813,0.10753659180872875,-0.269425642177746,1.413239156869041,-4.582358393889763e-05,-0.0057364932149432,-0.0187155414536617,SPY
2016-08-22,-0.047270617502348,-0.012339377016279662,-0.08857269550773163,-0.9665697161166747,-0.9499633237625639,-0.9538693541965574,-0.022908626615715383,0.7633754504392908,-0.5480925699587295,-1.4478676318917407,0.0020111616847291,-0.0007780167361781,-0.0186226154005355,SPY
2016-08-23,0.1386938900547116,-0.1681293125374291,-0.21609539850332368,-0.9634408146818048,-0.9492711097586448,-0.9528925387639736,0.038358588767022604,0.7154899258914326,-0.6990895374982837,-0.7325909347015453,-0.0051279304050666,-0.004439715367007,-0.0094512722425941,SPY
2016-08-24,-0.5067252897058984,0.06851184073492689,0.09700863472838052,-0.9272564989880623,-0.9490871189204131,-0.9523073385947128,-0.1829398207713157,0.0930602254776544,-0.32791184020927894,-0.017314237511349907,-0.0006886890042077,-0.0021595394346158,0.0019584961765444,SPY
2016-08-25,-0.10538972663100248,-0.27766521663443694,-0.20847557332791192,-0.9271314346414423,-0.9499195431863249,-0.9518981061719531,-0.2195688680015607,-0.659394512391535,-0.3766695380391708,0.6979624596788455,-0.0018852119064591,-0.0014251942642005,-0.0028474155450002,SPY
2016-08-26,-0.21356298177638933,-0.4615705141278496,-0.33620829133526553,-0.9248790982296012,-0.9509448112101285,-0.9518232861663893,-0.29758509366367203,-0.7739310231136449,0.646358611328252,1.413239156869041,0.0049126528948262,0.0049581041521751,-0.0090971826678396,SPY
2016-08-29,0.4010070880564874,-0.2406867768836066,-0.3546197218318813,-0.8993462649748207,-0.9515843761045326,-0.9511984297477161,-0.1113701028056964,-0.36920072805484033,-0.36001201065108723,-1.4478676318917407,-0.0016505369460997,0.0030631294138698,-0.0078212081422943,SPY
2016-08-30,-0.19234687775077897,0.14085893322741708,-0.13845336134142697,-0.9518417593064015,-0.9515493547662647,-0.9501204195323798,-0.2012980457424977,-0.2961203428345153,-0.5988941251705078,-0.7325909347015453,-0.0028477544726754,0.0046224661805984,-0.0012194382396018,SPY
2016-08-31,-0.3005829313383196,0.15684424996215318,-0.2980862787564741,-0.9461537995915872,-0.9524168159840585,-0.9495923751674319,-0.32789339417594754,-0.9703609515548752,-0.07739736587140379,-0.017314237511349907,4.565616620766377e-05,0.0051846546871923,-0.0074600456723059,SPY
2016-09-01,-0.03900026819719023,-0.371770177286961,-0.19868128315070907,-0.9469397414684836,-0.9537049236014473,-0.9491611820577209,-0.33513589799845095,-0.897989303158449,0.1586249080578937,0.6979624596788455,0.0044980865099164,-0.0190869783035623,1.2048945768228236e-05,SPY
2016-09-02,0.3635276589162952,-0.2562308623895097,-0.16666727168726217,-1.0079317851761906,-0.9538539243286409,-0.9490775809134976,-0.1544698086327217,-0.7334744711275978,-0.20707196099696473,1.413239156869041,0.0030176781565209,-0.0093397234139196,-0.0068928046530798,SPY
2016-09-06,0.22968935943210653,0.2441446127353259,0.11161465472737003,-0.9968644663482046,-0.9534158531347952,-0.9486464113246932,-0.04077527331217159,0.02752680847775174,-0.6301771384265328,-0.7325909347015453,-9.120017937114255e-05,-0.0268372830354604,-0.015021466504951,SPY
2016-09-07,-0.05137294937254056,0.4465893592263887,0.02900262779630239,-0.996951906718423,-0.9533807849556825,-0.948281210040071,-0.05224180841647332,-0.14365051658641073,-0.22868218067693133,-0.017314237511349907,-0.0022855659660816,-0.0271212775047269,-0.0105146201899595,SPY
2016-09-08,-0.24975752661840422,0.13398165194300582,0.09698241051509071,-0.9983483129857451,-0.9528024410453845,-0.9478984072766176,-0.1533740409868763,-0.6004369945480992,-0.2613215839168476,0.6979624596788455,-0.0242259768245469,-0.0148924259982177,-0.007533716664148,SPY
2016-09-09,-2.2333097489131997,-0.22725857961641996,0.12149119741776307,-0.500530195041847,-0.9566754919082896,-0.9502612392033354,-1.077451332462649,-1.8357127518291498,2.4519373147611168,1.413239156869041,0.0142453413995591,0.0054603943541051,0.0132571451216536,SPY
2016-09-12,1.2447412889775957,-1.8712432996070005,-0.9366383690409543,-0.3531980305894771,-0.957507931787816,-0.9511940783798983,-0.48790462804869683,-0.8993679574302307,1.4436744573022697,-1.4478676318917407,-0.0144798814650197,-0.0085974289769739,0.0042063617292917,SPY
2016-09-13,-1.352200947724624,-0.7452101269683256,-0.5117036893484533,-0.25529826749465256,-0.9620032008189482,-0.953772510781623,-1.013958690444717,-1.4592405426941473,1.651840056488398,-0.7325909347015453,-0.0003751946486376,0.0059295549572331,0.0059759906695102,SPY
2016-09-14,-0.07704784964067146,-0.08133690840939546,-1.2745153709307773,-0.263508062169496,-0.9662530082099037,-0.9558889455256052,-0.984886027217149,-1.3278343781535984,0.7619628908394509,-0.017314237511349907,0.0099432855404275,0.0174872544485413,0.0076627055523967,SPY
2016-09-15,0.8558081684966549,-1.0772416236126061,-1.2868962002205122,-0.20349234042899186,-0.9680931976372922,-0.9572485794022473,-0.5583928081505508,-0.8470408281754842,0.7449666334736343,0.6979624596788455,-0.003873156472224,0.0138258069221857,-0.0055616542263363,SPY
2016-09-16,-0.3932857721406555,0.5863873364158602,-0.753775526065645,-0.20381462303487183,-0.970671302119474,-0.9591899793957104,-0.6732139326526491,-0.9073665784412459,1.0838896723638323,1.413239156869041,0.00018751806848,0.0122043626686574,-0.0011723485253538,SPY
2016-09-19,-0.02617505296642392,0.348117230434338,0.13351215597119254,-0.20321826371458693,-0.9740729311070627,-0.9609729111975724,-0.6281849442582811,-1.1143009722708812,-0.22364166970346638,-1.4478676318917407,4.710246918726568e-05,0.0038818655708787,-0.0048380150285032,SPY
2016-09-20,-0.0388695132396916,-0.3164148218591075,-0.4793431270801768,-0.20312586275898298,-0.9780440042444433,-0.9627469912980531,-0.5889040869178084,-1.062111674300277,-0.418573877272049,-0.7325909347015453,0.0111825048426705,0.010023390522063,0.0013579559465259,SPY
2016-09-21,0.9678414488545892,-0.04937917065597813,0.15396536180931802,-0.13375519886483095,-0.9798839750812232,-0.9636533145719842,-0.1173481648097303,-0.5148461574044227,0.5641905298880854,-0.017314237511349907,0.0062818380140718,0.0037921186359852,-0.0071609851338179,SPY
2016-09-22,0.5247901021272887,0.6995645846151396,0.6578269502181607,-0.12497952246551162,-0.9800880918690884,-0.9634653982046634,0.13499701100538972,-0.30561469405346114,-0.22250973415813066,0.6979624596788455,-0.0054946007257523,-0.0115780812834662,-0.01531146323443,SPY
2016-09-23,-0.5398746110261528,1.124255068378998,0.4982049797825596,-0.11026221186060753,-0.9767574423749323,-0.9637377624688639,-0.08350199455992556,-0.6310546075003428,-0.27669126127971694,1.413239156869041,-0.0081349790292986,0.0014342702265679,-0.0093492921735869,SPY
2016-09-26,-0.7785815470759625,-0.011736663851812096,0.42751760140647704,-0.08134735715798376,-0.9776492608320044,-0.9646035905810291,-0.3950453289263404,-0.9633332966830197,0.17164291863204284,-1.4478676318917407,0.0061886274203715,0.0071624821669349,0.0030289760384167,SPY
2016-09-27,0.5163632735930223,-0.993764684191421,0.06469569118391626,-0.07395943405945503,-0.9746446548446337,-0.9653521199293642,-0.12821649248139266,-0.7525432921900733,-0.11631937220644573,-0.7325909347015453,0.0049512329565928,-0.0041371289487868,-0.0065156389070493,SPY
2016-09-28,0.404494970199947,-0.19794010148368307,0.3324374264214019,-0.06203486136559522,-0.9706276464521543,-0.9654690188377734,0.07618126048703339,-0.5400059827753715,0.13063271318490957,-0.017314237511349907,-0.0090883619053796,-0.0046727157697592,-0.0134765605238253,SPY
2016-09-29,-0.8647734025862085,0.6934513070074765,0.06078314498869194,-0.028038016797047965,-0.9702031591032901,-0.9661799068944065,-0.27852337029563123,-0.06426770888334912,1.1852191504700698,0.6979624596788455,0.0075177507842818,0.0051109836953502,-0.0070585012498369,SPY
2016-09-30,0.6365244510292692,-0.3471689310925545,-0.6092856131928435,-0.0005424160049709466,-0.9676227594197152,-0.9661787543699577,0.02724965188156761,-0.2682943696293731,0.8788961720656755,1.413239156869041,-0.0024067670889316,-0.0058418821276768,-0.0175360246795426,SPY
2016-10-03,-0.26071487642031027,-0.17234584677999826,-0.04200800697798658,-0.008287602434087814,-0.9655355157634277,-0.966838766704479,-0.05676778163223317,0.24501934142985052,0.02084451759620872,-1.4478676318917407,-0.0051109836953502,0.0017594429684519,-0.0150822125567442,SPY
2016-10-04,-0.5051931997220145,0.28278327850255136,0.20771521598574944,-0.004547562046792186,-0.9644259029918191,-0.9682756353998163,-0.23384428476800592,0.023272512152462708,0.9608264372054941,-0.7325909347015453,0.0044156461356203,-0.005839825860999,-0.0172429525524497,SPY
2016-10-05,0.3560745264887978,-0.5774462078756885,-0.2848949275338516,0.007035165117178726,-0.9645932028757003,-0.9692835768328282,-0.0326922524652518,-0.16610652344033255,-0.26924293389768483,-0.017314237511349907,0.0006953375597298,-0.0089439517623706,-0.0276953016440346,SPY
2016-10-06,0.01973504812015215,-0.1127249776144996,-0.3082440054839178,0.006097790170265368,-0.9658261475915716,-0.9700051904231102,0.011168800332123256,0.04050196210985585,-0.5178896945020578,0.6979624596788455,-0.0034351150387452,-0.012920363560406,-0.0329785462863201,SPY
2016-10-07,-0.35368404980103807,0.28278327850255136,0.11827948707721207,-0.2889024228564199,-0.9666627094654373,-0.9687527962023519,-0.15559590990310193,-0.12877538566573093,0.18951346395212357,1.413239156869041,0.0051945580071972,-0.0089690992929023,-0.0306455870540149,SPY
2016-10-10,0.426493097216795,-0.2519857645551614,-0.3592141850302511,-0.38898074157683715,-0.9649718174239253,-0.9683515452074098,0.04747124145354182,0.048981786041107964,-0.7823334348793592,-1.4478676318917407,-0.0127102525248012,-0.0176418057347689,-0.0140227465154421,SPY
2016-10-11,-1.1922152738167326,0.054486914941703886,-0.027831997785487166,-0.4199505319799613,-0.9668565056538394,-0.967789183838967,-0.48038725315454966,-0.856877462363436,1.2333405273564158,-0.7325909347015453,0.0013115202342488,0.0013115202342488,0.0031813137350704,SPY
2016-10-12,0.07544186789058221,-0.57730614148733,-0.35912454142987477,-0.4196755087873843,-0.9694368272693403,-0.9670677584159426,-0.4427830851849744,-1.0853129054903508,-0.2429250448953033,-0.017314237511349907,-0.0032810742383055,0.0026635637623266,0.0124160604844787,SPY
2016-10-13,-0.3397577849736706,-0.8418064043124015,-0.494449898215829,-0.47678515630927976,-0.9709075517268474,-0.967593121397478,-0.5638752107556413,-1.0110362563555912,0.45670651021260145,0.6979624596788455,0.0005161492287584,0.004075997914092,0.0181895144226018,SPY
2016-10-14,0.003535287122035743,-0.19952057532113351,-0.6678028363357835,-0.48580508618530027,-0.9737081189944274,-0.9677036775012664,-0.5407598089208778,-0.6785893581521445,0.23631755702265755,1.413239156869041,-0.0034781484346693,0.0040274190204243,0.0153658133252978,SPY
2016-10-17,-0.3575745415821072,-0.25369873486963396,-0.4955462128144039,-0.4783417152280131,-0.9767024512231798,-0.9681591677080374,-0.6709394095582543,-1.1503468813653706,-0.679529614961309,-1.4478676318917407,0.0062430734442164,0.0117488566377987,0.0196288535873501,SPY
2016-10-18,0.5212855392830011,-0.26712280637812685,-0.8736356108722774,-0.4515298585873419,-0.9775566564819063,-0.9680309160417891,-0.42233527654446557,-1.0802707359045236,-0.20346665109462272,-0.7325909347015453,0.0026635637623266,0.0021497956684877,0.0211586036220863,SPY
2016-10-19,0.19767517345893595,0.12297717429182942,-0.0473593319673227,-0.5344355635324024,-0.9787455708037,-0.9687119325463737,-0.30012749671825106,-0.5362407289969519,-0.47375115884965174,-0.017314237511349907,-0.0018686400865401,-0.0025234567540222,0.0166147799880649,SPY
2016-10-20,-0.21206478420662414,0.5413312015481531,0.01158343602621225,-0.5674399962990015,-0.9804188819148105,-0.9701712950692245,-0.34467265940492187,-1.0894946982910394,-0.28175042413871154,0.6979624596788455,0.0004675703350907,-0.0033251192988732,0.0236110830533737,SPY
2016-10-21,-0.0008565528080725218,-0.011213091426291575,0.07315895248315187,-0.5844408033529559,-0.9813524355645666,-0.9710601501494643,-0.306796030034075,-0.9413036421833013,0.11364355717033098,1.413239156869041,0.0042432891827051,-0.0067524622793877,0.0209033186644553,SPY
2016-10-24,0.34049236537119965,-0.16079722442455616,0.07104114014991385,-0.6186751356904705,-0.9824709637102953,-0.9707727403450063,-0.1407528058295292,-0.37950643969288356,-0.6371780776071735,-1.4478676318917407,-0.0033559875250945,-0.010948706428226,0.0241833431144744,SPY
2016-10-25,-0.3465304209761726,0.25552808390642845,0.40765967099300043,-0.6416203195665651,-0.9818192358098674,-0.9713918655026433,-0.26376327709320935,-0.8626106979394581,-0.4658243905664915,-0.7325909347015453,-0.0020096886601832,-0.0148644425941872,0.0294904804429592,SPY
2016-10-26,-0.22481646937360159,-0.0049205952157354476,-0.010814447569059417,-0.6641556711363586,-0.9817928644142648,-0.9726743194427074,-0.3177927143456101,-1.0156076536407028,-0.21860028195928483,-0.017314237511349907,-0.0026703026313912,-0.0188914568899685,0.0320439972617085,SPY
2016-10-27,-0.2845401600155678,-0.4308536866745607,-0.21454637453360006,-0.7236857205899335,-0.9816519515396008,-0.9733420779959754,-0.4115329204631571,-0.9759625027047789,-0.19040033665367667,0.6979624596788455,-0.0029597726454237,-0.0208090613411329,0.0384228846982912,SPY
2016-10-28,-0.3107100842401333,-0.3841469984565832,-0.24949510836426136,-0.7802726562453723,-0.9821627197245197,-0.9750048493236403,-0.4955512818828794,-1.5281527097635614,1.4246988492917743,1.413239156869041,4.704503386676606e-05,-0.0189514445021492,0.0366767478079586,SPY
2016-10-31,-0.03887470575674838,-0.4488637172978783,-0.39891121660298384,-0.78201104357156,-0.9820130007710398,-0.9764332583327147,-0.4632336777720056,-0.7998404579870342,-0.6386990758692452,-1.4478676318917407,-0.0072717236910557,0.0028189090097541,0.0385780959706094,SPY
2016-11-01,-0.7005377923064894,-0.26376658106731954,-0.5818478160339542,-0.7597249862077396,-0.9843908762554718,-0.9780562322855245,-0.7211363211666887,-1.3867882071290976,0.9313932540971082,-0.7325909347015453,-0.0060367029559644,0.0145844404265211,0.0434478045883546,SPY
2016-11-02,-0.5888840890338674,-0.5574830606761471,-0.7525555806591653,-0.7659215590193026,-0.9883891639236609,-0.9806609610614146,-0.9074157257567839,-1.516713123869537,0.4023481385396373,-0.017314237511349907,-0.0045879070825556,0.0311674103661427,0.0458023245708538,SPY
2016-11-03,-0.4579037581325995,-0.9718887493053409,-0.9281145507763072,-0.7616176012198527,-0.9928806544599819,-0.9837565868495998,-1.0248263108633384,-1.7499062602252868,0.0087021087988602,0.6979624596788455,-0.0011021558064401,0.0382476971485159,0.0508910446373551,SPY
2016-11-04,-0.14276974652688182,-0.7890756427041238,-1.0117131272430326,-0.7646155776078735,-0.9976627768244477,-0.9866266863399721,-1.0080636111371533,-1.656882245809675,0.5286559466871397,1.413239156869041,0.0218173985457701,0.0370423010864104,0.0579839553844845,SPY
2016-11-07,1.9293032544120305,-0.45294988388079976,-0.9307297298247806,-0.3972248153524549,-0.9991950969928188,-0.9879577971965748,-0.10153062351422511,-0.5721797891635059,0.526754858298782,-1.4478676318917407,0.0044938077257112,0.0160097943680233,0.0393288750400104,SPY
2016-11-08,0.3631408297008491,1.3456960956470685,0.018355761537828853,-0.4835227627435366,-0.9992479022384821,-0.9876570510377767,0.07524834808280104,-0.4783258813370949,0.4251550828551878,-0.7325909347015453,0.0105462669836571,0.0192888101212647,0.047831049038538,SPY
2016-11-09,0.9103215132756624,1.7268754484015207,0.5312778488947963,-0.4160456564466229,-0.9969228788405591,-0.9864763093404222,0.48272869228125753,0.06659251788367661,3.776819510044738,-0.017314237511349907,0.0024923796998175,0.0068622832659128,0.0397306241168031,SPY
2016-11-10,0.18219904906902432,0.9591215827853227,1.2542177021586296,-0.4246313011739093,-0.9936203338532615,-0.9847471933740615,0.5477771550644607,0.1388556600403219,1.7066578525159228,0.6979624596788455,-0.0023075518685455,0.009497566544864,0.0432603946923064,SPY
2016-11-11,-0.2517451915702025,0.8227906301063803,1.562885058256577,-0.41834266692175165,-0.9902032786141308,-0.983287815170606,0.42054304992034414,-0.1302153527481386,0.08786872232020555,1.413239156869041,0.0007848918273829,0.0095649243595818,0.0444198418879935,SPY
2016-11-14,0.02783132160223017,-0.05277089247236283,1.5103354332234127,-0.43053590928002683,-0.9866453729547957,-0.9814260491283645,0.41222232951408166,0.06774086328108363,-0.054536174398328065,-1.4478676318917407,0.0077728234789526,0.0163033461649231,0.0502864247996841,SPY
2016-11-15,0.6595846395382631,-0.1690795707386118,0.5934166076979821,-0.4187392982859002,-0.9802428071793434,-0.9794050700657967,0.6894040311248232,0.43660481768492565,-0.13335790400109682,-0.7325909347015453,-0.0018802598716947,0.0104816724893606,0.0342250916218125,SPY
2016-11-16,-0.21311528644264324,0.5175637442874345,0.7363663432477184,-0.41552816712637997,-0.9730829186257506,-0.9778174872379072,0.5766979286659181,0.47664663496072196,-0.735748783462462,-0.017314237511349907,0.0051276629787686,0.0129057605196214,0.0402141085317353,SPY
2016-11-17,0.4204453625979683,0.3360220323355881,0.19462794933538044,-0.4099699820705016,-0.964091131474292,-0.9755576847246974,0.7397850442985663,0.7797761302592657,-0.6388064959614785,0.6979624596788455,-0.0022401940538276,0.0114866823460442,0.0331286358616411,SPY
2016-11-18,-0.24565561813721173,0.15584205768086742,0.30951396275337784,-0.40311638980418635,-0.9553283648264991,-0.973558823155129,0.6031177301117515,0.6530601757778808,-0.2690197601901791,1.413239156869041,0.0075233136327241,0.0090209668641154,0.0375436857827153,SPY
2016-11-21,0.6370273677914572,0.1313244785738226,0.3124504481275635,-0.38360489118793734,-0.9491635787926823,-0.9712326524823167,0.8646674620983106,1.227667874544069,-0.5683753467871123,-1.4478676318917407,0.0019511498033901,0.0034460464279089,0.0338708256796929,SPY
2016-11-22,0.1332684355651875,0.29450863094614216,0.6062140917282112,-0.3971369601965571,-0.9434655930041663,-0.9683979519571669,0.8837823442258483,1.6413182364979382,-0.6808769575808133,-0.7325909347015453,0.0005438281585661,-0.0009071184487918,0.0291331376964718,SPY
2016-11-23,0.006037637833924166,0.5800097299948418,0.3524163746675776,-0.4044407531350269,-0.9396610859107651,-0.965320037412046,0.8390263715014205,1.9752075710862569,-0.9279550100014247,-0.017314237511349907,0.0037085848051914,-0.0051331295808232,0.0268605072257859,SPY
2016-11-25,0.2921517001425521,0.1045892344334943,0.45809526399054445,-0.41450300616098457,-0.9356099617696828,-0.9616274274801293,0.9128327602556167,2.089588714673952,-1.316303237612421,1.413239156869041,-0.0047059095357564,-0.008340901402069,0.0246150276908156,SPY
2016-11-28,-0.4685719279217889,0.22430015332096154,0.3962300992877723,-0.40185972520253915,-0.9320344283391012,-0.958116132380935,0.640696081967345,1.4066524498134392,-0.4345937375306399,-1.4478676318917407,0.0019483931965176,0.0023557630743766,0.0317989439828902,SPY
2016-11-29,0.13301922082972908,-0.13329538942253624,0.28873644795835046,-0.4039797331595721,-0.9282298587912405,-0.9544191005184793,0.6413445572908254,1.3508903094349858,-0.5802510897041123,-0.7325909347015453,-0.0024020150733106,0.0035696880791551,0.0215516914982307,SPY
2016-11-30,-0.26028526408505276,-0.25319407965938046,0.04569601691475176,-0.44721077277249,-0.9263804573310486,-0.9502754144700286,0.45263233607317355,0.7981464473568106,0.3757560967528442,-0.017314237511349907,-0.0036821829734652,0.0189676848767046,0.0237308537393836,SPY
2016-12-01,-0.3760205572681512,-0.09626006910622964,-0.14408159159890685,-0.4694184649220627,-0.9248832834098648,-0.9459283117764626,0.20809299696551822,0.35890468385298807,-0.39994774892742097,0.6979624596788455,0.0005008129839456,0.025095709912092,0.0237512095312206,SPY
2016-12-02,0.0021487933742056174,-0.47979712537499747,-0.3283158921377053,-0.5004207342108534,-0.9242756327443592,-0.9411079997927579,0.12605209815617202,0.5815741237373584,-0.49534708053934956,1.413239156869041,0.0059907549406892,0.0306170472034672,0.0308712375498911,SPY
2016-12-05,0.49847434711225974,-0.2820656509532868,-0.4681597257934886,-0.5031559433249108,-0.922073925677084,-0.9356022415336269,0.25473465208227863,0.796900212413992,-0.6489023931983278,-1.4478676318917407,0.003162318201296,0.0234781875899194,0.0308124057326342,SPY
2016-12-06,0.24276573635582183,0.3768243136019038,-0.001835232945104587,-0.8134045619686454,-0.9207089210062086,-0.9318211929909219,0.30439007634962706,0.6144964185339372,-0.8222850235950595,-0.7325909347015453,0.0129959817242388,0.0269673441276969,0.0268550911726288,SPY
2016-12-07,1.1317912546134523,0.5581176387412455,0.051086214058850644,-0.7079600741400536,-0.917168596277275,-0.9271822193608458,0.7426189225802837,1.2202436607048677,0.5167041328258615,-0.017314237511349907,0.0024458420619222,0.0056828527045391,0.0174305404282923,SPY
2016-12-08,0.17799175160030092,1.035291550956681,0.7223667859894672,-0.7720185843684634,-0.9132495633184268,-0.923303880505971,0.761346384560547,1.1524507783890177,0.2415831228385016,0.6979624596788455,0.0060221502753208,0.007345767680845,0.011678232631179,SPY
2016-12-09,0.501312684378591,0.986487460382932,0.9895199881004489,-0.7573856898884331,-0.9088549864899216,-0.9190629119856534,0.9214662889645394,1.4894526540461674,-0.05380853886588641,1.413239156869041,-0.0011481046728585,-0.0006341922858013,0.0056560823558582,SPY
2016-12-12,-0.14692381532185966,0.5114520991543976,1.2302244448883626,-0.7659822198108971,-0.9037733949912667,-0.9147157779308771,0.7808903086254997,1.2090081203651026,0.36327398802335464,-1.4478676318917407,0.0066514747390735,0.0026887682543037,0.0096263301198371,SPY
2016-12-13,0.558207605201804,0.2666438043313894,0.9190035875702603,-0.7510615987093382,-0.8977407469805281,-0.9097760659823058,0.952866981527924,1.3326497483430702,0.5859358427062598,-0.7325909347015453,-0.0082885096989189,-0.0001122529550681,0.0004619571812982,SPY
2016-12-14,-0.792461692843527,0.30951139815818646,1.07111447751456,-0.6832429316245279,-0.892897013291584,-0.9064151400423585,0.5372948295938446,0.6809184365214437,1.4271886625608436,-0.017314237511349907,0.0041087570382281,0.0053897185640199,0.0110431620270512,SPY
2016-12-15,0.3283298067086084,-0.17687042877839845,0.1432102985720432,-0.6909067014750849,-0.8865209125934232,-0.9024616126877084,0.6240524635970206,0.6959213039026846,0.9311259287820006,0.6979624596788455,-0.0019578096913255,-0.0004478407863279,0.003405090882345,SPY
2016-12-16,-0.22012628172707674,-0.35007232365796537,0.21570560630871335,-0.687878838622198,-0.8806323626347932,-0.8991995764816161,0.4745607749854168,0.8787302548117049,1.709953207253716,1.413239156869041,0.0021748558672465,0.0029730741752187,0.0075699771145956,SPY
2016-12-19,0.1534928818148792,0.08115495606114989,-0.132183288644574,-0.7016264392201771,-0.8754722658803139,-0.8955028817521623,0.48694707989742475,0.8867333638537962,-0.0616686115555799,-1.4478676318917407,0.0038504535297017,0.0032762250642903,0.0016837307471444,SPY
2016-12-20,0.3049775321468766,-0.05057628064375354,0.01268223387713145,-0.7270564176913806,-0.8701578597695682,-0.892148847438003,0.5759164219818368,1.159883408863258,-0.0751188578656096,-0.7325909347015453,-0.0027865381798308,-0.0088730877535532,0.0015005163683694,SPY
2016-12-21,-0.2950485904139013,0.34506425605708074,-0.10942917737580005,-0.7102073873722238,-0.8679555281576958,-0.8892651999051265,0.40067393720672323,1.2188777385159555,-0.6553248626964244,-0.017314237511349907,-0.0017288023121198,-0.00630940240588,0.0016816301145903,SPY
2016-12-22,-0.1994225629646676,0.0071097714077355675,0.1304310224046762,-0.7022563223008291,-0.8665830445652734,-0.8866080900690703,0.2743745710537057,1.0776388363967206,-0.944351043589582,0.6979624596788455,0.0014631052702211,-0.0082424272753884,0.0098018939809056,SPY
2016-12-23,0.08914611604295813,-0.37293150627717403,-0.12405923570500328,-0.707368949797213,-0.8661159320476742,-0.884166815917092,0.28392403179034365,0.9615498956143348,-1.4028138188604218,1.413239156869041,0.0024780067563181,-0.0020846915429935,0.0169570809497958,SPY
2016-12-27,0.18089964386631127,-0.08345922318935912,0.025076641000625222,-0.7399468162937036,-0.8649238325484367,-0.881016511860144,0.3205962126679938,0.944115558110035,-1.2011164333073197,-0.7325909347015453,-0.0082988592881418,0.0013692248241206,0.0134330863162039,SPY
2016-12-28,-0.7933973613155239,0.20309531717810206,0.038292600509698786,-0.6594860070102425,-0.8667180711071116,-0.8788882147386687,-0.06287981597080555,-0.15392919861432328,-0.6364620208656923,-0.017314237511349907,-0.0002228528321577,0.0088730877535532,0.0201607170633515,SPY
2016-12-29,-0.06327518373316217,-0.4618588610593905,-0.49136055919376803,-0.6683557506849158,-0.8669009377650697,-0.8765477825558361,-0.11979937298783615,-0.3007064172630237,-0.9976114564262563,0.6979624596788455,-0.0036618271816282,0.0126673715656133,0.0141626974112512,SPY
2016-12-30,-0.3741802646503276,-0.645832881601318,-0.3795958803811262,-0.6685213585326107,-0.8686292712551629,-0.8742139283866959,-0.3159216461897464,-0.9009011037928242,0.5313079373233791,1.413239156869041,0.0076208410026161,0.0130227330120504,0.0177365304283227,SPY
2017-01-03,0.6458444602575814,-0.3299729073703987,-0.463866714894237,-0.6369988790128482,-0.8684520879530364,-0.871168049317079,-0.06839511729124736,-0.36119731144287787,0.06813367620424134,-0.7325909347015453,0.0059319231234322,0.0054018920094343,0.0105112150425403,SPY
2017-01-04,0.49315557789619746,0.20431473084687501,-0.19541826548960564,-0.6374180728593221,-0.8675218131624135,-0.868109798250314,0.11132797803841613,-0.40043670826930333,-0.2514415717047323,-0.017314237511349907,-0.0007949963587092,0.0022921119771224,0.0052380248643491,SPY
2017-01-05,-0.115000585362318,0.8578106857007585,-0.044843682003145015,-0.635772929961646,-0.8675218131624135,-0.8654411945309763,0.02436618452054116,0.09534052059782673,-0.2747359492318918,0.6979624596788455,0.0035714309799024,0.0005742101363663,0.0129023568587376,SPY
2017-01-06,0.27975212491567064,0.28455043840899696,0.28228961106002204,-0.7527355016549585,-0.8662461495961175,-0.8636947358157622,0.1347552053386325,0.06761050847243984,-0.4302140615227954,1.413239156869041,-0.0033064657351911,-0.0007045256967019,0.0075413707926585,SPY
2017-01-09,-0.3420533372493196,0.12376117266717097,0.44770262165579827,-0.7403951204009528,-0.865289440955433,-0.8625251430283845,-0.02416185813797596,-0.03485504456320147,-1.0513259682451859,-1.4478676318917407,0.0,-0.0009273740679889,0.0108917194961382,SPY
2017-01-10,-0.04312787503768522,-0.04731218510038992,0.46319471703305876,-0.7694846263069411,-0.8646250660269184,-0.8619569719958816,-0.03570514690156161,-0.16175567069720534,-0.5976527802487606,-0.7325909347015453,0.0028221430911203,0.001279702472936,0.0122013168563857,SPY
2017-01-11,0.21201175001932418,-0.2905867778501062,0.13096172763260847,-0.7660388948979011,-0.863889820900277,-0.8609891650707266,0.05980428760793941,-0.22559797556958056,-0.30848503994934895,-0.017314237511349907,-0.0025128981994653,-0.0052538311183889,0.0152940331208704,SPY
2017-01-12,-0.27030980157972273,0.12687468920139117,-0.00461012279152997,-0.798464455211301,-0.8620028999234292,-0.8609426250358295,-0.04369443437384961,-0.20589860155606,-0.38152748168301714,0.6979624596788455,0.002292695146834,0.000926306232003,0.0217453392716153,SPY
2017-01-13,0.1641462996750656,-0.044295995472773415,-0.07950260038750775,-0.8716987829893413,-0.8596110658672578,-0.8598334025767385,0.027307816582076826,0.06674661663837735,-0.6166034333686817,1.413239156869041,-0.003529314106478,-0.0039718133484409,0.0248807452731503,SPY
2017-01-17,-0.36220024265379863,-0.0803603163999329,-0.1352494960815504,-0.8704806396179824,-0.8572014166764613,-0.8594912831423086,-0.12346612106193461,-0.28275866868857596,-0.651348389747313,-0.7325909347015453,0.002207076540925,0.0059489623122326,0.0323972741250591,SPY
2017-01-18,0.15640583496289032,-0.14959535614571162,-0.14496464176564036,-0.8718722348234549,-0.8558637514453129,-0.858730609165595,-0.04901098077403653,-0.2993679334708087,-0.8046678799667148,-0.017314237511349907,-0.0037113905002046,0.0123601780104189,0.03539712267834,SPY
2017-01-19,-0.37866110283247084,-0.15542742502833745,-0.048746437400089604,-0.8588671535852236,-0.8564573498573894,-0.8585615487254857,-0.2033971910554089,0.0480462308615365,-0.4909576217412966,0.6979624596788455,0.0036672391509267,0.0150255806333499,0.0382566774752479,SPY
2017-01-20,0.28841379090611974,-0.16782989361374076,-0.33357791408999604,-0.860343239179972,-0.856156178839173,-0.8584103171329764,-0.05730177972170649,0.2736207534355007,1.071388211570233,1.413239156869041,-0.00260542443361,0.0097871129414288,0.0361644156706884,SPY
2017-01-23,-0.27867475967199457,-0.06836823068494295,-0.06415285901782806,-0.8614462880506187,-0.8570952284813819,-0.8582412880540762,-0.16673838970267138,0.360055817261744,-0.306406202442729,-1.4478676318917407,0.0063914615541955,0.0061716648907808,0.0447078029648357,SPY
2017-01-24,0.534700765060216,0.006966682956078182,-0.2776879413129615,-0.8260033276619451,-0.8560852930274306,-0.8572537470878441,0.07374132808706312,0.2998241435282599,0.20653463018569862,-0.7325909347015453,0.0086182922391113,-0.0003077908279713,0.0374277200885426,SPY
2017-01-25,0.7360203748994613,0.19253210461599274,0.15481143162833488,-0.763962915085532,-0.8533301926065018,-0.8555366738259305,0.3923887886906991,0.440620344847016,-0.07954435738163336,-0.017314237511349907,-0.0010459878772737,-0.0085305574502489,0.0294862177051031,SPY
2017-01-26,-0.13769180968064798,0.9570562177962836,0.4343104208302263,-0.7636704622189385,-0.8513546643649755,-0.8541754718888135,0.32152141331688394,0.4180665497906575,-0.6776848047741437,0.6979624596788455,-0.0015712285409943,-0.0068258366277342,0.0318004372317251,SPY
2017-01-27,-0.1851768951917342,0.45044066461352306,0.5505094966367127,-0.8415959856877089,-0.8491931779697377,-0.8521425834069379,0.21557309423344,0.09879753794123679,-0.6833240333340962,1.413239156869041,-0.006220872484258,0.0016147275489393,0.0349332890859273,SPY
2017-01-30,-0.6055341818458169,-0.24363729238585974,0.32213683008099026,-0.7914844662635196,-0.8487502197144215,-0.8507191059480576,-0.06755238285984763,-0.1267623923340586,-0.14967613357961826,-1.4478676318917407,-8.799416455662623e-05,0.0060460449470207,0.0384511723617677,SPY
2017-01-31,-0.05108310531031826,-0.5961340793531134,0.1645202214315676,-0.8105957091332694,-0.8476163746124553,-0.8489397571643804,-0.10701262654659799,-0.13307082093785277,-0.238433911514983,-0.7325909347015453,0.0003955256168337,0.0061779220798658,0.052439682913417,SPY
2017-02-01,-0.007369852031370235,-0.49510084060068854,-0.11795371318927975,-0.8609059535854023,-0.8468456397390978,-0.8478810340928863,-0.11223817136501782,-0.28235771859809433,-0.14981825530167003,-0.017314237511349907,0.0006587329452409,0.0070919938232796,0.0457268001050401,SPY
2017-02-02,0.016425758932995117,-0.04441270954878542,-0.47642784158583407,-0.8954432943690804,-0.8451979037292283,-0.8473517039183485,-0.09608572140909558,-0.049285548277767426,-0.3799038744066849,0.6979624596788455,0.0068693356356792,0.0123481202336437,0.0456975876997374,SPY
2017-02-03,0.577903611279404,0.006451981538188409,-0.40210999467591557,-0.8511059250779132,-0.8428945988696607,-0.8460438787597995,0.1580070364748714,0.21102881570535587,-0.08301818068754604,1.413239156869041,-0.0017895550861766,0.0094171925492441,0.0358458194954067,SPY
2017-02-06,-0.20491499885241415,0.44742746300100295,-0.0341409125654316,-0.855520272133496,-0.8404318946153617,-0.8452787828525468,0.06931415292170003,0.35012465915977975,-0.6575531463034685,-1.4478676318917407,4.388296828850002e-05,0.0166348487837897,0.0346440204944462,SPY
2017-02-07,-0.039160576529418595,0.2806578188082996,0.1590437799955886,-0.8709592823472706,-0.8392448539273588,-0.8441755817456799,0.0488394176704518,0.23761318638912468,-0.7491065271989412,-0.7325909347015453,0.0013095973602474,0.0205781805609319,0.0327418196740705,SPY
2017-02-08,0.0752680278917201,-0.1842704486945249,0.1647930055815374,-0.8707330190921995,-0.8395372032531444,-0.8429389230117879,0.07740729805290851,0.6489247682333914,-0.9970051587836893,-0.017314237511349907,0.005914859355605,0.0244755082948904,0.0326995133342764,SPY
2017-02-09,0.49161290511706374,0.0268340227388526,0.20464225420601315,-0.8458560217318857,-0.8384122110708386,-0.8413820114467888,0.28834882572821224,0.754838334885799,-0.43101758322464695,0.6979624596788455,0.0039384079512796,0.0177088132359886,0.0302830243168052,SPY
2017-02-10,0.3129291694023013,0.4267463821558273,0.43378475821344,-0.8488098813761942,-0.836162133024537,-0.8391667653719762,0.4054818380486585,1.167090882643955,-0.41151009386672144,1.413239156869041,0.005428101148369,0.015345382631076,0.0268492410459755,SPY
2017-02-13,0.4476068776132226,0.6058126526642879,0.30601003282941125,-0.830879015495943,-0.8315378799205405,-0.8366222893198367,0.5779022071205288,1.1393880392664266,-0.7995735834020223,-1.4478676318917407,0.0039872147454307,0.0158552443432444,0.0175870453352242,SPY
2017-02-14,0.3173416129807745,0.5726562217268544,0.6206660539227145,-0.8500880718410162,-0.8260720685859032,-0.8333083032702087,0.6755938775882153,0.9670726561625589,-0.196357189440064,-0.7325909347015453,0.0052069250942059,0.0109794082757161,0.0222159761993525,SPY
2017-02-15,0.4276111602775857,0.5759807863166068,0.7925768580016878,-0.8372016939283484,-0.8196052059442052,-0.8296739781461471,0.8178297651713484,1.2778514185377428,0.39086343876031165,-0.017314237511349907,-0.0008518357032967,0.0064492730371821,0.0150402793216848,SPY
2017-02-16,-0.1201392224187346,0.560914972415875,0.962482101173908,-0.8626216302891394,-0.8134484140812283,-0.8257549716428539,0.7026340541875142,1.355692245031922,0.31326121800145723,0.6979624596788455,0.0015749773463671,0.008569340389827,0.0141344840605182,SPY
2017-02-17,0.09926006088581477,0.23129414708449453,0.6674858760842545,-0.8661332349855644,-0.8083547064173944,-0.8220405970315449,0.6926259758529458,2.1952165444541114,0.023370333697287003,1.413239156869041,0.0059379628605373,0.0085559863566677,0.0114619828475115,SPY
2017-02-21,0.49370160841650906,-0.016102656666107277,0.5644513665280153,-0.8728923917692499,-0.8016574336603032,-0.817440958198484,0.8461736414224486,2.266999042774348,0.4575783246494,-0.7325909347015453,-0.0008886213220975,-8.49657122872216e-05,-0.0073986594610362,SPY
2017-02-22,-0.12346487554307722,0.4463969659682042,0.5866789501708691,-0.8843718122411849,-0.7951551437263488,-0.8135797974461124,0.7310154108927714,2.1458905001259123,-0.5710819651896016,-0.017314237511349907,0.0006767898556718,0.0147041719969029,-0.004159669565011,SPY
2017-02-23,0.01805821809905356,0.2785844095609482,0.37411532471465314,-0.9409328903165372,-0.7887769195765585,-0.8105238043864313,0.6974355522695278,2.146364237999659,-0.11961954786973644,0.6979624596788455,0.0012682316493481,0.0077100249496879,-0.0059041308160461,SPY
2017-02-24,0.0715283054083805,-0.079790070401537,0.1766226369430788,-0.9492839265880765,-0.7833376201600574,-0.8072275766216821,0.6836723023394885,2.0776500540959004,0.18080593403115297,1.413239156869041,0.0015616233132078,0.007071313840278,-0.0078989346341344,SPY
2017-02-27,0.09805277163673914,0.06712793843081709,0.2690476480485094,-0.9628730352580315,-0.7783766906775141,-0.803606603532565,0.6756667250937575,2.3553257263515843,-0.8185057810771396,-1.4478676318917407,-0.0027029892084176,0.0025272579584187,-0.0104873301673382,SPY
2017-02-28,-0.28749523377959946,0.12739999751433784,0.2684654747220296,-1.0247491355131897,-0.7750990181787856,-0.7996386892230569,0.48438885157931943,1.9649662556455727,0.7769653780926498,-0.7325909347015453,0.0139005163870926,0.0022388930796992,-0.0005340331433973,SPY
2017-03-01,1.213566921998189,-0.1431070183929194,-0.10823958134060196,-0.8608468686878202,-0.7697129299619364,-0.7941894595440491,0.9523591796681186,2.1246413760183205,2.597393709632851,-0.017314237511349907,-0.0063173571915431,-0.0135199411594806,-0.0135001972293142,SPY
2017-03-02,-0.6142570110028188,0.6973793873148642,0.5364975848189418,-0.785650248566774,-0.7667452970146994,-0.7894519725146322,0.5948903862135572,1.4046648536157735,-0.29634584709690787,0.6979624596788455,0.0006295205399382,-0.005935292947484,-0.004003570050771,SPY
2017-03-03,0.01378477231562783,0.4511800615850699,0.23158551789550233,-0.785556426829392,-0.7634675464478963,-0.784714461964309,0.5268096904136994,1.326913589796036,0.12537002909807976,1.413239156869041,-0.0029824325686513,-0.0030664431492883,-0.0069633679346212,SPY
2017-03-06,-0.3127586849416007,-0.4527982396245666,0.20374070376413753,-0.7837251792939526,-0.7611465201353925,-0.7809911886098044,0.3302571537502611,0.8839058025012416,-0.8462235228392487,-1.4478676318917407,-0.0029913540871371,0.0004206140998128,-0.0057216247161173,SPY
2017-03-07,-0.3135652467663956,-0.2256337125623214,0.0056411411155314495,-0.7740538307313705,-0.760694787028491,-0.7774013493614181,0.1370157585244263,0.4619558978201058,-0.468037341962838,-0.7325909347015453,-0.0018583178520872,-0.0004221263754322,-0.0020933378086285,SPY
2017-03-08,-0.2111315887792378,-0.4722762503172079,-0.0069302175655104265,-0.7646279214270788,-0.7604467647554672,-0.7740117122341744,-0.005105218355668954,0.04201035989168169,0.029564564342651832,-0.017314237511349907,0.0012672910204534,0.010052337086214,-0.0032118218133678,SPY
2017-03-09,0.07144326659363485,-0.3957051079893805,-0.693941612626972,-0.7645999927894005,-0.7600747079255088,-0.7706220907875356,-0.019352700837705884,0.18276754500407918,0.49435031288396813,0.6979624596788455,0.0034983703381339,0.0068162742822988,-0.001671792106527,SPY
2017-03-10,0.2731469797669745,-0.10561966043497671,-0.36328645945458815,-0.7791214368730637,-0.7592331184676385,-0.7674681723511926,0.062154323427600765,0.28498515810731245,0.1841029974046878,1.413239156869041,0.0005046246804498,0.0015602729797015,-0.0061903389073174,SPY
2017-03-13,0.0024933949006032863,0.25926101212918,-0.23821803928045718,-0.7844213988554783,-0.7586130081374263,-0.7646656797881987,0.028333695867977186,-0.023305475054278962,-0.7192557760103249,-1.4478676318917407,-0.0038340945623822,-4.187556738788345e-05,-0.0060998833130643,SPY
2017-03-14,-0.3897543278767535,0.20731059104800922,-0.08619866849425772,-0.778765366830855,-0.7582320827741923,-0.7628285322954148,-0.16339357624318018,-0.2568801296022928,-0.6060855836899343,-0.7325909347015453,0.008616145609559,-0.009130460453016,-0.0034563036314869,SPY
2017-03-15,0.735826305980407,-0.2921537476337903,-0.12293820777650863,-0.7326848747900515,-0.7589673747416792,-0.760493157107614,0.14287335071740453,0.18575691534527103,0.9074372320044454,-0.017314237511349907,-0.0019687717834617,-0.0153962374886473,-0.0164639088840106,SPY
2017-03-16,-0.22111732434510364,0.2603774259250277,0.33369936109993104,-0.7417110435550512,-0.7587813385198922,-0.7589095571533307,0.03167328585450218,-0.011821948166903467,0.24782488957200433,0.6979624596788455,-0.0017576309644633,-0.0144951371005488,-0.0210111026758408,SPY
2017-03-17,-0.20202885588190578,0.387437319268131,0.19262217304899576,-0.7383279544733445,-0.7590992161060739,-0.757423271032125,-0.0687254988479205,-0.20643235551145192,0.7600060979681077,1.413239156869041,-0.0010975238666395,-0.0134640783048256,-0.0104325648258125,SPY
2017-03-20,-0.1423509898069514,-0.31919156017077366,-0.03651487684551271,-0.7363663618839901,-0.7590194461474412,-0.756217722618056,-0.13662331225132252,-0.10363093827540358,-0.954614166057691,-1.4478676318917407,-0.0129226794480103,-0.013393326658182,-0.0123239327000277,SPY
2017-03-21,-1.2114200142532172,-0.25984490519082054,-0.10636105275711738,-0.621395321824521,-0.7610154750653589,-0.7569931834050482,-0.6440166877378877,-1.7359086249644782,2.5905830564254155,-0.7325909347015453,0.0023503685739276,0.0067796606053516,-0.0012413436517233,SPY
2017-03-22,0.16936034307729886,-1.0203727267140537,-0.5025808039545807,-0.6161832561870886,-0.7621323637815208,-0.7574294805516056,-0.541201510449845,-1.2713138925483203,1.0331335054907087,-0.017314237511349907,-0.0010676713953632,0.0053636443325997,0.0045143031284062,SPY
2017-03-23,-0.13965213716818006,-0.7855131888862409,-0.7757393483658691,-0.6163373705219342,-0.7637374277818104,-0.7580486292301496,-0.5723689019836601,-1.3750662516662435,1.1306776144912856,0.6979624596788455,-0.0007265721687401,0.009610585714963,0.0023899997674412,SPY
2017-03-24,-0.10881460484684541,0.022012498235156504,-0.7364555901054488,-0.6182726303087298,-0.7662290640645583,-0.7588771923851275,-0.5858038721616072,-1.2656116221975167,1.6176371709619464,1.413239156869041,-0.0010267722199959,0.0080068805397912,0.01405434354941,SPY
2017-03-27,-0.13595459245431107,-0.18757898212658208,-0.691506253695838,-0.6212454927594381,-0.7690405140217377,-0.7599775631428373,-0.6061158656139572,-1.160898354201418,0.47607170396234355,-1.4478676318917407,0.0072503078155232,0.0072929634096396,0.0208831781153522,SPY
2017-03-28,0.6123459113273311,-0.18479305954056718,-0.6884218131385114,-0.5819923963466519,-0.7695332797086526,-0.7600337232287483,-0.31254195486930647,-0.49776612150581295,0.722017083992147,-0.7325909347015453,0.0009343523011757,0.0006795884144681,0.0130036219467744,SPY
2017-03-29,0.041343495865938495,0.3585667983161986,0.19102598814749544,-0.750148845245314,-0.7716463482840202,-0.7614640139103923,-0.24718924837307807,-0.5197690765140986,-0.6880267973018314,-0.017314237511349907,0.0031792699870001,-0.0032315657435342,0.0129080078761223,SPY
2017-03-30,0.24429828524117048,0.49215240361118473,0.12929430798587668,-0.7704335412729825,-0.7726757539157779,-0.7618875078431718,-0.10987105628997845,-0.541437022323924,-0.8981941658621334,0.6979624596788455,-0.002330277343912,-0.00360351500324,0.0075470989795878,SPY
2017-03-31,-0.2537997186005627,0.2148461710741887,0.31444106945048106,-0.7671754261629026,-0.7738234951350238,-0.7626234613464971,-0.19040201030984916,-0.7156446738789756,-0.11243381550978332,1.413239156869041,-0.0017406893501474,-0.0022934141219845,0.0123941960102387,SPY
2017-04-03,-0.200497226554527,-0.007530084229809716,0.24452703184211247,-0.772030773051301,-0.7751046859210025,-0.7632267490933375,-0.2494194514961961,-0.5902021338390558,0.4248806382556507,-1.4478676318917407,0.0006369328203517,4.23555028659095e-05,0.0145117743721367,SPY
2017-04-04,0.014454889451597383,-0.34266216737101357,0.21340358729668307,-0.778900691512372,-0.7735476962410551,-0.7634472105558163,-0.21933298793104153,-1.2551051721596282,-0.8919055953972952,-0.7325909347015453,-0.0029768018568265,-0.0017850921982907,0.0126594955092036,SPY
2017-04-05,-0.31224963289944746,-0.1405451872652418,-0.07490860080929655,-0.7739654344149554,-0.7731028018974887,-0.7637846493297287,-0.3334763276630366,-1.3108085020013,1.4426826328375517,-0.017314237511349907,0.0028073207272942,-0.0031997499844287,0.0168096758658329,SPY
2017-04-06,0.21067171437019325,-0.2247452651464632,-0.2454166113389794,-0.7675946071379842,-0.7718482323249517,-0.76396064843744,-0.21631406507909684,-0.9456991929886475,-0.36579279947729443,0.6979624596788455,-0.0010201764626565,-0.012523036287015,0.0179314992492516,SPY
2017-04-07,-0.13535829418019574,-0.07690529927799918,-0.2616318577159766,-0.7800757713391503,-0.77065602353041,-0.7646131497622869,-0.24512710543888835,-0.9403829644520056,-0.12510482204773535,1.413239156869041,0.000595080274703,-0.0026819529387935,0.0187851053566898,SPY
2017-04-10,0.01067115402085714,0.05637383970272053,-0.20451759276198236,-0.7799252896236705,-0.7691257175183634,-0.7652564700930528,-0.2085758514266302,0.29643338386063006,-0.4308328857712983,-1.4478676318917407,-0.0011905148808049,-0.0062659249543512,0.0172716695038275,SPY
2017-04-11,-0.15075796695934413,-0.09431698932269589,-0.10268897243668944,-0.7916876641208875,-0.7693570488370366,-0.7656200719559902,-0.249866261002771,-0.06786947073290196,0.4809355862919112,-0.7325909347015453,-0.0043914596429646,-0.0069155004732524,0.0202562064390257,SPY
2017-04-12,-0.44014366430944735,-0.10591990410331845,-0.1823571366878293,-0.8623311547837526,-0.7707005067193203,-0.767355750255439,-0.39421871089474647,-0.4391095429521235,0.18415723130650544,-0.017314237511349907,-0.0065159655752919,0.0055819745237695,0.0226031769293406,SPY
2017-04-13,-0.6322124678761031,-0.4455872459971733,-0.2440295931930771,-0.8301120606759089,-0.7740636481461278,-0.7695614468419596,-0.6144865663119642,-0.9223189244530468,0.6655077180177167,0.6979624596788455,0.0088209068855649,0.0089059653427332,0.0274465083856894,SPY
2017-04-17,0.7543380233170364,-0.8083401190613612,-0.6504812273737665,-0.7407654592013418,-0.7751046078529278,-0.7706604925885678,-0.237188372901223,-0.1585159978525683,-0.4681672587679516,-1.4478676318917407,-0.0029888917408547,0.0110228300703969,0.0241341183044747,SPY
2017-04-18,-0.3133426350536058,0.09164453823021998,-0.22145606616173646,-0.7356579137386828,-0.7764036450007606,-0.7719561417575284,-0.33326584542263016,-0.9128832740552668,0.2669532801799235,-0.7325909347015453,-0.001840090399706,0.0198137841571979,0.0262068092508656,SPY
2017-04-19,-0.20948371153980352,0.3318976623979347,-0.37770046704184146,-0.8952110587616763,-0.7782186184400514,-0.7720856870736682,-0.40516913445041336,-1.1102618578619954,-0.4390825637794925,-0.017314237511349907,0.0081060153540573,0.0210246262038493,0.0101435212920009,SPY
2017-04-20,0.68970729715748,-0.3942957842834809,-0.4060189185633744,-0.8300326664561019,-0.7777204036015294,-0.7716121092893186,-0.08557159237470842,-0.7103193715975159,0.7330481025316341,0.6979624596788455,-0.0031919747563282,0.0137573490803157,0.0060580077456764,SPY
2017-04-21,-0.3317026269995801,0.3614542274903409,0.13881248216951517,-0.8198884113420509,-0.7784767271083147,-0.771361917400234,-0.22017276048229836,-0.7614356543308428,1.5496032536839937,1.413239156869041,0.0109377716132286,0.0147676849271096,0.0157330379093663,SPY
2017-04-24,0.9457160135443583,0.26936813702612994,0.2837229200260274,-0.7154446575344778,-0.7767239895380995,-0.7698831266080984,0.19724218308875707,-0.008580133423184593,1.8723239774433327,-1.4478676318917407,0.0058020623459462,0.0063467330006199,0.0098598777552245,SPY
2017-04-25,0.4814153404214785,0.46225842514677123,0.37600831167593235,-0.6972835792060594,-0.77386793148309,-0.7676805347813181,0.39259347413508155,0.21776516156356127,-0.12264203430586768,-0.7325909347015453,-0.0006292483530545,0.0009215596664242,0.0062680235583973,SPY
2017-04-26,-0.10001591497131386,1.074903811700332,0.7592527534557039,-0.7317370519305995,-0.7708962546095882,-0.7663044833115029,0.3397389159467577,0.36623321158352073,0.2494337907804826,-0.017314237511349907,0.0008387382305237,0.0003354619768973,0.0092274778671743,SPY
2017-04-27,0.032699377779551286,0.2869949629894271,0.8120397979187306,-0.7317785058876818,-0.7668301882390262,-0.7649373384251861,0.34750714627658347,0.2881022835978191,-1.0069062853804105,0.6979624596788455,-0.0021816389095343,0.0006701022461763,0.0131569125978003,SPY
2017-04-28,-0.24036186191090322,-0.05109099181664234,0.4952205383745095,-0.7316562215187221,-0.7618743956357917,-0.7641375962217386,0.24223027602997652,0.21008617764083762,-0.7063731104540718,1.413239156869041,0.0025168196867388,0.0067808852664237,0.0151318727032085,SPY
2017-05-01,0.18440857881226047,-0.1568349310223288,0.5392664512289497,-0.7352313216952763,-0.7582176557940047,-0.7628240946842706,0.3200022610098419,0.2892054067994626,-0.5486734179009759,-1.4478676318917407,0.0003768890117505,0.0040974952244665,0.0117456196862022,SPY
2017-05-02,-0.009054719268692226,-0.042529324905663565,0.17215237140826498,-0.7404827648375323,-0.7538580066220788,-0.7612872229321416,0.30550887993367676,0.3809350032012193,-0.9599383388071361,-0.7325909347015453,-0.0012153460425814,0.0028022506345566,0.0111203276148659,SPY
2017-05-03,-0.15300286138915528,0.1317495122304728,-0.06435978705517836,-0.7371941023600446,-0.7493738544847702,-0.7599469075605514,0.22948730948105217,0.5997635688946951,-0.2536022361800098,-0.017314237511349907,0.0011733784998027,0.0058116187315313,0.0202565047117557,SPY
2017-05-04,0.06295297941352358,-0.12247382373320634,-0.08991090239866534,-0.7497380487791786,-0.7463310263680725,-0.7581687897043471,0.2430583751729582,1.1716300148129701,-0.7970123974702567,0.6979624596788455,0.0039291441107129,0.0025937510790789,0.0224060063063067,SPY
2017-05-05,0.31209165949140677,-0.06821947668697291,-0.07532215333564615,-0.7445390655946518,-0.7417845915208435,-0.7562656033446593,0.36753156765897554,1.019953372903725,-0.7883078450836986,1.413239156869041,-0.0001665703552182,-0.0030080271505772,0.0177394060077231,SPY
2017-05-08,-0.05818689104211957,0.28220693614036063,0.19107937763677177,-0.7469262102866716,-0.7395691444724374,-0.7542729983363861,0.32189024292617496,1.3148184641838354,-1.3870760928433221,-1.4478676318917407,-0.0009183555781593,0.0026670600089913,0.0147039613618122,SPY
2017-05-09,-0.12615304077708925,0.19093385432944845,0.07409613457202338,-0.7439502955445543,-0.7387773156053213,-0.752441229291031,0.2485841267756143,1.4168087514596217,-1.2235740002878672,-0.7325909347015453,0.0017940220543932,0.0026692147926867,0.0174709508409316,SPY
2017-05-10,0.11906309102002244,-0.1392625065412893,0.017629534368344562,-0.747465056380631,-0.7374694411514429,-0.7502922729727979,0.28058701631312877,1.205294263075678,-1.0889354046214057,-0.017314237511349907,-0.0020444891526496,-0.0170281856202771,0.0161694363808591,SPY
2017-05-11,-0.22796265449356015,-0.005713147004329387,0.14882389450799727,-0.7663818873288333,-0.7367754315818082,-0.7479020235086754,0.1504793162871749,1.3547956265048697,-0.7135177006302814,0.6979624596788455,-0.0016726341189432,-0.0109631946598947,0.0166947970093103,SPY
2017-05-12,-0.19434460225023814,-0.08242180755455301,0.00853992987702373,-0.8175048048817238,-0.7359747341814171,-0.745011429467895,0.0263989118924414,0.4838145860533275,-1.0585259701097811,1.413239156869041,0.0055085168043502,-0.0028075051335898,0.0181620092518173,SPY
2017-05-15,0.4548769626703244,-0.31855947156585596,-0.23567137522147216,-0.8586929257952706,-0.7345333477063465,-0.7424514296170538,0.2025065103328834,0.4621829091097774,-0.6809994166209985,-1.4478676318917407,-0.0009162007944638,-0.0032514104788532,0.0175313212348902,SPY
2017-05-16,-0.12595823467180045,0.19592742698133253,0.011735856012496685,-0.8734198925238206,-0.73336780696609,-0.7396769818156548,0.11157797380223113,0.4161019691538422,-1.121229400665153,-0.7325909347015453,-0.0179033783585707,-0.0001250015352702,0.0171792270222592,SPY
2017-05-17,-1.6617067685147733,0.2474532747411201,0.01182979449361555,-0.5642868037726587,-0.7357344562613933,-0.7386136878478761,-0.6344627027969816,-1.2854152560524141,3.5707980052592605,-0.017314237511349907,0.0040205018077328,0.0201085827790228,0.0331565889649292,SPY
2017-05-18,0.32035097442021726,-1.3472910429593112,-0.8468846466514158,-0.5992599227397628,-0.7375049621253887,-0.7379747972879517,-0.4847321246609502,-0.8216273740024486,1.0629555483810333,0.6979624596788455,0.0064830554073616,0.0208562539324397,0.0293543347751006,SPY
2017-05-19,0.5429814300016413,-1.0110184615111075,-0.5824794351054932,-0.5829784467077442,-0.7387416228816109,-0.736312809990525,-0.25412235276035605,-0.5382962374161291,1.3155591165915055,1.413239156869041,0.0050646114590868,0.0141665197209519,0.0311619253451063,SPY
2017-05-22,0.4147451055339287,0.6501083463173928,-0.2269295540600725,-0.6510569967220406,-0.738866188301453,-0.7352628837382951,-0.06829183009935678,-0.2559454871940853,-0.6688225372114066,-1.4478676318917407,0.002210208149119,0.0082324749315976,0.0193301225718958,SPY
2017-05-23,0.15668895219495294,0.7212297964164044,-0.2462817488922532,-0.6725492842739084,-0.7383234902740204,-0.7345927574137094,0.009022246242372993,-0.06286574024211694,-1.1240623823507572,-0.7325909347015453,0.0023302059557224,0.0057738637228927,0.0168732468061376,SPY
2017-05-24,0.16753751458032135,0.43017694323790256,-0.10998495578788096,-0.6702462285252907,-0.737665064132791,-0.7336053889341289,0.08531893267537452,-0.0052287288204377665,-1.1341386703904666,-0.017314237511349907,0.0047681729611497,0.0113644888214787,0.0140902273126268,SPY
2017-05-25,0.38794518619103285,0.24391788097772793,0.7721045932154361,-0.6555833143475259,-0.7355475612907862,-0.7321936013660889,0.25360265320669684,0.03641294149286749,-0.4944432761644682,0.6979624596788455,-0.0002066788041261,0.0099191959546827,0.0105156938786992,SPY
2017-05-26,-0.06181294907162846,0.4181583608908676,0.8046995551498088,-0.6617960926717638,-0.7331185668311023,-0.730571826979543,0.2139892590320727,0.03373956889328179,-1.141797960638754,1.413239156869041,-0.0008694333302674,0.0093884185709383,0.0113802487835812,SPY
2017-05-30,-0.12173015944858422,0.2453537875201131,0.5130584627016009,-0.6626499687667258,-0.7320509546836319,-0.7293119452700159,0.1542145903140514,0.036384878212030576,-1.5128537842353822,-0.7325909347015453,-0.0002484030595857,0.0070558369000766,0.0041606864229004,SPY
2017-05-31,-0.06558508625604008,-0.13866213840580624,0.25436189116486796,-0.6621226722690816,-0.7308409151408498,-0.7281190589442829,0.12122798703547485,-0.0663498939986866,0.5856967758599363,-0.017314237511349907,0.0079208310543084,0.0091528738606223,0.0133195711117473,SPY
2017-06-01,0.6729654625733152,-0.14150426284046977,0.14717795288809785,-0.6240249510207777,-0.7241323849674008,-0.725938804138969,0.4047026592085641,0.4118407788969483,-0.2747621667016086,0.6979624596788455,0.0033228800943536,0.0017245504006346,-0.0034288879542545,SPY
2017-06-02,0.25728154929317987,0.45726077009835203,0.39090303368729107,-0.6200024554229058,-0.7175484358274082,-0.7235217565213291,0.4952818713515814,0.6398061922772916,0.4587651183041641,1.413239156869041,-0.0007374561878705,-0.0031174582179174,-0.0048890492056576,SPY
2017-06-05,-0.10979858917024173,0.7005252934105938,0.32789503108889717,-0.6243803457178017,-0.7124947926994626,-0.7216050770012541,0.42800591752775696,0.3920367110934187,-1.149145831253279,-1.4478676318917407,-0.0032020150011291,-0.002585423906483,-0.0024572916559435,SPY
2017-06-06,-0.33261032877488783,0.11075012636852413,0.3047556220857416,-0.6124339295758876,-0.7092117178899716,-0.7200190465532349,0.2658651537989488,0.23812950170338434,-0.9110435808503661,-0.7325909347015453,0.00184863390096,0.0054944198820692,0.0030540556441502,SPY
2017-06-07,0.12400034813521468,-0.33370510908770024,0.20306598162938655,-0.613905413259196,-0.705999778710061,-0.7181336733605428,0.3057919311852817,1.87867635357289,-0.7691401966994834,-0.017314237511349907,0.0004925075943207,0.0023774909740144,-0.0079811676462426,SPY
2017-06-08,0.0013979335040889007,-0.15754882419386904,0.29448697546014163,-0.614522853544589,-0.7031793040834567,-0.7163867599077911,0.29266759230062694,1.8130380264844752,-0.339968403307552,0.6979624596788455,-0.0015191285241984,-4.1033036207061e-05,-0.0020092834123532,SPY
2017-06-09,-0.18046672341036893,0.09411038044158972,-0.029353150386600354,-0.6166729965091104,-0.701711265167716,-0.7145862971898187,0.1959962054293006,1.427595395069969,2.005657862746506,1.413239156869041,-0.0002054218764362,0.0016963431058956,0.0005829404464536,SPY
2017-06-12,-0.061699314840772526,-0.13529095394471732,-0.24044205743662875,-0.6208642152092115,-0.7002432574792058,-0.7126294361200727,0.15037921156294906,1.1915999143619638,0.362137345626257,-1.4478676318917407,0.0048778287874231,0.0101924109596991,4.528440445472626e-05,SPY
2017-06-13,0.3978587679965555,-0.18283170405912944,-0.21724785227071827,-0.6251652611941418,-0.6975296112058917,-0.7107306952118311,0.31442591279177246,1.3122274050558442,-0.5436177242898599,-0.7325909347015453,-0.0012682950070947,-0.0014526091418476,0.0026543804505765,SPY
2017-06-14,-0.15778978342566957,0.2529088138395446,0.13499550969390647,-0.6240689445441611,-0.6950383808771321,-0.7088721201726564,0.22697998349541748,1.0198194586491718,0.09807312870406573,-0.017314237511349907,-0.0019260164159007,-0.0004309817513918,0.0056013584175111,SPY
2017-06-15,-0.2172519680904859,0.18050925482226432,-0.0008879982438975667,-0.9824597842577805,-0.6946735531508822,-0.7053202671892767,0.08081207007971179,0.4475628464579459,-0.30905241879667833,0.6979624596788455,0.0002182476179042,0.0010422211267204,0.0121807481734999,SPY
2017-06-16,-0.02339690690326705,-0.2829471805071794,-0.1063243223420921,-0.9882708361143732,-0.6949820625681109,-0.7021690850184621,0.030269752025904807,0.4926391265476678,0.3726647486447696,1.413239156869041,0.0082906459773672,0.0020176130360383,0.0118403128898405,SPY
2017-06-19,0.7063990758817933,-0.18168859431671938,-0.030582856379786742,-0.9597696823551125,-0.6933244119127667,-0.6987990408068533,0.3062747278594484,1.083024716626452,-0.33373716060724434,-1.4478676318917407,-0.0067671913141236,-0.0056151568405731,0.0040790627007991,SPY
2017-06-20,-0.6549248671913147,0.5142381636047055,0.33980592620329436,-0.8981261321367751,-0.6924480353208519,-0.6967103920944875,-0.010235069157656743,0.3760565658437658,-0.6189387212303702,-0.7325909347015453,-0.000246667616639,-0.0069369612173977,0.0162454154116744,SPY
2017-06-21,-0.06542819121265193,0.038412137305986055,-0.16786243200508233,-0.8985661481456568,-0.6920256401963878,-0.6948854284315942,-0.05452716050591032,-0.15989432056905048,-0.6334093154051328,-0.017314237511349907,-0.0004528135377883,0.0022201880285024,0.0169374313722983,SPY
2017-06-22,-0.08406508924753694,-0.5431226870951937,-0.12332426071034004,-0.8996374300384857,-0.6918083767447579,-0.6933600427224443,-0.10152920396385234,-0.49633141597530245,-1.0481832096504775,0.6979624596788455,0.001193639527222,-0.0061546264454026,0.016499562010976,SPY
2017-06-23,0.06478470472727367,-0.11300722619168084,-0.059099512284209,-0.9197801266612974,-0.6910025580786726,-0.6922182359666834,-0.07429154809315766,-0.31304642772156344,-0.18345057854592647,1.413239156869041,0.0006578761007558,-0.0054855471296741,0.0150631220770165,SPY
2017-06-26,0.01634829475998829,-0.014898054873776326,-0.01657699150750528,-0.9204551171814733,-0.6900092042837681,-0.6909822750197027,-0.07061474211462462,0.09254814119288748,-0.5748739188250238,-1.4478676318917407,-0.0080889956909482,-0.0044491218685864,0.0168330011012649,SPY
2017-06-27,-0.7744243617998136,0.06075861356212159,-0.34933002396701934,-0.8408043570860633,-0.6918269881737442,-0.6905324219903389,-0.4071093777432444,-0.8400087602864228,0.391432877271674,-0.7325909347015453,0.0089104816292611,0.0059492061213264,0.0249623694886729,SPY
2017-06-28,0.7624361479632086,-0.5715451646859583,-0.4069545065358441,-0.7690280625369662,-0.691437834435447,-0.6890860508485235,-0.07259881906123929,-0.18585721449681764,-0.0627898511746379,-0.017314237511349907,-0.0088276280116934,-0.0121478648973676,0.0151218435247075,SPY
2017-06-29,-0.8412014057997721,-0.009403754038845382,-0.007745670226688891,-0.7469448505218463,-0.6925438248483934,-0.6894582221619568,-0.4236721400818595,-0.6533144503612293,1.2944493256587721,0.6979624596788455,0.0018627188429505,0.0031441549425359,0.0227757080140325,SPY
2017-06-30,0.12527371617587602,-0.059717053674825736,-0.3728483731153165,-0.7545643550606389,-0.6932948397261058,-0.6899902572408138,-0.3385105391086759,-0.52865407775484,0.5597179903831832,1.413239156869041,0.0016943013618435,0.0023545314341939,0.0203456535711357,SPY
2017-07-03,0.11004770828212737,-0.5397883839860059,-0.3436796473625841,-0.7515551125744625,-0.6954852737634082,-0.6902577918787518,-0.2649172128352426,-0.7287975255976952,-1.222153461468364,-1.4478676318917407,0.0023093322989646,-8.284784608481033e-05,0.0208780944976805,SPY
2017-07-05,0.16565040369090156,0.17693219599799231,-0.2984963581871369,-0.7563123160878433,-0.6956997736051959,-0.6899254336207785,-0.17739101061285853,-0.509191907511781,-0.6325287940617709,-0.017314237511349907,-0.0091865893894329,0.0050947446884954,0.019053605011277,SPY
2017-07-06,-0.8736537898105512,0.20735409333824753,0.15482206056338918,-0.6862392560553219,-0.6978455214765938,-0.6907908069954055,-0.5328974358227535,-0.8788447955137728,-0.2202544129730162,0.6979624596788455,0.0064643918282101,0.0159600170377682,0.0262985625435447,SPY
2017-07-07,0.541294124137556,-0.5338178013915393,-0.6341255112162861,-0.6489988156613613,-0.6984981549666869,-0.6910094259868269,-0.26766708819915613,-0.542562962677884,-0.48009920204818585,1.413239156869041,0.0010730953346085,0.0141489985496461,0.0216545433197161,SPY
2017-07-10,0.05388674558304073,-0.25078827610707577,0.03253496151081624,-0.6497933645877759,-0.6991776907152895,-0.6909460136212191,-0.22532727018454335,-0.9423896597413846,-1.231800155428602,-1.4478676318917407,-0.0007430779184351,0.0129537155492824,0.0224388843430451,SPY
2017-07-11,-0.11030682924954052,0.44806902703752133,-0.0018889266909291754,-0.6493623102630991,-0.7001612391600238,-0.690941089911327,-0.25555978463065926,-0.6404753180454036,-0.7012307599537718,-0.7325909347015453,0.0074869248335449,0.0142261892560435,0.0207181502418887,SPY
2017-07-12,0.6337375896763544,-0.0428810367430625,-0.10814725228934165,-0.6236599094435038,-0.6977651425869791,-0.6906506929516643,0.04370623990264644,-0.21087778592716883,-0.3529823961028413,-0.017314237511349907,0.0016786829598398,0.0121384258192502,0.0131907543263567,SPY
2017-07-13,0.10863570573563998,0.39400876123996065,0.1175715424041225,-0.623665518760491,-0.696933670751578,-0.690037761632903,0.10082318781986803,-0.10592849947934277,-1.0594731449112968,0.6979624596788455,0.0046533733400879,0.0109050912033952,-0.0027037963931615,SPY
2017-07-14,0.377566572730024,0.5589714595855046,0.5912465491402261,-0.6141225157703218,-0.6931696653752826,-0.6887030520775106,0.26645019002986997,0.04508799559081009,-0.29343802512116823,1.413239156869041,-0.0001221876657551,0.0053610349641965,-0.0058815565603111,SPY
2017-07-17,-0.05417441457192689,0.3659588857782011,0.5122946216611273,-0.613827383620146,-0.6898348002050975,-0.6874055839583989,0.23701140985290814,0.01101980858672065,-1.2239061677082184,-1.4478676318917407,0.0005293957883258,0.0052404222232143,0.0041050859950138,SPY
2017-07-18,0.0047328600771264625,0.24328926945300394,0.46018587877381995,-0.664138686637433,-0.6867502837365597,-0.686956624723506,0.2502953235083341,0.5492391708119132,-0.8638800795722216,-0.7325909347015453,0.0053991613967516,0.0071387815598926,0.0034539174200345,SPY
2017-07-19,0.44499054061736343,-0.03762304974329593,0.5156597750781238,-0.6886633265241219,-0.6829773785997592,-0.6851697884510612,0.43877570289167706,0.41224064300837115,-0.5363447017851246,-0.017314237511349907,0.0004453483439847,0.0017799928596007,-0.0002023102050259,SPY
2017-07-20,-0.0028655616696870944,0.3384738011181694,0.4246430634673334,-0.6895315012002372,-0.6771212737329358,-0.6833066503559044,0.4219774952800325,1.2271352131781421,-0.6644545160068506,0.6979624596788455,-0.0008906828991106,0.0004046001809117,-0.0163614653368622,SPY
2017-07-21,-0.12365125517343811,0.33274875479673816,0.3708754482899664,-0.6883975100552491,-0.6728566334078054,-0.6814928983254066,0.3511269683445726,1.065605744922903,0.6791274204427673,1.413239156869041,-0.0002428004067374,0.0001215195576538,-0.0170348193196927,SPY
2017-07-24,-0.0650785709232288,-0.09569556294192327,0.12918055173971635,-0.6876245366925341,-0.6688779876671871,-0.6798362659545016,0.3100023892775977,0.9740633133232713,-0.6736952405354205,-1.4478676318917407,0.0024277551250042,-0.000203015635555,-0.0160098384886149,SPY
2017-07-25,0.17635657784947015,-0.14257008131431645,0.12392240090274932,-0.6853653842992832,-0.6642019910433415,-0.6779821206861685,0.3750606067040857,0.9806558129279668,-0.3526431071907187,-0.7325909347015453,4.037269645973396e-05,-0.0004040284721709,-0.0080350434074167,SPY
2017-07-26,-0.039477927354420184,0.08347143073634143,0.20668198047728448,-0.759265769822344,-0.6611443143788535,-0.6752435344278328,0.3253192295250099,2.2521864304077974,-0.6162942150954279,-0.017314237511349907,-0.0009300443347042,4.04416439305777e-05,-0.0116673040653543,SPY
2017-07-27,-0.1272097784640024,0.10276028770868884,-0.02693611873934567,-0.8170090615458215,-0.6586588142467694,-0.6735779327510109,0.2559142560621046,1.9575044821869974,0.25155702943733305,0.6979624596788455,-0.0011737635223685,-0.0009711458785304,-0.0130704678678972,SPY
2017-07-28,-0.14924353796950784,-0.12596240095379163,-0.08689680038635501,-0.9179829654290084,-0.6574518349725119,-0.6710817764824084,0.16117677517545118,1.6887796827258306,-0.5143512117397893,1.413239156869041,-0.0005673355999462,0.0020229902482196,-0.0095634962082815,SPY
2017-07-31,-0.09441860962418201,-0.20866552355094373,-0.09923779026844669,-0.9154610751090266,-0.6563432370858732,-0.6688505126698441,0.09642569530809689,1.720690665275097,0.07699041129748091,-1.4478676318917407,0.0022267422883883,0.0044477622061034,-0.0089550301490817,SPY
2017-08-01,0.15818374319512682,-0.18395895068657642,-0.11338600532350415,-0.914270957890997,-0.6548590536923043,-0.6665563617919301,0.14490382332950358,1.4993983394327555,-0.3252029259964946,-0.7325909347015453,0.0004848428125612,-0.0002427921018766,-0.0100377955998816,SPY
2017-08-02,0.0007049886458300237,0.0476727596587014,-0.1221492239228476,-0.9160207035429438,-0.6544566908357837,-0.664459770853259,0.1258023234204378,1.4329676323445608,-0.6194892365056713,-0.017314237511349907,-0.0019416318571652,-0.0007681059964248,-0.0057960623071799,SPY
2017-08-03,-0.21866370296738144,0.11934382827046996,-0.10277240772620115,-1.0484234221912723,-0.6545818183457621,-0.661581987866559,-0.0068401483055815235,0.5619707519669263,-0.8475643237362527,0.6979624596788455,0.0018203726043815,-0.013042341898938,0.0021437449844654,SPY
2017-08-04,0.12144534777561167,-0.16459264660316364,-0.14687288777978505,-1.0938189627558905,-0.6541079607465177,-0.6592025737003189,0.02348594282009145,0.785559290430398,-0.12713731358633032,1.413239156869041,0.0018574363579375,-0.0133871013303812,0.0017365283896806,SPY
2017-08-07,0.12479614604492599,-0.07362057741338589,-0.016342570230769484,-1.0928194691903608,-0.6531692702174521,-0.656733356710676,0.05373779104269104,0.9064359718260745,-1.1489558044584296,-1.4478676318917407,-0.0024638120195916,-0.0053800827987489,-0.0073288095963022,SPY
2017-08-08,-0.265872099760895,0.18515994447220238,0.08936613513463218,-1.0769583959053584,-0.6533123065437456,-0.6544571522848986,-0.08868913408680668,-0.24734118714797315,-0.05476715945636772,-0.7325909347015453,-4.0471081987014657e-05,-0.0030380435658106,-0.001457072310548,SPY
2017-08-09,-0.0467867173962842,-0.10666517423417524,-0.11512007303457107,-1.1580161549383432,-0.6534732204591239,-0.6530025566658916,-0.11705933171346147,-0.33005388072860187,-0.021399527168006492,-0.017314237511349907,-0.0142158677596784,-0.0012546387121323,-0.0015381964433345,SPY
2017-08-10,-1.3283324351737769,-0.2359446317184431,-0.13802129948706227,-0.8590151719685679,-0.6565487747126966,-0.6532988495329408,-0.6859840128988497,-1.7181731573987922,1.9985894787247929,0.6979624596788455,0.0014756131729383,-0.0027525777403054,0.0115021254206846,SPY
2017-08-11,0.0902769097364307,-1.0364575326340622,-0.6731205208326355,-0.8822453629586634,-0.6590432370597454,-0.6539453530264709,-0.6150182713205288,-1.5034549935233736,0.5102748368187368,1.413239156869041,0.0098644548895698,-0.0057922277951849,0.0206361245845236,SPY
2017-08-14,0.8486813779500957,-0.9331866639635753,-0.6881504179913683,-0.7795043945835106,-0.6592488371410286,-0.6534919169789222,-0.22493429620686842,-0.7203688302123162,0.4826646319763513,-1.4478676318917407,-0.0001217727866533,-0.0148745022604144,0.0141370107860776,SPY
2017-08-15,-0.054136906871197515,0.7070888218972047,-0.33908189628414415,-0.7795231330274496,-0.6599731058963805,-0.6531103294623368,-0.2368617365394575,-0.7325451372669293,-0.28042594312253677,-0.7325909347015453,0.0017429337716912,-0.0043501792675586,0.0147382643769029,SPY
2017-08-16,0.11444438641414774,0.5982799380154824,-0.23697995039849717,-0.8047243749730881,-0.6604201393051907,-0.6531327605674314,-0.16568538903435265,-0.5203437867486264,-0.20882098317065445,-0.017314237511349907,-0.0157138067878515,-0.0096850010007276,0.0126754927932779,SPY
2017-08-17,-1.4637556187851475,0.0450675831979311,-0.15923184810303959,-0.6007631040792164,-0.6638802256670443,-0.6549330586390539,-0.7667288676394363,-1.3156107351983242,2.8109023944995104,0.6979624596788455,-0.0015640368819411,0.0036955976498767,0.0297347069839855,SPY
2017-08-18,-0.18452672362525885,-1.0170125026630121,-0.22453497686516893,-0.6003547737917283,-0.6680822710099553,-0.6568051503595228,-0.7954713244587088,-1.354265533347056,2.8510640107733938,1.413239156869041,0.0007821804243404,0.007592842669065,0.033423282364934,SPY
2017-08-21,0.027586193579551756,-1.2422728936729122,-0.35704948859913477,-0.5986213601353984,-0.672525765294009,-0.6585650708739142,-0.7322897740087004,-1.462480851532131,0.05754884853737777,-1.4478676318917407,0.0104025502062023,0.0068517927039781,0.033641480147895,SPY
2017-08-22,0.8973286055703116,-0.11861837154067108,-0.7529941350105663,-0.5162037291502706,-0.6741530318547164,-0.6594540200377832,-0.29699205001054135,-0.8307989252565552,-0.04483331067050991,-0.7325909347015453,-0.0035918879614778,-0.0024067806646357,0.0235991075627781,SPY
2017-08-23,-0.3678573158026598,0.6965077268927586,-0.2941829239995928,-0.5096539402601623,-0.6765581374835706,-0.6607425345315825,-0.41867353507708127,-0.897463115113605,-0.5701942724963882,-0.017314237511349907,-0.0023332081372471,0.0059116834021049,0.0245080968635234,SPY
2017-08-24,-0.25406468089641154,0.3985600103591365,-0.5267561756552556,-0.507664915362245,-0.6763525217886727,-0.6621836605111096,-0.48647842801570823,-1.0874074307034427,-0.5262366770073589,0.6979624596788455,0.0023332081372471,0.0142430669738322,0.0270417534080804,SPY
2017-08-25,0.16780893082104106,-0.46895960343055076,0.05657528187441123,-0.5020659617495915,-0.6759591679879614,-0.6632387221613949,-0.372974617388299,-1.0623363370456063,0.02673927956539912,1.413239156869041,4.113045925357994e-05,0.0133230148461818,0.02266169291648,SPY
2017-08-28,-0.039409420794383476,-0.06536078028890227,0.22647691906989456,-0.5018969821668867,-0.6777204774327682,-0.6642263964127679,-0.35320054806643064,-0.9649143851991424,-0.900725385604301,-1.4478676318917407,0.0011439768375884,0.0060739827588829,0.023223037508206,SPY
2017-08-29,0.06029488277164442,0.09637166207497785,0.19417060994844676,-0.5051522028069754,-0.6792046608263376,-0.6653353601418803,-0.2865230230205553,-0.9003249223988897,-0.4818926522049084,-0.7325909347015453,0.0047265761052628,0.0083379311874569,0.0259659289497351,SPY
2017-08-30,0.38418456673558166,0.015364983872955764,-0.20945984327607556,-0.4875619667409,-0.680036163888969,-0.6659773711421499,-0.08270485715466727,0.06695374666848504,-0.05065398905474521,-0.017314237511349907,0.0059981754344802,0.0034897598674206,0.0224384089121727,SPY
2017-08-31,0.49914520678962004,0.3345227354291664,0.15318624567457137,-0.4647782620580543,-0.676102235541485,-0.6657394336456772,0.1578503417172324,0.26147842036208097,1.568370102987621,0.6979624596788455,0.0014131560095966,-0.0036839614627188,0.019948981047869,SPY
2017-09-01,0.08463038625317247,0.6651754047458627,0.5163955645576932,-0.46560705062107294,-0.6715157361583681,-0.6655463818803006,0.2121811572392245,-0.12487298731428233,-0.08001188563200498,1.413239156869041,-0.0072079016280452,0.0055124948644618,0.0228652962609983,SPY
2017-09-05,-0.6947678732410462,0.4394756981246458,0.47628559917872715,-0.435267207603719,-0.668690452538368,-0.6663589586587353,-0.06736493918312483,-0.5347174266779722,1.180289201456113,-0.7325909347015453,0.0034079252661625,0.0160857375836309,0.0322108575483408,SPY
2017-09-06,0.2649701719276963,-0.46008054061724296,0.1602617377969782,-0.4299970555609402,-0.6673850606492618,-0.6665205864921935,0.07469382821592713,-0.4473730741290759,-0.21261051580109916,-0.017314237511349907,-0.0001215952147735,0.0131572931216403,0.0299890146742338,SPY
2017-09-07,-0.05412085324763201,-0.324203162263431,0.25895929020823955,-0.4299964096512532,-0.6653197228947092,-0.6666911993121734,0.07288987214717545,0.6117401787018159,-0.20609303977679444,0.6979624596788455,-0.0011755458956592,0.01295905052448,0.0360181006490911,SPY
2017-09-08,-0.14940467581348596,0.15849363811978315,0.04760171822527147,-0.5739557601559239,-0.6630041301201981,-0.6654251864861896,0.0014117959787888735,0.6455370247340823,0.050771462278992194,1.413239156869041,0.0106096123367773,0.0154800038229954,0.0360540415470271,SPY
2017-09-11,0.9160483347451491,-0.15371793380949295,-0.2651389467249389,-0.5048175319837455,-0.658846677261502,-0.6631400205947974,0.39391118918331103,1.0076384094977682,0.36823267658610265,-1.4478676318917407,0.0033653410911238,0.0069949299852254,0.0237917411620278,SPY
2017-09-12,0.26112029256228714,0.5772580143488402,0.13578349430500022,-0.5583221463311223,-0.6539471248992136,-0.6615641668592609,0.5032777387622717,0.7713319650764572,-0.23066610548151517,-0.7325909347015453,0.0004794808041719,0.0046299671014029,0.0230615292829199,SPY
2017-09-13,0.00022022909756223225,0.8865688868390412,0.5967273763568919,-0.5588036674161838,-0.6491906400904492,-0.6599209962875338,0.4923502359602303,1.1361211403930602,-0.12627216553870715,-0.017314237511349907,-0.0003198378119337,0.0045106639183165,0.0241517587054671,SPY
2017-09-14,-0.07204324069457847,0.19653633771134954,0.46906090784425114,-0.5588834094442203,-0.6455428312363974,-0.6585068017466645,0.45273537899069977,1.3539163832580736,1.3763478638088678,0.6979624596788455,0.001345407402856,0.0021476030695177,0.0229804371736603,SPY
2017-09-15,0.07850548274409144,-0.05448640412410481,0.46041845871580633,-0.7971828280208176,-0.6429172457512401,-0.6552129731144418,0.4468157055895311,1.324687024821922,1.3261651379778863,1.413239156869041,0.0021245384990074,0.0010026440739716,0.0228516096975734,SPY
2017-09-18,0.14894387276329235,0.004497779479459703,0.5703202202428062,-0.8067817911954331,-0.6401283886948513,-0.6515094730025269,0.4655097067057382,1.3884083775851916,-0.7162800890827795,-1.4478676318917407,0.0010003782073013,-0.003168746779389,0.0220598035942405,SPY
2017-09-19,0.04731265631919093,0.17100096963421527,0.2004107252883572,-0.8071276978931344,-0.6355235433142018,-0.6477784691098809,0.43742968470012217,1.385062505282931,-0.6630986247779533,-0.7325909347015453,0.0003601776210855,-0.0035666499357107,0.0217643752115952,SPY
2017-09-20,-0.010565534918637435,0.14749867111363021,0.0973094155452809,-0.8926592620443228,-0.6315887874451277,-0.6451471538686377,0.40347471067088386,1.246486829545575,-0.1499519545801366,-0.017314237511349907,-0.0026828986607325,-3.995927767874719e-05,0.0223822066088335,SPY
2017-09-21,-0.28567892091449537,0.027315983430362227,0.09210835530164406,-0.9018555713992504,-0.6282291746952926,-0.6424230408084857,0.24279502760017813,0.651653698543954,-0.5976609103704978,0.6979624596788455,0.0002004484073099,0.0038419954507542,0.0253387900639872,SPY
2017-09-22,-0.02500606837053259,-0.2235771977896441,-0.010910034619111955,-0.9160499064032754,-0.6245653306587164,-0.6394204950900947,0.1957396392691098,0.5820598337710676,-0.459495410243851,1.413239156869041,-0.0020468523543533,0.0071502946136208,0.0302851743029854,SPY
2017-09-25,-0.228176302907956,-0.23445744709311891,-0.06082488649709173,-0.9045677434849688,-0.6237111878544495,-0.6369039461950151,0.06578165123057433,1.2953869423465862,-0.19023703935691658,-1.4478676318917407,0.0006024750509796,0.0135266181907001,0.0284353230447953,SPY
2017-09-26,0.011339688671891867,-0.19113198258740025,-0.24267799860032827,-0.9056624480349452,-0.6234733456583543,-0.6343242279837014,0.04320647878415361,1.1551864260075164,-0.2979687727439872,-0.7325909347015453,0.0038868682791175,0.0150618027990176,0.0295887248193436,SPY
2017-09-27,0.308269656327867,-0.16374719801123175,-0.26002471336202615,-0.8973812741014342,-0.6224711545574035,-0.6314325363005882,0.14928804135520454,1.3653651925926653,0.8393300270342191,-0.017314237511349907,0.0011990560677004,0.0123610169119556,0.0207392070435323,SPY
2017-09-28,0.06527439432207607,0.24043910118406903,-0.10627751149724789,-0.9119794434077758,-0.6211278840384993,-0.6289262895628294,0.15255039533708956,1.6036990079109017,-0.7225774742892782,0.6979624596788455,0.0035087475701764,0.017069451604339,0.0208320209841916,SPY
2017-09-29,0.2740851473250914,0.28107631486722584,0.06295754060549971,-0.9344121164397121,-0.6192950017828935,-0.6266874912196826,0.25547129040856587,1.2930607140308756,1.0158975359078393,1.413239156869041,0.0043294712227259,0.0124210990364392,0.02546595782339,SPY
2017-10-02,0.3482837680987015,0.2553199270228303,0.20718389571943882,-0.9214889480836289,-0.6169588927183756,-0.6241140138890588,0.3863464733098486,1.3496889065754452,-0.12097298835490951,-1.4478676318917407,0.0021376596592972,0.0064389397654913,0.0174046902935849,SPY
2017-10-03,0.15013010882877956,0.46855391537703894,0.48516175179469484,-1.0188910308003734,-0.614362208034438,-0.6204977998634836,0.4081067636093648,1.433610102715879,0.1928010034689927,-0.7325909347015453,0.0011860823920555,0.00693640931821,0.0168234583396342,SPY
2017-10-04,0.06410149180339583,0.3751597394794239,0.552088613479356,-1.023772318835867,-0.6115768015869465,-0.6171233023601256,0.3951893680062101,1.546813667191169,-0.2820833545047916,-0.017314237511349907,0.0059074907600837,0.0073200371528736,0.0169589166594752,SPY
2017-10-05,0.4909467373722684,0.1610420253366545,0.4343469930097607,-1.0019883849047122,-0.6068416918170091,-0.6130585759968927,0.5646192091475699,1.7087861224306609,0.04360098239258951,0.6979624596788455,-0.0011396049977232,-7.861295095068499e-05,0.0114398774431245,SPY
2017-10-06,-0.14615539081002316,0.4178310073833235,0.6396127022287734,-1.0022906746151015,-0.6024121092638502,-0.6089945003787571,0.4432031060482675,1.4445068570300112,0.7609240694315955,1.413239156869041,-0.0016526880482219,0.0022775719735417,0.0159124587663122,SPY
2017-10-09,-0.19254135101850386,0.25941253148516963,0.43696629235216455,-1.1209849427209548,-0.5979016637990151,-0.6063006979275865,0.32607222920640705,1.1377674324147422,-1.1610539309713754,-1.4478676318917407,0.0026351292120159,0.0052629924174381,0.019111613298377,SPY
2017-10-10,0.19510450986368333,-0.25556295902699533,0.17617215467439706,-1.126070760363305,-0.5929239496804303,-0.6036817311625837,0.38692182941590636,1.241927895448017,-0.8636704330409674,-0.7325909347015453,0.0015697102267191,0.0033328130300782,0.0157809440065932,SPY
2017-10-11,0.0987838798812621,0.0015600073078525262,0.19785949818132786,-1.126722588645422,-0.5884584089721089,-0.6009361356739245,0.40169042787121884,1.7058095516693925,-0.669195369281759,-0.017314237511349907,-0.0014911593437405,0.0027411118216829,0.0159105821076028,SPY
2017-10-12,-0.17793813219979793,0.22105959512716064,0.21458387575117308,-1.1174646743496475,-0.58460384462927,-0.5983260676521175,0.2930038867727192,1.4641667626791424,-0.691297109762101,0.6979624596788455,0.0012165799267691,0.0045059559598445,0.0137674212067171,SPY
2017-10-13,0.06685866226596872,-0.060010142358537105,-0.10796263068790359,-1.1175298985655335,-0.5812614068558486,-0.5957273053463351,0.2959957078140253,1.81806552123974,-0.3620862411110112,1.413239156869041,0.0013327323956744,0.0084362086793836,0.01224103268492,SPY
2017-10-16,0.07735958174775871,-0.0840642625113063,-0.005243998876052781,-1.1193310465284538,-0.5785928839296575,-0.5932142532261148,0.30536385531955074,1.8365757053033451,-1.0478454938499726,-1.4478676318917407,0.000704949824656,0.0032067726711657,0.0118376400837778,SPY
2017-10-17,0.02060405780181424,0.10829031937513892,0.12490635570455501,-1.1190610013891704,-0.5762477501957155,-0.5907327426423484,0.28954847576806536,1.7535313254154477,-1.3083241925318179,-0.7325909347015453,0.0009780090183237,0.0042576996720375,0.0088073485406292,SPY
2017-10-18,0.04529033983689355,0.07343969355303852,0.040759570891491376,-1.1200722567082584,-0.5739476461272068,-0.5881790777558266,0.2837059646846404,1.747687082102672,-0.891969965739912,-0.017314237511349907,0.0002736847944211,-0.0016829588429798,0.0028115504003736,SPY
2017-10-19,-0.01838503472880324,0.049277058001796895,0.014964168359205783,-1.1478816806579568,-0.5729323708169519,-0.5852915492732748,0.2429907815462907,1.6409986144080788,-0.00879072200002004,0.6979624596788455,0.0051468326463082,-0.0006647736290412,0.0110030075810927,SPY
2017-10-20,0.4221784220604421,0.019900646925120696,0.09190311035340425,-1.1228832692054793,-0.5704705565387036,-0.5818310671737715,0.3923706390678237,1.6737945497230855,1.129562056917853,1.413239156869041,-0.0038967036125434,0.0023310781340253,0.002913033300671,SPY
2017-10-23,-0.395414582891308,0.3038677391215979,0.26324372875280144,-1.0929179994187546,-0.568529768590378,-0.5785916110385185,0.17412342233034717,0.9057698456006248,0.053865539357747676,-1.4478676318917407,0.0017558768255279,0.0024959854394897,0.008514957397268,SPY
2017-10-24,0.11561452052725445,0.01979405912563819,0.03526480132311556,-1.0940176369728192,-0.5667866333933397,-0.5752167685618561,0.18574452880327944,0.9399997980159037,0.18092702530524982,-0.7325909347015453,-0.0049626494966936,0.0022965363193083,0.0132801715874864,SPY
2017-10-25,-0.4917828478700986,-0.2111871360800793,0.08108029846069259,-1.0416546544326528,-0.5665440446583081,-0.5728526037837351,-0.05915386677620628,-0.17558953386494555,1.6587228462655437,-0.017314237511349907,0.0012918700083597,0.0085807265278985,0.0173580184797872,SPY
2017-10-26,0.07366536290704492,-0.28379600135541017,-0.177904600551622,-1.0415953749957856,-0.5656635148448241,-0.5704748988034122,-0.048684120665191115,0.08095908198000239,0.2466923679592209,0.6979624596788455,0.0081426844093748,0.0076773080632719,0.0183733385390478,SPY
2017-10-27,0.6930224122040342,-0.31540267949504225,-0.1335164920378721,-0.9790450984650647,-0.5631836980685713,-0.567551281409029,0.23232464110875534,0.8368954810812459,0.8702262171167101,1.413239156869041,-0.003731796307079,0.0028675999793614,0.0097312857068452,SPY
2017-10-30,-0.38050591712672177,0.5772912537739596,-0.0029113807775116496,-0.9624274674458033,-0.5618718733701181,-0.5655525688052059,0.044004216748946924,0.2613247592291105,-0.42235359725985433,-1.4478676318917407,0.0015564277053465,0.0081458627702835,0.0235568207414615,SPY
2017-10-31,0.0975830557510187,0.23509497898210005,0.004277805698049668,-0.9639417722600373,-0.560362473988451,-0.5636170333579189,0.07328299312192398,0.26130710864949125,-0.19670157873263341,-0.7325909347015453,0.0013215407118964,0.005893894985169,0.0213915650514797,SPY
2017-11-01,0.07634778258992721,-0.21354001534763387,-0.004417242185564366,-0.9637958866176634,-0.5587721336270322,-0.5616634652151701,0.09268501930038836,0.5021118160401018,-0.4480109246341794,-0.017314237511349907,0.0003884515437331,0.0062717026010012,0.0287867136458359,SPY
2017-11-02,-0.008009393082350921,0.13067733401072498,0.2695440303622097,-1.0005034688021557,-0.5571547973254145,-0.5603415118317419,0.08514901983076176,0.4528938720443909,-0.3485677128671826,0.6979624596788455,0.0033329763254643,0.0022489308126418,0.0263204667391976,SPY
2017-11-03,0.2581943125857918,0.05111848864683063,0.23015921481764892,-0.9953013047240927,-0.5559507065699181,-0.5585006950774463,0.18897096632124907,0.5708672942960946,-0.18538315764840088,1.413239156869041,0.0015464664838429,-0.0013938541078504,0.0217769222411039,SPY
2017-11-06,0.09668249818271715,0.18813112657448694,0.020478459857330142,-1.0036990230112441,-0.5534887829963645,-0.5562898944540804,0.213167979318421,0.617021112116646,-0.6083825563450259,-1.4478676318917407,-0.0006955400797679,-0.0020109807971611,0.0166275030530096,SPY
2017-11-07,-0.10600910729074528,0.26701144500667945,0.25058600642170914,-1.0046256899504318,-0.5515929778726267,-0.5544626179019853,0.1522927843039254,0.48927952489395005,-0.24776721163934967,-0.7325909347015453,0.0016993483277287,-0.0036407824358857,0.017512784264781,SPY
2017-11-08,0.11050398599096398,-0.007398362542001474,0.15241075397578294,-1.0043138561224625,-0.5481607305861779,-0.5526173164947316,0.1892686597024818,0.5675843006332718,-0.5562472910113866,-0.017314237511349907,-0.0036343202446262,-0.0103579198855463,0.0189616813879816,SPY
2017-11-09,-0.3716934631783402,0.003015465562037678,0.16888139725296186,-0.9845050176573543,-0.5458695731190185,-0.5510246688315078,0.012500115152644297,-0.10515183441492304,1.37366698038867,0.6979624596788455,-0.0003098085950279,0.0017415423342201,0.0280341460563962,SPY
2017-11-10,-0.07113653591089387,-0.19716495282207588,-0.006492619402633318,-0.9836822026007711,-0.5455280721334613,-0.5496079575535764,-0.02506423163761147,0.24957591772432336,-0.12055399580970837,1.413239156869041,0.0009293397945322,-0.0008917907048653,0.0313527060814129,SPY
2017-11-13,0.04089033349098936,-0.33402237353226605,-0.16530098759487696,-0.984266577532876,-0.5441084666512062,-0.5482363828964171,-0.011271314050717275,0.19148040086568852,-0.5978344075467958,-1.4478676318917407,-0.0023253417184925,-0.000115910015344,0.0321866326203759,SPY
2017-11-14,-0.2533535067756148,-0.02316027267632884,-0.19220482206119288,-0.9733747569056889,-0.54358729979875,-0.547216743732262,-0.12388640262626127,0.50338834090575,0.013760415568596139,-0.7325909347015453,-0.0050177891219318,0.0087305227188947,0.034399410156646,SPY
2017-11-15,-0.4967678195227846,-0.16045202003015552,-0.26325654330525877,-0.9375059892486142,-0.5445307368667514,-0.5468919043242655,-0.3331540340489463,-0.1564654857325145,1.0556309591213051,-0.017314237511349907,0.0084651419751402,0.0128635092364337,0.0353226092812297,SPY
2017-11-16,0.7221746202139833,-0.5655516490932386,-0.5560922886446996,-0.8604402434991186,-0.5436053179103689,-0.5456150718810043,-0.011548817570256345,-0.12854983708157547,0.3334986539588896,0.6979624596788455,-0.0029431416341134,0.0067055573289138,0.0351504894979353,SPY
2017-11-17,-0.3092065353933793,0.16946200255310712,-0.028612381633011788,-0.873961753124033,-0.54413547820502,-0.5452766609095977,-0.1373488879342502,-0.05174160229283118,0.7439979311822373,1.413239156869041,0.0017052204840535,0.0091493305401995,0.0444147877092566,SPY
2017-11-20,0.11103486614643865,0.3107804336073205,-0.14341337372325277,-0.8915640101831874,-0.5446296178900477,-0.5442885476012919,-0.08525991550735894,-0.03954755083632615,-0.7408850099901949,-1.4478676318917407,0.0065210910157462,0.0175378487836832,0.0388615805620737,SPY
2017-11-21,0.5464200901080677,-0.1496840572419718,-0.10958860808265547,-0.8532760338576618,-0.5434436701550893,-0.5427410600797474,0.15386688042847377,0.3144668734780844,0.37783009293646336,-0.7325909347015453,-0.0008848026043928,0.0104079297833017,0.0318162512826329,SPY
2017-11-22,-0.12311963925564683,0.49498956421104107,0.2760744429923097,-0.8867854202310855,-0.54285961166173,-0.5407242912595545,0.08220078661584151,0.20677352948446437,-0.9326235477640771,-0.017314237511349907,0.0023071900676203,0.0200094216939472,0.0347588853752593,SPY
2017-11-24,0.16545673239773087,0.31856537581153427,0.45625330585040796,-0.884682071293833,-0.5408918746140495,-0.5385857076613635,0.13903440505719583,0.14407237447429716,-1.7745943186850717,1.413239156869041,-0.0004993684228278,0.0156244362634216,0.0321900445197345,SPY
2017-11-27,-0.08827394596742602,0.031527759009826795,0.18779543222238862,-0.9497417154048359,-0.5389690735501127,-0.5374486991706562,0.09863978630184944,-0.006135759039659007,-0.46821794103706804,-1.4478676318917407,0.0100937387275372,0.0149132365136201,0.0314923392567401,SPY
2017-11-28,0.86941009033704,0.05778231749904281,0.29433250327838817,-0.8722207585512303,-0.5348898449021725,-0.534687485799666,0.4647067508929232,0.6142009201647932,1.9957708835919221,-0.7325909347015453,-0.0006088279846352,0.0012165450818315,0.0218850138140522,SPY
2017-11-29,-0.09816978422109808,0.5881774069818865,0.6600326263640286,-0.8690834932744121,-0.5304152639108111,-0.5321788948114965,0.39531804589043046,0.48484177890776575,0.8853245121082017,-0.017314237511349907,0.0087166893062526,0.0020151141984703,0.0245491202607111,SPY
2017-11-30,0.7449160935099499,0.5807213675200834,0.34920153792291686,-0.8100272016169058,-0.5227150974400983,-0.5287860353199766,0.6957478075368851,1.1374005230644368,3.17006642841886,0.6979624596788455,-0.0020777953629051,-0.003553329656853,0.0120550437930653,SPY
2017-12-01,-0.23097374702936949,0.486921112371824,0.7677816341462796,-0.799003421956287,-0.5174679079415879,-0.525686489380603,0.5548381017553715,0.9790751008673143,3.9982740394300245,1.413239156869041,-0.0012105681726293,0.0039626101298404,0.0212646224439163,SPY
2017-12-04,-0.15257091165847525,0.38685969645135765,0.5766167984594002,-0.7977244193078057,-0.5118253036451977,-0.5231192999724842,0.45960020010199854,0.8469671874451076,1.1632988092587215,-1.4478676318917407,-0.0036029527042513,0.0081819297324585,0.0287805649400967,SPY
2017-12-05,-0.368857638689003,-0.289353713211838,0.545611818975339,-0.7776311825529038,-0.5074316636335878,-0.5211611844543579,0.27691438266552415,0.7397975712876322,0.5279353402828877,-0.7325909347015453,0.0001897411320035,0.0135481487702051,0.0365895640652915,SPY
2017-12-06,-0.02597407393185677,-0.3932426118586633,-0.05149980396976064,-0.7795284518636321,-0.5045115273029411,-0.5190993338955098,0.2486604157882005,1.1691642245305456,0.43311493424674036,-0.017314237511349907,0.0031482454509292,0.0132458434559792,0.0430417111527337,SPY
2017-12-07,0.24149347051522585,-0.29785796695716993,-0.016685929126720518,-0.7752922092746545,-0.5006389916893276,-0.5168614763886478,0.3389253487062484,0.9992473301678008,0.47239804509755234,0.6979624596788455,0.0054381444237883,0.0060030080077018,0.0417205443598449,SPY
2017-12-08,0.44851485337564484,0.16201231781565237,-0.2594440115650693,-0.7800833984371892,-0.49601175638488176,-0.5135498424297321,0.5051127639410277,1.468530767776007,0.4643644659624082,1.413239156869041,0.0030087514299887,0.0088578857757593,0.0385431597174008,SPY
2017-12-11,0.2288823267669032,0.519516965274949,0.06821577593472755,-0.7809548842793529,-0.4905488804098495,-0.5098411598779473,0.5644546031706208,1.5016346075119662,0.7369350759897737,-1.4478676318917407,0.0017632663334952,0.0121702909229783,0.0340033318505232,SPY
2017-12-12,0.11628257888973256,0.5100150733648755,0.25215835711868334,-0.7813475232461902,-0.48703575459810855,-0.5060286952436257,0.5706028990654272,1.381038147099316,0.7954006581098958,-0.7325909347015453,-0.0001125641822223,0.0065590379263538,0.0395096420360321,SPY
2017-12-13,-0.053304390657113204,0.2596939903447185,0.4861003842619009,-0.7938681925482743,-0.48340585456037155,-0.5019590686914089,0.49482481172074455,1.4678628606693713,1.4435837881678517,-0.017314237511349907,-0.0040945899973481,0.0061473638448816,0.0461197588412272,SPY
2017-12-14,-0.41330476648328024,0.04707983409277206,0.4729212878573918,-0.8054817863989593,-0.48282184290785735,-0.49779920809915945,0.2539247744163087,0.9465580977081819,1.3074969966458287,0.6979624596788455,0.0082930221918458,0.0122997853304633,0.0467906222615468,SPY
2017-12-15,0.7066139007335284,-0.35193882853617664,0.1571675709263198,-0.807779791013668,-0.479755859800231,-0.493624788065399,0.5230738352919383,1.258371372609172,2.733534500216881,1.413239156869041,0.0063211565772078,0.003745112350713,0.0479838782238095,SPY
2017-12-18,0.5283447494759167,0.22062315389638426,0.2816268759989529,-0.8134229499803927,-0.4748761835697377,-0.4883410750098267,0.6928301423862364,1.1578825757403388,0.5274240042776561,-1.4478676318917407,-0.0038479866631293,-0.003773117912317,0.039980384489314,SPY
2017-12-19,-0.3910102618465871,0.9301108971478609,0.4260322328077655,-0.778639439748858,-0.4700731858021226,-0.48372302714678955,0.45343758040237747,0.8610560479158595,0.4666052637800564,-0.7325909347015453,-0.0005242382636945,0.0005612820356617,0.0483675622937527,SPY
2017-12-20,-0.09052233723217883,0.10310373912475305,0.1814078722272429,-0.7956529453730318,-0.46544151623103824,-0.4799309237777363,0.3663679906092999,0.4567430658012447,0.2512511314870756,-0.017314237511349907,0.0020578314882335,0.0031407987613798,0.0569899744184834,SPY
2017-12-21,0.14291313613229803,-0.36318292622108705,0.1634608096000024,-0.8019790416165528,-0.4610588838179481,-0.4757856304672988,0.3797214320616805,0.7483671920259142,-0.09084053338277814,0.6979624596788455,-0.0002616507879045,-0.0026944198882468,0.0570526624916247,SPY
2017-12-22,-0.06678276487366609,0.03910274406391754,0.43167758272316364,-0.7986365209070455,-0.4580332775185086,-0.4719427925015773,0.3029463557959743,0.841926151564582,0.31287662325856724,1.413239156869041,-0.0011970736858222,0.0046990141876035,0.0569256018974106,SPY
2017-12-26,-0.15135092450930007,0.056989373147180396,0.05873389101905364,-0.7952499819897553,-0.45601554567584973,-0.46818644091135353,0.18953490130898676,1.096689974549061,-0.8756223383496473,-0.7325909347015453,0.0004864132848494,0.0122014621969768,0.0585464783110269,SPY
2017-12-27,0.0008469692959375649,-0.16472448191911132,-0.2690257505257494,-0.875331768315663,-0.45430270089175895,-0.4655622446646671,0.16470179584952474,1.1081669103854415,-0.42215277347438984,-0.017314237511349907,0.0020552784620235,0.0159210953330708,0.0695716013613712,SPY
2017-12-28,0.14268232637923142,-0.1137687211403053,-0.08006620505304073,-0.8779567925949647,-0.45206619107682394,-0.4626164548951675,0.19873625037620937,1.0680103340698555,-0.8591629096147738,0.6979624596788455,-0.003777387161393,0.0205077050904929,0.0608641035041213,SPY
2017-12-29,-0.38462761935801626,0.1077712298480378,0.03238864772496533,-0.9235037024116846,-0.449762386581579,-0.4611663517694213,0.019551967324194272,0.38542876916754604,0.9376234069034888,1.413239156869041,0.0071317832879458,0.0261121709099265,0.0543315785135085,SPY
2018-01-02,0.6016305427050573,-0.18266538308464428,-0.22199956679167382,-0.8866425043774114,-0.44772142167991813,-0.4586019221477383,0.26798748611595447,0.6095712710002472,0.588789543276662,-0.7325909347015453,0.006305374323551,0.0212411474033249,0.0476965110498257,SPY
2018-01-03,0.5269179337013302,0.16313008407343652,0.10031954524749369,-0.8647410867483535,-0.4456713696543726,-0.45512219210590527,0.4681937288638569,0.8106802122167285,0.7023134451806335,-0.017314237511349907,0.0042060464209434,0.0134046966428851,0.0402551428329287,SPY
2018-01-04,0.33712538362535355,0.8499359352421837,0.4273911544202735,-0.88816551933495,-0.44166155913837185,-0.45069688239614925,0.5663087633986633,0.9740374362218311,0.34618439291449205,0.6979624596788455,0.0066418882194456,0.0164682267409457,0.0140387878044885,SPY
2018-01-05,0.5573409230583082,0.6506439850916403,0.5895497450342566,-0.8674243212588525,-0.4358906889954037,-0.4454732966194898,0.7522354945526326,1.5265574274056017,0.42953533857098325,1.413239156869041,0.0018270786580405,0.0163238911444727,-0.0353255854821084,SPY
2018-01-08,0.12205161753618934,0.6735662483074386,0.789504457433914,-0.8685052558914386,-0.43016502026763215,-0.44039746134108587,0.7412233027892743,1.37625286478573,-0.5306680075263417,-1.4478676318917407,0.0022607597813442,0.0110730859094037,-0.0176416834591259,SPY
2018-01-09,0.16125914019588714,0.51151848175625,1.0338329288642825,-0.8816549378375036,-0.42381624339558305,-0.4356901594758126,0.7547041774672051,1.2588824863663715,-0.5423726097898733,-0.7325909347015453,-0.0015310764368887,0.018298604282168,-0.0253421293935982,SPY
2018-01-10,-0.18154689045562208,0.21308985677062328,0.8214791085336163,-0.8706772748441941,-0.41755776005862394,-0.43153429743777433,0.6203821244687355,1.5267197365100464,-0.09975217215145975,-0.017314237511349907,0.007269576519004,0.0181473435617691,-0.0620414528267136,SPY
2018-01-11,0.6140879242666801,-0.015657056639316443,0.47984654310722813,-0.8386356327937485,-0.40961049251816783,-0.4266835180390407,0.8397383185109372,1.7563614819291151,-0.3865584891018371,0.6979624596788455,0.0064975526229726,0.0154169581840744,-0.0544013345679763,SPY
2018-01-12,0.5442920701910064,0.32552771183840173,0.6134021129252486,-0.8240743735137686,-0.4005343918461349,-0.42100294455785703,1.013935810639391,1.8349615660862066,0.6545749463415036,1.413239156869041,-0.0034237265770284,0.0170175794221378,-0.0463212725532296,SPY
2018-01-16,-0.3526544606701599,0.8724125531995863,0.6071097566516221,-0.8325804178699254,-0.3914040650894803,-0.41526135000328956,0.773502982707407,1.5182513537381586,1.2168504549011696,-0.7325909347015453,0.0094862781541085,0.0225618255605413,-0.0404133538146922,SPY
2018-01-17,0.8144918037947407,0.1440185367743543,0.37819923097503927,-0.8164545145897298,-0.38161454712446596,-0.40932072937293634,1.0684145954251087,1.7836739517908127,1.4162785942932263,-0.017314237511349907,-0.0016823371572876,0.0126868360243141,-0.0364936443155103,SPY
2018-01-18,-0.19522181842431996,0.34760107568362797,0.6931980044866887,-0.8184288529402519,-0.37378478764990714,-0.4043596290794857,0.9138954654712829,1.6352397004964954,0.9318176729265629,0.6979624596788455,0.0045391911413092,0.0147929759093958,-0.0221317138324277,SPY
2018-01-19,0.3672437781572591,0.4662190202246448,0.686603745231084,-0.8513360315778272,-0.36583767624559943,-0.39835551768050037,1.0018495744213711,1.6747228778129848,2.267924783240757,1.413239156869041,0.0080981738610361,0.0217653211032802,-0.02637814277616,SPY
2018-01-22,0.6889983764809873,0.12923908554057884,0.5675717255451481,-0.83020661746981,-0.3574660931060432,-0.3912539521162887,1.2209772414995745,2.0555901267434775,0.4913058671446328,-1.4478676318917407,0.0021205195613749,0.0070149278470177,-0.0407569896599655,SPY
2018-01-23,0.14858053532519083,0.795456590024414,0.6373513179335869,-0.8303064832628498,-0.349004138363323,-0.3841297045573062,1.1894493722660116,2.01385151607331,0.7023089078705783,-0.7325909347015453,-0.0003887113821186,-0.005415503866363,-0.0478641865988151,SPY
2018-01-24,-0.07826984803018928,0.630704324919767,0.8790544932001196,-0.8294635438713838,-0.34120149973788144,-0.3770236386595315,1.0534378951882122,1.9135852669004116,1.9343810651016538,-0.017314237511349907,0.000423802727794,-0.0045300766599813,-0.0461801319494403,SPY
2018-01-25,-0.004813421951404859,0.05260452042669982,0.4485511809288507,-0.840640083114303,-0.33291113862314575,-0.3697180057051061,0.9487847213807709,1.866353717156359,0.21172727089978743,0.6979624596788455,0.0115115363351936,-0.0060898732811214,-0.0307903942407063,SPY
2018-01-26,0.9975879815156835,-0.06297046870895566,0.5403690196524259,-0.7781857109155332,-0.3234647610732556,-0.36098386965797813,1.2851082709846253,1.9326314021361786,0.9738702574601107,1.413239156869041,-0.0066522193952263,-0.0396117182238118,-0.0307568914005793,SPY
2018-01-29,-0.6445306769137773,0.747636801413618,0.8443306278398796,-0.6900059213461841,-0.3173598376390473,-0.35336079070069637,0.8793746465651945,1.3530076947919207,0.35441497259267946,-1.4478676318917407,-0.0103099121520058,-0.0756819838957367,-0.0366695996593993,SPY
2018-01-30,-0.975209288311898,0.2656405343843126,0.20128253843897825,-0.5854225685996133,-0.31303405439788473,-0.34660386914827973,0.34133861650856706,0.6301904978172654,1.7059405564464487,-0.7325909347015453,0.000496715824263,-0.0458610910627079,-0.0365412810479908,SPY
2018-01-31,0.0017783841669239623,-1.220767581523732,-0.34062608900213265,-0.5982498385795648,-0.31096593741987577,-0.3406496142320959,0.26484274036238603,0.7288843740663331,0.8883377964466,-0.017314237511349907,-0.0011359938933459,-0.051797493040099,-0.0516852403487098,SPY
2018-02-01,-0.14582892408345463,-0.7338047047658863,-0.3020256080877954,-0.6026865612337569,-0.30876240355965495,-0.3356114437663004,0.13664195425911013,0.453826364196913,0.2583725815190178,0.6979624596788455,-0.0220103086074967,-0.0888918990167573,-0.0454077422963106,SPY
2018-02-02,-2.0329992969281045,-0.10890638225772922,-0.3700254383060354,-0.25494581733059,-0.3132416686354928,-0.3338700812476305,-0.7821061733107039,-0.7674329092896425,2.7922895116352238,1.413239156869041,-0.0427224850671512,-0.0519718956315191,-0.0119057928898014,SPY
2018-02-05,-3.905511343768752,-1.6420137651124058,-1.8314209393675638,0.4822489041200993,-0.330183705527857,-0.3381736937839231,-2.3906669125622955,-1.6288156955225046,4.797702253779709,-1.4478676318917407,0.0195109806810229,0.0053282040733515,0.0333485635411721,SPY
2018-02-06,1.7207884590113514,-4.474754131964919,-3.403915653341815,0.6240571937136526,-0.3429715059661992,-0.3403458965986983,-1.6002079179933772,-1.3277317762780474,4.628902572024547,-0.7325909347015453,-0.005439686153128,-0.0116985844461625,0.0134710548012826,SPY
2018-02-07,-0.5349099855563763,-1.6464551115022992,-2.103864337600343,0.6266172679179485,-0.356978401843978,-0.3434613348309853,-1.7647829201316876,-1.3858290105139464,1.2727040143788697,-0.017314237511349907,-0.0382303998700042,0.0071470893602558,0.0237380139637579,SPY
2018-02-08,-3.499398366531563,0.8931313381359909,-2.362663671499888,1.0107087158390828,-0.3801607478255332,-0.3509392741107028,-3.117467209108093,-1.9610289606754452,2.444109905225715,0.6979624596788455,0.0149096947777414,0.0580570825560551,0.0792212465945541,SPY
2018-02-09,1.3048030457142121,-3.040029044188235,-3.979806108066733,1.0684261773351948,-0.4028103572659757,-0.3575692141258563,-2.4504089218995286,-1.807529007150723,2.7686750987028006,1.413239156869041,0.0145776146377194,0.0434401499758907,0.0630553899907182,SPY
2018-02-12,1.2747808959937816,-1.653893518533646,-2.370266807989259,1.1240946006740948,-0.4202761840981035,-0.3632740376622856,-1.7986355146961532,-1.524444891000708,0.6278404772576234,-1.4478676318917407,0.0024841921615088,0.0225818623154019,0.0419941401386827,SPY
2018-02-13,0.18145884370495388,1.9432215581907677,0.12774927860249044,1.129328423180124,-0.43450900898379224,-0.3682488114430776,-1.6238411210951176,-1.4667704281186311,-0.3203090556607583,-0.7325909347015453,0.0134059876532903,0.0151109927764183,0.0343651266456452,SPY
2018-02-14,1.168858389635236,1.0968355841414796,-0.6145389869295554,1.1564897309543587,-0.4456261526255613,-0.3727927370874631,-1.0227973472211347,-1.2073441207563522,0.26614394200032854,-0.017314237511349907,0.012679593325795,0.0030003483903842,0.0198690144198829,SPY
2018-02-15,1.103187737801945,1.0170280562638565,0.20704416167868475,1.207571241423998,-0.4533475692261815,-0.3755635156273504,-0.47042804434703106,-1.1961715350225637,0.11236655923853948,0.6979624596788455,0.000292762197577,0.0061342955011172,0.0082733283707527,SPY
2018-02-16,-0.016660316551481643,1.7115065664518063,2.4264815208875583,1.1997650623559488,-0.4554608720057726,-0.3788739421797004,-0.40498677871189914,-1.1076575172477579,0.8343668161818163,1.413239156869041,-0.0062806730227693,0.0173865724788608,-0.0056421885921409,SPY
2018-02-20,-0.6109405296040107,0.8182750857580174,1.7892516921447992,1.1808254120535409,-0.44871471302036314,-0.38399375371412575,-0.5752099976922089,-1.0516697274850795,-0.2998117356763661,-0.7325909347015453,-0.0049866773774747,0.0111023178475839,0.0023379117116233,SPY
2018-02-21,-0.4939551206059119,-0.4732383441050966,0.8799280019064337,1.177982524759231,-0.44788391257040344,-0.3899979043146233,-0.6783695950953359,-1.1238362252746348,-0.12359259144301024,-0.017314237511349907,0.0012953432672562,0.0059074016844613,0.005403273234922,SPY
2018-02-22,0.07397936752834397,-0.8328570851069279,0.5542330662024564,1.18039709158433,-0.44541847593349326,-0.39579339310771555,-0.5322200631883519,-1.084752931813065,0.03469808682913901,0.6979624596788455,0.015813540436528,-0.0100351850592508,-0.0212070386943015,SPY
2018-02-23,1.386516422763664,-0.31680279538590367,0.026265669092783904,1.2582415673331837,-0.4299936920711009,-0.399688815981465,0.17419631631307236,-0.4833586119894403,-0.2560175037020488,1.413239156869041,0.0115450391753206,-0.0207072213367256,-0.0585657264416816,SPY
2018-02-26,1.000616850638317,1.1000423141183995,0.16289109099363483,1.2584589170714389,-0.4151830541380219,-0.4036251181917976,0.7161979206637765,0.5576979642161219,-0.3513978256945371,-1.4478676318917407,-0.0125649276540462,-0.0207606197130338,-0.0431188647869733,SPY
2018-02-27,-1.1790769842833089,1.7982192106829713,0.6534376877005207,1.2816181660999213,-0.4069739462753356,-0.40827333553837364,0.2752259881622552,-0.045121433978353616,-0.15866154512207617,-0.7325909347015453,-0.0101815935405973,-0.0056638206951653,-0.0477123325252319,SPY
2018-02-28,-0.9636084724264058,-0.13483236064654766,0.3794736066252127,1.2810864997574307,-0.40187141691907147,-0.41285806995662006,-0.06499210262454237,-0.15239464340614708,0.203561191642065,-0.017314237511349907,-0.0146472434764559,0.0041512447865654,-0.0404898833288962,SPY
2018-03-01,-1.3673315344694894,-1.6147819258295437,0.15299958283092807,1.3171624527013388,-0.4035781411661133,-0.4192975141449712,-0.5518130058176763,0.4070741660879345,1.065376300903972,0.6979624596788455,0.0051415041590532,0.0236257612723687,-0.0131460742284543,SPY
2018-03-02,0.4216966930352061,-1.7566226996044383,-0.5420225611583263,1.3306467633947887,-0.4071453525399409,-0.424966044921707,-0.2504985390540257,0.24434817805200781,0.45785992090921807,1.413239156869041,0.0114916407990124,0.0357370898741074,-0.0401083536429585,SPY
2018-03-05,0.9957892989267139,-0.7128617047752841,-1.0072733798328481,1.2679377315653233,-0.40797613737628635,-0.4264444044972119,0.24302605807198988,0.19204149269275095,-0.2051373479182531,-1.4478676318917407,0.0025318713638222,0.0229892872490005,-0.0388645252634232,SPY
2018-03-06,0.1857693458334725,1.0676364940784122,-1.0096012990459524,0.7588667303085734,-0.4066395338709525,-0.42238568380559804,0.2788191972489265,0.1942397845255787,-0.4916931587562699,-0.7325909347015453,-0.0003665280588664,0.0139737806708621,-0.0307543483069254,SPY
2018-03-07,-0.0762643349876745,0.8898765544187495,-0.35145154019880603,0.6550523592207389,-0.4041740503931971,-0.42073047052942303,0.23600176955484195,-0.11117849335300835,-0.3709636946207671,-0.017314237511349907,0.0048272730093472,0.0091954873982,-0.0225264804286924,SPY
2018-03-08,0.39328820518443747,0.0821355632329928,0.07643936384146392,0.646954084729538,-0.4008326275047453,-0.4178145836731814,0.38553226058278317,-0.32072529177630216,-0.6857095225674353,0.6979624596788455,0.0172528327607919,0.0032780898163808,-0.0498917854554195,SPY
2018-03-09,1.5166375725790509,0.23849106993450644,0.925437109232782,0.11795151987971501,-0.3970757263232394,-0.40818259187868716,0.9382946736683808,0.1061570993483393,0.04333812525622757,1.413239156869041,-0.0012561618260944,-0.0128908356677461,-0.0622283267060508,SPY
2018-03-12,-0.156692866950773,1.4386662523847191,1.4534343349438983,0.07233449902374024,-0.3965157752513182,-0.40046432381027186,0.7555543475325546,0.264336460346556,-0.6109181050242442,-1.4478676318917407,-0.006483635214316,-0.0252574286069684,-0.0451971091014682,SPY
2018-03-13,-0.629289598301097,1.0242818948429808,0.8976898215795218,0.045907623279342724,-0.3944476895005395,-0.39530367998107835,0.40084335112271596,0.21048760705001557,-0.2916623981139954,-0.7325909347015453,-0.0051448213315286,-0.0170743661116574,-0.0439694028814354,SPY
2018-03-14,-0.5082523365299733,-0.5925712971845081,0.504655942459602,0.06776547468063097,-0.3911514524136696,-0.3910862794096997,0.1196383001793166,0.02245629708872209,-0.07358722033445901,-0.017314237511349907,-0.0010901245724719,-0.0138508606343048,-0.0306308476613228,SPY
2018-03-15,-0.1416820467099313,-0.8574544946620206,0.29634472619572416,0.005372985599264336,-0.38455894701269977,-0.38863290767115666,0.03462130808920849,-0.4079650217279344,-0.4119269610197846,0.6979624596788455,0.0010839072766648,-0.0380757047238002,-0.0324785279831516,SPY
2018-03-16,0.05486421368204043,-0.4900655930510083,0.03837389497067821,-0.06169976404055257,-0.3789433074292788,-0.38760429920108425,0.06196324540652081,-0.7499004446710692,-0.1498129946725002,1.413239156869041,-0.0136227547653167,-0.0607047593113172,-0.0253740536434952,SPY
2018-03-19,-1.274711260728716,-0.06578428283283559,-0.6665155584558583,0.025390622978449014,-0.37950021384628974,-0.3883011217552561,-0.47962676154074974,-0.7770085955535538,-0.016891625127552483,-1.4478676318917407,0.0016994272809949,-0.0200901037159715,-0.0011097443395682,SPY
2018-03-20,0.11051112386671474,-0.9194674488814255,-1.2056411142161634,0.00939554733955326,-0.380263126298572,-0.38801304552509613,-0.41573238183428646,-0.3890776544332906,-0.7924040299163287,-0.7325909347015453,-0.0019213158541759,-0.0389479263892713,-0.0020691840120887,SPY
2018-03-21,-0.21682700751361214,-0.8775401712088773,-0.8488978998734673,-0.0008438763596576341,-0.38140729200000123,-0.38734955209631944,-0.5040303962369213,0.13991209945392719,-0.497655403892267,-0.017314237511349907,-0.0253149686619673,-0.0399857548793569,-0.0057109446510672,SPY
2018-03-22,-2.331761514156361,-0.08047512873359729,-0.7083681524713185,0.26016108495066315,-0.3898728691013833,-0.38992262173122,-1.470603373958499,-0.9609257582388264,0.5915430808890304,0.6979624596788455,-0.0215451473108521,-0.0019742205934036,0.0110885372502025,SPY
2018-03-23,-1.9909457670449608,-1.9206104157896948,-1.7644579418856428,0.28541098003815646,-0.40774197999331185,-0.3970090006297313,-2.1986092485247477,-1.8687685620941352,1.1038464945358428,1.413239156869041,0.026991900830029,-0.0022498485380024,0.0324835683757545,SPY
2018-03-26,2.397111062179272,-3.257323803974062,-2.750978779984208,0.5281471680971513,-0.41889345797429256,-0.40232748542633584,-1.0569156680207874,-1.035465098795224,0.427591719732767,-1.4478676318917407,-0.0171583953923049,-0.0165062801894837,-0.0080667966921055,SPY
2018-03-27,-1.594355585902888,0.3056548578803201,-0.9803699407131439,0.5669252154756225,-0.4325087019353864,-0.40812583592979496,-1.641017809420476,-1.316754551599014,0.21652915503106224,-0.7325909347015453,-0.0029591443442615,0.0112941635231411,0.0115598517288502,SPY
2018-03-28,-0.31065328183225716,0.6044665365839066,-1.8024827230403508,0.5458779917192359,-0.4455397156533564,-0.41301410765448515,-1.679019713342116,-1.4965299173603306,0.46861065431812726,-0.017314237511349907,0.0126965656239859,0.0221146476867692,0.0246336783469764,SPY
2018-03-29,1.1047221411461292,-1.4357040163979118,-1.847727186430642,0.5525744486868621,-0.45528959065008656,-0.41459956576043094,-1.1535238282642142,-1.6568530225126907,-0.09936060755992834,0.6979624596788455,-0.0218207752554508,-0.0131199499545964,0.0128753674952371,SPY
2018-04-02,-2.0158642804475644,0.5979215873636534,-0.19060224927675465,0.6752535996996142,-0.47045885770429235,-0.41939687429696754,-1.9333563462992733,-1.8913636520474642,1.070439115236747,-1.4478676318917407,0.0127354691785477,0.013617116811015,0.0269758458938671,SPY
2018-04-03,1.1082392690889022,-0.6868731081901186,-0.20261833726034142,0.6862782310306323,-0.4792720875555112,-0.4241020435999952,-1.3594143637427094,-1.4831539045435396,-0.0008694250389862916,-0.7325909347015453,0.01064204832032,0.0166567034109554,0.0160154937622927,SPY
2018-04-04,0.9189807532697374,-0.6842231209872869,-0.8241320132613088,0.7282548032090455,-0.48597279530788473,-0.42784986494123567,-0.8762158000326321,-1.1646604770492544,0.04883136956840515,-0.017314237511349907,0.0078613398193665,0.0007587260963521,-0.0013666621032912,SPY
2018-04-05,0.6675870778184766,1.527041839568482,0.387837179920081,0.7538355788717684,-0.4903158940479944,-0.43060526864816595,-0.5156329726092749,-0.981064176736552,-0.6243412176521463,0.6979624596788455,-0.0225380320173798,0.0010911201655696,-0.0114342379929004,SPY
2018-04-06,-2.0807088384304566,1.1950315497051605,0.85955963144588,0.8682333740412314,-0.49389739187947496,-0.436654649953064,-1.315507064015445,-1.2871144424072012,0.9178408762791241,1.413239156869041,0.0049162915101605,0.0206913472886487,0.0239669824122952,SPY
2018-04-09,0.4013360419479612,-1.0650906749660698,-0.6765038687235174,0.7668589635721574,-0.49122254543924193,-0.4442843774867595,-0.9960403648994576,-1.0218522218387351,-0.3005422416641633,-1.4478676318917407,0.0157750557784881,0.0239634373948094,0.0224285371694588,SPY
2018-04-10,1.383037165721864,-1.2656980595360245,0.4891070679551441,0.8671055304250272,-0.4911863843070841,-0.4498658809071338,-0.26981181295555356,-0.7708269611347839,-0.3466675238451019,-0.7325909347015453,-0.0052559289942832,0.0188299361549315,0.0066534813909706,SPY
2018-04-11,-0.5182971735566161,1.3440684130554752,0.6216188133508407,0.8645152173338567,-0.4883211922873456,-0.4552639682937506,-0.392121851779589,-0.8145020314534357,-0.551926439555191,-0.017314237511349907,0.008193733888584,0.0248258527576892,0.0215287442398279,SPY
2018-04-12,0.6976376087281836,0.6511688961658809,-0.07145856837619403,0.8905860320490682,-0.48279020972402664,-0.4590300732201289,0.004017802103753375,-0.30024529278898326,-0.9027899331692961,0.6979624596788455,-0.0029378048943007,0.0110690423759507,0.0226421650598256,SPY
2018-04-13,-0.30872406028461413,0.1347532057466496,-0.05696774311987379,0.8910482228269413,-0.48097681325984243,-0.4630153381187923,-0.048297465028018655,0.043847704962784916,-0.6265345109580642,1.413239156869041,0.0081883816163212,0.0054913605095539,0.0286267893992242,SPY
2018-04-16,0.6971537293874689,0.2926564942436197,0.7975103975201101,0.9156970582771055,-0.47203667594654436,-0.4661432659527631,0.34026998959489607,-0.26982749727735456,-0.9628123657178087,-1.4478676318917407,0.0106415545386102,-0.0028471372920675,0.0209149152546999,SPY
2018-04-17,0.9189361122730797,0.29229191437008406,0.9401582072807684,0.9042617858863733,-0.463495466494484,-0.46627985970073793,0.782795561122587,0.32338108827758855,-0.9137532667453405,-0.7325909347015453,0.0007399876084743,-0.0270471560685088,0.0033622600712801,SPY
2018-04-18,0.023771695564179046,1.217274968622954,0.7163615866151387,0.9035509403099534,-0.45730257595380897,-0.466534857695179,0.8179965577953278,0.41306787755195473,-1.014635587383138,-0.017314237511349907,-0.0055630764931544,-0.0253188906483323,0.0068188768272667,SPY
2018-04-19,-0.546065254468519,0.7099139054818429,0.9777554795524338,0.9109086152279057,-0.4543558184097212,-0.46723602377686674,0.599183643147424,0.047337624707422754,-0.6821725062988798,0.6979624596788455,-0.0085154867606975,-0.0096411318813132,0.011536721946955,SPY
2018-04-20,-0.8129818580403049,-0.39389435431537706,0.3780229518470048,0.7420852960297786,-0.4481086081027348,-0.4658974489524035,0.22525932178949407,0.41556465500378714,-0.3179583600765373,1.413239156869041,-0.0001501161853001,-0.0001873903483691,0.0175487763939692,SPY
2018-04-23,-0.05669932977822141,-1.0243480213570648,0.13486213537523234,0.5799218394320795,-0.44305827506115225,-0.46201828686577967,0.15299204992799603,0.1629336216973511,-0.8558089073423635,-1.4478676318917407,-0.013558464237831,-0.0077575710198898,0.025189269241336,SPY
2018-04-24,-1.2688989895051097,-0.6556342699577249,-0.22865733062474805,0.40945967738691713,-0.4450257154501492,-0.4629880695471327,-0.38227027248706275,-0.4977178235803002,-0.10815776556081148,-0.7325909347015453,0.0024682530286508,0.0075760102649145,0.0359637791169209,SPY
2018-04-25,0.18001784505611867,-0.9991459600616021,-1.2836648526140026,0.3014210936193618,-0.44514359824280464,-0.4616085213024585,-0.3055984412856918,-0.6522928104649562,-0.25542709025750787,-0.017314237511349907,0.0101146822738646,-0.0016323503090003,0.0362427555217088,SPY
2018-04-26,0.8713035196865828,-0.8207909231655142,-1.2083205714742236,0.3278908552368846,-0.44479905260233754,-0.4586581527963727,0.05602233395267507,0.3477576059259448,-0.8055180910757559,0.6979624596788455,0.0009382547722465,-0.0139532686531076,0.0240778433978263,SPY
2018-04-27,0.04169630398857854,0.7917490108680141,-0.5248436874298211,0.27513758791655163,-0.44352051613089616,-0.4571055533976793,0.0680508333708459,0.2524329198528435,-0.9511018129286491,1.413239156869041,-0.0077202968568208,-0.0020283350375382,0.0207540875119658,SPY
2018-04-30,-0.7410916500056435,0.6875303643845521,-0.11270481595474156,0.09355975691559563,-0.44607741732401485,-0.45390024177926924,-0.3000914667263414,-0.5260896106360912,-0.556177617778207,-1.4478676318917407,0.0017751170469733,0.0090698080866067,0.0169068254478954,SPY
2018-05-01,0.11735395851005515,-0.5273320560662487,-0.4427292520947231,0.03391220357339322,-0.45080139458651386,-0.45198343681435604,-0.26030693365239554,-0.2662526824686127,-0.6565335344599239,-0.7325909347015453,-0.0067401075452639,0.0072946910396334,0.0283877688520064,SPY
2018-05-02,-0.6524763228018623,-0.4703276423683736,0.22574310505280673,0.008973867606476903,-0.457320656519887,-0.4521473226548982,-0.5299167936934024,-0.8330031563006923,-0.4494298725253781,-0.017314237511349907,-0.0022062360702426,0.0236541324394714,0.0289831813718839,SPY
2018-05-03,-0.24258560116081185,-0.40356024383022626,-0.17569830540290918,-0.02024102466048873,-0.46300576107609354,-0.4535223705660094,-0.5957955537485331,-0.8075974244618365,0.5589947743622683,0.6979624596788455,0.0128631883878158,0.0351675232182957,0.0409592212196541,SPY
2018-05-04,1.1197858952212805,-0.6747574372336405,-0.7128326626498871,-0.20124939947926965,-0.4635407928185999,-0.4506540273033692,-0.12357106523591488,-0.6194991308524292,-0.3578903109985543,1.413239156869041,0.0033778462673241,0.0253511542755777,0.0328361638156948,SPY
2018-05-07,0.2622508397613485,0.6605571359749073,-0.192961385694692,-0.2061434738055039,-0.46322341486809576,-0.44795865679172325,-0.031370889842647305,-0.9326814665934977,-1.1364453210994614,-1.4478676318917407,0.0,0.0224498154800505,0.030185568675856,SPY
2018-05-08,-0.04312787503768522,1.0409271792984298,0.29086569660015865,-0.3329786450195073,-0.45965105100134357,-0.44715275211060934,-0.04493749775234438,-0.96806476487875,-0.9461416590062208,-0.7325909347015453,0.009619333854574,0.015538714835241,0.0385113483319772,SPY
2018-05-09,0.8265208825594853,0.1647274335611317,0.21347890387620772,-0.30723145547654473,-0.4543286663333731,-0.4445393362796884,0.30465872551919543,-0.350851277650433,-1.1242556184786106,-0.017314237511349907,0.0093071547085816,0.010115985345128,0.028783995133641,SPY
2018-05-10,0.7982979088521173,0.5898778451146889,0.9266739592938283,-0.29740630318964273,-0.4491514258297105,-0.4417665976642074,0.6416404270791496,0.3349128518032771,-0.7739048857037,0.6979624596788455,0.0030468194450978,-3.640073691979495e-05,0.0224287682354882,SPY
2018-05-11,0.23232391664665117,1.2238518135688385,1.428603895277439,-0.30587749616320403,-0.44344822509381077,-0.4382607515751629,0.7081514387796649,0.4275368240864935,-1.0723045035028136,1.413239156869041,0.0004765074717969,-0.0055866524957011,0.0207112434434115,SPY
2018-05-14,-4.8578997149301865e-05,0.7761529009188004,1.0006561664405056,-0.33382956045741446,-0.43576835632249594,-0.43568827780324293,0.6840325983439198,1.194582292857904,-1.169191386694787,-1.4478676318917407,-0.0069111006448094,0.0014272166945685,0.0215265817857597,SPY
2018-05-15,-0.6679351829293465,0.17463711569595022,0.8741713780857026,-0.3603255876430972,-0.4302192931930981,-0.4352739648645449,0.39128930326803707,0.7063834589912857,-0.2743524150372155,-0.7325909347015453,0.004196604364461,0.0055543629771319,0.02524156921171,SPY
2018-05-16,0.33627176186596563,-0.5036649341374807,0.5728797455107374,-0.3510753224565974,-0.42202256692704476,-0.43443163413859687,0.5502150333911254,0.5458884881844277,-1.161485103521407,-0.017314237511349907,-0.0008452313734661,0.0041049880461097,0.0235588212463273,SPY
2018-05-17,-0.11954214913707359,-0.25026368918969905,0.33647412720801195,-0.3720758837914982,-0.4135084627104876,-0.4330110654318973,0.491183307816292,0.4671380475196366,-1.0581593333630657,0.6979624596788455,-0.0025034323136834,0.002899989569558,0.0231278411694422,SPY
2018-05-18,-0.2694540255006056,0.1629241576322386,-0.10612237578009485,-0.4190668009479506,-0.40869378595891187,-0.4308620620718496,0.3516322578917959,0.7856678502814299,-0.8206392385874283,1.413239156869041,0.0074903766620666,0.0030179207696274,0.0235722671449956,SPY
2018-05-21,0.6340496568559241,-0.2934611689934099,-0.34808736797872686,-0.3939011360245163,-0.402845550354008,-0.4277660285879407,0.6084672755005733,0.9410588666468297,-0.9657451943141369,-1.4478676318917407,-0.002783954362246,-0.0160400148133303,0.0122417504622829,SPY
2018-05-22,-0.29481499692536567,0.2743341101473051,-0.04231550795080414,-0.533671040196426,-0.39768640603003974,-0.4233815433326509,0.4193093969268587,1.1982041208464507,-1.0726046900196982,-0.7325909347015453,0.0027472294334387,0.0,0.0167303479421958,SPY
2018-05-23,0.20523908048578002,0.25522583463940995,0.13760874800444983,-0.5333495649401826,-0.3941865674045962,-0.41895150592056246,0.4579742429480927,1.411822353287688,-0.7444222670417967,-0.017314237511349907,-0.0020502298500177,-0.0088919244588252,0.0076947280551342,SPY
2018-05-24,-0.22848164992602824,-0.06786236638972484,0.07442278651669854,-0.5785071857629855,-0.39347927064866384,-0.4159966135600061,0.323868716776092,0.9506193425057567,-0.42904979284298184,0.6979624596788455,-0.002385501113614,0.0029281091687201,0.0115661283853034,SPY
2018-05-25,-0.25879229744616966,-0.01788337116140594,0.02189049435231278,-0.5693129778250118,-0.3941139484815978,-0.41345147892246786,0.18335501269117005,0.6510746388576991,-0.9320507638590901,1.413239156869041,-0.0115675589208912,0.0100537412661907,0.0002456636161287,SPY
2018-05-29,-1.0889085284663733,-0.36750875677151723,0.02703174255958928,-0.5104443234967035,-0.3977045178233478,-0.4113980566886727,-0.32187059709565774,-0.07798668320685091,0.7174437846716766,-0.7325909347015453,0.0132560604510842,0.0223485513145673,0.0140245132367597,SPY
2018-05-30,1.155304020164365,-1.0157991386410938,-0.8038050257647592,-0.41265180234653787,-0.39633540677174833,-0.4079241284705965,0.16041609616018798,0.06708309943077283,-0.5502037628922739,-0.017314237511349907,-0.0061446950253865,0.0174182705196042,-0.0075499060484105,SPY
2018-05-31,-0.5986472566734455,0.04965460834005575,-0.10453547406687301,-0.41864025373885977,-0.39751420347107264,-0.40440010856064756,-0.1487270613114722,-0.6231729342578658,0.10250704533843857,0.6979624596788455,0.0097698037775275,0.0234549462012285,0.0042962234740437,SPY
2018-06-01,0.8401243174262386,0.41904296083513837,-0.4921817513562634,-0.3879051091797192,-0.39607259840539394,-0.3994008965573525,0.16729961813325608,-0.32306168116183154,-0.5048617619552502,1.413239156869041,0.0047401309838566,0.0166370702341298,-0.0040354024672861,SPY
2018-06-04,0.3854100136850992,0.1815701726857607,0.023116377228908653,-0.4606522420184572,-0.39283563060076504,-0.3953578015883719,0.2946838923889412,-0.15854922487853174,-1.1955766554522747,-1.4478676318917407,0.0007272511274853,0.0132262339032944,-0.006639856745501,SPY
2018-06-05,0.022620236945973687,0.9230101247529569,0.33376057677299853,-0.4623393092324385,-0.3912670087777017,-0.3916334619527445,0.2627571062738134,0.19614567288420037,-1.003460398927774,-0.7325909347015453,0.0083257796561211,0.0137908285899541,-0.0109043847340162,SPY
2018-06-06,0.7095753831542162,0.3070600123929592,0.8697567345567172,-0.43550277156410744,-0.3869238788103623,-0.38686194017071873,0.5264870501848958,0.33403263397833116,-0.6827483177133682,-0.017314237511349907,-0.0001080193437621,0.0022689357149738,-0.0111056350670395,SPY
2018-06-07,-0.05289350845049207,0.5513030694189541,0.6548195738769547,-0.47515257292426105,-0.38328790507642113,-0.3832787259778392,0.46245532914623,0.37191357281107834,-0.39664760583763625,0.6979624596788455,0.0029519278104288,0.0048908114578143,-0.0025748078799825,SPY
2018-06-08,0.22374511135266287,0.4944070843440372,0.9179903718320046,-0.517734284755844,-0.3784007967652251,-0.3804695221160125,0.5377285256789035,0.591799655712006,-0.4040325227200005,1.413239156869041,0.0013292946530212,0.0006626721970341,0.0034370509448304,SPY
2018-06-11,0.07704878801999214,0.12835727780576053,0.6207628987574305,-0.5204294110744088,-0.3725888159741688,-0.37786976409182854,0.5495200003566332,0.4101620663237064,-0.7462099365833672,-1.4478676318917407,0.001291845814145,-0.002725628794117,0.0057002996048467,SPY
2018-06-12,0.07366317559666843,0.22626256540296896,0.47206640316592,-0.520627775210819,-0.3636123613925634,-0.37516526746821866,0.5580737771836437,0.6158993578166637,-0.37279040959260085,-0.7325909347015453,-0.0031961132188591,-0.0078576146289082,-0.0029332911999953,SPY
2018-06-13,-0.33207677024616766,0.11318302561914546,0.4966800882545041,-0.5539530458277231,-0.3586978980280255,-0.37201000049986693,0.37399600992294846,0.33580249578553517,-0.17902443321878517,-0.017314237511349907,0.0025138563990783,-0.0029568582923822,0.0092880165155957,SPY
2018-06-14,0.18414067882341337,-0.19507345847735702,-0.005620499317442871,-0.5592408129789054,-0.35163473581886945,-0.36905519438263623,0.42884921882984267,0.5374453323579456,-0.2411333007642964,0.6979624596788455,-0.0012762114503512,-0.0117591051450833,0.0075615725267521,SPY
2018-06-15,-0.15850548007854437,-0.11183395894387002,0.10868100829587711,-0.5578247848902013,-0.34730575178664863,-0.3661575205488115,0.3285898720615093,0.6023731368182899,0.8953529946544928,1.413239156869041,-0.00205900633813,-0.0086617232145806,0.0079429797776473,SPY
2018-06-18,-0.22927510008570837,0.018943682702157003,-0.07564606869315826,-0.5600861885005357,-0.3446746390818097,-0.36321089186695815,0.1957219082695113,1.267855029082637,-0.8818877186550107,-1.4478676318917407,-0.003840140020646,-0.0203086827592393,0.014039093048753,SPY
2018-06-19,-0.39030087562607807,-0.29254527686471765,-0.22336012897760765,-0.575782455945195,-0.3431902839384756,-0.36167785402269065,0.013614393739056777,0.5154918714638071,0.4080393811533439,-0.7325909347015453,0.0017046431176668,-0.0142572520388535,0.0199807469774597,SPY
2018-06-20,0.11098266856514422,-0.4671919891455332,-0.4470906850760939,-0.5843494207912332,-0.3433632515645739,-0.3595838268628961,0.049134316600211225,1.1545751417179306,-0.8621614826437485,-0.017314237511349907,-0.0062883904536228,-0.0242802539906064,0.0144973811278399,SPY
2018-06-21,-0.6116382342741108,-0.21082408122178004,-0.2334406525602204,-0.5522787487202075,-0.3450846682232557,-0.35862244114538555,-0.22249719165292978,0.07590396503555859,-0.3164771506125954,0.6979624596788455,0.0018211704801514,-0.0122904290399157,0.0196424690736591,SPY
2018-06-22,0.1215174808029606,-0.37759116432750595,-0.6171774060641574,-0.5556650846260874,-0.3470942809861552,-0.3571775204595095,-0.17191177292433812,-0.12093543292019437,-0.796254845353302,1.413239156869041,-0.0137059658827887,-0.0126734216838695,0.0196789684652243,SPY
2018-06-25,-1.282234073225071,-0.3696536886175836,-0.48214605483499595,-0.42594063119937436,-0.35284563411047243,-0.3571470765653881,-0.7254810766478798,-1.0753899828985345,1.7991585136299284,-1.4478676318917407,0.0022112906997397,0.0031682209045609,0.0384042018481531,SPY
2018-06-26,0.15678682163337357,-0.8749154875646123,-0.9898989636832103,-0.5195431850373161,-0.3583770850822384,-0.35541718440909176,-0.6644025570175005,-1.5902439789000065,-0.3463434477007314,-0.7325909347015453,-0.008318358834086,-0.0025803466562086,0.0446793463437433,SPY
2018-06-27,-0.795160243876879,-0.8483417309729642,-0.7260849151164799,-0.5927555068233443,-0.3651506928026796,-0.356350744893474,-0.9821125141085517,-1.8868015227670079,0.9652386827251582,-0.017314237511349907,0.0057014344970678,0.0138625415009752,0.0506357117958611,SPY
2018-06-28,0.47231794500098745,-0.48135496347158907,-1.1630408757583948,-0.5953044979043367,-0.37115615750984016,-0.3558196271299944,-0.762893434733648,-1.6703781111387062,-0.025636306375217525,0.6979624596788455,0.0014381778361975,0.0165839148472022,0.0381351701001619,SPY
2018-06-29,0.08689251799173746,-0.24361739673409025,-0.6403406403921615,-0.6700974989303994,-0.37648420992002657,-0.35632130455805633,-0.6972623978110313,-1.6642708920905178,0.7311034924893612,1.413239156869041,0.0021356767056417,0.0241095236462465,0.031459596123331,SPY
2018-07-02,0.14995083724834074,0.4209670509193765,-0.657037326620817,-0.6864510596736932,-0.38076485420045153,-0.35714960898305464,-0.598266099932422,-1.6022888122825087,-0.5234570798581466,-1.4478676318917407,-0.0035372768610297,0.0255663902536422,0.0342412094563187,SPY
2018-07-03,-0.36292012614132774,0.17807889784158185,0.03358412478605301,-0.6794252662821629,-0.38495437742419586,-0.3585079962516195,-0.7185524761926522,-1.611435803537639,-1.3891263349537215,-0.7325909347015453,0.0081245293230978,0.021761922123975,0.0361062258498572,SPY
2018-07-05,0.6913810773191497,-0.16083335386479508,-0.21702650792879863,-0.6824283987805477,-0.3875592592559677,-0.3599028801277388,-0.36909736071361376,-1.2323605171643692,-0.7330656975457768,0.6979624596788455,0.0084228078432948,0.0226625872976091,0.0334148487885874,SPY
2018-07-06,0.718347346338277,0.24710836186437077,0.49980643543836084,-0.6195145845931637,-0.3864845585273226,-0.3602276254521066,-0.021817733512127627,-0.7171459965112693,-0.30402957058347607,1.413239156869041,0.0089637866352418,0.015027191864549,0.029267540042654,SPY
2018-07-09,0.7672552584053296,1.06179153845937,0.6184455727437226,-0.564888431006608,-0.383606500888889,-0.3597915399937139,0.33822459032524,-0.2412234496854473,-0.9717820715818355,-1.4478676318917407,0.0035925433130374,0.005168601029851,0.0239642553814691,SPY
2018-07-10,0.2816608136625634,1.1189590945378742,0.9465268839148292,-0.5574157298179669,-0.376411294338344,-0.35906651587189875,0.47436423823578955,0.06446949427684794,-0.8819533434084245,-0.7325909347015453,-0.0073417449906969,0.0056131646497892,0.0236686552956566,SPY
2018-07-11,-0.7068681616604291,0.7899367382094645,1.0100394474188583,-0.5188721395594664,-0.3716205844856724,-0.35943847549716773,0.17850211550108064,-0.31656764161235107,0.17850684938799455,-0.017314237511349907,0.0090251944967318,0.0150564235485468,0.0305901685006384,SPY
2018-07-12,0.7728069183496494,-0.32074455122042655,0.8441824482550949,-0.4723773657748473,-0.36249462954119577,-0.35825725554136834,0.530584213179974,0.2434042699538251,-0.5403341720237007,0.6979624596788455,0.0007874124102347,0.0022525063198619,0.0201976840935671,SPY
2018-07-13,0.02805919827005643,0.04931048041863163,0.8834472332024008,-0.4752441137101532,-0.3545709073320408,-0.35729401167219554,0.5472801212159858,0.21408405280902154,-1.0344778980031888,1.413239156869041,-0.000894804199456,0.0003217914018236,0.0126874987745484,SPY
2018-07-16,-0.124023846849665,0.6030429947073569,0.5505797387737299,-0.47600436334160307,-0.34723002575428086,-0.3562832790915379,0.4936793766051308,0.8867522645645631,-1.0035738586048661,-1.4478676318917407,0.0040371069329756,0.0030742654729962,0.0098320206619009,SPY
2018-07-17,0.321852183002377,-0.07267596961623153,0.12079133311571562,-0.4723842549238089,-0.3393881969553875,-0.35449504724527026,0.6312476971041818,0.933404536753589,-0.803215275218468,-0.7325909347015453,0.0021015139080606,0.0040564260401607,0.0121553294893672,SPY
2018-07-18,0.1468623037883735,0.1486829523479713,0.14017222564188844,-0.48626195922453896,-0.3301346787770046,-0.35195218629542074,0.6764679980311421,1.5380036091643303,-1.1003925813782789,-0.017314237511349907,-0.003778722731953,0.01044134732743,0.0025584915258285,SPY
2018-07-19,-0.38474836340284785,0.352782673568027,0.5518541033427405,-0.47212214206061487,-0.32385936396316023,-0.3501090958534364,0.4897911925981468,1.140642373508525,-0.3753751306873807,0.6979624596788455,-0.0011433025078035,0.0118580766774147,0.014396187677919,SPY
2018-07-20,-0.14648966915987033,-0.179606945449227,-0.006336744027205727,-0.5043370532039121,-0.31997941188245965,-0.3476211405411179,0.4019117945001549,1.0233208541282621,0.5476139781625431,1.413239156869041,0.0018576698717165,0.006202271986587,0.0190536606563345,SPY
2018-07-23,0.12481725717079595,-0.4006335861876556,-0.09050687547066612,-0.5042935158592928,-0.3178844707140159,-0.34512397287350954,0.43768475097704507,1.0178294881828738,-0.9698665913367075,-1.4478676318917407,0.0050192675001401,-0.0008927940257628,0.019333615133493,SPY
2018-07-24,0.4106457242089127,-0.016700332835890487,0.029488107838785103,-0.6694061954591315,-0.3154163173081096,-0.34027156269188163,0.5656696957033537,1.3851845260589188,-0.07018282917020337,-0.7325909347015453,0.0084864351953299,-0.0009947714872735,0.0166567987117574,SPY
2018-07-25,0.7240996622972675,0.4030744625922126,0.07230571040893301,-0.635690429962751,-0.3089041595695247,-0.33459588155938,0.824804646702472,1.3982176222793925,0.40395068510312754,-0.017314237511349907,-0.0023619933819682,-0.0111534671500947,0.0075766386330293,SPY
2018-07-26,-0.2566670494894229,0.8546050097622954,0.3506583863967737,-0.7132900187346407,-0.30528834301244684,-0.32819766168091635,0.6220231866891833,1.027779851205173,-0.49420654767089456,0.6979624596788455,-0.0067991071986313,-0.0033583215062984,0.0086098286975078,SPY
2018-07-27,-0.6578102654662211,0.35181684300807486,0.4124211533873454,-0.6542391197822973,-0.30362158961960345,-0.32338185003077474,0.26349526362139614,0.2356333675156,0.3313948968908158,1.413239156869041,-0.0052373961406333,0.0077162847896943,0.0214093084234239,SPY
2018-07-30,-0.5166216861065467,-0.6893860030710214,0.16585454751619122,-0.6151822247342588,-0.30306597913263106,-0.31941666414649356,-0.014552631023868542,-0.2435842482518712,-0.20326536705390522,-1.4478676318917407,0.0049172900386293,0.0166141829043846,0.0345106754809343,SPY
2018-07-31,0.40142631525123196,-0.8852493528157098,-0.14345711381715973,-0.6069867242416548,-0.3022826909128763,-0.31508560271158603,0.1169993314330903,0.42798984118956773,0.04591804441941918,-0.7325909347015453,-0.0016722604674912,0.0149938360929802,0.0300765980715889,SPY
2018-08-01,-0.19431082179039355,-0.08716539643294044,-0.1479028537135227,-0.6197470240690999,-0.3024649174126221,-0.3105304967960139,-0.02410022382101117,-0.10739496306821755,-0.664582664615837,-0.017314237511349907,0.005433152261828,0.0162458647747563,0.0371156585881671,SPY
2018-08-02,0.4480635302890223,0.1556803799132141,-0.5907744248839327,-0.6414510009216644,-0.30028808283391667,-0.3062862902308151,0.13015855852693112,0.1302541234725799,-0.1982875599358426,0.6979624596788455,0.0042754990973614,0.0094454226025888,0.0276256520765354,SPY
2018-08-03,0.34340434583540225,0.19081928445031274,-0.25094256916599983,-0.6742299415175569,-0.2967178580324088,-0.3025452193899204,0.24562109285922312,0.37542933385824384,-0.6503865563256137,1.413239156869041,0.0036605019740569,-0.0015528494035565,0.0233845212684657,SPY
2018-08-06,0.2878047074099951,0.5959618712887995,0.23185841761323442,-0.7200828996661047,-0.29267404106310946,-0.2994626712260957,0.3467314075407724,0.36271080570603675,-1.300937876820969,-1.4478676318917407,0.0032969432272249,-0.0089636336897171,0.017999897240263,SPY
2018-08-07,0.2549366920904421,0.47521453520085244,0.6197651183316178,-0.721275123206782,-0.28905824011964704,-0.2964076425236066,0.4335968901737499,0.4113877276488338,-1.095086326778837,-0.7325909347015453,-0.0004202317857151,-0.0059001611565001,0.0120084604420247,SPY
2018-08-08,-0.08111949232376199,0.408558401530643,0.5491255832942681,-0.7892361907545234,-0.2877376249559926,-0.29247445291331736,0.35335185049190476,0.6509868375716489,-1.1241310460760432,-0.017314237511349907,-0.0013672899103394,-0.012975253426263,0.0094142798101435,SPY
2018-08-09,-0.16673955020960018,0.13059171279578027,0.6037081722262226,-0.843693851786786,-0.28616199261982983,-0.2898675915751816,0.2555783740135188,0.6321157465789936,-1.3655590025088356,0.6979624596788455,-0.0067227729087839,-0.0035489900957861,0.008836147794935,SPY
2018-08-10,-0.6509091617794738,-0.18712110971596696,0.3072407309912577,-0.7855773706083863,-0.28457735122785704,-0.2882349191683344,-0.045320091581975884,0.10065359872089422,0.5121420578226875,1.413239156869041,-0.0037502823121036,0.0066879532836097,0.0172958623604193,SPY
2018-08-13,-0.38217716916408967,-0.616430295202397,-0.17223243812309466,-0.7696392544748332,-0.2826191853261237,-0.2869726383262812,-0.21773472400942404,-0.3478586575886839,-0.015036980772061644,-1.4478676318917407,0.0063604157604419,0.0125758599445884,0.0243378375267715,SPY
2018-08-14,0.5318940285050024,-0.7787522074350944,-0.49530793810371615,-0.749271919966134,-0.28027848585881937,-0.2854039427868127,0.016426101024041687,-0.4603749919334917,-0.9943491117507296,-0.7325909347015453,-0.007495324055478,0.0085578952625509,0.0182194895553875,SPY
2018-08-15,-0.7207526826573077,0.1124332622783897,-0.3617548778433767,-0.6964884868530192,-0.27944048753238104,-0.28507465008706806,-0.2935446823847092,-0.7153941912093235,1.6171434635602282,-0.017314237511349907,0.0080589734201375,0.0154594944346309,0.0316120949111216,SPY
2018-08-16,0.6854544081313995,-0.14266714707488531,-0.6701957775105436,-0.6620129331081888,-0.27791947162121233,-0.28321779207411335,0.004911720940140782,0.01895357038004881,0.14389222075702654,0.6979624596788455,0.0035141704706118,0.0060717176970035,0.0237249916509281,SPY
2018-08-17,0.27457541190032253,-0.026966766681253296,-0.25925482701897434,-0.6593157343069466,-0.27658967565198467,-0.28075726997980444,0.1096397226539348,0.4716914098679219,-0.05035345294001039,1.413239156869041,0.0021376243488751,0.0085579197536764,0.0149024792258458,SPY
2018-08-20,0.15012691654278829,0.7229652108052457,0.18702797826357825,-0.6588347477554586,-0.2756515315994414,-0.27825560197863214,0.1575997615208458,0.3705937065531359,-1.157051157253304,-1.4478676318917407,0.0023424510784044,0.0142842663216784,0.0181765640389404,SPY
2018-08-21,0.16864455129284403,0.3196216233338625,0.44371314340693485,-0.671247354851409,-0.2749593332091369,-0.27609236062947207,0.2194079731511556,0.5710292411324659,0.04181402048515958,-0.7325909347015453,-0.000593724883398,0.0124250278725579,0.0168986330184557,SPY
2018-08-22,-0.09680436813040384,0.23980780093038706,0.26854869408165694,-0.7239243517231868,-0.27431264850632875,-0.2751044903705397,0.1794463586507013,0.31951841862934366,-0.9248685949676451,-0.017314237511349907,-0.0013288033174898,0.0183855528050429,0.0255643178722957,SPY
2018-08-23,-0.1632601182487386,0.05375692219923845,0.5694261069284392,-0.7281137479308883,-0.27365682983879114,-0.273983977876029,0.1073539096997256,0.025597285875683416,-0.7122778572609565,0.6979624596788455,0.0060003725272848,0.0156575018727291,0.0259786148446474,SPY
2018-08-24,0.4993438379065698,-0.1963173262092173,0.16016299170332376,-0.7551971292015632,-0.2696948438252937,-0.27119876533946974,0.3094432589144268,0.14258493159849303,-0.31229363512076763,1.413239156869041,0.007863970916877,0.0096914976347362,0.0166510705905773,SPY
2018-08-27,0.6678249457120038,0.252851752281453,0.2685497617800692,-0.7572806134111997,-0.2627001160903388,-0.2667031124368058,0.5624398322048996,0.34351612489405386,-0.32048732714510714,-1.4478676318917407,0.0004832126292839,0.0001034046637133,0.0078582564332192,SPY
2018-08-28,0.0005576097437987247,0.879034484270525,0.5181916632417615,-0.7663872080725819,-0.25721722346097786,-0.262774532924313,0.5200522727034661,0.39096350282672454,-0.7921653423092032,-0.7325909347015453,0.0053668000490869,-0.0030743015365839,0.0043784723089501,SPY
2018-08-29,0.44206486964926467,0.50322298605759,0.43713757121339936,-0.7641463785983029,-0.24838257173008713,-0.25791745776277236,0.6651408602324004,0.6750093340545232,-0.12586271457451048,-0.017314237511349907,-0.0040568542498036,-0.0114555140032672,0.0018021996408377,SPY
2018-08-30,-0.4098932156976226,0.3331235975193033,0.6969885530191623,-0.7475798695660323,-0.24269934080767144,-0.25429987952458394,0.44011495680672014,0.8552869339508476,-0.13659288414595624,0.6979624596788455,3.4368289291819565e-05,-0.0093440816790115,0.0059622573604833,SPY
2018-08-31,-0.04002076382445302,0.0238685881738071,0.5780583042227152,-0.754533920667497,-0.2379177961469582,-0.2512310989317297,0.3931844025866935,1.1474707343871149,0.09754204302608496,1.413239156869041,-0.0017241220541457,-0.007641508311603,0.0093963220344264,SPY
2018-09-04,-0.198999437975563,-0.3393598129992312,0.31796845034914456,-0.7538644000616312,-0.2341473111204705,-0.24886668326393238,0.28510946212410004,0.8045918682422516,-0.2898453320455386,-0.7325909347015453,-0.0026944935710133,-0.0026256934032087,0.0105372753876062,SPY
2018-09-05,-0.2867271743042406,-0.1804614671859416,-0.10002751483617595,-0.7488482323965286,-0.23169726950787287,-0.2472888224109878,0.14988715142316597,1.2406948730766076,0.3925080119385814,-0.017314237511349907,-0.0030144124175963,0.0003108679568626,0.0137804227926539,SPY
2018-09-06,-0.3156498660071108,-0.3663429139986482,-0.23856062817611678,-0.738066917488945,-0.2298847630197396,-0.2460539512660364,0.007403990604598066,0.6238029653892655,0.09258865205623332,0.6979624596788455,-0.0019454219255479,0.009222561674715,0.0089484277637126,SPY
2018-09-07,-0.2190063491744944,-0.4542334162829473,-0.6039422535965447,-0.7358335400264114,-0.22823623071550916,-0.24489683239973783,-0.08987123798263066,0.2447394634639778,0.45360836971749785,1.413239156869041,0.0017369416567003,0.0113398537602069,0.005281019419197,SPY
2018-09-10,0.11390266123483736,-0.4032090228349296,-0.5118936893024721,-0.786128481162557,-0.2276988725443792,-0.24263750814497392,-0.05417668973156394,0.2214818471143031,-0.6165242736243377,-1.4478676318917407,0.0032916928542485,0.0042945701490362,0.0035440777624966,SPY
2018-09-11,0.25446202509115956,-0.07956179741218795,-0.4376694613814935,-0.8038685707532384,-0.22836373149495573,-0.23945899468008042,0.03075964966984223,0.27979106920792507,-0.5897838005918347,-0.7325909347015453,0.0002420677890579,0.0064145864567572,-0.00120824966642,SPY
2018-09-12,-0.021243412434446104,0.27717391228177535,-0.21900341379919502,-0.8319574121377038,-0.22909241890333046,-0.2370716931696507,0.0035997754530947153,0.3502511966114403,-0.12928681843617865,-0.017314237511349907,0.005897281300256,0.007237038725619,-0.0336254101826538,SPY
2018-09-13,0.49002373748588063,0.17534782816889227,-0.09098308653092818,-0.8921623568514393,-0.22968454963560428,-0.23293275050413775,0.18050930775568308,0.7696181326586121,-0.5487047440091242,0.6979624596788455,0.000171870159944,0.009411717395805,-0.0617951859414542,SPY
2018-09-14,-0.027589723090473712,0.352832279539464,0.29752503789876916,-0.944262989091974,-0.2291563410428184,-0.229813705732758,0.13911266812405054,0.49015024747938996,-0.34018549365762785,1.413239156869041,-0.0053083419544703,0.0083253408907228,-0.0481739907932805,SPY
2018-09-17,-0.5230356374043,0.3480506388663547,0.3898290603492324,-0.9040995016621333,-0.23003982182952218,-0.22785631152245042,-0.10782468289282036,-0.5689270921993642,0.34574277791817415,-1.4478676318917407,0.0054117091619696,0.0103065111184079,-0.0484990214203637,SPY
2018-09-18,0.44612493813359744,-0.4152410078546996,0.08268767864218356,-0.8817677673484555,-0.22903783370556613,-0.2254598368582415,0.07591036226266906,-0.18223232543032236,0.011632848434035878,-0.7325909347015453,0.0010645200579197,0.0039659587159572,-0.0322804877757132,SPY
2018-09-19,0.053111486211528135,-0.0583197327509402,0.1751104644279079,-0.8841713254483902,-0.2270433817627554,-0.22322805558572062,0.0849320472298019,-0.514593365031141,-0.7015834751931073,-0.017314237511349907,0.0080719599704419,-9.513283694762008e-05,-0.0331668790802757,SPY
2018-09-20,0.6866284746009113,0.3757794895044292,0.210965532894674,-0.8334289636010057,-0.22210695004202338,-0.2198391084050856,0.36358276433514286,0.41700880023553094,2.340631043600737,0.6979624596788455,-0.0009145063451381,-0.005376565426415,-0.0557850201492104,SPY
2018-09-21,-0.12580504571161005,0.5569873682748844,0.30577134177236465,-0.8355305082253734,-0.21690485266340628,-0.21639909733508325,0.2726181025500904,0.3275462676163278,2.64021994401484,1.413239156869041,-0.0033271717267853,-0.0043588556114348,-0.0554132613290674,SPY
2018-09-24,-0.34392529014511714,0.42218234335515226,0.2584104122143314,-0.8408784779936631,-0.21304547932717177,-0.21419129954752641,0.10213677081981272,0.18197608464860937,-0.4176457901136007,-1.4478676318917407,-0.000928843240481,0.0024367490785852,-0.0565847749156755,SPY
2018-09-25,-0.12710119193246558,-0.35429048698892274,0.3447801589429457,-0.8966691922968637,-0.21029845114515683,-0.21314574818402238,0.048072657883525154,0.33850679109179166,-0.9421405501392403,-0.7325909347015453,-0.0029965714949851,0.0027824236181004,-0.0607593968673345,SPY
2018-09-26,-0.3140369335091042,-0.35526707099557614,0.06836175861242251,-0.8841410831460467,-0.20841107737347617,-0.21256391934478253,-0.08307623682672104,0.33724188450479087,1.2182245427288392,-0.017314237511349907,0.0027905273809745,0.0063276489471197,-0.0885300711672929,SPY
2018-09-27,0.20915348940954465,-0.3327476278909096,-0.10868282037660491,-0.9076527335124132,-0.2073400770715676,-0.21232345727094495,0.027015566348913934,0.665651830248578,-0.05328290077379645,0.6979624596788455,0.000103203469842,-0.0043092858803923,-0.0735390721229691,SPY
2018-09-28,-0.0337976271551735,-0.0793958542428585,-0.33892855531758614,-0.929503899467611,-0.20628715733573857,-0.21152950121065026,0.019030366973615456,0.5871637551352893,0.6027781433983981,1.413239156869041,0.0034684329632348,-0.0100253196202979,-0.0913864960973338,SPY
2018-10-01,0.27044045130249633,0.13175102117699425,-0.2945611719727583,-0.9180362596986591,-0.2029074967043443,-0.2102760563893732,0.14155192962359817,0.598352818244564,0.11273483383525278,-1.4478676318917407,-0.0005831687009658,-0.0134937525835328,-0.1004106094484669,SPY
2018-10-02,-0.095850022322688,0.17792780728182908,0.001695377688102997,-0.9226108566284418,-0.20111342989543385,-0.20887203072068466,0.09608455785705187,0.5276776096897686,-0.7976364514499064,-0.7325909347015453,0.0005486538340342,-0.0143712184572351,-0.0851175359218041,SPY
2018-10-03,0.006473909486290691,0.1311743039192655,0.016765169274534832,-0.9360576531606014,-0.19945517030910678,-0.20703783902189585,0.0903348807748235,0.21391271283956387,0.26454355299988475,-0.017314237511349907,-0.0078464074465376,-0.0470949650184451,-0.0750419006398628,SPY
2018-10-04,-0.7524928467335138,-0.06771182395847103,0.1713203960210245,-0.8679368888774454,-0.2020325409513872,-0.20585324773607522,-0.2473186839904321,-0.4706384039262195,2.8830407584689435,0.6979624596788455,-0.0056128302700635,-0.0615210520304518,-0.0566097635781952,SPY
2018-10-05,-0.5505633112912574,-0.5624606957177672,-0.29240016376875916,-0.8351564510466005,-0.20584766530293452,-0.20515678583581212,-0.48485423757930396,-0.4915123989878942,2.3758403908211934,1.413239156869041,0.0,-0.0421151564522706,-0.0569373293965265,SPY
2018-10-08,-0.04312787503768522,-0.9821615228073072,-0.5415924742067753,-0.8375315343061561,-0.2087754366912781,-0.20468898635431243,-0.49193293489934087,-0.9312161251619815,1.3462335462281037,-1.4478676318917407,-0.0014606345746681,-0.0477485290338242,-0.0514359834104878,SPY
2018-10-09,-0.1751784995785504,-0.4476890419316048,-0.6927999133220932,-0.846203504671531,-0.21184035807308968,-0.20484861491066497,-0.5483573961853762,-1.1258382979658408,0.6139712630806633,-0.7325909347015453,-0.0321750927271757,-0.0246576516525358,-0.0436672078575197,SPY
2018-10-10,-2.951960216110565,-0.16485459195938507,-0.7310533174039943,-0.16403364980202156,-0.2224349296370588,-0.20922089281515685,-1.75885188906161,-2.826149819071482,5.277705979780939,-0.017314237511349907,-0.0222724944585444,0.0076955698279972,0.0096905483637108,SPY
2018-10-11,-2.0567025598640063,-2.356520236328623,-2.1576554654715587,-0.00484297699457749,-0.23937890261767358,-0.21719143045278613,-2.50407627326513,-2.9952383994302574,5.074488317305228,0.6979624596788455,0.0137930653081177,0.0154218831880488,0.0301465872015631,SPY
2018-10-12,1.2038526633243867,-3.7741583668441683,-2.786565320919889,0.11262645248581286,-0.2528919242418784,-0.22344821127640727,-1.8803316686547127,-2.1777091747325095,2.578701461196615,1.413239156869041,-0.0056333725815536,0.001086070354936,0.006537446168827,SPY
2018-10-15,-0.552420466468073,-0.6429526993063256,-1.9405591258399908,0.11347346657995655,-0.2687473316037982,-0.22971284808300765,-2.0071152447639524,-2.2389352493329273,0.7109519051722762,-1.4478676318917407,0.0216302428066201,0.0022207576230961,-0.0066910159061857,SPY
2018-10-16,1.912383189209014,0.4904517038913047,-2.186147796766677,0.3156585812223035,-0.2789577145590154,-0.2339390611542555,-1.0952390173750663,-1.3207486206787065,1.041771328465617,-0.7325909347015453,0.0001781287533573,-0.024512950375664,-0.0301943255535483,SPY
2018-10-17,-0.027023906572566484,1.024295469873173,-1.1794936469646833,0.31414308354892373,-0.28926878971685954,-0.2382840312855765,-1.0225745161383157,-1.4138478224383613,0.8469277436274172,-0.017314237511349907,-0.0145461810984928,-0.0554583249239648,-0.037232495149742,SPY
2018-10-18,-1.3581948548652534,1.4201565766594344,0.23095534226399397,0.33142525478441975,-0.30119919971903103,-0.24556904424475537,-1.4881678754273433,-1.6513430555340687,1.3413897367801302,0.6979624596788455,-0.000542747524995,-0.0231306174001737,-0.0123037691832301,SPY
2018-10-19,-0.09219569178431002,-1.044067103479542,0.5677864326611557,0.3319974576541827,-0.31178465293188606,-0.25280022568782906,-1.4008981883864422,-1.7813320943616031,1.403811168849509,1.413239156869041,-0.0044986853133934,-0.0403320903797013,-0.0091641393087922,SPY
2018-10-22,-0.44983754462181325,-1.0931709176162225,-0.057187891221918065,0.33297537300849556,-0.3235045601776897,-0.26015548775628655,-1.4671716282064806,-1.8320705063552778,0.15264729268956664,-1.4478676318917407,-0.00510346519214,-0.041389085454206,-0.0217242349235897,SPY
2018-10-23,-0.504513479371875,-0.40876725448248313,-0.0077208385690613,0.3332337496709323,-0.33612092312419684,-0.2680297700016595,-1.5489326066697755,-1.9133269936602262,1.4803062177511352,-0.7325909347015453,-0.0307672457949435,-0.0215757154363691,-0.0353003531917179,SPY
2018-10-24,-2.824681929067794,-0.7194289302546502,-1.1731853487376664,0.5889769916180058,-0.3479963107473852,-0.2793129529972112,-2.572430908027712,-2.133027294304732,2.024322282779687,-0.017314237511349907,0.0177815264252982,0.0198158194745499,-0.0011314162250313,SPY
2018-10-25,1.5644348312498029,-2.5087602624942082,-2.522258802805173,0.7256881870291284,-0.3499084789395618,-0.28878147448718977,-1.7437581490606844,-1.6015915240389464,1.1727896519140142,0.6979624596788455,-0.0177442205045226,0.0126200226643815,-0.0256140923728187,SPY
2018-10-26,-1.6473178896041047,-0.9499069493146497,-1.1129221026423461,0.7767687707900116,-0.35962492518674466,-0.30044604115146445,-2.256462911277325,-1.7773765049659684,2.2828561036405004,1.413239156869041,-0.0055556803878982,0.0244238470805093,0.0081454558456242,SPY
2018-10-29,-0.5453965996693039,-0.06281961885111322,-1.862825792814822,0.7562833073546342,-0.36926803428464283,-0.3132499997583692,-2.2779861965021873,-1.811955603774626,1.4429263940275432,-1.4478676318917407,0.0147099048256968,0.0354808734544462,0.017060108651365,SPY
2018-10-30,1.2867407675770033,-1.6524764021809777,-1.9089058295540346,0.8625475212907522,-0.3808232491202567,-0.32417949103318594,-1.5392045145984763,-1.1202716789263152,1.3247175974245007,-0.7325909347015453,0.0106242891159755,0.0270791096070492,0.0251140989685616,SPY
2018-10-31,0.9173752086210542,0.5581960613739918,-1.0451356565687309,0.9179708394705134,-0.38980751050932305,-0.3338685523886674,-0.9681775640636938,-0.5460912873307303,0.7633804141725746,-0.017314237511349907,0.0105857296151299,0.0376374839851285,0.0123028192768144,SPY
2018-11-01,0.9138891853151889,1.6603244558208854,0.7593414837635533,0.9661923274995067,-0.3924515044464726,-0.3411870199180798,-0.4277115791960911,-0.6121324177604008,0.21082095370407872,0.6979624596788455,-0.0059403960883948,0.0252352987493065,0.0077939684681798,SPY
2018-11-02,-0.580177337714476,1.3793986727313976,0.44563843123433855,0.9667271170261335,-0.396440377104864,-0.3485054482459807,-0.5503114063401342,-0.6167946361669897,0.6215490067518391,1.413239156869041,0.0055013459860386,0.0213596191130829,0.0268884953021091,SPY
2018-11-05,0.45422867523899957,0.2510646604552915,0.9602299140879947,0.9833606025418812,-0.3979225463421082,-0.35513480807875825,-0.2215285223482187,-0.9927460635095419,-0.4503039564855033,-1.4478676318917407,0.0063081409782999,-0.003003561529522,-0.011552132562822,SPY
2018-11-06,0.5271680568285089,-0.09526748587790973,1.442264498569107,1.0038610947255473,-0.3965411005347212,-0.36077636821532444,0.1271211656643386,-0.8426407347348549,-0.5522416744989238,-0.7325909347015453,0.0211826634940548,-0.0111847693485644,-0.0193781864048103,SPY
2018-11-07,1.8719191821391765,0.7390641541420144,1.075986929164482,0.8642292095806363,-0.38218633331649726,-0.3595313595594032,0.98262899089468,-0.10521045207511642,0.23409690086272833,-0.017314237511349907,-0.0018164556206921,-0.0392274736854556,-0.0640710912599491,SPY
2018-11-08,-0.20734697769562488,1.8072259503545482,1.536282621153624,0.7040597145625564,-0.37265308161318467,-0.35570446876871237,0.8432904876244167,-0.1338739159753691,-0.45816266144404405,0.6979624596788455,-0.0098160757246184,-0.0270284731967445,-0.0603592275295925,SPY
2018-11-09,-0.9305633448373957,1.2538041034819754,0.995605407893197,0.6882579553951539,-0.36128073343552836,-0.3548729655003445,0.42285283636433,-0.24828802941277944,0.16199488362997924,1.413239156869041,-0.0188618346565663,-0.0146155151226832,-0.0503162102632233,SPY
2018-11-12,-1.748357293526619,-0.8577320571254092,0.8266439204328242,0.787535703323751,-0.3533117941975612,-0.35571364192249094,-0.3339155570043443,-0.5055885345243928,0.16788163096382192,-1.4478676318917407,-0.0018730668407425,-0.0128124613943079,-0.02643150955552,SPY
2018-11-13,-0.2124649908478018,-2.0188094142272868,-0.23547669505005944,0.6298605466078252,-0.3493868280650423,-0.3595451349706758,-0.3479749012196681,0.07485050257280136,0.12195003980955374,-0.7325909347015453,-0.0068600408428363,-0.0296189780138336,-0.0248976828766585,SPY
2018-11-14,-0.6633190531619043,-1.477756748697378,-0.592139054190439,0.6373538173237548,-0.3497801974793689,-0.3642540676188431,-0.5490137635594884,-0.42924772123533567,0.6238614010115159,-0.017314237511349907,0.010382544868019,-0.0193572459992541,-0.0366748925131332,SPY
2018-11-15,0.8955199961843148,-0.6602324793690593,-1.8146696764039285,0.6238112770086073,-0.35022851120460224,-0.3658068551847928,-0.10367247356980745,0.22711324623917944,0.7845957689340427,0.6979624596788455,0.0025968823494428,-0.0364409405897623,-0.0668707208163272,SPY
2018-11-16,0.19164675103947218,0.174581062912832,-1.2828503668722442,0.62698141871893,-0.3485452229935575,-0.3669645934349797,0.021035443349300992,0.43468236074985045,0.6003259995077171,1.413239156869041,-0.017058780928191,-0.0230224952252848,-0.0705647603898249,SPY
2018-11-19,-1.585349806888973,0.8187567872131071,-0.7417035082995295,0.7065706706820019,-0.3524700954443866,-0.369679713668307,-0.6258628926217116,-0.3237489355280407,0.1302780517097742,-1.4478676318917407,-0.0186795834602682,-0.0026047418792511,-0.0685950193506048,SPY
2018-11-20,-1.7318806300874066,-1.0504596123623113,-0.6630988070569611,0.7931950471843618,-0.3625340226916422,-0.37403958037414026,-1.300475911482594,-0.9718730084163327,0.74574232595527,-0.7325909347015453,0.0034016911717431,0.0388387367239104,-0.0663272741035294,SPY
2018-11-21,0.2644065702741372,-2.499745230406701,-1.395784248991335,0.5152120553243892,-0.37716327726018145,-0.37417741288989065,-1.1636834227164898,-1.1725723623008333,-0.44303739632757805,-0.017314237511349907,-0.0067011497224891,0.0332500549763956,-0.0904314421999377,SPY
2018-11-23,-0.6489542886686269,-1.1060425253597594,-0.9484207752671483,0.4088052968336197,-0.392945331859202,-0.37731521950485325,-1.378839384018466,-1.1824021930879824,-1.071843974117502,1.413239156869041,0.0160153277139203,0.0460280835053801,-0.1105084155321414,SPY
2018-11-26,1.404759271773389,-0.29010947058816533,-1.6931898790787154,0.39838387035616224,-0.4023322839907019,-0.3763182623354682,-0.7583938328653842,-0.9096116914546902,-0.35545027236349735,-1.4478676318917407,0.0033589724178426,0.0431668865369943,-0.077233938027585,SPY
2018-11-27,0.26054452412652335,0.5690915919996121,-1.1082084820102551,0.38719903413056556,-0.40614747079670954,-0.3742324753334695,-0.6572510999414127,-0.9877441497448942,-0.4470505836788307,-0.7325909347015453,0.0227638951428934,0.0068686322402591,-0.072944867749447,SPY
2018-11-28,2.014872546652245,1.2543553225529405,-0.2180900254429048,0.4881547029082182,-0.4038419800310524,-0.3711038810737974,0.21565660155994543,-0.9600595621413126,0.5536810379037672,-0.017314237511349907,-0.0021869905757716,-0.0174131757663227,-0.0969995954141111,SPY
2018-11-29,-0.2408456864630711,1.714046410569514,1.5886516166875797,0.4588843216692062,-0.40038361116684074,-0.36956480619670123,0.10084663266555138,-0.9660926348620316,-0.34112959373980056,0.6979624596788455,0.0060768788064953,-0.038736426551635,-0.0860917795900837,SPY
2018-11-30,0.5062604905219852,1.3362729365001964,1.3450112568969492,0.4339749081403395,-0.3979773501304821,-0.3685816322788913,0.33398784190990743,-0.6145849382589124,-0.03947972570087183,1.413239156869041,0.0131541307455345,-0.0429178972484658,-0.091129006885394,SPY
2018-12-03,1.1460889286482938,0.19960611407260073,1.9020734781624802,0.47077833135648955,-0.39288130042441,-0.3651774200295324,0.8220105438182362,0.1449216774976437,0.049285311809433074,-1.4478676318917407,-0.0329392818788925,-0.0558450864522495,-0.1284352678513904,SPY
2018-12-04,-3.0210477596356036,1.2445948210549058,1.7773386855399858,0.8177085926989677,-0.39182928627824565,-0.36662001214560375,-0.5035205793691002,-0.5656821466941416,1.4766713385229344,-0.7325909347015453,-0.0015179128636884,-0.0178829385222201,-0.062548910650956,SPY
2018-12-06,-0.18035681999416942,-1.4130627550841053,0.19490473489303403,0.8029905540752128,-0.3865960553514755,-0.3690457232973676,-0.5256033521802472,-0.4651442216500456,1.8925072690124918,0.6979624596788455,-0.0235102413610839,-0.0167042658204126,-0.0531773690859154,SPY
2018-12-07,-2.168602725955174,-2.4124760025822685,-0.8636684146196149,0.7783074469576765,-0.38792268175687467,-0.3770578929406072,-1.3349949934977674,-1.0711642270943726,1.031383249011759,1.413239156869041,0.0018954081096644,-0.0118312749386397,-0.0203155035015791,SPY
2018-12-10,0.12822903310470768,-1.770199557958621,-1.7932623202932658,0.7853357062926376,-0.3871724319462934,-0.384606042128092,-1.1399831480962788,-1.0881648342042851,0.8210948846988476,-1.4478676318917407,0.0002269415417508,-0.0335399664834792,-0.0175485189429611,SPY
2018-12-11,-0.0226109210765827,-1.5376949192327776,-1.975554866381235,0.7730816847627894,-0.3902556680984075,-0.39086788778704745,-1.0307415585821633,-0.8101025561266231,0.22679818464612836,-0.7325909347015453,0.0050228660511368,-0.0348640652492848,-0.0142539452893393,SPY
2018-12-12,0.4109710560302988,0.07920697141231339,-2.539119794745958,0.6998213055609571,-0.39294550360896635,-0.39413435376398126,-0.7777152745778777,-0.32936115512237346,-0.24150035942438722,-0.017314237511349907,-0.0003392401618809,-0.0549759711893926,-0.0188906638540098,SPY
2018-12-13,-0.0737973361216776,0.2922395237239799,-0.8841478714994018,0.6999906870094766,-0.40137173440074664,-0.39720785421886545,-0.7415419366389284,-0.40981527458305084,-0.28111856514483907,0.6979624596788455,-0.018637250479311,-0.0710485692407045,-0.0246710192509755,SPY
2018-12-14,-1.7280534602592892,0.2536730151876366,-0.8327632598650972,0.7808181776777701,-0.4137321589714642,-0.4016779790969958,-1.4100183797487338,-0.6535486008818978,0.09802207160550065,1.413239156869041,-0.0198132834351749,-0.0731137956860585,0.0053616022300007,SPY
2018-12-17,-1.8343742943650787,-1.3579793576975987,-0.6203236711875769,0.8191097579570745,-0.4322956229325559,-0.4097912415990576,-2.055426818846109,-1.3557612844947413,1.038342978256497,-1.4478676318917407,-0.0010971572240547,-0.0800786353055764,0.0275921463759978,SPY
2018-12-18,-0.14231784299313105,-2.684489648155576,-1.566720989467598,0.8099485207254693,-0.4544545745240981,-0.4183592965209787,-1.9625999281122555,-1.4604143861789913,0.4138231319689912,-0.7325909347015453,-0.0150890398889709,-0.0296916728630449,0.0362474751428099,SPY
2018-12-19,-1.4072727307168644,-1.4897139217096087,-1.624445496654407,0.7951726047898283,-0.47182853084602927,-0.42655528205339766,-2.4158826902306147,-2.338960025682235,1.9117700554825072,-0.017314237511349907,-0.0164118382131928,-0.0069545902780934,0.0645585576549745,SPY
2018-12-20,-1.526862084470731,-1.1679133797921888,-2.501230438202056,0.7758863829246466,-0.4925694070895784,-0.43434237229605915,-2.9199639612559594,-2.4384048530027704,2.4548038915130457,0.6979624596788455,-0.020702476924665,0.0081664154133287,0.0673676641233766,SPY
2018-12-21,-1.914763022429742,-2.2111010548977523,-3.2019204665317553,0.8435990771795947,-0.5122072907342462,-0.4448696011769274,-3.5350312688284564,-2.7503288803846715,2.338388372405451,1.413239156869041,-0.0267781230546928,0.0375897175862496,0.0901606907832466,SPY
2018-12-24,-2.4640399462227904,-2.5934706474978597,-3.291954670826699,0.9773737984490792,-0.5381554012357218,-0.45752258692130104,-4.329375961126009,-3.268388121060251,0.41447576350301685,-1.4478676318917407,0.0492898052184767,0.0654074921521274,0.1174700717448464,SPY
2018-12-26,4.41298296574289,-3.299589213790967,-3.5955890711104463,1.588813526776814,-0.5532626510114602,-0.4666568528001316,-2.340896622817591,-1.8244362838259833,1.612268380721351,-0.017314237511349907,0.0076480426959806,-0.0080344432868111,0.0766061643147573,SPY
2018-12-27,0.6483036657697935,1.468063872552973,-1.3989534040831673,1.6063552224200304,-0.5678474692319336,-0.47533123790286075,-1.9051677424360445,-1.6471214149631346,1.0147494036731486,0.6979624596788455,-0.0012908325217706,0.0172645893387501,0.0613286462012956,SPY
2018-12-28,-0.15982731761811314,3.813065497968173,-0.4077230510486142,1.4432586147945299,-0.5826443984111128,-0.48699263708497637,-1.7651727227720788,-1.4045618485756515,0.40809881878674437,1.413239156869041,0.0087208252482557,0.026409050561873,0.0612917984452527,SPY
2018-12-31,0.7452900088848468,0.3676722882089049,0.25148200543765015,1.4827853876646542,-0.5909613651256747,-0.4973756906454728,-1.2508492754173581,-1.261312826471995,0.2292581641937419,-1.4478676318917407,0.001039651511185,0.0270398495368695,0.0682776426511004,SPY
2019-01-02,0.05086321194451167,0.44074684571327044,1.5342002297893396,1.4642615706970137,-0.5943639621573881,-0.5084058435624803,-1.0247139551045443,-1.24483293027615,-0.09201615382050655,-0.017314237511349907,-0.0241521302204619,0.030662590693967,0.0759818792272692,SPY
2019-01-03,-2.2266335477888615,0.5994920537874044,2.746924967035109,1.4644319878804326,-0.6030042399961241,-0.5238715299435401,-1.7178691634183547,-1.6037935918126722,0.21077746527163158,0.6979624596788455,0.0329470753215419,0.0583362361098016,0.1006159374556086,SPY
2019-01-04,2.9354965861785227,-1.639709795312982,-0.454799586706056,1.6063840110821326,-0.6006219302450546,-0.5313995138733166,-0.2786159592583805,-1.024136966152693,0.1674440389225325,1.413239156869041,0.0078536287013522,0.025775308274726,0.0746792260428028,SPY
2019-01-07,0.6668899438690574,0.5337230882672864,0.6481197938773168,1.631304666696241,-0.5926664031023051,-0.5378196160357086,0.15337551793733564,-0.6850127569518215,-0.5736893873070519,-1.4478676318917407,0.0093516242232523,0.0118020840145272,0.0710086820970117,SPY
2019-01-08,0.8023182348714637,2.7138542489043895,1.0467754917946062,1.5550968842307151,-0.5778779989568732,-0.5402547590712298,0.5814042264770053,-0.27606854270999215,-0.5616930346967569,-0.7325909347015453,0.0046623926682825,0.0138458307929401,0.0603379862520903,SPY
2019-01-09,0.378381977172512,1.1066066809171966,1.074275373907602,1.5603297461306134,-0.5561326051837503,-0.5423651332614763,0.8125141236705345,-0.19683326998195724,-0.6981568458910102,-0.017314237511349907,0.0035215151953726,0.0116006988354797,0.0460968943797484,SPY
2019-01-10,0.2752394215770514,0.8892297665425367,1.2322099278542564,1.56425976773293,-0.5444454396884367,-0.5440825122951819,0.990168056344471,0.09176021125510185,-0.6367071331349569,0.6979624596788455,0.0003861474864663,0.0156373551828643,0.0437966127027671,SPY
2019-01-11,-0.008217694464733295,0.4921011625109285,2.4386513089242228,1.5569346994811937,-0.5344055417945448,-0.5463647223925785,1.0473886485500699,0.39856093068160964,-1.087891108000505,1.413239156869041,-0.0061195955588466,0.0284732503195916,0.043964725338399,SPY
2019-01-14,-0.5963781057922339,0.20081685351591677,1.0191472950514846,1.562468389169202,-0.5255251577855499,-0.5493356873730036,0.8453366803457082,0.6978746656550902,-1.1170306866794544,-1.4478676318917407,0.0113953710016652,0.0209901141336477,0.0628618991611169,SPY
2019-01-15,0.9870858989904163,-0.4559051454772382,0.4099801354249946,1.520056595170189,-0.5159270627394695,-0.5486923748825401,1.3109656835251875,1.4763552544192455,-0.8163503558165789,-0.7325909347015453,0.0024172607108221,0.0116852928671873,0.0547081048171627,SPY
2019-01-16,0.17540781628311347,0.2940083716037375,0.4990779268021627,1.4225448872135307,-0.5059883566838824,-0.5454102988635772,1.3532615367914704,1.0508827234188032,-0.939589335602462,-0.017314237511349907,0.0075581715427572,0.0097992900632721,0.0500699093165586,SPY
2019-01-17,0.6401787438234166,0.8755120445161829,0.4012006844388203,1.4291639458148135,-0.488733688379949,-0.5410846237164009,1.5941661243455834,1.0555383846133999,-0.5581332097548223,0.6979624596788455,0.0132220426231937,0.0106670163089024,0.0533502207289382,SPY
2019-01-18,1.1522285928833937,0.6141341427960265,0.5771800028648979,1.383104922993899,-0.47578583277504943,-0.5333866541908349,2.01687082557399,1.2623421159592316,0.05393797996159693,1.413239156869041,-0.0136027317447906,-0.0101845017317723,0.0418571866725354,SPY
2019-01-22,-1.2729010527468418,1.3501217439209712,1.1367649373152664,1.358582102588076,-0.4679821792646388,-0.5254732566769135,1.2957243753950762,0.689871746261136,-0.18184500719300128,-0.7325909347015453,0.0020905497352048,0.0020905497352048,0.0574734458467203,SPY
2019-01-23,0.14587107306010502,-0.0912921202873205,0.8105352332322953,1.2101162995739077,-0.4618717129971334,-0.5149789884272297,1.1957658431448288,0.7057594035655197,-0.7420817273406821,-0.017314237511349907,0.000531257906907,0.0157066694541034,0.0518208570021574,SPY
2019-01-24,0.004901207400872701,-0.8495342406756775,0.404888588179366,0.9442115881080694,-0.45673669170821796,-0.501481116018334,0.9785232912121906,1.5630090345456964,-1.232562204956996,0.6979624596788455,0.0084258977883875,0.0239192996345503,0.0574702219946701,SPY
2019-01-25,0.718626696961879,0.11322847146818261,0.32266769558401076,0.3115433003459534,-0.45038696240565873,-0.4924239751939654,1.171485877969752,1.294321759090189,-0.4673916972892371,1.413239156869041,-0.007629475417481,0.0159753298540401,0.0504049216065833,SPY
2019-01-28,-0.7328808161704619,0.5447723613651807,0.36049649747976215,0.35097607783728346,-0.4459881855147399,-0.4851736634130973,0.7257778930983807,0.7736611966078526,-0.6701931486062984,-1.4478676318917407,-0.0013276802778134,0.0306151691802574,0.0573184919267504,SPY
2019-01-29,-0.16315858834302174,-0.011111005050543125,-0.5485320690278798,0.35109575544662136,-0.4404574527692605,-0.4779371897659214,0.5451662715545035,0.49996206556478195,-1.0265751500147817,-0.7325909347015453,0.0157066694541034,0.0361259342136319,0.0582161399303275,SPY
2019-01-30,1.376854608495252,-0.6754939219429854,-0.013397292889889563,0.39706283802171444,-0.43380400742925324,-0.469776556156911,1.0568698747611902,0.756640866952626,-0.4852819125938089,-0.017314237511349907,0.0087438880873538,0.0191001931378593,0.0406453997404625,SPY
2019-01-31,0.7473750357350988,0.9140905252799649,0.5802017805839154,0.40422047148804924,-0.4255678723991386,-0.46065014626105977,1.264477273580542,0.8600970802075356,-0.25606173978495766,0.6979624596788455,0.0004819280078773,0.0007776058464461,0.0381261603086899,SPY
2019-02-01,0.0004414718254020983,1.6001339364994036,0.9382340075721946,0.08906639930475195,-0.4190340898038881,-0.44870488893146127,1.0770445173138306,0.8621405512058262,-0.6062846241060146,1.413239156869041,0.0070103639087362,0.0015169113569601,0.0340004138280907,SPY
2019-02-04,0.5906534611447122,0.5630726588510816,0.591914116240026,-0.31282431905547875,-0.4139727803910158,-0.43966167248411087,1.214680626121802,1.25018150818295,-1.1016508226929427,-1.4478676318917407,0.004183084755561,-0.0049391924296777,0.0256285640155073,SPY
2019-02-05,0.3350495035203429,0.44499046968148787,1.230142571868713,-0.3230250729717595,-0.40454944853674907,-0.4310112238245323,1.2411069048698953,1.1486288932784985,-0.7393902634127182,-0.7325909347015453,-0.0013190716216691,0.0036553010786324,0.0153701150538028,SPY
2019-02-06,-0.16238031125713895,0.6971015718034163,1.4703861277036898,-0.3322451386982056,-0.3959636309868585,-0.42363155489478116,1.058977592791744,1.0415311776078944,-1.1346964303420397,-0.017314237511349907,-0.0095786992040594,0.0082159493580125,0.0082886905250134,SPY
2019-02-07,-0.909103002644499,0.12972674420707198,0.7281435258149758,-0.24894111864422974,-0.38989928733783025,-0.4180078471267219,0.5647827284170587,0.4424962224189483,-0.41331170524278865,0.6979624596788455,0.0012212335183914,0.0155737137722899,0.0158652934648282,SPY
2019-02-08,0.0672793764478321,-0.8076824923499013,-0.07063549966098139,-0.24925616991581417,-0.3855833406740687,-0.4126521287341394,0.5250308525476314,0.12464237257990646,-0.7943546289582124,1.413239156869041,0.0005542601220982,0.0251909632090354,0.029041360140769,SPY
2019-02-11,0.0069807534656449585,-0.6346449334873911,-0.038405240591939706,-0.2495762486279539,-0.3792704595027236,-0.40727332065106236,0.4575975793679711,0.8561696224823204,-0.9303566917109136,-1.4478676318917407,0.0127775782638712,0.0263657116537281,0.0322509154111534,SPY
2019-02-12,1.1120461973324545,0.055580236001330635,-0.3198611402987996,-0.23590990805554637,-0.36943302335351585,-0.3995562678295155,0.857594121211309,1.100355831878561,-0.8328802261750494,-0.7325909347015453,0.0032415766577109,0.015601660819251,0.0260705649143444,SPY
2019-02-13,0.24993120323661963,0.8427619224044586,0.05481854002367768,-0.27555159397273543,-0.3626139956272687,-0.3927911296402099,0.8786754001876494,1.1524524605058766,-0.9412968344006121,-0.017314237511349907,-0.0022209347897819,0.008798045052182,0.0221888054605363,SPY
2019-02-14,-0.24391445858263253,1.0258134329809345,0.2536414535239501,-0.2624267790684276,-0.35851890354656824,-0.3865990626723915,0.6824727623960165,0.8519703313498529,-0.5750055511188966,0.6979624596788455,0.0108384829551368,0.0171996027413836,0.0293385526367488,SPY
2019-02-15,0.9367396894601321,0.004162118560601088,0.5744055353123619,-0.23844814082596336,-0.35179198053474187,-0.3799402625041962,1.022366755467892,1.5117243941317895,-0.2971740680133276,1.413239156869041,0.0017290085667909,0.0077217171865475,0.0221189672950536,SPY
2019-02-19,0.11318545961901695,0.5216393695740161,0.9936725859020421,-0.30430270048607877,-0.3463716985012149,-0.3746769812766133,1.0063410818818954,1.6182158731007903,-1.0067656039472626,-0.7325909347015453,0.0020135274293942,0.0052768035224426,0.020638290543677,SPY
2019-02-20,0.13890776836893792,0.7906970293362047,1.0448861182982443,-0.4646734591787463,-0.34148515228015625,-0.3674913441500355,0.9702753760494935,1.4138569559275853,-0.6511845721771659,-0.017314237511349907,-0.003562039109358,0.0028332438188121,0.0156102850395107,SPY
2019-02-21,-0.36515879035857796,0.18956894548392092,0.5756238957208278,-0.4387639984025009,-0.3371783083538936,-0.3610173555894211,0.7143010630017784,0.9473440426353883,-0.8811648259660447,0.6979624596788455,0.0061806228994196,0.0045312121924085,0.0304038875197818,SPY
2019-02-22,0.515639614158157,-0.17084050268344433,0.27901810060590276,-0.4341754045913506,-0.32889603509168697,-0.35381327023135595,0.8520496123862031,1.0948101614978512,-0.6365680423977591,1.413239156869041,0.0013605974003008,0.0045752379485701,0.0047890391884024,SPY
2019-02-25,0.07987875480278948,0.11300887285378658,0.6452866824783748,-0.454539204798417,-0.32056779534715213,-0.347464052242735,0.8037388285582644,0.9544290975831425,-0.8057035974075244,-1.4478676318917407,-0.000715905097314,-0.0004291779244525,0.0026763051391229,SPY
2019-02-26,-0.10785023397115352,0.4483233165266855,0.23209524468330825,-0.5195033788345733,-0.3125616332512126,-0.3402738128586635,0.6557486137596581,0.7758887149494335,-1.0274377295563686,-0.7325909347015453,-0.0004300322742363,-0.0010747587309856,0.0108184188314712,SPY
2019-02-27,-0.0820055186115651,-0.02144637781533787,0.12550845522362297,-0.5242999332670971,-0.30786849287818335,-0.33297735305801696,0.5186994728115212,0.8422825785838014,-0.9935937144594694,-0.017314237511349907,-0.0018640707357615,-0.0067200906628928,0.0060055608310314,SPY
2019-02-28,-0.2116516859310356,-0.14341841291553026,0.018980692101816368,-0.6428219858514466,-0.30447282829149486,-0.32784809395922987,0.3584981918642177,1.517440219034207,-0.7533218282021048,0.6979624596788455,0.0062246486555812,-0.0132565160775897,0.0116530245493278,SPY
2019-03-01,0.519619821595287,-0.22162782804194742,0.09300416385167963,-0.6656850564899177,-0.29891444383398996,-0.3230006466890056,0.5366559835088941,1.6237412255879942,-0.5642016565126312,1.413239156869041,-0.0036438184727218,-0.0214832609974156,0.0117140158703614,SPY
2019-03-04,-0.3725521632076343,0.23166800833030501,0.0949234807059694,-0.6427109306905238,-0.29704622796781727,-0.3186846386346582,0.3165946591583565,1.2803293791157182,-0.04593761128865481,-1.4478676318917407,-0.0013614859038471,-0.0034421423303614,0.0271474626310812,SPY
2019-03-05,-0.16621483123098665,0.11043721643128912,-0.12324562230072109,-0.6610321972777464,-0.2959695443100776,-0.31542221825374905,0.2081898946558816,0.7614109379045235,-0.9072240248360431,-0.7325909347015453,-0.0060753642061435,0.0016831589659682,0.0289985257670641,SPY
2019-03-06,-0.5923793111244718,-0.4063062978280507,-0.15138992306495658,-0.6281423092975318,-0.2969634445815049,-0.3134675446283655,-0.07138710534459747,0.09777823292092609,-0.5830475116565359,-0.017314237511349907,-0.0084004961504584,0.014355750939174,0.0366462888010401,SPY
2019-03-07,-0.8025859779469838,-0.5719355095863694,-0.39749996567724827,-0.5686405928054032,-0.29918128051299386,-0.3124185592124206,-0.4286879869208338,-0.31090507989489996,-0.17557265230941052,0.6979624596788455,-0.0020020962642446,0.0221160642935354,0.0476969083919849,SPY
2019-03-08,-0.22413006865240717,-1.051410644550966,-0.6824575123275919,-0.6439927022277466,-0.30348806198479644,-0.3104222849426356,-0.5408760581043627,-1.145269547106486,-0.3364166561506165,1.413239156869041,0.0143973001943322,0.0290469729442106,0.0545273982039136,SPY
2019-03-11,1.2584793272948285,-0.7739525037378934,-1.0411050758721492,-0.511310680444078,-0.3044819466426089,-0.3067393734647572,-0.015731035024683183,-0.3269168866589182,-0.7269116711189976,-1.4478676318917407,0.0037638153924826,0.01826857036332,0.0408920917970734,SPY
2019-03-12,0.2971448953414395,0.7789613430030198,-0.25459676467314923,-0.508492778978123,-0.3043255138347131,-0.3026405653071009,0.07268760037350402,-0.2397970172645056,-0.4308301170371602,-0.7325909347015453,0.0065972277670622,0.0147530867862517,0.0319903593773744,SPY
2019-03-13,0.5533033350593759,1.1717170249732436,-0.031157623156740918,-0.5824520415249356,-0.30235615297108076,-0.2992950220404136,0.28967628682411145,0.24879109879768357,-0.4055586506703511,-0.017314237511349907,-0.0006401827960971,0.0051413809444174,0.0287983720964533,SPY
2019-03-14,-0.1010044579360112,0.6404007391929547,0.5213080578967029,-0.5830059114262502,-0.3000739889461163,-0.29644392744299786,0.21786775583891796,-0.05047938242040575,-0.6462195660640547,0.6979624596788455,0.0049288123864306,0.0170131271114275,0.0291608930984175,SPY
2019-03-15,0.40246800853285547,0.34041429907239174,0.8596213888687912,-0.5822939605202242,-0.29811473009133843,-0.2926689786555409,0.3601495612036394,0.10906386547696362,-0.3524998367723937,1.413239156869041,0.0036188976134416,-0.0073499107069627,0.0309751492203851,SPY
2019-03-18,0.28404340947952395,0.22676711547999545,1.1617765577648218,-0.6497697095542634,-0.29427420238831403,-0.28980236025942263,0.46346934485886054,0.2950263198554771,-0.7100867705669314,-1.4478676318917407,0.0002483318154142,-0.0117209449693831,0.0267013241866553,SPY
2019-03-19,-0.020677104744052145,0.5168822144275849,0.6918886662340133,-0.6495752243886121,-0.29001903952744046,-0.287124998922332,0.4309172359046102,0.33005376802702835,-0.11528643959665287,-0.7325909347015453,-0.003014478074772,-0.0045430681897631,0.0271079197915291,SPY
2019-03-20,-0.3156558018319962,0.19806266809042136,0.5386300406313208,-0.6380812427599201,-0.28499431281432874,-0.28510093862093105,0.27460581826658775,0.25916157880446933,-0.20204196438308283,-0.017314237511349907,0.011231563370913,-0.0067714803896672,0.0276725215915991,SPY
2019-03-21,0.9722766507906722,-0.2537819225476239,0.1196046648264499,-0.5762544217591956,-0.2748953173879595,-0.28114345191358137,0.6750431513408511,0.4358789446643863,-0.3072856979009287,0.6979624596788455,-0.0194342254319597,-0.0142196507780454,0.0184082121510407,SPY
2019-03-22,-1.8001050480183978,0.4943611043722955,0.6371572180308971,-0.32267958969239185,-0.269355388223292,-0.2805242326723158,-0.13299090883944475,-0.3009730323776703,0.9583412750253338,1.413239156869041,-0.0007521366489786,0.0115002146305291,0.0387040998619268,SPY
2019-03-25,-0.11112579591414135,-0.6241001997524118,-0.4249571709848823,-0.3229714002545058,-0.2676721624667067,-0.28017808332246485,-0.1690020793709261,-0.2781887367700501,-0.0754909751764628,-1.4478676318917407,0.0074262085950342,0.0240419795675057,0.0484079299351085,SPY
2019-03-26,0.6282484568335749,-1.440391977020243,-0.6155138010572334,-0.2944595592360449,-0.265032696477884,-0.2787741360567998,0.1116871966690885,0.19799279303988426,-0.6953738909386887,-0.7325909347015453,-0.0052428902746761,0.0171053482046072,0.038759738790338,SPY
2019-03-27,-0.5171183906514379,0.3892559108345402,-0.30259197796413984,-0.2766224511167423,-0.26545438898967694,-0.2779969817644948,-0.11446774590612167,0.3316524699151686,-0.5193538555690613,-0.017314237511349907,0.0037833929825348,0.0239206373071159,0.0433864689280802,SPY
2019-03-28,0.2989148335848811,0.08335996448176289,-0.3997403171745266,-0.2733216487862771,-0.26473060425638784,-0.27648755891098037,0.015984528747202957,0.522486646220969,-1.192700431581071,0.6979624596788455,0.0062856399766149,0.0227873677650674,0.0442490178294123,SPY
2019-03-29,0.5251338236418992,-0.1647771238674338,-0.7244456761821925,-0.27293212614571394,-0.26364922090055665,-0.2749607149055891,0.24918717787878686,0.3083874455573103,-0.009352578660278077,1.413239156869041,0.0117896282879979,0.0213301213361365,0.0395298508936274,SPY
2019-04-01,1.0227292568794693,0.620509927084408,0.3968200435375332,-0.22018825081237972,-0.26041406427525887,-0.271407693717155,0.6792217423770409,0.5323759754069228,-0.18660095015325237,-1.4478676318917407,0.0004895772321358,0.0103024868356307,0.0282504215086376,SPY
2019-04-02,0.0011330101869512774,1.165869376659481,0.9435822783012686,-0.22386744336255762,-0.2571143453522614,-0.267614045808534,0.639014475305587,0.3714558624095618,-2.112261525246801,-0.7325909347015453,0.0015723988278324,0.0046749925762785,0.0202158610296798,SPY
2019-04-03,0.09902694646499897,0.7710598978680165,0.6411776259441906,-0.2565031208518258,-0.25261301823854,-0.26283058324599096,0.6280484044408491,0.4476473753504895,-0.5843415179294665,-0.017314237511349907,0.0026501234404863,0.0065078342345872,0.0164818963732527,SPY
2019-04-04,0.19646008316611227,0.07509451314144619,0.9382923238335042,-0.31929412818542213,-0.2503485132120514,-0.256622310373164,0.6392738617068172,0.3853744830530247,-1.5599686240797899,0.6979624596788455,0.004828393547684,0.0035800489999679,0.0235725634797336,SPY
2019-04-05,0.3933895089531984,0.2222640936012582,0.8888870774017781,-0.32846793081553005,-0.2417340134515506,-0.2495147312970303,0.7268694290768862,0.4227847684282099,-1.009648608623124,1.413239156869041,0.000761993787492,0.0054947239606821,0.0146203378458809,SPY
2019-04-08,0.02576119364497429,0.4440521650842387,0.8253579554570156,-0.41533420540652377,-0.23272213157768853,-0.24414423393447118,0.6734954500071334,0.43758082752642896,-1.2333882402347989,-1.4478676318917407,-0.0051379170272163,0.004077802752902,-0.0029821168447927,SPY
2019-04-09,-0.5076281436536225,0.3154387395481866,0.34460471905425055,-0.3871943044453222,-0.22700066291233065,-0.23994583041574638,0.39504926472584584,0.3295433112556954,-0.558062602846831,-0.7325909347015453,0.0034052404861411,0.0098706472004064,0.0007654517414508,SPY
2019-04-10,0.26472745079488913,-0.36343484360931844,0.09927231545514126,-0.40110356061182506,-0.21901461115240983,-0.23614742344358355,0.47594023961565657,0.08610682609073991,-1.238142213489834,-0.017314237511349907,-0.0002776617941329,0.0040155304395632,-0.0056703492414724,SPY
2019-04-11,-0.06823026133079214,-0.18338523106761384,0.17917563098534886,-0.40197518294700135,-0.2120823222635242,-0.23230296253527052,0.40431298787032954,1.345128501142521,-1.0709832556059147,0.6979624596788455,0.0067430685083982,0.0062604461640507,-0.0003815151167412,SPY
2019-04-12,0.5664882625634353,0.14767999716768845,0.05153790169980735,-0.39211071030274125,-0.2049836703076526,-0.2281953967598615,0.6185876572460584,1.5509702670262873,-0.3099715422366348,1.413239156869041,-0.000654927420288,0.0003790399345788,-0.0325763740027991,SPY
2019-04-15,-0.10233746542932698,0.37504229462006755,0.13500876609783113,-0.39232469095808553,-0.201157054335523,-0.22464936128084328,0.5359621225830381,1.3405131435386066,-1.2964924347332902,-1.4478676318917407,0.000654927420288,0.00998566077907,-0.0229182511935146,SPY
2019-04-16,0.016081715353956548,0.349344152313008,0.07323763500559609,-0.39277878202059263,-0.1972842220632265,-0.22104769885647588,0.5067827767889944,1.8674120212367378,-1.1759305619169274,-0.7325909347015453,-0.002449876274702,0.0071087508090457,-0.017732480873807,SPY
2019-04-17,-0.26461222008391827,-0.06536078028890227,0.3257785326920213,-0.3956775332834426,-0.19448357672757222,-0.21738104816572262,0.34872343880139284,1.5281186547381875,-0.829993956674592,-0.017314237511349907,0.0019672539303545,0.0089424669468138,-0.0060647045131929,SPY
2019-04-18,0.1347243507271421,-0.18762702427384662,0.07052285368286165,-0.4608914068858498,-0.19185861578701172,-0.21492582611581953,0.39161664754153136,1.4214661099366668,-0.21843002119759997,0.6979624596788455,0.0008616622789263,0.0116211549003262,-0.0145176084698332,SPY
2019-04-22,0.03477185707113332,-0.09823548931554449,0.16839066930091848,-0.8109644674559506,-0.1902873240357966,-0.20981107941672844,0.347828436818783,1.0193714354819072,-1.787140520294139,-1.4478676318917407,0.0089516934242031,0.0123259656622298,-0.0220135038051871,SPY
2019-04-23,0.7661619554683321,0.12733605260766664,-0.08801110746166022,-0.7741053917113987,-0.18650686190937443,-0.20338746479887296,0.6177956968216336,1.3568199636713416,-1.0784119668301924,-0.7325909347015453,-0.0022219825497362,0.0038844711410348,-0.0219894372627029,SPY
2019-04-24,-0.2440091827242719,0.6030940003357963,0.330792586265365,-0.7820033252520616,-0.18195930288187068,-0.19823092144782123,0.44607152487915736,1.0458046268039234,-1.1404768057719465,-0.017314237511349907,-0.0006161601369338,-0.0014385295560508,-0.0228438305993154,SPY
2019-04-25,-0.09883265726754702,0.3930458588207771,0.20537278033462555,-0.8284239323770692,-0.1784839620182395,-0.19247563772530743,0.3320255130621493,0.8685995214390032,-0.7179467093872517,0.6979624596788455,0.0046459418838669,-0.0029839352477116,-0.0345214605069772,SPY
2019-04-26,0.3768947219795005,-0.25868609166986667,0.28531421907523297,-0.8247943426219724,-0.17367759170980088,-0.18658112591322012,0.4327701113174303,0.8639630211162135,-1.0623552539303964,1.413239156869041,0.00156647304083,0.0021109134153887,-0.0369017700814993,SPY
2019-04-29,0.09849121775630336,0.20913521833800017,0.4020924730974459,-0.8429687044555524,-0.17024843591910682,-0.18129463739060786,0.4161844469777301,0.9004279270412596,-0.6918943468686334,-1.4478676318917407,0.000510198903008,-0.00357939171161,-0.0478124205725052,SPY
2019-04-30,0.0029973399549693648,0.35780929336017586,0.43281892262033433,-0.9610812892874958,-0.1665050717417372,-0.17749340790958978,0.37897870802558964,1.55802822809895,0.6878418694406658,-0.7325909347015453,-0.0075449832468219,-0.0209300515177996,-0.0550557533048836,SPY
2019-05-01,-0.7252421883453724,0.07609555031216042,0.06480928184428518,-0.8694863260924613,-0.1649800275179187,-0.17478288993375565,0.028316120551301456,0.4970743481494783,0.13355154517934004,-0.017314237511349907,-0.0021615658285947,-0.0147754167119504,-0.0447833777024655,SPY
2019-05-02,-0.2385471281503144,-0.5445480601086431,-0.16724862798041037,-0.8594976583849002,-0.1633811308955233,-0.17257368089177075,-0.093226822193741,0.31490096082901936,-0.23689434033178547,0.6979624596788455,0.0097407905469673,-0.0156444113801379,-0.0561886322650089,SPY
2019-05-03,0.8375013374681659,-0.7265402309391399,-0.23462108104703186,-0.7835120907515128,-0.15967464607659757,-0.1693943755563393,0.2568415687905549,0.4754658917804277,-0.7256946003290905,1.413239156869041,-0.0041238320861687,-0.0203740295965069,-0.0684759980877647,SPY
2019-05-06,-0.41594843667883,0.4509120574325876,-0.012509531770038183,-0.77306796907017,-0.15731767722254572,-0.16742181820123767,0.0580130949213628,0.18543580946424776,2.141056515221622,-1.4478676318917407,-0.0168404609031815,-0.0417019878879978,-0.042877313128872,SPY
2019-05-07,-1.5656122926932459,0.3172486806617252,-0.2605801951383605,-0.5322387599358342,-0.16189296603014927,-0.1678209366339334,-0.6184000227072141,-0.8051563795804059,3.611460739483701,-0.7325909347015453,-0.0013903484409727,-0.0158583315958198,-0.0174122768228714,SPY
2019-05-08,-0.16882418754732292,-1.49338217226588,-1.016987732508812,-0.5496405515834325,-0.1662371733369183,-0.16771882453580308,-0.6757480548860002,-0.7595819896011704,1.001270577406429,-0.017314237511349907,-0.0030305604967821,-0.0086272854148514,-0.0095401713923495,SPY
2019-05-09,-0.31710975472849395,-1.3071859040710962,-0.7486744689840377,-0.55255896014667,-0.17121919681322037,-0.16847539803437403,-0.7859633663010782,-0.9909549823504565,1.5138069238422112,0.6979624596788455,0.0050111723305983,0.0036211751678427,0.0034474804511956,SPY
2019-05-10,0.4099138695668974,-0.36649912720588385,-0.7865585681649387,-0.5332461329938708,-0.176127180527566,-0.16852642272223012,-0.5841700626131506,-0.7741927152571972,1.8357193845189375,1.413239156869041,-0.0254517903776596,-0.0078756471890413,0.0030152008122641,SPY
2019-05-13,-2.344131064570451,0.06955223916417087,-0.9927477798553134,-0.1982605440717997,-0.18815238078592494,-0.17284288551411534,-1.53211593796674,-1.9450748664530182,2.3446333114552065,-1.4478676318917407,0.0090031953889964,0.0109419101321908,0.0282244815672774,SPY
2019-05-14,0.7708180595575991,-1.4577110899922787,-1.9225469107593296,-0.14251273766009473,-0.19796842628269082,-0.1758922535182893,-1.132094190554099,-1.4662879316182884,0.19963324774576066,-0.7325909347015453,0.0058406977399956,0.0109144747098817,0.0174545943241923,SPY
2019-05-15,0.4849082249540557,-1.1857870939121935,-0.7958844880633842,-0.1202264439463985,-0.20420731453292376,-0.17825928784707995,-0.8646119184970906,-1.2091132020049515,0.056698769442862555,-0.017314237511349907,0.009217900085912,0.0019974010835372,0.0157314106146175,SPY
2019-05-16,0.7902287251760031,0.9457583134572484,-0.48064472799344676,-0.07458516267582438,-0.2074238441156207,-0.17907157453432632,-0.4825943636757319,-1.040553489654347,0.1783472304831546,0.6979624596788455,-0.0064856500262857,-0.0195142890469703,0.0054079365131016,SPY
2019-05-17,-0.62947175007509,0.9603833189515504,0.05333081007972752,-0.06039389821851203,-0.21499388671957936,-0.18101164167638656,-0.7143376482189673,-1.2461971970871024,1.1671246149031185,1.413239156869041,-0.0066342330564275,-0.0107630067113397,0.0122739223757237,SPY
2019-05-20,-0.6429045978706156,0.12075145995495554,-0.44787682027528075,-0.0463030488780595,-0.2231924710058081,-0.18394498104571422,-0.935908278730498,-1.3967638061131649,-0.43516964243008527,-1.4478676318917407,0.0089757599666873,-0.0134729511050881,0.0293246797603137,SPY
2019-05-21,0.7683377234671828,-0.9590457574960413,0.3724805812111342,-0.046073440724256634,-0.22450495147608837,-0.18690149634886272,-0.5321238552555829,-0.9377231631104741,-1.0944942404040885,-0.7325909347015453,-0.0030763758863487,-0.0291818449011458,0.0226033905343605,SPY
2019-05-22,-0.32125175636995673,0.0941366336920609,0.37128452524223426,-0.044836156256026605,-0.22626110842797106,-0.1899647652091471,-0.6099176759037053,-0.9572773908303279,-0.972146271113345,-0.017314237511349907,-0.0122937900445956,-0.0233780766592008,0.0351891500772074,SPY
2019-05-23,-1.1545644256424152,0.3364866214093741,-0.017458138010726543,0.009660379811298093,-0.23043885898606442,-0.19456430211827738,-1.0327362510507734,-1.5280796508805414,1.071761341584564,0.6979624596788455,0.0022656323093448,-0.0246511070057433,0.0460279949895205,SPY
2019-05-24,0.16169964761419076,-1.1123279142997764,-0.9552671169228001,-0.001767609875668278,-0.23535619525574825,-0.19949803975643998,-0.8688644214176889,-1.3745297928289324,-0.7380487964439947,1.413239156869041,-0.0093441774501759,-0.0294633145908767,0.0425372975090345,SPY
2019-05-28,-0.8879007494554889,-0.7484471965745394,-0.5737521777637457,0.015894776345173757,-0.23601241987727323,-0.20586595686622441,-1.1456790946864515,-1.217265716864731,-0.11597830484730354,-0.7325909347015453,-0.0067331338293703,0.0013557157320231,0.0420251597407625,SPY
2019-05-29,-0.6518458546785607,-0.5475289073188147,-0.691893066247701,0.019443215791667978,-0.2407540561382481,-0.2131760274317938,-1.3033798981649107,-1.322744171121516,1.3459536070325058,-0.017314237511349907,0.0027273923555961,0.0167134249642124,0.0477604687452801,SPY
2019-05-30,0.20344568290118817,-1.1604964208911204,-1.376727291794047,0.020254860864019727,-0.24632766387030147,-0.2191076160338118,-1.106849117869861,-1.1696931295143864,-0.4320427546307284,0.6979624596788455,-0.0135668203911381,0.0204677895981655,0.0485726159753454,SPY
2019-05-31,-1.269654438733889,-0.3382192314746714,-1.1237101678116852,0.07445649401356182,-0.25781659891057435,-0.22649189506135944,-1.5323298592544083,-1.5848366433851815,0.577201171093144,1.413239156869041,-0.0025465752757884,0.0439917013360666,0.0672718441471929,SPY
2019-06-03,-0.27335442275897026,-0.8037083658436357,-1.1792083310044505,0.0005632707761258288,-0.2682335499911999,-0.2355239782793375,-1.497869371211775,-1.1325251457207044,0.9743107643545461,-1.4478676318917407,0.0214748528727239,0.0511171693035219,0.0788561008684167,SPY
2019-06-04,1.8983349541649954,-1.1629543753340283,-1.3889980525162313,0.24903664691932645,-0.2713945887864664,-0.2412281589109721,-0.5575099083439379,-0.7209362860886636,0.18022052481054057,-0.7325909347015453,0.0086245754028189,0.0293998068081515,0.0599822946386927,SPY
2019-06-05,0.7365884127277249,1.2239736768966254,-0.04543261517339456,0.19616101416805945,-0.27467599293916084,-0.24353495619661647,-0.17324707709569123,-0.6403921133994114,-0.07750098958768487,-0.017314237511349907,0.0064817569895492,0.019008539551244,0.0593211558235919,SPY
2019-06-06,0.5428640448007048,1.9849171606646427,0.6240916075208726,0.21659054621004117,-0.27544321474916134,-0.24480205882463052,0.11070246820187807,-0.7241500146373552,-0.14320590310934322,0.6979624596788455,0.009957091346763,0.0166442965921156,0.0517007159555218,SPY
2019-06-07,0.8570563009046579,0.9636348467792224,0.7877643288398689,0.2538064474753615,-0.27035044390222296,-0.24434258574425258,0.5128809596170409,-0.26666596978503954,0.06395605328255004,1.413239156869041,0.0045788926916667,0.0055816312297487,0.03623356923626,SPY
2019-06-10,0.37083304997847405,1.054401622175331,1.813296749263327,0.252235352326007,-0.26462897523686507,-0.24393879449134215,0.6961096670990934,0.04779085383996886,-0.4947648496133573,-1.4478676318917407,-0.0002425096226463,0.0013830743744183,0.0329002252957417,SPY
2019-06-11,-0.06505228219810737,0.9247845191904746,2.1239337935071534,-0.04242008994617191,-0.2565413256846518,-0.24020713985359865,0.6271550426672474,-0.18755342983579135,-0.5677941454757441,-0.7325909347015453,-0.0017666918540886,0.0120421083252271,0.0379096422564826,SPY
2019-06-12,-0.20284801774118777,0.2300199315487746,1.177158462378572,-0.06786146762028915,-0.24718738073509577,-0.2378910910111519,0.5176231832644534,-0.14486795826890128,-1.0289682110304157,-0.017314237511349907,0.0041175140304208,0.0160632709200498,0.0420178761654046,SPY
2019-06-13,0.3291214943135717,-0.20222123587530516,0.724147858531008,-0.07476081615707855,-0.23743606928579278,-0.23579327698531025,0.6550571258507508,0.4227872269397868,-0.9206960903237171,0.6979624596788455,-0.0011055740156038,0.0214551405461271,0.0423671325035384,SPY
2019-06-14,-0.14307877430337437,0.09476979784419286,0.6210779341341397,-0.11043967272835806,-0.22450515445308244,-0.2350691936997807,0.59786407574689,0.32074268974578124,-0.7567617167415619,1.413239156869041,0.0003803358363363,0.0211057694294485,0.0438055642725991,SPY
2019-06-17,-0.008743104476648072,0.13980305589173697,0.13879751615739994,-0.1344640078312449,-0.21082542626236359,-0.233430805712502,0.5878680278409297,0.7570073853145679,-1.2476991380764422,-1.4478676318917407,0.0104165243281624,0.019500368421971,0.0401947284615333,SPY
2019-06-18,0.8985919547777345,-0.11476171333246017,-0.04423990644928197,-0.11988205047037598,-0.1998540201022701,-0.22950886693612016,0.9591236959860681,1.3091412017238178,0.672468763738384,-0.7325909347015453,0.0022544707407341,-0.0007724711246392,0.0229501803635638,SPY
2019-06-19,0.1606905710583838,0.6700872164034029,0.42044407165529196,-0.14919409773846934,-0.19051859290001003,-0.22646886809328418,1.0052308055200787,1.303780202826709,0.3933485999660402,-0.017314237511349907,0.0095093836564981,-0.0040247666902262,0.0243494838022266,SPY
2019-06-20,0.816580687676988,0.797747363888001,0.595747935006411,-0.1266114733307978,-0.1802957658937013,-0.22172078097505682,1.3289948675806555,2.221920093693159,1.8918858529970493,0.6979624596788455,-0.0014549451322825,-0.0099946107610628,0.0092695705026919,SPY
2019-06-21,-0.17466413792140667,0.7359558078681033,0.8308082077130856,-0.22728868072042302,-0.17310472817834022,-0.2155525250055512,1.1699467799456582,2.287751719076226,0.5271270940887206,1.413239156869041,-0.0012250651711411,-0.003407257848071,0.0131781807113338,SPY
2019-06-24,-0.15388153222069645,0.4832821202270483,0.8155772626685087,-0.22088977568189488,-0.16746821319176908,-0.20984916760566596,1.028650187762385,2.0550155866880537,-0.9147022509312687,-1.4478676318917407,-0.0098563152184478,0.0068554887685055,0.0215278694745517,SPY
2019-06-25,-0.9342012501585045,-0.24791461341610363,0.74558929471095,-0.21443017360078415,-0.16444185743881354,-0.20426832277069074,0.5316277351575553,1.1017602741853,0.4785834067621659,-0.7325909347015453,-0.0009978248248527,0.0193128506299533,0.0360727263538303,SPY
2019-06-26,-0.13333756443526715,-0.8201893956400599,-0.13821159864109114,-0.25264245343716935,-0.1612134927360062,-0.19795017590038178,0.39273280612413614,0.8542696790347573,-0.731442672313799,-0.017314237511349907,0.0035395395856614,0.0282741120425242,0.0322818233328385,SPY
2019-06-27,0.27686894071611823,-0.8047105013227109,-0.2799964591043751,-0.2519904614182042,-0.15812833610925703,-0.19150440458801418,0.4392828261551391,0.6390618758374652,-1.1839051907395088,0.6979624596788455,0.0051324077807093,0.0235958895783419,0.0354200841912009,SPY
2019-06-28,0.42087432277079895,0.10777279748460762,-0.5402537117130751,-0.4092785499673646,-0.1533542859837054,-0.18261394075183332,0.5143122205897822,0.6636213293985954,-0.4124452280713805,1.413239156869041,0.0090376814454353,0.0129534264251338,0.0284650766445215,SPY
2019-07-01,0.7739358176674556,0.5253448712475751,-0.25307596456315506,-0.4152893961221906,-0.14621130697507262,-0.17215791749713394,0.7277744830026607,0.9759624365082168,0.34741443796396765,-1.4478676318917407,0.0026010466429999,0.0051612937308469,0.0169693131281469,SPY
2019-07-02,0.19202322957457157,0.8998609207928586,0.19433174105806228,-0.6468489473266203,-0.1411537448297814,-0.16410904739847768,0.7120397905397036,1.1736601181337518,-0.35045071605728206,-0.7325909347015453,0.0079634365877181,0.0073271544259414,0.0033677848591846,SPY
2019-07-03,0.676817272870854,0.7274325991077671,0.7374143968766526,-0.6525960599627393,-0.1345049055061759,-0.1560826240855199,0.92015660826269,1.2640710008659173,-1.1645149399518173,-0.017314237511349907,-0.0011386828785209,0.0017052598930566,-0.013342092300058,SPY
2019-07-05,-0.14607202538880376,0.6542584339775283,1.128083440736156,-0.6512953990508721,-0.1307600424217742,-0.14906881502579034,0.7652121341211117,1.2586903141922094,-0.7188094775851405,1.413239156869041,-0.0055100553724987,0.0073107131401322,-0.01976109223998,SPY
2019-07-08,-0.5412718090593325,0.39951987639046527,0.9241348432228269,-0.6519337686062834,-0.12814082729150483,-0.14414264327942009,0.46206813297039884,0.8737960495559239,-0.9426921252089814,-1.4478676318917407,0.0012455487511484,0.0131536262660878,-0.0447855723400358,SPY
2019-07-09,0.06947762762379646,-0.5182518201601127,0.46017327431452676,-0.6584350207846081,-0.1248437002285851,-0.1396566574695844,0.4455922872293657,0.6160485295566268,-1.1107426645418765,-0.7325909347015453,0.0047669073380944,0.0086775775402099,-0.0321057576839614,SPY
2019-07-10,0.3878307658440246,-0.35584549563843143,0.12047276908954822,-0.6543690718633255,-0.11755270415049772,-0.1344758483826836,0.5641690698701516,0.6978470098504562,-0.42034600471764855,-0.017314237511349907,0.0023415420548333,-0.0029173535676916,-0.0362819567131706,SPY
2019-07-11,0.1685623697996986,0.3441887293522138,0.21489415553615782,-0.6660183593874597,-0.10934219106246938,-0.128731870376194,0.5742342861063622,0.45659028020663656,-0.7208299451202714,0.6979624596788455,0.0044667703685545,-0.001605121443128,-0.0191934750444904,SPY
2019-07-12,0.3606964812235526,0.4188443298974178,-0.030194126205081658,-0.6647468726579466,-0.10084376291529262,-0.12291522844729366,0.671436840464373,0.7180046998702958,-1.1157940742431611,1.413239156869041,0.0003328577534569,-0.0116424214547192,-0.0304949286510431,SPY
2019-07-15,-0.013035424133433103,0.3983999479550434,0.21417739244766107,-0.6708610808978788,-0.09364551170983862,-0.11690339435046937,0.594619292100446,0.8165183752715145,-1.3272498005659512,-1.4478676318917407,-0.0032304999747294,-0.0095216141318168,-0.0430758486693383,SPY
2019-07-16,-0.33518555095515445,0.2615747207198117,0.4689010501091942,-0.6497605081132987,-0.08981883328324956,-0.11139503311095049,0.37867975865698794,1.350110013323044,-1.1833065358541612,-0.7325909347015453,-0.006828023769807,0.0008335094349893,-0.0244138673425045,SPY
2019-07-17,-0.6604245068032093,-0.262739011950463,0.27376628107386086,-0.6558688279175443,-0.08860203304520627,-0.10824439192099879,0.051775519773763067,0.8566921749971139,-1.1995116154966077,-0.017314237511349907,0.0036537741793969,0.0123500748656271,-0.0475987807635425,SPY
2019-07-18,0.2871964721251104,-0.7505156331715246,-0.2317184315120586,-0.6517914224858178,-0.08857424081064644,-0.10489175318066314,0.15158866549784838,0.8628489946938458,-0.6215251836032151,0.6979624596788455,-0.0055705296430366,0.0039075728403856,-0.0486143048161409,SPY
2019-07-19,-0.5467390664635313,-0.28158063186617505,-0.17451125432762332,-0.6802107174235623,-0.08977242961970315,-0.10361295282150584,-0.0947460230791545,0.2947862952706833,-0.35420359957496544,1.413239156869041,0.0024536650763593,0.016155902927446,-0.0283968616433805,SPY
2019-07-22,0.17869900169565484,-0.19592410558952458,-0.6120905434395949,-0.6806214335729883,-0.0887693173154723,-0.10179401835113808,-0.021562689051256998,0.004080520871530852,-0.9056714031507381,-1.4478676318917407,0.0071246235920767,0.0118796380851167,-0.0188745282819988,SPY
2019-07-23,0.6009832608130399,-0.2776717453842261,-0.5196332730952388,-0.651596270686267,-0.0861314595289872,-0.09881379397360864,0.22583912141156823,0.21583693482118851,-0.8637932273146993,-0.7325909347015453,0.0046885416608306,0.0022969324221007,-0.0336915085986913,SPY
2019-07-24,0.38074601185783064,0.5870819767363766,-0.06819836492302474,-0.7539129994503857,-0.08350293868422454,-0.09383275579121862,0.34467071258510684,0.07010696831293528,-0.7553644287404633,-0.017314237511349907,-0.0047887278458444,-0.0133920908646922,-0.0302774180132745,SPY
2019-07-25,-0.47605922814061646,0.7393147075360601,0.4338699710169613,-0.721968522550402,-0.08286212470062672,-0.08938810405550411,0.08262040533717183,-0.1612477717300084,-0.43582051977269626,0.6979624596788455,0.0066778004440237,-0.0173498035903723,-0.0257963810270123,SPY
2019-07-26,0.5605876158084558,-0.07218514662708249,0.06581640778129293,-0.702989412890728,-0.08159892079903759,-0.08448634701072912,0.28410496249902895,0.4774470510517897,-0.7967866887736134,1.413239156869041,-0.0018225997659699,-0.031585286852839,-0.0584971455659495,SPY
2019-07-29,-0.20790244737659394,0.06331687569347719,0.5997862568557764,-0.7036924119572068,-0.08093946415922403,-0.08054063643754698,0.1512584300907872,0.307279447372587,-1.0251293198124294,-1.4478676318917407,-0.0024580820709392,-0.0602972225594236,-0.045676896343159,SPY
2019-07-30,-0.2653540760804625,0.26536014763000676,0.41336112981961304,-0.7483134048438422,-0.08006647572174665,-0.07818072110331249,0.016169969847490622,-0.055472282078926925,-0.7335818494211279,-0.7325909347015453,-0.0110004816259623,-0.0439137770812614,-0.0471502897974227,SPY
2019-07-31,-1.037641146290841,-0.3569473002091758,-0.004399973958240924,-0.6377449882312013,-0.08035448446258425,-0.07771433287624026,-0.437140604245968,-0.735533840473417,1.3933081456338492,-0.017314237511349907,-0.0087464405715245,-0.0323225871464138,-0.0291330985324007,SPY
2019-08-01,-0.8338615465597473,-0.9821156107152498,-0.6883679383279416,-0.6339215908452789,-0.08406043841860233,-0.07956130426790071,-0.7621615983497646,-1.3000026332149823,2.8054472193757456,0.6979624596788455,-0.0075576828184429,-0.0041461228513757,-0.0076944197761621,SPY
2019-08-02,-0.7263903101227414,-1.410458720774712,-0.8609056844362158,-0.5983726438287422,-0.08828641943318778,-0.08228502531293405,-1.024794559813971,-1.532104722255888,1.7983974241907572,1.413239156869041,-0.0305345354725545,-0.0034231232709309,-0.0005812037586148,SPY
2019-08-05,-2.803643440768586,-1.1759461451344064,-1.4815061087497308,-0.10398639457177573,-0.10136385242831886,-0.08834808794547627,-2.136912665190196,-2.037514476877801,3.506122221968253,-1.4478676318917407,0.0139253634072229,0.0148633499367853,0.0240889886060253,SPY
2019-08-06,1.2158132501237104,-2.660082320148804,-2.7332120855569553,0.010352037199606593,-0.11272306955582703,-0.0927274770042224,-1.5328673708100224,-1.3754505959749712,1.6589975717987047,-0.7325909347015453,0.0005907083088851,0.0163694678816668,0.0214500025897903,SPY
2019-08-07,0.010275900596942951,-1.1967250969567078,-2.018970564703733,-0.0064582230997515845,-0.125233946919926,-0.09768985526695963,-1.4393074072031342,-1.491758835442842,2.2360277032764375,-0.017314237511349907,0.0194300237235136,-0.0142341776180634,0.0336328682038029,SPY
2019-08-08,1.7134694368647887,0.9234281547161863,-1.5136489497480008,0.175741121794387,-0.1311596260548387,-0.10034362513420461,-0.6285308153579828,-0.7447589494000475,0.6027943446331574,0.6979624596788455,-0.0068346832379981,-0.0310259512147785,0.0149744955188193,SPY
2019-08-09,-0.6610265649421826,1.298388220921285,-0.2852870195801836,0.17520053628319399,-0.14080977689306629,-0.10455509059668579,-0.8413879958283369,-0.9612429978217422,0.7730967257974416,1.413239156869041,-0.0122480622648382,-0.0095443544470565,0.0223130598244827,SPY
2019-08-12,-1.1504303444830644,0.7925940127340081,-0.25376762272306647,0.21721859009783412,-0.15324636467736982,-0.11046892091382408,-1.2432259968378965,-1.3967220720468254,-0.08170765554664274,-1.4478676318917407,0.0154314813521043,0.0146797062555226,0.0343259039312888,SPY
2019-08-13,1.3519758596518228,-1.3652171031110354,0.5434369977781651,0.32988327713284055,-0.16083470643801667,-0.11384100360405061,-0.5788637931001701,-1.0982349452968398,0.8021203645469437,-0.7325909347015453,-0.030012937190845,-0.0084441318211974,0.0259805371835382,SPY
2019-08-14,-2.7564876496804334,0.151483668438901,0.6090966890177372,0.5992651949126442,-0.1734012931801548,-0.12029587750747497,-1.6764969171221247,-1.4559850735033468,1.9533464850807345,-0.017314237511349907,0.0026382501267985,0.029671437615895,0.0594509496298485,SPY
2019-08-15,0.19538666034356963,-1.0586034751161049,-0.7250789783970092,0.5955760609987928,-0.1828656107735898,-0.126909266644315,-1.4785261675961663,-1.5647062511399166,0.8633187989321487,0.6979624596788455,0.0146469135297238,0.0267254966295142,0.0561489600672846,SPY
2019-08-16,1.2810459551179985,-1.9300379600054853,-1.4571216935589069,0.6794693558077872,-0.1863672137375184,-0.13078963613750502,-0.8417645173976274,-1.1982951168943163,0.36206664830632024,1.413239156869041,0.0119759984377409,-0.0139443809951229,0.0384083904218384,SPY
2019-08-19,1.0395782998202268,1.112049947460224,-0.5206246443768862,0.7292307532026705,-0.1784631646831639,-0.1333874262457922,-0.32191349452821233,-0.9185017215713868,-0.48523473667749284,-1.4478676318917407,-0.0076923567246156,-0.0149227299760434,0.0289613107066797,SPY
2019-08-20,-0.738565684941254,1.7481078554324416,0.5354309930354516,0.7198168390843211,-0.17633624683136154,-0.13802338135945494,-0.5639221054119001,-0.8668597279758865,-0.5412270901394786,-0.7325909347015453,0.0081026322462474,-0.0111618487766307,0.0372514571017514,SPY
2019-08-21,0.689401442765879,0.22642735704610312,-0.4726600887760409,0.7366207166771291,-0.17217528090930853,-0.14221624962470267,-0.17418429933757124,-0.5789949743300639,-0.5899990347235501,-0.017314237511349907,-0.0003076908595822,-0.0122477713838184,0.0290824958710871,SPY
2019-08-22,-0.07094507920223657,-0.03741410821213801,1.1890002939085702,0.7334679809515632,-0.17334555257488593,-0.1457794475256188,-0.13354158701321778,-0.45497034373112233,-0.504944312015216,0.6979624596788455,-0.0260229640949134,0.0007521576604778,0.024654064633693,SPY
2019-08-23,-2.395768789291455,0.4656059952192957,1.0605710588455868,0.8805256923049439,-0.1796334675759716,-0.15378267138384885,-1.061428734296945,-0.37462072364373006,2.227386376867797,1.413239156869041,0.0109976494568204,0.0263306549544957,0.0504423935316786,SPY
2019-08-26,0.9511293501718675,-1.8589217918090783,-0.7124452023708953,0.9330430469049155,-0.17969848266850347,-0.16006029173118216,-0.5288476210403931,-0.42636774738832983,0.07251712130026515,-1.4478676318917407,-0.0039314755252028,0.0094686623897608,0.0315667894768498,SPY
2019-08-27,-0.3985581842155458,-1.0888377339491668,-0.7550966376254192,0.9337685306363945,-0.18497391719640613,-0.1665197757324033,-0.5909909740602365,-0.5077968834120739,-0.07645408839417206,-0.7325909347015453,0.0070167096390596,0.0246865153059516,0.0413958433082894,SPY
2019-08-28,0.5912271553916549,0.41596465906198965,-0.5911398245608368,0.932907834342651,-0.18033929665210127,-0.17050277478368048,-0.24807763164067764,-0.757968942381402,-0.26590102116180353,-0.017314237511349907,0.0126922381847141,0.0304433795897898,0.0322937567628951,SPY
2019-08-29,1.1043309132042372,0.14479561831145144,-0.6384809662956731,0.9676103775559839,-0.17297397976698992,-0.17155677799314498,0.2859782168191223,-0.37670976880482737,-0.3102433158258568,0.6979624596788455,-0.0004444668008956,0.0185227924436057,0.0141996123957328,SPY
2019-08-30,-0.08331049132230998,1.2771504658573087,-0.07174492142902045,0.9525734877319038,-0.16963029290437456,-0.17163607481136442,0.2689271083374063,-0.13221052906960756,-0.16536504388263687,1.413239156869041,-0.0058643431079143,0.0194711403121665,0.0192711069124618,SPY
2019-09-03,-0.5733016661777219,0.7689187038330271,1.043357810335843,0.6780601926039369,-0.17110712228531552,-0.1684086770611638,-0.02001984534982477,-0.5744722425368253,0.012697469060359848,-0.7325909347015453,0.0112863773909879,0.0251002652620488,0.0131693076524994,SPY
2019-09-04,0.9772321856725785,-0.4950969756508649,0.3082538769107872,0.6589117061648565,-0.16743835996003975,-0.1654984038614227,0.3984765101761837,0.4327127993550295,-0.6079042755511777,-0.017314237511349907,0.0127735739228977,0.0209000024754146,-0.0159396753767406,SPY
2019-09-05,1.111684179524855,0.30397106162891424,0.9716810189895732,0.6996030289058213,-0.162450715582366,-0.1609044727684899,0.8573489225925429,0.604781821296104,0.4071468628762532,0.6979624596788455,0.00077165103853,0.0115839038079821,-0.0205531916911985,SPY
2019-09-06,0.026634270356310934,1.5735270745797088,1.222653349987645,0.5936193850018336,-0.15716597533997065,-0.1588384119672665,0.8577260246013928,0.3732473913903041,-0.544644861770634,1.413239156869041,0.0005038810676651,0.0101485133336867,-0.0078838427785621,SPY
2019-09-09,0.002426167591090553,0.8572971416303087,0.7029715587488848,0.573810963298014,-0.14476651673194993,-0.15576952945048156,0.8315801015410195,0.1340307705928794,-0.4987801135980525,-1.4478676318917407,-0.000235218158032,0.006550976150299,-0.0127118526447542,SPY
2019-09-10,-0.0643930875762392,0.021524436146753215,0.7443150859600339,0.5119919534068482,-0.13535787728932377,-0.1510776729808871,0.7499362567879488,0.4039957517416365,-0.3128954556604615,-0.7325909347015453,0.0070861146043537,0.0093151130309134,-0.0281232682890868,SPY
2019-09-11,0.5975018042136614,-0.04706031185041313,0.9897185800318897,0.4556604761595795,-0.12293053276505349,-0.14748637543625892,0.9902075638618948,0.38558253709998525,-0.019470111281063032,-0.017314237511349907,0.0034574752554652,0.0028267880970158,-0.025757608124616,SPY
2019-09-12,0.2694498050590026,0.4013006370332133,0.8066067868069811,0.051077688064321954,-0.11141346199069206,-0.13937588056093553,1.0103516437741815,0.4751765761383887,0.10318861127449931,0.6979624596788455,-0.0006637394357653,-0.0006970161428663,-0.0224745474693683,SPY
2019-09-13,-0.10313412748801176,0.6528352435742207,0.40046849986881344,0.056645509267713307,-0.10350935048187809,-0.13170840981160725,0.8655674022590155,1.7585711324440458,-0.1975855088056915,1.413239156869041,-0.0030936561157224,-0.0047693988040773,-0.0114969780595517,SPY
2019-09-16,-0.32281399864504806,0.12493967563824464,0.3378921952236457,0.002122699823410976,-0.0963482909071664,-0.1264335014156023,0.6569680342862321,1.3846382137917816,-0.286965395364098,-1.4478676318917407,0.0025289187225823,-0.0019103778852826,-0.0095176903807097,SPY
2019-09-17,0.18550240834853554,-0.3213026920132459,0.18105641653388255,-0.04693232224158893,-0.08689306043761545,-0.12242718530506237,0.7013223929567037,1.7068433794329445,-0.7494193046657576,-0.7325909347015453,0.000597789670456,-0.0123172512058733,-0.0021948459201635,SPY
2019-09-18,0.01091610057184051,-0.1038289069585233,0.3015598437334933,-0.0884423416104662,-0.08033571689744903,-0.11729219494523967,0.6486462618996122,1.6134184688304622,0.1621937470359158,-0.017314237511349907,-6.632898441694124e-05,-0.0070174625700927,-0.0044002992890819,SPY
2019-09-19,-0.04912443568969407,0.14762071515198785,0.01869925285509988,-0.1074009613604318,-0.0773077997830008,-0.11326721891504751,0.5853603595831549,1.3484466693220343,0.25759459169679594,0.6979624596788455,-0.0047361220969763,-0.0090365104920104,-0.0013892293174979,SPY
2019-09-20,-0.4713033349740789,-0.02915935775373119,-0.13492211469162133,-0.09055362370687282,-0.07581470101531142,-0.10986375933471706,0.3389956852780479,0.9534999775290698,0.6166639553458796,1.413239156869041,-0.0002346351969277,-0.0097022945774822,-0.0010397255307124,SPY
2019-09-23,-0.06434038419700874,-0.3924885723702482,-0.3124589331414797,-0.542644462583476,-0.0745264216481591,-0.10299052689656851,0.22713917131699296,1.4667010727027139,-0.7245961531753938,-1.4478676318917407,-0.0078779545980083,-0.0048406316647211,0.0059510624813539,SPY
2019-09-24,-0.7553449092044695,-0.4039530597245386,-0.1878190060935969,-0.5293195826785648,-0.07535647264460246,-0.09868282956273818,-0.15811717822881147,0.29847451868847513,0.74972616494026,-0.7325909347015453,0.0058975783062367,-0.0089288194345895,0.0105568801139677,SPY
2019-09-25,0.4900505887092626,-0.6179647616102825,-0.641509961255204,-0.541210447302111,-0.07652268477030091,-0.09302810555848469,-0.0009853553225607399,-0.11960930126026285,0.08667695804647425,-0.017314237511349907,-0.0020853769063347,-0.0326490033790785,0.007564899487308,SPY
2019-09-26,-0.231659166614956,-0.200257755362209,-0.41046398863204037,-0.5494608606282582,-0.07923327077508932,-0.08860597117119048,-0.15073943577052606,-0.3545377878031374,-0.364514852162648,0.6979624596788455,-0.0054019061824481,-0.0224035688643038,0.0112827692443895,SPY
2019-09-27,-0.5314944367189471,0.19431433264479406,-0.49848502549807816,-0.6175586462451832,-0.08325115353000423,-0.08665451991008284,-0.39810204112731695,-0.7747970958598732,0.443405052416733,1.413239156869041,0.0046270277158333,-0.0035606627306892,0.0207712635573056,SPY
2019-09-30,0.3751847612919855,-0.575370844735185,-0.527510094638821,-0.6075916928520457,-0.08512691077218372,-0.08400053051437158,-0.24939710780497915,-0.43687885433389195,-0.5192266427359687,-1.4478676318917407,-0.0119661423678767,-0.0125118192450495,0.0217648126333482,SPY
2019-10-01,-1.1249429987020556,-0.11814305284492732,-0.31556435237632685,-0.5195856183679883,-0.09100240774873916,-0.08220298438888284,-0.7576159704518745,-1.5338662165430779,0.5258551310716502,-0.7325909347015453,-0.0178226056382522,-0.0161923106795374,0.0334345330416256,SPY
2019-10-02,-1.654404402578142,-0.5652780790317444,-0.4937901995692392,-0.395800140196945,-0.1018784147216638,-0.08437158066456527,-1.4343651833570692,-2.2640295677431435,1.4665125434472703,-0.017314237511349907,0.0081600576084399,0.0110820697275393,0.0543195312672022,SPY
2019-10-03,0.6945930595285645,-2.0944761630291207,-1.5278791693169171,-0.4637349480369708,-0.1105336035626499,-0.08719728836289138,-1.071488381936485,-1.7299515733657271,0.38182931382074325,0.6979624596788455,0.0134409999511664,0.0096625480298122,0.0434925850439924,SPY
2019-10-04,1.17202372330687,-0.7235430187543856,-1.081226190284595,-0.3389484762703119,-0.1142005859358249,-0.08828889366254593,-0.5180503551352544,-0.9813157697293772,-0.20675627720646336,1.413239156869041,-0.0043241287985269,0.0065353780526971,0.0392728680095402,SPY
2019-10-07,-0.43405652916075177,1.4060350020593853,-0.2597636992532469,-0.33095294249459756,-0.11898734554392218,-0.09004563885447534,-0.6665143300231866,-1.2135189848003907,-0.37730090340927086,-1.4478676318917407,-0.0156466338023646,0.0097451384143436,0.047606716570721,SPY
2019-10-08,-1.4576827550862752,0.5556516736240661,-0.6499922168586344,-0.2110590836004349,-0.12583619527466833,-0.09390156228486068,-1.2347210779593973,-1.5852887055636935,0.6490012586957844,-0.7325909347015453,0.0094517747688245,0.0352435353998368,0.0621466193611555,SPY
2019-10-09,0.8113724790474394,-1.4257060217265276,-0.8104444125313833,-0.18692255562018337,-0.1317613123194442,-0.09746243945627374,-0.8076439613617212,-1.2307274656953675,-0.3473471463138874,-0.017314237511349907,0.0067405359107128,0.0241840969325499,0.0529230671580593,SPY
2019-10-10,0.5662592996784893,-0.48733500210840214,0.37859088338641955,-0.16534495323190362,-0.13526978527393818,-0.10058531029521336,-0.4917269640437874,-0.9047361092628364,-0.5726524625257681,0.6979624596788455,0.0103138299740512,0.0203883020090041,0.0496925954074916,SPY
2019-10-11,0.8893077341845815,1.0376082560464976,0.31670638310714844,-0.10244733618009906,-0.13444863403799995,-0.10219053380344573,-0.050187541977171256,-0.602803473877957,0.7069866860990228,1.413239156869041,-0.0011143684368803,0.0056878537247619,0.0418423444703197,SPY
2019-10-14,-0.14387384573477685,1.0963287325612165,0.18037641250368958,-0.10553384938626721,-0.1352137011691412,-0.10351661118592297,-0.07605675987632204,-0.4319182374406745,-1.0257324370186198,-1.4478676318917407,0.0098517631831285,0.0135583749767809,0.0410450761097482,SPY
2019-10-15,0.8475339672348291,0.5612774696355203,0.32030693721124015,-0.05935992372754027,-0.12995097612378476,-0.10382431169292762,0.33173079710588665,-0.3297322141961701,-0.8394405130746546,-0.7325909347015453,-0.0016076636984623,0.0004344748282578,0.033298728536617,SPY
2019-10-16,-0.18847086439001054,0.5298029399533144,1.4319176705281733,-0.05864252643381142,-0.12030285505549691,-0.10444088875229317,0.2748128472510802,-0.3171073431098814,-0.7786007446340837,-0.017314237511349907,0.002944740987167,0.0049477362062972,0.0352301757620914,SPY
2019-10-17,0.22309537697238424,0.4962012255307159,0.949777930069642,-0.054088823498550924,-0.1120358831359131,-0.10463583003054207,0.39885857956816406,-0.09393171157741395,-0.8725428584754945,0.6979624596788455,-0.0043866183101908,0.003635488069877,0.0337401916778326,SPY
2019-10-18,-0.43970597713739357,0.02571669949859613,0.7842990420876245,-0.05558907974378385,-0.10865812736553912,-0.10478106379173424,0.22067462673267724,-0.332163241626589,-0.3234775523567748,1.413239156869041,0.0067561528151385,0.0121086945105357,0.0453371394358983,SPY
2019-10-21,0.5676711668344323,-0.1635769072496568,0.14342831964059755,-0.03480706846723008,-0.10221051631103936,-0.10394707514751385,0.48631562967517655,0.18997691275657042,-1.0724557615833898,-1.4478676318917407,-0.0032721369653945,0.0109731184872732,0.0393183355992974,SPY
2019-10-22,-0.3389497988489701,0.09604442253915449,0.4865461989928129,-0.06098278742978013,-0.09243177174032012,-0.1024758424068676,0.32954873110402105,0.7302824039647803,-0.7979186209105105,-0.7325909347015453,0.002905597679577,0.0139488334930684,0.0423017995355241,SPY
2019-10-23,0.219556573836063,0.1719593700232818,-0.08559440562550488,-0.07234469537171992,-0.08439787986428084,-0.10141693116811631,0.43345309866868426,0.62628861275083,-1.2104627702044577,-0.017314237511349907,0.0016324928507467,0.0141056284008156,0.0356704184156395,SPY
2019-10-24,0.10445982707362728,-0.09032827818702396,0.11116266082646403,-0.07485145296769975,-0.07774494977356607,-0.09983795699223423,0.477275341885516,0.33661857945689366,-1.1360631463444049,0.6979624596788455,0.0040865881304679,0.009806246935299,0.0324279648022534,SPY
2019-10-25,0.32632559691795054,0.24375960642399924,0.053954785600043305,-0.08830747838879438,-0.0727809756361126,-0.09693298383689866,0.6028797872357746,0.6606216091755288,-0.8291619266754913,1.413239156869041,0.0056205767918759,0.0149409417215453,0.0305629343139433,SPY
2019-10-28,0.46500789589307984,0.3242049440487556,0.4233469175997559,-0.08437288531853075,-0.06592291387256291,-0.09387341559933486,0.7903526709110061,1.7264541370521633,-0.8940259036162577,-1.4478676318917407,-0.0002964219595993,0.0133300846923232,0.0326626725296428,SPY
2019-10-29,-0.06992629921000708,0.5958606199079676,0.3738411193852985,-0.17252518886952795,-0.061882703648309445,-0.08920199095772886,0.7081523191710187,1.564777551092155,-0.85660013752258,-0.7325909347015453,0.0030623925873243,0.0125197756399924,0.0352218881219394,SPY
2019-10-30,0.23373182742237708,0.2973038227363871,0.5035683623024172,-0.40020300742137976,-0.056526765321873736,-0.08166777398756414,0.7229251384791991,1.5003366409026944,-0.6474778015311615,-0.017314237511349907,-0.0026668886147698,0.0096856056183964,0.0366071935419451,SPY
2019-10-31,-0.2842315112714757,0.12304839849798302,0.5104038862171318,-0.4043164673740463,-0.052747770875253945,-0.07561894934413481,0.5226518393486709,1.001160965751301,0.0977469345403129,0.6979624596788455,0.0092212829167142,0.0158625583933114,0.035558572118143,SPY
2019-11-01,0.790534554524352,-0.03842029945768084,0.3229709826345581,-0.4548838077268502,-0.04512448584441381,-0.07009482909684184,0.8231709869208017,1.3481326414482353,0.1901652206121415,1.413239156869041,0.0040097197626538,0.0091048545134766,0.0178063023439598,SPY
2019-11-04,0.31937620919748294,0.38110384789499047,0.5468196363340517,-0.48094905272199934,-0.03823828834677556,-0.06339932063292741,0.8906793398034545,1.2098759088564135,-0.20048480791570797,-1.4478676318917407,-0.0011067310119301,0.0031834979533709,0.0070674539932884,SPY
2019-11-05,-0.14318337410549403,0.8358933127081905,0.4765938113717584,-0.7325640085460337,-0.03075490130562982,-0.05473122345270314,0.7162911318688452,1.2520622762833062,-0.8731730231541885,-0.7325909347015453,0.0002282225657284,0.0063956445752983,0.0143251799197638,SPY
2019-11-06,-0.02249510838857184,0.13238164006402178,0.44126813029513023,-0.7662402103140177,-0.02401796996663814,-0.04731412491941415,0.6166102730214873,1.1767597454196392,-0.7087459103934728,-0.017314237511349907,0.003510064160145,0.006491205536582,0.0158936408659027,SPY
2019-11-07,0.2742041754041422,-0.1252019995871526,0.3177115860212448,-0.7821594446606923,-0.01673062747444268,-0.04031408343065499,0.6593947302823777,1.7036993105718974,-0.38192525172766867,0.6979624596788455,0.0024635790368794,0.004435898279345,0.0214761009779671,SPY
2019-11-08,0.17959528657145973,0.18927949861784538,0.5869978085117726,-0.8479250709947372,-0.00988168406200735,-0.034382283140472654,0.6746902910207869,1.6160305432746371,-0.5819751160803108,1.413239156869041,-0.0019116367974518,0.0091826486903405,0.0158632738111075,SPY
2019-11-11,-0.21595195943002538,0.34154491778172447,0.29239355673564693,-0.8418110852093874,-0.005169463851544462,-0.028572321149196535,0.510801970642087,1.7699186691885613,-1.1180663531006896,-1.4478676318917407,0.0021054156099973,0.01183163446633,0.0166592307870008,SPY
2019-11-12,0.14721504237641536,-0.027764219057930115,0.03425013259196584,-0.9138071116669171,0.00023303427458629515,-0.02383071012073095,0.5288821940630049,1.7550058034311329,-0.6476984602256791,-0.7325909347015453,0.000323783527012,0.0094375458271649,0.0173884767102405,SPY
2019-11-13,-0.01385579172574931,-0.05216117991281042,0.17428468707606457,-0.9248276626508025,0.0048611595550836825,-0.018817260128323295,0.4695442715438012,1.7272980382185867,-0.3285750557739189,-0.017314237511349907,0.0014547569029081,0.0053879788598454,0.025646898506638,SPY
2019-11-14,0.08839137071740079,0.10010858873696915,0.1784506976025098,-0.9265638068382758,0.010664990039151173,-0.014005290226345071,0.459967840755729,1.6662801216597787,-0.446768158361036,0.6979624596788455,0.0072103294478749,0.0023232611942978,0.0247911601301318,SPY
2019-11-15,0.6087316134682776,0.05578777366959146,0.08884892347103518,-0.9428883283104387,0.015936958344540862,-0.007530000175536633,0.6645133767807515,1.7093638264512558,0.0131346715144305,1.413239156869041,0.0007373489785376,-0.0026655106114192,0.0244272216194101,SPY
2019-11-18,0.023533146691575073,0.5248775205463252,0.29578501863972917,-0.9683046809259426,0.020275825795007526,-0.0018933872697691123,0.6135207021636471,1.7648972099854883,-0.5585734639776438,-1.4478676318917407,-0.0002886730291677,0.0043174554176186,0.0239091887337394,SPY
2019-11-19,-0.0692257467783703,0.4760099597230033,0.41126839677793553,-0.9995138033728401,0.024847898197937045,0.004160204277504496,0.514333702584121,1.6526689439894582,0.3978690147264472,-0.7325909347015453,-0.0037257834403074,0.0068689220794837,0.0242601705985041,SPY
2019-11-20,-0.37996231585489015,-0.03479839241867293,0.30689734045929146,-0.9571542092989522,0.028272182540776354,0.009262610340657658,0.2877132896363843,1.4994327109912973,0.9747284930061136,-0.017314237511349907,-0.0016099607626394,0.0150424035271212,0.0320764278292697,SPY
2019-11-21,-0.1886785335527547,-0.3388128694427383,0.1303551794474004,-0.9430975024095596,0.03022241672612962,0.013901215476521716,0.155607047687448,0.8989495601128454,-0.2806223758642702,0.6979624596788455,0.0022215576421578,0.0129368542511887,0.0380609492727188,SPY
2019-11-22,0.1577150183103167,-0.42881481462223264,-0.0032521627532461975,-0.9506015083069509,0.032107229864963435,0.018286829735354546,0.1843501037297917,0.7941844632872295,-0.764058256600497,1.413239156869041,0.0077203150075755,0.0021843097515619,0.037366050557531,SPY
2019-11-25,0.654837540873556,-0.023700733481592063,-0.22073925766587763,-0.9238560147255065,0.036791314341338345,0.023005139385161168,0.43462074068720524,1.3297721173648531,-0.5581508905414195,-1.4478676318917407,0.0022627936326973,-0.0122651338440311,0.0296769416517976,SPY
2019-11-26,0.1614430132508305,0.6118481686292445,0.08368536921094791,-0.9283366337616021,0.04153138924082051,0.02809818412727884,0.45538189622942393,1.4014218997265278,-1.078530779856524,-0.7325909347015453,0.00444769800733,-0.0083769325621831,0.0327233340009796,SPY
2019-11-27,0.35897221886879044,0.6146570340004585,0.19491737052629304,-0.9216933764243164,0.04748445465630542,0.033411478643711294,0.5634308390852482,1.4344069988348502,-0.732267245032678,-0.017314237511349907,-0.0037155100385719,-0.0110279470576459,0.0280279010345463,SPY
2019-11-29,-0.3790335352147083,0.3917367053028899,0.5512428960457918,-0.9090908661358643,0.051925934784033845,0.03855611257545509,0.33710125700508314,0.8934591992794633,-1.086401577078466,1.413239156869041,-0.008530986857469,0.0017800872531354,0.0262148034570257,SPY
2019-12-02,-0.8143831650438621,-0.015486449546351514,0.4594508051160807,-0.8687420586394187,0.05178597433987999,0.04113312588245001,-0.04848768628565779,0.25995563938082616,0.842004212481151,-1.4478676318917407,-0.0067291285880175,0.0071618259806243,0.0371720041318388,SPY
2019-12-03,-0.651483755470965,-0.8995534503307667,-0.009309795130802188,-0.8231481630480476,0.04948124864135432,0.04215456047584938,-0.33600949765155563,-0.3328107957951273,0.7300776740430917,-0.7325909347015453,0.0061509949145452,0.0127752747470832,0.0532097268707278,SPY
2019-12-04,0.5129610565131411,-1.1048316229862003,-0.6392378882755216,-0.7939636765324202,0.04904266219821642,0.04423017076536515,-0.11534108558953876,-0.02963777744647762,-0.49117904322248174,-0.017314237511349907,0.0017966835118672,0.009458941365775,0.0394580068737608,SPY
2019-12-05,0.11930370364670252,-0.1047414192429527,-0.4697305156882213,-0.7931659009763066,0.050209092914522954,0.04653537646962738,-0.07439984490582395,-0.013179740845107963,-0.8756182766541207,0.6979624596788455,0.0090925242722095,0.0162444631773173,0.0414688043623163,SPY
2019-12-06,0.7788939568575849,0.4760099597230033,-0.5853023364976548,-0.7362546846520878,0.0545012756563745,0.049669976400918206,0.2534715349128556,0.07443447410521094,-0.45415189884252216,1.413239156869041,-0.0031492481299801,0.0077509574315097,0.0295607525582983,SPY
2019-12-09,-0.3278398691327996,0.6763776444336983,-0.026932003623152758,-0.7232804789554869,0.05722578900567312,0.05198452774561211,0.09195041464852868,-0.14126538593710145,-1.109753357893688,-1.4478676318917407,-0.0011156798215585,0.0177465964986431,0.0380253681690714,SPY
2019-12-10,-0.143992403222579,0.3394764099679427,0.2076866093346594,-0.7266131644288181,0.05737499270986023,0.05441154038757059,0.012439171643256896,-0.18631290313530574,-0.24066427210663904,-0.7325909347015453,0.002834661533237,0.0190815924130687,0.0458988396150061,SPY
2019-12-11,0.21314349654132098,-0.3558741953194829,0.4524066952000774,-0.7244870491244129,0.057692261365060026,0.056951061368608016,0.09277622455241119,0.14570089948957726,-0.21395383048500477,-0.017314237511349907,0.0085822053234094,0.0163092397154285,0.0401823066967876,SPY
2019-12-12,0.7327578889643518,0.0517308219865043,0.3078300857756977,-0.6758908848127011,0.05923185747798501,0.06071346567226603,0.3922894519259035,0.5464892498053451,1.8123853757963924,0.6979624596788455,0.0005990185264019,0.0118175081824771,0.0384537047872033,SPY
2019-12-13,0.011027196939091523,0.7123201130723109,0.6036470691397083,-0.6755524864781354,0.062040465757249134,0.0643540630382272,0.3658174538076844,0.4965102446484811,1.09745952768113,1.413239156869041,0.0068463909371532,0.0155930503368848,0.0363287676863564,SPY
2019-12-16,0.575829265085765,0.5600351760030738,0.23336998247028715,-0.6791245988912886,0.06937446173082883,0.06796651371866257,0.5976565463587337,0.47270392249394766,1.1712997706868136,-1.4478676318917407,0.0002193160928669,0.0102733183267016,0.0317398897107095,SPY
2019-12-17,-0.02330030999355548,0.44179698512611737,0.6691330494469708,-0.6784831741092462,0.07872401925459263,0.07150404246960346,0.556922248054189,0.40361830748690025,0.12667929148328075,-0.7325909347015453,6.230883559688039e-05,0.0100852083356768,0.0398048419894117,SPY
2019-12-18,-0.03749476132281114,0.41593285520056805,0.7273326212966852,-0.6792674441630651,0.08631005020023103,0.0750930976877523,0.5090779643955171,0.2384549307506505,-0.470574350135508,-0.017314237511349907,0.0040904737904581,0.0153320854819591,0.0428499101899584,SPY
2019-12-19,0.32667688521233856,-0.04617738008720742,0.6064710229385487,-0.6956982892991305,0.09459575845772034,0.07983944425885277,0.6116444055993453,0.6392033121123333,1.3325386910467725,0.6979624596788455,0.0043745606808096,0.0109938767323978,0.0367994716814834,SPY
2019-12-20,0.35236014093241635,0.21751364954516839,0.4106525569366429,-0.6995557105412323,0.10153491733717133,0.08547920896617522,0.7138115298796269,1.4320847453569787,3.6526656916627727,1.413239156869041,0.00152665892697,0.0010907084354956,0.0325457310735979,SPY
2019-12-23,0.0948917694809202,0.5112506186709167,0.575248519001156,-0.6995417167634858,0.10985734881695532,0.09102637970245035,0.6993223998711698,2.1182092551798024,-0.24508620898390887,-1.4478676318917407,3.120610184215167e-05,0.0019902633258697,0.0321655330078796,SPY
2019-12-24,-0.040306645615070504,0.3366116517384571,0.3433331086224699,-0.7295654429087299,0.11851575406261601,0.09544907859151519,0.6387006325735178,2.0481578216825485,-1.5584529155066216,-0.7325909347015453,0.0053091859818792,0.011267651374899,0.0232009843559701,SPY
2019-12-26,0.4368561927570003,0.040756062672919625,0.3351323936839471,-0.717386110468563,0.12794712692856602,0.10034431250471405,0.7906242599906684,2.092952869595276,-1.0856807685380379,0.6979624596788455,-0.0002477349591032,-0.0016422596894019,0.0017325313519407,SPY
2019-12-27,-0.06552468573732018,0.29840985299563405,0.5638716730794714,-0.7222639612518752,0.13477480459747931,0.10454589918620288,0.7215673990457567,1.932141700162459,-0.5973933382229039,1.413239156869041,-0.0055286076160925,0.002412956270124,0.0124048888802708,SPY
2019-12-30,-0.5429490494832436,0.2794092693683619,0.374746081689339,-0.7030708138267517,0.13975607862026562,0.10845755148586865,0.4383802658050222,1.603027113428203,-0.2570936661327111,-1.4478676318917407,0.002426213817344,0.0051260363544081,0.0171071277455947,SPY
2019-12-31,0.17621723386660898,-0.45882698346385037,-0.05698569262351311,-0.7976881603693046,0.14343461506848235,0.11398744219570965,0.4619252820661624,1.7934993960177386,0.07926449985779623,-0.7325909347015453,0.0093085941508714,0.0080151900178568,0.0179211186390135,SPY
2020-01-02,0.7984280435597678,-0.27668604240005407,-0.017769310828355908,-0.8293946268649707,0.14987020363949274,0.12191387813248024,0.7374563374073365,1.9073727199960082,0.17298651060107173,0.6979624596788455,-0.0076007250824217,0.0054643874913615,-0.0097124165390889,SPY
2020-01-03,-0.7302816036321701,0.7339772569092202,0.3866813743780317,-0.7472363999407944,0.15398064390366092,0.12778720544755037,0.3421249195251546,0.918524125073869,1.0455210288642638,1.413239156869041,0.0038074810004227,0.0101832411888018,0.0052893935512976,SPY
2020-01-06,0.30109254309635936,0.050973863845335594,-0.1761303079959038,-0.744337970064787,0.15802204076264748,0.1339772025755419,0.413949681658629,1.0267507333942671,0.03436786730211027,-1.4478676318917407,-0.0028155275318084,0.0132293636022042,0.0166085731671108,SPY
2020-01-07,-0.2976694115967402,-0.32374458063152356,0.0006581226294312155,-0.7749458031157433,0.15989748573252854,0.13840341392007047,0.2375780183857986,0.5270820285861104,-0.6503069660254747,-0.7325909347015453,0.0053153674807928,0.0145189725595678,0.0309059640194222,SPY
2020-01-08,0.43741503944343113,0.0022079554536495053,0.11893571254045361,-0.7849107001517337,0.16292624598218228,0.14410336078842262,0.37825485123476316,0.7329281854880607,0.673756459748536,-0.017314237511349907,0.0067577916243761,0.0114611180402812,0.028949757222116,SPY
2020-01-09,0.5678193255779549,0.1049204176261269,0.24488928618348288,-0.7738721944863338,0.16800847763904908,0.15100315617101703,0.5627684000620509,0.9502884471691743,-0.2793076961069487,0.6979624596788455,-0.0028818713849814,0.0129875947874742,0.0168481297318408,SPY
2020-01-10,-0.3036673164785501,0.7570246671803312,0.133686238060994,-0.7503338348298182,0.17060586493565782,0.157043340801229,0.3614029343248127,0.6087801417093933,-0.06630313782907041,1.413239156869041,0.0068536034138251,0.0189768432085992,0.0271672608366566,SPY
2020-01-13,0.5764813186969342,0.19865465864165674,0.3394061671220746,-0.7690893427652474,0.1753786035175563,0.16286843457608924,0.5648645517394384,0.6958150848112562,-0.3495405666758676,-1.4478676318917407,-0.0015259185744449,0.0101632750767572,0.0220450679763137,SPY
2020-01-14,-0.1810805869949126,0.205181054976905,0.47220284338614893,-0.7596769261442523,0.18135156067845065,0.16836904959686197,0.4269905923609805,0.5396846350867421,0.39153963194788194,-0.7325909347015453,0.0022575129615063,0.0118100137241263,0.0299932627488681,SPY
2020-01-15,0.16096560710088711,0.29754427566557434,0.5284237563950185,-0.7847848170981774,0.18728710761799344,0.17319671578419435,0.4545991971937868,0.6150557819411545,0.8238748827809959,-0.017314237511349907,0.0082842683715691,0.0106989616238717,0.0266681482780217,SPY
2020-01-16,0.7058224998898783,-0.015526882455832607,0.39511561524031963,-0.746988655772948,0.19296015846348033,0.1792770114013569,0.7148283914700968,0.7117290582747159,-0.04782156861002074,0.6979624596788455,0.0031073770361436,-0.0065186492977646,0.0199849043826194,SPY
2020-01-17,0.23779870675293446,0.6527120524473371,0.461662854947343,-0.7497116086829736,0.201905479496933,0.18583289976057912,0.754665811875979,0.8158742802272123,1.857043233965943,1.413239156869041,-0.0019599647180168,-0.0257852933560585,0.0142971708285033,SPY
2020-01-21,-0.2203211098007262,0.7106021076698668,0.722766046383723,-0.7393612369310205,0.209088085860236,0.19146897952578537,0.5969166421236108,1.04732176807681,0.9846797541539349,-0.7325909347015453,0.0001208200729241,-0.0134007060688148,0.0210270092748459,SPY
2020-01-22,-0.03220497456456339,0.012797321037728737,0.33853573811181126,-0.7433836787610532,0.2171614489547963,0.19646472611543137,0.534444843524011,0.9897165025101546,-0.3680466715328768,-0.017314237511349907,0.0011464608612516,-0.0143478948925075,0.0167891453282278,SPY
2020-01-23,0.06051945425707183,-0.19063750187767425,0.41032583363917885,-0.7431864870993907,0.22397841568387397,0.20140871102879643,0.5152282249565094,0.7461370582289443,-0.23116251056606646,0.6979624596788455,-0.0089333425500672,-0.0122541510429963,0.0052913304735735,SPY
2020-01-24,-0.8507586701952706,0.020962392382216505,0.3618891636547875,-0.6523221488369851,0.225966216226728,0.20495889402777084,0.10047308849012135,0.6317596053490018,1.3869124060268756,1.413239156869041,-0.0161592670221502,-0.02164574952016,-0.0195029671510278,SPY
2020-01-27,-1.5040280477468062,-0.5957785546479585,-0.38871806524100044,-0.4611934847883178,0.22389391479992088,0.20522256339663805,-0.5586303388761038,-0.45841263042387753,1.1820543385790854,-1.4478676318917407,0.0104246225692268,0.001914602509955,-0.0341145227888022,SPY
2020-01-28,0.8993240871048632,-1.774590052549861,-1.228653545984405,-0.3958769615276809,0.22289998330126326,0.2071200733774065,-0.16199187021031097,0.07703465778620565,0.24360334759664865,-0.7325909347015453,-0.0008263687507685,0.006616640556964,-0.0482243202885293,SPY
2020-01-29,-0.11783684847467983,-0.45598663913931203,-0.6887435208940866,-0.4192077772146648,0.22212173827912812,0.20972857333873848,-0.22996582524802275,-0.15314396920589293,-0.2019291716797922,-0.017314237511349907,0.0032402047107629,0.0189248726282356,-0.0933495328759992,SPY
2020-01-30,0.24980717053572216,0.5884419396666825,-0.73003651917526,-0.4171683250393593,0.22164352448132058,0.21246894718601594,-0.13448641989236307,-0.2964020463360692,0.7865452303610855,0.6979624596788455,-0.018324941027231,0.0190438286009593,-0.1008002134452148,SPY
2020-01-31,-1.6998187060555892,0.09906209766582764,-0.6387590895683279,-0.2619465001934077,0.21302618304290333,0.2109904856865804,-0.8537736412902166,-0.888999404014161,2.3632644789310313,1.413239156869041,0.0074010850079648,0.0320249337622913,-0.0400800540773387,SPY
2020-02-03,0.6259771253035958,-1.0928853509095893,-1.048188814745077,-0.26176646873171944,0.20568416167125436,0.21179557497624746,-0.5675291401025775,-0.8696658554964274,0.40976802195859685,-1.4478676318917407,0.0151266606162359,0.0320611084741608,-0.0765315408388858,SPY
2020-02-04,1.3244181328647688,-0.8094593333053521,-0.0210677681827593,-0.15389733632591246,0.20358381819204785,0.21434760907987532,0.01191101874133436,-0.2833858682460617,0.11579911589967724,-0.7325909347015453,0.0114818633205029,0.0186658584114072,-0.0504845205300927,SPY
2020-02-05,0.9949053528898293,1.46915806471658,0.18391907724495513,-0.10857875771281861,0.20500909141651955,0.21911730407144794,0.41947303328224134,-0.027101046454648624,0.2545418375609729,-0.017314237511349907,0.0033591606834866,0.0136062712890137,-0.0957732721652,SPY
2020-02-06,0.2605615445341605,1.7471277882450775,0.7205003723893243,-0.11409781780162163,0.20712817123363156,0.22360449728784867,0.49816733503669086,-0.15607257430008822,-0.42614177547618765,0.6979624596788455,-0.005343835865899,0.009179509096187,-0.1158018244137819,SPY
2020-02-07,-0.5262445119940468,0.9455628777284161,0.7256862958866739,-0.10883368651644623,0.21034451345294897,0.22621773279181553,0.24336917166655564,-0.416486196782331,0.1556932888156026,1.413239156869041,0.0074372597198344,0.0161243694382529,-0.1917704909773014,SPY
2020-02-10,0.6292475485688072,-0.20055058220831107,1.2916017075834214,-0.09684297471655062,0.22082768187445495,0.2304412095975347,0.4934293903208387,-0.14899362188484735,-0.8124702409808265,-1.4478676318917407,0.0017314105534822,0.0061067532004459,-0.1487570754116083,SPY
2020-02-11,0.11340261444215066,0.07723663749252536,1.2931787556626266,-0.11234377405770497,0.2286759590963109,0.23388308665950205,0.5191062213835714,-0.10764450142354098,-0.25029461740915726,-0.7325909347015453,0.0064222761981094,0.0091452163752894,-0.2004652263409276,SPY
2020-02-12,0.5374866042046574,0.5591800660411258,0.7092085651564249,-0.10331139444169878,0.2388028560525437,0.23857746770646146,0.7225179428472043,0.02037627384586985,-0.7206771583028609,-0.017314237511349907,-0.00106760150934,-0.0013941036965139,-0.3074561485907985,SPY
2020-02-13,-0.13964581902867396,0.490042595854856,0.4886342539711148,-0.10061680899279228,0.24759819270106317,0.2427538713367231,0.6225383157634037,0.2778665413765723,-0.2541955843289167,0.6979624596788455,0.0016010244761668,-0.0106778561805764,-0.2243604345709604,SPY
2020-02-14,0.10161488653296812,0.2993827389189544,0.2956481470332013,-0.1257145675189268,0.26247912312851807,0.2458991027180338,0.6470199738797063,0.9675104168366033,0.17660131311165508,1.413239156869041,-0.0025803565179725,-0.0460065208314119,-0.3418480652497546,SPY
2020-02-18,-0.2764084611923617,-0.02902569338722087,0.5984115443565581,-0.12233056164705461,0.274303251253921,0.24814977127897625,0.5103535009928775,0.6299429636561291,-0.13880682977943706,-0.7325909347015453,0.0047698737283257,-0.074196986973364,-0.2866826833699258,SPY
2020-02-19,0.38809894632493935,-0.1320697843205345,0.1616903756285129,-0.11881909405542988,0.28300481253122267,0.2514645413588424,0.6637879567165331,0.7766299918969587,-0.48814212440012333,-0.017314237511349907,-0.0041170438736939,-0.08265203563219,-0.3434124022961828,SPY
2020-02-20,-0.41533473924049774,0.08378221327994614,0.29415314494949774,-0.10641918061350486,0.2868397661737206,0.2541059392289395,0.4584947584301446,0.5118844471260104,0.6143186276204192,0.6979624596788455,-0.0103513539934025,-0.1244865730967346,-0.3371726785281836,SPY
2020-02-21,-0.9789558934747953,-0.020892073511675553,-0.16531186849211213,-0.04897369455025138,0.28637088931763605,0.25493458078694053,0.022758108145992044,0.875072054331708,2.204448363457595,1.413239156869041,-0.0337276401746686,-0.1183456949617847,-0.3708716453223726,SPY
2020-02-24,-3.0923203469922744,-1.050902323347073,-0.5700400132697201,0.3805713127596751,0.2772004511842481,0.2519447598793038,-1.2934107680083995,-0.5836442799169893,3.5641301287158536,-1.4478676318917407,-0.0307708226599245,-0.0422228364464709,-0.3630447034156541,SPY
2020-02-25,-2.825005300335893,-3.0678825748855565,-2.11020439466068,0.6034248895375497,0.256543607416205,0.24683609725485572,-2.42781285059867,-1.6700089808510807,4.392093992748748,-0.7325909347015453,-0.0036851749305002,-0.0405024155401285,-0.2455430300150292,SPY
2020-02-26,-0.37629104915018885,-4.458792255617924,-3.339176739801828,0.5528350741274349,0.2342645715123035,0.2395897605072922,-2.479848217442756,-2.1520462789910386,3.238703070195524,-0.017314237511349907,-0.0459515813382385,0.0043564403154006,-0.2269984749805704,SPY
2020-02-27,-4.197442115978871,-2.412394456360355,-3.7077772775224984,1.0827803771814064,0.19684204663243116,0.2258833909373407,-4.038898212451081,-2.6287510588862832,4.3231321056474705,0.6979624596788455,-0.0042104758584526,0.0165011333390348,-0.1242982895411994,SPY
2020-02-28,-0.42378158292984586,-3.4464597668425587,-5.531567255198134,1.065454997570926,0.1585850052622483,0.21108933621892267,-4.017532866566679,-2.619497072203824,4.687046979160154,1.413239156869041,0.042395218340645,0.0040422176323922,-0.150326038280756,SPY
2020-03-02,3.789668607067101,-3.482241606121498,-5.263853718120283,1.5279690243280297,0.13185193588422137,0.205137841089175,-2.350195913410973,-1.7282956134841967,2.2897416664895687,-1.4478676318917407,-0.0290504017535822,-0.1196655031376714,-0.1607617326499628,SPY
2020-03-03,-2.66946834462109,2.5356632151018705,-1.945253469464206,1.6555747552012607,0.09763622891856501,0.19389401641154516,-3.314072091126366,-1.992825201505709,2.8568110761631402,-0.7325909347015453,0.0411736809250289,-0.0401644260985616,-0.1467290096209037,SPY
2020-03-04,3.6792338813460606,0.843645956452257,-1.870251172402116,1.991384690502753,0.07374430659329843,0.18626624895344374,-1.6407908159808664,-1.3858546452125273,1.1835064407466311,-0.017314237511349907,-0.0338068883146043,-0.1313148473994276,-0.2339517109438578,SPY
2020-03-05,-3.0994848811979563,0.7604386877174519,0.08538492823955628,2.1220664187046174,0.041404013370293424,0.17195242843609151,-2.7643985570993563,-1.6237586499935566,1.264373493699623,0.6979624596788455,-0.0166693915650952,-0.1980766051365847,-0.177331476254464,SPY
2020-03-06,-1.5501465401183956,0.43644185351746073,0.6148366865438805,2.1323764272030843,0.007628953844944474,0.15475699886448085,-3.1804851564704055,-1.7484159724281512,1.7247811589514102,1.413239156869041,-0.0813125024294185,-0.0993791010609914,-0.1752219666813763,SPY
2020-03-09,-7.394293536185466,-3.5036454623549678,0.07168629034939772,3.037911952740804,-0.037557612804283096,0.12746188778110912,-5.802632444384556,-2.0868848857937445,2.5185345740842404,-1.4478676318917407,0.0504506752855276,-0.1339532048342002,-0.0289025438757475,SPY
2020-03-10,4.517932978582138,-6.739577779720492,-5.321391175673783,3.4992379503537876,-0.060277483511871496,0.10568047718317485,-3.722030386168882,-1.6270726030427283,2.0072023742945477,-0.7325909347015453,-0.0499767403758371,-0.1318188547578715,-0.0783345905272847,SPY
2020-03-11,-4.5613420085389125,-2.1675709229996474,-1.8555164151070864,3.7120265328091313,-0.09510268354959397,0.0770058570566399,-5.186336931935515,-1.7955632188462833,1.68863204829508,-0.017314237511349907,-0.1005686460517614,-0.1338019595799657,0.0046599230397426,SPY
2020-03-12,-9.135170984712778,-0.03307783185909489,-5.829248047022973,4.5993573256045455,-0.14142365739092494,0.03495445799139017,-8.127603950797889,-2.0332783626860245,2.871555508475757,0.6979624596788455,0.082028112510498,-0.0311106336338991,0.1203310134958792,SPY
2020-03-13,7.372733473705852,-10.320036785401998,-8.739748127398641,5.527883450814561,-0.16668447217718238,0.0030592690180238414,-4.9404685257233885,-1.3731036388059548,2.1029410368176764,1.413239156869041,-0.1158866062026273,-0.1571890669319886,0.029131032390719,SPY
2020-03-16,-10.520011683197241,-1.3282833376601626,-4.43699901950608,6.447489505199552,-0.23160889644741858,-0.042966104910469455,-8.34450838970942,-1.589916975954483,1.707671010558413,-1.4478676318917407,0.0525850253618562,-0.0672031589973114,0.1740838533604769,SPY
2020-03-17,4.710891755168731,-2.3716943789005973,-5.944268079242581,6.823811638313473,-0.27609202290359897,-0.08248434932021038,-6.106872806076719,-1.3139509830335587,1.3275091574341673,-0.7325909347015453,-0.0519598451979312,-0.0330573336184674,0.1000216033539329,SPY
2020-03-18,-4.740627255396109,-4.377264436305419,-5.85122040825163,6.8963482784675945,-0.34441081583048516,-0.12878752084245065,-7.3070513921079305,-1.301188444772359,1.833755213486063,-0.017314237511349907,0.0021226798943052,0.0337618916834223,0.1567942392878789,SPY
2020-03-19,0.14877584311648223,-0.022775483070534282,-5.937674494239337,6.912556693295254,-0.4024995838745831,-0.17419604330099586,-6.670285771274647,-1.2778318884608528,1.4413072133161235,0.6979624596788455,-0.0440503207875915,0.0883878158902495,0.1813285026990527,SPY
2020-03-20,-4.025556110072914,-3.460110997013302,-1.460813450576858,6.964264306161866,-0.4656185433970152,-0.22285091352058142,-7.540667236820342,-1.6412829956395467,1.847421841121208,1.413239156869041,-0.0259006982679501,0.1021999120798318,0.2076039840678696,SPY
2020-03-23,-2.3847151834885265,-2.921339188010867,-6.957242883912409,6.94980055178752,-0.5124730344602059,-0.2690688923172167,-7.814970385829433,-1.6133700830101376,1.598296600569803,-1.4478676318917407,0.0867308507407003,0.1600601343192202,0.2026709287452899,SPY
2020-03-24,7.797890820464897,-4.830203155495486,-3.034278582887281,7.732176579489147,-0.5535807940290959,-0.3011196328897007,-4.377173888632359,-1.4550689689381675,0.815658152824142,-0.7325909347015453,0.0148593801039584,0.0583116048539968,0.137891727708415,SPY
2020-03-25,1.3002542802585368,4.0781969849281765,-1.545680456084113,7.779683901945306,-0.5780716233955115,-0.3309048945700553,-3.3980302895754133,-1.2730396008659914,1.3013039416987904,-0.017314237511349907,0.0567486041011324,-0.0025967956478867,0.1229606955439841,SPY
2020-03-26,5.087305666205598,6.8546447231520204,1.3673249410693378,7.991134610822377,-0.5643573110477421,-0.3472781743540313,-0.9569562607237134,-0.9489763706323487,0.9249471800536646,0.6979624596788455,-0.0302382245980092,-0.0365320533742297,0.0800544470069049,SPY
2020-03-27,-2.776855059389316,4.812348824951089,3.7487594955714645,8.029763940560676,-0.5778690367419084,-0.36674762090705654,-1.8430006468249496,-0.7453161525154844,0.6282587583764679,1.413239156869041,0.0319595239714383,-0.020853710768228,0.1246081827835974,SPY
2020-03-30,2.8462156840220154,1.7404424995602703,4.350902225668606,7.962446816609363,-0.5559851189772037,-0.3883602062739536,-0.2273168359840389,-0.851581610433723,0.17534566089988865,-1.4478676318917407,-0.015017678724523,0.0121936856365438,0.0880395781821592,SPY
2020-03-31,-1.40082122909097,0.05188869378121553,6.873337032452724,7.933410602699054,-0.5499225240530471,-0.4076528932099381,-0.5188249869826245,-0.699922466383594,0.35569835118620124,-0.7325909347015453,-0.0460490203979251,0.0282299929950573,0.1288992879648791,SPY
2020-04-01,-4.206251224642626,1.0886641822723637,2.437577501486709,7.843789958635736,-0.5427986561090777,-0.43838163335717917,-1.8454494200368752,-0.4487575785384819,0.29432474062895914,-0.017314237511349907,0.0228133463747894,0.1072967865841727,0.1655938282101967,SPY
2020-04-02,2.01934325148796,-4.225031355803994,-0.21774360695710301,7.883220403592387,-0.5307956427975221,-0.4615233756186676,-0.5633943815374078,-0.7720002276619524,0.17672477639613376,0.6979624596788455,-0.0145598819920076,0.0995858846137585,0.115950154625076,SPY
2020-04-03,-1.3594335024892206,-1.6481014708000068,-1.6971619699208957,7.881136754564783,-0.5125072907313425,-0.4840348516528441,-0.7707203025840127,-0.19225707402991693,-0.190917389842188,1.413239156869041,0.0650069203762102,0.1049738980111039,0.1332646929401262,SPY
2020-04-06,5.833909807099505,0.49683913279758884,-1.0136596332301973,7.816094040739631,-0.47297836428967466,-0.4877133490404856,1.9840656225497328,-0.10648359116633213,0.23880808921857746,-1.4478676318917407,0.0010186286339903,0.0690331924020242,0.0774546455257629,SPY
2020-04-07,0.04896261058168493,3.370932063506045,0.4270521327927363,7.608313488398437,-0.4522471684873764,-0.4979453434951247,2.2124918384593233,0.2848688755068372,0.3350573718490572,-0.7325909347015453,0.0330177731911902,0.0465373391233461,0.0696339557892651,SPY
2020-04-08,2.941888121749895,4.432090979781774,1.1261600568177148,7.5255154519385945,-0.4265547309302359,-0.49734196166465644,3.645150295775102,0.44782021884207873,-0.0948916721290101,-0.017314237511349907,0.0151024444043752,0.0183323566681705,0.0486109638381941,SPY
2020-04-09,1.3222288338055255,2.2530913581625573,4.573102092139356,6.685412802342987,-0.4105205789046978,-0.48240391195282123,4.039088619478177,0.8823271690129629,0.2055775894754493,0.6979624596788455,-0.0091718685946622,0.0298868555692743,0.049919186041377,SPY
2020-04-13,-0.8723229366478766,3.212436384059166,4.236942866179242,6.17283852249062,-0.38954407759837184,-0.4786555104292052,3.5600141016352516,1.012678612513109,-0.4675016413053621,-1.4478676318917407,0.0290662147671305,0.0212838847451619,0.0592962901575377,SPY
2020-04-14,2.5846421912094852,0.338611303449554,4.471835025366822,4.801033648869089,-0.36866191375340024,-0.45718072621684935,4.46175416316651,0.815937739654678,-0.3111009561250429,-0.7325909347015453,-0.0214772246446877,-0.0386160836124984,0.0100972665678744,SPY
2020-04-15,-1.984805127460602,1.2897792155178667,2.9049885235742967,4.659942715592349,-0.34978875374034496,-0.4446593556284425,3.271161030597882,0.4948851444731998,-0.4271040928325006,-0.017314237511349907,0.0048127907360147,0.0048127907360147,0.0137302843770825,SPY
2020-04-16,0.39197891587176814,0.4515772458995095,1.9242746389356462,4.270495900025515,-0.3187107432156484,-0.4254764642869164,3.1361349120746485,0.18010281636055503,-0.3472343619762135,0.6979624596788455,0.026656943305479,-7.1652060472438e-05,0.0208139705927923,SPY
2020-04-17,2.366828778657714,-1.200489359099566,0.6946694504986392,4.304833000690056,-0.28587844937285933,-0.4029626283217252,3.9111973752323315,0.7131773428512307,-0.2303569628368264,1.413239156869041,-0.0177748394187746,-0.0128862398018982,-0.0012566706289485,SPY
2020-04-20,-1.650086033546376,2.078258059321287,1.1983915081586987,4.04817560090804,-0.25437596711291316,-0.37796039798728187,2.6825785297192217,0.27827835668824474,-0.6698170656295929,-1.4478676318917407,-0.0308337535905298,0.0192041107955596,0.0465233291352866,SPY
2020-04-21,-2.8306946553830006,0.5396600693252026,0.8233422565552928,4.094841953693146,-0.24666065543572685,-0.3542369288104845,0.9644759282859886,0.08259863749944146,-0.43525422861799695,-0.7325909347015453,0.0219516497038254,0.0454287837560896,0.0670324477519646,SPY
2020-04-22,1.9414404101209217,-3.376424534571064,-1.7880159315536421,3.3164601941163263,-0.2334842789628396,-0.33721040287293624,1.6043595623624471,0.758818194242587,-0.747749140544683,-0.017314237511349907,-7.1652060472438e-05,0.0493191651104609,0.0619263115226624,SPY
2020-04-23,-0.049605675508193225,-0.6703816299030072,0.10527967009320845,3.312765645895281,-0.22872123643580805,-0.32191732858896155,1.346732342216298,0.6226486401939831,-0.6492343716654495,0.6979624596788455,0.0138423555640532,0.0400363370183258,0.055070163914765,SPY
2020-04-24,1.2083088149128434,1.42503551912297,-0.10765916845169064,2.929608183161008,-0.2242222357507094,-0.311606703741804,1.761940408099903,0.911767563952585,-0.8428090065656298,1.413239156869041,0.0143155111786832,-0.0006363457560585,0.0431249478271782,SPY
2020-04-27,1.251085081818004,0.872656027417189,-0.6663152002212478,2.746131763751406,-0.2134793972994473,-0.2956789883417924,2.1084126001361483,0.5857647126996941,-0.9109710759643129,-1.4478676318917407,-0.0046090806299998,-0.0121972006116992,0.041054713555364,SPY
2020-04-28,-0.4598179810410827,1.8526641243187119,0.7326738491818342,2.646616520229911,-0.21164963776682663,-0.2842743041803378,1.7226281584515797,0.4975571371570777,-0.651437126042514,-0.7325909347015453,0.0258420310581968,0.0016087529801476,0.0604331890200384,SPY
2020-04-29,2.2931555457588786,0.5958105966948035,1.8759468148210754,2.6464644520968164,-0.19707732605190478,-0.267479819831876,2.554185599459003,0.45169619864634225,-0.5366772574131236,-0.017314237511349907,-0.0093544801526075,-0.0310353391805566,0.0327445204530025,SPY
2020-04-30,-0.8888321790643358,1.3809607074738757,2.045549228363997,2.1981718052431813,-0.18634384015598143,-0.24648437602611512,1.806635279056869,0.14391175884695967,-0.5118028203441907,0.6979624596788455,-0.0268303272103311,-0.0096860777878298,0.0465452769103595,SPY
2020-05-01,-2.4687595328156466,1.0577190872960067,1.6408613827467193,2.3606045135718015,-0.1899751298054462,-0.231821230836451,0.44798355148715663,-0.1255374724711185,-0.5042432113207809,1.413239156869041,0.0027546563230425,0.0335549160300594,0.0774088345366683,SPY
2020-05-04,0.20591051838516064,-2.530155515083529,-0.1322771698659364,2.285500200524425,-0.18810761655194524,-0.21506464650966928,0.30061303538368045,-0.44992037146803343,-0.9426806668941216,-1.4478676318917407,0.009196872961847,0.0310054952285154,0.0829002334495729,SPY
2020-05-05,0.7883277398691801,-1.705319402824398,-0.6362763173872805,1.5774375906239537,-0.17570473856225702,-0.20496239337872946,0.5230769971087126,-0.000916115394329014,-0.9609301607843711,-0.7325909347015453,-0.0068020611025074,0.0016758134441356,0.0869237890664473,SPY
2020-05-06,-0.6580773171014744,0.7487396281690143,-0.034401375793750334,1.6001975093533114,-0.17084737418748597,-0.19590683629544053,0.10388818211533829,-0.17410377842020505,-1.0316360747380382,-0.017314237511349907,0.0119947812401193,-0.0093663322888364,0.0910956248021701,SPY
2020-05-07,1.0412763842197823,0.09776623604473801,-1.4575309649154113,1.413103475269187,-0.16273597632697726,-0.18944199736769757,0.4976268193292872,-0.38164048882728024,-1.0238708603766222,0.6979624596788455,0.016410666607558,-0.0094646365772312,0.1044077628567983,SPY
2020-05-08,1.4405004138191437,0.2883509066650155,-0.5268031185317423,1.4212643218238592,-0.15380402054789744,-0.1826977065424064,1.0755818575225624,0.16358731612965266,-1.0253970961005916,1.413239156869041,0.0002052355214985,-0.0212890011010511,0.1000118186236127,SPY
2020-05-11,-0.024573282902273556,1.8695285668393657,1.358301771575805,1.389390920585595,-0.14866364378906355,-0.17472202566641967,0.9601881543236146,0.8377059798405965,-1.0049737672691978,-1.4478676318917407,-0.0201328088225327,0.0085109237229108,0.0923220168640597,SPY
2020-05-12,-1.8632614148598452,1.0664619670530762,1.2471589601924034,1.324985505128378,-0.14777700905214583,-0.17335800122044745,0.10708332963407488,0.060028904948761244,-0.852418991682596,-0.7325909347015453,-0.0178442068354796,0.0183190975715916,0.1068592351776605,SPY
2020-05-13,-1.6563572877379067,-1.4227641030969769,-0.031477853519284005,1.289086651093257,-0.1587274617410151,-0.1715393019591521,-0.643536016307047,-0.2891870674626833,-0.3819729400066557,-0.017314237511349907,0.0118964769517244,0.0530088178815946,0.0653259644914117,SPY
2020-05-14,1.0323890533960944,-2.65223508082628,-0.5128637117206767,1.315018203259697,-0.16392439101309303,-0.16875914641762343,-0.20477256202511354,-0.31891011566079647,-0.6364813701236548,0.6979624596788455,0.0045863020837382,0.0341845412615002,0.0653341854130156,SPY
2020-05-15,0.37150290599001756,-0.47050134534481197,-0.5171493184657954,1.1475442939553442,-0.16063263503370598,-0.1689296416330677,-0.015575923736918573,-0.4880314770116277,-0.7608885737320853,1.413239156869041,0.0300051603454605,0.0314953786542284,0.0700402027976228,SPY
2020-05-18,2.6695288234847308,1.057394042581931,-1.0326362538526839,1.2679864474168185,-0.14985199602071989,-0.16257843220764365,1.1281628839126687,0.07176587442035541,-0.6732209719052877,-1.4478676318917407,-0.0103246349738519,0.0137354952156369,0.0590996757960553,SPY
2020-05-19,-0.9765403247350384,2.2909003325355144,0.2665009548589104,1.01910219858908,-0.14440043991650608,-0.1536129131568283,0.5604532799396916,-0.5133754143557978,-0.9101691519747162,-0.7325909347015453,0.0168455134745233,0.0388295250241634,0.0652618961945163,SPY
2020-05-20,1.4798133270955216,1.275214418229804,0.6940914159626024,0.9737622288077752,-0.1324407856135867,-0.14516832731670687,1.1327271674178963,-0.06891961511893441,-0.9748805091760175,-0.017314237511349907,-0.0069277996683698,0.020137374040801,0.0488013992414275,SPY
2020-05-21,-0.6694448805146406,0.37882085742108024,2.206400815424087,0.9980469691145675,-0.12564979993973832,-0.13768516639560702,0.7291165914431552,0.3364399694251408,-1.021099002804386,0.6979624596788455,0.0018971394764664,0.0315114500139204,0.0499979248927466,SPY
2020-05-22,0.12838555963877618,0.6102025445457114,1.3857504839648602,0.9623035033271158,-0.12282020696202028,-0.13177916070023862,0.7182046581658965,0.3258335811834013,-1.126800068338023,1.413239156869041,0.012245276906869,0.0336475409534315,0.0544955330999314,SPY
2020-05-26,1.06392278039084,-0.408033455845117,1.2685155840776796,0.9493903677606722,-0.11661404484866192,-0.12608155024199394,1.1424573483771332,0.37417863162073195,-0.8573739882830426,-0.7325909347015453,0.0147693948346745,0.0296483192825096,0.0468434144162444,SPY
2020-05-27,1.2921190414969068,0.8979759341859374,0.4942678121872424,0.9768122655979767,-0.10071195277812754,-0.11765117102977604,1.636127007490663,0.7177720269490108,-0.6667437198419958,-0.017314237511349907,-0.001846637508839,0.0280993530265565,0.0062340388632851,SPY
2020-05-28,-0.21007561170767838,1.7747932932950323,1.58825002970481,0.8239207554456983,-0.08055605623121817,-0.11302870123619867,1.4867839288132636,0.5327913618879064,-0.7920755386709578,0.6979624596788455,0.0044462763047494,0.0273157651686108,0.0187444276773653,SPY
2020-05-29,0.358843687943304,0.8148966132704527,0.7733597574375868,0.7875058568696994,-0.062305364204228254,-0.10647381643568021,1.5744458860716848,0.37331660086262225,-0.47441575342324344,1.413239156869041,0.0040332304159775,0.0481764081586089,-0.009740294331106,SPY
2020-06-01,0.32150172129243243,0.11171839971774829,1.269216220119341,0.5011696547086972,-0.044130210846228625,-0.09569431014529577,1.580333636614412,0.4306851950883657,-1.1112234791796314,-1.4478676318917407,0.0082460552359471,0.0561579001170038,0.0008172135402579,SPY
2020-06-02,0.7023677901958426,0.5122364225722649,1.3623397845948848,0.5067859890955534,-0.03179342528850159,-0.08408600549086276,1.753150553054571,1.0978323435038226,-0.8862120747215246,-0.7325909347015453,0.0132204285787214,0.0404272786430022,0.0052992859886664,SPY
2020-06-03,1.1520826730316387,0.7710653561924056,1.187992442805529,0.5258640394036258,-0.01273163719358306,-0.07177674644290609,2.129738297027706,1.8069856821060972,-0.6705437869104024,-0.017314237511349907,-0.0026302253667846,0.0216112595553488,-0.000940619501998,SPY
2020-06-04,-0.28091692124457435,1.39686826380271,1.120464765805174,0.4997770408858106,0.0008784698882016137,-0.05893701253626386,1.8213215063904284,1.6249638727902633,-0.8220943006441502,0.6979624596788455,0.0253069192947474,-0.0351359925995948,0.0071813831864551,SPY
2020-06-05,2.2447780502592165,0.6560103978238675,1.0863040037037437,0.6218241018187302,0.023948803796312035,-0.04394229311886386,2.6817390460204678,1.7715593122772453,0.003185983655533846,1.413239156869041,0.0120147223743725,-0.0485382140210139,-0.0028061168214614,SPY
2020-06-08,1.0430791891635078,1.47930395249724,1.9957303752818234,0.595782794874315,0.05013161815728383,-0.029373850941584918,2.981561852112697,1.669446136510142,-0.8351295283885973,-1.4478676318917407,-0.0074845662380544,-0.051260616927041,-0.0251882679975778,SPY
2020-06-09,-0.7197801077682011,2.476871515084795,2.3436860579030596,0.6379006293023595,0.07060818712744651,-0.01597524460105743,2.450998168329945,1.7488085988983642,-0.7739865512842192,-0.7325909347015453,-0.0055955905089319,-0.0247114173450935,-0.0100840824555241,SPY
2020-06-10,-0.5490047276017809,0.2432191405767411,1.6579046073203225,0.4642823436145575,0.08519926640750358,-0.0006632438271504345,1.9800418154489348,1.3786497100216384,-0.5380017264391217,-0.017314237511349907,-0.0593774775217283,-0.0232782414115524,-0.0101976778835206,SPY
2020-06-11,-5.411228237982385,-0.9563397250402104,0.8376142656164268,1.4571143000127016,0.08297329578264047,0.008340183085648038,-0.612482028127341,-0.11085737129560237,0.9302379326115675,0.6979624596788455,0.0119046978733283,0.0364842526316104,0.0593384526332894,SPY
2020-06-12,1.0331322768216684,-4.491120861837629,-1.6363002560519881,1.4571471557804583,0.08286946524341415,0.017452543159642977,-0.25956430405447095,0.03636904586715349,0.8160062508118661,1.413239156869041,0.0092923194683454,0.0188482807412313,0.0387371286242572,SPY
2020-06-15,0.7969567090938895,-3.299056517558096,-2.2205743651583583,1.4648808735145382,0.08428427734588805,0.02728955102093811,-0.020051227451661362,-0.000820974142170731,0.0515989772496822,-1.4478676318917407,0.019064633343893,0.0159507089565371,0.0423204752967443,SPY
2020-06-16,1.6804358303303903,1.3785130591672548,-2.3392583864509384,1.3552231237342387,0.08888701488852326,0.03579565187349296,0.6431939993380401,0.06626781644869831,0.13913859520157631,-0.7325909347015453,-0.0041624145753909,0.001479233835826,0.0324009427244265,SPY
2020-06-17,-0.4194365382796637,1.8662252382679345,-1.1818375794466098,1.324465383514667,0.0883965912438468,0.04512117408845649,0.33896261061487437,0.020680368583976528,-0.7259858620232893,-0.017314237511349907,0.0003850165214345,-0.0201983323070678,0.0332645735728656,SPY
2020-06-18,-0.008319940872817268,0.9497312717136259,-1.119357818410566,1.2780895450232805,0.08879280233608866,0.05215438005626139,0.25571564650661316,-0.03586722814922438,-0.7505766291268661,0.6979624596788455,-0.0057312740170507,-0.0099195975232611,0.0357748354290743,SPY
2020-06-19,-0.5612713768361073,-0.32266519927417486,1.4860071331965703,1.2728946829320482,0.07998172716372902,0.05931459892253935,-0.07874463074316439,-0.20097170483540105,0.31965180339831406,1.413239156869041,0.0063947476836512,-0.0282267692099322,0.049555403157778,SPY
2020-06-22,0.5349978519938496,-0.42953094689721577,0.7171613246943881,1.276298998925862,0.06940575141513078,0.0671514986061888,0.07311888878493442,-0.22795947026991986,-0.9205629937140828,-1.4478676318917407,0.0045931582231819,-0.0200307786062419,0.0452856747775936,SPY
2020-06-23,0.3721227444569288,-0.020167050674453926,0.590840760375977,1.2539936305728,0.06245753663902544,0.07394469723769423,0.16651498200283438,-0.3686165588637014,-1.047428504412053,-0.7325909347015453,-0.0258399807182847,-0.0118958091450682,0.0463678811143388,SPY
2020-06-24,-2.3792259321090508,0.6831006486731309,-0.04004780411941438,1.3892250907496453,0.04965674567306917,0.07484368198860354,-0.8907564574949874,-0.7361365234327765,0.4461687359852722,-0.017314237511349907,0.0106637513052412,0.0209246946612733,0.0602048812964941,SPY
2020-06-25,0.9209428406822556,-1.5126271894140408,-0.9850882005936715,1.4115699078361201,0.057289586236240995,0.07755871597860456,-0.5000380221064844,-1.01597614906287,-0.5386910218365144,0.6979624596788455,-0.0240384457037219,0.0157527206777006,0.0430800507689577,SPY
2020-06-26,-2.2163557468272113,-1.0991175715332113,-0.5369834857326471,1.5428053278770872,0.05461122673264982,0.07616165249842469,-1.4386337115608705,-1.5546058478140001,0.42446379806951473,1.413239156869041,0.0145907382873415,0.0551105856682534,0.0743842450034604,SPY
2020-06-29,1.2759673571106886,-0.9764026991309744,-1.335090463012726,1.5877480613290589,0.053432024079337594,0.07627996266126164,-0.8616785847418935,-1.1802356442933057,-0.7499139633896114,-1.4478676318917407,0.0127281276843556,0.0301524185791679,0.0534310431511011,SPY
2020-06-30,1.1075755514760626,-0.7089087550564847,-0.9777836436699162,1.608207402066681,0.050373223234575014,0.07705524312129915,-0.36070169356774584,-0.8828918096148888,0.11442464855204441,-0.7325909347015453,0.0069805230880568,0.0250439101988115,0.0529266123598839,SPY
2020-07-01,0.5879556617937539,1.7955140430096055,-0.6231370604595702,1.5806367031695236,0.05058681748669771,0.07691623456019253,-0.07548700973658286,0.2817790798831525,-0.9134835752611128,-0.017314237511349907,0.0054917773216685,0.0123542011738262,0.0423717736073152,SPY
2020-07-02,0.45336360732399367,1.277130231657249,0.8076832505095897,1.585232434291633,0.052307156805951306,0.07797905026952687,0.13402397819397638,0.185895768848379,-0.9907618134463201,0.6979624596788455,0.0153194192868308,0.0170210768472394,0.0447508026721505,SPY
2020-07-06,1.3418447385874954,0.7842129115736689,0.5822093983358136,1.4943854057628116,0.06027422241012764,0.07755523488435023,0.7719559128112966,0.28757355307340493,-1.1657515090386132,-1.4478676318917407,-0.0103674288017439,-0.0069949685752952,0.036359761107926,SPY
2020-07-07,-0.9804091580473794,1.3522321700038964,2.2980280511251747,1.4787578772505994,0.06326775834451939,0.07374774884203725,0.396396132832553,-0.29067674307590347,-0.5550869778799311,-0.7325909347015453,0.0076196193039992,0.0162481263672811,0.0505826128035824,SPY
2020-07-08,0.6457340109582423,0.27195316343258824,1.2099688121099088,1.4853393585501335,0.06718021797148614,0.07222335885128932,0.7330309642627197,-0.04990569653043799,-1.3411363171393804,-0.017314237511349907,-0.0057091859369284,0.0177736078348571,0.0491544175434572,SPY
2020-07-09,-0.5592744743762835,-0.2525328802900867,0.987261763110929,1.485607324899443,0.07692835985695916,0.07069048565337153,0.5181063489244533,-0.18598885481426602,-0.4813419570765679,0.6979624596788455,0.0101586529950816,0.0201840100448338,0.0615261037469911,SPY
2020-07-10,0.8752787516158533,0.06477190377105814,0.4340498587364012,0.49728592436236696,0.08662900512584301,0.0793944130154496,0.8167847674472374,0.11556557216130736,-1.1947580382978478,1.413239156869041,-0.0086966261357037,0.0129206354273954,0.0520848643839402,SPY
2020-07-13,-0.8293580057868731,0.23772285554690903,0.6375037892942031,0.509258526045101,0.10064016352049397,0.08508512400760437,0.37692816645723215,-0.18157404505899255,0.1415057677122446,-1.4478676318917407,0.0128756661408324,0.0296665552747521,0.063766152270003,SPY
2020-07-14,1.1209139631906995,0.03422786941643943,-0.4094833557684803,0.5313163796706655,0.1143386436627335,0.0913716195772257,0.8219931258008242,-0.040801686144339405,-0.10917610201977745,-0.7325909347015453,0.0091451007715752,0.0189159084373864,0.0426014350897876,SPY
2020-07-15,0.7836472056836922,0.21930221923523124,0.6038067670722589,0.4475296822671263,0.12711816888516714,0.09625283502977851,1.1352531398602181,0.6984912655871663,-0.2957969408142494,-0.017314237511349907,-0.0032987837269518,0.0154461722257384,0.0473025263431337,SPY
2020-07-16,-0.3413588350080878,1.4346242769048418,0.6703106172475585,0.4442547509588521,0.1368472621604368,0.10124550822089273,0.926878811703568,0.4631277936698214,-1.2234040595984388,0.6979624596788455,0.0028952783776432,0.0067419754165607,0.0487919942080417,SPY
2020-07-17,0.2186236435269926,0.33287186262650137,0.7753928688787242,0.4441025200540244,0.14583755040486265,0.10662379884401295,0.9722324112103302,1.2506524750005854,-0.9572298786297678,1.413239156869041,0.0080492937116529,-0.0026143821833777,0.0459264657209175,SPY
2020-07-20,0.684579301124532,-0.09284628962052598,0.458743740329982,0.4345935725795447,0.15272480962831508,0.11408282731440314,1.204551146629286,1.1840243030219135,-1.1091513068412162,-1.4478676318917407,0.0021250193034667,-0.0033979273642499,0.0410486739299011,SPY
2020-07-21,0.14898734053424184,0.6801488859559167,1.1887874466922825,0.42885870511276236,0.163363458427207,0.12092816395670035,1.197537023203406,1.0486176720172131,-1.0552688815961162,-0.7325909347015453,0.0056753645599272,-0.0118854102327343,0.0410817675004313,SPY
2020-07-22,0.4699610574256405,0.6276812718156646,0.7201095756357423,0.43104849269180034,0.17348086230556817,0.12797319310048694,1.3372920084866324,1.034179676349575,-1.0220850290239638,-0.017314237511349907,-0.0120029805361294,-0.0053370778995232,0.0312338026575229,SPY
2020-07-23,-1.128273402629962,0.465976719536019,0.5688453209910009,0.20524754888515814,0.18160899796127233,0.1369496807343252,0.7101775375357077,0.4699853053267801,-0.49703385954552853,0.6979624596788455,-0.0064610792222952,0.0030915869720944,0.0463455745697185,SPY
2020-07-24,-0.6272503936395463,-0.49637798553509077,0.18938309034608178,0.21187572247989245,0.18472581899908191,0.14338591039870233,0.35470364060268506,-0.08810713821395298,-0.5327525723848487,1.413239156869041,0.0072657485307807,0.0174234725808934,0.0563475144991505,SPY
2020-07-27,0.6137418498656022,-1.3230741852277603,-0.2185102975700375,-0.1020239169413167,0.1926644990513319,0.15440791724154182,0.5037010961133431,0.45067831912171813,-1.2111886640733796,-1.4478676318917407,-0.0063624635650176,0.017086101772719,0.0591640245637004,SPY
2020-07-28,-0.618334913095089,-0.010549249722698956,-0.2526691991508636,-0.12114564830570482,0.19479606976038089,0.16235690188794266,0.13410095511236958,0.03633955899630647,-0.9198415022239731,-0.7325909347015453,0.0122236968931384,0.0273039882316492,0.0690198093018965,SPY
2020-07-29,1.0619718103534685,-0.003831862771100907,-0.6226837165661574,-0.12610806370225644,0.19789396709690604,0.17032967401174823,0.5288673577861773,0.5202746470806563,-1.1439730009394025,-0.017314237511349907,-0.0035743156645118,0.0212717153823849,0.066771739028927,SPY
2020-07-30,-0.36626866876580244,0.3338879127233856,-0.3372070840129375,-0.11892833016713315,0.2008970897908592,0.1767230956251585,0.29495124036622417,0.16595013638763992,-0.7586303212613005,0.6979624596788455,0.0078708063865038,0.0315085313135021,0.0725301799473729,SPY
2020-07-31,0.6684429154964411,0.5238077372526732,0.03024324410580822,-0.10827119833134308,0.20544414918268503,0.18352081027083197,0.5274574746274734,0.6768639146519236,-0.12424353013983087,1.413239156869041,0.0069283777226063,0.024355138559029,0.0710979951779924,SPY
2020-08-03,0.5832413902065468,0.22730259092766886,0.6550463593947948,-0.1861096883062243,0.2096786240037874,0.18910553605548278,0.7388026530528209,0.5601378613183358,-0.9897390844891486,-1.4478676318917407,0.0038554228939124,0.0204114225867817,0.0605404562913358,SPY
2020-08-04,0.3054267941724199,0.9427128763018855,0.6403385716194364,-0.26994632315150224,0.21446269807011833,0.19684998289352743,0.7939346973591973,0.4401490956161623,-1.2604529525374373,-0.7325909347015453,0.006191424043874,0.0082669486534863,0.0660596793945602,SPY
2020-08-05,0.5166161060854988,0.6691976412627425,1.0857905843880291,-0.2770449217825985,0.21943632142159267,0.2044278703479202,0.9490809418480152,0.7327868460181538,-1.204463783451344,-0.017314237511349907,0.0066625002666054,0.0159217166345335,0.0742284377539439,SPY
2020-08-06,0.5592043827817205,0.6189986854162248,0.8228117293112376,-0.3094972361952666,0.2302075610383957,0.213918101635175,1.0988001562150682,0.811988409887138,-1.1393021542695354,0.6979624596788455,0.0007174136320307,0.0074499005058843,0.0325456915584254,SPY
2020-08-07,0.021730864996803552,0.8102079257744051,1.2690889784455148,-0.3383307232822924,0.24317651063705442,0.22199549475387198,1.0193000482042465,0.6616618504490388,-0.755725787590923,1.413239156869041,0.002984661750359,0.0067622367643727,0.0236300819071662,SPY
2020-08-10,0.22670446702343242,0.43733563420760063,0.9572345442225364,-0.42133852057426485,0.2548761670243053,0.23185679187192426,1.010916431688026,0.6828159982148709,-1.0664691421420904,-1.4478676318917407,-0.0082890510393829,0.0069490769346503,-0.0070576521563783,SPY
2020-08-11,-0.7925106334530403,0.18681289632635092,0.7853069910356582,-0.41144362427761483,0.2658936333484165,0.2384595181975339,0.5776459344371918,0.17253803378913218,-0.3738524784427924,-0.7325909347015453,0.0138461920249213,0.0173962408480301,0.020786286411413,SPY
2020-08-12,1.2086556552947192,-0.4266790169662598,0.2558647840443954,-0.35750826221474474,0.2775648417292809,0.24587575429756164,1.054696700991383,1.015813450494093,-0.7702652751153756,-0.017314237511349907,-0.0018093158620438,-0.0006225514598723,-0.0105760268346744,SPY
2020-08-13,-0.20670149825475012,0.3131741032682012,0.5895768308692979,-0.36648268841369297,0.28975710766729607,0.25350604633302803,0.8769362834920695,1.2443835395013045,-1.055566968695468,0.6979624596788455,2.974989051907073e-05,0.0042955557782375,-0.0082577175353746,SPY
2020-08-14,-0.04043829634962882,0.754553187804306,0.22024530996420816,-0.36332036891722636,0.29953379124084584,0.26069864564811424,0.7823898225478159,1.1234441114719098,-0.8863083965596431,1.413239156869041,0.0031715019206366,0.0078066665948552,0.0047976083232308,SPY
2020-08-17,0.2435960027999869,-0.1865791909008177,0.1902663902536054,-0.3839087196441631,0.3081735538302896,0.2671633826519266,0.8284953680057205,1.5542647830198295,-1.1606056322157665,-1.4478676318917407,0.0021581128739969,0.0147174232695492,0.0066658697975787,SPY
2020-08-18,0.1519792090909567,0.1526983772394555,0.1984117469524405,-0.3839050961408966,0.3163017207132235,0.27364720295171924,0.8323622644160306,1.4002154592041536,-1.054542937873144,-0.7325909347015453,-0.0041726002829811,0.0160526315687308,0.0005312371503194,SPY
2020-08-19,-0.4203573908132155,0.29767573811884257,0.6538591833321237,-0.3710792638589458,0.3211521526429692,0.27858030552538876,0.594019049287328,1.3464403523077488,-0.2919212384272462,-0.017314237511349907,0.0031087913760661,0.0302008584718809,-0.004130209697208,SPY
2020-08-20,0.23792657204745665,-0.20258129687675333,-0.13167580313265287,-0.4964480124796418,0.3248941428222256,0.28586805475009663,0.6269920020056362,1.2552358840345206,-0.9241400950256458,0.6979624596788455,0.0035408607071367,0.0292761923497488,-0.0188185545921379,SPY
2020-08-21,0.2769883784721,-0.13782408142774716,0.08273064746096297,-0.5537766886775654,0.3295455636161854,0.2947160398280106,0.6576749588524183,1.1823631282860483,-0.5777854106108755,1.413239156869041,0.0100822585953306,0.0321739532597353,-0.0335515441105043,SPY
2020-08-24,0.8683722136127827,0.38759250694294906,0.23579864117986007,-0.5301666769159249,0.3365084551903167,0.30408734940884286,0.9541181053819963,1.322882557647104,-0.71786422397797,-1.4478676318917407,0.0034933211731784,0.0184625335003545,-0.033500814013843,SPY
2020-08-25,0.2726905032482428,0.8626030579984404,0.5370752782681463,-0.598005131238261,0.34723235432667865,0.3150046725343733,0.9565710771010695,1.2712137704644275,-0.9631456625662865,-0.7325909347015453,0.0099756266201689,0.0243438583243129,-0.0604585481176558,SPY
2020-08-26,0.8587320071160086,0.8593648151685153,0.5952841090989055,-0.6251081434069371,0.3568288567840372,0.32568415224705927,1.2342383994681037,1.3447440481263537,-0.6366593489322637,-0.017314237511349907,0.002184125253934,0.0287284141074017,-0.0677721249841738,SPY
2020-08-27,0.15433089313025097,0.8521013819739391,1.2120805646522794,-0.6642419805494613,0.3677231629136494,0.3372769644639994,1.1738342742540264,1.373502648472508,-0.43832346057877214,0.6979624596788455,0.0064386216171232,-0.0084759570754453,-0.053918418194554,SPY
2020-08-28,0.5389643336974328,0.762923092969891,1.1717694507151417,-0.6727891052014511,0.38073948421997894,0.3487223633156874,1.2947074340982987,1.4376510542294538,-0.6627151769013854,1.413239156869041,-0.0036291611640502,-0.0231127747117971,-0.0438840359273875,SPY
2020-08-31,-0.37122704959075803,0.5219934889787292,1.2980982600108737,-0.6441274431105632,0.3915390469342495,0.3584837279396699,1.0153507896250962,1.7593186973536392,-0.19383537064552206,-1.4478676318917407,0.0093746459971368,-0.0471866858609324,-0.0457159450100244,SPY
2020-09-01,0.8043995491660931,0.1260107879743168,0.700344550936022,-0.6137248117438323,0.40476380999977774,0.36920600002271775,1.2694562784589143,1.7049094632205144,-0.47702516065368356,-0.7325909347015453,0.0143601824032577,-0.0370064443296609,-0.0475372736107182,SPY
2020-09-02,1.255123643691297,0.3260034910029964,0.9567427787993262,-0.5309446913210552,0.42415573236859094,0.3813791827826564,1.7181369900899874,2.007206780708369,-0.09194544624809912,-0.017314237511349907,-0.035020245928913,-0.0688827479540847,-0.0554978005189639,SPY
2020-09-03,-3.2091801010288887,1.5513807290901171,1.1478888838694317,0.19624566814268932,0.4308912897094688,0.38664043337192466,0.18847519360952833,0.24316072521351512,1.8698440720476044,0.6979624596788455,-0.0081981960192285,-0.0333535085879157,-0.0300172738373749,SPY
2020-09-04,-0.7842967636993495,-1.4726590225538037,-0.4740475208656986,0.2330392742544437,0.4338186239165939,0.3904460691028771,-0.1936713853655729,-0.08340845935738299,1.8467059853474388,1.413239156869041,-0.0277030723131854,-0.0120702368195626,-0.0042414551664045,SPY
2020-09-08,-2.547661222461792,-3.0092644769798937,-1.1121442449628245,0.5200607270267282,0.4246200188218889,0.389323416205818,-1.2896138547302194,-0.7804584181716815,1.3375150023702567,-0.7325909347015453,0.0195548875284083,0.0206725988886073,0.0091435587315489,SPY
2020-09-09,1.724757916341348,-2.5108417322979433,-2.1616540647966755,0.6177834509417247,0.42051807236423877,0.39264859820723774,-0.5504148250228535,-0.29356407879672924,0.6667537820856664,-0.017314237511349907,-0.017516121221166,-0.0028588084130634,0.0068455332684536,SPY
2020-09-10,-1.6266962684628916,-0.6203893798392793,-1.7178431946326225,0.6598436124656004,0.40755855338899166,0.39095987547871236,-1.2288488243071958,-0.6681527301970895,0.6922658925005574,0.6979624596788455,0.0005089934372559,0.005823265677594,0.0331851432477865,SPY
2020-09-11,0.0028883582095087686,0.07351353812779235,-3.1075007981101446,0.6595794910287855,0.39404012945402445,0.38964218721977567,-1.1926909880148964,-0.726918869169961,0.49207651985795786,1.413239156869041,0.0130850757491245,-0.0062652812785257,0.0415668272531846,SPY
2020-09-14,1.1398459192318695,-1.2238325829796495,-1.5585922981566112,0.7139998234683403,0.3825584079038451,0.3904127791789938,-0.6804744221979596,-0.6720842882047733,-0.14468710044602104,-1.4478676318917407,0.0050397633949845,-0.0305424858388798,0.0444409478040466,SPY
2020-09-15,0.412498683026721,0.8606242558879861,-0.6307412904535498,0.7184164103819765,0.37389981529480604,0.39148785712124173,-0.49105395836280097,-0.6436691535729409,-0.5547904607870554,-0.7325909347015453,-0.0039765197732624,-0.0254492605418725,0.0328538761593995,SPY
2020-09-16,-0.4026304697764948,1.1692459883284645,0.7966930550522523,0.7225442159837956,0.36084552167698813,0.39157345754257045,-0.6520893025327705,-0.9088651197955626,0.4768102797870988,-0.017314237511349907,-0.0088340471305086,-0.0449371536992444,0.030527220297758,SPY
2020-09-17,-0.8417817348315847,0.007064015408884378,-0.2291661368597543,0.7409198247701921,0.34013684070740646,0.390912253482088,-0.9971467414757051,-1.0846264250836049,0.7929232215964759,0.6979624596788455,-0.0115795535188638,-0.0334410568150849,0.038124535136542,SPY
2020-09-18,-1.0899929161570854,-0.9379761168151737,0.1493316468290952,0.7736015136741553,0.32742698343475074,0.3879122872231777,-1.4191756750073472,-1.3753050914885778,1.3604221591210799,1.413239156869041,-0.0111921288112295,-0.0058236712526671,0.0490996127367902,SPY
2020-09-21,-1.0549672666942165,-1.4558707502357746,-0.37767240578933176,0.7958562555690117,0.3138884179365357,0.38258390796497554,-1.7936850007652285,-1.4569216079397553,1.11247074998139,-1.4478676318917407,0.0101329886919918,0.0218414614428521,0.044971640011723,SPY
2020-09-22,0.8729585359300209,-1.6164958228680462,-1.4360448665982999,0.7962133220032351,0.31238420227502195,0.37720953749304276,-1.3311608322568906,-1.4534910095084037,-0.15646957448241514,-0.7325909347015453,-0.0234644129306342,0.0062474025041732,0.0388365815177085,SPY
2020-09-23,-2.1644595453352125,-0.137506058364374,-1.2140040884828858,0.916014802501205,0.2973607819977955,0.3676058256692147,-2.132152569295454,-2.008054647780871,0.9506795650039208,-0.017314237511349907,0.0026620497536509,0.0372651328312505,0.060406149739963,SPY
2020-09-24,0.19753829747732235,-0.9734552725750326,-2.0635849941293434,0.8761590183053648,0.28874462719411303,0.3567717038324867,-1.8988519289101427,-1.5961263013759805,0.36286330891122587,0.6979624596788455,0.0160378320435539,0.0410027385726117,0.063214225453489,SPY
2020-09-25,1.406793805827648,-1.4823520251401765,-1.5624089909886947,0.9713823277152458,0.28494190005281295,0.3480739703092848,-1.1630127582257022,-1.1127798106491384,0.14554400152771582,1.413239156869041,0.0164730038842897,0.0154251872817336,0.0505659534381566,SPY
2020-09-28,1.4461360987928944,1.2084160767419878,-0.35842027613725697,1.047556527351988,0.2821641442766329,0.34091364167877314,-0.41473279161728177,-0.3053623453720212,-0.10353206252685615,-1.4478676318917407,-0.005461070246687,0.0165298060491858,0.0154402647297171,SPY
2020-09-29,-0.5368432431682932,2.1491746299726553,0.8476499901807621,1.0498268336223897,0.27603526955713525,0.333488185383153,-0.5415602538214183,-0.8249235145775964,-0.6109412309864426,-0.7325909347015453,0.007553317396443,0.0076728178806408,0.017447749822713,SPY
2020-09-30,0.6397398982260853,0.6847373417663318,0.16782202679645772,1.0392385410039005,0.27358215206239767,0.3257012127450271,-0.13742906530232024,-0.27975953941211057,1.3980099775773787,-0.017314237511349907,0.006399655495012,0.0173763625495109,-0.0248822496616041,SPY
2020-10-01,0.5354415492515773,0.07715648412216329,1.5200498540722573,0.982952914211157,0.27599704742780795,0.3165150754256845,0.24166423689537792,-0.15679492738169615,0.7872806799133185,0.6979624596788455,-0.0095397192473241,0.0198001958126656,-0.0211694958358794,SPY
2020-10-02,-0.9055789674609269,0.8850716421540854,1.6829919661339634,0.6811751713283314,0.27903117876099437,0.3116564557245758,-0.0859247139222607,-0.6587693873584257,0.8088113540351538,1.413239156869041,0.0175776226517418,0.0382305925026438,-0.0221097085714623,SPY
2020-10-05,1.5460006375703332,-0.27925200060102595,0.5679304756771146,0.7693042037158817,0.2911961833273579,0.31096672864405317,0.6450920690654145,-0.3809138707083172,-0.8349777289500573,-1.4478676318917407,-0.014318058415232,0.0366121661508884,-0.0285408975580976,SPY
2020-10-06,-1.3375711182243677,0.48215580011683523,0.6160866824701055,0.5912985402900643,0.29559990973420724,0.3124227041562778,0.03717203976962596,-0.5850886728455977,0.8547438063945136,-0.7325909347015453,0.017256862065313,0.0443829163164579,0.0032786767016883,SPY
2020-10-07,1.5170018472495974,0.1566704353892828,0.22996346387651634,0.5639604538533619,0.31283443647489134,0.31353300073679397,0.7335587477141706,-0.09755139341391202,-0.38615591358546986,-0.017314237511349907,0.0088234887581668,0.0208228786162409,0.0081251237445609,SPY
2020-10-08,0.7545714409667885,0.1348212378343691,0.6529925825804532,0.4680377037112108,0.33212337143968373,0.31889228646695755,1.031229570609162,0.2881357013237642,-0.8092855506993253,0.6979624596788455,0.008890677442654,0.0107626575663495,0.0186164587896486,SPY
2020-10-09,0.7606457239548042,1.7111503047790748,0.7586603652503313,0.48452685009699786,0.3493578669531381,0.32563698498797183,1.3157110651500503,0.6742460960830209,-0.26548077734989856,1.413239156869041,0.0159591962999865,0.0012675042050798,0.0094976840854466,SPY
2020-10-12,1.399684636135653,1.1412722451442918,1.5621393757749753,0.5089805553475966,0.36670634185551815,0.33295360220602427,1.8954901151029844,0.7514549642674272,0.5224612370807982,-1.4478676318917407,-0.0065473082496625,-0.0300117936312034,0.0060259145421319,SPY
2020-10-13,-0.6350460443210254,1.6273340942982983,1.491583563787351,0.5301409682059998,0.3835983995665198,0.33835828328693845,1.5453678145303966,1.1928907285779307,0.23888320268233507,-0.7325909347015453,-0.0063031756349039,-0.0194665551835635,0.0111052919826937,SPY
2020-10-14,-0.6129749083854729,0.5757472924509117,1.830351890866337,0.5406939702524,0.39600113703367396,0.343354437572307,1.213833297917777,0.9746487827828073,-0.35663359447354964,-0.017314237511349907,-0.0012367322917246,-0.0150582242570393,0.0248096090825313,SPY
2020-10-15,-0.15493631387954826,-0.9406951354106456,0.8032445476159809,0.5058855269937899,0.4059498826436553,0.34956278100785576,1.0809590241540104,0.7549810747263256,-0.25763609198311194,0.6979624596788455,-0.0006044759186156,-0.0083513664981378,0.0162981170585236,SPY
2020-10-16,-0.09777632986509543,-0.5789554823965244,0.364666008543011,0.44273012918826893,0.41874249207539366,0.3575101035101529,0.9525501450006609,0.49583266069392506,0.8466064277707274,1.413239156869041,-0.0153201015362967,-0.0043573305513007,0.0306522570373752,SPY
2020-10-19,-1.428162168339376,-0.1907780654215375,-0.04927822477027376,0.48775573586581955,0.42088249413650014,0.36469329446238924,0.22639260187402852,0.19775050645054368,0.04633390459993091,-1.4478676318917407,0.0039979301979773,-0.0076899138391537,0.0583776680181431,SPY
2020-10-20,0.31831035781644845,-1.150092675390785,-1.4129091708729424,0.4665758939699067,0.42891960241721344,0.3709404003528793,0.3113274095067024,0.135991117670623,-0.28203788676210495,-0.7325909347015453,-0.0018948447083797,-0.0151414291908222,0.0489865622189213,SPY
2020-10-21,-0.21443384813252958,-0.8365913141763051,-0.9531861439527789,0.22296564499588442,0.43079336111668287,0.38053553488590997,0.11233057155316918,-0.04050814630714568,-0.15110795042662398,-0.017314237511349907,0.0054701254671769,-0.0480232665703166,0.038774040202024,SPY
2020-10-22,0.4514061424264279,0.07789475758338535,-0.7610035539364247,0.22515098715337964,0.43158275425987097,0.39061777172488693,0.20951071713902186,0.3387485322235302,-0.4709930644069945,0.6979624596788455,0.0033895600282214,-0.0433809827167568,0.037504928515105,SPY
2020-10-23,0.2633098380002217,0.17817604723395658,-0.4686159549878921,0.15442062905015064,0.43056499638484447,0.39876092929990364,0.24621503805299805,0.050290734285279866,-0.7003126592246917,1.413239156869041,-0.0186526848241497,-0.0572504747278852,0.0272442042577871,SPY
2020-10-26,-1.7294488228713183,0.5381329993507903,-0.29449468649075,0.23259724708116453,0.4181624150538395,0.40124448620258996,-0.5429554629422623,-0.0908860483881863,0.9145591121406467,-1.4478676318917407,-0.0034535851536912,-0.0274513562386289,0.05187349310249,SPY
2020-10-27,-0.3553538652745729,-1.105036610428843,-0.4397797157636745,0.22416397380890446,0.40683445638340415,0.40403847203750665,-0.7160031620452486,-0.6640413266005288,-0.06680180799192477,-0.7325909347015453,-0.0347766820878741,-0.0064962552403837,0.0713121465860355,SPY
2020-10-28,-3.1871603858430646,-1.571170036113158,-0.7646308995107608,0.6293405143776903,0.3866039267571706,0.4001077834836749,-2.0395689515279005,-1.6558824683679827,2.138997965585879,-0.017314237511349907,0.0101124093207367,0.050383735955676,0.1045459331488372,SPY
2020-10-29,0.8710980303155268,-2.6694857784314623,-2.198125067125428,0.6517318564740573,0.3699402337780074,0.3967359046413102,-1.605164544049504,-1.6312235814765483,0.7659783098819557,0.6979624596788455,-0.0104799319829069,0.0595861504381938,0.0972148200082134,SPY
2020-10-30,-0.9905801587843597,-1.7454131029176372,-1.9957432247822844,0.6570782414660304,0.35020428101801904,0.39324933785580607,-1.9723511670134626,-2.3632423745598805,1.7797574057544758,1.413239156869041,0.0111464336651065,0.0698379851595527,0.1032576427577938,SPY
2020-11-02,0.9645803857469101,-0.09039526267674065,-2.6003881439901564,0.592156191333683,0.33897150294414385,0.38868344368416596,-1.482079689017339,-1.8731451625348652,0.521816121355783,-1.4478676318917407,0.0175015158445539,0.071178978251118,0.1029891572315886,SPY
2020-11-03,1.5391200997580219,-0.019960791820263415,-1.3012860876967283,0.638059597082021,0.3319805693176143,0.38920877530449227,-0.7943055950756807,-1.2283231484129291,0.7579607467436188,-0.7325909347015453,0.0221033091081856,0.0522095315974633,0.0875892399985565,SPY
2020-11-04,1.9551513816469865,1.8860470137565957,-0.38774178918092944,0.6975549143972333,0.33275094507782876,0.3905365148310738,0.08319449784186451,-0.6669411712867004,1.8815127138878467,-0.017314237511349907,0.0193148238032545,0.0375073639542113,0.0652131535683899,SPY
2020-11-05,1.7030546338188395,2.6323947455829235,2.091959533238874,0.7836257811293573,0.33810575922399083,0.3936217992604266,0.8411555837131875,-0.28776825978001996,0.28712873553320134,0.6979624596788455,-0.000228097261548,0.0084443158352245,0.0544789297623031,SPY
2020-11-06,-0.06374931339458481,2.7559115537377217,2.493141721947358,0.7636666743697074,0.34227172150281865,0.3952026551088787,0.8114950156887131,0.018740734559713826,0.018047281824515767,1.413239156869041,0.0124874267566719,0.0224220771570085,0.0526501429483552,SPY
2020-11-09,1.0858146618056117,1.2347667183211206,2.940073720023053,0.7343717264657201,0.356700325506005,0.3962200127450431,1.3212774445365059,0.1560095864286524,3.1108195330957216,-1.4478676318917407,-0.0014679308091007,0.0223399598448077,0.0430844719583713,SPY
2020-11-10,-0.17583812542222887,0.7697060058519097,2.998534740719214,0.7204954505060159,0.3717471662056133,0.39808743164529703,1.2354466371293895,0.16428434265136874,0.27164001807214266,-0.7325909347015453,0.0074011414649337,0.0184147150526641,0.035543231690168,SPY
2020-11-11,0.6259822293714663,0.6852524624247421,2.1715556754359198,0.7175395850531998,0.4002905405520694,0.4022616870327069,1.493691352481653,0.19603622911565918,-0.6374773435052132,-0.017314237511349907,-0.0097482243157323,-0.0010937931375467,0.027814837851479,SPY
2020-11-12,-0.9244291473626967,0.33879078084121683,1.5306099969855487,0.751607329478712,0.42238517966375094,0.4049888107689708,1.0484925218941124,-0.06257733119318463,-0.3390887217211701,0.6979624596788455,0.0137496640602359,0.0128554449584434,0.0363899458846805,SPY
2020-11-13,1.1999289153945207,-0.22523664738278412,0.2635971627923822,0.7983278637965375,0.4524028852127606,0.4101517439664575,1.561101472174132,0.5331009434182006,-0.5130027791506435,1.413239156869041,0.0124053094444711,-0.0077653833308888,0.0181531724901349,SPY
2020-11-16,1.0783907362394263,0.20720465069227956,0.8729621170629315,0.7365577260144733,0.48319090406752524,0.41997131499527157,1.9618533700138845,0.7593357859643748,-0.12995617874997184,-1.4478676318917407,-0.0053931756012444,-0.0141940887548068,0.0191765975106843,SPY
2020-11-17,-0.5307051368348092,1.7162333660191134,0.8693821866976822,0.7559509525773306,0.5065791311754323,0.42820513782695124,1.6256240684192578,1.5361657048336852,-0.43160951046547136,-0.7325909347015453,-0.0121073667252771,0.0071841551762918,0.026137687714808,SPY
2020-11-18,-1.1377105758349897,0.4122836190056619,0.698259890487232,0.8123352206361686,0.5186965766707455,0.4346766958938297,1.0329179544982345,1.0616754139300355,-0.3020199026450006,-0.017314237511349907,0.0042010137802579,0.0177486263764965,0.0438217926253878,SPY
2020-11-19,0.33667040100537754,-1.2574424224490537,-0.15221973407808323,0.8101299454176484,0.5258681285946848,0.4409667509607303,1.1292054506998832,1.4101640615889677,-0.6851552182560542,0.6979624596788455,-0.0068711642290963,0.0163289087763516,0.035619684526833,SPY
2020-11-20,-0.6643246777911693,-0.6039165590954144,0.4559017410843731,0.8305023492321424,0.5307854492507534,0.4455278782285255,0.7847674660283028,1.0839620896149817,-0.3243296881402577,1.413239156869041,0.0059766040205531,0.0187629637721213,0.0389088926534428,SPY
2020-11-23,0.49719501422899937,-0.2472429912785672,-0.4430698322795652,0.7066722363474538,0.5335437192355111,0.45415818515130285,0.9254157138835094,0.9619018362998125,-0.5934664972780751,-1.4478676318917407,0.0159850683298543,0.0236643078904696,0.0312457679737887,SPY
2020-11-24,1.402023631639001,-0.1262953949148289,-0.7233312916421177,0.7448434623724868,0.5422751025173129,0.4660983070828458,1.4460058188921097,0.8972144509309276,-0.6194570160935257,-0.7325909347015453,-0.0015428955250724,0.0097808381721371,0.0161586160640352,SPY
2020-11-25,-0.18261541094885755,1.4305989420782008,0.20866005772768778,0.22640160212776442,0.5479723856931574,0.4832920901909577,1.164520490367446,0.536547270690162,-1.2153015574110884,-0.017314237511349907,0.002781296180113,0.0110509563752287,0.0215848171842045,SPY
2020-11-27,0.20831893033490395,0.9183943943947017,0.6692215426181474,0.21818912663827728,0.5579212874392886,0.4993826016294815,1.0803802501273312,0.5975312935660915,-1.7327404010517529,1.413239156869041,-0.0044371092333266,0.0168502601922835,0.0273572229611875,SPY
2020-11-30,-0.44427067665180986,0.018995159028226214,0.6073285019106119,0.15675799738763696,0.5616877285395119,0.5163471499767563,0.6860059050811125,0.17943814619527287,0.21996889842356374,-1.4478676318917407,0.0108779481389014,0.0192304853501141,0.0298849194857755,SPY
2020-12-01,0.9403075922430164,-0.17814953316050644,0.7134419042676569,0.15545170949704312,0.5649690546241315,0.5334549092872114,0.9288979568551121,0.46545852952590056,-0.09869435607657844,-0.7325909347015453,0.0021015986115218,0.0112742929779008,0.0204326054347268,SPY
2020-12-02,0.14686996151820286,0.3733688131255094,0.9271175613191781,0.08965419452944542,0.5708376191556621,0.5481460678772616,0.8369072121972618,0.36159173004770484,-1.1519912192075834,-0.017314237511349907,-0.0002727773219808,0.0001635232890748,0.0233991344620463,SPY
2020-12-03,-0.0677886740854787,0.8187649294207107,0.32186327951631316,-0.05444570259310545,0.5807387744673645,0.55920260341176,0.691296871032218,0.7283792275741567,-0.4770855777181151,0.6979624596788455,0.0085805999971677,0.0001090482373005,0.0099645500459972,SPY
2020-12-04,0.7326127572959079,0.05921274694113588,0.3772344868883334,-0.1713675953558469,0.5922188722015918,0.5685684404615348,0.9348481820092702,0.6306729941521394,-0.9165899713890103,1.413239156869041,-0.0020568840754959,-0.009644668042398,0.0082473828469034,SPY
2020-12-07,-0.22908323409052175,0.5005418479058569,0.6300569828464762,-0.16413027619964687,0.6053063603647318,0.5776094694645227,0.7398315315958914,0.22776987865122217,-0.9550235815526831,-1.4478676318917407,0.002921755766688,-0.0120748933012118,0.0162650904759535,SPY
2020-12-08,0.22101736733732466,0.37901413357346614,0.7338236562832733,-0.21769903335061097,0.6173951080358209,0.5850648286734011,0.7714598105493878,0.5668188976391215,-1.1720536258716172,-0.7325909347015453,-0.0090091710773041,-0.0015679146028793,0.0280914707512991,SPY
2020-12-09,-0.8576140497359896,-0.006448453650227581,0.3869709171750722,-0.1604957440208985,0.6208477154761265,0.5911829615898244,0.32574660834941627,0.7145549224208616,0.008359614472677352,-0.017314237511349907,-0.0003272523737551,0.0090091710773041,0.0427822268458877,SPY
2020-12-10,-0.07271356408428409,-0.4800162752213468,-0.09740662422638098,-0.17613612074933133,0.6247187677963222,0.5959876556911984,0.25527967068272317,0.5880616789598541,-0.5957943406700372,0.6979624596788455,-0.0011731162825308,0.014913161636362,0.0363459851137655,SPY
2020-12-11,-0.14918502338531392,-0.7013284429923887,-0.09978148144916088,-0.24090573225196926,0.6272201625883962,0.6022395128049277,0.1332842189084048,0.9225600001530152,-0.5763348020098947,1.413239156869041,-0.0044871093343097,0.0120851836005959,0.0377299838737759,SPY
2020-12-14,-0.448791002732291,-0.16756115204083408,-0.5249978474979555,-0.30809371376108885,0.6296931406013134,0.6053726073981629,-0.08673641864786245,0.47264418886265674,-0.1188578485630957,-1.4478676318917407,0.0134287344650205,0.0129903368324191,0.0449064085048833,SPY
2020-12-15,1.1709148456081264,-0.4509174631863595,-0.6309442912533133,-0.2939550351767245,0.6330886958926971,0.6087253715833378,0.42393115370568013,0.39609161965978346,-0.30509027372010494,-0.7325909347015453,0.0015679146028793,-0.0021249182917024,0.0279696995549834,SPY
2020-12-16,0.09862154410364984,0.5437144683817985,-0.17288921028317636,-0.31850289257356906,0.6363034455232927,0.6132865145317387,0.4345394289642899,0.544713909148694,-0.51235181064035,-0.017314237511349907,0.0055767381853026,-0.0027949164744809,0.0190826376676209,SPY
2020-12-17,0.46104460796507707,0.9561635653120416,0.2882222068774378,-0.42736303403849535,0.6415822838192476,0.6209090760290633,0.5745805957328769,0.6350658909939203,-0.274284954797386,0.6979624596788455,-0.0040010943182968,-0.0044883490646867,0.0213268906931674,SPY
2020-12-18,-0.40485216442612165,0.42131039078062127,0.545608554677437,-0.40757590291581397,0.6424418445478928,0.6271053767601641,0.3363179646590998,0.656089692726966,2.369572755261276,1.413239156869041,-0.0035819561024865,0.0080664472107061,0.0390718358320203,SPY
2020-12-21,-0.36695941279159966,0.041967100950146455,0.42232195199685946,-0.4375472871554552,0.642763360106351,0.6338386441203161,0.1104305214589734,0.04217193199295135,0.8709387541113124,-1.4478676318917407,-0.001686520659101,0.009738990604454,0.0435649383718788,SPY
2020-12-22,-0.19560003350755037,-0.5818942127695322,0.4617823952695728,-0.44146264247793504,0.6414655876613264,0.6392572809394576,-0.02159524325352608,-0.1525431520997709,-0.8806866445558796,-0.7325909347015453,0.0008979164201008,0.0128511453514077,0.0417058010867785,SPY
2020-12-23,0.03804946124901145,-0.4242327690796724,-0.1971719634046823,-0.5962564717187934,0.643640626674316,0.6420831768050399,-0.017811947606815152,-0.09489471126544184,-0.9378531429394472,-0.017314237511349907,0.0038833055950968,0.0170213565701482,0.0447439135954415,SPY
2020-12-24,0.3079475671084727,-0.11907800908683697,-0.22638074745895626,-0.594367646519285,0.6472958988363001,0.6458624848006177,0.09685312799462441,-0.3286722925240907,-1.5822705192218354,0.6979624596788455,0.008553701957096,-0.0005693107629785,0.0392986348065944,SPY
2020-12-28,0.7301810039662291,0.2603209548863313,-0.30020648028806074,-0.5558442955773156,0.6543879150058302,0.6506797704276059,0.3917381185169529,0.19699366417533606,-1.0956976606666402,-1.4478676318917407,-0.0019094127087386,-0.0022595799220006,0.0060008492206593,SPY
2020-12-29,-0.21575088771181067,0.7818088736427994,0.24712385982210786,-0.5731194649109165,0.6623616007827334,0.6559255128987763,0.25197024503865567,-0.040931429982552156,-0.5568536084218741,-0.7325909347015453,0.0014256340878526,0.0056106563402922,0.0164735276864052,SPY
2020-12-30,0.08575848362629471,0.3872272075796505,0.3200389214821118,-0.6453069198075413,0.6661524615766934,0.6595341375116529,0.26849572301137226,0.6267747428258016,-0.7099732097288023,-0.017314237511349907,0.0050681276388413,0.0189331582944731,-0.0051746849710809,SPY
2020-12-31,0.41506299047286704,-0.09831425121955231,0.45571429834698657,-0.6333714785134773,0.6711970956488297,0.6636815477037313,0.42871607482416463,0.8302736271997492,0.3278835095036421,0.6979624596788455,-0.0137073617380298,0.0195466156729162,0.0062656666901297,SPY
2021-01-04,-1.2823602673872199,0.3769737484658294,0.6375159839034547,-0.4787661703181422,0.6694109605562987,0.6654353919837827,-0.15278079312541487,0.04385046141278975,1.3993971124665254,-1.4478676318917407,0.0068634327980738,0.0264904833050687,0.0340142756524697,SPY
2021-01-05,0.5773699573416738,-0.6538381074377473,-0.12935475800381233,-0.495848927492606,0.6714646193268907,0.6668982512814922,0.11024318521995125,0.5087083158157664,-0.14489614553763944,-0.7325909347015453,0.0059608235535542,0.0198379329844744,0.0279370191094487,SPY
2021-01-06,0.4957683599796128,-0.5315475930944779,-0.20304258004346942,-0.4811323554455287,0.676899687453748,0.6697888923640867,0.3212273728274483,0.27010675081994767,1.273196102220165,-0.017314237511349907,0.0147481360420336,0.0165664247277179,0.0332775891425987,SPY
2021-01-07,1.290197111882271,0.8081870381671953,0.14006287509091334,-0.36371437181090643,0.6882281145326304,0.6748257378187809,0.8729053247386309,0.6765189593307077,-0.08262285912785185,0.6979624596788455,0.0056815850172844,-0.001689685799195,0.022457446163945,SPY
2021-01-08,0.4705234262023311,1.3452681077498718,0.7208615886464688,-0.42695555091250553,0.7013046419380965,0.6824842392621924,1.0199827584625731,0.6831770436061921,0.019444768523761428,1.413239156869041,-0.0067634941058773,-0.0146904181009626,0.0239718162637885,SPY
2021-01-11,-0.6545906161291745,1.3262472610435134,0.7476054583374844,-0.38203117177414553,0.7105603304089539,0.6889674166571901,0.6623792255316986,0.5313640576366163,-0.6921514878203002,-1.4478676318917407,0.0002108824774795,-0.000105932784236,0.0300692858076558,SPY
2021-01-12,-0.024062762285427784,-0.13905700860768314,1.050325578156164,-0.3860352535324731,0.716864514796788,0.6956942549693946,0.5928628305810514,0.7220100485397893,-0.6333455027229523,-0.7325909347015453,0.0026893152967977,0.0134270355588403,0.0294228566116192,SPY
2021-01-13,0.20000327541459934,-0.5117039783839956,0.7603055292679577,-0.41279544335145435,0.7248211192789665,0.7036935743570416,0.6114061742174011,0.8782917673455484,-0.85481513433577,-0.017314237511349907,-0.0035079744848793,0.0116488666994145,0.0283472469215269,SPY
2021-01-14,-0.3602710055890014,0.1321915275678843,0.6176830854172917,-0.4827814622099854,0.7310011754281767,0.7087004228148494,0.40862897343830495,0.6663079871437365,-0.679445862997571,0.6979624596788455,-0.0073191472844831,0.0116111832400926,0.0367828582144795,SPY
2021-01-15,-0.7048251857714039,-0.12112525724564505,-0.17819786434917065,-0.43485819424546,0.732739657767968,0.7121065324173829,0.0691888984026951,0.21238609663937516,1.2351607838055776,1.413239156869041,0.0078209912108491,0.0228663594533395,0.0432355282335512,SPY
2021-01-19,0.6639393078378925,-0.8028701018788805,-0.7449689274809845,-0.4183867257858035,0.7421576341523166,0.7159388251764099,0.34606632861031406,0.1954094621995316,-0.6447356753898702,-0.7325909347015453,0.013743850820556,0.0134833950487402,0.0356441824673119,SPY
2021-01-20,1.1994033616772188,-0.031176757834709613,-0.10915364751651689,-0.3445896955992622,0.7541547611310471,0.7229943603253788,0.8335695151511525,0.6245697647482054,-0.2920909225498843,-0.017314237511349907,0.0009111464373718,-0.0250045394006548,0.017635130675802,SPY
2021-01-21,0.03924553867564566,1.4035681147181653,0.480820415259293,-0.36303290743613553,0.7643655968810967,0.7308508764455705,0.7805742470456808,0.6144443617540069,-0.7627111650527817,0.6979624596788455,-0.0035456579442012,-0.0173524200810195,0.0149561026358746,SPY
2021-01-22,-0.36367782918787994,0.9328913236249324,0.40330057780001216,-0.3523436333790656,0.7679761516499459,0.7383524150354364,0.547231582025601,0.3465756345113853,-0.5725903558780937,1.413239156869041,0.0039360289287637,-0.0340293407064518,0.0107806845912419,SPY
2021-01-25,0.3127140906861941,-0.24481537916675997,0.4016577553953501,-0.35140762015029153,0.7709658154078372,0.7464199764149553,0.6176759450615692,1.076836184312416,0.016659721149836094,-1.4478676318917407,-0.0015619731937501,-0.0214568903351635,0.0080582585967743,SPY
2021-01-26,-0.18434015313103305,-0.03876994237962725,0.8923307451968966,-0.345257730656696,0.775837200808807,0.7535138192813274,0.4720462718307188,0.8508091613456643,-0.898702327687549,-0.7325909347015453,-0.024744083628839,-0.0058536699171032,0.0205792816720506,SPY
2021-01-27,-2.280149888310276,0.09635239444430253,0.483277425162019,-0.022982361645606686,0.7716726749825519,0.754588238638176,-0.5486631894300825,-0.3673723971944877,1.8338830419012995,-0.017314237511349907,0.0085632657570071,0.0196765899667887,0.0209328115596276,SPY
2021-01-28,0.7310456321033054,-1.8572462447928733,-1.1946163287663905,0.0037868518563382077,0.7696094919068579,0.7575475921307838,-0.23560782269439728,-0.5700076588781,0.8836278056524316,0.6979624596788455,-0.0202225785696334,0.0224147177964857,0.0072034944840577,SPY
2021-01-29,-1.8713771690499146,-1.1675469628802875,-0.8610197511788705,0.18474644699738688,0.7615955230034578,0.7566267015750404,-1.0376399652070765,-1.3007580439060775,1.9188888141049225,1.413239156869041,0.016508479300052,0.0465652894294992,0.0513769852541035,SPY
2021-02-01,1.4493433012571542,-0.8595563260504294,-1.5880554144973154,0.2824079367701846,0.762101685171975,0.7577538391250576,-0.38829646856341693,-0.6129120826519264,0.22904343254599485,-1.4478676318917407,0.0140412472243101,0.037252765246575,0.0270347932322492,SPY
2021-02-02,1.226289881778155,-0.31835348610457676,-1.039955438456872,0.26433566749734366,0.7648717590496134,0.7638740105200983,0.11412794560461048,-0.26380763728567064,-0.12316429458661933,-0.7325909347015453,0.0007861762550529,0.0225454934602549,-0.0003408198468468,SPY
2021-02-03,0.02794744200561006,2.015590054446954,-0.35972807746262325,0.2535228659215606,0.7629232735891311,0.7689198880031286,0.08951297485322966,-0.3072566768981956,-0.5252253401400876,-0.017314237511349907,0.0113013935867041,0.0213237704866449,-0.0135790047906407,SPY
2021-02-04,0.9785897449532786,0.9446364529680571,0.7532717290527047,0.28300920245385036,0.7647859466220065,0.7749825429399471,0.48546664739407297,0.026455057419345798,-0.690097493992156,0.6979624596788455,0.0039279930633799,0.0116360825066461,-0.0066508725746823,SPY
2021-02-05,0.3119875975159922,0.7580062810192649,0.872641283398284,0.21543287068125397,0.7693994575589373,0.7791122183680533,0.6010439572477883,0.3022275944448518,-0.6615951279112104,1.413239156869041,0.0071959551171278,0.0126357262513394,-0.0155702811919953,SPY
2021-02-08,0.6074320828495786,0.9720169139675395,1.925493141429625,0.22182930580227767,0.7752451637582235,0.783548857314741,0.8494036843629879,0.2951862729581084,-1.0408710670744181,-1.4478676318917407,-0.00066602456201,0.0045732938688001,-0.0085894999865132,SPY
2021-02-09,-0.1033407173859922,0.6923674184668629,1.5195106852814382,0.19697537412194657,0.7814155706934117,0.7890934407512324,0.7585835252187936,-0.0014518906429417811,-1.1236644210716888,-0.7325909347015453,-0.000435546718557,0.0054689638754199,-0.0017182347305135,SPY
2021-02-10,-0.08250405933432577,0.3794374547657827,0.8783424900892456,0.19781336131520572,0.796383281592599,0.7945182086868313,0.678972397658503,-0.03560124326048804,-0.18131640589124481,-0.017314237511349907,0.0016137056067053,0.0016393096230231,0.0088055297898783,SPY
2021-02-11,0.10276134111958071,-0.14039633499309648,0.8250810881518058,0.19719690946729138,0.808877108889204,0.7997559070077649,0.6866504132721145,0.1109134634114536,-0.8066836640168066,0.6979624596788455,0.0049276368080732,-0.0017422775862376,0.008537559402491,SPY
2021-02-12,0.40236172879733256,0.014891680229477648,0.40274324684676716,0.19090590495703225,0.8304356076917196,0.8065572281925308,0.8144493495116143,0.13491023098295885,-0.48792167299879696,1.413239156869041,-0.0008664772654114,-0.0143909903831449,0.0095559218725984,SPY
2021-02-16,-0.12146291244704942,0.38021479458478546,0.44632303410658614,0.1586072632729113,0.8457853525208002,0.814519196379664,0.6885296153136007,0.1564941491362953,-0.461962232788142,-0.7325909347015453,0.0002296454446097,-0.0123109101834373,0.0091602065277252,SPY
2021-02-17,-0.02236647111804553,0.2112725746302716,0.09483872792955034,0.14562496220891616,0.8561395837102864,0.821109503666312,0.6239435370433354,1.1567859770260436,-0.39780797464040585,-0.017314237511349907,-0.0042652009709538,-0.0015815057465209,0.012334708209722,SPY
2021-02-18,-0.42872908000350285,-0.10873975155486898,0.1338857469807897,0.09347773225638589,0.8646119683477744,0.824385448568818,0.4110404938058462,0.777172718693111,-0.10641765278190822,0.6979624596788455,-0.0017678816025554,-0.0217068585168291,0.0019432379687023,SPY
2021-02-19,-0.20295557854442509,-0.34025007052433415,-0.03306924922070094,0.09635223933321893,0.8682797314016955,0.8271625307118143,0.30733413387317216,1.9014068351679583,0.8041612301403327,1.413239156869041,-0.0077210759888339,-0.0251050282328364,0.0018589964606778,SPY
2021-02-22,-0.7411620884785606,-0.4763153008592521,-0.180490620046485,0.11879237162296817,0.8676302674754309,0.8291530580399589,-0.030812921986543486,1.0008610040228625,0.1837271318148321,-1.4478676318917407,0.0012136029342961,0.0065669599564097,0.0175336392060927,SPY
2021-02-23,0.06658952327519654,-0.7117185866289452,-0.731915280807897,0.11391526068662534,0.8647552076510623,0.8306447539698035,0.002239195556844525,0.5654943604624876,1.663252281666671,-0.7325909347015453,0.0109590498815261,-0.0024803556996886,0.0084179218967381,SPY
2021-02-24,0.9476397038818073,-0.5086292813690209,-0.6412335223636113,0.15588967116137484,0.8662071177025893,0.8344722641443818,0.40924560030134755,0.935997457360302,0.32540944206550837,-0.017314237511349907,-0.024390553741262,-0.0267737714360007,-0.0076378771918426,SPY
2021-02-25,-2.248188545440508,0.7638018643532697,-0.17348172051660984,0.1483504408743129,0.8588045155050448,0.8382710474510587,-0.6249845870245342,-0.8741465486929669,2.869714349627583,0.6979624596788455,-0.0051660513185627,-0.0148352263834796,0.022362716995361,SPY
2021-02-26,-0.5101716619351551,-0.9802723801157003,-1.0508528809072852,0.13690413006948227,0.8489184117181279,0.8395805033925023,-0.8461216089770397,-1.254042200256532,2.8057148319650427,1.413239156869041,0.0239509122004122,0.0085603507377456,0.0435155290526569,SPY
2021-03-01,2.1221864131760704,-2.078663319090753,-1.1989971713932859,0.15167847454281738,0.8459955117776402,0.8489382806114348,0.019422175914274212,-0.5228370567560168,1.2226481292505196,-1.4478676318917407,-0.0078337127218022,-0.0203819770165996,0.0190591389584851,SPY
2021-03-02,-0.7513451631453275,1.2142045834569415,0.1817532356492968,0.10273932732681872,0.8404937422878395,0.8538833945283429,-0.35291562366676776,-0.747978813381035,0.3757138074529304,-0.7325909347015453,-0.0133343658547859,0.0016284720278125,0.0242363992426861,SPY
2021-03-03,-1.2486390751138405,1.0324919183881804,-0.21266737034985608,0.11010258797370664,0.8300153204052693,0.8538210327632533,-0.8880374685600122,-1.0748833850540371,1.6090045492541485,-0.017314237511349907,-0.0124520086887409,0.0211680785765882,0.0416158657623642,SPY
2021-03-04,-1.168868394024201,-1.5072634025129552,-1.2717465625351085,0.1710085556212988,0.8166236477962329,0.8513508357358142,-1.3557987408355403,-1.3761406171320154,3.1767412470782164,0.6979624596788455,0.0182295258026625,0.043708305067164,0.064809138418278,SPY
2021-03-05,1.604936814840269,-1.8218471301215937,-0.7512818906531664,0.25593511979945766,0.810510636509495,0.8501229659808842,-0.6168457067566374,-0.9826102947763332,2.145609282120394,1.413239156869041,-0.004991415553933,0.0268245144838195,0.0608306991434774,SPY
2021-03-08,-0.49438348179313457,0.32818542875255136,0.2686557413044049,0.255768756630729,0.805438553702327,0.8472499185368189,-0.7860174543804909,-1.0582459149425285,1.3145244098418274,-1.4478676318917407,0.0141767363226099,0.0377619293159332,0.065231186522344,SPY
2021-03-09,1.2385389551324761,0.8363774578734167,-0.9930942501641037,0.3164331646705847,0.8051233772715269,0.845647956594374,-0.19716966287331708,-0.7163040992767241,1.03137496082593,-0.7325909347015453,0.0062052406939896,0.0223230003830385,0.0522112735731115,SPY
2021-03-10,0.5178652188399618,0.5603142451700666,-0.033541717633766316,0.3321054604766716,0.8030315275988374,0.845326613961237,0.05911475407104104,-0.49888301011265124,0.9042947465957806,-0.017314237511349907,0.0100882178018348,0.0195219068156555,0.050741639518117,SPY
2021-03-11,0.868910963656288,1.322995087723098,0.8182936497725184,0.36844440663348216,0.8137295393616598,0.8469813881804792,0.45504249801613467,-0.26525286958971245,0.268794856868575,0.6979624596788455,0.001345735219318,-0.0052229821981528,0.0478969218276557,SPY
2021-03-12,0.07853511943029116,1.0444981256682926,1.8009419987088773,0.36823822932854683,0.8268154973905382,0.8485881797491871,0.49274610889727777,-0.07541287335555352,-0.29910099562227593,1.413239156869041,0.0059459992781807,-0.0084208405280508,0.0469160251697395,SPY
2021-03-15,0.49442815151447955,0.7134839686067843,1.0648877737237183,0.3719679099229337,0.8333394590220033,0.8503964357277201,0.7188238525123919,0.007717569829343448,-0.07189408315213956,-1.4478676318917407,-0.0012621926102847,-0.0064132730496506,0.0439290205718911,SPY
2021-03-16,-0.15723808807083398,0.4313291320460494,1.5417078549639058,0.37241291905565915,0.8422894953671621,0.8521279665072123,0.6471529234892749,-0.2178895590537157,-0.07104886097862553,-0.7325909347015453,0.0034041471266066,-0.0130531948144243,0.0417703681221484,SPY
2021-03-17,0.26462860416214307,0.2536853292573458,0.8686428335632618,0.37539131564207673,0.8574196503159905,0.8544638121131559,0.7624037070653855,0.4891755664618703,0.5548921097634717,-0.017314237511349907,-0.0146566712119735,-0.0215540911480855,0.0490515489131819,SPY
2021-03-18,-1.3681838615228787,0.08054239285904022,0.7465282678397989,0.4486927625560852,0.8715372623371758,0.8548283391317729,0.15363267644869655,0.20282549424891355,1.0385811722710658,0.6979624596788455,-0.0018521231105799,-0.0012873794901704,0.0670450538501832,SPY
2021-03-19,-0.21057154487839147,-0.8318471633881538,-0.3322330455923726,0.4488058748110376,0.8783434868991875,0.8551764328766132,0.07402600986950247,-0.35836340104060255,0.9781389545347204,1.413239156869041,0.0079535667565808,0.0165515043591426,0.0639720719230947,SPY
2021-03-22,0.6759249775709912,-1.1898876823089328,-0.47164469743715304,0.44472982237924685,0.889954645317064,0.8584599985530261,0.3641419441121294,0.06384262635570821,-0.09559480897592688,-1.4478676318917407,-0.0079021143750583,0.0080924597088021,0.0486697806438813,SPY
2021-03-23,-0.7575291061990843,0.35025028052089585,-0.3841241541607536,0.4702688959326963,0.8933987277236236,0.8600311637877432,0.02291184300503039,0.2325800734766402,0.33987344487091575,-0.7325909347015453,-0.0050967492070546,0.0133381216462593,0.0659894858518095,SPY
2021-03-24,-0.5039063117473952,-0.0618560066473777,-0.6735936571379969,0.43740625932532934,0.892643278579273,0.8586014062466601,-0.16905711969398482,0.48799563978655086,0.5029048023088418,-0.017314237511349907,0.0056100404459416,0.022479971518206,0.0619111672763583,SPY
2021-03-25,0.4640553434305181,-0.950802291532682,-1.044192938837492,0.21720611989429486,0.8902040259745861,0.8627485028266435,0.01413037316134075,0.19986366716507628,0.9806796506899731,0.6979624596788455,0.0159867607387331,0.0276111950394373,0.0670853475741823,SPY
2021-03-26,1.402176636129857,-0.03039700307889991,-0.1606591927437637,0.279811535221614,0.8932768790727773,0.8708625728798494,0.5819199485571156,0.7645262700611963,0.9035540183497707,1.413239156869041,-0.0005054778937596,0.0258755208285661,0.0531839768531909,SPY
2021-03-29,-0.08882628086771537,1.4057450712490458,0.6170326271997503,0.07612216257560711,0.8939132275625079,0.8744580885071557,0.5212785401931679,0.44397452704624946,0.7056389311798046,-1.4478676318917407,-0.0026564524376011,0.0257900705472593,0.0534741496772133,SPY
2021-03-30,-0.28328801470029596,0.9891752867799398,0.24825788295698775,0.04723848597773386,0.8940209927326943,0.8790064204014748,0.36163593995742976,0.15874914463375844,-0.173231144821334,-0.7325909347015453,0.004045100664892,0.0296033463582379,0.0558429621278762,SPY
2021-03-31,0.32257486704004107,-0.2807414828681792,0.4769441849369525,-0.05338565610001864,0.8943724864318013,0.8867804565406833,0.44293842604656875,-0.029879122128480148,0.8323150997367285,-0.017314237511349907,0.0107412639671728,0.030293852332341,0.058150427293266,SPY
2021-04-01,0.9279504766751381,0.02922954887267128,0.8754860401684618,-0.1333216419002075,0.9043465885524151,0.8988779960633083,0.7545018616152533,0.26048039693496383,0.4569783644034105,0.6979624596788455,0.014251086527862,0.0267960884765416,0.0408171336220322,SPY
2021-04-05,1.2452606849946577,0.9418396540346808,1.099183362964642,-0.18699100922443782,0.9205229181554268,0.9104185761858279,1.2222618688315192,0.47431507879566953,0.24459112424822982,-1.4478676318917407,-0.0005909281750664,0.0129098405100815,0.0287204071116429,SPY
2021-04-06,-0.0965515279688389,1.6370391604496808,1.0235160932361365,-0.2147790433413222,0.9334887450311018,0.9227597923062647,1.0607400217876917,0.5017234760500577,-0.5733164077937717,-0.7325909347015453,0.0011568233733774,0.0164597633654803,0.0231230010844152,SPY
2021-04-07,0.06145629104140929,0.8651260410646427,1.0197908610217494,-0.28277319064982265,0.9498663029032179,0.9327131345741987,0.9994695364457274,0.4508375416069625,-0.7335164910890396,-0.017314237511349907,0.0047356066389951,0.0118820949320754,0.0222787981896601,SPY
2021-04-08,0.38500098422970985,-0.026813787589671574,1.1860318338559739,-0.28761566651535764,0.9699910034475151,0.942439311921123,1.0907216410833054,1.2736699433038616,-0.6829550726131995,0.6979624596788455,0.0072435001113735,0.0178318162107204,0.0254971777845112,SPY
2021-04-09,0.6117304517180296,0.33601293227415674,1.216134661601152,-0.30789156000146,0.990872527134275,0.95170001051605,1.293000207829888,1.4871910786171432,-0.5995398800917809,1.413239156869041,0.0003648385614019,0.0139251498243746,0.0255051527434559,SPY
2021-04-12,-0.010144156368243906,0.7506181179735983,1.0636485328877774,-0.30616960234453405,1.0058796467975244,0.9607787827346711,1.208536817547491,1.3815368932187844,-0.7310370449084986,-1.4478676318917407,0.0029589946803323,0.0086352062253043,0.0151886586570153,SPY
2021-04-13,0.2243840011889645,0.45289520800740085,0.4582731324734086,-0.3137383602185528,1.0222475242283888,0.969317373800268,1.239300745142231,1.9312432827703705,-0.7407473208209105,-0.7325909347015453,-0.0034208450600274,-0.0016725129776604,0.0032646774169311,SPY
2021-04-14,-0.35239395326727735,0.16104823693728373,0.6130331493777448,-0.30251223174787384,1.0382704656784143,0.977417331309199,1.0074988416978305,2.0356761808135646,-0.5771223473492147,-0.017314237511349907,0.0106853279176402,0.0111659229152367,-0.0147887229339014,SPY
2021-04-15,0.9228935032176894,-0.09682056872213633,0.41346823684484924,-0.26304878725147524,1.0569959365079284,0.9869967381956649,1.351667420117717,2.0777024989446224,-0.6238228289468307,0.6979624596788455,0.0033368337250276,-0.0086944727849092,-0.0135330320986479,SPY
2021-04-16,0.2585430459584447,0.4294728364512764,0.6728482299224023,-0.4493761203681694,1.072951864322712,1.0000173792393046,1.3502295829022894,1.97697424542011,-0.02094988258712768,1.413239156869041,-0.0049251050376684,-0.0012470857661712,-0.0016307685689058,SPY
2021-04-19,-0.4883885907791673,0.8897845612525781,0.502535865226647,-0.42271665636201733,1.0814329613573257,1.0123989885975768,1.0093304444978923,1.6258783481843355,-0.13670834421655967,-1.4478676318917407,-0.0073487245226324,0.0057634092892389,0.0007460661246074,SPY
2021-04-20,-0.7074991555907864,-0.17354880322229882,0.27191909011277365,-0.3743781585511094,1.0872307649860333,1.0218210562959846,0.6026843001893925,1.2950783444403664,-0.05559538846402185,-0.7325909347015453,0.0094175908328697,0.012896828742134,-0.0005579946879068,SPY
2021-04-21,0.8082820345444931,-0.9014152650498554,-0.17744920972786024,-0.4202240559507809,1.096315484373503,1.0346068175610765,0.8575669586871537,1.3878844344135153,-0.4856675216957505,-0.017314237511349907,-0.0091750677825057,0.003191597922326,-0.0126009751321181,SPY
2021-04-22,-0.8726121635086428,0.0755638552168124,0.38224648979651277,-0.36749095244100566,1.0999090515293184,1.0465168327314998,0.3515216024117643,0.6558745976547583,0.3758717516634163,0.6979624596788455,0.0107842207437656,0.0187192315351136,0.0072746837708628,SPY
2021-04-23,0.9318340415829665,-0.04884087646275888,-0.4835737827784232,-0.33649298315581533,1.104940289119852,1.0595288024007126,0.6599545002373796,0.575334620903715,-0.3121681863598138,1.413239156869041,0.0020853900177417,0.0013429810872871,-0.0043285943491726,SPY
2021-04-26,0.14540460189389182,0.0442496345631232,-0.1589025750195866,-0.44087429665844463,1.1106613362176068,1.0699373526245315,0.6367207608141159,0.661776043088668,-0.9024736615046505,-1.4478676318917407,-0.0002153050697373,0.001411951087018,0.0037287539095158,SPY
2021-04-27,-0.06259281816494579,0.8112764372497704,0.14672218852507038,-0.44202364739615124,1.1151272360390723,1.0803989346536151,0.518057482128355,0.6206781743890829,-0.8983100662206632,-0.7325909347015453,-0.0002876399869382,-0.0045610780455387,0.0017228580304218,SPY
2021-04-28,-0.0691323532123488,0.06202349696390285,0.45770588030778814,-0.45514845001913695,1.1208292032993938,1.0913079941004427,0.3923877704858388,0.47401867240210677,-0.8809565036878527,-0.017314237511349907,0.0063525658302818,-0.0039608175799781,0.0039931686538681,SPY
2021-04-29,0.5311843450576701,-0.09961980826025033,0.03460325331697242,-0.447985812164479,1.1248444941942322,1.1027271593003842,0.5357227068987604,0.4513842851091006,-0.09192826173135389,0.6979624596788455,-0.0065920297040609,-0.0023593971764137,-0.0018345967698394,SPY
2021-04-30,-0.6390891472888066,0.34776280319890324,0.7115353834743152,-0.43890516212202435,1.1248828412324778,1.1107586082471637,0.18124220280415992,0.10133823808355184,0.09666011351887191,1.413239156869041,0.0021543600174727,0.0114841075979654,0.0065443982258504,SPY
2021-05-03,0.15163992707173882,-0.08167230267297693,-0.04598778606439486,-0.5465443530409165,1.127748189388366,1.1164561716635935,0.21091649167984022,0.07591219506450529,-0.4304936794590103,-1.4478676318917407,-0.0061883342022941,-0.0006219079445459,0.0035089122629443,SPY
2021-05-04,-0.6025925148954806,-0.36764081645300817,-0.042981016971367046,-0.5091110858557772,1.1310544660296304,1.1210277422141528,-0.08880503270753692,-0.05116995769515507,0.5427313804405292,-0.7325909347015453,0.0003126204786223,-0.0033985603020036,0.0112684967926703,SPY
2021-05-05,-0.014865002062958222,-0.3401423545368004,-0.30337712335963424,-0.5086381546047853,1.1307478770870365,1.125435638612334,-0.12101594719178417,-0.45193968447245436,-0.720684105879523,-0.017314237511349907,0.0079539862338462,-0.0251854261914861,0.0072377424753176,SPY
2021-05-06,0.675962900974858,-0.46559583208856353,-0.2772085772866162,-0.48571775406231293,1.1372645315467185,1.1305124382479308,0.15180461594801037,-0.2577745645673321,-0.3171608518546219,0.6979624596788455,0.0072514750703183,-0.0211983936724386,0.0083879155420465,SPY
2021-05-07,0.6124514385600588,0.49773434676652906,-0.20739414502376824,-0.485652654540348,1.142420240875405,1.1356277651293976,0.39717111501736424,0.2313077151108153,-0.5283464637186981,1.413239156869041,-0.0099516555250387,-0.0132107714879872,0.0001657245317048,SPY
2021-05-10,-0.9428206182383726,0.9703871950067812,0.39611785232567465,-0.40684280482975355,1.1427365414864792,1.138659390529297,-0.04165765240839782,0.10127682192084016,-0.11053363690610972,-1.4478676318917407,-0.0089649865597518,-0.0058073863071035,0.0103305353673563,SPY
2021-05-11,-0.8536194892627489,-0.249288540385445,-0.13164774887715253,-0.35574452076606294,1.1395644170246186,1.1393090536646844,-0.4119929883002431,-0.6142098700933352,0.9706789404288835,-0.7325909347015453,-0.02147424541086,-0.0054951850824984,0.0178026342943375,SPY
2021-05-12,-1.9845357858371573,-1.3539026631549516,-0.25269679227371505,-0.11593217064829493,1.1280742016679217,1.136402512448874,-1.2414175074407714,-0.9991714683206033,1.484931920987779,-0.017314237511349907,0.0119410187528936,0.01335367071702,0.0439145036062695,SPY
2021-05-13,1.0364159145731306,-2.138785075182352,-1.2025021459931646,-0.10097271945975689,1.1187018794936026,1.133712504704053,-0.7392796437687077,-0.9609760121733212,0.5638884922637184,0.6979624596788455,0.0152390972547697,0.0121132430846016,0.0336245970465309,SPY
2021-05-14,1.3345831177262546,-0.7147340555554157,-1.0286861941598646,0.008122886423255557,1.1180119763046927,1.1333853288859488,-0.12075030374946506,-0.5119159765657636,-0.22294351354869377,1.413239156869041,-0.002548270344155,-0.003944911546438,0.0206220090002968,SPY
2021-05-17,-0.27350766768438217,1.7860628339048283,-0.6804632623823013,3.6391571594931784e-05,1.1154435991046072,1.133534451437119,-0.22579840704210852,-0.5774275315967202,-0.7587521184393788,-1.4478676318917407,-0.0086527853351467,0.0087460970741473,0.0213342622797689,SPY
2021-05-18,-0.8253945195088361,0.7990982462778949,-0.3577103287515339,0.00959339435237772,1.111916983129574,1.1334238090900044,-0.5742739233624201,-0.7894270672020275,-0.9212887574361284,-0.7325909347015453,-0.0026253896113415,0.0151776814604627,0.0243881279357029,SPY
2021-05-19,-0.28047973829857065,-0.8283412982054237,-0.3440998169839446,-0.03192148912237414,1.1072307752015704,1.1309166999189841,-0.654602446657168,-1.049520615751086,0.5679023685539959,-0.017314237511349907,0.0107005911204751,0.0197857417083122,0.0266819009858618,SPY
2021-05-20,0.9242733935077028,-0.8335944189918892,0.4776220516263971,-0.015301923339424137,1.103598704871359,1.1323651801021388,-0.23737802584758433,-0.5685019406300046,-0.3434638112489166,0.6979624596788455,-0.0008190573762698,0.0096099509944114,0.0023990655382712,SPY
2021-05-21,-0.11717585387305272,0.4846964291493316,0.423545214134076,-0.0691513775203906,1.0967180345934031,1.1314989991763664,-0.26181396958050324,-0.6503926998401467,-0.3650809053235085,1.413239156869041,0.0101427382764303,0.0122159736623101,0.0174324669979748,SPY
2021-05-24,0.873839960166066,0.6077380730535801,-0.2765151486911741,-0.022349308216955372,1.0978967688382677,1.1322497238093663,0.14378906851444745,-0.2167683437324837,-1.1820445918417029,-1.4478676318917407,-0.0022212009488313,0.0011921094404465,0.0126217114269628,SPY
2021-05-25,-0.24393852104788566,0.5697389001133817,0.2767534119672273,-0.019817809157464516,1.1017588277162687,1.132596171090707,0.04940283142801989,-0.28565756819407945,-0.9419374526307608,-0.7325909347015453,0.001982670636508,0.0049845607167098,0.0136368445616907,SPY
2021-05-26,0.1361181186902175,0.4742293106768099,0.5571403806119353,-0.018329422461442983,1.1148495010568529,1.1333998334453417,0.12226026165316246,-0.4391095429521235,-1.3813429416410816,-0.017314237511349907,0.0005248004065743,-0.0007162437585286,0.0175525167094159,SPY
2021-05-27,0.004317408436576901,-0.08160871141663731,0.7580302339699663,-0.036789451908821894,1.1234839862444528,1.133029332116315,0.14753391136835264,-0.6343271777328009,-0.8970141998841998,0.6979624596788455,0.0017869652916289,0.0078631151354722,0.0205735287032498,SPY
2021-05-28,0.11842511493317383,0.10544022364208315,0.3144133986059877,-0.056817478284334214,1.1267995998274407,1.1343478200860935,0.207265229414687,-0.2821708941053912,-0.8664830288279456,1.413239156869041,-0.0008811259454333,0.0051054339038199,0.0208004792657732,SPY
2021-06-01,-0.12278724597929565,0.09210939397119673,0.42802378637081656,-0.05793491187957545,1.1307766998201814,1.1350552035275645,0.16390780740894403,0.005238959855670885,-1.0339244798233236,-0.7325909347015453,0.0015712503274318,0.006199715159866,0.02221955482646,SPY
2021-06-02,0.09892311474841842,-0.0036578664477948776,-0.052565083534374175,-0.07793776541391964,1.1388168683694189,1.1373216624574904,0.205115596943209,1.1085579821058305,-1.2093272884420303,-0.017314237511349907,-0.0037181338387304,0.0031355771996635,0.021489590199816,SPY
2021-06-03,-0.3792707433813568,-0.018351688156895616,0.11276803708000169,-0.06950140364341197,1.1463971847319971,1.1387749252250932,0.038112358668590175,0.5522861792453637,-0.8126853077091993,0.6979624596788455,0.0091041593005751,0.0114913349394658,0.0307290375621942,SPY
2021-06-04,0.7799458371765052,-0.21159970099919317,-0.13576034871701773,-0.06050952544352563,1.1534120071893554,1.140473558095821,0.3941700716502739,0.3366108815957281,-0.8751782335705988,1.413239156869041,-0.0009707159400234,0.0040382878320457,0.0292392637088578,SPY
2021-06-07,-0.13088674940295222,0.3015182545134669,0.23825953327694496,-0.08374107320958099,1.1603597223297835,1.1405072243542185,0.3538535679168415,0.4444710897279637,-1.0242000846063806,-1.4478676318917407,0.0002131553106128,0.0072455129806048,0.0283870246002724,SPY
2021-06-08,-0.023857283762644194,0.4886636800256498,0.11803754214882062,-0.13547886596898326,1.1633399866914922,1.1425956456978155,0.3411973393548984,1.1730285855355755,-1.1804761594919089,-0.7325909347015453,-0.0014928876327706,0.005196340605309,0.0317017151514518,SPY
2021-06-09,-0.17809438048377663,-0.11696341649835089,0.16574308184139167,-0.18106248736383024,1.16660782261282,1.1461758884160955,0.24318885470459276,1.2825100538800032,-1.0958133996802288,-0.017314237511349907,0.0046376239010719,0.0010903085588669,0.025013039356792,SPY
2021-06-10,0.3761427236069785,-0.15253210216338953,0.03216101207979838,-0.48994561820781685,1.1709584939561668,1.1549339765869784,0.3442368131107212,1.0845031605916866,-0.9661703191840498,0.6979624596788455,0.001651112193155,-0.0038789319033876,0.0309936639408183,SPY
2021-06-11,0.10614313365570985,0.148848717047413,0.3964329305790159,-0.5611129396269022,1.1757691736223232,1.1616854020874308,0.3431976879528734,1.2387919994651384,-1.1425970369855523,1.413239156869041,0.0022365092085356,-0.019112288423658,0.0329181941372755,SPY
2021-06-14,0.1590667346891388,0.3630080502562423,0.07151496945234496,-0.7161243104581522,1.180771619706942,1.1658622761358337,0.3926353899402284,0.9089635327375498,-1.235614948330794,-1.4478676318917407,-0.0018360170646829,-0.00713445354876,0.0272668158381605,SPY
2021-06-15,-0.20911545623276565,0.19945170484198274,0.2113349707383329,-0.7202415928433432,1.1853810398767635,1.1701739563432703,0.27317701475684425,0.9572337298584489,-0.842376353106114,-0.7325909347015453,-0.0055989196792127,3.354622134121854e-05,0.030593899114657,SPY
2021-06-16,-0.5493057056988401,-0.038080520991300236,0.12200064873796085,-0.7668297729736026,1.1870868585341399,1.175067857405066,-0.005588915207637935,0.17258807485621297,0.337684997715272,-0.017314237511349907,-0.0003316165611826,0.0044263980864505,0.0327715119991767,SPY
2021-06-17,-0.07310811429239873,-0.571805177134157,-0.057003125372431344,-0.7789733439613599,1.190153466186363,1.1804141595944966,-0.07295920504790813,0.10299942718349428,0.7703970664567262,0.6979624596788455,-0.0135822443271154,0.0106563574318663,0.0252285866733714,SPY
2021-06-18,-1.2710488603188659,-0.46933016869048133,-0.273638745149533,-0.6834509828796419,1.1840945404617125,1.1808941585864912,-0.6271810110715004,-1.013435196890416,1.8473081009508854,1.413239156869041,0.0142143440834336,0.0277844141593899,0.0239327090893128,SPY
2021-06-21,1.2419389351072632,-1.0131290166694367,-0.9377417717833277,-0.5377249170520522,1.1841394764454554,1.1844054850468957,-0.0873360053661372,-0.1324089184870603,0.04276424211302516,-1.4478676318917407,0.0053319827054183,0.0155839859301085,0.023947199976237,SPY
2021-06-22,0.4389171610738071,-0.02230414230238087,-0.4155642475879979,-0.5875091128445916,1.1862614291677138,1.1869675390569594,0.10448113089520225,0.02938142822229272,-0.5583399841596017,-0.7325909347015453,-0.0012060678141034,0.0107899528399437,0.0266789615962173,SPY
2021-06-23,-0.15216405071987404,1.2660732348354187,-0.10307301586895808,-0.5911799989819174,1.188496736734299,1.189730916351404,0.027357016205983523,0.17070725278854512,-0.8824270008416619,-0.017314237511349907,0.0058983427842331,0.012837306354835,0.0299767549357534,SPY
2021-06-24,0.4901197023661781,0.2156835043558,0.08843475953766652,-0.5724547029369249,1.191257379988525,1.1933018291098576,0.23279522220830803,0.04017773273860775,-1.0356376030002235,0.6979624596788455,0.0035458124004081,0.0124602770942496,0.0343139319958059,SPY
2021-06-25,0.2774360429327141,0.25426216324594964,0.3600318203424042,-0.5675726246067858,1.1947989850338825,1.197495889101066,0.33608537522847487,0.24693604183938211,-0.4562794040200302,1.413239156869041,0.0020139158541523,0.0165288501410802,0.0332198564717005,SPY
2021-06-28,0.13894288442930222,0.5779452276775519,1.1067349056386606,-0.5672799231224442,1.1982570260121814,1.2017442823877322,0.3759992707819067,0.3157208304803694,-0.6510408019454808,-1.4478676318917407,0.0005379496152535,0.0126919792383191,0.0266380803447709,SPY
2021-06-29,0.005506180254265164,0.31335033985831084,0.5748533533023312,-0.5699186330121553,1.202683766887423,1.2062817476229615,0.3522850676984148,0.42721632142503024,-1.3671171329356258,-0.7325909347015453,0.0008412857007877,0.0156818754848577,0.0256899571614468,SPY
2021-06-30,0.032929685239880255,0.10846423167835266,0.36585595468407217,-0.570042397278582,1.209727786804686,1.2106754373932394,0.34256392511812744,0.285071249987418,-0.08818629340421764,-0.017314237511349907,0.0055213135236478,0.0066590263566395,0.0289875975739208,SPY
2021-07-01,0.45603386721347905,0.028588371102830062,0.4551109828861244,-0.5756323148895508,1.2191845474084988,1.2169639871220832,0.5066936219879367,0.43378623740047817,-0.5913911604752041,0.6979624596788455,0.0076143854472388,0.0117559613180899,0.0185980575406654,SPY
2021-07-02,0.6452608371295828,0.36803937328106295,0.4386742722536983,-0.5911216200057995,1.2372596799493134,1.2229978681491864,0.7610620884475192,0.6130749212696182,-0.40242156887675296,1.413239156869041,-0.0018229550486088,0.0077172182604634,0.008883353508029,SPY
2021-07-06,-0.20793456717929404,0.8294015252429365,0.616045009351954,-0.5874323126814157,1.248864405557843,1.2288476902377368,0.6261385143904569,0.6112961912523035,0.08047579894140228,-0.7325909347015453,0.0035278458617922,0.0061253042184929,0.0188087970156534,SPY
2021-07-07,0.27581175395160035,0.3291331577413712,0.44877540098060364,-0.5855756919051829,1.2597768859352239,1.2353928687439149,0.7062536002105854,1.0706845706238939,-0.15401625908221267,-0.017314237511349907,-0.0081815634274304,0.0040885245685142,0.0103498183459871,SPY
2021-07-08,-0.7827930719664795,0.05077099450777445,0.5791208796021505,-0.5241198512625865,1.267776115586138,1.2405320928670194,0.3165468967603192,0.5734712549209969,1.3105991846956946,0.6979624596788455,0.0106182484850982,0.0088487812012516,0.0248443732263963,SPY
2021-07-09,0.9168290972980699,-0.3823573152698956,0.18576689967419696,-0.4725571049572384,1.2777943730097492,1.2469489569845311,0.6906978904596698,1.652605694832282,0.36389538400362315,1.413239156869041,0.0035756423896122,-0.0096440091708345,0.0158771848303995,SPY
2021-07-12,0.2801328630496443,0.10061850599696978,0.40796940179188074,-0.46992394262294407,1.2878607515945477,1.2537821411581485,0.7703122102231773,1.4863897124756438,-0.6513901502630516,-1.4478676318917407,-0.0034148690905793,-0.0280977734716207,0.0114876295081796,SPY
2021-07-13,-0.351853687747383,0.9014822138807554,0.2318991125685588,-0.45412667134905516,1.2956676839640913,1.2594387938767864,0.5718221945650581,1.0871925225591987,-0.6288228735546089,-0.7325909347015453,0.0014910662118134,-0.0104540694106836,0.0161456445439274,SPY
2021-07-14,0.09167396240785258,-0.05440941119697432,0.1624991131654935,-0.4612874932716602,1.3038783844154993,1.2657846248547817,0.5699680139651045,1.2198190761998637,-0.12912802366965956,-0.017314237511349907,-0.0034213067946931,-0.0038813912970985,0.017136389946958,SPY
2021-07-15,-0.35243569700800165,-0.19640415323832766,0.07370505597021389,-0.4791482334497981,1.3103104755367687,1.27255158983454,0.3612948962301054,0.7833939519673853,-0.5039289164555758,0.6979624596788455,-0.0078745418869878,0.0016316410230272,0.0235501211631197,SPY
2021-07-16,-0.755036378494975,-0.1968426692996322,0.2812299591750914,-0.42380174350609967,1.3111854000624954,1.277739596319022,-0.01267388225292906,0.11660218091479443,0.39710272164775395,1.413239156869041,-0.0148781219111739,0.0197417027543007,0.0332429391491082,SPY
2021-07-19,-1.3882044085108678,-0.834798297984803,-0.5249691237824105,-0.3983310084716353,1.3027727531156963,1.2825915674437165,-0.6620247424104105,-0.681744092245318,3.1923572630501105,-1.4478676318917407,0.0142288349703578,0.0370715615417776,0.0504729630642444,SPY
2021-07-20,1.243249003143224,-1.615200340570784,-1.3294668527386848,-0.39809389248481836,1.3009748453575138,1.2875160143235642,-0.13502561380074535,-0.1639179018776102,1.2360294900311375,-0.7325909347015453,0.0080637443253985,0.0182748662986425,0.0296672247300717,SPY
2021-07-21,0.6858857282098547,-0.1095881549724983,-0.5602839577996961,-0.37961050582334704,1.3010613760114074,1.2930391153315484,0.1398307608783197,0.05153094374286761,-0.13738865469686906,-0.017314237511349907,0.0020917255254326,0.0098009484051733,0.0105982016821375,SPY
2021-07-22,0.1459773719500552,1.4531392775406071,-0.273745963201242,-0.383583094518134,1.305426318198792,1.2992477253373778,0.16445078130013072,-0.04468975826555161,-0.7950884122670278,0.6979624596788455,0.0102355198442856,0.0118481489930024,0.0100535937843231,SPY
2021-07-23,0.8822280020443414,0.6263977350080945,-0.0334035642786164,-0.349387370842337,1.3096759382263685,1.3064122720505675,0.5149066442409185,0.03426172881846392,-0.18144072610203602,1.413239156869041,0.0024517368763028,-0.0032555973608907,0.0077437657356975,SPY
2021-07-26,0.17852468018764972,0.774332220617411,0.7561103417512091,-0.3511121470963858,1.313463957342413,1.3133691918762649,0.5474364061295262,0.17217892453663688,-0.9400188498045301,-1.4478676318917407,-0.0045678602727772,-0.0078076528225912,0.0140500236264484,SPY
2021-07-27,-0.45609139945151655,0.7988550562149834,1.511611052089431,-0.3293452119875168,1.316752122190368,1.318940542105064,0.3042289252298492,-0.09931258346482856,-0.003692365231093112,-0.7325909347015453,-0.0004101735680706,0.0048626959092015,0.0202039236023106,SPY
2021-07-28,-0.08021016568946267,-0.2095044191782923,0.6921631395385408,-0.32795255205741775,1.3192422751796986,1.3243139246988975,0.23471945587565943,0.20411348697323808,-0.5767693956880995,-0.017314237511349907,0.0041389261132618,0.000341736669398,0.0227102240157126,SPY
2021-07-29,0.3310572823340061,-0.40444871510870095,0.32273999152708244,-0.3235912609994546,1.3249148263895083,1.3303922131986519,0.3452787008033058,0.011160539676344434,-0.747568399783493,0.6979624596788455,-0.0048682265096076,0.0025158020091149,0.012650918499947,SPY
2021-07-30,-0.4832464112883796,0.18863006035745591,0.4119883528251778,-0.3130997048285295,1.3318084559678487,1.3342931556452735,0.10744683442910495,-0.3156379852186067,0.09785964635381285,1.413239156869041,-0.0021003185853976,0.009035088607824,0.0264202378218776,SPY
2021-08-02,-0.23300998911783527,-0.11503841872335842,-0.2464642773474602,-0.3367616649124807,1.343941952259301,1.336161562423626,0.0034746772521448014,-0.2636159199567093,-0.29434493310346505,-1.4478676318917407,0.0081024884590155,0.010321494260614,0.0329084223631683,SPY
2021-08-03,0.6893884434886453,-0.5400360517935896,-0.44491258422569624,-0.3082380408203065,1.353642909800482,1.3401300412349042,0.29666330214420256,-0.041311766231799524,-0.31644030809314755,-0.7325909347015453,-0.004931132807874,0.003462151746767,0.0233232488770482,SPY
2021-08-04,-0.4889335394159057,0.34348806484793265,0.10745530200426737,-0.29428447805060687,1.3579020541331606,1.3423122012336959,0.07330541043961308,-0.10244119308885932,-0.7392078913880352,-0.017314237511349907,0.0063129914529787,0.0108750961694852,0.0287857819514778,SPY
2021-08-05,0.5276065704867253,0.15066194529013702,-0.08963735518171638,-0.32481862685472046,1.36395923113294,1.3475456187495332,0.2811171529655948,0.40398335725351564,-1.026588723421353,0.6979624596788455,0.0016510600891015,0.007554529137975,0.0255446256804541,SPY
2021-08-06,0.10613842311898487,0.02876706398899085,0.005141715358936479,-0.3801237097147703,1.3664109121751042,1.3509106451676218,0.3161907110871718,1.2255187590877064,-0.7019683779371826,1.413239156869041,-0.0008139129326076,0.0077217451478741,0.0236506517972809,SPY
2021-08-09,-0.1167107635552618,0.47712524462379463,0.2893520898706071,-0.3839094039593323,1.3674781652094317,1.3533486969553243,0.25901451364436184,0.8389970040772431,-0.9343137631594153,-1.4478676318917407,0.0012431459451685,0.010887560084444,0.0208828988041052,SPY
2021-08-10,0.06926039873177985,-0.008336961345275997,0.34543335379690415,-0.39421943684291516,1.371006623591025,1.356771631846754,0.27679080657314464,0.6160408124353222,-0.8094036586992766,-0.7325909347015453,0.0024818116148441,0.0030675107754607,0.018420798543036,SPY
2021-08-11,0.18124362719613357,-0.03612278383507857,0.04639813341706918,-0.3927887961014263,1.375765778327942,1.3604118371975964,0.34342518420435036,0.6321172304167711,-0.7569458287534446,-0.017314237511349907,0.0029924244214685,-0.010419579561919,0.0116495140289014,SPY
2021-08-12,0.22740626169945374,0.18837155795911464,0.3695678052385411,-0.40270847289990624,1.3800537453937642,1.365413464014023,0.41799042194851094,0.3276855325384699,-0.9641119034060699,0.6979624596788455,0.0018182760990006,-0.0118648863557693,0.0007413133182456,SPY
2021-08-13,0.12125581039939008,0.30752688010378515,0.22480662848593563,-0.45854482245121514,1.3871780192917218,1.3724524874861903,0.42447743972396074,0.2972449626240828,-0.9217052225162999,1.413239156869041,0.0023519020039621,-0.0057574706591099,0.001478950735871,SPY
2021-08-16,0.16949897487286036,0.2623289375143384,0.2320964636662421,-0.6724932211173618,1.396196380815775,1.3830737921552545,0.418332117872892,0.8159560054269273,0.6811494531230236,-1.4478676318917407,-0.0065769033638147,0.0006486221039816,-0.0062842189365301,SPY
2021-08-17,-0.6377216302443863,0.21869857446300836,0.3701111735787248,-0.7390382577764318,1.3989749484999314,1.3893403263150292,0.0878546063411086,0.2808295384869132,1.5278075683562264,-0.7325909347015453,-0.0110052787225356,0.0088115651708813,0.0086107826840953,SPY
2021-08-18,-1.0380748342299553,-0.35315452206049974,0.029193634649547235,-0.6569528606435815,1.3991672457813018,1.3915755965221077,-0.38090624368018083,-0.6178297280712367,1.3250058682649812,-0.017314237511349907,0.0015471176276182,0.0219129707387484,0.01802977560307,SPY
2021-08-19,0.0967413657076173,-1.2630034649097155,-0.5587803618638802,-0.6581253853393255,1.397340452835515,1.3936998637281626,-0.33849511727368836,-0.26494076945567413,1.4261152906855816,0.6979624596788455,0.00792569179566,0.0144454737086263,0.0066936223600961,SPY
2021-08-20,0.6734049044038336,-0.7096208266051542,-0.6217889716166396,-0.6917934160993128,1.3981769366413064,1.3953510000471023,-0.0323067750069099,0.23262434831556789,0.48466836958884835,1.413239156869041,0.0087579947670537,0.0154208747252893,-0.0180467140038791,SPY
2021-08-23,0.7486503690024857,0.5798970638670782,-0.3555342401879382,-0.6385789956242371,1.40310918391324,1.3983636205540457,0.2972922577124175,0.26316797935776,-0.27231581345217093,-1.4478676318917407,0.0015860397030849,0.0110507459141286,-0.0277499310289703,SPY
2021-08-24,0.10026016805759748,1.0710792284772777,-0.07625858697225425,-0.6622391116679429,1.4081952252921472,1.4026893505833389,0.32084516668315755,0.6538407579625807,-0.969934793418411,-0.7325909347015453,0.0020961268453314,0.0079820211839392,-0.0196283511980972,SPY
2021-08-25,0.14637527916895884,0.6392421610174882,0.2796075144843679,-0.6631970145488323,1.413127410109621,1.4075558105868213,0.36024251448911765,0.498344625266276,-0.8747055570411981,-0.017314237511349907,-0.0059203794025037,0.0064172946051632,-0.0096476816046635,SPY
2021-08-26,-0.5783677024237609,0.18545676946732562,0.8507674606984377,-0.6340180090133292,1.4142331975455729,1.4102642587228291,0.09136448964776868,0.01779307948942719,-0.12470176022685911,0.6979624596788455,0.0089010928123229,0.015409509189622,-0.0020816010725051,SPY
2021-08-27,0.7615873393961028,-0.3258567799746016,0.5252195505918257,-0.6113280011299093,1.4183962556920262,1.4159321387544674,0.4024154845226003,0.42179126082767243,0.7091582574543674,1.413239156869041,0.0043878659558931,0.0062655025832274,-0.0138475180709454,SPY
2021-08-30,0.35356302214236135,0.13767599823431045,0.5677424684061381,-0.6147800819747953,1.4234534431105597,1.4230001086230024,0.5154625623032341,0.5258216469634284,-0.5443597727297521,-1.4478676318917407,-0.0014826850271045,-0.0017040292984491,-0.0385931380704347,SPY
2021-08-31,-0.17717200025704619,0.8398410983412404,0.3772253117696798,-0.6439357128106693,1.4306835148632233,1.4280258992513482,0.4059936442946846,0.3582454682719281,-0.07375488366557585,-0.7325909347015453,0.0005314002665555,-0.0014402985872452,-0.0354285890435548,SPY
2021-09-01,0.004914077615517677,0.13253096430658734,0.2434432803104318,-0.6756329468295471,1.442816979927446,1.4342152221133357,0.3685973135351665,0.27238930703872966,-0.5367245455256504,-0.017314237511349907,0.0030718351819549,-0.0062611717530911,-0.0482576486431147,SPY
2021-09-02,0.23458549783377367,-0.13015929214979613,0.17522852701973424,-0.6941001494293978,1.4556330722360256,1.439733446453242,0.44237371337488757,0.31886031999707964,-0.8009420607314277,0.6979624596788455,-0.0002429137940715,-0.0172487832242334,-0.0395154342096724,SPY
2021-09-03,-0.06508882185699595,0.1800802323613447,0.5672469842608071,-0.6923802155767995,1.464978226720381,1.4448461076319026,0.38348657823518356,0.21888324607824913,-0.5939730919126159,1.413239156869041,-0.0035816659257834,-0.0144499559135358,-0.0522526203701589,SPY
2021-09-07,-0.36693317897820366,0.12733640535769794,0.1686111055045028,-0.6767254081106993,1.4690163134930045,1.449350518152318,0.19342977246386459,0.39841152785689776,-0.40423908102753736,-0.7325909347015453,-0.0012189543159006,-0.0162795576561913,-0.0383194628909873,SPY
2021-09-08,-0.15332907217012548,-0.32587906526272414,-0.17882317376502344,-0.6726935337647922,1.471843064792807,1.4533238893122784,0.10584851090941791,1.133763549055028,-0.2194419416105498,-0.017314237511349907,-0.0042894728992903,-0.0067425050834799,-0.0329532812707151,SPY
2021-09-09,-0.4309234161853464,-0.3923638613546491,-0.1673257494584541,-0.6540400143032922,1.4719104531548073,1.4558344011745294,-0.09289585651076786,0.7205685226005908,-0.14607367411974723,0.6979624596788455,-0.0079157762891872,-0.0040393179877504,-0.0200551186177317,SPY
2021-09-10,-0.7587642298394752,-0.44057743574381625,-0.37749324971985265,-0.6057168101313822,1.4711220280557435,1.4559937631606013,-0.4153606750537536,-0.17505768403161112,1.2403568373951823,1.413239156869041,0.0025559135166259,-0.0059125773139188,-0.0139648246063135,SPY
2021-09-13,0.18794290885059942,-0.896743786832917,-0.8565016694172523,-0.6032763341287285,1.4675935072196904,1.4563123930491164,-0.31498513003051465,-0.5365392680596377,0.9819926339199975,-1.4478676318917407,-0.005411267668439,-0.02528313539886,-0.0237869059541244,SPY
2021-09-14,-0.5323407743951656,-0.43045769537049366,-0.7344859018753916,-0.5864764834370906,1.4598442203164352,1.4549605681136397,-0.5208933702088523,-0.9435854743240804,0.8156509031673036,-0.7325909347015453,0.0083180982568107,-0.0208170899884585,-0.0208401608181834,SPY
2021-09-15,0.708880935964017,-0.25985848228775266,-0.8142479722513573,-0.5682579914369283,1.4563061439480502,1.4568144860132037,-0.2018362581691515,-0.5612322096558694,0.8356685614933888,-0.017314237511349907,-0.0015862858035609,-0.0194275687113112,-0.0255671172711844,SPY
2021-09-16,-0.186538167176034,0.13264333390452637,-0.39847712947777564,-0.6718776746050478,1.451854764788462,1.4606720088652736,-0.30230459712828445,-0.32247571679905285,0.7693805650762413,0.6979624596788455,-0.0097890356153556,-0.0057644864689851,-0.0072999266487281,SPY
2021-09-17,-0.928118747552262,0.3931890117265571,-0.28063082755196,-0.5860954166805802,1.4418789139429773,1.462098222589683,-0.7100353877288531,-1.3777953670397518,2.4421876121091306,1.413239156869041,-0.0168146445683152,0.005670250276025,0.0100758957458495,SPY
2021-09-20,-1.5632783323710855,-0.8402117297141274,-0.3622961641783974,-0.44132686446713437,1.424910037246563,1.4582700067878909,-1.3436646425644814,-2.174749920995409,3.7771485968706364,-1.4478676318917407,-0.0009452222580375,0.019620070658223,0.0298467193846017,SPY
2021-09-21,-0.1285819589464828,-1.877519407669986,-1.206761809991749,-0.5075698550161258,1.4091030633181283,1.4523603161504057,-1.3270346156634711,-2.163011109584245,1.0163643846801071,-0.7325909347015453,0.009707619533958,0.0002075388726643,0.0384771447967766,SPY
2021-09-22,0.834502467620431,-1.2751067879208968,-1.0120631386788979,-0.43289939146013695,1.3979048225604587,1.4481566125872762,-0.9031428521806887,-1.5896208480781053,1.3253148639131875,-0.017314237511349907,0.0120767964387651,-0.0078182166615183,0.0326896042544744,SPY
2021-09-23,1.0486910780732956,0.5315060332674492,-0.9514865162846365,-0.336092072739614,1.3936934871166695,1.4460757492951688,-0.3988900776152887,-1.1443282664400136,0.3700352850137754,0.6979624596788455,0.0016457011296546,-0.0321926724332879,0.0232176587310846,SPY
2021-09-24,0.10565393921443735,1.4185247977545112,-0.3558400966527434,-0.3527915546915623,1.3935897190319027,1.445627738736863,-0.3281408076150518,-1.06477955873497,-0.1490141917547764,1.413239156869041,-0.0028648241861173,-0.0220243239475452,0.0205353184301753,SPY
2021-09-27,-0.3021261416387116,0.8693723914431549,0.14266089168932414,-0.4023464527546278,1.3911650807707812,1.4426383882473688,-0.41594620453403836,-1.0423264381013408,-0.18057301976781653,-1.4478676318917407,-0.0203577540435961,-0.0321395997159861,0.028748466878091,SPY
2021-09-28,-1.8835978887760911,-0.14840359050746443,0.7508077518043692,-0.2110394190986854,1.3824539327339176,1.4343728592328846,-1.1538090363687856,-1.4923172700036602,2.1860402321322487,-0.7325909347015453,0.0016818639997753,-0.0014303541190017,0.0500059108220272,SPY
2021-09-29,0.10892329191048294,-1.6472094267343582,-0.0954877508486101,-0.20444644409244914,1.3708799347195542,1.4267844030508907,-1.016913832541813,-1.3381925338586258,0.5059327557029514,-0.017314237511349907,-0.0122976593330044,0.0010350091855944,0.0438840261779196,SPY
2021-09-30,-1.154914233842065,-1.3375033948924047,-0.44537311814643943,-0.1536343983257265,1.3548668298469297,1.416508259853578,-1.4089552760592026,-1.4214131982983729,2.3401277087655643,0.6979624596788455,0.0118140496153973,0.0219413582722918,0.0657843065960062,SPY
2021-10-01,1.0249370996836424,-0.7884752128338651,-1.5079852764743944,-0.06993620221432312,1.3479608342855711,1.4080311210779966,-0.8617924417714539,-1.1031854325029529,1.8997737013204867,1.413239156869041,-0.0129800999545581,0.0083018263791254,0.055997403332892,SPY
2021-10-04,-1.2166111920348417,-0.0983027460619223,-1.064692887416003,-0.01788758220621683,1.3427522884839915,1.3968948339877405,-1.2739578953250983,-1.2466531633984228,1.792179202796434,-1.4478676318917407,0.0103514915533882,0.0140157585024986,0.0706962195654474,SPY
2021-10-05,0.8927125796941274,-0.14478844471285943,-1.505671554469339,0.0535435152465717,1.3422411611859293,1.388700777169706,-0.785789092460937,-1.192371340397314,0.6066714037547785,-0.7325909347015453,0.0041472273043714,0.0011997444166125,0.0643794566727136,SPY
2021-10-06,0.33180776263172523,-0.24441327826285608,-0.16689221719982258,0.0689058951522077,1.3393861180158895,1.3816439875723576,-0.5527767051262011,-1.0388605362595502,1.2484345932133838,-0.017314237511349907,0.008608689753693,0.0006436589160507,0.0663189290844687,SPY
2021-10-07,0.7351522493473058,0.9222461328399325,-0.059413919153326014,0.10786196876438803,1.3350264844575777,1.3773401163060854,-0.16363613478071493,-0.5922786689110059,0.010421631857534454,0.6979624596788455,-0.001825482277769,0.0087158739812531,0.0624117311919603,SPY
2021-10-08,-0.20816304471553074,0.8035319814395018,0.8520050242596762,0.08676202301411295,1.3291911456985994,1.3743578220887287,-0.20924529644574105,-0.1966483249490266,0.06517361603508688,1.413239156869041,-0.0072661678311849,0.0181281430382442,0.0677009285503462,SPY
2021-10-11,-0.7000355073554657,0.3966898782645816,0.25738528959602536,0.09874301933559629,1.3215230808201652,1.3692898192723968,-0.4549467563280323,-0.37545671609633446,-0.21371406629428585,-1.4478676318917407,-0.0024645225324979,0.0283504899398661,0.075820262551951,SPY
2021-10-12,-0.26593633463157956,-0.6846552564036603,0.5064859793923179,0.09156622848465028,1.321426619907182,1.3648671203833318,-0.5122196294977317,-0.710475135066057,0.005784059816269217,-0.7325909347015453,0.0035911418038097,0.0385002156265015,0.0749741496207292,SPY
2021-10-13,0.2815341083441852,-0.728184659210185,-0.052232234318026455,0.06220282931096095,1.3221306378039812,1.359408811634173,-0.3150758987506081,-0.9945971309519338,0.07838925258349132,-0.017314237511349907,0.0166809048188953,0.0388291528143476,0.0633055248652159,SPY
2021-10-14,1.464931661169293,0.011380964394016386,-0.07647495873000029,0.1915296072246077,1.3350167103346378,1.3578385872357426,0.38124985348781015,-0.524324271932725,-0.013627671892027831,0.6979624596788455,0.007586786779222,0.0247530989108275,0.0469481709822323,SPY
2021-10-15,0.6427657425923728,1.3155069766673286,0.2754358266117894,0.1749067563678604,1.3462341246114302,1.3600035456111226,0.6736477207111363,-0.25163080796291715,-0.15395782303369787,1.413239156869041,0.0029561790704368,0.0161296729603508,0.0468797684746453,SPY
2021-10-18,0.22412945220620561,1.5876776862892925,0.6857666922960416,0.040732108872541826,1.3641261406764482,1.3663724898005183,0.7338873099298072,0.47371637448404863,-0.2854331189514867,-1.4478676318917407,0.0076852031541374,0.0185218181517123,0.0442658774301403,SPY
2021-10-19,0.6516632067480324,0.6527927379739726,1.1314131594836419,0.05349880764754235,1.38104386717038,1.3746109854524136,0.973074791752745,0.59598446363651,-0.7864193541747799,-0.7325909347015453,0.0039200789916558,0.0117363048979148,0.0405308381750497,SPY
2021-10-20,0.31127211526467957,0.6594965504407901,1.5738936816868794,0.02744919847361257,1.3979327709311677,1.381658021713608,1.0676311923112225,1.1668593319171212,-0.6887781377998742,-0.017314237511349907,0.0026048509153753,0.0033762052619268,0.0341784539081766,SPY
2021-10-21,0.19236715991266404,0.725154367183036,1.5882338030994076,-0.024195549204398713,1.4123331142913471,1.3866999163230322,1.1271056073198944,1.0251658501662948,-0.9466598454787962,0.6979624596788455,-0.0010366391712546,0.0103739754316336,0.0349644116309306,SPY
2021-10-22,-0.13684662739489276,0.37909682641999576,0.9745837524392521,-0.02222012022807188,1.4270518192597703,1.3911606563592196,1.0398049289925864,1.681077479434623,-0.38596209744473126,1.413239156869041,0.0053483242617984,0.0134377609551714,0.0342111467573902,SPY
2021-10-25,0.44039454136001066,0.04146084822446384,0.5986427530906508,-0.022146179456324418,1.447171835719591,1.3974133445450003,1.2025412072368487,1.6231846274754,-0.8110391525013626,-1.4478676318917407,0.0008996899003399,0.0098081529713702,0.0260437162264457,SPY
2021-10-26,0.03820979510475169,0.22833758329972617,0.7029290841836523,-0.2761099943954195,1.468719373764432,1.4081849007687772,1.1344725833610965,1.5793260978555286,-0.45805052965060755,-0.7325909347015453,-0.0044400206443322,0.0129431917316846,0.0264691407773769,SPY
2021-10-27,-0.4445338866622069,0.3602342009222964,0.4071124738972503,-0.250625410372317,1.4868139296422083,1.4176245150639002,0.8567454475752203,1.1093448170621585,0.06294302185999749,-0.017314237511349907,0.0096026210850821,0.0234699120921435,0.0335755140244025,SPY
2021-10-28,0.8250099422548478,-0.3065169232441105,0.042651269051690345,-0.353977791814444,1.502072709550758,1.4317573186800203,1.120496022299465,1.4154548508432072,-0.6206704412743513,0.6979624596788455,0.0020271463522831,0.0185687828682459,0.0014171624270717,SPY
2021-10-29,0.14013900532871054,0.2862992480920006,0.3477212871534841,-0.4007349853702652,1.5149781429639169,1.4438704917655811,1.0875848441251394,1.9445074384826708,-0.030770874045486774,1.413239156869041,0.0017187162779972,0.0200053515965796,0.0115819947368045,SPY
2021-11-01,0.1122549714690484,0.7268222278722332,0.48128799232649105,-0.578158556380734,1.5273723553973244,1.4590785771718129,1.0122000486792344,2.1478872327918634,-0.7449492350427536,-1.4478676318917407,0.0040347286606543,0.0191398014890022,-0.0097863348843958,SPY
2021-11-02,0.32163717210861714,0.1897955452864414,0.32305407688381776,-0.6152444800010219,1.5382328736642474,1.4730272904881714,1.046382893021626,2.152500369074858,-0.7369393681555749,-0.7325909347015453,0.0060866997161266,0.0117944373646281,-0.0249901974960753,SPY
2021-11-03,0.5071483630075911,0.3265457082404128,0.45972708959566727,-0.6096259807916424,1.5501061534494218,1.4874700839795898,1.1622982970017874,2.0725892432504827,-0.6263403609318815,-0.017314237511349907,0.0047014918611845,-0.0023697453032021,-0.0158768247145424,SPY
2021-11-04,0.3819167920613941,0.6240789373656959,0.9186428146104361,-0.6308498750149044,1.5629536291239934,1.5011524465436685,1.2280580015118197,2.0470630621676915,-0.6229926963148625,0.6979624596788455,0.0034637150806169,-0.0067476862284747,-0.0293176982385663,SPY
2021-11-05,0.2700139248070888,0.6694967396366261,0.704976525950899,-0.651704932490514,1.5778169786210472,1.516006934312793,1.2310206033804931,2.053770860943113,-0.18998341798209392,1.413239156869041,0.0008531661704198,-0.0026930170374566,-0.0210076142123236,SPY
2021-11-08,0.03400375500514928,0.49082731480853575,0.7676041969559321,-0.7477754001559314,1.590722318352517,1.5325904596452524,1.108399565760584,1.9775198813134902,-0.7400353698439853,-1.4478676318917407,-0.0033106354637197,-0.0032038951819446,-0.0013869723088992,SPY
2021-11-09,-0.34243030714029493,0.22869152933281092,0.7298702644913124,-0.7373964427632823,1.6017372552710105,1.5489415513735085,0.8152781811145146,1.5577544380195032,-0.6982038001412805,-0.7325909347015453,-0.0080774829517036,0.004056904180822,0.0045680594079131,SPY
2021-11-10,-0.7733835371926246,-0.23275582302855058,0.4096467772885364,-0.6243034079457348,1.6110738534943896,1.5627159747680734,0.3521540638852947,0.7641160708555779,-0.0685498341545752,-0.017314237511349907,0.0003235509359118,0.0097020818573083,0.0058711376792954,SPY
2021-11-11,-0.01387681943560688,-0.8410834206781008,-0.20784527490515858,-0.7894916395618033,1.6163305204571565,1.5730177087123371,0.2699990279279303,0.8546422640739938,-1.1959098993447856,0.6979624596788455,0.007518384271635,0.0127693395595258,0.0149173231660064,SPY
2021-11-12,0.6365817223016871,-0.5935341270414307,-0.3987030031431032,-0.7901927829594813,1.624065942470362,1.5833824159652765,0.4836300360204123,0.9268775913558926,-0.5511721284812131,1.413239156869041,0.0003422880259318,0.0034610512430957,-0.0014991060523668,SPY
2021-11-15,-0.012182867723022212,0.4688070657988776,-0.22193840906491494,-0.7869599667656962,1.6311936825908322,1.5931852714694266,0.40703479284380095,0.910525474845585,-0.7502671095004639,-1.4478676318917407,0.0039501638990468,0.0002996569480178,-0.008745204458882,SPY
2021-11-16,0.3139919816016369,0.4700833771624687,-0.2442103043982958,-0.8145859981526375,1.638311960860659,1.6022132385286585,0.48660649750819,1.3777186565586237,-0.6824810212285131,-0.7325909347015453,-0.0024323052752173,-0.0023253924997579,0.0028087794799329,SPY
2021-11-17,-0.2630236903475952,0.22702748083758492,0.07232655510326567,-0.8001659715292637,1.6416106492850715,1.609831770110563,0.31623967465422914,0.8897938528960208,-0.7248536514411752,-0.017314237511349907,0.0033908086381293,0.0027732653781527,-0.0036165176894327,SPY
2021-11-18,0.2634227202508583,0.038030952784393036,0.31842987290138014,-0.7981752493095131,1.6443306659132726,1.617648912232228,0.38401893854680236,0.939077427932228,-0.6415600339428404,0.6979624596788455,-0.001789904044795,-0.0231732737722252,-0.0177072203122463,SPY
2021-11-19,-0.20494654692357298,-7.05600455804568e-05,0.45214794880920395,-0.7934743647797,1.644677881481891,1.6252868250416022,0.24049620959054493,0.7222344421871932,-0.4159969068384953,1.413239156869041,-0.002819106269146,-0.0091913910654142,-0.0266077035731875,SPY
2021-11-22,-0.29799295213774457,0.04368778180459529,0.04635015660920287,-0.7895777171333489,1.643366212919587,1.6311085318058358,0.07200843782170141,0.3225022218083179,0.10645782476291933,-1.4478676318917407,0.0013251144512711,-0.0260218981394713,-0.0061854765319706,SPY
2021-11-23,0.07667087128340322,-0.37931199855769404,-0.09147183403024278,-0.789745522221233,1.6441474557557862,1.6370319272918725,0.07240626910436089,0.07655429993310602,0.10795094909998798,-0.7325909347015453,0.0026663526026933,-0.0385161465417676,0.0024385299205915,SPY
2021-11-24,0.19792730230659875,-0.1671267819588707,-0.20591170032047712,-0.8239962913430292,1.649761049955653,1.644539095218844,0.11337338494342676,-0.04523814566285936,-0.2778996982562428,-0.017314237511349907,-0.0225557305122485,-0.0259824266468013,0.005974899809324,SPY
2021-11-26,-2.082308894557689,0.20652534252611443,0.016365912888733524,-0.4442235427306334,1.645131300859204,1.6448538990398003,-0.801975199128696,-1.466850214597951,1.3886019571967,1.413239156869041,0.0121919786620159,-0.0121660777973922,0.0425835976920163,SPY
2021-11-29,1.0591042811975129,-1.4201623537255739,-1.1147817207604493,-0.3573746558851953,1.642556053668553,1.6474450562522789,-0.33453360939735,-0.8326304452643445,0.4854598712054369,-1.4478676318917407,-0.0196496133432031,-0.0125842573525485,0.0295742147046285,SPY
2021-11-30,-1.8195774805429439,-0.7713068072210413,-0.5052370933977149,-0.14446084899041428,1.631107089482478,1.645275174167007,-1.1028805506712602,-1.3186377135701963,2.395946554113183,-0.7325909347015453,-0.0111691339510251,0.0275391640644988,0.0505023547104102,SPY
2021-12-01,-1.0528883855668743,-0.573351288897739,-1.238968406834106,-0.10334918769402238,1.6129932664038893,1.6397538137061503,-1.495750103897153,-1.385584635590128,1.774723719410416,-0.017314237511349907,0.0152000724976595,0.0413526942686166,0.0589031180999892,SPY
2021-12-02,1.3310550323048012,-2.1646364597714935,-1.7836591431428326,-0.002106814227777523,1.6026342262210065,1.6362084916946482,-0.8623145543153053,-0.8358184043163621,1.5706808597441801,0.6979624596788455,-0.0087393816628393,0.0193782170906358,0.0411795723003951,SPY
2021-12-03,-0.8332233764680462,0.20921401587820473,-1.237247634546461,0.008843588810642705,1.5869027285071013,1.6296748384329613,-1.1523457733153422,-1.2933387706221664,1.7739261380742846,1.413239156869041,0.0117737991068596,0.037487335176098,0.0556922386050038,SPY
2021-12-06,1.0212981985630811,0.3747210638142803,-0.6349195083904493,0.07473460074422097,1.5771609882037456,1.6249574225776242,-0.6406391493169022,-0.9215725679893876,0.6344653757008563,-1.4478676318917407,0.0204738080738442,0.0168154911225002,0.0435834077217043,SPY
2021-12-07,1.8078341587038953,0.1413341473411489,-0.6531501792137921,0.25662823480303637,1.5778457701269617,1.6246426344372726,0.1929754213178972,-0.48814741692610386,0.5245804844915846,-0.7325909347015453,0.0026443962530926,-0.0105621273319274,0.0037206163135588,SPY
2021-12-08,0.19594230912096994,2.1312443195114392,1.096043149683059,0.2547036714727179,1.5791285222744322,1.6256790596888124,0.2920494264594845,-0.3715472222125955,-0.15606140242777788,-0.017314237511349907,-0.0067744046803213,0.0022976242528418,0.0001363834503482,SPY
2021-12-09,-0.6555770012212548,1.5093782457174114,1.6982483961003556,0.24683649170106967,1.5761480705493447,1.6270012796425228,0.002595085327369677,-0.6005321500170782,-0.4686679071413071,0.6979624596788455,0.0093697364226228,0.0002144264885801,0.0029494118280863,SPY
2021-12-10,0.8039556925081396,-0.3466839036646174,0.7402640685377748,0.2773791557629259,1.5875006362768955,1.6303771099972837,0.3558224635837361,-0.35537221762735083,-0.0024395976802778544,1.413239156869041,-0.0088980449467381,-0.0198552039187269,-0.007665313243792,SPY
2021-12-13,-0.8475675431021286,0.1114250168360539,1.529736836028072,0.29035084477319273,1.5894007507583527,1.630038095322594,-0.005708434697046835,-0.482549431823245,0.3265054623805695,-1.4478676318917407,-0.0069038103805834,-0.021647546277725,0.0102996830045123,SPY
2021-12-14,-0.66727609683019,-0.03323064748077095,0.6285412141814675,0.3071006726250919,1.5969241398809266,1.6280668864995016,-0.26863314872159,-0.6415148186950231,0.690929864445864,-0.7325909347015453,0.0155041478378619,0.0028593848749292,0.019903357850886,SPY
2021-12-15,1.358545370598571,-1.1417332318570765,-0.5649947772736758,0.3918833032565326,1.6163110971201946,1.6287061847551494,0.35885680400510556,-0.394171054842173,1.2876751163773725,-0.017314237511349907,-0.008857602444583,-0.0026956420590993,-0.0094751835715483,SPY
2021-12-16,-0.8439112845415027,0.5204670305251078,-0.004369813376856823,0.417948031121267,1.625040107132528,1.6278876728678162,0.0033009864859406476,-0.12423993422190191,1.2584540690202661,0.6979624596788455,-0.0106998939846842,0.0123646828769095,-0.0002086643469407,SPY
2021-12-17,-1.0104661180884187,0.38738088904236817,-0.09518748304027203,0.449194022684202,1.6328196532215002,1.6238946382294999,-0.3951108410808417,-0.5714150001310808,1.762925406238367,1.413239156869041,-0.0106903873057362,0.0371175442320375,-0.0073768988642202,SPY
2021-12-20,-1.0096066540484974,-1.3975556360226202,-0.9701294092781825,0.4811182979398267,1.6306865523781893,1.6179317433000986,-0.7716544323707386,-0.393219283948712,0.8774522167499913,-1.4478676318917407,0.0176031207720708,0.0469905272124018,-0.0071245531598149,SPY
2021-12-21,1.5483058292811536,-1.5223991492261428,-1.0482671449630732,0.5941140095748814,1.6272208295013493,1.6165353070441086,-0.04806308863728118,0.17274388571486277,-0.25063198323153846,-0.7325909347015453,0.0099491209038333,0.0306659331029095,-0.0358573464963374,SPY
2021-12-22,0.856335722339021,0.405512779433598,0.02012031976454907,0.6262580436905928,1.6270406171579284,1.6170889421560088,0.3543525008487985,0.09234873879177243,-0.5563080448893044,-0.017314237511349907,0.0062027224914258,0.01794844163763,-0.0656323787389103,SPY
2021-12-23,0.5176375573652594,1.8114108585208524,-0.222052847719034,0.6358777771837023,1.6327345277929497,1.6184514926251343,0.5978567161717399,0.41273302751755003,-0.6160141730225419,0.6979624596788455,0.0140529673704437,0.0092222458442696,-0.0675973498344637,SPY
2021-12-27,1.2273494572828658,1.0348517525167178,0.4345068119188881,0.5031663472572651,1.6406403880266351,1.6281220195058015,1.0934783908816976,0.4548655639090406,-0.5833709226281456,-1.4478676318917407,-0.0008174043253719,0.0009425631155952,-0.0939343763125881,SPY
2021-12-28,-0.11702640759316091,1.314392805806026,1.5136156821086741,0.4682282441870076,1.6521909656186178,1.634876220473295,0.9964701208574052,0.08525523942706624,-0.862820951941343,-0.7325909347015453,0.0012785266625785,0.0014249356645272,-0.0956290383692932,SPY
2021-12-29,0.07245903986469701,0.836203950409325,1.9440315179383663,0.29736741186929466,1.6674281987385757,1.6463053585378569,0.944010930348808,0.05837843858512293,-0.6050417477627772,-0.017314237511349907,-0.002768370561446,-0.0192425743323525,-0.101857712013019,SPY
2021-12-30,-0.2934061225470304,-0.03395058380939517,1.2323556412360714,0.2338855087259079,1.6744046117032285,1.659543599333608,0.7069036523557158,0.17258281396268169,-0.5576866221492736,0.6979624596788455,-0.0025234733019345,-0.0174140403810243,-0.0745573633869369,SPY
2021-12-31,-0.2712658578787179,-0.16684423882337054,0.6779325525331193,0.17908246783664883,1.6842222341751016,1.6688567025096093,0.5173138963860978,-0.1071018686211107,-0.20328792628695047,1.413239156869041,0.0057732846417692,-0.0188519433816729,-0.0541830991763943,SPY
2022-01-03,0.4788136535414534,-0.42582446221456616,0.2975112691699658,0.13198276741458861,1.7014898930066484,1.6814340371763687,0.6416891847609568,0.3027971052941819,0.050073361168859694,-1.4478676318917407,-0.0003350317764398,-0.0258702166726978,-0.0532220951227531,SPY
2022-01-04,-0.0734168714007653,0.15600609888659897,-0.06344413500268097,0.09857893977611262,1.7233357760054049,1.6913327168561447,0.5378794922640482,0.5352248807883985,0.0011803913746133352,-0.7325909347015453,-0.0193889833343012,-0.0164682335946917,-0.0432199802602344,SPY
2022-01-05,-1.7960148755995358,0.30507582020200735,-0.04241495018155967,0.12040317838706542,1.7284851149792033,1.6921781366612287,-0.2634644829885087,-0.47305203507300686,1.1043839843598597,-0.017314237511349907,-0.0009398366101178,0.0056206142053998,-0.0476165644570789,SPY
2022-01-06,-0.12809506223481543,-1.408898362411215,-0.9434216274459074,0.1181004613833722,1.7287270947832534,1.692209152897424,-0.3018221273535692,-0.23971817297707723,0.49822509159511924,0.6979624596788455,-0.0039613763025831,-0.0073139427690547,-0.0419855084026812,SPY
2022-01-07,-0.40126140403233207,-1.4500957565185193,-0.8637061077727582,0.10501846685712944,1.7243618090963395,1.6928763155877118,-0.4678430733245259,-0.014697410394562868,0.43192330865057216,1.413239156869041,-0.0012449886492555,-0.002943649686447,-0.0412385583925374,SPY
2022-01-10,-0.155682740937552,-0.39921591623487845,-0.9263919468040895,0.0664965397187291,1.7129888832149316,1.6911353450841602,-0.5026486212069525,0.35539086912795165,1.5196310345966846,-1.4478676318917407,0.0090669513015662,-0.0195667895391551,-0.0317994914958141,SPY
2022-01-11,0.776581998203874,-0.4200019088708045,-1.2323558050063674,0.06679011900991746,1.7060973146337601,1.6934748442710108,-0.15644190703120164,0.11817340040395267,0.03652404550368876,-0.7325909347015453,0.0026998644657902,-0.0390717824420523,-0.0263362705372243,SPY
2022-01-12,0.20095698716290797,0.4674465984487806,-0.8224733598502332,0.04248683841314933,1.6998444678117883,1.697986311063563,-0.08681419629072462,-0.13393969202596667,-0.18657933553738762,-0.017314237511349907,-0.0138743935845724,-0.0529013194722942,-0.0471651039809462,SPY
2022-01-13,-1.2974610051327824,0.7361575270431344,0.1404969913900998,0.02788109438806062,1.6885875198620144,1.6958368608062808,-0.6289126324356605,-0.941744020946986,0.5666516583052886,0.6979624596788455,0.0004089167800245,-0.0588528372264613,-0.0532063613660351,SPY
2022-01-14,-0.0061592059920789885,-0.8265343927258566,-0.42338913728234967,-0.005759232664527766,1.6786760283372348,1.695789724908404,-0.6120665956200076,-1.6966328883838002,0.6986056674444778,1.413239156869041,-0.0178681285019637,-0.0550240026106134,-0.0568901577679987,SPY
2022-01-18,-1.6585199580279768,-0.9825865097629358,-0.23286481917986807,0.08462456960525129,1.6581368799984681,1.6941469620324,-1.309605751031711,-2.0666585259383012,1.1192840858826718,-0.7325909347015453,-0.0104380416013309,-0.0494399332163304,-0.0230237747248009,SPY
2022-01-19,-0.9867930027459489,-1.2546271122682215,-0.9575558925917274,0.08238643009682942,1.6331646204295707,1.692577066926667,-1.7062407582662718,-2.2948530359664323,1.0715120424963325,-0.017314237511349907,-0.0111296725644516,-0.0415139579970764,-0.0114655317546361,SPY
2022-01-20,-1.0493208260741358,-1.9934876411841391,-1.807882267087608,-0.02938385471736323,1.6122286364539653,1.684649878320869,-2.07165201369497,-2.391708864875929,1.443914365351796,0.6979624596788455,-0.0198259113387395,-0.0353344324137721,-0.0219285833022313,SPY
2022-01-21,-1.8355159368958438,-1.5344853160139176,-2.410785336185131,0.03612974332575486,1.5832299066419466,1.670209813254676,-2.711177357155297,-2.5493487607640293,3.474771268461371,1.413239156869041,0.0042377513958724,0.0090234569896034,-0.0085990794094152,SPY
2022-01-24,0.3399917143373855,-2.173957337174985,-2.6702436471849302,0.020989864268772425,1.5578221521256645,1.6552594229069024,-2.423008582910254,-2.636434017892443,3.9730207946211773,-1.4478676318917407,-0.0122840591076807,0.0226364965023391,-0.0236263340175444,SPY
2022-01-25,-1.1536846872607105,-1.1271769775382379,-2.5033243832996988,-0.10140962124495378,1.5277780283402083,1.6344620486600394,-2.7165095235032375,-2.714967909815342,1.8936651924649253,-0.7325909347015453,-0.002512066382077,0.0416548443054303,-0.0292401095195078,SPY
2022-01-26,-0.2702346000149139,-0.6134498355567531,-2.259885100516428,-0.10655608072791847,1.4925749163669322,1.6133244052901052,-2.6329136709298067,-2.5861972822819177,2.165100089627804,-0.017314237511349907,-0.0049501469811472,0.0538339937735861,-0.0117911244630031,SPY
2022-01-27,-0.49065254121101576,-1.0732260933945386,-1.914349687810312,-0.1258085086823324,1.4540712423354523,1.5908501314906973,-2.630000366062283,-2.616625828574958,1.3198605349558825,0.6979624596788455,0.024531978064636,0.0349985732235875,0.0149831016032599,SPY
2022-01-28,2.1747184506896735,-0.573663174249619,-1.6449513029190677,0.24302157398671165,1.4322157101226751,1.5742228572709853,-1.535578332348224,-1.662271469127427,1.5665160605297355,1.413239156869041,0.017850790908608,0.0151578146032314,-0.0121105904210754,SPY
2022-01-31,1.5706967796099107,1.2684916751936992,0.2888450057716648,0.4098671306557835,1.4178808814907062,1.562047683074243,-0.7185033073131519,-1.1438458147356576,1.2613239845658901,-1.4478676318917407,0.0067342886954104,-0.005907402597816,-0.0453088664184671,SPY
2022-02-01,0.5656945118139335,2.8216195140504383,0.8823097966772967,0.4160361913916176,1.4144544424690075,1.5500134775142016,-0.33775958208414897,-1.2116719274408885,0.6270468340861594,-0.7325909347015453,0.0096670830860787,-0.0044476130457589,-0.0338140738111683,SPY
2022-02-02,0.8308377157708138,1.6092971543158998,1.7114207231366518,0.46612614061077984,1.4198747713433788,1.5401955686294917,0.1462896665657756,-1.0396252465167037,0.4874588712231629,-0.017314237511349907,-0.0237855675311458,0.0004154761283183,-0.0484720072399715,SPY
2022-02-03,-2.1934939570266963,1.0518488376854354,2.2423746211081848,0.5245716579703694,1.4197295647246113,1.5296097491689762,-0.7199802013108194,-1.1815733986442896,0.480908548950455,0.6979624596788455,0.0046912194442798,0.0060720746815325,-0.0328442618954936,SPY
2022-02-04,0.3809881004561595,-1.0270673267530148,1.421238466477412,0.5402276521277024,1.430105623747758,1.52025846372041,-0.4457070362028108,-1.0858441772958496,0.46952950768783314,1.413239156869041,-0.0032144262924393,-0.0185347957324086,-0.0674579705162736,SPY
2022-02-07,-0.33373238818474593,-1.3660074344713584,0.5562742786468527,0.5394698958905019,1.4372875743392346,1.5111064630776068,-0.49117207787609846,-0.8482030576174299,-0.26543644466834476,-1.4478676318917407,0.0081940782474676,-0.0185952490619083,-0.0718541562661521,SPY
2022-02-08,0.6976687409541588,0.03523370259799963,-0.36207057078266297,0.5728732062513154,1.4532290751738304,1.5040248981247533,-0.09368550658054842,-0.4755680170328452,-0.36309332237473557,-0.7325909347015453,0.014530172260156,-0.0107910727681419,-0.0535904659440618,SPY
2022-02-09,1.2704918043238995,0.2738373753556791,-0.29843058057567845,0.6202693194232582,1.4766139609681441,1.498090432131764,0.558267795253162,0.03543165034624164,-0.1253896368217528,-0.017314237511349907,-0.0181289689779315,-0.0242010436594641,-0.0726465058708534,SPY
2022-02-10,-1.6821015905282968,1.4825433564265622,-0.0864226599970966,0.6980625900179857,1.4941139191624893,1.4875435162516324,-0.08647511388489347,0.06357565738462627,0.8956532784404012,0.6979624596788455,-0.0199156509696614,-0.0276647987935794,-0.0673139828950475,SPY
2022-02-11,-1.8436289683924427,-0.31049944062772705,0.16017855455750202,0.7516481214591322,1.4926717832339034,1.4758447031465838,-0.7818747834148396,-0.41414335936510965,1.1492228848196924,1.413239156869041,-0.003274879621939,-0.0142455552698415,-0.0547335222630351,SPY
2022-02-14,-0.3391977523863458,-2.656840071405246,-0.9125657940789199,0.7486852367218139,1.4821311567094877,1.4633536118059487,-0.7977153557562895,-0.24596764216298286,0.45501783351636776,-1.4478676318917407,0.015998254541234,-0.0217601788601591,-0.0297065584265263,SPY
2022-02-15,1.403215748735375,-1.6450264428955477,-0.9152012762221639,0.7705358406051618,1.4755008975876378,1.4583036887268934,-0.10512346543036387,0.059604226908057376,-0.3425114437629363,-0.7325909347015453,0.0011202013688338,-0.0556562680110372,-0.0237728464990238,SPY
2022-02-16,0.058145429683071494,0.8013153137785823,-0.574975726444118,0.7438696308309076,1.4650958284679678,1.455800625151898,-0.03592830882126527,0.1759737753216613,-0.4401930498298906,-0.017314237511349907,-0.0215927241120468,-0.0418395507054434,-0.0124596547125142,SPY
2022-02-17,-1.9952470114632261,1.10069434256259,-1.1595876761577508,0.8410554012690008,1.4558619678307705,1.4510909711959126,-0.8632633668252206,-0.6379547930937886,-0.05049622515194474,0.6979624596788455,-0.0064964074459235,0.0015772524917192,0.020026130962603,SPY
2022-02-18,-0.6304442890018387,-1.459884337076364,-1.3105911838235378,0.74215375707871,1.4418561492924218,1.4492683047416144,-1.105136338307029,-1.1231341350394553,0.6327548484835197,1.413239156869041,-0.0107895032122566,0.0055119459779433,0.0262301164868397,SPY
2022-02-22,-1.0185673602955934,-1.9787036613111115,-0.7255749907480473,0.7647487487061955,1.424733697079642,1.4442767291928331,-1.485703574298558,-1.436122559934979,0.4204100274555821,-0.7325909347015453,-0.0178978346096441,0.0009539641014164,0.0486531690054317,SPY
2022-02-23,-1.6612055784698772,-1.242822391430458,-1.0531773982478652,0.8110839431866268,1.3966738763872977,1.4381915725881989,-2.1285708322349817,-1.884160187886482,0.6028301619161159,-0.017314237511349907,0.0149369186744277,0.0370808800137698,0.0535889374495619,SPY
2022-02-24,1.307264258547462,-2.0194515816984735,-2.530888194695995,0.8848403631960419,1.3683719509819836,1.4357225045643016,-1.5240488913980306,-1.2324766480734572,2.326986031511537,0.6979624596788455,0.0218240790851158,0.0171531109966176,0.0536139819819352,SPY
2022-02-25,1.92990721751695,-0.2670490174015231,-1.9285440055753231,1.0101534800923435,1.3571730856797177,1.4388865683519174,-0.6868939319169173,-0.8692521049749964,0.2979336098673833,1.413239156869041,-0.0025617139596993,-0.012828790275166,0.0366616023719341,SPY
2022-02-28,-0.27472305574892625,2.4386822235802565,-0.035774649614126464,0.8431242761964579,1.353465913861735,1.436300867989892,-0.7654966715088287,-0.8583945728955926,0.8206334535561051,-1.4478676318917407,-0.0153474850887835,-0.0401895654919668,0.0463111150925437,SPY
2022-03-01,-1.4306378150690524,1.2467306636314484,0.13575956542250286,0.7903198529222499,1.3447159816054073,1.426614205766937,-1.286367092081701,-1.2354994547717466,0.6415608826862278,-0.7325909347015453,0.0182290813027092,-0.032452692445501,0.0739534367532783,SPY
2022-03-02,1.6048966292267968,-1.2852788270076292,-0.06294710539660611,0.8877578378731413,1.336769401064007,1.4192945151503542,-0.4907278659820169,-1.1738331667685415,0.20491587296372138,-0.017314237511349907,-0.0049908503427245,-0.0242240051786524,0.0495304860001297,SPY
2022-03-03,-0.49433238311700134,0.13092444805702874,1.512017293842218,0.8504732484675427,1.3262288057668206,1.4087767495144525,-0.5927982500736311,-0.9883370515691569,-0.0693841304463536,0.6979624596788455,-0.0081578221866678,-0.0237590225025634,0.0390102509791177,SPY
2022-03-04,-0.7806467133053553,0.8363856803426775,0.6432598600658945,0.7197344012236385,1.3214956633123631,1.4017632854280269,-0.8539936039444285,-0.7987636679072994,0.1124202431899791,1.413239156869041,-0.0299224891765002,-0.0283976463180213,0.0499981812175258,SPY
2022-03-07,-2.748310575831948,-0.9610068036301426,-0.6638106698158336,0.9262703804591671,1.3071705463488745,1.3875370410882026,-1.9020702614006164,-1.1721234448451183,0.6227680876567534,-1.4478676318917407,-0.0076106120423178,-0.0058103474791701,0.0884509144525651,SPY
2022-03-08,-0.731175447480408,-2.659271257850548,-1.8566123749650412,0.931058571889574,1.2942778848727212,1.3724650946924088,-2.0598226605304193,-1.6116853428305642,1.1834011410420473,-0.7325909347015453,0.0264577685695579,0.0235523487777173,0.0833497871009623,SPY
2022-03-09,2.3488221199579367,-2.6219970319829944,-1.519320931677258,1.1332998181632343,1.2995626875695767,1.361028727869057,-0.9135441566341782,-1.1025745392073458,0.10264305750253393,-0.017314237511349907,-0.0045258676666355,0.0190265466768959,0.0468422639528141,SPY
2022-03-10,-0.4522950016643629,1.2184479659688212,-1.1605886908959515,1.0511326498564433,1.2968331778635032,1.3454464405110778,-0.9468546882616646,-0.8769393327044728,-0.41735533449610257,0.6979624596788455,-0.0127964460021257,0.035985807498875,0.0563943459110527,SPY
2022-03-11,-1.2000077105489901,1.4285710051522909,-1.140317623117023,1.0166312933128032,1.2797204997736642,1.3312299338268034,-1.3204360743221086,-0.9580175914267968,-0.3792115161284926,1.413239156869041,-0.007335190337649,0.0596753150640712,0.0665133507364874,SPY
2022-03-14,-0.7062755794748261,-1.245302049478959,-1.3425399049340385,0.943109883423578,1.2607203230032253,1.3198275468739442,-1.5022995623005855,-0.9086508246919694,-0.368605981543645,-1.4478676318917407,0.0217520842145697,0.0667180834800333,0.0566085692577171,SPY
2022-03-15,1.9233984248427034,-1.4366642324636714,-0.3578394219903875,1.0975547781276478,1.257032574522205,1.313582024724533,-0.5780983375083446,-0.2843894102108324,-0.1291635849032129,-0.7325909347015453,0.0219319664687365,0.0565995485717989,0.0311442567358373,SPY
2022-03-16,1.9396609208964766,0.9166724737093549,0.9222366681595453,1.160330198808823,1.254835395403257,1.3084883841194352,0.3639811624039278,-0.1802973381103036,0.7350939905900182,-0.017314237511349907,0.0124333931553435,0.0217055159375485,0.0206006720856466,SPY
2022-03-17,1.0809296817254785,2.9102587121336287,0.7249328849058906,1.2047104588612527,1.2600234561420607,1.3058006343816981,0.9058503987055203,-0.3160624486664278,-0.20986977977978888,0.6979624596788455,0.0108930615630704,0.024234085989006,-0.0043624712523833,SPY
2022-03-18,0.9416739415921828,2.275498923928054,1.4642772589682616,1.111989103073771,1.2733137963902583,1.3100975905012748,1.3193131389954513,-0.11022783908483365,-0.14291006519415575,1.413239156869041,-0.0002924219216868,0.0182127239010503,-0.0148445048018839,SPY
2022-03-21,-0.06956467042639926,1.5235636043206302,2.497028882195663,1.0971379848055958,1.2988092369679365,1.3157067153069166,1.2505559115982567,0.16661831434719251,-0.56777911989287,-1.4478676318917407,0.0116335493063353,0.0255929445836473,0.0014616888638734,SPY
2022-03-22,1.0086187275494813,0.6567212944190192,2.8040606131669477,1.0799279994369297,1.3324314704304363,1.3261159711579493,1.63707601431523,0.08075447361153824,-0.896624750016526,-0.7325909347015453,-0.0129620661655138,0.0262542318492631,-0.0109136115323815,SPY
2022-03-23,-1.214980823188699,0.7071609795739728,2.362939862876854,1.0323395912183835,1.349630085856802,1.3374059124941484,0.9780826328224351,-0.08007295340825174,-0.8043754495492769,-0.017314237511349907,0.0149619632068009,0.0330224285643376,-0.0130181153508885,SPY
2022-03-24,1.3095284430317753,-0.15585515066775082,0.8417234026024271,1.0325058655919077,1.3751923214791135,1.3488712570750785,1.4926227259229201,0.28048014235686647,-1.167597416353526,0.6979624596788455,0.0048716994751147,0.0025493799938001,-0.0558025767919589,SPY
2022-03-25,0.3973046393100467,0.07086588655649133,0.9519572188985279,0.9286221703326526,1.4081269625677117,1.3568161804448482,1.619269770469312,1.0066504619205472,-0.8959887909618822,1.413239156869041,0.0070877987609101,0.0005077885704256,-0.0548936420606178,SPY
2022-03-28,0.597654062642261,1.2856456478992035,0.6894540219341346,0.9296498332096883,1.4471594697365742,1.3668753197530288,1.8195601483179433,1.2728177465235186,-1.1155074141861685,-1.4478676318917407,0.012294836571951,0.0019502338680545,-0.091369828451584,SPY
2022-03-29,1.06840328827393,0.7492824479387414,1.0111970918882933,0.857888150261619,1.4827921434835631,1.3829163118417527,2.184043550133066,1.162985597221154,-0.6959422399770425,-0.7325909347015453,-0.0061938694504393,-0.0230563420978171,-0.1008568522667774,SPY
2022-03-30,-0.6030929364158518,1.254923090112796,1.0400261207359713,0.8158919857851349,1.5065109420465828,1.3937232905516586,1.8103076376923388,1.1002164239906589,-0.8701581321476022,-0.017314237511349907,-0.0155110853637365,-0.026912227225968,-0.0697172717321539,SPY
2022-03-31,-1.4454283169901163,0.3502178211784928,1.3350878110044857,0.8922683412271437,1.5180998042223521,1.4021477424952815,1.0716810133527988,0.991362191619636,0.13786371515291237,0.6979624596788455,0.0028301080517403,-0.0063749275706284,-0.091861903699943,SPY
2022-04-01,0.21273183294941186,-1.5438337153066501,0.006605558289943305,0.8612798833460229,1.5262555759764669,1.4129168055029024,1.0847475409743517,1.222116985890508,-0.6609388216674477,1.413239156869041,0.008530244058539,-0.0118824767990597,-0.0886906084448329,SPY
2022-04-04,0.7280602612366027,-0.9291488833222062,-0.0823982696982259,0.5203605111398671,1.5383047587473446,1.4317696593159583,1.2583992908657224,1.1052068643708028,-1.3559211649160086,-1.4478676318917407,-0.0127117393939206,-0.0376526926740181,-0.0926475132964972,SPY
2022-04-05,-1.1923496962104185,0.7084705071344731,-0.019514407784119423,0.5698631878049194,1.5397029267363127,1.4493549871246716,0.5580008549702201,0.42027785179066585,-0.9916410282244604,-0.7325909347015453,-0.0100497545785902,-0.0286531815874075,-0.0499372183314763,SPY
2022-04-06,-0.9516893945312292,-0.3501910291511027,-1.1096840471925493,0.4463147631300085,1.5423438447913227,1.4593173143791274,0.05017503151628088,-0.08413118030085731,-0.19600602731998498,-0.017314237511349907,0.0050262142916031,-0.0072150451902714,-0.07607716820588,SPY
2022-04-07,0.4112737581930136,-1.615801824144392,-1.2777825867724395,0.430538747384459,1.540673781312116,1.4713146548374019,0.14253670929846488,-0.20770949062372904,-0.895467976426879,0.6979624596788455,-0.0026774411766909,-0.024771009664561,-0.0870902930458434,SPY
2022-04-08,-0.2851855297620377,-0.40754847042087766,-0.38245247079652067,0.35105673573799195,1.5357026249117989,1.4853563855011358,-0.098626444379823,-0.26918631147913674,-0.876962767994019,1.413239156869041,-0.0172399718164193,-0.0216825404743001,-0.116953925198584,SPY
2022-04-11,-1.6017306117573626,0.0946302222552205,-0.622555832591333,0.4607607493002017,1.5201776016416126,1.4971605565894983,-0.9025090114897164,-0.9347168623465236,-0.6203700663945925,-1.4478676318917407,-0.0037122283073101,0.0115712030861896,-0.0974061932390126,SPY
2022-04-12,-0.3787368459056835,-1.4220720150274306,-1.7460165969207924,0.3349282613493793,1.4975939753378273,1.5037130736186999,-1.1099198962944705,-0.7425517497467028,-0.7446504138494918,-0.7325909347015453,0.0113883818185458,0.01454168030358,-0.1097076114206929,SPY
2022-04-13,0.9864540325318553,-1.4925584444728313,-1.353680046345765,0.20922431494180563,1.4826514023586632,1.508120013499992,-0.6957207853408716,-0.846719245326819,-0.9701757451357278,-0.017314237511349907,-0.0125297501826864,-0.0119132714989866,-0.1221403946462986,SPY
2022-04-14,-1.1758967178817106,0.4575145405107181,-0.4190776658538862,0.21832260043892637,1.4692041765077368,1.507186845030728,-1.186668899662322,-1.2361185921720736,-0.3930978045371662,0.6979624596788455,0.0004110280135698,-0.0272060195505696,-0.0859840168031862,SPY
2022-04-18,-0.005968337096433522,-0.14310718656868376,-1.1844355255834205,0.166070235381919,1.454688916941737,1.50399345851223,-1.141441530898609,-1.452315801080935,-1.119988724540444,-1.4478676318917407,0.0160137717440704,-0.0218364133576836,-0.0904608310253918,SPY
2022-04-19,1.4046186022356348,-0.8908498396964968,-1.0497927281022335,0.27295665195923907,1.4432708677132067,1.5043103792148276,-0.5041249864414247,-1.3476818934645192,-0.8233141589835903,-0.7325909347015453,-0.0007417510899196,-0.0672385727318101,-0.0861130742820304,SPY
2022-04-20,-0.11018687554094765,1.0534446773892352,0.39991480785933353,0.21755101684601014,1.4371346233674658,1.501931176736751,-0.5120867136715431,-1.2453695940294522,-1.1968733648438525,-0.017314237511349907,-0.0150665699840208,-0.0636890088851327,-0.1265177685805136,SPY
2022-04-21,-1.4052413088722127,0.9749210076025436,0.5294137077236348,0.24001157291243821,1.4289206128296947,1.4991326748876663,-1.0891500656709767,-1.2278016925089537,-0.611985796261854,0.6979624596788455,-0.0278224982342694,-0.0236767278169276,-0.1175948958783799,SPY
2022-04-22,-2.558458082771013,-1.142173658085222,-0.6238983373373173,0.39250667834612457,1.406851642500944,1.4872122321150842,-2.073159178261794,-1.7369385797559984,0.7901354634522979,1.413239156869041,0.0057806342064559,-0.0335099469141839,-0.0893356335979902,SPY
2022-04-25,0.479478100778164,-2.9868285793122813,-1.290590556684394,0.39783976574887137,1.3883458240061421,1.4754233809775628,-1.742929003284996,-1.8359549914953182,0.42815662212795624,-1.4478676318917407,-0.029388387630056,-0.0332891778137893,-0.0765792539341738,SPY
2022-04-26,-2.700024410353341,-1.5667829063179108,-1.0565008654346641,0.5862661326007939,1.3652184067218798,1.4560142420304047,-2.703920341999962,-1.9976218717019532,-0.01761083827931477,-0.7325909347015453,0.0028078127567576,0.0006725490231414,-0.0548539079660894,SPY
2022-04-27,0.2107161969526689,-1.673446343801314,-3.0358224559157696,0.507641875331374,1.3448096008404749,1.4344257969545202,-2.4051388505153946,-1.8106702963441368,0.5744806296277225,-0.017314237511349907,0.0249457110841841,0.0278632918374839,-0.048865711389932,SPY
2022-04-28,2.212122538318449,-1.8759455469394115,-2.8810780901109236,0.7795531901117588,1.3297603556441688,1.41936554828987,-1.296990222012685,-1.3116279467468421,0.053739862994391964,0.6979624596788455,-0.0376557173315257,-0.0332721236996942,-0.0540268048940548,SPY
2022-04-29,-3.447443422129361,1.8251215635583726,-1.1367299601004128,1.0622381341098954,1.304720270532053,1.4000393283806287,-2.5847104163082593,-1.6752859780133442,1.3041297396593026,1.413239156869041,0.0060014033068505,-0.0016033169165288,0.0078815184164913,SPY
2022-05-02,0.49943702691344066,-0.9311262426674732,-1.5654122767882406,1.0773371137514047,1.281913338307664,1.3812981675152056,-2.1851329319202923,-1.3781079868407986,1.64572432887541,-1.4478676318917407,0.0045733392068747,-0.0401457935528108,-0.0037468002780665,SPY
2022-05-03,0.37033097974962953,-2.221552625086905,-1.5557877775805853,1.0539115058560766,1.254086628886094,1.3615915988571552,-1.8274134435311447,-1.2452049350999899,-0.14041621139601665,-0.7325909347015453,0.0299985555711002,-0.0424113726165336,-0.0164415770826806,SPY
2022-05-04,2.668931710014767,0.6549572639169842,-0.07521548531498645,1.3197230158162605,1.2388916462081125,1.3508802247944072,-0.5385597096118476,-0.9193609206399722,1.1815525105418987,-0.017314237511349907,-0.0361897044529939,-0.0884235746766242,-0.0275755231602046,SPY
2022-05-05,-3.3149065648260447,2.289567445967266,1.110173603123773,1.56266703116012,1.2153468145425455,1.3349326734293874,-1.8223426921564136,-1.169394242702952,1.9462570889523907,0.6979624596788455,-0.0059869105483603,-0.0532782716306901,-0.0079336091433077,SPY
2022-05-06,-0.5843825397514201,-0.48708227830220324,-1.5550442980478871,1.544905150044772,1.2010741905524225,1.3166839149143166,-1.8860892576325408,-1.2321102738469765,1.273933925194165,1.413239156869041,-0.0325410733294315,-0.0236647334219037,0.0010935062120411,SPY
2022-05-09,-2.9850471825126186,-2.9382985175026897,-0.1744325854161083,1.7083787472579024,1.1716164204617174,1.2925992273265028,-2.9140832938199503,-1.7569676347832692,1.3639359961159054,-1.4478676318917407,0.002307760143152,0.004810553698892,0.0431810469049098,SPY
2022-05-10,0.16550827083951639,-2.6897652949166995,-1.8547041233439066,1.6907663537686703,1.1551009631426175,1.2726927466384972,-2.6440228770396046,-1.7149397641188722,0.7160273244698605,-0.7325909347015453,-0.0160136464889903,0.0228643220431719,0.0299416241781811,SPY
2022-05-11,-1.49086302845777,-2.1247585382900303,-1.9534727638135487,1.7153831533089965,1.1312939164280624,1.250489966829727,-3.047823469433782,-1.7098525747080042,0.9869952625081851,-0.017314237511349907,-0.0010444014070598,-0.0022684768562406,0.0218850452988279,SPY
2022-05-12,-0.137548382716646,-0.9989624480296099,-3.959389359380072,1.6568256217839954,1.0968552782685603,1.2256398618822641,-2.858348012153603,-1.4961921756256915,0.46980594968018813,0.6979624596788455,0.023626627660426,-0.0073677727310679,-0.0064950128887888,SPY
2022-05-13,2.092869035115336,-1.2273011001127991,-2.4272186855230626,1.8210174674004744,1.0868741812484624,1.2080541420584314,-1.7836045000878695,-1.2240998723099155,-0.1471518148227979,1.413239156869041,-0.0040657862086357,-0.0305576363453736,-0.0688294672642833,SPY
2022-05-16,-0.4107007213959045,1.4728691130183795,-1.1362070606312502,1.8162499515324395,1.0729025877540204,1.189585980521702,-1.7650986613042845,-0.9619417724285076,-0.8737098112785534,-1.4478676318917407,0.0203615284874318,-0.0079548362664656,-0.0677815499513014,SPY
2022-05-17,1.7976833723497405,1.2670619278089243,0.10518214574774327,1.856535985488437,1.0650769815010306,1.1716833399952733,-0.7855759419272177,-0.7109985735753575,-0.7214635320527703,-0.7325909347015453,-0.0411464453884029,-0.0359794064158691,-0.0739872224894941,SPY
2022-05-18,-3.7630273662638456,1.044653689747641,0.8922419236520849,2.1046247731364103,1.0289586931027606,1.1459166252971626,-2.1522585406855974,-1.4708719901799665,0.2833532371009992,-0.017314237511349907,-0.0061436972818871,0.0139630483054489,-0.0664969291284602,SPY
2022-05-19,-0.5985570543363844,-1.4811636399478612,-0.20343044472376384,2.089354833774307,1.0053166198434635,1.122221945710686,-2.16094269446188,-1.1785708548744174,-0.2559501853525619,0.6979624596788455,0.0004367640461202,0.0398913631673973,-0.0581998404714667,SPY
2022-05-20,-0.0036416366126683806,-3.286615863735923,-0.42573587161164733,1.9964382047135774,0.9842379586547079,1.1044704662140443,-1.9713594706527855,-1.2749502593065771,0.8166147104463685,1.413239156869041,0.0185370138702722,0.0637072051002975,-0.0337745868111243,SPY
2022-05-23,1.6327356853250041,-0.4540990385931213,-1.4367053577516566,2.0768606581601006,0.983024312366879,1.0890689605482249,-1.0909100196519912,-1.0572073747629542,-0.9203472308382188,-1.4478676318917407,-0.0076630416619716,0.0395432758423179,-0.0541263253996655,SPY
2022-05-24,-0.7359154174494863,1.227073014878571,-0.45132909331332305,1.9479659071892959,0.9779755875276329,1.0782406091740444,-1.2859538562096606,-1.6798926161361143,-0.4181271633347769,-0.7325909347015453,0.0087960093329151,0.0390848799065501,-0.0367083386949094,SPY
2022-05-25,0.7520871267314259,0.6753398451557352,-1.6730691498507515,1.9678464796992103,0.9824612541855897,1.0685384701942016,-0.8386051127656484,-1.1096718605086335,-0.39642356501391085,-0.017314237511349907,0.0197846175800613,0.0491534800672113,-0.0142054490574627,SPY
2022-05-26,1.7455269692740276,0.011813397316206238,0.5041880615730514,1.9167148632474502,0.9950541967097144,1.0575687581682025,0.0738159232581139,-0.6684200678646847,-0.6791823381509016,0.6979624596788455,0.0242526059790204,0.0128210720510528,-0.0378172358697641,SPY
2022-05-27,2.1494614432049595,1.8814612112076057,1.634541201566934,1.776337447537799,1.0082005169738772,1.0591581599462432,1.06034940140928,0.23775976039657648,-0.5809235179788318,1.413239156869041,-0.0056269153877073,-0.0083913291209789,-0.0827141342401329,SPY
2022-05-31,-0.5518366952120906,2.9343157324171005,2.6728004117695665,1.775930199141781,1.02066711412606,1.0584024332003286,0.8334617672443436,0.09926025631075645,-0.20853547799322275,-0.7325909347015453,-0.0081214375977394,0.0067820536301654,-0.0779018450003796,SPY
2022-06-01,-0.7773573158236138,1.2033624062383492,1.619366223825785,1.7826520185493888,1.021900183750851,1.055092022328583,0.5315262772643299,0.24180201543066535,-0.4900773683734396,-0.017314237511349907,0.0188646094935762,0.0039718286443282,-0.0779379104271731,SPY
2022-06-02,1.6623524063066892,-1.0018551413265875,1.5993823070878723,1.6619604721117358,1.0466878903913794,1.0494024246593652,1.3798385402925568,0.4840498902578618,-0.700682618909598,0.6979624596788455,-0.0165477904360971,-0.0389630062175916,-0.0862816633510563,SPY
2022-06-03,-1.5391530272250546,0.6664301411952692,2.0383261361621177,1.4373616673035912,1.0671550287381295,1.0478081462132482,0.7044439143211171,-0.10390526969035734,-0.9334053243563011,1.413239156869041,0.0030402048069886,-0.0518396753761711,-0.0678470859985056,SPY
2022-06-06,0.23172591143126037,0.09245361283662645,0.45440324324498194,1.4318777316305407,1.0886706525540715,1.048027564915511,0.8284936754355462,0.007648135724564238,-1.3728942749653446,-1.4478676318917407,0.0095464673634371,-0.0935877068982282,-0.067515511363605,SPY
2022-06-07,0.8199332898586102,-0.9854548298295344,-0.47035813825168454,1.172661868603307,1.1069434222325594,1.056593722484257,1.136113089141264,-0.13987475238705144,-1.2716269890614735,-0.7325909347015453,-0.0109316625835766,-0.1061520431573193,-0.0621960312200684,SPY
2022-06-08,-1.0314194686139306,0.7920035545016805,0.1911303128260086,1.2140023028461135,1.1237695280341338,1.062507678246234,0.6177517000703414,0.4866182164929867,-1.074749315288584,-0.017314237511349907,-0.0240702253683435,-0.0810645246245034,-0.0520873111866642,SPY
2022-06-09,-2.2192288299609135,-0.1597159015147084,0.06861766000829135,1.2994027678310427,1.1277212715162421,1.0667444835659903,-0.4108687778393451,0.07475972250597501,-0.35425065223488894,0.6979624596788455,-0.0294244595946766,-0.0906504512835288,-0.0395066073412833,SPY
2022-06-10,-2.703285544615926,-2.449578782790322,-1.803140132956235,1.5083754263401696,1.112662189742535,1.065506123486483,-1.5697135975566332,-0.4328266837472693,1.1700798037403735,1.413239156869041,-0.0387078267150684,-0.0590726003137458,-0.0189703100730191,SPY
2022-06-13,-3.542560779743388,-3.709249678572681,-2.3645026238685727,1.6647274305169064,1.07357275533367,1.0524789122694536,-2.9339365932708423,-1.182497543240103,2.227840992698257,-1.4478676318917407,-0.0030178688956539,0.0044972441077852,0.0144720732736773,SPY
2022-06-14,-0.3159623535341992,-4.706316827985859,-4.1845213474446075,1.664670095297634,1.0356485025519186,1.0396954717338642,-2.924573605937037,-1.132595424230976,0.1831130021514847,-0.7325909347015453,0.0141558559492391,0.0057003882851702,0.0150586594190329,SPY
2022-06-15,1.2366512370186646,-2.9075833135028843,-4.732267586180902,1.6083520433917586,1.006142236573269,1.0254982208322214,-2.244517316735174,-1.0556557895991956,0.830817619130058,-0.017314237511349907,-0.033656152027369,0.0012994773787156,0.0198274798907265,SPY
2022-06-16,-3.0858573653116395,0.6933237021385308,-3.6385692298006287,1.494507156273848,0.9568775654563754,1.0132072296887977,-3.4026074980204455,-1.6874229532085214,1.066152352225212,0.6979624596788455,0.0021533913751063,0.0662545283764464,0.0451924221818105,SPY
2022-06-17,0.15155235566157352,-1.393659328854318,-4.056470753924831,1.4987601583212522,0.9150311726064053,1.0024717388559463,-3.2180541137801,-2.1475203116275834,0.33437997127808783,1.413239156869041,0.0248620177064626,0.0602739677690999,0.0696995863052354,SPY
2022-06-21,2.204556126438482,-2.2112292882616953,-2.6798242889308135,1.6609941178135894,0.8809519598623904,0.9961629925081847,-2.209026027665196,-1.6374617724937544,-0.7327327665551484,-0.7325909347015453,-0.0018147247182689,0.0147676576712889,0.0511904896101453,SPY
2022-06-22,-0.2071904931443436,1.7748435185675997,0.09152331438969342,1.5665610203366371,0.8423745271140235,0.985967102645982,-2.1771121352071154,-1.5822678906238923,-0.33042115560614227,-0.017314237511349907,0.0097549450427845,0.0157677562416038,0.0631369825113843,SPY
2022-06-23,0.8387809936156639,1.504547989399666,0.14397476779164023,1.5922345407104865,0.8117643473332119,0.9790454955421803,-1.7283230674852728,-1.7835554333714925,-0.6751884077271115,0.6979624596788455,0.0312988989703617,-0.0021446918257135,0.0440606630634343,SPY
2022-06-24,2.786490996210009,0.4755019373891297,-0.04788434408781431,1.797680929775975,0.8023706657336803,0.9763128522330441,-0.45735183307070953,-1.0704688207398463,-0.09411852281187946,1.413239156869041,-0.00382716923224,-0.0229227342263822,0.013975800877545,SPY
2022-06-27,-0.38912823413209663,2.7310973451265452,2.7838517808656773,1.7055015929464736,0.8028256152452559,0.96897945676791,-0.534671966655818,-1.1608820434991511,-1.0837248776949404,-1.4478676318917407,-0.0206442923913483,-0.0172087780776886,0.0059015579520922,SPY
2022-06-28,-1.9095027717850281,1.8059266397341118,2.523127337436505,1.6118116745714106,0.8099078885190752,0.9529072132339202,-1.191578595410785,-1.5136205440898889,-0.4268868393340806,-0.7325909347015453,-0.000814626147954,0.006807293755549,0.052180762394423,SPY
2022-06-29,-0.11677524274366227,-1.7322794170957787,0.53926526300277,1.6134927513855182,0.8177850509285349,0.937819209898863,-1.0669710519195656,-1.421615762940698,-1.0545199276527137,-0.017314237511349907,-0.0081575030245328,0.0224878674104767,0.0654597553661506,SPY
2022-06-30,-0.7806178590251763,-1.5270745017285836,0.5828648785303443,1.6135600121401552,0.8174739964920739,0.9228465844535546,-1.2341735000971943,-1.2569278449764187,0.3692489203937967,0.6979624596788455,0.010520856569693,0.0298224278848371,0.0880906364365197,SPY
2022-07-01,0.9080242507762012,-0.6765138678936495,-0.19803399691427315,1.5438423388924993,0.8332387199785316,0.906024745290107,-0.6375023923972548,-0.7144943778958553,-0.8120852242840451,1.413239156869041,0.0018867869164536,0.0078120497921814,0.0746041739789786,SPY
2022-07-05,0.12744962258854053,0.09562339509004729,-1.103859369506844,1.5148823063752155,0.8489381161001585,0.8928951554046667,-0.42120491607563626,-0.01962191314261169,-0.5897331625556188,-0.7325909347015453,0.0033717794418892,-0.0029628994506847,0.066098379929854,SPY
2022-07-06,0.26170236028430954,0.779808686253182,-0.8547576323190607,1.515874094031273,0.8569146123277476,0.8797878006167603,-0.14315478260606335,0.09714929362693756,-0.9260309338621675,-0.017314237511349907,0.0148659475069736,-0.0116001222609458,0.0782646192997864,SPY
2022-07-07,1.3008480151220059,0.29283614314937834,0.19223066412662712,1.5529394386820146,0.8711513250035523,0.8675652239518605,0.6007891880201258,0.11446732742172241,-1.092863663852815,0.6979624596788455,-0.0008229425501724,-0.0288973525182179,0.0627228815329079,SPY
2022-07-08,-0.11752709822204042,1.1769355488666444,0.8758302641054495,1.539222574461206,0.8814973122043599,0.8573896561534137,0.6796935946706695,0.9763442597514516,-0.835448422714257,1.413239156869041,-0.0114895215229626,-0.0091497335471126,0.0618542315211154,SPY
2022-07-11,-1.0818534530130504,0.891204341947177,1.1955827627468247,1.4501560027675569,0.8757928155384225,0.8498081778405328,0.2894104891017439,0.5894929342308033,-1.234967881254332,-1.4478676318917407,-0.0088881623264125,-0.005951421760435,0.0721820724958277,SPY
2022-07-12,-0.8466740915785724,-0.9040469259803727,0.236033323380893,1.2764025949671107,0.8682259268846766,0.8462369514699843,-0.03505491718921782,-0.07842392033640545,-1.1047567834909906,-0.7325909347015453,-0.0052654433683718,0.0295972960645087,0.0770914005795644,SPY
2022-07-13,-0.5191573332860272,-1.45342421131584,-0.23370401877945943,0.8882722175295066,0.8664511897310382,0.8489021054562773,-0.2782194718587761,-0.16835638936799832,-0.43583018661350115,-0.017314237511349907,-0.0024312827502983,0.0412156604442532,0.1031432462508714,SPY
2022-07-14,-0.2629312476131123,-1.0294596753018017,-0.6102464966222237,0.8871059006539606,0.8640816675305893,0.8516677407578068,-0.40667439583957565,-0.44878020608727903,-0.28624778321399974,0.6979624596788455,0.0189246764209327,0.0537787113775216,0.1055745290011698,SPY
2022-07-15,1.6677828373051329,-0.5896374420982163,-1.3643247557997455,0.9296366727424674,0.8717655333873239,0.8553699629004345,0.32416292923153883,-0.7941234385433996,-0.6093187967763661,1.413239156869041,-0.008291209736285,0.0255326605514234,0.1034371801006575,SPY
2022-07-18,-0.7927057933370117,1.0581170779879456,-0.5034210206267973,0.5810139758577565,0.8724578723001625,0.8636337984096062,-0.10571560504323095,-0.897265529745686,-1.0869543715035535,-1.4478676318917407,0.0266605554985313,0.0350379070721809,0.1158406911248528,SPY
2022-07-19,2.3671553438074038,0.6589573688738288,-0.3639896001893642,0.7597246501941505,0.8825112915845756,0.8765654520212891,0.8495789601073319,0.32201348141014285,-0.6193061447154145,-0.7325909347015453,0.0063529210113726,-0.0035240605840431,0.0911370315877153,SPY
2022-07-20,0.5312164556797783,1.185901006523311,1.1857680693748998,0.6135660984984224,0.893744538066899,0.8862115328391521,1.007362666955982,0.46393675737229695,-0.7924411419048691,-0.017314237511349907,0.01013176818297,0.0157579304555666,0.077660734425474,SPY
2022-07-21,0.8728481941776198,2.183412918095345,1.6922743629061716,0.6236291255978782,0.9033006949433001,0.898159008974323,1.2991785538452174,0.8838512827228115,-0.9689314852374301,0.6979624596788455,-0.0093213744051654,0.0180905290963702,0.0704312009196277,SPY
2022-07-22,-0.8858392096375954,1.0575241565687992,2.239964567454077,0.6537785878318579,0.9095609426187454,0.9064977507323829,0.8164331736022813,0.4164986773024905,-0.7294670306378931,1.413239156869041,0.0012140367844724,0.0418852815473718,0.0662233831161476,SPY
2022-07-25,0.06662874608131875,-0.010159316961818321,1.008568990313679,0.34810667747998497,0.9206187857510432,0.9091859081658437,0.8373440503162408,0.405743952285768,-1.2372877738591965,-1.4478676318917407,-0.0119014121576928,0.0377056388750514,0.0439670902983388,SPY
2022-07-26,-1.1190909773753746,-0.6176070000975357,1.4229532381277226,0.3976370691800067,0.9304285077337665,0.9103121362407864,0.33244607053679,0.004769914757325518,-1.2130405842386598,-0.7325909347015453,0.0256349120509824,0.0429880439000731,0.0534462744962418,SPY
2022-07-27,2.274430674575297,-0.7933510189675644,-0.25816801701889336,0.43227283243903397,0.952085840718733,0.9202960870491917,1.289378173201599,0.20713725781534711,-0.33240986107628595,-0.017314237511349907,0.0124643668237736,0.0328911506609124,0.0310073388807721,SPY
2022-07-28,1.083729897694244,0.8701218350463109,0.5824365202602758,0.45930501353016545,0.9795450368722872,0.9328947473384103,1.6760819338651216,0.4232135683218615,-0.5600043495620879,0.6979624596788455,0.0144733780458361,0.0197509935772339,0.0325618050447582,SPY
2022-07-29,1.2653572473297559,2.5298417042254218,0.6841269005266499,0.448474352741986,1.005736594857615,0.9499051300933687,2.103398465335248,0.904592474173172,-0.15122226685524268,1.413239156869041,-0.0029656058878479,0.0035860229694328,-0.0163465618012157,SPY
2022-08-01,-0.3112374463323177,1.769553277865218,1.721466708052639,0.4512269414069666,1.0338393842182236,0.9643644666227987,1.8149884335719273,1.0616172054308448,-0.652257523616754,-1.4478676318917407,-0.006619007132671,0.0053899483090305,-0.0200152951587639,SPY
2022-08-02,-0.6415280778456023,0.7185122949420196,1.5392538552751036,0.48613894243190164,1.0492365319822048,0.97714434766111,1.3931634275093456,1.0092682182584074,-0.8563011834844508,-0.7325909347015453,0.0155380188118217,0.0080301211990256,-0.0244348034709167,SPY
2022-08-03,1.3616075213532972,-0.7182343321933292,1.7695419838536244,0.5347137735855528,1.0684268513551556,0.9924213963670306,1.8843721286120798,1.224797199963954,-0.6907005397419673,-0.017314237511349907,-0.0006757902599048,0.0132785046901391,-0.0476111102828413,SPY
2022-08-04,-0.10422359838063026,0.5421741115192606,1.3293647090158465,0.49691735656487435,1.083424134441003,1.0047507893114858,1.719765759698822,1.034766994728714,-1.4577578943054785,0.6979624596788455,-0.0016915925619649,0.0139542949500439,-0.0438020860267993,SPY
2022-08-05,-0.19605856567733748,0.9470072645275688,0.7565153781344675,0.4995269578124584,1.101346753191267,1.0168941005193768,1.5152431933691621,1.228919050783896,-1.0248169346860898,1.413239156869041,-0.0011616805482503,0.0324332150324293,-0.0527111169359191,SPY
2022-08-08,-0.1481511605150155,-0.22661941726493148,0.05179833880028346,0.42966331705959054,1.1183332732725422,1.030976443949412,1.31348901606364,0.8809558974853056,-1.1175807628414562,-1.4478676318917407,-0.0039788342426758,0.03770719686859,-0.0553296746202605,SPY
2022-08-09,-0.40283971248293265,-0.2597167283101385,0.13044103821154648,0.3938014883143312,1.138284131828306,1.0459205777358902,0.9861253649075784,0.6363668136465125,-1.417032374336711,-0.7325909347015453,0.0207864023029351,0.0436429270726597,-0.0335454699688257,SPY
2022-08-10,1.8360946585545872,-0.41551640399372874,0.24554021577947985,0.45433620689261556,1.1567625640425367,1.0660745610892668,1.6453373586198345,0.8139129669351427,-0.4814078937603541,-0.017314237511349907,0.0,0.0157331486188558,-0.0478167735549384,SPY
2022-08-11,-0.04312787503768522,1.07951764462873,0.47434516475742505,0.44331200890541345,1.1703361664926355,1.0866789854946841,1.4242397538400675,1.1452953357636304,-0.8185872688445174,0.6979624596788455,0.0167873275204204,0.0186353832959795,-0.0324009489114649,SPY
2022-08-12,1.474552948002729,1.350543260258031,0.5038064562577733,0.42413530692270013,1.1850702352581421,1.1072295940646009,1.9171663520519384,1.3251002997977714,-0.7160072010432178,1.413239156869041,0.0041123012879102,-0.0116811364330864,-0.038497861272801,SPY
2022-08-15,0.32865022934693766,1.078138923014333,1.3094008595205364,0.3558659380227114,1.202710122669411,1.1301990613620074,1.846838477060591,1.8046664926281817,-0.9780966326055017,-1.4478676318917407,0.0019568959613938,-0.036835693754333,-0.087066480106281,SPY
2022-08-16,0.13378792467372885,1.3582558920136478,1.5393217764993643,0.18039772448614932,1.2238116421904113,1.148526693318969,1.7354415628444257,1.6236013386804522,-0.749656978467889,-0.7325909347015453,-0.0071233761508686,-0.0412148176755167,-0.0852147118673434,SPY
2022-08-17,-0.687126234295644,0.34805375787543397,1.7980918242271222,0.23045167056320562,1.2357080613528995,1.16413675102796,1.2700356071504064,1.1140528281423303,-0.5636066952047866,-0.017314237511349907,0.0029022346771236,-0.0308954650891353,-0.0895096539082267,SPY
2022-08-18,0.21925253709613793,-0.4172850848930772,0.5813561482002318,0.2142024444958314,1.2490866809798622,1.1783855754386234,1.243774332249941,0.9165964750257453,-1.1143056953293364,0.6979624596788455,-0.0135291922086455,-0.0197788667784992,-0.1000698846955598,SPY
2022-08-19,-1.2662526125107803,-0.3528915988159597,0.7078799927984144,0.2635906934833488,1.257540953824041,1.1916306059362327,0.543451032618781,0.4221516816801345,-0.3463579030861034,1.413239156869041,-0.0210422560333363,-0.0406846633699915,-0.0788157970508489,SPY
2022-08-22,-1.9454812077199806,-0.789235546509401,-0.6137783352453934,0.47107742870665426,1.25789207279639,1.2003366188187419,-0.4040853041436332,-0.09060519199199916,0.047229770656494585,-1.4478676318917407,-0.0024222279597898,-0.0262767465820514,-0.0693185665151689,SPY
2022-08-23,-0.2621126371526515,-2.4202585899242592,-1.7103992689473129,0.4066275357672439,1.2588672055026822,1.2108445056736512,-0.6056155562882053,-0.5955198808731765,-1.0574049479712404,-0.7325909347015453,0.0031959764355127,-0.0348930340670854,-0.0844939444240626,SPY
2022-08-24,0.24580865408921032,-1.663687282923985,-1.9013085702685768,0.19592968797694074,1.2527044804660346,1.2170287793809085,-0.5379734358472786,-0.47543704778362844,-1.0206156228528478,-0.017314237511349907,0.0140188329877597,-0.045727298502701,-0.0961254864743326,SPY
2022-08-25,1.2242634927097191,-0.012655479141707214,-1.4514331093747148,0.21055751043137397,1.2522364467451557,1.2236096783047077,-0.03519321278132065,-0.047818793888643525,-0.9198844860993866,0.6979624596788455,-0.0344349888001378,-0.0566128974943236,-0.1270407465449761,SPY
2022-08-26,-3.156269146631332,1.107257639408241,-0.9668014673500642,0.5788970086875876,1.2309887213340323,1.2203388766405596,-1.3836196496734172,-0.8250647036261375,1.0864280355647784,1.413239156869041,-0.0066343392453962,-0.0327785321652704,-0.102547808306733,SPY
2022-08-29,-0.6429141980265201,-1.4560447998654942,-1.8781963245587276,0.5883008191320379,1.2054114341869364,1.2163531491640562,-1.606070413159181,-0.8700101007169966,-0.35626770612241015,-1.4478676318917407,-0.0110385154448238,-0.029924431152466,-0.0984695980350851,SPY
2022-08-30,-1.0410796446130353,-2.862873629061588,-1.2500786058125877,0.6105987033210043,1.1747049808565206,1.2115300773939157,-1.9905430226811045,-1.5936777813561462,0.4143739429553283,-0.7325909347015453,-0.0076382880001029,-0.0010805452988833,-0.0679456607951314,SPY
2022-08-31,-0.7336775295026137,-1.2691797961629476,-1.6257084014878744,0.5220519045810507,1.1440180133175262,1.2020944930142137,-2.196603277847502,-1.6890053545987005,0.033006105778199735,-0.017314237511349907,0.0031332339961371,0.0130728414180421,-0.0814175559646699,SPY
2022-09-01,0.24013633984411722,-1.3375656128894216,-2.0980316083575503,0.5311200921990401,1.1133311394602214,1.1934032355807742,-1.992599956017384,-2.149199028841202,0.12549964656996934,0.6979624596788455,-0.0106006234710847,0.0253554320653783,-0.1001351569080979,SPY
2022-09-02,-1.0014914343813148,-0.37223082322059714,-2.5725927615373374,0.5534780847978821,1.0841751180914847,1.1830079511485727,-2.3033238453879945,-2.3945057884761063,0.9069506225226099,1.413239156869041,-0.0037802382325917,0.0466464706955473,-0.0634758996447235,SPY
2022-09-06,-0.38488537426737424,-0.574015754623872,-1.5335260179829862,0.5530753068914159,1.0621472115699775,1.1721230555136648,-2.3452804821623214,-2.4955340857269213,0.027448831522261765,-0.7325909347015453,0.0178053704087588,0.0059703913825694,-0.0291792827187933,SPY
2022-09-07,1.5665904785021143,-1.0449396365062147,-1.4091005758028712,0.6820499670320304,1.0479396963540755,1.1654784776539784,-1.5899283369348731,-1.8664137275482076,-0.16049298998856465,-0.017314237511349907,0.0065150987168225,-0.0080263148258579,-0.0493156631108249,SPY
2022-09-08,0.5458783483000663,0.8899869046077582,-0.1516421903344563,0.5363969404978263,1.0349803959694384,1.1558764436548579,-1.2394625614525219,-1.770070842134684,0.3532503182941618,0.6979624596788455,0.0154158246434734,-0.0259597317344324,-0.0662000057975928,SPY
2022-09-09,1.35056039394341,1.5912727246849296,0.46537920894294094,0.634942111472613,1.022391637894112,1.1493200378356787,-0.5592858396905838,-1.185430294014903,0.17955463313757147,1.413239156869041,0.0106904151590843,-0.0490335524881153,-0.1099062220261855,SPY
2022-09-12,0.923353422092358,1.428504418037582,1.0008426580485832,0.5732538597178856,1.0279107697237058,1.1414219994741097,-0.04665659902543824,-0.5618873028998431,-0.15468146392635496,-1.4478676318917407,-0.0444563175455696,-0.0519990722111343,-0.1282614101536614,SPY
2022-09-13,-4.062260790615449,1.7129137802255554,1.9290322645648819,1.0626662461092782,1.0186178896221065,1.1239121110548476,-1.6478821088308222,-1.2130898530504894,2.8137251820136018,-0.7325909347015453,0.0038086642003314,-0.0190877801632209,-0.0901581368695927,SPY
2022-09-14,0.30119951186843297,-2.3653873517455257,0.15574563877104047,1.0697749810401884,1.0150977376836503,1.106725384218873,-1.3285669058498875,-1.2040485033962682,0.7754409055935592,-0.017314237511349907,-0.0114183181917519,-0.0404940502322359,-0.0972707722261674,SPY
2022-09-15,-1.075416220512307,-2.8341504809552442,-0.4544452238633227,1.0809777609982316,1.010163679232386,1.088838455658403,-1.6003628194938695,-1.6393033327150084,0.9090233406949001,0.6979624596788455,-0.0076579961102094,-0.0375112976552411,-0.0598034704436596,SPY
2022-09-16,-0.735459267586333,-0.5837063639349471,-1.236258242617419,1.0677042154184007,1.0011182749272889,1.0688870813989981,-1.7023285138084057,-1.3109236118254408,1.7453765767168976,1.413239156869041,0.0077248954360653,-0.0467497286279154,-0.0751979286471069,SPY
2022-09-19,0.6552516406444587,-1.3647790300298148,-2.2421688033094287,1.085448819069357,0.9990764825040369,1.0532212477789122,-1.2417355638603735,-1.0352273516544963,0.07975613792340017,-1.4478676318917407,-0.0115450254976563,-0.0644166746258756,-0.0575505158466631,SPY
2022-09-20,-1.0868713641661318,-0.06080380961120739,-2.3714515796285225,1.021280822954914,0.9941109157778616,1.0396666037405198,-1.5602277934982436,-1.03747128912775,0.32999106186902677,-0.7325909347015453,-0.0175976058686835,-0.0554277781019676,-0.0343243516155222,SPY
2022-09-21,-1.6340629971312328,-0.3255759686025434,-0.9366733263680216,1.0716212990752811,0.9757400301432084,1.0233075149038424,-2.08270719251523,-1.171828758002675,1.9107761470546816,-0.017314237511349907,-0.0084355656147572,-0.0183447504381542,-0.0238384374681954,SPY
2022-09-22,-0.8057564798256092,-2.05046473923344,-1.8698864841416658,1.0598458839879599,0.9517298815257582,1.0047434821496732,-2.2239650574286727,-1.3455569277641348,0.9505199357355827,0.6979624596788455,-0.0168964270828837,-0.0310193679930383,-0.0238236410477501,SPY
2022-09-23,-1.570671990109022,-1.8386581577985297,-1.7398524360678775,0.9903808740006868,0.9155155381684933,0.9802372371837671,-2.628840077223086,-1.4090832193289622,2.5359720437038518,1.413239156869041,-0.0099420505618947,-0.0297073078574454,0.0170836500012878,SPY
2022-09-26,-0.9419522686841074,-1.790896074611121,-2.1426047751296227,0.7577132507653549,0.8714758383760752,0.9608943174304675,-2.815600704851537,-1.4706295219995076,1.0510087404015482,-1.4478676318917407,-0.0025561289737483,0.006293376496739,0.0391879577659919,SPY
2022-09-27,-0.2742181376156217,-1.8935130687685982,-2.912800909711584,0.758778872994176,0.8439509089037026,0.9424064296929622,-2.728789471119522,-1.9206499532757564,1.7977861194444795,-0.7325909347015453,0.0194854217951299,0.0393658841638258,0.0575865269626802,SPY
2022-09-28,1.7184777737083514,-0.9166972764318303,-2.5209271043764394,0.9091285421652954,0.8219640349622074,0.9295981981212632,-1.8487298010567668,-1.6343319138899541,1.8402829344466591,-0.017314237511349907,-0.0211101831696414,0.0175494523854231,0.0305385320643152,SPY
2022-09-29,-1.9516222514333947,1.0878091507102485,-0.9042807089800506,0.9893491139351439,0.796767345292432,0.9144681864460816,-2.5099163817422325,-2.1874485086508986,1.8475696898418859,0.6979624596788455,-0.0155843669472908,0.0282903915851191,0.0462945994890295,SPY
2022-09-30,-1.4520534366768032,-0.17603439092957499,-1.45683469591155,1.0066703548384595,0.7689798260443136,0.8959727092958777,-2.9168581813005856,-2.5646315887900912,3.3112249548957835,1.413239156869041,0.0260586337922896,0.0155843669472908,0.0853908479896938,SPY
2022-10-03,2.3127378059697956,-2.564877580715685,-1.3996350166410403,1.2332368080826932,0.7474978651821419,0.8841603686124415,-1.7942500150548812,-1.580770078165365,0.5732945532993099,-1.4478676318917407,0.0305163786933384,-0.0181390398133904,0.0520826283029682,SPY
2022-10-04,2.715746202755905,0.6481131788630603,0.16982627763695768,1.4905759929326616,0.7415057032748951,0.8786579973639358,-0.5264620665804206,-1.0396566714595525,1.1225186694200964,-0.7325909347015453,-0.0023310099832727,-0.0550084627682299,0.0171809176130803,SPY
2022-10-05,-0.2538659538429851,3.7883502951040247,1.611632777134014,1.3997986953698136,0.7412119487237663,0.8692856371825854,-0.5194973771026967,-0.9187552020642876,0.44951784883335594,-0.017314237511349907,-0.0103692439699454,-0.0559814239412004,-0.0059046230921477,SPY
2022-10-06,-0.9805732607591814,1.8545374714278962,0.6605384890755766,1.3921296990182377,0.7402133955950929,0.8567276367014831,-0.8006699663412875,-0.9511306106787897,0.20837493623478492,0.6979624596788455,-0.0282903915851191,-0.0195631963804991,-0.0058855437173459,SPY
2022-10-07,-2.6007586076728426,-0.9304619472087071,1.1287931525777386,1.433919740185699,0.7351611108516458,0.836005795927699,-1.699000837683346,-1.4092458930787426,1.2566876528464752,1.413239156869041,-0.0076647729683916,-0.0143252591090368,0.0366954403925365,SPY
2022-10-10,-0.7360719385246393,-2.6987329911576636,0.5748699638676802,1.3692545849394837,0.7309606424838409,0.8117822252236178,-1.7422032600424944,-1.364762277730922,-0.0673360086657465,-1.4478676318917407,-0.0063530442615009,0.0187118220958639,0.0538801360346115,SPY
2022-10-11,-0.6174833483480319,-2.514512972568813,-0.8953126888109839,0.980067696773988,0.7254384191584933,0.795187754829041,-1.8137967119715888,-1.2390064710360507,0.5993089280771198,-0.7325909347015453,-0.0033039711562432,0.0367460050908494,0.0656143527436903,SPY
2022-10-12,-0.3418278114992451,-1.020210194160327,-2.5026469189242952,0.9605807222531794,0.711760049352273,0.7772786225322451,-1.7515411716276361,-1.177449344183411,-0.04706273104001952,-0.017314237511349907,0.0260489835907558,0.0329382845257359,0.0481008768013513,SPY
2022-10-13,2.3118653665783255,-0.7231661547031807,-2.5450634709761744,1.1849072372020242,0.7148736539854086,0.7661897065489385,-0.5986736538114689,-0.5185015634848019,2.636085959486083,0.6979624596788455,-0.0230524543136567,-0.0015314682593317,0.0755492980780099,SPY
2022-10-14,-2.127215874946792,1.4839575932792397,-0.9573992476963328,1.2773909703630733,0.7153142701984863,0.752457589425988,-1.3659017325286167,-0.6914850397685988,1.645659830252887,1.413239156869041,0.0253723082365091,0.0455318500204793,0.1082336817231386,SPY
2022-10-17,2.2506896250962427,0.13875332513580416,-0.7290497049893571,1.4451563003615415,0.7155199327342289,0.7417737975469965,-0.2328176924269453,-0.3211172856282446,0.473790216354724,-1.4478676318917407,0.0116811387334845,0.0323217989867794,0.0743181887277719,SPY
2022-10-18,1.0129211134340697,0.0926603382757768,0.7112123666116273,1.4705754878364994,0.7088227224315977,0.7354018897233027,0.3164222175457518,-0.4178562891415393,0.6020254901482329,-0.7325909347015453,-0.0071116917213567,0.0364831004762349,0.0711299741382402,SPY
2022-10-19,-0.6860698877999432,2.458602939666493,1.4974183149790063,1.4174288358721963,0.7004120740275087,0.7310310152329352,0.07460212970119924,-0.22419986913684317,-0.0806345761818269,-0.017314237511349907,-0.0084207691943118,0.0360322190943565,0.0705835767232621,SPY
2022-10-20,-0.8044187896225491,0.2458955108790646,1.331419524856635,1.4173785923533146,0.6927846357750987,0.7266995147410952,-0.2193422791311576,-0.11949360207791523,0.24514240460521325,0.6979624596788455,0.0240108639661542,0.0390988725437413,0.0759397899997473,SPY
2022-10-21,2.1276064328345514,-1.1233829358125202,-0.17130032033449769,1.4880331560068338,0.7040444878572477,0.7298166151174856,0.7308848474156647,-0.138765408893999,1.8008900452244496,1.413239156869041,0.0121622572028092,0.0385998901309605,0.0564592712553242,SPY
2022-10-24,1.0564172728803214,0.9965872113962299,1.8804400214255395,1.485027595459593,0.7225009673288991,0.7369752032008698,1.1556510614855493,-0.40059304115662037,0.09709396639738545,-1.4478676318917407,0.01584244022294,0.0191880470337153,0.040654369002663,SPY
2022-10-25,1.3891291466516147,2.3986379279001113,1.3045436415441036,1.5204494309017558,0.7491135308269637,0.7475656170785772,1.7008402213424634,-0.12649762743399634,-0.15523266170848252,-0.7325909347015453,-0.0075625731032351,-0.0010397251857741,0.0381790483852029,SPY
2022-10-26,-0.7268324228675662,1.8422307144554104,1.4859569046162178,1.4740287063390474,0.7740420098196218,0.7532148058293533,1.314830641817904,-0.0823893645287688,0.7653581409348386,-0.017314237511349907,-0.005354115744927,-0.0188937027710398,0.0520232661121866,SPY
2022-10-27,-0.5271738782225303,0.4986376038050269,1.4663005872471708,1.3620229122278968,0.7877595697992944,0.7616664949834271,0.9924146865573246,0.34215858520381215,-0.07270924852131903,0.6979624596788455,0.0235118815533734,-0.0238897516212563,0.0571537042233663,SPY
2022-10-28,2.082495259659985,-0.9452048083253434,1.5999923205604054,1.374556361499161,0.8184941900910283,0.7773209915262788,1.8030379786746211,0.7671151775100326,0.5932937275309053,1.413239156869041,-0.0072495858944359,-0.0331110406498664,0.0175560517071788,SPY
2022-10-31,-0.6985363951601378,1.1714888486559745,1.5782390234374883,1.278262100851729,0.8374793153366835,0.7869575542170583,1.383794189921195,0.7366367686445912,0.4314692837454957,-1.4478676318917407,-0.0043853319965494,-0.0163415320817472,0.0230869405741254,SPY
2022-11-01,-0.4395896862302439,1.0423754116930621,0.731973544370762,1.0758602339290777,0.8505897555137585,0.7901779270563308,1.16223412017642,0.7077223185208605,-0.02449872357247967,-0.7325909347015453,-0.0254165506885009,-0.0065750276376199,0.0584867276188827,SPY
2022-11-02,-2.3409451732854327,-0.8578946210753727,-0.14986262450946683,1.2441487048611288,0.8568267389029706,0.7890864315209094,0.12128072932988772,-0.07522637926254293,1.5639829213807372,-0.017314237511349907,-0.0103501645951435,-0.0019759240477013,0.0831671696825546,SPY
2022-11-03,-0.9788483643325632,-2.095370855852105,-0.9282124606765269,1.244052865548484,0.8623098657365557,0.7880096757539528,-0.2881784319762655,0.14260038573264355,-0.024227167908539904,0.6979624596788455,0.0142905925247633,0.0618716454148566,0.0923629337411302,SPY
2022-11-04,1.248832277543815,-2.5016764037988533,-1.1460168006605669,1.0735927999033266,0.864326926193773,0.7946766141560132,0.22016842562937636,-0.0009266528627038985,0.6043168963497751,1.413239156869041,0.0095199226736832,0.0572129822215652,0.0599193202426615,SPY
2022-11-07,0.8175334816375551,0.203048718657662,-1.548021831214153,1.061332826678213,0.8653843738779287,0.8044754397447427,0.5020968716022752,-0.029222505245658927,-0.8179438082113651,-1.4478676318917407,0.0053811724475778,0.0391498747890244,0.0358796736019257,SPY
2022-11-08,0.4433642255797546,1.5565362746056948,-0.8169497670613717,1.0394353849872926,0.8625253960769284,0.8164031896791383,0.5905642194653113,0.1938212291816219,-0.18284458119104202,-0.7325909347015453,-0.0208174470985822,0.0422616264853994,0.0287958666366794,SPY
2022-11-09,-1.9251570549500168,0.9496547324142565,-0.3911758969135325,1.1765507492377403,0.8548001229134227,0.8250416975581999,-0.35702879241625424,-0.05805845913312063,-0.4555773305975119,-0.017314237511349907,0.0534974048674143,0.0554209844476467,0.057416775266688,SPY
2022-11-10,4.793376646062547,-1.116831031408935,-0.19067651190911206,1.6497010290910368,0.869202964451989,0.8391622232608014,1.7031521091247999,0.3254252402100532,2.0536217326319317,0.6979624596788455,0.0096319293314719,-0.0011409763375942,-0.0035788025980538,SPY
2022-11-11,0.8276595935140274,2.160694675361488,2.5927786029813196,1.4848489811760013,0.8784948765094637,0.8592613558587637,1.8831819372024499,0.3038246883058733,0.09950012531504807,1.413239156869041,-0.0085431847588575,-0.006242560447335,0.0011034960488549,SPY
2022-11-14,-0.8154859326521158,4.234809978775998,2.389682698108651,1.4243434815029328,0.8872188901650222,0.8731753679968108,1.362705015929811,-0.04021527984232227,-0.8205874185357421,-1.4478676318917407,0.0084929241439528,-0.0013420207383294,0.0171880133532411,SPY
2022-11-15,0.7246863043863487,0.008801059601524582,1.6022157796787262,1.4147000063889699,0.9008972287440127,0.8866272256710688,1.5700257106248003,0.20116092451438436,0.05935805501517066,-0.7325909347015453,-0.0076580891363349,0.0035321747231975,0.0022809506384788,SPY
2022-11-16,-0.7354676777377727,-0.0687843745543621,1.7378735854253218,1.417502997000864,0.9210475668440105,0.8998774934906629,1.0989429017019885,0.1547722472889499,-1.0147559843595306,-0.017314237511349907,-0.0030645559178266,0.017471908483281,-0.0148267283575327,SPY
2022-11-17,-0.32018315628854943,-0.00849445762038997,2.311559984719995,1.3937670660207024,0.943792513017162,0.9140520859184423,0.8142153243402682,-0.21700352275854143,-0.7996727298730302,0.6979624596788455,0.0045303452217311,0.0203127867673602,-0.0236385805721628,SPY
2022-11-18,0.3664440509529433,-0.7957534781822786,-0.1542767007036668,1.2909130886984637,0.9630616499182353,0.92474084854914,0.8853982070767594,-0.01528917335428402,-0.015971605714732395,1.413239156869041,-0.0036426450498519,-0.0003033294171848,-0.0366849188943003,SPY
2022-11-21,-0.37244607834184507,0.034484155248393836,-0.3766818839210028,1.2766702620501242,0.9773961038234459,0.9324698186302968,0.6493724782381664,-0.0029701245327980828,-1.8268377492782468,-1.4478676318917407,0.0133671196054798,0.0016206186051777,-0.0316745550701993,SPY
2022-11-22,1.1653444717278587,-0.004893449683043231,-0.16304129535083875,1.2612035634349967,0.9949223553453196,0.9398349202782353,1.1259539910913228,0.7155430618076655,-1.407042252290432,-0.7325909347015453,0.0062816446237485,0.0192679540479057,-0.0301999956740175,SPY
2022-11-23,0.5247726184161574,0.5970396974294173,0.049450807364503094,1.2412496114641647,1.0226216888963626,0.9498647995779524,1.2793510428773833,1.0395812320603113,-1.0373050783381976,-0.017314237511349907,-0.0002236776337474,0.0122502007993281,-0.0508506504469492,SPY
2022-11-25,-0.06334975102530431,1.2730509495750082,0.6571579379776594,1.2270682844689529,1.0301021093506733,0.9608533753714662,1.1492286572991064,0.8908621863004142,-2.48789612214767,1.413239156869041,-0.0160857709628139,0.0113194778965075,-0.0448912977236055,SPY
2022-11-28,-1.4973835380898606,0.3472887880989536,0.7810069310898963,1.190119195516279,1.0275563094377635,0.9642409034573707,0.4433188730746381,0.34127562946345275,-0.9430823043088605,-1.4478676318917407,-0.0017186970274893,0.0092522278856161,-0.0327565508954839,SPY
2022-11-29,-0.19850898117647534,-1.1763088813801101,-0.11775921656587118,1.174584666925485,1.0276641058351803,0.9686757548151166,0.3249096219233761,0.22220138194031452,-1.509134599455509,-0.7325909347015453,0.0310144550482078,-0.0035487990539468,-0.0435437035894707,SPY
2022-11-30,2.7607754625517624,-1.2781448782710403,-0.03388409009345799,1.371686291276806,1.0366622321142964,0.9800626336498786,1.4949437890230117,1.1216957834650665,2.035386438408605,-0.017314237511349907,-0.0007361086248289,-0.0362658886198232,-0.0567178006969291,SPY
2022-12-01,-0.10967676092905283,1.9301736824768512,0.7354571160906584,1.1689495932233862,1.048343183390871,0.9960465640179177,1.28903150735857,0.41223170608388077,-0.5767389334032754,0.6979624596788455,-0.001154400536568,-0.0277263184635678,-0.0586193221183153,SPY
2022-12-02,-0.1474930013108005,1.9971044995199287,0.42951592930441207,1.1206503973190123,1.0607487000814817,1.013697201545414,1.0493476812981508,0.16886590761169984,-0.23688109404700372,1.413239156869041,-0.0181530209737053,-0.0340700909243274,-0.0616837311000146,SPY
2022-12-05,-1.6842760434123154,-0.19413629041818023,0.38894076808514455,1.2162177155807599,1.0642343147037312,1.0251233916562834,0.17587300863055677,-0.1429745361574192,-0.5466293795643469,-1.4478676318917407,-0.0145197239670524,-0.0016028419722413,-0.0358401177382008,SPY
2022-12-06,-1.3558029624707724,-1.3805213227690512,0.29881834580644934,1.2749131423749958,1.0634900761348942,1.031947653565799,-0.48547583232806835,-0.732713228370622,-0.528627551172716,-0.7325909347015453,-0.0017026345176684,0.0204582145403398,-0.0327995352941368,SPY
2022-12-07,-0.19705682846810502,-2.2909249208831572,-0.25924649848917697,1.2741356271769693,1.05689076319782,1.0374345637380196,-0.610593528263779,-0.5907544422477611,-0.9612726638689109,-0.017314237511349907,0.0078034615314264,0.0157467104871988,-0.0084236594759117,SPY
2022-12-08,0.6623545136971029,-1.1703765781633533,-1.6855584327260966,1.148905359191531,1.0508398316440084,1.0483052057032094,-0.408134683209076,-0.31179249125186637,-1.1315862370039338,0.6979624596788455,-0.0074981729973275,-0.016822519176574,-0.0167942796726734,SPY
2022-12-09,-0.72101024506,0.3502082774810397,-1.3132731534198274,0.34209490656742897,1.0419788553583602,1.0476119661672232,-0.702790288111549,-0.6100273817785943,-0.33475411544688705,1.413239156869041,0.0143142279783807,-0.0212007543117032,-0.0023076264135335,SPY
2022-12-12,1.2509690723764264,-0.04456549004754555,-1.5898319332173467,0.38366220176620935,1.0449554661341771,1.047828295790351,-0.12691157500402914,-0.1894772197536114,-0.547461869173621,-1.4478676318917407,0.0075413325455286,-0.0440309753904903,-0.0040533768205506,SPY
2022-12-13,0.6386563917312214,0.3989273465169762,-0.17441188006870886,0.372385944435725,1.0515546853895634,1.0511961917591088,0.14578809921804345,-0.315311345798801,1.2534868159117158,-0.7325909347015453,-0.0064141385708094,-0.0502045891617699,-0.0079604792227758,SPY
2022-12-14,-0.6230066611875307,1.4233709397669438,0.7873469011459934,0.36633001051340147,1.0434475344323124,1.0516435907738295,-0.12066262002128551,-0.6195477493928732,0.6417715128482621,-0.017314237511349907,-0.0247657681323465,-0.0289487715892988,0.0023254731911661,SPY
2022-12-15,-2.282110304885842,0.01142011137409193,0.5819473821677039,0.5567643923962845,1.0260681133451592,1.0487821312966734,-1.0868223206976884,-1.0777695361883457,0.9905313334681943,0.6979624596788455,-0.0118764081324567,-0.0185520136061354,0.0252577779720901,SPY
2022-12-16,-1.1168304549930306,-2.1892374974561175,-0.8379185525697543,0.5946928489258986,1.0046448909023211,1.0442539332988525,-1.5102999260175645,-1.0030323493072915,1.0413310808934164,1.413239156869041,-0.0085159931004064,-0.0009399303840824,0.0212202980386635,SPY
2022-12-19,-0.8130276343596866,-2.561310039408261,-1.0287891069800512,0.5988325432740218,0.987192023370578,1.03724034376759,-1.7735434721635344,-1.1078780789167528,-0.4194360321317852,-1.4478676318917407,0.0013677187742491,0.0036250385816316,0.0224297365543835,SPY
2022-12-20,0.08052257215024324,-1.4544267129726012,-2.0240798623015217,0.6007043006530444,0.9758905141638196,1.0311916288883942,-1.659515826262619,-2.0012583718782317,-0.60981050994131,-0.7325909347015453,0.0148416790016616,-0.0102485299140937,0.0395196963450956,SPY
2022-12-21,1.2986539884032757,-0.5522786390813655,-2.2932205198656814,0.6157287190502362,0.9708417580973443,1.0253426065106852,-1.0145670729797607,-1.5145965027778445,-0.45231708680978194,-0.017314237511349907,-0.0143690101491831,-0.0072498509750058,0.0366051884535512,SPY
2022-12-22,-1.342177477957576,1.0387721750567995,-1.3665663865714068,0.6425811571322187,0.9573574967518242,1.0155331024301213,-1.4831540913379027,-1.6820871592528737,0.3767843890013615,0.6979624596788455,0.0057356750895962,0.004481529127962,0.049900349072038,SPY
2022-12-23,0.47541351161733425,-0.0331640716756715,-0.9133164127648906,0.6621457617824001,0.9489254889225228,1.0068495128124038,-1.1683857627977328,-1.2681581836445701,-1.0957955408586333,1.413239156869041,-0.0039510241346922,-0.0054729554799015,0.0445394313017235,SPY
2022-12-27,-0.4003255024324019,-0.6534362835008454,-0.1455120383627047,0.5990132917636587,0.9334567058932829,1.0005766280077053,-1.2606774764769837,-1.0816777519335663,-1.3957637348546457,-0.7325909347015453,-0.0125058497214762,0.0061686610428992,0.0594209249029251,SPY
2022-12-28,-1.1737359646828218,0.056204003322428586,0.0534992368336693,0.6354071608209994,0.9103686036913919,0.9922968139622944,-1.6683693120539922,-1.2619991972916194,-0.6310681635329464,-0.017314237511349907,0.0178403579407495,0.007195369241387,0.0742217883840501,SPY
2022-12-29,1.5697535731807168,-1.1863510242057131,-0.5513233980178447,0.39355707359603764,0.8964658662387534,0.9812446533165204,-0.8495820714797746,-1.0151802135383339,-0.7581797070802634,0.6979624596788455,-0.0026376300462152,0.0120282526011941,0.0437551877082782,SPY
2022-12-30,-0.28158635120350695,0.29800906274224237,-0.4205950351188753,0.39190546649436164,0.8911356279224771,0.9698411059989105,-0.8364571896312004,-0.9298705069460931,-0.09674722633566812,1.413239156869041,-0.0042188095182673,0.014098723982074,0.0609892729408283,SPY
2023-01-03,-0.4245349986043258,0.9702010037802539,0.09083821484185647,0.3911910379893399,0.888725760141072,0.9578734332448223,-0.8802562191573863,-1.3908369863164605,-0.4453652291814503,-0.7325909347015453,0.0076905923881085,0.0253060137621536,0.0757797103166089,SPY
2023-01-04,0.6521504276614783,-0.5323997773040722,-0.34313071038253184,0.3379940694285383,0.8924045776343573,0.9509568596151451,-0.49920524592917986,-1.395900172339271,-0.004117852122585254,-0.017314237511349907,-0.0114791415229884,0.0301838989454088,0.0825410311256318,SPY
2023-01-05,-1.080915035216362,0.17112609808809945,0.1643892677269744,0.3121569162747479,0.8912635034286821,0.94470887561079,-0.893934685825227,-1.4667772339807137,-0.3527420294988071,0.6979624596788455,0.0226732413005565,0.0452972706117007,0.0833343575818865,SPY
2023-01-06,2.006676864648526,-0.32342477566965155,0.2091489384652114,0.5137457632171378,0.8930831765660646,0.9430874069960355,0.03862349582810522,-0.42581192889033287,0.6937286984860147,1.413239156869041,-0.0005671586653352,0.0264958431542767,0.0545309627455345,SPY
2023-01-09,-0.0944026136137557,0.6971459235819338,0.41984002695547323,0.4893477838713639,0.9001062117848725,0.9398429330672621,0.050235541770875934,-0.15139741216501007,-0.47202425845277934,-1.4478676318917407,0.0069884802618123,0.0252295384681895,0.0680919083998592,SPY
2023-01-10,0.5886750407419298,1.440435714348096,0.5101028858842543,0.4915735369471521,0.9076506480603609,0.9393972432384601,0.3415488695286634,0.2300573513699113,-0.7936070689680994,-0.7325909347015453,0.0125684775713637,0.0023271701404938,0.0501085514299468,SPY
2023-01-11,1.0931421692364351,0.3720393557038114,0.9986882513885039,0.47513405840631734,0.9215393020323406,0.9386037889575178,0.8706133373986239,0.43088319092479344,-0.6265756438518301,-0.017314237511349907,0.0036342301433034,-0.0175478620155562,0.0288330586558753,SPY
2023-01-12,0.28542956737223457,1.2667973879810286,1.2113412086971156,0.45907221397746417,0.9415067734743808,0.9370367790830594,1.03955837962974,0.2384515189173559,0.25990263205166986,0.6979624596788455,0.0038718138431326,-0.0027244135938984,0.0275296054765101,SPY
2023-01-13,0.3069086398844707,1.0383164692252531,1.8702134574277405,0.4509043878303466,0.9563199720403078,0.9374939627951436,1.1968325147314898,0.7833082351965001,-0.8054841478464291,1.413239156869041,-0.0018334633514225,0.0053309436730861,0.0353286251722124,SPY
2023-01-17,-0.20888458436598767,0.44592721722171375,1.0505592424885517,0.21002922054972945,0.9714086572279045,0.9423941204182337,1.066002143955609,0.6170364760139379,-0.8382246588002475,-0.7325909347015453,-0.0159138880658833,0.0060905574938123,0.0367016494322989,SPY
2023-01-18,-1.4818442346383203,0.0734852140876951,0.9953542866042697,0.25823962009862117,0.9819038793601302,0.9464541426000416,0.36113619176321526,0.20679419033205307,0.6709239615302104,-0.017314237511349907,-0.0073065545846864,0.0223792028789775,0.055857711406106,SPY
2023-01-19,-0.7036867258844142,-1.2742542778048915,-0.003081750999522852,0.24970386864622807,0.98670391054091,0.9507117560823014,0.015919853863911596,0.35919572074363754,0.18838917879433534,0.6979624596788455,0.0184576785649612,0.0406162269301733,0.0492997258646008,SPY
2023-01-20,1.6255632708168524,-1.6470639578314406,-0.8695401045287232,0.35861187432764624,1.0029336387069523,0.958288451810733,0.6940212435919949,0.38166350278078964,0.3898935811003572,1.413239156869041,0.0119271711101172,0.0244535621248607,0.0283406916920849,SPY
2023-01-23,1.0351639998856683,0.6942185480723818,-0.22330715193725123,0.3337025696284645,1.015278043708761,0.9654008761937342,1.1140282850133538,0.6724907456962986,0.06161507826363618,-1.4478676318917407,-0.0010738495306963,-9.985172027882072e-05,-0.0038512681992655,SPY
2023-01-24,-0.14021067976561188,2.004359164479022,0.1278687123249988,0.23238028292712345,1.027415943039621,0.9750224482263725,0.9642387570950979,0.7729748037680775,-0.9543263365956286,-0.7325909347015453,0.0003747573192818,0.0155704529967524,-0.004156479769275,SPY
2023-01-25,-0.009247437780702568,0.6739331895717328,0.16098431864235005,0.2294233202201978,1.037025904433042,0.9836364473202107,0.8864764825797725,0.6609089250709597,0.11749415393802244,-0.017314237511349907,0.0109304694665093,0.0257673235349837,0.0007741329341159,SPY
2023-01-26,0.945055853192484,-0.11298073262268887,0.8710929992642875,0.23993171003229896,1.0461047531013006,0.99516946939124,1.2188675257767874,1.242356959310094,-0.3959220526358932,0.6979624596788455,0.0022950137596486,0.0292887672656059,-0.0208963660137619,SPY
2023-01-27,0.16435591697123703,0.7047155442244931,1.6661418680461926,0.1381122526118229,1.0546819050949108,1.0095030161093668,1.159769467674912,0.9620648924027739,-0.5442970366073872,1.413239156869041,-0.0126262427350223,0.0163079384392235,-0.0197912081002975,SPY
2023-01-30,-1.1846202562810346,0.835517344996811,0.9615253509054855,0.14685123782252404,1.0567377185443614,1.0179737101563973,0.5429768652260765,0.46086870154848797,-0.28617431026245227,-1.4478676318917407,0.0145964551863349,0.0228040276384504,-0.0108676944195575,SPY
2023-01-31,1.2764842010192254,-0.7690914517568318,-0.1088885415975592,0.19454822280049736,1.0653051276422603,1.0298525052427636,1.0230834832599094,0.6086115841123468,0.2905641711853994,-0.7325909347015453,0.0105716278575132,0.0212013594411049,-0.0293075437633776,SPY
2023-02-01,0.9126142970353244,0.06884386608972298,0.5742633807648237,0.19163033721111278,1.0842988091488919,1.0446602177679183,1.3076653535841947,0.581315142632368,0.9228807498798154,-0.017314237511349907,0.0144519131971314,-0.0003651451245083,-0.032131998952634,SPY
2023-02-02,1.263416688940759,1.6490095063659191,1.0187991977806903,0.23029343219693962,1.1119778137733076,1.0609694109202825,1.7433630736777073,0.7656946362674293,0.9342518784963817,0.6979624596788455,-0.0106858150667337,-0.0235240735243476,-0.0306732720479789,SPY
2023-02-03,-1.0091932946591597,1.6391637628091793,1.172317658174821,0.2206635596206405,1.1281780634343779,1.0772539698425845,1.1174468103787256,0.35729808094036064,0.6095810903756793,1.413239156869041,-0.0061301535357953,-0.0105074814936756,-0.0192948472467442,SPY
2023-02-06,-0.5973326138356168,0.19117392361093516,0.6064142933881651,0.10569605167311649,1.137227371143206,1.0879967207954357,0.748147641376147,0.23190135981897594,-0.883251695666221,-1.4478676318917407,0.0129937869889893,0.0072935055809546,-0.0286123142968524,SPY
2023-02-07,1.1315928366344283,-1.2108114236005239,0.8896133698851361,0.1418758410349552,1.1519718073490195,1.1014955575615237,1.1484645774207167,0.9018640048546447,0.4489014003885056,-0.7325909347015453,-0.0109948767081,-0.0061607204993707,-0.0399753875036781,SPY
2023-02-08,-1.0371344261864062,0.402168241692843,0.8197445396551991,0.2149611746395845,1.1621031073446606,1.1114085379528313,0.5864129770143206,0.7686835269405018,-0.16126518307704144,-0.017314237511349907,-0.0087070152027077,0.008076330116653,-0.0476025860840447,SPY
2023-02-09,-0.8302972433005317,0.07079867155631589,-0.12045409200402028,0.2156914628307213,1.1644047727746614,1.1171232089090444,0.16878178230734467,0.21927905469476103,-0.03349713014583519,0.6979624596788455,0.0023307769639382,0.0029188051931692,-0.0534300755202155,SPY
2023-02-10,0.16758913734266181,-1.407391399940323,-1.1300749476219667,0.21404655797377128,1.1667260801322332,1.1225958183697344,0.20808560518442973,0.030157766371274167,-0.40697768942469487,1.413239156869041,0.0116708335388349,-0.0019133273783236,-0.0571872110305458,SPY
2023-02-13,1.0119894585129174,-0.4996899804164683,-0.5626124745600439,0.2524120501702653,1.17876561368909,1.1296737297416806,0.6160763898339376,0.2948267861609642,-0.6608884177160531,-1.4478676318917407,-0.000460439091336,-0.0338489496983918,-0.0524629354127359,SPY
2023-02-14,-0.08475448762678071,0.888384682543859,0.21342722342774625,0.2492333799003842,1.1848246330954302,1.1370183211586062,0.5211104800077242,0.2745266471012299,0.43211931135781045,-0.7325909347015453,0.0032421739079238,-0.0347675717077615,-0.0582765310747586,SPY
2023-02-15,0.24998519844184647,0.6982558650070066,-0.37311404533793535,0.11366568491309,1.1879525397998338,1.1481265713275695,0.5406692586562425,0.12971607787292003,-0.8200764371046427,-0.017314237511349907,-0.0138645401261916,-0.0327043755930125,-0.0441258289537165,SPY
2023-02-16,-1.2965701900338944,0.12412220522901275,0.2475547082528224,0.1859444770053712,1.179591792509033,1.1578271422469373,-0.1268019055990446,-0.2928612343232218,-0.1093932008434431,0.6979624596788455,-0.0025013556075546,-0.0295798649481895,-0.042022770849238,SPY
2023-02-17,-0.2692662781022817,-0.7889228007589334,0.022710767453094787,0.07928565640462351,1.174585130748385,1.1634479491031182,-0.284973930602634,-0.03373800680006304,0.47228826188581563,1.413239156869041,-0.0202647887812332,-0.0236783376675218,-0.0299517278889069,SPY
2023-02-21,-1.8751932397498856,-1.180153881994099,-0.1879475901816117,0.2081363517656256,1.1640210838015868,1.162687330008521,-1.0903004837262285,-0.8688731616665849,0.1394776237677149,-0.7325909347015453,-0.0013790611007058,-0.0071162779405709,0.0033579353558117,SPY
2023-02-22,-0.16780374043652654,-1.6161185958060162,-1.5801912110782752,0.20838855499761416,1.1476438694289988,1.16186743822797,-1.1369621319832492,-1.2068247562375014,0.17998522801493733,-0.017314237511349907,0.0053053700226728,-0.0095806109973501,-0.0124562661100346,SPY
2023-02-23,0.43651120585530234,-1.5396714404122076,-1.6202388299955544,0.2199588604256952,1.1378175345600001,1.1620205750139563,-0.9274770021861475,-1.5346573438855808,0.7746780419136577,0.6979624596788455,-0.0107400294813686,-0.0071388083517662,-0.0150618878141663,SPY
2023-02-24,-1.0140946214083795,0.2020869764719405,-1.5302931386096368,0.2095597914232206,1.1272829348909432,1.1578864462941008,-1.3129465552824384,-1.5280803362139534,1.3365770769602814,1.413239156869041,0.0034001716731131,0.0195118612313889,0.0022185986731972,SPY
2023-02-27,0.26426919796585396,-0.43555260927498146,-1.3940791024439796,0.21299273451118778,1.1171418919995915,1.1539598033362952,-1.1397720727175753,-1.2861647067330584,-0.09589464018841584,-1.4478676318917407,-0.0037027290542823,0.0168042992927768,0.0006865461017575,SPY
2023-02-28,-0.3778780532160214,-0.5653287004845711,-1.13680014204952,0.15912986701409534,1.100843370246206,1.1518211726962893,-1.2653434542655815,-1.8930717613997436,0.8634228103429609,-0.7325909347015453,-0.0038433941574851,0.0050594077611556,0.0021421244731092,SPY
2023-03-01,-0.3905950702243692,-0.08597003302304564,-0.41477187616327416,0.058461323517806356,1.0832366149257993,1.1460225321016424,-1.3601284425833686,-1.7608322428437242,1.020995417442677,-0.017314237511349907,0.0077471726682567,0.0105335157008044,0.0204157825433384,SPY
2023-03-02,0.6572656436503678,-0.5793788479801021,-0.5222052602282411,0.03153502194976754,1.0673314938139697,1.1396065147367873,-0.9897549747486754,-1.2203896724393437,0.18437519356576737,0.6979624596788455,0.0159106401017865,-0.015835732255919,0.0185068082135515,SPY
2023-03-03,1.3952948480196918,0.20055227605665482,-0.4157540966112886,0.05335219998279424,1.0633085522478207,1.1333881043529894,-0.2883948358642433,-0.7212783611991159,0.458183101369924,1.413239156869041,0.000692609734501,-0.0462808769965841,0.0165923964429426,SPY
2023-03-06,0.019488435427731654,1.5461346677173766,0.7460903273959526,0.015075144368162114,1.0605643345164915,1.1294960371286558,-0.22086252610873794,-1.1256337119018018,-0.5288936007949635,-1.4478676318917407,-0.0154476205859035,-0.0483998452774772,0.0197031248812029,SPY
2023-03-07,-1.4396906987695566,1.065600132850463,0.6280533028020556,0.09422989268285611,1.0597577351696592,1.1237863212435457,-0.7857952360149533,-1.455954805787011,1.4451510735091224,-0.7325909347015453,0.0016307137821636,-0.0165571155349288,0.0295871951474442,SPY
2023-03-08,0.10429898799616481,-1.0704254941506504,0.11603101780817593,0.0030180977694374,1.0601314626564144,1.1157502465183642,-0.6396544130951664,-1.5219791743495226,-0.47213922093733157,-0.017314237511349907,-0.0186220752884667,-0.0244618640704512,0.0253347431297816,SPY
2023-03-09,-1.7266815268111355,-1.0065248108009706,0.3546764959733732,0.08875802287207393,1.05118048949436,1.106321310715076,-1.2871494549692124,-1.5964087800667432,1.5905628073848554,0.6979624596788455,-0.0145345046388785,0.0115530872469813,0.047849947052982,SPY
2023-03-10,-1.3571392288988169,-1.2227586339699583,-0.7948992626465119,0.13402962075726887,1.040882061364602,1.0958601050205075,-1.7545794285814729,-1.7773900594409606,4.489549577851258,1.413239156869041,-0.001426358546392,0.0143261098641467,0.0634103463495394,SPY
2023-03-13,-0.17207972934598362,-2.323882231267287,-2.1221650390153273,0.12381592057307363,1.0287146523015414,1.0846580221127213,-1.699760355030146,-1.4580403773305977,2.912713997957532,-1.4478676318917407,0.0163951091566447,0.0253221557633152,0.065105287603437,SPY
2023-03-14,1.4390939216375984,-1.1525643446811034,-2.214542135737878,0.18963153070223043,1.0242588701025443,1.0742363472227257,-0.9483299005318963,-0.88223802636933,2.4248681916459467,-0.7325909347015453,-0.0062740347533587,0.0219719210701558,0.0446259457882254,SPY
2023-03-15,-0.610340387969174,0.9542632105353048,-0.8263481963280638,0.1924631294039349,1.0188883486597717,1.062698417122411,-1.0813727759508653,-1.1744786530447888,3.011530219233209,-0.017314237511349907,0.0173928760289658,0.0110526932569623,0.0640951673279026,SPY
2023-03-16,1.5292983717589617,0.6240548258097678,-1.1709582249999524,0.33454098975805474,1.0172161617289357,1.0538720555984473,-0.29352650391618784,-0.45566999174143863,1.9055317545809618,0.6979624596788455,-0.0117614820217131,-0.0036404344534624,0.0442565734440858,SPY
2023-03-17,-1.1064404060629665,0.6920195522426741,0.39912504208235366,0.317668521800369,1.0047127788999988,1.045573440507941,-0.6823122226969965,-0.7989800988190789,1.726945903994534,1.413239156869041,0.0095696873527764,0.0146615045742457,0.0596000847824385,SPY
2023-03-20,0.8220325240868455,0.3182319844703462,0.5200158457954424,0.36571128247774237,0.9956365845462763,1.0396378768726189,-0.23502105057263473,-0.49526025568458465,0.1350221594443368,-1.4478676318917407,0.0130448744634854,0.0069599363231427,0.050682138637776,SPY
2023-03-21,1.1362114681733664,-0.21465890713976654,0.9993919670675194,0.2919867957283449,0.9977635648525388,1.040300899883253,0.29067388157187407,-0.144344126017954,0.07654096345520098,-0.7325909347015453,-0.0171932625665522,-0.0083320888232734,0.0374684311798452,SPY
2023-03-22,-1.5975077994785367,1.4750717093835484,0.8533374191614084,0.3986746653195883,0.9925371258482591,1.0378641339051404,-0.384621235530451,-0.6438272215910887,0.7431643678448637,-0.017314237511349907,0.0026997483185411,0.0232914376560229,0.0491895692489601,SPY
2023-03-23,0.20094648671532966,-0.3479358691035609,0.3773102068003996,0.38981019035397835,0.9955967386009981,1.0349058153324455,-0.24464544932317522,-0.9453512126403686,0.9645519354715741,0.6979624596788455,0.006540457005995,0.0264298876759516,0.047266439516421,SPY
2023-03-24,0.5481708983879466,-1.0526131718480602,-0.2632413729007441,0.36732861451516696,1.0067611290415182,1.0353406541827614,0.016944755704129337,-0.8077909842891846,0.5523061948725546,1.413239156869041,0.0018681191016733,0.0338856590011342,0.0417686867338629,SPY
2023-03-27,0.12576193379676184,0.5640528076818531,0.5346374849461656,0.3644385238086056,1.0191972171901438,1.0354755701060288,0.09185867227970902,-0.45411501409089744,-0.5898019808934865,-1.4478676318917407,-0.0022471506829306,0.0358208780722222,0.0238994585854461,SPY
2023-03-28,-0.2462845415063296,0.5074048533490538,0.19888516545056326,0.3611682644555149,1.0244888274231045,1.0358952771727605,-0.004319552891403127,-0.5404648388160813,-0.9624549560017666,-0.7325909347015453,0.014430263912744,0.0325044784354906,0.0219018863129658,SPY
2023-03-29,1.2614594563969048,-0.09117921387715161,-0.4677755386156451,0.42390986705138095,1.0378677280951358,1.03991664666386,0.5460974931057244,0.21369969447503614,-0.4635703053621047,-0.017314237511349907,0.0058381983384698,0.0154524762872476,0.02718416002359,SPY
2023-03-30,0.4846822632123687,0.7645143946997817,0.9108621647551838,0.4159610059174771,1.046848929215677,1.0435868333309841,0.7491923036905603,0.7488091220253242,-0.7175367579031215,0.6979624596788455,0.0139962283311776,0.0135074065835114,0.0298448823883825,SPY
2023-03-31,1.2222198884633413,1.3152628206078478,1.047683892415802,0.3965404458595038,1.0660039618189052,1.0469269275875217,1.2989091064496296,0.986532115091498,0.6867559041790426,1.413239156869041,0.0038033381727613,0.0005370729100127,0.0148384318148488,SPY
2023-04-03,0.300718005214304,1.2856976883293183,1.3727206166830115,0.39955898650828403,1.0829966648916889,1.050902164739447,1.4164828564590946,0.8293206059749992,-0.8023303060373229,-1.4478676318917407,-0.0055635503196622,-0.0029976825552431,-0.0002679326403667,SPY
2023-04-04,-0.5461080913884194,1.147089443930624,1.4570871081124503,0.3136876490230545,1.0926335129300042,1.0568093151189624,1.1190745066479144,0.8432709249447493,-0.8033927125707511,-0.7325909347015453,-0.0026217382354989,-0.0015183648941476,-0.0015917664010043,SPY
2023-04-05,-0.2801496307762574,-0.18526086952487641,1.3125076102617967,0.3196995745050292,1.1079279231078036,1.061864898896332,0.9555370087579694,0.4627980635987309,-0.8414444167755143,-0.017314237511349907,0.0038931286347336,0.0142985601276697,-0.0060782332507667,SPY
2023-04-06,0.30883563216007803,-0.6229167714311902,0.5691201485592243,0.1558867031901378,1.1237455455216139,1.0713440126348188,1.0175788013132472,0.9909479442327782,-0.8878819907111475,0.6979624596788455,0.0010258946576788,0.0079597136380851,0.0083718494803948,SPY
2023-04-10,0.049619505182590264,0.021242316156258025,0.4843242156638009,0.027558396112086138,1.1374305042733315,1.0838219949898835,0.9283571292647685,0.84664202060569,-0.8845148748047266,-1.4478676318917407,0.0002685827075055,0.0105158482970457,0.0076123421470137,SPY
2023-04-11,-0.018846295728201293,0.26970754244282313,-0.0811216095920381,0.021752449960341275,1.150493447833816,1.0966262123267663,0.8047934137671573,0.5714358739097035,-1.0009561620149994,-0.7325909347015453,-0.0040842326585668,0.0108990067976542,0.0029489658723367,SPY
2023-04-12,-0.41236839740207953,0.022814927322712366,-0.23522039929495617,-0.042887897647128366,1.1627862342246948,1.1054561333480086,0.5431472827043021,1.3263631598781374,-0.13018982651754488,-0.017314237511349907,0.0131951867863184,0.0148144064617756,0.0116945382957132,SPY
2023-04-13,1.1498006549901962,-0.32527079763026495,-0.17072907495819017,-0.02927858791003218,1.1747531644721678,1.118183421637989,0.9586001053064702,1.5040663905677445,-0.16433096878754336,0.6979624596788455,-0.0024457178548509,-0.0038529048219801,-0.0032460960405806,SPY
2023-04-14,-0.26423627256907484,0.555248624586308,0.518814806264004,-0.12072755945667789,1.183402513821173,1.1270365185930515,0.764296709610451,1.2426255021883539,-0.4055391454237019,1.413239156869041,0.0035820293166395,-0.0006305683811271,-0.0021114852936472,SPY
2023-04-17,0.28071028173976637,0.6668590753640129,0.24247077574791034,-0.22750552829045248,1.1878951129241535,1.1389110642355311,0.7898654676991311,1.2755709660420735,-0.7771358677443508,-1.4478676318917407,0.0006517412081139,-0.0031698934743298,-0.0022494110214061,SPY
2023-04-18,0.015793661575957206,0.012041165782308362,0.35390627988256607,-0.25049407743306307,1.1911138596401691,1.149060147492556,0.7118591689031856,1.4265119944473321,-0.849450768007172,-0.7325909347015453,-0.0001688329944453,-0.0198227437291871,-0.0096063571201057,SPY
2023-04-19,-0.05839144797116331,0.2230302892854797,0.37061019668487927,-0.3139831423530964,1.1965147651775792,1.1566112838352458,0.626994279343083,1.1345060911354365,-1.0917351954462668,-0.017314237511349907,-0.0054721244974373,-0.0238986336901527,0.0026283757599898,SPY
2023-04-20,-0.53784261750923,-0.03246659874744412,0.5413032914052679,-0.5158845272304575,1.2007406837377046,1.166413323947949,0.30082484670836146,0.5709467440218193,-0.43968982731691975,0.6979624596788455,0.000776618586002,0.0012860284306528,0.0176877762418152,SPY
2023-04-21,0.02708336813715941,-0.44960497940085803,-0.2725040862505461,-0.5140613110687109,1.203712704110734,1.1758484535901128,0.23680798764282943,0.003266947318741723,-0.5095593671665155,1.413239156869041,0.0010427042234368,0.0090083305479131,0.0154549411787945,SPY
2023-04-24,0.0511391964832765,-0.3852038053358331,-0.13202530336672885,-0.5262485684764392,1.2066946235156246,1.1842176470825978,0.19479685096311566,-0.15838617765841045,-0.7978886834474103,-1.4478676318917407,-0.0160011090467433,0.0069554040821202,0.0148183094364142,SPY
2023-04-25,-1.489729564203552,0.058565740491463854,-0.24272798913129218,-0.3256153785529499,1.2031006191785913,1.1889724298190534,-0.5032595017987544,-0.7903839343326934,0.2663643764680891,-0.7325909347015453,-0.004244722955411,0.0116534868464093,0.0195329382255966,SPY
2023-04-26,-0.4268777375878964,-1.0842800487986646,-0.9687142969823597,-0.31533419931469153,1.1994571821367177,1.1933156594032468,-0.716858833229963,-0.8662947080041584,-0.29889752946019627,-0.017314237511349907,0.0197125376233682,0.0090108257215204,0.0165066311849368,SPY
2023-04-27,1.7390104842727294,-1.444442880130535,-1.1464040172814751,-0.22144835852865752,1.1984106015285458,1.1987992609678662,0.026060225795897722,-0.10665634833094355,0.10429447511777293,0.6979624596788455,0.0084989207032624,-0.017809916987109,0.0054166787155986,SPY
2023-04-28,0.7252284313602422,0.9882578771205738,-0.04847065525972585,-0.20505324016519536,1.201836790732406,1.204862935143994,0.31325053516879703,0.15187915848720004,-0.0040149773264453485,1.413239156869041,-0.001010222242356,-0.0079656263244762,0.009785387239459,SPY
2023-05-01,-0.13445836956503518,1.8563146136659903,0.28818556373107707,-0.2941705175024911,1.2033869104217876,1.20789725760791,0.2411657078942748,0.09726276090953079,-0.8645667838224534,-1.4478676318917407,-0.0113030262824542,-0.0066890167578224,0.011176468673578,SPY
2023-05-02,-1.064993101074148,0.44474569483390525,0.19868758096046935,-0.22495685010909736,1.2000594617186904,1.2078426734227765,-0.21959746578192263,-0.20208291012402835,0.48197302474425396,-0.7325909347015453,-0.0068873840802998,0.0002192159574603,0.0169189093214559,SPY
2023-05-03,-0.6657910551579167,-0.9041003603496464,0.40350199457895103,-0.21612920752704867,1.1940167741535574,1.2075204056339595,-0.49496152265978843,-0.9379625278161372,0.06371976644447386,-0.017314237511349907,-0.0071082050852613,0.0117679398025698,0.0332623639998654,SPY
2023-05-04,-0.6857546737950653,-1.3044340531175311,0.2882943416187593,-0.19377929393622206,1.1873520713971923,1.2062957817642126,-0.7684341201292316,-1.0744856184977774,0.1712043937581083,0.6979624596788455,0.0183432113658952,0.0171306973378557,0.0547281747307595,SPY
2023-05-05,1.6152147104114931,-1.0186960886580112,-0.8809644744317758,-0.03471231381282196,1.187776668041361,1.2080013768234483,-0.044360495488005726,-0.5361926337044894,-0.06330071258463321,1.413239156869041,0.0002663873242978,-0.0025236211359569,0.0344669194577074,SPY
2023-05-08,-0.01904477228675406,0.6999323453076016,-0.45179948932702224,-0.03488842624529765,1.1878852138922935,1.2095532392337183,-0.04901353174406368,-0.5484662755277087,-1.2611599592408376,-1.4478676318917407,-0.0043947935671715,0.0006540951286257,0.0363755201941673,SPY
2023-05-09,-0.4404450721915612,1.2022662767839118,-0.39614528889415557,-0.024716544963967593,1.1926739720431003,1.2101531791714442,-0.23369141926473952,-0.6682612484691685,-1.2593136633728326,-0.7325909347015453,0.0046613397648096,-0.0016563161947882,0.037306698814433,SPY
2023-05-10,0.37828678802418625,-0.3465747679292032,-0.09497868461984009,-0.025350026665475256,1.20105676575817,1.2125330245543158,-0.06790928613799767,-0.3693141955793855,0.21157680276050256,-0.017314237511349907,-0.0017454475499754,0.0057482439260523,0.0386757490256313,SPY
2023-05-11,-0.20092739798129913,-0.047204495582774134,0.4084916076358129,-0.10447749888712296,1.2007802798651446,1.2118686530116722,-0.13232757118100014,-0.4440989359511663,-0.6042279020175868,0.6979624596788455,-0.0013111071079174,0.0170809674604157,0.0422137990105655,SPY
2023-05-12,-0.16166026872677827,0.1332605832647184,0.6422827294773791,-0.1064347579317459,1.1964950920227777,1.2114373109362158,-0.1813221866588032,-0.513060713241544,-0.6013393289388701,1.413239156869041,0.0034441035888805,0.0169358580913145,0.0525557398777687,SPY
2023-05-15,0.26824092163649216,-0.273563624975107,-0.2145535408163699,-0.10692921532965204,1.1940266419581882,1.2109761757117348,-0.036570283439459894,0.11998779543140163,-1.0934714969741428,-1.4478676318917407,-0.0067052048905855,0.0138978269834906,0.0556830280080484,SPY
2023-05-16,-0.6493209015703306,0.07993219979748785,-0.07601998872070335,-0.08718650062045966,1.193444097985476,1.2090127915104123,-0.2895049725857796,0.023458581180836175,-0.9594456796227586,-0.7325909347015453,0.0120658998856502,0.0093165516165152,0.0635783202015245,SPY
2023-05-17,1.0477059605982475,-0.2874966959911035,-0.176743105822733,-0.01590221075346625,1.2005629695726705,1.2095531921919034,0.19684973730278596,-0.19880072973105248,-0.03838226871521676,-0.017314237511349907,0.009587275984388,-0.0100203782652057,0.0638339284204754,SPY
2023-05-18,0.8236226478792106,0.29979282315982575,0.14606104968946182,0.005606178255251957,1.2144849117716627,1.2131973804163527,0.5548609316754394,-0.16158151546833902,0.2634289228074546,0.6979624596788455,-0.0014562164770186,-0.0109850690955637,0.0508346553106138,SPY
2023-05-19,-0.174779075544629,1.4095851366739063,0.6401147396402028,0.00799120919476012,1.2203992554221423,1.2163804490969257,0.4625040261551619,-0.17891929750855567,0.4653763080732827,1.413239156869041,0.0004060724810566,0.0033387766085777,0.047089182084818,SPY
2023-05-22,-0.006416348648843418,0.48850129947976023,0.63378865050254,0.008010076742784525,1.2263729308093239,1.2194346075258509,0.4484263283992188,0.3188297431742099,-0.8481487645091537,-1.4478676318917407,-0.0112864802575609,0.003313563319284,0.0415460862074885,SPY
2023-05-23,-1.0634972355382213,-0.13689327087428577,0.5013447172808116,-0.05581761340406702,1.2294929370245766,1.223405955887799,-0.0541152439606739,0.10769684839421602,-0.05548774208900016,-0.7325909347015453,-0.0072710299960707,0.0090394579422685,0.0564358933061921,SPY
2023-05-24,-0.7004750778824994,-0.8064997763033976,0.3016225593307391,-0.03671256645417309,1.2277551729110712,1.226742725856129,-0.38228008552607395,0.09606957321574121,0.036161164762795156,-0.017314237511349907,0.00862258515403,0.025766558536449,0.0561182491612095,SPY
2023-05-25,0.7364084816209826,-1.3294397376608607,-0.5413770542585822,-0.18675513310984426,1.2302433273576918,1.2278533046875302,-0.043297472323973345,-0.23413927662384473,0.09509015254742821,0.6979624596788455,0.0128676292271228,0.0315015790280517,0.0434015489467487,SPY
2023-05-26,1.1201873752451998,0.026702886202641763,-0.5834330580916262,-0.14028233752826805,1.2385668830177508,1.2298811518549786,0.46414118856001924,0.1903431209347155,0.17979419788903817,1.413239156869041,0.0003808591917628,0.016715905893772,0.0414375274540237,SPY
2023-05-30,-0.008695789828532282,1.398484715003832,0.04101955499452317,-0.14146658661511477,1.2456463458408837,1.2321965499523275,0.45655491911728485,0.39958170737058374,-0.4819628780121495,-0.7325909347015453,-0.0055605856345763,0.0185100347627669,0.0415608586103184,SPY
2023-05-31,-0.545840065063458,0.83708438602979,0.0399203736217864,-0.1958334750244529,1.2531504677626455,1.2356721873563226,0.19302507215636852,0.008827976757734756,0.6943838585963331,-0.017314237511349907,0.0094560705981097,0.0206070054504374,0.0510552245702005,SPY
2023-06-01,0.8117608492461664,-0.41818737781279647,0.28954257239657616,-0.19531788990097018,1.259657285644927,1.2425142624328323,0.5136528321655076,0.35388845758980875,0.02500168230805285,0.6979624596788455,0.0143576056456327,0.0171813248283356,0.0533305977421605,SPY
2023-06-02,1.2548906884678803,0.19998734582611088,1.018765847426053,-0.16335378236313902,1.2682375291342913,1.2538136278124867,0.9962642840091095,0.725006428200529,0.09608023999668987,1.413239156869041,-0.0019180439071568,0.0046163216176617,0.0401228047703705,SPY
2023-06-05,-0.21653120276214993,1.5567515950224482,1.2687858913482302,-0.29507569585528787,1.27661048627196,1.2609879278618294,0.8437003652042184,0.5794954827699134,-0.688114877361759,-1.4478676318917407,0.0021749880607577,0.0155651992841043,0.0405526960679303,SPY
2023-06-06,0.1535048329462689,0.781982856741248,0.6241997644347611,-0.29628119719068896,1.2857337712882853,1.2685687946311248,0.8579104942009941,0.9040525946179802,-0.7451181484356898,-0.7325909347015453,-0.0034636149469058,0.0199616029425069,0.0305161098004793,SPY
2023-06-07,-0.3562606221602263,-0.04785855648046026,0.70241538359165,-0.3024678486853149,1.298036519165484,1.2763132571497744,0.6363033154006704,0.496503116312112,0.03670654871990289,-0.017314237511349907,0.0060303899760079,0.0246153051923032,0.0314519557017458,SPY
2023-06-08,0.502057605552327,-0.15313797175588023,0.7938334882353146,-0.29703455140973295,1.3158487808854846,1.2843849895701558,0.8059331353356151,0.4116103905557467,-0.8207522152767821,0.6979624596788455,0.0017926024349588,0.0309064233208964,0.0279493347713772,SPY
2023-06-09,0.11893474842415759,0.1094798237711529,0.6444898510407612,-0.30518711205595855,1.3309062388432393,1.2931954352802986,0.7923557908819763,0.5258823956217661,0.18819444124585358,1.413239156869041,0.0090308337592857,0.025701823760464,0.0325051004523162,SPY
2023-06-12,0.7733167434319166,0.4675167423544317,0.0967145363379076,-0.28748574175130903,1.344512161476225,1.304207218368842,1.0589451924147784,0.7242379006460641,-0.2148767840550101,-1.4478676318917407,0.0065713917191603,0.0114693002983639,0.0314881645915754,SPY
2023-06-13,0.5509675925538359,0.6718974915703306,0.5740343434895505,-0.2793095936510594,1.3607840464025547,1.315932986433455,1.2168773647724331,1.3952746726333969,0.8628082894136185,-0.7325909347015453,0.0011900873028904,-0.0002391148170692,0.0328223122848818,SPY
2023-06-14,0.06446356113007817,0.9974135167974509,0.765696960455416,-0.3317458496346962,1.379869879464452,1.3292850056972714,1.1331216259409964,1.8301173607994305,1.1006017073294532,-0.017314237511349907,0.012321508104601,0.0021741247211828,0.0310091433242911,SPY
2023-06-15,1.0708145638968523,0.4633266446817113,0.9685765914172315,-0.3290235997424194,1.400387481014627,1.3428551892149705,1.5162448100191341,1.870377443653769,1.565913428298784,0.6979624596788455,-0.0034119971254735,-0.0177360575244716,0.022153787137964,SPY
2023-06-16,-0.3515940438963762,0.8550064026844222,1.2428398888428547,-0.33241982499127287,1.4133935597895682,1.3536946581379186,1.2638413978495344,1.5037601164683152,1.7574763075114606,1.413239156869041,-0.0052016897028144,-0.0184181754594288,0.0329689588431412,SPY
2023-06-20,-0.513393597783917,0.541526953855578,1.0159437142603982,-0.3070732009960394,1.4249496958284629,1.3637019573667961,0.9466547124832245,1.1749889382668905,-0.18290056689069695,-0.7325909347015453,-0.0051370233962728,-0.0023128780222165,0.0403918649324595,SPY
2023-06-21,-0.5075473537515863,-0.6520979080725181,0.3954723233860385,-0.2780066831319468,1.4333676514043352,1.3725102077922744,0.6464845606117562,1.1857981284277215,-0.11393487293237142,-0.017314237511349907,0.0036033268411426,0.0033283357221138,0.0388721939623772,SPY
2023-06-22,0.28263571296026707,-0.7696012466146243,-0.11495976063282697,-0.3890551683788534,1.4448028756092801,1.384430117424295,0.6795343180940586,1.0806257874946712,-0.4610965339077667,0.6979624596788455,-0.0075886741410533,0.0036587892062769,0.0352688671212346,SPY
2023-06-23,-0.7291921221413159,-0.16983134319507343,-0.00975381477231173,-0.385009066905371,1.4504202170767273,1.3961951810844107,0.2523756414753383,0.2630002517977618,0.698680851389948,1.413239156869041,-0.0040941150604307,0.0229789071174,0.0473150109568143,SPY
2023-06-26,-0.41326182917531296,-0.336830044795997,-0.8777445476469091,-0.38148296755258737,1.4535232044517166,1.4053143622214719,-0.0025944755736079963,0.1470923824343404,-0.36387664978144474,-1.4478676318917407,0.0109036077343978,0.0282228348516735,0.0541354706124082,SPY
2023-06-27,0.942627382332564,-0.8611554634748272,-0.9074816961554132,-0.4054717693796399,1.457463112813715,1.4141249176958481,0.35986154276973586,0.4186193260379688,-0.36777186572578174,-0.7325909347015453,0.0005041903480575,0.0158310745076786,0.0433855798047888,SPY
2023-06-28,0.0024541284990979165,0.3984803428949397,-0.20536612768840973,-0.40572644322995094,1.458797077618127,1.422965611292553,0.2957924609128961,0.6056834986548669,-0.18429667368473462,-0.017314237511349907,0.0039337803253056,0.0074652859529278,0.0362292407732605,SPY
2023-06-29,0.312510802679641,0.7117023768314331,0.04056438122555183,-0.44398872811330764,1.4613222675593407,1.4338174835738586,0.35372519301704536,0.5529771004104249,-0.6295021316089853,0.6979624596788455,0.0117314437700697,0.0010037365819828,0.0420381671768943,SPY
2023-06-30,1.0174690076259734,0.23693975814320856,0.05497060605869202,-0.4204252426177214,1.4636194674954746,1.445273827487661,0.7288157787010362,0.7997548100528389,1.438320028320547,1.413239156869041,0.0011498126738427,-0.0081999381424475,0.032209057363409,SPY
2023-07-03,0.06082247936251223,1.0017047835091806,0.89723729643816,-0.5165591483301714,1.4679106197387415,1.4539595496676243,0.6930574536504236,0.6163112816658105,-2.4546180684927976,-1.4478676318917407,-0.0014881526095971,-0.0030013827003925,0.0281935477374206,SPY
2023-07-05,-0.17766630437348857,0.8120697043352427,1.1258479952782943,-0.5188175311886427,1.473807320004359,1.4627234083010558,0.5475252969453235,0.3478966836199414,-1.0805018231965857,-0.017314237511349907,-0.0078615982066931,0.0065006678077494,0.015673257608352,SPY
2023-07-06,-0.7538661877460939,-0.08840742756971907,0.5856252584955558,-0.45535169895473726,1.4784850341258478,1.469299336473148,0.16153637708730118,-0.07434715310792453,0.08176052041174547,0.6979624596788455,-0.0025277690456393,0.0222678054269094,0.0206647602454008,SPY
2023-07-07,-0.27165422034043435,-0.7022362609979008,0.22091604342561605,-0.4610086591998891,1.48050674744031,1.4760566735615912,-0.0054247721752584506,-0.684249438883694,0.3532674716513247,1.413239156869041,0.0025277690456393,0.0241724928148485,0.0186595647508109,SPY
2023-07-10,0.1853984702650639,-0.773051647468281,-0.06077725826257269,-0.4741455292481209,1.4868988989346108,1.4820871832586733,0.04114579837111762,-0.41852007497866933,-0.8944540921664049,-1.4478676318917407,0.0063483681158977,0.0251108756874831,0.0248224648251307,SPY
2023-07-11,0.5308048450679547,-0.06536078028890227,-0.46201438761839664,-0.45851464588874863,1.4978200917091167,1.489129358532395,0.2348446958086721,0.09525241198014604,-0.7633400493250697,-0.7325909347015453,0.0080138978985448,0.026165682151289,0.0141160149929451,SPY
2023-07-12,0.6813792952448147,0.5392536348614563,-0.23538170830058674,-0.46792399294898884,1.5075818486668016,1.4960095845202614,0.4998327363752015,0.6355621763988986,0.6821753701658172,-0.017314237511349907,0.0079055394124667,0.0203730006392479,-0.0006056199167634,SPY
2023-07-13,0.6715830012168117,0.9129513963395534,0.17886320832611424,-0.45788631385563616,1.5206338939240716,1.503233450961219,0.7588642618490503,0.752574357025642,-0.3569909066285897,0.6979624596788455,-0.0006230816577001,0.0058107668604261,-0.0081521951564527,SPY
2023-07-14,-0.09945840662047477,1.0190209844531457,0.866236591880972,-0.45472748536169005,1.5317037907670878,1.5100601590450746,0.6682261533758185,1.1729379055611566,-0.5035837764078265,1.413239156869041,0.0034661519182739,0.0064338485181263,-0.0081123985124955,SPY
2023-07-17,0.27023423037844274,0.4306972296453256,0.9492720448645882,-0.5349193577942075,1.5391960775687392,1.5149759031892864,0.7655582100819429,1.5204064399719543,-1.4106822287630196,-1.4478676318917407,0.0074031745797036,0.0074251662943787,-0.0060736730255568,SPY
2023-07-18,0.6261660358346192,0.12830018185540829,0.990181144906244,-0.5253642518010326,1.5495029682777843,1.5223062409364942,1.004533373074663,1.4674539031552625,0.07351081428386409,-0.7325909347015453,0.0022212163865038,0.0027483363098381,-0.0251942902994048,SPY
2023-07-19,0.15768416663596893,0.6750233940488133,1.0361657684653567,-0.5611620965524787,1.5614648084867921,1.5312738219868345,1.0121106316576616,1.498367595612882,-0.7028407140912819,-0.017314237511349907,-0.006656694366355,0.0006808368501127,-0.0347806335260267,SPY
2023-07-20,-0.6449352426707404,0.5902223195788542,0.7836319740023202,-0.5436220966480699,1.5738726047651816,1.5398532296665945,0.653859948891611,0.9496419960715589,-0.46144883461635466,0.6979624596788455,0.0,0.0006853825329971,-0.0357730632486807,SPY
2023-07-21,-0.04312787503768522,-0.367491524315803,0.14878675691599563,-0.5433509189556498,1.5873804114420018,1.5476513041728839,0.5806659115851358,0.6141608465471362,-0.4048196880127885,1.413239156869041,0.0044574696945263,0.0104280892619366,-0.0352918944555833,SPY
2023-07-24,0.3598556413342504,-0.5187937655957046,0.1759502001248571,-0.6091038174579739,1.601790185425594,1.5580968919851228,0.6674659766154136,0.7251980696349424,-1.2830385803741515,-1.4478676318917407,0.002726344595163,0.0078729535239947,-0.0332640954768761,SPY
2023-07-25,0.20335095871626224,0.23826796984859083,0.21916701414014517,-0.6440749474313066,1.6146539304869127,1.5700403852466862,0.6688024198894107,0.9092437177987791,-1.1773558109348463,-0.7325909347015453,0.0001537169267784,0.002280911976686,-0.0387028436772292,SPY
2023-07-26,-0.029230890442340708,0.4239779485142836,0.015279122220054774,-0.6999486988231701,1.6240588851164177,1.579664858191203,0.5854447923902238,1.5362688824356496,-0.33416095295618653,-0.017314237511349907,-0.0066521486834707,-0.0118812476887582,-0.0277802236980786,SPY
2023-07-27,-0.6445242841228279,0.13081990968864668,-0.07485417485996404,-0.6391829643008731,1.6269625490833226,1.5876769415911172,0.23712814417766143,1.173366340371264,0.7468388114451487,0.6979624596788455,0.0097427067289395,-0.0080991945749318,-0.035084003093563,SPY
2023-07-28,0.8376745724651673,-0.5080134167299742,-0.07465600436762176,-0.5945397339714243,1.6345340593670843,1.597037635402534,0.5520618772988631,1.3357194219214321,0.13143660147744687,1.413239156869041,0.0019023339565844,-0.0223748658441005,-0.0378017686039511,SPY
2023-07-31,0.1288551735693535,0.14515826770941687,0.35008039681123754,-0.67282881476837,1.6414218182262135,1.604258506847984,0.5639256466065204,1.2460337479373722,-0.8004086573740778,-1.4478676318917407,-0.0028656969521456,-0.0155865306807259,-0.0333826818954259,SPY
2023-08-01,-0.3022050452201506,0.727862593273849,0.23868844095637187,-0.6569770311710037,1.6436912883822474,1.610573666563088,0.38740257792281163,0.8112811367329991,-1.1197179832985886,-0.7325909347015453,-0.0140084427386657,-0.017078915444868,-0.0161657487161432,SPY
2023-08-02,-1.3095798984030016,-0.13098202335201262,-0.0050983903757761346,-0.49088607918136495,1.6386667334188996,1.614057191311271,-0.2171425753060955,-0.3776850251171483,0.9208860553925031,-0.017314237511349907,-0.0028700955696443,-0.0097782097173659,0.0019530094533681,SPY
2023-08-03,-0.30260270812495466,-1.2147738543156472,-0.6225022491364846,-0.5348944604449455,1.6353566782828244,1.618625578699066,-0.37465608868820977,-0.48491213952242024,-0.6686675230514127,0.6979624596788455,-0.0045329645402292,-0.0065491499749441,0.0033586531598199,SPY
2023-08-04,-0.4529366040244526,-1.2150734742401692,-0.45762243972352296,-0.521969234700494,1.6300348400913764,1.6227361237893776,-0.5943284970996963,-0.8519920064902675,1.2197710744459271,1.413239156869041,0.008690669119959,-0.0025994704484579,0.0097551951802996,SPY
2023-08-07,0.7425637037265433,-0.5696338415536514,-1.0799748729819914,-0.4832189832027625,1.6265760808867908,1.6282351237078616,-0.29296172752717503,-0.789230414547638,-1.0057648965921993,-1.4478676318917407,-0.0043580817162878,-0.0057852621632044,-0.0032668846216221,SPY
2023-08-08,-0.4371260881545406,0.2178489174762884,-0.7840352406492962,-0.4835355176171509,1.6199460403555508,1.631365348750428,-0.49717503243398237,-1.0684663344734826,-0.30392348750279347,-0.7325909347015453,-0.0067077370111636,-0.013144623141061,-0.0056539684018313,SPY
2023-08-09,-0.6495498213217523,0.2297613828193614,-0.8490962295029424,-0.48988670191375944,1.6102734683662971,1.631230965967722,-0.7654328501084988,-1.0669101943168062,0.09049439443789037,-0.017314237511349907,0.0003589641727774,-0.0138020129700153,-0.0020211972118069,SPY
2023-08-10,-0.010675238337762013,-0.8191293843895733,-0.5308196393276103,-0.5360321318289915,1.603752504548896,1.6294145560747204,-0.7348863963457607,-1.0481892169596698,0.8333341308115026,0.6979624596788455,-0.000583285013743,-0.0218101012318019,-0.0008751966039426,SPY
2023-08-11,-0.09586053773505583,-0.49781912413208834,-0.39004775197171754,-0.536043393783857,1.5925835237055888,1.627608103365733,-0.742163571107053,-1.31859331763818,-0.5117408617215605,1.413239156869041,0.0055048774052126,-0.0207456474249614,0.0062632349877054,SPY
2023-08-14,0.4545479379180637,-0.0806408071291934,-0.2178602157394559,-0.5219425390590074,1.5829902688801347,1.6262495514508188,-0.5088542243175223,-1.1635293180063115,-1.5858508452254578,-1.4478676318917407,-0.0117174426941444,-0.0197652561569405,-0.0047422645904386,SPY
2023-08-15,-1.1024589716846054,0.26988254135232653,-0.35674581965562174,-0.4853367997424166,1.5695219958762943,1.620626125933645,-0.9283579598529661,-1.5092014206293818,-0.06691447490260154,-0.7325909347015453,-0.007365126840118,-0.0107602170679861,0.0081404490145029,SPY
2023-08-16,-0.7089820290660929,-0.4885410962745091,-0.6775795041414923,-0.47138607832684004,1.5591259826532786,1.6128827610573289,-1.1525741303635075,-1.5218302442623635,0.19816202279779488,-0.017314237511349907,-0.007649124089009,0.0076812466780609,0.024090959508765,SPY
2023-08-17,-0.7346571806299026,-1.365205116687836,-0.7062386229972671,-0.46420529089183077,1.5466884580520799,1.6049751888880723,-1.3851608070361725,-2.2303842305502686,1.0324484876749331,0.6979624596788455,0.0004811687930974,0.0013744426881148,0.0196186181175441,SPY
2023-08-18,0.0003728339966219387,-1.0880841090553628,-1.0553537799310881,-0.4629075352005184,1.5364708147659243,1.597172112268868,-1.2972901466290974,-2.322809563398972,1.1821041315492116,1.413239156869041,0.0064852686732335,0.0079182151135688,0.0197236546143191,SPY
2023-08-21,0.5431815232663963,-0.5536192445498358,-1.0089485773814078,-0.4436216309455514,1.5252026874678677,1.5897770763464618,-0.9743095776910915,-1.89166910194237,-0.45532691575521267,-1.4478676318917407,-0.0027124036051899,0.0077543671054449,0.0111625377294606,SPY
2023-08-22,-0.2883463549258589,0.40917092621052714,-0.9662081079706344,-0.45658413451076335,1.514697566303782,1.5811727365051491,-1.0053966402467225,-1.6227206300966568,-0.6373269740563159,-0.7325909347015453,0.011076336905929,0.0248180069377719,0.0046391023986602,SPY
2023-08-23,0.9582431943725495,0.19163486602007274,-0.573630562373737,-0.3559753007937528,1.5120019381420873,1.574962103701308,-0.5059029331936681,-0.9537532058693319,-0.4271365448646912,-0.017314237511349907,-0.0139559280789551,0.0178519854626886,-0.0231037414043413,SPY
2023-08-24,-1.304832240273718,0.5043639264107848,0.23033091998312838,-0.2813335371714773,1.5030627688729146,1.5671988714987724,-0.9948352226649182,-1.224783492113332,0.6691846027909375,0.6979624596788455,0.0070249412185514,0.0303434616784512,-0.0113988972904284,SPY
2023-08-25,0.5919713423578555,-0.26150943158462087,-0.04461620756135008,-0.3132081916962023,1.4974336235125871,1.5587637724245245,-0.6378352247059338,-1.3080911587306423,1.4626620413348368,1.413239156869041,0.0063214206651096,0.0251820979401502,-0.0142275716271118,SPY
2023-08-28,0.5283686246962978,-0.5374777035352879,0.24066163436167412,-0.2832654536010975,1.4921315521576293,1.551284155320099,-0.3147402240298625,-0.9134041850110165,-0.7970305052746707,-1.4478676318917407,0.0143512362271369,0.0145292665930778,-0.0353490788870898,SPY
2023-08-29,1.2543148526599928,0.8437512171734483,0.23351862829087094,-0.15375690005917322,1.4983453961695277,1.547641378350077,0.3043753105627616,-0.1908405822529135,0.41701263960633694,-0.7325909347015453,0.0041103154308457,-0.006567135130556,-0.0493013112695992,SPY
2023-08-30,0.32847069527992045,1.3427952823135854,0.9774134385356317,-0.24199311686607133,1.5096134922403546,1.5480792905989236,0.46959351423401097,-0.0820886737821663,-0.3778100916651186,-0.017314237511349907,-0.0014644518631925,-0.0137524163825411,-0.0476310310114955,SPY
2023-08-31,-0.17552360665902209,1.1921817807733592,0.6737275148822993,-0.2455477152789478,1.5235475193772956,1.5488307522203464,0.40218679581725886,-0.11305871848978385,-0.5482762429340979,0.6979624596788455,0.0018635774802504,-0.0107829997387067,-0.048596392386389,SPY
2023-09-01,0.12535134243070548,0.114867085100144,1.2182973968366377,-0.25731267327260743,1.5381059662021672,1.5510104660447963,0.4586892553169091,-0.21733466831793802,-0.921207967110315,1.413239156869041,-0.0043314106819627,-0.0060914306410522,-0.0508577121883444,SPY
2023-09-05,-0.43471485758334827,-0.03817360447838351,0.99328610168297,-0.2868732374495331,1.5479172495463822,1.5502789187914057,0.2871567778627776,0.056040175551577066,-1.118840676592615,-0.7325909347015453,-0.0067451654964969,-0.0072606421320209,-0.0600027989305473,SPY
2023-09-06,-0.6529335936557763,-0.23346177971999602,0.5288725280627179,-0.2724703746416073,1.5559149802902643,1.5490198446330237,0.022563360485940608,0.07698121925299663,-0.2356368704841447,-0.017314237511349907,-0.0030749658211393,0.0006497942752732,-0.0460020217921792,SPY
2023-09-07,-0.32112427753659634,-0.8198621479590701,-0.39083182055571275,-0.2918414733095649,1.5577186338587372,1.5485719438389522,-0.09865325743000035,0.26799904485425,-0.2526203440234597,0.6979624596788455,0.0015049647806417,0.0123101437505566,-0.0433039923920537,SPY
2023-09-08,0.092930481133228,-0.734277094363091,-0.704076443978579,-0.29052554764065,1.5662712100224605,1.5483778179521497,-0.03555774372988759,0.2969021621226363,-0.7127672982437608,1.413239156869041,0.006555146577905,-0.0013162865103151,-0.0330060724255094,SPY
2023-09-11,0.5494989288060916,-0.1723042900173467,-0.5746237801560569,-0.2674918768995399,1.5746752382538236,1.5497712121708183,0.21961432966178815,0.30247608388004144,-0.7705554486666716,-1.4478676318917407,-0.0055006221729314,-0.0072852277983477,-0.0331792811362854,SPY
2023-09-12,-0.5404189880212138,0.48366853577571794,-0.3700933319079627,-0.26704911547202703,1.5778762791305176,1.5487161897220438,0.004329008850232701,0.17833931624391608,-0.3219921643017297,-0.7325909347015453,0.0011652709107972,-0.0038604538370412,-0.0224874485595103,SPY
2023-09-13,0.062220001973262586,0.006470089916400099,-0.4210654790440255,-0.3470776024042734,1.5752500378735337,1.55051768735993,0.03525499583313191,-0.13058310864593334,-0.753319692433822,-0.017314237511349907,0.008585383654144,-0.0142615636838288,-0.0195648058006856,SPY
2023-09-14,0.7330452302102597,-0.3606712087019661,-0.0762074857916675,-0.3508277048512649,1.5746058513491128,1.5558524329436603,0.3377140847284694,0.8395209858848758,0.7109318368476105,0.6979624596788455,-0.0121214654802299,-0.0395134542350454,-0.0342651741218755,SPY
2023-09-15,-1.1389851926550036,0.5988229969358945,0.4321291613444577,-0.29320198749112725,1.5692382964931753,1.5601540462028476,-0.19742961156425298,0.0002642639888210088,2.3354514361370478,1.413239156869041,0.0005862052898724,-0.0296430727198577,-0.0271372003451668,SPY
2023-09-18,0.009868799133470097,-0.30622750038276353,-0.16191940348875047,-0.29325610346566056,1.5632967851527326,1.5644809993193107,-0.21327144576000145,-0.2066756459141234,-0.9896807650944777,-1.4478676318917407,-0.0020758482116249,-0.0260330111278621,-0.0172568272716677,SPY
2023-09-19,-0.23079771221060968,-0.8511062534235742,-0.42213729899373326,-0.3073861000059287,1.5583729380056268,1.566935202129905,-0.3198504136452012,-1.0013916296706409,-0.33251358654299495,-0.7325909347015453,-0.0092358389359903,-0.0387572495111054,-0.015226921844146,SPY
2023-09-20,-0.8781062610131701,-0.16683054889737764,-0.27283318796516226,-0.2601781124811765,1.5523942974889013,1.5679490786718153,-0.7011864012901663,-1.5879505369439568,0.6157666134847778,-0.017314237511349907,-0.0166665068970726,-0.0291224067304876,-0.0194056671337019,SPY
2023-09-21,-1.5498857478431862,-0.8358771642352371,-0.7262728826516751,-0.19006035903510007,1.5405629871006346,1.5629137385551772,-1.3191905378809081,-1.9460192615976377,1.8075072316452485,0.6979624596788455,-0.0022510839650422,-0.0066753041444655,-0.0115644108855335,SPY
2023-09-22,-0.24664013514236977,-1.8297467278994293,-1.8271370894975736,-0.28268928138135274,1.5271029893127033,1.5604495001575431,-1.3860550968750451,-2.096514886561309,1.5571748778472638,1.413239156869041,0.004196266881868,-0.0068540334175093,-0.0216775617079356,SPY
2023-09-25,0.3362412513002498,-1.353967290868172,-1.3968346653703623,-0.30293329308597766,1.5125392650859886,1.5573564381482334,-1.1926465862962552,-1.777272153847417,-0.13112069422955297,-1.4478676318917407,-0.0148000865948683,-0.0114480426210823,-0.027608569261103,SPY
2023-09-26,-1.3811495212494593,0.06713893329296552,-1.2394528811005263,-0.2319110208583618,1.4940982430931093,1.5497037542091845,-1.7069698053503901,-1.9267931789318649,1.321116967200612,-0.7325909347015453,0.0003990038446275,-0.0101244534503797,-0.0052972721161079,SPY
2023-09-27,-0.007055398190257339,-0.7876594714264343,-1.7941701038398117,-0.38557923247697445,1.4753109111212759,1.5389510303917127,-1.5959621133003403,-1.8485518524148852,1.7851337642799752,-0.017314237511349907,0.0057805956889493,-0.003267845653136,-0.0201525612256938,SPY
2023-09-28,0.4794746185514041,-1.0463170303003506,-1.374136065823647,-0.37040011405368584,1.4551645701066982,1.528511166000208,-1.2750528419268248,-1.6434445562853555,1.0209978914015527,0.6979624596788455,-0.0024298132380859,-0.0094253777630992,-0.0379798342466344,SPY
2023-09-29,-0.262798394393845,0.35557401261260874,-0.3955474831498169,-0.3709424507955824,1.4393614059003046,1.5178803902458744,-1.275428063680724,-2.028237982410696,2.2133275189880575,1.413239156869041,-0.0003977423217049,0.0048073202221727,-0.0400932292369455,SPY
2023-10-02,-0.07908630221609181,0.16288393190456765,-0.4033392427018568,-0.3798996331846091,1.4231306160084476,1.506746674774798,-1.1906155432962688,-1.9320749034782776,0.47134152160433723,-1.4478676318917407,-0.0134764974241656,0.0115870004110067,-0.0278106435808469,SPY
2023-10-03,-1.2614886699605374,-0.2579649300418188,-0.6036165363118788,-0.31266827956636867,1.4021259945816482,1.4937268177613958,-1.6042348378647355,-2.214295404868366,1.5199030675584972,-0.7325909347015453,0.0072556116418711,0.0302547082390161,-0.0080734965242781,SPY
2023-10-04,0.6128254108502392,-1.0104301496487538,-0.5459142450858012,-0.2662308787277913,1.3882223515393441,1.4837430237590374,-1.2282317276292947,-2.307976401203691,0.6055399016509447,-0.017314237511349907,-0.0003769364210137,0.0270870102667668,-0.0047207967653957,SPY
2023-10-05,-0.07720531690459972,-0.4891078619899051,-0.24699824554681113,-0.26470099767732946,1.3813699419043959,1.4743610827281852,-1.1576971056357095,-2.124224654977116,-0.32628088923028614,0.6979624596788455,0.011802884747186,0.0213489620207347,0.0146392529421106,SPY
2023-10-06,1.0239277248230252,0.40319283937459616,-0.5154378179667147,-0.16980019192719942,1.38049470510637,1.4671627129505511,-0.6204074821228559,-1.5439700859741308,1.9410943773483862,1.413239156869041,0.006381937867129,0.0045525855700274,0.011918335267425,SPY
2023-10-09,0.5338397633785676,0.7129387140792647,0.10504118130087434,-0.17126064095230914,1.3805544427970589,1.4598796051848488,-0.29511184988284256,-1.219750966394087,0.18488777641939033,-1.4478676318917407,0.0051912104038436,0.0086372260662699,0.0078342917182281,SPY
2023-10-10,0.42619045265310707,1.1733318727731512,0.40060349726339184,-0.15759653048469566,1.3891670689237694,1.4549443230071186,-0.03780824818886812,-0.7605309655263914,0.06877928466499435,-0.7325909347015453,0.0040879136696219,0.003400072878323,0.0054849581131453,SPY
2023-10-11,0.3264454340600905,0.7229655091722155,1.214428162392175,-0.14659387341355676,1.3993809337151137,1.4506391972924677,0.16996889725365996,0.01001056565852414,-0.7839936350883637,-0.017314237511349907,-0.0061149846670458,-0.0141024250168451,0.0021293406031821,SPY
2023-10-12,-0.5959612519449091,0.566703829876992,1.0763313609398348,-0.1858467950469474,1.4044929249220206,1.4430897701356957,-0.00851916056800129,-0.15801885772472937,0.20875949661870202,0.6979624596788455,-0.0049934917035212,-0.0168126909987034,0.0004148622372683,SPY
2023-10-13,-0.4945711788766603,-0.20343845115755138,0.8261793210995034,-0.23953132662108537,1.408490915931526,1.4371618586354908,-0.1558397450637515,-0.5018238234922108,0.9351782569969372,1.413239156869041,0.0104665783633715,-0.0241834340826265,0.0208926563193081,SPY
2023-10-16,0.9031171568541361,-0.8220350882419037,0.09393594305262006,-0.16965537347543666,1.417173210008015,1.4333714174105412,0.30801285815172974,0.48019506511726867,-0.1249538726357727,-1.4478676318917407,-4.5942784103303325e-05,-0.0363847531172973,0.0094723500802116,SPY
2023-10-17,-0.04728139395282242,0.3074485882111573,0.27200714572263146,-0.17017935611395268,1.431524339253963,1.4300303979983238,0.3380712644928233,0.46700182238135396,-0.1527699698055039,-0.7325909347015453,-0.0134145842255462,-0.0288275997830673,0.0287333567493268,SPY
2023-10-18,-1.255891324336378,0.6444599865144797,0.04369178538610156,-0.12558301431746863,1.4370440019464625,1.4258204221932949,-0.1703387231981835,-0.2993136779909109,0.8156195245072461,-0.017314237511349907,-0.0088252506489041,-0.0298693008224795,0.0442627235635821,SPY
2023-10-19,-0.8409864771334705,-0.9822493453756417,-0.7193351818069721,-0.22331356736620991,1.4389634773104214,1.4233433727415796,-0.5041090607906584,-0.5200004961397031,2.192750044646596,0.6979624596788455,-0.0123642347874444,-0.0330907275055665,0.0543102773325117,SPY
2023-10-20,-1.1609330769465365,-1.5802680548096297,-0.8374900900269473,-0.1543631377336896,1.4306590951694866,1.4187338708081307,-0.9565119379600907,-0.8574440826858685,2.1979840215068123,1.413239156869041,-0.0017347406712993,-0.0252697009465192,0.067917612190393,SPY
2023-10-23,-0.19995942827786828,-1.508721570154873,-1.1588199810499766,-0.16942628029976067,1.4188936430089578,1.4128559020340545,-0.9709716193056417,-0.525992078178881,0.5869455080165363,-1.4478676318917407,0.0075112105501267,-0.0116501169408262,0.0773204894326626,SPY
2023-10-24,0.6359331724029772,-1.0257384362524093,-1.6907403683308213,-0.2364326408630492,1.4080432735917339,1.4117322298976873,-0.6601274351836173,-0.5181032324971874,-0.10132429430160803,-0.7325909347015453,-0.0144562852649583,-0.0129006778585498,0.0676274538214203,SPY
2023-10-25,-1.350067701662304,0.328114094407162,-1.361283863106933,-0.13664538216494004,1.3893757917280374,1.4074872863440648,-1.1969902234249026,-0.9035426447687231,0.6640880752251872,-0.017314237511349907,-0.0120466773319911,0.012163918807162,0.085937165063159,SPY
2023-10-26,-1.1322238699706952,-0.5384373236617723,-1.4066971515178401,-0.10668063650788158,1.3683811317875574,1.3995118798786612,-1.5981313857475585,-1.5754469454122044,1.6746671978817942,0.6979624596788455,-0.0045432082283971,0.0431937094256458,0.0985990424922018,SPY
2023-10-27,-0.4538626983697685,-1.8706588439267025,-1.5471362732222513,-0.10347423962806104,1.3476749177691327,1.3911219252654876,-1.698983387532746,-1.9126620025561687,1.2414766081854158,1.413239156869041,0.0118848433343936,0.0568188847265433,0.1013397306948489,SPY
2023-10-30,1.0313373006436644,-1.1954113611846742,-1.2061761307654522,-0.016003367269059047,1.3273366229727135,1.3852689200141735,-1.177030259196919,-1.659294835239407,0.2243291916401204,-1.4478676318917407,0.0062606496324031,0.0472319357100818,0.0904444185063626,SPY
2023-10-31,0.5228745381108764,0.43472820381268257,-0.6124260306060823,-0.0665523662943133,1.3096140146295911,1.3835759478417606,-0.9122965908180861,-1.5859150977930736,-0.13959352183291926,-0.7325909347015453,0.0106083114007535,0.0438131628764395,0.0834801491527894,SPY
2023-11-01,0.9159307218819389,1.170652861464562,-0.6669446318969445,-0.03703121639128885,1.3021052710778125,1.3825771403610154,-0.4774045832993655,-1.110421940971954,0.7672443922423531,-0.017314237511349907,0.0189831132864926,0.0339371476353447,0.0768015088997042,SPY
2023-11-02,1.673065900384171,1.0836995399427878,0.4257544383903608,0.11960913230701478,1.3064116622092423,1.3857034295717894,0.26520729762249096,-0.4795026380340733,0.5940879549636109,0.6979624596788455,0.0090819670725004,0.0071245713158925,0.06371679077332,SPY
2023-11-03,0.7779395190815885,1.9503135615040408,1.778508037909099,0.09683734347693475,1.3198379345889444,1.388275362362845,0.6148465230641558,-0.5136149378978071,0.8474103990306471,1.413239156869041,0.0022978943179321,0.0135269066219105,0.0493716327238811,SPY
2023-11-06,0.1646163376999802,1.8463438090599493,2.3725018923627488,0.08323791496722407,1.334984796105738,1.3899733209675678,0.693579034967785,-0.457003922660154,-0.7714292732873239,-1.4478676318917407,0.0028418767987608,0.0102752844282534,0.0468767417279547,SPY
2023-11-07,0.21379580228238043,0.7097994176498361,1.95455579824068,0.07569472035818517,1.3482120885768845,1.3911668815593052,0.8000150536191147,-0.042691730995799176,-0.9873900055722521,-0.7325909347015453,0.0007322961596587,0.0266484715145045,0.0399968675072521,SPY
2023-11-08,0.02307633983500574,0.28474418667713725,1.8055133082829287,0.06917272063808125,1.3678045522157454,1.3916313567525986,0.8259530906451187,0.24456108152877598,-1.091846873521569,-0.017314237511349907,-0.0078294630329596,0.0280309579435549,0.0468660882979108,SPY
2023-11-09,-0.7509609643350967,0.17810058737283943,1.3749652800814511,0.07972118938919967,1.3889781754104527,1.3917212222984185,0.5004255106887405,0.3914211707198227,-0.008211085220189662,0.6979624596788455,0.0154843023785185,0.0370827240965399,0.0589854693907376,SPY
2023-11-10,1.3567512152731764,-0.5487973608906119,0.20606248036664807,0.1616748067147935,1.4187446266681492,1.396270777279909,1.1002085799920325,0.7326964086081585,0.31675576804160127,1.413239156869041,-0.000953727875725,0.0228415217884583,0.0473831972140379,SPY
2023-11-13,-0.12935092070270815,0.45606268689685114,0.4851743260451266,0.12343013478529846,1.4432101932056225,1.3983432671290803,1.0399330629988566,0.5767590425099802,-1.5085746222029262,-1.4478676318917407,0.0192150638850119,0.0314633862351536,0.052893791054581,SPY
2023-11-14,1.694035704829654,0.924416038716873,0.34341882144547664,0.2586389389592643,1.4735733968256095,1.404690681848155,1.7883639438823307,1.3841407707193671,0.711901235376617,-0.7325909347015453,0.0021147825887091,0.010066497289026,0.047374607119627,SPY
2023-11-15,0.14806187662942163,1.178543723458894,1.0572131244378489,0.16538174271625575,1.500445739648734,1.4144140210056195,1.781646248851062,1.9132476437212647,-0.29210735973065677,-0.017314237511349907,0.0012223031200253,0.0118051406770973,0.0484639695105375,SPY
2023-11-16,0.06737607521576214,1.387560959906747,1.1174830603899695,0.11252167518253418,1.5198092764656204,1.42629976259989,1.7157507628786737,2.136630536397532,-0.8259708928126163,0.6979624596788455,0.0012431000704369,0.0111980376541236,0.0455938367186714,SPY
2023-11-17,0.06925625136524238,0.1619509531119894,1.5120976872175949,0.009088233927484247,1.5358212883852003,1.441082056864745,1.6226352402975919,2.085998517310624,0.006085161532370454,1.413239156869041,0.0076681365709703,0.0081524175579366,0.0499600450255437,SPY
2023-11-20,0.6501202794443253,0.10257469445459494,0.8912479392899927,0.0033758294247369725,1.554289790340341,1.4579618515433492,1.7824343536230376,2.096807451318901,-0.6335762937977821,-1.4478676318917407,-0.0021818250611156,0.0014738121328736,0.0483544307388301,SPY
2023-11-21,-0.24037869119387123,0.5416445005170368,1.2671208643841807,0.011869563667792139,1.5705405032048378,1.4727640915374454,1.5447588486650212,1.899113042521493,-1.6403070528330568,-0.7325909347015453,0.0038534259767804,0.0029520174728192,0.0365819702053178,SPY
2023-11-22,0.30524626020519074,0.30834942320337777,0.334316679649043,-0.14932231462411827,1.5882133353435917,1.4914766823410146,1.52582907561009,1.7611747263338111,-1.1017256475835282,-0.017314237511349907,0.0006152000970516,0.0030282626437072,0.042165916254711,SPY
2023-11-24,0.012490113501114274,0.04850339188375887,0.4101133916027451,-0.2903876210038591,1.6095560852151247,1.5128260765974892,1.3455206750189794,1.6556787376746336,-2.380377257948932,1.413239156869041,-0.00180252002575,0.008311457706764,0.043558258330461,SPY
2023-11-27,-0.20608711157485268,0.23902790715311348,0.3836465420611574,-0.3162553423923619,1.6233503704985206,1.5346998929992146,1.0606427110494603,1.4821347406928,-1.385704500495019,-1.4478676318917407,0.0009895311459073,0.0048507867555755,0.0495744841744052,SPY
2023-11-28,0.046332013209441,-0.14623726194097636,0.2508717644759878,-0.3373475437058519,1.6380098686391624,1.5543463578992602,0.9159714819232937,1.4510161248701974,-0.8614869857284072,-0.7325909347015453,-0.00070361972117,0.0036642589316739,0.0503914622587142,SPY
2023-11-29,-0.10673955809049851,-0.12073901376639364,-0.04028416498547873,-0.32441874453454483,1.6438577295173085,1.572529571486477,0.7159601604885388,1.3838108243922327,-0.8267902638401156,-0.017314237511349907,0.0039296711476684,0.0003298812309022,0.0514726950479067,SPY
2023-11-30,0.31213930697308145,-0.04588539750624,0.024158667356679632,-0.3503317893011392,1.6505410124754294,1.589379369168193,0.7219080203986229,2.068606877128951,-0.06929274372127488,0.6979624596788455,0.0058983951601083,0.0040017270335512,0.0446438573018612,SPY
2023-12-01,0.4901244374773078,0.1543876486706468,0.02748259985215784,-0.5009051892660746,1.6593625487697863,1.6035323694032326,0.8353842416739591,1.9707986631717336,0.35206252965150076,1.413239156869041,-0.0052631909769385,0.0023932499333101,0.0331334030388363,SPY
2023-12-04,-0.5189537028225039,0.6040960402393566,0.2578051703903063,-0.48279752867902814,1.6652303013933412,1.6145191889690134,0.5153160228516536,1.5441363474101497,-0.43394408670531376,-1.4478676318917407,-0.0001969966779942,0.0115384711120674,0.0301964162731849,SPY
2023-12-05,-0.06093762349411956,-0.02209267855513385,0.10693611866098059,-0.47819841133077995,1.6675575419245832,1.624961672021511,0.4111893969157254,0.9734721356620281,-0.5684670553718649,-0.7325909347015453,-0.0040379974219417,0.0162923337548797,0.0271671558215942,SPY
2023-12-06,-0.4081884389251097,-0.4372915093344015,0.05520906047851538,-0.45267184585682174,1.669039430116759,1.633866013192896,0.1639347057602105,0.4276599433434242,-0.6016513862094172,-0.017314237511349907,0.0076015169503174,0.0340262111268794,0.0325737383741886,SPY
2023-12-07,0.6440974434342369,-0.35383519593825985,-0.09015419679680331,-0.43469705792925994,1.6722319459597068,1.6443434483133808,0.3807044272161903,0.7355423799500557,-0.7110731116544139,0.6979624596788455,0.0042899180598672,0.0296288391561816,0.039147186444671,SPY
2023-12-08,0.3447079114480093,0.17737490938272796,0.06992108980382251,-0.5067637388707498,1.677105204994468,1.6575076923353187,0.43747322919258896,0.8554033322756658,0.05386981767420461,1.413239156869041,0.0038820302018187,0.0236910914244736,0.0333390353203411,SPY
2023-12-11,0.3078322634713898,0.7446461960719944,-0.00020098139695729872,-0.6281200348764178,1.684574133828197,1.6681849140409197,0.5004553427836737,0.7107185000695665,-0.7787325757282743,-1.4478676318917407,0.004556865964818,0.0254183695999641,0.0350965366382673,SPY
2023-12-12,0.36884169424350327,0.4912865122167248,0.3984878470281256,-0.6343429508452937,1.6936940775309286,1.6801256475160482,0.5801907063794056,1.0890462075344582,-0.6372080106584472,-0.7325909347015453,0.0136958799500579,0.0269240259194027,0.03009899893663,SPY
2023-12-13,1.195066490895913,0.5094701599556193,0.6057340022068622,-0.7687175900127976,1.709497272964552,1.6909976223326424,1.0508398311393325,1.3610222841885768,0.5502729327621081,-0.017314237511349907,0.0032041449796196,-0.0007261396252831,0.017095609703488,SPY
2023-12-14,0.24654714225703347,1.1779585933720313,1.3788480313458926,-0.7681694908090615,1.7250219839624403,1.7021492607349475,1.0827297023438627,1.4176746067110098,1.718550401074635,0.6979624596788455,-0.0016478296718407,0.0055070874212708,0.0102134564599101,SPY
2023-12-15,-0.19210212299630136,1.0858155144129211,1.1871432004972815,-0.7542579303735876,1.7370885603003399,1.7126381270162958,0.9180376553956529,1.4253137615621483,2.5869333926407805,1.413239156869041,0.0056093083773092,0.0091624592659131,0.006287101460578,SPY
2023-12-18,0.46398915978555183,0.04065050057319734,0.9282851980099059,-0.7458272776527165,1.754188185408105,1.7241710863649073,1.0473762481681024,1.5146051351306167,-0.5437907940756375,-1.4478676318917407,0.0060625222842567,0.0077668567067981,0.0095312980351494,SPY
2023-12-19,0.504962569905343,0.20448263098873498,1.0035864399033358,-0.7590427689921048,1.774243186775393,1.735410222541716,1.1990907081436901,1.6640071326069779,-1.1675623483726272,-0.7325909347015453,-0.0139542855946279,0.0035108436527577,0.0158579211564786,SPY
2023-12-20,-1.304683749278799,0.7296874417864108,1.0692260064347785,-0.5603038720106059,1.7895575511530621,1.7438443807796788,0.5413276107243368,0.697856421697083,0.893385790952504,-0.017314237511349907,0.0094373720261735,0.0178427423154081,0.031924269050922,SPY
2023-12-21,0.8100703798125243,-0.6029227592859522,-0.1361917621782653,-0.522493906936153,1.8058545427721853,1.7536309441354947,0.8449953413748554,0.7852839551751163,0.19784645991172214,0.6979624596788455,0.0020075421728016,0.0055062036908575,0.0253991089103546,SPY
2023-12-22,0.1383666632323094,-0.37303865927774427,0.13554775509777336,-0.5241389355189574,1.8211408650974559,1.7637539819080306,0.8375036373010685,1.108554058414839,-0.6420021492951663,1.413239156869041,0.0042137058181941,-0.0021133975848606,0.0244841934794246,SPY
2023-12-26,0.33781784168988443,0.7142306094030809,0.2949048542550521,-0.5337908029525217,1.8366441542156717,1.7752893717503777,0.9094737781770599,1.1968746674820494,-1.125220379652918,-0.7325909347015453,0.0018065092302164,-0.0145272811456447,0.0256946397655735,SPY
2023-12-27,0.12019201087088921,0.358410973924259,0.2340631164375951,-0.5350837078010432,1.850907753536371,1.787031306518488,0.8795146790705454,1.4546127733608512,-0.5525258109507812,-0.017314237511349907,0.0003776130680224,-0.019560047505446,0.022616847541542,SPY
2023-12-28,-0.008989259991905727,0.3447172451326619,0.04852087255850287,-0.5393066141606014,1.8589860505332465,1.7990232842099376,0.7881396317704759,1.344137206158695,-0.12979985329447805,0.6979624596788455,-0.002899166598377,-0.0185690754428158,0.0301274464140233,SPY
2023-12-29,-0.30523091340420516,0.08341472891445326,0.6733245569342966,-0.520865108916672,1.8641846036212772,1.8094293725788115,0.5754967905276337,1.0758865640347566,1.8003048026825308,1.413239156869041,-0.0056120591029165,-0.0014949438236389,0.0322528365010752,SPY
2024-01-02,-0.550493592892725,-0.23712103875269275,0.13550922858909353,-0.4919247803502537,1.8674998737047352,1.817153293505239,0.2761130767048461,0.6514390578603854,1.7671608802294099,-0.7325909347015453,-0.0082001777425899,0.0025988822148148,0.0214129770190671,SPY
2024-01-03,-0.7844759240534028,-0.6451185798753525,-0.1966697145226044,-0.4588881947266694,1.8643244703837418,1.824145275163157,-0.12006114238580225,0.10528838893960583,0.9415260532796975,-0.017314237511349907,-0.0032262571295849,0.0164385914771498,0.0426164674021727,SPY
2024-01-04,-0.3348019708586141,-1.006206708003015,-0.7378569199836037,-0.44628323833325384,1.8567753187965468,1.8304250280727359,-0.3052888344949971,-0.5651268288151923,0.11931562509609643,0.6979624596788455,0.0013685851306526,0.0192241768699155,0.0563150232232967,SPY
2024-01-05,0.08060089626096967,-0.8436934166332974,-0.9572619714860326,-0.4665858324840844,1.8564358163536983,1.837944583677459,-0.3146102712558178,-0.6533444190712407,0.1938805095363458,1.413239156869041,0.0141749650207998,0.0185480824561787,0.0512985507066812,SPY
2024-01-08,1.2383788182205266,-0.19189952667540883,-0.914060228966153,-0.38935079943525613,1.8583330267027798,1.847080715548256,0.18383973478236912,-0.004124070602674749,-0.2926270934552498,-1.4478676318917407,-0.0015182330644627,0.0006951091714206,0.0400227775664285,SPY
2024-01-09,-0.18038576817392504,0.9934167389346978,-0.16970802593389048,-0.38626963783812196,1.8585627029782714,1.8548720003526875,0.054163446277845945,-0.27289307656465994,-0.6597013840372593,-0.7325909347015453,0.005639531519745,-0.0033608424352893,0.0498468257616631,SPY
2024-01-10,0.4667215234468337,0.7967758057314016,0.008763623372790437,-0.37962914181752494,1.8594713841394583,1.8631131930686002,0.21367257508266504,-0.2886193714160188,-0.581240989548607,-0.017314237511349907,-0.0004406717368192,-0.0001468690031538,0.0446488094584855,SPY
2024-01-11,-0.08296739347281872,0.215369047321048,0.6121101541664709,-0.38227546337323653,1.8593115944043546,1.8701953538844338,0.1343363640732396,0.4254667165695889,-0.13269584995102546,0.6979624596788455,0.0006924907169159,0.0126829481392514,0.0508523167206469,SPY
2024-01-12,0.01947767548358384,0.28876911990272663,0.7335486360808791,-0.48379426441781587,1.859301601690805,1.8742468144560491,0.12770477726986026,0.057116587354032626,-0.9556656899798869,1.413239156869041,-0.0036780082639582,0.0141025197221509,0.0497207235629897,SPY
2024-01-16,-0.37564313706515395,-0.04820766710419124,0.7040740848974055,-0.47519709008844313,1.8589221283937585,1.876666692422846,-0.04335442716114133,-0.2845296758478861,0.18433180838112953,-0.7325909347015453,-0.0055741846711727,0.0206927398717153,0.0395300378911906,SPY
2024-01-17,-0.5470695041763289,-0.2687248014588412,-0.07423196846933346,-0.4540526076664466,1.858562640523812,1.8781509243848296,-0.28259435911107,-0.8349232371406475,-0.4731450648118263,-0.017314237511349907,0.0088535049518805,0.0273595512847597,0.0541507827856788,SPY
2024-01-18,0.7572850951517405,-0.6955909264129377,-0.2510524698678286,-0.4250840892643659,1.8662515651917813,1.8804173676341498,0.058234443526394446,-0.4412030284255888,0.5644023072245271,0.6979624596788455,0.012389145405586,0.0239301984372222,0.0521733456992397,SPY
2024-01-19,1.0769294046600575,0.15801615469161154,-0.11093827501119147,-0.35724137122980343,1.8813798465068192,1.8842231915323602,0.5344901977159128,0.06226549022322803,1.3787994895887672,1.413239156869041,0.0021120622998154,0.0102697700378211,0.034791885213405,SPY
2024-01-22,0.14781594526946715,1.381621436004272,0.44838168734193784,-0.5053996713849708,1.8968876323461326,1.8918398728029038,0.5556170331092135,0.2792463976954348,-0.16196167735733213,-1.4478676318917407,0.0029122118856061,0.0160459196785094,0.0271591595675575,SPY
2024-01-23,0.22015453998867382,0.9224156652766176,0.5102683623811793,-0.5495423097115015,1.9071329429579285,1.8979371818762192,0.6231827475443393,0.6785201964998658,-1.254612788041708,-0.7325909347015453,0.0010926267418716,0.012359931281578,0.025152290189192,SPY
2024-01-24,0.055652508609594024,0.27687690068533705,0.7975711076221901,-0.5499472846143206,1.918626530855448,1.9038239631501648,0.6173213078179403,1.2475652704660392,0.15773695425973558,-0.017314237511349907,0.0054241521043429,-0.005184614045218,0.044543947114148,SPY
2024-01-25,0.4472498590001966,0.2074361718601267,1.0882128733753968,-0.543664216068941,1.9300801478987697,1.910031632319709,0.7885062367929456,1.5933356884124141,-0.23283110960753328,0.6979624596788455,-0.001271282993815,0.0023945464909544,0.039809143597786,SPY
2024-01-26,-0.1580599163660904,0.3785416019142458,0.9387091443440191,-0.5394738532500659,1.941124282277167,1.9154971541470525,0.6882160668926517,1.4711337735533996,-0.038683982555670675,1.413239156869041,0.0078882119405037,0.0141381281763086,0.0374112113745201,SPY
2024-01-29,0.670016487912176,0.2175195405941743,0.34317841983922137,-0.5094130349188744,1.9556933775874148,1.9228079381801375,0.9529967766459797,1.356124339761543,-0.7166051228413054,-1.4478676318917407,-0.0007737765113251,0.002602028849842,0.0313790306107542,SPY
2024-01-30,-0.11308217664577164,0.38536351028760757,0.5949915021081523,-0.5195723005470265,1.971630537837062,1.9306201565919103,0.8527894020504885,1.4148216467446724,-0.8104290594531918,-0.7325909347015453,-0.0164519185849245,0.0062749972417144,0.0308303077515654,SPY
2024-01-31,-1.5304856041455297,0.41925207977114315,0.4342996646078678,-0.3455414707058613,1.9822053581781551,1.935749737143095,0.12934036066787094,0.14024736173501184,2.1285347447333622,-0.017314237511349907,0.0130033126405155,0.0310327309574107,0.0508707079169008,SPY
2024-02-01,1.1324540159156862,-1.2387206976309002,-0.33056037375170216,-0.32537757753794655,1.994897197339192,1.9459838406390735,0.5769301681175815,0.5573298156774972,0.655628431992134,0.6979624596788455,0.010472298691539,0.0184709335334627,0.0472119101917609,SPY
2024-02-02,0.903634310781749,-0.30026891974376385,-0.00014445755372950253,-0.30698479002275536,2.0068001117654877,1.9595574268480038,0.8950015645346753,0.78257789578857,0.9469185929323818,1.413239156869041,-0.0036478873859628,0.0137614703672657,0.0356666351969812,SPY
2024-02-05,-0.3729200187575406,1.5337236815119746,0.5118207242751855,-0.2849304675514874,2.0158870170590464,1.9719075338713337,0.6371815680409968,0.7777493654092652,-0.08045253503662596,-1.4478676318917407,0.0028991918805472,0.0169702553124873,0.0292700837748798,SPY
2024-02-06,0.21897744899728494,0.3994965529377866,0.008900801928448526,-0.3680186177787238,2.0249940014613927,1.9816251966498788,0.6742387740024041,1.100679310337068,-0.9361958344302308,-0.7325909347015453,0.0083058151307717,0.0002023694961827,0.0314253233818115,SPY
2024-02-07,0.7077704635071175,-0.11635955226531061,0.1690250281636148,-0.35432990655628666,2.03768577816797,1.9937697623061492,0.9157239000145123,1.0978392378999617,-0.2920824389457571,-0.017314237511349907,0.0004415152165675,0.0009431145887264,0.0329969352964107,SPY
2024-02-08,-0.003212100686470941,0.6978888898785482,1.2483463104633616,-0.3585939065408726,2.047961004465954,2.0046807975091747,0.8407104896536823,0.8633543301052001,-1.0450180553347932,0.6979624596788455,0.005762835525342,0.0073776672376002,0.0265351450516151,SPY
2024-02-09,0.477868987179283,0.5304797217034831,0.7007107530533003,-0.3565390954171241,2.0617312760096027,2.0171412332675245,0.9745783151970375,0.9470790977253349,-0.5584359175153943,1.413239156869041,-0.0004391024407413,-0.0033774833679904,0.0199120999941859,SPY
2024-02-12,-0.0828255191595783,0.35725998671125014,0.4954002071909965,-0.35327530346402786,2.071427362102929,2.029325878549535,0.8523646031744465,0.8590195981858948,-0.8526983178574121,-1.4478676318917407,-0.0138686939357572,-0.0084590442732812,0.0310510606335272,SPY
2024-02-13,-1.296945720749704,0.2972750946174132,0.6352882083090058,-0.2252688092886819,2.074612789364702,2.0389281947995412,0.1982791905469695,0.16062618907168397,1.5358134059952042,-0.7325909347015453,0.0090465602233154,0.0063149921697167,0.0433511121670946,SPY
2024-02-14,0.7747385154705616,-1.0399626573028213,-0.09571311146185853,-0.23490084983842702,2.0902803337118905,2.0521056732518876,0.46009348047298443,0.2593022355420322,-0.3561779077857458,-0.017314237511349907,0.0068760678654413,0.0177527156132288,0.0323257380139443,SPY
2024-02-15,0.5785122475256327,-0.39382929100082287,-0.06342009335597955,-0.2461912216473689,2.103071975099502,2.064902081647605,0.6370425195243528,0.4729053920289065,-0.6223899659604715,0.6979624596788455,-0.0049923150802486,0.0115659963357686,0.018559505778378,SPY
2024-02-16,-0.4944648046741796,1.019238330150392,0.21709627763982906,-0.2757309117711519,2.108224655386895,2.0734664673080148,0.35923032683991657,0.09024804026479426,-0.04251973477505482,1.413239156869041,-0.005520663346032,0.0128890961989363,0.0294773378054022,SPY
2024-02-20,-0.5422308371108926,0.0629545068432661,-0.25177793662613,-0.24802614934360662,2.1124287148861307,2.0801404619822126,0.07741538858191717,-0.0798008350263862,-0.22179147126088017,-0.7325909347015453,0.0009053425072407,0.020265790721706,0.040539690786197,SPY
2024-02-21,0.03872082660056868,-0.7814716500304989,-0.4733102018716153,-0.2493575037598105,2.115654050547642,2.0863330777711973,0.0633101765404818,0.5934470193776017,-0.7538571452107008,-0.017314237511349907,0.0204842836668275,0.0180379488439514,0.0488411287602792,SPY
2024-02-22,1.8087812187145722,-0.37974185156944434,0.1707686197811933,-0.0688508284748453,2.1250405811115396,2.0974195946219774,0.8159405508245188,0.767266473513307,-0.058902371341290144,0.6979624596788455,0.000689348587981,0.0011421467575347,0.0316560892212125,SPY
2024-02-23,0.01919360710985268,1.391632964192565,0.6693998141951913,-0.07318064406988578,2.134556923269891,2.1073578364675374,0.7614685965191136,0.5529366527291963,-0.7484703617327715,1.413239156869041,-0.0036692152170809,0.0097973130849293,0.0290691797002287,SPY
2024-02-26,-0.3748481898881515,1.3769201409460885,0.3996878179173,-0.06302139433421723,2.139340029292097,2.1166743266541648,0.5318580059002898,0.5471182695542557,-1.2201840175619574,-1.4478676318917407,0.0018560311767377,0.0123935519987696,0.0299717480833203,SPY
2024-02-27,0.12466910875699323,-0.26833987878530796,0.45736877762563566,-0.08138131065715577,2.14528150940531,2.124526656052888,0.5435294203784997,0.5224033200258155,-1.2619358132527132,-0.7325909347015453,-0.0013224993705138,0.0004930820139676,0.0262670841941359,SPY
2024-02-28,-0.16269020148126614,-0.18886914751677225,0.7789581235196642,-0.0799936807391887,2.157444078247746,2.132233579203766,0.42525639862549824,0.22182108119516977,-0.8992936065157537,-0.017314237511349907,0.0035884815804108,0.0068700128719605,0.0359582548645533,SPY
2024-02-29,0.28129360728571695,-0.029018279591419234,0.6818346476849317,-0.2559265255985211,2.166940434978999,2.1448695122904753,0.4691939801002479,0.31944271907659244,0.30419016562309525,0.6979624596788455,0.0093445149153756,0.0131589583369207,0.0321785936947698,SPY
2024-03-01,0.8016755083733696,0.08899076742204781,-0.05474322260020115,-0.2918878028455367,2.1777648857954537,2.1567282205221563,0.7583691561646787,0.4250481383563686,-0.009256407838114763,1.413239156869041,-0.0010729763032406,-0.002205831606683,0.0210927702872369,SPY
2024-03-04,-0.14013173446821087,0.8155940731720838,0.32258150858383805,-0.3271144170088957,2.1905365105287373,2.1657288249261004,0.6395817531337032,0.39394215884755346,-1.1643049483956502,-1.4478676318917407,-0.0100444388080642,-0.0019930648355295,0.0157873079176411,SPY
2024-03-05,-0.9512088151789065,0.4980702921871748,0.4357653704760938,-0.2649233691533518,2.2009415484211785,2.17306471360739,0.16571023526910894,0.5678312460336278,-0.169845160432758,-0.7325909347015453,0.0050544314874789,0.0187512321711347,0.0269297005123041,SPY
2024-03-06,0.41382477156953723,-0.8226439670148438,-0.08303940670845228,-0.25900855574322507,2.21346360513356,2.180972191693018,0.3088321152115495,0.4635778196947258,-0.36469947893487364,-0.017314237511349907,0.0098774270453709,0.0121281582814658,0.0095941341177105,SPY
2024-03-07,0.849854143065262,-0.4052643107126212,0.19496492397154383,-0.24599009259923243,2.220763095018164,2.189350997396214,0.6481464731009234,0.552203546496743,-0.7639986608471083,0.6979624596788455,-0.0060202750282281,0.0002719173062599,0.0101094417929514,SPY
2024-03-08,-0.5873989002295535,0.9517502388003443,0.46913350343447696,-0.21591144929973224,2.2246275583928634,2.1960701051702762,0.34469579760745006,0.4926584544246526,0.42180147979719973,1.413239156869041,-0.000860209532087,-0.0005979720356368,0.0166888044288384,SPY
2024-03-11,-0.12089626962324067,0.19737622664880555,-0.20069940512785656,-0.22513247905189726,2.2299099878202497,2.2011244658604756,0.26833253719690453,0.7363373215957913,-0.6061900947411263,-1.4478676318917407,0.0106998581985999,0.0061877544432258,0.0187051529630792,SPY
2024-03-12,0.9242071327241788,-0.5340376464388213,-0.19142377001079494,-0.1794381120739611,2.239745878221581,2.2090469973266633,0.6453800538850184,0.9592270562449081,-0.1384388362424279,-0.7325909347015453,-0.0015686424021899,0.0010295858793885,-0.0020583552594706,SPY
2024-03-13,-0.18494309185023244,0.6048849939165973,0.7129304613882038,-0.3090220215495008,2.2494419330876774,2.2200232011230296,0.49115942851055716,0.33710516258083895,-0.8944620421893256,-0.017314237511349907,-0.0019788139298348,0.0118050087629013,0.0070288211365783,SPY
2024-03-14,-0.22202519803459236,0.5566287854291299,0.4241954468892258,-0.3302258992769281,2.256302087075626,2.2282365450849064,0.3431225854779178,0.1988169863158976,1.6781809626368196,0.6979624596788455,-0.0068901643701249,0.017083066820497,-0.0048915189811689,SPY
2024-03-15,-0.6660424109824169,-0.3070022957842738,-0.09268115254285327,-0.30959513750837786,2.254868226362948,2.232951985184045,0.02282971393432551,0.02548617639085626,1.4961105212818175,1.413239156869041,0.0059255169467755,0.0220756702576192,-0.0106086479643998,SPY
2024-03-18,0.4925764189175538,-0.6694875564103757,-0.13060425530890235,-0.31894240675239616,2.257018595864363,2.2404449935249264,0.2052344258763057,0.16970023397026263,0.6039854195749046,-1.4478676318917407,0.0055416896347626,0.0133835064768543,-0.018359617700935,SPY
2024-03-19,0.4578759968228201,-0.13106951451418955,0.1652216505920871,-0.34169630846328425,2.267136405696711,2.2507504437725165,0.35011701132005885,0.4065399627568169,-0.6827886356554075,-0.7325909347015453,0.0092067804813229,0.005993184129645,-0.0298371086473014,SPY
2024-03-20,0.7892234424337594,0.7157490960601035,-0.05965034991373706,-0.3140650365161154,2.2794658216281953,2.2632294924087035,0.6297639052657281,0.5596948100505273,-0.25331026526210265,-0.017314237511349907,0.0032992441277608,0.0051550749482256,-0.0411036744853809,SPY
2024-03-21,0.2551447080843406,0.9392583993515544,0.4101076407613791,-0.5324075070953495,2.288465415587114,2.2714139997384457,0.7005003411881753,0.4021026459835188,-0.6863336186223662,0.6979624596788455,-0.0018975609330027,0.001664651231092,-0.0531696124800236,SPY
2024-03-22,-0.21467941205664925,0.7865100974666326,0.6402062619112223,-0.5245665180022391,2.2995589514431214,2.2789250878166047,0.5613813236335549,0.35931421110758105,0.18180401071408964,1.413239156869041,-0.0027666468339893,0.0018209036719376,-0.0421050139882233,SPY
2024-03-25,-0.293250286658203,0.030117449666473325,0.857860398014661,-0.5306116407954246,2.309649437449359,2.2866445240900735,0.3853390449220084,0.7453944734679648,-1.234427080486954,-1.4478676318917407,-0.0018486327124467,-0.0017908881669095,-0.0275416187803525,SPY
