Price,z_ret_1,z_ret_2,z_ret_5,z_vol_20,z_ma_10,z_ma_20,z_ma_gap,z_rsi_14,z_vol_z,z_dow,z_news_pc1,z_news_pc2,z_news_pc3,z_news_pc4,z_news_pc5,z_news_pc6,z_news_pc7,z_news_pc8,z_news_pc9,z_news_pc10,z_news_pc11,z_news_pc12,z_news_pc13,z_news_pc14,z_news_pc15,z_news_pc16,z_news_pc17,z_news_pc18,z_news_pc19,z_news_pc20,z_news_pc21,z_news_pc22,z_news_pc23,z_news_pc24,z_news_pc25,z_news_pc26,z_news_pc27,z_news_pc28,target_h1,target_h5,target_h20,Symbol
2006-03-16,0.13772302763819785,0.8070842294932197,0.6928872203499321,-0.6898127987775373,-0.7150256783906146,-0.7118046691082665,0.4790443113857353,0.24571851637933173,0.396187804879012,0.7001950393128141,0.0,0.0,0.0,0.0,0.0,0.0,0.0,0.0,0.0,0.0,0.0,0.0,0.0,0.0,0.0,0.0,0.0,0.0,0.0,0.0,0.0,0.0,0.0,0.0,0.0,0.0,0.0,0.0,0.0008350249593096,-0.0030774109228142,-0.013895878236684,SPY
2006-03-17,0.04398690155684308,0.3366731860788955,1.02852617706225,-0.7169967226189283,-0.7100279226045811,-0.7097189276035261,0.4816170264749361,0.2630389709846636,-0.5390814796071209,1.414274966090755,0.0,0.0,0.0,0.0,0.0,0.0,0.0,0.0,0.0,0.0,0.0,0.0,0.0,0.0,0.0,0.0,0.0,0.0,0.0,0.0,0.0,0.0,0.0,0.0,0.0,0.0,0.0,0.0,-0.001609462452909,-0.0031445831530323,-0.0151194439352968,SPY
2006-03-20,-0.1426520604977085,0.13353260025200042,0.6994436476492936,-0.7212412557461882,-0.704233926083525,-0.7074864995553237,0.3901504537504854,0.7582656240516144,-0.6274775235744117,-1.4420447410210082,0.0,0.0,0.0,0.0,0.0,0.0,0.0,0.0,0.0,0.0,0.0,0.0,0.0,0.0,0.0,0.0,0.0,0.0,0.0,0.0,0.0,0.0,0.0,0.0,0.0,0.0,0.0,0.0,-0.006307820197775,-0.002994875548989,0.0022212926319191,SPY
2006-03-21,-0.5013761874781327,-0.07306319852255408,0.5668147749369272,-0.6961508554564805,-0.6997491469170253,-0.7057844768190081,0.1303697949856375,-0.027865205839281492,1.441355635312649,-0.7279648142430675,0.0,0.0,0.0,0.0,0.0,0.0,0.0,0.0,0.0,0.0,0.0,0.0,0.0,0.0,0.0,0.0,0.0,0.0,0.0,0.0,0.0,0.0,0.0,0.0,0.0,0.0,0.0,0.0,0.0060774320898815,-0.0028591383132852,0.0104400390337788,SPY
2006-03-22,0.4442497217401944,-0.4749167431810099,-0.07197367364143,-0.6959749599728149,-0.6941655499651559,-0.704068584308696,0.3343672254009266,0.2500492858499239,-0.3612246158694251,-0.013884887465126573,0.0,0.0,0.0,0.0,0.0,0.0,0.0,0.0,0.0,0.0,0.0,0.0,0.0,0.0,0.0,0.0,0.0,0.0,0.0,0.0,0.0,0.0,0.0,0.0,0.0,0.0,0.0,0.0,-0.0020725853213212,-0.0026879526388894,0.0057365352304596,SPY
2006-03-23,-0.1780119363686708,-0.04245520278596408,-0.009681636436693885,-0.6941701431639125,-0.6873449038251686,-0.7024380648573009,0.2342379697397346,0.4065770716331231,-0.6415503999954414,0.7001950393128141,0.0,0.0,0.0,0.0,0.0,0.0,0.0,0.0,0.0,0.0,0.0,0.0,0.0,0.0,0.0,0.0,0.0,0.0,0.0,0.0,0.0,0.0,0.0,0.0,0.0,0.0,0.0,0.0,0.0007678527290915,-0.0023859715546752,0.0079613083950196,SPY
2006-03-24,0.03885823725522688,0.19581737769633104,-0.1675582515530438,-0.6966645220820817,-0.6828550178730091,-0.7010495269624792,0.2439408384345613,0.7512990534820083,-0.821985847283214,1.414274966090755,0.0,0.0,0.0,0.0,0.0,0.0,0.0,0.0,0.0,0.0,0.0,0.0,0.0,0.0,0.0,0.0,0.0,0.0,0.0,0.0,0.0,0.0,0.0,0.0,0.0,0.0,0.0,0.0,-0.0014597548488657,-0.0029220676450067,0.0053618029913193,SPY
2006-03-27,-0.1312217411225082,-0.10289738369850258,-0.1701227320582488,-0.694345883047093,-0.6792696829371855,-0.6999146394013473,0.1737612868565978,0.7566317392780063,-1.3846449119843758,-1.4420447410210082,0.0,0.0,0.0,0.0,0.0,0.0,0.0,0.0,0.0,0.0,0.0,0.0,0.0,0.0,0.0,0.0,0.0,0.0,0.0,0.0,0.0,0.0,0.0,0.0,0.0,0.0,0.0,0.0,-0.0061720829620712,-0.0022326679542077,0.0026879047773551,SPY
2006-03-28,-0.4910125191453438,-0.06841979217648898,-0.1644072417313169,-0.7307296774960269,-0.6802066852551236,-0.6983300381018157,-0.07782453139396829,0.25458941014152703,1.170244430288323,-0.7279648142430675,0.0,0.0,0.0,0.0,0.0,0.0,0.0,0.0,0.0,0.0,0.0,0.0,0.0,0.0,0.0,0.0,0.0,0.0,0.0,0.0,0.0,0.0,0.0,0.0,0.0,0.0,0.0,0.0,0.0062486177642773,0.0103165015496573,0.0090905623275059,SPY
2006-03-29,0.4573199124182651,-0.4588577333419035,-0.1592251077800905,-0.7554120940363074,-0.6806539932536042,-0.6970898171185165,0.1379894433161186,0.9282242879931285,0.0743891890266892,-0.013884887465126573,0.0,0.0,0.0,0.0,0.0,0.0,0.0,0.0,0.0,0.0,0.0,0.0,0.0,0.0,0.0,0.0,0.0,0.0,0.0,0.0,0.0,0.0,0.0,0.0,0.0,0.0,0.0,0.0,-0.001770604237107,0.0075089415127145,0.0076615207832348,SPY
2006-03-30,-0.1549553905111926,-0.025187845500743485,-0.1526896343659577,-0.7523149034544401,-0.6821534383739913,-0.6960823894032236,0.058181010425365616,0.45088962689795403,0.5577016112723523,0.7001950393128141,0.0,0.0,0.0,0.0,0.0,0.0,0.0,0.0,0.0,0.0,0.0,0.0,0.0,0.0,0.0,0.0,0.0,0.0,0.0,0.0,0.0,0.0,0.0,0.0,0.0,0.0,0.0,0.0,0.0002317566387599,0.0082103338121095,0.0127843321782687,SPY
2006-03-31,-0.002073214206076514,0.22243754584786712,-0.1411606944916448,-0.7705831791681834,-0.6838193414942277,-0.6944108429041452,0.04404847817670921,0.3769250383670522,0.1427344655283804,1.414274966090755,0.0,0.0,0.0,0.0,0.0,0.0,0.0,0.0,0.0,0.0,0.0,0.0,0.0,0.0,0.0,0.0,0.0,0.0,0.0,0.0,0.0,0.0,0.0,0.0,0.0,0.0,0.0,0.0,-0.0007703551580666,-0.0022365337122778,0.0043807921615757,SPY
2006-04-03,-0.0785854125047659,-0.11606859810914939,-0.1616276042266337,-0.7890657212273644,-0.6852531179935608,-0.6922233780779427,-0.014375714070514588,-0.3015654457553303,0.0612987996565771,-1.4420447410210082,0.0,0.0,0.0,0.0,0.0,0.0,0.0,0.0,0.0,0.0,0.0,0.0,0.0,0.0,0.0,0.0,0.0,0.0,0.0,0.0,0.0,0.0,0.0,0.0,0.0,0.0,0.0,0.0,0.0063770865417938,7.687556005908647e-05,0.0126382721888518,SPY
2006-04-04,0.4671286269865005,-0.05979499436806049,-0.1353079173320931,-0.7731091623304946,-0.6832076878481471,-0.6889472582705968,0.1788684138339342,-0.16220481838705259,-0.2951700281379601,-0.7279648142430675,0.0,0.0,0.0,0.0,0.0,0.0,0.0,0.0,0.0,0.0,0.0,0.0,0.0,0.0,0.0,0.0,0.0,0.0,0.0,0.0,0.0,0.0,0.0,0.0,0.0,0.0,0.0,0.0,0.0034410577273344,-0.014815342506897,0.0025245041716228,SPY
2006-04-05,0.24296000670482862,0.2859387504241413,0.34379037142031976,-0.7702148498100333,-0.6818790647080837,-0.6854794886977891,0.2603637966743644,-0.0696840003878992,-0.5286097134247232,-0.013884887465126573,0.0,0.0,0.0,0.0,0.0,0.0,0.0,0.0,0.0,0.0,0.0,0.0,0.0,0.0,0.0,0.0,0.0,0.0,0.0,0.0,0.0,0.0,0.0,0.0,0.0,0.0,0.0,0.0,-0.001069211937712,-0.0163918577394461,0.0026675361405201,SPY
2006-04-06,-0.10140341470726419,0.5228711154412063,0.23660421787807287,-0.8139093515228472,-0.680276439304705,-0.6812536445589912,0.1627904764092939,-0.20534819112017738,-0.149567123405696,0.7001950393128141,0.0,0.0,0.0,0.0,0.0,0.0,0.0,0.0,0.0,0.0,0.0,0.0,0.0,0.0,0.0,0.0,0.0,0.0,0.0,0.0,0.0,0.0,0.0,0.0,0.0,0.0,0.0,0.0,-0.0102151108856274,-0.0166428295713041,0.0125287867779171,SPY
2006-04-07,-0.7997015847704518,0.10394541108005931,0.26338175485219445,-0.7726724723410151,-0.6816891851321848,-0.6797098839793644,-0.2378159507297826,-0.7327405450969741,1.0186459859914356,1.414274966090755,0.0,0.0,0.0,0.0,0.0,0.0,0.0,0.0,0.0,0.0,0.0,0.0,0.0,0.0,0.0,0.0,0.0,0.0,0.0,0.0,0.0,0.0,0.0,0.0,0.0,0.0,0.0,0.0,0.0015430541142702,-0.0068162594249798,0.0215355190601549,SPY
2006-04-10,0.09804560765845186,-0.664345045017696,-0.1354555030408961,-0.7731921393819131,-0.6822795991924518,-0.6782073717116573,-0.2009311206071593,-0.2656552283102416,-1.0579074251123968,-1.4420447410210082,0.0,0.0,0.0,0.0,0.0,0.0,0.0,0.0,0.0,0.0,0.0,0.0,0.0,0.0,0.0,0.0,0.0,0.0,0.0,0.0,0.0,0.0,0.0,0.0,0.0,0.0,0.0,0.0,-0.0085151315251623,0.0073719605750568,0.0219554016050196,SPY
2006-04-11,-0.6699065276286343,-0.5173800262479927,-0.0471348836390139,-0.7971054295611365,-0.6835026975706536,-0.6792910657157035,-0.5002972735033936,-1.1623793733139702,0.6002792422812272,-0.7279648142430675,0.0,0.0,0.0,0.0,0.0,0.0,0.0,0.0,0.0,0.0,0.0,0.0,0.0,0.0,0.0,0.0,0.0,0.0,0.0,0.0,0.0,0.0,0.0,0.0,0.0,0.0,0.0,0.0,0.0018645424947854,0.0177980183043038,0.0299425600740175,SPY
2006-04-12,0.12259155432687756,-0.4217398833041836,-0.6156853514137126,-0.8109496302973813,-0.6859275154652712,-0.6807319733617111,-0.4125118590650988,-0.9239968603483619,-0.9888584380083112,-0.013884887465126573,0.0,0.0,0.0,0.0,0.0,0.0,0.0,0.0,0.0,0.0,0.0,0.0,0.0,0.0,0.0,0.0,0.0,0.0,0.0,0.0,0.0,0.0,0.0,0.0,0.0,0.0,0.0,0.0,-0.0013201837695699,0.0173074040960807,0.0159334758095184,SPY
2006-04-13,-0.12056535514874718,-0.4036530786156626,-0.6758730594428186,-0.8159510728564887,-0.6882258243514965,-0.6826372564131737,-0.4355841075134967,-1.044628652935605,-0.5399537838845124,0.7001950393128141,0.0,0.0,0.0,0.0,0.0,0.0,0.0,0.0,0.0,0.0,0.0,0.0,0.0,0.0,0.0,0.0,0.0,0.0,0.0,0.0,0.0,0.0,0.0,0.0,0.0,0.0,0.0,0.0,-0.0003885407393031,0.0187797757088894,0.0041090046099663,SPY
2006-04-17,-0.04943351486795,0.001131736906956914,-0.6854545839517666,-0.8177093397154747,-0.690693005354429,-0.6847107701574636,-0.4221133340309596,-0.9926922882193655,0.1817202900125417,-1.4420447410210082,0.0,0.0,0.0,0.0,0.0,0.0,0.0,0.0,0.0,0.0,0.0,0.0,0.0,0.0,0.0,0.0,0.0,0.0,0.0,0.0,0.0,0.0,0.0,0.0,0.0,0.0,0.0,0.0,0.0157312741143069,0.0173366637735838,0.0065076516934245,SPY
2006-04-18,1.1813298336161162,-0.12562580355728808,-0.31029884635817173,-0.6476606409214359,-0.6886477144849882,-0.6844039814705022,0.1570453648264103,0.25606304859186113,1.8622134861461832,-0.7279648142430675,0.0,0.0,0.0,0.0,0.0,0.0,0.0,0.0,0.0,0.0,0.0,0.0,0.0,0.0,0.0,0.0,0.0,0.0,0.0,0.0,0.0,0.0,0.0,0.0,0.0,0.0,0.0,0.0,0.0019109262040846,-0.002528263403553,-0.010691811439127,SPY
2006-04-19,0.12613299508724773,0.8336822370816572,0.23137460226061768,-0.6724749758344785,-0.6878253362924523,-0.6829652398849165,0.2089209852212868,0.059489412237375305,1.5009453538667532,-0.013884887465126573,0.0,0.0,0.0,0.0,0.0,0.0,0.0,0.0,0.0,0.0,0.0,0.0,0.0,0.0,0.0,0.0,0.0,0.0,0.0,0.0,0.0,0.0,0.0,0.0,0.0,0.0,0.0,0.0,0.0013739282865623,-0.0042086150195581,-0.031810311251025,SPY
2006-04-20,0.08513268825365497,0.9630493060441934,0.6294173902696307,-0.6917929424566526,-0.6875722950630053,-0.6821717397500779,0.2495529724182041,0.24164020288951482,1.371545449852282,0.7001950393128141,0.0,0.0,0.0,0.0,0.0,0.0,0.0,0.0,0.0,0.0,0.0,0.0,0.0,0.0,0.0,0.0,0.0,0.0,0.0,0.0,0.0,0.0,0.0,0.0,0.0,0.0,0.0,0.0,0.0001521878432386,-0.0007629670861142,-0.038242135949047,SPY
2006-04-21,-0.008148368176514813,0.15531090686527863,0.61068687367848,-0.6954337635058521,-0.6869819506407243,-0.6810715557376529,0.240264324428488,0.23803436353322843,0.6388870777555814,1.414274966090755,0.0,0.0,0.0,0.0,0.0,0.0,0.0,0.0,0.0,0.0,0.0,0.0,0.0,0.0,0.0,0.0,0.0,0.0,0.0,0.0,0.0,0.0,0.0,0.0,0.0,0.0,0.0,0.0,-0.0018316526746087,0.0024370522285739,-0.0313675599815184,SPY
2006-04-24,-0.1596164973565039,0.056365006612670514,0.6668986189965282,-0.6926073982580143,-0.6840930652055967,-0.6803309959828223,0.1616618185572946,0.16671327313282702,-0.4665475882206996,-1.4420447410210082,0.0,0.0,0.0,0.0,0.0,0.0,0.0,0.0,0.0,0.0,0.0,0.0,0.0,0.0,0.0,0.0,0.0,0.0,0.0,0.0,0.0,0.0,0.0,0.0,0.0,0.0,0.0,0.0,-0.0041336530628299,-0.0039030784747504,-0.0371969725540903,SPY
2006-04-25,-0.33537643825832214,-0.12397966607823019,0.6118039405422963,-0.6826197785085536,-0.6827647206174776,-0.6799607859783238,0.0024807017301144113,-0.42509086116570766,1.2986610316724665,-0.7279648142430675,0.0,0.0,0.0,0.0,0.0,0.0,0.0,0.0,0.0,0.0,0.0,0.0,0.0,0.0,0.0,0.0,0.0,0.0,0.0,0.0,0.0,0.0,0.0,0.0,0.0,0.0,0.0,0.0,0.0002305745880795,0.0077176994572889,-0.0407034078695076,SPY
2006-04-26,-0.002163464910982114,-0.365099321071397,-0.1465930684252166,-0.708963190335192,-0.6790533177138421,-0.6787124364456963,-0.005821301543810688,-0.6305466574431303,0.321906681171842,-0.013884887465126573,0.0,0.0,0.0,0.0,0.0,0.0,0.0,0.0,0.0,0.0,0.0,0.0,0.0,0.0,0.0,0.0,0.0,0.0,0.0,0.0,0.0,0.0,0.0,0.0,0.0,0.0,0.0,0.0,0.0048195762200062,0.0037504433937742,-0.0329769548163678,SPY
2006-04-27,0.34821121780096564,-0.24907925943243078,-0.21074500959410813,-0.7184092205221404,-0.6745197223189667,-0.6776544906115143,0.1595654741394354,-0.2692010980691581,3.1492162803097528,0.7001950393128141,0.0,0.0,0.0,0.0,0.0,0.0,0.0,0.0,0.0,0.0,0.0,0.0,0.0,0.0,0.0,0.0,0.0,0.0,0.0,0.0,0.0,0.0,0.0,0.0,0.0,0.0,0.0,0.0,0.0033522071579268,0.0025149568699998,-0.025507742821218,SPY
2006-04-28,0.23617618038226232,0.2546257550713445,-0.0791981348748024,-0.7165479138524302,-0.668699820467017,-0.6758877539086999,0.2610079318766772,0.6389660228064431,-0.3312344460857587,1.414274966090755,0.0,0.0,0.0,0.0,0.0,0.0,0.0,0.0,0.0,0.0,0.0,0.0,0.0,0.0,0.0,0.0,0.0,0.0,0.0,0.0,0.0,0.0,0.0,0.0,0.0,0.0,0.0,0.0,-0.0081717833779331,0.0079547884117578,-0.0237838024019403,SPY
2006-05-01,-0.6436915667734869,0.4302475256301301,0.04297120686287612,-0.6701230486665237,-0.665030687821047,-0.6752847506361945,-0.052101691512795284,-0.046875548908238494,0.1503025354482366,-1.4420447410210082,0.0,0.0,0.0,0.0,0.0,0.0,0.0,0.0,0.0,0.0,0.0,0.0,0.0,0.0,0.0,0.0,0.0,0.0,0.0,0.0,0.0,0.0,0.0,0.0,0.0,0.0,0.0,0.0,0.0074871248692094,0.0149181931863013,-0.0335314898694427,SPY
2006-05-02,0.5518811195679969,-0.3006410474178845,-0.19908033045150753,-0.6412170659996428,-0.6635967488330794,-0.673539266945592,0.2034658072723317,0.8983868012657692,-0.644839018402017,-0.7279648142430675,0.0,0.0,0.0,0.0,0.0,0.0,0.0,0.0,0.0,0.0,0.0,0.0,0.0,0.0,0.0,0.0,0.0,0.0,0.0,0.0,0.0,0.0,0.0,0.0,0.0,0.0,0.0,0.0,-0.0037366814754351,0.0093940049762268,-0.0298991549186578,SPY
2006-05-03,-0.3050672762367965,-0.06801226958390928,0.24457411373279558,-0.6524471701499246,-0.6637232346288097,-0.6731901469164988,0.059196715456950516,0.536555195674489,-0.046220627917425,-0.013884887465126573,0.0,0.0,0.0,0.0,0.0,0.0,0.0,0.0,0.0,0.0,0.0,0.0,0.0,0.0,0.0,0.0,0.0,0.0,0.0,0.0,0.0,0.0,0.0,0.0,0.0,0.0,0.0,0.0,0.0035840896962318,0.0126027133954975,-0.0166402678429662,SPY
2006-05-04,0.25388063492414153,0.18150474796930594,0.09311344611752972,-0.6518723313940948,-0.6632383685430672,-0.6728199485574863,0.1880002949149381,0.7690274001470145,-0.9537172155446708,0.7001950393128141,0.0,0.0,0.0,0.0,0.0,0.0,0.0,0.0,0.0,0.0,0.0,0.0,0.0,0.0,0.0,0.0,0.0,0.0,0.0,0.0,0.0,0.0,0.0,0.0,0.0,0.0,0.0,0.0,0.0087920386996849,-0.0031259180704479,-0.0181291500567484,SPY
2006-05-05,0.6515125440021011,-0.03807841317929549,0.04594542602387502,-0.6121329997512689,-0.6603495063206015,-0.6710744765123704,0.494412513341067,1.0654735541636533,0.0678802450799539,1.414274966090755,0.0,0.0,0.0,0.0,0.0,0.0,0.0,0.0,0.0,0.0,0.0,0.0,0.0,0.0,0.0,0.0,0.0,0.0,0.0,0.0,0.0,0.0,0.0,0.0,0.0,0.0,0.0,0.0,-0.0012083786033896,-0.0250626117392549,-0.0416018680509724,SPY
2006-05-08,-0.11202892331280298,0.6667822553194686,0.25362562206832046,-0.681894420604698,-0.6572920273207125,-0.668091263972503,0.4082107685903417,0.43499050403772743,-1.5587061475347188,-1.4420447410210082,0.0,0.0,0.0,0.0,0.0,0.0,0.0,0.0,0.0,0.0,0.0,0.0,0.0,0.0,0.0,0.0,0.0,0.0,0.0,0.0,0.0,0.0,0.0,0.0,0.0,0.0,0.0,0.0,0.0019629366591349,-0.0218441267917102,-0.0428351293529463,SPY
2006-05-09,0.13010404329066744,0.3971599505497803,0.5194723229473449,-0.6815489483414939,-0.6525474288274357,-0.6650445485966964,0.4406083003831686,0.43851602237991844,-1.500347174494727,-0.7279648142430675,0.0,0.0,0.0,0.0,0.0,0.0,0.0,0.0,0.0,0.0,0.0,0.0,0.0,0.0,0.0,0.0,0.0,0.0,0.0,0.0,0.0,0.0,0.0,0.0,0.0,0.0,0.0,0.0,-0.0005279730561644,-0.0252752524690897,-0.0523176951020722,SPY
2006-05-10,-0.0600793061965442,0.012957465198783814,0.30857158426676384,-0.7414196301825142,-0.6480138334325602,-0.6609081417914794,0.3645372103871525,0.33304840242566564,0.1978982622365702,-0.013884887465126573,0.0,0.0,0.0,0.0,0.0,0.0,0.0,0.0,0.0,0.0,0.0,0.0,0.0,0.0,0.0,0.0,0.0,0.0,0.0,0.0,0.0,0.0,0.0,0.0,0.0,0.0,0.0,0.0,-0.0121445417697136,-0.0439548530207387,-0.0526643950946388,SPY
2006-05-11,-0.9470154861478426,0.051236802765899515,0.4310726559356569,-0.6318345547100066,-0.6481825894859561,-0.6587183595135341,-0.11838065190917578,-0.41647385160084915,1.025927788599515,0.7001950393128141,0.0,0.0,0.0,0.0,0.0,0.0,0.0,0.0,0.0,0.0,0.0,0.0,0.0,0.0,0.0,0.0,0.0,0.0,0.0,0.0,0.0,0.0,0.0,0.0,0.0,0.0,0.0,0.0,-0.013144654969122,-0.0368682076624846,-0.0437055342939984,SPY
2006-05-12,-1.0233750896138425,-0.7424441588327824,-0.1694101423428214,-0.5323274455210513,-0.652884987359553,-0.6581577225196185,-0.6101795477515645,-0.8804630447307716,1.563340778866961,1.414274966090755,0.0,0.0,0.0,0.0,0.0,0.0,0.0,0.0,0.0,0.0,0.0,0.0,0.0,0.0,0.0,0.0,0.0,0.0,0.0,0.0,0.0,0.0,0.0,0.0,0.0,0.0,0.0,0.0,0.0020101063441551,-0.0166967888825952,-0.0414699657203474,SPY
2006-05-15,0.13370549405233045,-1.4522535186957009,-1.0069024078169966,-0.5309851704386009,-0.6547828313993965,-0.6572690904084746,-0.5482816138641122,-0.6300219595499679,1.1441689258265606,-1.4420447410210082,0.0,0.0,0.0,0.0,0.0,0.0,0.0,0.0,0.0,0.0,0.0,0.0,0.0,0.0,0.0,0.0,0.0,0.0,0.0,0.0,0.0,0.0,0.0,0.0,0.0,0.0,0.0,0.0,-0.0014681890182446,-0.026367960473931,-0.055161946309636,SPY
2006-05-16,-0.1318656980563022,-0.6559188099263934,-0.8840280908935415,-0.669427296411226,-0.6591477635915237,-0.6587395310073425,-0.5826528475047986,-0.6972423399214015,0.0533124471173226,-0.7279648142430675,0.0,0.0,0.0,0.0,0.0,0.0,0.0,0.0,0.0,0.0,0.0,0.0,0.0,0.0,0.0,0.0,0.0,0.0,0.0,0.0,0.0,0.0,0.0,0.0,0.0,0.0,0.0,0.0,-0.0192075736078134,-0.0325398598339337,-0.0459715405272955,SPY
2006-05-17,-1.4862847516110569,0.0009943847814292142,-1.0150205394392955,-0.495067329585017,-0.6676668105786734,-0.6630768806759633,-1.22319795233501,-1.4883404206579023,3.5005760346303365,-0.013884887465126573,0.0,0.0,0.0,0.0,0.0,0.0,0.0,0.0,0.0,0.0,0.0,0.0,0.0,0.0,0.0,0.0,0.0,0.0,0.0,0.0,0.0,0.0,0.0,0.0,0.0,0.0,0.0,0.0,-0.0050578964114595,-0.0053752585849009,-0.0057711865102474,SPY
2006-05-18,-0.4059433057381149,-1.1927036039913168,-1.7281645173031188,-0.49449288600991687,-0.6785263438590676,-0.6682817142528918,-1.337306158945139,-1.7599216454075923,1.0375415515201163,0.7001950393128141,0.0,0.0,0.0,0.0,0.0,0.0,0.0,0.0,0.0,0.0,0.0,0.0,0.0,0.0,0.0,0.0,0.0,0.0,0.0,0.0,0.0,0.0,0.0,0.0,0.0,0.0,0.0,0.0,0.0070267638107672,0.0119714260417147,-0.0080267639788447,SPY
2006-05-19,0.5167321105411902,-1.394659072509253,-1.4576127757644386,-0.45909444276189215,-0.6899553069531984,-0.6725661701234499,-1.028216821218512,-1.2450060948068424,2.382803233930361,1.414274966090755,0.0,0.0,0.0,0.0,0.0,0.0,0.0,0.0,0.0,0.0,0.0,0.0,0.0,0.0,0.0,0.0,0.0,0.0,0.0,0.0,0.0,0.0,0.0,0.0,0.0,0.0,0.0,0.0,-0.0076610652471806,0.010020809808152,-0.0229470657520121,SPY
2006-05-22,-0.60469774690367,0.08127401179764021,-0.6875146257492627,-0.44247735405437383,-0.7030922112986122,-0.67762288476212,-1.2384180700993468,-1.7809978999138043,1.7560504619867658,-1.4420447410210082,0.0,0.0,0.0,0.0,0.0,0.0,0.0,0.0,0.0,0.0,0.0,0.0,0.0,0.0,0.0,0.0,0.0,0.0,0.0,0.0,0.0,0.0,0.0,0.0,0.0,0.0,0.0,0.0,-0.0076400883782472,-0.0002375957901028,-0.0118959658156265,SPY
2006-05-23,-0.6030961428105931,-0.06517920130909098,-1.0567376056614304,-0.42968683013357334,-0.7188017749834966,-0.6831238630516755,-1.4407447307293255,-1.8474593875940237,0.9844528816028688,-0.7279648142430675,0.0,0.0,0.0,0.0,0.0,0.0,0.0,0.0,0.0,0.0,0.0,0.0,0.0,0.0,0.0,0.0,0.0,0.0,0.0,0.0,0.0,0.0,0.0,0.0,0.0,0.0,0.0,0.0,0.0079570276412193,0.0185219524081388,0.0031310786329266,SPY
2006-05-24,0.5877586475912999,-0.8903303016785511,-1.2923664590942172,-0.38836095508811924,-0.7322551607638496,-0.6875988041390809,-1.0961566803324412,-1.649001689301309,3.4016879138757417,-0.013884887465126573,0.0,0.0,0.0,0.0,0.0,0.0,0.0,0.0,0.0,0.0,0.0,0.0,0.0,0.0,0.0,0.0,0.0,0.0,0.0,0.0,0.0,0.0,0.0,0.0,0.0,0.0,0.0,0.0,0.0122887882151561,0.0200871303671759,-0.0092356150174666,SPY
2006-05-25,0.9184927284244782,-0.011662788946117686,-0.25528476464065564,-0.32430147898420475,-0.7390450269139053,-0.6910898530386891,-0.6030068135595239,-1.5101526040004045,0.3370163178095798,0.7001950393128141,0.0,0.0,0.0,0.0,0.0,0.0,0.0,0.0,0.0,0.0,0.0,0.0,0.0,0.0,0.0,0.0,0.0,0.0,0.0,0.0,0.0,0.0,0.0,0.0,0.0,0.0,0.0,0.0,0.0050761475772045,0.0098935496344694,-0.0216845067983069,SPY
2006-05-26,0.36780068738099403,1.1095276504373806,0.406971563762567,-0.31652548760603655,-0.7408583304384152,-0.6943586944171954,-0.3727474769838974,-1.2762394975122946,-0.2114580669373892,1.414274966090755,0.0,0.0,0.0,0.0,0.0,0.0,0.0,0.0,0.0,0.0,0.0,0.0,0.0,0.0,0.0,0.0,0.0,0.0,0.0,0.0,0.0,0.0,0.0,0.0,0.0,0.0,0.0,0.0,-0.0179194708454355,-0.0098632772372742,-0.0223509853434347,SPY
2006-05-30,-1.3879368683746212,0.9474505173061998,0.33250154411507243,-0.226775257983839,-0.7480277700389717,-0.6989076309235555,-0.9667636802837946,-1.6704529487025508,0.1119119119417883,-0.7279648142430675,0.0,0.0,0.0,0.0,0.0,0.0,0.0,0.0,0.0,0.0,0.0,0.0,0.0,0.0,0.0,0.0,0.0,0.0,0.0,0.0,0.0,0.0,0.0,0.0,0.0,0.0,0.0,0.0,0.0111194598199944,0.0056145537027978,-0.0131094812400345,SPY
2006-05-31,0.8292133822175696,-0.7520537718801856,-0.0591406730004388,-0.1969726928042922,-0.7518233884806715,-0.7030016714501827,-0.5064782314037896,-1.285352191053847,0.5903646164676957,-0.013884887465126573,0.0,0.0,0.0,0.0,0.0,0.0,0.0,0.0,0.0,0.0,0.0,0.0,0.0,0.0,0.0,0.0,0.0,0.0,0.0,0.0,0.0,0.0,0.0,0.0,0.0,0.0,0.0,0.0,0.0095222056002564,-0.0130245352071876,-0.0174729528564858,SPY
2006-06-01,0.7072614882462318,-0.4120594988930124,0.657055521239974,-0.1575812246598385,-0.7478591068362234,-0.7052867370957532,-0.12422099196927279,-0.7662136690793205,0.1326183653503583,0.7001950393128141,0.0,0.0,0.0,0.0,0.0,0.0,0.0,0.0,0.0,0.0,0.0,0.0,0.0,0.0,0.0,0.0,0.0,0.0,0.0,0.0,0.0,0.0,0.0,0.0,0.0,0.0,0.0,0.0,0.0020952074824496,-0.023421413856175,-0.0069961227042298,SPY
2006-06-02,0.14020304770777384,1.1317979848624595,0.716810398368434,-0.1615688070363809,-0.7419759969054024,-0.7077833429971189,-0.012358162567419388,-0.3906306251480183,0.728546932342115,1.414274966090755,0.0,0.0,0.0,0.0,0.0,0.0,0.0,0.0,0.0,0.0,0.0,0.0,0.0,0.0,0.0,0.0,0.0,0.0,0.0,0.0,0.0,0.0,0.0,0.0,0.0,0.0,0.0,0.0,-0.014680679294539,-0.0287023023076979,-0.0090129691077436,SPY
2006-06-05,-1.1406520223374115,0.6240972423736174,0.32764304480012646,-0.1371718342691471,-0.74193377307306,-0.7134959197698993,-0.4774279490205925,-0.7919078071039501,0.5211287528122056,-1.4420447410210082,0.0,0.0,0.0,0.0,0.0,0.0,0.0,0.0,0.0,0.0,0.0,0.0,0.0,0.0,0.0,0.0,0.0,0.0,0.0,0.0,0.0,0.0,0.0,0.0,0.0,0.0,0.0,0.0,-0.0024416399053635,-0.0249307094086299,0.0097454536598515,SPY
2006-06-06,-0.20618960836764996,-0.737547154507545,-0.4266269443425651,-0.13742202044179,-0.740499834085092,-0.7193671430004115,-0.4876654520608758,-0.811239569407382,1.9095950519714957,-0.7279648142430675,0.0,0.0,0.0,0.0,0.0,0.0,0.0,0.0,0.0,0.0,0.0,0.0,0.0,0.0,0.0,0.0,0.0,0.0,0.0,0.0,0.0,0.0,0.0,0.0,0.0,0.0,0.0,0.0,-0.007519629089991,-0.0341709437483999,0.0064586815647418,SPY
2006-06-07,-0.5938989604411562,-0.9927883314157192,0.16428086949354495,-0.1347365078505966,-0.7390448412126084,-0.7265184730042635,-0.666401308665012,-0.5454423414289206,1.1532035292040637,-0.013884887465126573,0.0,0.0,0.0,0.0,0.0,0.0,0.0,0.0,0.0,0.0,0.0,0.0,0.0,0.0,0.0,0.0,0.0,0.0,0.0,0.0,0.0,0.0,0.0,0.0,0.0,0.0,0.0,0.0,-0.000874673048731,-0.018929097894313,0.0168856200499494,SPY
2006-06-08,-0.0865501836629259,-0.5899105782391008,-0.5473164675196943,-0.1352087514987422,-0.7399304506966787,-0.7337121576412196,-0.6009674414235258,-0.4390035282551536,3.567824212561516,0.7001950393128141,0.0,0.0,0.0,0.0,0.0,0.0,0.0,0.0,0.0,0.0,0.0,0.0,0.0,0.0,0.0,0.0,0.0,0.0,0.0,0.0,0.0,0.0,0.0,0.0,0.0,0.0,0.0,0.0,-0.0031856809690733,0.0029383555636526,0.0112259859975898,SPY
2006-06-09,-0.26299785829466715,-0.501753664313069,-0.9442452656813762,-0.1690097098029183,-0.7449490514532695,-0.7396363096062534,-0.63708028770803,-0.7296104891501426,0.5230338931000449,1.414274966090755,0.0,0.0,0.0,0.0,0.0,0.0,0.0,0.0,0.0,0.0,0.0,0.0,0.0,0.0,0.0,0.0,0.0,0.0,0.0,0.0,0.0,0.0,0.0,0.0,0.0,0.0,0.0,0.0,-0.010909086395471,-0.0011894373473309,0.0163056961107308,SPY
2006-06-12,-0.852687281567693,-0.2579275171048804,-1.1458573818806013,-0.1852138305829031,-0.7542061682442436,-0.745190193339358,-0.9591004528471748,-0.8034905391278816,0.5311078413696589,-1.4420447410210082,0.0,0.0,0.0,0.0,0.0,0.0,0.0,0.0,0.0,0.0,0.0,0.0,0.0,0.0,0.0,0.0,0.0,0.0,0.0,0.0,0.0,0.0,0.0,0.0,0.0,0.0,0.0,0.0,-0.0116818742451334,0.00182611108574,0.0316193938921429,SPY
2006-06-13,-0.9116903762158486,-0.8224595044679394,-1.001866681678671,-0.1610251572431231,-0.7616919964290912,-0.7525425477250172,-1.281780270789466,-0.8890903786537401,2.708541664251101,-0.7279648142430675,0.0,0.0,0.0,0.0,0.0,0.0,0.0,0.0,0.0,0.0,0.0,0.0,0.0,0.0,0.0,0.0,0.0,0.0,0.0,0.0,0.0,0.0,0.0,0.0,0.0,0.0,0.0,0.0,0.0077222167640957,0.0168980200200783,0.0325701238314009,SPY
2006-06-14,0.5698306115677099,-1.3004518603153368,-1.3546374732829782,-0.12399636618124339,-0.7701477424867208,-0.758688895565667,-0.919959046030575,-0.901442671312546,2.017242675147407,-0.013884887465126573,0.0,0.0,0.0,0.0,0.0,0.0,0.0,0.0,0.0,0.0,0.0,0.0,0.0,0.0,0.0,0.0,0.0,0.0,0.0,0.0,0.0,0.0,0.0,0.0,0.0,0.0,0.0,0.0,0.0209927804092346,0.0165627593262884,0.008450510864173,SPY
2006-06-15,1.5830508933443543,-0.2522623711658853,-0.772739024634878,-0.06368960380628638,-0.775651278967041,-0.7594611193973217,-0.1393145384574054,-0.6559408113265609,1.256735323214055,0.7001950393128141,0.0,0.0,0.0,0.0,0.0,0.0,0.0,0.0,0.0,0.0,0.0,0.0,0.0,0.0,0.0,0.0,0.0,0.0,0.0,0.0,0.0,0.0,0.0,0.0,0.0,0.0,0.0,0.0,-0.0073134738800568,-0.0088396870921201,-0.0164206177839441,SPY
2006-06-16,-0.5781588121336073,1.586000324522702,0.06210980961329013,-0.05487976832371959,-0.7836620382923989,-0.760528533011739,-0.3947472041505186,-0.9533682976232203,0.2877529572736729,1.414274966090755,0.0,0.0,0.0,0.0,0.0,0.0,0.0,0.0,0.0,0.0,0.0,0.0,0.0,0.0,0.0,0.0,0.0,0.0,0.0,0.0,0.0,0.0,0.0,0.0,0.0,0.0,0.0,0.0,-0.0078935379624001,-0.0016863167777474,-0.010565666662992,SPY
2006-06-19,-0.6224472620198847,0.7400985236488944,-0.09547978381498032,-0.058274892951817085,-0.7897843082807368,-0.7635788119063059,-0.6424520874964116,-0.7351741319968298,0.3075168085862831,-1.4420447410210082,0.0,0.0,0.0,0.0,0.0,0.0,0.0,0.0,0.0,0.0,0.0,0.0,0.0,0.0,0.0,0.0,0.0,0.0,0.0,0.0,0.0,0.0,0.0,0.0,0.0,0.0,0.0,0.0,0.0033900346892048,0.0106168902167294,0.0024228022820462,SPY
2006-06-20,0.2390643487317996,-0.8850339235049546,0.01964688600084482,-0.06764456514553939,-0.7943634237059712,-0.7651567054058188,-0.4965489928330144,-0.9855022451409003,-0.4391439869545088,-0.7279648142430675,0.0,0.0,0.0,0.0,0.0,0.0,0.0,0.0,0.0,0.0,0.0,0.0,0.0,0.0,0.0,0.0,0.0,0.0,0.0,0.0,0.0,0.0,0.0,0.0,0.0,0.0,0.0,0.0,0.0073869560703059,-0.0014511112145108,0.0128119530220045,SPY
2006-06-21,0.5442331355513262,-0.2828589128127877,0.595057535801194,-0.06670904045285178,-0.7949906994736383,-0.764741450660918,-0.2300877008357922,-1.067560737924417,-0.2276794889958833,-0.013884887465126573,0.0,0.0,0.0,0.0,0.0,0.0,0.0,0.0,0.0,0.0,0.0,0.0,0.0,0.0,0.0,0.0,0.0,0.0,0.0,0.0,0.0,0.0,0.0,0.0,0.0,0.0,0.0,0.0,-0.0044096660091739,-0.0020820790812736,-0.0014410383021195,SPY
2006-06-22,-0.35645029184487353,0.5768154264922877,0.5822580573471642,-0.08282308356796289,-0.7965509153433776,-0.7659684889539027,-0.3758550663980283,-1.2377352827205432,-0.2354224536302256,0.7001950393128141,0.0,0.0,0.0,0.0,0.0,0.0,0.0,0.0,0.0,0.0,0.0,0.0,0.0,0.0,0.0,0.0,0.0,0.0,0.0,0.0,0.0,0.0,0.0,0.0,0.0,0.0,0.0,0.0,-0.0001601035656841,0.0223266226804126,-0.004105877811078,SPY
2006-06-23,-0.03199211722940381,0.13800745796035183,-0.3875486382621408,-0.1420645058430569,-0.7973099461810693,-0.7688670504549935,-0.3416495907634563,-0.893786369158715,-0.7381016622871706,1.414274966090755,0.0,0.0,0.0,0.0,0.0,0.0,0.0,0.0,0.0,0.0,0.0,0.0,0.0,0.0,0.0,0.0,0.0,0.0,0.0,0.0,0.0,0.0,0.0,0.0,0.0,0.0,0.0,0.0,0.0044096690320767,0.0225650873250327,0.0141232041753296,SPY
2006-06-26,0.31691441025290523,-0.2865870278186451,-0.11444949210966071,-0.1448413275896548,-0.7940363572971185,-0.7718689074181762,-0.1368951585599577,-0.6630508333830458,-1.112057804641376,-1.4420447410210082,0.0,0.0,0.0,0.0,0.0,0.0,0.0,0.0,0.0,0.0,0.0,0.0,0.0,0.0,0.0,0.0,0.0,0.0,0.0,0.0,0.0,0.0,0.0,0.0,0.0,0.0,0.0,0.0,-0.0086779667420353,0.022233161766012,0.0132727491719917,SPY
2006-06-27,-0.6823391528535364,0.20958515146230314,0.35525851648844864,-0.2295352916472705,-0.7900136261695272,-0.7736062974959091,-0.4332116782401939,-0.6934838750903366,-0.3360244517291648,-0.7279648142430675,0.0,0.0,0.0,0.0,0.0,0.0,0.0,0.0,0.0,0.0,0.0,0.0,0.0,0.0,0.0,0.0,0.0,0.0,0.0,0.0,0.0,0.0,0.0,0.0,0.0,0.0,0.0,0.0,0.006755988203543,0.0251827165075742,0.0232917970899304,SPY
2006-06-28,0.4960581328273313,-0.2696263441050274,-0.10546988729860161,-0.26236414652589723,-0.7862151293577281,-0.7759427779628031,-0.1513047506966081,-0.44678185060755066,-0.5178825020525337,-0.013884887465126573,0.0,0.0,0.0,0.0,0.0,0.0,0.0,0.0,0.0,0.0,0.0,0.0,0.0,0.0,0.0,0.0,0.0,0.0,0.0,0.0,0.0,0.0,0.0,0.0,0.0,0.0,0.0,0.0,0.0199990357525123,0.0213340376992476,0.0155893958716655,SPY
2006-06-29,1.5071775342299485,-0.13762338796945117,-0.1295587821956476,-0.1419821781960467,-0.7826040515796463,-0.7768921995116156,0.6108668664493851,0.16768238540469643,0.6415940429986686,0.7001950393128141,0.0,0.0,0.0,0.0,0.0,0.0,0.0,0.0,0.0,0.0,0.0,0.0,0.0,0.0,0.0,0.0,0.0,0.0,0.0,0.0,0.0,0.0,0.0,0.0,0.0,0.0,0.0,0.0,7.836107893588462e-05,-0.0051993051543552,0.0055634200642762,SPY
2006-06-30,-0.013785112547719811,1.4757330336216268,0.8023090391044153,-0.1441197306306615,-0.7770339643971134,-0.7781166525066764,0.6312902004259614,0.5246862107692135,-0.7430262421394292,1.414274966090755,0.0,0.0,0.0,0.0,0.0,0.0,0.0,0.0,0.0,0.0,0.0,0.0,0.0,0.0,0.0,0.0,0.0,0.0,0.0,0.0,0.0,0.0,0.0,0.0,0.0,0.0,0.0,0.0,0.0040777434730561,-0.0033836370892235,0.0044685488345841,SPY
2006-07-03,0.29157157497982195,1.100052465036254,0.8114130681104986,-0.2174168414350957,-0.7682866208783048,-0.7767996877696922,0.7670673248884523,1.0577588989278126,-1.446161911288508,-1.4420447410210082,0.0,0.0,0.0,0.0,0.0,0.0,0.0,0.0,0.0,0.0,0.0,0.0,0.0,0.0,0.0,0.0,0.0,0.0,0.0,0.0,0.0,0.0,0.0,0.0,0.0,0.0,0.0,0.0,-0.0057284120004732,-0.0030567691763385,-0.0045489497107231,SPY
2006-07-05,-0.4571378150448055,0.20432707867577352,0.7987409173939889,-0.2062969714231487,-0.761974865929324,-0.7759304453929771,0.5377642263163245,0.6700574628070808,-0.3397567141138743,-0.013884887465126573,0.0,0.0,0.0,0.0,0.0,0.0,0.0,0.0,0.0,0.0,0.0,0.0,0.0,0.0,0.0,0.0,0.0,0.0,0.0,0.0,0.0,0.0,0.0,0.0,0.0,0.0,0.0,0.0,0.0029073093952165,-0.0080595014817408,0.0079168571394765,SPY
2006-07-06,0.20220780883835643,-0.12235959780542749,0.9113481005887643,-0.22911119932892,-0.7568281544906565,-0.7736631041773167,0.6153706638345559,0.21922431180902652,-0.8169433682142815,0.7001950393128141,0.0,0.0,0.0,0.0,0.0,0.0,0.0,0.0,0.0,0.0,0.0,0.0,0.0,0.0,0.0,0.0,0.0,0.0,0.0,0.0,0.0,0.0,0.0,0.0,0.0,0.0,0.0,0.0,-0.0065343071010905,-0.0273642070800894,0.0076604069840531,SPY
2006-07-07,-0.5186686801056114,-0.18820773991478568,0.7644144385277769,-0.2101942036403268,-0.7522744337177486,-0.7721613022842646,0.3477708348376586,0.24936736178222801,-0.0588913796538061,1.414274966090755,0.0,0.0,0.0,0.0,0.0,0.0,0.0,0.0,0.0,0.0,0.0,0.0,0.0,0.0,0.0,0.0,0.0,0.0,0.0,0.0,0.0,0.0,0.0,0.0,0.0,0.0,0.0,0.0,0.0018940291440676,-0.0247082482178813,0.0124802347144798,SPY
2006-07-10,0.12484288832393076,-0.23354706838738587,-0.24856726931567824,-0.2153042695680601,-0.7471701318127205,-0.7699813371511383,0.3881489503701109,0.6900262663340694,-0.5696761846397401,-1.4420447410210082,0.0,0.0,0.0,0.0,0.0,0.0,0.0,0.0,0.0,0.0,0.0,0.0,0.0,0.0,0.0,0.0,0.0,0.0,0.0,0.0,0.0,0.0,0.0,0.0,0.0,0.0,0.0,0.0,0.004404611385941,-0.0280608001210538,0.008243438448102,SPY
2006-07-11,0.31652825411215846,-0.2905538005370701,-0.1792492588545805,-0.26795743882566053,-0.7420446367472033,-0.7657676276089013,0.4944196784749176,0.7199179912572394,-0.2718114800658691,-0.7279648142430675,0.0,0.0,0.0,0.0,0.0,0.0,0.0,0.0,0.0,0.0,0.0,0.0,0.0,0.0,0.0,0.0,0.0,0.0,0.0,0.0,0.0,0.0,0.0,0.0,0.0,0.0,0.0,0.0,-0.0107311443058755,-0.0273704805243566,0.0,SPY
2006-07-12,-0.8391012320990315,0.3248652757652491,-0.1667701973785964,-0.27762419735807464,-0.7375121323474461,-0.7614755788813783,0.03196712590368101,-0.022367627947178493,-0.0608690032580141,-0.013884887465126573,0.0,0.0,0.0,0.0,0.0,0.0,0.0,0.0,0.0,0.0,0.0,0.0,0.0,0.0,0.0,0.0,0.0,0.0,0.0,0.0,0.0,0.0,0.0,0.0,0.0,0.0,0.0,0.0,-0.016397396203132,-0.002860150789318,0.0073505343468847,SPY
2006-07-13,-1.2717250073565887,-0.3854218144925158,-0.35776295477712144,-0.1788139619661089,-0.7391006212396115,-0.7603668470821242,-0.5889738840028946,-0.4625356904661605,0.4219598236250746,0.7001950393128141,0.0,0.0,0.0,0.0,0.0,0.0,0.0,0.0,0.0,0.0,0.0,0.0,0.0,0.0,0.0,0.0,0.0,0.0,0.0,0.0,0.0,0.0,0.0,0.0,0.0,0.0,0.0,0.0,-0.0038783482388824,0.0066712101599959,0.0268148630059652,SPY
2006-07-14,-0.31588366970860193,-1.555734246281662,-1.0947719986177837,-0.35043233728413115,-0.7470430192751135,-0.7625398132780786,-0.7010286566746506,-0.5757408892908569,0.4350212704402815,1.414274966090755,0.0,0.0,0.0,0.0,0.0,0.0,0.0,0.0,0.0,0.0,0.0,0.0,0.0,0.0,0.0,0.0,0.0,0.0,0.0,0.0,0.0,0.0,0.0,0.0,0.0,0.0,0.0,0.0,-0.0014585227591048,0.0034750528807458,0.0278627433105711,SPY
2006-07-17,-0.1311276698857398,-1.1701987447019788,-0.9933736275551566,-0.36909896634043887,-0.7553878320206138,-0.7639318564642293,-0.7352130502871104,-0.776011665650771,-0.1035591339507543,-1.4420447410210082,0.0,0.0,0.0,0.0,0.0,0.0,0.0,0.0,0.0,0.0,0.0,0.0,0.0,0.0,0.0,0.0,0.0,0.0,0.0,0.0,0.0,0.0,0.0,0.0,0.0,0.0,0.0,0.0,0.0050949309826382,0.0230025540605742,0.0301086176969915,SPY
2006-07-18,0.36923481842886624,-0.3297438398757036,-1.1213663109967897,-0.38264712583521376,-0.763499798552686,-0.7636130962175119,-0.553271877125768,-0.3235962493917332,0.8873930397888444,-0.7279648142430675,0.0,0.0,0.0,0.0,0.0,0.0,0.0,0.0,0.0,0.0,0.0,0.0,0.0,0.0,0.0,0.0,0.0,0.0,0.0,0.0,0.0,0.0,0.0,0.0,0.0,0.0,0.0,0.0,0.0137791854291631,0.0214668371066748,0.0369005664516235,SPY
2006-07-19,1.0322859873632917,0.17508917597113882,-1.0950115042210886,-0.31034044561634877,-0.7664226441124515,-0.7619129251134935,-0.06831956600778329,-0.10046534009316609,1.1093619451359298,-0.013884887465126573,0.0,0.0,0.0,0.0,0.0,0.0,0.0,0.0,0.0,0.0,0.0,0.0,0.0,0.0,0.0,0.0,0.0,0.0,0.0,0.0,0.0,0.0,0.0,0.0,0.0,0.0,0.0,0.0,-0.0068660352538181,0.0090287328534151,0.0314054349949648,SPY
2006-07-20,-0.5439964432185991,1.0323564011822568,-0.1592637617750476,-0.31006196310608225,-0.7719506235259526,-0.7621042022233987,-0.3198342389035662,-1.0599530506611419,0.5818788022113847,0.7001950393128141,0.0,0.0,0.0,0.0,0.0,0.0,0.0,0.0,0.0,0.0,0.0,0.0,0.0,0.0,0.0,0.0,0.0,0.0,0.0,0.0,0.0,0.0,0.0,0.0,0.0,0.0,0.0,0.0,-0.0070745055181324,0.0149483550925113,0.0408122278572653,SPY
2006-07-21,-0.5599133481518692,0.3594373368661719,0.20462157094688657,-0.29787851992011544,-0.7775844526785854,-0.7626460783391371,-0.5724700840744678,-1.2476115286679723,0.311432953470778,1.414274966090755,0.0,0.0,0.0,0.0,0.0,0.0,0.0,0.0,0.0,0.0,0.0,0.0,0.0,0.0,0.0,0.0,0.0,0.0,0.0,0.0,0.0,0.0,0.0,0.0,0.0,0.0,0.0,0.0,0.0180689784207235,0.0319959205557669,0.0529499702013822,SPY
2006-07-24,1.3598158029687097,-0.8137827795003063,0.08259967279652072,-0.1757934725831376,-0.7789400025066741,-0.7607653789089234,0.06931488097630341,-0.7160776075177296,0.1162617724695713,-1.4420447410210082,0.0,0.0,0.0,0.0,0.0,0.0,0.0,0.0,0.0,0.0,0.0,0.0,0.0,0.0,0.0,0.0,0.0,0.0,0.0,0.0,0.0,0.0,0.0,0.0,0.0,0.0,0.0,0.0,0.0035592140287388,0.0129104319842872,0.0305866588554772,SPY
2006-07-25,0.25198135381592185,0.5890508828370261,0.8281145370259902,-0.1778480180285934,-0.7805284217608532,-0.7589908746668516,0.177396667117799,-0.4391424672613007,0.164330065733856,-0.7279648142430675,0.0,0.0,0.0,0.0,0.0,0.0,0.0,0.0,0.0,0.0,0.0,0.0,0.0,0.0,0.0,0.0,0.0,0.0,0.0,0.0,0.0,0.0,0.0,0.0,0.0,0.0,0.0,0.0,0.0013410811759033,0.0044114628832971,0.0269507158010666,SPY
2006-07-26,0.08262477980248287,1.1872995916972104,0.7694844129851391,-0.2119619627614565,-0.778876492663195,-0.7558882260210977,0.1841482411654496,-0.48979196262644076,-0.1115236351698454,-0.013884887465126573,0.0,0.0,0.0,0.0,0.0,0.0,0.0,0.0,0.0,0.0,0.0,0.0,0.0,0.0,0.0,0.0,0.0,0.0,0.0,0.0,0.0,0.0,0.0,0.0,0.0,0.0,0.0,0.0,-0.0009464130147218,0.0098077765571202,0.0228392383052336,SPY
2006-07-27,-0.0920275989784744,0.24619494016406454,0.2946263388133378,-0.2232326639072099,-0.7731367209207818,-0.7538055822156716,0.11970771787595512,-0.31406538421812696,-0.0607263119016268,0.7001950393128141,0.0,0.0,0.0,0.0,0.0,0.0,0.0,0.0,0.0,0.0,0.0,0.0,0.0,0.0,0.0,0.0,0.0,0.0,0.0,0.0,0.0,0.0,0.0,0.0,0.0,0.0,0.0,0.0,0.009973059945123,0.0134050488116352,0.0229376316602447,SPY
2006-07-28,0.7416846505595593,-0.007289792950696686,0.5206238348180127,-0.33912184265042133,-0.763690490571758,-0.7530511293958718,0.4832620045047907,-0.0695601938476199,-0.1972640679523397,1.414274966090755,0.0,0.0,0.0,0.0,0.0,0.0,0.0,0.0,0.0,0.0,0.0,0.0,0.0,0.0,0.0,0.0,0.0,0.0,0.0,0.0,0.0,0.0,0.0,0.0,0.0,0.0,0.0,0.0,-0.0010165101507562,0.0017175094958483,0.0141976637453282,SPY
2006-07-31,-0.09737958264877819,0.4783417991589203,1.1714604848708319,-0.3384579659827451,-0.7541383640582778,-0.7524454360160676,0.4364479548040494,-0.231130293496018,-1.0138647471687214,-1.4420447410210082,0.0,0.0,0.0,0.0,0.0,0.0,0.0,0.0,0.0,0.0,0.0,0.0,0.0,0.0,0.0,0.0,0.0,0.0,0.0,0.0,0.0,0.0,0.0,0.0,0.0,0.0,0.0,0.0,-0.0049397550722511,0.0003912525242943,0.0199794816738876,SPY
2006-08-01,-0.3969231010050587,0.4743981629794505,0.4428206404744781,-0.33520546055316075,-0.7472549044546742,-0.7530617617247204,0.2595531382853805,-0.03253125874167069,-0.6249569172951277,-0.7279648142430675,0.0,0.0,0.0,0.0,0.0,0.0,0.0,0.0,0.0,0.0,0.0,0.0,0.0,0.0,0.0,0.0,0.0,0.0,0.0,0.0,0.0,0.0,0.0,0.0,0.0,0.0,0.0,0.0,0.0067373948497264,0.0014921805343846,0.02606824834226,SPY
2006-08-02,0.4946385124029849,-0.3645907054301759,0.11834964251800684,-0.3308159447386558,-0.7421929192326365,-0.7519885835946623,0.4977557956066272,0.8523620651667587,-0.6639799147484713,-0.013884887465126573,0.0,0.0,0.0,0.0,0.0,0.0,0.0,0.0,0.0,0.0,0.0,0.0,0.0,0.0,0.0,0.0,0.0,0.0,0.0,0.0,0.0,0.0,0.0,0.0,0.0,0.0,0.0,0.0,0.0026508592397931,-0.0086258242743326,0.0199431985658398,SPY
2006-08-03,0.18262759313026605,0.07164081588430882,0.32436842694064383,-0.33132845677200146,-0.7345893332130049,-0.7509472791601784,0.5831614364322164,1.1110987716487588,-0.7207689251395595,0.7001950393128141,0.0,0.0,0.0,0.0,0.0,0.0,0.0,0.0,0.0,0.0,0.0,0.0,0.0,0.0,0.0,0.0,0.0,0.0,0.0,0.0,0.0,0.0,0.0,0.0,0.0,0.0,0.0,0.0,-0.0017144793706638,-0.0082097510581773,0.0171393301537543,SPY
2006-08-04,-0.1506702030456936,0.4986856699092799,0.46170396781319883,-0.35015070319882763,-0.7255878574696313,-0.7492577753214671,0.4946462502384409,1.0938076892267916,0.1157477614321506,1.414274966090755,0.0,0.0,0.0,0.0,0.0,0.0,0.0,0.0,0.0,0.0,0.0,0.0,0.0,0.0,0.0,0.0,0.0,0.0,0.0,0.0,0.0,0.0,0.0,0.0,0.0,0.0,0.0,0.0,-0.0023427671223101,-0.00932573962179,0.0248065555729111,SPY
2006-08-07,-0.19864057640606458,0.023186685992141912,0.015500728292410022,-0.34747621359781644,-0.7220084185499789,-0.7481420795214991,0.3907663800227982,0.8569027277610047,-1.185741713907764,-1.4420447410210082,0.0,0.0,0.0,0.0,0.0,0.0,0.0,0.0,0.0,0.0,0.0,0.0,0.0,0.0,0.0,0.0,0.0,0.0,0.0,0.0,0.0,0.0,0.0,0.0,0.0,0.0,0.0,0.0,-0.0038388270621609,-0.0061956208721642,0.0290498415377964,SPY
2006-08-08,-0.3128661899025674,-0.2577526890299736,-0.03513269771413009,-0.34801398752092483,-0.7204199992957997,-0.7481420795214991,0.2466912857739686,0.25552811513179513,-0.009769730505483304,-0.7279648142430675,0.0,0.0,0.0,0.0,0.0,0.0,0.0,0.0,0.0,0.0,0.0,0.0,0.0,0.0,0.0,0.0,0.0,0.0,0.0,0.0,0.0,0.0,0.0,0.0,0.0,0.0,0.0,0.0,-0.0033806099589908,0.0095300859272668,0.0240396851823581,SPY
2006-08-09,-0.27788087392023125,-0.3772676205651182,0.006898189310817019,-0.39422476402506984,-0.7201023108024316,-0.7471539483767459,0.10652534478901791,0.441892931733677,-0.3170044914772547,-0.013884887465126573,0.0,0.0,0.0,0.0,0.0,0.0,0.0,0.0,0.0,0.0,0.0,0.0,0.0,0.0,0.0,0.0,0.0,0.0,0.0,0.0,0.0,0.0,0.0,0.0,0.0,0.0,0.0,0.0,0.0030669324559484,0.0211947498587621,0.0228123960348884,SPY
2006-08-10,0.2143951828563447,-0.4356562337222745,-0.3793838501462257,-0.5337213846656236,-0.7187044210786897,-0.7435730778425136,0.1712757549426722,0.9794236680684089,-0.5689818588979487,0.7001950393128141,0.0,0.0,0.0,0.0,0.0,0.0,0.0,0.0,0.0,0.0,0.0,0.0,0.0,0.0,0.0,0.0,0.0,0.0,0.0,0.0,0.0,0.0,0.0,0.0,0.0,0.0,0.0,0.0,-0.0028304679342765,0.020668575011296,0.0225894749991804,SPY
2006-08-11,-0.23587700187653088,-0.04714103006304099,-0.36349913635745074,-0.5388245402820823,-0.7207588809496566,-0.7398647241714696,0.014242284965831112,0.0637857355540662,-1.101207072776248,1.414274966090755,0.0,0.0,0.0,0.0,0.0,0.0,0.0,0.0,0.0,0.0,0.0,0.0,0.0,0.0,0.0,0.0,0.0,0.0,0.0,0.0,0.0,0.0,0.0,0.0,0.0,0.0,0.0,0.0,0.0007873516273155,0.028562279771557,0.0264175865510623,SPY
2006-08-14,0.04034699686492838,-0.016190264949827785,-0.4061050005088145,-0.5429812137335303,-0.7223260606180225,-0.7358587817475176,-0.011812819299440988,-0.09919868152627749,-0.812220319617209,-1.4420447410210082,0.0,0.0,0.0,0.0,0.0,0.0,0.0,0.0,0.0,0.0,0.0,0.0,0.0,0.0,0.0,0.0,0.0,0.0,0.0,0.0,0.0,0.0,0.0,0.0,0.0,0.0,0.0,0.0,0.0118868797372702,0.0234805952190599,0.0353973579816733,SPY
2006-08-15,0.8878066300716667,-0.14443854923651006,-0.28660430079512483,-0.4961232681443389,-0.719339682002116,-0.7309072142032352,0.363986142034216,0.44169675029609123,-0.5242873379907455,-0.7279648142430675,0.0,0.0,0.0,0.0,0.0,0.0,0.0,0.0,0.0,0.0,0.0,0.0,0.0,0.0,0.0,0.0,0.0,0.0,0.0,0.0,0.0,0.0,0.0,0.0,0.0,0.0,0.0,0.0,0.0082840539725044,0.0115169864561179,0.0275269538461664,SPY
2006-08-16,0.6127274221206657,0.6835534063101948,0.31376684047515163,-0.5481360330940823,-0.7159085719932202,-0.7266463404421181,0.6168654899007037,0.8063983289295958,-0.4144240851016122,-0.013884887465126573,0.0,0.0,0.0,0.0,0.0,0.0,0.0,0.0,0.0,0.0,0.0,0.0,0.0,0.0,0.0,0.0,0.0,0.0,0.0,0.0,0.0,0.0,0.0,0.0,0.0,0.0,0.0,0.0,0.0025407576084823,0.0004625361636838,0.0193184102974308,SPY
2006-08-17,0.17422122781799373,1.1053148115221594,0.7590967506919348,-0.5880844911237273,-0.7124986783574755,-0.7211210230865233,0.6357722665806936,0.5490040018225275,-0.4240196352524011,0.7001950393128141,0.0,0.0,0.0,0.0,0.0,0.0,0.0,0.0,0.0,0.0,0.0,0.0,0.0,0.0,0.0,0.0,0.0,0.0,0.0,0.0,0.0,0.0,0.0,0.0,0.0,0.0,0.0,0.0,0.0050632368259844,-0.0029262411045092,0.019122350123216,SPY
2006-08-18,0.36681493912349855,0.579505806333378,0.7390086110801517,-0.6339173184654558,-0.7072249008065257,-0.7139593169545172,0.727621254946951,0.8068777757195558,-0.7403068449050031,1.414274966090755,0.0,0.0,0.0,0.0,0.0,0.0,0.0,0.0,0.0,0.0,0.0,0.0,0.0,0.0,0.0,0.0,0.0,0.0,0.0,0.0,0.0,0.0,0.0,0.0,0.0,0.0,0.0,0.0,-0.0042943329251814,-0.006756385900287,0.0154222407350248,SPY
2006-08-21,-0.34764450009511194,0.3983039520915743,1.0403720153590605,-0.7703512612266877,-0.7025018668763308,-0.7097940759256095,0.5072179193451777,0.8459107626009411,-1.148546544543524,-1.4420447410210082,0.0,0.0,0.0,0.0,0.0,0.0,0.0,0.0,0.0,0.0,0.0,0.0,0.0,0.0,0.0,0.0,0.0,0.0,0.0,0.0,0.0,0.0,0.0,0.0,0.0,0.0,0.0,0.0,-7.672902567179563e-05,0.0023032548026975,0.017216057979609,SPY
2006-08-22,-0.025626391011346006,0.013764556569342114,0.8463650436362629,-0.7719007893889108,-0.6967620719212555,-0.7061176075956263,0.4534343938306078,0.5955699284236247,-0.6434294076973048,-0.7279648142430675,0.0,0.0,0.0,0.0,0.0,0.0,0.0,0.0,0.0,0.0,0.0,0.0,0.0,0.0,0.0,0.0,0.0,0.0,0.0,0.0,0.0,0.0,0.0,0.0,0.0,0.0,0.0,0.0,-0.0027703963199297,0.0035289954244905,0.0225894284933128,SPY
2006-08-23,-0.23129047641741537,-0.2754078182318563,0.3896221106586204,-0.7606474932067125,-0.6908739944807475,-0.7030042567481064,0.306361067411447,0.2727238158090408,-0.4854116186031407,-0.013884887465126573,0.0,0.0,0.0,0.0,0.0,0.0,0.0,0.0,0.0,0.0,0.0,0.0,0.0,0.0,0.0,0.0,0.0,0.0,0.0,0.0,0.0,0.0,0.0,0.0,0.0,0.0,0.0,0.0,-0.0008480196597107,0.0069117368177264,0.0205184759148391,SPY
2006-08-24,-0.0845151718084487,-0.18967176863433757,-0.03241125310880899,-0.7609257506021766,-0.6860449715354483,-0.6998802968627102,0.231677876726188,0.33392568788065025,-0.7001780427531692,0.7001950393128141,0.0,0.0,0.0,0.0,0.0,0.0,0.0,0.0,0.0,0.0,0.0,0.0,0.0,0.0,0.0,0.0,0.0,0.0,0.0,0.0,0.0,0.0,0.0,0.0,0.0,0.0,0.0,0.0,0.0012330920302066,0.0076067473051448,0.0183283124432849,SPY
2006-08-25,0.07437970479606368,-0.23306426398235977,-0.1617869372649841,-0.8202161031485904,-0.6801146470499354,-0.6979358267503755,0.2512047223198518,0.5667037024595591,-1.1059153541299431,1.414274966090755,0.0,0.0,0.0,0.0,0.0,0.0,0.0,0.0,0.0,0.0,0.0,0.0,0.0,0.0,0.0,0.0,0.0,0.0,0.0,0.0,0.0,0.0,0.0,0.0,0.0,0.0,0.0,0.0,0.0047653077778031,0.0123264013234312,0.0247485197898713,SPY
2006-08-28,0.34406777010944684,-0.007829648206691487,-0.30801301356158217,-0.8112987233148264,-0.6730829281735611,-0.6951943395663869,0.392434411021553,1.0658285635360547,-0.7953913655555915,-1.4420447410210082,0.0,0.0,0.0,0.0,0.0,0.0,0.0,0.0,0.0,0.0,0.0,0.0,0.0,0.0,0.0,0.0,0.0,0.0,0.0,0.0,0.0,0.0,0.0,0.0,0.0,0.0,0.0,0.0,0.0011490115961212,0.0094616123882032,0.0282518767392021,SPY
2006-08-29,0.06796008288745567,0.307973855647253,0.03786313036768502,-0.8398140884677086,-0.6689528616964644,-0.6916241130064895,0.3865996569637121,1.4091356089427773,-0.5434590285999721,-0.7279648142430675,0.0,0.0,0.0,0.0,0.0,0.0,0.0,0.0,0.0,0.0,0.0,0.0,0.0,0.0,0.0,0.0,0.0,0.0,0.0,0.0,0.0,0.0,0.0,0.0,0.0,0.0,0.0,0.0,0.0006123450733062,-0.0005363826255173,0.0283000113368947,SPY
2006-08-30,0.02698507835809718,0.3032435248434098,0.08465907444784743,-0.864711601294693,-0.6669196414113102,-0.688882730631876,0.3720173596466443,1.3398709573194714,-0.8244944949854108,-0.013884887465126573,0.0,0.0,0.0,0.0,0.0,0.0,0.0,0.0,0.0,0.0,0.0,0.0,0.0,0.0,0.0,0.0,0.0,0.0,0.0,0.0,0.0,0.0,0.0,0.0,0.0,0.0,0.0,0.0,-0.0001530091722923,-0.0057566268052839,0.0273134263371561,SPY
2006-08-31,-0.031450453479190205,0.06959954307780361,0.21380432284792097,-0.8661995097045989,-0.6656276014267002,-0.6865238326041564,0.3339671072265331,1.6231000650436467,-1.1160840360411997,0.7001950393128141,0.0,0.0,0.0,0.0,0.0,0.0,0.0,0.0,0.0,0.0,0.0,0.0,0.0,0.0,0.0,0.0,0.0,0.0,0.0,0.0,0.0,0.0,0.0,0.0,0.0,0.0,0.0,0.0,0.0059527460484929,-0.0027596062127512,0.026643529242067,SPY
2006-09-01,0.434729822708954,-0.0036516123790619856,0.24033821699004587,-0.8528121053957043,-0.6640815220681735,-0.6831024004207131,0.5111076815259005,1.7443409327727084,-0.851600297753272,1.414274966090755,0.0,0.0,0.0,0.0,0.0,0.0,0.0,0.0,0.0,0.0,0.0,0.0,0.0,0.0,0.0,0.0,0.0,0.0,0.0,0.0,0.0,0.0,0.0,0.0,0.0,0.0,0.0,0.0,0.0019005188425751,-0.0077147086436388,0.0169407653464546,SPY
2006-09-05,0.12533838303886874,0.2967971604251054,0.4205236996204341,-0.8636363236529407,-0.6608198180672136,-0.6790965628061362,0.5278515348913103,1.4920029328467899,-0.722980289546157,-0.7279648142430675,0.0,0.0,0.0,0.0,0.0,0.0,0.0,0.0,0.0,0.0,0.0,0.0,0.0,0.0,0.0,0.0,0.0,0.0,0.0,0.0,0.0,0.0,0.0,0.0,0.0,0.0,0.0,0.0,-0.0088489834175993,0.0001518955717125,0.0171419265691188,SPY
2006-09-06,-0.6953964403084618,0.4123278059426562,0.3111526790057342,-0.8037297972594744,-0.6599938419120537,-0.6758026021140187,0.1506387649347741,0.13969805378229472,-0.6586119794997363,-0.013884887465126573,0.0,0.0,0.0,0.0,0.0,0.0,0.0,0.0,0.0,0.0,0.0,0.0,0.0,0.0,0.0,0.0,0.0,0.0,0.0,0.0,0.0,0.0,0.0,0.0,0.0,0.0,0.0,0.0,-0.0046078991064604,0.0130173545910752,0.0376204737498744,SPY
2006-09-07,-0.37158557924192837,-0.4204114348240171,-0.0705476638379399,-0.7944030755688495,-0.6596761998440096,-0.6726892745574715,-0.06310911761749409,-0.4076600254380906,0.4028225544394527,0.7001950393128141,0.0,0.0,0.0,0.0,0.0,0.0,0.0,0.0,0.0,0.0,0.0,0.0,0.0,0.0,0.0,0.0,0.0,0.0,0.0,0.0,0.0,0.0,0.0,0.0,0.0,0.0,0.0,0.0,0.0028440114202403,0.0177007641213045,0.0441535521371712,SPY
2006-09-08,0.1973749476460008,-0.7865723644564525,-0.26984452189899644,-0.7949958962539121,-0.6583419592397196,-0.6695972465950812,0.0009773959022787112,-0.5838710697766744,-1.014546713273092,1.414274966090755,0.0,0.0,0.0,0.0,0.0,0.0,0.0,0.0,0.0,0.0,0.0,0.0,0.0,0.0,0.0,0.0,0.0,0.0,0.0,0.0,0.0,0.0,0.0,0.0,0.0,0.0,0.0,0.0,0.0009976436176053,0.0172014501353316,0.0400516896345664,SPY
2006-09-11,0.05640299232634587,-0.12872926133412196,-0.1554252022144604,-0.8070958116643495,-0.6570711124155986,-0.6659845140107601,-0.010550675428568688,-0.15864872748608938,-0.108015809931591,-1.4420447410210082,0.0,0.0,0.0,0.0,0.0,0.0,0.0,0.0,0.0,0.0,0.0,0.0,0.0,0.0,0.0,0.0,0.0,0.0,0.0,0.0,0.0,0.0,0.0,0.0,0.0,0.0,0.0,0.0,0.0097671230579265,0.0175669339555195,0.0396462965693382,SPY
2006-09-12,0.7259611714027507,0.18663627772785074,-0.34459956108338896,-0.7590417653741866,-0.654402584781695,-0.6611180283882415,0.2885798813318195,0.4642502809016158,-0.0375587361727998,-0.7279648142430675,0.0,0.0,0.0,0.0,0.0,0.0,0.0,0.0,0.0,0.0,0.0,0.0,0.0,0.0,0.0,0.0,0.0,0.0,0.0,0.0,0.0,0.0,0.0,0.0,0.0,0.0,0.0,0.0,0.0040164756017633,0.0052992952169956,0.0312104158428132,SPY
2006-09-13,0.28689371415377596,0.576127704531493,-0.04427079297594119,-0.832505292548433,-0.6509291348771455,-0.6573034445925976,0.3877214679821105,0.8858589531542389,-0.2975707525866763,-0.013884887465126573,0.0,0.0,0.0,0.0,0.0,0.0,0.0,0.0,0.0,0.0,0.0,0.0,0.0,0.0,0.0,0.0,0.0,0.0,0.0,0.0,0.0,0.0,0.0,0.0,0.0,0.0,0.0,0.0,7.55104237688542e-05,0.0065794611032643,0.0260105846141645,SPY
2006-09-14,-0.014002762808011911,0.7459659562201717,0.446902698488381,-0.8722787798414936,-0.647603944245369,-0.6546152005712561,0.3541506941708557,0.9665916411949904,-0.4970498987806666,0.7001950393128141,0.0,0.0,0.0,0.0,0.0,0.0,0.0,0.0,0.0,0.0,0.0,0.0,0.0,0.0,0.0,0.0,0.0,0.0,0.0,0.0,0.0,0.0,0.0,0.0,0.0,0.0,0.0,0.0,0.0023446974342675,0.0016626017810921,0.0345573711274607,SPY
2006-09-15,0.15925184518473504,0.20071979662365852,0.6257044503308858,-0.872763974257941,-0.6435789847022172,-0.6519477320971955,0.4061923768527653,1.0097109002901499,0.2634501784515339,1.414274966090755,0.0,0.0,0.0,0.0,0.0,0.0,0.0,0.0,0.0,0.0,0.0,0.0,0.0,0.0,0.0,0.0,0.0,0.0,0.0,0.0,0.0,0.0,0.0,0.0,0.0,0.0,0.0,0.0,0.0013631274377932,-0.0037202787844403,0.0347779120568505,SPY
2006-09-18,0.08430803307502857,0.10666624125231981,0.6066417963316643,-0.8874902136445457,-0.6408231078208666,-0.6497894974412124,0.4282734300779748,0.87758704443556,-0.2351680048741878,-1.4420447410210082,0.0,0.0,0.0,0.0,0.0,0.0,0.0,0.0,0.0,0.0,0.0,0.0,0.0,0.0,0.0,0.0,0.0,0.0,0.0,0.0,0.0,0.0,0.0,0.0,0.0,0.0,0.0,0.0,-0.0025005156805972,0.0025698931545594,0.0349499456433894,SPY
2006-09-19,-0.21068483036177837,0.17910704738333053,0.6205951239016511,-0.900634937657304,-0.6392987555140569,-0.647388396171709,0.3018820981850838,0.5927943307578448,0.8613079487391656,-0.7279648142430675,0.0,0.0,0.0,0.0,0.0,0.0,0.0,0.0,0.0,0.0,0.0,0.0,0.0,0.0,0.0,0.0,0.0,0.0,0.0,0.0,0.0,0.0,0.0,0.0,0.0,0.0,0.0,0.0,0.0052966414880319,0.0133390735622906,0.0343037885063086,SPY
2006-09-20,0.3846356092752429,-0.09348265910117869,0.15224502911255455,-0.8855718141309636,-0.6338284131405263,-0.644229616282744,0.4583596522757497,0.7965849974926285,0.1619216382429474,-0.013884887465126573,0.0,0.0,0.0,0.0,0.0,0.0,0.0,0.0,0.0,0.0,0.0,0.0,0.0,0.0,0.0,0.0,0.0,0.0,0.0,0.0,0.0,0.0,0.0,0.0,0.0,0.0,0.0,0.0,-0.0048413488984033,0.0092395782680725,0.030325595577878,SPY
2006-09-21,-0.3894096951045374,0.12781523120579943,0.20111880400591728,-0.8685379890728593,-0.628448716212458,-0.641371336518223,0.2380111028476352,0.4332373397811806,0.7061059032151169,0.7001950393128141,0.0,0.0,0.0,0.0,0.0,0.0,0.0,0.0,0.0,0.0,0.0,0.0,0.0,0.0,0.0,0.0,0.0,0.0,0.0,0.0,0.0,0.0,0.0,0.0,0.0,0.0,0.0,0.0,-0.0030381831312649,0.0137066872400435,0.0367759358881416,SPY
2006-09-22,-0.25173625669416416,-0.0038790874224890856,0.01340447864251092,-0.8580557353713191,-0.6247036549487907,-0.6388231178222703,0.09032732493475762,-0.056960342790514394,-0.2301677435889079,1.414274966090755,0.0,0.0,0.0,0.0,0.0,0.0,0.0,0.0,0.0,0.0,0.0,0.0,0.0,0.0,0.0,0.0,0.0,0.0,0.0,0.0,0.0,0.0,0.0,0.0,0.0,0.0,0.0,0.0,0.007653299376793,0.0159219641039269,0.040033351865623,SPY
2006-09-25,0.5645687028463172,-0.4727929086956368,-0.19210146075139972,-0.8239399328936922,-0.6190853550670963,-0.635366923862689,0.3304388903810152,0.22495927091943882,0.871170854845082,-1.4420447410210082,0.0,0.0,0.0,0.0,0.0,0.0,0.0,0.0,0.0,0.0,0.0,0.0,0.0,0.0,0.0,0.0,0.0,0.0,0.0,0.0,0.0,0.0,0.0,0.0,0.0,0.0,0.0,0.0,0.0082686647271339,0.0045186468800144,0.0369739063482121,SPY
2006-09-26,0.6115524384539893,0.23015088866053973,0.04804276640283913,-0.7966829986313131,-0.6138380399509293,-0.6313956500509857,0.5884560266591246,1.1545827331284668,0.0968688065520725,-0.7279648142430675,0.0,0.0,0.0,0.0,0.0,0.0,0.0,0.0,0.0,0.0,0.0,0.0,0.0,0.0,0.0,0.0,0.0,0.0,0.0,0.0,0.0,0.0,0.0,0.0,0.0,0.0,0.0,0.0,0.0011971461938138,-0.0016483377818801,0.031683428005004,SPY
2006-09-27,0.07163520565853457,0.8662695207863834,0.459185185271352,-0.7966999795666061,-0.609372852271234,-0.6274129403718898,0.5799715808615283,1.5760611428412792,0.4278273146736811,-0.013884887465126573,0.0,0.0,0.0,0.0,0.0,0.0,0.0,0.0,0.0,0.0,0.0,0.0,0.0,0.0,0.0,0.0,0.0,0.0,0.0,0.0,0.0,0.0,0.0,0.0,0.0,0.0,0.0,0.0,-0.0003742399264323,0.0087840797874623,0.0338895089781496,SPY
2006-09-28,-0.0483416340681548,0.5030489854980251,0.3026759294513909,-0.7948645639392506,-0.6050352645950499,-0.6235686256501217,0.5140985335781928,1.4747253355876841,-0.5999713238116998,0.7001950393128141,0.0,0.0,0.0,0.0,0.0,0.0,0.0,0.0,0.0,0.0,0.0,0.0,0.0,0.0,0.0,0.0,0.0,0.0,0.0,0.0,0.0,0.0,0.0,0.0,0.0,0.0,0.0,0.0,-0.0008229062673814,0.011083498994731,0.0373665225273125,SPY
2006-09-29,-0.0825977401806232,0.016802707607516513,0.4732198258807685,-0.7930691006551513,-0.6015890431431334,-0.6198204327709806,0.4328047836846938,1.3704496678491331,-1.0576206675076942,1.414274966090755,0.0,0.0,0.0,0.0,0.0,0.0,0.0,0.0,0.0,0.0,0.0,0.0,0.0,0.0,0.0,0.0,0.0,0.0,0.0,0.0,0.0,0.0,0.0,0.0,0.0,0.0,0.0,0.0,-0.0037500178471194,0.010648554179748,0.0319004057121476,SPY
2006-10-02,-0.3060855210255771,-0.09684461696344539,0.5577939767257682,-0.7932353273249615,-0.5995893651547002,-0.6174346336702703,0.260096179477428,0.6746969142908701,-0.8694356989483364,-1.4420447410210082,0.0,0.0,0.0,0.0,0.0,0.0,0.0,0.0,0.0,0.0,0.0,0.0,0.0,0.0,0.0,0.0,0.0,0.0,0.0,0.0,0.0,0.0,0.0,0.0,0.0,0.0,0.0,0.0,0.0021016800652393,0.0149908225792447,0.0349253977756376,SPY
2006-10-03,0.14069723562121675,-0.2867645009276579,0.12244167979530134,-0.7928985557499042,-0.5962920529300927,-0.6150156682250221,0.3066762306109024,0.584909533070333,0.043748243148023,-0.7279648142430675,0.0,0.0,0.0,0.0,0.0,0.0,0.0,0.0,0.0,0.0,0.0,0.0,0.0,0.0,0.0,0.0,0.0,0.0,0.0,0.0,0.0,0.0,0.0,0.0,0.0,0.0,0.0,0.0,0.0116295637631562,0.0142203848454069,0.0326784118783853,SPY
2006-10-04,0.8681603082748589,-0.12222847101559209,-0.11299954182227681,-0.7922656000141618,-0.591165327593486,-0.609699259245354,0.6740240157482508,1.046955457043747,0.3736134587549199,-0.013884887465126573,0.0,0.0,0.0,0.0,0.0,0.0,0.0,0.0,0.0,0.0,0.0,0.0,0.0,0.0,0.0,0.0,0.0,0.0,0.0,0.0,0.0,0.0,0.0,0.0,0.0,0.0,0.0,0.0,0.0019251792808363,0.0014074654553652,0.0142765560795323,SPY
2006-10-05,0.12722123118849515,0.7430204948426782,0.2852860501830888,-0.8253286051952127,-0.5841240915256545,-0.6034678411284262,0.6633739408560659,1.0353491741150376,-0.4882909399154547,0.7001950393128141,0.0,0.0,0.0,0.0,0.0,0.0,0.0,0.0,0.0,0.0,0.0,0.0,0.0,0.0,0.0,0.0,0.0,0.0,0.0,0.0,0.0,0.0,0.0,0.0,0.0,0.0,0.0,0.0,-0.0012578510823644,0.008104583111594,0.0117667878385949,SPY
2006-10-06,-0.11580619460492309,0.7330906329616611,0.37307256123368615,-0.8171157873692207,-0.5765933468396616,-0.5978109181339256,0.5402300145487579,0.8875733464173695,-0.2735625607592688,1.414274966090755,0.0,0.0,0.0,0.0,0.0,0.0,0.0,0.0,0.0,0.0,0.0,0.0,0.0,0.0,0.0,0.0,0.0,0.0,0.0,0.0,0.0,0.0,0.0,0.0,0.0,0.0,0.0,0.0,0.0005922505523772,0.0119276725576158,0.0112683392752011,SPY
2006-10-09,0.02545084238272428,0.008049949135580515,0.35646737341660306,-0.8163805016957402,-0.5710411101942766,-0.5922068074190845,0.4880215776439652,1.1129144266764166,-1.2779996786163308,-1.4420447410210082,0.0,0.0,0.0,0.0,0.0,0.0,0.0,0.0,0.0,0.0,0.0,0.0,0.0,0.0,0.0,0.0,0.0,0.0,0.0,0.0,0.0,0.0,0.0,0.0,0.0,0.0,0.0,0.0,0.0013312423314015,0.0128705830295707,0.0218918089755417,SPY
2006-10-10,0.08187357457374927,-0.06694007550146419,0.5222451453131272,-0.8667359068513305,-0.5674460259403743,-0.5877706923824818,0.4793419230306699,0.9803642802464456,-0.5883743787790292,-0.7279648142430675,0.0,0.0,0.0,0.0,0.0,0.0,0.0,0.0,0.0,0.0,0.0,0.0,0.0,0.0,0.0,0.0,0.0,0.0,0.0,0.0,0.0,0.0,0.0,0.0,0.0,0.0,0.0,0.0,-0.0011833556268854,0.008392667880491,0.0243916290360486,SPY
2006-10-11,-0.11011839502007569,0.07872126012775932,0.4928316132257413,-0.866615916983465,-0.5645316530022721,-0.5840684642371482,0.3858070764326359,1.3336035713809902,1.5783203704230655,-0.013884887465126573,0.0,0.0,0.0,0.0,0.0,0.0,0.0,0.0,0.0,0.0,0.0,0.0,0.0,0.0,0.0,0.0,0.0,0.0,0.0,0.0,0.0,0.0,0.0,0.0,0.0,0.0,0.0,0.0,0.008622296937065,0.0108944720669779,0.0277373698940834,SPY
2006-10-12,0.6385525973751167,-0.021173616684235886,0.0036639633823825177,-0.8279485946020173,-0.559021895528512,-0.5791281811689398,0.6456943234202146,1.8628729968769446,-0.4559637134964422,0.7001950393128141,0.0,0.0,0.0,0.0,0.0,0.0,0.0,0.0,0.0,0.0,0.0,0.0,0.0,0.0,0.0,0.0,0.0,0.0,0.0,0.0,0.0,0.0,0.0,0.0,0.0,0.0,0.0,0.0,0.0025652383636574,0.003881166541773,0.0138450760372066,SPY
2006-10-13,0.17609035699139594,0.3890181308826494,0.25934443751133457,-0.8277030162550844,-0.5525335618590098,-0.57414414600929,0.676715904627936,1.7652441108504098,-0.7053374614033832,1.414274966090755,0.0,0.0,0.0,0.0,0.0,0.0,0.0,0.0,0.0,0.0,0.0,0.0,0.0,0.0,0.0,0.0,0.0,0.0,0.0,0.0,0.0,0.0,0.0,0.0,0.0,0.0,0.0,0.0,0.0015351610243321,0.0015351610243321,0.0117145410636281,SPY
2006-10-16,0.09744296265971446,0.5999124943270098,0.4053011568601594,-0.8277810690903776,-0.5445350588192357,-0.5691281905721214,0.6684151576573687,1.5946347012510829,-1.298061276599947,-1.4420447410210082,0.0,0.0,0.0,0.0,0.0,0.0,0.0,0.0,0.0,0.0,0.0,0.0,0.0,0.0,0.0,0.0,0.0,0.0,0.0,0.0,0.0,0.0,0.0,0.0,0.0,0.0,0.0,0.0,-0.0031466728176781,0.0045938538593821,0.0126357766691018,SPY
2006-10-17,-0.2600195484650987,0.20119312895155442,0.441299299479971,-0.8232569688695806,-0.538046725149733,-0.5642188612060814,0.4847360010595985,1.1669021210793094,1.3229284503326006,-0.7279648142430675,0.0,0.0,0.0,0.0,0.0,0.0,0.0,0.0,0.0,0.0,0.0,0.0,0.0,0.0,0.0,0.0,0.0,0.0,0.0,0.0,0.0,0.0,0.0,0.0,0.0,0.0,0.0,0.0,0.0013184485596013,0.010718713060986,0.0232588297966138,SPY
2006-10-18,0.08089675780733158,-0.12015665597514678,0.27034284818318643,-0.8336541598750229,-0.5344940736421323,-0.5598645324186635,0.4772226521556669,1.2590119203685415,1.1481130740438772,-0.013884887465126573,0.0,0.0,0.0,0.0,0.0,0.0,0.0,0.0,0.0,0.0,0.0,0.0,0.0,0.0,0.0,0.0,0.0,0.0,0.0,0.0,0.0,0.0,0.0,0.0,0.0,0.0,0.0,0.0,0.0016089914118602,0.0128034916683441,0.0248018611531017,SPY
2006-10-19,0.10307998366765796,-0.13234881053100536,0.36585595000003085,-0.8677680076052665,-0.5310266126044041,-0.5545924578047423,0.4687206945096134,1.4068619530659592,-0.0910925705989598,0.7001950393128141,0.0,0.0,0.0,0.0,0.0,0.0,0.0,0.0,0.0,0.0,0.0,0.0,0.0,0.0,0.0,0.0,0.0,0.0,0.0,0.0,0.0,0.0,0.0,0.0,0.0,0.0,0.0,0.0,0.0002192328462164,0.0142972738792144,0.02576041111588,SPY
2006-10-20,-0.0030294177969078136,0.13520291232131854,0.09810415378844484,-0.8860304280422997,-0.5271338491718558,-0.5488614345819107,0.4020368719443614,1.8745387122337125,-0.9519741302267596,1.414274966090755,0.0,0.0,0.0,0.0,0.0,0.0,0.0,0.0,0.0,0.0,0.0,0.0,0.0,0.0,0.0,0.0,0.0,0.0,0.0,0.0,0.0,0.0,0.0,0.0,0.0,0.0,0.0,0.0,0.0045938538593821,0.0077890179504516,0.0258257864779229,SPY
2006-10-23,0.33097709874238174,0.07336148624338272,0.008539085083022918,-0.9085078851258045,-0.5220708890180105,-0.5435359304775644,0.5055339518164259,1.930199298034711,0.0820073438525578,-1.4420447410210082,0.0,0.0,0.0,0.0,0.0,0.0,0.0,0.0,0.0,0.0,0.0,0.0,0.0,0.0,0.0,0.0,0.0,0.0,0.0,0.0,0.0,0.0,0.0,0.0,0.0,0.0,0.0,0.0,0.0029781863839257,0.0024701383074399,0.0218015274571845,SPY
2006-10-24,0.207619335009494,0.24128862570613252,0.12531290845359666,-0.9469367226701717,-0.5165185130966526,-0.5389467704620644,0.5580008617100722,1.7147202604330332,-0.6605094507566077,-0.7279648142430675,0.0,0.0,0.0,0.0,0.0,0.0,0.0,0.0,0.0,0.0,0.0,0.0,0.0,0.0,0.0,0.0,0.0,0.0,0.0,0.0,0.0,0.0,0.0,0.0,0.0,0.0,0.0,0.0,0.0034032271669595,-0.0006533539084987,0.0198196623744495,SPY
2006-10-25,0.2400716070808333,0.3965062223772291,0.35914587735517495,-0.9441235072677603,-0.5096259077041858,-0.5340267388942584,0.6223939074659265,1.7619660090514548,0.7388156863274861,-0.013884887465126573,0.0,0.0,0.0,0.0,0.0,0.0,0.0,0.0,0.0,0.0,0.0,0.0,0.0,0.0,0.0,0.0,0.0,0.0,0.0,0.0,0.0,0.0,0.0,0.0,0.0,0.0,0.0,0.0,0.0031027736227304,-0.0108288731111549,0.018405253019865,SPY
2006-10-26,0.21713169036854552,0.3295220520371411,0.4387379063659618,-0.9469221348012669,-0.5043076314800089,-0.528594457327463,0.6689337033276217,2.0284130343786986,0.0995081008480537,0.7001950393128141,0.0,0.0,0.0,0.0,0.0,0.0,0.0,0.0,0.0,0.0,0.0,0.0,0.0,0.0,0.0,0.0,0.0,0.0,0.0,0.0,0.0,0.0,0.0,0.0,0.0,0.0,0.0,0.0,-0.0062890230825463,-0.0145162356939865,0.0112496667839048,SPY
2006-10-27,-0.4999410096742429,0.336531279093284,0.4957670588350826,-0.8939761336708881,-0.5015848558548,-0.5239733653889589,0.3716039815604012,1.1876947697723497,0.83527628475441,1.414274966090755,0.0,0.0,0.0,0.0,0.0,0.0,0.0,0.0,0.0,0.0,0.0,0.0,0.0,0.0,0.0,0.0,0.0,0.0,0.0,0.0,0.0,0.0,0.0,0.0,0.0,0.0,0.0,0.0,-0.0007250257836295,-0.0099835122571985,0.0036912111686806,SPY
2006-10-30,-0.0751244712238926,-0.20875075248169808,0.24729688897462548,-0.9149554414989202,-0.4995212501949694,-0.5189253382829511,0.2792590807065154,1.0554996816497264,-0.8569253865195162,-1.4420447410210082,0.0,0.0,0.0,0.0,0.0,0.0,0.0,0.0,0.0,0.0,0.0,0.0,0.0,0.0,0.0,0.0,0.0,0.0,0.0,0.0,0.0,0.0,0.0,0.0,0.0,0.0,0.0,0.0,-0.0001453058320128,0.0019572337791489,0.0087416323618869,SPY
2006-10-31,-0.030862296049157006,-0.424101180197691,0.04423435688737342,-0.9120656089072787,-0.4965856840963781,-0.5141974921729701,0.2130489194123843,1.1697292173845477,0.3653059243185387,-0.7279648142430675,0.0,0.0,0.0,0.0,0.0,0.0,0.0,0.0,0.0,0.0,0.0,0.0,0.0,0.0,0.0,0.0,0.0,0.0,0.0,0.0,0.0,0.0,0.0,0.0,0.0,0.0,0.0,0.0,-0.0067722920356967,0.0059336020030702,0.0192632514564881,SPY
2006-11-01,-0.5368390584669419,-0.07845816257503238,-0.0750133570849952,-0.9555354253682159,-0.4960113564109394,-0.5121270411915356,-0.06591892961876399,0.0015219020840333097,1.0711601189860258,-0.013884887465126573,0.0,0.0,0.0,0.0,0.0,0.0,0.0,0.0,0.0,0.0,0.0,0.0,0.0,0.0,0.0,0.0,0.0,0.0,0.0,0.0,0.0,0.0,0.0,0.0,0.0,0.0,0.0,0.0,-0.000584588960101,0.0148682792699164,0.0264622296993826,SPY
2006-11-02,-0.0644019848463463,-0.4186748865055975,-0.46349116317873224,-0.9556304980461882,-0.4960750751683778,-0.5104194286218712,-0.10933467481531259,-0.2469875455063691,-0.2309539319537708,0.7001950393128141,0.0,0.0,0.0,0.0,0.0,0.0,0.0,0.0,0.0,0.0,0.0,0.0,0.0,0.0,0.0,0.0,0.0,0.0,0.0,0.0,0.0,0.0,0.0,0.0,0.0,0.0,0.0,0.0,-0.0017562996457582,0.0101828713102056,0.0248390399204083,SPY
2006-11-03,-0.1538632212209726,-0.4433887754740244,-0.6042661445749277,-0.9535876277797137,-0.4967131912492404,-0.5087866150097063,-0.1951372489128866,-0.5251527100910804,0.4007020665906664,1.414274966090755,0.0,0.0,0.0,0.0,0.0,0.0,0.0,0.0,0.0,0.0,0.0,0.0,0.0,0.0,0.0,0.0,0.0,0.0,0.0,0.0,0.0,0.0,0.0,0.0,0.0,0.0,0.0,0.0,0.0112157202527178,0.0123738743460428,0.0341971563256562,SPY
2006-11-06,0.8365629587220816,-0.16119109688130007,-0.43121723952314284,-0.8576930806863462,-0.4954155802257291,-0.5055956004150969,0.1815397014865996,0.5043256692977747,-0.0941813642652432,-1.4420447410210082,0.0,0.0,0.0,0.0,0.0,0.0,0.0,0.0,0.0,0.0,0.0,0.0,0.0,0.0,0.0,0.0,0.0,0.0,0.0,0.0,0.0,0.0,0.0,0.0,0.0,0.0,0.0,0.0,0.0038310623919084,0.0036145507231308,0.0272891338562573,SPY
2006-11-07,0.27273723747668244,0.5026894690488841,0.024652847392111623,-0.8519351420175022,-0.4938627227698727,-0.5020309986250059,0.2793879964089743,0.6263152846864861,-0.098895861837643,-0.7279648142430675,0.0,0.0,0.0,0.0,0.0,0.0,0.0,0.0,0.0,0.0,0.0,0.0,0.0,0.0,0.0,0.0,0.0,0.0,0.0,0.0,0.0,0.0,0.0,0.0,0.0,0.0,0.0,0.0,0.0021623852311494,0.0072598686410563,0.0226123765014811,SPY
2006-11-08,0.14533213335076875,0.8170321701362053,0.17646139623221035,-0.8563332288507303,-0.4926714721640587,-0.4979754347845966,0.308593057564049,0.6524066699213078,1.31395931469592,-0.013884887465126573,0.0,0.0,0.0,0.0,0.0,0.0,0.0,0.0,0.0,0.0,0.0,0.0,0.0,0.0,0.0,0.0,0.0,0.0,0.0,0.0,0.0,0.0,0.0,0.0,0.0,0.0,0.0,0.0,-0.0052699969198117,0.0079589633259962,0.0160669856909985,SPY
2006-11-09,-0.4221373832908273,0.3076952477490051,0.5175667249778879,-0.8708650131582092,-0.4939480293030542,-0.4959477576737674,0.08559231629472912,0.23228367775331663,1.7294357881009177,0.7001950393128141,0.0,0.0,0.0,0.0,0.0,0.0,0.0,0.0,0.0,0.0,0.0,0.0,0.0,0.0,0.0,0.0,0.0,0.0,0.0,0.0,0.0,0.0,0.0,0.0,0.0,0.0,0.0,0.0,0.0004347033900788,0.0157965016204464,0.0231777548692182,SPY
2006-11-10,0.013421965204205183,-0.20432662366648346,0.33868867771643235,-0.8739280042868446,-0.4932459159128083,-0.494229536066227,0.07997738706529081,0.016757316864498908,-0.927226582553306,1.414274966090755,0.0,0.0,0.0,0.0,0.0,0.0,0.0,0.0,0.0,0.0,0.0,0.0,0.0,0.0,0.0,0.0,0.0,0.0,0.0,0.0,0.0,0.0,0.0,0.0,0.0,0.0,0.0,0.0,0.0024563966298059,0.015646406438627,0.0256379433726285,SPY
2006-11-13,0.16778018606037665,-0.3015252968293203,0.4223361099068772,-0.8717925588599784,-0.4916079144124047,-0.4923724886183703,0.1480695176179563,-0.01227576473830609,-0.3377928317175993,-1.4420447410210082,0.0,0.0,0.0,0.0,0.0,0.0,0.0,0.0,0.0,0.0,0.0,0.0,0.0,0.0,0.0,0.0,0.0,0.0,0.0,0.0,0.0,0.0,0.0,0.0,0.0,0.0,0.0,0.0,0.0074763803098338,0.0137596046474648,0.0224057338398244,SPY
2006-11-14,0.5510607621386348,0.13315844152113473,0.08792537801954153,-0.8497799398413737,-0.48771501170388354,-0.488946735959568,0.3846065660405255,0.2076158332253157,1.7048087602926347,-0.7279648142430675,0.0,0.0,0.0,0.0,0.0,0.0,0.0,0.0,0.0,0.0,0.0,0.0,0.0,0.0,0.0,0.0,0.0,0.0,0.0,0.0,0.0,0.0,0.0,0.0,0.0,0.0,0.0,0.0,0.0028614799160893,0.0072795456388217,0.0159867884375826,SPY
2006-11-15,0.19870868408400222,0.5293203025600088,0.22709519128078767,-0.8475865709061383,-0.4809926015498628,-0.4852860589087954,0.4454862931091045,0.19696738974173522,0.5579397550748885,-0.013884887465126573,0.0,0.0,0.0,0.0,0.0,0.0,0.0,0.0,0.0,0.0,0.0,0.0,0.0,0.0,0.0,0.0,0.0,0.0,0.0,0.0,0.0,0.0,0.0,0.0,0.0,0.0,0.0,0.0,0.0025675413746384,0.0064068835351074,0.0218974561474185,SPY
2006-11-16,0.17626619409202723,0.552110122428001,0.25378501064512543,-0.8463263783251199,-0.4733342800730219,-0.4814759469798304,0.4935269814160918,0.8114716092215041,0.5587525400968287,0.7001950393128141,0.0,0.0,0.0,0.0,0.0,0.0,0.0,0.0,0.0,0.0,0.0,0.0,0.0,0.0,0.0,0.0,0.0,0.0,0.0,0.0,0.0,0.0,0.0,0.0,0.0,0.0,0.0,0.0,0.0002846082082594,-0.0002134704527607,0.019421630057951,SPY
2006-11-17,0.0019620538934993852,0.2759408533365136,0.5530041090680223,-0.8464344831473145,-0.46508036811226783,-0.4776552027220165,0.4554647299327567,0.8877412439414148,-0.5731787898731647,1.414274966090755,0.0,0.0,0.0,0.0,0.0,0.0,0.0,0.0,0.0,0.0,0.0,0.0,0.0,0.0,0.0,0.0,0.0,0.0,0.0,0.0,0.0,0.0,0.0,0.0,0.0,0.0,0.0,0.0,0.0005695948386437,-0.0143455573587907,0.0163931350401629,SPY
2006-11-20,0.023721056876490978,0.13096710588037594,0.5472738219173461,-0.8554264880093979,-0.45993233355186103,-0.4744215074206914,0.4357033877211042,0.9233335396638293,0.1168268136929181,-1.4420447410210082,0.0,0.0,0.0,0.0,0.0,0.0,0.0,0.0,0.0,0.0,0.0,0.0,0.0,0.0,0.0,0.0,0.0,0.0,0.0,0.0,0.0,0.0,0.0,0.0,0.0,0.0,0.0,0.0,0.0009963213011907,-0.0105897567878576,0.0177235273086795,SPY
2006-11-21,0.05630203219789727,0.018563451612271412,0.4752400901965028,-0.8584728585234035,-0.455613849896577,-0.4714759330920389,0.4357227748063955,1.6589329512083997,-0.8916619000205308,-0.7279648142430675,0.0,0.0,0.0,0.0,0.0,0.0,0.0,0.0,0.0,0.0,0.0,0.0,0.0,0.0,0.0,0.0,0.0,0.0,0.0,0.0,0.0,0.0,0.0,0.0,0.0,0.0,0.0,0.0,0.001988817812375,-0.0012097648264601,0.0161649482764678,SPY
2006-11-22,0.13208009420153025,0.05860413888526361,0.22784641357914648,-0.8624950785958593,-0.4513380543268766,-0.4687331881955467,0.4757440581357834,1.7772795844567857,-1.1913218593986057,-0.013884887465126573,0.0,0.0,0.0,0.0,0.0,0.0,0.0,0.0,0.0,0.0,0.0,0.0,0.0,0.0,0.0,0.0,0.0,0.0,0.0,0.0,0.0,0.0,0.0,0.0,0.0,0.0,0.0,0.0,-0.0040528126132297,-0.0027718964316374,0.0105110090640891,SPY
2006-11-24,-0.32920419227743114,0.13844904243731113,0.19453019130484897,-0.8484009499174614,-0.4467215433030139,-0.46705757742180454,0.3020898202866829,1.5082323336232013,-1.921954860438028,1.414274966090755,0.0,0.0,0.0,0.0,0.0,0.0,0.0,0.0,0.0,0.0,0.0,0.0,0.0,0.0,0.0,0.0,0.0,0.0,0.0,0.0,0.0,0.0,0.0,0.0,0.0,0.0,0.0,0.0,-0.0138474786977704,-0.0009268625574829,0.0084017101201521,SPY
2006-11-27,-1.077036356416274,-0.14561316475649397,-0.0582196233777833,-0.7337738285891354,-0.4463387432924824,-0.4665132906904353,-0.2206033863160633,-0.1846145266188751,0.949752237777768,-1.4420447410210082,0.0,0.0,0.0,0.0,0.0,0.0,0.0,0.0,0.0,0.0,0.0,0.0,0.0,0.0,0.0,0.0,0.0,0.0,0.0,0.0,0.0,0.0,0.0,0.0,0.0,0.0,0.0,0.0,0.0043253954095767,0.020522432899777,0.0281289817495187,SPY
2006-11-28,0.31048003822326903,-1.0365567239280429,-0.5977500401989182,-0.7238399084950887,-0.445402785544338,-0.46522196931393833,-0.07642965285464448,-0.15451048636910228,2.0376674121482843,-0.7279648142430675,0.0,0.0,0.0,0.0,0.0,0.0,0.0,0.0,0.0,0.0,0.0,0.0,0.0,0.0,0.0,0.0,0.0,0.0,0.0,0.0,0.0,0.0,0.0,0.0,0.0,0.0,0.0,0.0,0.0103763132625882,0.0205047352735192,0.0303505451402896,SPY
2006-11-29,0.7724734287060793,-0.5652021701321651,-0.4543622545868751,-0.6653954955042017,-0.4435944959548399,-0.4623617563987178,0.2747566199014836,0.2647563404613904,1.1152044224156026,-0.013884887465126573,0.0,0.0,0.0,0.0,0.0,0.0,0.0,0.0,0.0,0.0,0.0,0.0,0.0,0.0,0.0,0.0,0.0,0.0,0.0,0.0,0.0,0.0,0.0,0.0,0.0,0.0,0.0,0.0,0.0004266862071977,0.0092827270480633,0.0178667726706098,SPY
2006-11-30,0.012809845590068182,0.7976184496994118,-0.09625583998845462,-0.7039512180131497,-0.4425097914680209,-0.45844503004411,0.2413388786380838,0.6541686746827823,0.7701511748253839,0.7001950393128141,0.0,0.0,0.0,0.0,0.0,0.0,0.0,0.0,0.0,0.0,0.0,0.0,0.0,0.0,0.0,0.0,0.0,0.0,0.0,0.0,0.0,0.0,0.0,0.0,0.0,0.0,0.0,0.0,-0.0022077787390752,0.0044730352615323,0.0132829054957266,SPY
2006-12-01,-0.18833408367861057,0.5782786658858727,-0.1558944143671019,-0.6984308749702958,-0.4428501355195891,-0.4547736973735162,0.11264034522147451,0.47009326128360224,2.727563332146321,1.414274966090755,0.0,0.0,0.0,0.0,0.0,0.0,0.0,0.0,0.0,0.0,0.0,0.0,0.0,0.0,0.0,0.0,0.0,0.0,0.0,0.0,0.0,0.0,0.0,0.0,0.0,0.0,0.0,0.0,0.0076018167594895,0.0085215862590155,0.0137239626672247,SPY
2006-12-04,0.5606379555618973,-0.12969719890811657,-0.0854552851860506,-0.6815064619231392,-0.4409992971204793,-0.4497042775094623,0.3335056305339974,0.6716117384180196,0.8362713575065968,-1.4420447410210082,0.0,0.0,0.0,0.0,0.0,0.0,0.0,0.0,0.0,0.0,0.0,0.0,0.0,0.0,0.0,0.0,0.0,0.0,0.0,0.0,0.0,0.0,0.0,0.0,0.0,0.0,0.0,0.0,0.0043076977833189,0.0038146613930152,0.0082418069024434,SPY
2006-12-05,0.3091288074584572,0.2739727088688597,0.7334292430174402,-0.736710685913359,-0.43802111257429033,-0.44562746065684183,0.4440955418895484,0.5574132548558809,0.1232317955093733,-0.7279648142430675,0.0,0.0,0.0,0.0,0.0,0.0,0.0,0.0,0.0,0.0,0.0,0.0,0.0,0.0,0.0,0.0,0.0,0.0,0.0,0.0,0.0,0.0,0.0,0.0,0.0,0.0,0.0,0.0,-0.0008456949628676,-0.0012688492933019,-0.004074182249151,SPY
2006-12-06,-0.0843376789714151,0.6405307509490726,0.732753588548634,-0.7382441725558974,-0.43559603934038943,-0.4422443071863522,0.3696725609855888,0.3781763779123634,-0.8447545671311026,-0.013884887465126573,0.0,0.0,0.0,0.0,0.0,0.0,0.0,0.0,0.0,0.0,0.0,0.0,0.0,0.0,0.0,0.0,0.0,0.0,0.0,0.0,0.0,0.0,0.0,0.0,0.0,0.0,0.0,0.0,-0.0043830055793332,0.0006342805771577,0.001386063540588,SPY
2006-12-07,-0.35441474241699555,0.16527719938550423,0.30432325014850786,-0.7202756452460928,-0.4350856393263471,-0.4398431360439316,0.1752728763361475,-0.03228408014307369,-0.3767138283070498,0.7001950393128141,0.0,0.0,0.0,0.0,0.0,0.0,0.0,0.0,0.0,0.0,0.0,0.0,0.0,0.0,0.0,0.0,0.0,0.0,0.0,0.0,0.0,0.0,0.0,0.0,0.0,0.0,0.0,0.0,0.0018407722584079,0.0137894337824162,0.0049189851636946,SPY
2006-12-08,0.12077667394618395,-0.3236582143120679,0.12070033361655444,-0.7457470243960492,-0.432809475319756,-0.436385171970457,0.2009052487922152,0.04385905331220731,0.4235443371525708,1.414274966090755,0.0,0.0,0.0,0.0,0.0,0.0,0.0,0.0,0.0,0.0,0.0,0.0,0.0,0.0,0.0,0.0,0.0,0.0,0.0,0.0,0.0,0.0,0.0,0.0,0.0,0.0,0.0,0.0,0.0028948918934892,0.0120403768091792,0.006404150999745,SPY
2006-12-11,0.20125972065344302,-0.17251866813170388,0.2752646539266503,-0.7442682297545761,-0.42555523986458343,-0.4325537720928218,0.2614232576835635,0.15055533255011982,-1.4590606062012046,-1.4420447410210082,0.0,0.0,0.0,0.0,0.0,0.0,0.0,0.0,0.0,0.0,0.0,0.0,0.0,0.0,0.0,0.0,0.0,0.0,0.0,0.0,0.0,0.0,0.0,0.0,0.0,0.0,0.0,0.0,-0.0007758129029982,0.0064015981061613,0.0078800169701844,SPY
2006-12-12,-0.0790021165729075,0.23693286452732573,0.09556514091167455,-0.7426944676887881,-0.41981140590630484,-0.429202608772768,0.1905581814305368,0.05974463988271591,0.3288226961422936,-0.7279648142430675,0.0,0.0,0.0,0.0,0.0,0.0,0.0,0.0,0.0,0.0,0.0,0.0,0.0,0.0,0.0,0.0,0.0,0.0,0.0,0.0,0.0,0.0,0.0,0.0,0.0,0.0,0.0,0.0,0.001057434907592,0.0090773981163199,0.0162245000227754,SPY
2006-12-13,0.06096811475129307,0.08972485442944002,-0.09851154837991721,-0.7719439836949431,-0.4168332445727778,-0.4268013095300005,0.2002012074114997,0.017131278784609807,-0.6933586973653086,-0.013884887465126573,0.0,0.0,0.0,0.0,0.0,0.0,0.0,0.0,0.0,0.0,0.0,0.0,0.0,0.0,0.0,0.0,0.0,0.0,0.0,0.0,0.0,0.0,0.0,0.0,0.0,0.0,0.0,0.0,0.0087721476259252,0.0074577054777069,0.0132103365094895,SPY
2006-12-14,0.649993841413532,-0.013649723445575785,-0.02585444832799939,-0.7325866166900719,-0.4113235335243422,-0.4234929783079822,0.4883148890273958,0.6223365257523139,-0.2413177495708977,0.7001950393128141,0.0,0.0,0.0,0.0,0.0,0.0,0.0,0.0,0.0,0.0,0.0,0.0,0.0,0.0,0.0,0.0,0.0,0.0,0.0,0.0,0.0,0.0,0.0,0.0,0.0,0.0,0.0,0.0,9.171528517093464e-05,-0.0049795635482219,0.0048575501765162,SPY
2006-12-15,-0.01276550607385791,0.5235146275135437,0.4763788976295986,-0.7335626526935487,-0.4051266116147215,-0.4205548105085171,0.454973017281515,1.7438728052497063,0.0670992187358034,1.414274966090755,0.0,0.0,0.0,0.0,0.0,0.0,0.0,0.0,0.0,0.0,0.0,0.0,0.0,0.0,0.0,0.0,0.0,0.0,0.0,0.0,0.0,0.0,0.0,0.0,0.0,0.0,0.0,0.0,-0.0027438868095286,-0.0112333903905597,0.0014041068024575,SPY
2006-12-18,-0.22926644983372146,0.4691836368674387,0.4096039447093885,-0.7250571877977185,-0.4020402096378675,-0.4180778621877616,0.320877355835156,1.3552491771833202,-0.9720069806454326,-1.4420447410210082,0.0,0.0,0.0,0.0,0.0,0.0,0.0,0.0,0.0,0.0,0.0,0.0,0.0,0.0,0.0,0.0,0.0,0.0,0.0,0.0,0.0,0.0,0.0,0.0,0.0,0.0,0.0,0.0,0.0018999871071603,-0.0026097106494349,0.0061105584345133,SPY
2006-12-19,0.12529778452917315,-0.17870374645429826,0.19432840584306058,-0.7243901997848939,-0.399673864439056,-0.4153965821671343,0.3588213909659459,1.0600422776337872,-0.1806921987211925,-0.7279648142430675,0.0,0.0,0.0,0.0,0.0,0.0,0.0,0.0,0.0,0.0,0.0,0.0,0.0,0.0,0.0,0.0,0.0,0.0,0.0,0.0,0.0,0.0,0.0,0.0,0.0,0.0,0.0,0.0,-0.0005622577310209,0.0020372610437524,0.0011250922273049,SPY
2006-12-20,-0.0626969740550943,-0.07697111395397038,0.29648426607873923,-0.7231025513403306,-0.3972233501275042,-0.4129505642575767,0.3072690045392948,0.9779856198193808,-1.279011167267836,-0.013884887465126573,0.0,0.0,0.0,0.0,0.0,0.0,0.0,0.0,0.0,0.0,0.0,0.0,0.0,0.0,0.0,0.0,0.0,0.0,0.0,0.0,0.0,0.0,0.0,0.0,0.0,0.0,0.0,0.0,-0.0036651214000036,0.0004920595676818,0.0046326378228629,SPY
2006-12-21,-0.29960359573825024,0.04576644496661191,0.23464814447520438,-0.7120452700061721,-0.3945661502727004,-0.4113614212184491,0.1503331404223708,0.8176030286907633,-0.9029703003602776,0.7001950393128141,0.0,0.0,0.0,0.0,0.0,0.0,0.0,0.0,0.0,0.0,0.0,0.0,0.0,0.0,0.0,0.0,0.0,0.0,0.0,0.0,0.0,0.0,0.0,0.0,0.0,0.0,0.0,0.0,-0.0061621115571668,0.0,0.0163185190204346,SPY
2006-12-22,-0.4902511928025365,-0.2673242816039601,-0.24017804264743162,-0.6970310098823349,-0.3943232761892496,-0.4100976530621667,-0.09472659285548668,-0.20649972830467667,-0.2684850551871219,1.414274966090755,0.0,0.0,0.0,0.0,0.0,0.0,0.0,0.0,0.0,0.0,0.0,0.0,0.0,0.0,0.0,0.0,0.0,0.0,0.0,0.0,0.0,0.0,0.0,0.0,0.0,0.0,0.0,0.0,0.0058797929315961,0.0043953899895896,0.0106711494127544,SPY
2006-12-26,0.429159782156401,-0.5823697655976798,-0.47893469800977684,-0.8315692743362679,-0.3931770349352288,-0.405883244790762,0.07214397474856521,-0.09334092880278629,-1.6263282667807175,-0.7279648142430675,0.0,0.0,0.0,0.0,0.0,0.0,0.0,0.0,0.0,0.0,0.0,0.0,0.0,0.0,0.0,0.0,0.0,0.0,0.0,0.0,0.0,0.0,0.0,0.0,0.0,0.0,0.0,0.0,0.0065469588003477,0.0006352580527018,0.0038773550761739,SPY
2006-12-27,0.4800985371033978,-0.04537679245304969,-0.1497025360368858,-0.8180147564124404,-0.38980748490619643,-0.4013111803489211,0.2604082857102467,0.364650126648278,-1.2728181768644056,-0.013884887465126573,0.0,0.0,0.0,0.0,0.0,0.0,0.0,0.0,0.0,0.0,0.0,0.0,0.0,0.0,0.0,0.0,0.0,0.0,0.0,0.0,0.0,0.0,0.0,0.0,0.0,0.0,0.0,0.0,-0.0021074592070915,-0.0139199921159214,-0.0032327519437185,SPY
2006-12-28,-0.1806745910464752,0.6696303034820061,0.027708103400349123,-0.8763628018111748,-0.3873986837484216,-0.3986086123796236,0.1481917225520682,0.5542119160646881,-1.3331098364117624,0.7001950393128141,0.0,0.0,0.0,0.0,0.0,0.0,0.0,0.0,0.0,0.0,0.0,0.0,0.0,0.0,0.0,0.0,0.0,0.0,0.0,0.0,0.0,0.0,0.0,0.0,0.0,0.0,0.0,0.0,-0.0041571809676854,-0.0071979820819585,0.0040705132641738,SPY
2006-12-29,-0.33717281639453156,0.22027076769129864,-0.031284117776926496,-0.8563479754474417,-0.3889109886836068,-0.3966031665018419,-0.03139024994073358,0.1162673125416353,-0.9309532811359668,1.414274966090755,0.0,0.0,0.0,0.0,0.0,0.0,0.0,0.0,0.0,0.0,0.0,0.0,0.0,0.0,0.0,0.0,0.0,0.0,0.0,0.0,0.0,0.0,0.0,0.0,0.0,0.0,0.0,0.0,-0.0017667215675771,-0.0038908850704997,0.0149282502838294,SPY
2007-01-03,-0.1546589449629606,-0.3819397539853698,-0.0500698148517804,-0.8582557667839984,-0.3909859685478604,-0.3945352425909009,-0.12229788492443949,-0.18524759256711887,1.251706668545201,-0.013884887465126573,0.0,0.0,0.0,0.0,0.0,0.0,0.0,0.0,0.0,0.0,0.0,0.0,0.0,0.0,0.0,0.0,0.0,0.0,0.0,0.0,0.0,0.0,0.0,0.0,0.0,0.0,0.0,0.0,0.0021196609947082,0.0012017745915358,0.0226597621326023,SPY
2007-01-04,0.14207009685833225,-0.3627699938651179,0.11773601658298455,-0.898151010561499,-0.3915849248677768,-0.3932873239412616,-0.05886579678633009,-0.0006230552449280905,0.1291362887977839,0.7001950393128141,0.0,0.0,0.0,0.0,0.0,0.0,0.0,0.0,0.0,0.0,0.0,0.0,0.0,0.0,0.0,0.0,0.0,0.0,0.0,0.0,0.0,0.0,0.0,0.0,0.0,0.0,0.0,0.0,-0.0080082913682755,0.0034528714607562,0.021922332411461,SPY
2007-01-05,-0.631208794788577,-0.009637434446969486,-0.02581713057080979,-0.8575489146993704,-0.3951786163619528,-0.3939030673756072,-0.3477407972111588,-0.5592826220367072,0.4200517877720511,1.414274966090755,0.0,0.0,0.0,0.0,0.0,0.0,0.0,0.0,0.0,0.0,0.0,0.0,0.0,0.0,0.0,0.0,0.0,0.0,0.0,0.0,0.0,0.0,0.0,0.0,0.0,0.0,0.0,0.0,0.0046145508268713,0.0190298329786244,0.0302069457946414,SPY
2007-01-08,0.33255733209132554,-0.3607855964865742,-0.5815029427676187,-0.8404891656626376,-0.3972107920773125,-0.3936931924243306,-0.1797932913662371,-0.8364322796468496,0.1846657141943873,-1.4420447410210082,0.0,0.0,0.0,0.0,0.0,0.0,0.0,0.0,0.0,0.0,0.0,0.0,0.0,0.0,0.0,0.0,0.0,0.0,0.0,0.0,0.0,0.0,0.0,0.0,0.0,0.0,0.0,0.0,-0.0008500839562266,0.0124585535460592,0.02586841596914,SPY
2007-01-09,-0.0846727828303647,-0.22042411579667529,-0.32487213518658337,-0.8561602134892674,-0.39838723300471324,-0.3929503152177567,-0.2203085652265838,-0.8863088361692204,0.3989285720436774,-0.7279648142430675,0.0,0.0,0.0,0.0,0.0,0.0,0.0,0.0,0.0,0.0,0.0,0.0,0.0,0.0,0.0,0.0,0.0,0.0,0.0,0.0,0.0,0.0,0.0,0.0,0.0,0.0,0.0,0.0,0.0033259380944583,0.0137279987952378,0.0289247514797912,SPY
2007-01-10,0.23417051215284151,0.18229370303761183,-0.19861481445789714,-0.8506484247276196,-0.39669728156655093,-0.3919806421685416,-0.10891335027368458,-0.5144794091527739,0.2380381193086425,-0.013884887465126573,0.0,0.0,0.0,0.0,0.0,0.0,0.0,0.0,0.0,0.0,0.0,0.0,0.0,0.0,0.0,0.0,0.0,0.0,0.0,0.0,0.0,0.0,0.0,0.0,0.0,0.0,0.0,0.0,0.0043707578639287,0.0070403326118917,0.0242890107444928,SPY
2007-01-11,0.3139435051874209,0.10979687819764951,-0.004188838417953283,-0.842939140863137,-0.3954566112031474,-0.39078316011938813,0.03893297342774472,-0.36440612225806795,-0.5956678847634902,0.7001950393128141,0.0,0.0,0.0,0.0,0.0,0.0,0.0,0.0,0.0,0.0,0.0,0.0,0.0,0.0,0.0,0.0,0.0,0.0,0.0,0.0,0.0,0.0,0.0,0.0,0.0,0.0,0.0,0.0,0.0075686701495927,0.0046321395704902,0.0124433536635626,SPY
2007-01-12,0.5581071800562255,0.4035193018805396,0.08175283744571583,-0.8071333213516898,-0.3938948865103722,-0.38830920468857183,0.2914260603388655,0.05494211709519581,-0.5705925083797494,1.414274966090755,0.0,0.0,0.0,0.0,0.0,0.0,0.0,0.0,0.0,0.0,0.0,0.0,0.0,0.0,0.0,0.0,0.0,0.0,0.0,0.0,0.0,0.0,0.0,0.0,0.0,0.0,0.0,0.0,-0.0019567286056938,-0.0060220096791505,0.0014647353213268,SPY
2007-01-16,-0.1691661648405933,0.6422136705664876,0.6764452276373025,-0.8018297125392846,-0.3922903576687023,-0.3862957700072959,0.1933601297736278,0.15483883528669723,-1.0294090264219051,-0.7279648142430675,0.0,0.0,0.0,0.0,0.0,0.0,0.0,0.0,0.0,0.0,0.0,0.0,0.0,0.0,0.0,0.0,0.0,0.0,0.0,0.0,0.0,0.0,0.0,0.0,0.0,0.0,0.0,0.0,0.0004193612929519,-0.0011199932089196,0.011821006355027,SPY
2007-01-17,0.012250581351217482,0.2862318719026546,0.4255689660578986,-0.8553134100410343,-0.3892955296437947,-0.3855520077437759,0.1999106175175002,0.5875345038028789,-0.751125356054179,-0.013884887465126573,0.0,0.0,0.0,0.0,0.0,0.0,0.0,0.0,0.0,0.0,0.0,0.0,0.0,0.0,0.0,0.0,0.0,0.0,0.0,0.0,0.0,0.0,0.0,0.0,0.0,0.0,0.0,0.0,-0.0033617280888877,0.0064814052956965,0.0179476838179324,SPY
2007-01-18,-0.27643922500026696,-0.11598531784694098,0.4740334518040694,-0.84538534713604,-0.3867927172045531,-0.3853373697886668,0.07172420026187251,0.0711324410821552,0.0923514089468024,0.7001950393128141,0.0,0.0,0.0,0.0,0.0,0.0,0.0,0.0,0.0,0.0,0.0,0.0,0.0,0.0,0.0,0.0,0.0,0.0,0.0,0.0,0.0,0.0,0.0,0.0,0.0,0.0,0.0,0.0,0.0019625648225272,-0.0019663477802627,0.0226130913454047,SPY
2007-01-19,0.13007565320848985,-0.19503001364365707,0.21871381306608859,-0.8497330796889933,-0.3843325928508958,-0.38440364635517543,0.1335188678874186,-0.1942035276247689,-0.4460763654581096,1.414274966090755,0.0,0.0,0.0,0.0,0.0,0.0,0.0,0.0,0.0,0.0,0.0,0.0,0.0,0.0,0.0,0.0,0.0,0.0,0.0,0.0,0.0,0.0,0.0,0.0,0.0,0.0,0.0,0.0,-0.003085479100048,-0.0048429140077743,0.0201705114223669,SPY
2007-01-22,-0.25534734934243053,-0.10821001477049369,0.12677456842001206,-0.8435841403491358,-0.3803964217402394,-0.3842318288526168,0.01636697730405661,-0.26171325091166897,-0.2853590967657194,-1.4420447410210082,0.0,0.0,0.0,0.0,0.0,0.0,0.0,0.0,0.0,0.0,0.0,0.0,0.0,0.0,0.0,0.0,0.0,0.0,0.0,0.0,0.0,0.0,0.0,0.0,0.0,0.0,0.0,0.0,0.002945287864537,-0.002320583127271,0.0253806614990717,SPY
2007-01-23,0.205107501452427,-0.09266835973917338,-0.27997622668587707,-0.8377870756516493,-0.3769523822785596,-0.3835235154489166,0.11749920591575261,0.2176090985537711,-0.5799205204645475,-0.7279648142430675,0.0,0.0,0.0,0.0,0.0,0.0,0.0,0.0,0.0,0.0,0.0,0.0,0.0,0.0,0.0,0.0,0.0,0.0,0.0,0.0,0.0,0.0,0.0,0.0,0.0,0.0,0.0,0.0,0.0080207597975681,-7.006499100725705e-05,0.0220241658420565,SPY
2007-01-24,0.5926246589485205,-0.03738076366725199,-0.09282856710566,-0.8082025105642483,-0.3707917417597867,-0.38102300830969293,0.3872649826792094,0.7325234226367063,-0.4788072021594121,-0.013884887465126573,0.0,0.0,0.0,0.0,0.0,0.0,0.0,0.0,0.0,0.0,0.0,0.0,0.0,0.0,0.0,0.0,0.0,0.0,0.0,0.0,0.0,0.0,0.0,0.0,0.0,0.0,0.0,0.0,-0.011809481164847,-0.0013902687366051,0.0132498915382974,SPY
2007-01-25,-0.9214332871129474,0.5874516904429844,0.19737525989381488,-0.7315675633971794,-0.3692515584174319,-0.37940249233089524,-0.07388809992768458,-0.13321683020028188,0.3587312003011658,0.7001950393128141,0.0,0.0,0.0,0.0,0.0,0.0,0.0,0.0,0.0,0.0,0.0,0.0,0.0,0.0,0.0,0.0,0.0,0.0,0.0,0.0,0.0,0.0,0.0,0.0,0.0,0.0,0.0,0.0,-0.0009140014049844,0.0163840027094375,0.02114450980637,SPY
2007-01-26,-0.089552941441001,-0.24264557537745318,-0.1251404285944522,-0.7509324216149686,-0.3693156485774628,-0.3788122175747451,-0.11499314653612219,0.2882217991432155,0.0691151150730025,1.414274966090755,0.0,0.0,0.0,0.0,0.0,0.0,0.0,0.0,0.0,0.0,0.0,0.0,0.0,0.0,0.0,0.0,0.0,0.0,0.0,0.0,0.0,0.0,0.0,0.0,0.0,0.0,0.0,0.0,-0.0005631482195447,0.0186802353879889,0.0211628940975252,SPY
2007-01-29,-0.0627649637092741,-0.7453115832442668,-0.23496107900955224,-0.7804614973638441,-0.371861288378261,-0.379305834795905,-0.129881240622288,0.02628798844543421,0.0017330690618967972,-1.4420447410210082,0.0,0.0,0.0,0.0,0.0,0.0,0.0,0.0,0.0,0.0,0.0,0.0,0.0,0.0,0.0,0.0,0.0,0.0,0.0,0.0,0.0,0.0,0.0,0.0,0.0,0.0,0.0,0.0,0.0051958060008008,0.0195197056224385,-0.0181144946355154,SPY
2007-01-30,0.3769367229643509,-0.11259749535782969,-0.1386643154552539,-0.7647686444697215,-0.372225007580554,-0.37868333697959583,0.05569114661677931,0.33526420903495463,0.2084959802709953,-0.7279648142430675,0.0,0.0,0.0,0.0,0.0,0.0,0.0,0.0,0.0,0.0,0.0,0.0,0.0,0.0,0.0,0.0,0.0,0.0,0.0,0.0,0.0,0.0,0.0,0.0,0.0,0.0,0.0,0.0,0.0067005560519701,0.0145999206230076,-0.0131116687777987,SPY
2007-01-31,0.4918258348075895,0.23113776828007873,-0.0527447342783362,-0.7528225001549952,-0.3706634453764136,-0.3763974561499948,0.2781688370130984,0.47710511552013535,1.2200811579129318,-0.013884887465126573,0.0,0.0,0.0,0.0,0.0,0.0,0.0,0.0,0.0,0.0,0.0,0.0,0.0,0.0,0.0,0.0,0.0,0.0,0.0,0.0,0.0,0.0,0.0,0.0,0.0,0.0,0.0,0.0,0.0059647902811956,0.010105616125462,-0.0227971926789871,SPY
2007-02-01,0.43564941144528346,0.6397907972434526,-0.10314706210773142,-0.74066735783045,-0.36623544438138683,-0.372920358542787,0.4595766155984244,0.5407157170559792,0.1406169675067757,0.7001950393128141,0.0,0.0,0.0,0.0,0.0,0.0,0.0,0.0,0.0,0.0,0.0,0.0,0.0,0.0,0.0,0.0,0.0,0.0,0.0,0.0,0.0,0.0,0.0,0.0,0.0,0.0,0.0,0.0,0.0013822312735669,0.0028310232034263,-0.0419434500621882,SPY
2007-02-02,0.08576662928715967,0.6830535380795435,0.5754335428476143,-0.7412983267431649,-0.3619785671312901,-0.3695505275084452,0.4701589573146917,0.2882688573235716,-0.775258542963482,1.414274966090755,0.0,0.0,0.0,0.0,0.0,0.0,0.0,0.0,0.0,0.0,0.0,0.0,0.0,0.0,0.0,0.0,0.0,0.0,0.0,0.0,0.0,0.0,0.0,0.0,0.0,0.0,0.0,0.0,0.0002763220149049,-0.0060261072871421,-0.0528904356814576,SPY
2007-02-05,0.0013293950713114857,0.3838467630696677,0.6630983995963037,-0.8016000442626807,-0.3566948777736278,-0.3649250452216642,0.4237080209206701,0.4404598126289364,-0.93725782588135,-1.4420447410210082,0.0,0.0,0.0,0.0,0.0,0.0,0.0,0.0,0.0,0.0,0.0,0.0,0.0,0.0,0.0,0.0,0.0,0.0,0.0,0.0,0.0,0.0,0.0,0.0,0.0,0.0,0.0,0.0,0.0002760210013699,-0.0097123774946901,-0.0362019170102723,SPY
2007-02-06,0.0013064123987659858,0.06381586694716461,0.6951474330131779,-0.8083241182729418,-0.3522240262043819,-0.360954248874893,0.3854047635823373,0.43426396143066043,-0.3986369957495227,-0.7279648142430675,0.0,0.0,0.0,0.0,0.0,0.0,0.0,0.0,0.0,0.0,0.0,0.0,0.0,0.0,0.0,0.0,0.0,0.0,0.0,0.0,0.0,0.0,0.0,0.0,0.0,0.0,0.0,0.0,0.0022062515544245,-0.0015888560680537,-0.0374803830463106,SPY
2007-02-07,0.14868136927004214,0.001580929853639014,0.5073214120536883,-0.8114901640004453,-0.3495285718824535,-0.3565112630014648,0.4139921195847721,0.7895912892557094,-0.4440569682223431,-0.013884887465126573,0.0,0.0,0.0,0.0,0.0,0.0,0.0,0.0,0.0,0.0,0.0,0.0,0.0,0.0,0.0,0.0,0.0,0.0,0.0,0.0,0.0,0.0,0.0,0.0,0.0,0.0,0.0,0.0,-0.00130980264084,0.002750931133379,-0.0312671405867606,SPY
2007-02-08,-0.11977274599828949,0.11015797574238781,0.33573925331057736,-0.8092511853734151,-0.3436245937684132,-0.35277662546819494,0.3191500669196272,0.6022320880575763,0.2900135910996379,0.7001950393128141,0.0,0.0,0.0,0.0,0.0,0.0,0.0,0.0,0.0,0.0,0.0,0.0,0.0,0.0,0.0,0.0,0.0,0.0,0.0,0.0,0.0,0.0,0.0,0.0,0.0,0.0,0.0,0.0,-0.0074748992170015,0.0053644132128036,-0.0296731803248757,SPY
2007-02-09,-0.5904837916716777,0.020940186778679214,0.058012108160111125,-0.7669520584181913,-0.3397528145823951,-0.3508663581486633,0.01654805382654381,0.2739788015673924,0.6746821101214695,1.414274966090755,0.0,0.0,0.0,0.0,0.0,0.0,0.0,0.0,0.0,0.0,0.0,0.0,0.0,0.0,0.0,0.0,0.0,0.0,0.0,0.0,0.0,0.0,0.0,0.0,0.0,0.0,0.0,0.0,-0.003409948192643,0.0123592973292945,-0.0207072766135869,SPY
2007-02-12,-0.28012087624136855,-0.5237173927030412,-0.28013266388884495,-0.794104440463383,-0.3367580329828115,-0.35064102963727534,-0.11289840617555479,-0.08645952464987719,0.019808744452382697,-1.4420447410210082,0.0,0.0,0.0,0.0,0.0,0.0,0.0,0.0,0.0,0.0,0.0,0.0,0.0,0.0,0.0,0.0,0.0,0.0,0.0,0.0,0.0,0.0,0.0,0.0,0.0,0.0,0.0,0.0,0.0083995424280063,0.0178939164985942,-0.0369230020738609,SPY
2007-02-13,0.6215450766344172,-0.6418707217659908,-0.4208659409213462,-0.7518704917068565,-0.3327578413501099,-0.3488166594235371,0.1778870871115061,-0.0651123496124236,-0.030727757864418302,-0.7279648142430675,0.0,0.0,0.0,0.0,0.0,0.0,0.0,0.0,0.0,0.0,0.0,0.0,0.0,0.0,0.0,0.0,0.0,0.0,0.0,0.0,0.0,0.0,0.0,0.0,0.0,0.0,0.0,0.0,0.0065460387558573,0.0090831662781099,-0.0379000600635519,SPY
2007-02-14,0.4800282908227772,0.2512188670784321,-0.11072866745903612,-0.729325568504725,-0.3287788893032204,-0.3460370565634015,0.3895365327654477,1.0889369149380845,0.0755999909759711,-0.013884887465126573,0.0,0.0,0.0,0.0,0.0,0.0,0.0,0.0,0.0,0.0,0.0,0.0,0.0,0.0,0.0,0.0,0.0,0.0,0.0,0.0,0.0,0.0,0.0,0.0,0.0,0.0,0.0,0.0,0.0013036794385845,0.0017836130160615,-0.043082431260859,SPY
2007-02-15,0.07976912123074077,0.8113386173798828,0.05495437802980393,-0.7420409694597563,-0.32623327271508423,-0.3425384846797449,0.3959377815848847,1.2126264454656277,-1.2408533858651096,0.7001950393128141,0.0,0.0,0.0,0.0,0.0,0.0,0.0,0.0,0.0,0.0,0.0,0.0,0.0,0.0,0.0,0.0,0.0,0.0,0.0,0.0,0.0,0.0,0.0,0.0,0.0,0.0,0.0,0.0,-0.0004800151005106,-0.0034349293192974,-0.0471905968920935,SPY
2007-02-16,-0.0564176702148069,0.41212827024229,0.15473108369560815,-0.7409619352742602,-0.3242652103724183,-0.3394155146606705,0.3399168502055353,1.219009150968409,-1.156615963308493,1.414274966090755,0.0,0.0,0.0,0.0,0.0,0.0,0.0,0.0,0.0,0.0,0.0,0.0,0.0,0.0,0.0,0.0,0.0,0.0,0.0,0.0,0.0,0.0,0.0,0.0,0.0,0.0,0.0,0.0,0.0021246709766566,-0.003850531332616,-0.0347274774116703,SPY
2007-02-20,0.14245261379259325,0.016845356354365015,0.42177959309697394,-0.7524010419713058,-0.3217197098475925,-0.33548771344874023,0.3720364872320508,1.1225108947406677,-0.3163118954397096,-0.7279648142430675,0.0,0.0,0.0,0.0,0.0,0.0,0.0,0.0,0.0,0.0,0.0,0.0,0.0,0.0,0.0,0.0,0.0,0.0,0.0,0.0,0.0,0.0,0.0,0.0,0.0,0.0,0.0,0.0,-0.000411207792478,-0.0458157392618581,-0.0313746723042251,SPY
2007-02-21,-0.0511641661514267,0.06303400421853411,0.6330785616933513,-0.7527772008178852,-0.3193881836419169,-0.3320750503163629,0.315211280443028,0.8137422819511015,0.016897314843531498,-0.013884887465126573,0.0,0.0,0.0,0.0,0.0,0.0,0.0,0.0,0.0,0.0,0.0,0.0,0.0,0.0,0.0,0.0,0.0,0.0,0.0,0.0,0.0,0.0,0.0,0.0,0.0,0.0,0.0,0.0,-0.0007535145061909,-0.0352058996108626,-0.0146402909133751,SPY
2007-02-22,-0.0772996125572219,0.06690507520260572,0.29670448116484394,-0.7866849784641842,-0.31797643595890723,-0.330014521289123,0.2620264457013666,0.4048356501976305,0.7282312525723671,0.7001950393128141,0.0,0.0,0.0,0.0,0.0,0.0,0.0,0.0,0.0,0.0,0.0,0.0,0.0,0.0,0.0,0.0,0.0,0.0,0.0,0.0,0.0,0.0,0.0,0.0,0.0,0.0,0.0,0.0,-0.0039148628967744,-0.0374373529538898,-0.0146548804561472,SPY
2007-02-23,-0.31867159891399505,-0.09502046189511829,0.01802440791956792,-0.895386168875778,-0.3173772939376934,-0.3267519917641063,0.07637408979760471,-0.06940030839978129,0.3573731973993753,1.414274966090755,0.0,0.0,0.0,0.0,0.0,0.0,0.0,0.0,0.0,0.0,0.0,0.0,0.0,0.0,0.0,0.0,0.0,0.0,0.0,0.0,0.0,0.0,0.0,0.0,0.0,0.0,0.0,0.0,-0.0008956171138292,-0.0467039571591207,-0.0092742720485476,SPY
2007-02-26,-0.0881492831516744,-0.2921346638634621,-0.1812074776552056,-0.8954490800397895,-0.3147461851150788,-0.3234895786939515,0.0038793000017609113,-0.16613422283643048,0.2332060720122106,-1.4420447410210082,0.0,0.0,0.0,0.0,0.0,0.0,0.0,0.0,0.0,0.0,0.0,0.0,0.0,0.0,0.0,0.0,0.0,0.0,0.0,0.0,0.0,0.0,0.0,0.0,0.0,0.0,0.0,0.0,-0.0398405369525853,-0.055373094390994,-0.0097043787763011,SPY
2007-02-27,-3.061631322646484,-0.3001292984003709,-0.19707420200869172,-0.10588145525867819,-0.3231958030299173,-0.3262261980647325,-1.418164290484606,-1.8168350381191662,5.778447055422886,-0.7279648142430675,0.0,0.0,0.0,0.0,0.0,0.0,0.0,0.0,0.0,0.0,0.0,0.0,0.0,0.0,0.0,0.0,0.0,0.0,0.0,0.0,0.0,0.0,0.0,0.0,0.0,0.0,0.0,0.0,0.0101986318585174,0.0014322832476816,0.0277590205802651,SPY
2007-02-28,0.7589072828276385,-2.32129301482962,-1.7992088532178285,-0.07683199923247398,-0.331174807433536,-0.3282223159081127,-1.0279806957380735,-1.408258534276428,2.7752928885631407,-0.013884887465126573,0.0,0.0,0.0,0.0,0.0,0.0,0.0,0.0,0.0,0.0,0.0,0.0,0.0,0.0,0.0,0.0,0.0,0.0,0.0,0.0,0.0,0.0,0.0,0.0,0.0,0.0,0.0,0.0,-0.0029849678492182,-0.0097687936455042,0.0102537463048042,SPY
2007-03-01,-0.24767321879223358,-1.697135109007038,-1.3941496961824653,-0.09503684453828969,-0.3420846657653409,-0.3316994600972663,-1.095353166979567,-1.4452555093694361,3.196939397224372,0.7001950393128141,0.0,0.0,0.0,0.0,0.0,0.0,0.0,0.0,0.0,0.0,0.0,0.0,0.0,0.0,0.0,0.0,0.0,0.0,0.0,0.0,0.0,0.0,0.0,0.0,0.0,0.0,0.0,0.0,-0.0131814671020054,0.0016356682176885,0.0142959853641677,SPY
2007-03-02,-1.0261857313205782,0.3763441221509766,-1.4793414276150447,-0.06912476310193619,-0.3573368471563978,-0.3380741759211881,-1.4948377433184443,-1.5585226041057656,1.9913101866430607,1.414274966090755,0.0,0.0,0.0,0.0,0.0,0.0,0.0,0.0,0.0,0.0,0.0,0.0,0.0,0.0,0.0,0.0,0.0,0.0,0.0,0.0,0.0,0.0,0.0,0.0,0.0,0.0,0.0,0.0,-0.0095647543457024,0.0151012929407388,0.0276885442878267,SPY
2007-03-05,-0.7500462382261117,-0.9390106748703014,-1.8331189597381612,-0.056497745544708586,-0.37526308079493603,-0.34608017979858974,-1.7430241913573552,-1.6684516041495503,1.5196144772985252,-1.4420447410210082,0.0,0.0,0.0,0.0,0.0,0.0,0.0,0.0,0.0,0.0,0.0,0.0,0.0,0.0,0.0,0.0,0.0,0.0,0.0,0.0,0.0,0.0,0.0,0.0,0.0,0.0,0.0,0.0,0.0169648406860902,0.0261570517807285,0.0383794088159277,SPY
2007-03-06,1.2755138263141477,-1.309186769767925,-2.1640865836491416,0.05937564799814203,-0.3888253571731547,-0.3516071508132172,-1.0714078916726852,-1.3403417826385922,1.4507174002229173,-0.7279648142430675,0.0,0.0,0.0,0.0,0.0,0.0,0.0,0.0,0.0,0.0,0.0,0.0,0.0,0.0,0.0,0.0,0.0,0.0,0.0,0.0,0.0,0.0,0.0,0.0,0.0,0.0,0.0,0.0,-0.0010024450346683,-0.0104334625582787,0.0321198333412535,SPY
2007-03-07,-0.09630569752476359,0.3868321661872023,0.004611449335595418,0.058212592944658526,-0.402558618020331,-0.3573272505700466,-1.0404266418594557,-1.6278152800865562,0.8348182216986048,-0.013884887465126573,0.0,0.0,0.0,0.0,0.0,0.0,0.0,0.0,0.0,0.0,0.0,0.0,0.0,0.0,0.0,0.0,0.0,0.0,0.0,0.0,0.0,0.0,0.0,0.0,0.0,0.0,0.0,0.0,0.0084194940139745,-0.002008533085295,0.0342350007264755,SPY
2007-03-08,0.6230683993882321,0.8685441830980447,-0.4230197791737269,0.08485793601258644,-0.4135324968741817,-0.3621244455500115,-0.6775692772719982,-1.348736493693996,0.866052707549079,0.7001950393128141,0.0,0.0,0.0,0.0,0.0,0.0,0.0,0.0,0.0,0.0,0.0,0.0,0.0,0.0,0.0,0.0,0.0,0.0,0.0,0.0,0.0,0.0,0.0,0.0,0.0,0.0,0.0,0.0,0.0002841576210448,-0.0090643595407193,0.0285230083620513,SPY
2007-03-09,0.0019276511268384855,0.3877864773091954,0.012376217439034921,0.08583142369501014,-0.4232016152045967,-0.3666747329327647,-0.6129181562406577,-1.3287150057075505,0.6444985172642441,1.414274966090755,0.0,0.0,0.0,0.0,0.0,0.0,0.0,0.0,0.0,0.0,0.0,0.0,0.0,0.0,0.0,0.0,0.0,0.0,0.0,0.0,0.0,0.0,0.0,0.0,0.0,0.0,0.0,0.0,0.0014910044942872,-0.0121530033544141,0.029624392262975,SPY
2007-03-12,0.09407156917479925,0.4601702160568505,0.5264626484023461,0.07641879633900314,-0.4321431326417912,-0.3698405816318186,-0.5203990960218711,-1.355179897911777,0.0684964903459116,-1.4420447410210082,0.0,0.0,0.0,0.0,0.0,0.0,0.0,0.0,0.0,0.0,0.0,0.0,0.0,0.0,0.0,0.0,0.0,0.0,0.0,0.0,0.0,0.0,0.0,0.0,0.0,0.0,0.0,0.0,-0.019625673652917,-0.0016609034687888,0.0293093999654336,SPY
2007-03-13,-1.5182070916742747,0.07037623181322882,0.9485459694912101,0.17264928821353415,-0.4348171384639489,-0.3754211568191633,-1.1677710838265791,-1.6644619912470033,2.182463682219998,-0.7279648142430675,0.0,0.0,0.0,0.0,0.0,0.0,0.0,0.0,0.0,0.0,0.0,0.0,0.0,0.0,0.0,0.0,0.0,0.0,0.0,0.0,0.0,0.0,0.0,0.0,0.0,0.0,0.0,0.0,0.0074224844383152,0.0234422462682299,0.0448469259815649,SPY
2007-03-14,0.5469457605767624,-1.0497427256945675,-0.4483953021196169,0.16718214927130637,-0.43834683264874164,-0.381194918976142,-0.8304874343538586,-1.414683000327801,2.6937548657034567,-0.013884887465126573,0.0,0.0,0.0,0.0,0.0,0.0,0.0,0.0,0.0,0.0,0.0,0.0,0.0,0.0,0.0,0.0,0.0,0.0,0.0,0.0,0.0,0.0,0.0,0.0,0.0,0.0,0.0,0.0,0.0013636675585502,0.0323429354282867,0.0418586603805204,SPY
2007-03-15,0.08434927181365608,-0.7160400920578849,-0.1267509660443806,0.14932451376610115,-0.4405714181201681,-0.3877842960461446,-0.7019550312217966,-1.31007447292042,0.8802602690912037,0.7001950393128141,0.0,0.0,0.0,0.0,0.0,0.0,0.0,0.0,0.0,0.0,0.0,0.0,0.0,0.0,0.0,0.0,0.0,0.0,0.0,0.0,0.0,0.0,0.0,0.0,0.0,0.0,0.0,0.0,-0.0028044861926499,0.0302111638207733,0.0450470198742349,SPY
2007-03-16,-0.23389327094573548,0.4648116526432977,-0.39612611309986123,0.14573363365102104,-0.4396955579541757,-0.3949967066248192,-0.7177102646613288,-1.3394890895514995,0.6677050610968207,1.414274966090755,0.0,0.0,0.0,0.0,0.0,0.0,0.0,0.0,0.0,0.0,0.0,0.0,0.0,0.0,0.0,0.0,0.0,0.0,0.0,0.0,0.0,0.0,0.0,0.0,0.0,0.0,0.0,0.0,0.0119831043799125,0.0344813955242484,0.0573027841856728,SPY
2007-03-19,0.8951534739691076,-0.11055352870813599,-0.5140433956141467,0.20121535254634784,-0.4324094050886293,-0.4003346946903112,-0.2127052708105188,-0.0789356572154913,0.2041693156425739,-1.4420447410210082,0.0,0.0,0.0,0.0,0.0,0.0,0.0,0.0,0.0,0.0,0.0,0.0,0.0,0.0,0.0,0.0,0.0,0.0,0.0,0.0,0.0,0.0,0.0,0.0,0.0,0.0,0.0,0.0,0.0054774760841018,0.0211725673027531,0.0479749458542499,SPY
2007-03-20,0.3984425043917157,0.4868916398614563,-0.11347927070737181,0.21144034043607096,-0.4284964698527248,-0.4051756417617176,0.05003679399051671,-0.20978243941518557,-0.050615002613115,-0.7279648142430675,0.0,0.0,0.0,0.0,0.0,0.0,0.0,0.0,0.0,0.0,0.0,0.0,0.0,0.0,0.0,0.0,0.0,0.0,0.0,0.0,0.0,0.0,0.0,0.0,0.0,0.0,0.0,0.0,0.0163231735983719,0.0133179536226322,0.0437204903482992,SPY
2007-03-21,1.2265219277927242,0.9528314473818926,0.8449009693234213,0.29428007322063604,-0.4193016790594628,-0.4074525322760155,0.6917913211881962,0.30228667389298713,1.15886467236836,-0.013884887465126573,0.0,0.0,0.0,0.0,0.0,0.0,0.0,0.0,0.0,0.0,0.0,0.0,0.0,0.0,0.0,0.0,0.0,0.0,0.0,0.0,0.0,0.0,0.0,0.0,0.0,0.0,0.0,0.0,-0.0007681040489631,-0.0103118623926832,0.0271252884173733,SPY
2007-03-22,-0.0784135381623378,1.1970019650321444,1.1847087107032002,0.29428029323582433,-0.4128673380419834,-0.4097299584826754,0.6912389696976852,0.7504354129257732,0.5478589661632893,0.7001950393128141,0.0,0.0,0.0,0.0,0.0,0.0,0.0,0.0,0.0,0.0,0.0,0.0,0.0,0.0,0.0,0.0,0.0,0.0,0.0,0.0,0.0,0.0,0.0,0.0,0.0,0.0,0.0,0.0,0.0014657455108251,-0.0084864871335748,0.0372909968018699,SPY
2007-03-23,0.09214302152413227,0.8456281833351935,1.103322597553952,0.29249176453390874,-0.4060675136598913,-0.4111694453793749,0.7649314376827322,1.19693415384548,-0.2447185016373205,1.414274966090755,0.0,0.0,0.0,0.0,0.0,0.0,0.0,0.0,0.0,0.0,0.0,0.0,0.0,0.0,0.0,0.0,0.0,0.0,0.0,0.0,0.0,0.0,0.0,0.0,0.0,0.0,0.0,0.0,-0.0013257238415826,-0.0097411408227463,0.0320492798364764,SPY
2007-03-26,-0.12098834496861269,0.009755360925362114,1.2663501748833619,0.29263705697436093,-0.4001250257394436,-0.4126740188981287,0.7335236847916184,0.7882493161143252,0.433365487385284,-1.4420447410210082,0.0,0.0,0.0,0.0,0.0,0.0,0.0,0.0,0.0,0.0,0.0,0.0,0.0,0.0,0.0,0.0,0.0,0.0,0.0,0.0,0.0,0.0,0.0,0.0,0.0,0.0,0.0,0.0,-0.002377137596019,-0.0072893067987651,0.0337801478540917,SPY
2007-03-27,-0.20126479508941228,-0.021616100349231088,0.7582498719705347,-0.2102410615414342,-0.3890513556512664,-0.40846001821873823,0.5906488228280821,0.7134709805710959,0.1678344099571172,-0.7279648142430675,0.0,0.0,0.0,0.0,0.0,0.0,0.0,0.0,0.0,0.0,0.0,0.0,0.0,0.0,0.0,0.0,0.0,0.0,0.0,0.0,0.0,0.0,0.0,0.0,0.0,0.0,0.0,0.0,-0.0073066424169434,0.00579309600867,0.0452973307722892,SPY
2007-03-28,-0.5776372233627157,-0.23781513088004078,0.4583788747863612,-0.2167879684226992,-0.38241455379503453,-0.4069012233165009,0.2960981223175554,0.1128555356409287,1.0861574773047031,-0.013884887465126573,0.0,0.0,0.0,0.0,0.0,0.0,0.0,0.0,0.0,0.0,0.0,0.0,0.0,0.0,0.0,0.0,0.0,0.0,0.0,0.0,0.0,0.0,0.0,0.0,0.0,0.0,0.0,0.0,0.0010572712101453,0.0142124607761671,0.0537405008193188,SPY
2007-03-29,0.060955616293992675,-0.5742991616781117,-0.4437528888323574,-0.2216224203747349,-0.3758621299655009,-0.4047300039434681,0.3088358755989349,0.13866270640312062,0.8159545905448229,0.7001950393128141,0.0,0.0,0.0,0.0,0.0,0.0,0.0,0.0,0.0,0.0,0.0,0.0,0.0,0.0,0.0,0.0,0.0,0.0,0.0,0.0,0.0,0.0,0.0,0.0,0.0,0.0,0.0,0.0,0.0002110918216535,0.0158626912155721,0.0518808495502067,SPY
2007-03-30,-0.0036509928424104136,-0.3810807280971337,-0.37406428013992715,-0.30091087005963835,-0.36840979765205023,-0.4005518597159133,0.2650137239218302,0.09641625279899861,0.6013935581020142,1.414274966090755,0.0,0.0,0.0,0.0,0.0,0.0,0.0,0.0,0.0,0.0,0.0,0.0,0.0,0.0,0.0,0.0,0.0,0.0,0.0,0.0,0.0,0.0,0.0,0.0,0.0,0.0,0.0,0.0,0.0011261101823984,0.0170371409158871,0.0433428864518683,SPY
2007-04-02,0.06621153795102418,0.041863922828690316,-0.4219640583104137,-0.35320934577680885,-0.36420041350858984,-0.3947847005495787,0.2359726228737528,1.2723105254439673,-0.2753885228073008,-1.4420447410210082,0.0,0.0,0.0,0.0,0.0,0.0,0.0,0.0,0.0,0.0,0.0,0.0,0.0,0.0,0.0,0.0,0.0,0.0,0.0,0.0,0.0,0.0,0.0,0.0,0.0,0.0,0.0,0.0,0.0107052652114161,0.0170870429302345,0.0447761444163505,SPY
2007-04-03,0.7975892259845523,0.045736775228851216,-0.32835870180992566,-0.41981328592537365,-0.3583588542429109,-0.38989099942594313,0.5781090209517881,1.3552733726661235,-0.2234202235616546,-0.7279648142430675,0.0,0.0,0.0,0.0,0.0,0.0,0.0,0.0,0.0,0.0,0.0,0.0,0.0,0.0,0.0,0.0,0.0,0.0,0.0,0.0,0.0,0.0,0.0,0.0,0.0,0.0,0.0,0.0,0.0011127223505535,0.0022936300820326,0.0399050972631389,SPY
2007-04-04,0.06518936412954997,0.6361346744124492,0.17109720209523105,-0.42290781350649037,-0.3571561597946866,-0.38467471833613553,0.5553998206861066,1.3506986692700182,-0.5509134190731776,-0.013884887465126573,0.0,0.0,0.0,0.0,0.0,0.0,0.0,0.0,0.0,0.0,0.0,0.0,0.0,0.0,0.0,0.0,0.0,0.0,0.0,0.0,0.0,0.0,0.0,0.0,0.0,0.0,0.0,0.0,0.0027075016495503,0.0056151265687498,0.0441953588144219,SPY
2007-04-05,0.18695229552493195,0.6353814804730806,0.49252909057581024,-0.44397873089796175,-0.3548796011728394,-0.3803045749785347,0.6035440665408232,1.6176208276820578,-0.8445635066386945,0.7001950393128141,0.0,0.0,0.0,0.0,0.0,0.0,0.0,0.0,0.0,0.0,0.0,0.0,0.0,0.0,0.0,0.0,0.0,0.0,0.0,0.0,0.0,0.0,0.0,0.0,0.0,0.0,0.0,0.0,0.0013855415219685,0.0074596519714642,0.0452711644663574,SPY
2007-04-09,0.08601936993238828,0.18543057631715873,0.5555310748364082,-0.44461518694354374,-0.3526245839014125,-0.37576188045274733,0.5996698574083529,1.3948001542016049,-0.7609292179524988,-1.4420447410210082,0.0,0.0,0.0,0.0,0.0,0.0,0.0,0.0,0.0,0.0,0.0,0.0,0.0,0.0,0.0,0.0,0.0,0.0,0.0,0.0,0.0,0.0,0.0,0.0,0.0,0.0,0.0,0.0,0.0011760121967459,0.0155253885682835,0.0440849137262313,SPY
2007-04-10,0.07002160468145407,0.20077927122413983,0.6003688500751124,-0.44457404280398033,-0.3495965617697162,-0.3712614939781194,0.5884812227941248,1.2769414397826304,-0.6617555742789799,-0.7279648142430675,0.0,0.0,0.0,0.0,0.0,0.0,0.0,0.0,0.0,0.0,0.0,0.0,0.0,0.0,0.0,0.0,0.0,0.0,0.0,0.0,0.0,0.0,0.0,0.0,0.0,0.0,0.0,0.0,-0.0040881476367857,0.0170046424200274,0.0415828675050891,SPY
2007-04-11,-0.33190205526813465,0.11461830151501731,0.602273993652285,-0.6696464471701944,-0.3471054020868443,-0.3644561979495311,0.3507137866548994,0.0906739717364038,0.2061026258757556,-0.013884887465126573,0.0,0.0,0.0,0.0,0.0,0.0,0.0,0.0,0.0,0.0,0.0,0.0,0.0,0.0,0.0,0.0,0.0,0.0,0.0,0.0,0.0,0.0,0.0,0.0,0.0,0.0,0.0,0.0,0.0044342188372707,0.0223158106349643,0.0483867549787051,SPY
2007-04-12,0.3187888114615787,-0.19332920993596517,0.03749568077678952,-0.6834384416889938,-0.34100608942131433,-0.3580666574217496,0.4391927365952803,0.4534554835746005,0.3509581042750411,0.7001950393128141,0.0,0.0,0.0,0.0,0.0,0.0,0.0,0.0,0.0,0.0,0.0,0.0,0.0,0.0,0.0,0.0,0.0,0.0,0.0,0.0,0.0,0.0,0.0,0.0,0.0,0.0,0.0,0.0,0.0045520270522647,0.0176095634651396,0.0334452919569816,SPY
2007-04-13,0.32778358184087214,-0.010023838066613286,0.16430274019161806,-0.6803435679415352,-0.3338115337203758,-0.3511699792633946,0.5262742972668636,0.62021159750587,-0.2211007762164645,1.414274966090755,0.0,0.0,0.0,0.0,0.0,0.0,0.0,0.0,0.0,0.0,0.0,0.0,0.0,0.0,0.0,0.0,0.0,0.0,0.0,0.0,0.0,0.0,0.0,0.0,0.0,0.0,0.0,0.0,0.0094512781187878,0.0224551407484083,0.0374141013638409,SPY
2007-04-16,0.7018461069044115,0.4760688531377302,0.23472245710823578,-0.6688724416758897,-0.3237176700990323,-0.3423672843879507,0.776063209254428,1.1228053392490858,-0.2481665771976139,-1.4420447410210082,0.0,0.0,0.0,0.0,0.0,0.0,0.0,0.0,0.0,0.0,0.0,0.0,0.0,0.0,0.0,0.0,0.0,0.0,0.0,0.0,0.0,0.0,0.0,0.0,0.0,0.0,0.0,0.0,0.0026552660484897,0.009227891175052,0.0257729419813292,SPY
2007-04-17,0.18296405720735445,0.7583265546139467,0.5426536393170412,-0.7240156669770313,-0.3131297481777569,-0.3349436712725794,0.7857350223770491,1.416130505884093,0.1962548495975899,-0.7279648142430675,0.0,0.0,0.0,0.0,0.0,0.0,0.0,0.0,0.0,0.0,0.0,0.0,0.0,0.0,0.0,0.0,0.0,0.0,0.0,0.0,0.0,0.0,0.0,0.0,0.0,0.0,0.0,0.0,0.0012230205781511,0.0069777693025949,0.0233828800299091,SPY
2007-04-18,0.07361073975716637,0.6516155569688559,0.5991281326118082,-0.7299437121397278,-0.3054412038148746,-0.32815579689126223,0.7490065054306737,2.216171695589539,-0.1782367795250047,-0.013884887465126573,0.0,0.0,0.0,0.0,0.0,0.0,0.0,0.0,0.0,0.0,0.0,0.0,0.0,0.0,0.0,0.0,0.0,0.0,0.0,0.0,0.0,0.0,0.0,0.0,0.0,0.0,0.0,0.0,-0.0002720283325539,0.0148947940466221,0.0289774800001678,SPY
2007-04-19,-0.040537680692877706,0.18869715591855624,0.801896260197365,-0.8847170769527821,-0.2981822561892975,-0.3239107027638693,0.6868291614611439,2.1686284253152786,0.0742601001194439,0.7001950393128141,0.0,0.0,0.0,0.0,0.0,0.0,0.0,0.0,0.0,0.0,0.0,0.0,0.0,0.0,0.0,0.0,0.0,0.0,0.0,0.0,0.0,0.0,0.0,0.0,0.0,0.0,0.0,0.0,0.0093976043355334,0.0163033500092621,0.0272688000656957,SPY
2007-04-20,0.6977480619948448,0.024008772310740813,0.6222226200561219,-0.8396586163694727,-0.2887753945151784,-0.3180492850326902,0.9726330073564592,2.2723611804402766,0.4447759482278383,1.414274966090755,0.0,0.0,0.0,0.0,0.0,0.0,0.0,0.0,0.0,0.0,0.0,0.0,0.0,0.0,0.0,0.0,0.0,0.0,0.0,0.0,0.0,0.0,0.0,0.0,0.0,0.0,0.0,0.0,-0.0037759714545684,0.0061033656147619,0.0265575700342086,SPY
2007-04-23,-0.30806710388488767,0.4839075082861764,0.8072155619170638,-0.8162871722201427,-0.2810009865152244,-0.313017654771172,0.7673295240829459,1.875676738463565,-0.4223368171655836,-1.4420447410210082,0.0,0.0,0.0,0.0,0.0,0.0,0.0,0.0,0.0,0.0,0.0,0.0,0.0,0.0,0.0,0.0,0.0,0.0,0.0,0.0,0.0,0.0,0.0,0.0,0.0,0.0,0.0,0.0,0.0004051441760326,0.0015524657926455,0.0298091983401542,SPY
2007-04-24,0.011165090817716184,0.2867771025589106,0.30222974325039265,-0.8218297239397173,-0.273462744139377,-0.3077166993516165,0.7182317381485561,1.682715561435103,0.2518798526647106,-0.7279648142430675,0.0,0.0,0.0,0.0,0.0,0.0,0.0,0.0,0.0,0.0,0.0,0.0,0.0,0.0,0.0,0.0,0.0,0.0,0.0,0.0,0.0,0.0,0.0,0.0,0.0,0.0,0.0,0.0,0.0091400453221783,0.0037066897634936,0.0286173781379384,SPY
2007-04-25,0.6780831839185198,-0.21913502500710036,0.21632529050979088,-0.7976132991398809,-0.2617365893325028,-0.3005840603530237,0.9792878758158112,1.8455470345976328,0.127091738450492,-0.013884887465126573,0.0,0.0,0.0,0.0,0.0,0.0,0.0,0.0,0.0,0.0,0.0,0.0,0.0,0.0,0.0,0.0,0.0,0.0,0.0,0.0,0.0,0.0,0.0,0.0,0.0,0.0,0.0,0.0,0.001136527630086,0.0004008624995197,0.0196085830080638,SPY
2007-04-26,0.06700692008878967,0.5075147917617326,0.5185789978731135,-0.8708684158660595,-0.251019929987275,-0.2921477091806792,0.919950968618504,1.819449215966506,-0.2459008921590279,0.7001950393128141,0.0,0.0,0.0,0.0,0.0,0.0,0.0,0.0,0.0,0.0,0.0,0.0,0.0,0.0,0.0,0.0,0.0,0.0,0.0,0.0,0.0,0.0,0.0,0.0,0.0,0.0,0.0,0.0,-0.0008023800589667,0.0046673187712702,0.0093779966365454,SPY
2007-04-27,-0.0810305444510457,0.5486621254995202,0.5723544091547117,-0.8631413740230852,-0.24197848203978245,-0.2840023204796266,0.79074558129216,1.712777765473373,0.1124693111290446,1.414274966090755,0.0,0.0,0.0,0.0,0.0,0.0,0.0,0.0,0.0,0.0,0.0,0.0,0.0,0.0,0.0,0.0,0.0,0.0,0.0,0.0,0.0,0.0,0.0,0.0,0.0,0.0,0.0,0.0,-0.0083268712766848,0.0092530061317228,0.0143423999159635,SPY
2007-04-30,-0.6555326768178901,-0.010694656573864286,0.18294257857888854,-0.7792569332589858,-0.23856366731967443,-0.2772251948820194,0.3946234298956496,0.963274357860979,-0.0342150220227196,-1.4420447410210082,0.0,0.0,0.0,0.0,0.0,0.0,0.0,0.0,0.0,0.0,0.0,0.0,0.0,0.0,0.0,0.0,0.0,0.0,0.0,0.0,0.0,0.0,0.0,0.0,0.0,0.0,0.0,0.0,0.0025593681468807,0.0177791681902501,0.0262883129329578,SPY
2007-05-01,0.17564216030166785,-0.5431016052854513,0.00919974114346212,-0.7799932978984832,-0.23517039394998554,-0.2702110137684784,0.4073265024272399,1.3471591644764345,0.5713757460805804,-0.7279648142430675,0.0,0.0,0.0,0.0,0.0,0.0,0.0,0.0,0.0,0.0,0.0,0.0,0.0,0.0,0.0,0.0,0.0,0.0,0.0,0.0,0.0,0.0,0.0,0.0,0.0,0.0,0.0,0.0,0.0058342180582044,0.013893766018973,0.0318412765276781,SPY
2007-05-02,0.425680096794522,-0.3539710273351442,0.09144303363424262,-0.8243063246250144,-0.23029545635907184,-0.2639080807211439,0.5521414148888569,1.384315589511004,-0.3378002572689356,-0.013884887465126573,0.0,0.0,0.0,0.0,0.0,0.0,0.0,0.0,0.0,0.0,0.0,0.0,0.0,0.0,0.0,0.0,0.0,0.0,0.0,0.0,0.0,0.0,0.0,0.0,0.0,0.0,0.0,0.0,0.0054029839018365,0.0107752877975988,0.0249636258573691,SPY
2007-05-03,0.3927549547198785,0.4427260618921029,-0.034765811070035894,-0.816751086037717,-0.22359458755547063,-0.2569046251003408,0.6729560598241185,1.4075552285194193,-0.360585130287212,0.7001950393128141,0.0,0.0,0.0,0.0,0.0,0.0,0.0,0.0,0.0,0.0,0.0,0.0,0.0,0.0,0.0,0.0,0.0,0.0,0.0,0.0,0.0,0.0,0.0,0.0,0.0,0.0,0.0,0.0,0.0037833073014859,-0.0051349402886904,0.0245055425703801,SPY
2007-05-04,0.2690910904502237,0.602706720249537,0.12811762900168516,-0.815109648754628,-0.21865528125258035,-0.24970734200816577,0.7305215983820799,1.2720120168788278,-0.1857253763793669,1.414274966090755,0.0,0.0,0.0,0.0,0.0,0.0,0.0,0.0,0.0,0.0,0.0,0.0,0.0,0.0,0.0,0.0,0.0,0.0,0.0,0.0,0.0,0.0,0.0,0.0,0.0,0.0,0.0,0.0,0.0001992907818424,-0.0003974111310522,0.0208517208193361,SPY
2007-05-07,-0.004552013567859413,0.4873233206040793,0.30318857425186774,-0.8125323047783407,-0.21244842432358613,-0.24269312595816628,0.6545919062778276,1.2027242102240638,-0.822629841974307,-1.4420447410210082,0.0,0.0,0.0,0.0,0.0,0.0,0.0,0.0,0.0,0.0,0.0,0.0,0.0,0.0,0.0,0.0,0.0,0.0,0.0,0.0,0.0,0.0,0.0,0.0,0.0,0.0,0.0,0.0,-0.0013260340243963,-0.0027865831766185,0.0166865448585875,SPY
2007-05-08,-0.12101202772439489,0.19456567577254494,0.6286977364803393,-0.804247418479105,-0.20680001761916073,-0.23607755818982698,0.526105312448286,1.0472585019228382,-0.4908578909920051,-0.7279648142430675,0.0,0.0,0.0,0.0,0.0,0.0,0.0,0.0,0.0,0.0,0.0,0.0,0.0,0.0,0.0,0.0,0.0,0.0,0.0,0.0,0.0,0.0,0.0,0.0,0.0,0.0,0.0,0.0,0.0027157398368302,-0.0011953450551525,0.0072043639188041,SPY
2007-05-09,0.18758128903721022,-0.09288377574457259,0.4803620612947862,-0.8346346980206512,-0.20319202712513715,-0.22838461991641787,0.5378330771899602,1.155727137284969,-0.0858968027431735,-0.013884887465126573,0.0,0.0,0.0,0.0,0.0,0.0,0.0,0.0,0.0,0.0,0.0,0.0,0.0,0.0,0.0,0.0,0.0,0.0,0.0,0.0,0.0,0.0,0.0,0.0,0.0,0.0,0.0,0.0,-0.0105072441844527,0.002906535656427,-0.0137214875480475,SPY
2007-05-10,-0.8220062427538778,0.04869061799631031,0.36130577004683573,-0.7261980613471241,-0.20334228268684765,-0.2230835946239449,0.08152854424119571,0.016987858348735608,0.8910867165365052,0.7001950393128141,0.0,0.0,0.0,0.0,0.0,0.0,0.0,0.0,0.0,0.0,0.0,0.0,0.0,0.0,0.0,0.0,0.0,0.0,0.0,0.0,0.0,0.0,0.0,0.0,0.0,0.0,0.0,0.0,0.008520836459124,0.0114330715738537,0.0097133119620398,SPY
2007-05-11,0.6308059924231688,-0.4678405073373228,-0.24610996750090172,-0.7017507847842677,-0.20048580212799794,-0.2171145609553146,0.3308023500552249,0.6188786929838669,0.0916802411784338,1.414274966090755,0.0,0.0,0.0,0.0,0.0,0.0,0.0,0.0,0.0,0.0,0.0,0.0,0.0,0.0,0.0,0.0,0.0,0.0,0.0,0.0,0.0,0.0,0.0,0.0,0.0,0.0,0.0,0.0,-0.0021898812637237,0.0115986094187761,0.0029122351147297,SPY
2007-05-14,-0.1869675942435232,-0.14124814764718116,-0.0652420533620364,-0.7327617376829335,-0.19567509397308805,-0.2129879247129721,0.2006378666747769,0.46147683608802964,-0.0373860602153981,-1.4420447410210082,0.0,0.0,0.0,0.0,0.0,0.0,0.0,0.0,0.0,0.0,0.0,0.0,0.0,0.0,0.0,0.0,0.0,0.0,0.0,0.0,0.0,0.0,0.0,0.0,0.0,0.0,0.0,0.0,0.0002652040970696,0.013264147533877,-0.00586333367798,SPY
2007-05-15,0.0004805313649097858,0.3266832856123681,-0.1564551203473359,-0.7334965785835906,-0.19159477223085034,-0.20923852070327228,0.1670084673619057,0.08202213971275661,1.3739146172126857,-0.7279648142430675,0.0,0.0,0.0,0.0,0.0,0.0,0.0,0.0,0.0,0.0,0.0,0.0,0.0,0.0,0.0,0.0,0.0,0.0,0.0,0.0,0.0,0.0,0.0,0.0,0.0,0.0,0.0,0.0,0.0068176205484098,0.0122122674106242,0.0087289484763894,SPY
2007-05-16,0.5007638215608592,-0.13777521168517307,-0.09570532644606092,-0.7136158230226292,-0.18717055489974435,-0.2045732574358257,0.3682975786737241,0.3420314648408698,0.019944767711993695,-0.013884887465126573,0.0,0.0,0.0,0.0,0.0,0.0,0.0,0.0,0.0,0.0,0.0,0.0,0.0,0.0,0.0,0.0,0.0,0.0,0.0,0.0,0.0,0.0,0.0,0.0,0.0,0.0,0.0,0.0,-0.001980708267026,0.0055258970545182,0.0082773307170018,SPY
2007-05-17,-0.1709970350177481,0.3689831531007524,0.06089499909572163,-0.7080467188739025,-0.18513048687927394,-0.20018804481915548,0.2430262115522585,0.26680089328455703,-0.2603902950774817,0.7001950393128141,0.0,0.0,0.0,0.0,0.0,0.0,0.0,0.0,0.0,0.0,0.0,0.0,0.0,0.0,0.0,0.0,0.0,0.0,0.0,0.0,0.0,0.0,0.0,0.0,0.0,0.0,0.0,0.0,0.0086863743040463,-0.001587453419888,0.015931805669072,SPY
2007-05-18,0.643444965895732,0.24262904284695694,0.3864184343929316,-0.715098873321413,-0.18147952974772175,-0.19587842305304187,0.5194626224313097,1.1315063970057,-0.3087140053316357,1.414274966090755,0.0,0.0,0.0,0.0,0.0,0.0,0.0,0.0,0.0,0.0,0.0,0.0,0.0,0.0,0.0,0.0,0.0,0.0,0.0,0.0,0.0,0.0,0.0,0.0,0.0,0.0,0.0,0.0,-0.0005243431486228,-0.0061118045034831,0.006069045888239,SPY
2007-05-21,-0.0598021592689176,0.3477643641763683,0.3927382867307025,-0.7302484190210174,-0.17806499357955813,-0.19105149714695277,0.4434981926048267,1.019750875902233,1.204473409021604,-1.4420447410210082,0.0,0.0,0.0,0.0,0.0,0.0,0.0,0.0,0.0,0.0,0.0,0.0,0.0,0.0,0.0,0.0,0.0,0.0,0.0,0.0,0.0,0.0,0.0,0.0,0.0,0.0,0.0,0.0,-0.0007866760261832,-0.0019684196145508,0.0090753186799004,SPY
2007-05-22,-0.0798315264630075,0.4296988695837516,0.4563246826711668,-0.7276485416930535,-0.17447847479796855,-0.18641845693966477,0.3601580363690709,0.7656321190335676,-0.6977894570247648,-0.7279648142430675,0.0,0.0,0.0,0.0,0.0,0.0,0.0,0.0,0.0,0.0,0.0,0.0,0.0,0.0,0.0,0.0,0.0,0.0,0.0,0.0,0.0,0.0,0.0,0.0,0.0,0.0,0.0,0.0,0.0001312501923038,0.0069305881532333,-0.0041324359276702,SPY
2007-05-23,-0.009746977937726413,-0.10325106426087179,0.4161663306090737,-0.7696721436906342,-0.17172942243927264,-0.18322921245894858,0.3281886751219859,0.5490148105245533,0.4711941811737617,-0.013884887465126573,0.0,0.0,0.0,0.0,0.0,0.0,0.0,0.0,0.0,0.0,0.0,0.0,0.0,0.0,0.0,0.0,0.0,0.0,0.0,0.0,0.0,0.0,0.0,0.0,0.0,0.0,0.0,0.0,-0.0090940587414323,0.0057559053488249,0.0012784156361815,SPY
2007-05-24,-0.7141081766981617,-0.06636765126338219,0.16089616356027986,-0.70530945108115,-0.16855095904456813,-0.18171000056411207,-0.029053063831778088,-0.2864461194981491,1.7135353341295434,0.7001950393128141,0.0,0.0,0.0,0.0,0.0,0.0,0.0,0.0,0.0,0.0,0.0,0.0,0.0,0.0,0.0,0.0,0.0,0.0,0.0,0.0,0.0,0.0,0.0,0.0,0.0,0.0,0.0,0.0,0.0041620232204513,0.0197948647051049,0.0009185765285355,SPY
2007-05-25,0.2980064146510901,-0.5337376022479786,-0.11067511759378801,-0.6984528126796049,-0.16676838908466585,-0.1793826501583552,0.09930154080314191,-0.0761826084088514,-0.6969353867957421,1.414274966090755,0.0,0.0,0.0,0.0,0.0,0.0,0.0,0.0,0.0,0.0,0.0,0.0,0.0,0.0,0.0,0.0,0.0,0.0,0.0,0.0,0.0,0.0,0.0,0.0,0.0,0.0,0.0,0.0,0.0036190417403094,0.0157623270350955,-0.0080371290083665,SPY
2007-05-29,0.25654925706378573,-0.3069679616562075,-0.28340438555035985,-0.7513126837613041,-0.16309596024067963,-0.17512677231079288,0.1856291631555049,0.17078182743670342,-0.7041135440803021,-0.7279648142430675,0.0,0.0,0.0,0.0,0.0,0.0,0.0,0.0,0.0,0.0,0.0,0.0,0.0,0.0,0.0,0.0,0.0,0.0,0.0,0.0,0.0,0.0,0.0,0.0,0.0,0.0,0.0,0.0,0.0081123317416009,0.0081774001158798,-0.0219878901480923,SPY
2007-05-30,0.5996162648378254,0.4082658674181645,-0.1252195264392699,-0.7224993688540418,-0.15684611346149263,-0.16994426313080108,0.4303290586322035,0.3886897504018195,0.4739517905596613,-0.013884887465126573,0.0,0.0,0.0,0.0,0.0,0.0,0.0,0.0,0.0,0.0,0.0,0.0,0.0,0.0,0.0,0.0,0.0,0.0,0.0,0.0,0.0,0.0,0.0,0.0,0.0,0.0,0.0,0.0,-0.0010434326121044,-0.0107431465899008,-0.0159709607838198,SPY
2007-05-31,-0.09943513843395668,0.6305086077838781,0.21452402326947248,-0.7313334926416689,-0.15315216647974883,-0.16587148726187148,0.3441661067134302,1.0314024924754521,0.1329938686154649,0.7001950393128141,0.0,0.0,0.0,0.0,0.0,0.0,0.0,0.0,0.0,0.0,0.0,0.0,0.0,0.0,0.0,0.0,0.0,0.0,0.0,0.0,0.0,0.0,0.0,0.0,0.0,0.0,0.0,0.0,0.0049449006148476,-0.0279098256078178,-0.0150611328125966,SPY
2007-06-01,0.35777985573151855,0.368199709271872,0.16967734865521875,-0.7337283913605003,-0.14718170730148175,-0.16185271151219038,0.4839409632116607,0.9178595826622229,-0.0427401218990833,1.414274966090755,0.0,0.0,0.0,0.0,0.0,0.0,0.0,0.0,0.0,0.0,0.0,0.0,0.0,0.0,0.0,0.0,0.0,0.0,0.0,0.0,0.0,0.0,0.0,0.0,0.0,0.0,0.0,0.0,0.0001294855504418,-0.0199271708970307,-0.0196732357324185,SPY
2007-06-04,-0.009881710038974112,0.19000133064891422,0.705652370857834,-0.7377376057753054,-0.14400322069411514,-0.1584264697429689,0.4493500648047634,1.1110991204745002,-0.7718248016909655,-1.4420447410210082,0.0,0.0,0.0,0.0,0.0,0.0,0.0,0.0,0.0,0.0,0.0,0.0,0.0,0.0,0.0,0.0,0.0,0.0,0.0,0.0,0.0,0.0,0.0,0.0,0.0,0.0,0.0,0.0,-0.0039658851789061,-0.0183368968356587,-0.0108029233042739,SPY
2007-06-05,-0.32256719916585813,0.2559892263470379,0.5516994023816238,-0.7221895218674703,-0.14196282769637583,-0.15568980379024389,0.2689397872890851,0.7646224154778176,0.4449624659136308,-0.7279648142430675,0.0,0.0,0.0,0.0,0.0,0.0,0.0,0.0,0.0,0.0,0.0,0.0,0.0,0.0,0.0,0.0,0.0,0.0,0.0,0.0,0.0,0.0,0.0,0.0,0.0,0.0,0.0,0.0,-0.0108082149641797,-0.0253364617131861,-0.0032201846958574,SPY
2007-06-06,-0.8449856508932776,-0.24532793483493917,0.26212442244457335,-0.6439442382589317,-0.14320846556946723,-0.15451541474011368,-0.1472748114166526,-0.2556327410696326,1.3209481088521662,-0.013884887465126573,0.0,0.0,0.0,0.0,0.0,0.0,0.0,0.0,0.0,0.0,0.0,0.0,0.0,0.0,0.0,0.0,0.0,0.0,0.0,0.0,0.0,0.0,0.0,0.0,0.0,0.0,0.0,0.0,-0.0182101116300215,0.0003292395024327,0.0065372675806578,SPY
2007-06-07,-1.4101275714621937,-0.8606784885080414,-0.4602183227233628,-0.47573274625676154,-0.15038159598329573,-0.1567349162986973,-0.7914531574177315,-0.9465667715684911,2.836192703532923,0.7001950393128141,0.0,0.0,0.0,0.0,0.0,0.0,0.0,0.0,0.0,0.0,0.0,0.0,0.0,0.0,0.0,0.0,0.0,0.0,0.0,0.0,0.0,0.0,0.0,0.0,0.0,0.0,0.0,0.0,0.0129275553256347,0.0249053539214765,0.0299901159591424,SPY
2007-06-08,0.9672632108979832,-1.6620528378625086,-1.1156024530048871,-0.4465514406154559,-0.15042451619550043,-0.15516185567593357,-0.3352809447141657,-0.7529391180640193,1.639213501829322,1.414274966090755,0.0,0.0,0.0,0.0,0.0,0.0,0.0,0.0,0.0,0.0,0.0,0.0,0.0,0.0,0.0,0.0,0.0,0.0,0.0,0.0,0.0,0.0,0.0,0.0,0.0,0.0,0.0,0.0,0.0017197596118139,0.0176515652808859,0.0178472841698527,SPY
2007-06-11,0.11153724213610985,-0.3266881174471206,-0.8108431451908048,-0.47763466674999105,-0.15126216831969233,-0.15468780287149447,-0.2771517872714395,-0.6592689255541051,-0.1945085176455682,-1.4420447410210082,0.0,0.0,0.0,0.0,0.0,0.0,0.0,0.0,0.0,0.0,0.0,0.0,0.0,0.0,0.0,0.0,0.0,0.0,0.0,0.0,0.0,0.0,0.0,0.0,0.0,0.0,0.0,0.0,-0.0109654500564335,0.0147554201922854,0.0017859087434262,SPY
2007-06-12,-0.8569907012241224,0.7945582804500032,-0.7501301568758395,-0.42397804631692054,-0.15682457211107345,-0.15563597835328957,-0.669374361365393,-0.9729783370417912,2.7924641809506605,-0.7279648142430675,0.0,0.0,0.0,0.0,0.0,0.0,0.0,0.0,0.0,0.0,0.0,0.0,0.0,0.0,0.0,0.0,0.0,0.0,0.0,0.0,0.0,0.0,0.0,0.0,0.0,0.0,0.0,0.0,0.0148574862514392,0.0282027998917575,0.0198164660702193,SPY
2007-06-13,1.1146152909408973,-0.5496524218923734,-1.0173573669156781,-0.32859961661319304,-0.16023938683118155,-0.1542136801941384,-0.1384837606536069,-0.4481158608050816,1.7643162522796745,-0.013884887465126573,0.0,0.0,0.0,0.0,0.0,0.0,0.0,0.0,0.0,0.0,0.0,0.0,0.0,0.0,0.0,0.0,0.0,0.0,0.0,0.0,0.0,0.0,0.0,0.0,0.0,0.0,0.0,0.0,0.0063660027890222,-0.0006491169934355,0.0206262419613896,SPY
2007-06-14,0.4662823718155306,0.18947070100645413,-0.03750021156794389,-0.33092590142171624,-0.16122720166643584,-0.15285604941954148,0.08282892738543941,0.022929447426548708,0.7065615737271509,0.7001950393128141,0.0,0.0,0.0,0.0,0.0,0.0,0.0,0.0,0.0,0.0,0.0,0.0,0.0,0.0,0.0,0.0,0.0,0.0,0.0,0.0,0.0,0.0,0.0,0.0,0.0,0.0,0.0,0.0,0.0056737666850441,-0.001473018026302,0.0172347434409037,SPY
2007-06-15,0.413429480326963,1.1645311435696368,0.9007590380757092,-0.32300967538645314,-0.16197936155614803,-0.15023809755256168,0.2651039904032855,0.064977681743277,0.8738453168936497,1.414274966090755,0.0,0.0,0.0,0.0,0.0,0.0,0.0,0.0,0.0,0.0,0.0,0.0,0.0,0.0,0.0,0.0,0.0,0.0,0.0,0.0,0.0,0.0,0.0,0.0,0.0,0.0,0.0,0.0,-0.0011763854767865,-0.0166006825604245,0.0114322543712201,SPY
2007-06-18,-0.10958621736462099,0.6478588400625924,0.6238261523091806,-0.34957311443545047,-0.16316253415555443,-0.14923707485464768,0.2096235945488166,-0.07384703293374999,-0.5577342815266747,-1.4420447410210082,0.0,0.0,0.0,0.0,0.0,0.0,0.0,0.0,0.0,0.0,0.0,0.0,0.0,0.0,0.0,0.0,0.0,0.0,0.0,0.0,0.0,0.0,0.0,0.0,0.0,0.0,0.0,0.0,0.0024819296430385,-0.0202179794000887,0.0120919154740546,SPY
2007-06-19,0.16972965614724964,0.22352716365780484,0.5132580262272228,-0.34803906382008654,-0.16221631641076623,-0.14773873167098048,0.2854969902180748,-0.2429861787445184,-0.0810679899603418,-0.7279648142430675,0.0,0.0,0.0,0.0,0.0,0.0,0.0,0.0,0.0,0.0,0.0,0.0,0.0,0.0,0.0,0.0,0.0,0.0,0.0,0.0,0.0,0.0,0.0,0.0,0.0,0.0,0.0,0.0,-0.0139944306337538,-0.0330316284425435,0.0077986482534058,SPY
2007-06-20,-1.0882562778880547,0.04395571823315612,1.026647904357148,-0.26681107627312206,-0.16232061090153824,-0.14841597491764957,-0.2279800644416552,-0.6297055878974896,1.336979435632693,-0.013884887465126573,0.0,0.0,0.0,0.0,0.0,0.0,0.0,0.0,0.0,0.0,0.0,0.0,0.0,0.0,0.0,0.0,0.0,0.0,0.0,0.0,0.0,0.0,0.0,0.0,0.0,0.0,0.0,0.0,0.0055421017561556,-0.0049079367029163,0.0256696444636075,SPY
2007-06-21,0.4033767365313085,-0.677182255310954,-0.0748516014599921,-0.25445444388145666,-0.15472867763827533,-0.1482058670566506,-0.02482026690212139,-0.6124873238190423,1.8397310148561967,0.7001950393128141,0.0,0.0,0.0,0.0,0.0,0.0,0.0,0.0,0.0,0.0,0.0,0.0,0.0,0.0,0.0,0.0,0.0,0.0,0.0,0.0,0.0,0.0,0.0,0.0,0.0,0.0,0.0,0.0,-0.0094538978490783,-0.0105836430999533,0.0099517302751124,SPY
2007-06-22,-0.7415822382220587,-0.5050182248893547,-0.10630623874305001,-0.25183524526141393,-0.15438761399418244,-0.14805629243262497,-0.3764090365025588,-0.8437615805639727,1.762961429918147,1.414274966090755,0.0,0.0,0.0,0.0,0.0,0.0,0.0,0.0,0.0,0.0,0.0,0.0,0.0,0.0,0.0,0.0,0.0,0.0,0.0,0.0,0.0,0.0,0.0,0.0,0.0,0.0,0.0,0.0,-0.0047936823164507,-0.0007969475558491,0.0224629193722565,SPY
2007-06-25,-0.3857703057847753,-0.24956970906229617,-0.6838455084840852,-0.25087337348800903,-0.15615776517986685,-0.14936459292791787,-0.5379506216930199,-0.8601186319596191,2.1651016604260667,-1.4420447410210082,0.0,0.0,0.0,0.0,0.0,0.0,0.0,0.0,0.0,0.0,0.0,0.0,0.0,0.0,0.0,0.0,0.0,0.0,0.0,0.0,0.0,0.0,0.0,0.0,0.0,0.0,0.0,0.0,-0.0103317193994163,0.0129965327391881,0.009763111612469,SPY
2007-06-26,-0.808604756810324,-0.8310566900983657,-0.8219455417379888,-0.2229014667962237,-0.15770598010330514,-0.15293189647079308,-0.8754084774039009,-0.8451840036391928,1.4596919530085763,-0.7279648142430675,0.0,0.0,0.0,0.0,0.0,0.0,0.0,0.0,0.0,0.0,0.0,0.0,0.0,0.0,0.0,0.0,0.0,0.0,0.0,0.0,0.0,0.0,0.0,0.0,0.0,0.0,0.0,0.0,0.0141292611058734,0.0269451055681146,0.022141869104109,SPY
2007-06-27,1.0590146015566677,-0.8804425711896032,-1.3111410480241499,-0.168897523879055,-0.15951368937625143,-0.15555196781625047,-0.3288696965594284,0.01013371771366191,1.661939280077432,-0.013884887465126573,0.0,0.0,0.0,0.0,0.0,0.0,0.0,0.0,0.0,0.0,0.0,0.0,0.0,0.0,0.0,0.0,0.0,0.0,0.0,0.0,0.0,0.0,0.0,0.0,0.0,0.0,0.0,0.0,-0.0001336046408813,0.0117650817745769,-0.0159513806856814,SPY
2007-06-28,-0.029968898866308408,0.18415447976143962,-0.23744349523343122,-0.1687735645097741,-0.16344798026127944,-0.1580213232800406,-0.3059729047522442,-0.3424792242809487,0.6119317823206158,0.7001950393128141,0.0,0.0,0.0,0.0,0.0,0.0,0.0,0.0,0.0,0.0,0.0,0.0,0.0,0.0,0.0,0.0,0.0,0.0,0.0,0.0,0.0,0.0,0.0,0.0,0.0,0.0,0.0,0.0,0.0003327976950258,0.0171414231639213,-0.035672667902638,SPY
2007-06-29,0.005641367498088385,0.7578962415419332,-0.4541288481122861,-0.1805964389860881,-0.16914223197333314,-0.1612554028824094,-0.257171748711645,-0.3854986614161835,1.3347661716053094,1.414274966090755,0.0,0.0,0.0,0.0,0.0,0.0,0.0,0.0,0.0,0.0,0.0,0.0,0.0,0.0,0.0,0.0,0.0,0.0,0.0,0.0,0.0,0.0,0.0,0.0,0.0,0.0,0.0,0.0,0.0089997979785865,0.0175933490052404,-0.0204837568911218,SPY
2007-07-02,0.6673751645161515,-0.018287142456076485,-0.0804954306756106,-0.1463713662006972,-0.17151505350486893,-0.16303939819568808,0.09727522069661472,0.24362844911068762,-0.4543619933962521,-1.4420447410210082,0.0,0.0,0.0,0.0,0.0,0.0,0.0,0.0,0.0,0.0,0.0,0.0,0.0,0.0,0.0,0.0,0.0,0.0,0.0,0.0,0.0,0.0,0.0,0.0,0.0,0.0,0.0,0.0,0.0036168534295102,-0.0057480647879586,-0.0408106267707095,SPY
2007-07-03,0.2563821774322139,0.4955543502137664,0.4461077683055754,-0.1454177086178474,-0.17352106855005253,-0.16357108451105018,0.2385562192111341,-0.0793599395938289,-1.3791693272216754,-0.7279648142430675,0.0,0.0,0.0,0.0,0.0,0.0,0.0,0.0,0.0,0.0,0.0,0.0,0.0,0.0,0.0,0.0,0.0,0.0,0.0,0.0,0.0,0.0,0.0,0.0,0.0,0.0,0.0,0.0,-0.0010507626876643,-0.0022998109471092,-0.0395673498632129,SPY
2007-07-05,-0.09999479674409678,0.68031398152812,0.9786320417898794,-0.1880235757161301,-0.17127800579960223,-0.16249809270877047,0.1869430560942995,-0.34613161436897616,-0.7396663079338619,0.7001950393128141,0.0,0.0,0.0,0.0,0.0,0.0,0.0,0.0,0.0,0.0,0.0,0.0,0.0,0.0,0.0,0.0,0.0,0.0,0.0,0.0,0.0,0.0,0.0,0.0,0.0,0.0,0.0,0.0,0.005242736748463,0.0144182138831645,-0.0305578834447448,SPY
2007-07-06,0.3805199306292116,0.11487355257918781,0.3990938165340238,-0.3236950511230702,-0.16912127093946544,-0.15760731460215657,0.3273592714545761,-0.3629139690369709,-0.8809812972414611,1.414274966090755,0.0,0.0,0.0,0.0,0.0,0.0,0.0,0.0,0.0,0.0,0.0,0.0,0.0,0.0,0.0,0.0,0.0,0.0,0.0,0.0,0.0,0.0,0.0,0.0,0.0,0.0,0.0,0.0,0.0007847235363449,0.0121499814032377,-0.0618831152646235,SPY
2007-07-09,0.04014633959482498,0.20634508255827871,0.6043501052940377,-0.38236308918931133,-0.16362107708248644,-0.15467683282354658,0.3232249294083983,-0.28660707044331296,-1.0216250575388526,-1.4420447410210082,0.0,0.0,0.0,0.0,0.0,0.0,0.0,0.0,0.0,0.0,0.0,0.0,0.0,0.0,0.0,0.0,0.0,0.0,0.0,0.0,0.0,0.0,0.0,0.0,0.0,0.0,0.0,0.0,-0.0143416158146125,0.0112365354822534,-0.046047223208002,SPY
2007-07-10,-1.1147641999466011,0.3096087861762003,0.6216035894510801,-0.29054448034955477,-0.16127009866597805,-0.15438543946926708,-0.2145444972866817,-0.8616817405912107,0.9596759203864292,-0.7279648142430675,0.0,0.0,0.0,0.0,0.0,0.0,0.0,0.0,0.0,0.0,0.0,0.0,0.0,0.0,0.0,0.0,0.0,0.0,0.0,0.0,0.0,0.0,0.0,0.0,0.0,0.0,0.0,0.0,0.0070651072703595,0.0250614269229139,-0.0210922070581744,SPY
2007-07-11,0.5196596705131158,-0.7921988722898196,-0.26951764386554916,-0.32734405662480875,-0.15328946937601304,-0.15115838209504337,0.011113171105731512,-0.13596738333473588,0.8424628828183994,-0.013884887465126573,0.0,0.0,0.0,0.0,0.0,0.0,0.0,0.0,0.0,0.0,0.0,0.0,0.0,0.0,0.0,0.0,0.0,0.0,0.0,0.0,0.0,0.0,0.0,0.0,0.0,0.0,0.0,0.0,0.0156672621426094,0.016184982074944,-0.014313575221589,SPY
2007-07-12,1.1764424580882367,-0.4388670542500759,-0.1378712816241219,-0.31776795539609975,-0.14468351418199704,-0.14774779185919928,0.5596165986400389,0.17642242114252152,0.0593394694228636,0.7001950393128141,0.0,0.0,0.0,0.0,0.0,0.0,0.0,0.0,0.0,0.0,0.0,0.0,0.0,0.0,0.0,0.0,0.0,0.0,0.0,0.0,0.0,0.0,0.0,0.0,0.0,0.0,0.0,0.0,0.0029745042685362,0.0043942855087824,-0.0600621000733978,SPY
2007-07-13,0.2073382019625303,1.249420135676142,0.5003842686764476,-0.32825176839804043,-0.13504222783342765,-0.1448846675724434,0.6391280178144861,0.6474788221002141,-0.3609380182084239,1.414274966090755,0.0,0.0,0.0,0.0,0.0,0.0,0.0,0.0,0.0,0.0,0.0,0.0,0.0,0.0,0.0,0.0,0.0,0.0,0.0,0.0,0.0,0.0,0.0,0.0,0.0,0.0,0.0,0.0,-0.0001287223846393,-0.0087560311920933,-0.0677251851741624,SPY
2007-07-16,-0.029596133912422107,1.019284485256397,0.4137883947988273,-0.33824818788167044,-0.12555189342643264,-0.14298022299598337,0.6123345033538998,0.8708546592349757,-0.6099364309759696,-1.4420447410210082,0.0,0.0,0.0,0.0,0.0,0.0,0.0,0.0,0.0,0.0,0.0,0.0,0.0,0.0,0.0,0.0,0.0,0.0,0.0,0.0,0.0,0.0,0.0,0.0,0.0,0.0,0.0,0.0,-0.0005167243739521,-0.0055700175593882,-0.0640095678108458,SPY
2007-07-17,-0.0592204585043486,0.13060886174115752,0.3789151406383296,-0.33904522745056326,-0.11916734356913614,-0.14096759185325128,0.5696673579959315,1.4251799802519354,-0.0904963285797562,-0.7279648142430675,0.0,0.0,0.0,0.0,0.0,0.0,0.0,0.0,0.0,0.0,0.0,0.0,0.0,0.0,0.0,0.0,0.0,0.0,0.0,0.0,0.0,0.0,0.0,0.0,0.0,0.0,0.0,0.0,-0.0018113375776103,-0.0225467832616743,-0.0788966962449748,SPY
2007-07-18,-0.1580654201863508,-0.06580623257255719,0.9067175445638143,-0.3384595342434293,-0.11457311670088054,-0.13966912014826288,0.4864145066665468,0.9851720031102965,1.8898315990236916,-0.013884887465126573,0.0,0.0,0.0,0.0,0.0,0.0,0.0,0.0,0.0,0.0,0.0,0.0,0.0,0.0,0.0,0.0,0.0,0.0,0.0,0.0,0.0,0.0,0.0,0.0,0.0,0.0,0.0,0.0,0.0038765655764478,-0.0186884075918403,-0.090956142162569,SPY
2007-07-19,0.27621144932582525,-0.16046947456106747,0.5678353949874799,-0.43116793628409333,-0.10833972769911654,-0.1354165962007104,0.5840044492534453,1.0996570254579079,0.1991683324121492,0.7001950393128141,0.0,0.0,0.0,0.0,0.0,0.0,0.0,0.0,0.0,0.0,0.0,0.0,0.0,0.0,0.0,0.0,0.0,0.0,0.0,0.0,0.0,0.0,0.0,0.0,0.0,0.0,0.0,0.0,-0.0101758124323394,-0.0465289618522053,-0.0873455881918232,SPY
2007-07-20,-0.7967011101125091,0.08669521968258181,0.11769385005837694,-0.38576662168462733,-0.10721795259093944,-0.13377181102878957,0.1826823971595015,0.47939392479325693,1.9026764922400672,1.414274966090755,0.0,0.0,0.0,0.0,0.0,0.0,0.0,0.0,0.0,0.0,0.0,0.0,0.0,0.0,0.0,0.0,0.0,0.0,0.0,0.0,0.0,0.0,0.0,0.0,0.0,0.0,0.0,0.0,0.0030572912480657,-0.0562080412777037,-0.0589691539820691,SPY
2007-07-23,0.2136590673733257,-0.3838867116988424,-0.3843548493397313,-0.43092818169085934,-0.10534144098755784,-0.13007101527825338,0.2551305532999186,0.28997352794281034,-0.2795501236557465,-1.4420447410210082,0.0,0.0,0.0,0.0,0.0,0.0,0.0,0.0,0.0,0.0,0.0,0.0,0.0,0.0,0.0,0.0,0.0,0.0,0.0,0.0,0.0,0.0,0.0,0.0,0.0,0.0,0.0,0.0,-0.0174934900762382,-0.0437436238192274,-0.0625098183357346,SPY
2007-07-24,-1.3554128274567645,-0.4299787500487812,-0.26272021217105207,-0.29986760670336615,-0.10452184831447153,-0.12848038161689937,-0.4123399326992858,-0.5911645733821186,1.974818387605397,-0.7279648142430675,0.0,0.0,0.0,0.0,0.0,0.0,0.0,0.0,0.0,0.0,0.0,0.0,0.0,0.0,0.0,0.0,0.0,0.0,0.0,0.0,0.0,0.0,0.0,0.0,0.0,0.0,0.0,0.0,0.0020470380922237,-0.0375772056439904,-0.0430130953613838,SPY
2007-07-25,0.13652526849335644,-0.8416682988488099,-0.9108538909783146,-0.35073774180698164,-0.10534151062554344,-0.12488781901457806,-0.3770030429624575,-0.47609982312493676,1.9884085400535727,-0.013884887465126573,0.0,0.0,0.0,0.0,0.0,0.0,0.0,0.0,0.0,0.0,0.0,0.0,0.0,0.0,0.0,0.0,0.0,0.0,0.0,0.0,0.0,0.0,0.0,0.0,0.0,0.0,0.0,0.0,-0.0239639886839171,-0.0347641133992073,-0.0332621663916476,SPY
2007-07-26,-1.849441611600332,-0.898504727855656,-0.7635500251557924,-0.197232084024175,-0.11908099246616054,-0.1274632415661623,-1.2211945005894254,-1.3150172659049262,4.109212600890064,0.7001950393128141,0.0,0.0,0.0,0.0,0.0,0.0,0.0,0.0,0.0,0.0,0.0,0.0,0.0,0.0,0.0,0.0,0.0,0.0,0.0,0.0,0.0,0.0,0.0,0.0,0.0,0.0,0.0,0.0,-0.0198548918578378,-0.0028414209844864,-0.0101852221819163,SPY
2007-07-27,-1.5357081218029585,-1.2625323308654093,-1.8264380433590297,-0.07553062269096118,-0.14008889269848573,-0.13316572170245658,-1.8677350351310675,-1.6751736859698676,3.0981337366595243,1.414274966090755,0.0,0.0,0.0,0.0,0.0,0.0,0.0,0.0,0.0,0.0,0.0,0.0,0.0,0.0,0.0,0.0,0.0,0.0,0.0,0.0,0.0,0.0,0.0,0.0,0.0,0.0,0.0,0.0,0.015521708706542,-0.0090690241980642,0.0219472426226481,SPY
2007-07-30,1.165329313428417,-2.4947259444374037,-2.1959629261034026,0.017188148225070726,-0.15615781160519085,-0.13646611070292528,-1.2788845594039633,-0.9287510595790643,1.426197979158079,-1.4420447410210082,0.0,0.0,0.0,0.0,0.0,0.0,0.0,0.0,0.0,0.0,0.0,0.0,0.0,0.0,0.0,0.0,0.0,0.0,0.0,0.0,0.0,0.0,0.0,0.0,0.0,0.0,0.0,0.0,-0.0113270719010012,-0.0079701173116397,-0.002921958435337,SPY
2007-07-31,-0.884600876424457,-0.2732767724742074,-1.7201002745699694,0.012435764763558925,-0.17563458143337685,-0.14303430463363398,-1.6126334597891272,-1.3508494953679813,1.7188970547824092,-0.7279648142430675,0.0,0.0,0.0,0.0,0.0,0.0,0.0,0.0,0.0,0.0,0.0,0.0,0.0,0.0,0.0,0.0,0.0,0.0,0.0,0.0,0.0,0.0,0.0,0.0,0.0,0.0,0.0,0.0,0.0048601303370068,0.0139703549245764,-0.0138201809135551,SPY
2007-08-01,0.35130756358953386,0.20649488748748562,-1.4846806801037438,0.01736091809282563,-0.19297604168853524,-0.14942942334927847,-1.369476964787142,-1.7465326323287642,2.996352524427805,-0.013884887465126573,0.0,0.0,0.0,0.0,0.0,0.0,0.0,0.0,0.0,0.0,0.0,0.0,0.0,0.0,0.0,0.0,0.0,0.0,0.0,0.0,0.0,0.0,0.0,0.0,0.0,0.0,0.0,0.0,0.0079587037308037,0.0229539636945146,0.0007512187637361,SPY
2007-08-02,0.587886618641091,-0.3933211473319284,-1.3772833196518688,0.04675308189274073,-0.20908792723276945,-0.1543853346598925,-1.028429026686227,-1.571379088131424,1.22388726808989,0.7001950393128141,0.0,0.0,0.0,0.0,0.0,0.0,0.0,0.0,0.0,0.0,0.0,0.0,0.0,0.0,0.0,0.0,0.0,0.0,0.0,0.0,0.0,0.0,0.0,0.0,0.0,0.0,0.0,0.0,-0.0260824950714155,-0.0150860027454884,-0.0098729117734617,SPY
2007-08-03,-2.0111916092858517,0.6916886952014071,-0.1585487011138044,0.19661817978811935,-0.23000977812672674,-0.16431877130340097,-1.8527951482964375,-1.8928110618901346,1.766141776949675,1.414274966090755,0.0,0.0,0.0,0.0,0.0,0.0,0.0,0.0,0.0,0.0,0.0,0.0,0.0,0.0,0.0,0.0,0.0,0.0,0.0,0.0,0.0,0.0,0.0,0.0,0.0,0.0,0.0,0.0,0.0166206155929664,0.0063079114936988,0.0260146829238712,SPY
2007-08-06,1.2492319097975686,-1.0491307441056477,-0.3963041989366068,0.29517430807715006,-0.24674724491429484,-0.1717743163417774,-1.1779435879368017,-1.4275739648024748,1.378992144728967,-1.4420447410210082,0.0,0.0,0.0,0.0,0.0,0.0,0.0,0.0,0.0,0.0,0.0,0.0,0.0,0.0,0.0,0.0,0.0,0.0,0.0,0.0,0.0,0.0,0.0,0.0,0.0,0.0,0.0,0.0,0.0106134003352149,-0.0067258091205903,0.0194391938546205,SPY
2007-08-07,0.7905752544428044,-0.5618151284399879,-0.35435047374211726,0.29271673466981374,-0.2543608355912878,-0.17518277545365718,-0.7553322718254137,-1.1507585681131864,0.4923066646914217,-0.7279648142430675,0.0,0.0,0.0,0.0,0.0,0.0,0.0,0.0,0.0,0.0,0.0,0.0,0.0,0.0,0.0,0.0,0.0,0.0,0.0,0.0,0.0,0.0,0.0,0.0,0.0,0.0,0.0,0.0,0.013843739106945,-0.0327430622638864,0.0001352359831727,SPY
2007-08-08,1.0372147226710686,1.502680925901058,0.4832860487029336,0.3330508931476914,-0.2582001170503795,-0.17752010604103888,-0.220564610261476,-0.940024415943216,0.861846519530799,-0.013884887465126573,0.0,0.0,0.0,0.0,0.0,0.0,0.0,0.0,0.0,0.0,0.0,0.0,0.0,0.0,0.0,0.0,0.0,0.0,0.0,0.0,0.0,0.0,0.0,0.0,0.0,0.0,0.0,0.0,-0.0300812627091993,-0.060457584866036,-0.0114108321251586,SPY
2007-08-09,-2.3165013595765838,1.3464549914945645,0.8262594691490412,0.45564506428557405,-0.2638726881360416,-0.18725887673817548,-1.2089811370053498,-1.179883124206063,1.565562513248522,0.7001950393128141,0.0,0.0,0.0,0.0,0.0,0.0,0.0,0.0,0.0,0.0,0.0,0.0,0.0,0.0,0.0,0.0,0.0,0.0,0.0,0.0,0.0,0.0,0.0,0.0,0.0,0.0,0.0,0.0,-0.0046885808322283,-0.022889202609643,0.0046661848467799,SPY
2007-08-10,-0.3777457065057557,-0.943010093277587,-0.6260185337890501,0.44694221855656785,-0.2647356884872355,-0.1982312188460225,-1.2557605553209623,-1.29231726279569,1.9320880298000715,1.414274966090755,0.0,0.0,0.0,0.0,0.0,0.0,0.0,0.0,0.0,0.0,0.0,0.0,0.0,0.0,0.0,0.0,0.0,0.0,0.0,0.0,0.0,0.0,0.0,0.0,0.0,0.0,0.0,0.0,0.0035868949786772,0.0,0.0074361314973927,SPY
2007-08-13,0.25409482093355285,-1.9856308269658645,0.19075166750225078,0.45600756022729155,-0.2693731141196416,-0.20861931855954177,-1.0102229368375402,-1.012051230537105,-0.0921282335676425,-1.4420447410210082,0.0,0.0,0.0,0.0,0.0,0.0,0.0,0.0,0.0,0.0,0.0,0.0,0.0,0.0,0.0,0.0,0.0,0.0,0.0,0.0,0.0,0.0,0.0,0.0,0.0,0.0,0.0,0.0,-0.015403852808081,-0.004070268084277,0.0154420856849046,SPY
2007-08-14,-1.195867014764115,-0.09147405729635538,-0.30684566278002356,0.48739806419935294,-0.2752183874112545,-0.22132305331975868,-1.4225029401262217,-1.2315209394734883,0.6122386003213603,-0.7279648142430675,0.0,0.0,0.0,0.0,0.0,0.0,0.0,0.0,0.0,0.0,0.0,0.0,0.0,0.0,0.0,0.0,0.0,0.0,0.0,0.0,0.0,0.0,0.0,0.0,0.0,0.0,0.0,0.0,-0.0138707834952045,0.0133368176219166,0.0334190593662055,SPY
2007-08-15,-1.0788157000865464,-0.6943108724280603,-1.3001242582402635,0.5079482806230966,-0.28684393854062873,-0.23585542054164177,-1.754965909335853,-1.1048955921431238,1.1045943916306011,-0.013884887465126573,0.0,0.0,0.0,0.0,0.0,0.0,0.0,0.0,0.0,0.0,0.0,0.0,0.0,0.0,0.0,0.0,0.0,0.0,0.0,0.0,0.0,0.0,0.0,0.0,0.0,0.0,0.0,0.0,0.0074871195471937,0.039005568179081,0.0542984593839497,SPY
2007-08-16,0.5518807132269858,-1.6764727171768157,-2.3582006790098196,0.5251331102040692,-0.2987069552031874,-0.2498900596857561,-1.3308835733196105,-0.6928994411880274,2.757005846935885,0.7001950393128141,0.0,0.0,0.0,0.0,0.0,0.0,0.0,0.0,0.0,0.0,0.0,0.0,0.0,0.0,0.0,0.0,0.0,0.0,0.0,0.0,0.0,0.0,0.0,0.0,0.0,0.0,0.0,0.0,0.0182006217774146,0.0306314041577016,0.0467437628807605,SPY
2007-08-17,1.3698668997063708,-0.388635982745864,-0.9239266703042288,0.6243173738579156,-0.2967443014107886,-0.259401638593721,-0.5622525727597433,-0.6490784524080286,1.4150330634488406,1.414274966090755,0.0,0.0,0.0,0.0,0.0,0.0,0.0,0.0,0.0,0.0,0.0,0.0,0.0,0.0,0.0,0.0,0.0,0.0,0.0,0.0,0.0,0.0,0.0,0.0,0.0,0.0,0.0,0.0,-0.0004833731055997,0.0247083553270135,0.0231565072006452,SPY
2007-08-20,-0.0566740571290004,1.4156881496619034,-0.0500698148517804,0.6174990831730807,-0.3001306341945115,-0.2694974831869855,-0.4629806042788326,-0.47292330458045906,-0.1770781739582574,-1.4420447410210082,0.0,0.0,0.0,0.0,0.0,0.0,0.0,0.0,0.0,0.0,0.0,0.0,0.0,0.0,0.0,0.0,0.0,0.0,0.0,0.0,0.0,0.0,0.0,0.0,0.0,0.0,0.0,0.0,0.0020032328981125,0.0158442360811701,0.0526540567825764,SPY
2007-08-21,0.13318069984446645,0.9672714956872184,-0.20546324334440522,0.5725836420901095,-0.3062562468061905,-0.2763902601074829,-0.3088296335898377,-0.5276924057754585,-0.430324515474821,-0.7279648142430675,0.0,0.0,0.0,0.0,0.0,0.0,0.0,0.0,0.0,0.0,0.0,0.0,0.0,0.0,0.0,0.0,0.0,0.0,0.0,0.0,0.0,0.0,0.0,0.0,0.0,0.0,0.0,0.0,0.0117979670619599,-0.0083842911961617,0.05653701099782,SPY
2007-08-22,0.8810180619037716,0.05601302763782341,0.4590990586816699,0.611478356671907,-0.3131150081373295,-0.28175732695187483,0.1927755007429632,-0.4563264636927592,-0.3170211672365438,-0.013884887465126573,0.0,0.0,0.0,0.0,0.0,0.0,0.0,0.0,0.0,0.0,0.0,0.0,0.0,0.0,0.0,0.0,0.0,0.0,0.0,0.0,0.0,0.0,0.0,0.0,0.0,0.0,0.0,0.0,-0.0008870444741857,-0.0007507282438234,0.0376720439389082,SPY
2007-08-23,-0.0874947538801662,0.7469561981747087,1.4390726308421555,0.49080346722009366,-0.31067770183050764,-0.2833804165831099,0.178881731924949,0.04900345120406311,-0.0789155005728999,0.7001950393128141,0.0,0.0,0.0,0.0,0.0,0.0,0.0,0.0,0.0,0.0,0.0,0.0,0.0,0.0,0.0,0.0,0.0,0.0,0.0,0.0,0.0,0.0,0.0,0.0,0.0,0.0,0.0,0.0,0.0122775729467266,-0.0025291105760318,0.0412538181312527,SPY
2007-08-24,0.917636431906696,0.5843503763262278,1.1193664023830345,0.42733370241232116,-0.3028695658325353,-0.27989613371095173,0.598928427925604,-0.02821630955596159,-0.6910540929010472,1.414274966090755,0.0,0.0,0.0,0.0,0.0,0.0,0.0,0.0,0.0,0.0,0.0,0.0,0.0,0.0,0.0,0.0,0.0,0.0,0.0,0.0,0.0,0.0,0.0,0.0,0.0,0.0,0.0,0.0,-0.0093474923514431,-0.0050015838968411,0.0271317028643256,SPY
2007-08-27,-0.7334580762663595,0.6113328070795238,0.8932380870307189,0.39508938014975387,-0.2991596253266112,-0.2803614407552969,0.2526670575624795,-0.46174287375563855,-0.821523391481803,-1.4420447410210082,0.0,0.0,0.0,0.0,0.0,0.0,0.0,0.0,0.0,0.0,0.0,0.0,0.0,0.0,0.0,0.0,0.0,0.0,0.0,0.0,0.0,0.0,0.0,0.0,0.0,0.0,0.0,0.0,-0.0222252943792193,0.0143910349783178,0.0344995819568589,SPY
2007-08-28,-1.7166906312774528,0.13535147273661013,0.5548265004573649,0.48228565085326897,-0.2976281931578638,-0.2825256379001852,-0.5456314735510444,-1.198642551439431,0.028762214916439596,-0.7279648142430675,0.0,0.0,0.0,0.0,0.0,0.0,0.0,0.0,0.0,0.0,0.0,0.0,0.0,0.0,0.0,0.0,0.0,0.0,0.0,0.0,0.0,0.0,0.0,0.0,0.0,0.0,0.0,0.0,0.0194315300142982,0.0279257718213044,0.0619954896969652,SPY
2007-08-29,1.4638479259812607,-1.805765719487492,-0.37016267543875664,0.5672374253885576,-0.285765292558616,-0.2824065628043691,0.1724122376863988,-0.16571290465427688,-0.0828689054346531,-0.013884887465126573,0.0,0.0,0.0,0.0,0.0,0.0,0.0,0.0,0.0,0.0,0.0,0.0,0.0,0.0,0.0,0.0,0.0,0.0,0.0,0.0,0.0,0.0,0.0,0.0,0.0,0.0,0.0,0.0,-0.0026654268063941,0.0107919128056197,0.0484605055570241,SPY
2007-08-30,-0.22327595322710178,-0.18666970170424868,-0.0787308841618348,0.5532179356952717,-0.2770299267734456,-0.2839756639618437,0.09148938925393951,-0.1186114053415915,-0.2184159831831447,0.7001950393128141,0.0,0.0,0.0,0.0,0.0,0.0,0.0,0.0,0.0,0.0,0.0,0.0,0.0,0.0,0.0,0.0,0.0,0.0,0.0,0.0,0.0,0.0,0.0,0.0,0.0,0.0,0.0,0.0,0.0098050996259173,-0.0005469061252467,0.0477888170123526,SPY
2007-08-31,0.7288607188484724,0.9137604412330564,-0.1466254115125218,0.40652905164730435,-0.2708179630587907,-0.2798745662706138,0.4100268557817967,0.00709188768445881,-0.2644562586472015,1.414274966090755,0.0,0.0,0.0,0.0,0.0,0.0,0.0,0.0,0.0,0.0,0.0,0.0,0.0,0.0,0.0,0.0,0.0,0.0,0.0,0.0,0.0,0.0,0.0,0.0,0.0,0.0,0.0,0.0,0.0100451265237158,-0.0122706399327796,0.0491931778540228,SPY
2007-09-04,0.7471870030610088,0.372181408102011,-0.24101872866557342,0.3661624957740365,-0.2612413239741441,-0.276768971316866,0.7524356908464163,0.5847612597780483,-0.7955928371561288,-0.7279648142430675,0.0,0.0,0.0,0.0,0.0,0.0,0.0,0.0,0.0,0.0,0.0,0.0,0.0,0.0,0.0,0.0,0.0,0.0,0.0,0.0,0.0,0.0,0.0,0.0,0.0,0.0,0.0,0.0,-0.0086905575362328,-0.0107229172903062,0.0377861755702344,SPY
2007-09-05,-0.6833004720850112,1.0872719354682387,0.4993466409036927,0.36151776864248364,-0.2550726054489632,-0.2767473456490974,0.4236721236223559,0.7238093156171532,-0.4261042752569193,-0.013884887465126573,0.0,0.0,0.0,0.0,0.0,0.0,0.0,0.0,0.0,0.0,0.0,0.0,0.0,0.0,0.0,0.0,0.0,0.0,0.0,0.0,0.0,0.0,0.0,0.0,0.0,0.0,0.0,0.0,0.0022976709986135,0.0005407611191463,0.0444632079180804,SPY
2007-09-06,0.15566133164978424,0.046713834607607314,1.0160716128782907,0.31159691072355244,-0.2518804930089498,-0.2785868549948216,0.5322592549895233,0.646327323554116,-0.726945924969607,0.7001950393128141,0.0,0.0,0.0,0.0,0.0,0.0,0.0,0.0,0.0,0.0,0.0,0.0,0.0,0.0,0.0,0.0,0.0,0.0,0.0,0.0,0.0,0.0,0.0,0.0,0.0,0.0,0.0,0.0,-0.0140042457372606,0.0052517066430723,0.0437248301415893,SPY
2007-09-07,-1.0890056704690145,-0.389154841862023,0.36194047443032945,0.11583335776279334,-0.25285110726159493,-0.2778510349528517,-0.0013271496757377888,-0.11096030435550329,0.1576541305520885,1.414274966090755,0.0,0.0,0.0,0.0,0.0,0.0,0.0,0.0,0.0,0.0,0.0,0.0,0.0,0.0,0.0,0.0,0.0,0.0,0.0,0.0,0.0,0.0,0.0,0.0,0.0,0.0,0.0,0.0,-0.0019186341816155,0.0191883754243376,0.0695410196264187,SPY
2007-09-10,-0.1662576189693806,-0.6881007649267183,-0.0709494267363125,0.10990599394026014,-0.25832959727951993,-0.2766822823180139,-0.08641450342313689,-0.14852433680673527,-0.2064265292791354,-1.4420447410210082,0.0,0.0,0.0,0.0,0.0,0.0,0.0,0.0,0.0,0.0,0.0,0.0,0.0,0.0,0.0,0.0,0.0,0.0,0.0,0.0,0.0,0.0,0.0,0.0,0.0,0.0,0.0,0.0,0.0115928491661891,0.0157203757032524,0.0661194802138007,SPY
2007-09-11,0.8653571135290239,-0.925308368448165,-0.5185344883013754,0.14295283038802675,-0.2571648323211509,-0.2742367069369294,0.3173872880841624,0.05637162479394311,-0.4588315626485012,-0.7279648142430675,0.0,0.0,0.0,0.0,0.0,0.0,0.0,0.0,0.0,0.0,0.0,0.0,0.0,0.0,0.0,0.0,0.0,0.0,0.0,0.0,0.0,0.0,0.0,0.0,0.0,0.0,0.0,0.0,0.0025731208732198,0.0331417030133947,0.0639005528044753,SPY
2007-09-12,0.17669219416828544,0.5147737128087142,-0.4594460148176127,0.06089902601633273,-0.24821372805451375,-0.2689777567858926,0.3514999619564831,-0.13763815130552298,-0.5764055882546538,-0.013884887465126573,0.0,0.0,0.0,0.0,0.0,0.0,0.0,0.0,0.0,0.0,0.0,0.0,0.0,0.0,0.0,0.0,0.0,0.0,0.0,0.0,0.0,0.0,0.0,0.0,0.0,0.0,0.0,0.0,0.0070086165225395,0.036454769253531,0.0596648734353228,SPY
2007-09-13,0.515346547653039,0.7674780135218282,-0.02942480509818369,-0.01308770180303448,-0.24310190524696784,-0.2604617621338127,0.5140876774714687,0.03814830934681301,-0.547506505528774,0.7001950393128141,0.0,0.0,0.0,0.0,0.0,0.0,0.0,0.0,0.0,0.0,0.0,0.0,0.0,0.0,0.0,0.0,0.0,0.0,0.0,0.0,0.0,0.0,0.0,0.0,0.0,0.0,0.0,0.0,-6.75769559954631e-05,0.0223791527340395,0.0478437570879108,SPY
2007-09-14,-0.024927621700240606,0.5095709615171518,0.15042820734408627,-0.01888277011725658,-0.23717044334101295,-0.2531036082960531,0.4241898641340372,-0.24078738352958107,-0.8064039807458876,1.414274966090755,0.0,0.0,0.0,0.0,0.0,0.0,0.0,0.0,0.0,0.0,0.0,0.0,0.0,0.0,0.0,0.0,0.0,0.0,0.0,0.0,0.0,0.0,0.0,0.0,0.0,0.0,0.0,0.0,-0.0053866339027006,0.0251414594081937,0.0534274770365499,SPY
2007-09-17,-0.4310427289738314,0.3610063825986905,0.6824980118006229,-0.09217483558866689,-0.23607037207188994,-0.24943525686991178,0.1788378675857617,-0.13299055264119417,-0.8866438990845822,-1.4420447410210082,0.0,0.0,0.0,0.0,0.0,0.0,0.0,0.0,0.0,0.0,0.0,0.0,0.0,0.0,0.0,0.0,0.0,0.0,0.0,0.0,0.0,0.0,0.0,0.0,0.0,0.0,0.0,0.0,0.0290141764763314,0.0286835509906939,0.0503345667470549,SPY
2007-09-18,2.195492188279331,-0.3363453324068459,0.550097797487314,0.13789754978175214,-0.22878020341580174,-0.2409734020829128,1.177497793691471,1.1370258289320212,0.3838995541030138,-0.7279648142430675,0.0,0.0,0.0,0.0,0.0,0.0,0.0,0.0,0.0,0.0,0.0,0.0,0.0,0.0,0.0,0.0,0.0,0.0,0.0,0.0,0.0,0.0,0.0,0.0,0.0,0.0,0.0,0.0,0.0058861871133562,-0.0023102387445472,0.0133538646587592,SPY
2007-09-19,0.4296479840759232,1.299782211261417,1.21520381103779,0.14064937462975097,-0.21676637408764324,-0.2318514578503341,1.2940217220662955,0.9468262673568071,-0.1916093003649027,-0.013884887465126573,0.0,0.0,0.0,0.0,0.0,0.0,0.0,0.0,0.0,0.0,0.0,0.0,0.0,0.0,0.0,0.0,0.0,0.0,0.0,0.0,0.0,0.0,0.0,0.0,0.0,0.0,0.0,0.0,-0.0070669999969519,-0.0029258124970166,0.0105189111866739,SPY
2007-09-20,-0.5593402944000664,1.933986507165781,1.3416890231216516,0.14053659755976575,-0.20781520018301883,-0.22575933139316767,0.9501822000990608,0.7701676384605666,-0.3423572126686952,0.7001950393128141,0.0,0.0,0.0,0.0,0.0,0.0,0.0,0.0,0.0,0.0,0.0,0.0,0.0,0.0,0.0,0.0,0.0,0.0,0.0,0.0,0.0,0.0,0.0,0.0,0.0,0.0,0.0,0.0,0.0026947297181587,0.0100377333742924,0.0139492106283221,SPY
2007-09-21,0.18597714629469034,-0.09592571161651378,0.8043145151475087,0.13830269300216885,-0.19353456155109094,-0.21908186786597578,0.9736041727768954,0.6426804567859139,-0.6096342706428078,1.414274966090755,0.0,0.0,0.0,0.0,0.0,0.0,0.0,0.0,0.0,0.0,0.0,0.0,0.0,0.0,0.0,0.0,0.0,0.0,0.0,0.0,0.0,0.0,0.0,0.0,0.0,0.0,0.0,0.0,-0.0018445423202004,0.0040058883050679,-0.0152507483386221,SPY
2007-09-24,-0.1606006341789973,-0.2754757982671336,0.909772999885407,0.10912205199419055,-0.17925694056523445,-0.21466746001554457,0.8509188194533068,0.3533212291336888,-0.622626893405027,-1.4420447410210082,0.0,0.0,0.0,0.0,0.0,0.0,0.0,0.0,0.0,0.0,0.0,0.0,0.0,0.0,0.0,0.0,0.0,0.0,0.0,0.0,0.0,0.0,0.0,0.0,0.0,0.0,0.0,0.0,-0.0019796132589098,0.0170598910928561,-0.0076100236554923,SPY
2007-09-25,-0.1709134300962307,0.018337532846406514,1.0450018702307724,0.07721287385018064,-0.16929606228500563,-0.2090858716709051,0.7098316372610076,0.6229493078114374,-0.5892753909977709,-0.7279648142430675,0.0,0.0,0.0,0.0,0.0,0.0,0.0,0.0,0.0,0.0,0.0,0.0,0.0,0.0,0.0,0.0,0.0,0.0,0.0,0.0,0.0,0.0,0.0,0.0,0.0,0.0,0.0,0.0,0.0052706133608868,0.0176776285916933,0.0024408914552527,SPY
2007-09-26,0.3826483367655529,-0.24463908963031397,-0.1382693908301904,-0.11739226043834898,-0.15842104615899774,-0.19913936879194288,0.7929022303827743,0.6920625675097054,-0.6518804545574316,-0.013884887465126573,0.0,0.0,0.0,0.0,0.0,0.0,0.0,0.0,0.0,0.0,0.0,0.0,0.0,0.0,0.0,0.0,0.0,0.0,0.0,0.0,0.0,0.0,0.0,0.0,0.0,0.0,0.0,0.0,0.0058965458743571,0.0103934900424196,-0.0046759713106894,SPY
2007-09-27,0.4304388854287858,0.15565665644304233,-0.1617705740214892,-0.2146791891342725,-0.14783869527662444,-0.19126580902844928,0.9247510410442564,1.4776853958250395,-0.9384341360987356,0.7001950393128141,0.0,0.0,0.0,0.0,0.0,0.0,0.0,0.0,0.0,0.0,0.0,0.0,0.0,0.0,0.0,0.0,0.0,0.0,0.0,0.0,0.0,0.0,0.0,0.0,0.0,0.0,0.0,0.0,-0.0033371153510657,0.0060562373901849,-0.0081986073693602,SPY
2007-09-28,-0.27456001882499365,0.5987661452240104,0.33314764675755854,-0.2119391273107111,-0.13833993467328953,-0.18352467008789278,0.7070872300553961,1.3927387688215258,-0.6938014859041723,1.414274966090755,0.0,0.0,0.0,0.0,0.0,0.0,0.0,0.0,0.0,0.0,0.0,0.0,0.0,0.0,0.0,0.0,0.0,0.0,0.0,0.0,0.0,0.0,0.0,0.0,0.0,0.0,0.0,0.0,0.0112094604675876,0.0212052964888194,0.0067928993860242,SPY
2007-10-01,0.8360850181143512,0.11449885140963612,0.10286574246141374,-0.203415925970857,-0.12338847331961374,-0.17547182806522207,1.0396782328073104,1.3956086412216178,-0.5850268279942255,-1.4420447410210082,0.0,0.0,0.0,0.0,0.0,0.0,0.0,0.0,0.0,0.0,0.0,0.0,0.0,0.0,0.0,0.0,0.0,0.0,0.0,0.0,0.0,0.0,0.0,0.0,0.0,0.0,0.0,0.0,-0.0013618757600726,0.0046556624269982,-0.0011017222207545,SPY
2007-10-02,-0.12374857867222198,0.4134012516163214,0.601237399252913,-0.222055988020533,-0.11829603308491324,-0.16925963664591728,0.9148633526383856,1.27986227937386,-0.8958125417225552,-0.7279648142430675,0.0,0.0,0.0,0.0,0.0,0.0,0.0,0.0,0.0,0.0,0.0,0.0,0.0,0.0,0.0,0.0,0.0,0.0,0.0,0.0,0.0,0.0,0.0,0.0,0.0,0.0,0.0,0.0,-0.0020135251883868,0.0153914599439346,-0.0067069562718087,SPY
2007-10-03,-0.1735026384870033,0.5245274224535822,0.6248211892798106,-0.26025692361083325,-0.11581661900905983,-0.16198856775353848,0.7535351539814747,1.0402817288154025,-0.8299619859455615,-0.013884887465126573,0.0,0.0,0.0,0.0,0.0,0.0,0.0,0.0,0.0,0.0,0.0,0.0,0.0,0.0,0.0,0.0,0.0,0.0,0.0,0.0,0.0,0.0,0.0,0.0,0.0,0.0,0.0,0.0,0.0015592932221224,0.0157424266363888,0.0056415652334802,SPY
2007-10-04,0.09928547914196906,-0.21939233780480447,0.34672961414269166,-0.2600968216438195,-0.11048775781096894,-0.15482446265138677,0.7296288390805599,1.0762581129753357,-1.1586325196847609,0.7001950393128141,0.0,0.0,0.0,0.0,0.0,0.0,0.0,0.0,0.0,0.0,0.0,0.0,0.0,0.0,0.0,0.0,0.0,0.0,0.0,0.0,0.0,0.0,0.0,0.0,0.0,0.0,0.0,0.0,0.0118119437475687,0.0093706335893939,-0.0196038050226512,SPY
2007-10-05,0.882085195275762,-0.055048566628817484,0.18114333188452955,-0.34263822911204045,-0.10207920309536873,-0.1434415938660125,1.0475201059338972,1.561258377621889,-0.6754538472344622,1.414274966090755,0.0,0.0,0.0,0.0,0.0,0.0,0.0,0.0,0.0,0.0,0.0,0.0,0.0,0.0,0.0,0.0,0.0,0.0,0.0,0.0,0.0,0.0,0.0,0.0,0.0,0.0,0.0,0.0,-0.0053401735942335,0.0030748328344687,-0.030291496137786,SPY
2007-10-08,-0.4274954397934122,0.7227666563385317,0.7594993966527692,-0.3225201931391117,-0.09486254894012044,-0.13265819977084117,0.7193294681306295,0.6492258309850051,-1.191174870208975,-1.4420447410210082,0.0,0.0,0.0,0.0,0.0,0.0,0.0,0.0,0.0,0.0,0.0,0.0,0.0,0.0,0.0,0.0,0.0,0.0,0.0,0.0,0.0,0.0,0.0,0.0,0.0,0.0,0.0,0.0,0.0093739217568638,-6.453776349335527e-05,-0.0325854622906636,SPY
2007-10-09,0.6959398743643519,0.3346054775040662,0.12767261671684005,-0.33591942060105673,-0.08383182227681053,-0.12212698867810635,0.9547042376055974,0.7592377134777052,-1.0005008423092785,-0.7279648142430675,0.0,0.0,0.0,0.0,0.0,0.0,0.0,0.0,0.0,0.0,0.0,0.0,0.0,0.0,0.0,0.0,0.0,0.0,0.0,0.0,0.0,0.0,0.0,0.0,0.0,0.0,0.0,0.0,-0.0016625584959326,-0.0174049851323214,-0.028586981457443,SPY
2007-10-10,-0.1467059943856864,0.19744335829610382,0.5375405539673884,-0.3265878696823912,-0.07509817422863574,-0.11228958071333515,0.7783517688710129,1.1002302668426722,-0.9301995428654704,-0.013884887465126573,0.0,0.0,0.0,0.0,0.0,0.0,0.0,0.0,0.0,0.0,0.0,0.0,0.0,0.0,0.0,0.0,0.0,0.0,0.0,0.0,0.0,0.0,0.0,0.0,0.0,0.0,0.0,0.0,-0.0048124998248724,-0.0126911929951178,-0.0546613670108371,SPY
2007-10-11,-0.38720704062854,0.4043444783177018,0.5509396511516375,-0.31104796087900705,-0.06994039035015144,-0.10439296288727716,0.5062104686635096,0.7064611543945809,0.1615668890950042,0.7001950393128141,0.0,0.0,0.0,0.0,0.0,0.0,0.0,0.0,0.0,0.0,0.0,0.0,0.0,0.0,0.0,0.0,0.0,0.0,0.0,0.0,0.0,0.0,0.0,0.0,0.0,0.0,0.0,0.0,0.0055161429926435,-0.0115153937255492,-0.0549327995023469,SPY
2007-10-12,0.4013947600016275,-0.393777792747549,0.30767931873206333,-0.31016568117461096,-0.06181366056498944,-0.09555048703116815,0.6142968760908879,0.9740587168734155,-0.7361120374817129,1.414274966090755,0.0,0.0,0.0,0.0,0.0,0.0,0.0,0.0,0.0,0.0,0.0,0.0,0.0,0.0,0.0,0.0,0.0,0.0,0.0,0.0,0.0,0.0,0.0,0.0,0.0,0.0,0.0,0.0,-0.0084795441921956,-0.0435367659669783,-0.0742705446196447,SPY
2007-10-15,-0.66718940057206,0.010093014443047214,0.06732019639477833,-0.28624738838621555,-0.06027491640768404,-0.08727756861135866,0.2020992827080858,0.5980294784501795,-0.4217274440232613,-1.4420447410210082,0.0,0.0,0.0,0.0,0.0,0.0,0.0,0.0,0.0,0.0,0.0,0.0,0.0,0.0,0.0,0.0,0.0,0.0,0.0,0.0,0.0,0.0,0.0,0.0,0.0,0.0,0.0,0.0,-0.0079665256119643,-0.0292610394118533,-0.0757620846676134,SPY
2007-10-16,-0.6280199391747653,-0.19621340058080247,-0.0525337175060598,-0.593240413030839,-0.06094662121059164,-0.08505974400278035,-0.11938321345032649,0.05771857230346731,-0.3853150637123835,-0.7279648142430675,0.0,0.0,0.0,0.0,0.0,0.0,0.0,0.0,0.0,0.0,0.0,0.0,0.0,0.0,0.0,0.0,0.0,0.0,0.0,0.0,0.0,0.0,0.0,0.0,0.0,0.0,0.0,0.0,0.0030512336412709,-0.0132232119480537,-0.0377709865621387,SPY
2007-10-17,0.21319656327571201,-0.954742817229714,-0.7145519218221383,-0.6054374219271472,-0.059928212086702536,-0.08330493227777666,-0.02553450984274909,-0.03948402994963729,0.0360093261212236,-0.013884887465126573,0.0,0.0,0.0,0.0,0.0,0.0,0.0,0.0,0.0,0.0,0.0,0.0,0.0,0.0,0.0,0.0,0.0,0.0,0.0,0.0,0.0,0.0,0.0,0.0,0.0,0.0,0.0,0.0,-0.0036367005553037,-0.0181206949943799,-0.0435947297356866,SPY
2007-10-18,-0.29743363694484876,-0.3060259763709007,-0.5345902322638553,-0.6286729090541863,-0.06064332456771994,-0.08099027545191526,-0.1861273045808887,-0.053610627534759994,-0.5145706154015338,0.7001950393128141,0.0,0.0,0.0,0.0,0.0,0.0,0.0,0.0,0.0,0.0,0.0,0.0,0.0,0.0,0.0,0.0,0.0,0.0,0.0,0.0,0.0,0.0,0.0,0.0,0.0,0.0,0.0,0.0,-0.0265052292487855,-0.0121100846233899,-0.0544866810108013,SPY
2007-10-19,-2.0434677697990744,-0.06243179107006568,-0.4897009335900939,-0.29839808198158074,-0.07403642706462414,-0.08349095727343116,-1.127686984631136,-1.3434204519076807,0.7785056261026293,1.414274966090755,0.0,0.0,0.0,0.0,0.0,0.0,0.0,0.0,0.0,0.0,0.0,0.0,0.0,0.0,0.0,0.0,0.0,0.0,0.0,0.0,0.0,0.0,0.0,0.0,0.0,0.0,0.0,0.0,0.0057961823629293,0.0260495360297143,-0.0262651782035794,SPY
2007-10-22,0.42277603492384747,-1.7252662945108392,-1.7122029198488449,-0.28270685949662616,-0.08374523904721354,-0.08474123995675806,-0.904365265341609,-1.0755443802066897,0.5153375274433308,-1.4420447410210082,0.0,0.0,0.0,0.0,0.0,0.0,0.0,0.0,0.0,0.0,0.0,0.0,0.0,0.0,0.0,0.0,0.0,0.0,0.0,0.0,0.0,0.0,0.0,0.0,0.0,0.0,0.0,0.0,0.0080713018518352,0.0235681925275939,-0.0460835644134229,SPY
2007-10-23,0.5964835933416229,-1.1945761628228535,-1.1671886731968022,-0.25743949368895114,-0.09397417714926254,-0.08433899321987895,-0.6145262601478301,-0.7346590178217604,-0.2082368379220323,-0.7279648142430675,0.0,0.0,0.0,0.0,0.0,0.0,0.0,0.0,0.0,0.0,0.0,0.0,0.0,0.0,0.0,0.0,0.0,0.0,0.0,0.0,0.0,0.0,0.0,0.0,0.0,0.0,0.0,0.0,-0.0018462494050552,0.0085297808646318,-0.0480521734415599,SPY
2007-10-24,-0.160730971747457,0.7506853232106399,-0.5549014863159213,-0.2673360006261802,-0.10424643007877024,-0.08511089097792206,-0.6736048755526249,-0.8349712124421494,1.1158350017876286,-0.013884887465126573,0.0,0.0,0.0,0.0,0.0,0.0,0.0,0.0,0.0,0.0,0.0,0.0,0.0,0.0,0.0,0.0,0.0,0.0,0.0,0.0,0.0,0.0,0.0,0.0,0.0,0.0,0.0,0.0,0.0023739098156863,0.0207110265865893,-0.0668824849068689,SPY
2007-10-25,0.16148223856696076,0.3207252403256199,-0.7418760702488406,-0.27980547638858044,-0.11211310841053324,-0.08646990756537025,-0.5718794243240364,-1.2006665294288683,0.3669407933119734,0.7001950393128141,0.0,0.0,0.0,0.0,0.0,0.0,0.0,0.0,0.0,0.0,0.0,0.0,0.0,0.0,0.0,0.0,0.0,0.0,0.0,0.0,0.0,0.0,0.0,0.0,0.0,0.0,0.0,0.0,0.0116543914043187,-0.005348960263106,-0.0521122524920762,SPY
2007-10-26,0.8700559225266117,0.0001922965637896141,-0.5124048576548988,-0.2306624690787292,-0.11798605119535933,-0.08533921237925006,-0.1548875446522549,-0.6220449448945033,-0.2032987957028525,1.414274966090755,0.0,0.0,0.0,0.0,0.0,0.0,0.0,0.0,0.0,0.0,0.0,0.0,0.0,0.0,0.0,0.0,0.0,0.0,0.0,0.0,0.0,0.0,0.0,0.0,0.0,0.0,0.0,0.0,0.0033148388608088,-0.0158790990349908,-0.0860768235447517,SPY
2007-10-29,0.2333230750019734,0.759732822096032,0.944441266601591,-0.27449755969750034,-0.11989299459874224,-0.08552393308045605,-0.02979128170746749,-0.844391086926491,-0.8573891703037417,-1.4420447410210082,0.0,0.0,0.0,0.0,0.0,0.0,0.0,0.0,0.0,0.0,0.0,0.0,0.0,0.0,0.0,0.0,0.0,0.0,0.0,0.0,0.0,0.0,0.0,0.0,0.0,0.0,0.0,0.0,-0.0069671098111268,-0.0268280776429108,-0.0779636695208942,SPY
2007-10-30,-0.5517135827595624,0.8126691050111915,0.8497093064263249,-0.2569482714458339,-0.12145346580776403,-0.08664378631897705,-0.2755814715806449,-0.9823506270594548,-0.5747398845306331,-0.7279648142430675,0.0,0.0,0.0,0.0,0.0,0.0,0.0,0.0,0.0,0.0,0.0,0.0,0.0,0.0,0.0,0.0,0.0,0.0,0.0,0.0,0.0,0.0,0.0,0.0,0.0,0.0,0.0,0.0,0.0103349963169021,-0.0064885652416997,-0.0395129734830517,SPY
2007-10-31,0.7693188402146135,-0.23496893077435468,0.27557750503018824,-0.2171545736179737,-0.12058644966602784,-0.08569789335246655,0.09758653142461861,-0.4980613021568043,0.3154569019684405,-0.013884887465126573,0.0,0.0,0.0,0.0,0.0,0.0,0.0,0.0,0.0,0.0,0.0,0.0,0.0,0.0,0.0,0.0,0.0,0.0,0.0,0.0,0.0,0.0,0.0,0.0,0.0,0.0,0.0,0.0,-0.023686077034009,-0.0445605056079285,-0.0495086274642657,SPY
2007-11-01,-1.8282227901728003,0.15998225404776473,0.7406293141132567,-0.02746035358359258,-0.12635098931889174,-0.08894864929099215,-0.7403133392076453,-1.212090681668573,1.4174897571187517,0.7001950393128141,0.0,0.0,0.0,0.0,0.0,0.0,0.0,0.0,0.0,0.0,0.0,0.0,0.0,0.0,0.0,0.0,0.0,0.0,0.0,0.0,0.0,0.0,0.0,0.0,0.0,0.0,0.0,0.0,0.0011242526324339,-0.0259583608903017,-0.0158167163081719,SPY
2007-11-02,0.06606971222690478,-0.7806199981065923,-0.25428075549366647,-0.08242729196201738,-0.12303533909123333,-0.09400437406334006,-0.6439661180296206,-1.0075737286511666,1.416220051988628,1.414274966090755,0.0,0.0,0.0,0.0,0.0,0.0,0.0,0.0,0.0,0.0,0.0,0.0,0.0,0.0,0.0,0.0,0.0,0.0,0.0,0.0,0.0,0.0,0.0,0.0,0.0,0.0,0.0,0.0,-0.0076341397471111,-0.0409042156473899,-0.0235546935318158,SPY
2007-11-05,-0.6026419591092013,-1.2988126674342748,-0.6562971171645843,-0.07477830489615639,-0.12409710946790654,-0.09940783305193046,-0.8632113692099164,-0.9965031711234771,0.4213298985016465,-1.4420447410210082,0.0,0.0,0.0,0.0,0.0,0.0,0.0,0.0,0.0,0.0,0.0,0.0,0.0,0.0,0.0,0.0,0.0,0.0,0.0,0.0,0.0,0.0,0.0,0.0,0.0,0.0,0.0,0.0,0.0133724025900843,-0.0432411601404432,-0.0248991460796714,SPY
2007-11-06,1.001227726851177,-0.3957372464338437,-1.074303815777242,-0.04032304474140769,-0.12342510290039203,-0.10420241944299946,-0.320778887971939,-0.6927702352772093,-0.0984967805633669,-0.7279648142430675,0.0,0.0,0.0,0.0,0.0,0.0,0.0,0.0,0.0,0.0,0.0,0.0,0.0,0.0,0.0,0.0,0.0,0.0,0.0,0.0,0.0,0.0,0.0,0.0,0.0,0.0,0.0,0.0,-0.0277369440493266,-0.0265889902370171,-0.0216702910870729,SPY
2007-11-07,-2.1375103779839852,0.2933386564797385,-0.29778823978813046,0.16181017504293996,-0.13116169747380205,-0.11323722050276755,-1.2322616819708552,-1.1277079474832075,1.2488603005627434,-0.013884887465126573,0.0,0.0,0.0,0.0,0.0,0.0,0.0,0.0,0.0,0.0,0.0,0.0,0.0,0.0,0.0,0.0,0.0,0.0,0.0,0.0,0.0,0.0,0.0,0.0,0.0,0.0,0.0,0.0,-0.0050839323163822,-0.0016245557199674,0.0202780142710006,SPY
2007-11-08,-0.40793117208859586,-0.8376368846052997,-1.7512869333332584,0.16215479540900304,-0.14130398270826633,-0.12227207978996675,-1.3169661476519234,-0.7393125152553999,1.916286545385288,0.7001950393128141,0.0,0.0,0.0,0.0,0.0,0.0,0.0,0.0,0.0,0.0,0.0,0.0,0.0,0.0,0.0,0.0,0.0,0.0,0.0,0.0,0.0,0.0,0.0,0.0,0.0,0.0,0.0,0.0,-0.0138216021246542,-0.0110692752340035,0.0251636542288524,SPY
2007-11-09,-1.0750606552022706,-1.875982731457492,-1.041100040201018,0.17237824628206105,-0.15968123837122003,-0.13443808422751127,-1.6790279586850183,-1.1512915376057662,1.1363600498838462,1.414274966090755,0.0,0.0,0.0,0.0,0.0,0.0,0.0,0.0,0.0,0.0,0.0,0.0,0.0,0.0,0.0,0.0,0.0,0.0,0.0,0.0,0.0,0.0,0.0,0.0,0.0,0.0,0.0,0.0,-0.0099710842401643,0.004468600449087,0.0467079821962759,SPY
2007-11-12,-0.7810699159816357,-1.0931112909338716,-1.611698232842986,0.17703517076801115,-0.18228456808167584,-0.14673456469180787,-1.899851318208304,-1.5381552932447264,0.7959944977578921,-1.4420447410210082,0.0,0.0,0.0,0.0,0.0,0.0,0.0,0.0,0.0,0.0,0.0,0.0,0.0,0.0,0.0,0.0,0.0,0.0,0.0,0.0,0.0,0.0,0.0,0.0,0.0,0.0,0.0,0.0,0.0300245724935104,0.0004174808423371,0.0288766186812008,SPY
2007-11-13,2.2726368947596103,-1.3680604576406838,-1.700917372578598,0.45312964006864226,-0.19307692391798015,-0.1529318149523897,-0.7547366328615119,-0.762659858060997,0.1225076579098448,-0.7279648142430675,0.0,0.0,0.0,0.0,0.0,0.0,0.0,0.0,0.0,0.0,0.0,0.0,0.0,0.0,0.0,0.0,0.0,0.0,0.0,0.0,0.0,0.0,0.0,0.0,0.0,0.0,0.0,0.0,-0.002772509532277,-0.023504398827475,0.0086746496208718,SPY
2007-11-14,-0.23145182221004637,1.0987073782190515,-1.065176011185022,0.44697601693987643,-0.20820366408310004,-0.16008573025416598,-0.7761571849519063,-0.8573299583152496,0.6150889220319857,-0.013884887465126573,0.0,0.0,0.0,0.0,0.0,0.0,0.0,0.0,0.0,0.0,0.0,0.0,0.0,0.0,0.0,0.0,0.0,0.0,0.0,0.0,0.0,0.0,0.0,0.0,0.0,0.0,0.0,0.0,-0.0145286518304184,-0.0414084501655622,0.0093687930555406,SPY
2007-11-15,-1.1290445794168926,1.5036962445931177,-0.11209159766215772,0.48181799725856445,-0.22010122118685013,-0.16894657104192437,-1.2041512103119285,-1.3285138866014066,1.0043403369076076,0.7001950393128141,0.0,0.0,0.0,0.0,0.0,0.0,0.0,0.0,0.0,0.0,0.0,0.0,0.0,0.0,0.0,0.0,0.0,0.0,0.0,0.0,0.0,0.0,0.0,0.0,0.0,0.0,0.0,0.0,0.0017162735584363,-0.0097356561046648,0.0111374011143539,SPY
2007-11-16,0.11127107861208846,-1.0028499182865234,-0.4726691606257935,0.33626598069891417,-0.23182517079082524,-0.17316490384216057,-1.0955927587668186,-1.3708748231041916,1.5248975907969788,1.414274966090755,0.0,0.0,0.0,0.0,0.0,0.0,0.0,0.0,0.0,0.0,0.0,0.0,0.0,0.0,0.0,0.0,0.0,0.0,0.0,0.0,0.0,0.0,0.0,0.0,0.0,0.0,0.0,0.0,-0.0140222038469142,-0.0337621093114579,-0.0049503323309894,SPY
2007-11-19,-1.0903767893913119,-0.7503128190583582,0.12053102272687154,0.35975165851239455,-0.24545650483876225,-0.18053624037023308,-1.5177288251236825,-1.447275068456043,0.9806455082776108,-1.4420447410210082,0.0,0.0,0.0,0.0,0.0,0.0,0.0,0.0,0.0,0.0,0.0,0.0,0.0,0.0,0.0,0.0,0.0,0.0,0.0,0.0,0.0,0.0,0.0,0.0,0.0,0.0,0.0,0.0,0.0061026928236982,-0.0083119125798774,0.0146392391599032,SPY
2007-11-20,0.4461784030321166,-0.7218202628177363,-0.03413136114860759,0.35023179998601117,-0.2615583625129731,-0.188277192983012,-1.2134967180973486,-1.5651151874727587,2.556912871541269,-0.7279648142430675,0.0,0.0,0.0,0.0,0.0,0.0,0.0,0.0,0.0,0.0,0.0,0.0,0.0,0.0,0.0,0.0,0.0,0.0,0.0,0.0,0.0,0.0,0.0,0.0,0.0,0.0,0.0,0.0,-0.0206765608703642,0.0170689808231401,0.008536546336205,SPY
2007-11-21,-1.5984433401901665,-0.4750421105074787,-0.9474134400956076,0.4295766368720891,-0.2750595663772326,-0.1989319161017838,-1.8339400127023275,-1.51485296981115,0.7452331725171193,-0.013884887465126573,0.0,0.0,0.0,0.0,0.0,0.0,0.0,0.0,0.0,0.0,0.0,0.0,0.0,0.0,0.0,0.0,0.0,0.0,0.0,0.0,0.0,0.0,0.0,0.0,0.0,0.0,0.0,0.0,0.0171441422304789,0.0380848840291925,0.0355000126197193,SPY
2007-11-23,1.2892036714621387,-0.8494135127272235,-1.6309487413895352,0.5198203416771582,-0.2816260106546684,-0.20731446512814658,-1.1285913725663257,-1.1534466939504424,-1.2915976541772995,1.414274966090755,0.0,0.0,0.0,0.0,0.0,0.0,0.0,0.0,0.0,0.0,0.0,0.0,0.0,0.0,0.0,0.0,0.0,0.0,0.0,0.0,0.0,0.0,0.0,0.0,0.0,0.0,0.0,0.0,-0.0223101796483566,0.0309465759207983,0.0326683627465218,SPY
2007-11-26,-1.7231717031153835,-0.22822608885020698,-0.421754664450021,0.5494085522332297,-0.2907062469605146,-0.2210895263861247,-1.7732751235845212,-1.3138631903585922,0.2461399361061166,-1.4420447410210082,0.0,0.0,0.0,0.0,0.0,0.0,0.0,0.0,0.0,0.0,0.0,0.0,0.0,0.0,0.0,0.0,0.0,0.0,0.0,0.0,0.0,0.0,0.0,0.0,0.0,0.0,0.0,0.0,0.0114279928846663,0.046643030977945,0.0623766823385212,SPY
2007-11-27,0.8527701780767105,-0.3201328125883983,-1.339029119354725,0.5919103483162195,-0.2931550203224093,-0.23365783578798077,-1.2250444452630582,-1.3708542064882463,1.1094169827528515,-0.7279648142430675,0.0,0.0,0.0,0.0,0.0,0.0,0.0,0.0,0.0,0.0,0.0,0.0,0.0,0.0,0.0,0.0,0.0,0.0,0.0,0.0,0.0,0.0,0.0,0.0,0.0,0.0,0.0,0.0,0.0314835862267157,0.0262364457983119,0.053090760281111,SPY
2007-11-28,2.384033994792794,-0.6417210349137263,-0.3673994271462386,0.8404871436681141,-0.295213565621904,-0.2401049632447418,0.0010276308360093113,-0.4235390166332941,0.6920989760549179,-0.013884887465126573,0.0,0.0,0.0,0.0,0.0,0.0,0.0,0.0,0.0,0.0,0.0,0.0,0.0,0.0,0.0,0.0,0.0,0.0,0.0,0.0,0.0,0.0,0.0,0.0,0.0,0.0,0.0,0.0,0.0003393423356881,0.011354117154279,0.008956056418377,SPY
2007-11-29,0.006141057099321784,2.38469421307519,0.6015844241475041,0.8098897272940618,-0.2962754056365635,-0.24822656021760298,0.10865089583363112,-0.33787934924566626,0.025802465608738497,0.7001950393128141,0.0,0.0,0.0,0.0,0.0,0.0,0.0,0.0,0.0,0.0,0.0,0.0,0.0,0.0,0.0,0.0,0.0,0.0,0.0,0.0,0.0,0.0,0.0,0.0,0.0,0.0,0.0,0.0,0.0100058341220847,0.0252261361273378,0.0061087341002208,SPY
2007-11-30,0.7441869904528837,1.760851272259635,1.4039230378306662,0.7372064877391689,-0.289513951784907,-0.2508032754181489,0.5144966295393809,0.05339670396768931,0.2720711009091373,1.414274966090755,0.0,0.0,0.0,0.0,0.0,0.0,0.0,0.0,0.0,0.0,0.0,0.0,0.0,0.0,0.0,0.0,0.0,0.0,0.0,0.0,0.0,0.0,0.0,0.0,0.0,0.0,0.0,0.0,-0.0066137245912099,0.0150220096467226,-0.0113248343958964,SPY
2007-12-03,-0.5247322817632734,0.5525217306370055,1.1313989318915574,0.7429379568391813,-0.2854179614957578,-0.25463012191070233,0.3109592077172818,0.11230292938025781,-0.5692061351505204,-1.4420447410210082,0.0,0.0,0.0,0.0,0.0,0.0,0.0,0.0,0.0,0.0,0.0,0.0,0.0,0.0,0.0,0.0,0.0,0.0,0.0,0.0,0.0,0.0,0.0,0.0,0.0,0.0,0.0,0.0,-0.0089785922949667,0.0293584600807017,-0.013503925169747,SPY
2007-12-04,-0.7052922025954733,0.16134503152431823,1.7306533092463319,0.7469423259334045,-0.2797832966872903,-0.2586419453051572,0.022590364236722612,-0.5601675782942325,-0.6666391194569085,-0.7279648142430675,0.0,0.0,0.0,0.0,0.0,0.0,0.0,0.0,0.0,0.0,0.0,0.0,0.0,0.0,0.0,0.0,0.0,0.0,0.0,0.0,0.0,0.0,0.0,0.0,0.0,0.0,0.0,0.0,0.0166012575826828,0.0105346046204291,-0.0050085251503997,SPY
2007-12-05,1.247753907117451,-0.9067110275424074,0.9515770495917434,0.7687045194986152,-0.270746166294946,-0.2621862257219265,0.6882414463628521,-0.20546612107997697,-0.282433311540794,-0.013884887465126573,0.0,0.0,0.0,0.0,0.0,0.0,0.0,0.0,0.0,0.0,0.0,0.0,0.0,0.0,0.0,0.0,0.0,0.0,0.0,0.0,0.0,0.0,0.0,0.0,0.0,0.0,0.0,0.0,0.0142113613087468,0.0037559504709276,-0.0464218028048213,SPY
2007-12-06,1.0652830309100645,0.3993543666525826,0.3834041371283972,0.648191898038716,-0.250678703854548,-0.2588920204746002,1.1907820530161626,0.2974502058829126,-0.469799953132458,0.7001950393128141,0.0,0.0,0.0,0.0,0.0,0.0,0.0,0.0,0.0,0.0,0.0,0.0,0.0,0.0,0.0,0.0,0.0,0.0,0.0,0.0,0.0,0.0,0.0,0.0,0.0,0.0,0.0,0.0,-0.0001982923585304,-0.0125337769354274,-0.0614823735316729,SPY
2007-12-07,-0.03490786824670221,1.7040116637345972,0.9130057613224578,0.6400659526096424,-0.23598539051597775,-0.2548148775483668,1.1338798588622867,0.2694948519585788,-0.5297393702090234,1.414274966090755,0.0,0.0,0.0,0.0,0.0,0.0,0.0,0.0,0.0,0.0,0.0,0.0,0.0,0.0,0.0,0.0,0.0,0.0,0.0,0.0,0.0,0.0,0.0,0.0,0.0,0.0,0.0,0.0,0.0077227258427692,-0.0250955283485021,-0.0775639778415007,SPY
2007-12-10,0.5698694802134435,0.75887586083296,0.5234357954717107,0.5934717039125202,-0.21186527582655304,-0.2472695691027978,1.3395780654967062,0.6841957580607965,-0.8103368549927523,-1.4420447410210082,0.0,0.0,0.0,0.0,0.0,0.0,0.0,0.0,0.0,0.0,0.0,0.0,0.0,0.0,0.0,0.0,0.0,0.0,0.0,0.0,0.0,0.0,0.0,0.0,0.0,0.0,0.0,0.0,-0.0278024477552394,-0.0471897140781782,-0.0748316496505099,SPY
2007-12-11,-2.1425116488521363,0.3938278855995316,1.0707683394769327,0.7542822518983664,-0.20029276563005483,-0.24269231077413628,0.2286729223200705,0.016110067638924908,0.579646349852521,-0.7279648142430675,0.0,0.0,0.0,0.0,0.0,0.0,0.0,0.0,0.0,0.0,0.0,0.0,0.0,0.0,0.0,0.0,0.0,0.0,0.0,0.0,0.0,0.0,0.0,0.0,0.0,0.0,0.0,0.0,0.0098226034331814,-0.0138198986789603,-0.0404963078968414,SPY
2007-12-12,0.7301971513469361,-1.1591705974304167,0.35211704259535126,0.5875675178691947,-0.19543834803242913,-0.24128965855010928,0.5816259531714143,0.5439891546120793,1.3587443654131757,-0.013884887465126573,0.0,0.0,0.0,0.0,0.0,0.0,0.0,0.0,0.0,0.0,0.0,0.0,0.0,0.0,0.0,0.0,0.0,0.0,0.0,0.0,0.0,0.0,0.0,0.0,0.0,0.0,0.0,0.0,-0.0020783660976082,-0.0236425021121418,-0.0584203874630366,SPY
2007-12-13,-0.1784533041910954,-1.0410323437656257,0.09332369359561253,0.5866632521357951,-0.19136422407096984,-0.23977843545876687,0.4852970197376561,0.2753744538669467,0.4095860684688611,0.7001950393128141,0.0,0.0,0.0,0.0,0.0,0.0,0.0,0.0,0.0,0.0,0.0,0.0,0.0,0.0,0.0,0.0,0.0,0.0,0.0,0.0,0.0,0.0,0.0,0.0,0.0,0.0,0.0,0.0,-0.0127600437716051,-0.0152772306013835,-0.0483115088103698,SPY
2007-12-14,-0.9940096552326682,0.4061939603002632,-0.5285804509156482,0.5752892016072495,-0.19459326785636835,-0.23800627195941007,-0.013328498343559089,0.4788278735413922,-0.4536825308476614,1.414274966090755,0.0,0.0,0.0,0.0,0.0,0.0,0.0,0.0,0.0,0.0,0.0,0.0,0.0,0.0,0.0,0.0,0.0,0.0,0.0,0.0,0.0,0.0,0.0,0.0,0.0,0.0,0.0,0.0,-0.0143714598869069,0.011795305527503,-0.0578104325099264,SPY
2007-12-17,-1.1170428235339702,-0.8642965273751891,-1.0081590878831161,0.6222441625554801,-0.20024942758993244,-0.23878898837407977,-0.5351182788046629,-0.01747688705521479,-0.2611915162582555,-1.4420447410210082,0.0,0.0,0.0,0.0,0.0,0.0,0.0,0.0,0.0,0.0,0.0,0.0,0.0,0.0,0.0,0.0,0.0,0.0,0.0,0.0,0.0,0.0,0.0,0.0,0.0,0.0,0.0,0.0,0.0055673676439784,0.0335649053580526,-0.052089040444617,SPY
2007-12-18,0.4053058113365472,-1.5559009518598386,-1.851664036254852,0.5828947777261347,-0.20128974946683445,-0.23648406717463477,-0.3569650966113734,-0.5310924679232096,0.4773605119139052,-0.7279648142430675,0.0,0.0,0.0,0.0,0.0,0.0,0.0,0.0,0.0,0.0,0.0,0.0,0.0,0.0,0.0,0.0,0.0,0.0,0.0,0.0,0.0,0.0,0.0,0.0,0.0,0.0,0.0,0.0,0.0,0.0301396085413303,-0.0839143707443677,SPY
2007-12-19,-0.01976805619675031,-0.524808287830697,-0.5776816066745297,0.5760366994520649,-0.20763961960696795,-0.23513590418027258,-0.372512743794704,-0.5392119818756952,-0.0516258485656691,-0.013884887465126573,0.0,0.0,0.0,0.0,0.0,0.0,0.0,0.0,0.0,0.0,0.0,0.0,0.0,0.0,0.0,0.0,0.0,0.0,0.0,0.0,0.0,0.0,0.0,0.0,0.0,0.0,0.0,0.0,0.00628690541315,0.0174884909053121,-0.0942349616064737,SPY
2007-12-20,0.4602432111881385,0.2837241625391809,-0.9526859043279674,0.47142568648390476,-0.21661142956818985,-0.22956936180372978,-0.2046359812588537,-0.6330855392017339,0.1117983440161582,0.7001950393128141,0.0,0.0,0.0,0.0,0.0,0.0,0.0,0.0,0.0,0.0,0.0,0.0,0.0,0.0,0.0,0.0,0.0,0.0,0.0,0.0,0.0,0.0,0.0,0.0,0.0,0.0,0.0,0.0,0.0143124923572814,0.008693605509694,-0.1107203684452029,SPY
2007-12-21,1.0730044836103896,0.3242050628944756,-0.6333191713725108,0.45224125000960924,-0.22093235055299343,-0.22436566948444328,0.2679222706702473,-0.15593602171054857,-0.674426121253711,1.414274966090755,0.0,0.0,0.0,0.0,0.0,0.0,0.0,0.0,0.0,0.0,0.0,0.0,0.0,0.0,0.0,0.0,0.0,0.0,0.0,0.0,0.0,0.0,0.0,0.0,0.0,0.0,0.0,0.0,0.0073981399436426,-0.01304662122162,-0.1012957052471037,SPY
2007-12-24,0.5450870350236154,1.1294200241856247,0.4002476895693758,0.30456787951922426,-0.22539231538371893,-0.21450243183140638,0.4304472369272189,0.21106997317454662,-1.7495014605983066,-1.4420447410210082,0.0,0.0,0.0,0.0,0.0,0.0,0.0,0.0,0.0,0.0,0.0,0.0,0.0,0.0,0.0,0.0,0.0,0.0,0.0,0.0,0.0,0.0,0.0,0.0,0.0,0.0,0.0,0.0,0.0021420708272561,-0.0292375765303232,-0.1002879632593041,SPY
2007-12-26,0.14378110909985584,1.191937623994212,1.2313606984763703,0.2853739361289789,-0.22011828249348603,-0.20605074355381078,0.4123022305800659,-0.0827490852472452,-1.468393669240214,-0.013884887465126573,0.0,0.0,0.0,0.0,0.0,0.0,0.0,0.0,0.0,0.0,0.0,0.0,0.0,0.0,0.0,0.0,0.0,0.0,0.0,0.0,0.0,0.0,0.0,0.0,0.0,0.0,0.0,0.0,-0.0126511176360182,-0.0318628396331988,-0.1169809405841073,SPY
2007-12-27,-0.985693040148076,0.5072346906011592,1.1005907823591867,0.08894048006186554,-0.22210424179862404,-0.20461167589461257,-0.07726437362947379,-0.7627172869398151,-0.867257755204723,0.7001950393128141,0.0,0.0,0.0,0.0,0.0,0.0,0.0,0.0,0.0,0.0,0.0,0.0,0.0,0.0,0.0,0.0,0.0,0.0,0.0,0.0,0.0,0.0,0.0,0.0,0.0,0.0,0.0,0.0,-0.0025079799824681,-0.0440237420689193,-0.0879283867449975,SPY
2007-12-28,-0.21125473697969877,-0.6207283337919741,0.6176003495377133,0.09144604010109234,-0.22422397567538824,-0.20363118418877,-0.1815355240008209,-0.8120194343163242,-0.937642650357864,1.414274966090755,0.0,0.0,0.0,0.0,0.0,0.0,0.0,0.0,0.0,0.0,0.0,0.0,0.0,0.0,0.0,0.0,0.0,0.0,0.0,0.0,0.0,0.0,0.0,0.0,0.0,0.0,0.0,0.0,-0.0074277343740325,-0.0423649715045559,-0.0804785573493971,SPY
2007-12-31,-0.5868827106052751,-0.8823382888777573,0.28183195135674394,0.07647871426690564,-0.22462281563542455,-0.2054512455726347,-0.4348305017509979,-1.193504511090481,-1.0418874262052422,-1.4420447410210082,0.0,0.0,0.0,0.0,0.0,0.0,0.0,0.0,0.0,0.0,0.0,0.0,0.0,0.0,0.0,0.0,0.0,0.0,0.0,0.0,0.0,0.0,0.0,0.0,0.0,0.0,0.0,0.0,-0.0087928153650604,-0.0512171337988816,-0.0804359818520383,SPY
2008-01-02,-0.6911079555430722,-0.5884728847178125,-0.548159660506821,0.08583096229675154,-0.22325941992754963,-0.20760486861610478,-0.7324334659123481,-0.7785793846340411,0.003698650474905397,-0.013884887465126573,0.0,0.0,0.0,0.0,0.0,0.0,0.0,0.0,0.0,0.0,0.0,0.0,0.0,0.0,0.0,0.0,0.0,0.0,0.0,0.0,0.0,0.0,0.0,0.0,0.0,0.0,0.0,0.0,-0.0004831922756194,-0.031969264400061,-0.0535728565693451,SPY
2008-01-03,-0.0566602505863024,-0.9420551506842828,-1.16629291460602,0.06376535429105624,-0.22380373364090494,-0.20839985937316988,-0.741060849484771,-1.1542983638095081,-0.8971218486926186,0.7001950393128141,0.0,0.0,0.0,0.0,0.0,0.0,0.0,0.0,0.0,0.0,0.0,0.0,0.0,0.0,0.0,0.0,0.0,0.0,0.0,0.0,0.0,0.0,0.0,0.0,0.0,0.0,0.0,0.0,-0.0248120200717387,-0.0249531781260126,-0.03712983338501,SPY
2008-01-04,-1.9141896226645636,-0.5513580549325707,-1.2665193925195721,0.13370290788928516,-0.23208227423613723,-0.21573873993136128,-1.553644698871192,-1.5805967737582718,0.2785487264722884,1.414274966090755,0.0,0.0,0.0,0.0,0.0,0.0,0.0,0.0,0.0,0.0,0.0,0.0,0.0,0.0,0.0,0.0,0.0,0.0,0.0,0.0,0.0,0.0,0.0,0.0,0.0,0.0,0.0,0.0,-0.0008492094181047,-0.0082426341872876,-0.0250071595324294,SPY
2008-01-07,-0.0846060110046916,-1.452591954368725,-1.730794541950323,0.04868088173007243,-0.24261594816610735,-0.22552438371022468,-1.4751450067932368,-1.3709882517851353,0.2878850208097575,-1.4420447410210082,0.0,0.0,0.0,0.0,0.0,0.0,0.0,0.0,0.0,0.0,0.0,0.0,0.0,0.0,0.0,0.0,0.0,0.0,0.0,0.0,0.0,0.0,0.0,0.0,0.0,0.0,0.0,0.0,-0.0162798966683581,0.0006370877858756,-0.0512969166507044,SPY
2008-01-08,-1.2627538050086127,-1.4731839289781126,-1.6674665154562498,0.09538022203689754,-0.2627028163920131,-0.23776944935319777,-1.9174012710879424,-1.3959969663377172,1.2983405278436235,-0.7279648142430675,0.0,0.0,0.0,0.0,0.0,0.0,0.0,0.0,0.0,0.0,0.0,0.0,0.0,0.0,0.0,0.0,0.0,0.0,0.0,0.0,0.0,0.0,0.0,0.0,0.0,0.0,0.0,0.0,0.01045505403376,-0.0053419830169278,-0.0431016161574424,SPY
2008-01-09,0.7784853622220477,-0.9931701588754318,-2.0054216132548635,0.11638970100714754,-0.2820054216165353,-0.249690817063329,-1.412800739806479,-1.23121203026515,0.986986049306142,-0.013884887465126573,0.0,0.0,0.0,0.0,0.0,0.0,0.0,0.0,0.0,0.0,0.0,0.0,0.0,0.0,0.0,0.0,0.0,0.0,0.0,0.0,0.0,0.0,0.0,0.0,0.0,0.0,0.0,0.0,0.006532893998429,-0.0244471048722854,-0.0469645932752884,SPY
2008-01-10,0.4790246759665035,-0.3571969244032859,-1.2705824441556866,-0.05024418437261079,-0.3000008057754398,-0.256072951061924,-1.1057242000921554,-1.0203956368775922,1.316184903972931,0.7001950393128141,0.0,0.0,0.0,0.0,0.0,0.0,0.0,0.0,0.0,0.0,0.0,0.0,0.0,0.0,0.0,0.0,0.0,0.0,0.0,0.0,0.0,0.0,0.0,0.0,0.0,0.0,0.0,0.0,-0.0081014761330138,-0.0572379615264866,-0.0599391842277103,SPY
2008-01-11,-0.638323541087994,0.9262413402365348,-1.0027244853799595,-0.09052952008634879,-0.3163839544888619,-0.2652884900666379,-1.2927969740340646,-1.3731284587536239,0.5339790206821828,1.414274966090755,0.0,0.0,0.0,0.0,0.0,0.0,0.0,0.0,0.0,0.0,0.0,0.0,0.0,0.0,0.0,0.0,0.0,0.0,0.0,0.0,0.0,0.0,0.0,0.0,0.0,0.0,0.0,0.0,0.0080305125550586,-0.0594570762555788,-0.0467409069257378,SPY
2008-01-14,0.5933692913512476,-0.11774145094622979,-0.36475453822932113,-0.05203317210938259,-0.3294993871218426,-0.2729317719871314,-0.9155465142327348,-1.6148528307012797,-0.5322679001075283,-1.4420447410210082,0.0,0.0,0.0,0.0,0.0,0.0,0.0,0.0,0.0,0.0,0.0,0.0,0.0,0.0,0.0,0.0,0.0,0.0,0.0,0.0,0.0,0.0,0.0,0.0,0.0,0.0,0.0,0.0,-0.0222589674711617,-0.0776860902362166,-0.0455430527493936,SPY
2008-01-15,-1.7192616041930355,-0.03348604399107369,-0.02574727558700619,0.03880847417098013,-0.3470155458718923,-0.2819194903464216,-1.6132343724500768,-2.177314858770621,0.2242202056046374,-0.7279648142430675,0.0,0.0,0.0,0.0,0.0,0.0,0.0,0.0,0.0,0.0,0.0,0.0,0.0,0.0,0.0,0.0,0.0,0.0,0.0,0.0,0.0,0.0,0.0,0.0,0.0,0.0,0.0,0.0,-0.0086500678215974,-0.0316899672096742,-0.0131125444482265,SPY
2008-01-16,-0.68020904347889,-0.8299807113944662,-0.25401438035998536,0.007198115530755223,-0.3643357665412389,-0.2899248187856277,-1.8298926897418504,-2.3354199480026674,1.7152730661799125,-0.013884887465126573,0.0,0.0,0.0,0.0,0.0,0.0,0.0,0.0,0.0,0.0,0.0,0.0,0.0,0.0,0.0,0.0,0.0,0.0,0.0,0.0,0.0,0.0,0.0,0.0,0.0,0.0,0.0,0.0,-0.0262579626557721,-0.0146340174566343,-0.0133011522455355,SPY
2008-01-17,-2.024588727902556,-1.7684233352935648,-0.9834037781595022,0.14173889030719697,-0.3892375908392169,-0.30269081031476663,-2.6062221355449946,-2.422949900483804,1.831008004687016,0.7001950393128141,0.0,0.0,0.0,0.0,0.0,0.0,0.0,0.0,0.0,0.0,0.0,0.0,0.0,0.0,0.0,0.0,0.0,0.0,0.0,0.0,0.0,0.0,0.0,0.0,0.0,0.0,0.0,0.0,-0.010320590862106,-0.0029269612984093,0.0127346581385259,SPY
2008-01-18,-0.8077550822968051,-1.9934051674160007,-2.2352829009106103,0.14598002353289385,-0.4093898955595554,-0.3169541900977094,-2.8046571645523506,-2.4690825148195956,1.2633463722674554,1.414274966090755,0.0,0.0,0.0,0.0,0.0,0.0,0.0,0.0,0.0,0.0,0.0,0.0,0.0,0.0,0.0,0.0,0.0,0.0,0.0,0.0,0.0,0.0,0.0,0.0,0.0,0.0,0.0,0.0,-0.0101985014255792,0.0237950657667882,0.025863441238668,SPY
2008-01-22,-0.7984334365410162,-2.0873881098568234,-2.3200035725794326,0.11534526444592774,-0.4322001661525469,-0.333682406895819,-2.969830454632768,-2.4799704505762104,2.068783404823938,-0.7279648142430675,0.0,0.0,0.0,0.0,0.0,0.0,0.0,0.0,0.0,0.0,0.0,0.0,0.0,0.0,0.0,0.0,0.0,0.0,0.0,0.0,0.0,0.0,0.0,0.0,0.0,0.0,0.0,0.0,0.0237371555553806,0.0389354166054998,0.0390086352140333,SPY
2008-01-23,1.7925865719511513,-1.1838893948864893,-3.0159451965313266,0.24562228479448164,-0.4432022948161618,-0.3492793462335005,-1.9698145926787545,-1.7526337235594833,2.570681601340417,-0.013884887465126573,0.0,0.0,0.0,0.0,0.0,0.0,0.0,0.0,0.0,0.0,0.0,0.0,0.0,0.0,0.0,0.0,0.0,0.0,0.0,0.0,0.0,0.0,0.0,0.0,0.0,0.0,0.0,0.0,0.0084058819314423,0.0078131021734453,0.0069233522098475,SPY
2008-01-24,0.6220291038113714,0.7321854772351608,-1.259919522922018,0.25272757995846723,-0.4549233196247137,-0.36484349188220233,-1.4919122779180105,-1.547019780772751,0.237418551465784,0.7001950393128141,0.0,0.0,0.0,0.0,0.0,0.0,0.0,0.0,0.0,0.0,0.0,0.0,0.0,0.0,0.0,0.0,0.0,0.0,0.0,0.0,0.0,0.0,0.0,0.0,0.0,0.0,0.0,0.0,-0.014550906497547,0.0174775301596357,0.0046561766972326,SPY
2008-01-25,-1.1307437446296034,1.778860469312867,-0.6087627800625129,0.25972521108000135,-0.4728970695825506,-0.3828887316447261,-1.79949362008425,-1.4192621388669728,0.3058663489171693,1.414274966090755,0.0,0.0,0.0,0.0,0.0,0.0,0.0,0.0,0.0,0.0,0.0,0.0,0.0,0.0,0.0,0.0,0.0,0.0,0.0,0.0,0.0,0.0,0.0,0.0,0.0,0.0,0.0,0.0,0.0164014362030915,0.0479882675658984,0.0317372258457266,SPY
2008-01-28,1.2324973528407488,-0.3752102288053698,-0.16181443260362,0.36639507229429114,-0.4835940445903261,-0.39647447223447113,-1.052711911525208,-1.054180964039389,-0.1929087097257729,-1.4420447410210082,0.0,0.0,0.0,0.0,0.0,0.0,0.0,0.0,0.0,0.0,0.0,0.0,0.0,0.0,0.0,0.0,0.0,0.0,0.0,0.0,0.0,0.0,0.0,0.0,0.0,0.0,0.0,0.0,0.0049418494131323,0.0188974851436487,0.0228076920507991,SPY
2008-01-29,0.35754689354962454,0.07461638158731972,0.858370802362628,0.38685582070022534,-0.4952932262838511,-0.4089236366675935,-0.7238764769311846,-0.7239883293946854,-0.6450086535756702,-0.7279648142430675,0.0,0.0,0.0,0.0,0.0,0.0,0.0,0.0,0.0,0.0,0.0,0.0,0.0,0.0,0.0,0.0,0.0,0.0,0.0,0.0,0.0,0.0,0.0,0.0,0.0,0.0,0.0,0.0,-0.0073851588766737,-0.0131833308058633,0.0168535325331813,SPY
2008-01-30,-0.583632030484656,1.171270849884048,1.4363944058930311,0.38678333038996704,-0.5023955348656417,-0.4212743967428033,-0.8437204824309026,-1.0522684085655096,0.9170052279783508,-0.013884887465126573,0.0,0.0,0.0,0.0,0.0,0.0,0.0,0.0,0.0,0.0,0.0,0.0,0.0,0.0,0.0,0.0,0.0,0.0,0.0,0.0,0.0,0.0,0.0,0.0,0.0,0.0,0.0,0.0,0.0180703099176327,-0.0138827681042856,0.0144235203498181,SPY
2008-01-31,1.3599174640367393,-0.16695325240915557,0.2482163689464802,0.49172228213098695,-0.5015457425191773,-0.4295373932084184,-0.07860397908961328,-0.820366398959692,0.9949441932815544,0.7001950393128141,0.0,0.0,0.0,0.0,0.0,0.0,0.0,0.0,0.0,0.0,0.0,0.0,0.0,0.0,0.0,0.0,0.0,0.0,0.0,0.0,0.0,0.0,0.0,0.0,0.0,0.0,0.0,0.0,0.0159598309087156,-0.0253610011060043,-0.0261824192081778,SPY
2008-02-01,1.1987803644168615,0.5716485615205796,0.6171818935996214,0.5684171903442351,-0.488147068983371,-0.4353083720942081,0.5914866578604614,-0.4070817143370662,-0.2865559296870233,1.414274966090755,0.0,0.0,0.0,0.0,0.0,0.0,0.0,0.0,0.0,0.0,0.0,0.0,0.0,0.0,0.0,0.0,0.0,0.0,0.0,0.0,0.0,0.0,0.0,0.0,0.0,0.0,0.0,0.0,-0.0126893462191581,-0.0477625289687129,-0.0445363339470032,SPY
2008-02-04,-0.9886118291925128,1.8850281307205747,1.782011333142424,0.47070725429614724,-0.4755980485180571,-0.4391228394349901,0.1624026575724564,-0.7373896619716317,-1.0403071725998538,-1.4420447410210082,0.0,0.0,0.0,0.0,0.0,0.0,0.0,0.0,0.0,0.0,0.0,0.0,0.0,0.0,0.0,0.0,0.0,0.0,0.0,0.0,0.0,0.0,0.0,0.0,0.0,0.0,0.0,0.0,-0.0271389665363797,-0.029976381580596,-0.0356746780962895,SPY
2008-02-05,-2.091854220463796,0.15450246773817183,0.6713924931724907,0.6177575915742513,-0.4681688592287098,-0.4468393248813819,-0.7442102803533411,-0.7942638678923062,0.4728316159174782,-0.7279648142430675,0.0,0.0,0.0,0.0,0.0,0.0,0.0,0.0,0.0,0.0,0.0,0.0,0.0,0.0,0.0,0.0,0.0,0.0,0.0,0.0,0.0,0.0,0.0,0.0,0.0,0.0,0.0,0.0,-0.0080845961750961,0.0063909516871865,-0.0022394160413767,SPY
2008-02-06,-0.6370347400863867,-2.270218234298871,-0.5533789164780505,0.5815293003282821,-0.469933601864127,-0.4532442956783038,-0.960040781725074,-0.7836602377314608,0.1585677888319334,-0.013884887465126573,0.0,0.0,0.0,0.0,0.0,0.0,0.0,0.0,0.0,0.0,0.0,0.0,0.0,0.0,0.0,0.0,0.0,0.0,0.0,0.0,0.0,0.0,0.0,0.0,0.0,0.0,0.0,0.0,0.006592076915914,0.024647088692288,-0.015069785118686,SPY
2008-02-07,0.483543348566554,-2.011156881745663,-0.5800818160333181,0.5625355633755257,-0.4722429599775076,-0.4602831535769834,-0.6338065440074999,-0.2775741163639609,0.5965857393724304,0.7001950393128141,0.0,0.0,0.0,0.0,0.0,0.0,0.0,0.0,0.0,0.0,0.0,0.0,0.0,0.0,0.0,0.0,0.0,0.0,0.0,0.0,0.0,0.0,0.0,0.0,0.0,0.0,0.0,0.0,-0.0064416969539928,0.0092163361574675,-0.0320159520778755,SPY
2008-02-08,-0.5115978064150217,-0.11346218471194329,-1.0182942242194701,0.5462986963663419,-0.4721775234830749,-0.4692675180362646,-0.7584265125500563,-0.2111846664226233,-0.1177719757677479,1.414274966090755,0.0,0.0,0.0,0.0,0.0,0.0,0.0,0.0,0.0,0.0,0.0,0.0,0.0,0.0,0.0,0.0,0.0,0.0,0.0,0.0,0.0,0.0,0.0,0.0,0.0,0.0,0.0,0.0,0.0050968011689587,0.0154358808397496,-0.0388453231769601,SPY
2008-02-11,0.36937760895090455,-0.021033347043229986,-1.87353278491926,0.5533921137599475,-0.4754237678510827,-0.4762626471344757,-0.4854087624685169,0.05732749312169611,-0.4306934111238855,-1.4420447410210082,0.0,0.0,0.0,0.0,0.0,0.0,0.0,0.0,0.0,0.0,0.0,0.0,0.0,0.0,0.0,0.0,0.0,0.0,0.0,0.0,0.0,0.0,0.0,0.0,0.0,0.0,0.0,0.0,0.0092283667314028,0.013147271908827,-0.0086350353070754,SPY
2008-02-12,0.6848266083528043,-0.10515694848512559,-1.1944987839424985,0.5594173510770771,-0.4774281580099201,-0.4831375482337421,-0.05846103641986308,-0.17896092484156217,0.210183187153778,-0.7279648142430675,0.0,0.0,0.0,0.0,0.0,0.0,0.0,0.0,0.0,0.0,0.0,0.0,0.0,0.0,0.0,0.0,0.0,0.0,0.0,0.0,0.0,0.0,0.0,0.0,0.0,0.0,0.0,0.0,0.0101715408300053,0.0068655977272102,-0.0272587215831086,SPY
2008-02-13,0.7568388567775738,0.7764344200123641,0.19392195017198238,0.49002848665028215,-0.4742472340730345,-0.4851048551444046,0.3464457516564907,-0.14553105954275147,-0.4836119847923606,-0.013884887465126573,0.0,0.0,0.0,0.0,0.0,0.0,0.0,0.0,0.0,0.0,0.0,0.0,0.0,0.0,0.0,0.0,0.0,0.0,0.0,0.0,0.0,0.0,0.0,0.0,0.0,0.0,0.0,0.0,-0.0088386756189065,-0.0116540705516001,-0.0352251837804225,SPY
2008-02-14,-0.6946094299767762,1.0619371960298067,0.890899068512755,0.49075403315470084,-0.4790401845414453,-0.4870830855210685,0.04095560704067131,-0.029242311879318892,-0.1553621945960158,0.7001950393128141,0.0,0.0,0.0,0.0,0.0,0.0,0.0,0.0,0.0,0.0,0.0,0.0,0.0,0.0,0.0,0.0,0.0,0.0,0.0,0.0,0.0,0.0,0.0,0.0,0.0,0.0,0.0,0.0,-0.0002221522717107,0.0033233114861337,-0.042003576118021,SPY
2008-02-15,-0.03672959553743161,0.04549278903254341,0.301788599384296,0.31920607701191117,-0.4887132954497405,-0.4852140199315122,0.009048531944846212,-0.35632055199539475,-0.7153557748137135,1.414274966090755,0.0,0.0,0.0,0.0,0.0,0.0,0.0,0.0,0.0,0.0,0.0,0.0,0.0,0.0,0.0,0.0,0.0,0.0,0.0,0.0,0.0,0.0,0.0,0.0,0.0,0.0,0.0,0.0,0.002808192238036,0.0160756064087914,-0.0519397426795817,SPY
2008-02-19,0.19464011867742542,-0.5392521302765323,0.5392364411066338,0.28649192774573873,-0.4937240967518685,-0.4814321948883898,0.06586100206959221,-0.4044045621810501,-0.7788746291039899,-0.7279648142430675,0.0,0.0,0.0,0.0,0.0,0.0,0.0,0.0,0.0,0.0,0.0,0.0,0.0,0.0,0.0,0.0,0.0,0.0,0.0,0.0,0.0,0.0,0.0,0.0,0.0,0.0,0.0,0.0,0.002946692549786,0.0207393165789193,-0.0140442637232203,SPY
2008-02-20,0.2052147505205041,0.11599588778231382,0.4518626414228533,0.24932805871701685,-0.4898244855840045,-0.4757486852490229,0.10396401686306761,-0.16797821437777577,-0.0429522146624211,-0.013884887465126573,0.0,0.0,0.0,0.0,0.0,0.0,0.0,0.0,0.0,0.0,0.0,0.0,0.0,0.0,0.0,0.0,0.0,0.0,0.0,0.0,0.0,0.0,0.0,0.0,0.0,0.0,0.0,0.0,-0.008348127448805,0.0167803139246478,-0.042073052404512,SPY
2008-02-21,-0.6571556059775728,0.2942738002928538,0.21204283900597468,0.13068064872776997,-0.486033672163358,-0.47473223228196854,-0.2189846230305229,-0.814246299198065,-0.2539873709790334,0.7001950393128141,0.0,0.0,0.0,0.0,0.0,0.0,0.0,0.0,0.0,0.0,0.0,0.0,0.0,0.0,0.0,0.0,0.0,0.0,0.0,0.0,0.0,0.0,0.0,0.0,0.0,0.0,0.0,0.0,0.0061387064188274,0.015313270313416,-0.0153718351493186,SPY
2008-02-22,0.4489280756142577,-0.3333761785189223,-0.4949952943069637,0.12136661077781094,-0.4823517725532378,-0.4740436463317963,0.00013726627487811128,-1.1325081392553136,-0.2082118488548486,1.414274966090755,0.0,0.0,0.0,0.0,0.0,0.0,0.0,0.0,0.0,0.0,0.0,0.0,0.0,0.0,0.0,0.0,0.0,0.0,0.0,0.0,0.0,0.0,0.0,0.0,0.0,0.0,0.0,0.0,0.0125301426509469,-0.0133610657457747,-0.001719572561714,SPY
2008-02-25,0.9369203714379364,-0.15379478487762818,0.07680653704604963,0.09036710839469775,-0.47307081635829673,-0.4693546845000479,0.4096882042590261,-0.4384408491648711,-0.3455946724598823,-1.4420447410210082,0.0,0.0,0.0,0.0,0.0,0.0,0.0,0.0,0.0,0.0,0.0,0.0,0.0,0.0,0.0,0.0,0.0,0.0,0.0,0.0,0.0,0.0,0.0,0.0,0.0,0.0,0.0,0.0,0.0074719024081639,-0.0282852922268315,-0.0132854971586189,SPY
2008-02-26,0.5507188700447443,1.0208081445447243,0.5636596848364036,0.03238999666224913,-0.4630273474263508,-0.4659446066655944,0.6482548830038966,0.6851753329172694,-0.1147649575398562,-0.7279648142430675,0.0,0.0,0.0,0.0,0.0,0.0,0.0,0.0,0.0,0.0,0.0,0.0,0.0,0.0,0.0,0.0,0.0,0.0,0.0,0.0,0.0,0.0,0.0,0.0,0.0,0.0,0.0,0.0,-0.0010123101044854,-0.0395848850034399,-0.0330685610713779,SPY
2008-02-27,-0.09705890508151188,1.0958132051693357,0.7417093606382437,0.028755686968158427,-0.455990382488344,-0.463419830333248,0.5777681568405602,1.0120858381763151,-0.5492022350112656,-0.013884887465126573,0.0,0.0,0.0,0.0,0.0,0.0,0.0,0.0,0.0,0.0,0.0,0.0,0.0,0.0,0.0,0.0,0.0,0.0,0.0,0.0,0.0,0.0,0.0,0.0,0.0,0.0,0.0,0.0,-0.0098151710600369,-0.0322762793804214,-0.0352141213483605,SPY
2008-02-28,-0.7691657949114471,0.3339203566673071,0.5905637891130876,0.04300190227754823,-0.4549012443830659,-0.4612775965752263,0.181671569593015,0.39961205013402623,-0.5147801548389837,0.7001950393128141,0.0,0.0,0.0,0.0,0.0,0.0,0.0,0.0,0.0,0.0,0.0,0.0,0.0,0.0,0.0,0.0,0.0,0.0,0.0,0.0,0.0,0.0,0.0,0.0,0.0,0.0,0.0,0.0,-0.0225356296403633,-0.0433760735727899,-0.0350099078043131,SPY
2008-02-29,-1.7403850265683967,-0.6386433202979306,0.5345554545814802,0.09115804754672174,-0.4578424279458824,-0.4651577095213998,-0.6037691701438898,-0.17977799851086707,0.284957479301887,1.414274966090755,0.0,0.0,0.0,0.0,0.0,0.0,0.0,0.0,0.0,0.0,0.0,0.0,0.0,0.0,0.0,0.0,0.0,0.0,0.0,0.0,0.0,0.0,0.0,0.0,0.0,0.0,0.0,0.0,-0.0023940838301097,-0.031194533975702,-0.0089827175896184,SPY
2008-03-03,-0.20255865634049197,-1.8495364669497727,-0.5601644257132903,-0.006475625387268578,-0.461415344107488,-0.47180306644329323,-0.6092924296668775,-0.39484883974653456,-0.359625188019478,-1.4420447410210082,0.0,0.0,0.0,0.0,0.0,0.0,0.0,0.0,0.0,0.0,0.0,0.0,0.0,0.0,0.0,0.0,0.0,0.0,0.0,0.0,0.0,0.0,0.0,0.0,0.0,0.0,0.0,0.0,-0.0038276903684444,-0.0420715181986697,0.0279667560287082,SPY
2008-03-04,-0.31201589263960033,-1.4320291371698557,-1.1299369007623834,-0.04260640752376019,-0.4669273532094707,-0.4770822215127888,-0.6839621927501492,-0.8021318191838602,0.5596956708209955,-0.7279648142430675,0.0,0.0,0.0,0.0,0.0,0.0,0.0,0.0,0.0,0.0,0.0,0.0,0.0,0.0,0.0,0.0,0.0,0.0,0.0,0.0,0.0,0.0,0.0,0.0,0.0,0.0,0.0,0.0,0.006296295518533,-0.0029367387913818,0.0324535217348529,SPY
2008-03-05,0.4609601547541008,-0.3795281317099895,-1.5613292380166441,-0.27081453585206317,-0.4714806329417984,-0.4774101584025868,-0.4491617155534173,-0.9514377851999314,0.4224704478763456,-0.013884887465126573,0.0,0.0,0.0,0.0,0.0,0.0,0.0,0.0,0.0,0.0,0.0,0.0,0.0,0.0,0.0,0.0,0.0,0.0,0.0,0.0,0.0,0.0,0.0,0.0,0.0,0.0,0.0,0.0,-0.0209149652524054,-0.0186283538545453,0.0286410475147507,SPY
2008-03-06,-1.616645743766073,0.10938905309204681,-1.2823035665508153,-0.1357825872133892,-0.4796069216863802,-0.4795852091405612,-1.1835446700442094,-1.2221280174956175,0.1766039991253647,0.7001950393128141,0.0,0.0,0.0,0.0,0.0,0.0,0.0,0.0,0.0,0.0,0.0,0.0,0.0,0.0,0.0,0.0,0.0,0.0,0.0,0.0,0.0,0.0,0.0,0.0,0.0,0.0,0.0,0.0,-0.0103540900432754,0.0044916900305516,0.0484606849309461,SPY
2008-03-07,-0.8103127769578137,-0.8519340373101588,-1.7060680556215764,-0.1273572269188024,-0.4924825907326303,-0.4841976019009167,-1.4988519574835946,-1.40811504686303,0.9447817977769992,1.414274966090755,0.0,0.0,0.0,0.0,0.0,0.0,0.0,0.0,0.0,0.0,0.0,0.0,0.0,0.0,0.0,0.0,0.0,0.0,0.0,0.0,0.0,0.0,0.0,0.0,0.0,0.0,0.0,0.0,-0.0132710680530774,-0.0007712878826779,0.0593263611102692,SPY
2008-03-10,-1.033026850004025,-1.788677913285996,-1.2410050270652158,-0.08905274615414228,-0.5128092689705908,-0.4897390948367646,-1.9032762803377683,-1.7044374125528212,0.020238744732393198,-1.4420447410210082,0.0,0.0,0.0,0.0,0.0,0.0,0.0,0.0,0.0,0.0,0.0,0.0,0.0,0.0,0.0,0.0,0.0,0.0,0.0,0.0,0.0,0.0,0.0,0.0,0.0,0.0,0.0,0.0,0.0353070890388433,0.0023414613371279,0.0715748474308384,SPY
2008-03-11,2.6759621072883637,-1.3586353858334614,-1.6562631464495985,0.29666686250518226,-0.5253580805219467,-0.4909959921562206,-0.6187088033441807,-0.8238579344638798,1.0930813463482354,-0.7279648142430675,0.0,0.0,0.0,0.0,0.0,0.0,0.0,0.0,0.0,0.0,0.0,0.0,0.0,0.0,0.0,0.0,0.0,0.0,0.0,0.0,0.0,0.0,0.0,0.0,0.0,0.0,0.0,0.0,-0.0093953195446303,0.0077380434926821,0.0290049364405602,SPY
2008-03-12,-0.7371097284081638,1.2102438582075823,-0.1621877146881413,0.28861920253302187,-0.5403033673075062,-0.4949634928304144,-0.9119193990834124,-0.8373279200463976,-0.0480544888229336,-0.013884887465126573,0.0,0.0,0.0,0.0,0.0,0.0,0.0,0.0,0.0,0.0,0.0,0.0,0.0,0.0,0.0,0.0,0.0,0.0,0.0,0.0,0.0,0.0,0.0,0.0,0.0,0.0,0.0,0.0,0.0022050786326914,-0.0079487330941931,0.0397984949906202,SPY
2008-03-13,0.14859181556903195,1.4282918827793296,-0.7612573122585478,0.25543637215301135,-0.5516757147187993,-0.5001224431919372,-0.7677469429571594,-0.9304776119238163,1.1540999289809868,0.7001950393128141,0.0,0.0,0.0,0.0,0.0,0.0,0.0,0.0,0.0,0.0,0.0,0.0,0.0,0.0,0.0,0.0,0.0,0.0,0.0,0.0,0.0,0.0,0.0,0.0,0.0,0.0,0.0,0.0,-0.015617067956505,0.0081992780795037,0.0179935390697929,SPY
2008-03-14,-1.212146196157013,-0.4340136725692021,0.12141252958390235,0.29290059286269954,-0.5608477803158752,-0.5061995003900343,-1.2579314912997528,-1.4703388993341386,2.307275081947402,1.414274966090755,0.0,0.0,0.0,0.0,0.0,0.0,0.0,0.0,0.0,0.0,0.0,0.0,0.0,0.0,0.0,0.0,0.0,0.0,0.0,0.0,0.0,0.0,0.0,0.0,0.0,0.0,0.0,0.0,-0.0101583188332714,0.0436073150424407,0.0302315540154145,SPY
2008-03-17,-0.7953654570196234,-0.7840466913873585,-0.0795158036570671,0.30782447811211605,-0.572176603985749,-0.5136755065475642,-1.530110326357264,-1.793756254807717,1.4885929717205897,-1.4420447410210082,0.0,0.0,0.0,0.0,0.0,0.0,0.0,0.0,0.0,0.0,0.0,0.0,0.0,0.0,0.0,0.0,0.0,0.0,0.0,0.0,0.0,0.0,0.0,0.0,0.0,0.0,0.0,0.0,0.0407036711943975,0.0547298519297543,0.0427188826554907,SPY
2008-03-18,3.087996338726933,-1.479606371942764,0.03932176755153432,0.724285919457464,-0.5707821497359962,-0.5157412294616243,-0.02141347762336079,-0.8744485546696528,0.8051557348065779,-0.7279648142430675,0.0,0.0,0.0,0.0,0.0,0.0,0.0,0.0,0.0,0.0,0.0,0.0,0.0,0.0,0.0,0.0,0.0,0.0,0.0,0.0,0.0,0.0,0.0,0.0,0.0,0.0,0.0,0.0,-0.0250820961315056,0.0017150192307617,0.0287482137403172,SPY
2008-03-19,-1.9348101892580845,1.6889753581436042,0.24535080198616557,0.8361766259665938,-0.5784290505830891,-0.5218618990053283,-0.8663269992743008,-1.0505089933267113,0.8846451004876871,-0.013884887465126573,0.0,0.0,0.0,0.0,0.0,0.0,0.0,0.0,0.0,0.0,0.0,0.0,0.0,0.0,0.0,0.0,0.0,0.0,0.0,0.0,0.0,0.0,0.0,0.0,0.0,0.0,0.0,0.0,0.0183530898063883,0.0236392449807993,0.0552911652528846,SPY
2008-03-20,1.3815079801766226,0.8493697563001298,-0.35353407374195633,0.9043893726188416,-0.5747822949433746,-0.5241092216303079,-0.1644861282825166,-0.4605509829478441,-0.0530591372927925,0.7001950393128141,0.0,0.0,0.0,0.0,0.0,0.0,0.0,0.0,0.0,0.0,0.0,0.0,0.0,0.0,0.0,0.0,0.0,0.0,0.0,0.0,0.0,0.0,0.0,0.0,0.0,0.0,0.0,0.0,0.0197909690064319,-0.0043248023415785,0.0473179876726304,SPY
2008-03-24,1.4912914383014493,-0.4080648035181268,0.26295967253266633,0.9747976939778071,-0.5624142636043785,-0.5243638967667776,0.5793413813645937,-0.1468398136473011,-0.4304126088254787,-1.4420447410210082,0.0,0.0,0.0,0.0,0.0,0.0,0.0,0.0,0.0,0.0,0.0,0.0,0.0,0.0,0.0,0.0,0.0,0.0,0.0,0.0,0.0,0.0,0.0,0.0,0.0,0.0,0.0,0.0,0.0009642180540421,-0.0206242107736791,0.0280324262432287,SPY
2008-03-25,0.05385091844028647,2.1164754726328114,1.6147566907975492,0.9433350724797689,-0.5460361984639542,-0.526344863832686,0.6415977001192397,-0.07796274489660639,-0.623976059448534,-0.7279648142430675,0.0,0.0,0.0,0.0,0.0,0.0,0.0,0.0,0.0,0.0,0.0,0.0,0.0,0.0,0.0,0.0,0.0,0.0,0.0,0.0,0.0,0.0,0.0,0.0,0.0,0.0,0.0,0.0,-0.0123111615045949,0.0129669609604956,0.0226557497651809,SPY
2008-03-26,-0.9597370629580197,1.1381846658720414,2.0393894433997297,0.9529055282763913,-0.543292392166892,-0.5312639055341698,0.2418590791885324,-0.33709818519855106,-0.6056011021360111,-0.013884887465126573,0.0,0.0,0.0,0.0,0.0,0.0,0.0,0.0,0.0,0.0,0.0,0.0,0.0,0.0,0.0,0.0,0.0,0.0,0.0,0.0,0.0,0.0,0.0,0.0,0.0,0.0,0.0,0.0,-0.003157870381468,0.0259371978027909,0.0333708457328176,SPY
2008-03-27,-0.26087449321664063,-0.6678680558713586,0.015405655726758422,0.9532160934548003,-0.5387665962264785,-0.5364912265448414,0.1911987340732063,-0.08028572881246619,-0.3464821886219108,0.7001950393128141,0.0,0.0,0.0,0.0,0.0,0.0,0.0,0.0,0.0,0.0,0.0,0.0,0.0,0.0,0.0,0.0,0.0,0.0,0.0,0.0,0.0,0.0,0.0,0.0,0.0,0.0,0.0,0.0,-0.0096109575159895,0.0315788894826898,0.0408757755367599,SPY
2008-03-28,-0.7535738946594854,-0.8997750639019625,0.8524219248774411,0.9525938198441177,-0.5376531776766534,-0.5416379957278589,-0.10057246585777269,-0.071538252721935,-0.8298867122542238,1.414274966090755,0.0,0.0,0.0,0.0,0.0,0.0,0.0,0.0,0.0,0.0,0.0,0.0,0.0,0.0,0.0,0.0,0.0,0.0,0.0,0.0,0.0,0.0,0.0,0.0,0.0,0.0,0.0,0.0,0.0034915605743313,0.0400945191624693,0.0596980585058366,SPY
2008-03-31,0.2468159475851894,-0.7478626928146841,-0.21518077302351712,0.8670981338125369,-0.5310882422222539,-0.5429459585040537,0.046098637261650914,0.18974017352178071,-0.965891052413892,-1.4420447410210082,0.0,0.0,0.0,0.0,0.0,0.0,0.0,0.0,0.0,0.0,0.0,0.0,0.0,0.0,0.0,0.0,0.0,0.0,0.0,0.0,0.0,0.0,0.0,0.0,0.0,0.0,0.0,0.0,0.0345553897882169,0.0371145447241856,0.0564214813827463,SPY
2008-04-01,2.6185691474339436,-0.3737684291445123,-0.8374545167235257,1.0857398733352528,-0.5115105669519618,-0.5388076185481372,1.3008939247548634,0.19570781301539053,-0.0743821918128669,-0.7279648142430675,0.0,0.0,0.0,0.0,0.0,0.0,0.0,0.0,0.0,0.0,0.0,0.0,0.0,0.0,0.0,0.0,0.0,0.0,0.0,0.0,0.0,0.0,0.0,0.0,0.0,0.0,0.0,0.0,0.0006590753377002,0.0015365732034604,0.0179192463605639,SPY
2008-04-02,0.03055297893285008,2.111012190971242,0.4449787861396577,1.0806998903079916,-0.5033478343278979,-0.5340129040567209,1.2624997355051462,0.3781770487830484,-0.534027839535478,-0.013884887465126573,0.0,0.0,0.0,0.0,0.0,0.0,0.0,0.0,0.0,0.0,0.0,0.0,0.0,0.0,0.0,0.0,0.0,0.0,0.0,0.0,0.0,0.0,0.0,0.0,0.0,0.0,0.0,0.0,0.0024838212984308,-0.0063853240856746,0.0113469274700497,SPY
2008-04-03,0.16987408585354263,1.9516577310185472,0.9401524527271824,1.076731389314991,-0.4872294492382783,-0.5297628722432024,1.3016796520951963,0.38291060702586394,-0.8888467275210095,0.7001950393128141,0.0,0.0,0.0,0.0,0.0,0.0,0.0,0.0,0.0,0.0,0.0,0.0,0.0,0.0,0.0,0.0,0.0,0.0,0.0,0.0,0.0,0.0,0.0,0.0,0.0,0.0,0.0,0.0,-0.00109532783621,-0.0074709063786757,0.0293379852083806,SPY
2008-04-04,-0.10339738864405969,0.14732441607977673,1.1555392023185254,0.9816402716933501,-0.4766984215517871,-0.5226500655075128,1.165426244531054,0.6819690756311874,-0.567467415857344,1.414274966090755,0.0,0.0,0.0,0.0,0.0,0.0,0.0,0.0,0.0,0.0,0.0,0.0,0.0,0.0,0.0,0.0,0.0,0.0,0.0,0.0,0.0,0.0,0.0,0.0,0.0,0.0,0.0,0.0,0.0005115861360476,-0.0259754558306015,0.0331929026417849,SPY
2008-04-07,0.01929203671113818,0.04862241166958931,1.4806462626682224,0.9501244483755825,-0.4717941431559907,-0.5139847757230747,1.070998605904747,0.9239668377954858,-1.0614105467017527,-1.4420447410210082,0.0,0.0,0.0,0.0,0.0,0.0,0.0,0.0,0.0,0.0,0.0,0.0,0.0,0.0,0.0,0.0,0.0,0.0,0.0,0.0,0.0,0.0,0.0,0.0,0.0,0.0,0.0,0.0,-0.0010225817325082,-0.0298660949775326,0.0278646045642609,SPY
2008-04-08,-0.09784315374779809,-0.062334731243916884,1.3668777257568405,0.9006799443035537,-0.467480882349677,-0.5036042106390901,0.8962532244846946,0.33619102430177233,-1.0792252371453974,-0.7279648142430675,0.0,0.0,0.0,0.0,0.0,0.0,0.0,0.0,0.0,0.0,0.0,0.0,0.0,0.0,0.0,0.0,0.0,0.0,0.0,0.0,0.0,0.0,0.0,0.0,0.0,0.0,0.0,0.0,-0.0072628219514347,-0.0265145034382197,0.0375128680149172,SPY
2008-04-09,-0.5742914887279572,-0.058242065227823284,0.008592998818395819,0.7001818493614208,-0.4617228654548608,-0.4993389581751827,0.5654359339151062,0.9028087099202329,-0.5790686867899842,-0.013884887465126573,0.0,0.0,0.0,0.0,0.0,0.0,0.0,0.0,0.0,0.0,0.0,0.0,0.0,0.0,0.0,0.0,0.0,0.0,0.0,0.0,0.0,0.0,0.0,0.0,0.0,0.0,0.0,0.0,0.0013982390054296,0.0074813207924391,0.0268043988968376,SPY
2008-04-10,0.08698883499162277,-0.495627081824106,-0.29384673105600173,0.67355471050031,-0.4546292616213533,-0.4935096586947868,0.5432204401396428,0.5895194507471683,-0.6125772830975218,0.7001950393128141,0.0,0.0,0.0,0.0,0.0,0.0,0.0,0.0,0.0,0.0,0.0,0.0,0.0,0.0,0.0,0.0,0.0,0.0,0.0,0.0,0.0,0.0,0.0,0.0,0.0,0.0,0.0,0.0,-0.0195998772881358,0.0075439371680712,0.0228224834816241,SPY
2008-04-11,-1.5162375144436953,-0.3594326980555949,-0.33529175406860534,0.7674540141689729,-0.4505351283451718,-0.4908970986878915,-0.2224780377706962,-0.6562375362051481,-0.2969423755125042,1.414274966090755,0.0,0.0,0.0,0.0,0.0,0.0,0.0,0.0,0.0,0.0,0.0,0.0,0.0,0.0,0.0,0.0,0.0,0.0,0.0,0.0,0.0,0.0,0.0,0.0,0.0,0.0,0.0,0.0,-0.0033790530108834,0.0375237266823411,0.0405521186881632,SPY
2008-04-14,-0.27776199943665425,-1.0535103812017126,-1.04175268551284,0.7123358472071012,-0.4484331753675691,-0.4865490351720187,-0.4016976971766079,-0.7823206663564513,-0.9185566138743996,-1.4420447410210082,0.0,0.0,0.0,0.0,0.0,0.0,0.0,0.0,0.0,0.0,0.0,0.0,0.0,0.0,0.0,0.0,0.0,0.0,0.0,0.0,0.0,0.0,0.0,0.0,0.0,0.0,0.0,0.0,0.0023290098068047,0.0414081872702549,0.0551001367464945,SPY
2008-04-15,0.15805407975869085,-1.3222788744847929,-1.1902882963254717,0.6815712410865421,-0.4558114360762896,-0.4804287499293575,-0.3924006024114304,-0.32984398536226767,-0.770649185887019,-0.7279648142430675,0.0,0.0,0.0,0.0,0.0,0.0,0.0,0.0,0.0,0.0,0.0,0.0,0.0,0.0,0.0,0.0,0.0,0.0,0.0,0.0,0.0,0.0,0.0,0.0,0.0,0.0,0.0,0.0,0.026733002279224,0.0346667190394445,0.052912947877747,SPY
2008-04-16,2.0213223470743245,-0.08856866297664039,-1.0623322773564614,0.47884102913916365,-0.4554832322469944,-0.4761689591984517,0.550661192072604,0.484426179235298,-0.5666319653846569,-0.013884887465126573,0.0,0.0,0.0,0.0,0.0,0.0,0.0,0.0,0.0,0.0,0.0,0.0,0.0,0.0,0.0,0.0,0.0,0.0,0.0,0.0,0.0,0.0,0.0,0.0,0.0,0.0,0.0,0.0,0.0014608553810617,0.0063376512232622,0.0282424146313182,SPY
2008-04-17,0.09176965541932387,1.6055232414627176,0.2355497226133482,0.2929346062272666,-0.4554613194939815,-0.4680715848367692,0.5025120657796309,0.8663358143626797,-0.6541870476278376,0.7001950393128141,0.0,0.0,0.0,0.0,0.0,0.0,0.0,0.0,0.0,0.0,0.0,0.0,0.0,0.0,0.0,0.0,0.0,0.0,0.0,0.0,0.0,0.0,0.0,0.0,0.0,0.0,0.0,0.0,0.0103799122261341,0.0092238552646746,0.0392073178301695,SPY
2008-04-18,0.77274821302991,1.5566812288440233,0.23794027111968388,0.24223215831834424,-0.4519801397729567,-0.4610418453537392,0.8058249429475253,0.9873955334664253,-0.1747999292776492,1.414274966090755,0.0,0.0,0.0,0.0,0.0,0.0,0.0,0.0,0.0,0.0,0.0,0.0,0.0,0.0,0.0,0.0,0.0,0.0,0.0,0.0,0.0,0.0,0.0,0.0,0.0,0.0,0.0,0.0,0.0005054075770303,0.0080552684916277,0.0297384409151444,SPY
2008-04-21,0.018820297795152083,0.6366630764926314,1.3824993472418545,0.15261206224565285,-0.4484990529025812,-0.4568350182938136,0.7712409423046968,0.22479437995552962,-1.3997114907465713,-1.4420447410210082,0.0,0.0,0.0,0.0,0.0,0.0,0.0,0.0,0.0,0.0,0.0,0.0,0.0,0.0,0.0,0.0,0.0,0.0,0.0,0.0,0.0,0.0,0.0,0.0,0.0,0.0,0.0,0.0,-0.0044124584240057,0.0077648443658384,0.0319633192730375,SPY
2008-04-22,-0.35666349539962605,0.5829099741444264,1.5307990749507296,0.16188657924204797,-0.4460470297679935,-0.4534409646482931,0.5609021487876261,0.004199905935997409,-0.8250403043186927,-0.7279648142430675,0.0,0.0,0.0,0.0,0.0,0.0,0.0,0.0,0.0,0.0,0.0,0.0,0.0,0.0,0.0,0.0,0.0,0.0,0.0,0.0,0.0,0.0,0.0,0.0,0.0,0.0,0.0,0.0,-0.0015960655369582,0.0082304575558787,0.0282337410260389,SPY
2008-04-23,-0.1416291930960228,-0.24930274346774356,1.273425398384701,0.10955000934895444,-0.4419089084971503,-0.4484762027682106,0.4378824306578968,-0.14922399253725407,-0.4289406207496704,-0.013884887465126573,0.0,0.0,0.0,0.0,0.0,0.0,0.0,0.0,0.0,0.0,0.0,0.0,0.0,0.0,0.0,0.0,0.0,0.0,0.0,0.0,0.0,0.0,0.0,0.0,0.0,0.0,0.0,0.0,0.0043470594224741,0.0039132795400229,0.0127703499576279,SPY
2008-04-24,0.3121341064180557,-0.36753076063582,0.19188706164426128,0.10390907455852254,-0.4368732928592481,-0.4423911334756481,0.5249114604312611,0.045605506742995405,0.009740417424408397,0.7001950393128141,0.0,0.0,0.0,0.0,0.0,0.0,0.0,0.0,0.0,0.0,0.0,0.0,0.0,0.0,0.0,0.0,0.0,0.0,0.0,0.0,0.0,0.0,0.0,0.0,0.0,0.0,0.0,0.0,0.0092113254530872,0.0200410991543105,0.0085663256415475,SPY
2008-04-25,0.6835254903838558,0.12527612775311864,0.30207566151974313,0.07310337159490864,-0.4232551436033773,-0.4335051151468479,0.761218107052313,0.304310781396745,-0.4534326615423768,1.414274966090755,0.0,0.0,0.0,0.0,0.0,0.0,0.0,0.0,0.0,0.0,0.0,0.0,0.0,0.0,0.0,0.0,0.0,0.0,0.0,0.0,0.0,0.0,0.0,0.0,0.0,0.0,0.0,0.0,0.000214983451241,0.0135893632984176,-0.0141395515722866,SPY
2008-04-28,-0.0033538631851737135,0.7332955209149551,0.25746171929408096,0.07519739064369364,-0.4085861803473403,-0.4250913678631071,0.6630666507958041,0.3517765633179854,-1.4948708819463432,-1.4420447410210082,0.0,0.0,0.0,0.0,0.0,0.0,0.0,0.0,0.0,0.0,0.0,0.0,0.0,0.0,0.0,0.0,0.0,0.0,0.0,0.0,0.0,0.0,0.0,0.0,0.0,0.0,0.0,0.0,-0.0039468452339654,0.0085576679057002,-0.0069712355710063,SPY
2008-04-29,-0.32111348108019905,0.5008266182129163,0.2463739973826657,-0.2827309784758625,-0.3958000425387733,-0.42237830731079423,0.4798520361856485,0.4890214538822145,-1.2037977603127974,-0.7279648142430675,0.0,0.0,0.0,0.0,0.0,0.0,0.0,0.0,0.0,0.0,0.0,0.0,0.0,0.0,0.0,0.0,0.0,0.0,0.0,0.0,0.0,0.0,0.0,0.0,0.0,0.0,0.0,0.0,-0.0059132435528139,0.0211301948578137,0.001580699227774,SPY
2008-04-30,-0.4712498816119598,-0.23944667842553338,0.26415003288048533,-0.26519328497043726,-0.3927128513314082,-0.4206648487070863,0.2362985140359431,0.2032789580586898,-0.1778298864702976,-0.013884887465126573,0.0,0.0,0.0,0.0,0.0,0.0,0.0,0.0,0.0,0.0,0.0,0.0,0.0,0.0,0.0,0.0,0.0,0.0,0.0,0.0,0.0,0.0,0.0,0.0,0.0,0.0,0.0,0.0,0.0204748790367617,0.0090721473411132,0.012506647481155,SPY
2008-05-01,1.5435086260690887,-0.5842182211221532,0.09933015384394635,-0.1252990186681091,-0.3838018817575249,-0.4161833395654962,0.9541381819037488,1.5057343316077463,-0.4297424216975536,0.7001950393128141,0.0,0.0,0.0,0.0,0.0,0.0,0.0,0.0,0.0,0.0,0.0,0.0,0.0,0.0,0.0,0.0,0.0,0.0,0.0,0.0,0.0,0.0,0.0,0.0,0.0,0.0,0.0,0.0,0.0027595895971943,-0.0139864081054321,-0.0054709683624754,SPY
2008-05-02,0.19092926036231872,0.7897379894683927,0.7150530330458748,-0.1272817464929075,-0.3771679118460683,-0.41110870252365034,0.9952935923934352,1.7154839850443777,-0.4879285726905812,1.414274966090755,0.0,0.0,0.0,0.0,0.0,0.0,0.0,0.0,0.0,0.0,0.0,0.0,0.0,0.0,0.0,0.0,0.0,0.0,0.0,0.0,0.0,0.0,0.0,0.0,0.0,0.0,0.0,0.0,-0.0048167119414763,-0.0186162397842233,-0.0186162397842233,SPY
2008-05-05,-0.387528639777333,1.2776680323176848,0.4687406689417101,-0.11355424780284308,-0.3721759592255574,-0.4068578904625608,0.7582521140022002,1.4279202083920381,-1.2550612603316962,-1.4420447410210082,0.0,0.0,0.0,0.0,0.0,0.0,0.0,0.0,0.0,0.0,0.0,0.0,0.0,0.0,0.0,0.0,0.0,0.0,0.0,0.0,0.0,0.0,0.0,0.0,0.0,0.0,0.0,0.0,0.008625681718148,-0.0026305627952991,-0.019648052852248,SPY
2008-05-06,0.6388110286621651,-0.14522652316291107,0.27664216780728473,-0.09906988981412389,-0.3631773618522826,-0.4011132653119146,1.014573828823713,1.1353517722266258,-0.4656323200800815,-0.7279648142430675,0.0,0.0,0.0,0.0,0.0,0.0,0.0,0.0,0.0,0.0,0.0,0.0,0.0,0.0,0.0,0.0,0.0,0.0,0.0,0.0,0.0,0.0,0.0,0.0,0.0,0.0,0.0,0.0,-0.0179712910695144,-0.0111144235753899,-0.0287809029421941,SPY
2008-05-07,-1.3918933922606422,0.18479741831370372,0.7566321899514601,0.001993563094286923,-0.3592363857205733,-0.3970600887961639,0.2835624384676545,0.23788026191465472,-0.2133406637901842,-0.013884887465126573,0.0,0.0,0.0,0.0,0.0,0.0,0.0,0.0,0.0,0.0,0.0,0.0,0.0,0.0,0.0,0.0,0.0,0.0,0.0,0.0,0.0,0.0,0.0,0.0,0.0,0.0,0.0,0.0,-0.0025836764097837,0.0089193365269197,0.0089899804090309,SPY
2008-05-08,-0.21703423191790297,-0.5552738186847669,0.29628380361663137,0.006656762954546023,-0.3573972232904942,-0.39361110339250643,0.1443420986196128,-0.16702123219388076,-0.4649624845985417,0.7001950393128141,0.0,0.0,0.0,0.0,0.0,0.0,0.0,0.0,0.0,0.0,0.0,0.0,0.0,0.0,0.0,0.0,0.0,0.0,0.0,0.0,0.0,0.0,0.0,0.0,0.0,0.0,0.0,0.0,-0.0018702420815968,0.0239287715166165,-0.0208393975748313,SPY
2008-05-09,-0.1625628356483517,-1.185907718481345,-0.5840385517503943,-0.140215299362061,-0.35892979287968413,-0.38754792761389223,0.00025655290033691126,-0.2523683074577436,-0.7844526052498849,1.414274966090755,0.0,0.0,0.0,0.0,0.0,0.0,0.0,0.0,0.0,0.0,0.0,0.0,0.0,0.0,0.0,0.0,0.0,0.0,0.0,0.0,0.0,0.0,0.0,0.0,0.0,0.0,0.0,0.0,0.0111689650474477,0.0267100489093223,-0.0165508157796292,SPY
2008-05-12,0.8329931538874807,-0.280069293285114,-0.7607948250509833,-0.12475248568128859,-0.3571124503519704,-0.3792769656357553,0.3162214650733106,0.24649755326216763,-0.8243565522338174,-1.4420447410210082,0.0,0.0,0.0,0.0,0.0,0.0,0.0,0.0,0.0,0.0,0.0,0.0,0.0,0.0,0.0,0.0,0.0,0.0,0.0,0.0,0.0,0.0,0.0,0.0,0.0,0.0,0.0,0.0,0.0001418209380572,0.0182713697967979,-0.0327096388138556,SPY
2008-05-13,-0.008939891345381612,0.4936486855406917,-0.1504986227737235,-0.12250318003684069,-0.3540472879609291,-0.3713245775765576,0.2239877485735919,0.3121043621498276,-0.6835464002235873,-0.7279648142430675,0.0,0.0,0.0,0.0,0.0,0.0,0.0,0.0,0.0,0.0,0.0,0.0,0.0,0.0,0.0,0.0,0.0,0.0,0.0,0.0,0.0,0.0,0.0,0.0,0.0,0.0,0.0,0.0,0.0020624690327952,0.0099875121877364,-0.0476729315879111,SPY
2008-05-14,0.13770343562868084,0.6068465274009796,-0.4743928199557254,-0.35797694706895417,-0.3485518294870165,-0.3670187755298991,0.2485596962536573,0.2528289281314036,-0.4053408349833776,-0.013884887465126573,0.0,0.0,0.0,0.0,0.0,0.0,0.0,0.0,0.0,0.0,0.0,0.0,0.0,0.0,0.0,0.0,0.0,0.0,0.0,0.0,0.0,0.0,0.0,0.0,0.0,0.0,0.0,0.0,0.012425758579913,-0.009134413450428,-0.0459350426680877,SPY
2008-05-15,0.9289505473449934,0.09451878930399452,0.29044983989812234,-0.30964737043445667,-0.345464615066989,-0.36099944500661524,0.6425742994670072,0.3434716915021847,-0.5829402174646104,0.7001950393128141,0.0,0.0,0.0,0.0,0.0,0.0,0.0,0.0,0.0,0.0,0.0,0.0,0.0,0.0,0.0,0.0,0.0,0.0,0.0,0.0,0.0,0.0,0.0,0.0,0.0,0.0,0.0,0.0,0.000911035311109,-0.0214171369239473,-0.0457957805458431,SPY
2008-05-16,0.04979036493093577,0.7856080926815128,0.8634753788781789,-0.34053358206799816,-0.3429467840353761,-0.356408107285207,0.6204949762632908,0.3615175838435009,-0.1099235040826894,1.414274966090755,0.0,0.0,0.0,0.0,0.0,0.0,0.0,0.0,0.0,0.0,0.0,0.0,0.0,0.0,0.0,0.0,0.0,0.0,0.0,0.0,0.0,0.0,0.0,0.0,0.0,0.0,0.0,0.0,0.0027302859349234,-0.0358227239958033,-0.0461195244855634,SPY
2008-05-19,0.18869189759935232,0.720828902831662,0.9696581218063645,-0.34039224358021497,-0.3380862615076196,-0.3514652505645599,0.6630389267736779,0.5902641546231843,-0.5891830088588527,-1.4420447410210082,0.0,0.0,0.0,0.0,0.0,0.0,0.0,0.0,0.0,0.0,0.0,0.0,0.0,0.0,0.0,0.0,0.0,0.0,0.0,0.0,0.0,0.0,0.0,0.0,0.0,0.0,0.0,0.0,-0.0081420366710043,-0.0311697104782053,-0.053706561916754,SPY
2008-05-20,-0.6414203771253091,0.17536558060582302,0.6474888562708253,-0.3161812324758422,-0.33843654057856354,-0.34712650343760193,0.3030517063349986,0.4893376636887678,-0.4232446512616114,-0.7279648142430675,0.0,0.0,0.0,0.0,0.0,0.0,0.0,0.0,0.0,0.0,0.0,0.0,0.0,0.0,0.0,0.0,0.0,0.0,0.0,0.0,0.0,0.0,0.0,0.0,0.0,0.0,0.0,0.0,-0.0170594566053692,-0.0184225842423861,-0.0553484226606979,SPY
2008-05-21,-1.3222739550309899,-0.3339565432893012,0.33123031792311375,-0.191212598438085,-0.3385022324122782,-0.3451823244624208,-0.3547492125015998,-0.7255317177125282,0.504230443286767,-0.013884887465126573,0.0,0.0,0.0,0.0,0.0,0.0,0.0,0.0,0.0,0.0,0.0,0.0,0.0,0.0,0.0,0.0,0.0,0.0,0.0,0.0,0.0,0.0,0.0,0.0,0.0,0.0,0.0,0.0,0.0001430351063937,0.00364957706355,-0.0370237385767531,SPY
2008-05-22,-0.008847188426581111,-1.447319357798443,-0.3988006094680485,-0.1965546691502293,-0.3377360288620018,-0.3438752467431721,-0.3650848750864912,-0.8267256746010008,-0.5286526630441167,0.7001950393128141,0.0,0.0,0.0,0.0,0.0,0.0,0.0,0.0,0.0,0.0,0.0,0.0,0.0,0.0,0.0,0.0,0.0,0.0,0.0,0.0,0.0,0.0,0.0,0.0,0.0,0.0,0.0,0.0,-0.0134945517607469,0.0060038051502875,-0.0535313255827807,SPY
2008-05-23,-1.0500900457591147,-0.9812046110445004,-0.867726604576314,-0.163185552415501,-0.3404946912628019,-0.3460281011845574,-0.8336122097710743,-1.0501616464213133,-0.3982952806388754,1.414274966090755,0.0,0.0,0.0,0.0,0.0,0.0,0.0,0.0,0.0,0.0,0.0,0.0,0.0,0.0,0.0,0.0,0.0,0.0,0.0,0.0,0.0,0.0,0.0,0.0,0.0,0.0,0.0,0.0,0.0073832994525213,0.0091126750864809,-0.0410255828426455,SPY
2008-05-27,0.5439539492709893,-0.780644523757621,-1.41769862563113,-0.1409213002125904,-0.3444357834578221,-0.34709355835730243,-0.5513612857661339,-1.1056441207545762,-0.545156374205111,-0.7279648142430675,0.0,0.0,0.0,0.0,0.0,0.0,0.0,0.0,0.0,0.0,0.0,0.0,0.0,0.0,0.0,0.0,0.0,0.0,0.0,0.0,0.0,0.0,0.0,0.0,0.0,0.0,0.0,0.0,0.0046050895648148,-0.0041191493755414,-0.0503887146862958,SPY
2008-05-28,0.33183495564498955,-0.3733102154015548,-1.240057323301405,-0.1381016286310994,-0.3470192366851651,-0.3468518912288544,-0.385030880752061,-0.3976620118800624,-0.379556958278991,-0.013884887465126573,0.0,0.0,0.0,0.0,0.0,0.0,0.0,0.0,0.0,0.0,0.0,0.0,0.0,0.0,0.0,0.0,0.0,0.0,0.0,0.0,0.0,0.0,0.0,0.0,0.0,0.0,0.0,0.0,0.005012704700567,-0.0092314073121544,-0.0502789480795815,SPY
2008-05-29,0.36295676280760814,0.6449681965992267,-0.7534015040289787,-0.1443416275029017,-0.3487050562694751,-0.3449406456884868,-0.2228858977179212,-0.12630951946875577,-0.4525891535887616,0.7001950393128141,0.0,0.0,0.0,0.0,0.0,0.0,0.0,0.0,0.0,0.0,0.0,0.0,0.0,0.0,0.0,0.0,0.0,0.0,0.0,0.0,0.0,0.0,0.0,0.0,0.0,0.0,0.0,0.0,0.0024972631931312,0.0055554802689892,-0.0828275524036241,SPY
2008-05-30,0.17090038742596605,0.5115995062424532,0.08926260274592122,-0.29879254802182514,-0.3534780206358258,-0.3457863641831923,-0.12023293279759618,0.026239135774114207,-1.130313851775164,1.414274966090755,0.0,0.0,0.0,0.0,0.0,0.0,0.0,0.0,0.0,0.0,0.0,0.0,0.0,0.0,0.0,0.0,0.0,0.0,0.0,0.0,0.0,0.0,0.0,0.0,0.0,0.0,0.0,0.0,-0.0103856818245535,-0.029354837317788,-0.0907987855704917,SPY
2008-06-02,-0.8127248398049066,0.3930140573971167,0.17914159014356706,-0.26502472629104945,-0.3617102519701884,-0.3486532033800282,-0.4693231058468289,-0.7377151162595073,-0.3137277156579344,-1.4420447410210082,0.0,0.0,0.0,0.0,0.0,0.0,0.0,0.0,0.0,0.0,0.0,0.0,0.0,0.0,0.0,0.0,0.0,0.0,0.0,0.0,0.0,0.0,0.0,0.0,0.0,0.0,0.0,0.0,-0.005848525009501,-0.0165508157796292,-0.0768905849660432,SPY
2008-06-03,-0.4663085586625243,-0.4732928652726474,0.29783105926942005,-0.26147086833722805,-0.3725698316759058,-0.3516628511734411,-0.6478854724072779,-0.9122001119625339,0.8613070468092292,-0.7279648142430675,0.0,0.0,0.0,0.0,0.0,0.0,0.0,0.0,0.0,0.0,0.0,0.0,0.0,0.0,0.0,0.0,0.0,0.0,0.0,0.0,0.0,0.0,0.0,0.0,0.0,0.0,0.0,0.0,-0.000507168371798,-0.0156921487569068,-0.0679216619605549,SPY
2008-06-04,-0.0584908485605553,-0.9428234932563758,-0.20732941807330413,-0.2999358175819107,-0.3810430104427655,-0.3560894634933515,-0.6138127212650947,-1.009734029685563,0.5324873907744672,-0.013884887465126573,0.0,0.0,0.0,0.0,0.0,0.0,0.0,0.0,0.0,0.0,0.0,0.0,0.0,0.0,0.0,0.0,0.0,0.0,0.0,0.0,0.0,0.0,0.0,0.0,0.0,0.0,0.0,0.0,0.0197995922817106,-0.0300064522211069,-0.0846998659085276,SPY
2008-06-05,1.491949833652345,-0.3870623701122408,-0.4025036109422333,-0.25748055102179906,-0.3782187954842218,-0.3547055488565286,0.10125047205695911,-0.7353042860542861,0.4568862364406993,0.7001950393128141,0.0,0.0,0.0,0.0,0.0,0.0,0.0,0.0,0.0,0.0,0.0,0.0,0.0,0.0,0.0,0.0,0.0,0.0,0.0,0.0,0.0,0.0,0.0,0.0,0.0,0.0,0.0,0.0,-0.032413054393646,-0.0460056865501989,-0.1034696224467524,SPY
2008-06-06,-2.4945358945622154,1.0558902097944267,0.16202558231779096,0.09173141885326715,-0.38526862023702674,-0.3578579586645732,-1.051749838437022,-1.4326562489260897,2.234091012055333,1.414274966090755,0.0,0.0,0.0,0.0,0.0,0.0,0.0,0.0,0.0,0.0,0.0,0.0,0.0,0.0,0.0,0.0,0.0,0.0,0.0,0.0,0.0,0.0,0.0,0.0,0.0,0.0,0.0,0.0,0.0024183397136052,-0.0010276114543952,-0.0813219541435357,SPY
2008-06-09,0.16487450395164815,-0.7391218773192207,-1.1707696604651656,0.09484753582849355,-0.3875017943934267,-0.3603622971687379,-0.934631620742461,-1.446618902648132,0.3159548505841074,-1.4420447410210082,0.0,0.0,0.0,0.0,0.0,0.0,0.0,0.0,0.0,0.0,0.0,0.0,0.0,0.0,0.0,0.0,0.0,0.0,0.0,0.0,0.0,0.0,0.0,0.0,0.0,0.0,0.0,0.0,-0.0049898579867786,-0.0028586597966118,-0.0661386404382486,SPY
2008-06-10,-0.4007485066572128,-1.7169840318934635,-0.6819417100425021,0.05232161653925533,-0.3934570028526997,-0.3653271405672233,-1.056740814326674,-1.3919601699421755,0.919659273708339,-0.7279648142430675,0.0,0.0,0.0,0.0,0.0,0.0,0.0,0.0,0.0,0.0,0.0,0.0,0.0,0.0,0.0,0.0,0.0,0.0,0.0,0.0,0.0,0.0,0.0,0.0,0.0,0.0,0.0,0.0,-0.0148214718359982,-0.0027255533061003,-0.0805919155504515,SPY
2008-06-11,-1.1514016681206631,-0.17416622755756936,-0.6491597876158643,0.10080149427773184,-0.4051922338104515,-0.3725106354038038,-1.5049967309403969,-1.3440689961966583,1.4482108344632367,-0.013884887465126573,0.0,0.0,0.0,0.0,0.0,0.0,0.0,0.0,0.0,0.0,0.0,0.0,0.0,0.0,0.0,0.0,0.0,0.0,0.0,0.0,0.0,0.0,0.0,0.0,0.0,0.0,0.0,0.0,0.0038003579526186,0.0023120211149496,-0.0616917959001437,SPY
2008-06-12,0.2703929240427612,-1.1440709683288948,-1.1956468114997025,0.10627127862505165,-0.4173435285235101,-0.3794525329848533,-1.2874968255369372,-1.230050812014106,0.9959866818088452,0.7001950393128141,0.0,0.0,0.0,0.0,0.0,0.0,0.0,0.0,0.0,0.0,0.0,0.0,0.0,0.0,0.0,0.0,0.0,0.0,0.0,0.0,0.0,0.0,0.0,0.0,0.0,0.0,0.0,0.0,0.0125650207021577,-0.0002231093590934,-0.0772124634694915,SPY
2008-06-13,0.9395833441511242,-0.6495370177984905,-1.806460601691639,0.10749818186141234,-0.4265391781852688,-0.386460402244905,-0.7495139131136971,-0.6046789642507954,0.9506135459730456,1.414274966090755,0.0,0.0,0.0,0.0,0.0,0.0,0.0,0.0,0.0,0.0,0.0,0.0,0.0,0.0,0.0,0.0,0.0,0.0,0.0,0.0,0.0,0.0,0.0,0.0,0.0,0.0,0.0,0.0,0.0005872913713886,-0.0291526819608849,-0.0988630241965156,SPY
2008-06-16,0.02507220415054248,0.8912158419081891,-0.0893016452252157,0.10691064118113514,-0.4323848693047995,-0.3935231100992063,-0.6432585502968081,-0.796101232017527,-0.1566195015443555,-1.4420447410210082,0.0,0.0,0.0,0.0,0.0,0.0,0.0,0.0,0.0,0.0,0.0,0.0,0.0,0.0,0.0,0.0,0.0,0.0,0.0,0.0,0.0,0.0,0.0,0.0,0.0,0.0,0.0,0.0,-0.0048567514962671,-0.0307287823528854,-0.1136473773051172,SPY
2008-06-17,-0.39058569824690337,0.7104500312969608,-0.1592068391194198,0.10042265587871314,-0.4379022405317254,-0.4017392101921216,-0.7217287463641772,-1.0392341586048897,-0.0377596541539591,-0.7279648142430675,0.0,0.0,0.0,0.0,0.0,0.0,0.0,0.0,0.0,0.0,0.0,0.0,0.0,0.0,0.0,0.0,0.0,0.0,0.0,0.0,0.0,0.0,0.0,0.0,0.0,0.0,0.0,0.0,-0.0097838974149482,-0.0278518632477471,-0.0845391595641045,SPY
2008-06-18,-0.7667780220680108,-0.2696917410925881,-0.1541251409396113,0.10653636293442184,-0.446156198917804,-0.4101309940889957,-0.9766242114075564,-1.3790367906673875,1.3435081923106984,-0.013884887465126573,0.0,0.0,0.0,0.0,0.0,0.0,0.0,0.0,0.0,0.0,0.0,0.0,0.0,0.0,0.0,0.0,0.0,0.0,0.0,0.0,0.0,0.0,0.0,0.0,0.0,0.0,0.0,0.0,0.0012652274785756,-0.0133531096612697,-0.064802038616138,SPY
2008-06-19,0.07683327714778397,-0.8531705768304423,0.03819780790928312,0.04424835234693523,-0.4600807553132667,-0.4156998888537391,-0.8637394702054038,-1.422908262281032,1.9477632237190947,0.7001950393128141,0.0,0.0,0.0,0.0,0.0,0.0,0.0,0.0,0.0,0.0,0.0,0.0,0.0,0.0,0.0,0.0,0.0,0.0,0.0,0.0,0.0,0.0,0.0,0.0,0.0,0.0,0.0,0.0,-0.0163645518996338,-0.0421542367633209,-0.0598569313067995,SPY
2008-06-20,-1.26921731323484,-0.5087505456997092,-0.0585876145446903,0.10303045490278934,-0.46895186874634104,-0.42368721337136733,-1.3587513989373057,-1.5064090107089863,1.6143500808531874,1.414274966090755,0.0,0.0,0.0,0.0,0.0,0.0,0.0,0.0,0.0,0.0,0.0,0.0,0.0,0.0,0.0,0.0,0.0,0.0,0.0,0.0,0.0,0.0,0.0,0.0,0.0,0.0,0.0,0.0,-0.0009888090206118,-0.0312636548374234,-0.0429365893164197,SPY
2008-06-23,-0.09526457475303429,-0.8789754732582381,-1.1630518361482194,0.06615096865152204,-0.4788316187725637,-0.4297641075326581,-1.3216599937957183,-1.4291301757719046,-0.5705212425197232,-1.4420447410210082,0.0,0.0,0.0,0.0,0.0,0.0,0.0,0.0,0.0,0.0,0.0,0.0,0.0,0.0,0.0,0.0,0.0,0.0,0.0,0.0,0.0,0.0,0.0,0.0,0.0,0.0,0.0,0.0,-0.0019798323911288,-0.0267523270369167,-0.0306669394632947,SPY
2008-06-24,-0.1709301610516459,-1.0057866440267342,-1.223223706523935,0.037287685612039226,-0.4877946079221913,-0.4372483703398639,-1.3030972381471302,-1.4515049866701455,1.1835344719717935,-0.7279648142430675,0.0,0.0,0.0,0.0,0.0,0.0,0.0,0.0,0.0,0.0,0.0,0.0,0.0,0.0,0.0,0.0,0.0,0.0,0.0,0.0,0.0,0.0,0.0,0.0,0.0,0.0,0.0,0.0,0.0047148561715291,-0.0216520966498006,-0.023289186121973,SPY
2008-06-25,0.34021574150750034,-0.19650821277348499,-1.1133895840565977,0.037779373411895925,-0.4910145987693756,-0.4447512076974684,-1.0427414052282074,-2.0474030525899245,1.5076997802995673,-0.013884887465126573,0.0,0.0,0.0,0.0,0.0,0.0,0.0,0.0,0.0,0.0,0.0,0.0,0.0,0.0,0.0,0.0,0.0,0.0,0.0,0.0,0.0,0.0,0.0,0.0,0.0,0.0,0.0,0.0,-0.0275358996234755,-0.0436523251411005,-0.0489760675952091,SPY
2008-06-26,-2.12216044295051,0.12437765617657222,-0.5598606807945257,0.19087124332052335,-0.5032284516067671,-0.4569748805823953,-1.880488338585578,-1.959583322434963,1.605661136550998,0.7001950393128141,0.0,0.0,0.0,0.0,0.0,0.0,0.0,0.0,0.0,0.0,0.0,0.0,0.0,0.0,0.0,0.0,0.0,0.0,0.0,0.0,0.0,0.0,0.0,0.0,0.0,0.0,0.0,0.0,-0.0054739699737362,-0.015086589774139,-0.0216791585298858,SPY
2008-06-27,-0.4377109218908949,-1.313396225098468,-1.659421150073682,0.17798296537988725,-0.5207046381526983,-0.4703557887163652,-1.9145477084634368,-2.1380562168718966,1.618403257855333,1.414274966090755,0.0,0.0,0.0,0.0,0.0,0.0,0.0,0.0,0.0,0.0,0.0,0.0,0.0,0.0,0.0,0.0,0.0,0.0,0.0,0.0,0.0,0.0,0.0,0.0,0.0,0.0,0.0,0.0,0.0035225187798948,-0.0198780058908321,-0.0309777544591831,SPY
2008-06-30,0.24917963631787102,-1.886615413298644,-1.2436439018176542,0.18399283876789455,-0.5373657352819892,-0.4816471472716242,-1.6543764447014289,-1.9218324285227535,0.8750912891886019,-1.4420447410210082,0.0,0.0,0.0,0.0,0.0,0.0,0.0,0.0,0.0,0.0,0.0,0.0,0.0,0.0,0.0,0.0,0.0,0.0,0.0,0.0,0.0,0.0,0.0,0.0,0.0,0.0,0.0,0.0,0.0031203979959872,-0.0057988712518346,-0.013372531786838,SPY
2008-07-01,0.2184773281963655,-0.13928150749494947,-1.0714118327107487,0.19542604527522164,-0.5517016664750164,-0.4916072870148605,-1.4223804056883813,-1.5355405995136524,2.675123021188796,-0.7279648142430675,0.0,0.0,0.0,0.0,0.0,0.0,0.0,0.0,0.0,0.0,0.0,0.0,0.0,0.0,0.0,0.0,0.0,0.0,0.0,0.0,0.0,0.0,0.0,0.0,0.0,0.0,0.0,0.0,-0.0172853723197707,-0.0283624023468034,0.001167910272084,SPY
2008-07-02,-1.3395228368362107,0.3442341164307519,-0.8766968238842437,0.24272383361771355,-0.5679885754914121,-0.5039191162298929,-1.8877441931284809,-1.9790461965224346,1.1423103582361822,-0.013884887465126573,0.0,0.0,0.0,0.0,0.0,0.0,0.0,0.0,0.0,0.0,0.0,0.0,0.0,0.0,0.0,0.0,0.0,0.0,0.0,0.0,0.0,0.0,0.0,0.0,0.0,0.0,0.0,0.0,0.0010298357434859,-0.006998382212723,0.0051385225760141,SPY
2008-07-03,0.058860892060520274,-0.8264093192559445,-1.7166147020432392,0.07948203479438894,-0.5843615338461756,-0.5191189794265435,-1.6667598875682508,-2.55566882242119,0.4131459921472074,0.7001950393128141,0.0,0.0,0.0,0.0,0.0,0.0,0.0,0.0,0.0,0.0,0.0,0.0,0.0,0.0,0.0,0.0,0.0,0.0,0.0,0.0,0.0,0.0,0.0,0.0,0.0,0.0,0.0,0.0,-0.0102653860904293,-0.0197485275729381,-0.0011881153275181,SPY
2008-07-07,-0.8035401449505554,-0.9440234958230498,-0.6260409451862238,-0.1651763306095465,-0.5987960260024383,-0.5308110940964557,-1.8879404632911907,-2.6677615233096406,2.2013630539114484,-1.4420447410210082,0.0,0.0,0.0,0.0,0.0,0.0,0.0,0.0,0.0,0.0,0.0,0.0,0.0,0.0,0.0,0.0,0.0,0.0,0.0,0.0,0.0,0.0,0.0,0.0,0.0,0.0,0.0,0.0,0.0176016534188923,-0.0185686815073751,-0.0002396741792933,SPY
2008-07-08,1.3241350901747109,-0.5490819441478961,-0.8089661388814234,-0.02247664972354498,-0.6080594798501637,-0.5404149867730792,-1.1412169128536984,-1.8627774469379665,2.104852644413132,-0.7279648142430675,0.0,0.0,0.0,0.0,0.0,0.0,0.0,0.0,0.0,0.0,0.0,0.0,0.0,0.0,0.0,0.0,0.0,0.0,0.0,0.0,0.0,0.0,0.0,0.0,0.0,0.0,0.0,0.0,-0.0194431330989814,-0.0503673966634803,0.0087634557267062,SPY
2008-07-09,-1.5042699450360424,0.3832417347002221,-0.27145731723541294,0.055763207131813625,-0.6221418591351786,-0.5519765438978379,-1.693709970758061,-1.9703424665973661,1.5160036959903085,-0.013884887465126573,0.0,0.0,0.0,0.0,0.0,0.0,0.0,0.0,0.0,0.0,0.0,0.0,0.0,0.0,0.0,0.0,0.0,0.0,0.0,0.0,0.0,0.0,0.0,0.0,0.0,0.0,0.0,0.0,0.0040786478143095,-0.0066727973197533,0.0326369696429509,SPY
2008-07-10,0.29164062230321336,-0.13309455514739857,-1.1328807869305197,0.03447132293449523,-0.6364662536351471,-0.560778330425363,-1.439177280293719,-1.8759110062427258,2.5574471855645013,0.7001950393128141,0.0,0.0,0.0,0.0,0.0,0.0,0.0,0.0,0.0,0.0,0.0,0.0,0.0,0.0,0.0,0.0,0.0,0.0,0.0,0.0,0.0,0.0,0.0,0.0,0.0,0.0,0.0,0.0,-0.011720309616729,-0.0007982216010447,0.0135549980598872,SPY
2008-07-11,-0.9146249537575154,-0.8938933149031987,-0.31725187348269274,0.03919493850953193,-0.646125854774105,-0.5717519535366862,-1.7203034426671868,-1.8076815725958506,2.77391043086258,1.414274966090755,0.0,0.0,0.0,0.0,0.0,0.0,0.0,0.0,0.0,0.0,0.0,0.0,0.0,0.0,0.0,0.0,0.0,0.0,0.0,0.0,0.0,0.0,0.0,0.0,0.0,0.0,0.0,0.0,-0.0090855400248663,0.0171324228035985,0.0436858304002818,SPY
2008-07-14,-0.7134577645054182,-0.4594104270813193,-0.8040229559469312,-0.046211825026001484,-0.6567097144795142,-0.5858293083239746,-1.8672834190256211,-1.9011640590750811,0.9954157863096592,-1.4420447410210082,0.0,0.0,0.0,0.0,0.0,0.0,0.0,0.0,0.0,0.0,0.0,0.0,0.0,0.0,0.0,0.0,0.0,0.0,0.0,0.0,0.0,0.0,0.0,0.0,0.0,0.0,0.0,0.0,-0.0141970617372129,0.0267737529192109,0.063076332885867,SPY
2008-07-15,-1.1037273572810347,-1.200022246235142,-0.7589791599548213,-0.031677820700882584,-0.6720903083172547,-0.6019042017039535,-2.167529895979642,-2.021861514701189,2.6708997330590787,-0.7279648142430675,0.0,0.0,0.0,0.0,0.0,0.0,0.0,0.0,0.0,0.0,0.0,0.0,0.0,0.0,0.0,0.0,0.0,0.0,0.0,0.0,0.0,0.0,0.0,0.0,0.0,0.0,0.0,0.0,0.0242514662447455,0.0522516554889369,0.0668141373009882,SPY
2008-07-16,1.8318546871219739,-1.3393633066905282,-1.9729806132879133,0.22418377095983474,-0.6818157869912255,-0.6139754934026945,-1.153391037254215,-1.4909743332736871,1.3097587570990703,-0.013884887465126573,0.0,0.0,0.0,0.0,0.0,0.0,0.0,0.0,0.0,0.0,0.0,0.0,0.0,0.0,0.0,0.0,0.0,0.0,0.0,0.0,0.0,0.0,0.0,0.0,0.0,0.0,0.0,0.0,0.0099532235330181,0.0333981101943843,0.0365143005678145,SPY
2008-07-17,0.7401701214408413,0.5361630197421712,-0.30482179474183435,0.26534970055344237,-0.6839720343854581,-0.6232281815082059,-0.6726764267565479,-0.8393955729443631,1.296552330045542,0.7001950393128141,0.0,0.0,0.0,0.0,0.0,0.0,0.0,0.0,0.0,0.0,0.0,0.0,0.0,0.0,0.0,0.0,0.0,0.0,0.0,0.0,0.0,0.0,0.0,0.0,0.0,0.0,0.0,0.0,0.0062103347879141,0.0024728613596591,0.0340771387210834,SPY
2008-07-18,0.4543969703989802,1.89484818327668,-0.08054407077668,0.28353991546278373,-0.6846981728809675,-0.6318065726750413,-0.3323670941585833,-0.5944291926739546,0.2138779455216057,1.414274966090755,0.0,0.0,0.0,0.0,0.0,0.0,0.0,0.0,0.0,0.0,0.0,0.0,0.0,0.0,0.0,0.0,0.0,0.0,0.0,0.0,0.0,0.0,0.0,0.0,0.0,0.0,0.0,0.0,0.000555790090746,-0.0039764639864072,0.0327181611074482,SPY
2008-07-21,0.022667051113903283,0.879861512540021,0.6040064923380185,0.23465553919467655,-0.6824317581924544,-0.6379111365114085,-0.2312122708352388,-0.6632641368099894,-0.2220564178393544,-1.4420447410210082,0.0,0.0,0.0,0.0,0.0,0.0,0.0,0.0,0.0,0.0,0.0,0.0,0.0,0.0,0.0,0.0,0.0,0.0,0.0,0.0,0.0,0.0,0.0,0.0,0.0,0.0,0.0,0.0,0.0112808408325131,-0.0193048199801868,0.0183939132468218,SPY
2008-07-22,0.8415349775431377,0.3511657538585735,0.9720901936749367,0.28111197557732615,-0.6819037165552239,-0.6422935775023765,0.2471043565081911,-0.4828592299459348,0.4931161846239173,-0.7279648142430675,0.0,0.0,0.0,0.0,0.0,0.0,0.0,0.0,0.0,0.0,0.0,0.0,0.0,0.0,0.0,0.0,0.0,0.0,0.0,0.0,0.0,0.0,0.0,0.0,0.0,0.0,0.0,0.0,0.0053979209501928,-0.00945791936046,-0.0038510742424069,SPY
2008-07-23,0.3923683934984996,0.6364303483476785,1.9447776307517088,0.29312938035119124,-0.6744664492594694,-0.6456273424661331,0.4949325793015819,0.0020146655284507095,0.6162201314683828,-0.013884887465126573,0.0,0.0,0.0,0.0,0.0,0.0,0.0,0.0,0.0,0.0,0.0,0.0,0.0,0.0,0.0,0.0,0.0,0.0,0.0,0.0,0.0,0.0,0.0,0.0,0.0,0.0,0.0,0.0,-0.0209720253017069,0.0028049997442565,-0.0046138873344006,SPY
2008-07-24,-1.6210023333411236,0.908846648404079,1.2249928446147225,0.37725488618385694,-0.6740043547952366,-0.6525818753996481,-0.1952036236357867,-0.46071421405230295,-0.039952657613951,0.7001950393128141,0.0,0.0,0.0,0.0,0.0,0.0,0.0,0.0,0.0,0.0,0.0,0.0,0.0,0.0,0.0,0.0,0.0,0.0,0.0,0.0,0.0,0.0,0.0,0.0,0.0,0.0,0.0,0.0,-0.0002389905581523,0.0104622650301227,0.018080884214922,SPY
2008-07-25,-0.038015214881809804,-0.9056863977974772,0.04433831672774372,0.20123177308857615,-0.6703957607719987,-0.6556175857910491,-0.1635686358150188,-0.2661809913585976,-0.3443325964586505,1.414274966090755,0.0,0.0,0.0,0.0,0.0,0.0,0.0,0.0,0.0,0.0,0.0,0.0,0.0,0.0,0.0,0.0,0.0,0.0,0.0,0.0,0.0,0.0,0.0,0.0,0.0,0.0,0.0,0.0,-0.0147725659030335,0.0054044534282287,0.0326920603015299,SPY
2008-07-28,-1.1476676531606282,-1.2228167318223984,-0.20188201968227013,0.24653520659472505,-0.6683713845111009,-0.659911765642537,-0.6502795814748881,-0.9299018563019648,-0.4913116238923277,-1.4420447410210082,0.0,0.0,0.0,0.0,0.0,0.0,0.0,0.0,0.0,0.0,0.0,0.0,0.0,0.0,0.0,0.0,0.0,0.0,0.0,0.0,0.0,0.0,0.0,0.0,0.0,0.0,0.0,0.0,0.0211277414522399,0.0108600743890576,0.0269707356845625,SPY
2008-07-29,1.593355298619016,-0.8740376837630898,-0.7870832255266729,0.37093546813194156,-0.6567314647438931,-0.6617884124435722,0.1557193942958624,-0.09836691193330599,0.0740908376894464,-0.7279648142430675,0.0,0.0,0.0,0.0,0.0,0.0,0.0,0.0,0.0,0.0,0.0,0.0,0.0,0.0,0.0,0.0,0.0,0.0,0.0,0.0,0.0,0.0,0.0,0.0,0.0,0.0,0.0,0.0,0.0176608400549094,0.0163371162617096,0.0087517797078602,SPY
2008-07-30,1.3286540466882595,0.3280459128030485,-0.4111513174451691,0.44821818931928387,-0.6466758788023353,-0.6616228019851274,0.8192582594387223,0.14028875631506962,1.0070989761032867,-0.013884887465126573,0.0,0.0,0.0,0.0,0.0,0.0,0.0,0.0,0.0,0.0,0.0,0.0,0.0,0.0,0.0,0.0,0.0,0.0,0.0,0.0,0.0,0.0,0.0,0.0,0.0,0.0,0.0,0.0,-0.0133147600158407,0.0031066570240634,0.0007774670179427,SPY
2008-07-31,-1.0363627733307346,2.152736055584415,0.057018592632901925,0.41810748651958324,-0.6430892903827584,-0.6609052187744573,0.3065110623552065,0.09954720985186431,0.1840861505064413,0.7001950393128141,0.0,0.0,0.0,0.0,0.0,0.0,0.0,0.0,0.0,0.0,0.0,0.0,0.0,0.0,0.0,0.0,0.0,0.0,0.0,0.0,0.0,0.0,0.0,0.0,0.0,0.0,0.0,0.0,-0.0052968021600463,0.00141809327115,0.0261474218004398,SPY
2008-08-01,-0.4241839891313818,0.21501502181342194,0.34935528422447476,0.42507950733534433,-0.6426931663041874,-0.6610707826509578,0.11053731837776731,0.1767126520761642,-0.1269486143967196,1.414274966090755,0.0,0.0,0.0,0.0,0.0,0.0,0.0,0.0,0.0,0.0,0.0,0.0,0.0,0.0,0.0,0.0,0.0,0.0,0.0,0.0,0.0,0.0,0.0,0.0,0.0,0.0,0.0,0.0,-0.0093169449422045,0.0251254181548619,0.0206320809365152,SPY
2008-08-04,-0.7311257522276879,-1.0765725316322858,0.15625972658193896,0.4205147433236411,-0.6450255049530375,-0.661103855831605,-0.2351414289997444,0.2775451843778268,-0.7683377842700712,-1.4420447410210082,0.0,0.0,0.0,0.0,0.0,0.0,0.0,0.0,0.0,0.0,0.0,0.0,0.0,0.0,0.0,0.0,0.0,0.0,0.0,0.0,0.0,0.0,0.0,0.0,0.0,0.0,0.0,0.0,0.0266047833248919,0.0447473255577852,0.0237180926768179,SPY
2008-08-05,2.011532706746194,-0.8516570920701874,0.3645427261549313,0.5154134086219997,-0.6430892207447728,-0.6598675360861638,0.7448898473399729,0.3260652337135212,-0.1173578799438991,-0.7279648142430675,0.0,0.0,0.0,0.0,0.0,0.0,0.0,0.0,0.0,0.0,0.0,0.0,0.0,0.0,0.0,0.0,0.0,0.0,0.0,0.0,0.0,0.0,0.0,0.0,0.0,0.0,0.0,0.0,0.0044303808172632,0.0076832849108017,-0.0037464964716864,SPY
2008-08-06,0.31849577494727144,0.9431130485973238,0.5736435266345734,0.4171362062524844,-0.6414170734184346,-0.6552974630224532,0.8506538500622537,0.24366847944169873,-0.5865857725029618,-0.013884887465126573,0.0,0.0,0.0,0.0,0.0,0.0,0.0,0.0,0.0,0.0,0.0,0.0,0.0,0.0,0.0,0.0,0.0,0.0,0.0,0.0,0.0,0.0,0.0,0.0,0.0,0.0,0.0,0.0,-0.0150033237687541,-0.0027954663948897,-0.0387457734449521,SPY
2008-08-07,-1.1652862378703477,1.7165319684428972,0.06853517040330193,0.47859317042257676,-0.6381165346337965,-0.653409799591526,0.2583618717352748,-0.1876163150466872,-0.2055989277743235,0.7001950393128141,0.0,0.0,0.0,0.0,0.0,0.0,0.0,0.0,0.0,0.0,0.0,0.0,0.0,0.0,0.0,0.0,0.0,0.0,0.0,0.0,0.0,0.0,0.0,0.0,0.0,0.0,0.0,0.0,0.0184105227236655,0.0197239190601514,-0.0206031269539082,SPY
2008-08-08,1.385893038579788,-0.6243231046264145,0.004069708826661118,0.5060098723914909,-0.6295571904652576,-0.6473053056280758,0.8709062377565798,0.10302374664443611,-0.0608416810070912,1.414274966090755,0.0,0.0,0.0,0.0,0.0,0.0,0.0,0.0,0.0,0.0,0.0,0.0,0.0,0.0,0.0,0.0,0.0,0.0,0.0,0.0,0.0,0.0,0.0,0.0,0.0,0.0,0.0,0.0,0.0103049624607187,0.0061647535107649,-0.0185678509158311,SPY
2008-08-11,0.7670257264450163,0.16219395634385012,0.9091605819068038,0.4870691408132329,-0.6140005053729001,-0.6384851192324442,1.1438462718700195,0.09268878206363691,-0.2051789280446143,-1.4420447410210082,0.0,0.0,0.0,0.0,0.0,0.0,0.0,0.0,0.0,0.0,0.0,0.0,0.0,0.0,0.0,0.0,0.0,0.0,0.0,0.0,0.0,0.0,0.0,0.0,0.0,0.0,0.0,0.0,-0.0104592573220916,-0.0179086667198342,-0.0590096752989808,SPY
2008-08-12,-0.8183423997172709,1.5860277798248246,1.658279657547906,0.45911189967902893,-0.6072453421526695,-0.6292565489287368,0.6197309534015866,-0.1864068009893738,-0.6155408290649329,-0.7279648142430675,0.0,0.0,0.0,0.0,0.0,0.0,0.0,0.0,0.0,0.0,0.0,0.0,0.0,0.0,0.0,0.0,0.0,0.0,0.0,0.0,0.0,0.0,0.0,0.0,0.0,0.0,0.0,0.0,-0.0060483704884282,-0.0184135560544582,-0.0445009985549553,SPY
2008-08-13,-0.481566952946672,-0.038174227885005484,0.2432602458847974,0.36099173640284343,-0.6071573197380227,-0.624167634520879,0.3234198080289364,0.09246167245890041,-0.1476026834370436,-0.013884887465126573,0.0,0.0,0.0,0.0,0.0,0.0,0.0,0.0,0.0,0.0,0.0,0.0,0.0,0.0,0.0,0.0,0.0,0.0,0.0,0.0,0.0,0.0,0.0,0.0,0.0,0.0,0.0,0.0,0.007516061686287,-0.0077300777078308,-0.0240882156751371,SPY
2008-08-14,0.5540904733480697,-0.958206045469136,-0.1567942610905568,0.35229845171110996,-0.601194358249611,-0.6193767513944037,0.5421602809983727,0.2102921964517787,-0.3553446964591326,0.7001950393128141,0.0,0.0,0.0,0.0,0.0,0.0,0.0,0.0,0.0,0.0,0.0,0.0,0.0,0.0,0.0,0.0,0.0,0.0,0.0,0.0,0.0,0.0,0.0,0.0,0.0,0.0,0.0,0.0,0.0048513571742789,-0.0135233931465021,-0.0269937852345458,SPY
2008-08-15,0.3506377241879127,0.053078043857483916,0.7029438300989266,0.34960455337747276,-0.5923709468371331,-0.6147514321444294,0.6634558852356491,0.5944143785948177,-1.007473006247689,1.414274966090755,0.0,0.0,0.0,0.0,0.0,0.0,0.0,0.0,0.0,0.0,0.0,0.0,0.0,0.0,0.0,0.0,0.0,0.0,0.0,0.0,0.0,0.0,0.0,0.0,0.0,0.0,0.0,0.0,-0.0137684577698804,-0.0040025647923256,-0.0805994102697571,SPY
2008-08-18,-1.0710030326657574,0.6662922604258321,0.18528622657217536,0.40670793393347715,-0.5848897379720419,-0.6121683119265037,0.11130340198173841,-0.02566963450770419,-1.107942147230501,-1.4420447410210082,0.0,0.0,0.0,0.0,0.0,0.0,0.0,0.0,0.0,0.0,0.0,0.0,0.0,0.0,0.0,0.0,0.0,0.0,0.0,0.0,0.0,0.0,0.0,0.0,0.0,0.0,0.0,0.0,-0.0109641466567156,-0.0107279975424461,-0.0502321262333085,SPY
2008-08-19,-0.8568911854036378,-0.5311660914928155,-0.7337813207540086,0.40897867151454637,-0.5879041806964154,-0.6127092098214063,-0.288597881248696,-0.5792801212824847,-0.8568426907419378,-0.7279648142430675,0.0,0.0,0.0,0.0,0.0,0.0,0.0,0.0,0.0,0.0,0.0,0.0,0.0,0.0,0.0,0.0,0.0,0.0,0.0,0.0,0.0,0.0,0.0,0.0,0.0,0.0,0.0,0.0,0.0046351078581992,0.0031449345898071,-0.0852735322586362,SPY
2008-08-20,0.33412688117993383,-1.4209398630466878,-0.7530568286793102,0.40699514556126676,-0.5908745425754801,-0.6133605069249478,-0.10848032551093549,-0.21673733758288127,-0.5201459575215513,-0.013884887465126573,0.0,0.0,0.0,0.0,0.0,0.0,0.0,0.0,0.0,0.0,0.0,0.0,0.0,0.0,0.0,0.0,0.0,0.0,0.0,0.0,0.0,0.0,0.0,0.0,0.0,0.0,0.0,0.0,0.0017227462476157,0.0081963540965999,-0.0606687477075782,SPY
2008-08-21,0.11176527464848705,-0.3855627941957734,-0.34518631643415904,0.29079088720069385,-0.5891363088001695,-0.6108326212478012,-0.07782131878434528,-0.0638038445898157,-1.040870043813732,0.7001950393128141,0.0,0.0,0.0,0.0,0.0,0.0,0.0,0.0,0.0,0.0,0.0,0.0,0.0,0.0,0.0,0.0,0.0,0.0,0.0,0.0,0.0,0.0,0.0,0.0,0.0,0.0,0.0,0.0,0.0143721855284555,0.0185288026156404,-0.0234461343408716,SPY
2008-08-22,1.0775621145697436,0.3281966073013979,-0.5663617107114866,0.33523467264392587,-0.5885201518976442,-0.60622939348504,0.3983447880230706,0.4170457357447217,-1.1872331439215178,1.414274966090755,0.0,0.0,0.0,0.0,0.0,0.0,0.0,0.0,0.0,0.0,0.0,0.0,0.0,0.0,0.0,0.0,0.0,0.0,0.0,0.0,0.0,0.0,0.0,0.0,0.0,0.0,0.0,0.0,-0.0204938905200009,-0.0066555259367859,-0.0607176459141909,SPY
2008-08-25,-1.5844962834699994,0.8760006112179837,-0.20287848812958162,0.39102803248619206,-0.5966395232689233,-0.6024981913701832,-0.4132085721949303,-0.5665365533425222,-1.171925942043557,-1.4420447410210082,0.0,0.0,0.0,0.0,0.0,0.0,0.0,0.0,0.0,0.0,0.0,0.0,0.0,0.0,0.0,0.0,0.0,0.0,0.0,0.0,0.0,0.0,0.0,0.0,0.0,0.0,0.0,0.0,0.0029087854755376,0.007607431381313,-0.0632379237413029,SPY
2008-08-26,0.20232050898876922,-0.373898279086386,-0.4596399671031331,0.28623211211614047,-0.6009522269713473,-0.601272841672689,-0.3219938319123998,-0.6031856035581074,-1.310597864071474,-0.7279648142430675,0.0,0.0,0.0,0.0,0.0,0.0,0.0,0.0,0.0,0.0,0.0,0.0,0.0,0.0,0.0,0.0,0.0,0.0,0.0,0.0,0.0,0.0,0.0,0.0,0.0,0.0,0.0,0.0,0.0096865273649919,0.0038388400821629,-0.0629468164443016,SPY
2008-08-27,0.7198076128283873,-1.0188244735922096,0.06999651939852963,0.22814161038055536,-0.6008202862000258,-0.6011624890459945,0.03562915788290932,-0.05253236637998129,-1.135053865917259,-0.013884887465126573,0.0,0.0,0.0,0.0,0.0,0.0,0.0,0.0,0.0,0.0,0.0,0.0,0.0,0.0,0.0,0.0,0.0,0.0,0.0,0.0,0.0,0.0,0.0,0.0,0.0,0.0,0.0,0.0,0.0120551947666562,-0.0364165834388314,-0.0571147399149847,SPY
2008-08-28,0.900657644245748,0.6791134824516044,0.26284804162313724,0.20980035418482446,-0.5993899916000063,-0.5974533900638371,0.438028134099333,-0.18755248164804608,-1.144756092591724,0.7001950393128141,0.0,0.0,0.0,0.0,0.0,0.0,0.0,0.0,0.0,0.0,0.0,0.0,0.0,0.0,0.0,0.0,0.0,0.0,0.0,0.0,0.0,0.0,0.0,0.0,0.0,0.0,0.0,0.0,-0.0108121430239709,-0.0453324554831979,-0.0686737113424857,SPY
2008-08-29,-0.8452855620315609,1.1936867251443215,0.6573170463305871,0.23794437270866856,-0.6024264863533659,-0.5945501703682889,-0.004983399367410689,-0.6958960906019327,-0.8818034598177014,1.414274966090755,0.0,0.0,0.0,0.0,0.0,0.0,0.0,0.0,0.0,0.0,0.0,0.0,0.0,0.0,0.0,0.0,0.0,0.0,0.0,0.0,0.0,0.0,0.0,0.0,0.0,0.0,0.0,0.0,-0.0062309332019019,-0.0140745136974844,-0.1394641009603008,SPY
2008-09-02,-0.4955057914869241,0.04043992006418321,-0.30416241325674725,0.22283957498042545,-0.6033066872871687,-0.5912385318282061,-0.2792207458355635,-0.600814918905058,-0.1430455999670493,-0.7279648142430675,0.0,0.0,0.0,0.0,0.0,0.0,0.0,0.0,0.0,0.0,0.0,0.0,0.0,0.0,0.0,0.0,0.0,0.0,0.0,0.0,0.0,0.0,0.0,0.0,0.0,0.0,0.0,0.0,-0.0008598058236124,-0.0379804424180134,-0.0926764501939345,SPY
2008-09-03,-0.0854150567439255,-0.9883301541344256,0.240364333437151,0.022471814860920626,-0.6013484206879052,-0.5917684014477305,-0.3040755385978703,-0.47806339833315925,-0.1526811825673222,-0.013884887465126573,0.0,0.0,0.0,0.0,0.0,0.0,0.0,0.0,0.0,0.0,0.0,0.0,0.0,0.0,0.0,0.0,0.0,0.0,0.0,0.0,0.0,0.0,0.0,0.0,0.0,0.0,0.0,0.0,-0.0305688961560024,-0.0330712171724671,-0.0912135806964657,SPY
2008-09-04,-2.353732641652122,-0.4284157371694365,0.09648822738296434,0.26676298745432675,-0.6091597368205837,-0.5971774269786976,-1.346921128578913,-1.269774484392979,0.8457709047352823,0.7001950393128141,0.0,0.0,0.0,0.0,0.0,0.0,0.0,0.0,0.0,0.0,0.0,0.0,0.0,0.0,0.0,0.0,0.0,0.0,0.0,0.0,0.0,0.0,0.0,0.0,0.0,0.0,0.0,0.0,0.0031393227222897,0.0118620913749252,-0.0975928894495012,SPY
2008-09-05,0.21992224922832102,-1.7976595703737428,-1.440370806672799,0.22267695261474316,-0.6165969809036757,-0.6000365452182204,-1.1978141719530255,-1.323068194920501,0.263694076253898,1.414274966090755,0.0,0.0,0.0,0.0,0.0,0.0,0.0,0.0,0.0,0.0,0.0,0.0,0.0,0.0,0.0,0.0,0.0,0.0,0.0,0.0,0.0,0.0,0.0,0.0,0.0,0.0,0.0,0.0,0.0204457987617425,0.0133332607795138,-0.1143246021996198,SPY
2008-09-08,1.5412883191373719,-1.5726702353996205,-1.7807581954857299,0.24551234777140116,-0.6224499143737792,-0.6026637668921705,-0.4197437992766613,-0.5694458419474105,1.0850167099133714,-1.4420447410210082,0.0,0.0,0.0,0.0,0.0,0.0,0.0,0.0,0.0,0.0,0.0,0.0,0.0,0.0,0.0,0.0,0.0,0.0,0.0,0.0,0.0,0.0,0.0,0.0,0.0,0.0,0.0,0.0,-0.0301368619224309,-0.055866805843161,-0.1870464722366618,SPY
2008-09-09,-2.3207464129144437,1.2973956181254196,-0.58740221963047,0.41318444860172326,-0.6308112545346876,-0.6109319223081463,-1.4073431938473544,-0.8891780240003816,1.191894403174678,-0.7279648142430675,0.0,0.0,0.0,0.0,0.0,0.0,0.0,0.0,0.0,0.0,0.0,0.0,0.0,0.0,0.0,0.0,0.0,0.0,0.0,0.0,0.0,0.0,0.0,0.0,0.0,0.0,0.0,0.0,0.0040494194219338,-0.0091311176541619,-0.2027299198555301,SPY
2008-09-10,0.28940900646904844,-0.574708908587854,-1.5000753281987405,0.40873829085891816,-0.638886614698643,-0.6171468504166944,-1.1826547652350947,-0.9046663082594644,0.2974849533824832,-0.013884887465126573,0.0,0.0,0.0,0.0,0.0,0.0,0.0,0.0,0.0,0.0,0.0,0.0,0.0,0.0,0.0,0.0,0.0,0.0,0.0,0.0,0.0,0.0,0.0,0.0,0.0,0.0,0.0,0.0,0.0143644123913899,-0.0591860897581391,-0.2322940701828448,SPY
2008-09-11,1.0769686280880462,-1.4971624984898455,-1.3126524542374804,0.46739412854278667,-0.6457517130865333,-0.6205247867093917,-0.6174425061993473,-0.6519879289250213,1.1188028807822317,0.7001950393128141,0.0,0.0,0.0,0.0,0.0,0.0,0.0,0.0,0.0,0.0,0.0,0.0,0.0,0.0,0.0,0.0,0.0,0.0,0.0,0.0,0.0,0.0,0.0,0.0,0.0,0.0,0.0,0.0,0.0046104921268783,-0.0443106097402719,-0.3190566026319184,SPY
2008-09-12,0.332247446448144,1.0064609780865374,0.4027974188724186,0.45709296989431364,-0.6547732677826147,-0.6243332216883521,-0.3984452342357262,-0.8535427270120971,0.2435499251726307,1.414274966090755,0.0,0.0,0.0,0.0,0.0,0.0,0.0,0.0,0.0,0.0,0.0,0.0,0.0,0.0,0.0,0.0,0.0,0.0,0.0,0.0,0.0,0.0,0.0,0.0,0.0,0.0,0.0,0.0,-0.0487542678609322,-0.0099757422528279,-0.3482218394968335,SPY
2008-09-15,-3.742203239872077,1.0380266987951072,0.4589632666590967,0.9038717986809739,-0.6739163323805898,-0.6354604138254478,-2.010666492340305,-1.2044925790974603,2.1718545489575933,-1.4420447410210082,0.0,0.0,0.0,0.0,0.0,0.0,0.0,0.0,0.0,0.0,0.0,0.0,0.0,0.0,0.0,0.0,0.0,0.0,0.0,0.0,0.0,0.0,0.0,0.0,0.0,0.0,0.0,0.0,0.0165988262665681,0.0158791995632405,-0.1638902558385924,SPY
2008-09-16,1.2475682737966145,-2.513004414962323,-2.1829353458559018,0.9588632503412233,-0.6868764258788618,-0.6424039068380992,-1.3323636393428062,-0.9591993854702543,2.8642851568572985,-0.7279648142430675,0.0,0.0,0.0,0.0,0.0,0.0,0.0,0.0,0.0,0.0,0.0,0.0,0.0,0.0,0.0,0.0,0.0,0.0,0.0,0.0,0.0,0.0,0.0,0.0,0.0,0.0,0.0,0.0,-0.0460055526820433,-0.0237337950504405,-0.1953997527837687,SPY
2008-09-17,-3.5323361955964003,-1.838545643613208,-0.39867478358366,1.2738870774975257,-0.7116745360026204,-0.6538623548285442,-2.804259355111015,-1.5528643367060577,2.9242714841533064,-0.013884887465126573,0.0,0.0,0.0,0.0,0.0,0.0,0.0,0.0,0.0,0.0,0.0,0.0,0.0,0.0,0.0,0.0,0.0,0.0,0.0,0.0,0.0,0.0,0.0,0.0,0.0,0.0,0.0,0.0,0.0292398924092571,0.0254716504041416,-0.2530310820280057,SPY
2008-09-18,2.2127258165769677,-1.683904052818333,-2.309657934395297,1.43959425930477,-0.7203879658221151,-0.6621526017317347,-1.677236182481111,-1.3018705004841338,3.560825816104462,0.7001950393128141,0.0,0.0,0.0,0.0,0.0,0.0,0.0,0.0,0.0,0.0,0.0,0.0,0.0,0.0,0.0,0.0,0.0,0.0,0.0,0.0,0.0,0.0,0.0,0.0,0.0,0.0,0.0,0.0,0.0389453596143223,0.0117503618891934,-0.2414582080055751,SPY
2008-09-19,2.9537475605849797,-0.9727228461722583,-1.7417464866508146,1.6935915686163758,-0.7194672355803022,-0.6654218507022557,-0.2223306712962111,-0.6805714180736131,1.4410330052487312,1.414274966090755,0.0,0.0,0.0,0.0,0.0,0.0,0.0,0.0,0.0,0.0,0.0,0.0,0.0,0.0,0.0,0.0,0.0,0.0,0.0,0.0,0.0,0.0,0.0,0.0,0.0,0.0,0.0,0.0,-0.0228993260448637,-0.0266987743859736,-0.2863936954324586,SPY
2008-09-22,-1.7681535964123787,3.8065807054949903,-0.430920598713852,1.7169821841348842,-0.7304202926762576,-0.6738531943155598,-0.9491947580057551,-0.8277863592951596,-0.3892653638627315,-1.4420447410210082,0.0,0.0,0.0,0.0,0.0,0.0,0.0,0.0,0.0,0.0,0.0,0.0,0.0,0.0,0.0,0.0,0.0,0.0,0.0,0.0,0.0,0.0,0.0,0.0,0.0,0.0,0.0,0.0,-0.023014168347113,-0.0854019809828958,-0.2051502804043457,SPY
2008-09-23,-1.7769219165046106,0.8732496181301291,0.5561613253972619,1.7305652628127925,-0.739186090261428,-0.6824456532296569,-1.663442061518301,-0.999191923139806,0.1737262622908024,-0.7279648142430675,0.0,0.0,0.0,0.0,0.0,0.0,0.0,0.0,0.0,0.0,0.0,0.0,0.0,0.0,0.0,0.0,0.0,0.0,0.0,0.0,0.0,0.0,0.0,0.0,0.0,0.0,0.0,0.0,0.0031998927725389,-0.0218310950713185,-0.2124460489054662,SPY
2008-09-24,0.22454683074737353,-2.6125680622337617,-0.956171257721323,1.7310862758396421,-0.7482111500694852,-0.6910247081892031,-1.4378414610415495,-0.707738035899359,0.0530864199050184,-0.013884887465126573,0.0,0.0,0.0,0.0,0.0,0.0,0.0,0.0,0.0,0.0,0.0,0.0,0.0,0.0,0.0,0.0,0.0,0.0,0.0,0.0,0.0,0.0,0.0,0.0,0.0,0.0,0.0,0.0,0.0155186038943089,-0.0244279241700011,-0.2716397905492211,SPY
2008-09-25,1.1650922580319918,-1.14423669511918,0.922378928992618,1.7572081289919514,-0.7570584240985926,-0.6989073980138326,-0.7735067775430494,-0.5750024278813671,0.1812680362900163,0.7001950393128141,0.0,0.0,0.0,0.0,0.0,0.0,0.0,0.0,0.0,0.0,0.0,0.0,0.0,0.0,0.0,0.0,0.0,0.0,0.0,0.0,0.0,0.0,0.0,0.0,0.0,0.0,0.0,0.0,0.0004962233391552,-0.076894732973348,-0.2756405990909307,SPY
2008-09-26,0.018119072411170584,1.0236012980331453,0.3985318453298184,1.7259267334998638,-0.767049223500256,-0.7084456450850658,-0.6276932835961083,-0.8063493107578178,-0.1290369318051692,1.414274966090755,0.0,0.0,0.0,0.0,0.0,0.0,0.0,0.0,0.0,0.0,0.0,0.0,0.0,0.0,0.0,0.0,0.0,0.0,0.0,0.0,0.0,0.0,0.0,0.0,0.0,0.0,0.0,0.0,-0.0816025326417859,-0.090983346340332,-0.3281824838343654,SPY
2008-09-29,-6.2501998093563,0.8714939624412034,-1.0693673162654895,2.4747069730911067,-0.7847960000481738,-0.7269527914099815,-3.2637526881648435,-1.1682161937510658,1.1051389919850685,-1.4420447410210082,0.0,0.0,0.0,0.0,0.0,0.0,0.0,0.0,0.0,0.0,0.0,0.0,0.0,0.0,0.0,0.0,0.0,0.0,0.0,0.0,0.0,0.0,0.0,0.0,0.0,0.0,0.0,0.0,0.0405567175644643,-0.0616568849738454,-0.2827258238132542,SPY
2008-09-30,3.076776287920458,-4.592501423147799,-3.31052007272501,2.717636825780181,-0.7967629630115728,-0.7394583665779823,-1.6943414626993285,-0.8154341256023894,0.1577677643028927,-0.7279648142430675,0.0,0.0,0.0,0.0,0.0,0.0,0.0,0.0,0.0,0.0,0.0,0.0,0.0,0.0,0.0,0.0,0.0,0.0,0.0,0.0,0.0,0.0,0.0,0.0,0.0,0.0,0.0,0.0,0.0006030636738563,-0.148033912079609,-0.2127655827354315,SPY
2008-10-01,0.02627643459454808,-2.3387144165454434,-0.883530569927135,2.719071097050801,-0.796495019253064,-0.7517648272239033,-1.5096687119404208,-0.9541089822658005,0.1971430951656321,-0.013884887465126573,0.0,0.0,0.0,0.0,0.0,0.0,0.0,0.0,0.0,0.0,0.0,0.0,0.0,0.0,0.0,0.0,0.0,0.0,0.0,0.0,0.0,0.0,0.0,0.0,0.0,0.0,0.0,0.0,-0.0369482049090379,-0.1741517066588462,-0.2206484934624777,SPY
2008-10-02,-2.840798992798294,2.286138781824287,-0.9826715032756026,2.759508132505387,-0.8131573930787702,-0.7644955329300277,-2.640468733370405,-1.2186504516116918,0.4302282782817421,0.7001950393128141,0.0,0.0,0.0,0.0,0.0,0.0,0.0,0.0,0.0,0.0,0.0,0.0,0.0,0.0,0.0,0.0,0.0,0.0,0.0,0.0,0.0,0.0,0.0,0.0,0.0,0.0,0.0,0.0,-0.0135923900278287,-0.2096016218074918,-0.1496902567577116,SPY
2008-10-03,-1.0575600914325303,-2.0742564303781754,-2.985733005173534,2.7592485955831747,-0.843653863555773,-0.7793332913805353,-2.9163587936098487,-0.9894893546719475,1.1243199581972654,1.414274966090755,0.0,0.0,0.0,0.0,0.0,0.0,0.0,0.0,0.0,0.0,0.0,0.0,0.0,0.0,0.0,0.0,0.0,0.0,0.0,0.0,0.0,0.0,0.0,0.0,0.0,0.0,0.0,0.0,-0.0522760712752994,-0.2205639765176998,-0.1306097923600884,SPY
2008-10-06,-4.011096313541499,-2.8728868448145093,-3.5236037027473883,2.889618355892073,-0.8803691454827473,-0.803247867804816,-4.366931229586309,-1.443514166188831,2.1145108374535058,-1.4420447410210082,0.0,0.0,0.0,0.0,0.0,0.0,0.0,0.0,0.0,0.0,0.0,0.0,0.0,0.0,0.0,0.0,0.0,0.0,0.0,0.0,0.0,0.0,0.0,0.0,0.0,0.0,0.0,0.0,-0.0458203095412992,-0.0327105894450916,-0.0754459324855645,SPY
2008-10-07,-3.518192703859282,-3.735226332213853,-2.403987185373855,2.981914473193646,-0.9213558589989486,-0.8282080458479677,-5.537077644483036,-1.4101688664233125,1.5515167317851153,-0.7279648142430675,0.0,0.0,0.0,0.0,0.0,0.0,0.0,0.0,0.0,0.0,0.0,0.0,0.0,0.0,0.0,0.0,0.0,0.0,0.0,0.0,0.0,0.0,0.0,0.0,0.0,0.0,0.0,0.0,-0.0255147309053809,-0.0018009505824005,0.0037920503947788,SPY
2008-10-08,-1.9678422698248266,-5.5483558917437925,-5.701662450748717,2.9810427883170627,-0.9687603629045594,-0.8565180130438086,-5.99549237432477,-1.8409374779116505,2.6205894608529365,-0.013884887465126573,0.0,0.0,0.0,0.0,0.0,0.0,0.0,0.0,0.0,0.0,0.0,0.0,0.0,0.0,0.0,0.0,0.0,0.0,0.0,0.0,0.0,0.0,0.0,0.0,0.0,0.0,0.0,0.0,-0.0723981200576835,-0.0799231016032999,-0.0136300609602129,SPY
2008-10-09,-5.547434066963064,-4.04277383712,-6.698779485867713,3.245717215992202,-1.0353526157826693,-0.8943650278258095,-7.742416674259681,-2.533523095799648,1.3538932499220686,0.7001950393128141,0.0,0.0,0.0,0.0,0.0,0.0,0.0,0.0,0.0,0.0,0.0,0.0,0.0,0.0,0.0,0.0,0.0,0.0,0.0,0.0,0.0,0.0,0.0,0.0,0.0,0.0,0.0,0.0,-0.0245547447380367,0.0332877848860713,0.0017631453896953,SPY
2008-10-10,-1.8945464038022504,-5.538030577310759,-8.052175316476543,3.207483582087219,-1.10694636168541,-0.9352949172180927,-7.985629995207982,-2.5215736164171334,3.0522685327269103,1.414274966090755,0.0,0.0,0.0,0.0,0.0,0.0,0.0,0.0,0.0,0.0,0.0,0.0,0.0,0.0,0.0,0.0,0.0,0.0,0.0,0.0,0.0,0.0,0.0,0.0,0.0,0.0,0.0,0.0,0.1355773157973088,0.0518524018115469,0.0588015715233769,SPY
2008-10-13,10.331690238115403,-5.484022148500332,-8.470692683760491,4.922303540327149,-1.1291436555105827,-0.9553343300278117,-3.4710428113519125,-1.2807447555757974,0.6988559022725838,-1.4420447410210082,0.0,0.0,0.0,0.0,0.0,0.0,0.0,0.0,0.0,0.0,0.0,0.0,0.0,0.0,0.0,0.0,0.0,0.0,0.0,0.0,0.0,0.0,0.0,0.0,0.0,0.0,0.0,0.0,-0.0149106706786081,-0.0253808250025127,-0.0899667116943945,SPY
2008-10-14,-1.1582120854367697,6.2165907392535935,-1.2988845210679538,4.877839993376114,-1.1648630910212192,-0.9792579666403118,-3.646037970149525,-1.3634014792004894,1.1624517654761948,-0.7279648142430675,0.0,0.0,0.0,0.0,0.0,0.0,0.0,0.0,0.0,0.0,0.0,0.0,0.0,0.0,0.0,0.0,0.0,0.0,0.0,0.0,0.0,0.0,0.0,0.0,0.0,0.0,0.0,0.0,-0.1036368819262802,-0.0407800911721381,-0.1064184820467186,SPY
2008-10-15,-7.932543543036246,6.7591623980954605,-0.11882594583638452,5.3856628443255286,-1.2224920994104187,-1.0080352555496006,-6.591125967534487,-1.79094221948829,0.7989795073604323,-0.013884887465126573,0.0,0.0,0.0,0.0,0.0,0.0,0.0,0.0,0.0,0.0,0.0,0.0,0.0,0.0,0.0,0.0,0.0,0.0,0.0,0.0,0.0,0.0,0.0,0.0,0.0,0.0,0.0,0.0,0.0408127664316877,0.0068629418829262,-0.0477801945859557,SPY
2008-10-16,3.0963258648890077,-6.698930444993318,-3.1013491204769883,5.458407235047611,-1.2625049953266065,-1.0364684902162693,-4.93677497083568,-1.549291904179075,1.912172482889324,0.7001950393128141,0.0,0.0,0.0,0.0,0.0,0.0,0.0,0.0,0.0,0.0,0.0,0.0,0.0,0.0,0.0,0.0,0.0,0.0,0.0,0.0,0.0,0.0,0.0,0.0,0.0,0.0,0.0,0.0,-0.0059901278125611,-0.0224320291961621,-0.0281190058283407,SPY
2008-10-17,-0.4771200686973277,-3.5639526832096164,1.2207808793207193,5.280164251577669,-1.3004154275866253,-1.0707873302888367,-4.6630152839237695,-1.2704653138253799,0.6676564242067593,1.414274966090755,0.0,0.0,0.0,0.0,0.0,0.0,0.0,0.0,0.0,0.0,0.0,0.0,0.0,0.0,0.0,0.0,0.0,0.0,0.0,0.0,0.0,0.0,0.0,0.0,0.0,0.0,0.0,0.0,0.0583440889832491,-0.0684875627878804,-0.0733241398029829,SPY
2008-10-20,4.43485918198116,1.9296137321382516,1.9295350480806608,5.602660083508084,-1.313494880593365,-1.095768691471283,-2.338331382965421,-1.2056636070788331,-0.1585631335053103,-1.4420447410210082,0.0,0.0,0.0,0.0,0.0,0.0,0.0,0.0,0.0,0.0,0.0,0.0,0.0,0.0,0.0,0.0,0.0,0.0,0.0,0.0,0.0,0.0,0.0,0.0,0.0,0.0,0.0,0.0,-0.0303099368482335,-0.1629775243918043,-0.1450336769322895,SPY
2008-10-21,-2.3339608497522053,2.915918762551517,-1.0190510547723333,5.617938135721538,-1.3227234458099686,-1.1209610339261897,-3.01052308679544,-1.3124470043158099,0.014202794632223096,-0.7279648142430675,0.0,0.0,0.0,0.0,0.0,0.0,0.0,0.0,0.0,0.0,0.0,0.0,0.0,0.0,0.0,0.0,0.0,0.0,0.0,0.0,0.0,0.0,0.0,0.0,0.0,0.0,0.0,0.0,-0.0559938488712159,-0.0221506289012838,-0.0960616724242537,SPY
2008-10-22,-4.294952204221565,1.547696261366777,-1.6069594472470856,5.726216448667242,-1.3379276234158224,-1.1523709829514566,-4.427185961059842,-1.3453522078144593,0.8357949356972184,-0.013884887465126573,0.0,0.0,0.0,0.0,0.0,0.0,0.0,0.0,0.0,0.0,0.0,0.0,0.0,0.0,0.0,0.0,0.0,0.0,0.0,0.0,0.0,0.0,0.0,0.0,0.0,0.0,0.0,0.0,0.0115177953525993,0.0265633729167422,-0.1062926665573709,SPY
2008-10-23,0.859626682766068,-4.88490931880346,0.2119414450092432,5.712383247887867,-1.335736696304427,-1.1846802779351202,-3.570356520771339,-1.2302572526882938,1.4058202426223212,0.7001950393128141,0.0,0.0,0.0,0.0,0.0,0.0,0.0,0.0,0.0,0.0,0.0,0.0,0.0,0.0,0.0,0.0,0.0,0.0,0.0,0.0,0.0,0.0,0.0,0.0,0.0,0.0,0.0,0.0,-0.0520456614042794,0.049055609359871,-0.1949428537976212,SPY
2008-10-24,-3.9935042985614477,-2.5316982271059816,-0.90647284596993,5.7834239195743065,-1.3389678988674005,-1.2222189668259889,-4.733718111294864,-1.196713856227471,0.9164323987864488,1.414274966090755,0.0,0.0,0.0,0.0,0.0,0.0,0.0,0.0,0.0,0.0,0.0,0.0,0.0,0.0,0.0,0.0,0.0,0.0,0.0,0.0,0.0,0.0,0.0,0.0,0.0,0.0,0.0,0.0,-0.0361458726206747,0.106589345133945,-0.0903590488517966,SPY
2008-10-27,-2.779540151875464,-2.3095748163820566,-2.6647666776514374,5.529238016102323,-1.3774758250496237,-1.2526739743420119,-5.448746964829812,-1.139106888318065,0.1419222779925002,-1.4420447410210082,0.0,0.0,0.0,0.0,0.0,0.0,0.0,0.0,0.0,0.0,0.0,0.0,0.0,0.0,0.0,0.0,0.0,0.0,0.0,0.0,0.0,0.0,0.0,0.0,0.0,0.0,0.0,0.0,0.1105169586422869,0.1456230063538441,0.0127828172316757,SPY
2008-10-28,8.418307896790676,-4.99111326573315,-6.272175032027281,6.2908003810741135,-1.3909536073378341,-1.2773555690656413,-1.3304288918807117,-0.5069724213818965,1.33872106718664,-0.7279648142430675,0.0,0.0,0.0,0.0,0.0,0.0,0.0,0.0,0.0,0.0,0.0,0.0,0.0,0.0,0.0,0.0,0.0,0.0,0.0,0.0,0.0,0.0,0.0,0.0,0.0,0.0,0.0,0.0,-0.0072798470531898,0.0685237210506013,-0.0903524101109507,SPY
2008-10-29,-0.5755913716009727,4.154593194091731,-0.8957296330673475,6.283842024373456,-1.384181754213561,-1.3028699325033846,-1.163609340777912,-0.22396102448842978,0.7594770849488571,-0.013884887465126573,0.0,0.0,0.0,0.0,0.0,0.0,0.0,0.0,0.0,0.0,0.0,0.0,0.0,0.0,0.0,0.0,0.0,0.0,0.0,0.0,0.0,0.0,0.0,0.0,0.0,0.0,0.0,0.0,0.0340100317957281,0.0328667258434185,-0.0451593853189518,SPY
2008-10-30,2.576930540846117,5.778583976390846,0.9640583713986146,6.348677422336411,-1.3785825583527667,-1.3201348315304124,0.3885512341941197,0.03447444131092071,0.149848753080746,0.7001950393128141,0.0,0.0,0.0,0.0,0.0,0.0,0.0,0.0,0.0,0.0,0.0,0.0,0.0,0.0,0.0,0.0,0.0,0.0,0.0,0.0,0.0,0.0,0.0,0.0,0.0,0.0,0.0,0.0,0.0054880743697944,-0.0581482196600848,-0.0666593720688739,SPY
2008-10-31,0.3992516936848727,1.4743355896369317,1.8227599760584925,6.3552616077079005,-1.37057114907287,-1.3351347766664388,0.8660718667707419,-0.6081061930111074,0.1200689150102427,1.414274966090755,0.0,0.0,0.0,0.0,0.0,0.0,0.0,0.0,0.0,0.0,0.0,0.0,0.0,0.0,0.0,0.0,0.0,0.0,0.0,0.0,0.0,0.0,0.0,0.0,0.0,0.0,0.0,0.0,0.0028877885992244,-0.0311526126342345,-0.1648965902477508,SPY
2008-11-03,0.2007173773130259,2.1926536224250017,4.0192650393141,6.2284027199264145,-1.3743334341318083,-1.3435840543284032,1.130775039140463,-0.5064218754161607,-0.9323509866187556,-1.4420447410210082,0.0,0.0,0.0,0.0,0.0,0.0,0.0,0.0,0.0,0.0,0.0,0.0,0.0,0.0,0.0,0.0,0.0,0.0,0.0,0.0,0.0,0.0,0.0,0.0,0.0,0.0,0.0,0.0,0.0334176733390441,-0.0472313686539216,-0.1300220821574891,SPY
2008-11-04,2.5317034036691677,0.441728959885909,5.509480012379481,6.186828769281929,-1.3642638045296862,-1.3431621034289694,2.425750054041525,0.38289696666222134,-0.21650911887434,-0.7279648142430675,0.0,0.0,0.0,0.0,0.0,0.0,0.0,0.0,0.0,0.0,0.0,0.0,0.0,0.0,0.0,0.0,0.0,0.0,0.0,0.0,0.0,0.0,0.0,0.0,0.0,0.0,0.0,0.0,-0.0429368422603726,-0.112011483023898,-0.139682488652598,SPY
2008-11-05,-3.298037207152525,2.0130367650886947,2.5660074868517024,6.257128993660849,-1.3519810332985485,-1.3446277344420607,0.7865117741794269,-0.1734337484766882,-0.020019832455971803,-0.013884887465126573,0.0,0.0,0.0,0.0,0.0,0.0,0.0,0.0,0.0,0.0,0.0,0.0,0.0,0.0,0.0,0.0,0.0,0.0,0.0,0.0,0.0,0.0,0.0,0.0,0.0,0.0,0.0,0.0,-0.0570049137077752,-0.1140732352290427,-0.1201509924278081,SPY
2008-11-06,-4.372147975703987,-0.5650382090453068,1.2047058181992198,6.139030768268216,-1.3538177351864453,-1.3444500243235122,-1.3220832902903057,-0.4864266677988245,0.4295691326715124,0.7001950393128141,0.0,0.0,0.0,0.0,0.0,0.0,0.0,0.0,0.0,0.0,0.0,0.0,0.0,0.0,0.0,0.0,0.0,0.0,0.0,0.0,0.0,0.0,0.0,0.0,0.0,0.0,0.0,0.0,0.0324836813956448,0.0034056336680352,-0.0327795854017924,SPY
2008-11-07,2.4603922216143794,-5.652175942377143,-2.270034452716134,6.155791438011627,-1.3387243516167486,-1.3384989247035424,-0.2425395951379316,-0.6652983572229018,-0.0910033706462296,1.414274966090755,0.0,0.0,0.0,0.0,0.0,0.0,0.0,0.0,0.0,0.0,0.0,0.0,0.0,0.0,0.0,0.0,0.0,0.0,0.0,0.0,0.0,0.0,0.0,0.0,0.0,0.0,0.0,0.0,-0.0131909674204626,-0.0802733095148129,-0.0309444548735955,SPY
2008-11-10,-1.0269110897606244,-1.4090481544107103,-1.2394045671341347,4.9564023214538215,-1.3195146434659122,-1.3481805859366316,-0.5574024444558442,-0.5602927913930194,-0.5203091093129922,-1.4420447410210082,0.0,0.0,0.0,0.0,0.0,0.0,0.0,0.0,0.0,0.0,0.0,0.0,0.0,0.0,0.0,0.0,0.0,0.0,0.0,0.0,0.0,0.0,0.0,0.0,0.0,0.0,0.0,0.0,-0.0313624410309323,-0.0804477902404077,-0.0343744414516935,SPY
2008-11-11,-2.4143205551182856,1.055906528747758,-1.8532543116871205,4.998941957148335,-1.3283449722516933,-1.3593722707759897,-1.497234898055307,-0.40262251800352966,0.0794026994749535,-0.7279648142430675,0.0,0.0,0.0,0.0,0.0,0.0,0.0,0.0,0.0,0.0,0.0,0.0,0.0,0.0,0.0,0.0,0.0,0.0,0.0,0.0,0.0,0.0,0.0,0.0,0.0,0.0,0.0,0.0,-0.0449985944655173,-0.0304232815496732,0.0037808057303676,SPY
2008-11-12,-3.455453968498268,-2.536050183959329,-4.326409362328723,4.3853925200068,-1.3444119296884518,-1.3640355019061043,-2.9917080730728287,-0.7356014541852384,0.2528494865357284,-0.013884887465126573,0.0,0.0,0.0,0.0,0.0,0.0,0.0,0.0,0.0,0.0,0.0,0.0,0.0,0.0,0.0,0.0,0.0,0.0,0.0,0.0,0.0,0.0,0.0,0.0,0.0,0.0,0.0,0.0,0.0604739551893027,-0.0516495300884889,0.0244026470541296,SPY
2008-11-13,4.597476512725411,-4.325534261260296,-4.405122296520274,4.544713298344219,-1.3557651730788447,-1.3669222315932739,-0.8075516856668101,-0.0659379271612119,1.7918461295583328,0.7001950393128141,0.0,0.0,0.0,0.0,0.0,0.0,0.0,0.0,0.0,0.0,0.0,0.0,0.0,0.0,0.0,0.0,0.0,0.0,0.0,0.0,0.0,0.0,0.0,0.0,0.0,0.0,0.0,0.0,-0.0511952617872033,-0.1892558771654426,-0.0242020384993608,SPY
2008-11-14,-3.928575470918756,0.8411437974339319,0.07994940769284632,4.721333472115053,-1.3783608890361352,-1.3742389857277926,-2.501352394422842,-0.16820550714551757,0.6340066820752628,1.414274966090755,0.0,0.0,0.0,0.0,0.0,0.0,0.0,0.0,0.0,0.0,0.0,0.0,0.0,0.0,0.0,0.0,0.0,0.0,0.0,0.0,0.0,0.0,0.0,0.0,0.0,0.0,0.0,0.0,-0.0133654481460574,-0.0855224718366942,0.0129602926510052,SPY
2008-11-17,-1.040232860762907,0.4925218304830094,-3.114719249158552,4.417627808270045,-1.4041214309491523,-1.3890501982926367,-2.7137527331599216,-0.9902414215188423,-0.0647218024385024,-1.4420447410210082,0.0,0.0,0.0,0.0,0.0,0.0,0.0,0.0,0.0,0.0,0.0,0.0,0.0,0.0,0.0,0.0,0.0,0.0,0.0,0.0,0.0,0.0,0.0,0.0,0.0,0.0,0.0,0.0,0.0186620676598021,-0.005161030227839,0.072318125869379,SPY
2008-11-18,1.4050987360834637,-3.661652775464989,-3.1213805200121336,4.419176725991952,-1.433622113041473,-1.398798500820181,-1.89528266445032,-0.7998494691617727,0.5109215463115486,-0.7279648142430675,0.0,0.0,0.0,0.0,0.0,0.0,0.0,0.0,0.0,0.0,0.0,0.0,0.0,0.0,0.0,0.0,0.0,0.0,0.0,0.0,0.0,0.0,0.0,0.0,0.0,0.0,0.0,0.0,-0.066224843004333,-0.0164413665879807,0.0439220395590442,SPY
2008-11-19,-5.076098433998274,0.2684919835612919,-1.2115603919128466,4.507644310288573,-1.466132630144743,-1.4089464939003962,-3.9924928335999,-1.4118805726676618,0.681651859769132,-0.013884887465126573,0.0,0.0,0.0,0.0,0.0,0.0,0.0,0.0,0.0,0.0,0.0,0.0,0.0,0.0,0.0,0.0,0.0,0.0,0.0,0.0,0.0,0.0,0.0,0.0,0.0,0.0,0.0,0.0,-0.0771323918876509,0.0876966541551613,0.0912866990275063,SPY
2008-11-20,-5.908900268839421,-2.705355933501586,-2.021929504263105,4.8413487081044755,-1.5002366268625273,-1.4269774679423948,-6.181777877369328,-1.7120261435689694,2.0421417728890723,0.7001950393128141,0.0,0.0,0.0,0.0,0.0,0.0,0.0,0.0,0.0,0.0,0.0,0.0,0.0,0.0,0.0,0.0,0.0,0.0,0.0,0.0,0.0,0.0,0.0,0.0,0.0,0.0,0.0,0.0,0.052538143541545,0.1773390910886183,0.1641082373189712,SPY
2008-11-21,3.991569670417864,-8.09471301477656,-7.275421807935821,4.952227059824412,-1.531972491006519,-1.435326780751304,-4.371073085786242,-1.3869504546886917,1.4595840462808138,1.414274966090755,0.0,0.0,0.0,0.0,0.0,0.0,0.0,0.0,0.0,0.0,0.0,0.0,0.0,0.0,0.0,0.0,0.0,0.0,0.0,0.0,0.0,0.0,0.0,0.0,0.0,0.0,0.0,0.0,0.0669959934627977,0.0320518037379908,0.0986744722548955,SPY
2008-11-24,5.095440399862136,-1.4131560065935138,-3.3151201350516324,5.202404130227101,-1.548792037767239,-1.4341276683340909,-2.116550973914753,-1.2182752441319602,0.3369186699250729,-1.4420447410210082,0.0,0.0,0.0,0.0,0.0,0.0,0.0,0.0,0.0,0.0,0.0,0.0,0.0,0.0,0.0,0.0,0.0,0.0,0.0,0.0,0.0,0.0,0.0,0.0,0.0,0.0,0.0,0.0,0.0073817312996604,0.0028181069646793,0.0212868297523565,SPY
2008-11-25,0.5438342192937194,6.695447955166822,-0.24710602108005683,4.277108001018415,-1.5578878381630166,-1.4431209707039871,-1.6965668374476337,-0.9837698995731647,-0.0829641318139573,-0.7279648142430675,0.0,0.0,0.0,0.0,0.0,0.0,0.0,0.0,0.0,0.0,0.0,0.0,0.0,0.0,0.0,0.0,0.0,0.0,0.0,0.0,0.0,0.0,0.0,0.0,0.0,0.0,0.0,0.0,0.037913177738809,0.019193642508954,0.0196911697440622,SPY
2008-11-26,2.8749394828937636,4.154966686934195,-0.6777631928579202,4.410227165592214,-1.5509165766650561,-1.447684161285387,-0.2393252365428975,-0.4603875382222882,-0.595145545037215,-0.013884887465126573,0.0,0.0,0.0,0.0,0.0,0.0,0.0,0.0,0.0,0.0,0.0,0.0,0.0,0.0,0.0,0.0,0.0,0.0,0.0,0.0,0.0,0.0,0.0,0.0,0.0,0.0,0.0,0.0,0.0125100450458059,-0.0421248812654377,-0.0124685662856176,SPY
2008-11-28,0.9353858999800145,2.5187793791718813,3.297985761424382,4.322353424626422,-1.553306738055173,-1.4545790460388754,0.3567255183262213,-0.5896643454403356,-1.993174900789335,1.414274966090755,0.0,0.0,0.0,0.0,0.0,0.0,0.0,0.0,0.0,0.0,0.0,0.0,0.0,0.0,0.0,0.0,0.0,0.0,0.0,0.0,0.0,0.0,0.0,0.0,0.0,0.0,0.0,0.0,-0.0927491438090823,-0.0242684329930034,-0.0278511345735612,SPY
2008-12-01,-7.101254279218234,2.8072962112867703,6.720326827196745,4.882600147289902,-1.5632877765324273,-1.4709223736972024,-2.68554513502863,-0.9490389673669624,-0.5650487987696459,-1.4420447410210082,0.0,0.0,0.0,0.0,0.0,0.0,0.0,0.0,0.0,0.0,0.0,0.0,0.0,0.0,0.0,0.0,0.0,0.0,0.0,0.0,0.0,0.0,0.0,0.0,0.0,0.0,0.0,0.0,0.0377622966894861,0.1027995227399207,0.0883241737684121,SPY
2008-12-02,2.8634195698442753,-4.543712513190953,1.1735939756142044,5.020198347405019,-1.5637304303921586,-1.4840681711114228,-1.1146963084408898,-0.5991158138838627,-0.0008055853888498028,-0.7279648142430675,0.0,0.0,0.0,0.0,0.0,0.0,0.0,0.0,0.0,0.0,0.0,0.0,0.0,0.0,0.0,0.0,0.0,0.0,0.0,0.0,0.0,0.0,0.0,0.0,0.0,0.0,0.0,0.0,0.0237572668439352,0.0484162720518739,0.0647356578589821,SPY
2008-12-03,1.7941220881508455,-3.123031172569268,0.05751899601600473,4.971919092735763,-1.563199289864539,-1.4986018076912953,0.031182159021099512,-0.2505744948279526,0.2775856563780645,-0.013884887465126573,0.0,0.0,0.0,0.0,0.0,0.0,0.0,0.0,0.0,0.0,0.0,0.0,0.0,0.0,0.0,0.0,0.0,0.0,0.0,0.0,0.0,0.0,0.0,0.0,0.0,0.0,0.0,0.0,-0.0234053460355827,0.0314518113590676,0.0706742615475501,SPY
2008-12-04,-1.8067887087776875,3.4315717995967128,0.6826990969182998,4.897507622993721,-1.5547894468461927,-1.510692797729848,-0.6013099830301458,-0.7142027388985692,-0.1773893230671262,0.7001950393128141,0.0,0.0,0.0,0.0,0.0,0.0,0.0,0.0,0.0,0.0,0.0,0.0,0.0,0.0,0.0,0.0,0.0,0.0,0.0,0.0,0.0,0.0,0.0,0.0,0.0,0.0,0.0,0.0,0.0303664933182403,0.030480404252895,0.0928962249926117,SPY
2008-12-05,2.298742878170875,-0.009694741522493886,-1.658300425009208,4.777166388272963,-1.5271699885276582,-1.5139460050432068,0.5915368785061944,-0.25315806236888205,-0.024269542972720104,1.414274966090755,0.0,0.0,0.0,0.0,0.0,0.0,0.0,0.0,0.0,0.0,0.0,0.0,0.0,0.0,0.0,0.0,0.0,0.0,0.0,0.0,0.0,0.0,0.0,0.0,0.0,0.0,0.0,0.0,0.0343188119238417,0.0119831805704668,0.0691848824384671,SPY
2008-12-08,2.6005062002363566,0.3621376344762678,-0.9765824987444922,4.78656452458149,-1.5017635209558362,-1.5171213797499257,1.976354027031756,0.01239034003557781,-0.3869149351617231,-1.4420447410210082,0.0,0.0,0.0,0.0,0.0,0.0,0.0,0.0,0.0,0.0,0.0,0.0,0.0,0.0,0.0,0.0,0.0,0.0,0.0,0.0,0.0,0.0,0.0,0.0,0.0,0.0,0.0,0.0,-0.0166209539985606,-0.0363685619902121,0.004451598937929,SPY
2008-12-09,-1.288793859783253,3.60967513224934,3.874578379125679,4.793218419484218,-1.4918709807528014,-1.520596567497407,1.4004989451949723,-0.18548189857736477,-0.6233440394663711,-0.7279648142430675,0.0,0.0,0.0,0.0,0.0,0.0,0.0,0.0,0.0,0.0,0.0,0.0,0.0,0.0,0.0,0.0,0.0,0.0,0.0,0.0,0.0,0.0,0.0,0.0,0.0,0.0,0.0,0.0,0.0067928061511288,0.0262447770806648,0.0251457542459041,SPY
2008-12-10,0.4988692184921807,0.9661805802247078,1.7983515552380824,4.728675124064424,-1.482022625852056,-1.520219020836638,1.655999606991334,0.27247921516741,-0.4556284631925928,-0.013884887465126573,0.0,0.0,0.0,0.0,0.0,0.0,0.0,0.0,0.0,0.0,0.0,0.0,0.0,0.0,0.0,0.0,0.0,0.0,0.0,0.0,0.0,0.0,0.0,0.0,0.0,0.0,0.0,0.0,-0.0243767531417553,0.0097179522790034,-0.0032994228052594,SPY
2008-12-11,-1.8809565744505647,-0.5824212369492816,1.1506876532541421,4.619978838126748,-1.4843021208756568,-1.517865223531849,0.6732995690102714,0.63506952497821,-0.617735732085271,0.7001950393128141,0.0,0.0,0.0,0.0,0.0,0.0,0.0,0.0,0.0,0.0,0.0,0.0,0.0,0.0,0.0,0.0,0.0,0.0,0.0,0.0,0.0,0.0,0.0,0.0,0.0,0.0,0.0,0.0,0.0118692696358122,0.0152345218848877,-0.003236360608489,SPY
2008-12-12,0.8864620819093944,-1.0187593219573878,1.1136015749996497,4.3497760692940455,-1.4867365488123798,-1.5202856563083504,1.174220839188605,0.4599472003361274,-0.2941492841293172,1.414274966090755,0.0,0.0,0.0,0.0,0.0,0.0,0.0,0.0,0.0,0.0,0.0,0.0,0.0,0.0,0.0,0.0,0.0,0.0,0.0,0.0,0.0,0.0,0.0,0.0,0.0,0.0,0.0,0.0,-0.0140329306368371,-0.0009456013471105,-0.0132676338041255,SPY
2008-12-15,-1.0911957901058909,-0.7331595643277811,0.4074203245039442,4.1575490665429715,-1.4742548682797898,-1.5190311171998379,0.6144696133340535,-0.0801435162307744,-1.2299913904118955,-1.4420447410210082,0.0,0.0,0.0,0.0,0.0,0.0,0.0,0.0,0.0,0.0,0.0,0.0,0.0,0.0,0.0,0.0,0.0,0.0,0.0,0.0,0.0,0.0,0.0,0.0,0.0,0.0,0.0,0.0,0.0459923850723162,0.000191707767196,-0.0311939726660321,SPY
2008-12-16,3.4917947235516604,-0.15122034438033177,-1.4385374587488722,4.292896284488189,-1.4596262022051414,-1.51191418213931,2.247953802567597,0.19661350825184212,-0.5129508510117371,-0.7279648142430675,0.0,0.0,0.0,0.0,0.0,0.0,0.0,0.0,0.0,0.0,0.0,0.0,0.0,0.0,0.0,0.0,0.0,0.0,0.0,0.0,0.0,0.0,0.0,0.0,0.0,0.0,0.0,0.0,-0.0097340186505325,-0.0561923263448616,-0.0768309585067639,SPY
2008-12-17,-0.7629697304922073,1.768532161992831,0.9518951186972057,4.285862827894463,-1.4515041845903844,-1.5075730069284907,1.777507536280106,-0.15323373018832306,-1.0950872458629657,-0.013884887465126573,0.0,0.0,0.0,0.0,0.0,0.0,0.0,0.0,0.0,0.0,0.0,0.0,0.0,0.0,0.0,0.0,0.0,0.0,0.0,0.0,0.0,0.0,0.0,0.0,0.0,0.0,0.0,0.0,-0.018860183535871,-0.0406722364029628,-0.0593071302025807,SPY
2008-12-18,-1.459761185921455,2.0103871906095154,0.32093914359875214,3.9286646692213893,-1.4426739370489203,-1.49892388107882,0.8777558403171751,-0.4128142196241419,-0.5335453324208052,0.7001950393128141,0.0,0.0,0.0,0.0,0.0,0.0,0.0,0.0,0.0,0.0,0.0,0.0,0.0,0.0,0.0,0.0,0.0,0.0,0.0,0.0,0.0,0.0,0.0,0.0,0.0,0.0,0.0,0.0,-0.0043108535961859,-0.0160586111579625,-0.0946778007371929,SPY
2008-12-19,-0.3489058691957718,-1.6381917722924977,0.531549021579023,3.3107834409091925,-1.4405141497237188,-1.4839840266512934,0.4228817950361888,0.45427192366645325,-0.9807236974594774,1.414274966090755,0.0,0.0,0.0,0.0,0.0,0.0,0.0,0.0,0.0,0.0,0.0,0.0,0.0,0.0,0.0,0.0,0.0,0.0,0.0,0.0,0.0,0.0,0.0,0.0,0.0,0.0,0.0,0.0,-0.0128956215225306,-0.0146202808039141,-0.0480808292404359,SPY
2008-12-22,-1.0043611467494356,-1.3330867262737591,-0.0861706888660399,3.1413530476726614,-1.447669673333352,-1.4748277689937928,-0.2332403502485213,-0.024242272465775993,-1.3234822634183092,-1.4420447410210082,0.0,0.0,0.0,0.0,0.0,0.0,0.0,0.0,0.0,0.0,0.0,0.0,0.0,0.0,0.0,0.0,0.0,0.0,0.0,0.0,0.0,0.0,0.0,0.0,0.0,0.0,0.0,0.0,-0.0103916490397413,0.0217015052515074,-0.0507740544933081,SPY
2008-12-23,-0.8131804424164972,-0.9975229089594996,-0.04275085536399429,2.7333586516185964,-1.4535135190462471,-1.472796592414377,-0.6534864247182245,-0.401171525152718,-1.4042495651770646,-0.7279648142430675,0.0,0.0,0.0,0.0,0.0,0.0,0.0,0.0,0.0,0.0,0.0,0.0,0.0,0.0,0.0,0.0,0.0,0.0,0.0,0.0,0.0,0.0,0.0,0.0,0.0,0.0,0.0,0.0,0.0057860712913662,0.0462669350713049,-0.0360410875381349,SPY
2008-12-24,0.422004044897487,-1.33962597147822,-2.195362966286923,2.7314189836935143,-1.4595919403158961,-1.470905266478058,-0.4768233663092797,-0.04740007999124779,-2.220870989141035,-0.013884887465126573,0.0,0.0,0.0,0.0,0.0,0.0,0.0,0.0,0.0,0.0,0.0,0.0,0.0,0.0,0.0,0.0,0.0,0.0,0.0,0.0,0.0,0.0,0.0,0.0,0.0,0.0,0.0,0.0,0.0057534417091291,0.0701767343124419,-0.0349922633678669,SPY
2008-12-26,0.41951274495028107,-0.2886015810028589,-1.6028418014275947,2.57622114276187,-1.4597522585666232,-1.4721292885901316,-0.2417706607817166,-0.3498754518226502,-2.036883926137877,1.414274966090755,0.0,0.0,0.0,0.0,0.0,0.0,0.0,0.0,0.0,0.0,0.0,0.0,0.0,0.0,0.0,0.0,0.0,0.0,0.0,0.0,0.0,0.0,0.0,0.0,0.0,0.0,0.0,0.0,-0.0028725232421376,0.0632399100127916,-0.0306394576663882,SPY
2008-12-29,-0.23908796502931579,0.6197146156363563,-0.6631504751417451,2.5558042635190845,-1.4627941270512568,-1.474876674212852,-0.2960387692256181,-0.9598658729662571,-1.6760216362958096,-1.4420447410210082,0.0,0.0,0.0,0.0,0.0,0.0,0.0,0.0,0.0,0.0,0.0,0.0,0.0,0.0,0.0,0.0,0.0,0.0,0.0,0.0,0.0,0.0,0.0,0.0,0.0,0.0,0.0,0.0,0.023426164532891,0.0727675840190249,0.0055078410332711,SPY
2008-12-30,1.7688421086515584,0.13258563152311853,-0.6082383464090025,1.4390544464574133,-1.4584955946790388,-1.4664582629119107,0.4170291825083125,-0.3060232447062505,-1.4047146882779955,-0.7279648142430675,0.0,0.0,0.0,0.0,0.0,0.0,0.0,0.0,0.0,0.0,0.0,0.0,0.0,0.0,0.0,0.0,0.0,0.0,0.0,0.0,0.0,0.0,0.0,0.0,0.0,0.0,0.0,0.0,0.0141737807800561,0.0189269479094376,-0.0509564978766876,SPY
2008-12-31,1.062413721445334,1.1268457833690646,0.7784435004035836,1.267989262862535,-1.4605038381397835,-1.4601267634870674,0.8315615433752587,-0.19292165638849287,-1.2257796512524752,-0.013884887465126573,0.0,0.0,0.0,0.0,0.0,0.0,0.0,0.0,0.0,0.0,0.0,0.0,0.0,0.0,0.0,0.0,0.0,0.0,0.0,0.0,0.0,0.0,0.0,0.0,0.0,0.0,0.0,0.0,0.0296958705325032,0.0088263684387959,-0.0856826800539085,SPY
2009-01-02,2.2475401842913816,2.085863869859414,1.7162948367416326,1.3144351236204441,-1.4544740009718897,-1.4530269647593994,1.837572872677229,0.6150995879487151,-1.0178530676290822,1.414274966090755,0.0,0.0,0.0,0.0,0.0,0.0,0.0,0.0,0.0,0.0,0.0,0.0,0.0,0.0,0.0,0.0,0.0,0.0,0.0,0.0,0.0,0.0,0.0,0.0,0.0,0.0,0.0,0.0,-0.0011833825905211,-0.0425218729937419,-0.1184014645002911,SPY
2009-01-05,-0.11012045371956218,2.438594962932537,2.6291157128413962,1.190676123071729,-1.4449271669453663,-1.4438074255301954,1.610425679096827,0.46321548758626824,-0.9266761617551084,-1.4420447410210082,0.0,0.0,0.0,0.0,0.0,0.0,0.0,0.0,0.0,0.0,0.0,0.0,0.0,0.0,0.0,0.0,0.0,0.0,0.0,0.0,0.0,0.0,0.0,0.0,0.0,0.0,0.0,0.0,0.0066551507640957,-0.0656521813482058,-0.1032684635797558,SPY
2009-01-06,0.4883590974628573,1.5746072380629323,2.3642837930625578,1.0685063778344126,-1.4331470659117944,-1.4368139675592462,1.7325961609510754,0.8281697055488518,-0.4516670898437865,-0.7279648142430675,0.0,0.0,0.0,0.0,0.0,0.0,0.0,0.0,0.0,0.0,0.0,0.0,0.0,0.0,0.0,0.0,0.0,0.0,0.0,0.0,0.0,0.0,0.0,0.0,0.0,0.0,0.0,0.0,-0.0304144715766963,-0.0704693356721257,-0.1148320797497453,SPY
2009-01-07,-2.341942176684564,0.2783457754673046,2.7280283668187213,1.0658754111030218,-1.425093026577969,-1.4363631940816075,0.5574002491254703,-0.43255056847652007,-0.6879414879143987,-0.013884887465126573,0.0,0.0,0.0,0.0,0.0,0.0,0.0,0.0,0.0,0.0,0.0,0.0,0.0,0.0,0.0,0.0,0.0,0.0,0.0,0.0,0.0,0.0,0.0,0.0,0.0,0.0,0.0,0.0,0.0040732013094144,-0.0720141335941733,-0.0696466546208913,SPY
2009-01-08,0.29122477642265554,-1.3661833253308802,0.6725173134776933,1.012245577702709,-1.4142053479447905,-1.433832769688482,0.6635061737877296,-0.18095207485838458,-0.7609269067909964,0.7001950393128141,0.0,0.0,0.0,0.0,0.0,0.0,0.0,0.0,0.0,0.0,0.0,0.0,0.0,0.0,0.0,0.0,0.0,0.0,0.0,0.0,0.0,0.0,0.0,0.0,0.0,0.0,0.0,0.0,-0.0216523709000346,-0.0757319356720032,-0.0456210866369533,SPY
2009-01-09,-1.6729473733014724,-1.5114427447463392,0.2869005331559529,1.0955707474576317,-1.4087838217996353,-1.4341623253008537,-0.1416634829952036,-0.23635160470651878,-0.3726453831780172,1.414274966090755,0.0,0.0,0.0,0.0,0.0,0.0,0.0,0.0,0.0,0.0,0.0,0.0,0.0,0.0,0.0,0.0,0.0,0.0,0.0,0.0,0.0,0.0,0.0,0.0,0.0,0.0,0.0,0.0,-0.024313690944985,-0.0462897551183179,-0.022590421836262,SPY
2009-01-12,-1.8761417151507143,-1.018490547388638,-1.673456651691844,1.0950199073150821,-1.409252346171267,-1.4344778073432214,-1.0264021291809418,-0.5626988779068294,-0.6471153685804941,-1.4420447410210082,0.0,0.0,0.0,0.0,0.0,0.0,0.0,0.0,0.0,0.0,0.0,0.0,0.0,0.0,0.0,0.0,0.0,0.0,0.0,0.0,0.0,0.0,0.0,0.0,0.0,0.0,0.0,0.0,0.0018379964401757,-0.076206918243816,-0.0451683292032161,SPY
2009-01-13,0.12056473755775325,-2.615525485623802,-2.5565183672520857,1.0685485610559238,-1.4088061988058909,-1.435780046362977,-0.9361692318948804,-0.3305705795433035,-0.1850541148051774,-0.7279648142430675,0.0,0.0,0.0,0.0,0.0,0.0,0.0,0.0,0.0,0.0,0.0,0.0,0.0,0.0,0.0,0.0,0.0,0.0,0.0,0.0,0.0,0.0,0.0,0.0,0.0,0.0,0.0,0.0,-0.0319592694987438,-0.0357587967834209,-0.0411280180847661,SPY
2009-01-14,-2.4598889819386343,-1.2939670346989671,-2.740426186214569,1.207875884512273,-1.4190690738199145,-1.4387722783318622,-2.024425476242265,-0.646080403708577,0.2727733207240588,-0.013884887465126573,0.0,0.0,0.0,0.0,0.0,0.0,0.0,0.0,0.0,0.0,0.0,0.0,0.0,0.0,0.0,0.0,0.0,0.0,0.0,0.0,0.0,0.0,0.0,0.0,0.0,0.0,0.0,0.0,0.0003553992315845,-0.0193883740600799,-0.0084508487936156,SPY
2009-01-15,0.0073670165249840845,-1.7241041544635265,-2.7994030006319166,0.7617022522876257,-1.4320985383588432,-1.4463164979244776,-1.8781080892894613,-0.7366739103088757,0.8060631764035627,0.7001950393128141,0.0,0.0,0.0,0.0,0.0,0.0,0.0,0.0,0.0,0.0,0.0,0.0,0.0,0.0,0.0,0.0,0.0,0.0,0.0,0.0,0.0,0.0,0.0,0.0,0.0,0.0,0.0,0.0,0.0077898096536506,-0.0154024553762326,-0.0196225753275918,SPY
2009-01-16,0.5749913936137686,-1.807514466526944,-2.9413400915971692,0.7793787092078576,-1.4497238082270494,-1.45213377344043,-1.4970981347729817,-0.7052982806874942,0.039879818668966,1.414274966090755,0.0,0.0,0.0,0.0,0.0,0.0,0.0,0.0,0.0,0.0,0.0,0.0,0.0,0.0,0.0,0.0,0.0,0.0,0.0,0.0,0.0,0.0,0.0,0.0,0.0,0.0,0.0,0.0,-0.0542308540704832,-0.016357369568249,-0.0711288055483372,SPY
2009-01-20,-4.160345857683792,0.4287524555490435,-1.8173056830997945,1.2141767135851191,-1.4771213418896691,-1.4610892338031034,-3.2285828802260497,-1.231362497963498,0.1678098665366581,-0.7279648142430675,0.0,0.0,0.0,0.0,0.0,0.0,0.0,0.0,0.0,0.0,0.0,0.0,0.0,0.0,0.0,0.0,0.0,0.0,0.0,0.0,0.0,0.0,0.0,0.0,0.0,0.0,0.0,0.0,0.0422861179005709,0.0479797319128421,-0.0192987305366658,SPY
2009-01-21,3.2088176648137763,-2.642247810682841,-2.9594738284370976,1.554637625109391,-1.4981378888386236,-1.4657230367897334,-1.6771333851688568,-0.9900043088627475,-0.1277193545030361,-0.013884887465126573,0.0,0.0,0.0,0.0,0.0,0.0,0.0,0.0,0.0,0.0,0.0,0.0,0.0,0.0,0.0,0.0,0.0,0.0,0.0,0.0,0.0,0.0,0.0,0.0,0.0,0.0,0.0,0.0,-0.0155888467754028,0.0389683894697929,-0.072398771028217,SPY
2009-01-22,-1.2099914818710893,-0.7014996295598016,-1.4152580324071966,1.5643021041579293,-1.515807924325671,-1.4705472551202947,-2.140696381387344,-1.3282575876700566,0.2596142188908889,0.7001950393128141,0.0,0.0,0.0,0.0,0.0,0.0,0.0,0.0,0.0,0.0,0.0,0.0,0.0,0.0,0.0,0.0,0.0,0.0,0.0,0.0,0.0,0.0,0.0,0.0,0.0,0.0,0.0,0.0,0.0043413179154319,0.021519061868128,-0.0665785345433134,SPY
2009-01-23,0.311695736840193,1.4724838829966629,-0.7902731271916983,1.5604666183587501,-1.5335003716379667,-1.4739611177377443,-1.9266607865693328,-1.7842000054631126,0.016855769102914597,1.414274966090755,0.0,0.0,0.0,0.0,0.0,0.0,0.0,0.0,0.0,0.0,0.0,0.0,0.0,0.0,0.0,0.0,0.0,0.0,0.0,0.0,0.0,0.0,0.0,0.0,0.0,0.0,0.0,0.0,0.0068348954616341,-0.0033746574444686,-0.1073540804515422,SPY
2009-01-26,0.5020827777795127,-0.6622750316999636,-0.6380999638640882,1.5630501691668033,-1.5455704452463708,-1.4772966062334492,-1.6240034226641626,-1.6559708056354392,-0.3679383360109108,-1.4420447410210082,0.0,0.0,0.0,0.0,0.0,0.0,0.0,0.0,0.0,0.0,0.0,0.0,0.0,0.0,0.0,0.0,0.0,0.0,0.0,0.0,0.0,0.0,0.0,0.0,0.0,0.0,0.0,0.0,0.0101062474106079,-0.0132324668199821,-0.0769805046118072,SPY
2009-01-27,0.7518536414868707,0.5992755275366596,-0.6745563807735535,1.5757081227143575,-1.5509697104485811,-1.480240398802721,-1.2082632939556,-1.6094952535446185,-0.6136652526882594,-0.7279648142430675,0.0,0.0,0.0,0.0,0.0,0.0,0.0,0.0,0.0,0.0,0.0,0.0,0.0,0.0,0.0,0.0,0.0,0.0,0.0,0.0,0.0,0.0,0.0,0.0,0.0,0.0,0.0,0.0,0.0332747754575217,-0.009389095900576,-0.0949903478366289,SPY
2009-01-28,2.520793013149738,0.9236081010973226,1.7816854616358357,1.744439147145997,-1.5503449300420888,-1.4797031284767523,-0.0003300075844875887,-0.8045307618122859,-0.2616750888685745,-0.013884887465126573,0.0,0.0,0.0,0.0,0.0,0.0,0.0,0.0,0.0,0.0,0.0,0.0,0.0,0.0,0.0,0.0,0.0,0.0,0.0,0.0,0.0,0.0,0.0,0.0,0.0,0.0,0.0,0.0,-0.0330381743770678,-0.0475723367639915,-0.1446599727979398,SPY
2009-01-29,-2.5422644057757426,2.411104926665935,1.43765323364679,1.8033624069323277,-1.5499434322322434,-1.484650451241335,-1.1181430801625036,-1.1661817831498784,-0.4665517411209427,0.7001950393128141,0.0,0.0,0.0,0.0,0.0,0.0,0.0,0.0,0.0,0.0,0.0,0.0,0.0,0.0,0.0,0.0,0.0,0.0,0.0,0.0,0.0,0.0,0.0,0.0,0.0,0.0,0.0,0.0,-0.0205524013971647,0.0002367911652338,-0.1342240361387201,SPY
2009-01-30,-1.5889636451459759,-0.016182582208651885,0.7714782336786141,1.801143815374244,-1.553446211335343,-1.4929444596365495,-1.7010639701351158,-1.1444714164322278,0.0587762668172548,1.414274966090755,0.0,0.0,0.0,0.0,0.0,0.0,0.0,0.0,0.0,0.0,0.0,0.0,0.0,0.0,0.0,0.0,0.0,0.0,0.0,0.0,0.0,0.0,0.0,0.0,0.0,0.0,0.0,0.0,-0.0030229139138793,0.0488879618557511,-0.1597603707492196,SPY
2009-02-02,-0.2505704372794316,-3.044477518234076,-0.1789064367710671,1.6262923446921878,-1.5589793439598278,-1.5045627244560835,-1.594720815485876,-0.9491823158902596,-0.5205177186953639,-1.4420447410210082,0.0,0.0,0.0,0.0,0.0,0.0,0.0,0.0,0.0,0.0,0.0,0.0,0.0,0.0,0.0,0.0,0.0,0.0,0.0,0.0,0.0,0.0,0.0,0.0,0.0,0.0,0.0,0.0,0.013949618330014,0.053289169670287,-0.1642728567858222,SPY
2009-02-03,1.0452987030581082,-1.355831251134816,-0.5552548159368299,1.6796305256181163,-1.5519068172234982,-1.5147595121232396,-0.902187318036519,-0.7896360584939168,-0.5680024850490237,-0.7279648142430675,0.0,0.0,0.0,0.0,0.0,0.0,0.0,0.0,0.0,0.0,0.0,0.0,0.0,0.0,0.0,0.0,0.0,0.0,0.0,0.0,0.0,0.0,0.0,0.0,0.0,0.0,0.0,0.0,-0.0049084654058937,-0.0075520469716661,-0.1548083702416063,SPY
2009-02-04,-0.3945341049223674,0.5852382555296022,-0.4085237968075453,1.6581212379790708,-1.5535133191414459,-1.526109197095848,-0.864686450931291,-0.4942216883802178,-0.2798955897586145,-0.013884887465126573,0.0,0.0,0.0,0.0,0.0,0.0,0.0,0.0,0.0,0.0,0.0,0.0,0.0,0.0,0.0,0.0,0.0,0.0,0.0,0.0,0.0,0.0,0.0,0.0,0.0,0.0,0.0,0.0,0.0147709535521576,0.0032347259928533,-0.1916047036560506,SPY
2009-02-05,1.1080084362289568,0.4791579004276188,-1.866271686104075,1.6150228964584596,-1.549452728161985,-1.5329368757488036,-0.1911124414145819,-0.31624900745068235,0.2986769828235203,0.7001950393128141,0.0,0.0,0.0,0.0,0.0,0.0,0.0,0.0,0.0,0.0,0.0,0.0,0.0,0.0,0.0,0.0,0.0,0.0,0.0,0.0,0.0,0.0,0.0,0.0,0.0,0.0,0.0,0.0,0.0280987692933525,-0.0108183277668976,-0.204633247868947,SPY
2009-02-06,2.1255999705348345,0.52536588381696,-0.04102967542101859,1.7484649780970805,-1.5408184767328805,-1.5374812530473387,0.955276203810716,-0.09067884449802899,-0.025032566439888205,1.414274966090755,0.0,0.0,0.0,0.0,0.0,0.0,0.0,0.0,0.0,0.0,0.0,0.0,0.0,0.0,0.0,0.0,0.0,0.0,0.0,0.0,0.0,0.0,0.0,0.0,0.0,0.0,0.0,0.0,0.0013782939006565,-0.0497334243626417,-0.2445543853530374,SPY
2009-02-09,0.08546600708327937,2.3823393966908326,1.8163595818082814,1.692302698502425,-1.5331882657898313,-1.5397086735364995,1.052933313863829,0.6975331595065005,-0.7786611194662301,-1.4420447410210082,0.0,0.0,0.0,0.0,0.0,0.0,0.0,0.0,0.0,0.0,0.0,0.0,0.0,0.0,0.0,0.0,0.0,0.0,0.0,0.0,0.0,0.0,0.0,0.0,0.0,0.0,0.0,0.0,-0.0468915983119391,-0.0948281388303931,-0.1880322893499491,SPY
2009-02-10,-3.59998663055881,1.6288738468991115,1.9843875243536802,1.9082218749445115,-1.5363563183055877,-1.5440067837395604,-0.6167975968443774,-0.4856518390611185,1.018222407250224,-0.7279648142430675,0.0,0.0,0.0,0.0,0.0,0.0,0.0,0.0,0.0,0.0,0.0,0.0,0.0,0.0,0.0,0.0,0.0,0.0,0.0,0.0,0.0,0.0,0.0,0.0,0.0,0.0,0.0,0.0,0.0058783075586257,-0.0503373195772658,-0.1346492126793426,SPY
2009-02-11,0.4290463725032877,-2.590053537735179,-0.33838951438159526,1.9148473110819137,-1.5448121107885417,-1.5479354991221526,-0.3242403916429422,-0.2029015787976426,-0.2387481613074238,-0.013884887465126573,0.0,0.0,0.0,0.0,0.0,0.0,0.0,0.0,0.0,0.0,0.0,0.0,0.0,0.0,0.0,0.0,0.0,0.0,0.0,0.0,0.0,0.0,0.0,0.0,0.0,0.0,0.0,0.0,0.0007178997924066,-0.0670295497268718,-0.1019108893856843,SPY
2009-02-12,0.03504428255542138,-2.336884611390366,0.07342454764620472,1.7843123364107902,-1.5467976522657623,-1.548730192919321,-0.282163001912706,-0.24990802659789127,0.7127779967690523,0.7001950393128141,0.0,0.0,0.0,0.0,0.0,0.0,0.0,0.0,0.0,0.0,0.0,0.0,0.0,0.0,0.0,0.0,0.0,0.0,0.0,0.0,0.0,0.0,0.0,0.0,0.0,0.0,0.0,0.0,-0.0108163273023915,-0.0775160598097777,-0.0948444395821814,SPY
2009-02-13,-0.845605035708318,0.3416062633089141,-0.4630885663067702,1.7986201480091926,-1.546953827056306,-1.5505658417863886,-0.6437951756165563,-0.4883021437679115,-0.4186358544135261,1.414274966090755,0.0,0.0,0.0,0.0,0.0,0.0,0.0,0.0,0.0,0.0,0.0,0.0,0.0,0.0,0.0,0.0,0.0,0.0,0.0,0.0,0.0,0.0,0.0,0.0,0.0,0.0,0.0,0.0,-0.0437164205670947,-0.103133960500183,-0.0870554587063043,SPY
2009-02-17,-3.3575587597199825,-0.5976270601272242,-1.9487770160415248,2.0191549057155207,-1.5544502518213978,-1.5571025987272527,-2.0858900061036576,-1.0909715370484687,0.7981145399587459,-0.7279648142430675,0.0,0.0,0.0,0.0,0.0,0.0,0.0,0.0,0.0,0.0,0.0,0.0,0.0,0.0,0.0,0.0,0.0,0.0,0.0,0.0,0.0,0.0,0.0,0.0,0.0,0.0,0.0,0.0,-0.0024007790588118,-0.0222090686317191,-0.0132147016497921,SPY
2009-02-18,-0.20306984348321638,-3.097483734640782,-3.67038899415883,1.6418366662276087,-1.5649586007370269,-1.558826305358767,-2.137855154932914,-1.6856634370387604,0.0594105312299825,-0.013884887465126573,0.0,0.0,0.0,0.0,0.0,0.0,0.0,0.0,0.0,0.0,0.0,0.0,0.0,0.0,0.0,0.0,0.0,0.0,0.0,0.0,0.0,0.0,0.0,0.0,0.0,0.0,0.0,0.0,-0.0108139225909802,-0.0277118853871209,0.0113236868267954,SPY
2009-02-19,-0.8454214336821418,-2.6240284353091905,-1.9718323396486424,1.3432761547867373,-1.5764486015261245,-1.5653966478816688,-2.392901882676505,-1.4830925568339453,-0.2165315613145124,0.7001950393128141,0.0,0.0,0.0,0.0,0.0,0.0,0.0,0.0,0.0,0.0,0.0,0.0,0.0,0.0,0.0,0.0,0.0,0.0,0.0,0.0,0.0,0.0,0.0,0.0,0.0,0.0,0.0,0.0,-0.0097686102904992,-0.0332928122999298,0.0096741728654166,SPY
2009-02-20,-0.7656108354317864,-0.7729473676053882,-2.6091031086564733,1.3256081666475883,-1.5924007143171912,-1.5713624673961235,-2.620762359185075,-1.3677630923799085,1.105401540692207,1.414274966090755,0.0,0.0,0.0,0.0,0.0,0.0,0.0,0.0,0.0,0.0,0.0,0.0,0.0,0.0,0.0,0.0,0.0,0.0,0.0,0.0,0.0,0.0,0.0,0.0,0.0,0.0,0.0,0.0,-0.0364342279927969,-0.0461264397272787,-0.0020810060585763,SPY
2009-02-23,-2.801556361526098,-1.187458536724339,-3.009453827814247,1.4791318163089775,-1.6199097151831687,-1.5808316800254987,-3.6876836167061,-1.6455040496801066,0.3379609876743185,-1.4420447410210082,0.0,0.0,0.0,0.0,0.0,0.0,0.0,0.0,0.0,0.0,0.0,0.0,0.0,0.0,0.0,0.0,0.0,0.0,0.0,0.0,0.0,0.0,0.0,0.0,0.0,0.0,0.0,0.0,0.0372084713013691,-0.055780947742146,0.1037194389733651,SPY
2009-02-24,2.8211344694666045,-2.6288464311182733,-3.9874860695831016,1.7223424533359846,-1.6413725951987963,-1.5877713474959516,-2.285776341202453,-1.2869026683627511,0.7339823462404569,-0.7279648142430675,0.0,0.0,0.0,0.0,0.0,0.0,0.0,0.0,0.0,0.0,0.0,0.0,0.0,0.0,0.0,0.0,0.0,0.0,0.0,0.0,0.0,0.0,0.0,0.0,0.0,0.0,0.0,0.0,-0.0079035958142137,-0.1005248189939971,0.0466108971024263,SPY
2009-02-25,-0.6232151886672487,0.014064949464789613,-0.897960726912887,1.694102779266332,-1.6552944241064633,-1.596345115404789,-2.398792419268959,-1.307732109151237,1.0096688178670383,-0.013884887465126573,0.0,0.0,0.0,0.0,0.0,0.0,0.0,0.0,0.0,0.0,0.0,0.0,0.0,0.0,0.0,0.0,0.0,0.0,0.0,0.0,0.0,0.0,0.0,0.0,0.0,0.0,0.0,0.0,-0.0163948495037891,-0.0692071183055533,0.0650053328990756,SPY
2009-02-26,-1.2715305644154435,1.6191866369954868,-1.1080455528465178,1.4774997611565621,-1.6730982689841303,-1.6095192288185665,-2.7171927913732445,-1.6800708457532176,0.1643928460518234,0.7001950393128141,0.0,0.0,0.0,0.0,0.0,0.0,0.0,0.0,0.0,0.0,0.0,0.0,0.0,0.0,0.0,0.0,0.0,0.0,0.0,0.0,0.0,0.0,0.0,0.0,0.0,0.0,0.0,0.0,-0.022602237717848,-0.0945170676221023,0.1015761268353285,SPY
2009-02-27,-1.7454706172669026,-1.3965142493175586,-1.3211124440663333,1.4084691099357287,-1.6948065880823697,-1.621406125889713,-3.266577971499551,-2.3640945242033298,1.059545902327024,1.414274966090755,0.0,0.0,0.0,0.0,0.0,0.0,0.0,0.0,0.0,0.0,0.0,0.0,0.0,0.0,0.0,0.0,0.0,0.0,0.0,0.0,0.0,0.0,0.0,0.0,0.0,0.0,0.0,0.0,-0.0460887360076642,-0.0701724205649929,0.1059650356577242,SPY
2009-03-02,-3.5386873224119975,-2.223453826018607,-1.811070678914879,1.6139844780219952,-1.7219363869004398,-1.6350951386505774,-4.548487699577515,-2.5460012475697744,0.6957598248336706,-1.4420447410210082,0.0,0.0,0.0,0.0,0.0,0.0,0.0,0.0,0.0,0.0,0.0,0.0,0.0,0.0,0.0,0.0,0.0,0.0,0.0,0.0,0.0,0.0,0.0,0.0,0.0,0.0,0.0,0.0,-0.0075353999504819,-0.0359060527480665,0.1168878561465436,SPY
2009-03-03,-0.5951030807888479,-3.894019725719328,-2.1796574819893606,1.6101702414725807,-1.7423506116934746,-1.649097543089047,-4.538937963844273,-2.3880731861185422,0.8694841711598501,-0.7279648142430675,0.0,0.0,0.0,0.0,0.0,0.0,0.0,0.0,0.0,0.0,0.0,0.0,0.0,0.0,0.0,0.0,0.0,0.0,0.0,0.0,0.0,0.0,0.0,0.0,0.0,0.0,0.0,0.0,0.02341410487423,0.0295297371061602,0.1336455983407107,SPY
2009-03-04,1.7679213421284945,-3.0463656004434028,-3.887875076971872,1.6848785646859845,-1.7586374858908767,-1.6625403528046114,-3.5106346378267936,-2.100304603626743,1.0287657678066748,-0.013884887465126573,0.0,0.0,0.0,0.0,0.0,0.0,0.0,0.0,0.0,0.0,0.0,0.0,0.0,0.0,0.0,0.0,0.0,0.0,0.0,0.0,0.0,0.0,0.0,0.0,0.0,0.0,0.0,0.0,-0.041704798820338,0.0126071105905976,0.1294131609154947,SPY
2009-03-05,-3.2039695070266,0.8638357770173999,-2.6922376443216445,1.8387136812953078,-1.7795648497920804,-1.6788037167323349,-4.587207924176702,-2.2784187949832413,1.2210386163426443,0.7001950393128141,0.0,0.0,0.0,0.0,0.0,0.0,0.0,0.0,0.0,0.0,0.0,0.0,0.0,0.0,0.0,0.0,0.0,0.0,0.0,0.0,0.0,0.0,0.0,0.0,0.0,0.0,0.0,0.0,0.0017424093392612,0.0929285402632196,0.1999357256320699,SPY
2009-03-06,0.11326657058364145,-1.058520616370323,-3.658513014355834,1.7720823787854356,-1.7985289331590077,-1.6963207114206516,-4.200271432183917,-2.206436569841661,1.235904601875261,1.414274966090755,0.0,0.0,0.0,0.0,0.0,0.0,0.0,0.0,0.0,0.0,0.0,0.0,0.0,0.0,0.0,0.0,0.0,0.0,0.0,0.0,0.0,0.0,0.0,0.0,0.0,0.0,0.0,0.0,-0.0118223681907378,0.0989704805198679,0.2080927089861957,SPY
2009-03-09,-0.9224172239187606,-2.2777613359942177,-2.7290906536370336,1.5439264712342282,-1.8131201920286981,-1.7174418559700009,-4.186116233167554,-2.0394750650631828,0.2900229599792622,-1.4420447410210082,0.0,0.0,0.0,0.0,0.0,0.0,0.0,0.0,0.0,0.0,0.0,0.0,0.0,0.0,0.0,0.0,0.0,0.0,0.0,0.0,0.0,0.0,0.0,0.0,0.0,0.0,0.0,0.0,0.0579003899037449,0.1077655022840913,0.212051203597257,SPY
2009-03-10,4.400982331051473,-0.5965880209595775,-1.4208799248080097,2.1769566832412917,-1.8249670991037659,-1.7341529364352504,-1.8727863313531703,-1.221585399727772,0.5128886326880843,-0.7279648142430675,0.0,0.0,0.0,0.0,0.0,0.0,0.0,0.0,0.0,0.0,0.0,0.0,0.0,0.0,0.0,0.0,0.0,0.0,0.0,0.0,0.0,0.0,0.0,0.0,0.0,0.0,0.0,0.0,0.0064914783586673,0.0799894488697638,0.1305499457655212,SPY
2009-03-11,0.4758625520875618,2.5628369776790705,1.0773073004635139,2.009538869392727,-1.8344045202475265,-1.74587196382364,-1.3952582624786325,-1.0633177718369313,0.0911468852381968,-0.013884887465126573,0.0,0.0,0.0,0.0,0.0,0.0,0.0,0.0,0.0,0.0,0.0,0.0,0.0,0.0,0.0,0.0,0.0,0.0,0.0,0.0,0.0,0.0,0.0,0.0,0.0,0.0,0.0,0.0,0.0386166308522839,0.0956355799288721,0.1347783347231677,SPY
2009-03-12,2.9286488038322744,3.5931664878897087,0.4312405306820391,2.245541572171876,-1.834672313123732,-1.7549382659234258,0.2163114468413376,-0.5704217825263015,0.5449156923837346,0.7001950393128141,0.0,0.0,0.0,0.0,0.0,0.0,0.0,0.0,0.0,0.0,0.0,0.0,0.0,0.0,0.0,0.0,0.0,0.0,0.0,0.0,0.0,0.0,0.0,0.0,0.0,0.0,0.0,0.0,0.0077843495959095,0.0445555125242291,0.1351351403708758,SPY
2009-03-13,0.5745745129604001,2.508270097341052,3.4977270814014734,2.261559222441985,-1.8298532251978072,-1.7634113702500394,0.7004774506594468,-0.15145002411014127,-0.0836837506110038,1.414274966090755,0.0,0.0,0.0,0.0,0.0,0.0,0.0,0.0,0.0,0.0,0.0,0.0,0.0,0.0,0.0,0.0,0.0,0.0,0.0,0.0,0.0,0.0,0.0,0.0,0.0,0.0,0.0,0.0,-0.0030273464265144,0.0152473737138274,0.1275835908359148,SPY
2009-03-16,-0.25090886387691524,2.5810065039195185,3.7283943966220527,2.2569949249340353,-1.818117808538759,-1.7711345285599909,0.7617540365254751,-0.5783693073066233,0.1178701031047143,-1.4420447410210082,0.0,0.0,0.0,0.0,0.0,0.0,0.0,0.0,0.0,0.0,0.0,0.0,0.0,0.0,0.0,0.0,0.0,0.0,0.0,0.0,0.0,0.0,0.0,0.0,0.0,0.0,0.0,0.0,0.0301243364894174,0.0876409371794864,0.1132174102898604,SPY
2009-03-17,2.2802539716786514,0.23813338891676383,4.064168001041206,2.1779266846454486,-1.8000238518102871,-1.7722985764184263,1.9505687058281744,-0.16179347072404499,0.0744693071385545,-0.7279648142430675,0.0,0.0,0.0,0.0,0.0,0.0,0.0,0.0,0.0,0.0,0.0,0.0,0.0,0.0,0.0,0.0,0.0,0.0,0.0,0.0,0.0,0.0,0.0,0.0,0.0,0.0,0.0,0.0,0.0221376094177756,0.0376165301204993,0.0937062088315885,SPY
2009-03-18,1.6704596878490923,1.4949719068111789,3.003742476069104,2.238821083347864,-1.7817290243104167,-1.7712912127533071,2.8029062402357514,0.23392225227037272,1.0520029908143462,-0.013884887465126573,0.0,0.0,0.0,0.0,0.0,0.0,0.0,0.0,0.0,0.0,0.0,0.0,0.0,0.0,0.0,0.0,0.0,0.0,0.0,0.0,0.0,0.0,0.0,0.0,0.0,0.0,0.0,0.0,-0.012463436552359,0.0259697606851592,0.086125118528928,SPY
2009-03-19,-0.9713634091275446,2.9107420214931685,3.601075599484648,2.243797287988013,-1.759106056687832,-1.7704405507497336,2.2870280921210564,0.347765040545637,0.6505933127274889,0.7001950393128141,0.0,0.0,0.0,0.0,0.0,0.0,0.0,0.0,0.0,0.0,0.0,0.0,0.0,0.0,0.0,0.0,0.0,0.0,0.0,0.0,0.0,0.0,0.0,0.0,0.0,0.0,0.0,0.0,-0.0215237892144921,0.0586091416699821,0.1052711117224243,SPY
2009-03-20,-1.6631300380969944,0.5147713432021825,1.6509566792337769,2.2896480963812604,-1.7405010499907794,-1.770620694774886,1.4501307345942207,0.6459623218328875,0.1458274573366766,1.414274966090755,0.0,0.0,0.0,0.0,0.0,0.0,0.0,0.0,0.0,0.0,0.0,0.0,0.0,0.0,0.0,0.0,0.0,0.0,0.0,0.0,0.0,0.0,0.0,0.0,0.0,0.0,0.0,0.0,0.0693662170391444,0.0619196019890218,0.0839754620591133,SPY
2009-03-23,5.2764092467113315,-1.9416010713279028,0.5320396747055468,2.634251368021676,-1.707707767844256,-1.7614889799794324,4.000532564473793,1.1823024052557876,0.5421701369038252,-1.4420447410210082,0.0,0.0,0.0,0.0,0.0,0.0,0.0,0.0,0.0,0.0,0.0,0.0,0.0,0.0,0.0,0.0,0.0,0.0,0.0,0.0,0.0,0.0,0.0,0.0,0.0,0.0,0.0,0.0,-0.0199000705695695,-0.0426125305689675,0.0339589771753772,SPY
2009-03-24,-1.5391575598415503,2.6621017432715943,3.2958586160629237,2.571142829561597,-1.6876128332182738,-1.7573510534382744,3.0886088516425256,0.790157829075083,-0.2942218271515222,-0.7279648142430675,0.0,0.0,0.0,0.0,0.0,0.0,0.0,0.0,0.0,0.0,0.0,0.0,0.0,0.0,0.0,0.0,0.0,0.0,0.0,0.0,0.0,0.0,0.0,0.0,0.0,0.0,0.0,0.0,0.0104908399824354,-0.0134901177557127,0.0477266024771187,SPY
2009-03-25,0.7812176537787681,2.7534514895758364,1.386042368028867,2.5648743570583368,-1.6666565231274435,-1.7515721789128793,3.373481963396239,1.3803970517470858,0.7472832081577837,-0.013884887465126573,0.0,0.0,0.0,0.0,0.0,0.0,0.0,0.0,0.0,0.0,0.0,0.0,0.0,0.0,0.0,0.0,0.0,0.0,0.0,0.0,0.0,0.0,0.0,0.0,0.0,0.0,0.0,0.0,0.0201759444324638,-0.0047992902891342,0.0470053823388667,SPY
2009-03-26,1.5206846818796151,-0.5588531233660959,0.9413956283185786,2.545880277908952,-1.6483508901333697,-1.7425228326409183,3.978694398248473,1.4650437003442054,0.5320812199242058,0.7001950393128141,0.0,0.0,0.0,0.0,0.0,0.0,0.0,0.0,0.0,0.0,0.0,0.0,0.0,0.0,0.0,0.0,0.0,0.0,0.0,0.0,0.0,0.0,0.0,0.0,0.0,0.0,0.0,0.0,-0.0182133288954524,0.003842531174639,0.0418270173768835,SPY
2009-03-27,-1.4103732127682918,1.6958070757814303,2.1874917600945136,2.5200763315066426,-1.6347321837736095,-1.7332728346427062,3.014872921084012,1.3334456710374631,-0.5998689293620817,1.414274966090755,0.0,0.0,0.0,0.0,0.0,0.0,0.0,0.0,0.0,0.0,0.0,0.0,0.0,0.0,0.0,0.0,0.0,0.0,0.0,0.0,0.0,0.0,0.0,0.0,0.0,0.0,0.0,0.0,-0.0351659155188448,0.0319552527634785,0.0505332957039481,SPY
2009-03-30,-2.7047194858211756,0.08092228458401121,2.3138774841335588,2.402016848534223,-1.6269370004410841,-1.723474590447836,1.4019629574543526,0.5552756195292357,-0.6308777356322032,-1.4420447410210082,0.0,0.0,0.0,0.0,0.0,0.0,0.0,0.0,0.0,0.0,0.0,0.0,0.0,0.0,0.0,0.0,0.0,0.0,0.0,0.0,0.0,0.0,0.0,0.0,0.0,0.0,0.0,0.0,0.0092223422436852,0.0592572947026468,0.0825489969918615,SPY
2009-03-31,0.6843666329285485,-3.032588102431296,-1.6769177483914826,2.3803778400119673,-1.6226775814044887,-1.7122601969104978,1.505429762523744,0.5785639709292246,-0.1883161646583235,-0.7279648142430675,0.0,0.0,0.0,0.0,0.0,0.0,0.0,0.0,0.0,0.0,0.0,0.0,0.0,0.0,0.0,0.0,0.0,0.0,0.0,0.0,0.0,0.0,0.0,0.0,0.0,0.0,0.0,0.0,0.0191816674490139,0.0264340845309707,0.09437289090428,SPY
2009-04-01,1.4447706791082136,-1.4890684747643284,-0.5650913331952804,2.3654614485072845,-1.618862023286053,-1.701167708322109,2.002174522268735,0.4586054252633347,-0.0610892429644893,-0.013884887465126573,0.0,0.0,0.0,0.0,0.0,0.0,0.0,0.0,0.0,0.0,0.0,0.0,0.0,0.0,0.0,0.0,0.0,0.0,0.0,0.0,0.0,0.0,0.0,0.0,0.0,0.0,0.0,0.0,0.0288177658962371,0.0179722843982705,0.075533854778512,SPY
2009-04-02,2.1804960518205787,1.5685042961631714,-0.23329562625245534,2.1084398844802643,-1.6075122966139666,-1.6841240560635766,2.7548852740577203,0.6201614059187708,1.1539025340003624,0.7001950393128141,0.0,0.0,0.0,0.0,0.0,0.0,0.0,0.0,0.0,0.0,0.0,0.0,0.0,0.0,0.0,0.0,0.0,0.0,0.0,0.0,0.0,0.0,0.0,0.0,0.0,0.0,0.0,0.0,0.009899392693387,0.0281279550020254,0.0520783865313232,SPY
2009-04-03,0.736060085126048,2.670934809591252,0.09662914476306514,2.099233157358795,-1.5905472412809338,-1.6662790254988298,2.744311507175572,0.7240348870300638,-1.253453081305556,1.414274966090755,0.0,0.0,0.0,0.0,0.0,0.0,0.0,0.0,0.0,0.0,0.0,0.0,0.0,0.0,0.0,0.0,0.0,0.0,0.0,0.0,0.0,0.0,0.0,0.0,0.0,0.0,0.0,0.0,-0.0078638735796765,0.018461362369587,0.0756328751194548,SPY
2009-04-06,-0.6201823579038529,2.1487178314809787,1.169907882550279,2.078388102075171,-1.5874463662092664,-1.6482714006565489,2.030866570158199,0.4190152048020571,-1.5029057609239491,-1.4420447410210082,0.0,0.0,0.0,0.0,0.0,0.0,0.0,0.0,0.0,0.0,0.0,0.0,0.0,0.0,0.0,0.0,0.0,0.0,0.0,0.0,0.0,0.0,0.0,0.0,0.0,0.0,0.0,0.0,-0.0236008679279908,0.0089317089766947,0.0800799012030282,SPY
2009-04-07,-1.8217169930779404,0.08502380996647801,2.2122367449083455,1.8917852706016098,-1.5850868339267776,-1.6370062910270562,0.8748529953721691,-0.05191486054574089,-1.52991872998413,-0.7279648142430675,0.0,0.0,0.0,0.0,0.0,0.0,0.0,0.0,0.0,0.0,0.0,0.0,0.0,0.0,0.0,0.0,0.0,0.0,0.0,0.0,0.0,0.0,0.0,0.0,0.0,0.0,0.0,0.0,0.0107198673163138,0.0431457119358311,0.1208669696217468,SPY
2009-04-08,0.7987041107200171,-1.7996871394694256,0.9591224396335994,1.8940716247450815,-1.5826599501052343,-1.6252752513197097,1.0352255715675316,0.1848957739831668,-1.8360031278945643,-0.013884887465126573,0.0,0.0,0.0,0.0,0.0,0.0,0.0,0.0,0.0,0.0,0.0,0.0,0.0,0.0,0.0,0.0,0.0,0.0,0.0,0.0,0.0,0.0,0.0,0.0,0.0,0.0,0.0,0.0,0.038973436499992,0.0469823637346324,0.0961575458029981,SPY
2009-04-09,2.955891257776024,-0.754173483799472,0.6360704669836953,1.8972036508202539,-1.576592961071665,-1.6130478285882444,2.287808285579018,0.7400112839769317,-1.3205721320081176,0.7001950393128141,0.0,0.0,0.0,0.0,0.0,0.0,0.0,0.0,0.0,0.0,0.0,0.0,0.0,0.0,0.0,0.0,0.0,0.0,0.0,0.0,0.0,0.0,0.0,0.0,0.0,0.0,0.0,0.0,0.0002328000609486,0.0146914838757776,0.080249500743732,SPY
2009-04-13,-0.0019935479196762137,2.766231268917473,1.0237904994442992,1.9024908412353483,-1.5671105073634486,-1.6014582815375398,2.046716417246712,0.20198478555266552,-1.7575654719330271,-1.4420447410210082,0.0,0.0,0.0,0.0,0.0,0.0,0.0,0.0,0.0,0.0,0.0,0.0,0.0,0.0,0.0,0.0,0.0,0.0,0.0,0.0,0.0,0.0,0.0,0.0,0.0,0.0,0.0,0.0,-0.0173935269725689,-0.028360755062974,0.0611248686323966,SPY
2009-04-14,-1.3477805484688123,2.1762331579462213,0.6547423336002127,1.9656251754293779,-1.5546169419478681,-1.5912796841197399,1.156296272383884,0.22684459086769374,-1.1374526484605822,-0.7279648142430675,0.0,0.0,0.0,0.0,0.0,0.0,0.0,0.0,0.0,0.0,0.0,0.0,0.0,0.0,0.0,0.0,0.0,0.0,0.0,0.0,0.0,0.0,0.0,0.0,0.0,0.0,0.0,0.0,0.0106131350311455,0.0083825040650031,0.0755549584369168,SPY
2009-04-15,0.7905549982222594,-0.9949491335549996,0.29092219143605097,1.8851386966451513,-1.5417413889649298,-1.5826832948540692,1.3853155199061733,0.2330070816801655,-1.3851317317260736,-0.013884887465126573,0.0,0.0,0.0,0.0,0.0,0.0,0.0,0.0,0.0,0.0,0.0,0.0,0.0,0.0,0.0,0.0,0.0,0.0,0.0,0.0,0.0,0.0,0.0,0.0,0.0,0.0,0.0,0.0,0.0145565191151151,-0.0083630762339703,0.0394464127590534,SPY
2009-04-16,1.091636160978809,-0.4109557372571207,1.5971337510172445,1.8561575703319002,-1.5295175430765084,-1.5746365375979081,1.781503547024004,0.1815465725462304,-0.3947732739068826,0.7001950393128141,0.0,0.0,0.0,0.0,0.0,0.0,0.0,0.0,0.0,0.0,0.0,0.0,0.0,0.0,0.0,0.0,0.0,0.0,0.0,0.0,0.0,0.0,0.0,0.0,0.0,0.0,0.0,0.0,0.0066825566411372,-0.013149975504902,0.033423677721216,SPY
2009-04-17,0.4904515625005797,1.3865407770838238,1.7436082496506753,1.8151637754062255,-1.5213158363927948,-1.5648278415792238,1.8366189317040007,0.5417357612825036,-1.195501098458563,1.414274966090755,0.0,0.0,0.0,0.0,0.0,0.0,0.0,0.0,0.0,0.0,0.0,0.0,0.0,0.0,0.0,0.0,0.0,0.0,0.0,0.0,0.0,0.0,0.0,0.0,0.0,0.0,0.0,0.0,-0.0428194388778031,-0.0048349526755586,0.0185454508907687,SPY
2009-04-20,-3.289073346117717,1.165408045819708,0.5108170854288229,2.0287223351928265,-1.5231808925474355,-1.557252371324543,0.048595749690225114,0.3770762745106831,-0.8151488336870055,-1.4420447410210082,0.0,0.0,0.0,0.0,0.0,0.0,0.0,0.0,0.0,0.0,0.0,0.0,0.0,0.0,0.0,0.0,0.0,0.0,0.0,0.0,0.0,0.0,0.0,0.0,0.0,0.0,0.0,0.0,0.0193497321554083,0.0284774356338566,0.0893761322659658,SPY
2009-04-21,1.4576025808814301,-2.062539864371199,-1.1328178974410192,1.4315702740543386,-1.519900061312913,-1.5540507535147996,0.7118031418642425,0.4795251847100475,-2.5947443463202675,-0.7279648142430675,0.0,0.0,0.0,0.0,0.0,0.0,0.0,0.0,0.0,0.0,0.0,0.0,0.0,0.0,0.0,0.0,0.0,0.0,0.0,0.0,0.0,0.0,0.0,0.0,0.0,0.0,0.0,0.0,-0.0061324452678279,0.0059774892475168,0.0688197286694478,SPY
2009-04-22,-0.4879861431145951,-1.349889755167624,0.26995481719787323,1.3647441540980114,-1.5134061914235022,-1.5496091185177643,0.3909587792824647,0.20101463757116161,-0.2202340607467774,-0.013884887465126573,0.0,0.0,0.0,0.0,0.0,0.0,0.0,0.0,0.0,0.0,0.0,0.0,0.0,0.0,0.0,0.0,0.0,0.0,0.0,0.0,0.0,0.0,0.0,0.0,0.0,0.0,0.0,0.0,0.0097696198441834,0.0331561706714484,0.0682353433393982,SPY
2009-04-23,0.7261518034318342,0.7141054877374786,-0.36935273721306644,1.3629174134729864,-1.5070247056376023,-1.5451900757638477,0.6711443083839165,-0.01326523719258349,-0.3952087474836386,0.7001950393128141,0.0,0.0,0.0,0.0,0.0,0.0,0.0,0.0,0.0,0.0,0.0,0.0,0.0,0.0,0.0,0.0,0.0,0.0,0.0,0.0,0.0,0.0,0.0,0.0,0.0,0.0,0.0,0.0,0.0149975794704806,0.023729182150511,0.0439982629283557,SPY
2009-04-24,1.1253115427857934,0.17513229066720842,-0.552105488176165,1.336821140038246,-1.505114791013472,-1.5411881685008437,1.1621485110401737,0.054392605222804306,-0.7782883978878554,1.414274966090755,0.0,0.0,0.0,0.0,0.0,0.0,0.0,0.0,0.0,0.0,0.0,0.0,0.0,0.0,0.0,0.0,0.0,0.0,0.0,0.0,0.0,0.0,0.0,0.0,0.0,0.0,0.0,0.0,-0.0095070505683878,0.0140939003290787,0.0268692325641239,SPY
2009-04-27,-0.7456404993989074,1.3638988330005697,-0.23465713374532132,1.2900359668120744,-1.505092286337575,-1.53641965635325,0.7033737219309023,0.02501389059207771,-0.7570300756400912,-1.4420447410210082,0.0,0.0,0.0,0.0,0.0,0.0,0.0,0.0,0.0,0.0,0.0,0.0,0.0,0.0,0.0,0.0,0.0,0.0,0.0,0.0,0.0,0.0,0.0,0.0,0.0,0.0,0.0,0.0,-0.0031502142309314,0.0570548321789852,0.0616653375910898,SPY
2009-04-28,-0.26028993876880746,0.2794012463741513,1.0371328622684581,1.036877086601685,-1.5023508941573698,-1.5287764792421312,0.4322462875173258,0.36049830376385433,-1.1563643980473202,-0.7279648142430675,0.0,0.0,0.0,0.0,0.0,0.0,0.0,0.0,0.0,0.0,0.0,0.0,0.0,0.0,0.0,0.0,0.0,0.0,0.0,0.0,0.0,0.0,0.0,0.0,0.0,0.0,0.0,0.0,0.0210462361561036,0.0567881989138134,0.046800961210824,SPY
2009-04-29,1.587132290966454,-0.741586198581082,0.17813690979555405,1.0832754433069138,-1.4975421706850687,-1.5199045111923633,1.0544361646452394,0.4839788284176301,-0.5008256386347465,-0.013884887465126573,0.0,0.0,0.0,0.0,0.0,0.0,0.0,0.0,0.0,0.0,0.0,0.0,0.0,0.0,0.0,0.0,0.0,0.0,0.0,0.0,0.0,0.0,0.0,0.0,0.0,0.0,0.0,0.0,0.0003426313232459,0.0529281632484375,0.0395994127146197,SPY
2009-04-30,0.0063921744587034845,0.9773292057413834,1.215756152785477,1.0452802113796873,-1.4954749902752764,-1.512734891952523,0.9244712983229052,-0.00829494737520659,-0.6122784419229022,0.7001950393128141,0.0,0.0,0.0,0.0,0.0,0.0,0.0,0.0,0.0,0.0,0.0,0.0,0.0,0.0,0.0,0.0,0.0,0.0,0.0,0.0,0.0,0.0,0.0,0.0,0.0,0.0,0.0,0.0,0.0053622976490483,0.0385959754227567,0.0568087490126059,SPY
2009-05-01,0.3896485202369998,1.1738352668448542,0.8558555181595177,0.9220350666260951,-1.493654862228112,-1.507707069764974,1.029285458121072,0.07215573834749191,-1.2609730467762998,1.414274966090755,0.0,0.0,0.0,0.0,0.0,0.0,0.0,0.0,0.0,0.0,0.0,0.0,0.0,0.0,0.0,0.0,0.0,0.0,0.0,0.0,0.0,0.0,0.0,0.0,0.0,0.0,0.0,0.0,0.0334538812815186,0.0562990692144342,0.07536680132824,SPY
2009-05-04,2.534467914857809,0.2914633065603614,0.48800272671593253,1.0852584477056144,-1.4769144010071338,-1.5002442754114733,2.177409591155673,0.8509079900737809,-0.711970382078907,-1.4420447410210082,0.0,0.0,0.0,0.0,0.0,0.0,0.0,0.0,0.0,0.0,0.0,0.0,0.0,0.0,0.0,0.0,0.0,0.0,0.0,0.0,0.0,0.0,0.0,0.0,0.0,0.0,0.0,0.0,-0.0034168474961031,0.0039533558825288,0.0427569122910371,SPY
2009-05-05,-0.28064764468789694,2.154288675329056,2.128151815957262,1.0698359190316828,-1.4645333241520435,-1.4923869028737196,1.8839389987642203,0.6650040736676862,-1.1291482161188606,-0.7279648142430675,0.0,0.0,0.0,0.0,0.0,0.0,0.0,0.0,0.0,0.0,0.0,0.0,0.0,0.0,0.0,0.0,0.0,0.0,0.0,0.0,0.0,0.0,0.0,0.0,0.0,0.0,0.0,0.0,0.0171862004907277,0.0044067662105833,0.0334415549804996,SPY
2009-05-06,1.29241486003256,1.66037756315116,2.1179723741201797,0.9441486364244233,-1.4474558615028381,-1.4805614765011808,2.320505524699436,0.7051380842475281,-0.6478433549065632,-0.013884887465126573,0.0,0.0,0.0,0.0,0.0,0.0,0.0,0.0,0.0,0.0,0.0,0.0,0.0,0.0,0.0,0.0,0.0,0.0,0.0,0.0,0.0,0.0,0.0,0.0,0.0,0.0,0.0,0.0,-0.0139895565024348,-0.0382748449268621,0.0256080729149958,SPY
2009-05-07,-1.0878841332798437,0.7451645009349666,1.9706051335043524,1.010276301436054,-1.435119631510906,-1.4711710455855656,1.5845138364531963,0.3323870553133321,-0.3590932174962453,0.7001950393128141,0.0,0.0,0.0,0.0,0.0,0.0,0.0,0.0,0.0,0.0,0.0,0.0,0.0,0.0,0.0,0.0,0.0,0.0,0.0,0.0,0.0,0.0,0.0,0.0,0.0,0.0,0.0,0.0,0.0230653914407259,-0.0157515043471496,0.0398090661570842,SPY
2009-05-08,1.7412967365124588,0.15034822011125604,1.4234353260324695,0.8464846228292949,-1.4209181712693681,-1.463088181499617,2.326702724385913,1.52184358369122,-0.5519626013140803,1.414274966090755,0.0,0.0,0.0,0.0,0.0,0.0,0.0,0.0,0.0,0.0,0.0,0.0,0.0,0.0,0.0,0.0,0.0,0.0,0.0,0.0,0.0,0.0,0.0,0.0,0.0,0.0,0.0,0.0,-0.0188918320503868,-0.0470125659771856,0.0126102141021133,SPY
2009-05-11,-1.4621775804057433,0.4811090963480018,2.099298532645779,0.9430628816083979,-1.4087842048085601,-1.4569894404063215,1.4668745265680765,0.856537264662898,-1.062300830789729,-1.4420447410210082,0.0,0.0,0.0,0.0,0.0,0.0,0.0,0.0,0.0,0.0,0.0,0.0,0.0,0.0,0.0,0.0,0.0,0.0,0.0,0.0,0.0,0.0,0.0,0.0,0.0,0.0,0.0,0.0,-0.0029634371680486,-0.0001094914294048,0.0365863646771673,SPY
2009-05-12,-0.24602933060294058,0.20530908073615212,0.10086017597872735,0.8663775591746803,-1.3966502267414214,-1.4495266635210504,1.2071699610436513,0.9246439285846927,-0.6903064040155006,-0.7279648142430675,0.0,0.0,0.0,0.0,0.0,0.0,0.0,0.0,0.0,0.0,0.0,0.0,0.0,0.0,0.0,0.0,0.0,0.0,0.0,0.0,0.0,0.0,0.0,0.0,0.0,0.0,0.0,0.0,-0.0254954106467177,0.0016472742975341,0.0370112568772382,SPY
2009-05-13,-1.96636714951719,-1.2590621620548057,0.11817033440846875,1.0099150854324446,-1.3937515919882157,-1.4456599836431439,0.1670845848177273,0.2559365492225773,-0.8018890917631073,-0.013884887465126573,0.0,0.0,0.0,0.0,0.0,0.0,0.0,0.0,0.0,0.0,0.0,0.0,0.0,0.0,0.0,0.0,0.0,0.0,0.0,0.0,0.0,0.0,0.0,0.0,0.0,0.0,0.0,0.0,0.0085337840772776,0.0204258543463744,0.0669460723113424,SPY
2009-05-14,0.6317945555064507,-1.6305767907506568,-1.511314935580758,0.9879173454164705,-1.3892124719797627,-1.4423456899322198,0.4246047004592219,0.1763557553226353,-0.879642992342972,0.7001950393128141,0.0,0.0,0.0,0.0,0.0,0.0,0.0,0.0,0.0,0.0,0.0,0.0,0.0,0.0,0.0,0.0,0.0,0.0,0.0,0.0,0.0,0.0,0.0,0.0,0.0,0.0,0.0,0.0,-0.00819567018931,-0.0025753902977623,0.0611506214234127,SPY
2009-05-15,-0.6455153477673646,-0.9837478298044308,-0.6514258468721726,0.9994316817320533,-1.387369920501019,-1.4405081719646258,0.08294319936593861,0.19594558522907032,-0.7450703892929716,1.414274966090755,0.0,0.0,0.0,0.0,0.0,0.0,0.0,0.0,0.0,0.0,0.0,0.0,0.0,0.0,0.0,0.0,0.0,0.0,0.0,0.0,0.0,0.0,0.0,0.0,0.0,0.0,0.0,0.0,0.0280112424973939,0.0034888289977965,0.0461511478608374,SPY
2009-05-18,2.1189172155866927,-0.010471513211565987,-1.8449009311732645,0.7138171207341102,-1.3865834522967366,-1.4317151428426809,0.9737058598458072,0.591177208044037,-1.0369805182464042,-1.4420447410210082,0.0,0.0,0.0,0.0,0.0,0.0,0.0,0.0,0.0,0.0,0.0,0.0,0.0,0.0,0.0,0.0,0.0,0.0,0.0,0.0,0.0,0.0,0.0,0.0,0.0,0.0,0.0,0.0,-0.0012066714411096,0.0007666409589806,0.0044839689450135,SPY
2009-05-19,-0.11189857983285488,1.0853223245280146,-0.0542499445762805,0.6685366941831846,-1.38534763337971,-1.4248837259886737,0.7977730728160282,0.33467336179863544,-1.363723205333328,-0.7279648142430675,0.0,0.0,0.0,0.0,0.0,0.0,0.0,0.0,0.0,0.0,0.0,0.0,0.0,0.0,0.0,0.0,0.0,0.0,0.0,0.0,0.0,0.0,0.0,0.0,0.0,0.0,0.0,0.0,-0.0067168305978775,-0.016041278211107,0.0047083010969393,SPY
2009-05-20,-0.5326045244141632,1.478520533198708,0.012819310744248321,0.6710404442398624,-1.3890103361182804,-1.4181537180280033,0.417079499918079,0.2006644413478914,-0.4960944495668781,-0.013884887465126573,0.0,0.0,0.0,0.0,0.0,0.0,0.0,0.0,0.0,0.0,0.0,0.0,0.0,0.0,0.0,0.0,0.0,0.0,0.0,0.0,0.0,0.0,0.0,0.0,0.0,0.0,0.0,0.0,-0.0144674605668591,0.0045202400466699,0.0187169507097104,SPY
2009-05-21,-1.1243725676648875,-0.475266643421069,0.729742097055222,0.724656478577209,-1.392717978570658,-1.4138248695642666,-0.2029989829598577,-0.11939140515169609,-0.7580860720310971,0.7001950393128141,0.0,0.0,0.0,0.0,0.0,0.0,0.0,0.0,0.0,0.0,0.0,0.0,0.0,0.0,0.0,0.0,0.0,0.0,0.0,0.0,0.0,0.0,0.0,0.0,0.0,0.0,0.0,0.0,-0.0021314508937511,0.0365396682347611,0.0368634930540574,SPY
2009-05-22,-0.1825063793689284,-1.221313211414388,-0.1483922643292115,0.6905487288044347,-1.4016163204563643,-1.4111643650909196,-0.3304447784344964,-0.7061373900569359,-1.676129967747308,1.414274966090755,0.0,0.0,0.0,0.0,0.0,0.0,0.0,0.0,0.0,0.0,0.0,0.0,0.0,0.0,0.0,0.0,0.0,0.0,0.0,0.0,0.0,0.0,0.0,0.0,0.0,0.0,0.0,0.0,0.0252890544585779,0.0625914690931948,0.0085490763071458,SPY
2009-05-26,1.9110755439370868,-0.9633416262568288,0.08312561310696202,0.7739724602686966,-1.4014815477402673,-1.4050093006038913,0.4992341781449234,-0.21233106306616237,-0.9158106859848923,-0.7279648142430675,0.0,0.0,0.0,0.0,0.0,0.0,0.0,0.0,0.0,0.0,0.0,0.0,0.0,0.0,0.0,0.0,0.0,0.0,0.0,0.0,0.0,0.0,0.0,0.0,0.0,0.0,0.0,0.0,-0.0180145906111972,0.0381464068789325,-0.0159561692221981,SPY
2009-05-27,-1.3951993538609029,1.2733436349927127,-0.020801234853558885,0.854351507045256,-1.4044027916263488,-1.4003873934813567,-0.2583481296780498,-0.7708626388514518,-0.7850672877889712,-0.013884887465126573,0.0,0.0,0.0,0.0,0.0,0.0,0.0,0.0,0.0,0.0,0.0,0.0,0.0,0.0,0.0,0.0,0.0,0.0,0.0,0.0,0.0,0.0,0.0,0.0,0.0,0.0,0.0,0.0,0.0138446876598994,0.043428792683489,0.0106388742601781,SPY
2009-05-28,1.0372871456003003,0.3797646961534071,-0.662488743289693,0.8099339624802756,-1.3993693347660203,-1.3964079678293526,0.1835383668940929,-0.3295784109850969,-0.2956735438789402,0.7001950393128141,0.0,0.0,0.0,0.0,0.0,0.0,0.0,0.0,0.0,0.0,0.0,0.0,0.0,0.0,0.0,0.0,0.0,0.0,0.0,0.0,0.0,0.0,0.0,0.0,0.0,0.0,0.0,0.0,0.0175519676212321,0.0389368234488136,0.0183101847826385,SPY
2009-05-29,1.32034153179605,-0.2640906952600518,0.12250250321617484,0.8553182907757654,-1.3924261257701962,-1.3906474349446338,0.7382505547694679,-0.4210240141666999,-0.6102805792303945,1.414274966090755,0.0,0.0,0.0,0.0,0.0,0.0,0.0,0.0,0.0,0.0,0.0,0.0,0.0,0.0,0.0,0.0,0.0,0.0,0.0,0.0,0.0,0.0,0.0,0.0,0.0,0.0,0.0,0.0,0.0239203499646825,0.021596292567235,-0.0018515311091213,SPY
2009-06-01,1.8065736410746827,1.7368693119475658,1.3449302700114667,0.9378465445809021,-1.3788090907221062,-1.3828915644641055,1.5097890250444377,0.2769727545459505,-0.3866643751476329,-1.4420447410210082,0.0,0.0,0.0,0.0,0.0,0.0,0.0,0.0,0.0,0.0,0.0,0.0,0.0,0.0,0.0,0.0,0.0,0.0,0.0,0.0,0.0,0.0,0.0,0.0,0.0,0.0,0.0,0.0,0.0008439922443157,-0.0064575180116923,-0.0164516847080662,SPY
2009-06-02,0.04467156238087518,2.30372194880512,2.3395278173910055,0.7521142230382113,-1.3706747936091033,-1.3784161342662822,1.4579804666889165,0.34547347654810834,-0.9122504094134132,-0.7279648142430675,0.0,0.0,0.0,0.0,0.0,0.0,0.0,0.0,0.0,0.0,0.0,0.0,0.0,0.0,0.0,0.0,0.0,0.0,0.0,0.0,0.0,0.0,0.0,0.0,0.0,0.0,0.0,0.0,-0.0127322048066407,-0.0022171917313409,-0.0254190095682327,SPY
2009-06-03,-0.9918841235160154,1.3637380934053498,1.4062718380457342,0.790667211598329,-1.3649897108985751,-1.3749440092816572,0.9042633871806592,0.5960381154451165,-0.829396971623742,-0.013884887465126573,0.0,0.0,0.0,0.0,0.0,0.0,0.0,0.0,0.0,0.0,0.0,0.0,0.0,0.0,0.0,0.0,0.0,0.0,0.0,0.0,0.0,0.0,0.0,0.0,0.0,0.0,0.0,0.0,0.009352718425224,0.0079764681073219,-0.0085629289679998,SPY
2009-06-04,0.6943209796261053,-0.6983196345345208,1.6079411197231879,0.752357104061635,-1.3559565962967721,-1.3722497445439799,1.2120762394683482,0.6117193201320077,-1.107728346156308,0.7001950393128141,0.0,0.0,0.0,0.0,0.0,0.0,0.0,0.0,0.0,0.0,0.0,0.0,0.0,0.0,0.0,0.0,0.0,0.0,0.0,0.0,0.0,0.0,0.0,0.0,0.0,0.0,0.0,0.0,0.0002114367396535,0.0030631544694843,-0.0455880629628877,SPY
2009-06-05,-0.0036246580217882134,-0.21962218259063568,1.4364481159193383,0.7011066506995405,-1.3439573677330678,-1.3680899652480731,1.1427009816267992,0.8006717178993032,-0.1679119446073884,1.414274966090755,0.0,0.0,0.0,0.0,0.0,0.0,0.0,0.0,0.0,0.0,0.0,0.0,0.0,0.0,0.0,0.0,0.0,0.0,0.0,0.0,0.0,0.0,0.0,0.0,0.0,0.0,0.0,0.0,-0.0041334606142449,0.0055900509191788,-0.0459104529119711,SPY
2009-06-08,-0.33536174462399454,0.5085817924049125,0.7744267232794535,0.6038243656046124,-1.3324076987960667,-1.366759829466261,0.9598753774275092,0.3206513388519655,-0.7174321236753664,-1.4420447410210082,0.0,0.0,0.0,0.0,0.0,0.0,0.0,0.0,0.0,0.0,0.0,0.0,0.0,0.0,0.0,0.0,0.0,0.0,0.0,0.0,0.0,0.0,0.0,0.0,0.0,0.0,0.0,0.0,0.0050843185246671,-0.0134716322184615,-0.061343889615447,SPY
2009-06-09,0.36842454706863204,-0.2501451198722986,-0.29660292830098645,0.5142514197173645,-1.3249026505270087,-1.3629270321302887,1.0833409437367936,0.4329553234345314,-0.8611221743478286,-0.7279648142430675,0.0,0.0,0.0,0.0,0.0,0.0,0.0,0.0,0.0,0.0,0.0,0.0,0.0,0.0,0.0,0.0,0.0,0.0,0.0,0.0,0.0,0.0,0.0,0.0,0.0,0.0,0.0,0.0,-0.0025385449679777,-0.0322118871615586,-0.0671100347686763,SPY
2009-06-10,-0.21358840298354478,0.024001214668784614,-0.1347170709107781,0.5133344449165629,-1.3142740832344133,-1.3590603697206112,0.9149600945870074,0.537145808628767,0.0548179006139617,-0.013884887465126573,0.0,0.0,0.0,0.0,0.0,0.0,0.0,0.0,0.0,0.0,0.0,0.0,0.0,0.0,0.0,0.0,0.0,0.0,0.0,0.0,0.0,0.0,0.0,0.0,0.0,0.0,0.0,0.0,0.0044394047873863,-0.0306556814827647,-0.0626412227588204,SPY
2009-06-11,0.3191847637344373,0.11373051605899612,0.25445330274011585,0.31875460080908896,-1.3055107229787626,-1.3521386887035067,0.9570827381765588,1.0112587867522398,-0.1941655429549434,0.7001950393128141,0.0,0.0,0.0,0.0,0.0,0.0,0.0,0.0,0.0,0.0,0.0,0.0,0.0,0.0,0.0,0.0,0.0,0.0,0.0,0.0,0.0,0.0,0.0,0.0,0.0,0.0,0.0,0.0,0.002738333189348,-0.0278032672552575,-0.0694653148014916,SPY
2009-06-12,0.18930631320472172,0.07744793319099562,0.06687434341002672,0.31136310931730843,-1.2997806541291033,-1.3457806725067145,0.9450415062609284,1.1117621186766018,-1.3662448856854177,1.414274966090755,0.0,0.0,0.0,0.0,0.0,0.0,0.0,0.0,0.0,0.0,0.0,0.0,0.0,0.0,0.0,0.0,0.0,0.0,0.0,0.0,0.0,0.0,0.0,0.0,0.0,0.0,0.0,0.0,-0.0231951437518853,-0.0268625186671176,-0.0481658499161206,SPY
2009-06-15,-1.79073956250077,0.3743229382649728,0.16334540984436904,0.45052938925275426,-1.3039825870080324,-1.3410572400359817,-0.014102897840394688,0.04623474299537241,-0.8108626160330233,-1.4420447410210082,0.0,0.0,0.0,0.0,0.0,0.0,0.0,0.0,0.0,0.0,0.0,0.0,0.0,0.0,0.0,0.0,0.0,0.0,0.0,0.0,0.0,0.0,0.0,0.0,0.0,0.0,0.0,0.0,-0.0136559364184298,-0.0341132425558949,-0.0193259435191404,SPY
2009-06-16,-1.0624119193964707,-1.180385450524304,-0.56438559810572,0.32670020203828953,-1.3111956199879942,-1.3405950539819225,-0.5267401183183498,0.14963115102973293,-0.7419666194957566,-0.7279648142430675,0.0,0.0,0.0,0.0,0.0,0.0,0.0,0.0,0.0,0.0,0.0,0.0,0.0,0.0,0.0,0.0,0.0,0.0,0.0,0.0,0.0,0.0,0.0,0.0,0.0,0.0,0.0,0.0,-0.0009823392891838,-0.019673497208231,0.0231562872887183,SPY
2009-06-17,-0.09477060454379618,-2.1027203477658434,-1.2798452204541566,0.32654554209793396,-1.3159144060010264,-1.3401102756847456,-0.5712577201751711,-0.16747057509667207,-0.7795958051027371,-0.013884887465126573,0.0,0.0,0.0,0.0,0.0,0.0,0.0,0.0,0.0,0.0,0.0,0.0,0.0,0.0,0.0,0.0,0.0,0.0,0.0,0.0,0.0,0.0,0.0,0.0,0.0,0.0,0.0,0.0,0.0072918190148936,-0.0101107050478681,0.0225290728404212,SPY
2009-06-18,0.5369693299836131,-0.8530370613672668,-1.2204328842491738,0.32436984317770406,-1.3211050357963687,-1.3381825517814847,-0.3370999059931063,-0.4326572276853349,-0.9208514096875462,0.7001950393128141,0.0,0.0,0.0,0.0,0.0,0.0,0.0,0.0,0.0,0.0,0.0,0.0,0.0,0.0,0.0,0.0,0.0,0.0,0.0,0.0,0.0,0.0,0.0,0.0,0.0,0.0,0.0,0.0,0.0036790817774878,0.004113474119598,0.0261317142062544,SPY
2009-06-19,0.26113337157576155,0.3254750844784302,-1.1115343013755545,0.25897282840330393,-1.3255767926594355,-1.3344061185984462,-0.2678506530196774,-1.1476770189316396,-0.8596834100267366,1.414274966090755,0.0,0.0,0.0,0.0,0.0,0.0,0.0,0.0,0.0,0.0,0.0,0.0,0.0,0.0,0.0,0.0,0.0,0.0,0.0,0.0,0.0,0.0,0.0,0.0,0.0,0.0,0.0,0.0,-0.0304458676406627,-0.0021753559284176,0.0330205422244711,SPY
2009-06-22,-2.344339296326906,0.587724725565736,-1.0756186944833805,0.5077080735729427,-1.335409049579022,-1.3335445156606416,-1.390428841200975,-1.745878493067298,-0.2652837656281674,-1.4420447410210082,0.0,0.0,0.0,0.0,0.0,0.0,0.0,0.0,0.0,0.0,0.0,0.0,0.0,0.0,0.0,0.0,0.0,0.0,0.0,0.0,0.0,0.0,0.0,0.0,0.0,0.0,0.0,0.0,0.000783808929234,0.0375907080779827,0.0680815853006491,SPY
2009-06-23,0.04007650846335228,-1.5353820779891232,-1.3524345751087523,0.34831365109926427,-1.346161595699841,-1.3351737424630747,-1.3344707309986683,-1.5114028496818321,-1.276501748183421,-0.7279648142430675,0.0,0.0,0.0,0.0,0.0,0.0,0.0,0.0,0.0,0.0,0.0,0.0,0.0,0.0,0.0,0.0,0.0,0.0,0.0,0.0,0.0,0.0,0.0,0.0,0.0,0.0,0.0,0.0,0.008580452871179,0.0286835665328979,0.0670886965556434,SPY
2009-06-24,0.6353577627500461,-1.6982689432699938,-0.8011584700281961,0.28447083305447207,-1.3546350762313077,-1.3340925638840355,-1.0439567695527496,-1.5567798349707063,-0.8633720388646112,-0.013884887465126573,0.0,0.0,0.0,0.0,0.0,0.0,0.0,0.0,0.0,0.0,0.0,0.0,0.0,0.0,0.0,0.0,0.0,0.0,0.0,0.0,0.0,0.0,0.0,0.0,0.0,0.0,0.0,0.0,0.0215159981823598,0.0242269894553111,0.0803501744008743,SPY
2009-06-25,1.6229990729162638,0.4973358735452422,-0.436073166310384,0.35250658359185677,-1.359623198762574,-1.3321985769541325,-0.2906755848783122,-0.8486936811998662,0.2918789390042501,0.7001950393128141,0.0,0.0,0.0,0.0,0.0,0.0,0.0,0.0,0.0,0.0,0.0,0.0,0.0,0.0,0.0,0.0,0.0,0.0,0.0,0.0,0.0,0.0,0.0,0.0,0.0,0.0,0.0,0.0,-0.0026097482705278,-0.0249614242967126,0.0629221174525103,SPY
2009-06-26,-0.21902484352988646,1.6637203543336945,0.10697312021414314,0.27792016354452487,-1.3657378782104082,-1.3323915310140426,-0.3835202168824198,-0.8158475690105127,-1.582169475180592,1.414274966090755,0.0,0.0,0.0,0.0,0.0,0.0,0.0,0.0,0.0,0.0,0.0,0.0,0.0,0.0,0.0,0.0,0.0,0.0,0.0,0.0,0.0,0.0,0.0,0.0,0.0,0.0,0.0,0.0,0.0093201963657376,-0.0224626292356147,0.0684842263207805,SPY
2009-06-29,0.6918378891441996,1.0341642187403306,-0.1331198766436226,0.13865740877683855,-1.3650106951451046,-1.3341347671258195,-0.007758322878838889,-0.7023431120152138,-1.7205657900499258,-1.4420447410210082,0.0,0.0,0.0,0.0,0.0,0.0,0.0,0.0,0.0,0.0,0.0,0.0,0.0,0.0,0.0,0.0,0.0,0.0,0.0,0.0,0.0,0.0,0.0,0.0,0.0,0.0,0.0,0.0,-0.0081233326158507,-0.0513497229190731,0.05447614693432,SPY
2009-06-30,-0.639992304547545,0.3480334008126038,1.3850565421239747,0.15216705310450304,-1.3631469737185342,-1.3368184461165922,-0.261465968155712,-0.8138452717567694,-0.481797923622173,-0.7279648142430675,0.0,0.0,0.0,0.0,0.0,0.0,0.0,0.0,0.0,0.0,0.0,0.0,0.0,0.0,0.0,0.0,0.0,0.0,0.0,0.0,0.0,0.0,0.0,0.0,0.0,0.0,0.0,0.0,0.0041238757935921,-0.0439082169317845,0.060144816101098,SPY
2009-07-01,0.29509382196664213,0.03784140249611211,1.045002463596201,0.11810905585052744,-1.3602224336344357,-1.3377185956135318,-0.09281476905661709,-0.8245928537284384,-1.5421027552139075,-0.013884887465126573,0.0,0.0,0.0,0.0,0.0,0.0,0.0,0.0,0.0,0.0,0.0,0.0,0.0,0.0,0.0,0.0,0.0,0.0,0.0,0.0,0.0,0.0,0.0,0.0,0.0,0.0,0.0,0.0,-0.0276724155696639,-0.0461018256834986,0.0664121351023263,SPY
2009-07-02,-2.1325835665768142,-0.2545014658113609,0.874860650553715,0.28043637644639546,-1.3644978578015425,-1.3424675899263496,-1.0238162928286183,-1.3335255328358544,-0.7473534844399717,0.7001950393128141,0.0,0.0,0.0,0.0,0.0,0.0,0.0,0.0,0.0,0.0,0.0,0.0,0.0,0.0,0.0,0.0,0.0,0.0,0.0,0.0,0.0,0.0,0.0,0.0,0.0,0.0,0.0,0.0,-0.0001109532094298,-0.0208140973691195,0.0955026393449429,SPY
2009-07-06,-0.028239440316419208,-1.354324870497673,-1.003039305119219,0.28003329984459974,-1.3695595876842976,-1.3472504143764144,-0.944774241981145,-0.9730151373281055,-1.4405283593103555,-1.4420447410210082,0.0,0.0,0.0,0.0,0.0,0.0,0.0,0.0,0.0,0.0,0.0,0.0,0.0,0.0,0.0,0.0,0.0,0.0,0.0,0.0,0.0,0.0,0.0,0.0,0.0,0.0,0.0,0.0,-0.0195668973177207,0.0033346539150294,0.1119749230649249,SPY
2009-07-07,-1.513719462022522,-1.592574616706848,-0.9076410847552122,0.35410631856661695,-1.3723164394974552,-1.35356620404045,-1.5393927369407805,-1.064731657213698,-0.974897314415823,-0.7279648142430675,0.0,0.0,0.0,0.0,0.0,0.0,0.0,0.0,0.0,0.0,0.0,0.0,0.0,0.0,0.0,0.0,0.0,0.0,0.0,0.0,0.0,0.0,0.0,0.0,0.0,0.0,0.0,0.0,-0.0006818266285621,0.028546313877845,0.1341278284006524,SPY
2009-07-08,-0.0718261742381472,-1.136561477795882,-2.0104835594315706,0.33803818420482856,-1.3753671171873527,-1.3604910992117305,-1.444474878177508,-1.059379637180144,-0.011296171183863403,-0.013884887465126573,0.0,0.0,0.0,0.0,0.0,0.0,0.0,0.0,0.0,0.0,0.0,0.0,0.0,0.0,0.0,0.0,0.0,0.0,0.0,0.0,0.0,0.0,0.0,0.0,0.0,0.0,0.0,0.0,0.0019302670418781,0.058054434895836,0.131925373680156,SPY
2009-07-09,0.12760968663125044,-1.1686785826727906,-1.7263840592094433,0.34481939577518633,-1.379773483981311,-1.3669527485897122,-1.26317253335037,-1.2098399449186115,-1.54816674918668,0.7001950393128141,0.0,0.0,0.0,0.0,0.0,0.0,0.0,0.0,0.0,0.0,0.0,0.0,0.0,0.0,0.0,0.0,0.0,0.0,0.0,0.0,0.0,0.0,0.0,0.0,0.0,0.0,0.0,0.0,-0.0023846872552848,0.0545146141164769,0.1248024168249788,SPY
2009-07-10,-0.20184121882642617,0.040743084468042014,-1.8101309716098901,0.32952935704701475,-1.389083548854513,-1.374125960462028,-1.2237218208662408,-1.3550770820302491,-1.3174273031883343,1.414274966090755,0.0,0.0,0.0,0.0,0.0,0.0,0.0,0.0,0.0,0.0,0.0,0.0,0.0,0.0,0.0,0.0,0.0,0.0,0.0,0.0,0.0,0.0,0.0,0.0,0.0,0.0,0.0,0.0,0.024037798074719,0.0677937617524886,0.1402166772546396,SPY
2009-07-13,1.8155409170945604,-0.05505915733598549,-0.8447039480826684,0.5017851673225597,-1.3930155184733315,-1.3791662316742648,-0.2575945561087745,-0.12543104738537228,-0.4913943847749529,-1.4420447410210082,0.0,0.0,0.0,0.0,0.0,0.0,0.0,0.0,0.0,0.0,0.0,0.0,0.0,0.0,0.0,0.0,0.0,0.0,0.0,0.0,0.0,0.0,0.0,0.0,0.0,0.0,0.0,0.0,0.0056447626450948,0.0543238734734741,0.1141012461956263,SPY
2009-07-14,0.4112149940160627,1.18870148899165,0.07723956476733053,0.40252145492741415,-1.397738250638919,-1.3811707459131546,-0.012060310145153888,-0.02203019179319639,-1.128289825668462,-0.7279648142430675,0.0,0.0,0.0,0.0,0.0,0.0,0.0,0.0,0.0,0.0,0.0,0.0,0.0,0.0,0.0,0.0,0.0,0.0,0.0,0.0,0.0,0.0,0.0,0.0,0.0,0.0,0.0,0.0,0.0288262943894288,0.0532942862638945,0.0959019945011778,SPY
2009-07-15,2.181147210468086,1.640435053581759,1.0397624744365743,0.5548592550822153,-1.394778032693188,-1.3787506392102653,1.0307384673455438,0.3475690651857144,-0.3765596555852831,-0.013884887465126573,0.0,0.0,0.0,0.0,0.0,0.0,0.0,0.0,0.0,0.0,0.0,0.0,0.0,0.0,0.0,0.0,0.0,0.0,0.0,0.0,0.0,0.0,0.0,0.0,0.0,0.0,0.0,0.0,-0.0016095537374809,0.024258912058694,0.0777471748195139,SPY
2009-07-16,-0.1426590301624594,1.909833896106216,2.1663143374634046,0.5555630033931045,-1.393015379197359,-1.3763991360662464,0.9255331234375352,-0.0815570273169817,-0.2341621737713392,0.7001950393128141,0.0,0.0,0.0,0.0,0.0,0.0,0.0,0.0,0.0,0.0,0.0,0.0,0.0,0.0,0.0,0.0,0.0,0.0,0.0,0.0,0.0,0.0,0.0,0.0,0.0,0.0,0.0,0.0,0.0108944603807268,0.0477103965125849,0.0869666209675879,SPY
2009-07-17,0.81203445889898,1.501709025931688,2.0311721611338203,0.5685768401435868,-1.3832535262818928,-1.3736466671888243,1.2917119740740803,0.20062816719390802,-2.0155498376721708,1.414274966090755,0.0,0.0,0.0,0.0,0.0,0.0,0.0,0.0,0.0,0.0,0.0,0.0,0.0,0.0,0.0,0.0,0.0,0.0,0.0,0.0,0.0,0.0,0.0,0.0,0.0,0.0,0.0,0.0,0.0105679097957045,0.0409038773658538,0.0683630048648638,SPY
2009-07-20,0.7871020080537724,0.4928713848865543,2.5381393278889126,0.5862726666792536,-1.3712093580043816,-1.370143670020433,1.6346310199220728,0.22766219098772073,-1.4642093238821532,-1.4420447410210082,0.0,0.0,0.0,0.0,0.0,0.0,0.0,0.0,0.0,0.0,0.0,0.0,0.0,0.0,0.0,0.0,0.0,0.0,0.0,0.0,0.0,0.0,0.0,0.0,0.0,0.0,0.0,0.0,0.0046151754355152,0.0332883281678917,0.0328816346748821,SPY
2009-07-21,0.33260502156127536,1.1779704984947998,2.0238901242125693,0.32374860311669734,-1.3542387896641017,-1.3630128360721931,1.6797544958085675,0.5258628109293417,-0.3653708819048986,-0.7279648142430675,0.0,0.0,0.0,0.0,0.0,0.0,0.0,0.0,0.0,0.0,0.0,0.0,0.0,0.0,0.0,0.0,0.0,0.0,0.0,0.0,0.0,0.0,0.0,0.0,0.0,0.0,0.0,0.0,-0.0002090798157716,0.0239852697116536,0.0361691153718144,SPY
2009-07-22,-0.035731500969309805,0.8247004978633417,1.9845828640724428,0.32534867065796336,-1.3371777383669947,-1.3559840165825692,1.5399053775834834,0.4521287704661384,-0.7798825478523548,-0.013884887465126573,0.0,0.0,0.0,0.0,0.0,0.0,0.0,0.0,0.0,0.0,0.0,0.0,0.0,0.0,0.0,0.0,0.0,0.0,0.0,0.0,0.0,0.0,0.0,0.0,0.0,0.0,0.0,0.0,0.0218419307164099,0.0217396860783525,0.0451198186943653,SPY
2009-07-23,1.6478843349760552,0.21839147381518803,0.876079381773224,0.40323249394882565,-1.3157329758341285,-1.347436078361998,2.233141036018513,1.655926176357503,0.5017519572434727,0.7001950393128141,0.0,0.0,0.0,0.0,0.0,0.0,0.0,0.0,0.0,0.0,0.0,0.0,0.0,0.0,0.0,0.0,0.0,0.0,0.0,0.0,0.0,0.0,0.0,0.0,0.0,0.0,0.0,0.0,0.0040879412339958,0.0102889501567631,0.0335293463859986,SPY
2009-07-24,0.29235018382335803,1.1875616742534585,1.7714028585262094,0.32125524198110167,-1.292909659725042,-1.340656658603621,2.2662634924088585,1.6952603213695865,-1.5897966905869052,1.414274966090755,0.0,0.0,0.0,0.0,0.0,0.0,0.0,0.0,0.0,0.0,0.0,0.0,0.0,0.0,0.0,0.0,0.0,0.0,0.0,0.0,0.0,0.0,0.0,0.0,0.0,0.0,0.0,0.0,0.0029523605977423,0.0076190975957199,0.0488578987568519,SPY
2009-07-27,0.2056475114265949,1.429310319554603,1.5115456883321932,0.31218729822539354,-1.2742669440584238,-1.333276471506079,2.243682171036345,2.524625427995671,-1.4341867479254402,-1.4420447410210082,0.0,0.0,0.0,0.0,0.0,0.0,0.0,0.0,0.0,0.0,0.0,0.0,0.0,0.0,0.0,0.0,0.0,0.0,0.0,0.0,0.0,0.0,0.0,0.0,0.0,0.0,0.0,0.0,-0.0046878830207228,0.0210280675085297,0.0458079677714247,SPY
2009-07-28,-0.3776924279270053,0.3665908370061212,1.220801620565021,0.31775113210709627,-1.2578161768603329,-1.3273926711505322,1.9493035342073644,2.318100755565947,-0.8492825058026598,-0.7279648142430675,0.0,0.0,0.0,0.0,0.0,0.0,0.0,0.0,0.0,0.0,0.0,0.0,0.0,0.0,0.0,0.0,0.0,0.0,0.0,0.0,0.0,0.0,0.0,0.0,0.0,0.0,0.0,0.0,-0.0024546634490727,0.0283019585472592,0.0524367889112751,SPY
2009-07-29,-0.20718396844003467,-0.12713344323540568,0.8656323493893779,0.29339236860768797,-1.2478959207387625,-1.320930707344424,1.7336524850239268,2.192583009239698,-0.668394823495717,-0.013884887465126573,0.0,0.0,0.0,0.0,0.0,0.0,0.0,0.0,0.0,0.0,0.0,0.0,0.0,0.0,0.0,0.0,0.0,0.0,0.0,0.0,0.0,0.0,0.0,0.0,0.0,0.0,0.0,0.0,0.0103911947948205,0.0278723406472733,0.0549881365940478,SPY
2009-07-30,0.7736096479869539,-0.4313304027776481,0.7799011561312398,0.30695451243449656,-1.2353318352557523,-1.313743171524152,2.006860748524433,2.335034216929437,-0.021583419547779904,0.7001950393128141,0.0,0.0,0.0,0.0,0.0,0.0,0.0,0.0,0.0,0.0,0.0,0.0,0.0,0.0,0.0,0.0,0.0,0.0,0.0,0.0,0.0,0.0,0.0,0.0,0.0,0.0,0.0,0.0,0.0014180886729526,0.0122884560391538,0.0468243618558679,SPY
2009-07-31,0.08850437617424567,0.4170123425983321,0.34273852291478396,0.01997579004580983,-1.2247560999820741,-1.3035400720035062,1.874151593325576,2.251862266000735,-0.3743436938167386,1.414274966090755,0.0,0.0,0.0,0.0,0.0,0.0,0.0,0.0,0.0,0.0,0.0,0.0,0.0,0.0,0.0,0.0,0.0,0.0,0.0,0.0,0.0,0.0,0.0,0.0,0.0,0.0,0.0,0.0,0.0163613305105521,0.023899940540577,0.0452125307450952,SPY
2009-08-03,1.229435244690542,0.6348917916965523,0.24080972254093538,0.050235537082506325,-1.2127568946310319,-1.2914778288474982,2.294913547856193,2.3019791367115716,-1.0187897606845564,-1.4420447410210082,0.0,0.0,0.0,0.0,0.0,0.0,0.0,0.0,0.0,0.0,0.0,0.0,0.0,0.0,0.0,0.0,0.0,0.0,0.0,0.0,0.0,0.0,0.0,0.0,0.0,0.0,0.0,0.0,0.0025860080180066,0.0054609770457307,0.0199119614701794,SPY
2009-08-04,0.17767614005192253,0.970769183225775,0.7527332037865417,-0.1665024933480973,-1.201164398332474,-1.2771481163754828,2.13367819713276,2.180236501761054,-0.9740545315257106,-0.7279648142430675,0.0,0.0,0.0,0.0,0.0,0.0,0.0,0.0,0.0,0.0,0.0,0.0,0.0,0.0,0.0,0.0,0.0,0.0,0.0,0.0,0.0,0.0,0.0,0.0,0.0,0.0,0.0,0.0,-0.0028842813490586,-0.0096795200216295,-0.0049782775947138,SPY
2009-08-05,-0.23998570778736497,1.0364758474980111,1.0304335526545285,-0.1530859009051695,-1.190182139707609,-1.2630791579837037,1.765743433208324,2.0956398920222568,-0.7718903309458798,-0.013884887465126573,0.0,0.0,0.0,0.0,0.0,0.0,0.0,0.0,0.0,0.0,0.0,0.0,0.0,0.0,0.0,0.0,0.0,0.0,0.0,0.0,0.0,0.0,0.0,0.0,0.0,0.0,0.0,0.0,-0.005192689813299,0.003876236035194,-0.0058937655225426,SPY
2009-08-06,-0.4162349114487343,-0.04627439765246279,1.0140317341407812,-0.11254674240636658,-1.1851429725324063,-1.2497925200600655,1.3276572393168071,1.6907386885879574,-0.5621091486976965,0.7001950393128141,0.0,0.0,0.0,0.0,0.0,0.0,0.0,0.0,0.0,0.0,0.0,0.0,0.0,0.0,0.0,0.0,0.0,0.0,0.0,0.0,0.0,0.0,0.0,0.0,0.0,0.0,0.0,0.0,0.0130295731743759,0.016678818259086,0.0075796550164852,SPY
2009-08-07,0.975052371645927,-0.4839007534802645,0.4190750363636403,-0.1266029763698105,-1.1780474652606072,-1.234782641324359,1.5662408320654833,1.7273713324867264,0.0735836145695844,1.414274966090755,0.0,0.0,0.0,0.0,0.0,0.0,0.0,0.0,0.0,0.0,0.0,0.0,0.0,0.0,0.0,0.0,0.0,0.0,0.0,0.0,0.0,0.0,0.0,0.0,0.0,0.0,0.0,0.0,-0.0020776329842941,-0.0040599106372871,0.0084620072918655,SPY
2009-08-10,-0.1783973302853481,0.4114061877710341,0.8623746788454532,-0.2145385752373578,-1.1720817646780692,-1.2224369237446482,1.269430052113426,1.5536608196138373,-1.86891916414423,-1.4420447410210082,0.0,0.0,0.0,0.0,0.0,0.0,0.0,0.0,0.0,0.0,0.0,0.0,0.0,0.0,0.0,0.0,0.0,0.0,0.0,0.0,0.0,0.0,0.0,0.0,0.0,0.0,0.0,0.0,-0.0125544890493536,-0.02689573804727,0.0191249513512579,SPY
2009-08-11,-0.978315354736511,0.5866580098417536,0.15841766766409296,-0.10033319835350239,-1.1679237965811393,-1.212097793300362,0.6122539525765054,0.9418205836466771,-1.2426044664432896,-0.7279648142430675,0.0,0.0,0.0,0.0,0.0,0.0,0.0,0.0,0.0,0.0,0.0,0.0,0.0,0.0,0.0,0.0,0.0,0.0,0.0,0.0,0.0,0.0,0.0,0.0,0.0,0.0,0.0,0.0,0.0106714747077649,-0.0064385928654688,0.039324449914357,SPY
2009-08-12,0.795009288572219,-0.8526908581889133,-0.4196115185381587,-0.30992755168310177,-1.1608056801764641,-1.2035498667252766,0.8713441645454665,0.7329335701962855,0.1348852228579648,-0.013884887465126573,0.0,0.0,0.0,0.0,0.0,0.0,0.0,0.0,0.0,0.0,0.0,0.0,0.0,0.0,0.0,0.0,0.0,0.0,0.0,0.0,0.0,0.0,0.0,0.0,0.0,0.0,0.0,0.0,0.0076098924105929,-0.0083684440664546,0.0388195738020771,SPY
2009-08-13,0.5612545392809705,-0.13543127820140577,0.09791591844235654,-0.31841291568660934,-1.15425246711642,-1.1939589704111895,0.9977331724099504,0.8124988241338297,-0.7970399526478024,0.7001950393128141,0.0,0.0,0.0,0.0,0.0,0.0,0.0,0.0,0.0,0.0,0.0,0.0,0.0,0.0,0.0,0.0,0.0,0.0,0.0,0.0,0.0,0.0,0.0,0.0,0.0,0.0,0.0,0.0,-0.0077091557219972,-0.0057268780690042,0.0310191952940162,SPY
2009-08-14,-0.6083695008507826,0.9990085685713586,0.5866889191727724,-0.28373439618279356,-1.1497782729238335,-1.1864086194701198,0.5767503385994017,0.4217364562995852,-0.2603111467851392,1.414274966090755,0.0,0.0,0.0,0.0,0.0,0.0,0.0,0.0,0.0,0.0,0.0,0.0,0.0,0.0,0.0,0.0,0.0,0.0,0.0,0.0,0.0,0.0,0.0,0.0,0.0,0.0,0.0,0.0,-0.0249134603942771,0.021398771257842,0.0435843514003355,SPY
2009-08-17,-1.921934688732162,-0.03507817541059999,-0.20506781995585532,-0.03513302566589479,-1.1545914880462493,-1.1828035030337372,-0.4121838077008573,-0.23105570780009568,0.619424307267633,-1.4420447410210082,0.0,0.0,0.0,0.0,0.0,0.0,0.0,0.0,0.0,0.0,0.0,0.0,0.0,0.0,0.0,0.0,0.0,0.0,0.0,0.0,0.0,0.0,0.0,0.0,0.0,0.0,0.0,0.0,0.0079026561324475,0.0462146612644343,0.0726682851045623,SPY
2009-08-18,0.5836073306682569,-1.8648286909808984,-1.0768869336429145,-0.02537729041418638,-1.1582298407022873,-1.1788130141698974,-0.1859356765846984,0.017579763455499508,-0.860195603474192,-0.7279648142430675,0.0,0.0,0.0,0.0,0.0,0.0,0.0,0.0,0.0,0.0,0.0,0.0,0.0,0.0,0.0,0.0,0.0,0.0,0.0,0.0,0.0,0.0,0.0,0.0,0.0,0.0,0.0,0.0,0.0087416235067792,0.0402529432511142,0.0797862513507441,SPY
2009-08-19,0.6476632955958024,-0.9865145466476768,-0.29588040995686216,-0.01239221291657828,-1.1592468338537885,-1.1738135720320797,0.05642156547903361,-0.015788243025104093,-0.398606185561973,-0.013884887465126573,0.0,0.0,0.0,0.0,0.0,0.0,0.0,0.0,0.0,0.0,0.0,0.0,0.0,0.0,0.0,0.0,0.0,0.0,0.0,0.0,0.0,0.0,0.0,0.0,0.0,0.0,0.0,0.0,0.0102514584080433,0.031608003978035,0.0695527258158961,SPY
2009-08-20,0.7629406406281966,0.9069066971269896,-0.36955766865149714,-0.12217375630533349,-1.1567611291465079,-1.1700384431434894,0.3775748591705248,0.17116035496464113,-0.8028538380820648,0.7001950393128141,0.0,0.0,0.0,0.0,0.0,0.0,0.0,0.0,0.0,0.0,0.0,0.0,0.0,0.0,0.0,0.0,0.0,0.0,0.0,0.0,0.0,0.0,0.0,0.0,0.0,0.0,0.0,0.0,0.019416493604849,0.0235839656266323,0.0599392979792581,SPY
2009-08-21,1.4626998816761032,1.0390493516844426,-0.2687087839013735,-0.02187852370641168,-1.15276142497971,-1.1644721220311838,1.0204416423246276,0.2379956552774455,0.4032243329124915,1.414274966090755,0.0,0.0,0.0,0.0,0.0,0.0,0.0,0.0,0.0,0.0,0.0,0.0,0.0,0.0,0.0,0.0,0.0,0.0,0.0,0.0,0.0,0.0,0.0,0.0,0.0,0.0,0.0,0.0,-9.757038768487548e-05,0.0039737295839632,0.0379892692835275,SPY
2009-08-24,-0.027217649020890806,1.6396131737103383,0.766885816186504,-0.020015542534974378,-1.1483097934946753,-1.1592458840507236,0.928761587115334,0.18594107863670292,-0.3746478982138261,-1.4420447410210082,0.0,0.0,0.0,0.0,0.0,0.0,0.0,0.0,0.0,0.0,0.0,0.0,0.0,0.0,0.0,0.0,0.0,0.0,0.0,0.0,0.0,0.0,0.0,0.0,0.0,0.0,0.0,0.0,0.0019409381191275,-0.0048679387927155,0.0438941005200828,SPY
2009-08-25,0.12842443362969144,1.0573810499730811,1.7142991436074722,-0.03661238555072389,-1.1405589927720665,-1.1532714119400638,0.902621519841596,0.30434768182509914,0.2431740128054383,-0.7279648142430675,0.0,0.0,0.0,0.0,0.0,0.0,0.0,0.0,0.0,0.0,0.0,0.0,0.0,0.0,0.0,0.0,0.0,0.0,0.0,0.0,0.0,0.0,0.0,0.0,0.0,0.0,0.0,0.0,9.668423370001732e-05,-0.0291131079587296,0.0336065090691715,SPY
2009-08-26,-0.012386122080577811,0.07421345185606182,1.486694528232215,-0.04311282889889539,-1.1352034834378968,-1.1470135585695918,0.8018629361696246,0.45927579552488534,-0.2627470187328494,-0.013884887465126573,0.0,0.0,0.0,0.0,0.0,0.0,0.0,0.0,0.0,0.0,0.0,0.0,0.0,0.0,0.0,0.0,0.0,0.0,0.0,0.0,0.0,0.0,0.0,0.0,0.0,0.0,0.0,0.0,0.0022274200566405,-0.0330095614693171,0.0224296207121232,SPY
2009-08-27,0.15029760474832504,0.08514213733825822,1.1566507264630899,-0.06357180161402019,-1.131068101261181,-1.1416512314380596,0.7973891227998703,0.24565473762654963,-0.2069028358329196,0.7001950393128141,0.0,0.0,0.0,0.0,0.0,0.0,0.0,0.0,0.0,0.0,0.0,0.0,0.0,0.0,0.0,0.0,0.0,0.0,0.0,0.0,0.0,0.0,0.0,0.0,0.0,0.0,0.0,0.0,-0.0001937424378199,-0.0269562508002287,0.0148550145630235,SPY
2009-08-28,-0.034560477429881706,0.10125949387314472,0.8503114868937488,-0.06174702748821639,-1.1252153767050361,-1.136470352626128,0.7042165140006784,0.30676418475129763,-1.3996900868691726,1.414274966090755,0.0,0.0,0.0,0.0,0.0,0.0,0.0,0.0,0.0,0.0,0.0,0.0,0.0,0.0,0.0,0.0,0.0,0.0,0.0,0.0,0.0,0.0,0.0,0.0,0.0,0.0,0.0,0.0,-0.0089392387643636,-0.0128505829126526,0.0327934319995906,SPY
2009-08-31,-0.7022875227316167,0.08492020821777671,0.10163799681298794,-0.09752488161167859,-1.115837507645868,-1.1341803260034602,0.3293126914438787,0.42128791003322663,-0.6600349920162737,-1.4420447410210082,0.0,0.0,0.0,0.0,0.0,0.0,0.0,0.0,0.0,0.0,0.0,0.0,0.0,0.0,0.0,0.0,0.0,0.0,0.0,0.0,0.0,0.0,0.0,0.0,0.0,0.0,0.0,0.0,-0.0223042310468866,0.0046739669268092,0.0387187394615722,SPY
2009-09-01,-1.7227175216790271,-0.5433114460497497,-0.23591646746279074,0.06741095032151154,-1.1133291705930493,-1.134747239914407,-0.4896915187201069,-0.4912702328010138,2.817319044696901,-0.7279648142430675,0.0,0.0,0.0,0.0,0.0,0.0,0.0,0.0,0.0,0.0,0.0,0.0,0.0,0.0,0.0,0.0,0.0,0.0,0.0,0.0,0.0,0.0,0.0,0.0,0.0,0.0,0.0,0.0,-0.0037997692768874,0.0346232074874413,0.0571472734638973,SPY
2009-09-02,-0.30988409047871335,-1.7872384844051832,-1.1615409922070445,0.06912897204627354,-1.1136455359646784,-1.1354161682839699,-0.6183036757782782,-0.7954618698442926,-0.717965161415621,-0.013884887465126573,0.0,0.0,0.0,0.0,0.0,0.0,0.0,0.0,0.0,0.0,0.0,0.0,0.0,0.0,0.0,0.0,0.0,0.0,0.0,0.0,0.0,0.0,0.0,0.0,0.0,0.0,0.0,0.0,0.0082807307257288,0.0485895753598137,0.0358211609279512,SPY
2009-09-03,0.6124736890370962,-1.4980940348495624,-1.3102985819862611,0.08143928115696424,-1.1144138286545444,-1.1345545653461642,-0.3278645402692633,-0.3763503292408999,-1.3779343874174343,0.7001950393128141,0.0,0.0,0.0,0.0,0.0,0.0,0.0,0.0,0.0,0.0,0.0,0.0,0.0,0.0,0.0,0.0,0.0,0.0,0.0,0.0,0.0,0.0,0.0,0.0,0.0,0.0,0.0,0.0,0.0139119254497561,0.0401183585366169,0.0228681848688143,SPY
2009-09-04,1.042420815443299,0.22260339471437554,-1.0791971706973493,0.08840982079021394,-1.116470191963802,-1.1335796168917258,0.1729831281737159,0.7268216792672046,-1.3713565913133916,1.414274966090755,0.0,0.0,0.0,0.0,0.0,0.0,0.0,0.0,0.0,0.0,0.0,0.0,0.0,0.0,0.0,0.0,0.0,0.0,0.0,0.0,0.0,0.0,0.0,0.0,0.0,0.0,0.0,0.0,0.0085853110750981,0.0310624334711828,0.0237740825246079,SPY
2009-09-08,0.6357286912859746,1.2190560898635403,-0.5406753709426971,0.10480864604672344,-1.1165153173789057,-1.1313689309661528,0.4590791294304251,0.745341790883026,-1.555351259623705,-0.7279648142430675,0.0,0.0,0.0,0.0,0.0,0.0,0.0,0.0,0.0,0.0,0.0,0.0,0.0,0.0,0.0,0.0,0.0,0.0,0.0,0.0,0.0,0.0,0.0,0.0,0.0,0.0,0.0,0.0,0.0076450095137454,0.0266475957060343,0.0294112386131812,SPY
2009-09-09,0.5639357638395361,1.2361916556409904,0.12837144021533667,0.05686582009480583,-1.1152272931848375,-1.1268342718258042,0.6734715120908503,0.7305508498227543,-0.990077367219566,-0.013884887465126573,0.0,0.0,0.0,0.0,0.0,0.0,0.0,0.0,0.0,0.0,0.0,0.0,0.0,0.0,0.0,0.0,0.0,0.0,0.0,0.0,0.0,0.0,0.0,0.0,0.0,0.0,0.0,0.0,0.010166598595485,0.0340232085709182,0.0245111427521873,SPY
2009-09-10,0.7564615124245253,0.8836175304039926,1.2717642278905679,0.05423082630838823,-1.1115665867352067,-1.122310955388959,0.9856170154182898,0.736113439276233,-0.762440681435094,0.7001950393128141,0.0,0.0,0.0,0.0,0.0,0.0,0.0,0.0,0.0,0.0,0.0,0.0,0.0,0.0,0.0,0.0,0.0,0.0,0.0,0.0,0.0,0.0,0.0,0.0,0.0,0.0,0.0,0.0,-0.0001904860974679,0.0223647079473643,0.0219712221645353,SPY
2009-09-11,-0.034311852716023106,0.9725801190107723,1.8049678750067748,0.044748036059503525,-1.1084708532681922,-1.1186832001275138,0.9184229458270272,0.2804717041985738,-0.9858204875476176,1.414274966090755,0.0,0.0,0.0,0.0,0.0,0.0,0.0,0.0,0.0,0.0,0.0,0.0,0.0,0.0,0.0,0.0,0.0,0.0,0.0,0.0,0.0,0.0,0.0,0.0,0.0,0.0,0.0,0.0,0.0048560003843221,0.0231932246162376,0.0282404521160168,SPY
2009-09-14,0.350992237734897,0.5317583433351807,1.4815563948770134,0.018830092358624127,-1.1041773928626413,-1.1135929930706951,1.0198713345867132,0.41775416478602123,-1.0187800944003256,-1.4420447410210082,0.0,0.0,0.0,0.0,0.0,0.0,0.0,0.0,0.0,0.0,0.0,0.0,0.0,0.0,0.0,0.0,0.0,0.0,0.0,0.0,0.0,0.0,0.0,0.0,0.0,0.0,0.0,0.0,0.0041704733099496,0.015803689141034,0.0272925892403632,SPY
2009-09-15,0.29865158710129286,0.23298626183541643,1.1358221054020565,-0.25066168881324663,-1.096810692059641,-1.105192463413727,1.0409792752093352,0.4755749025383054,0.1241055561651142,-0.7279648142430675,0.0,0.0,0.0,0.0,0.0,0.0,0.0,0.0,0.0,0.0,0.0,0.0,0.0,0.0,0.0,0.0,0.0,0.0,0.0,0.0,0.0,0.0,0.0,0.0,0.0,0.0,0.0,0.0,0.0150206223786293,0.0174404766799547,0.0210767245765506,SPY
2009-09-16,1.1270708909575593,0.4783320529651877,0.9672738028430122,-0.2090092998834507,-1.0807215317115935,-1.0958623444708482,1.4647446452910762,0.7969403498201112,0.3828352877260766,-0.013884887465126573,0.0,0.0,0.0,0.0,0.0,0.0,0.0,0.0,0.0,0.0,0.0,0.0,0.0,0.0,0.0,0.0,0.0,0.0,0.0,0.0,0.0,0.0,0.0,0.0,0.0,0.0,0.0,0.0,-0.0014919020280688,-0.0059267990304583,0.0231251702332215,SPY
2009-09-17,-0.1336762091346805,1.0501895255402798,1.2488576559400508,-0.2081740727130584,-1.0641351793542329,-1.0876999067780817,1.2725577481174049,0.6964729810096143,0.9187926260022804,0.7001950393128141,0.0,0.0,0.0,0.0,0.0,0.0,0.0,0.0,0.0,0.0,0.0,0.0,0.0,0.0,0.0,0.0,0.0,0.0,0.0,0.0,0.0,0.0,0.0,0.0,0.0,0.0,0.0,0.0,0.0006380305714053,-0.0155151011257377,0.0282696129510071,SPY
2009-09-18,0.02894619081100168,0.7316266068813985,0.8037630465761941,-0.2242216050032856,-1.0492698834022358,-1.0806276263341708,1.1812414546126244,0.7163207690661395,-0.8941664137047727,1.414274966090755,0.0,0.0,0.0,0.0,0.0,0.0,0.0,0.0,0.0,0.0,0.0,0.0,0.0,0.0,0.0,0.0,0.0,0.0,0.0,0.0,0.0,0.0,0.0,0.0,0.0,0.0,0.0,0.0,-0.0025335350908815,-0.0215003177896022,0.020129198350669,SPY
2009-09-21,-0.21320589405485008,-0.07753212076873729,0.8353938981746043,-0.32897807728847184,-1.0382039663431968,-1.0761076521518496,1.0105847790888591,0.9693752743108881,-0.9289252490506,-1.4420447410210082,0.0,0.0,0.0,0.0,0.0,0.0,0.0,0.0,0.0,0.0,0.0,0.0,0.0,0.0,0.0,0.0,0.0,0.0,0.0,0.0,0.0,0.0,0.0,0.0,0.0,0.0,0.0,0.0,0.0058072608488703,-0.0012221076999736,0.030893952910584,SPY
2009-09-22,0.42362188796724176,-0.13613397049658008,0.5532785119926805,-0.32500409979075584,-1.0277189229403065,-1.0708700831133715,1.147880595826061,2.1978608064603136,-1.12893762900066,-0.7279648142430675,0.0,0.0,0.0,0.0,0.0,0.0,0.0,0.0,0.0,0.0,0.0,0.0,0.0,0.0,0.0,0.0,0.0,0.0,0.0,0.0,0.0,0.0,0.0,0.0,0.0,0.0,0.0,0.0,-0.0083466533317837,-0.010043299851226,0.0197901860206499,SPY
2009-09-23,-0.6570430557269856,0.15468480892141123,0.6157672773812317,-0.2818772400164943,-1.021039688337774,-1.0668730145498606,0.7647145294332369,1.8940017208783877,0.9211600644493864,-0.013884887465126573,0.0,0.0,0.0,0.0,0.0,0.0,0.0,0.0,0.0,0.0,0.0,0.0,0.0,0.0,0.0,0.0,0.0,0.0,0.0,0.0,0.0,0.0,0.0,0.0,0.0,0.0,0.0,0.0,-0.0110802041233482,-0.0055723435640038,0.0191224558260199,SPY
2009-09-24,-0.8657522844638003,-0.17235884374803379,-0.27634130416408065,-0.2218350873702448,-1.0194121557479723,-1.0642199748331311,0.3041411650950163,1.186210037750623,0.9884945839897618,0.7001950393128141,0.0,0.0,0.0,0.0,0.0,0.0,0.0,0.0,0.0,0.0,0.0,0.0,0.0,0.0,0.0,0.0,0.0,0.0,0.0,0.0,0.0,0.0,0.0,0.0,0.0,0.0,0.0,0.0,-0.0053471860924592,-0.0196180212534891,0.0403154729632024,SPY
2009-09-25,-0.4280308507690271,-1.122440710306559,-0.6424005182399379,-0.2075787266987501,-1.0190110177343896,-1.0624656405730595,0.07642847813681082,0.6515651072687053,0.3623959324958451,1.414274966090755,0.0,0.0,0.0,0.0,0.0,0.0,0.0,0.0,0.0,0.0,0.0,0.0,0.0,0.0,0.0,0.0,0.0,0.0,0.0,0.0,0.0,0.0,0.0,0.0,0.0,0.0,0.0,0.0,0.0177446749987471,-0.0189430804944379,0.0341633153937301,SPY
2009-09-28,1.3350549251806423,-0.9536919112353754,-0.870902257784276,-0.10941947097297479,-1.0155165835833118,-1.058558556680978,0.6815002361160916,0.8620020869236581,-1.69100288043753,-1.4420447410210082,0.0,0.0,0.0,0.0,0.0,0.0,0.0,0.0,0.0,0.0,0.0,0.0,0.0,0.0,0.0,0.0,0.0,0.0,0.0,0.0,0.0,0.0,0.0,0.0,0.0,0.0,0.0,0.0,-0.003013931302382,-0.0218699323876352,0.0055339985508009,SPY
2009-09-29,-0.24988460626307396,0.6679839888891548,-0.09672706237307412,-0.1417661705615547,-1.013742857647666,-1.05397292524778,0.494577808023748,0.5601704454847957,-1.278255703824623,-0.7279648142430675,0.0,0.0,0.0,0.0,0.0,0.0,0.0,0.0,0.0,0.0,0.0,0.0,0.0,0.0,0.0,0.0,0.0,0.0,0.0,0.0,0.0,0.0,0.0,0.0,0.0,0.0,0.0,0.0,-0.0038756970445614,-0.0046335339215817,0.0039542131918928,SPY
2009-09-30,-0.31568124847550294,0.7992519482755975,-0.4334997916855291,-0.36443545407924915,-1.0165155869216933,-1.0472922475664126,0.2434467163494405,0.11328869481406531,1.5369147397772909,-0.013884887465126573,0.0,0.0,0.0,0.0,0.0,0.0,0.0,0.0,0.0,0.0,0.0,0.0,0.0,0.0,0.0,0.0,0.0,0.0,0.0,0.0,0.0,0.0,0.0,0.0,0.0,0.0,0.0,0.0,-0.0251258818128334,0.0019870767757312,-0.011237930973678,SPY
2009-10-01,-1.9381532680872184,-0.4171013327164456,-0.2628090136515502,-0.09107744878928768,-1.0248754414722279,-1.0431651222136524,-0.7490721784731899,-0.6926506411814279,2.099845275390347,0.7001950393128141,0.0,0.0,0.0,0.0,0.0,0.0,0.0,0.0,0.0,0.0,0.0,0.0,0.0,0.0,0.0,0.0,0.0,0.0,0.0,0.0,0.0,0.0,0.0,0.0,0.0,0.0,0.0,0.0,-0.004672245333408,0.0347396365963978,0.0351145254165325,SPY
2009-10-02,-0.3764984754792327,-1.661110617045368,-0.799040526288926,-0.09407003151575878,-1.0344796339867768,-1.0405256960702245,-0.9591143285344746,-0.9613000333277499,0.7849855285104155,1.414274966090755,0.0,0.0,0.0,0.0,0.0,0.0,0.0,0.0,0.0,0.0,0.0,0.0,0.0,0.0,0.0,0.0,0.0,0.0,0.0,0.0,0.0,0.0,0.0,0.0,0.0,0.0,0.0,0.0,0.0148178231055497,0.0454906257838194,0.0103854748009393,SPY
2009-10-05,1.111586971652513,-1.705924097713802,-0.7732728479918807,-0.08588918101980948,-1.039996889150392,-1.0377420056444522,-0.4607190226216458,-0.6368877003089479,-0.8847167415512849,-1.4420447410210082,0.0,0.0,0.0,0.0,0.0,0.0,0.0,0.0,0.0,0.0,0.0,0.0,0.0,0.0,0.0,0.0,0.0,0.0,0.0,0.0,0.0,0.0,0.0,0.0,0.0,0.0,0.0,0.0,0.0142224671636714,0.0345809401869381,0.002879636439931,SPY
2009-10-06,1.0661309736016469,0.5412923902878773,-0.885013288905577,-0.047701161839191084,-1.0435387931954443,-1.0342587242841017,0.011535042618909112,-0.6648868017897934,0.2975054811093627,-0.7279648142430675,0.0,0.0,0.0,0.0,0.0,0.0,0.0,0.0,0.0,0.0,0.0,0.0,0.0,0.0,0.0,0.0,0.0,0.0,0.0,0.0,0.0,0.0,0.0,0.0,0.0,0.0,0.0,0.0,0.0027449136527515,0.0183130816694037,-0.0081838117664876,SPY
2009-10-07,0.1898087379066565,1.604301180940818,-0.22696743122570393,-0.06025748885425679,-1.0444015846326797,-1.0313406915301793,0.06846097984099321,-0.550532088314393,-0.6618352655505715,-0.013884887465126573,0.0,0.0,0.0,0.0,0.0,0.0,0.0,0.0,0.0,0.0,0.0,0.0,0.0,0.0,0.0,0.0,0.0,0.0,0.0,0.0,0.0,0.0,0.0,0.0,0.0,0.0,0.0,0.0,0.0076266780078331,0.0326372360519524,-0.0083525475577959,SPY
2009-10-08,0.5625361357542096,0.925084237096601,0.025792184030239026,-0.07346839892389818,-1.0407688262282053,-1.0287016729787664,0.3126074356833358,-0.36573870481582477,-0.1103666311140803,0.7001950393128141,0.0,0.0,0.0,0.0,0.0,0.0,0.0,0.0,0.0,0.0,0.0,0.0,0.0,0.0,0.0,0.0,0.0,0.0,0.0,0.0,0.0,0.0,0.0,0.0,0.0,0.0,0.0,0.0,0.0060787438540135,0.0286630987338361,0.0022485672397367,SPY
2009-10-09,0.44434987619173016,0.5540078391342989,1.2762092221863932,-0.06633236273004249,-1.0343886867767067,-1.0252995955932935,0.4880147273636478,-0.15633764887314508,-1.153824520929719,1.414274966090755,0.0,0.0,0.0,0.0,0.0,0.0,0.0,0.0,0.0,0.0,0.0,0.0,0.0,0.0,0.0,0.0,0.0,0.0,0.0,0.0,0.0,0.0,0.0,0.0,0.0,0.0,0.0,0.0,0.0039081375086684,0.0150819708508898,-0.0012128726197264,SPY
2009-10-12,0.27862199667831145,0.7415677615746925,1.686657142305968,-0.06824121548704408,-1.0313006831261684,-1.021997273442125,0.5837566502080122,-0.1996476535328837,-1.506827591549011,-1.4420447410210082,0.0,0.0,0.0,0.0,0.0,0.0,0.0,0.0,0.0,0.0,0.0,0.0,0.0,0.0,0.0,0.0,0.0,0.0,0.0,0.0,0.0,0.0,0.0,0.0,0.0,0.0,0.0,0.0,-0.0020453913538629,0.0194050528112548,0.0173992891355814,SPY
2009-10-13,-0.1759356508311823,0.5323641952530547,1.2701505600430636,-0.06762755430832558,-1.0279857757036972,-1.0194443732607423,0.4665970451323918,-0.030071316302041393,-0.6277833684743949,-0.7279648142430675,0.0,0.0,0.0,0.0,0.0,0.0,0.0,0.0,0.0,0.0,0.0,0.0,0.0,0.0,0.0,0.0,0.0,0.0,0.0,0.0,0.0,0.0,0.0,0.0,0.0,0.0,0.0,0.0,0.0170690680353002,0.016153938124054,0.0196273585938726,SPY
2009-10-14,1.2834716845452916,0.07530367402202182,0.6490813191648792,-0.04719082141021078,-1.0195395236248623,-1.0165980417650047,1.070075992534763,0.6489551048848843,0.1259605143747353,-0.013884887465126573,0.0,0.0,0.0,0.0,0.0,0.0,0.0,0.0,0.0,0.0,0.0,0.0,0.0,0.0,0.0,0.0,0.0,0.0,0.0,0.0,0.0,0.0,0.0,0.0,0.0,0.0,0.0,0.0,0.0036525406897167,-0.00992951343766,0.0076554132633841,SPY
2009-10-15,0.25910693402953544,0.8157322381054742,1.1959444283444018,-0.04788846895129049,-1.0042364368658416,-1.0131147138227097,1.1548046973594532,0.8842522267661628,-0.2546135411138968,0.7001950393128141,0.0,0.0,0.0,0.0,0.0,0.0,0.0,0.0,0.0,0.0,0.0,0.0,0.0,0.0,0.0,0.0,0.0,0.0,0.0,0.0,0.0,0.0,0.0,0.0,0.0,0.0,0.0,0.0,-0.0075023840289327,-0.0034692411135424,-0.0062172991200881,SPY
2009-10-16,-0.5925822834640524,1.1362955624643127,1.0442210503319993,-0.02305435295423178,-0.9897053800352825,-1.0106429710342604,0.8291467318257274,0.3091506763398551,0.1785902771463401,1.414274966090755,0.0,0.0,0.0,0.0,0.0,0.0,0.0,0.0,0.0,0.0,0.0,0.0,0.0,0.0,0.0,0.0,0.0,0.0,0.0,0.0,0.0,0.0,0.0,0.0,0.0,0.0,0.0,0.0,0.0082312194690334,-0.0074662007465411,0.0066819019699986,SPY
2009-10-19,0.6086934570287591,-0.24608427249873627,0.5257249756679931,-0.012067106888439079,-0.9766047106553921,-1.0068384722296166,1.0833689341475428,0.5742473956599413,-0.5669656422260261,-1.4420447410210082,0.0,0.0,0.0,0.0,0.0,0.0,0.0,0.0,0.0,0.0,0.0,0.0,0.0,0.0,0.0,0.0,0.0,0.0,0.0,0.0,0.0,0.0,0.0,0.0,0.0,0.0,0.0,0.0,-0.0052965060410636,-0.0265820620597567,0.012850956675396,SPY
2009-10-20,-0.424161380162606,0.011510321372010914,0.6907702536610426,-0.004826176119552678,-0.9682038625436057,-1.0044008041336228,0.8428033973329202,0.5218867552179106,-0.0865438320394023,-0.7279648142430675,0.0,0.0,0.0,0.0,0.0,0.0,0.0,0.0,0.0,0.0,0.0,0.0,0.0,0.0,0.0,0.0,0.0,0.0,0.0,0.0,0.0,0.0,0.0,0.0,0.0,0.0,0.0,0.0,-0.0090143835264138,-0.0258792726799832,0.0193155890458722,SPY
2009-10-21,-0.7080248974968876,0.13561211400712583,0.5666502086894598,-0.0006882091977985776,-0.9626866538053147,-1.0020657444160386,0.4650441557000933,1.0922283080202173,0.9098384461762762,-0.013884887465126573,0.0,0.0,0.0,0.0,0.0,0.0,0.0,0.0,0.0,0.0,0.0,0.0,0.0,0.0,0.0,0.0,0.0,0.0,0.0,0.0,0.0,0.0,0.0,0.0,0.0,0.0,0.0,0.0,0.0101128130138343,-0.0359327303637018,0.0277011510325326,SPY
2009-10-22,0.7523549316000094,-0.8346184511366793,-0.4291556893920701,-0.02770413087879428,-0.9565108322055347,-0.9971449093096889,0.7710478770645987,1.4265518276577742,1.1723306423063706,0.7001950393128141,0.0,0.0,0.0,0.0,0.0,0.0,0.0,0.0,0.0,0.0,0.0,0.0,0.0,0.0,0.0,0.0,0.0,0.0,0.0,0.0,0.0,0.0,0.0,0.0,0.0,0.0,0.0,0.0,-0.0114993436619315,-0.0248189688001589,0.0044718115180852,SPY
2009-10-23,-0.8977539908527122,0.03230353118320401,-0.1825174226600716,0.013048679246253225,-0.9546490606425799,-0.9930100513541291,0.2730800730331026,0.7335012524253063,1.1937931374933293,1.414274966090755,0.0,0.0,0.0,0.0,0.0,0.0,0.0,0.0,0.0,0.0,0.0,0.0,0.0,0.0,0.0,0.0,0.0,0.0,0.0,0.0,0.0,0.0,0.0,0.0,0.0,0.0,0.0,0.0,-0.0108846418441821,-0.0427209210872288,0.0124131890998446,SPY
2009-10-26,-0.850820916595779,-0.10749930883807829,-0.33511210390908747,-0.03196494158768549,-0.9563974615638857,-0.9923379903487939,-0.1429416730522999,0.04047466722835941,1.2082686117263948,-1.4420447410210082,0.0,0.0,0.0,0.0,0.0,0.0,0.0,0.0,0.0,0.0,0.0,0.0,0.0,0.0,0.0,0.0,0.0,0.0,0.0,0.0,0.0,0.0,0.0,0.0,0.0,0.0,0.0,0.0,-0.0045937166612901,-0.0245242944985051,0.0359201534859305,SPY
2009-10-27,-0.37050273592976823,-1.2888075239728596,-1.0649115093892172,-0.02778648365692138,-0.9587588160403485,-0.9918596054235095,-0.3200747033857713,-0.17444183695344156,1.396039776820036,-0.7279648142430675,0.0,0.0,0.0,0.0,0.0,0.0,0.0,0.0,0.0,0.0,0.0,0.0,0.0,0.0,0.0,0.0,0.0,0.0,0.0,0.0,0.0,0.0,0.0,0.0,0.0,0.0,0.0,0.0,-0.0190678412101323,-0.0167715588799621,0.0420467002735511,SPY
2009-10-28,-1.4756160488236187,-0.9002997756921362,-1.0380806351150946,0.08011046855162654,-0.9698841807270006,-0.9932036808522351,-0.996909326993686,-0.8728732365707578,1.2532355628818996,-0.013884887465126573,0.0,0.0,0.0,0.0,0.0,0.0,0.0,0.0,0.0,0.0,0.0,0.0,0.0,0.0,0.0,0.0,0.0,0.0,0.0,0.0,0.0,0.0,0.0,0.0,0.0,0.0,0.0,0.0,0.0212265745773772,0.0048724601916134,0.0646220356569786,SPY
2009-10-29,1.6009013026606123,-1.360683222278856,-1.4218984145172233,0.006732021543471223,-0.9768319161919323,-0.9890119114058931,-0.2834638178061606,-0.4715379550413379,0.1786350660038165,0.7001950393128141,0.0,0.0,0.0,0.0,0.0,0.0,0.0,0.0,0.0,0.0,0.0,0.0,0.0,0.0,0.0,0.0,0.0,0.0,0.0,0.0,0.0,0.0,0.0,0.0,0.0,0.0,0.0,0.0,-0.0294012959490013,0.001873678419602,0.0270112816781287,SPY
2009-10-30,-2.2645852442713426,0.09195579343333692,-0.9976006834955943,0.26912173456028426,-0.9889336518714277,-0.9877931530535563,-1.3713027356436676,-1.0893137879597827,2.603021016843668,1.414274966090755,0.0,0.0,0.0,0.0,0.0,0.0,0.0,0.0,0.0,0.0,0.0,0.0,0.0,0.0,0.0,0.0,0.0,0.0,0.0,0.0,0.0,0.0,0.0,0.0,0.0,0.0,0.0,0.0,0.0073119847445415,0.0338922783631536,0.0597836636358124,SPY
2009-11-02,0.5385090028130759,-0.4894001402401591,-1.6810558478728848,0.22517719221669424,-1.001353238532926,-0.9874514628446227,-1.1133218879498232,-0.8936139395403139,1.1878130926930028,-1.4420447410210082,0.0,0.0,0.0,0.0,0.0,0.0,0.0,0.0,0.0,0.0,0.0,0.0,0.0,0.0,0.0,0.0,0.0,0.0,0.0,0.0,0.0,0.0,0.0,0.0,0.0,0.0,0.0,0.0,0.0031590189572527,0.0491005928825885,0.0647664369582594,SPY
2009-11-03,0.2214260756876033,-1.2722292683848992,-0.9863506996924298,0.17029908459970924,-1.011706596503778,-0.9884310112660879,-0.9845810072872392,-1.2390084479828731,0.6662444735631827,-0.7279648142430675,0.0,0.0,0.0,0.0,0.0,0.0,0.0,0.0,0.0,0.0,0.0,0.0,0.0,0.0,0.0,0.0,0.0,0.0,0.0,0.0,0.0,0.0,0.0,0.0,0.0,0.0,0.0,0.0,0.0025761778614432,0.046124252029764,0.0611578631175362,SPY
2009-11-04,0.17692559815563125,0.5596007198790572,-0.6903691714446947,0.17000241665569085,-1.0192218815568181,-0.9894334197768533,-0.8762190869886515,-1.271609900911651,1.012136764894746,-0.013884887465126573,0.0,0.0,0.0,0.0,0.0,0.0,0.0,0.0,0.0,0.0,0.0,0.0,0.0,0.0,0.0,0.0,0.0,0.0,0.0,0.0,0.0,0.0,0.0,0.0,0.0,0.0,0.0,0.0,0.0182277928053657,0.0486451968731325,0.0507308122289895,SPY
2009-11-05,1.3719414337904494,0.2931661632089668,0.13594945431955954,0.24742792242069286,-1.0248528091266897,-0.989160053635123,-0.2119614428952132,-0.7110481456314585,-0.2883976361387887,0.7001950393128141,0.0,0.0,0.0,0.0,0.0,0.0,0.0,0.0,0.0,0.0,0.0,0.0,0.0,0.0,0.0,0.0,0.0,0.0,0.0,0.0,0.0,0.0,0.0,0.0,0.0,0.0,0.0,0.0,0.0026173039945502,0.0201972323740111,0.0381947216899059,SPY
2009-11-06,0.18006561792339154,1.1409292115951832,0.02146289687286152,0.23924845837002695,-1.0270097761134471,-0.9893081492824083,-0.11274324293284958,-0.8419885560076228,-0.4614382598056311,1.414274966090755,0.0,0.0,0.0,0.0,0.0,0.0,0.0,0.0,0.0,0.0,0.0,0.0,0.0,0.0,0.0,0.0,0.0,0.0,0.0,0.0,0.0,0.0,0.0,0.0,0.0,0.0,0.0,0.0,0.0225202992639763,0.0229767454406149,0.0340444953787137,SPY
2009-11-09,1.6996784252116584,1.143242951009057,1.2438590432058219,0.36512968678171237,-1.020970259265462,-0.9871553530684547,0.6988029573731663,-0.2790350085512744,-0.666845973470767,-1.4420447410210082,0.0,0.0,0.0,0.0,0.0,0.0,0.0,0.0,0.0,0.0,0.0,0.0,0.0,0.0,0.0,0.0,0.0,0.0,0.0,0.0,0.0,0.0,0.0,0.0,0.0,0.0,0.0,0.0,0.0001826781044282,0.0148567203510694,0.0003651362981287,SPY
2009-11-10,-0.005820407446279613,1.3847376072597344,1.8244773429925645,0.36302103630736227,-1.0137727787691002,-0.9847291324853399,0.6681207392102303,-0.09673137393947719,-0.4096499707001627,-0.7279648142430675,0.0,0.0,0.0,0.0,0.0,0.0,0.0,0.0,0.0,0.0,0.0,0.0,0.0,0.0,0.0,0.0,0.0,0.0,0.0,0.0,0.0,0.0,0.0,0.0,0.0,0.0,0.0,0.0,0.0050971227048117,0.0158421685760536,0.0039158121245304,SPY
2009-11-11,0.36940215852214286,1.2477665512803988,1.7108475279762851,0.29834765077016745,-1.0007401457017961,-0.9837722811163678,0.8468078411178539,-0.18865213794779948,-0.4551455176884298,-0.013884887465126573,0.0,0.0,0.0,0.0,0.0,0.0,0.0,0.0,0.0,0.0,0.0,0.0,0.0,0.0,0.0,0.0,0.0,0.0,0.0,0.0,0.0,0.0,0.0,0.0,0.0,0.0,0.0,0.0,-0.0102201716937555,0.0101162243314885,0.0044383187159118,SPY
2009-11-12,-0.8000879823323555,0.2675457701304893,1.8070913758361045,0.32254769524807114,-0.9953363076051541,-0.9845468340452511,0.4717452125681448,-0.16328082428788088,-0.6785963281946678,0.7001950393128141,0.0,0.0,0.0,0.0,0.0,0.0,0.0,0.0,0.0,0.0,0.0,0.0,0.0,0.0,0.0,0.0,0.0,0.0,0.0,0.0,0.0,0.0,0.0,0.0,0.0,0.0,0.0,0.0,0.005396817061154,0.007219869524631,0.0188971430149864,SPY
2009-11-13,0.3922841105100108,-0.3177143011736225,0.7210138385280959,0.31536846352655834,-0.9815770485764369,-0.9837152764616961,0.6627948231157362,0.18239229247484612,-0.7859434827663377,1.414274966090755,0.0,0.0,0.0,0.0,0.0,0.0,0.0,0.0,0.0,0.0,0.0,0.0,0.0,0.0,0.0,0.0,0.0,0.0,0.0,0.0,0.0,0.0,0.0,0.0,0.0,0.0,0.0,0.0,0.0144002741744309,-0.001734913616695,0.0203176041494126,SPY
2009-11-16,1.0797067096714255,-0.3008536193638265,0.8271292235633142,0.35002050811378754,-0.9659333392139029,-0.9820977766638095,1.1867729475292363,0.5244315939414608,0.3669880991823188,-1.4420447410210082,0.0,0.0,0.0,0.0,0.0,0.0,0.0,0.0,0.0,0.0,0.0,0.0,0.0,0.0,0.0,0.0,0.0,0.0,0.0,0.0,0.0,0.0,0.0,0.0,0.0,0.0,0.0,0.0,0.0011681263294125,-0.0035128652492222,0.0012584765992897,SPY
2009-11-17,0.06941951113552337,1.0842825869543329,0.5171254321706054,0.34046937410629885,-0.9507439248611381,-0.9796715910171531,1.1936033709907272,1.0638359113653877,-0.8368783613566567,-0.7279648142430675,0.0,0.0,0.0,0.0,0.0,0.0,0.0,0.0,0.0,0.0,0.0,0.0,0.0,0.0,0.0,0.0,0.0,0.0,0.0,0.0,0.0,0.0,0.0,0.0,0.0,0.0,0.0,0.0,-0.0006288215397534,-0.0031481614523043,0.0016157063718935,SPY
2009-11-18,-0.0677791847918459,0.8463781773747411,0.5547475678903137,0.31430118341690044,-0.9363263315228769,-0.9762087940669285,1.1153164585840922,0.749969018111562,-0.638830446443927,-0.013884887465126573,0.0,0.0,0.0,0.0,0.0,0.0,0.0,0.0,0.0,0.0,0.0,0.0,0.0,0.0,0.0,0.0,0.0,0.0,0.0,0.0,0.0,0.0,0.0,0.0,0.0,0.0,0.0,0.0,-0.013116526500613,0.0009881542607441,-0.0098442191098362,SPY
2009-11-19,-1.0212274540234678,0.0008474045613565141,0.3361442500996051,0.34216400458451823,-0.9295828674843399,-0.9756506492070479,0.6072741343290073,1.3468311699211697,0.3495563595949925,0.7001950393128141,0.0,0.0,0.0,0.0,0.0,0.0,0.0,0.0,0.0,0.0,0.0,0.0,0.0,0.0,0.0,0.0,0.0,0.0,0.0,0.0,0.0,0.0,0.0,0.0,0.0,0.0,0.0,0.0,-0.0035579660801721,-0.0022794986401155,0.0089138782780393,SPY
2009-11-20,-0.29142218413759763,-0.8028013163223069,0.2255681174592836,0.30927682995596845,-0.9243607845318655,-0.9741129209892435,0.4493649989110702,1.0825353224368526,-1.0343035543443395,1.414274966090755,0.0,0.0,0.0,0.0,0.0,0.0,0.0,0.0,0.0,0.0,0.0,0.0,0.0,0.0,0.0,0.0,0.0,0.0,0.0,0.0,0.0,0.0,0.0,0.0,0.0,0.0,0.0,0.0,0.0126223225419037,0.0046495534487389,0.0225827045028355,SPY
2009-11-23,0.9439583946588718,-0.9675937891392083,-0.11630480710651381,0.30507538556221875,-0.9215226187634051,-0.9696591048137022,0.858739176820059,1.228750766758999,-0.775534099825374,-1.4420447410210082,0.0,0.0,0.0,0.0,0.0,0.0,0.0,0.0,0.0,0.0,0.0,0.0,0.0,0.0,0.0,0.0,0.0,0.0,0.0,0.0,0.0,0.0,0.0,0.0,0.0,0.0,0.0,0.0,0.0015328301263304,0.0043219889738237,0.013547258327252,SPY
2009-11-24,0.09726499635826495,0.4804633219554071,-0.1841828913387805,0.29380151862545734,-0.9183439232420801,-0.9644535142801745,0.8366666704690136,1.216054715850341,-0.93563031097186,-0.7279648142430675,0.0,0.0,0.0,0.0,0.0,0.0,0.0,0.0,0.0,0.0,0.0,0.0,0.0,0.0,0.0,0.0,0.0,0.0,0.0,0.0,0.0,0.0,0.0,0.0,0.0,0.0,0.0,0.0,0.0035074941732951,0.0023396039640228,0.0139815582705988,SPY
2009-11-25,0.24803249317161083,0.7668694326475518,-0.1702593432544981,0.16371719229805295,-0.9155513007166413,-0.9565141924564294,0.8478459302483331,0.9901336236322497,-1.4752267886352894,-0.013884887465126573,0.0,0.0,0.0,0.0,0.0,0.0,0.0,0.0,0.0,0.0,0.0,0.0,0.0,0.0,0.0,0.0,0.0,0.0,0.0,0.0,0.0,0.0,0.0,0.0,0.0,0.0,0.0,0.0,-0.0163841794014727,-0.0090187632363756,0.0151970774360341,SPY
2009-11-27,-1.2707158918540737,0.2540729197277936,-0.012344368940790487,0.16089886683824986,-0.9143252775430163,-0.9531880785770699,0.1790800973692772,0.28596501940965513,-1.1248066903492828,1.414274966090755,0.0,0.0,0.0,0.0,0.0,0.0,0.0,0.0,0.0,0.0,0.0,0.0,0.0,0.0,0.0,0.0,0.0,0.0,0.0,0.0,0.0,0.0,0.0,0.0,0.0,0.0,0.0,0.0,0.0033710860086824,0.0130571184313792,0.0337127492361624,SPY
2009-11-30,0.2376175987721448,-0.7539307020902711,-0.1370958046877161,-0.1575755884823801,-0.9135987908575753,-0.9459207711767155,0.1956234824489534,-0.22558716032292417,-0.4604431182919762,-1.4420447410210082,0.0,0.0,0.0,0.0,0.0,0.0,0.0,0.0,0.0,0.0,0.0,0.0,0.0,0.0,0.0,0.0,0.0,0.0,0.0,0.0,0.0,0.0,0.0,0.0,0.0,0.0,0.0,0.0,0.0122947580669885,0.008153110106055,0.0289211431072233,SPY
2009-12-01,0.9189485323464166,-0.7616049695935498,0.12743939004561244,-0.133768972287183,-0.9133944033678701,-0.9379699901946055,0.5376033052427346,0.12679204262256014,-0.4924921947364163,-0.7279648142430675,0.0,0.0,0.0,0.0,0.0,0.0,0.0,0.0,0.0,0.0,0.0,0.0,0.0,0.0,0.0,0.0,0.0,0.0,0.0,0.0,0.0,0.0,0.0,0.0,0.0,0.0,0.0,0.0,-0.0004495548834704,-0.0153007077775422,0.0162711880212027,SPY
2009-12-02,-0.0540920033842383,0.8518603128378375,0.11493373544116864,-0.1291980232803213,-0.9135987212195891,-0.9304521650963342,0.4071900856961661,-0.025684442574049293,-1.0227259752653397,-0.013884887465126573,0.0,0.0,0.0,0.0,0.0,0.0,0.0,0.0,0.0,0.0,0.0,0.0,0.0,0.0,0.0,0.0,0.0,0.0,0.0,0.0,0.0,0.0,0.0,0.0,0.0,0.0,0.0,0.0,-0.0078508730271034,-0.0111177989632418,0.0070758502334111,SPY
2009-12-03,-0.6191897532267944,0.6369126202008486,0.039250857339033524,-0.08984655623719369,-0.9156194298798765,-0.9242328117030518,0.02039251634538801,0.05485353562676961,-0.3472538310268857,0.7001950393128141,0.0,0.0,0.0,0.0,0.0,0.0,0.0,0.0,0.0,0.0,0.0,0.0,0.0,0.0,0.0,0.0,0.0,0.0,0.0,0.0,0.0,0.0,0.0,0.0,0.0,0.0,0.0,0.0,0.0056917022662821,0.0023527033600547,0.0317442090261161,SPY
2009-12-04,0.4147988791830885,-0.4964723386642812,-0.3943853515795253,-0.1761610881441699,-0.9129175456505485,-0.919494205163874,0.1622621640245213,0.06503977756245381,1.6625509258199405,1.414274966090755,0.0,0.0,0.0,0.0,0.0,0.0,0.0,0.0,0.0,0.0,0.0,0.0,0.0,0.0,0.0,0.0,0.0,0.0,0.0,0.0,0.0,0.0,0.0,0.0,0.0,0.0,0.0,0.0,-0.0015329223166418,0.0008996536990917,0.0286961670759637,SPY
2009-12-07,-0.1368081475705976,-0.15096772530452346,0.44842079001133023,-0.1723288270764424,-0.9097161481456989,-0.9152682562157006,0.04232588023222671,-0.4644549898283334,-1.1001679724060969,-1.4420447410210082,0.0,0.0,0.0,0.0,0.0,0.0,0.0,0.0,0.0,0.0,0.0,0.0,0.0,0.0,0.0,0.0,0.0,0.0,0.0,0.0,0.0,0.0,0.0,0.0,0.0,0.0,0.0,0.0,-0.0111590598166086,0.0092498542113137,0.0309330476862284,SPY
2009-12-08,-0.8717729923916253,0.20447759545230954,0.26119708600710967,-0.2970176267196666,-0.9124634595547377,-0.9152226757829355,-0.3717576766358167,-0.8598407068304361,-0.3220318333591943,-0.7279648142430675,0.0,0.0,0.0,0.0,0.0,0.0,0.0,0.0,0.0,0.0,0.0,0.0,0.0,0.0,0.0,0.0,0.0,0.0,0.0,0.0,0.0,0.0,0.0,0.0,0.0,0.0,0.0,0.0,0.0037333539308299,0.0157500606522305,0.0463045026241264,SPY
2009-12-09,0.2652771026163078,-0.7435393815767327,-0.6342154756991762,-0.29170115898280635,-0.9146659001465297,-0.9147329015722024,-0.2411594886121905,-0.7036897167153255,-0.5858140058368286,-0.013884887465126573,0.0,0.0,0.0,0.0,0.0,0.0,0.0,0.0,0.0,0.0,0.0,0.0,0.0,0.0,0.0,0.0,0.0,0.0,0.0,0.0,0.0,0.0,0.0,0.0,0.0,0.0,0.0,0.0,0.0056196292961931,0.0135420628234168,0.0458933302508555,SPY
2009-12-10,0.4092960386847645,-0.4472608356113159,-0.4745216844629123,-0.28953186253450014,-0.9163460558412897,-0.9141747916487802,-0.04105515598088839,-0.0814740365431913,-0.8786485928720742,0.7001950393128141,0.0,0.0,0.0,0.0,0.0,0.0,0.0,0.0,0.0,0.0,0.0,0.0,0.0,0.0,0.0,0.0,0.0,0.0,0.0,0.0,0.0,0.0,0.0,0.0,0.0,0.0,0.0,0.0,0.004238652605319,-0.0041663134942595,0.0416690511321116,SPY
2009-12-11,0.30385714179457984,0.4967013456231401,0.039750962004974924,-0.33195532222209695,-0.9128495789759481,-0.9118055757203375,0.08172757097120581,0.18549278095142022,-1.085983252565453,1.414274966090755,0.0,0.0,0.0,0.0,0.0,0.0,0.0,0.0,0.0,0.0,0.0,0.0,0.0,0.0,0.0,0.0,0.0,0.0,0.0,0.0,0.0,0.0,0.0,0.0,0.0,0.0,0.0,0.0,0.0068172781955802,-0.002763395212316,0.0280607459320485,SPY
2009-12-14,0.5007376825934611,0.525129242209035,-0.015723115847367287,-0.32587720223823624,-0.9084674694138737,-0.9092426604208719,0.2986770712606279,0.01064061580531871,-1.3758966803575676,-1.4420447410210082,0.0,0.0,0.0,0.0,0.0,0.0,0.0,0.0,0.0,0.0,0.0,0.0,0.0,0.0,0.0,0.0,0.0,0.0,0.0,0.0,0.0,0.0,0.0,0.0,0.0,0.0,0.0,0.0,-0.0046588533756919,0.0005301867367277,0.0296541815281852,SPY
2009-12-15,-0.3754759866435291,0.592508479038438,0.30306824121518205,-0.39690070993004317,-0.9083538898582662,-0.9090831405516797,0.12196347296235091,-0.22417495803986698,-1.1132489744050027,-0.7279648142430675,0.0,0.0,0.0,0.0,0.0,0.0,0.0,0.0,0.0,0.0,0.0,0.0,0.0,0.0,0.0,0.0,0.0,0.0,0.0,0.0,0.0,0.0,0.0,0.0,0.0,0.0,0.0,0.0,0.0015253561020163,0.0087759164787399,0.0370139587798492,SPY
2009-12-16,0.09669434742246696,0.09193843468535651,0.5512311002331834,-0.39649529937342487,-0.9077407970271361,-0.9088780635406944,0.1759146098792068,-0.29394561981767425,-0.4876303808364409,-0.013884887465126573,0.0,0.0,0.0,0.0,0.0,0.0,0.0,0.0,0.0,0.0,0.0,0.0,0.0,0.0,0.0,0.0,0.0,0.0,0.0,0.0,0.0,0.0,0.0,0.0,0.0,0.0,0.0,0.0,-0.0120887470214832,0.0092176904464009,0.0242007879034691,SPY
2009-12-17,-0.9427555035249966,-0.20578293608322887,0.4669348461242656,-0.33555999084322957,-0.9081949063356093,-0.9101196470458724,-0.2551478558879707,-0.12859972616522347,0.0327009350505805,0.7001950393128141,0.0,0.0,0.0,0.0,0.0,0.0,0.0,0.0,0.0,0.0,0.0,0.0,0.0,0.0,0.0,0.0,0.0,0.0,0.0,0.0,0.0,0.0,0.0,0.0,0.0,0.0,0.0,0.0,0.0056415708872625,0.0260294508066145,0.0487075597582649,SPY
2009-12-18,0.4109713002396201,-0.6237857112148033,-0.20913003512301392,-0.3957461482318362,-0.9086642199377517,-0.9089995958340866,-0.06256848991874979,-0.04899093720822699,-0.1120420343356889,1.414274966090755,0.0,0.0,0.0,0.0,0.0,0.0,0.0,0.0,0.0,0.0,0.0,0.0,0.0,0.0,0.0,0.0,0.0,0.0,0.0,0.0,0.0,0.0,0.0,0.0,0.0,0.0,0.0,0.0,0.010110860144624,0.0225193723180074,0.0328455840280783,SPY
2009-12-21,0.7522058281599112,-0.3922091523437098,-0.1555698574609307,-0.36592473846736157,-0.906190887579365,-0.9061526587730695,0.2726371636420625,-0.12237004691281499,-1.111903634213479,-1.4420447410210082,0.0,0.0,0.0,0.0,0.0,0.0,0.0,0.0,0.0,0.0,0.0,0.0,0.0,0.0,0.0,0.0,0.0,0.0,0.0,0.0,0.0,0.0,0.0,0.0,0.0,0.0,0.0,0.0,0.0035868763663202,0.0109879920531268,0.0033181699077564,SPY
2009-12-22,0.25409339986221724,0.8567316595507022,-0.029828510580032788,-0.42374032490578656,-0.9000116769309198,-0.9044309202287136,0.3816957811869919,0.019961023537414007,-1.5608194015445809,-0.7279648142430675,0.0,0.0,0.0,0.0,0.0,0.0,0.0,0.0,0.0,0.0,0.0,0.0,0.0,0.0,0.0,0.0,0.0,0.0,0.0,0.0,0.0,0.0,0.0,0.0,0.0,0.0,0.0,0.0,0.0019671300696773,0.0070459186677744,-0.0228123464360257,SPY
2009-12-23,0.13042421421369624,0.7411353868788796,0.28497439392262824,-0.4233187426833008,-0.8942611113006349,-0.9026508727352375,0.4292005140617282,0.43718149895726444,-1.1848058913429356,-0.013884887465126573,0.0,0.0,0.0,0.0,0.0,0.0,0.0,0.0,0.0,0.0,0.0,0.0,0.0,0.0,0.0,0.0,0.0,0.0,0.0,0.0,0.0,0.0,0.0,0.0,0.0,0.0,0.0,0.0,0.0047230133387303,-0.0045661040731648,-0.0196652119567124,SPY
2009-12-24,0.34083854905894345,0.2829724664475026,0.30184030300581993,-0.41956404788239704,-0.8887084568273318,-0.9007080912183935,0.5783633202411039,0.41080715354931985,-2.3071776183685966,0.7001950393128141,0.0,0.0,0.0,0.0,0.0,0.0,0.0,0.0,0.0,0.0,0.0,0.0,0.0,0.0,0.0,0.0,0.0,0.0,0.0,0.0,0.0,0.0,0.0,0.0,0.0,0.0,0.0,0.0,0.0021314923986555,0.0075283683537064,-0.0285878860099364,SPY
2009-12-28,0.14297343591474734,0.346891067444709,0.9436744592034314,-0.5719999027576487,-0.8836749767543411,-0.8964287244252803,0.5950560876267801,0.5522222069609718,-1.456830763807094,-1.4420447410210082,0.0,0.0,0.0,0.0,0.0,0.0,0.0,0.0,0.0,0.0,0.0,0.0,0.0,0.0,0.0,0.0,0.0,0.0,0.0,0.0,0.0,0.0,0.0,0.0,0.0,0.0,0.0,0.0,-0.0014205201202566,0.0080405362711806,-0.0259732096984093,SPY
2009-12-29,-0.1282261319050125,0.356138024792328,0.809667774796118,-0.5689629139713935,-0.8807324468571228,-0.892754049500163,0.4867295980765805,1.115366863569175,-1.5114529408055877,-0.7279648142430675,0.0,0.0,0.0,0.0,0.0,0.0,0.0,0.0,0.0,0.0,0.0,0.0,0.0,0.0,0.0,0.0,0.0,0.0,0.0,0.0,0.0,0.0,0.0,0.0,0.0,0.0,0.0,0.0,-0.000355197019032,0.01016501468506,-0.0360917078666807,SPY
2009-12-30,-0.0468876897958597,0.010505347206835915,0.36942632693328437,-0.6373135264789391,-0.8767005699406675,-0.8906743287117587,0.442487891293273,0.9961527263928879,-1.5746320659860005,-0.013884887465126573,0.0,0.0,0.0,0.0,0.0,0.0,0.0,0.0,0.0,0.0,0.0,0.0,0.0,0.0,0.0,0.0,0.0,0.0,0.0,0.0,0.0,0.0,0.0,0.0,0.0,0.0,0.0,0.0,-0.009644892671262,0.0147326068253814,-0.0466640735252044,SPY
2009-12-31,-0.7561648763620548,-0.12939478152145417,0.21892707576952508,-0.5791452489818184,-0.8755200203720778,-0.8897744819974587,0.06785098337007431,0.22577331088782993,-1.2371150053465294,0.7001950393128141,0.0,0.0,0.0,0.0,0.0,0.0,0.0,0.0,0.0,0.0,0.0,0.0,0.0,0.0,0.0,0.0,0.0,0.0,0.0,0.0,0.0,0.0,0.0,0.0,0.0,0.0,0.0,0.0,0.0168174857656016,0.0276996810542025,-0.0215880140512023,SPY
2010-01-04,1.2642631365882955,-0.5920946146453876,-0.22439311545306082,-0.48993781747677273,-0.8669826585945384,-0.8857192209396889,0.6397060253219402,0.62452623796225,-0.7577883188068534,-1.4420447410210082,0.0,0.0,0.0,0.0,0.0,0.0,0.0,0.0,0.0,0.0,0.0,0.0,0.0,0.0,0.0,0.0,0.0,0.0,0.0,0.0,0.0,0.0,0.0,0.0,0.0,0.0,0.0,0.0,0.0026436603161297,0.0122775454660502,-0.0263753568927986,SPY
2010-01-05,0.18207794839340585,0.3740334892874669,0.23734588976896717,-0.49790656663641364,-0.8591757760803195,-0.8820380594787898,0.6850949166238376,0.5110434492419152,-0.8524755947423728,-0.7279648142430675,0.0,0.0,0.0,0.0,0.0,0.0,0.0,0.0,0.0,0.0,0.0,0.0,0.0,0.0,0.0,0.0,0.0,0.0,0.0,0.0,0.0,0.0,0.0,0.0,0.0,0.0,0.0,0.0,0.0007039582936227,0.0002642325551764,-0.0340137459695899,SPY
2010-01-06,0.03397983573131188,1.0653824501155833,0.25689927716565525,-0.5021283824619547,-0.8537428060927539,-0.8780715719618912,0.6528581161112245,0.7834979816770623,-0.7715980838379463,-0.013884887465126573,0.0,0.0,0.0,0.0,0.0,0.0,0.0,0.0,0.0,0.0,0.0,0.0,0.0,0.0,0.0,0.0,0.0,0.0,0.0,0.0,0.0,0.0,0.0,0.0,0.0,0.0,0.0,0.0,0.0042123951212893,0.0079709880532705,-0.0660700723346998,SPY
2010-01-07,0.3018523576664344,0.15884199051405884,0.33800695303755895,-0.5887160183818907,-0.8481273149431724,-0.8721543257701405,0.7247635855540421,0.8562117840414069,-0.5346631300315592,0.7001950393128141,0.0,0.0,0.0,0.0,0.0,0.0,0.0,0.0,0.0,0.0,0.0,0.0,0.0,0.0,0.0,0.0,0.0,0.0,0.0,0.0,0.0,0.0,0.0,0.0,0.0,0.0,0.0,0.0,0.003322181557559,0.0064595168079533,-0.0682178635297896,SPY
2010-01-08,0.2338836969521166,0.24709836850052652,0.5123870646037447,-0.5892677152532934,-0.842146618980924,-0.8662689066920198,0.7636587618595295,1.7138024060196626,-0.5997826731585664,1.414274966090755,0.0,0.0,0.0,0.0,0.0,0.0,0.0,0.0,0.0,0.0,0.0,0.0,0.0,0.0,0.0,0.0,0.0,0.0,0.0,0.0,0.0,0.0,0.0,0.0,0.0,0.0,0.0,0.0,0.0013953501774492,-0.0081504795239695,-0.0787853171648453,SPY
2010-01-11,0.08676827020036178,0.3943985375762086,1.0074399899180715,-0.5954036908550877,-0.8370105621541561,-0.8609065213330575,0.7373374807571992,1.6452001610129876,-0.8937077326468551,-1.4420447410210082,0.0,0.0,0.0,0.0,0.0,0.0,0.0,0.0,0.0,0.0,0.0,0.0,0.0,0.0,0.0,0.0,0.0,0.0,0.0,0.0,0.0,0.0,0.0,0.0,0.0,0.0,0.0,0.0,-0.0093696525947439,0.0028721951318937,-0.067698512925749,SPY
2010-01-12,-0.7351500321291161,0.23591274217555372,0.418658495898422,-0.5329411811381689,-0.8348647836705263,-0.8573047820876563,0.3308082460307285,0.6906183801235023,0.020150716315275995,-0.7279648142430675,0.0,0.0,0.0,0.0,0.0,0.0,0.0,0.0,0.0,0.0,0.0,0.0,0.0,0.0,0.0,0.0,0.0,0.0,0.0,0.0,0.0,0.0,0.0,0.0,0.0,0.0,0.0,0.0,0.0084107137917168,0.0020214428837137,-0.0602899182557825,SPY
2010-01-13,0.6223980209847295,-0.4781246519098308,-0.039982026573942495,-0.5228938123065173,-0.8301623625842678,-0.853469411099246,0.5915668365711216,0.843996546778035,0.0040637830113901974,-0.013884887465126573,0.0,0.0,0.0,0.0,0.0,0.0,0.0,0.0,0.0,0.0,0.0,0.0,0.0,0.0,0.0,0.0,0.0,0.0,0.0,0.0,0.0,0.0,0.0,0.0,0.0,0.0,0.0,0.0,0.002700923875972,-0.0258058248837009,-0.0582882311369816,SPY
2010-01-14,0.18645007619373494,-0.08344316666649589,0.25424408694161316,-0.542901514558953,-0.8246610545195082,-0.8486867380405019,0.6236028154274134,0.8665611860461603,-0.7199121349886122,0.7001950393128141,0.0,0.0,0.0,0.0,0.0,0.0,0.0,0.0,0.0,0.0,0.0,0.0,0.0,0.0,0.0,0.0,0.0,0.0,0.0,0.0,0.0,0.0,0.0,0.0,0.0,0.0,0.0,0.0,-0.0112878147743638,-0.0510503887371349,-0.0618220655337671,SPY
2010-01-15,-0.8816035570959854,0.5956425245607679,0.19653960801916967,-0.46133108810185136,-0.8196390879269143,-0.845575017561042,0.153891082524584,0.0873264056446351,0.8073869040311503,1.414274966090755,0.0,0.0,0.0,0.0,0.0,0.0,0.0,0.0,0.0,0.0,0.0,0.0,0.0,0.0,0.0,0.0,0.0,0.0,0.0,0.0,0.0,0.0,0.0,0.0,0.0,0.0,0.0,0.0,0.0124180248333125,-0.0346483094137806,-0.0349215364589543,SPY
2010-01-19,0.9283600683631442,-0.5125886290970784,-0.36123628616629344,-0.5007673851206201,-0.8156900105761354,-0.8393107358822183,0.5293511752550296,0.4163342781516256,-0.332511296726158,-0.7279648142430675,0.0,0.0,0.0,0.0,0.0,0.0,0.0,0.0,0.0,0.0,0.0,0.0,0.0,0.0,0.0,0.0,0.0,0.0,0.0,0.0,0.0,0.0,0.0,0.0,0.0,0.0,0.0,0.0,-0.0102204048429239,-0.0512659949615867,-0.0426121321186654,SPY
2010-01-20,-0.8001057834953219,0.034091493128201714,0.05958395723484813,-0.43505997302025523,-0.8150964628064857,-0.8350963509017854,0.08492899940996101,0.049011232000123306,0.9198636068879604,-0.013884887465126573,0.0,0.0,0.0,0.0,0.0,0.0,0.0,0.0,0.0,0.0,0.0,0.0,0.0,0.0,0.0,0.0,0.0,0.0,0.0,0.0,0.0,0.0,0.0,0.0,0.0,0.0,0.0,0.0,-0.0194165539756978,-0.0362994214084801,-0.0265142004862593,SPY
2010-01-21,-1.5022406034419007,0.09414353893340471,0.027104202608076024,-0.29350201840569823,-0.8196847704459083,-0.8346725949519999,-0.6382406096270606,-0.5396071229107667,2.758699313178036,0.7001950393128141,0.0,0.0,0.0,0.0,0.0,0.0,0.0,0.0,0.0,0.0,0.0,0.0,0.0,0.0,0.0,0.0,0.0,0.0,0.0,0.0,0.0,0.0,0.0,0.0,0.0,0.0,0.0,0.0,-0.0225436399774618,-0.0284218857213103,-0.0050257675028975,SPY
2010-01-22,-1.7409966235004561,-1.6968568335751677,-1.035276568001279,-0.11741545131577769,-0.8310526378134179,-0.8375584861641665,-1.4137372954179277,-0.8287634059467972,2.5821269046539754,1.414274966090755,0.0,0.0,0.0,0.0,0.0,0.0,0.0,0.0,0.0,0.0,0.0,0.0,0.0,0.0,0.0,0.0,0.0,0.0,0.0,0.0,0.0,0.0,0.0,0.0,0.0,0.0,0.0,0.0,0.0051142645489905,-0.0168058084214042,0.0176977377060385,SPY
2010-01-25,0.3707109547913485,-2.390156997804803,-1.9990556721687895,-0.10733438967555739,-0.842009687487253,-0.8400550571290732,-1.1955123363082654,-1.2009252336089693,0.3582199042840109,-1.4420447410210082,0.0,0.0,0.0,0.0,0.0,0.0,0.0,0.0,0.0,0.0,0.0,0.0,0.0,0.0,0.0,0.0,0.0,0.0,0.0,0.0,0.0,0.0,0.0,0.0,0.0,0.0,0.0,0.0,-0.0041996607144936,-0.0064889061676547,0.0003643718474428,SPY
2010-01-26,-0.34041618586863603,-1.010063189143447,-1.3728621911276622,-0.11644704988201429,-0.8543820363813975,-0.8436854093339291,-1.2961275233438057,-1.3718715754154214,0.7236473813274841,-0.7279648142430675,0.0,0.0,0.0,0.0,0.0,0.0,0.0,0.0,0.0,0.0,0.0,0.0,0.0,0.0,0.0,0.0,0.0,0.0,0.0,0.0,0.0,0.0,0.0,0.0,0.0,0.0,0.0,0.0,0.0047461687101826,0.0097408974708441,0.0137194564825744,SPY
2010-01-27,0.3426064839119695,0.021961575197607115,-2.0072870195218884,-0.10770922987066069,-0.8631248766437604,-0.8469950681413676,-1.0790354367031256,-1.236482189295622,1.5498550107741798,-0.013884887465126573,0.0,0.0,0.0,0.0,0.0,0.0,0.0,0.0,0.0,0.0,0.0,0.0,0.0,0.0,0.0,0.0,0.0,0.0,0.0,0.0,0.0,0.0,0.0,0.0,0.0,0.0,0.0,0.0,-0.0115390182885279,0.0,0.0076189973352827,SPY
2010-01-28,-0.9007831867040966,0.0012526539840112141,-1.4358978311320052,-0.07357415095859679,-0.8769354356556975,-0.8515645007033403,-1.4303049130120018,-1.5673655808394351,2.194011792421411,0.7001950393128141,0.0,0.0,0.0,0.0,0.0,0.0,0.0,0.0,0.0,0.0,0.0,0.0,0.0,0.0,0.0,0.0,0.0,0.0,0.0,0.0,0.0,0.0,0.0,0.0,0.0,0.0,0.0,0.0,-0.0109275626775557,-0.0198133497829591,0.0197903501487308,SPY
2010-01-29,-0.8540979634528519,-0.4116565988108964,-1.135151724694704,-0.04828627733017249,-0.894147113917109,-0.857439438843932,-1.7383887399963456,-1.8246233649917862,2.0432970170331237,1.414274966090755,0.0,0.0,0.0,0.0,0.0,0.0,0.0,0.0,0.0,0.0,0.0,0.0,0.0,0.0,0.0,0.0,0.0,0.0,0.0,0.0,0.0,0.0,0.0,0.0,0.0,0.0,0.0,0.0,0.01543116680274,-0.0068211831792037,0.0410489472175745,SPY
2010-02-01,1.1584163521001722,-1.2934543107408407,-0.6916767397814211,0.02619184044602473,-0.9046019112212961,-0.8601650182938491,-1.1485438433116386,-1.4054415241996419,0.3515535169040716,-1.4420447410210082,0.0,0.0,0.0,0.0,0.0,0.0,0.0,0.0,0.0,0.0,0.0,0.0,0.0,0.0,0.0,0.0,0.0,0.0,0.0,0.0,0.0,0.0,0.0,0.0,0.0,0.0,0.0,0.0,0.0120301429240052,-0.0294976220594405,0.028384513678767,SPY
2010-02-02,0.8987449119949842,0.22387726241678302,-0.29780125555316417,-0.02165156965360288,-0.9152850979077893,-0.8635434320514783,-0.6640405153668797,-0.9472173855270659,0.7640828863465403,-0.7279648142430675,0.0,0.0,0.0,0.0,0.0,0.0,0.0,0.0,0.0,0.0,0.0,0.0,0.0,0.0,0.0,0.0,0.0,0.0,0.0,0.0,0.0,0.0,0.0,0.0,0.0,0.0,0.0,0.0,-0.0049947287606615,-0.0290456105669001,0.0172454276954159,SPY
2010-02-03,-0.401120394921952,1.515468381966964,0.32181513799364736,-0.02331350660578868,-0.9245529389486493,-0.8678952104774311,-0.7843879635576184,-1.2488911656846304,0.1506052376425533,-0.013884887465126573,0.0,0.0,0.0,0.0,0.0,0.0,0.0,0.0,0.0,0.0,0.0,0.0,0.0,0.0,0.0,0.0,0.0,0.0,0.0,0.0,0.0,0.0,0.0,0.0,0.0,0.0,0.0,0.0,-0.0313523680714871,-0.0260119397310161,0.0252632470117939,SPY
2010-02-04,-2.4135514749887363,0.3663158587829832,-0.0500698148517804,0.22270999381699824,-0.9365600133921401,-0.8762208945949557,-1.7937194264967378,-1.6960788233571045,2.510844253611571,0.7001950393128141,0.0,0.0,0.0,0.0,0.0,0.0,0.0,0.0,0.0,0.0,0.0,0.0,0.0,0.0,0.0,0.0,0.0,0.0,0.0,0.0,0.0,0.0,0.0,0.0,0.0,0.0,0.0,0.0,0.0020646039261995,0.0157528292509887,0.0708076490057969,SPY
2010-02-05,0.13786643679084024,-2.074366451463028,-0.8064977181122399,0.21496805695483787,-0.9423810758771939,-0.8848443537931664,-1.600309440433666,-1.5197377650580912,3.5871237927396997,1.414274966090755,0.0,0.0,0.0,0.0,0.0,0.0,0.0,0.0,0.0,0.0,0.0,0.0,0.0,0.0,0.0,0.0,0.0,0.0,0.0,0.0,0.0,0.0,0.0,0.0,0.0,0.0,0.0,0.0,-0.0072452720774967,0.0128553148039758,0.0689181926383026,SPY
2010-02-08,-0.5729515389946903,-1.6772112841940423,-0.31048682391494803,0.20486454511091545,-0.9512380295863929,-0.8947847777283618,-1.718821976911758,-1.9466090861534302,0.5803216032650708,-1.4420447410210082,0.0,0.0,0.0,0.0,0.0,0.0,0.0,0.0,0.0,0.0,0.0,0.0,0.0,0.0,0.0,0.0,0.0,0.0,0.0,0.0,0.0,0.0,0.0,0.0,0.0,0.0,0.0,0.0,0.0124821544165456,0.0357133011819215,0.0778248610448857,SPY
2010-02-09,0.9332564236447422,-0.3209559316615799,-1.1762208519057307,0.26936305245476755,-0.9560088119625073,-0.9033852603824118,-1.1507189511064333,-1.4981806174760652,1.746014989846862,-0.7279648142430675,0.0,0.0,0.0,0.0,0.0,0.0,0.0,0.0,0.0,0.0,0.0,0.0,0.0,0.0,0.0,0.0,0.0,0.0,0.0,0.0,0.0,0.0,0.0,0.0,0.0,0.0,0.0,0.0,-0.0019610579247775,0.0279585759389773,0.069788690374251,SPY
2010-02-10,-0.1694967125113016,0.2651311945659462,-1.1589640977830111,0.25950142033622564,-0.9624461938387209,-0.9110009774372047,-1.11259676441655,-1.255615392299506,0.6867905271006678,-0.013884887465126573,0.0,0.0,0.0,0.0,0.0,0.0,0.0,0.0,0.0,0.0,0.0,0.0,0.0,0.0,0.0,0.0,0.0,0.0,0.0,0.0,0.0,0.0,0.0,0.0,0.0,0.0,0.0,0.0,0.0104124009105177,0.035797160653237,0.0759157209479797,SPY
2010-02-11,0.7752287552906573,0.5624189197378121,-1.043145556511217,0.27286145049390287,-0.9634504896640589,-0.9184333945401001,-0.6268406971455406,-0.5707420200074153,0.4927931033060069,0.7001950393128141,0.0,0.0,0.0,0.0,0.0,0.0,0.0,0.0,0.0,0.0,0.0,0.0,0.0,0.0,0.0,0.0,0.0,0.0,0.0,0.0,0.0,0.0,0.0,0.0,0.0,0.0,0.0,0.0,-0.0008329105208133,0.0274566387503831,0.0655899873999876,SPY
2010-02-12,-0.0833615745400589,0.4459754347293752,0.5513367989351484,0.26537184739231917,-0.9619668059412317,-0.926323921776904,-0.5421371404750582,-0.7218871994697148,1.3131136951671811,1.414274966090755,0.0,0.0,0.0,0.0,0.0,0.0,0.0,0.0,0.0,0.0,0.0,0.0,0.0,0.0,0.0,0.0,0.0,0.0,0.0,0.0,0.0,0.0,0.0,0.0,0.0,0.0,0.0,0.0,0.0156127143004489,0.0284694145026707,0.0666826788503263,SPY
2010-02-16,1.1722776779415836,0.5094445458762953,0.44071639391378603,0.33059761229021933,-0.9604145752272515,-0.9307902219135906,0.10141609632542671,-0.2528376088842062,-0.2053169625533287,-0.7279648142430675,0.0,0.0,0.0,0.0,0.0,0.0,0.0,0.0,0.0,0.0,0.0,0.0,0.0,0.0,0.0,0.0,0.0,0.0,0.0,0.0,0.0,0.0,0.0,0.0,0.0,0.0,0.0,0.0,0.0047274291736014,0.0006375988926166,0.0590047152115618,SPY
2010-02-17,0.3411757022931253,0.8020120484779624,1.3133814857851567,0.28809346958934684,-0.9606883221512829,-0.9362871708649405,0.3608424196261173,-0.25284161864507226,-0.1080271014393674,-0.013884887465126573,0.0,0.0,0.0,0.0,0.0,0.0,0.0,0.0,0.0,0.0,0.0,0.0,0.0,0.0,0.0,0.0,0.0,0.0,0.0,0.0,0.0,0.0,0.0,0.0,0.0,0.0,0.0,0.0,0.0058775267894821,0.005065593639653,0.060186759907669,SPY
2010-02-18,0.4289867600291807,1.114834483595354,1.0173239982760873,0.28429032863041553,-0.9582230213739797,-0.9396999155157206,0.6341051353795645,0.15427491415016523,0.1544571305425728,0.7001950393128141,0.0,0.0,0.0,0.0,0.0,0.0,0.0,0.0,0.0,0.0,0.0,0.0,0.0,0.0,0.0,0.0,0.0,0.0,0.0,0.0,0.0,0.0,0.0,0.0,0.0,0.0,0.0,0.0,0.0020718790076639,-0.0021662235869381,0.0537969236519195,SPY
2010-02-19,0.13842189624896264,0.5671368192666704,1.3165830465888868,0.19135983253884045,-0.9474941985938163,-0.9403411975011788,0.7223646711400983,0.5067909530385512,0.4420228659702022,1.414274966090755,0.0,0.0,0.0,0.0,0.0,0.0,0.0,0.0,0.0,0.0,0.0,0.0,0.0,0.0,0.0,0.0,0.0,0.0,0.0,0.0,0.0,0.0,0.0,0.0,0.0,0.0,0.0,0.0,0.0001798652314741,-0.0036057680696819,0.046650601210203,SPY
2010-02-22,-0.006035172998321512,0.417736653963924,0.9981611964633766,0.036414281565096525,-0.9372218992389837,-0.9381080707238074,0.6951995075210693,0.19873240957849173,-0.4991027305539757,-1.4420447410210082,0.0,0.0,0.0,0.0,0.0,0.0,0.0,0.0,0.0,0.0,0.0,0.0,0.0,0.0,0.0,0.0,0.0,0.0,0.0,0.0,0.0,0.0,0.0,0.0,0.0,0.0,0.0,0.0,-0.0122191013096051,0.0065454010901317,0.0518024092916622,SPY
2010-02-23,-0.9527081786391426,0.09718854701262791,1.036826634017749,0.07913732522208135,-0.9282736269171217,-0.9380622573813194,0.234133711238886,-0.4859418697944668,0.2738233679338641,-0.7279648142430675,0.0,0.0,0.0,0.0,0.0,0.0,0.0,0.0,0.0,0.0,0.0,0.0,0.0,0.0,0.0,0.0,0.0,0.0,0.0,0.0,0.0,0.0,0.0,0.0,0.0,0.0,0.0,0.0,0.0091554239206379,0.0215312356636694,0.0710300660273066,SPY
2010-02-24,0.6792573546833217,-0.7068161557132318,-0.025727762712874788,0.09626591601059674,-0.9200559267092279,-0.9363329842074285,0.5523492990078842,-0.0959426428710309,-0.0636992455712781,-0.013884887465126573,0.0,0.0,0.0,0.0,0.0,0.0,0.0,0.0,0.0,0.0,0.0,0.0,0.0,0.0,0.0,0.0,0.0,0.0,0.0,0.0,0.0,0.0,0.0,0.0,0.0,0.0,0.0,0.0,-0.0013542904371091,0.0132668686836856,0.0570077931318495,SPY
2010-02-25,-0.12316943197763079,-0.20185489794986317,0.14332284300700435,0.09200554138926474,-0.9117010860937049,-0.9353710204700398,0.4867020888936181,1.063747915523952,0.7861013444643223,0.7001950393128141,0.0,0.0,0.0,0.0,0.0,0.0,0.0,0.0,0.0,0.0,0.0,0.0,0.0,0.0,0.0,0.0,0.0,0.0,0.0,0.0,0.0,0.0,0.0,0.0,0.0,0.0,0.0,0.0,0.0006323345249201,0.0176442496765112,0.0567347252757333,SPY
2010-02-26,0.028511292190334478,0.4093949142941675,-0.1327712249520677,0.04636566294406453,-0.9057432081782909,-0.9328858737270395,0.4730198798202166,1.0359992313468516,-0.1180895832844677,1.414274966090755,0.0,0.0,0.0,0.0,0.0,0.0,0.0,0.0,0.0,0.0,0.0,0.0,0.0,0.0,0.0,0.0,0.0,0.0,0.0,0.0,0.0,0.0,0.0,0.0,0.0,0.0,0.0,0.0,0.0103310343912879,0.0312039490741069,0.0555023066515607,SPY
2010-03-01,0.7690163433882132,-0.07011060623540749,-0.18772970631237743,0.02217211588702503,-0.8969547318222585,-0.9277324666169199,0.7859769232294556,1.603449921518458,-0.3870895968924214,-1.4420447410210082,0.0,0.0,0.0,0.0,0.0,0.0,0.0,0.0,0.0,0.0,0.0,0.0,0.0,0.0,0.0,0.0,0.0,0.0,0.0,0.0,0.0,0.0,0.0,0.0,0.0,0.0,0.0,0.0,0.0027667332639325,0.0210480622415243,0.0514988094159143,SPY
2010-03-02,0.19147468617986102,0.5873009852953415,0.19981847142202097,-0.037907865225721586,-0.891339310310663,-0.9241365501145903,0.8365952441500843,1.4648145789326004,-0.2535374379831003,-0.7279648142430675,0.0,0.0,0.0,0.0,0.0,0.0,0.0,0.0,0.0,0.0,0.0,0.0,0.0,0.0,0.0,0.0,0.0,0.0,0.0,0.0,0.0,0.0,0.0,0.0,0.0,0.0,0.0,0.0,0.0008910569406541,0.0199427253066781,0.0494134344456833,SPY
2010-03-03,0.04826499715583247,0.7073813846493633,0.771943001057022,-0.07748859485324189,-0.8866826181687224,-0.921937684357453,0.8371385113687222,1.6021041207563014,-0.3575252163640628,-0.013884887465126573,0.0,0.0,0.0,0.0,0.0,0.0,0.0,0.0,0.0,0.0,0.0,0.0,0.0,0.0,0.0,0.0,0.0,0.0,0.0,0.0,0.0,0.0,0.0,0.0,0.0,0.0,0.0,0.0,0.0030230905557164,0.0234976521119349,0.045109722235618,SPY
2010-03-04,0.2110478116598724,0.17629211747261683,0.4564285698818973,-0.08866826523712248,-0.8827334711799575,-0.9187196405895046,0.9034520606731476,1.483677191737287,-0.4943473307167922,0.7001950393128141,0.0,0.0,0.0,0.0,0.0,0.0,0.0,0.0,0.0,0.0,0.0,0.0,0.0,0.0,0.0,0.0,0.0,0.0,0.0,0.0,0.0,0.0,0.0,0.0,0.0,0.0,0.0,0.0,0.0141920339225158,0.0246405342051696,0.0489010233550786,SPY
2010-03-05,1.0638073664057799,0.19071467377012571,0.6235468594415506,-0.49177695345107997,-0.8756342730948863,-0.9097755578667936,1.3110964356643546,1.7566924366821735,-0.0764829900319197,1.414274966090755,0.0,0.0,0.0,0.0,0.0,0.0,0.0,0.0,0.0,0.0,0.0,0.0,0.0,0.0,0.0,0.0,0.0,0.0,0.0,0.0,0.0,0.0,0.0,0.0,0.0,0.0,0.0,0.0,0.0001751475587052,0.0105351676451794,0.042825501653958,SPY
2010-03-08,-0.006395371845940612,0.939022194097669,1.1412248440591304,-0.48738483096487256,-0.8685350285844909,-0.9010604836290926,1.1851127030245283,1.5306991522750861,-0.7153245394781286,-1.4420447410210082,0.0,0.0,0.0,0.0,0.0,0.0,0.0,0.0,0.0,0.0,0.0,0.0,0.0,0.0,0.0,0.0,0.0,0.0,0.0,0.0,0.0,0.0,0.0,0.0,0.0,0.0,0.0,0.0,0.0016613963290863,0.0106198010159994,0.0450048175654114,SPY
2010-03-09,0.10708114943711355,0.7787980868735278,0.7534965564816204,-0.5454264880838094,-0.8579203656764881,-0.8912460172720242,1.100327470117773,1.4739136113792202,-0.2938694385883399,-0.7279648142430675,0.0,0.0,0.0,0.0,0.0,0.0,0.0,0.0,0.0,0.0,0.0,0.0,0.0,0.0,0.0,0.0,0.0,0.0,0.0,0.0,0.0,0.0,0.0,0.0,0.0,0.0,0.0,0.0,0.0044459837459109,0.0168931553485975,0.037614766293661,SPY
2010-03-10,0.31968707353742243,0.07382954520555442,0.7112973468991415,-0.5863765487067469,-0.8484469533001562,-0.8823706196265867,1.1370250980274297,1.448230240434279,0.030529692573296397,-0.013884887465126573,0.0,0.0,0.0,0.0,0.0,0.0,0.0,0.0,0.0,0.0,0.0,0.0,0.0,0.0,0.0,0.0,0.0,0.0,0.0,0.0,0.0,0.0,0.0,0.0,0.0,0.0,0.0,0.0,0.0041659726489511,0.0183566454723953,0.0366268804084031,SPY
2010-03-11,0.29830795731080145,0.3141050408575825,0.8470162363853392,-0.603578581144111,-0.8375355629326529,-0.8727050058734036,1.1516222641832687,1.493408854303773,-0.2442001982409008,0.7001950393128141,0.0,0.0,0.0,0.0,0.0,0.0,0.0,0.0,0.0,0.0,0.0,0.0,0.0,0.0,0.0,0.0,0.0,0.0,0.0,0.0,0.0,0.0,0.0,0.0,0.0,0.0,0.0,0.0,8.666736252571638e-05,0.0136783633571768,0.0390066277534906,SPY
2010-03-12,-0.01315091981676611,0.4550114793804757,0.8906488333429211,-0.6235690237396722,-0.8267611272714825,-0.8643106250331188,1.0294632424424974,1.491663100369479,-0.2418066020829656,1.414274966090755,0.0,0.0,0.0,0.0,0.0,0.0,0.0,0.0,0.0,0.0,0.0,0.0,0.0,0.0,0.0,0.0,0.0,0.0,0.0,0.0,0.0,0.0,0.0,0.0,0.0,0.0,0.0,0.0,0.0002597809295252,0.0085172525605985,0.0405081278932781,SPY
2010-03-15,6.646731349547837e-05,0.20975812411019992,0.35213853757908786,-0.6280783431642655,-0.8185433110002784,-0.855778792519884,0.9126656288344184,2.6136266889730435,-0.4108255807646444,-1.4420447410210082,0.0,0.0,0.0,0.0,0.0,0.0,0.0,0.0,0.0,0.0,0.0,0.0,0.0,0.0,0.0,0.0,0.0,0.0,0.0,0.0,0.0,0.0,0.0,0.0,0.0,0.0,0.0,0.0,0.0079347506616844,0.0135891449440066,0.0409997796289234,SPY
2010-03-16,0.5860577788049351,-0.010002623049475886,0.35536964407730853,-0.7085149115225668,-0.8089329671302756,-0.8481402270212782,1.1027288830604858,2.6112447116381836,-0.1790711168072913,-0.7279648142430675,0.0,0.0,0.0,0.0,0.0,0.0,0.0,0.0,0.0,0.0,0.0,0.0,0.0,0.0,0.0,0.0,0.0,0.0,0.0,0.0,0.0,0.0,0.0,0.0,0.0,0.0,0.0,0.0,0.0059094738697087,0.0126629497083614,0.0443505939193773,SPY
2010-03-18,-0.0588833760617313,0.7493767429453769,0.65074448448099,-0.7036171022491466,-0.7879320074839147,-0.833286886910311,1.0898090455839726,2.71150988001539,0.1166271963664147,0.7001950393128141,0.0,0.0,0.0,0.0,0.0,0.0,0.0,0.0,0.0,0.0,0.0,0.0,0.0,0.0,0.0,0.0,0.0,0.0,0.0,0.0,0.0,0.0,0.0,0.0,0.0,0.0,0.0,0.0,-0.0050744434340526,0.0007715780368755,0.0237377402966414,SPY
2010-03-19,-0.4072066868078772,0.2741485978982046,0.4721384854934162,-0.6679796982435086,-0.782915495866912,-0.8272085952906835,0.8069768456764775,2.077502016906157,0.4219222759821577,1.414274966090755,0.0,0.0,0.0,0.0,0.0,0.0,0.0,0.0,0.0,0.0,0.0,0.0,0.0,0.0,0.0,0.0,0.0,0.0,0.0,0.0,0.0,0.0,0.0,0.0,0.0,0.0,0.0,0.0,0.0053316733129333,0.0052459373716757,0.0325751275622705,SPY
2010-03-22,0.3873103227574203,-0.3438020934133425,0.27509920333687904,-0.6661416221905844,-0.7765236340210575,-0.8204402853260873,0.9111236746985536,2.1125305923949185,-0.0490086371630582,-1.4420447410210082,0.0,0.0,0.0,0.0,0.0,0.0,0.0,0.0,0.0,0.0,0.0,0.0,0.0,0.0,0.0,0.0,0.0,0.0,0.0,0.0,0.0,0.0,0.0,0.0,0.0,0.0,0.0,0.0,0.0070085554260392,0.0062418012143838,0.0361348469624545,SPY
2010-03-23,0.5153418828765528,-0.015022014453430186,0.46873233267494613,-0.8125190240310604,-0.7686859715169069,-0.8111829972535497,1.0435897406988195,2.1814322529728702,-0.0791776417506375,-0.7279648142430675,0.0,0.0,0.0,0.0,0.0,0.0,0.0,0.0,0.0,0.0,0.0,0.0,0.0,0.0,0.0,0.0,0.0,0.0,0.0,0.0,0.0,0.0,0.0,0.0,0.0,0.0,0.0,0.0,-0.0048668489748191,-8.53959179538677e-05,0.027304875077128,SPY
2010-03-24,-0.3913566504338091,0.6647625553150941,0.4333723391461643,-0.790631864657763,-0.7633191111909747,-0.8037378283433271,0.7499695055781039,1.7013711251931052,0.0376472643202505,-0.013884887465126573,0.0,0.0,0.0,0.0,0.0,0.0,0.0,0.0,0.0,0.0,0.0,0.0,0.0,0.0,0.0,0.0,0.0,0.0,0.0,0.0,0.0,0.0,0.0,0.0,0.0,0.0,0.0,0.0,-0.0016273582932253,0.0013687977874541,0.035150711777427,SPY
2010-03-25,-0.1440184250962878,0.09099786610764922,0.021957238547934622,-0.7889164621940875,-0.7594833348438587,-0.796339369478026,0.5818089669519997,1.2281912435066442,0.3256855703788709,0.7001950393128141,0.0,0.0,0.0,0.0,0.0,0.0,0.0,0.0,0.0,0.0,0.0,0.0,0.0,0.0,0.0,0.0,0.0,0.0,0.0,0.0,0.0,0.0,0.0,0.0,0.0,0.0,0.0,0.0,-0.0006000840992523,0.0098105477558565,0.0432844600339281,SPY
2010-03-26,-0.0655850536049064,-0.3948551046807411,-0.020612748629816786,-0.7839597915939762,-0.7558307992512836,-0.7891015484485865,0.455653470858996,1.1657870059780662,0.1020975786239222,1.414274966090755,0.0,0.0,0.0,0.0,0.0,0.0,0.0,0.0,0.0,0.0,0.0,0.0,0.0,0.0,0.0,0.0,0.0,0.0,0.0,0.0,0.0,0.0,0.0,0.0,0.0,0.0,0.0,0.0,0.0063275371556414,0.0185271440765042,0.0401012162632445,SPY
2010-03-29,0.4633454837574949,-0.15480865935495136,0.15020794989576605,-0.8173485364773507,-0.7505505685802725,-0.7823297564836336,0.5978359539150021,1.3062505589308857,-0.7554752038320554,-1.4420447410210082,0.0,0.0,0.0,0.0,0.0,0.0,0.0,0.0,0.0,0.0,0.0,0.0,0.0,0.0,0.0,0.0,0.0,0.0,0.0,0.0,0.0,0.0,0.0,0.0,0.0,0.0,0.0,0.0,0.0006813582937015,0.0145540703910214,0.0098387321089221,SPY
2010-03-30,0.03225430402816538,0.2927305023114415,0.18822772982820749,-0.8148283899740865,-0.7471872163320189,-0.775821024405174,0.5308559351870867,1.1993946505526167,-0.6410341525213057,-0.7279648142430675,0.0,0.0,0.0,0.0,0.0,0.0,0.0,0.0,0.0,0.0,0.0,0.0,0.0,0.0,0.0,0.0,0.0,0.0,0.0,0.0,0.0,0.0,0.0,0.0,0.0,0.0,0.0,0.0,-0.0034126552694111,0.0081440571546558,0.0167248222422662,SPY
2010-03-31,-0.28032756415298343,0.364823926788574,-0.0533300336372179,-0.7917259260316958,-0.7463156040831891,-0.7698867641581676,0.3183884324364671,0.7480511737196098,-0.4686660694115891,-0.013884887465126573,0.0,0.0,0.0,0.0,0.0,0.0,0.0,0.0,0.0,0.0,0.0,0.0,0.0,0.0,0.0,0.0,0.0,0.0,0.0,0.0,0.0,0.0,0.0,0.0,0.0,0.0,0.0,0.0,0.006814391675177,0.01501481028472,0.0324588659603408,SPY
2010-04-01,0.500517293987936,-0.18315531195784598,0.0021877211879847173,-0.7777254978481847,-0.743473376098863,-0.7634219355624682,0.483431420665696,0.9910376411237165,-0.481739106686355,0.7001950393128141,0.0,0.0,0.0,0.0,0.0,0.0,0.0,0.0,0.0,0.0,0.0,0.0,0.0,0.0,0.0,0.0,0.0,0.0,0.0,0.0,0.0,0.0,0.0,0.0,0.0,0.0,0.0,0.0,0.0081165122213953,0.0147461386035816,0.008537167115814,SPY
2010-04-05,0.5999354484858234,0.16188663556499033,0.32447422490376365,-0.8595225579654348,-0.7370783805436263,-0.7576969330559726,0.7092472912673919,1.211525938086271,-1.1551250870361198,-1.4420447410210082,0.0,0.0,0.0,0.0,0.0,0.0,0.0,0.0,0.0,0.0,0.0,0.0,0.0,0.0,0.0,0.0,0.0,0.0,0.0,0.0,0.0,0.0,0.0,0.0,0.0,0.0,0.0,0.0,0.0023544634701586,0.0082177938844996,0.0132993206081559,SPY
2010-04-06,0.15999749140610303,0.8105128792049303,0.6572537271394855,-0.8628417781022757,-0.7314627501180723,-0.7516729326927456,0.713174115125702,1.0671439121285653,-1.08982737327919,-0.7279648142430675,0.0,0.0,0.0,0.0,0.0,0.0,0.0,0.0,0.0,0.0,0.0,0.0,0.0,0.0,0.0,0.0,0.0,0.0,0.0,0.0,0.0,0.0,0.0,0.0,0.0,0.0,0.0,0.0,-0.005728654942664,0.0066147630795114,-0.0128508549409618,SPY
2010-04-07,-0.4571563639144391,0.5595991440343983,0.5055709561628244,-0.8151878633221797,-0.7292852631380271,-0.7466484644052059,0.4259491341895873,0.4488444897948,-0.2009174635925396,-0.013884887465126573,0.0,0.0,0.0,0.0,0.0,0.0,0.0,0.0,0.0,0.0,0.0,0.0,0.0,0.0,0.0,0.0,0.0,0.0,0.0,0.0,0.0,0.0,0.0,0.0,0.0,0.0,0.0,0.0,0.003458097860653,0.0236289829743139,-0.0130961890965171,SPY
2010-04-08,0.24426103725215642,-0.21932429318271826,0.26085146524533903,-0.8183240867677629,-0.7248614172095145,-0.7417365963231867,0.4873460039933471,0.6131200297965215,-0.5349247503473024,0.7001950393128141,0.0,0.0,0.0,0.0,0.0,0.0,0.0,0.0,0.0,0.0,0.0,0.0,0.0,0.0,0.0,0.0,0.0,0.0,0.0,0.0,0.0,0.0,0.0,0.0,0.0,0.0,0.0,0.0,0.0065457199940386,0.0209955768626528,-0.050332180889498,SPY
2010-04-09,0.4800039530517225,-0.15723427413935986,0.5231609404691949,-0.8059304155240486,-0.7182142857186524,-0.7364774598443714,0.6608599980184527,1.1643539806120968,-0.8430477519047309,1.414274966090755,0.0,0.0,0.0,0.0,0.0,0.0,0.0,0.0,0.0,0.0,0.0,0.0,0.0,0.0,0.0,0.0,0.0,0.0,0.0,0.0,0.0,0.0,0.0,0.0,0.0,0.0,0.0,0.0,0.0015881675023132,-0.0015905240996723,-0.0718646887941965,SPY
2010-04-12,0.10149005817066285,0.5333170353606786,0.5129036766215757,-0.808505785185283,-0.7109712155539456,-0.7310112782674129,0.6442578002620712,1.06533093673559,-1.1011989930263026,-1.4420447410210082,0.0,0.0,0.0,0.0,0.0,0.0,0.0,0.0,0.0,0.0,0.0,0.0,0.0,0.0,0.0,0.0,0.0,0.0,0.0,0.0,0.0,0.0,0.0,0.0,0.0,0.0,0.0,0.0,0.0007514326651705,0.0005842522295909,-0.0303545065083872,SPY
2010-04-13,0.03760454960203358,0.4281155188448147,0.26366656317476633,-0.8096322338395177,-0.7052180036801824,-0.7254759457937348,0.5952026711243047,0.8659522455071967,-0.9249996951087468,-0.7279648142430675,0.0,0.0,0.0,0.0,0.0,0.0,0.0,0.0,0.0,0.0,0.0,0.0,0.0,0.0,0.0,0.0,0.0,0.0,0.0,0.0,0.0,0.0,0.0,0.0,0.0,0.0,0.0,0.0,0.0112855649521383,0.0087242122775377,-0.0339508413804603,SPY
2010-04-14,0.841895668614428,0.10213128557808611,0.20246655187117288,-0.7732272341579114,-0.6965307809561878,-0.7194303314082253,0.9390456211487954,1.5841819173650153,-0.4662350153364765,-0.013884887465126573,0.0,0.0,0.0,0.0,0.0,0.0,0.0,0.0,0.0,0.0,0.0,0.0,0.0,0.0,0.0,0.0,0.0,0.0,0.0,0.0,0.0,0.0,0.0,0.0,0.0,0.0,0.0,0.0,0.000824691748992,-0.0043827691338877,-0.0313470819246477,SPY
2010-04-15,0.04319795102319398,0.6477028965360634,0.8520301451867764,-0.7824596972968807,-0.6866976187427798,-0.7140598873728518,0.8950455207224068,1.7390696545591386,-0.6755560684860825,0.7001950393128141,0.0,0.0,0.0,0.0,0.0,0.0,0.0,0.0,0.0,0.0,0.0,0.0,0.0,0.0,0.0,0.0,0.0,0.0,0.0,0.0,0.0,0.0,0.0,0.0,0.0,0.0,0.0,0.0,-0.0160403809682865,-0.0022284731574,-0.0446803730100873,SPY
2010-04-16,-1.2444665512335724,0.6518244226037118,0.7514927860174384,-0.5919696567034617,-0.6831219866997102,-0.7108401317184398,0.2442751121530599,0.6423083901745033,1.9269453510019032,1.414274966090755,0.0,0.0,0.0,0.0,0.0,0.0,0.0,0.0,0.0,0.0,0.0,0.0,0.0,0.0,0.0,0.0,0.0,0.0,0.0,0.0,0.0,0.0,0.0,0.0,0.0,0.0,0.0,0.0,0.0037629438315764,0.0203182977741622,-0.0469110973167685,SPY
2010-04-19,0.26753631996184196,-0.8855221091738077,-0.11079234905117741,-0.6123034701253435,-0.6807153907448331,-0.7064244894464768,0.3245524227077707,0.569811306136454,0.2137631700611031,-1.4420447410210082,0.0,0.0,0.0,0.0,0.0,0.0,0.0,0.0,0.0,0.0,0.0,0.0,0.0,0.0,0.0,0.0,0.0,0.0,0.0,0.0,0.0,0.0,0.0,0.0,0.0,0.0,0.0,0.0,0.0088913927131173,0.0127720260726498,-0.0501470580556127,SPY
2010-04-20,0.6590983183653846,-0.7202172497627738,-0.02776441501551459,-0.5909089940732977,-0.6764978357443175,-0.7014913101248151,0.5913458007483943,0.799069026925151,-0.4923396132041204,-0.7279648142430675,0.0,0.0,0.0,0.0,0.0,0.0,0.0,0.0,0.0,0.0,0.0,0.0,0.0,0.0,0.0,0.0,0.0,0.0,0.0,0.0,0.0,0.0,0.0,0.0,0.0,0.0,0.0,0.0,-0.0018214164592871,-0.0200543136391484,-0.0727341324482067,SPY
2010-04-21,-0.1588349524839712,0.6824341318868969,0.28300044701644816,-0.6007527087355065,-0.6712258687810109,-0.697754017420705,0.470954215768312,0.881123596931817,-0.053738483370842,-0.013884887465126573,0.0,0.0,0.0,0.0,0.0,0.0,0.0,0.0,0.0,0.0,0.0,0.0,0.0,0.0,0.0,0.0,0.0,0.0,0.0,0.0,0.0,0.0,0.0,0.0,0.0,0.0,0.0,0.0,0.0029789877254797,-0.0106654487528157,-0.0766228207965538,SPY
2010-04-22,0.2076805182068965,0.3682603078459775,-0.21739381118442902,-0.6229342535751324,-0.6660685723684304,-0.6929472847875883,0.5170264076959418,0.7875438776264071,-0.9927212795568464,0.7001950393128141,0.0,0.0,0.0,0.0,0.0,0.0,0.0,0.0,0.0,0.0,0.0,0.0,0.0,0.0,0.0,0.0,0.0,0.0,0.0,0.0,0.0,0.0,0.0,0.0,0.0,0.0,0.0,0.0,0.0065063899632757,-0.001323048029632,-0.1180930621925311,SPY
2010-04-23,0.4770010674232385,0.03563082344760391,-0.1351477696847437,-0.6184919798587623,-0.6608883882710285,-0.6870136766878061,0.6811878375008769,0.7488475372464248,-0.2085705650390931,1.414274966090755,0.0,0.0,0.0,0.0,0.0,0.0,0.0,0.0,0.0,0.0,0.0,0.0,0.0,0.0,0.0,0.0,0.0,0.0,0.0,0.0,0.0,0.0,0.0,0.0,0.0,0.0,0.0,0.0,-0.0037833278699359,-0.0249367451622575,-0.1101056250892895,SPY
2010-04-26,-0.30862877326463967,0.5041498038453576,0.7256358357066067,-0.6031500482596516,-0.6571980624645698,-0.681528536259406,0.4627817369379357,0.4679725819252204,-0.6089099479790975,-1.4420447410210082,0.0,0.0,0.0,0.0,0.0,0.0,0.0,0.0,0.0,0.0,0.0,0.0,0.0,0.0,0.0,0.0,0.0,0.0,0.0,0.0,0.0,0.0,0.0,0.0,0.0,0.0,0.0,0.0,-0.0239349469986809,-0.0082747515785843,-0.1192366134438955,SPY
2010-04-27,-1.8472242510356156,0.12370469655899621,0.43753662264379434,-0.31473438896560507,-0.6602924728098458,-0.6801946506310553,-0.4461014596673268,-0.30639287982671526,2.047806341806926,-0.7279648142430675,0.0,0.0,0.0,0.0,0.0,0.0,0.0,0.0,0.0,0.0,0.0,0.0,0.0,0.0,0.0,0.0,0.0,0.0,0.0,0.0,0.0,0.0,0.0,0.0,0.0,0.0,0.0,0.0,0.0075674484270455,-0.0081355166588625,-0.0942812893584879,SPY
2010-04-28,0.5580139003661815,-1.5889124599491984,-0.8156971612400039,-0.29527456529632123,-0.664441295117912,-0.6779177950532159,-0.1974576805472407,-0.17612525021435207,1.30946683031587,-0.013884887465126573,0.0,0.0,0.0,0.0,0.0,0.0,0.0,0.0,0.0,0.0,0.0,0.0,0.0,0.0,0.0,0.0,0.0,0.0,0.0,0.0,0.0,0.0,0.0,0.0,0.0,0.0,0.0,0.0,0.0123213884486634,-0.0216769541841275,-0.1078954833170202,SPY
2010-04-29,0.920981787567972,-0.9503224318505242,-0.4572519988741416,-0.25492394994510853,-0.6654269047502673,-0.673479094718689,0.2011163295613633,-0.00806187047385999,0.0042233110376563975,0.7001950393128141,0.0,0.0,0.0,0.0,0.0,0.0,0.0,0.0,0.0,0.0,0.0,0.0,0.0,0.0,0.0,0.0,0.0,0.0,0.0,0.0,0.0,0.0,0.0,0.0,0.0,0.0,0.0,0.0,-0.0171073071693497,-0.0677762365651188,-0.0872672133946883,SPY
2010-04-30,-1.3259273915553123,1.0894441591122088,-0.10058073087205721,-0.1447864331455698,-0.6666875380030689,-0.6723176903856084,-0.4489677740322548,-0.544742236083376,0.9112070813034971,1.414274966090755,0.0,0.0,0.0,0.0,0.0,0.0,0.0,0.0,0.0,0.0,0.0,0.0,0.0,0.0,0.0,0.0,0.0,0.0,0.0,0.0,0.0,0.0,0.0,0.0,0.0,0.0,0.0,0.0,0.0128786657137371,-0.0656557173064289,-0.082788843878502,SPY
2010-05-03,0.9635304420670991,-0.2987474902836288,-1.0020971128026925,-0.11140121106211788,-0.6654497227971027,-0.6704893374156088,0.0028917602522808114,-0.23628167502959208,-0.1192010924528968,-1.4420447410210082,0.0,0.0,0.0,0.0,0.0,0.0,0.0,0.0,0.0,0.0,0.0,0.0,0.0,0.0,0.0,0.0,0.0,0.0,0.0,0.0,0.0,0.0,0.0,0.0,0.0,0.0,0.0,0.0,-0.0237957120789591,-0.0354360332320435,-0.1126346066100261,SPY
2010-05-04,-1.8365935311682384,-0.2673952994685563,-0.36598070600119653,0.07100988053412945,-0.6731512430380926,-0.6722371967853845,-0.8491934083773142,-1.009431866843171,2.450033732715964,-0.7279648142430675,0.0,0.0,0.0,0.0,0.0,0.0,0.0,0.0,0.0,0.0,0.0,0.0,0.0,0.0,0.0,0.0,0.0,0.0,0.0,0.0,0.0,0.0,0.0,0.0,0.0,0.0,0.0,0.0,-0.0059739890982193,-0.014485223359987,-0.063133050566865,SPY
2010-05-05,-0.47588786235476577,-0.6436822218263335,-0.36066503855780513,0.07178840687978955,-0.681952973824179,-0.6740080326993221,-1.042561045886359,-1.127619203042219,1.8992200106024275,-0.013884887465126573,0.0,0.0,0.0,0.0,0.0,0.0,0.0,0.0,0.0,0.0,0.0,0.0,0.0,0.0,0.0,0.0,0.0,0.0,0.0,0.0,0.0,0.0,0.0,0.0,0.0,0.0,0.0,0.0,-0.0337778939323278,0.0053780901461832,-0.0537201970996665,SPY
2010-05-06,-2.5987427043814524,-1.704324864330305,-0.877645827095568,0.35335261461192813,-0.700473312336257,-0.6807120945168649,-2.1586556002674926,-1.3586502313931945,4.697988048376444,0.7001950393128141,0.0,0.0,0.0,0.0,0.0,0.0,0.0,0.0,0.0,0.0,0.0,0.0,0.0,0.0,0.0,0.0,0.0,0.0,0.0,0.0,0.0,0.0,0.0,0.0,0.0,0.0,0.0,0.0,-0.0149867879106597,0.0266473847420636,-0.0557114915584016,SPY
2010-05-07,-1.1640237092207855,-2.265918329256931,-2.6376098864418807,0.3661747636782481,-0.7246550798561935,-0.6902449380825274,-2.55996807678679,-1.6164856883421705,3.767324075821324,1.414274966090755,0.0,0.0,0.0,0.0,0.0,0.0,0.0,0.0,0.0,0.0,0.0,0.0,0.0,0.0,0.0,0.0,0.0,0.0,0.0,0.0,0.0,0.0,0.0,0.0,0.0,0.0,0.0,0.0,0.0430983497881225,0.0233630673777556,-0.0532536431346297,SPY
2010-05-10,3.270832349644022,-2.772974701111829,-2.556653361964945,0.8315188732661243,-0.7365512674128794,-0.6943617105981065,-0.9794326184172112,-0.9352816371707151,1.5994013823004352,-1.4420447410210082,0.0,0.0,0.0,0.0,0.0,0.0,0.0,0.0,0.0,0.0,0.0,0.0,0.0,0.0,0.0,0.0,0.0,0.0,0.0,0.0,0.0,0.0,0.0,0.0,0.0,0.0,0.0,0.0,-0.0028449022069025,-0.0192082993176345,-0.0856970374232393,SPY
2010-05-11,-0.23697907245683467,1.552051301789661,-1.402935665967813,0.8307045546829029,-0.7426254175527033,-0.6989614563605105,-1.0215340462552769,-0.9464502748833103,0.934651436916528,-0.7279648142430675,0.0,0.0,0.0,0.0,0.0,0.0,0.0,0.0,0.0,0.0,0.0,0.0,0.0,0.0,0.0,0.0,0.0,0.0,0.0,0.0,0.0,0.0,0.0,0.0,0.0,0.0,0.0,0.0,0.0138893244079509,-0.0300590787902086,-0.0882126428770782,SPY
2010-05-12,1.0406952041913087,2.235148821277833,-0.6030821653367157,0.8456045967021432,-0.7470491706305674,-0.7032622042661826,-0.4575005590978862,-0.7665653334269696,0.2315871574906409,-0.013884887465126573,0.0,0.0,0.0,0.0,0.0,0.0,0.0,0.0,0.0,0.0,0.0,0.0,0.0,0.0,0.0,0.0,0.0,0.0,0.0,0.0,0.0,0.0,0.0,0.0,0.0,0.0,0.0,0.0,-0.0125085993364475,-0.0496585080057938,-0.0732892849846651,SPY
2010-05-13,-0.9748116310752786,0.5918610099217999,0.15525323740271435,0.8665853033137109,-0.7582117684272125,-0.7093567995664113,-0.8331042021808506,-1.017909601356438,0.2127684209083139,0.7001950393128141,0.0,0.0,0.0,0.0,0.0,0.0,0.0,0.0,0.0,0.0,0.0,0.0,0.0,0.0,0.0,0.0,0.0,0.0,0.0,0.0,0.0,0.0,0.0,0.0,0.0,0.0,0.0,0.0,-0.0182711052749677,-0.0756411623398438,-0.0559369580959367,SPY
2010-05-14,-1.41478449484326,0.048185365187770716,0.9672657487261784,0.8797265347278926,-0.7694890135619218,-0.7156468876425287,-1.409008954309062,-1.1586411056689379,1.113502943807494,1.414274966090755,0.0,0.0,0.0,0.0,0.0,0.0,0.0,0.0,0.0,0.0,0.0,0.0,0.0,0.0,0.0,0.0,0.0,0.0,0.0,0.0,0.0,0.0,0.0,0.0,0.0,0.0,0.0,0.0,0.0005269830927323,-0.0428762299983587,-0.0392171563311807,SPY
2010-05-17,0.020467609144061084,-1.7611472441018647,0.8418781022787242,0.8738737781449433,-0.7841585339218491,-0.7223853968080838,-1.301015159703926,-0.89184285687491,0.9250790930661328,-1.4420447410210082,0.0,0.0,0.0,0.0,0.0,0.0,0.0,0.0,0.0,0.0,0.0,0.0,0.0,0.0,0.0,0.0,0.0,0.0,0.0,0.0,0.0,0.0,0.0,0.0,0.0,0.0,0.0,0.0,-0.0136956816794766,-0.056317529315633,-0.0172613186883481,SPY
2010-05-18,-1.0654465082559932,-1.0277707126705942,-0.783398289703325,0.8678718447071467,-0.7958940898568698,-0.7321367213392826,-1.6615020407001002,-1.1691534913747221,1.1682477225495451,-0.7279648142430675,0.0,0.0,0.0,0.0,0.0,0.0,0.0,0.0,0.0,0.0,0.0,0.0,0.0,0.0,0.0,0.0,0.0,0.0,0.0,0.0,0.0,0.0,0.0,0.0,0.0,0.0,0.0,0.0,-0.0057101048076342,-0.0416014705494296,-0.0039225029698801,SPY
2010-05-19,-0.45574004328598,-0.7703592541093803,-1.197655972280563,0.867921017973153,-0.807492157194329,-0.7423710307627924,-1.7293646533328155,-1.4568026763940576,1.390901565004381,-0.013884887465126573,0.0,0.0,0.0,0.0,0.0,0.0,0.0,0.0,0.0,0.0,0.0,0.0,0.0,0.0,0.0,0.0,0.0,0.0,0.0,0.0,0.0,0.0,0.0,0.0,0.0,0.0,0.0,0.0,-0.0384912536704975,-0.0419381112732821,0.0033942125680255,SPY
2010-05-20,-2.9586122479612658,-1.1212552662709614,-1.945916882679366,1.0711624594488398,-0.8198695664488093,-0.7578720229401386,-2.871202099007549,-1.6140102368288873,2.2858988619134224,0.7001950393128141,0.0,0.0,0.0,0.0,0.0,0.0,0.0,0.0,0.0,0.0,0.0,0.0,0.0,0.0,0.0,0.0,0.0,0.0,0.0,0.0,0.0,0.0,0.0,0.0,0.0,0.0,0.0,0.0,0.0144938270665173,0.0295028007682107,0.0429687598057002,SPY
2010-05-21,1.0868495628474864,-2.516243996573003,-2.9378745755653295,1.1179311673652306,-0.8247975913979237,-0.7724760215472898,-2.178438579727008,-1.609233971192193,1.9482962217827369,1.414274966090755,0.0,0.0,0.0,0.0,0.0,0.0,0.0,0.0,0.0,0.0,0.0,0.0,0.0,0.0,0.0,0.0,0.0,0.0,0.0,0.0,0.0,0.0,0.0,0.0,0.0,0.0,0.0,0.0,-0.0129143162245419,0.0023800360485299,0.0256070000406678,SPY
2010-05-24,-1.0057885052058007,-1.3795790596867752,-1.6869851831589706,1.1264655565988861,-0.8441658884561616,-0.7881610007602153,-2.422708209283283,-1.508432943139757,0.2720423732178943,-1.4420447410210082,0.0,0.0,0.0,0.0,0.0,0.0,0.0,0.0,0.0,0.0,0.0,0.0,0.0,0.0,0.0,0.0,0.0,0.0,0.0,0.0,0.0,0.0,0.0,0.0,0.0,0.0,0.0,0.0,0.0010203770867267,-0.0016727447447149,0.0218676349511612,SPY
2010-05-25,0.058138714531135775,0.05936897126280411,-2.2001429263492063,1.0713838136390785,-0.862525757835209,-0.8004192258025304,-2.224905659612321,-1.4367526617315374,1.1432945666579917,-0.7279648142430675,0.0,0.0,0.0,0.0,0.0,0.0,0.0,0.0,0.0,0.0,0.0,0.0,0.0,0.0,0.0,0.0,0.0,0.0,0.0,0.0,0.0,0.0,0.0,0.0,0.0,0.0,0.0,0.0,-0.0060467455314867,0.0230127221327602,0.0177394638648245,SPY
2010-05-26,-0.4814428859232834,-0.6986418093274671,-1.6383178135481926,1.0423442116185695,-0.8860887686344658,-0.8144598157900642,-2.2492084047158247,-1.1450488598517268,0.7840150557322805,-0.013884887465126573,0.0,0.0,0.0,0.0,0.0,0.0,0.0,0.0,0.0,0.0,0.0,0.0,0.0,0.0,0.0,0.0,0.0,0.0,0.0,0.0,0.0,0.0,0.0,0.0,0.0,0.0,0.0,0.0,0.0329496583709953,0.0324983320332261,0.0070769668535559,SPY
2010-05-27,2.4959700112916856,-0.3122750933334255,-1.6511699783605676,1.2435445606411695,-0.8980765533557596,-0.8260740570941355,-0.9168837998507408,-0.40432164818405086,0.4200022618207973,0.7001950393128141,0.0,0.0,0.0,0.0,0.0,0.0,0.0,0.0,0.0,0.0,0.0,0.0,0.0,0.0,0.0,0.0,0.0,0.0,0.0,0.0,0.0,0.0,0.0,0.0,0.0,0.0,0.0,0.0,-0.0126289376531634,-0.0362205147288321,-0.0216919319315991,SPY
2010-05-28,-0.9839995771514102,1.4840532016673114,1.076278933334288,1.2272780544551054,-0.908436851912577,-0.8369293271297834,-1.222392827575817,-1.3605880110864101,0.3815649703190657,1.414274966090755,0.0,0.0,0.0,0.0,0.0,0.0,0.0,0.0,0.0,0.0,0.0,0.0,0.0,0.0,0.0,0.0,0.0,0.0,0.0,0.0,0.0,0.0,0.0,0.0,0.0,0.0,0.0,0.0,-0.0169670970177868,-0.0361205165625566,-0.0122204980351918,SPY
2010-06-01,-1.3152222118000763,1.1137417672810852,0.04079446088125022,1.1980136167345405,-0.9231523333434429,-0.8516713946206508,-1.625642140039555,-1.5026921595384133,0.2266086238812053,-0.7279648142430675,0.0,0.0,0.0,0.0,0.0,0.0,0.0,0.0,0.0,0.0,0.0,0.0,0.0,0.0,0.0,0.0,0.0,0.0,0.0,0.0,0.0,0.0,0.0,0.0,0.0,0.0,0.0,0.0,0.0257058439642019,-0.0084984640452567,-0.026615146216474,SPY
2010-06-02,1.9428978230521559,-1.694554457779208,-0.11393134325536731,1.2883423217780694,-0.9278971871760029,-0.8599393986453071,-0.581574338144055,-1.2870753866438673,-0.0588947079401977,-0.013884887465126573,0.0,0.0,0.0,0.0,0.0,0.0,0.0,0.0,0.0,0.0,0.0,0.0,0.0,0.0,0.0,0.0,0.0,0.0,0.0,0.0,0.0,0.0,0.0,0.0,0.0,0.0,0.0,0.0,0.0034388643689791,-0.0395648156702002,-0.0618664669348101,SPY
2010-06-03,0.24279254168749992,0.4621446639099201,0.8285027305221992,1.293558775130622,-0.9303039688321761,-0.8669654465092285,-0.354663903834447,-1.0763472197363442,-0.166938190197892,0.7001950393128141,0.0,0.0,0.0,0.0,0.0,0.0,0.0,0.0,0.0,0.0,0.0,0.0,0.0,0.0,0.0,0.0,0.0,0.0,0.0,0.0,0.0,0.0,0.0,0.0,0.0,0.0,0.0,0.0,-0.0357691883910629,-0.0141909977388152,-0.0697718476195463,SPY
2010-06-04,-2.7507799491083498,1.6101756984763127,1.19064139393626,1.3148331343965267,-0.9319542962561501,-0.8740029768224877,-1.5518526710191587,-1.2527011427499348,1.0463525911593414,1.414274966090755,0.0,0.0,0.0,0.0,0.0,0.0,0.0,0.0,0.0,0.0,0.0,0.0,0.0,0.0,0.0,0.0,0.0,0.0,0.0,0.0,0.0,0.0,0.0,0.0,0.0,0.0,0.0,0.0,-0.0125289394868879,0.0264219182045284,-0.0394670722764924,SPY
2010-06-07,-0.9763646210997942,-1.848384457409687,-1.4328853564675381,1.3058099543656547,-0.9402517783836483,-0.880638039134631,-1.9042311335850977,-1.377445719291999,0.0705614259564083,-1.4420447410210082,0.0,0.0,0.0,0.0,0.0,0.0,0.0,0.0,0.0,0.0,0.0,0.0,0.0,0.0,0.0,0.0,0.0,0.0,0.0,0.0,0.0,0.0,0.0,0.0,0.0,0.0,0.0,0.0,0.010654955499513,0.0373995541812046,-0.020403791492547,SPY
2010-06-08,0.7937480311541252,-2.7467265660198152,-1.4290676575890415,0.9550384382270989,-0.9427501572044301,-0.8916082617640004,-1.371843475010528,-1.0607584930083442,0.720048142024169,-0.7279648142430675,0.0,0.0,0.0,0.0,0.0,0.0,0.0,0.0,0.0,0.0,0.0,0.0,0.0,0.0,0.0,0.0,0.0,0.0,0.0,0.0,0.0,0.0,0.0,0.0,0.0,0.0,0.0,0.0,-0.0053605076607414,0.0492274194172566,-4.844293484929096e-05,SPY
2010-06-09,-0.4290479653038375,-0.13492323416986218,-0.37452153094760565,0.9548025930063089,-0.9468071037959427,-0.9028544824149682,-1.4048674282062386,-1.0540364206656059,0.057440556619518,-0.013884887465126573,0.0,0.0,0.0,0.0,0.0,0.0,0.0,0.0,0.0,0.0,0.0,0.0,0.0,0.0,0.0,0.0,0.0,0.0,0.0,0.0,0.0,0.0,0.0,0.0,0.0,0.0,0.0,0.0,0.028812682300364,0.0542310611169893,0.01515856499429,SPY
2010-06-10,2.1801079143924547,0.2683698060162613,-1.560563037256619,1.0955916859823722,-0.9422685641040419,-0.9123988084299682,-0.2184870472219642,-0.12926473000553487,0.4033151678761623,0.7001950393128141,0.0,0.0,0.0,0.0,0.0,0.0,0.0,0.0,0.0,0.0,0.0,0.0,0.0,0.0,0.0,0.0,0.0,0.0,0.0,0.0,0.0,0.0,0.0,0.0,0.0,0.0,0.0,0.0,0.0048437275522807,0.0270249895468968,-0.0062162028281367,SPY
2010-06-11,0.3500551952194693,1.289916083079886,-0.5918493111173898,1.0918173726697558,-0.9447440320273409,-0.9196548313542499,0.06854404771592681,-0.2620228230821591,-0.3591565821601186,1.414274966090755,0.0,0.0,0.0,0.0,0.0,0.0,0.0,0.0,0.0,0.0,0.0,0.0,0.0,0.0,0.0,0.0,0.0,0.0,0.0,0.0,0.0,0.0,0.0,0.0,0.0,0.0,0.0,0.0,-0.0015513035102117,0.0232645555617931,-0.0104116568874799,SPY
2010-06-14,-0.138211569356311,1.8640021791244596,0.9586579574081332,1.0458413800105615,-0.9444231866119281,-0.9246914924657816,0.08556035079011862,-0.07948502625072859,-0.4114733527194414,-1.4420447410210082,0.0,0.0,0.0,0.0,0.0,0.0,0.0,0.0,0.0,0.0,0.0,0.0,0.0,0.0,0.0,0.0,0.0,0.0,0.0,0.0,0.0,0.0,0.0,0.0,0.0,0.0,0.0,0.0,0.0224828207355649,0.0219479263734898,0.0061154606968463,SPY
2010-06-15,1.6968169035662322,0.15573676672973724,1.3777587281286712,1.1482119444808272,-0.9341774425425269,-0.9269339006956091,0.9677808998361578,0.20470901754590962,-0.1854634521417851,-0.7279648142430675,0.0,0.0,0.0,0.0,0.0,0.0,0.0,0.0,0.0,0.0,0.0,0.0,0.0,0.0,0.0,0.0,0.0,0.0,0.0,0.0,0.0,0.0,0.0,0.0,0.0,0.0,0.0,0.0,-0.0003568659610087,-0.0171885756761236,-0.0164585422836864,SPY
2010-06-16,-0.047015115118937,1.1481049287684917,1.8293192869721377,1.1173702373410124,-0.9304411788777923,-0.9274398970685397,0.9618722263946584,0.3005940350477164,-0.3505045221547735,-0.013884887465126573,0.0,0.0,0.0,0.0,0.0,0.0,0.0,0.0,0.0,0.0,0.0,0.0,0.0,0.0,0.0,0.0,0.0,0.0,0.0,0.0,0.0,0.0,0.0,0.0,0.0,0.0,0.0,0.0,0.0016066107302714,-0.0199395037147249,-0.0158281545265888,SPY
2010-06-17,0.10289821634151226,1.215303496351089,2.0203467629444587,1.1120238580588346,-0.9271634349273276,-0.927002946782953,1.0165802696449824,-0.12376848382502469,-0.016698394613122204,0.7001950393128141,0.0,0.0,0.0,0.0,0.0,0.0,0.0,0.0,0.0,0.0,0.0,0.0,0.0,0.0,0.0,0.0,0.0,0.0,0.0,0.0,0.0,0.0,0.0,0.0,0.0,0.0,0.0,0.0,0.0010832935671771,-0.0382553569877517,-0.0453553812346578,SPY
2010-06-18,0.06294244824998957,0.040816466999679016,0.9816818274766134,0.8121756779859108,-0.9146907144823045,-0.9215734950692906,0.9752108770655932,0.14409978625195133,-0.6698035443220531,1.414274966090755,0.0,0.0,0.0,0.0,0.0,0.0,0.0,0.0,0.0,0.0,0.0,0.0,0.0,0.0,0.0,0.0,0.0,0.0,0.0,0.0,0.0,0.0,0.0,0.0,0.0,0.0,0.0,0.0,-0.002867932698515,-0.0351578909690886,-0.0405496032798149,SPY
2010-06-21,-0.23873747261413467,0.12183925253509431,0.8381171488200121,0.783014725697985,-0.8999064075083402,-0.9183191406755471,0.8165292371307504,0.464124423564898,-0.3805520935698119,-1.4420447410210082,0.0,0.0,0.0,0.0,0.0,0.0,0.0,0.0,0.0,0.0,0.0,0.0,0.0,0.0,0.0,0.0,0.0,0.0,0.0,0.0,0.0,0.0,0.0,0.0,0.0,0.0,0.0,0.0,-0.0166536813140485,-0.0354474620273297,-0.0266512633855535,SPY
2010-06-22,-1.2912926217580383,-0.12989672914197467,0.7878512893268151,0.8075144540262608,-0.8919498033236386,-0.9155808210637895,0.1477368499918916,-0.38616170562877117,-0.1922778314153947,-0.7279648142430675,0.0,0.0,0.0,0.0,0.0,0.0,0.0,0.0,0.0,0.0,0.0,0.0,0.0,0.0,0.0,0.0,0.0,0.0,0.0,0.0,0.0,0.0,0.0,0.0,0.0,0.0,0.0,0.0,-0.00310779399961,-0.0501555259123502,-0.0230807924999023,SPY
2010-06-23,-0.25705111335928965,-1.1277716754396547,-0.7062899089373594,0.810937283854987,-0.8834696839708143,-0.9133617736791655,-0.0010182759129522888,-0.5259789861392934,-0.0953546687842679,-0.013884887465126573,0.0,0.0,0.0,0.0,0.0,0.0,0.0,0.0,0.0,0.0,0.0,0.0,0.0,0.0,0.0,0.0,0.0,0.0,0.0,0.0,0.0,0.0,0.0,0.0,0.0,0.0,0.0,0.0,-0.0167092425427552,-0.0565932086668743,0.0021035069203119,SPY
2010-06-24,-1.2955347749409352,-1.1412661740535317,-0.8113139836674839,0.8624546806552096,-0.886263629617992,-0.9124865338770867,-0.6303432056336953,-0.09313384801053719,-0.007324264643568302,0.7001950393128141,0.0,0.0,0.0,0.0,0.0,0.0,0.0,0.0,0.0,0.0,0.0,0.0,0.0,0.0,0.0,0.0,0.0,0.0,0.0,0.0,0.0,0.0,0.0,0.0,0.0,0.0,0.0,0.0,0.0041807595858402,-0.0443504824398761,0.0274539722930677,SPY
2010-06-25,0.2994369541463561,-1.1443920260369336,-1.5105709311049056,0.6341876908788907,-0.889235894935348,-0.9152195897291074,-0.4371734973612076,0.34598943964616374,-0.2420646002651694,1.414274966090755,0.0,0.0,0.0,0.0,0.0,0.0,0.0,0.0,0.0,0.0,0.0,0.0,0.0,0.0,0.0,0.0,0.0,0.0,0.0,0.0,0.0,0.0,0.0,0.0,0.0,0.0,0.0,0.0,-0.0031575037567561,-0.0539956550737255,0.0336352411962002,SPY
2010-06-28,-0.26084650106771373,-0.7343409848434659,-1.3923168371942933,0.6044454745810409,-0.8926016380877975,-0.9167471747284811,-0.5308343947793068,0.01857850435456951,-0.7686520147492446,-1.4420447410210082,0.0,0.0,0.0,0.0,0.0,0.0,0.0,0.0,0.0,0.0,0.0,0.0,0.0,0.0,0.0,0.0,0.0,0.0,0.0,0.0,0.0,0.0,0.0,0.0,0.0,0.0,0.0,0.0,-0.031361745199069,-0.0443038100199117,0.0367032060632697,SPY
2010-06-29,-2.4142674276871188,0.028074291937066512,-1.4033719909582782,0.7491626269169663,-0.9093207204469901,-0.9199947630947755,-1.617399955087849,-0.6170475864682965,0.7507650069653774,-0.7279648142430675,0.0,0.0,0.0,0.0,0.0,0.0,0.0,0.0,0.0,0.0,0.0,0.0,0.0,0.0,0.0,0.0,0.0,0.0,0.0,0.0,0.0,0.0,0.0,0.0,0.0,0.0,0.0,0.0,-0.009545476754134,0.018068239236368,0.0615890783203312,SPY
2010-06-30,-0.7485743755921488,-1.9715324781592043,-1.9648918776730298,0.5914043108030169,-0.9282281997374109,-0.9276059617009444,-1.8483580049417476,-1.6424688891222867,0.0455067419845371,-0.013884887465126573,0.0,0.0,0.0,0.0,0.0,0.0,0.0,0.0,0.0,0.0,0.0,0.0,0.0,0.0,0.0,0.0,0.0,0.0,0.0,0.0,0.0,0.0,0.0,0.0,0.0,0.0,0.0,0.0,-0.0044665163157571,0.0374602162588999,0.0662504596684296,SPY
2010-07-01,-0.36079086736190663,-2.3309172241147675,-2.210667726845638,0.581458354866378,-0.9486077099942893,-0.9361856920986866,-1.8848804395079997,-1.8881317773823934,0.7869101371417127,0.7001950393128141,0.0,0.0,0.0,0.0,0.0,0.0,0.0,0.0,0.0,0.0,0.0,0.0,0.0,0.0,0.0,0.0,0.0,0.0,0.0,0.0,0.0,0.0,0.0,0.0,0.0,0.0,0.0,0.0,-0.005464413048009,0.0493646470525943,0.0705359191776908,SPY
2010-07-02,-0.43698124143140826,-0.8178026565338918,-1.743268734170256,0.31790107116368393,-0.9705554909146529,-0.940939204860128,-2.0103234280702336,-1.9341949727130499,-0.386691189437746,1.414274966090755,0.0,0.0,0.0,0.0,0.0,0.0,0.0,0.0,0.0,0.0,0.0,0.0,0.0,0.0,0.0,0.0,0.0,0.0,0.0,0.0,0.0,0.0,0.0,0.0,0.0,0.0,0.0,0.0,0.0065343412970575,0.055477333593541,0.0983297512433942,SPY
2010-07-06,0.4791351786070391,-0.5882036829852764,-2.11149913397286,0.30286950257871975,-0.9902233473771661,-0.9433892171714339,-1.7446500396443922,-2.677674337297269,-0.2215902929270214,-0.7279648142430675,0.0,0.0,0.0,0.0,0.0,0.0,0.0,0.0,0.0,0.0,0.0,0.0,0.0,0.0,0.0,0.0,0.0,0.0,0.0,0.0,0.0,0.0,0.0,0.0,0.0,0.0,0.0,0.0,0.0310103040572107,0.0639188063705979,0.0869952019581195,SPY
2010-07-07,2.34789844652455,0.030700063179199513,-1.7414868890425772,0.5186282548485329,-0.9981917900195337,-0.9433951563693671,-0.6274677250522198,-1.4700449680807606,-0.271006166810275,-0.013884887465126573,0.0,0.0,0.0,0.0,0.0,0.0,0.0,0.0,0.0,0.0,0.0,0.0,0.0,0.0,0.0,0.0,0.0,0.0,0.0,0.0,0.0,0.0,0.0,0.0,0.0,0.0,0.0,0.0,0.0098465002683978,0.0328173200684194,0.0626460101673771,SPY
2010-07-08,0.7320216976705883,2.0827527168208326,0.6397338009370592,0.5318833977063054,-1.0029591137089968,-0.9415324957971895,-0.2931005120106331,-1.2320262457101987,-0.6395971037077703,0.7001950393128141,0.0,0.0,0.0,0.0,0.0,0.0,0.0,0.0,0.0,0.0,0.0,0.0,0.0,0.0,0.0,0.0,0.0,0.0,0.0,0.0,0.0,0.0,0.0,0.0,0.0,0.0,0.0,0.0,0.0074379144779372,0.0232443415961105,0.051736777008144,SPY
2010-07-09,0.5481238589237271,2.2690934247368144,1.3800746660564385,0.34468007348591495,-1.001715541762832,-0.9423102978167068,-0.0058495949717902885,-1.0641886373560598,-1.174979887360373,1.414274966090755,0.0,0.0,0.0,0.0,0.0,0.0,0.0,0.0,0.0,0.0,0.0,0.0,0.0,0.0,0.0,0.0,0.0,0.0,0.0,0.0,0.0,0.0,0.0,0.0,0.0,0.0,0.0,0.0,0.0006482734929376,-0.0121141888596243,0.0402141845658006,SPY
2010-07-12,0.02972824770916328,0.9429204362175934,1.834558320936862,0.3378320915442631,-1.0013471800281204,-0.9436166418703285,0.03783184492376821,-0.9994634015893388,-1.2819481475951522,-1.4420447410210082,0.0,0.0,0.0,0.0,0.0,0.0,0.0,0.0,0.0,0.0,0.0,0.0,0.0,0.0,0.0,0.0,0.0,0.0,0.0,0.0,0.0,0.0,0.0,0.0,0.0,0.0,0.0,0.0,0.0149758140741145,-0.0068733908305418,0.0448905870717695,SPY
2010-07-13,1.1236497338657843,0.425431963066982,2.0679265657872885,0.39519405388328344,-0.9964416945738955,-0.9428441734834645,0.5881420660567248,-0.3222753990682899,-0.5934353609079426,-0.7279648142430675,0.0,0.0,0.0,0.0,0.0,0.0,0.0,0.0,0.0,0.0,0.0,0.0,0.0,0.0,0.0,0.0,0.0,0.0,0.0,0.0,0.0,0.0,0.0,0.0,0.0,0.0,0.0,0.0,-9.118224496784676e-05,-0.01081879770891,0.0245010400006417,SPY
2010-07-14,-0.02672990818810801,0.8495111087557103,2.3902024869781244,0.26068592386374756,-0.9839132173145317,-0.9449465447424177,0.6166600869475527,-0.25525968573184626,-0.8195939839267294,-0.013884887465126573,0.0,0.0,0.0,0.0,0.0,0.0,0.0,0.0,0.0,0.0,0.0,0.0,0.0,0.0,0.0,0.0,0.0,0.0,0.0,0.0,0.0,0.0,0.0,0.0,0.0,0.0,0.0,0.0,0.0002735217960889,-0.0238108258923395,-0.0031970889324526,SPY
2010-07-15,0.0011155956748688856,0.8079096316327428,1.2028196198934862,0.26094700082646727,-0.9690356650769505,-0.9469683059462859,0.6578070119121354,0.17592091103402732,-0.443493696824385,0.7001950393128141,0.0,0.0,0.0,0.0,0.0,0.0,0.0,0.0,0.0,0.0,0.0,0.0,0.0,0.0,0.0,0.0,0.0,0.0,0.0,0.0,0.0,0.0,0.0,0.0,0.0,0.0,0.0,0.0,-0.0279206159777976,-0.0020078422678242,-0.0096197294604953,SPY
2010-07-16,-2.1515339061547736,-0.019235313637296487,0.8373454263275832,0.43739508768149604,-0.9600537808203813,-0.9526863444520682,-0.2999543636201287,-0.5724842332222054,-0.0417596564393325,1.414274966090755,0.0,0.0,0.0,0.0,0.0,0.0,0.0,0.0,0.0,0.0,0.0,0.0,0.0,0.0,0.0,0.0,0.0,0.0,0.0,0.0,0.0,0.0,0.0,0.0,0.0,0.0,0.0,0.0,0.0058890715220201,0.0345539965399739,0.015351082717566,SPY
2010-07-19,0.4298682114481243,-1.5849078636411134,-0.512561547908858,0.45060030614870744,-0.9483313632521041,-0.9578162742621225,-0.004914454838767789,-0.38535323348056766,-0.858419028426019,-1.4420447410210082,0.0,0.0,0.0,0.0,0.0,0.0,0.0,0.0,0.0,0.0,0.0,0.0,0.0,0.0,0.0,0.0,0.0,0.0,0.0,0.0,0.0,0.0,0.0,0.0,0.0,0.0,0.0,0.0,0.0110304071957463,0.0390269535069265,0.0090002387715175,SPY
2010-07-20,0.8224141288138408,-1.2689793347504914,-0.31247999138377236,0.48911814691463995,-0.9354113580212627,-0.9612015821475487,0.459337124644763,0.5852560190431362,-0.2718719684223493,-0.7279648142430675,0.0,0.0,0.0,0.0,0.0,0.0,0.0,0.0,0.0,0.0,0.0,0.0,0.0,0.0,0.0,0.0,0.0,0.0,0.0,0.0,0.0,0.0,0.0,0.0,0.0,0.0,0.0,0.0,-0.0130832104283973,0.0279070074214935,0.0101800714105504,SPY
2010-07-21,-1.0186837399069655,0.9223892846346062,-0.4631065076067012,0.46581041776087856,-0.9332004680204695,-0.9640900703031254,0.013218251054299213,0.47051050420254215,-0.2387669481151257,-0.013884887465126573,0.0,0.0,0.0,0.0,0.0,0.0,0.0,0.0,0.0,0.0,0.0,0.0,0.0,0.0,0.0,0.0,0.0,0.0,0.0,0.0,0.0,0.0,0.0,0.0,0.0,0.0,0.0,0.0,0.0220765054206042,0.0345143449078833,0.0250865295452662,SPY
2010-07-22,1.6657943389696295,-0.14498353171055248,-0.959112117235859,0.583634980047262,-0.927903431382105,-0.9638243203093331,0.840067548663014,0.9075303115318812,-0.1392382347502693,0.7001950393128141,0.0,0.0,0.0,0.0,0.0,0.0,0.0,0.0,0.0,0.0,0.0,0.0,0.0,0.0,0.0,0.0,0.0,0.0,0.0,0.0,0.0,0.0,0.0,0.0,0.0,0.0,0.0,0.0,0.0086412228300005,0.0075537440812434,-0.0145400505459081,SPY
2010-07-23,0.6399976074806224,0.476465432768517,-0.1267245922299223,0.5279682519689415,-0.9222610599698229,-0.9603697334268398,1.1166411185428011,1.153812545341874,-0.581725586381443,1.414274966090755,0.0,0.0,0.0,0.0,0.0,0.0,0.0,0.0,0.0,0.0,0.0,0.0,0.0,0.0,0.0,0.0,0.0,0.0,0.0,0.0,0.0,0.0,0.0,0.0,0.0,0.0,0.0,0.0,0.0103620284889727,-0.001268535555253,-0.0264307164639836,SPY
2010-07-26,0.7713827725188332,1.6986731551246803,1.2691219138725485,0.5444674765535316,-0.9141314053892381,-0.9561063908226602,1.4491553554144887,1.1979571553728638,-0.902567226745422,-1.4420447410210082,0.0,0.0,0.0,0.0,0.0,0.0,0.0,0.0,0.0,0.0,0.0,0.0,0.0,0.0,0.0,0.0,0.0,0.0,0.0,0.0,0.0,0.0,0.0,0.0,0.0,0.0,0.0,0.0,-8.95388896866578e-05,0.0106988549734685,-0.0406128532119876,SPY
2010-07-27,-0.026604436433811007,1.0396214781991788,1.4398890732347802,0.5396603899743594,-0.9097787062700323,-0.9514616818382566,1.3732768887939684,0.8396167459389692,-0.7141181120840938,-0.7279648142430675,0.0,0.0,0.0,0.0,0.0,0.0,0.0,0.0,0.0,0.0,0.0,0.0,0.0,0.0,0.0,0.0,0.0,0.0,0.0,0.0,0.0,0.0,0.0,0.0,0.0,0.0,0.0,0.0,-0.0064758729420075,0.0059881858749379,-0.0554777205711864,SPY
2010-07-28,-0.5142071759287978,0.5484323977324506,1.0153552314606915,0.2749856604341915,-0.9070612695571041,-0.9438130080576783,1.0063115600600354,0.47452179177322323,-1.065077958182619,-0.013884887465126573,0.0,0.0,0.0,0.0,0.0,0.0,0.0,0.0,0.0,0.0,0.0,0.0,0.0,0.0,0.0,0.0,0.0,0.0,0.0,0.0,0.0,0.0,0.0,0.0,0.0,0.0,0.0,0.0,-0.0048840954060356,0.0191251710834139,-0.0451243892160455,SPY
2010-07-29,-0.39267343202380767,-0.398861044284529,1.2676081061998576,0.24874685722987336,-0.9056565088853835,-0.9356443866117695,0.695599210139739,0.18687425879599273,-0.5591241706282806,0.7001950393128141,0.0,0.0,0.0,0.0,0.0,0.0,0.0,0.0,0.0,0.0,0.0,0.0,0.0,0.0,0.0,0.0,0.0,0.0,0.0,0.0,0.0,0.0,0.0,0.0,0.0,0.0,0.0,0.0,-0.0001810568064959,0.0229465335986143,-0.0469641922523944,SPY
2010-07-30,-0.033591917292699704,-0.6686008312725079,0.2383146763994355,0.23527935488827126,-0.8973426618311119,-0.9269673465318129,0.5573967667174189,0.16837565616116873,-0.5434703199066713,1.414274966090755,0.0,0.0,0.0,0.0,0.0,0.0,0.0,0.0,0.0,0.0,0.0,0.0,0.0,0.0,0.0,0.0,0.0,0.0,0.0,0.0,0.0,0.0,0.0,0.0,0.0,0.0,0.0,0.0,0.0223294190176943,0.0190429124407041,-0.0314124583615047,SPY
2010-08-02,1.6851045350518166,-0.3144570522323565,-0.09849957058630321,0.29837268996214844,-0.8847452429653397,-0.9147664056358374,1.222977413219979,0.3220117546186873,-0.835435723933109,-1.4420447410210082,0.0,0.0,0.0,0.0,0.0,0.0,0.0,0.0,0.0,0.0,0.0,0.0,0.0,0.0,0.0,0.0,0.0,0.0,0.0,0.0,0.0,0.0,0.0,0.0,0.0,0.0,0.0,0.0,-0.0048002079882172,0.0020381694219162,-0.0683530940614032,SPY
2010-08-03,-0.3862685470925932,1.2165641295642349,0.35838774146860497,0.32081425557014204,-0.8761319989954268,-0.9039634587694315,0.875395259939221,0.18954282696821523,-1.3127844933014536,-0.7279648142430675,0.0,0.0,0.0,0.0,0.0,0.0,0.0,0.0,0.0,0.0,0.0,0.0,0.0,0.0,0.0,0.0,0.0,0.0,0.0,0.0,0.0,0.0,0.0,0.0,0.0,0.0,0.0,0.0,0.0066611122664683,0.0014246444131202,-0.0635528860731859,SPY
2010-08-04,0.4888142638955197,0.95669257490133,0.17854528230907316,0.11685605316043474,-0.8625441654762469,-0.8960374477363482,1.0100614084392605,0.3070433653415655,-1.1533738582913042,-0.013884887465126573,0.0,0.0,0.0,0.0,0.0,0.0,0.0,0.0,0.0,0.0,0.0,0.0,0.0,0.0,0.0,0.0,0.0,0.0,0.0,0.0,0.0,0.0,0.0,0.0,0.0,0.0,0.0,0.0,-0.0010627328908352,-0.0330257790314103,-0.0407410340381204,SPY
2010-08-05,-0.10090873325456189,0.07520005080103191,0.680085016138325,0.10693028581299154,-0.8547369347720966,-0.889463209798332,0.8706944550489518,1.1509402344646358,-1.2955132061439196,0.7001950393128141,0.0,0.0,0.0,0.0,0.0,0.0,0.0,0.0,0.0,0.0,0.0,0.0,0.0,0.0,0.0,0.0,0.0,0.0,0.0,0.0,0.0,0.0,0.0,0.0,0.0,0.0,0.0,0.0,-0.0040846779644061,-0.0381121648725288,-0.0304091213115418,SPY
2010-08-06,-0.33163714244904585,0.2854688698676153,0.82597580525957,0.11119487301763115,-0.8501769233677623,-0.8843448090195597,0.6392233899587146,0.9047759191547029,-0.2287030994266763,1.414274966090755,0.0,0.0,0.0,0.0,0.0,0.0,0.0,0.0,0.0,0.0,0.0,0.0,0.0,0.0,0.0,0.0,0.0,0.0,0.0,0.0,0.0,0.0,0.0,0.0,0.0,0.0,0.0,0.0,0.0053246759989065,-0.0369772907078589,-0.0134361586553897,SPY
2010-08-09,0.3867760711099772,-0.3190848897991474,0.6769445712710193,0.11357891391737934,-0.8468835340830486,-0.8786140187064505,0.7558651885957083,0.814225135118628,-1.4549778637083877,-1.4420447410210082,0.0,0.0,0.0,0.0,0.0,0.0,0.0,0.0,0.0,0.0,0.0,0.0,0.0,0.0,0.0,0.0,0.0,0.0,0.0,0.0,0.0,0.0,0.0,0.0,0.0,0.0,0.0,0.0,-0.0054137329970131,-0.0427637391307937,-0.0300974215930667,SPY
2010-08-10,-0.4331117708555047,0.04026811969171151,0.027742783179252623,0.07628441343775744,-0.8449720874232206,-0.8754713794612805,0.5044305860840606,1.1147610163297104,-0.153650013052027,-0.7279648142430675,0.0,0.0,0.0,0.0,0.0,0.0,0.0,0.0,0.0,0.0,0.0,0.0,0.0,0.0,0.0,0.0,0.0,0.0,0.0,0.0,0.0,0.0,0.0,0.0,0.0,0.0,0.0,0.0,-0.0277893111780622,-0.0251397662990013,-0.0176853198873443,SPY
2010-08-11,-2.141508658565892,-0.034503972402366384,0.004319816286467919,0.30279681292498256,-0.8484955838272354,-0.8758757689676099,-0.5234572163734483,-0.38139512829986866,0.1803073685423533,-0.013884887465126573,0.0,0.0,0.0,0.0,0.0,0.0,0.0,0.0,0.0,0.0,0.0,0.0,0.0,0.0,0.0,0.0,0.0,0.0,0.0,0.0,0.0,0.0,0.0,0.0,0.0,0.0,0.0,0.0,-0.0061491187319537,0.0044727925853793,0.0147127640433231,SPY
2010-08-12,-0.48925917811683667,-1.8974833359744407,-1.3109177310259006,0.31164673655025543,-0.8523185932102019,-0.8770889724230565,-0.7310470407116295,-0.8107527175175595,-0.1616864682906342,0.7001950393128141,0.0,0.0,0.0,0.0,0.0,0.0,0.0,0.0,0.0,0.0,0.0,0.0,0.0,0.0,0.0,0.0,0.0,0.0,0.0,0.0,0.0,0.0,0.0,0.0,0.0,0.0,0.0,0.0,-0.0029498037997361,-0.0069281633532369,0.0258975178577687,SPY
2010-08-13,-0.24498840983630707,-1.938855836396634,-1.505104187082921,0.09361578784869574,-0.8568325042676249,-0.8751825946958965,-0.8656330422617086,-1.2647216374306318,-1.008683494114618,1.414274966090755,0.0,0.0,0.0,0.0,0.0,0.0,0.0,0.0,0.0,0.0,0.0,0.0,0.0,0.0,0.0,0.0,0.0,0.0,0.0,0.0,0.0,0.0,0.0,0.0,0.0,0.0,0.0,0.0,-0.0004617724240283,-0.0072278026415757,0.039909585065831,SPY
2010-08-16,-0.0550248243417888,-0.5413953191894785,-1.4617773143304873,0.08556076551003594,-0.8671960061718105,-0.8740618680459148,-0.8983372207506237,-1.2726918258788207,-1.168648719538786,-1.4420447410210082,0.0,0.0,0.0,0.0,0.0,0.0,0.0,0.0,0.0,0.0,0.0,0.0,0.0,0.0,0.0,0.0,0.0,0.0,0.0,0.0,0.0,0.0,0.0,0.0,0.0,0.0,0.0,0.0,0.0122102398347792,-0.0105861384765786,0.0397498866735279,SPY
2010-08-17,0.9124954841305074,-0.22142754398534598,-1.6826905418176397,0.09348153758974655,-0.8732529557290261,-0.8727794088843736,-0.4706451961487612,-0.6730521459678173,-0.8995899002747738,-0.7279648142430675,0.0,0.0,0.0,0.0,0.0,0.0,0.0,0.0,0.0,0.0,0.0,0.0,0.0,0.0,0.0,0.0,0.0,0.0,0.0,0.0,0.0,0.0,0.0,0.0,0.0,0.0,0.0,0.0,0.0018232477063184,-0.0377507845602433,0.0313494222439016,SPY
2010-08-18,0.11943865756037376,0.6314703052231457,-1.009847990593017,0.03396970632773263,-0.8805765970438483,-0.8696367463482308,-0.4487586095152183,-0.47839993926095326,-0.7326585810679612,-0.013884887465126573,0.0,0.0,0.0,0.0,0.0,0.0,0.0,0.0,0.0,0.0,0.0,0.0,0.0,0.0,0.0,0.0,0.0,0.0,0.0,0.0,0.0,0.0,0.0,0.0,0.0,0.0,0.0,0.0,-0.0175500746705701,-0.0356965738534285,0.0292610561464954,SPY
2010-08-19,-1.3597331155881722,0.7600246023977134,0.12069106880189184,-0.01648569763474388,-0.8920226910826022,-0.8714623160470419,-1.0625675664884164,-0.9061225848787505,0.4408734793352009,0.7001950393128141,0.0,0.0,0.0,0.0,0.0,0.0,0.0,0.0,0.0,0.0,0.0,0.0,0.0,0.0,0.0,0.0,0.0,0.0,0.0,0.0,0.0,0.0,0.0,0.0,0.0,0.0,0.0,0.0,-0.0032494430880749,-0.0248703976252429,0.0471843623894789,SPY
2010-08-20,-0.26786615732921054,-0.9142785094740452,-0.31457107971322656,-0.045461661775400085,-0.9032153724893163,-0.8747898390302247,-1.132937254598907,-1.81992126564831,-0.3345743528377486,1.414274966090755,0.0,0.0,0.0,0.0,0.0,0.0,0.0,0.0,0.0,0.0,0.0,0.0,0.0,0.0,0.0,0.0,0.0,0.0,0.0,0.0,0.0,0.0,0.0,0.0,0.0,0.0,0.0,0.0,-0.0038201082590312,-0.0062502774527741,0.0656085439018649,SPY
2010-08-23,-0.31143699130266145,-1.1996660170922695,-0.32601061523323815,-0.09272037376080909,-0.9167341715514401,-0.8799197921312513,-1.1982242677094412,-1.8004141061579293,-0.979502038521238,-1.4420447410210082,0.0,0.0,0.0,0.0,0.0,0.0,0.0,0.0,0.0,0.0,0.0,0.0,0.0,0.0,0.0,0.0,0.0,0.0,0.0,0.0,0.0,0.0,0.0,0.0,0.0,0.0,0.0,0.0,-0.0149544062488855,-0.017041385875947,0.067412909358385,SPY
2010-08-24,-1.16155133823907,-0.4272237270552352,-0.4542241158246718,-0.041532508841217286,-0.9325098216852957,-0.88687527999463,-1.635785190201864,-2.317506146148473,0.7478085162116558,-0.7279648142430675,0.0,0.0,0.0,0.0,0.0,0.0,0.0,0.0,0.0,0.0,0.0,0.0,0.0,0.0,0.0,0.0,0.0,0.0,0.0,0.0,0.0,0.0,0.0,0.0,0.0,0.0,0.0,0.0,0.0038774584131333,-0.0020869796270615,0.0774417361004049,SPY
2010-08-25,0.27627961826440633,-1.08574016312875,-1.4913075219608602,-0.03324839404882829,-0.9402480411450513,-0.892525134179042,-1.4180786069017115,-2.1322276640405096,0.6254916082123676,-0.013884887465126573,0.0,0.0,0.0,0.0,0.0,0.0,0.0,0.0,0.0,0.0,0.0,0.0,0.0,0.0,0.0,0.0,0.0,0.0,0.0,0.0,0.0,0.0,0.0,0.0,0.0,0.0,0.0,0.0,-0.0067238984423845,0.023508526261339,0.0654198033074493,SPY
2010-08-26,-0.53314416113152,-0.6526782131036927,-1.4128825047460762,-0.02902771568569828,-0.9480781595340229,-0.8983713545508043,-1.575873546909028,-2.1591299243436155,-0.0761426190543652,0.7001950393128141,0.0,0.0,0.0,0.0,0.0,0.0,0.0,0.0,0.0,0.0,0.0,0.0,0.0,0.0,0.0,0.0,0.0,0.0,0.0,0.0,0.0,0.0,0.0,0.0,0.0,0.0,0.0,0.0,0.0153706770843937,0.0395016045394669,0.0925561020088236,SPY
2010-08-27,1.1537979039990716,-0.18963321301699967,-0.9995641171780146,0.06497839769252294,-0.9514175795276615,-0.9023112670683239,-0.9674993327602456,-1.7765946760140152,0.6215888965215504,1.414274966090755,0.0,0.0,0.0,0.0,0.0,0.0,0.0,0.0,0.0,0.0,0.0,0.0,0.0,0.0,0.0,0.0,0.0,0.0,0.0,0.0,0.0,0.0,0.0,0.0,0.0,0.0,0.0,0.0,-0.0146112166822041,0.0370192121468191,0.0723839692268972,SPY
2010-08-30,-1.1353484851610767,0.4569705647507018,-0.28869096272372463,-0.08654604694162898,-0.9582115311062449,-0.9109189349873242,-1.371223586530668,-1.8872717040469493,-0.9270539692431016,-1.4420447410210082,0.0,0.0,0.0,0.0,0.0,0.0,0.0,0.0,0.0,0.0,0.0,0.0,0.0,0.0,0.0,0.0,0.0,0.0,0.0,0.0,0.0,0.0,0.0,0.0,0.0,0.0,0.0,0.0,0.0,0.0402938418902527,0.0904894622142347,SPY
2010-08-31,-0.01976805619675031,0.013233269202995114,-0.7006705425430575,-0.08360908888555829,-0.9680684630856331,-0.9189027192771647,-1.2573124263797262,-1.4548849362588423,0.7386431368805076,-0.7279648142430675,0.0,0.0,0.0,0.0,0.0,0.0,0.0,0.0,0.0,0.0,0.0,0.0,0.0,0.0,0.0,0.0,0.0,0.0,0.0,0.0,0.0,0.0,0.0,0.0,0.0,0.0,0.0,0.0,0.0294729643015339,0.0472922105989619,0.0887438940979246,SPY
2010-09-01,2.2305210794370662,-0.851514731674166,-0.1297458737079753,0.20603794821737967,-0.9711314899117621,-0.9241135735704294,-0.10486605410368399,-0.3789131661918096,0.5211967070346687,-0.013884887465126573,0.0,0.0,0.0,0.0,0.0,0.0,0.0,0.0,0.0,0.0,0.0,0.0,0.0,0.0,0.0,0.0,0.0,0.0,0.0,0.0,0.0,0.0,0.0,0.0,0.0,0.0,0.0,0.0,0.0092691798357433,0.0224280190500332,0.0562962423376189,SPY
2010-09-02,0.6879427280735525,1.628643244886313,0.8474313862778908,0.23967896260172467,-0.9674696460416885,-0.9280188291211858,0.2991262503414859,-0.08781901201074419,-1.086024069664722,0.7001950393128141,0.0,0.0,0.0,0.0,0.0,0.0,0.0,0.0,0.0,0.0,0.0,0.0,0.0,0.0,0.0,0.0,0.0,0.0,0.0,0.0,0.0,0.0,0.0,0.0,0.0,0.0,0.0,0.0,0.0128882846917459,0.0181944742967816,0.0512240024935692,SPY
2010-09-03,0.9642648602778922,2.1501235081642585,1.458010152671522,0.29004396351709233,-0.9597314730072571,-0.9297519103690459,0.8120426673775294,0.18185123794908054,-0.1514653068158802,1.414274966090755,0.0,0.0,0.0,0.0,0.0,0.0,0.0,0.0,0.0,0.0,0.0,0.0,0.0,0.0,0.0,0.0,0.0,0.0,0.0,0.0,0.0,0.0,0.0,0.0,0.0,0.0,0.0,0.0,-0.0113365869387704,0.0163684530133618,0.0308037877653468,SPY
2010-09-07,-0.8853273586981134,1.2170762221527842,1.3632381482800537,0.30694969922190085,-0.9539278896567579,-0.9336225322440118,0.4416805590858785,-0.3300989784999789,-1.2783661881483437,-0.7279648142430675,0.0,0.0,0.0,0.0,0.0,0.0,0.0,0.0,0.0,0.0,0.0,0.0,0.0,0.0,0.0,0.0,0.0,0.0,0.0,0.0,0.0,0.0,0.0,0.0,0.0,0.0,0.0,0.0,0.0069983687087091,0.0270835691358009,0.0620721554054028,SPY
2010-09-08,0.5145641172232179,0.057804218260784315,1.488255943751985,0.31988625362285034,-0.9426892007537805,-0.9358986658017107,0.7407132731222159,-0.22076424482611817,-1.1179891581022805,-0.013884887465126573,0.0,0.0,0.0,0.0,0.0,0.0,0.0,0.0,0.0,0.0,0.0,0.0,0.0,0.0,0.0,0.0,0.0,0.0,0.0,0.0,0.0,0.0,0.0,0.0,0.0,0.0,0.0,0.0,0.0046087727526051,0.0238949758322446,0.0549876448057391,SPY
2010-09-09,0.3321161705707845,-0.2735600439444764,1.7554374868308604,0.11251288893144094,-0.9312201029668953,-0.9340269333958277,0.8874520814342539,0.30041766630919864,-1.1261078130736228,0.7001950393128141,0.0,0.0,0.0,0.0,0.0,0.0,0.0,0.0,0.0,0.0,0.0,0.0,0.0,0.0,0.0,0.0,0.0,0.0,0.0,0.0,0.0,0.0,0.0,0.0,0.0,0.0,0.0,0.0,0.0050356350824918,0.0190210846885516,0.0491713272030605,SPY
2010-09-10,0.36470751949408864,0.6235193651587445,0.8061801181551824,0.10204123628000145,-0.9168263954579249,-0.9307340673794074,1.0293601598579452,0.4804553560487546,-1.379791453217891,1.414274966090755,0.0,0.0,0.0,0.0,0.0,0.0,0.0,0.0,0.0,0.0,0.0,0.0,0.0,0.0,0.0,0.0,0.0,0.0,0.0,0.0,0.0,0.0,0.0,0.0,0.0,0.0,0.0,0.0,0.0110622634083261,0.0143586811784732,0.0497290183317025,SPY
2010-09-13,0.8248463812448267,0.5130967747805314,0.6445531637965765,0.12209891311142564,-0.9033306001439327,-0.9256387479541714,1.376106351156823,0.7621058933496601,-0.5676756788428687,-1.4420447410210082,0.0,0.0,0.0,0.0,0.0,0.0,0.0,0.0,0.0,0.0,0.0,0.0,0.0,0.0,0.0,0.0,0.0,0.0,0.0,0.0,0.0,0.0,0.0,0.0,0.0,0.0,0.0,0.0,-0.0006214708163314,0.0184711561944581,0.0396100227272659,SPY
2010-09-14,-0.0672179499976004,0.8761675173752268,0.5748398913889904,0.12233750221345624,-0.8864263968045697,-0.9205665681099022,1.2742127846431293,1.2104179518847011,-0.0869469838293175,-0.7279648142430675,0.0,0.0,0.0,0.0,0.0,0.0,0.0,0.0,0.0,0.0,0.0,0.0,0.0,0.0,0.0,0.0,0.0,0.0,0.0,0.0,0.0,0.0,0.0,0.0,0.0,0.0,0.0,0.0,0.0038097754051529,0.0170768842082784,0.0433129609516766,SPY
2010-09-15,0.27111195558999446,0.5579010552084613,0.983918260795259,0.09114452774054314,-0.8685319180877707,-0.9165342370143491,1.3591611181903382,1.2125994357901806,-0.7194440355149706,-0.013884887465126573,0.0,0.0,0.0,0.0,0.0,0.0,0.0,0.0,0.0,0.0,0.0,0.0,0.0,0.0,0.0,0.0,0.0,0.0,0.0,0.0,0.0,0.0,0.0,0.0,0.0,0.0,0.0,0.0,-0.0002651183910877,0.0083415292962598,0.0472503767657448,SPY
2010-09-16,-0.040010100024364906,0.14987904891067622,0.862185137755465,0.09206971464326884,-0.8579609646224842,-0.9127676093306433,1.2912570689966558,1.4453622372388462,-0.2191023285687464,0.7001950393128141,0.0,0.0,0.0,0.0,0.0,0.0,0.0,0.0,0.0,0.0,0.0,0.0,0.0,0.0,0.0,0.0,0.0,0.0,0.0,0.0,0.0,0.0,0.0,0.0,0.0,0.0,0.0,0.0,0.0003732315724134,0.0004621733075254,0.0436069824172475,SPY
2010-09-17,0.008728532876703884,0.16992729048424343,0.6761112381408584,-0.025743454146985978,-0.8496188909711108,-0.9067454023722826,1.213734157641427,1.270617460903763,-0.26935203429797,1.414274966090755,0.0,0.0,0.0,0.0,0.0,0.0,0.0,0.0,0.0,0.0,0.0,0.0,0.0,0.0,0.0,0.0,0.0,0.0,0.0,0.0,0.0,0.0,0.0,0.0,0.0,0.0,0.0,0.0,0.015174738424311,0.0205013419941018,0.0452747585098061,SPY
2010-09-20,1.1388377990865228,-0.023411258817889687,0.498111447599832,0.011543260470205124,-0.8405646760594682,-0.898320883013859,1.6715106743678432,2.082040835855838,0.0393888763925803,-1.4420447410210082,0.0,0.0,0.0,0.0,0.0,0.0,0.0,0.0,0.0,0.0,0.0,0.0,0.0,0.0,0.0,0.0,0.0,0.0,0.0,0.0,0.0,0.0,0.0,0.0,0.0,0.0,0.0,0.0,-0.0020157428025111,0.0005251478722581,0.0350157701967939,SPY
2010-09-21,-0.1736719554555948,0.8452287654073267,0.6551162391988774,0.004365676921857923,-0.8291641484763973,-0.8896898076677099,1.4614104118124025,1.9792460268217318,0.8790007554020269,-0.7279648142430675,0.0,0.0,0.0,0.0,0.0,0.0,0.0,0.0,0.0,0.0,0.0,0.0,0.0,0.0,0.0,0.0,0.0,0.0,0.0,0.0,0.0,0.0,0.0,0.0,0.0,0.0,0.0,0.0,-0.0049255795068656,0.0060351669799025,0.023840220018318,SPY
2010-09-22,-0.39584078297107667,0.710826044985834,0.6018861571262438,-0.08533956784611368,-0.8208336115180825,-0.879872185383897,1.12328529916264,1.4164929262635009,-0.3416049321593146,-0.013884887465126573,0.0,0.0,0.0,0.0,0.0,0.0,0.0,0.0,0.0,0.0,0.0,0.0,0.0,0.0,0.0,0.0,0.0,0.0,0.0,0.0,0.0,0.0,0.0,0.0,0.0,0.0,0.0,0.0,-0.0081444743798222,0.0092151783704581,0.038484848221671,SPY
2010-09-23,-0.6416064985351759,-0.4200096138823418,0.26839049522573827,-0.039371071350505785,-0.8158077916235819,-0.8715969029304012,0.6893817253597542,0.8159664884911993,-0.1310832746460472,0.7001950393128141,0.0,0.0,0.0,0.0,0.0,0.0,0.0,0.0,0.0,0.0,0.0,0.0,0.0,0.0,0.0,0.0,0.0,0.0,0.0,0.0,0.0,0.0,0.0,0.0,0.0,0.0,0.0,0.0,0.0204124002589898,0.0143849652915086,0.048832226042454,SPY
2010-09-24,1.538738311370188,-0.7648095436638058,-0.03242510611832479,0.011461453930379725,-0.8066999786751725,-0.8598065003574383,1.2936066375521609,0.9828199702685471,0.015287860563341797,1.414274966090755,0.0,0.0,0.0,0.0,0.0,0.0,0.0,0.0,0.0,0.0,0.0,0.0,0.0,0.0,0.0,0.0,0.0,0.0,0.0,0.0,0.0,0.0,0.0,0.0,0.0,0.0,0.0,0.0,-0.0048014556975326,-0.0018304949757874,0.0302804551795627,SPY
2010-09-27,-0.3863638108973516,0.6606948260191841,0.7326240409828263,-0.0035032316410879777,-0.8017214661860116,-0.8505381840095231,0.9715209611088088,1.292243372615248,-1.437372597975173,-1.4420447410210082,0.0,0.0,0.0,0.0,0.0,0.0,0.0,0.0,0.0,0.0,0.0,0.0,0.0,0.0,0.0,0.0,0.0,0.0,0.0,0.0,0.0,0.0,0.0,0.0,0.0,0.0,0.0,0.0,0.0034942763051333,-0.0045609693147312,0.0380352321835184,SPY
2010-09-28,0.24702329624060543,0.848771688640943,-0.03002088277995389,-0.12032834682777639,-0.7956555565412292,-0.8390143815508415,0.9348173355209916,1.235738946650538,0.0970494072736511,-0.7279648142430675,0.0,0.0,0.0,0.0,0.0,0.0,0.0,0.0,0.0,0.0,0.0,0.0,0.0,0.0,0.0,0.0,0.0,0.0,0.0,0.0,0.0,0.0,0.0,0.0,0.0,0.0,0.0,0.0,-0.0017455681163101,0.0118765350814209,0.0347091885364401,SPY
2010-09-29,-0.1530438586390915,-0.10303503967446188,0.18033891231664506,-0.11380103717887069,-0.7910429684572603,-0.827722883249748,0.7031108527115516,1.0505035281572281,-0.4448192345769655,-0.013884887465126573,0.0,0.0,0.0,0.0,0.0,0.0,0.0,0.0,0.0,0.0,0.0,0.0,0.0,0.0,0.0,0.0,0.0,0.0,0.0,0.0,0.0,0.0,0.0,0.0,0.0,0.0,0.0,0.0,-0.0029746874587717,0.0135359613067764,0.0335868801338072,SPY
2010-09-30,-0.24688830110648088,0.06888794473658802,0.30174439775208656,-0.35340186033118626,-0.7871485801383661,-0.8204658122317134,0.485400169818992,0.7754033730073387,1.580685497618422,0.7001950393128141,0.0,0.0,0.0,0.0,0.0,0.0,0.0,0.0,0.0,0.0,0.0,0.0,0.0,0.0,0.0,0.0,0.0,0.0,0.0,0.0,0.0,0.0,0.0,0.0,0.0,0.0,0.0,0.0,0.0041969399916936,0.0153031039154747,0.0367304243447019,SPY
2010-10-01,0.30067234367587675,-0.2950533085907245,0.4991149142892219,-0.37106845464551164,-0.7822400074000835,-0.8138181378580769,0.5477897085607485,0.5941355918531823,-0.5298211052855606,1.414274966090755,0.0,0.0,0.0,0.0,0.0,0.0,0.0,0.0,0.0,0.0,0.0,0.0,0.0,0.0,0.0,0.0,0.0,0.0,0.0,0.0,0.0,0.0,0.0,0.0,0.0,0.0,0.0,0.0,-0.0075319300364764,0.0166994901349148,0.0332931563145351,SPY
2010-10-04,-0.5948381495213896,0.03926976503692112,-0.11995388249462571,-0.38225458795673617,-0.7833050739747741,-0.8098100876011327,0.2071442875713703,0.24213076642492573,-0.7014599571379613,-1.4420447410210082,0.0,0.0,0.0,0.0,0.0,0.0,0.0,0.0,0.0,0.0,0.0,0.0,0.0,0.0,0.0,0.0,0.0,0.0,0.0,0.0,0.0,0.0,0.0,0.0,0.0,0.0,0.0,0.0,0.0199317807012855,0.0251746879752809,0.0411627963253113,SPY
2010-10-05,1.5020425464647618,-0.21711883690590478,-0.22419708224321871,-0.32938362713939734,-0.7785355218697502,-0.8016977720807273,0.8426840983351909,0.6723071055793967,0.4803634403253759,-0.7279648142430675,0.0,0.0,0.0,0.0,0.0,0.0,0.0,0.0,0.0,0.0,0.0,0.0,0.0,0.0,0.0,0.0,0.0,0.0,0.0,0.0,0.0,0.0,0.0,0.0,0.0,0.0,0.0,0.0,-8.614189095457192e-05,0.0083243746820746,0.02913018110433,SPY
2010-10-06,-0.026345072317519008,0.6681168604567864,0.4033488462049764,-0.33252118151382687,-0.7724924302718028,-0.7944867123784456,0.7353289230809946,0.6797875761900605,-1.0510398312871372,-0.013884887465126573,0.0,0.0,0.0,0.0,0.0,0.0,0.0,0.0,0.0,0.0,0.0,0.0,0.0,0.0,0.0,0.0,0.0,0.0,0.0,0.0,0.0,0.0,0.0,0.0,0.0,0.0,0.0,0.0,-0.0012075448500734,0.0161577077922503,0.0332262140597299,SPY
2010-10-07,-0.11196526544622229,1.0870138536368956,0.4667019043204028,-0.32813004872776563,-0.764643439988552,-0.7880275900709568,0.5969027123773638,0.6193546409201651,-0.7318308628451464,0.7001950393128141,0.0,0.0,0.0,0.0,0.0,0.0,0.0,0.0,0.0,0.0,0.0,0.0,0.0,0.0,0.0,0.0,0.0,0.0,0.0,0.0,0.0,0.0,0.0,0.0,0.0,0.0,0.0,0.0,0.0055933262111338,0.0134567399027387,0.0535085890817788,SPY
2010-10-08,0.4072877728742055,-0.10227594863144529,0.5341673250040645,-0.32680893720590537,-0.7606610060423494,-0.7814603860065706,0.7147316901709865,0.3881217983356715,-0.4698767847085004,1.414274966090755,0.0,0.0,0.0,0.0,0.0,0.0,0.0,0.0,0.0,0.0,0.0,0.0,0.0,0.0,0.0,0.0,0.0,0.0,0.0,0.0,0.0,0.0,0.0,0.0,0.0,0.0,0.0,0.0,0.0009432678038896,0.0099044213565768,0.0516707770816982,SPY
2010-10-11,0.05225134671670087,0.21724860193718631,0.5874781236162879,-0.35905968094160956,-0.7551505289760646,-0.7761981984103858,0.6752742239814037,0.5045587131000081,-1.8144013708020887,-1.4420447410210082,0.0,0.0,0.0,0.0,0.0,0.0,0.0,0.0,0.0,0.0,0.0,0.0,0.0,0.0,0.0,0.0,0.0,0.0,0.0,0.0,0.0,0.0,0.0,0.0,0.0,0.0,0.0,0.0,0.0030814674080792,0.013876903663986,0.0488517607008383,SPY
2010-10-12,0.21550494041355092,0.3382524414274007,0.9110415897808795,-0.3617430886999586,-0.7497326240061958,-0.7704369202145537,0.7099051136752214,0.8192012081651402,-0.3233605440570264,-0.7279648142430675,0.0,0.0,0.0,0.0,0.0,0.0,0.0,0.0,0.0,0.0,0.0,0.0,0.0,0.0,0.0,0.0,0.0,0.0,0.0,0.0,0.0,0.0,0.0,0.0,0.0,0.0,0.0,0.0,0.007747191219221,-0.0023958567250801,0.0385595040444703,SPY
2010-10-13,0.5717374352065493,0.19693629338128854,0.26773557170288637,-0.34990027555296865,-0.7417446595150103,-0.7641153893258492,0.9142452634332974,1.4119588750488279,-0.0758595116898288,-0.013884887465126573,0.0,0.0,0.0,0.0,0.0,0.0,0.0,0.0,0.0,0.0,0.0,0.0,0.0,0.0,0.0,0.0,0.0,0.0,0.0,0.0,0.0,0.0,0.0,0.0,0.0,0.0,0.0,0.0,-0.003908512739585,-0.0004239992478138,0.0348338932382734,SPY
2010-10-14,-0.31818675831273496,0.5797222395842111,0.5667941259089583,-0.33647068394456536,-0.7340345041637216,-0.7582935429565851,0.6827900475491707,0.7178741258637622,0.392144381746072,0.7001950393128141,0.0,0.0,0.0,0.0,0.0,0.0,0.0,0.0,0.0,0.0,0.0,0.0,0.0,0.0,0.0,0.0,0.0,0.0,0.0,0.0,0.0,0.0,0.0,0.0,0.0,0.0,0.0,0.0,0.0020410076649719,0.0056874169327318,0.0349679507981628,SPY
2010-10-15,0.13606483957995905,0.18646881778140853,0.4636774142061099,-0.33789429516785313,-0.7268800831555379,-0.752241698235989,0.6744234713947527,1.0916324442755738,0.9196862499488888,1.414274966090755,0.0,0.0,0.0,0.0,0.0,0.0,0.0,0.0,0.0,0.0,0.0,0.0,0.0,0.0,0.0,0.0,0.0,0.0,0.0,0.0,0.0,0.0,0.0,0.0,0.0,0.0,0.0,0.0,0.0049157501112988,0.0055070386638584,0.0210179368997378,SPY
2010-10-18,0.35555418678410605,-0.13455873318998027,0.32805810202409996,-0.40968541455363305,-0.7163915578533339,-0.7475140733902444,0.7940462021405483,1.1312218555014157,-1.0626361593383842,-1.4420447410210082,0.0,0.0,0.0,0.0,0.0,0.0,0.0,0.0,0.0,0.0,0.0,0.0,0.0,0.0,0.0,0.0,0.0,0.0,0.0,0.0,0.0,0.0,0.0,0.0,0.0,0.0,0.0,0.0,-0.0131912929809869,0.0035446098589826,0.0146867653554032,SPY
2010-10-19,-1.0269359466193824,0.3618906826437635,0.4797182955526692,-0.32205754547988885,-0.7147939928102911,-0.7443197747685422,0.2513888256725102,0.4425330262055274,1.581079260420558,-0.7279648142430675,0.0,0.0,0.0,0.0,0.0,0.0,0.0,0.0,0.0,0.0,0.0,0.0,0.0,0.0,0.0,0.0,0.0,0.0,0.0,0.0,0.0,0.0,0.0,0.0,0.0,0.0,0.0,0.0,0.0097190486964873,0.0169041354980246,0.0121759322675201,SPY
2010-10-20,0.7222906477274809,-0.4950723164505881,-0.1415380874516773,-0.3119184385755174,-0.7105337032988673,-0.7391507044795597,0.5446308456372467,0.8491102007916572,0.0540441314224425,-0.013884887465126573,0.0,0.0,0.0,0.0,0.0,0.0,0.0,0.0,0.0,0.0,0.0,0.0,0.0,0.0,0.0,0.0,0.0,0.0,0.0,0.0,0.0,0.0,0.0,0.0,0.0,0.0,0.0,0.0,0.0022029034409607,0.0043172102825943,0.0029647351995292,SPY
2010-10-21,0.14842573759094194,-0.22484070424821026,-0.0662571262110969,-0.35664904684167936,-0.7053473446333495,-0.7326110419899031,0.5361875878219008,0.8049023999561931,0.4452462894679236,0.7001950393128141,0.0,0.0,0.0,0.0,0.0,0.0,0.0,0.0,0.0,0.0,0.0,0.0,0.0,0.0,0.0,0.0,0.0,0.0,0.0,0.0,0.0,0.0,0.0,0.0,0.0,0.0,0.0,0.0,0.0018606293960985,0.0022831635937565,0.0153729289408977,SPY
2010-10-22,0.12229278548327886,0.641230484932239,0.16706261921519786,-0.5138467030873132,-0.7011566466828723,-0.7285106896097862,0.549106836099548,1.2635566588160894,-1.630659756058006,1.414274966090755,0.0,0.0,0.0,0.0,0.0,0.0,0.0,0.0,0.0,0.0,0.0,0.0,0.0,0.0,0.0,0.0,0.0,0.0,0.0,0.0,0.0,0.0,0.0,0.0,0.0,0.0,0.0,0.0,0.002953321306423,0.0011822061591848,0.0162592816301847,SPY
2010-10-25,0.20572086245720622,0.19911903188730853,0.16017619378929607,-0.5346150588683627,-0.6964101215386421,-0.7233648870021188,0.5888143675658007,0.8449850637639593,-0.8109439865984549,-1.4420447410210082,0.0,0.0,0.0,0.0,0.0,0.0,0.0,0.0,0.0,0.0,0.0,0.0,0.0,0.0,0.0,0.0,0.0,0.0,0.0,0.0,0.0,0.0,0.0,0.0,0.0,0.0,0.0,0.0,0.0001682326580549,-0.0014334051729383,0.0124742496120742,SPY
2010-10-26,-0.006923331152923012,0.24133723381934313,0.08525519746958983,-0.5346583565706602,-0.6924509002545295,-0.7186605065467162,0.5295978255329619,0.8566250980448088,-0.6547658249707786,-0.7279648142430675,0.0,0.0,0.0,0.0,0.0,0.0,0.0,0.0,0.0,0.0,0.0,0.0,0.0,0.0,0.0,0.0,0.0,0.0,0.0,0.0,0.0,0.0,0.0,0.0,0.0,0.0,0.0,0.0,-0.0028678765189429,0.0062975276493109,-0.0022764947498856,SPY
2010-10-27,-0.23873318324983978,0.14612368610906282,0.5952910106154496,-0.5300321136528022,-0.6913858801051632,-0.7141187436598203,0.3586001604406476,0.7368615172003146,-0.0996129093579627,-0.013884887465126573,0.0,0.0,0.0,0.0,0.0,0.0,0.0,0.0,0.0,0.0,0.0,0.0,0.0,0.0,0.0,0.0,0.0,0.0,0.0,0.0,0.0,0.0,0.0,0.0,0.0,0.0,0.0,0.0,0.0001688567521229,0.0131752952326991,0.0152572207903443,SPY
2010-10-28,-0.006875680971337412,-0.18137452067498236,0.11475129605426124,-0.54026810788327,-0.6892095305455601,-0.7091588146564873,0.2964670460662919,0.5416314173426225,-0.5005252882187525,0.7001950393128141,0.0,0.0,0.0,0.0,0.0,0.0,0.0,0.0,0.0,0.0,0.0,0.0,0.0,0.0,0.0,0.0,0.0,0.0,0.0,0.0,0.0,0.0,0.0,0.0,0.0,0.0,0.0,0.0,0.0007596719615268,0.0320812686525515,0.0033729333725958,SPY
2010-10-29,0.03823362779336048,-0.18133940939818569,0.03709609444394242,-0.5428638343594567,-0.6873804888361532,-0.7046519300005909,0.2629182640191007,0.5348176663483674,-0.9528981818045872,1.414274966090755,0.0,0.0,0.0,0.0,0.0,0.0,0.0,0.0,0.0,0.0,0.0,0.0,0.0,0.0,0.0,0.0,0.0,0.0,0.0,0.0,0.0,0.0,0.0,0.0,0.0,0.0,0.0,0.0,0.0003377099742998,0.0350771109020779,0.0056390450465677,SPY
2010-11-01,0.006016424739307385,0.022744983198681214,-0.004935915939700383,-0.5887116068425486,-0.686801704319593,-0.6990996067626293,0.1993836051182195,0.4198493926691903,-0.3823009928873524,-1.4420447410210082,0.0,0.0,0.0,0.0,0.0,0.0,0.0,0.0,0.0,0.0,0.0,0.0,0.0,0.0,0.0,0.0,0.0,0.0,0.0,0.0,0.0,0.0,0.0,0.0,0.0,0.0,0.0,0.0,0.0078991654803042,0.0328636523508079,-0.0003377099742998,SPY
2010-11-02,0.5833408160240569,0.03224459635933991,-0.10479391155252922,-0.7687916110520041,-0.6804576605576445,-0.6951154064613069,0.4411599804893243,0.43111943553447535,-0.6983287173668484,-0.7279648142430675,0.0,0.0,0.0,0.0,0.0,0.0,0.0,0.0,0.0,0.0,0.0,0.0,0.0,0.0,0.0,0.0,0.0,0.0,0.0,0.0,0.0,0.0,0.0,0.0,0.0,0.0,0.0,0.0,0.0040098910644452,0.017753697622215,0.0128083493608146,SPY
2010-11-03,0.28639097840454814,0.4339095792185992,0.19035523632205348,-0.7664811433615548,-0.6756417759790883,-0.6905620097337535,0.5296330302543627,0.8948679434907985,0.6062206964066164,-0.013884887465126573,0.0,0.0,0.0,0.0,0.0,0.0,0.0,0.0,0.0,0.0,0.0,0.0,0.0,0.0,0.0,0.0,0.0,0.0,0.0,0.0,0.0,0.0,0.0,0.0,0.0,0.0,0.0,0.0,0.0190748301719754,0.0177653869707938,0.0215256491924833,SPY
2010-11-04,1.4366135503803128,0.6405049841657462,0.4529325071624262,-0.5968998774733448,-0.6660793198309775,-0.6831627240389363,1.1528745217602243,1.36018304780893,0.412155636147434,0.7001950393128141,0.0,0.0,0.0,0.0,0.0,0.0,0.0,0.0,0.0,0.0,0.0,0.0,0.0,0.0,0.0,0.0,0.0,0.0,0.0,0.0,0.0,0.0,0.0,0.0,0.0,0.0,0.0,0.0,0.0037555142110532,-0.0050838983808771,0.0051400941975927,SPY
2010-11-05,0.26696906129813264,1.2692433050305068,1.1747188779545483,-0.6010741220369389,-0.6559611525524252,-0.6759841552429946,1.1968819764068743,1.3396081848935768,-0.2414692598727521,1.414274966090755,0.0,0.0,0.0,0.0,0.0,0.0,0.0,0.0,0.0,0.0,0.0,0.0,0.0,0.0,0.0,0.0,0.0,0.0,0.0,0.0,0.0,0.0,0.0,0.0,0.0,0.0,0.0,0.0,-0.0018757485769702,-0.0207484188253834,0.0003254179901874,SPY
2010-11-08,-0.1629832618595535,1.2549321673862517,1.2890932112264208,-0.5917748550410933,-0.6471859306264462,-0.6692004732366895,1.0307350004035647,2.25586929863045,-0.7229692313831062,-1.4420447410210082,0.0,0.0,0.0,0.0,0.0,0.0,0.0,0.0,0.0,0.0,0.0,0.0,0.0,0.0,0.0,0.0,0.0,0.0,0.0,0.0,0.0,0.0,0.0,0.0,0.0,0.0,0.0,0.0,-0.0072107892482886,-0.0202880916814489,0.0027716176811001,SPY
2010-11-09,-0.570318741861052,0.07626118295935061,1.204588479354623,-0.5449474346913294,-0.6404946254396265,-0.6638572447024326,0.6826471230407491,1.4114344993914953,-0.1368819499386281,-0.7279648142430675,0.0,0.0,0.0,0.0,0.0,0.0,0.0,0.0,0.0,0.0,0.0,0.0,0.0,0.0,0.0,0.0,0.0,0.0,0.0,0.0,0.0,0.0,0.0,0.0,0.0,0.0,0.0,0.0,0.0040215804130241,-0.0287794285020304,0.0136391244518847,SPY
2010-11-10,0.28728347139712995,-0.5406985606752728,0.6277253290588435,-0.5608089824789018,-0.6318814975330241,-0.6590018455827225,0.7687060891381845,1.45692509708162,0.5351973351317648,-0.013884887465126573,0.0,0.0,0.0,0.0,0.0,0.0,0.0,0.0,0.0,0.0,0.0,0.0,0.0,0.0,0.0,0.0,0.0,0.0,0.0,0.0,0.0,0.0,0.0,0.0,0.0,0.0,0.0,0.0,-0.0037744551796956,-0.0322931572865581,0.0135036681611264,SPY
2010-11-11,-0.30795133484184234,-0.20891724573303996,0.6281716013718447,-0.5616040202096698,-0.6243796990366586,-0.6541464464630127,0.5594562099179632,1.0988673465512713,-0.7074597028504426,0.7001950393128141,0.0,0.0,0.0,0.0,0.0,0.0,0.0,0.0,0.0,0.0,0.0,0.0,0.0,0.0,0.0,0.0,0.0,0.0,0.0,0.0,0.0,0.0,0.0,0.0,0.0,0.0,0.0,0.0,-0.011909006233453,-0.0139076049245332,0.0230789378871323,SPY
2010-11-12,-0.9290321217030478,-0.015590497675928886,-0.24416130542565612,-0.47242160086683604,-0.6204203849018974,-0.6512425047473241,0.07330646480601391,0.2287614848789888,0.9099809398417854,1.414274966090755,0.0,0.0,0.0,0.0,0.0,0.0,0.0,0.0,0.0,0.0,0.0,0.0,0.0,0.0,0.0,0.0,0.0,0.0,0.0,0.0,0.0,0.0,0.0,0.0,0.0,0.0,0.0,0.0,-0.0014154214330357,0.0007483833943053,0.0356306035902003,SPY
2010-11-15,-0.1278368422379874,-0.9118387813204084,-0.8421964930752256,-0.4776571843109866,-0.6169473760379296,-0.6492097734955076,-0.006638922933103189,0.14778786010554903,-0.5731760484432823,-1.4420447410210082,0.0,0.0,0.0,0.0,0.0,0.0,0.0,0.0,0.0,0.0,0.0,0.0,0.0,0.0,0.0,0.0,0.0,0.0,0.0,0.0,0.0,0.0,0.0,0.0,0.0,0.0,0.0,0.0,-0.0157021260688701,0.0013320941156536,0.0379287466111151,SPY
2010-11-16,-1.2186404647414169,-0.7791205083890781,-0.8246222666009253,-0.44164128825318805,-0.6199805049552862,-0.6475487312249313,-0.6081421341862312,-0.40932046992293686,1.996470236279269,-0.7279648142430675,0.0,0.0,0.0,0.0,0.0,0.0,0.0,0.0,0.0,0.0,0.0,0.0,0.0,0.0,0.0,0.0,0.0,0.0,0.0,0.0,0.0,0.0,0.0,0.0,0.0,0.0,0.0,0.0,0.0005078516284964,0.0024517084806188,0.0490480544933751,SPY
2010-11-17,0.019006903472301682,-0.9925198776396894,-1.1488018817306753,-0.48314163284278644,-0.6239860819255926,-0.6471422105946372,-0.5948959966556119,-0.39649215467450316,-0.4102072311895603,-0.013884887465126573,0.0,0.0,0.0,0.0,0.0,0.0,0.0,0.0,0.0,0.0,0.0,0.0,0.0,0.0,0.0,0.0,0.0,0.0,0.0,0.0,0.0,0.0,0.0,0.0,0.0,0.0,0.0,0.0,0.0146110971823292,0.0166096958734094,0.0543254122354399,SPY
2010-11-18,1.095803248837338,-0.884317322477724,-1.2829479259998873,-0.39169121511530974,-0.629311368373721,-0.6450164784904809,-0.08429869312163579,0.05502576088108651,0.1168619907638703,0.7001950393128141,0.0,0.0,0.0,0.0,0.0,0.0,0.0,0.0,0.0,0.0,0.0,0.0,0.0,0.0,0.0,0.0,0.0,0.0,0.0,0.0,0.0,0.0,0.0,0.0,0.0,0.0,0.0,0.0,0.0027469820853855,-0.0097168319745453,0.0407851309691311,SPY
2010-11-19,0.18996666472516252,0.8210922091058078,-0.5810300284289681,-0.390503968928296,-0.6349377230491606,-0.6427629954033308,-0.012259024898237087,0.12139239145389441,-0.685301982219094,1.414274966090755,0.0,0.0,0.0,0.0,0.0,0.0,0.0,0.0,0.0,0.0,0.0,0.0,0.0,0.0,0.0,0.0,0.0,0.0,0.0,0.0,0.0,0.0,0.0,0.0,0.0,0.0,0.0,0.0,-0.0008317107116875,-0.0094380304244321,0.0404485231657361,SPY
2010-11-22,-0.0832699679607885,0.9470647720363028,-0.021498266477048285,-0.39165152799195335,-0.6402631487732615,-0.6410322781891581,-0.06624381993876749,-0.13690198195989628,-0.1646748647544022,-1.4420447410210082,0.0,0.0,0.0,0.0,0.0,0.0,0.0,0.0,0.0,0.0,0.0,0.0,0.0,0.0,0.0,0.0,0.0,0.0,0.0,0.0,0.0,0.0,0.0,0.0,0.0,0.0,0.0,0.0,-0.0145825117039048,-0.0142453647593123,0.0476005820607392,SPY
2010-11-23,-1.1331568324944274,0.07825872133604302,0.0007864598260170171,-0.29839824239651036,-0.6475795013121873,-0.6413458561945412,-0.5998815773767755,-0.719910885089424,0.6665051777948429,-0.7279648142430675,0.0,0.0,0.0,0.0,0.0,0.0,0.0,0.0,0.0,0.0,0.0,0.0,0.0,0.0,0.0,0.0,0.0,0.0,0.0,0.0,0.0,0.0,0.0,0.0,0.0,0.0,0.0,0.0,0.014665839021287,0.0213823717600112,0.0652883099725265,SPY
2010-11-24,1.0999828408258148,-0.8966915055292016,0.04353074869327952,-0.2216814819317748,-0.6519786953935601,-0.6392317812220142,-0.08710767562485479,-0.8866497644477289,-1.0174525367543867,-0.013884887465126573,0.0,0.0,0.0,0.0,0.0,0.0,0.0,0.0,0.0,0.0,0.0,0.0,0.0,0.0,0.0,0.0,0.0,0.0,0.0,0.0,0.0,0.0,0.0,0.0,0.0,0.0,0.0,0.0,-0.0117154306656255,0.0194437236348381,0.0491904984160473,SPY
2010-11-26,-0.9142524411541286,-0.024805701377409787,0.584049986239247,-0.1666234132524499,-0.6585542854598601,-0.6387671146794061,-0.5256142591481289,-1.3029369678311225,-2.238422544510817,1.414274966090755,0.0,0.0,0.0,0.0,0.0,0.0,0.0,0.0,0.0,0.0,0.0,0.0,0.0,0.0,0.0,0.0,0.0,0.0,0.0,0.0,0.0,0.0,0.0,0.0,0.0,0.0,0.0,0.0,0.0030257836354987,0.0338484294775485,0.0613039799239105,SPY
2010-11-29,0.2112534308881761,0.13649510421444003,-0.4210360026672849,-0.1638824555570413,-0.6609621813238137,-0.6379887886130128,-0.4246947670982574,-1.1497037368792629,0.7695651505816004,-1.4420447410210082,0.0,0.0,0.0,0.0,0.0,0.0,0.0,0.0,0.0,0.0,0.0,0.0,0.0,0.0,0.0,0.0,0.0,0.0,0.0,0.0,0.0,0.0,0.0,0.0,0.0,0.0,0.0,0.0,-0.0056390450465677,0.0297634838456977,0.0597096786053814,SPY
2010-11-30,-0.4503145622697947,-0.5183696470059076,-0.41039200383376734,-0.1518865805102561,-0.6645278551348469,-0.638035277393697,-0.6309492334796977,-1.1113060247888984,0.9658731793418712,-0.7279648142430675,0.0,0.0,0.0,0.0,0.0,0.0,0.0,0.0,0.0,0.0,0.0,0.0,0.0,0.0,0.0,0.0,0.0,0.0,0.0,0.0,0.0,0.0,0.0,0.0,0.0,0.0,0.0,0.0,0.0210452248154187,0.0359729800062078,0.0660637763168265,SPY
2010-12-01,1.5870550741336855,-0.17651467940828258,-0.5939249183100973,-0.02468242792283028,-0.6579289595558082,-0.6362463793307522,0.12315834428002602,-0.5720651353271379,0.6793174633772464,-0.013884887465126573,0.0,0.0,0.0,0.0,0.0,0.0,0.0,0.0,0.0,0.0,0.0,0.0,0.0,0.0,0.0,0.0,0.0,0.0,0.0,0.0,0.0,0.0,0.0,0.0,0.0,0.0,0.0,0.0,0.0127271908961139,0.0185844727132851,0.0434290533772703,SPY
2010-12-02,0.9519651942375191,0.8372517052281094,0.7662597212608823,0.01737257467214893,-0.6478803374128789,-0.6332146633410976,0.5603945457383384,-0.15785117504438118,0.0568649998412986,0.7001950393128141,0.0,0.0,0.0,0.0,0.0,0.0,0.0,0.0,0.0,0.0,0.0,0.0,0.0,0.0,0.0,0.0,0.0,0.0,0.0,0.0,0.0,0.0,0.0,0.0,0.0,0.0,0.0,0.0,0.0026892751770848,0.009743405939437,0.0309403729806554,SPY
2010-12-03,0.18556068684416174,1.870528621259212,0.6922466163317117,-0.09280869677264258,-0.6410962744283458,-0.6324828144099027,0.6522076077947078,0.23327699243833372,-0.7659399868256942,1.414274966090755,0.0,0.0,0.0,0.0,0.0,0.0,0.0,0.0,0.0,0.0,0.0,0.0,0.0,0.0,0.0,0.0,0.0,0.0,0.0,0.0,0.0,0.0,0.0,0.0,0.0,0.0,0.0,0.0,-0.001059161996352,0.0128549453086623,0.0385359505238538,SPY
2010-12-06,-0.10063609203063109,0.8378304085000822,1.2421849940943939,-0.09681436054931898,-0.6353774405071383,-0.6324364187931072,0.611497068363709,0.24338224838568762,-1.7223081755474663,-1.4420447410210082,0.0,0.0,0.0,0.0,0.0,0.0,0.0,0.0,0.0,0.0,0.0,0.0,0.0,0.0,0.0,0.0,0.0,0.0,0.0,0.0,0.0,0.0,0.0,0.0,0.0,0.0,0.0,0.0,0.0005704511139423,0.0145567667746293,0.0390439869762477,SPY
2010-12-07,0.02378643431806208,0.06221583812754922,1.0862312107572891,-0.09804318796615728,-0.6292648734115543,-0.6320415203579842,0.6277402143352768,0.7989145209533928,0.3641076272764174,-0.7279648142430675,0.0,0.0,0.0,0.0,0.0,0.0,0.0,0.0,0.0,0.0,0.0,0.0,0.0,0.0,0.0,0.0,0.0,0.0,0.0,0.0,0.0,0.0,0.0,0.0,0.0,0.0,0.0,0.0,0.0036567175224959,0.014869037248566,0.0436578217138876,SPY
2010-12-08,0.25942583922441953,-0.056988336337422785,1.3232954231419267,-0.11450947944923989,-0.6180818484722694,-0.630101661858163,0.7400598555137331,0.8573979515342549,-0.9899954629594258,-0.013884887465126573,0.0,0.0,0.0,0.0,0.0,0.0,0.0,0.0,0.0,0.0,0.0,0.0,0.0,0.0,0.0,0.0,0.0,0.0,0.0,0.0,0.0,0.0,0.0,0.0,0.0,0.0,0.0,0.0,0.0038861241222658,0.0066295015394599,0.0380402700990201,SPY
2010-12-09,0.27694125348080073,0.20832511497708253,0.6594424019971944,-0.11481879077464659,-0.609839217865291,-0.62817346048997,0.861622886627365,0.654591492192941,-1.2429138149338792,0.7001950393128141,0.0,0.0,0.0,0.0,0.0,0.0,0.0,0.0,0.0,0.0,0.0,0.0,0.0,0.0,0.0,0.0,0.0,0.0,0.0,0.0,0.0,0.0,0.0,0.0,0.0,0.0,0.0,0.0,0.0058008145463102,0.0085285867877553,0.0321900085522424,SPY
2010-12-10,0.4231297065745731,0.3948635211752898,0.32191090552709867,-0.11416055485176989,-0.5966881073706781,-0.6248746086936723,1.0381037906334507,0.7218185490972544,-1.3131399597532087,1.414274966090755,0.0,0.0,0.0,0.0,0.0,0.0,0.0,0.0,0.0,0.0,0.0,0.0,0.0,0.0,0.0,0.0,0.0,0.0,0.0,0.0,0.0,0.0,0.0,0.0,0.0,0.0,0.0,0.0,0.0006426594696149,0.0037985881574655,0.0251298796712333,SPY
2010-12-13,0.029299611635742878,0.5154895420623284,0.4407022874366725,-0.1778330174168983,-0.5841852568902616,-0.6198101032247716,0.9937374665623956,0.7692504690147496,-0.968802332053315,-1.4420447410210082,0.0,0.0,0.0,0.0,0.0,0.0,0.0,0.0,0.0,0.0,0.0,0.0,0.0,0.0,0.0,0.0,0.0,0.0,0.0,0.0,0.0,0.0,0.0,0.0,0.0,0.0,0.0,0.0,0.000882721587879,0.0055663029698411,0.0280247922577085,SPY
2010-12-14,0.04762858496466017,0.3330135483962214,0.5056738978572504,-0.1813834971840098,-0.5698762988105835,-0.6144203393278859,0.9543006866555224,1.4811852322218317,-0.688304026903697,-0.7279648142430675,0.0,0.0,0.0,0.0,0.0,0.0,0.0,0.0,0.0,0.0,0.0,0.0,0.0,0.0,0.0,0.0,0.0,0.0,0.0,0.0,0.0,0.0,0.0,0.0,0.0,0.0,0.0,0.0,-0.0045828181866101,0.0110039295652777,0.0361260661831188,SPY
2010-12-15,-0.36967062691906694,0.056323651745575916,0.5175956628509338,-0.28650544692091984,-0.5627220170783722,-0.6075205518247307,0.6869456953015864,0.9446021689477823,-0.4046736301139251,-0.013884887465126573,0.0,0.0,0.0,0.0,0.0,0.0,0.0,0.0,0.0,0.0,0.0,0.0,0.0,0.0,0.0,0.0,0.0,0.0,0.0,0.0,0.0,0.0,0.0,0.0,0.0,0.0,0.0,0.0,0.0057852093705612,0.0186919639597702,0.0390744516749697,SPY
2010-12-16,0.4219382364160793,-0.23765958217694466,0.2030292322093417,-0.28412465806808423,-0.5574893259393222,-0.5998541186777842,0.8036112514289842,1.7968577556691996,0.0754018907822517,0.7001950393128141,0.0,0.0,0.0,0.0,0.0,0.0,0.0,0.0,0.0,0.0,0.0,0.0,0.0,0.0,0.0,0.0,0.0,0.0,0.0,0.0,0.0,0.0,0.0,0.0,0.0,0.0,0.0,0.0,0.0010708159160204,0.0114747820540168,0.0405079001407893,SPY
2010-12-17,0.061989767598363076,0.038152373673943314,0.27553191793472404,-0.3450630791480426,-0.5527111619366633,-0.5940535020297595,0.7665258519590672,1.7710656563073457,-0.7692578917545062,1.414274966090755,0.0,0.0,0.0,0.0,0.0,0.0,0.0,0.0,0.0,0.0,0.0,0.0,0.0,0.0,0.0,0.0,0.0,0.0,0.0,0.0,0.0,0.0,0.0,0.0,0.0,0.0,0.0,0.0,0.0024103742819905,0.010802016980234,0.041136850993209,SPY
2010-12-20,0.16426633559641204,0.3562235140080657,0.09495150192590714,-0.34521932651367476,-0.5469335999803667,-0.5882859119804373,0.7809362156819228,2.236356478779764,-1.1594046138911898,-1.4420447410210082,0.0,0.0,0.0,0.0,0.0,0.0,0.0,0.0,0.0,0.0,0.0,0.0,0.0,0.0,0.0,0.0,0.0,0.0,0.0,0.0,0.0,0.0,0.0,0.0,0.0,0.0,0.0,0.0,0.0063203481833156,0.0098231250152132,0.0288728453378901,SPY
2010-12-21,0.4627965988148195,0.16635667339277954,0.16243876802352455,-0.34193303139899184,-0.5394794570792728,-0.5814796726674717,0.9305006320949754,2.0934372533173806,-1.5892728596073902,-0.7279648142430675,0.0,0.0,0.0,0.0,0.0,0.0,0.0,0.0,0.0,0.0,0.0,0.0,0.0,0.0,0.0,0.0,0.0,0.0,0.0,0.0,0.0,0.0,0.0,0.0,0.0,0.0,0.0,0.0,0.0031052162078823,0.0042178294967749,0.0212262257641633,SPY
2010-12-22,0.21731818409119752,0.4616932098875047,0.37003478431336156,-0.47854084998860036,-0.5321595065777226,-0.5721969741441697,0.9248861648518752,1.9451954427243539,-1.7968424336753444,-0.013884887465126573,0.0,0.0,0.0,0.0,0.0,0.0,0.0,0.0,0.0,0.0,0.0,0.0,0.0,0.0,0.0,0.0,0.0,0.0,0.0,0.0,0.0,0.0,0.0,0.0,0.0,0.0,0.0,0.0,-0.0014319725351921,-0.0004768848352449,0.0203824877151994,SPY
2010-12-23,-0.1291005347863265,0.500784732208973,0.6635461693605258,-0.5389993653136813,-0.5263698740371391,-0.5651571729611128,0.7767632935769646,1.7020038191574463,-1.8540348703997311,0.7001950393128141,0.0,0.0,0.0,0.0,0.0,0.0,0.0,0.0,0.0,0.0,0.0,0.0,0.0,0.0,0.0,0.0,0.0,0.0,0.0,0.0,0.0,0.0,0.0,0.0,0.0,0.0,0.0,0.0,0.0003980508422376,0.0011935981994461,0.0274851256208963,SPY
2010-12-27,0.010623507968736085,0.06464234194987452,0.3880108441267413,-0.651804769051528,-0.5221308937495136,-0.5564327939799828,0.6765412941570048,1.8452649828277465,-2.0010419530005548,-1.4420447410210082,0.0,0.0,0.0,0.0,0.0,0.0,0.0,0.0,0.0,0.0,0.0,0.0,0.0,0.0,0.0,0.0,0.0,0.0,0.0,0.0,0.0,0.0,0.0,0.0,0.0,0.0,0.0,0.0,0.0014314823169696,0.0110804000774917,0.0276289208543456,SPY
2010-12-28,0.08952699376064277,-0.08766167336002728,0.3623262284649272,-0.6502978850262962,-0.5176582548052877,-0.5479164150268611,0.6187338056452876,1.8651158342990535,-1.933367028818734,-0.7279648142430675,0.0,0.0,0.0,0.0,0.0,0.0,0.0,0.0,0.0,0.0,0.0,0.0,0.0,0.0,0.0,0.0,0.0,0.0,0.0,0.0,0.0,0.0,0.0,0.0,0.0,0.0,0.0,0.0,0.0007150526648773,0.009097792216564,0.0300611536763852,SPY
2010-12-29,0.03482690163365868,0.07343512448519982,0.32495439559817774,-0.6937512700719282,-0.5132308109141507,-0.5385166094949001,0.5227627175451373,1.7974324190775315,-1.791009670838901,-0.013884887465126573,0.0,0.0,0.0,0.0,0.0,0.0,0.0,0.0,0.0,0.0,0.0,0.0,0.0,0.0,0.0,0.0,0.0,0.0,0.0,0.0,0.0,0.0,0.0,0.0,0.0,0.0,0.0,0.0,-0.0015894981241375,0.0135670254032689,0.0318109168903379,SPY
2010-12-30,-0.141127764818621,0.09126951726418972,0.11095716733472494,-0.9318354549819077,-0.5079490249947801,-0.5322775985210074,0.3817390353866758,1.4611898371080658,-1.427668944041489,0.7001950393128141,0.0,0.0,0.0,0.0,0.0,0.0,0.0,0.0,0.0,0.0,0.0,0.0,0.0,0.0,0.0,0.0,0.0,0.0,0.0,0.0,0.0,0.0,0.0,0.0,0.0,0.0,0.0,0.0,0.000238510499499,0.0131956894350349,0.0157833573051746,SPY
2010-12-31,-0.0015575504510062137,-0.07868960573298789,-0.0682761757131458,-1.0560512316509265,-0.5042645487791693,-0.5278039733735362,0.3327615495339606,1.2258498061843277,-1.1575188145508262,1.414274966090755,0.0,0.0,0.0,0.0,0.0,0.0,0.0,0.0,0.0,0.0,0.0,0.0,0.0,0.0,0.0,0.0,0.0,0.0,0.0,0.0,0.0,0.0,0.0,0.0,0.0,0.0,0.0,0.0,0.0102848527202832,0.0109930415110239,0.0230326433470606,SPY
2011-01-03,0.7654903284457025,-0.10549967288760688,-0.004500994171139783,-0.974318105156652,-0.4978639357597064,-0.5221957285111151,0.6477619040064152,1.5999780468123515,-0.3849914912071352,-1.4420447410210082,0.0,0.0,0.0,0.0,0.0,0.0,0.0,0.0,0.0,0.0,0.0,0.0,0.0,0.0,0.0,0.0,0.0,0.0,0.0,0.0,0.0,0.0,0.0,0.0,0.0,0.0,0.0,0.0,-0.000551125543958,-0.000551125543958,0.0286298945489642,SPY
2011-01-04,-0.0618470208794586,0.5625464449280201,0.37295425173552554,-0.9771936308158621,-0.49232444286580873,-0.5165181114877364,0.5531866489593397,1.5036109965720807,-0.3949649126953171,-0.7279648142430675,0.0,0.0,0.0,0.0,0.0,0.0,0.0,0.0,0.0,0.0,0.0,0.0,0.0,0.0,0.0,0.0,0.0,0.0,0.0,0.0,0.0,0.0,0.0,0.0,0.0,0.0,0.0,0.0,0.0051842858515822,0.0035375720560901,0.0272670297799653,SPY
2011-01-05,0.3760571485054578,0.5181218443557088,0.2972628656924097,-0.9695300586297984,-0.48708752702225844,-0.5101511748485585,0.6667301784724287,2.219710124542615,-0.4617426230337066,-0.013884887465126573,0.0,0.0,0.0,0.0,0.0,0.0,0.0,0.0,0.0,0.0,0.0,0.0,0.0,0.0,0.0,0.0,0.0,0.0,0.0,0.0,0.0,0.0,0.0,0.0,0.0,0.0,0.0,0.0,-0.0019608340923715,0.0073372817177972,0.0243026543702002,SPY
2011-01-06,-0.1694796226920941,0.23116604020783632,0.467887859730967,-0.9560877682545333,-0.48334023734303,-0.5045988865470555,0.5207990947859102,1.8278773315029198,-0.6291347809081933,0.7001950393128141,0.0,0.0,0.0,0.0,0.0,0.0,0.0,0.0,0.0,0.0,0.0,0.0,0.0,0.0,0.0,0.0,0.0,0.0,0.0,0.0,0.0,0.0,0.0,0.0,0.0,0.0,0.0,0.0,-0.0019641374245118,0.0076636831154095,0.0290889168966614,SPY
2011-01-07,-0.1697318352741288,0.15185641432949762,0.4537111106737217,-0.9469996175173965,-0.4797558309136901,-0.49989605494131,0.3863348656938009,1.5231241608770916,-0.078361590212991,1.414274966090755,0.0,0.0,0.0,0.0,0.0,0.0,0.0,0.0,0.0,0.0,0.0,0.0,0.0,0.0,0.0,0.0,0.0,0.0,0.0,0.0,0.0,0.0,0.0,0.0,0.0,0.0,0.0,0.0,-0.0012593143346988,0.0168464783763022,0.0372855056289358,SPY
2011-01-10,-0.11591791532622898,-0.2503109530210531,0.3696191035657845,-0.9585917742265757,-0.4766602367226493,-0.4962163957481237,0.2919327270219135,1.26885854128503,-0.6002457694312111,-1.4420447410210082,0.0,0.0,0.0,0.0,0.0,0.0,0.0,0.0,0.0,0.0,0.0,0.0,0.0,0.0,0.0,0.0,0.0,0.0,0.0,0.0,0.0,0.0,0.0,0.0,0.0,0.0,0.0,0.0,0.0035375720560901,0.0198055594794412,0.0430810936476095,SPY
2011-01-11,0.25032896841529484,-0.21084373861712016,-0.0711105143910367,-0.9542385797815385,-0.4729362061308353,-0.4921042348450567,0.372177760401927,1.1490741519905312,-0.7724686160497004,-0.7279648142430675,0.0,0.0,0.0,0.0,0.0,0.0,0.0,0.0,0.0,0.0,0.0,0.0,0.0,0.0,0.0,0.0,0.0,0.0,0.0,0.0,0.0,0.0,0.0,0.0,0.0,0.0,0.0,0.0,0.0089839955132893,0.0064143560500227,0.0372781454686661,SPY
2011-01-12,0.6661686311111398,0.09868018467106991,0.08498651042051182,-0.9039481026859421,-0.4667450409614136,-0.4867770188542478,0.642738164082374,1.3944224631158795,-0.7974120788489112,-0.013884887465126573,0.0,0.0,0.0,0.0,0.0,0.0,0.0,0.0,0.0,0.0,0.0,0.0,0.0,0.0,0.0,0.0,0.0,0.0,0.0,0.0,0.0,0.0,0.0,0.0,0.0,0.0,0.0,0.0,-0.0016344326947592,-0.0038959108536777,0.0286719812729661,SPY
2011-01-13,-0.1445585624489468,0.6749646036838667,0.23005064363818878,-0.9307235323345218,-0.4605771348794063,-0.48103285952304653,0.5073245205508825,1.3656458791939294,-0.428018517345995,0.7001950393128141,0.0,0.0,0.0,0.0,0.0,0.0,0.0,0.0,0.0,0.0,0.0,0.0,0.0,0.0,0.0,0.0,0.0,0.0,0.0,0.0,0.0,0.0,0.0,0.0,0.0,0.0,0.0,0.0,0.0072186578363808,0.0,0.0362593324883722,SPY
2011-01-14,0.5313834037268181,0.3839897335289712,0.242511894639244,-0.9187708212400953,-0.4523144021070574,-0.4750391024873337,0.7035554201505969,1.5739939720269354,-0.601724576493713,1.414274966090755,0.0,0.0,0.0,0.0,0.0,0.0,0.0,0.0,0.0,0.0,0.0,0.0,0.0,0.0,0.0,0.0,0.0,0.0,0.0,0.0,0.0,0.0,0.0,0.0,0.0,0.0,0.0,0.0,0.0016997667684401,-0.0015479924658761,0.031441568991724,SPY
2011-01-18,0.11001076933974606,0.2846725584560757,0.5930897949618492,-0.9195244521294857,-0.4465654613631189,-0.468943831748909,0.6899010632331783,1.5819993119900244,-0.634626933877228,-0.7279648142430675,0.0,0.0,0.0,0.0,0.0,0.0,0.0,0.0,0.0,0.0,0.0,0.0,0.0,0.0,0.0,0.0,0.0,0.0,0.0,0.0,0.0,0.0,0.0,0.0,0.0,0.0,0.0,0.0,-0.0098536313733283,-0.0027059131586293,0.0265892151060311,SPY
2011-01-19,-0.7721022767755468,0.4722532554219125,0.7060606726248583,-0.8091114764619262,-0.4436094913345502,-0.4646817701482047,0.2643344195957563,0.6733042733707894,0.007820941344383296,-0.013884887465126573,0.0,0.0,0.0,0.0,0.0,0.0,0.0,0.0,0.0,0.0,0.0,0.0,0.0,0.0,0.0,0.0,0.0,0.0,0.0,0.0,0.0,0.0,0.0,0.0,0.0,0.0,0.0,0.0,-0.0013262713904111,0.0110114333537083,0.0427384111728459,SPY
2011-01-20,-0.12103015084763448,-0.4882267470811848,0.1948154746542766,-0.8235151734034424,-0.442585348683125,-0.4615406797526923,0.1750719346632214,0.6906821843449733,0.4171358743032861,0.7001950393128141,0.0,0.0,0.0,0.0,0.0,0.0,0.0,0.0,0.0,0.0,0.0,0.0,0.0,0.0,0.0,0.0,0.0,0.0,0.0,0.0,0.0,0.0,0.0,0.0,0.0,0.0,0.0,0.0,0.0022614781589185,0.0148025206229496,0.0470486545329595,SPY
2011-01-21,0.15289797357286494,-0.658470415208306,-0.19880668724433762,-0.825642820876323,-0.4403043100174949,-0.4585163470012528,0.2215918160368337,0.7639214853169337,-0.0058717204080437025,1.414274966090755,0.0,0.0,0.0,0.0,0.0,0.0,0.0,0.0,0.0,0.0,0.0,0.0,0.0,0.0,0.0,0.0,0.0,0.0,0.0,0.0,0.0,0.0,0.0,0.0,0.0,0.0,0.0,0.0,0.0056706653705047,-0.0050760152452697,0.0468704045567074,SPY
2011-01-24,0.4131926919828115,0.023120687831349712,-0.0500698148517804,-0.8156520237842229,-0.4357423487495445,-0.454429421866659,0.3827786088031784,0.5960472669587363,-0.6450762109396792,-1.4420447410210082,0.0,0.0,0.0,0.0,0.0,0.0,0.0,0.0,0.0,0.0,0.0,0.0,0.0,0.0,0.0,0.0,0.0,0.0,0.0,0.0,0.0,0.0,0.0,0.0,0.0,0.0,0.0,0.0,0.0005418460756869,-0.0032588840743894,0.020926196096358,SPY
2011-01-25,0.021602412169765082,0.4167654858480411,-0.10916858956945802,-0.8158494315979152,-0.43064510349379154,-0.4503191824688057,0.3512833863169217,0.6599687798932963,0.2987058358230029,-0.7279648142430675,0.0,0.0,0.0,0.0,0.0,0.0,0.0,0.0,0.0,0.0,0.0,0.0,0.0,0.0,0.0,0.0,0.0,0.0,0.0,0.0,0.0,0.0,0.0,0.0,0.0,0.0,0.0,0.0,0.0038637151390092,0.0120813737721103,0.0142208519459776,SPY
2011-01-26,0.27523030608348364,0.3200196887661082,-0.1533753255003264,-0.8114319717279243,-0.42543137709967,-0.4458352277751258,0.4400559225369022,0.6092197751325237,-0.1608181787407808,-0.013884887465126573,0.0,0.0,0.0,0.0,0.0,0.0,0.0,0.0,0.0,0.0,0.0,0.0,0.0,0.0,0.0,0.0,0.0,0.0,0.0,0.0,0.0,0.0,0.0,0.0,0.0,0.0,0.0,0.0,0.00246481587883,0.006303668320144,0.0096699274138041,SPY
2011-01-27,0.16842300381074934,0.21836140840598234,0.37032126161332574,-0.8113186774554351,-0.42214945487002903,-0.4410827048800067,0.4729783645040902,0.8631271277299641,-0.4609164593859635,0.7001950393128141,0.0,0.0,0.0,0.0,0.0,0.0,0.0,0.0,0.0,0.0,0.0,0.0,0.0,0.0,0.0,0.0,0.0,0.0,0.0,0.0,0.0,0.0,0.0,0.0,0.0,0.0,0.0,0.0,-0.0176170577093008,0.0060587628831312,0.0178408151278786,SPY
2011-01-28,-1.3648473349379915,0.3265469023751138,0.5150562118142268,-0.5916081885702216,-0.4236622472711181,-0.4387472957978382,-0.2140120787303985,-0.13369273974386287,2.3596578056462896,1.414274966090755,0.0,0.0,0.0,0.0,0.0,0.0,0.0,0.0,0.0,0.0,0.0,0.0,0.0,0.0,0.0,0.0,0.0,0.0,0.0,0.0,0.0,0.0,0.0,0.0,0.0,0.0,0.0,0.0,0.007487796541385,0.0265012490265217,0.0416355221584359,SPY
2011-01-31,0.5519324023838004,-0.8819525850503793,-0.24386034552720662,-0.5688395331874877,-0.4251054016859353,-0.4353260033602286,0.02149007033696291,0.21406709774124383,-0.023117844566000904,-1.4420447410210082,0.0,0.0,0.0,0.0,0.0,0.0,0.0,0.0,0.0,0.0,0.0,0.0,0.0,0.0,0.0,0.0,0.0,0.0,0.0,0.0,0.0,0.0,0.0,0.0,0.0,0.0,0.0,0.0,0.0158821039221868,0.0252459037928991,0.0173343727028898,SPY
2011-02-01,1.1928458343322101,-0.5993617491008454,-0.1744864770700717,-0.5008690909096007,-0.422265773519764,-0.4310172317146038,0.5632274123041714,0.5830850443101239,0.2934715964308562,-0.7279648142430675,0.0,0.0,0.0,0.0,0.0,0.0,0.0,0.0,0.0,0.0,0.0,0.0,0.0,0.0,0.0,0.0,0.0,0.0,0.0,0.0,0.0,0.0,0.0,0.0,0.0,0.0,0.0,0.0,-0.001913990312957,0.0139000735546872,0.0035884174003628,SPY
2011-02-02,-0.1659030551364854,1.2852873716137003,0.4111691140043197,-0.49732192632283506,-0.41705211676362763,-0.4269186378028953,0.4395530313652078,0.2394051127346175,-0.5150617425994352,-0.013884887465126573,0.0,0.0,0.0,0.0,0.0,0.0,0.0,0.0,0.0,0.0,0.0,0.0,0.0,0.0,0.0,0.0,0.0,0.0,0.0,0.0,0.0,0.0,0.0,0.0,0.0,0.0,0.0,0.0,0.0022199104418172,0.013548687744791,0.0225800107977915,SPY
2011-02-03,0.14972423844296204,0.7563466917512368,0.19058967294250267,-0.504414132549699,-0.4107678456065622,-0.4232521030725916,0.4772278120320496,0.3854298182777645,-0.0462265375764059,0.7001950393128141,0.0,0.0,0.0,0.0,0.0,0.0,0.0,0.0,0.0,0.0,0.0,0.0,0.0,0.0,0.0,0.0,0.0,0.0,0.0,0.0,0.0,0.0,0.0,0.0,0.0,0.0,0.0,0.0,0.0028254284340896,0.011706608620563,0.0128397737890049,SPY
2011-02-04,0.1959561188029048,-0.012282720920633787,0.18123974936844806,-0.5087240805619183,-0.40429724641089654,-0.4188615218868087,0.5287733906471497,0.24877606002184452,-0.2227094423164244,1.414274966090755,0.0,0.0,0.0,0.0,0.0,0.0,0.0,0.0,0.0,0.0,0.0,0.0,0.0,0.0,0.0,0.0,0.0,0.0,0.0,0.0,0.0,0.0,0.0,0.0,0.0,0.0,0.0,0.0,0.0062324513077625,0.0148340987071202,0.0021324169208805,SPY
2011-02-07,0.456085587934146,0.254355037736694,0.9616866248470907,-0.504840123491701,-0.397617338641163,-0.4132216245930496,0.6937508789066561,0.39462458374917453,-0.5766282603129613,-1.4420447410210082,0.0,0.0,0.0,0.0,0.0,0.0,0.0,0.0,0.0,0.0,0.0,0.0,0.0,0.0,0.0,0.0,0.0,0.0,0.0,0.0,0.0,0.0,0.0,0.0,0.0,0.0,0.0,0.0,0.0045362736839749,0.0110025417390904,0.0046116502679058,SPY
2011-02-08,0.32658079703953713,0.4800989443461913,0.913760445107718,-0.5069821296900011,-0.3897037475193155,-0.4066942597367602,0.7839071640288452,1.044866157043204,-0.7851043073318049,-0.7279648142430675,0.0,0.0,0.0,0.0,0.0,0.0,0.0,0.0,0.0,0.0,0.0,0.0,0.0,0.0,0.0,0.0,0.0,0.0,0.0,0.0,0.0,0.0,0.0,0.0,0.0,0.0,0.0,0.0,-0.0022653761228532,0.0033136809378628,-0.0013583536231509,SPY
2011-02-09,-0.19273169925709588,0.5763503977809024,0.4806028684307474,-0.49906398586050654,-0.3836522297250287,-0.4010426354384549,0.6272150463832125,0.985425334316094,0.0536565173853009,-0.013884887465126573,0.0,0.0,0.0,0.0,0.0,0.0,0.0,0.0,0.0,0.0,0.0,0.0,0.0,0.0,0.0,0.0,0.0,0.0,0.0,0.0,0.0,0.0,0.0,0.0,0.0,0.0,0.0,0.0,0.0003778313175892,0.0118746217542025,-0.017772605607476,SPY
2011-02-10,0.009079727839310584,0.09826610506713232,0.4671877703112025,-0.5252623927593753,-0.378229194756838,-0.3966754733253061,0.5870321357666275,0.940775118986886,0.3408225210887622,0.7001950393128141,0.0,0.0,0.0,0.0,0.0,0.0,0.0,0.0,0.0,0.0,0.0,0.0,0.0,0.0,0.0,0.0,0.0,0.0,0.0,0.0,0.0,0.0,0.0,0.0,0.0,0.0,0.0,0.0,0.0059529185206468,0.0144807624063156,-0.0112479419434157,SPY
2011-02-11,0.434742991123578,-0.13568616023326108,0.3968614466535001,-0.5211293278905501,-0.3656838651047962,-0.3911405950255878,0.7434833436821104,0.9521515167998417,-0.0563841371603622,1.414274966090755,0.0,0.0,0.0,0.0,0.0,0.0,0.0,0.0,0.0,0.0,0.0,0.0,0.0,0.0,0.0,0.0,0.0,0.0,0.0,0.0,0.0,0.0,0.0,0.0,0.0,0.0,0.0,0.0,0.0024008943397326,0.0106110720683352,-0.0232569132887121,SPY
2011-02-14,0.16354253289875545,0.3266717323023776,0.5162617900864427,-0.536489920067362,-0.3546280687664295,-0.3863180594677751,0.7744557829172618,0.998046480889588,-0.7277110660658407,-1.4420447410210082,0.0,0.0,0.0,0.0,0.0,0.0,0.0,0.0,0.0,0.0,0.0,0.0,0.0,0.0,0.0,0.0,0.0,0.0,0.0,0.0,0.0,0.0,0.0,0.0,0.0,0.0,0.0,0.0,-0.0031525871172526,-0.012063365361242,-0.0371813208773357,SPY
2011-02-15,-0.26047111091878405,0.4404884297999309,0.36998180031699296,-0.5256569569327868,-0.34934456511006373,-0.3822427914648105,0.6042694403045796,0.7176078185052577,-0.3624706312442913,-0.7279648142430675,0.0,0.0,0.0,0.0,0.0,0.0,0.0,0.0,0.0,0.0,0.0,0.0,0.0,0.0,0.0,0.0,0.0,0.0,0.0,0.0,0.0,0.0,0.0,0.0,0.0,0.0,0.0,0.0,0.0062955646934863,-0.0150742763186828,-0.0527146914902978,SPY
2011-02-16,0.4609043555597676,-0.07178359010632919,0.07643886497062542,-0.5854746209508775,-0.3415240335505351,-0.3757037112494611,0.761647480292635,0.8208059411166229,-0.1469423038343668,-0.013884887465126573,0.0,0.0,0.0,0.0,0.0,0.0,0.0,0.0,0.0,0.0,0.0,0.0,0.0,0.0,0.0,0.0,0.0,0.0,0.0,0.0,0.0,0.0,0.0,0.0,0.0,0.0,0.0,0.0,0.0029839719697024,-0.0220570504053334,-0.0458622028533648,SPY
2011-02-17,0.20806107004107702,0.14732896973682222,0.4032757997937476,-0.5921693949821194,-0.33344746632815103,-0.3684990682100444,0.7855257809646846,2.0573772352289597,-0.5244673924208914,0.7001950393128141,0.0,0.0,0.0,0.0,0.0,0.0,0.0,0.0,0.0,0.0,0.0,0.0,0.0,0.0,0.0,0.0,0.0,0.0,0.0,0.0,0.0,0.0,0.0,0.0,0.0,0.0,0.0,0.0,0.0020832281826663,-0.0144053187821313,-0.0452154969822888,SPY
2011-02-18,0.13928841666221403,0.4925692720067154,0.5027722267318754,-0.5921349132810537,-0.3255805326571046,-0.3613061172387161,0.7755415994475735,1.9952078995033846,-0.1004883297870051,1.414274966090755,0.0,0.0,0.0,0.0,0.0,0.0,0.0,0.0,0.0,0.0,0.0,0.0,0.0,0.0,0.0,0.0,0.0,0.0,0.0,0.0,0.0,0.0,0.0,0.0,0.0,0.0,0.0,0.0,-0.0202735430898446,-0.0103108976435413,-0.0319197424070436,SPY
2011-02-22,-1.5676725455156955,0.2555849442016689,0.35503639302932166,-0.36608058215011374,-0.3259062063062319,-0.35811828186182293,-0.02547192112103099,0.06203681052425071,1.882054609513082,-0.7279648142430675,0.0,0.0,0.0,0.0,0.0,0.0,0.0,0.0,0.0,0.0,0.0,0.0,0.0,0.0,0.0,0.0,0.0,0.0,0.0,0.0,0.0,0.0,0.0,0.0,0.0,0.0,0.0,0.0,-0.0061634980746934,-0.0068507074678576,-0.0151210581845635,SPY
2011-02-23,-0.4903570547475567,-1.052873332729666,-0.5106212242009128,-0.34491411525916454,-0.3295138021850002,-0.3559580208912507,-0.2799325911775014,-0.15673569892165498,1.695018947254016,-0.013884887465126573,0.0,0.0,0.0,0.0,0.0,0.0,0.0,0.0,0.0,0.0,0.0,0.0,0.0,0.0,0.0,0.0,0.0,0.0,0.0,0.0,0.0,0.0,0.0,0.0,0.0,0.0,0.0,0.0,-0.0006872093931642,0.0014489392264955,-0.0060996299601061,SPY
2011-02-24,-0.0722371534861067,-1.5168307762227533,-0.6255708459150428,-0.34874137663378196,-0.3326326786761185,-0.3544867534628669,-0.322954468811348,-0.28700221071473847,2.2461177311486127,0.7001950393128141,0.0,0.0,0.0,0.0,0.0,0.0,0.0,0.0,0.0,0.0,0.0,0.0,0.0,0.0,0.0,0.0,0.0,0.0,0.0,0.0,0.0,0.0,0.0,0.0,0.0,0.0,0.0,0.0,0.0106357035929045,0.0192137517041315,0.0041052666430161,SPY
2011-02-25,0.7922781295915229,-0.4149116599910921,-0.8921570223650972,-0.30876620776191305,-0.3326094428013658,-0.3517544312764735,0.038399905946993614,0.033584153086848006,0.0684894301697983,1.414274966090755,0.0,0.0,0.0,0.0,0.0,0.0,0.0,0.0,0.0,0.0,0.0,0.0,0.0,0.0,0.0,0.0,0.0,0.0,0.0,0.0,0.0,0.0,0.0,0.0,0.0,0.0,0.0,0.0,0.0061776493212564,0.0010577215442575,-0.0034791094146573,SPY
2011-02-28,0.4519014036225798,0.5302045491795061,-0.6000315932249627,-0.4595575320212982,-0.3325164296643704,-0.3454139415363261,0.1922124755617724,0.03360638275629721,0.0949719823669571,-1.4420447410210082,0.0,0.0,0.0,0.0,0.0,0.0,0.0,0.0,0.0,0.0,0.0,0.0,0.0,0.0,0.0,0.0,0.0,0.0,0.0,0.0,0.0,0.0,0.0,0.0,0.0,0.0,0.0,0.0,-0.0168133529141609,-0.0130018562110336,-0.0120968480229999,SPY
2011-03-01,-1.3034837018043537,0.9164186903656968,-0.4437160569397913,-0.3272288003719749,-0.3383352173085388,-0.34278660340751543,-0.4627185697844942,-0.7858628310661151,2.280403701051851,-0.7279648142430675,0.0,0.0,0.0,0.0,0.0,0.0,0.0,0.0,0.0,0.0,0.0,0.0,0.0,0.0,0.0,0.0,0.0,0.0,0.0,0.0,0.0,0.0,0.0,0.0,0.0,0.0,0.0,0.0,0.0021361486196598,0.0125231813579151,0.0114124192789164,SPY
2011-03-02,0.14332894286110975,-0.6278539926216663,-0.31161399302094817,-0.42921752996503604,-0.342524801051236,-0.34223779822752254,-0.3906757320438992,-0.6287163414189134,1.1467881291930442,-0.013884887465126573,0.0,0.0,0.0,0.0,0.0,0.0,0.0,0.0,0.0,0.0,0.0,0.0,0.0,0.0,0.0,0.0,0.0,0.0,0.0,0.0,0.0,0.0,0.0,0.0,0.0,0.0,0.0,0.0,0.0170776030844717,0.0089533025311734,0.0161537658365844,SPY
2011-03-03,1.2841233437481543,-0.8552271677303775,0.005247336112387918,-0.31486774047979016,-0.3434093427528499,-0.3387581036769028,0.2014000714629689,-0.07769704606226459,0.6800293878356652,0.7001950393128141,0.0,0.0,0.0,0.0,0.0,0.0,0.0,0.0,0.0,0.0,0.0,0.0,0.0,0.0,0.0,0.0,0.0,0.0,0.0,0.0,0.0,0.0,0.0,0.0,0.0,0.0,0.0,0.0,-0.0075203265669694,-0.0268039286604766,-0.002280114589567,SPY
2011-03-04,-0.5939522134784412,1.0514641437011647,0.6834668195149832,-0.28684715819021206,-0.3475523618953935,-0.3367846945315026,-0.10259139888289219,-0.48387618270060867,2.409119203196821,1.414274966090755,0.0,0.0,0.0,0.0,0.0,0.0,0.0,0.0,0.0,0.0,0.0,0.0,0.0,0.0,0.0,0.0,0.0,0.0,0.0,0.0,0.0,0.0,0.0,0.0,0.0,0.0,0.0,0.0,-0.0078819284340347,-0.0123811071118575,0.0094547921489001,SPY
2011-03-07,-0.6215608633772775,0.5081948025193096,-0.009688450836077684,-0.26214451375405223,-0.3547676697162404,-0.3364577824444845,-0.3978277042053901,-0.7672278222583331,1.2913288648830274,-1.4420447410210082,0.0,0.0,0.0,0.0,0.0,0.0,0.0,0.0,0.0,0.0,0.0,0.0,0.0,0.0,0.0,0.0,0.0,0.0,0.0,0.0,0.0,0.0,0.0,0.0,0.0,0.0,0.0,0.0,0.0087116846547878,-0.0105552315024723,0.0181624721190614,SPY
2011-03-08,0.6453774354875237,-0.8960182236832559,-0.5464506358609014,-0.2479932452365782,-0.3530221935903587,-0.33574548628452383,-0.08425652641675328,-0.4275313189751306,0.542192542730091,-0.7279648142430675,0.0,0.0,0.0,0.0,0.0,0.0,0.0,0.0,0.0,0.0,0.0,0.0,0.0,0.0,0.0,0.0,0.0,0.0,0.0,0.0,0.0,0.0,0.0,0.0,0.0,0.0,0.0,0.0,-0.0014337302070819,-0.0307904294061511,0.009300552475902,SPY
2011-03-09,-0.1292347347235015,0.017188083180217015,0.4280363065505454,-0.2548301015533432,-0.349833446986348,-0.3359556174364955,-0.1349328597490551,-0.6501921057912319,0.171087118663122,-0.013884887465126573,0.0,0.0,0.0,0.0,0.0,0.0,0.0,0.0,0.0,0.0,0.0,0.0,0.0,0.0,0.0,0.0,0.0,0.0,0.0,0.0,0.0,0.0,0.0,0.0,0.0,0.0,0.0,0.0,-0.0186796281071783,-0.048042656929284,0.0138815156272951,SPY
2011-03-10,-1.4459756055023947,0.3799610758988474,0.29174658344029003,-0.1330370431595935,-0.3521377447393932,-0.3386763523641767,-0.7890773522729445,-1.1431247184317954,2.4956243263315927,0.7001950393128141,0.0,0.0,0.0,0.0,0.0,0.0,0.0,0.0,0.0,0.0,0.0,0.0,0.0,0.0,0.0,0.0,0.0,0.0,0.0,0.0,0.0,0.0,0.0,0.0,0.0,0.0,0.0,0.0,0.0069024949816496,-0.0162149754916862,0.0300144174391121,SPY
2011-03-11,0.5072440660676073,-1.1610629676262765,-1.0733818634396173,-0.11304929161289999,-0.3556056932430252,-0.3404045192168842,-0.5162879799239574,-1.002968847243133,1.2310260613522883,1.414274966090755,0.0,0.0,0.0,0.0,0.0,0.0,0.0,0.0,0.0,0.0,0.0,0.0,0.0,0.0,0.0,0.0,0.0,0.0,0.0,0.0,0.0,0.0,0.0,0.0,0.0,0.0,0.0,0.0,-0.0060560528246496,-0.0194867926325574,0.01965541961727,SPY
2011-03-14,-0.4821535066966931,-0.6920703508900415,-0.5227518698932988,-0.11984915107763519,-0.3628209546385477,-0.3439776571483174,-0.6956304847033502,-0.6995092434462631,1.3334975670455245,-1.4420447410210082,0.0,0.0,0.0,0.0,0.0,0.0,0.0,0.0,0.0,0.0,0.0,0.0,0.0,0.0,0.0,0.0,0.0,0.0,0.0,0.0,0.0,0.0,0.0,0.0,0.0,0.0,0.0,0.0,-0.0115235132488908,0.0019482429500037,0.0226964014763284,SPY
2011-03-15,-0.8995993620339354,0.018126827123189214,-0.4530441589836806,-0.09045166139034398,-0.3683372348703559,-0.349664311068943,-1.0473943905042131,-0.8158129318536442,2.9212306455105983,-0.7279648142430675,0.0,0.0,0.0,0.0,0.0,0.0,0.0,0.0,0.0,0.0,0.0,0.0,0.0,0.0,0.0,0.0,0.0,0.0,0.0,0.0,0.0,0.0,0.0,0.0,0.0,0.0,0.0,0.0,-0.0186859577302147,0.00999689733153,0.0267178329166419,SPY
2011-03-16,-1.4464588783013486,-1.0185128533554306,-1.2255772485425624,-0.0012564569050991777,-0.380044610633599,-0.3576396057993842,-1.6247844028052856,-1.1441548344194916,3.677332473928334,-0.013884887465126573,0.0,0.0,0.0,0.0,0.0,0.0,0.0,0.0,0.0,0.0,0.0,0.0,0.0,0.0,0.0,0.0,0.0,0.0,0.0,0.0,0.0,0.0,0.0,0.0,0.0,0.0,0.0,0.0,0.0131480533304193,0.0315407852115088,0.0453278043029108,SPY
2011-03-17,0.984098445369797,-1.729066133369703,-1.8842274230385376,0.051317104101418626,-0.3931252706987673,-0.3646457631729734,-1.0713975193467975,-1.0874612250452917,1.101468031045879,0.7001950393128141,0.0,0.0,0.0,0.0,0.0,0.0,0.0,0.0,0.0,0.0,0.0,0.0,0.0,0.0,0.0,0.0,0.0,0.0,0.0,0.0,0.0,0.0,0.0,0.0,0.0,0.0,0.0,0.0,0.0036306778407784,0.0279104190910475,0.0329401094966321,SPY
2011-03-18,0.25743768451202764,-0.3410538967696633,-0.6691201040232311,0.05354830773663573,-0.4027961067661771,-0.3715759919769068,-0.8577765058226992,-1.16234443074515,0.7951400860545118,1.414274966090755,0.0,0.0,0.0,0.0,0.0,0.0,0.0,0.0,0.0,0.0,0.0,0.0,0.0,0.0,0.0,0.0,0.0,0.0,0.0,0.0,0.0,0.0,0.0,0.0,0.0,0.0,0.0,0.0,0.0153789827579116,0.0273310687855001,0.032951051144126,SPY
2011-03-21,1.1544320501504475,0.9144708852787816,-0.7940305208296522,0.13858279021011405,-0.4054177448226595,-0.37651105786732453,-0.2347101444879676,-0.44796201914652245,-0.1140967378711234,-1.4420447410210082,0.0,0.0,0.0,0.0,0.0,0.0,0.0,0.0,0.0,0.0,0.0,0.0,0.0,0.0,0.0,0.0,0.0,0.0,0.0,0.0,0.0,0.0,0.0,0.0,0.0,0.0,0.0,0.0,-0.0034748588673645,0.0095119967405024,0.00630041693356,SPY
2011-03-22,-0.28507686860840886,1.039982061652447,0.024309598314425324,0.02990500684853673,-0.4117680327907095,-0.3788212311810203,-0.3350875060952464,-0.5718367625320204,-0.4192318575254957,-0.7279648142430675,0.0,0.0,0.0,0.0,0.0,0.0,0.0,0.0,0.0,0.0,0.0,0.0,0.0,0.0,0.0,0.0,0.0,0.0,0.0,0.0,0.0,0.0,0.0,0.0,0.0,0.0,0.0,0.0,0.0028579301497639,0.0196827699956223,0.0155031750880905,SPY
2011-03-23,0.1984376560152147,0.6402274750594704,0.33158862102275904,0.02353834986146523,-0.416811215756454,-0.3797515774235302,-0.2182675878525545,-0.9580628386989569,-0.2130283726256851,-0.013884887465126573,0.0,0.0,0.0,0.0,0.0,0.0,0.0,0.0,0.0,0.0,0.0,0.0,0.0,0.0,0.0,0.0,0.0,0.0,0.0,0.0,0.0,0.0,0.0,0.0,0.0,0.0,0.0,0.0,0.009517687209958,0.0237023350231861,0.0261852945329117,SPY
2011-03-24,0.7069165048066625,-0.06420181926009139,1.1540844693091934,0.05197441859964183,-0.41325329497455954,-0.379122651298869,0.1278145333624294,-0.5278607128872067,-0.1080883964974444,0.7001950393128141,0.0,0.0,0.0,0.0,0.0,0.0,0.0,0.0,0.0,0.0,0.0,0.0,0.0,0.0,0.0,0.0,0.0,0.0,0.0,0.0,0.0,0.0,0.0,0.0,0.0,0.0,0.0,0.0,0.003051327535231,0.0128283704715483,0.0217631250538321,SPY
2011-03-25,0.2132037321697586,0.6667535046323442,1.0154854811194127,0.01961346138934073,-0.4108550555780349,-0.379659310236816,0.2485130501654063,-0.25418143858680337,-0.1747632732476097,1.414274966090755,0.0,0.0,0.0,0.0,0.0,0.0,0.0,0.0,0.0,0.0,0.0,0.0,0.0,0.0,0.0,0.0,0.0,0.0,0.0,0.0,0.0,0.0,0.0,0.0,0.0,0.0,0.0,0.0,-0.0024400892870861,0.0139916231078149,0.0176650330481971,SPY
2011-03-28,-0.20607121717267388,0.6776339623727092,0.9933672254140878,0.007262229850931323,-0.4073661460405347,-0.3815287717729009,0.1801264018810286,-0.5521694137733765,-0.7684467173432677,-1.4420447410210082,0.0,0.0,0.0,0.0,0.0,0.0,0.0,0.0,0.0,0.0,0.0,0.0,0.0,0.0,0.0,0.0,0.0,0.0,0.0,0.0,0.0,0.0,0.0,0.0,0.0,0.0,0.0,0.0,0.0066959143877554,0.0172574639310276,0.0286732887736889,SPY
2011-03-29,0.491471439286096,0.004894351490254914,0.31307623713115523,-0.07041017627244589,-0.3983520890343079,-0.379773983338869,0.4096935193093054,-0.3316593229001998,-0.5252111648025324,-0.7279648142430675,0.0,0.0,0.0,0.0,0.0,0.0,0.0,0.0,0.0,0.0,0.0,0.0,0.0,0.0,0.0,0.0,0.0,0.0,0.0,0.0,0.0,0.0,0.0,0.0,0.0,0.0,0.0,0.0,0.0068774951773278,0.0104113145549007,0.0284850017280717,SPY
2011-03-30,0.5053353069932651,0.20993731592436793,0.7013728539165119,-0.058260560766877086,-0.3816713772055502,-0.3772789262871609,0.6383785331991652,0.4021397358944207,-0.4468370171801464,-0.013884887465126573,0.0,0.0,0.0,0.0,0.0,0.0,0.0,0.0,0.0,0.0,0.0,0.0,0.0,0.0,0.0,0.0,0.0,0.0,0.0,0.0,0.0,0.0,0.0,0.0,0.0,0.0,0.0,0.0,-0.0013562773416797,0.006681052321884,0.0248452525140852,SPY
2011-03-31,-0.12332113405018169,0.7341408037971943,0.8548305568857603,-0.1542050089616567,-0.3692982390808951,-0.37763388070481163,0.591471555579376,0.1935755442937175,-0.4878924893561199,0.7001950393128141,0.0,0.0,0.0,0.0,0.0,0.0,0.0,0.0,0.0,0.0,0.0,0.0,0.0,0.0,0.0,0.0,0.0,0.0,0.0,0.0,0.0,0.0,0.0,0.0,0.0,0.0,0.0,0.0,0.0042145801714976,0.0054906033682025,0.0285499783605471,SPY
2011-04-01,0.30201918834875896,0.2811277932136489,0.4396877215738662,-0.1697611391640463,-0.3566984060982649,-0.3761644416177527,0.7328733128720147,0.5182621537537152,-0.218764328804499,1.414274966090755,0.0,0.0,0.0,0.0,0.0,0.0,0.0,0.0,0.0,0.0,0.0,0.0,0.0,0.0,0.0,0.0,0.0,0.0,0.0,0.0,0.0,0.0,0.0,0.0,0.0,0.0,0.0,0.0,0.0008257515361265,-0.0021804796434876,0.0227946779575329,SPY
2011-04-04,0.04327886678892598,0.13131328503330184,0.4840980187852008,-0.1967972028053385,-0.3484699816404862,-0.3733515908946768,0.7292826224326985,1.0339685330756145,-0.8932180433149752,-1.4420447410210082,0.0,0.0,0.0,0.0,0.0,0.0,0.0,0.0,0.0,0.0,0.0,0.0,0.0,0.0,0.0,0.0,0.0,0.0,0.0,0.0,0.0,0.0,0.0,0.0,0.0,0.0,0.0,0.0,-0.0001502349883715,-0.0060213021452053,0.0183656539263683,SPY
2011-04-05,-0.031238641872004806,0.2540733364987624,0.6087802735955354,-0.2207348474670138,-0.3392363096382233,-0.3719050351878893,0.7056436931220639,2.137619448458453,-0.6268016089403184,-0.7279648142430675,0.0,0.0,0.0,0.0,0.0,0.0,0.0,0.0,0.0,0.0,0.0,0.0,0.0,0.0,0.0,0.0,0.0,0.0,0.0,0.0,0.0,0.0,0.0,0.0,0.0,0.0,0.0,0.0,0.0031472329443111,-0.0133731489654111,0.0118629054835652,SPY
2011-04-06,0.2205262022780752,0.008510622314392313,0.34741011283425133,-0.2197713274601828,-0.3298858315203212,-0.36974412207009283,0.7983174327869228,2.043025604806708,-0.6310203070386753,-0.013884887465126573,0.0,0.0,0.0,0.0,0.0,0.0,0.0,0.0,0.0,0.0,0.0,0.0,0.0,0.0,0.0,0.0,0.0,0.0,0.0,0.0,0.0,0.0,0.0,0.0,0.0,0.0,0.0,0.0,-0.0025467262953613,-0.0165963682536682,-0.0003741339094522,SPY
2011-04-07,-0.21421305518812206,0.13911621605492352,0.2049973219411464,-0.37286516225879146,-0.324228627216964,-0.3651210154624853,0.6444651983889407,1.7736155188121954,-0.0018515985745086029,0.7001950393128141,0.0,0.0,0.0,0.0,0.0,0.0,0.0,0.0,0.0,0.0,0.0,0.0,0.0,0.0,0.0,0.0,0.0,0.0,0.0,0.0,0.0,0.0,0.0,0.0,0.0,0.0,0.0,0.0,-0.0034565028401924,-0.0132892834341662,0.0065788482634872,SPY
2011-04-08,-0.2836753683013418,0.004290596112451814,0.15954873218544596,-0.37721054875780896,-0.3205819180025735,-0.3620883445429679,0.4765573968869624,1.1167103245545131,-0.3047070347759948,1.414274966090755,0.0,0.0,0.0,0.0,0.0,0.0,0.0,0.0,0.0,0.0,0.0,0.0,0.0,0.0,0.0,0.0,0.0,0.0,0.0,0.0,0.0,0.0,0.0,0.0,0.0,0.0,0.0,0.0,-0.0030150709655911,-0.0061911611057015,0.0139030642311892,SPY
2011-04-11,-0.24997162064382927,-0.3672328759256515,-0.1333154882433651,-0.3921781820303409,-0.3171221867813203,-0.3586023032024009,0.3204585497852307,1.1512991890110857,-0.6452859337954514,-1.4420447410210082,0.0,0.0,0.0,0.0,0.0,0.0,0.0,0.0,0.0,0.0,0.0,0.0,0.0,0.0,0.0,0.0,0.0,0.0,0.0,0.0,0.0,0.0,0.0,0.0,0.0,0.0,0.0,0.0,-0.0075020818085773,-0.0144477415927646,0.0254178297971945,SPY
2011-04-12,-0.59255920864961,-0.3935817553588095,-0.27994921467506034,-0.43122937100912345,-0.3180337944469319,-0.3545374113275907,-0.009284113692616188,0.438436714549414,-0.1418937160926785,-0.7279648142430675,0.0,0.0,0.0,0.0,0.0,0.0,0.0,0.0,0.0,0.0,0.0,0.0,0.0,0.0,0.0,0.0,0.0,0.0,0.0,0.0,0.0,0.0,0.0,0.0,0.0,0.0,0.0,0.0,-7.598634394589965e-05,-0.0012177604970213,0.0223392624053202,SPY
2011-04-13,-0.02556968654816681,-0.6211843720876175,-0.5606257351129789,-0.6465157645614351,-0.3210959856172254,-0.3477051792895535,-0.09454434106557759,-0.04980330507366659,-0.1416616091818175,-0.013884887465126573,0.0,0.0,0.0,0.0,0.0,0.0,0.0,0.0,0.0,0.0,0.0,0.0,0.0,0.0,0.0,0.0,0.0,0.0,0.0,0.0,0.0,0.0,0.0,0.0,0.0,0.0,0.0,0.0,0.0007603585241406,0.0123982754415097,0.0271646340144053,SPY
2011-04-14,0.03828604750842408,-0.4558326743698175,-0.6836807982231026,-0.7233660723409666,-0.3235037654178695,-0.342705690569791,-0.126446066211969,-0.19821374164682298,-0.154685581593947,0.7001950393128141,0.0,0.0,0.0,0.0,0.0,0.0,0.0,0.0,0.0,0.0,0.0,0.0,0.0,0.0,0.0,0.0,0.0,0.0,0.0,0.0,0.0,0.0,0.0,0.0,0.0,0.0,0.0,0.0,0.0036416194882722,0.0167334346482475,0.0186750104048609,SPY
2011-04-15,0.25827308980853364,0.009008836570457514,-0.5574239429551497,-0.7233375591904017,-0.3260986160622983,-0.3376863230051823,-0.051545553417495386,0.22243289261395732,-0.0388213069946278,1.414274966090755,0.0,0.0,0.0,0.0,0.0,0.0,0.0,0.0,0.0,0.0,0.0,0.0,0.0,0.0,0.0,0.0,0.0,0.0,0.0,0.0,0.0,0.0,0.0,0.0,0.0,0.0,0.0,0.0,-0.0112716514526542,0.0120450506895712,0.0086722911540171,SPY
2011-04-18,-0.8803694719572545,0.21815981891228534,-0.28643403721872984,-0.7618549820162449,-0.3324101853099819,-0.336724662050433,-0.4794771600336897,-0.9658527138584607,0.4790370593833217,-1.4420447410210082,0.0,0.0,0.0,0.0,0.0,0.0,0.0,0.0,0.0,0.0,0.0,0.0,0.0,0.0,0.0,0.0,0.0,0.0,0.0,0.0,0.0,0.0,0.0,0.0,0.0,0.0,0.0,0.0,0.0057278992871658,0.0318848685806312,0.0197934795709349,SPY
2011-04-19,0.4175625564977813,-0.4587561371539312,-0.6016511980898284,-0.7544728498385643,-0.3369217751011959,-0.3343556557407404,-0.2967348947188317,-1.06073133805658,-0.650984368402788,-0.7279648142430675,0.0,0.0,0.0,0.0,0.0,0.0,0.0,0.0,0.0,0.0,0.0,0.0,0.0,0.0,0.0,0.0,0.0,0.0,0.0,0.0,0.0,0.0,0.0,0.0,0.0,0.0,0.0,0.0,0.0135400495945852,0.0326645966356036,0.022961889919844,SPY
2011-04-20,1.0140277366835877,-0.341382889673805,-0.09656109621135602,-0.6568037262519969,-0.33823071390380793,-0.3303213216215712,0.1578161570634181,-0.13956137659529627,-0.2324561065297816,-0.013884887465126573,0.0,0.0,0.0,0.0,0.0,0.0,0.0,0.0,0.0,0.0,0.0,0.0,0.0,0.0,0.0,0.0,0.0,0.0,0.0,0.0,0.0,0.0,0.0,0.0,0.0,0.0,0.0,0.0,0.0050955177308784,0.0223622930043596,0.011800913672701,SPY
2011-04-21,0.36927961722062563,1.0545132547287608,0.42326768733742154,-0.6898077251631388,-0.3371554801831219,-0.326943746338944,0.3078506435154319,-0.0961026494366742,-0.4944090515219635,0.7001950393128141,0.0,0.0,0.0,0.0,0.0,0.0,0.0,0.0,0.0,0.0,0.0,0.0,0.0,0.0,0.0,0.0,0.0,0.0,0.0,0.0,0.0,0.0,0.0,0.0,0.0,0.0,0.0,0.0,-0.0010467644704039,0.0196152237782634,-0.0012715588281722,SPY
2011-04-25,-0.09968952901564798,1.018935727233479,0.5887740466847604,-0.6898926300104467,-0.3353320559379407,-0.3241994525927947,0.2354880318521735,-0.19344962831237247,-1.3744502462666583,-1.4420447410210082,0.0,0.0,0.0,0.0,0.0,0.0,0.0,0.0,0.0,0.0,0.0,0.0,0.0,0.0,0.0,0.0,0.0,0.0,0.0,0.0,0.0,0.0,0.0,0.0,0.0,0.0,0.0,0.0,0.0085681664384056,0.0191212680171508,-0.0118934504380883,SPY
2011-04-26,0.6344196818056655,0.19828753895857523,0.4097823826607566,-0.6641318040663097,-0.3298854136924043,-0.3197312425963798,0.5034814899476447,0.18442914636888053,-0.3138399033237372,-0.7279648142430675,0.0,0.0,0.0,0.0,0.0,0.0,0.0,0.0,0.0,0.0,0.0,0.0,0.0,0.0,0.0,0.0,0.0,0.0,0.0,0.0,0.0,0.0,0.0,0.0,0.0,0.0,0.0,0.0,0.0065076273421382,0.0069498290837071,-0.0212945739805006,SPY
2011-04-27,0.4770955424879948,0.393657333736959,1.1672207771169678,-0.6653083052947569,-0.3200673164966934,-0.31526297437253503,0.6952798124633135,0.30767015128543274,-0.35931110090008,-0.013884887465126573,0.0,0.0,0.0,0.0,0.0,0.0,0.0,0.0,0.0,0.0,0.0,0.0,0.0,0.0,0.0,0.0,0.0,0.0,0.0,0.0,0.0,0.0,0.0,0.0,0.0,0.0,0.0,0.0,0.0032377459633412,-0.0062107816896057,-0.02447325264602,SPY
2011-04-28,0.22743695822623922,0.8186643247674019,1.196988992194027,-0.6818786613921491,-0.309197360731021,-0.3113459219443156,0.7704615117843894,0.5497857349859644,-0.5880927515032219,0.7001950393128141,0.0,0.0,0.0,0.0,0.0,0.0,0.0,0.0,0.0,0.0,0.0,0.0,0.0,0.0,0.0,0.0,0.0,0.0,0.0,0.0,0.0,0.0,0.0,0.0,0.0,0.0,0.0,0.0,0.0023484485047822,-0.0185383341016533,-0.0231141491706061,SPY
2011-04-29,0.15953824302174474,0.5187770508146651,0.8036708496335495,-0.685730238468592,-0.2978130587987513,-0.3068425192887758,0.804885637042684,0.8151694627034232,-0.7141876411224585,1.414274966090755,0.0,0.0,0.0,0.0,0.0,0.0,0.0,0.0,0.0,0.0,0.0,0.0,0.0,0.0,0.0,0.0,0.0,0.0,0.0,0.0,0.0,0.0,0.0,0.0,0.0,0.0,0.0,0.0,-0.0015407202315165,-0.0164805267288574,-0.0216353962397191,SPY
2011-05-02,-0.1374035258618209,0.2847833519589355,0.6987940954466084,-0.6861116468649545,-0.2880417351171524,-0.3032421775017115,0.7026618206744589,0.9011665875489406,-0.5619319081585169,-1.4420447410210082,0.0,0.0,0.0,0.0,0.0,0.0,0.0,0.0,0.0,0.0,0.0,0.0,0.0,0.0,0.0,0.0,0.0,0.0,0.0,0.0,0.0,0.0,0.0,0.0,0.0,0.0,0.0,0.0,-0.0036032724950381,-0.0110720933698313,-0.0097375400459664,SPY
2011-05-03,-0.2948813724331629,0.015948799871578812,0.6799360060889377,-0.6729166131713825,-0.2759561554504719,-0.3003454326964597,0.5313328240129482,1.1450834076866723,-0.4046706846982081,-0.7279648142430675,0.0,0.0,0.0,0.0,0.0,0.0,0.0,0.0,0.0,0.0,0.0,0.0,0.0,0.0,0.0,0.0,0.0,0.0,0.0,0.0,0.0,0.0,0.0,0.0,0.0,0.0,0.0,0.0,-0.0066529834311745,0.0010308737256208,-0.0288510710937011,SPY
2011-05-04,-0.5277297319059225,-0.3188925872784233,0.2152585975264513,-0.6406037124795413,-0.2677276613547058,-0.29848071087323413,0.2587387433136068,0.7282047490000985,0.1608139123712454,-0.013884887465126573,0.0,0.0,0.0,0.0,0.0,0.0,0.0,0.0,0.0,0.0,0.0,0.0,0.0,0.0,0.0,0.0,0.0,0.0,0.0,0.0,0.0,0.0,0.0,0.0,0.0,0.0,0.0,0.0,-0.0090898064487063,-0.0028967920436562,-0.0232601719992739,SPY
2011-05-05,-0.713783510063854,-0.6065064222181222,-0.28718310576624845,-0.5952630920631778,-0.26653559830572,-0.2985393458959661,-0.07962767410533429,0.24317166236368673,0.7175358219367026,0.7001950393128141,0.0,0.0,0.0,0.0,0.0,0.0,0.0,0.0,0.0,0.0,0.0,0.0,0.0,0.0,0.0,0.0,0.0,0.0,0.0,0.0,0.0,0.0,0.0,0.0,0.0,0.0,0.0,0.0,0.0044062558775781,0.0109423996701893,-0.0241654157832984,SPY
2011-05-06,0.31665381262832093,-0.9151765765730296,-0.7578205661415087,-0.5893293594849248,-0.2655537491246227,-0.2975073345594253,0.07206564949790761,0.26835702922948873,0.6441545469081873,1.414274966090755,0.0,0.0,0.0,0.0,0.0,0.0,0.0,0.0,0.0,0.0,0.0,0.0,0.0,0.0,0.0,0.0,0.0,0.0,0.0,0.0,0.0,0.0,0.0,0.0,0.0,0.0,0.0,0.0,0.0038677131275095,-0.0011931212927924,-0.0392088475807002,SPY
2011-05-09,0.2755355563458791,-0.2929883000932595,-0.6792582365319698,-0.5917968193661244,-0.2630290239323682,-0.2953259253860168,0.1905113273260729,0.9432972487934437,-0.7714257242239168,-1.4420447410210082,0.0,0.0,0.0,0.0,0.0,0.0,0.0,0.0,0.0,0.0,0.0,0.0,0.0,0.0,0.0,0.0,0.0,0.0,0.0,0.0,0.0,0.0,0.0,0.0,0.0,0.0,0.0,0.0,0.0084996946004141,-0.0114219341828736,-0.0436967602580633,SPY
2011-05-10,0.62919179120217,0.4359964471847986,-0.47277675053858853,-0.5697868960675286,-0.26050432195277623,-0.2913268072169446,0.4617298728460864,1.013000281012916,-0.7543691338316022,-0.7279648142430675,0.0,0.0,0.0,0.0,0.0,0.0,0.0,0.0,0.0,0.0,0.0,0.0,0.0,0.0,0.0,0.0,0.0,0.0,0.0,0.0,0.0,0.0,0.0,0.0,0.0,0.0,0.0,0.0,-0.0105806492004516,-0.0200720918190242,-0.0563923710785712,SPY
2011-05-11,-0.8276107862369626,0.6662916341079278,-0.010713438502521785,-0.5366462829002214,-0.2633796511932422,-0.28784371218437294,0.02390503686842651,0.07167399703116831,0.2545206521232028,-0.013884887465126573,0.0,0.0,0.0,0.0,0.0,0.0,0.0,0.0,0.0,0.0,0.0,0.0,0.0,0.0,0.0,0.0,0.0,0.0,0.0,0.0,0.0,0.0,0.0,0.0,0.0,0.0,0.0,0.0,0.0047493852651392,-0.0005951329824975,-0.0382093432208741,SPY
2011-05-12,0.3428520709726721,-0.14656731611613016,-0.1606626401825603,-0.531190357440867,-0.2657873381432378,-0.2835983036288537,0.1507081296481963,0.06098977874767131,-0.0464720828718444,0.7001950393128141,0.0,0.0,0.0,0.0,0.0,0.0,0.0,0.0,0.0,0.0,0.0,0.0,0.0,0.0,0.0,0.0,0.0,0.0,0.0,0.0,0.0,0.0,0.0,0.0,0.0,0.0,0.0,0.0,-0.0077292650854037,-0.0029654449001945,-0.0569670076255421,SPY
2011-05-13,-0.60990487006357,-0.357558184152953,0.3676857151231743,-0.49175441310695706,-0.2713743705690963,-0.2806898900464854,-0.1711968770452646,-0.22679862701291148,-0.2396663633133677,1.414274966090755,0.0,0.0,0.0,0.0,0.0,0.0,0.0,0.0,0.0,0.0,0.0,0.0,0.0,0.0,0.0,0.0,0.0,0.0,0.0,0.0,0.0,0.0,0.0,0.0,0.0,0.0,0.0,0.0,-0.0063610997625715,-0.0032131345847856,-0.048454158205943,SPY
2011-05-16,-0.5054441334297595,-0.19714048103666157,-0.09562042833858152,-0.47190053607607924,-0.2784572501527179,-0.2793411331323297,-0.4218230959976883,-0.8059207173826899,-0.4584919427450962,-1.4420447410210082,0.0,0.0,0.0,0.0,0.0,0.0,0.0,0.0,0.0,0.0,0.0,0.0,0.0,0.0,0.0,0.0,0.0,0.0,0.0,0.0,0.0,0.0,0.0,0.0,0.0,0.0,0.0,0.0,-0.0001504630357365,-0.0085206909025341,-0.029486913806302,SPY
2011-05-17,-0.03125605350738081,-0.8222118206879047,-0.4861328642489577,-0.5432485149695307,-0.2844416369282387,-0.2762802451998859,-0.4630499776623847,-1.1317345495426225,0.20879633909751,-0.7279648142430675,0.0,0.0,0.0,0.0,0.0,0.0,0.0,0.0,0.0,0.0,0.0,0.0,0.0,0.0,0.0,0.0,0.0,0.0,0.0,0.0,0.0,0.0,0.0,0.0,0.0,0.0,0.0,0.0,0.008896309636075,-0.0092031849708043,-0.0472820694792277,SPY
2011-05-18,0.6594737301563148,-0.3958315197089931,-0.8163758910597744,-0.5229184542333344,-0.2855403154376368,-0.2727033108399698,-0.1766517162732368,-0.8549052376419546,-0.5403567932372558,-0.013884887465126573,0.0,0.0,0.0,0.0,0.0,0.0,0.0,0.0,0.0,0.0,0.0,0.0,0.0,0.0,0.0,0.0,0.0,0.0,0.0,0.0,0.0,0.0,0.0,0.0,0.0,0.0,0.0,0.0,0.0023790733474422,-0.0147705459302605,-0.053976075107462,SPY
2011-05-19,0.16187647917652154,0.4625440875334571,-0.0727906166870617,-0.6073150832067693,-0.28303889575812113,-0.270850339312264,-0.11020451428856398,-0.8549018326482004,-0.7272690571858551,0.7001950393128141,0.0,0.0,0.0,0.0,0.0,0.0,0.0,0.0,0.0,0.0,0.0,0.0,0.0,0.0,0.0,0.0,0.0,0.0,0.0,0.0,0.0,0.0,0.0,0.0,0.0,0.0,0.0,0.0,-0.0079769547699948,-0.0125527698389475,-0.053375610522024,SPY
2011-05-20,-0.6288162154084599,0.604854769001144,-0.1632836475787337,-0.5826944374834402,-0.2844181457142035,-0.2710497100350385,-0.4026669029803723,-1.0501424203834238,0.1396798280192074,1.414274966090755,0.0,0.0,0.0,0.0,0.0,0.0,0.0,0.0,0.0,0.0,0.0,0.0,0.0,0.0,0.0,0.0,0.0,0.0,0.0,0.0,0.0,0.0,0.0,0.0,0.0,0.0,0.0,0.0,-0.01166865608032,-0.0007486136332834,-0.0402956773287481,SPY
2011-05-23,-0.9106811566352088,-0.3444281795187574,-0.1727398672905379,-0.515659805671033,-0.2906364000602848,-0.2729027048537168,-0.8083422571319089,-1.2537953089418616,-0.0559257191283453,-1.4420447410210082,0.0,0.0,0.0,0.0,0.0,0.0,0.0,0.0,0.0,0.0,0.0,0.0,0.0,0.0,0.0,0.0,0.0,0.0,0.0,0.0,0.0,0.0,0.0,0.0,0.0,0.0,0.0,0.0,-0.0008329571040066,0.0212771784092726,-0.015016152566865,SPY
2011-05-24,-0.0833651312116143,-1.1347476867742163,-0.3753701009890469,-0.5613252105030335,-0.2997998769723864,-0.2762332905997558,-0.8002508871612188,-1.1055123656925603,-0.3509899815716104,-0.7279648142430675,0.0,0.0,0.0,0.0,0.0,0.0,0.0,0.0,0.0,0.0,0.0,0.0,0.0,0.0,0.0,0.0,0.0,0.0,0.0,0.0,0.0,0.0,0.0,0.0,0.0,0.0,0.0,0.0,0.0033289486766188,-0.0006066680294933,-0.0202267187165494,SPY
2011-05-25,0.23440037299270802,-0.732829302436622,-0.4014261471753079,-0.5820365850361695,-0.30459196857230003,-0.2800799344187525,-0.6342338147433866,-0.687473296054165,-0.2777922906253406,-0.013884887465126573,0.0,0.0,0.0,0.0,0.0,0.0,0.0,0.0,0.0,0.0,0.0,0.0,0.0,0.0,0.0,0.0,0.0,0.0,0.0,0.0,0.0,0.0,0.0,0.0,0.0,0.0,0.0,0.0,0.0045968494387551,-0.0049977010428596,-0.026435560807819,SPY
2011-05-26,0.33120581410501115,0.11092980201275761,-0.6139751216489538,-0.5745179887044458,-0.3094543016876989,-0.2837272075149748,-0.4231172574536838,-0.6811661436452783,-0.0784215638810335,0.7001950393128141,0.0,0.0,0.0,0.0,0.0,0.0,0.0,0.0,0.0,0.0,0.0,0.0,0.0,0.0,0.0,0.0,0.0,0.0,0.0,0.0,0.0,0.0,0.0,0.0,0.0,0.0,0.0,0.0,0.0038272014356692,-0.0195896007143456,-0.0427137176704128,SPY
2011-05-27,0.27244244975905274,0.416408495451083,-0.52930555607676,-0.567836462804977,-0.3106932078887837,-0.28715169081578673,-0.2418199392816934,-0.6843419437655457,-0.6725013490742344,1.414274966090755,0.0,0.0,0.0,0.0,0.0,0.0,0.0,0.0,0.0,0.0,0.0,0.0,0.0,0.0,0.0,0.0,0.0,0.0,0.0,0.0,0.0,0.0,0.0,0.0,0.0,0.0,0.0,0.0,0.010357135962236,-0.0340539780698385,-0.037669198263317,SPY
2011-05-31,0.771009223402811,0.4444399917186039,-0.0786501532185816,-0.5041324967715014,-0.30669603390215333,-0.2886997485798003,0.1614821236853389,-0.6101278147690844,-0.0418458916521539,-0.7279648142430675,0.0,0.0,0.0,0.0,0.0,0.0,0.0,0.0,0.0,0.0,0.0,0.0,0.0,0.0,0.0,0.0,0.0,0.0,0.0,0.0,0.0,0.0,0.0,0.0,0.0,0.0,0.0,0.0,-0.0227168035427727,-0.0450313135819282,-0.0350579987661481,SPY
2011-06-01,-1.754217828049822,0.7685113535922664,0.7622436822463903,-0.29595292399821865,-0.3097349427723709,-0.293226616889919,-0.6252513696673138,-0.9659016513279003,0.9193991769233248,-0.013884887465126573,0.0,0.0,0.0,0.0,0.0,0.0,0.0,0.0,0.0,0.0,0.0,0.0,0.0,0.0,0.0,0.0,0.0,0.0,0.0,0.0,0.0,0.0,0.0,0.0,0.0,0.0,0.0,0.0,-0.0010620843367474,-0.0265104262592492,-0.003813510189258,SPY
2011-06-02,-0.10085921552696869,-0.7248435008719388,-0.0732309981222367,-0.30758393600578815,-0.3158828859649797,-0.296862151336109,-0.6216931345493979,-1.1890915070102308,0.4517686326350674,0.7001950393128141,0.0,0.0,0.0,0.0,0.0,0.0,0.0,0.0,0.0,0.0,0.0,0.0,0.0,0.0,0.0,0.0,0.0,0.0,0.0,0.0,0.0,0.0,0.0,0.0,0.0,0.0,0.0,0.0,-0.0099950502327308,-0.0178459632652563,0.0067654398401506,SPY
2011-06-03,-0.7828997425353994,-1.3672841605061254,-0.24087049027438423,-0.30140865239187703,-0.3258414661916623,-0.3006033103416192,-0.9423009845152804,-1.2377743669969454,0.90672511041871,1.414274966090755,0.0,0.0,0.0,0.0,0.0,0.0,0.0,0.0,0.0,0.0,0.0,0.0,0.0,0.0,0.0,0.0,0.0,0.0,0.0,0.0,0.0,0.0,0.0,0.0,0.0,0.0,0.0,0.0,-0.0106371759198236,-0.0218591921720543,0.0314281137843615,SPY
2011-06-06,-0.8319266555595882,-0.6515635268535657,-0.7979554957883116,-0.28281395685424976,-0.3365244439641964,-0.3066547707611721,-1.2565582720199808,-1.3274742363785494,0.177699805592866,-1.4420447410210082,0.0,0.0,0.0,0.0,0.0,0.0,0.0,0.0,0.0,0.0,0.0,0.0,0.0,0.0,0.0,0.0,0.0,0.0,0.0,0.0,0.0,0.0,0.0,0.0,0.0,0.0,0.0,0.0,-0.0006201995498535,-0.0104384319180352,0.0412440459750387,SPY
2011-06-07,-0.0671208875808565,-1.190254259813388,-1.3501719939997263,-0.29617530433349976,-0.3437711353041896,-0.3134099562628844,-1.2009887407454558,-1.3371671068177162,-0.0726123956389643,-0.7279648142430675,0.0,0.0,0.0,0.0,0.0,0.0,0.0,0.0,0.0,0.0,0.0,0.0,0.0,0.0,0.0,0.0,0.0,0.0,0.0,0.0,0.0,0.0,0.0,0.0,0.0,0.0,0.0,0.0,-0.0041959162200937,0.0027879122688876,0.0430591289452788,SPY
2011-06-08,-0.34013029012430823,-0.6628289979313918,-1.7692612936767675,-0.34511964312931925,-0.3520230509760041,-0.32214702882391033,-1.2509884702579208,-1.820169982113125,0.4817612169341685,-0.013884887465126573,0.0,0.0,0.0,0.0,0.0,0.0,0.0,0.0,0.0,0.0,0.0,0.0,0.0,0.0,0.0,0.0,0.0,0.0,0.0,0.0,0.0,0.0,0.0,0.0,0.0,0.0,0.0,0.0,0.0076023786572454,-0.0109617902196808,0.0575768774778309,SPY
2011-06-09,0.5606808569953093,-0.3004463639140844,-1.062176620086305,-0.33170926249413696,-0.3590125692326986,-0.3280577069614759,-0.907529049030582,-1.5896363360326622,-0.027486893564189402,0.7001950393128141,0.0,0.0,0.0,0.0,0.0,0.0,0.0,0.0,0.0,0.0,0.0,0.0,0.0,0.0,0.0,0.0,0.0,0.0,0.0,0.0,0.0,0.0,0.0,0.0,0.0,0.0,0.0,0.0,-0.0140082791395288,-0.0163618648690855,0.0428574241968808,SPY
2011-06-10,-1.089313624606607,0.16215252015618392,-0.731387447774774,-0.29694914565163316,-0.3716358237913779,-0.3368299954726,-1.311053012005255,-1.6875343824852354,1.8453421705789728,1.414274966090755,0.0,0.0,0.0,0.0,0.0,0.0,0.0,0.0,0.0,0.0,0.0,0.0,0.0,0.0,0.0,0.0,0.0,0.0,0.0,0.0,0.0,0.0,0.0,0.0,0.0,0.0,0.0,0.0,0.0007835843341954,0.0006259522033236,0.0386196822449358,SPY
2011-06-13,0.04005936041641318,-0.3898870010616537,-0.8846032522968551,-0.3027434323893792,-0.3852174363171175,-0.3442652540741139,-1.19636227500372,-1.4317157212425002,1.194921569744601,-1.4420447410210082,0.0,0.0,0.0,0.0,0.0,0.0,0.0,0.0,0.0,0.0,0.0,0.0,0.0,0.0,0.0,0.0,0.0,0.0,0.0,0.0,0.0,0.0,0.0,0.0,0.0,0.0,0.0,0.0,0.0126061446370693,0.0049453462924091,0.0335076996095144,SPY
2011-06-14,0.9427231960845541,-0.7735095784455002,-0.448585020790227,-0.2269340908134932,-0.3982613275255347,-0.348803872679752,-0.6857573277858746,-0.9271896765502645,0.0963176473761338,-0.7279648142430675,0.0,0.0,0.0,0.0,0.0,0.0,0.0,0.0,0.0,0.0,0.0,0.0,0.0,0.0,0.0,0.0,0.0,0.0,0.0,0.0,0.0,0.0,0.0,0.0,0.0,0.0,0.0,0.0,-0.0179456187086621,0.0059500703369028,0.024244589596349,SPY
2011-06-15,-1.3899332828491504,0.7238070087774713,0.05636623231488903,-0.1337862981579721,-0.4095989255816788,-0.356016376422315,-1.2512499883539372,-1.3976469014198394,3.126632169332097,-0.013884887465126573,0.0,0.0,0.0,0.0,0.0,0.0,0.0,0.0,0.0,0.0,0.0,0.0,0.0,0.0,0.0,0.0,0.0,0.0,0.0,0.0,0.0,0.0,0.0,0.0,0.0,0.0,0.0,0.0,0.0022023040078407,0.0178521657918739,0.0352637566922702,SPY
2011-06-16,0.14837997029642505,-0.3298902877312026,-0.468565631192019,-0.1726506964142015,-0.4199546512440641,-0.3642960492240877,-1.0746592118566587,-1.4865803842923273,2.9151008201836053,0.7001950393128141,0.0,0.0,0.0,0.0,0.0,0.0,0.0,0.0,0.0,0.0,0.0,0.0,0.0,0.0,0.0,0.0,0.0,0.0,0.0,0.0,0.0,0.0,0.0,0.0,0.0,0.0,0.0,0.0,0.0029795379328803,0.0127699683693824,0.0388495652492055,SPY
2011-06-17,0.20772252707045183,-0.91520610278431,-0.6747280009702151,-0.1703029874981852,-0.4263598835832831,-0.3725055579718451,-0.869533778752115,-1.5227102294484107,1.3646784485678236,1.414274966090755,0.0,0.0,0.0,0.0,0.0,0.0,0.0,0.0,0.0,0.0,0.0,0.0,0.0,0.0,0.0,0.0,0.0,0.0,0.0,0.0,0.0,0.0,0.0,0.0,0.0,0.0,0.0,0.0,0.005102978423281,-0.0018908769873364,0.0276348278110774,SPY
2011-06-20,0.36984924825217413,0.2620346442864624,-0.02617240639293569,-0.1617130213970027,-0.428012323359507,-0.3786940741178203,-0.6095398962515954,-1.739413337587199,-0.0813412110994522,-1.4420447410210082,0.0,0.0,0.0,0.0,0.0,0.0,0.0,0.0,0.0,0.0,0.0,0.0,0.0,0.0,0.0,0.0,0.0,0.0,0.0,0.0,0.0,0.0,0.0,0.0,0.0,0.0,0.0,0.0,0.013610868681563,0.0018778654321476,0.0386331577751706,SPY
2011-06-21,1.0194348420019135,0.4252253995261474,0.13873207719785446,-0.11938443713318579,-0.4253666137724379,-0.381002325926302,-0.07985672084439889,-0.7551592475826369,0.5642794513646503,-0.7279648142430675,0.0,0.0,0.0,0.0,0.0,0.0,0.0,0.0,0.0,0.0,0.0,0.0,0.0,0.0,0.0,0.0,0.0,0.0,0.0,0.0,0.0,0.0,0.0,0.0,0.0,0.0,0.0,0.0,-0.006043523253691,0.0012353322099896,0.0244194071568006,SPY
2011-06-22,-0.4811968619183183,1.0233397155780806,0.17709011915729095,-0.11009440403797478,-0.4232909839536449,-0.3841008870064198,-0.2660555342346833,-0.8793874405343207,0.2239151741962389,-0.013884887465126573,0.0,0.0,0.0,0.0,0.0,0.0,0.0,0.0,0.0,0.0,0.0,0.0,0.0,0.0,0.0,0.0,0.0,0.0,0.0,0.0,0.0,0.0,0.0,0.0,0.0,0.0,0.0,0.0,-0.0028798934146507,0.015806540497798,0.0442387423503944,SPY
2011-06-23,-0.23965068478034918,0.3962420939825932,0.631484616202557,-0.11610878196328699,-0.4243755491644918,-0.3881515480971629,-0.3232609525238324,-0.6942713129417399,2.955440081487966,0.7001950393128141,0.0,0.0,0.0,0.0,0.0,0.0,0.0,0.0,0.0,0.0,0.0,0.0,0.0,0.0,0.0,0.0,0.0,0.0,0.0,0.0,0.0,0.0,0.0,0.0,0.0,0.0,0.0,0.0,-0.0116813074238386,0.02820329960511,0.0477875031504702,SPY
2011-06-24,-0.9116470988655122,-0.5315214311597454,0.4374580642886881,-0.09566554527711908,-0.4247526156474863,-0.3946736375482297,-0.6733464482479106,-0.7188877185142523,0.989437050875296,1.414274966090755,0.0,0.0,0.0,0.0,0.0,0.0,0.0,0.0,0.0,0.0,0.0,0.0,0.0,0.0,0.0,0.0,0.0,0.0,0.0,0.0,0.0,0.0,0.0,0.0,0.0,0.0,0.0,0.0,0.0088717208427651,0.0545522307404287,0.053880582435684,SPY
2011-06-27,0.6575963521675412,-0.8487008607804507,-0.12225912814420001,-0.06700155210454449,-0.422708810388419,-0.4004620031448311,-0.2773270035390408,-0.4245239697436515,-0.0361564213582642,-1.4420447410210082,0.0,0.0,0.0,0.0,0.0,0.0,0.0,0.0,0.0,0.0,0.0,0.0,0.0,0.0,0.0,0.0,0.0,0.0,0.0,0.0,0.0,0.0,0.0,0.0,0.0,0.0,0.0,0.0,0.012968335459405,0.0448592661685172,0.0412658772521821,SPY
2011-06-28,0.9703768132840256,-0.18755985310825718,0.02162274733507452,-0.04353133547700669,-0.4205288164408684,-0.4059122769877181,0.2721935779451498,0.03144954272893281,-0.0993695562828161,-0.7279648142430675,0.0,0.0,0.0,0.0,0.0,0.0,0.0,0.0,0.0,0.0,0.0,0.0,0.0,0.0,0.0,0.0,0.0,0.0,0.0,0.0,0.0,0.0,0.0,0.0,0.0,0.0,0.0,0.0,0.0085276850341173,0.0330858141294987,0.0076091608425503,SPY
2011-06-29,0.631328887702528,1.1992189653254042,-0.0029076861017884835,-0.1764261306402222,-0.4103645488154043,-0.4065009213758085,0.600574791570102,0.05542333468364461,1.2612388325790125,-0.013884887465126573,0.0,0.0,0.0,0.0,0.0,0.0,0.0,0.0,0.0,0.0,0.0,0.0,0.0,0.0,0.0,0.0,0.0,0.0,0.0,0.0,0.0,0.0,0.0,0.0,0.0,0.0,0.0,0.0,0.0095168656926611,0.0348799614078396,-0.0038325097183253,SPY
2011-06-30,0.7068537811719091,1.179863651559792,0.5533873702040414,-0.1446713335888186,-0.3979184300811366,-0.4054521987666506,0.9489205634658566,0.7063703986469296,0.858152852885971,0.7001950393128141,0.0,0.0,0.0,0.0,0.0,0.0,0.0,0.0,0.0,0.0,0.0,0.0,0.0,0.0,0.0,0.0,0.0,0.0,0.0,0.0,0.0,0.0,0.0,0.0,0.0,0.0,0.0,0.0,0.01466762371148,0.0182460210914738,-0.0202071935905996,SPY
2011-07-01,1.1001191036363922,0.985685375320415,1.0266669822580379,-0.12058550271825058,-0.3817794089349192,-0.4005688854166544,1.450376548589046,0.9348859510583437,0.4639020473258621,1.414274966090755,0.0,0.0,0.0,0.0,0.0,0.0,0.0,0.0,0.0,0.0,0.0,0.0,0.0,0.0,0.0,0.0,0.0,0.0,0.0,0.0,0.0,0.0,0.0,0.0,0.0,0.0,0.0,0.0,-0.0008212437291463,-0.01466762371148,-0.0391367637410668,SPY
2011-07-05,-0.0824708037893683,1.3311158119632196,2.032608276898962,-0.1735458852565387,-0.3674256272047443,-0.3941967898271158,1.337577139573038,0.7086727377390102,-0.1901622009517605,-0.7279648142430675,0.0,0.0,0.0,0.0,0.0,0.0,0.0,0.0,0.0,0.0,0.0,0.0,0.0,0.0,0.0,0.0,0.0,0.0,0.0,0.0,0.0,0.0,0.0,0.0,0.0,0.0,0.0,0.0,0.0011948834203865,-0.0181747782835595,-0.0641948148319366,SPY
2011-07-06,0.07146244073377978,0.7494980077329634,1.6625532913550742,-0.1759608509901706,-0.3568071342074961,-0.3875423144895712,1.299275733927327,1.4617065671339924,-0.5946479651477355,-0.013884887465126573,0.0,0.0,0.0,0.0,0.0,0.0,0.0,0.0,0.0,0.0,0.0,0.0,0.0,0.0,0.0,0.0,0.0,0.0,0.0,0.0,0.0,0.0,0.0,0.0,0.0,0.0,0.0,0.0,0.0103218323124583,-0.0160266270800422,-0.0599858111739681,SPY
2011-07-07,0.7683137558302179,-0.008472846061721186,1.2130701026177542,-0.1701635283578261,-0.341090931701254,-0.3786163870797576,1.5850560997976393,1.5641533148746838,-0.123147563877304,0.7001950393128141,0.0,0.0,0.0,0.0,0.0,0.0,0.0,0.0,0.0,0.0,0.0,0.0,0.0,0.0,0.0,0.0,0.0,0.0,0.0,0.0,0.0,0.0,0.0,0.0,0.0,0.0,0.0,0.0,-0.0071170746237045,-0.0332749110052414,-0.1182816344648118,SPY
2011-07-08,-0.563163540253434,0.6184320506902586,1.2815664991767606,-0.1460823166038802,-0.3267605947597904,-0.3719711582582111,1.2262273120184262,1.2074287817245144,0.2958809582815674,1.414274966090755,0.0,0.0,0.0,0.0,0.0,0.0,0.0,0.0,0.0,0.0,0.0,0.0,0.0,0.0,0.0,0.0,0.0,0.0,0.0,0.0,0.0,0.0,0.0,0.0,0.0,0.0,0.0,0.0,-0.0182460210914738,-0.0203697238167608,-0.1126623707571123,SPY
2011-07-11,-1.4128692933380746,0.15080469357789364,0.6465211012859934,-0.09223077885711628,-0.3146386176389526,-0.3660788916342384,0.4586729709661917,0.4622535399337556,0.3185281122987453,-1.4420447410210082,0.0,0.0,0.0,0.0,0.0,0.0,0.0,0.0,0.0,0.0,0.0,0.0,0.0,0.0,0.0,0.0,0.0,0.0,0.0,0.0,0.0,0.0,0.0,0.0,0.0,0.0,0.0,0.0,-0.0043283983012258,-0.0103589022305348,-0.1617569607110311,SPY
2011-07-12,-0.35024542427870364,-1.456411044854656,-0.6100457892037149,-0.07976215476992798,-0.3065103558180931,-0.36097569986036904,0.2336200292969448,0.05446394281169191,0.6403286480520861,-0.7279648142430675,0.0,0.0,0.0,0.0,0.0,0.0,0.0,0.0,0.0,0.0,0.0,0.0,0.0,0.0,0.0,0.0,0.0,0.0,0.0,0.0,0.0,0.0,0.0,0.0,0.0,0.0,0.0,0.0,0.0033430346239038,0.0100708044580652,-0.1119779613915401,SPY
2011-07-13,0.23547584859863122,-1.2995212564792695,-0.7439408452355891,-0.12148829490477019,-0.30127155974891273,-0.357253790843454,0.3135175302445599,0.31580399181498114,0.4373649394773765,-0.013884887465126573,0.0,0.0,0.0,0.0,0.0,0.0,0.0,0.0,0.0,0.0,0.0,0.0,0.0,0.0,0.0,0.0,0.0,0.0,0.0,0.0,0.0,0.0,0.0,0.0,0.0,0.0,0.0,0.0,-0.0069264516127409,0.0061248878973545,-0.1605041439942587,SPY
2011-07-14,-0.5486092902572478,-0.08492981927746938,-0.6619293969664745,-0.2339027755555294,-0.30077826746683173,-0.3519070337268959,-0.010219697590223889,0.18520383458898693,0.827117271243836,0.7001950393128141,0.0,0.0,0.0,0.0,0.0,0.0,0.0,0.0,0.0,0.0,0.0,0.0,0.0,0.0,0.0,0.0,0.0,0.0,0.0,0.0,0.0,0.0,0.0,0.0,0.0,0.0,0.0,0.0,0.005788112564776,0.0268271514499982,-0.1096723683088587,SPY
2011-07-15,0.4221598980831367,-0.23109523508638477,-1.3204290140075536,-0.228021083090456,-0.3014359750344991,-0.3459929434618902,0.1340010116626319,0.6825330739225717,0.6926961498594727,1.414274966090755,0.0,0.0,0.0,0.0,0.0,0.0,0.0,0.0,0.0,0.0,0.0,0.0,0.0,0.0,0.0,0.0,0.0,0.0,0.0,0.0,0.0,0.0,0.0,0.0,0.0,0.0,0.0,0.0,-0.0082351995052478,0.0217079062706471,-0.1087494487728264,SPY
2011-07-18,-0.6485334490103821,-0.09353615101031919,-0.8277387928637264,-0.1918288671249499,-0.309211822219503,-0.341797249486717,-0.2225988444193977,0.22130584620006852,0.2627165556030562,-1.4420447410210082,0.0,0.0,0.0,0.0,0.0,0.0,0.0,0.0,0.0,0.0,0.0,0.0,0.0,0.0,0.0,0.0,0.0,0.0,0.0,0.0,0.0,0.0,0.0,0.0,0.0,0.0,0.0,0.0,0.0161013083873742,0.0243548776372701,-0.0795702367354795,SPY
2011-07-19,1.209582305813226,-0.16716577171496758,-0.44554876112581493,-0.12096304459377469,-0.3117490126113002,-0.3358690216015339,0.3058054360821533,0.2965580401499641,-0.2969870943717262,-0.7279648142430675,0.0,0.0,0.0,0.0,0.0,0.0,0.0,0.0,0.0,0.0,0.0,0.0,0.0,0.0,0.0,0.0,0.0,0.0,0.0,0.0,0.0,0.0,0.0,0.0,0.0,0.0,0.0,0.0,-0.0006028819368069,0.0045105849091591,-0.1042476153666021,SPY
2011-07-20,-0.0657986711897538,0.4130504036219885,0.33441022430405326,-0.1709989636259508,-0.314849968927285,-0.3320975726865641,0.237559098234162,0.08228651901369201,-0.8916157134726859,-0.013884887465126573,0.0,0.0,0.0,0.0,0.0,0.0,0.0,0.0,0.0,0.0,0.0,0.0,0.0,0.0,0.0,0.0,0.0,0.0,0.0,0.0,0.0,0.0,0.0,0.0,0.0,0.0,0.0,0.0,0.0137758119399027,-0.0155749141042607,-0.1029762826887319,SPY
2011-07-21,1.0320284182177457,0.8424414657808701,0.18376424958723575,-0.140328470682791,-0.3168937045483659,-0.3252382765387299,0.6731716868733859,0.18942098874472063,1.1230074755429746,0.7001950393128141,0.0,0.0,0.0,0.0,0.0,0.0,0.0,0.0,0.0,0.0,0.0,0.0,0.0,0.0,0.0,0.0,0.0,0.0,0.0,0.0,0.0,0.0,0.0,0.0,0.0,0.0,0.0,0.0,0.0006688673854249,-0.0322647115709218,-0.16082768553954,SPY
2011-07-22,0.03130061118269988,0.7116099875735948,0.9741288261688407,-0.1489545953960449,-0.3164709091210525,-0.3178368247834903,0.6083865382043941,-0.18145051748230687,-1.1121642168478445,1.414274966090755,0.0,0.0,0.0,0.0,0.0,0.0,0.0,0.0,0.0,0.0,0.0,0.0,0.0,0.0,0.0,0.0,0.0,0.0,0.0,0.0,0.0,0.0,0.0,0.0,0.0,0.0,0.0,0.0,-0.0055882281386248,-0.0397913971359598,-0.1779621208178463,SPY
2011-07-25,-0.4464346425345253,0.7831580838597002,0.778687876520677,-0.1986942670086354,-0.3121012647585213,-0.3095631959890258,0.2979345042737608,-0.33548685887636986,-0.921105723792816,-1.4420447410210082,0.0,0.0,0.0,0.0,0.0,0.0,0.0,0.0,0.0,0.0,0.0,0.0,0.0,0.0,0.0,0.0,0.0,0.0,0.0,0.0,0.0,0.0,0.0,0.0,0.0,0.0,0.0,0.0,-0.0037429843407368,-0.0384651154363222,-0.1715748911430585,SPY
2011-07-26,-0.30554850605700296,-0.30625488440918,0.8797431257732379,-0.2004415557584184,-0.30756718189774174,-0.30321066481620773,0.08189619561354382,-0.48303398939622166,-1.0352074707150032,-0.7279648142430675,0.0,0.0,0.0,0.0,0.0,0.0,0.0,0.0,0.0,0.0,0.0,0.0,0.0,0.0,0.0,0.0,0.0,0.0,0.0,0.0,0.0,0.0,0.0,0.0,0.0,0.0,0.0,0.0,-0.0206883809502267,-0.0606014259156015,-0.1354513598526745,SPY
2011-07-27,-1.5993458146418293,-0.5544638565590466,0.12213389238040054,-0.07885980034047359,-0.3104802781394289,-0.3020438919140156,-0.6953571293926557,-1.310053684646501,1.1578095189275717,-0.013884887465126573,0.0,0.0,0.0,0.0,0.0,0.0,0.0,0.0,0.0,0.0,0.0,0.0,0.0,0.0,0.0,0.0,0.0,0.0,0.0,0.0,0.0,0.0,0.0,0.0,0.0,0.0,0.0,0.0,-0.0029139855267583,-0.0345091578870198,-0.1007768606803702,SPY
2011-07-28,-0.24225365028804838,-1.4039922725863654,-0.6446840395236952,-0.10008573411733979,-0.3121482471865918,-0.3026332117403012,-0.7947530042605806,-1.225525493288837,0.3605320484509795,0.7001950393128141,0.0,0.0,0.0,0.0,0.0,0.0,0.0,0.0,0.0,0.0,0.0,0.0,0.0,0.0,0.0,0.0,0.0,0.0,0.0,0.0,0.0,0.0,0.0,0.0,0.0,0.0,0.0,0.0,-0.006857818179613,-0.0795691633386468,-0.1132242294874252,SPY
2011-07-29,-0.5433690617098627,-1.3573531386574362,-1.2818619343189641,-0.12206421737338319,-0.3176924522508936,-0.3057446294371215,-1.0076343960669296,-0.964838873921162,2.103243996728484,1.414274966090755,0.0,0.0,0.0,0.0,0.0,0.0,0.0,0.0,0.0,0.0,0.0,0.0,0.0,0.0,0.0,0.0,0.0,0.0,0.0,0.0,0.0,0.0,0.0,0.0,0.0,0.0,0.0,0.0,-0.0042619464389872,-0.0742091560750388,-0.0919368535551417,SPY
2011-08-01,-0.3451717607642951,-0.5792513386373462,-1.569213393957515,-0.2140860325947043,-0.3219915301206707,-0.3118024599375947,-1.091592389299057,-0.9610585849428035,2.2820801401082877,-1.4420447410210082,0.0,0.0,0.0,0.0,0.0,0.0,0.0,0.0,0.0,0.0,0.0,0.0,0.0,0.0,0.0,0.0,0.0,0.0,0.0,0.0,0.0,0.0,0.0,0.0,0.0,0.0,0.0,0.0,-0.0258792948200161,-0.1372878206814443,-0.0593438853057977,SPY
2011-08-02,-1.9956770749009156,-0.6550870677799493,-1.5185790238898933,-0.02525893752963248,-0.3389999118874949,-0.321608215471028,-1.9033771500665364,-1.576539730730281,2.436241360897045,-0.7279648142430675,0.0,0.0,0.0,0.0,0.0,0.0,0.0,0.0,0.0,0.0,0.0,0.0,0.0,0.0,0.0,0.0,0.0,0.0,0.0,0.0,0.0,0.0,0.0,0.0,0.0,0.0,0.0,0.0,0.005403887078355,-0.0659579248431629,-0.0308313152064245,SPY
2011-08-03,0.3928239131146415,-1.7252275572461635,-2.3636921978452254,-0.007785246851731179,-0.35422296138762893,-0.3308011272961653,-1.6067848480364408,-1.2804839448724903,2.591848919281304,-0.013884887465126573,0.0,0.0,0.0,0.0,0.0,0.0,0.0,0.0,0.0,0.0,0.0,0.0,0.0,0.0,0.0,0.0,0.0,0.0,0.0,0.0,0.0,0.0,0.0,0.0,0.0,0.0,0.0,0.0,-0.0479739909783853,-0.1165449599003327,-0.0318073502525537,SPY
2011-08-04,-3.682628350369356,-1.18143172020917,-1.367549707434789,0.45561937269915803,-0.3876524909957169,-0.348597596183694,-3.0786530517028474,-2.0415454295321442,3.934981569511937,0.7001950393128141,0.0,0.0,0.0,0.0,0.0,0.0,0.0,0.0,0.0,0.0,0.0,0.0,0.0,0.0,0.0,0.0,0.0,0.0,0.0,0.0,0.0,0.0,0.0,0.0,0.0,0.0,0.0,0.0,-0.001497810916005,-0.0246656448492883,0.0056387267427018,SPY
2011-08-05,-0.1341273584045833,-2.424470281752909,-3.0878365755339083,0.45960844084298885,-0.4217162601700991,-0.3654748286224938,-2.942094629521141,-1.9781407192525058,4.279656392165321,1.414274966090755,0.0,0.0,0.0,0.0,0.0,0.0,0.0,0.0,0.0,0.0,0.0,0.0,0.0,0.0,0.0,0.0,0.0,0.0,0.0,0.0,0.0,0.0,0.0,0.0,0.0,0.0,0.0,0.0,-0.0673406110453926,-0.0164568018324748,-0.0187451254513524,SPY
2011-08-08,-5.1612883957203515,-2.812756985748566,-2.883203885944036,1.1760061398889095,-0.4723891533233527,-0.3887045572976545,-4.929246942889546,-2.8178987965627194,3.833496531620668,-1.4420447410210082,0.0,0.0,0.0,0.0,0.0,0.0,0.0,0.0,0.0,0.0,0.0,0.0,0.0,0.0,0.0,0.0,0.0,0.0,0.0,0.0,0.0,0.0,0.0,0.0,0.0,0.0,0.0,0.0,0.0454506010182651,0.0718278217450167,0.0412708911873478,SPY
2011-08-09,3.450428990596615,-3.902315103113223,-5.291401516903487,1.6160583481759723,-0.5096244685191359,-0.405110333875425,-3.244929825395846,-1.8702024121363472,3.3742211799269173,-0.7279648142430675,0.0,0.0,0.0,0.0,0.0,0.0,0.0,0.0,0.0,0.0,0.0,0.0,0.0,0.0,0.0,0.0,0.0,0.0,0.0,0.0,0.0,0.0,0.0,0.0,0.0,0.0,0.0,0.0,-0.0451831479788147,0.0178011504830033,0.0236370738429529,SPY
2011-08-10,-3.4695448065173875,-1.261016665730884,-2.5681909472730995,1.8143834992452965,-0.5526387384309414,-0.4281514871934648,-4.496401048432394,-2.359821338044069,2.697264704621284,-0.013884887465126573,0.0,0.0,0.0,0.0,0.0,0.0,0.0,0.0,0.0,0.0,0.0,0.0,0.0,0.0,0.0,0.0,0.0,0.0,0.0,0.0,0.0,0.0,0.0,0.0,0.0,0.0,0.0,0.0,0.043905324072659,0.0636527492028813,0.0583744369717225,SPY
2011-08-11,3.332445611433704,-0.014446863624565886,-4.499487031964913,2.1565740014793975,-0.5829202596569877,-0.4441801247024827,-2.844544621220521,-1.7109422857791212,1.5096803720646876,0.7001950393128141,0.0,0.0,0.0,0.0,0.0,0.0,0.0,0.0,0.0,0.0,0.0,0.0,0.0,0.0,0.0,0.0,0.0,0.0,0.0,0.0,0.0,0.0,0.0,0.0,0.0,0.0,0.0,0.0,0.0067110321008083,-0.024328165780683,-0.0120902301179182,SPY
2011-08-12,0.4926256911994945,-0.10138351203488219,-0.991747129404685,2.1593169602068802,-0.6092550247984644,-0.4601733832245956,-2.4268584079261424,-1.5872780061765825,0.4040294386808247,1.414274966090755,0.0,0.0,0.0,0.0,0.0,0.0,0.0,0.0,0.0,0.0,0.0,0.0,0.0,0.0,0.0,0.0,0.0,0.0,0.0,0.0,0.0,0.0,0.0,0.0,0.0,0.0,0.0,0.0,0.0209440125320989,-0.0475047657743727,-0.0123516493938016,SPY
2011-08-15,1.5793274190794777,2.818161816685652,-0.6783524748196724,2.240293515653809,-0.6284245982565461,-0.4719472957891796,-1.54928559224447,-1.3000925133195413,0.0456744409645423,-1.4420447410210082,0.0,0.0,0.0,0.0,0.0,0.0,0.0,0.0,0.0,0.0,0.0,0.0,0.0,0.0,0.0,0.0,0.0,0.0,0.0,0.0,0.0,0.0,0.0,0.0,0.0,0.0,0.0,0.0,-0.0085760702437482,-0.0676497767703088,-0.02416662300908,SPY
2011-08-16,-0.6745592573293303,1.526367828483462,2.6921504151205844,2.1887615989635143,-0.6422850180666535,-0.4874337660453046,-1.6677965818898026,-1.2075038228244228,0.2569613839585301,-0.7279648142430675,0.0,0.0,0.0,0.0,0.0,0.0,0.0,0.0,0.0,0.0,0.0,0.0,0.0,0.0,0.0,0.0,0.0,0.0,0.0,0.0,0.0,0.0,0.0,0.0,0.0,0.0,0.0,0.0,0.0006684507410632,-0.0266931595769133,-0.0018411469548338,SPY
2011-08-17,0.03126879998546288,0.6663217082587318,0.6295369696134697,2.190429012729222,-0.6575549803568714,-0.5027317075262544,-1.4582073433431486,-1.1776308934546333,-0.1038327674307112,-0.013884887465126573,0.0,0.0,0.0,0.0,0.0,0.0,0.0,0.0,0.0,0.0,0.0,0.0,0.0,0.0,0.0,0.0,0.0,0.0,0.0,0.0,0.0,0.0,0.0,0.0,0.0,0.0,0.0,0.0,-0.0440755909109054,-0.013375492095899,0.0146000929944642,SPY
2011-08-18,-3.3849817604826513,-0.47437309843013,2.38004503921044,2.312828221893662,-0.6710630087437852,-0.5262796607557684,-2.7225072541283164,-1.4009733108498315,1.5627979453132157,0.7001950393128141,0.0,0.0,0.0,0.0,0.0,0.0,0.0,0.0,0.0,0.0,0.0,0.0,0.0,0.0,0.0,0.0,0.0,0.0,0.0,0.0,0.0,0.0,0.0,0.0,0.0,0.0,0.0,0.0,-0.0164655678928813,0.0153387444811929,0.0645770593149386,SPY
2011-08-19,-1.2769299813534754,-2.471561599656943,-0.978862958527181,2.3104458344605345,-0.6885413308546285,-0.5521376475531455,-2.9810153537626536,-1.4613936497424338,1.003134239054627,1.414274966090755,0.0,0.0,0.0,0.0,0.0,0.0,0.0,0.0,0.0,0.0,0.0,0.0,0.0,0.0,0.0,0.0,0.0,0.0,0.0,0.0,0.0,0.0,0.0,0.0,0.0,0.0,0.0,0.0,0.0007990015361629,0.0462338701267448,0.0710354382701448,SPY
2011-08-22,0.04123647859612508,-3.435514474298969,-1.8636919818865405,2.3202957889120945,-0.6874371741569777,-0.5770056282825005,-2.655136572050948,-1.2948246248669621,0.0489451015915659,-1.4420447410210082,0.0,0.0,0.0,0.0,0.0,0.0,0.0,0.0,0.0,0.0,0.0,0.0,0.0,0.0,0.0,0.0,0.0,0.0,0.0,0.0,0.0,0.0,0.0,0.0,0.0,0.0,0.0,0.0,0.0323805469496472,0.0737658904009386,0.069072175613269,SPY
2011-08-23,2.4525178075933254,-0.9108882723615256,-2.6327819437425015,2.508444294737113,-0.689880376479971,-0.5969118167307386,-1.26712290533898,-1.0186334192739754,0.3764814579143261,-0.7279648142430675,0.0,0.0,0.0,0.0,0.0,0.0,0.0,0.0,0.0,0.0,0.0,0.0,0.0,0.0,0.0,0.0,0.0,0.0,0.0,0.0,0.0,0.0,0.0,0.0,0.0,0.0,0.0,0.0,0.0139861182220775,0.0440186187306483,0.0067906417588181,SPY
2011-08-24,1.0480855048783115,1.8371741538265665,-1.069152955832185,2.528864458410973,-0.6762784296622399,-0.6116675909587963,-0.5700727855931303,-0.5082035862352354,-0.1573288706152926,-0.013884887465126573,0.0,0.0,0.0,0.0,0.0,0.0,0.0,0.0,0.0,0.0,0.0,0.0,0.0,0.0,0.0,0.0,0.0,0.0,0.0,0.0,0.0,0.0,0.0,0.0,0.0,0.0,0.0,0.0,-0.0153613543338133,0.0344603525407967,-0.0400537969727095,SPY
2011-08-25,-1.1926222154304884,2.579075940512128,-0.560715190419701,2.539690155658088,-0.6787451231992682,-0.6280969380005216,-0.9171347161714056,-0.6218267154764675,0.2439483247563133,0.7001950393128141,0.0,0.0,0.0,0.0,0.0,0.0,0.0,0.0,0.0,0.0,0.0,0.0,0.0,0.0,0.0,0.0,0.0,0.0,0.0,0.0,0.0,0.0,0.0,0.0,0.0,0.0,0.0,0.0,0.0144295577526705,0.0392937928914802,-0.018685456826887,SPY
2011-08-26,1.0819425389993096,-0.10686388284573958,0.5355279994327985,2.5829697715823965,-0.6790975610477857,-0.6414855554463175,-0.2128744643100638,0.1557770132462621,0.2457617548211688,1.414274966090755,0.0,0.0,0.0,0.0,0.0,0.0,0.0,0.0,0.0,0.0,0.0,0.0,0.0,0.0,0.0,0.0,0.0,0.0,0.0,0.0,0.0,0.0,0.0,0.0,0.0,0.0,0.0,0.0,0.0283310218103567,-0.0010174279712495,-0.0096131931792822,SPY
2011-08-29,2.1433326733057925,-0.08191615637378448,1.7150324935760901,2.6982377986429036,-0.6773591647838416,-0.6502305469379208,0.9700511005607044,0.01500814067141241,-0.5220005153196962,-1.4420447410210082,0.0,0.0,0.0,0.0,0.0,0.0,0.0,0.0,0.0,0.0,0.0,0.0,0.0,0.0,0.0,0.0,0.0,0.0,0.0,0.0,0.0,0.0,0.0,0.0,0.0,0.0,0.0,0.0,0.0026332752793569,-0.0366730441882987,-0.026822666314513,SPY
2011-08-30,0.18128504086011873,2.3761990402954667,2.766141397252979,2.6389178799959785,-0.6724492689238195,-0.65472090664898,1.1326490528551478,0.6630147275125327,-0.2145402711031453,-0.7279648142430675,0.0,0.0,0.0,0.0,0.0,0.0,0.0,0.0,0.0,0.0,0.0,0.0,0.0,0.0,0.0,0.0,0.0,0.0,0.0,0.0,0.0,0.0,0.0,0.0,0.0,0.0,0.0,0.0,0.0044278520322258,-0.0114895357937854,-0.0500855626467942,SPY
2011-08-31,0.31830269978055953,1.7125450170815302,1.6304593150323345,2.637502435498557,-0.6664587075801819,-0.6593762596077188,1.3675050074463535,0.27782081920859925,0.1509506525123515,-0.013884887465126573,0.0,0.0,0.0,0.0,0.0,0.0,0.0,0.0,0.0,0.0,0.0,0.0,0.0,0.0,0.0,0.0,0.0,0.0,0.0,0.0,0.0,0.0,0.0,0.0,0.0,0.0,0.0,0.0,-0.0105279139831298,-0.0263631726760564,-0.046640860520819,SPY
2011-09-01,-0.8235844017379198,0.3677624699773981,1.2655468024084857,2.3903437293003527,-0.6513531373628882,-0.6585747939603582,0.952433975052404,0.00930139953121321,-0.1529289850635561,0.7001950393128141,0.0,0.0,0.0,0.0,0.0,0.0,0.0,0.0,0.0,0.0,0.0,0.0,0.0,0.0,0.0,0.0,0.0,0.0,0.0,0.0,0.0,0.0,0.0,0.0,0.0,0.0,0.0,0.0,-0.0258816631100593,-0.0423946017099083,-0.0614200772943149,SPY
2011-09-02,-1.9958578961206515,-0.372680650479339,1.4500763842334923,2.467211330605894,-0.639113472045252,-0.6612029589186853,0.012628117140688812,-0.675367918634224,-0.1578462410529591,1.414274966090755,0.0,0.0,0.0,0.0,0.0,0.0,0.0,0.0,0.0,0.0,0.0,0.0,0.0,0.0,0.0,0.0,0.0,0.0,0.0,0.0,0.0,0.0,0.0,0.0,0.0,0.0,0.0,0.0,-0.0073245944066924,-0.010063325774924,-0.0644087507706308,SPY
2011-09-06,-0.5790078750244179,-2.0778815653732607,-0.0889128633741824,1.8935813445139207,-0.6291057738255872,-0.6556282879928148,-0.3332606535089129,-0.6568894934778126,0.025354644509484797,-0.7279648142430675,0.0,0.0,0.0,0.0,0.0,0.0,0.0,0.0,0.0,0.0,0.0,0.0,0.0,0.0,0.0,0.0,0.0,0.0,0.0,0.0,0.0,0.0,0.0,0.0,0.0,0.0,0.0,0.0,0.0278167836738703,0.0063903075485889,-0.035398134726984,SPY
2011-09-07,2.104070097616937,-1.8976641172617883,-1.4501618853704055,1.7198094461269582,-0.6200613314446846,-0.6523165329978704,0.6618028104829724,-0.2729875615298687,-0.4537456911044599,-0.013884887465126573,0.0,0.0,0.0,0.0,0.0,0.0,0.0,0.0,0.0,0.0,0.0,0.0,0.0,0.0,0.0,0.0,0.0,0.0,0.0,0.0,0.0,0.0,0.0,0.0,0.0,0.0,0.0,0.0,-0.0104457848500452,-0.0076770703147834,-0.0448690650890615,SPY
2011-09-08,-0.8173137635351083,1.123388517677704,-0.48871373751668873,1.4037903796537188,-0.6178060820466368,-0.6443611869851922,0.1612338544751825,0.22725896498052062,-0.2052818712580314,0.7001950393128141,0.0,0.0,0.0,0.0,0.0,0.0,0.0,0.0,0.0,0.0,0.0,0.0,0.0,0.0,0.0,0.0,0.0,0.0,0.0,0.0,0.0,0.0,0.0,0.0,0.0,0.0,0.0,0.0,-0.0265593430169817,0.0198784052256231,-0.0164936752257078,SPY
2011-09-09,-2.0475994079815893,0.9477916209745229,-1.056554818603856,1.2279367067543145,-0.6186518121772359,-0.6460229862123682,-0.7966010097832869,0.05102547213831211,0.6126752216314613,1.414274966090755,0.0,0.0,0.0,0.0,0.0,0.0,0.0,0.0,0.0,0.0,0.0,0.0,0.0,0.0,0.0,0.0,0.0,0.0,0.0,0.0,0.0,0.0,0.0,0.0,0.0,0.0,0.0,0.0,0.0064496128249249,0.0523391236521737,0.0033470382091129,SPY
2011-09-12,0.4726660783710333,-2.1113870081243795,-1.6685977282170104,1.2272916284846402,-0.6217057628524869,-0.6477319263674527,-0.5384698821547599,0.1181279321867254,0.1390674990170769,-1.4420447410210082,0.0,0.0,0.0,0.0,0.0,0.0,0.0,0.0,0.0,0.0,0.0,0.0,0.0,0.0,0.0,0.0,0.0,0.0,0.0,0.0,0.0,0.0,0.0,0.0,0.0,0.0,0.0,0.0,0.0091290389168205,0.0358823218895736,0.02979622560518,SPY
2011-09-13,0.6772428342968921,-1.1608588509562512,-0.4342643351695774,1.1618115362364243,-0.6302100233738857,-0.6511262711501263,-0.1569476685662341,-0.17232973146732647,-0.0771247019892275,-0.7279648142430675,0.0,0.0,0.0,0.0,0.0,0.0,0.0,0.0,0.0,0.0,0.0,0.0,0.0,0.0,0.0,0.0,0.0,0.0,0.0,0.0,0.0,0.0,0.0,0.0,0.0,0.0,0.0,0.0,0.0137494058104978,0.0255890218520402,0.0216700004432501,SPY
2011-09-14,1.0300122848724176,0.8469549078228329,0.19389735844902128,1.1871167562548661,-0.6356367027300248,-0.6513855346081368,0.3595648288180841,-0.17354487129023607,0.2060934640784574,-0.013884887465126573,0.0,0.0,0.0,0.0,0.0,0.0,0.0,0.0,0.0,0.0,0.0,0.0,0.0,0.0,0.0,0.0,0.0,0.0,0.0,0.0,0.0,0.0,0.0,0.0,0.0,0.0,0.0,0.0,0.0171096906903613,-0.0180613708632613,0.0166543117353805,SPY
2011-09-15,1.2865732632806153,1.25763827306642,-0.34316261667518977,1.2357629931317446,-0.637492601489471,-0.6493112289707891,0.9794377727216976,0.3176252146341213,0.239998416469244,0.7001950393128141,0.0,0.0,0.0,0.0,0.0,0.0,0.0,0.0,0.0,0.0,0.0,0.0,0.0,0.0,0.0,0.0,0.0,0.0,0.0,0.0,0.0,0.0,0.0,0.0,0.0,0.0,0.0,0.0,0.0059013754095689,-0.0680293820630728,-0.0024449545320557,SPY
2011-09-16,0.4308076250813734,1.7066264750157811,0.7088417548572635,0.8471240240226231,-0.6346531125992716,-0.6403084297069432,1.0815486322576662,0.21575286066252453,-0.0437081573371942,1.414274966090755,0.0,0.0,0.0,0.0,0.0,0.0,0.0,0.0,0.0,0.0,0.0,0.0,0.0,0.0,0.0,0.0,0.0,0.0,0.0,0.0,0.0,0.0,0.0,0.0,0.0,0.0,0.0,0.0,-0.0100071889376751,-0.0679237716606326,0.0086033915141463,SPY
2011-09-19,-0.7838265443181233,1.2650994972018337,1.9481169630727964,0.8036644370930589,-0.62741187623487,-0.6305351184979056,0.5679314518830548,-0.402775127968323,-0.3120758415028845,-1.4420447410210082,0.0,0.0,0.0,0.0,0.0,0.0,0.0,0.0,0.0,0.0,0.0,0.0,0.0,0.0,0.0,0.0,0.0,0.0,0.0,0.0,0.0,0.0,0.0,0.0,0.0,0.0,0.0,0.0,-0.0011642611207127,-0.0344147613226821,-0.00066490415713,SPY
2011-09-20,-0.10866051113194289,-0.2604850505458981,1.3198343057725592,0.806619403906197,-0.6184807580702921,-0.621033764326775,0.3963696979725777,-0.4714486532678675,-0.457282758326252,-0.7279648142430675,0.0,0.0,0.0,0.0,0.0,0.0,0.0,0.0,0.0,0.0,0.0,0.0,0.0,0.0,0.0,0.0,0.0,0.0,0.0,0.0,0.0,0.0,0.0,0.0,0.0,0.0,0.0,0.0,-0.0299009869048036,-0.0221289515268434,0.0198564016982913,SPY
2011-09-21,-2.3027371287412017,-0.6579948694652872,0.9268598996113743,0.8232525309106768,-0.6256613397486516,-0.6200986900168908,-0.7236643530827683,-0.985002227931171,0.1574638888789006,-0.013884887465126573,0.0,0.0,0.0,0.0,0.0,0.0,0.0,0.0,0.0,0.0,0.0,0.0,0.0,0.0,0.0,0.0,0.0,0.0,0.0,0.0,0.0,0.0,0.0,0.0,0.0,0.0,0.0,0.0,-0.0328583205094501,-0.0128575856749639,0.0378577639682973,SPY
2011-09-22,-2.5285323902186656,-1.7772117996937764,-0.7396112120291877,0.9809848732994393,-0.6388078077108464,-0.6255626705969684,-1.8343656336683305,-1.2179411133302387,1.386277131292459,0.7001950393128141,0.0,0.0,0.0,0.0,0.0,0.0,0.0,0.0,0.0,0.0,0.0,0.0,0.0,0.0,0.0,0.0,0.0,0.0,0.0,0.0,0.0,0.0,0.0,0.0,0.0,0.0,0.0,0.0,0.006006985812009,0.0278732889926871,0.0750818495322764,SPY
2011-09-23,0.43887108075517217,-3.560306607138544,-2.647274396498724,0.9548948599186031,-0.6430189560166252,-0.6280996397533068,-1.5889959260844164,-0.8194762572289309,0.0533729445025198,1.414274966090755,0.0,0.0,0.0,0.0,0.0,0.0,0.0,0.0,0.0,0.0,0.0,0.0,0.0,0.0,0.0,0.0,0.0,0.0,0.0,0.0,0.0,0.0,0.0,0.0,0.0,0.0,0.0,0.0,0.0235018214002753,-0.0034408275759476,0.0878842769795822,SPY
2011-09-26,1.774618583151007,-1.5401387607954014,-2.6432424354141304,1.0222270138122194,-0.6426164252433169,-0.6294298221170642,-0.7245503983531425,-0.3578457104898617,-0.2502705999624361,-1.4420447410210082,0.0,0.0,0.0,0.0,0.0,0.0,0.0,0.0,0.0,0.0,0.0,0.0,0.0,0.0,0.0,0.0,0.0,0.0,0.0,0.0,0.0,0.0,0.0,0.0,0.0,0.0,0.0,0.0,0.0111215486751259,-0.0558129855625981,0.0765691821460263,SPY
2011-09-27,0.8293728683133771,1.6306597523730642,-1.3639458647721832,0.8863047270408213,-0.641657719086324,-0.6332153271338077,-0.2665620267530035,-0.6175054345755058,0.0670948577218572,-0.7279648142430675,0.0,0.0,0.0,0.0,0.0,0.0,0.0,0.0,0.0,0.0,0.0,0.0,0.0,0.0,0.0,0.0,0.0,0.0,0.0,0.0,0.0,0.0,0.0,0.0,0.0,0.0,0.0,0.0,-0.0206296210529242,-0.0452485126007697,0.0458121535891518,SPY
2011-09-28,-1.5948594400390586,1.9184029654375965,-0.8949020410106905,0.9502687457825705,-0.6501955683297677,-0.6402211467882989,-0.9300761511621854,-0.7483034466131684,-0.1086727907006441,-0.013884887465126573,0.0,0.0,0.0,0.0,0.0,0.0,0.0,0.0,0.0,0.0,0.0,0.0,0.0,0.0,0.0,0.0,0.0,0.0,0.0,0.0,0.0,0.0,0.0,0.0,0.0,0.0,0.0,0.0,0.0078725541582009,-0.0062730382360527,0.0765492985176656,SPY
2011-09-29,0.5813090160191013,-0.5644139220485931,-0.5409427202233688,0.9615568383579233,-0.6614238115348043,-0.6467852880898288,-0.5570964339756995,-0.24115876698373936,-0.0516255862706794,0.7001950393128141,0.0,0.0,0.0,0.0,0.0,0.0,0.0,0.0,0.0,0.0,0.0,0.0,0.0,0.0,0.0,0.0,0.0,0.0,0.0,0.0,0.0,0.0,0.0,0.0,0.0,0.0,0.0,0.0,-0.0253071307566257,0.0037840126190546,0.1029186596680142,SPY
2011-09-30,-1.9519917990503115,-0.7472010236151455,1.0140679397769197,1.0458624962061798,-0.6811886040742069,-0.6552764895019091,-1.3637632920626217,-0.7032171882956533,-0.1296620069095737,1.414274966090755,0.0,0.0,0.0,0.0,0.0,0.0,0.0,0.0,0.0,0.0,0.0,0.0,0.0,0.0,0.0,0.0,0.0,0.0,0.0,0.0,0.0,0.0,0.0,0.0,0.0,0.0,0.0,0.0,-0.0288703365863751,0.0223725137935195,0.1279926771491819,SPY
2011-10-03,-2.2240459869045965,-1.0103558048359589,-0.1814326594624052,1.0724027275967722,-0.7056996896312187,-0.6639405448648155,-2.274871068699122,-1.1650099385633614,0.3633528443262963,-1.4420447410210082,0.0,0.0,0.0,0.0,0.0,0.0,0.0,0.0,0.0,0.0,0.0,0.0,0.0,0.0,0.0,0.0,0.0,0.0,0.0,0.0,0.0,0.0,0.0,0.0,0.0,0.0,0.0,0.0,0.0216860216369543,0.0841416506008867,0.132461908427568,SPY
2011-10-04,1.6359805269960976,-3.077495797652576,-2.180880611930289,1.1727083637670854,-0.7241893177913511,-0.6687359231489427,-1.4469576154379955,-1.0540105209515271,0.9583430966306326,-0.7279648142430675,0.0,0.0,0.0,0.0,0.0,0.0,0.0,0.0,0.0,0.0,0.0,0.0,0.0,0.0,0.0,0.0,0.0,0.0,0.0,0.0,0.0,0.0,0.0,0.0,0.0,0.0,0.0,0.0,0.0183458533117928,0.0634584427188231,0.0824911395664784,SPY
2011-10-05,1.3809554668630066,-0.4336802803436951,-1.7775534502384922,1.0880639142566761,-0.7294079652698365,-0.674956452736326,-0.7025344131870175,-1.049822576996938,-0.2149840810844476,-0.013884887465126573,0.0,0.0,0.0,0.0,0.0,0.0,0.0,0.0,0.0,0.0,0.0,0.0,0.0,0.0,0.0,0.0,0.0,0.0,0.0,0.0,0.0,0.0,0.0,0.0,0.0,0.0,0.0,0.0,0.0179296050133084,0.0538463065096586,0.08032483792178,SPY
2011-10-06,1.3491745094329202,2.2226832356742885,-0.28955991682591314,1.141722056955679,-0.7208361559017549,-0.6772514985635212,-0.011044909017986089,-0.8733725841688034,-0.398439700218189,0.7001950393128141,0.0,0.0,0.0,0.0,0.0,0.0,0.0,0.0,0.0,0.0,0.0,0.0,0.0,0.0,0.0,0.0,0.0,0.0,0.0,0.0,0.0,0.0,0.0,0.0,0.0,0.0,0.0,0.0,-0.0067186295821608,0.0339271259192752,0.0804587282775761,SPY
2011-10-07,-0.5327418785922658,2.011348774093694,0.09439504155550914,1.0242536247591527,-0.7157120071706395,-0.6767934583025298,-0.2662943752003996,-0.835040708364746,-0.040107464128044,1.414274966090755,0.0,0.0,0.0,0.0,0.0,0.0,0.0,0.0,0.0,0.0,0.0,0.0,0.0,0.0,0.0,0.0,0.0,0.0,0.0,0.0,0.0,0.0,0.0,0.0,0.0,0.0,0.0,0.0,0.032898800220992,0.0575954769572071,0.0810595702506979,SPY
2011-10-10,2.4920869426854884,0.6012312264696547,0.8040610557419855,1.2029975244678601,-0.7078249713342226,-0.672634692163917,0.9118332841383342,-0.3962990933313409,-0.59427479026089,-1.4420447410210082,0.0,0.0,0.0,0.0,0.0,0.0,0.0,0.0,0.0,0.0,0.0,0.0,0.0,0.0,0.0,0.0,0.0,0.0,0.0,0.0,0.0,0.0,0.0,0.0,0.0,0.0,0.0,0.0,0.0010028137548907,0.0054211921272635,0.0543574290688173,SPY
2011-10-11,0.056797737274429175,1.443392021307209,3.1622639418380625,1.1923387191859387,-0.702724383455129,-0.6695948243339629,0.908072052802768,-0.01324156915479149,-0.742169159928207,-0.7279648142430675,0.0,0.0,0.0,0.0,0.0,0.0,0.0,0.0,0.0,0.0,0.0,0.0,0.0,0.0,0.0,0.0,0.0,0.0,0.0,0.0,0.0,0.0,0.0,0.0,0.0,0.0,0.0,0.0,0.0087337171026282,0.0237754231070814,0.066103699272018,SPY
2011-10-12,0.6470596340441206,1.8777972627250443,2.3726268667188566,1.1743388556616718,-0.6894771029014756,-0.6672321648142184,1.2095883603668118,0.586140068120175,-0.2685815571330076,-0.013884887465126573,0.0,0.0,0.0,0.0,0.0,0.0,0.0,0.0,0.0,0.0,0.0,0.0,0.0,0.0,0.0,0.0,0.0,0.0,0.0,0.0,0.0,0.0,0.0,0.0,0.0,0.0,0.0,0.0,-0.0019895755770749,0.0031420813696554,0.019762044946658,SPY
2011-10-13,-0.1716740626577639,0.5182795783120083,2.0056577212588738,1.1256931870886104,-0.6789454716857697,-0.6675816458533825,1.1380706018731102,0.49196122132730313,-0.7564070513470885,0.7001950393128141,0.0,0.0,0.0,0.0,0.0,0.0,0.0,0.0,0.0,0.0,0.0,0.0,0.0,0.0,0.0,0.0,0.0,0.0,0.0,0.0,0.0,0.0,0.0,0.0,0.0,0.0,0.0,0.0,0.016949721455771,0.0094974220012593,0.0311261330847418,SPY
2011-10-14,1.2743594585560098,0.3499289794115335,1.245189442360915,1.1697562352222137,-0.6567012418578513,-0.6663377448964609,1.7760891224369515,0.4345960428356121,-0.7580074543532473,1.414274966090755,0.0,0.0,0.0,0.0,0.0,0.0,0.0,0.0,0.0,0.0,0.0,0.0,0.0,0.0,0.0,0.0,0.0,0.0,0.0,0.0,0.0,0.0,0.0,0.0,0.0,0.0,0.0,0.0,-0.0192754846089515,0.0113571138048031,0.0328241012895373,SPY
2011-10-17,-1.4914698217820659,0.8121580211491867,2.1487923840832455,1.2175648446668121,-0.6323789913069443,-0.6664324809262379,1.0330755455541658,-0.02380630324705239,-0.839392294296424,-1.4420447410210082,0.0,0.0,0.0,0.0,0.0,0.0,0.0,0.0,0.0,0.0,0.0,0.0,0.0,0.0,0.0,0.0,0.0,0.0,0.0,0.0,0.0,0.0,0.0,0.0,0.0,0.0,0.0,0.0,0.0193570447347086,0.0428193249804742,0.0425801430176813,SPY
2011-10-18,1.4581609033353433,-0.16034014510510058,0.15689877142558736,1.2777820895328527,-0.6081984540580979,-0.663577426961379,1.7403766363580653,0.5362916000666985,-0.0495736030243897,-0.7279648142430675,0.0,0.0,0.0,0.0,0.0,0.0,0.0,0.0,0.0,0.0,0.0,0.0,0.0,0.0,0.0,0.0,0.0,0.0,0.0,0.0,0.0,0.0,0.0,0.0,0.0,0.0,0.0,0.0,-0.0118996246347977,0.0038268003640169,0.028152784256096,SPY
2011-10-19,-0.9283158276339167,-0.024905122854845387,0.8576208910119865,1.1387536590735932,-0.5923536069785518,-0.6582464028966004,1.2055926341814025,0.246307142322942,-0.726168534036493,-0.013884887465126573,0.0,0.0,0.0,0.0,0.0,0.0,0.0,0.0,0.0,0.0,0.0,0.0,0.0,0.0,0.0,0.0,0.0,0.0,0.0,0.0,0.0,0.0,0.0,0.0,0.0,0.0,0.0,0.0,0.004365765054529,0.0258339488744043,0.0240621680344181,SPY
2011-10-20,0.31356229939374886,0.390057740028755,0.06988759004733293,0.9021844043879337,-0.5801453483927239,-0.6478213171190901,1.229145701851594,0.7369893434569177,-0.4726929368084675,0.7001950393128141,0.0,0.0,0.0,0.0,0.0,0.0,0.0,0.0,0.0,0.0,0.0,0.0,0.0,0.0,0.0,0.0,0.0,0.0,0.0,0.0,0.0,0.0,0.0,0.0,0.0,0.0,0.0,0.0,0.0188094132593148,0.0557100991284249,0.0036919560297539,SPY
2011-10-21,1.4163487141438527,-0.4533455181912828,0.31251980727113693,0.9435664561613565,-0.5606403287547737,-0.6354651884747671,1.7859103619568215,1.5052306563846596,-0.3615456973171785,1.414274966090755,0.0,0.0,0.0,0.0,0.0,0.0,0.0,0.0,0.0,0.0,0.0,0.0,0.0,0.0,0.0,0.0,0.0,0.0,0.0,0.0,0.0,0.0,0.0,0.0,0.0,0.0,0.0,0.0,0.0121867265667194,0.036667572593652,-0.0161821018219852,SPY
2011-10-24,0.9107002235277097,1.2743323831782951,0.3835185423197242,0.8830510714279433,-0.5466845513287996,-0.6245069374051531,2.109935253267757,1.455813242523906,-0.8916846668533895,-1.4420447410210082,0.0,0.0,0.0,0.0,0.0,0.0,0.0,0.0,0.0,0.0,0.0,0.0,0.0,0.0,0.0,0.0,0.0,0.0,0.0,0.0,0.0,0.0,0.0,0.0,0.0,0.0,0.0,0.0,-0.0196354798817486,7.974071894345514e-05,-0.0475717533457498,SPY
2011-10-25,-1.5189558066652582,1.7143364763923017,1.584673051388122,0.9701908418521416,-0.5387739082150365,-0.6179793745755993,1.2558798810887366,0.8201735462019959,-0.4134618685143184,-0.7279648142430675,0.0,0.0,0.0,0.0,0.0,0.0,0.0,0.0,0.0,0.0,0.0,0.0,0.0,0.0,0.0,0.0,0.0,0.0,0.0,0.0,0.0,0.0,0.0,0.0,0.0,0.0,0.0,0.0,0.0101075238755896,-0.0085695266234431,-0.0318720311590956,SPY
2011-10-26,0.7519511008143733,-0.4485574745466218,0.09602857876964103,0.8709049472940195,-0.5303909106403986,-0.6071277495771136,1.4973380667683762,0.7485252575622968,-0.2594643204169791,-0.013884887465126573,0.0,0.0,0.0,0.0,0.0,0.0,0.0,0.0,0.0,0.0,0.0,0.0,0.0,0.0,0.0,0.0,0.0,0.0,0.0,0.0,0.0,0.0,0.0,0.0,0.0,0.0,0.0,0.0,0.0342419153085495,-0.0024974988319383,-0.0642923371592987,SPY
2011-10-27,2.59463506979326,-0.5655325668409268,0.9362106472642548,1.038115651695761,-0.511216439310615,-0.5922245900764254,2.63548178254534,1.2135688656075525,0.4853222214728756,0.7001950393128141,0.0,0.0,0.0,0.0,0.0,0.0,0.0,0.0,0.0,0.0,0.0,0.0,0.0,0.0,0.0,0.0,0.0,0.0,0.0,0.0,0.0,0.0,0.0,0.0,0.0,0.0,0.0,0.0,-0.000233113275458,-0.0186759187713834,-0.1004232065849581,SPY
2011-10-28,-0.03756647870248551,2.4655876321894485,2.0768130159550924,0.8597749099903543,-0.4969772584931799,-0.5739213445683943,2.3709706026840114,0.9337437988921985,-0.6909223402173479,1.414274966090755,0.0,0.0,0.0,0.0,0.0,0.0,0.0,0.0,0.0,0.0,0.0,0.0,0.0,0.0,0.0,0.0,0.0,0.0,0.0,0.0,0.0,0.0,0.0,0.0,0.0,0.0,0.0,0.0,-0.0244011053079891,-0.0245605931049643,-0.0716347053209744,SPY
2011-10-31,-1.8828158857347785,1.8838276189468488,1.3498133628288624,0.7999378113052565,-0.484532811070583,-0.5554759775474689,1.1689861378745012,0.38137908310902463,-0.6641117427390021,-1.4420447410210082,0.0,0.0,0.0,0.0,0.0,0.0,0.0,0.0,0.0,0.0,0.0,0.0,0.0,0.0,0.0,0.0,0.0,0.0,0.0,0.0,0.0,0.0,0.0,0.0,0.0,0.0,0.0,0.0,-0.0282847472241352,0.006037171242136,-0.0443974758676599,SPY
2011-11-01,-2.179335676590727,-1.4154047157847622,-0.047025498494596,0.9707752946291147,-0.4859023813465743,-0.5440320165417867,-0.04931503029828259,-0.19846132311780398,0.9317118101818735,-0.7279648142430675,0.0,0.0,0.0,0.0,0.0,0.0,0.0,0.0,0.0,0.0,0.0,0.0,0.0,0.0,0.0,0.0,0.0,0.0,0.0,0.0,0.0,0.0,0.0,0.0,0.0,0.0,0.0,0.0,0.0161795516670943,0.0470710024243627,0.0242124368982858,SPY
2011-11-02,1.2155562553789756,-2.993578158975887,-0.3772345359470962,0.9598887768853958,-0.4791488662253525,-0.5326947165436912,0.4091111598398588,0.03053417718376391,-0.5625156542045483,-0.013884887465126573,0.0,0.0,0.0,0.0,0.0,0.0,0.0,0.0,0.0,0.0,0.0,0.0,0.0,0.0,0.0,0.0,0.0,0.0,0.0,0.0,0.0,0.0,0.0,0.0,0.0,0.0,0.0,0.0,0.0180634953691045,-0.0067164864654634,0.0078731398732889,SPY
2011-11-03,1.3593971667106757,-0.7105270089966014,-0.1454185481822424,0.9606031748710325,-0.4683100154268815,-0.5211322860074721,0.942642534632128,0.04916952061778201,-0.0362786355665138,0.7001950393128141,0.0,0.0,0.0,0.0,0.0,0.0,0.0,0.0,0.0,0.0,0.0,0.0,0.0,0.0,0.0,0.0,0.0,0.0,0.0,0.0,0.0,0.0,0.0,0.0,0.0,0.0,0.0,0.0,-0.006117787609039,-0.015405469273559,-0.0110712615339698,SPY
2011-11-04,-0.4868670167861731,1.8970061469349395,-0.763073230854178,0.9582039833183149,-0.4647442719778619,-0.5095579887208721,0.5596852309258088,0.24655200365573612,-0.5183430219671729,1.414274966090755,0.0,0.0,0.0,0.0,0.0,0.0,0.0,0.0,0.0,0.0,0.0,0.0,0.0,0.0,0.0,0.0,0.0,0.0,0.0,0.0,0.0,0.0,0.0,0.0,0.0,0.0,0.0,0.0,0.0061966590391113,0.0093600079960465,0.005879889894822,SPY
2011-11-07,0.45335281384120246,0.6425669665364836,-0.9877364965958298,0.7871482066556654,-0.462926093794313,-0.5016444034215042,0.6917952457954412,0.09570697065397381,-1.149057429202173,-1.4420447410210082,0.0,0.0,0.0,0.0,0.0,0.0,0.0,0.0,0.0,0.0,0.0,0.0,0.0,0.0,0.0,0.0,0.0,0.0,0.0,0.0,0.0,0.0,0.0,0.0,0.0,0.0,0.0,0.0,0.0127490839580914,-0.0063560939238724,0.0,SPY
2011-11-08,0.953636750549592,-0.025056387773469187,0.18041543041658664,0.8057598943085172,-0.4515206451268791,-0.4919537751640845,1.051547576425733,0.4541132562368706,-0.7890203010344919,-0.7279648142430675,0.0,0.0,0.0,0.0,0.0,0.0,0.0,0.0,0.0,0.0,0.0,0.0,0.0,0.0,0.0,0.0,0.0,0.0,0.0,0.0,0.0,0.0,0.0,0.0,0.0,0.0,0.0,0.0,-0.0376079372227318,-0.0141754919088405,-0.0090334574747297,SPY
2011-11-09,-2.891170188676093,1.036386083557049,1.746992269968033,1.1000505711819841,-0.4542127104001428,-0.4890987095537393,-0.3965195618028933,-0.18773363167829848,0.6158233208470898,-0.013884887465126573,0.0,0.0,0.0,0.0,0.0,0.0,0.0,0.0,0.0,0.0,0.0,0.0,0.0,0.0,0.0,0.0,0.0,0.0,0.0,0.0,0.0,0.0,0.0,0.0,0.0,0.0,0.0,0.0,0.0093745125610089,0.0074422044574156,0.0063940756097471,SPY
2011-11-10,0.6959849828283464,-1.4280425709958855,-0.30648974535325274,1.1099472515073778,-0.4643903253063084,-0.4845851054523378,-0.10669705785886668,-0.3031387767255346,-0.7003568099756771,0.7001950393128141,0.0,0.0,0.0,0.0,0.0,0.0,0.0,0.0,0.0,0.0,0.0,0.0,0.0,0.0,0.0,0.0,0.0,0.0,0.0,0.0,0.0,0.0,0.0,0.0,0.0,0.0,0.0,0.0,0.0186476896605665,-0.0179367550537286,0.0138200261520502,SPY
2011-11-11,1.4040009620305722,-1.6178945764359862,-0.6382150274984673,1.119806340180911,-0.4689714370204825,-0.4797397796781425,0.5296616322146124,-0.2199545748130033,-1.2448365473669418,1.414274966090755,0.0,0.0,0.0,0.0,0.0,0.0,0.0,0.0,0.0,0.0,0.0,0.0,0.0,0.0,0.0,0.0,0.0,0.0,0.0,0.0,0.0,0.0,0.0,0.0,0.0,0.0,0.0,0.0,-0.0095194428808076,-0.0376490893067194,-0.0195328080581367,SPY
2011-11-14,-0.7465866643559967,1.5470239641282597,0.30727365813530827,1.0623291113659235,-0.4690659357678526,-0.4735439734578418,0.09376204885816741,-0.0820894662813894,-1.6185470335650889,-1.4420447410210082,0.0,0.0,0.0,0.0,0.0,0.0,0.0,0.0,0.0,0.0,0.0,0.0,0.0,0.0,0.0,0.0,0.0,0.0,0.0,0.0,0.0,0.0,0.0,0.0,0.0,0.0,0.0,0.0,0.0049296859731233,-0.0473325713829568,-0.0193962979189556,SPY
2011-11-15,0.3566182032209507,0.4840577650945141,-0.29273079103343075,1.0069218306253016,-0.4594315203672626,-0.4693976097619727,0.225634007035034,-0.1453077419846049,-1.2318656475275065,-0.7279648142430675,0.0,0.0,0.0,0.0,0.0,0.0,0.0,0.0,0.0,0.0,0.0,0.0,0.0,0.0,0.0,0.0,0.0,0.0,0.0,0.0,0.0,0.0,0.0,0.0,0.0,0.0,0.0,0.0,-0.0159902408564756,-0.0561980150511747,-0.035029067625893,SPY
2011-11-16,-1.2406383055330998,-0.2877115069817514,-0.5912573343651213,1.0301661740908368,-0.45921896202050083,-0.4659028226613122,-0.4116743929641721,-0.8823897391492298,-0.5295716650792909,-0.013884887465126573,0.0,0.0,0.0,0.0,0.0,0.0,0.0,0.0,0.0,0.0,0.0,0.0,0.0,0.0,0.0,0.0,0.0,0.0,0.0,0.0,0.0,0.0,0.0,0.0,0.0,0.0,0.0,0.0,-0.0160044469501352,-0.0625205563193125,-0.0154311136751372,SPY
2011-11-17,-1.2417229544301343,-0.6517559523120272,0.23405635134553218,1.0788816491512152,-0.4689952067864635,-0.4653697272421257,-1.0024709221400605,-1.060084465761149,0.7275505566434551,0.7001950393128141,0.0,0.0,0.0,0.0,0.0,0.0,0.0,0.0,0.0,0.0,0.0,0.0,0.0,0.0,0.0,0.0,0.0,0.0,0.0,0.0,0.0,0.0,0.0,0.0,0.0,0.0,0.0,0.0,-0.0010646445924242,-0.0484050634862871,0.0020547991267987,SPY
2011-11-18,-0.10105469350722898,-1.829501701317768,-0.7348536684259855,1.0116055617190947,-0.4772599822730761,-0.4677271695840779,-1.0122241110963484,-0.7768645886249987,-0.7908539867684667,1.414274966090755,0.0,0.0,0.0,0.0,0.0,0.0,0.0,0.0,0.0,0.0,0.0,0.0,0.0,0.0,0.0,0.0,0.0,0.0,0.0,0.0,0.0,0.0,0.0,0.0,0.0,0.0,0.0,0.0,-0.0192029249570451,-0.0187850309053372,-0.007629765903883,SPY
2011-11-21,-1.485929822659485,-0.9897937652020116,-1.4874250322134281,1.0339557154184253,-0.4928450332385083,-0.4746338279240573,-1.617776082884176,-0.6447897379360672,-0.5852707243909889,-1.4420447410210082,0.0,0.0,0.0,0.0,0.0,0.0,0.0,0.0,0.0,0.0,0.0,0.0,0.0,0.0,0.0,0.0,0.0,0.0,0.0,0.0,0.0,0.0,0.0,0.0,0.0,0.0,0.0,0.0,-0.0039357576950944,0.0032540181970333,0.0413844845797148,SPY
2011-11-22,-0.32026693683690316,-1.169738828593733,-1.857117997987868,0.9763127743463725,-0.513365444354275,-0.479206684258956,-1.702665241580755,-1.007620671884225,-0.7702571832081726,-0.7279648142430675,0.0,0.0,0.0,0.0,0.0,0.0,0.0,0.0,0.0,0.0,0.0,0.0,0.0,0.0,0.0,0.0,0.0,0.0,0.0,0.0,0.0,0.0,0.0,0.0,0.0,0.0,0.0,0.0,-0.0223127821246134,0.0475149414339384,0.0472549784290246,SPY
2011-11-23,-1.7233704046774834,-1.3312664764777054,-2.195580147946553,1.0213556394883285,-0.5289506113830172,-0.4883761304295147,-2.377998790519134,-1.6657597733229361,-0.6599987936838513,-0.013884887465126573,0.0,0.0,0.0,0.0,0.0,0.0,0.0,0.0,0.0,0.0,0.0,0.0,0.0,0.0,0.0,0.0,0.0,0.0,0.0,0.0,0.0,0.0,0.0,0.0,0.0,0.0,0.0,0.0,-0.0018889541171098,0.0696679782006493,0.078387523239777,SPY
2011-11-25,-0.1639915175342218,-1.5062257677244564,-2.436960161277187,0.731179835959374,-0.5477943951286626,-0.5029357830254311,-2.2708477795079247,-1.6215183288659627,-2.1646904631445625,1.414274966090755,0.0,0.0,0.0,0.0,0.0,0.0,0.0,0.0,0.0,0.0,0.0,0.0,0.0,0.0,0.0,0.0,0.0,0.0,0.0,0.0,0.0,0.0,0.0,0.0,0.0,0.0,0.0,0.0,0.0285553879885256,0.0706760262796049,0.0891775028454127,SPY
2011-11-28,2.160463246531197,-1.3910734362733257,-1.8980632678121194,0.9450778902609409,-0.5642059793531444,-0.5134675414560154,-1.1289083409406344,-1.1623654570052953,-0.7439189175452802,-1.4420447410210082,0.0,0.0,0.0,0.0,0.0,0.0,0.0,0.0,0.0,0.0,0.0,0.0,0.0,0.0,0.0,0.0,0.0,0.0,0.0,0.0,0.0,0.0,0.0,0.0,0.0,0.0,0.0,0.0,0.0028361241453254,0.0529540021108321,0.061413287112769,SPY
2011-11-29,0.19677274662987052,1.470748991723596,-0.7672388799549642,0.8611056553702,-0.576981021509232,-0.5199240202381501,-0.9461672421548964,-1.3766249830644777,-0.8694996519685678,-0.7279648142430675,0.0,0.0,0.0,0.0,0.0,0.0,0.0,0.0,0.0,0.0,0.0,0.0,0.0,0.0,0.0,0.0,0.0,0.0,0.0,0.0,0.0,0.0,0.0,0.0,0.0,0.0,0.0,0.0,0.0403251655418106,0.050434647109796,0.0453665457226284,SPY
2011-11-30,3.059097068566043,1.73657996058688,0.07416107941478543,1.032958534860985,-0.5795549807577809,-0.5163818825908314,0.500269926067089,-0.1000585137602828,0.6836539316662796,-0.013884887465126573,0.0,0.0,0.0,0.0,0.0,0.0,0.0,0.0,0.0,0.0,0.0,0.0,0.0,0.0,0.0,0.0,0.0,0.0,0.0,0.0,0.0,0.0,0.0,0.0,0.0,0.0,0.0,0.0,-0.0001597453579025,0.0138251080513471,0.015322279432568,SPY
2011-12-01,-0.03196476772119051,2.398742827849637,1.7639408353478097,0.9889394392841669,-0.5774532831194598,-0.5152208509133067,0.4792312697996884,-0.25050932503492146,-1.134803712602964,0.7001950393128141,0.0,0.0,0.0,0.0,0.0,0.0,0.0,0.0,0.0,0.0,0.0,0.0,0.0,0.0,0.0,0.0,0.0,0.0,0.0,0.0,0.0,0.0,0.0,0.0,0.0,0.0,0.0,0.0,-0.0008809060381542,-0.0081955507290052,0.0105542956553037,SPY
2011-12-02,-0.0870260783926873,2.230196435938537,2.609692580300466,0.9261576014710807,-0.5709594480490431,-0.5168675925268997,0.4673239885749022,-0.6152689621235318,-0.5822073370905523,1.414274966090755,0.0,0.0,0.0,0.0,0.0,0.0,0.0,0.0,0.0,0.0,0.0,0.0,0.0,0.0,0.0,0.0,0.0,0.0,0.0,0.0,0.0,0.0,0.0,0.0,0.0,0.0,0.0,0.0,0.0108333638197528,0.0094858184124611,0.0272452937103491,SPY
2011-12-05,0.807369677780332,-0.08804028370180629,2.6481775262133445,0.9424326765576951,-0.5609472929982566,-0.5159909552664835,0.8662853487231467,-0.22478730236480207,-0.5085262855398952,-1.4420447410210082,0.0,0.0,0.0,0.0,0.0,0.0,0.0,0.0,0.0,0.0,0.0,0.0,0.0,0.0,0.0,0.0,0.0,0.0,0.0,0.0,0.0,0.0,0.0,0.0,0.0,0.0,0.0,0.0,0.0003167691442893,-0.0160526899569122,0.0179794308013914,SPY
2011-12-06,0.004417572252612385,0.530427538672381,1.9715916015533137,0.9353892196924297,-0.545362242032824,-0.5159909552664835,0.878349391996784,-0.31197612793679946,-1.0539974403110224,-0.7279648142430675,0.0,0.0,0.0,0.0,0.0,0.0,0.0,0.0,0.0,0.0,0.0,0.0,0.0,0.0,0.0,0.0,0.0,0.0,0.0,0.0,0.0,0.0,0.0,0.0,0.0,0.0,0.0,0.0,0.0037156264833617,-0.0257523918428281,0.0203218482178808,SPY
2011-12-07,0.26392359497343615,0.5978082541757951,1.8754084501993948,0.9057254705298458,-0.5275574106170182,-0.5173533257539407,1.038020702948376,0.10803390020686511,-0.3145601340397774,-0.013884887465126573,0.0,0.0,0.0,0.0,0.0,0.0,0.0,0.0,0.0,0.0,0.0,0.0,0.0,0.0,0.0,0.0,0.0,0.0,0.0,0.0,0.0,0.0,0.0,0.0,0.0,0.0,0.0,0.0,-0.0221804041382549,-0.0401711020600039,0.0140253610559559,SPY
2011-12-08,-1.713263218259044,0.19736726523183132,0.4777408587691006,0.7183666316276202,-0.5101067115740621,-0.5164174129690546,0.1869385709173221,-0.04205202105064359,-0.2615654466281838,0.7001950393128141,0.0,0.0,0.0,0.0,0.0,0.0,0.0,0.0,0.0,0.0,0.0,0.0,0.0,0.0,0.0,0.0,0.0,0.0,0.0,0.0,0.0,0.0,0.0,0.0,0.0,0.0,0.0,0.0,0.016800463103312,-0.0143829848274688,0.0386301428896738,SPY
2011-12-09,1.2629634399708138,-1.0683144945664915,-0.3629570006086287,0.7577153383362177,-0.4871776617891549,-0.5143678889262201,0.7938450084925767,0.2577729030861936,-0.6347489321087231,1.414274966090755,0.0,0.0,0.0,0.0,0.0,0.0,0.0,0.0,0.0,0.0,0.0,0.0,0.0,0.0,0.0,0.0,0.0,0.0,0.0,0.0,0.0,0.0,0.0,0.0,0.0,0.0,0.0,0.0,-0.0147051445496204,-0.0297019820789801,0.0304629500198192,SPY
2011-12-12,-1.14251996806377,-0.3321669425243745,0.31207680906835605,0.7280873839716697,-0.4765515086134169,-0.5172703633106549,0.2763554301773507,0.3437869255498218,-0.535470228851861,-1.4420447410210082,0.0,0.0,0.0,0.0,0.0,0.0,0.0,0.0,0.0,0.0,0.0,0.0,0.0,0.0,0.0,0.0,0.0,0.0,0.0,0.0,0.0,0.0,0.0,0.0,0.0,0.0,0.0,0.0,-0.0093829327416266,-0.0257460471524657,0.0457098758314789,SPY
2011-12-13,-0.736163984100286,0.08838810198129242,-0.6629244173703774,0.7275976707253246,-0.4694674219713672,-0.5201254405664859,-0.03732576656005949,0.2213615297487903,-0.1702623934118807,-0.7279648142430675,0.0,0.0,0.0,0.0,0.0,0.0,0.0,0.0,0.0,0.0,0.0,0.0,0.0,0.0,0.0,0.0,0.0,0.0,0.0,0.0,0.0,0.0,0.0,0.0,0.0,0.0,0.0,0.0,-0.010703083733814,0.0134482111157137,0.0574896379329805,SPY
2011-12-14,-0.8369587804676435,-1.3846790302451175,-1.0332366179920682,0.737669879984376,-0.4771418762483612,-0.5252669343442812,-0.3680113462927025,0.46293418650041923,-0.256463563035275,-0.013884887465126573,0.0,0.0,0.0,0.0,0.0,0.0,0.0,0.0,0.0,0.0,0.0,0.0,0.0,0.0,0.0,0.0,0.0,0.0,0.0,0.0,0.0,0.0,0.0,0.0,0.0,0.0,0.0,0.0,0.0036077130942802,0.0260860310037429,0.0630055791570445,SPY
2011-12-15,0.25568430405735804,-1.1595247269664914,-1.5837096504057497,0.6965834204428301,-0.4837301868534855,-0.5275178088425345,-0.2061806546420562,0.5554193334877747,-0.7261126430401361,0.7001950393128141,0.0,0.0,0.0,0.0,0.0,0.0,0.0,0.0,0.0,0.0,0.0,0.0,0.0,0.0,0.0,0.0,0.0,0.0,0.0,0.0,0.0,0.0,0.0,0.0,0.0,0.0,0.0,0.0,0.0014814658518007,0.0312980805956017,0.0632713150895334,SPY
2011-12-16,0.09334328465830267,-0.4286763098782513,-0.5991789344528757,0.6439146116705556,-0.4896309151948331,-0.5272202550260854,-0.1551144498071162,0.14229243416429982,-0.4497860451858733,1.414274966090755,0.0,0.0,0.0,0.0,0.0,0.0,0.0,0.0,0.0,0.0,0.0,0.0,0.0,0.0,0.0,0.0,0.0,0.0,0.0,0.0,0.0,0.0,0.0,0.0,0.0,0.0,0.0,0.0,-0.0107492096231061,0.0387176402323268,0.0727854690886635,SPY
2011-12-19,-0.8404805364228143,0.2568214621390295,-1.1840228451468513,0.6683677141337613,-0.5018323956833308,-0.528318610697185,-0.5374444213121121,-0.16738294417647187,-0.9367544199168342,-1.4420447410210082,0.0,0.0,0.0,0.0,0.0,0.0,0.0,0.0,0.0,0.0,0.0,0.0,0.0,0.0,0.0,0.0,0.0,0.0,0.0,0.0,0.0,0.0,0.0,0.0,0.0,0.0,0.0,0.0,0.0298113255265528,0.0502580221113149,0.0887972762724764,SPY
2011-12-20,2.2563552839911076,-0.5508931330243191,-1.0329943923775085,0.7614367180948655,-0.5054783853051961,-0.5223289412271083,0.4945327842640128,-0.3908441253940121,-0.3411292688389048,-0.7279648142430675,0.0,0.0,0.0,0.0,0.0,0.0,0.0,0.0,0.0,0.0,0.0,0.0,0.0,0.0,0.0,0.0,0.0,0.0,0.0,0.0,0.0,0.0,0.0,0.0,0.0,0.0,0.0,0.0,0.0019347361542152,0.0072360793399468,0.0627061735415797,SPY
2011-12-21,0.12795090765113884,1.0429331756258071,0.46335180482872823,0.7535558120651018,-0.5096639068320274,-0.5154963132425429,0.4790150008111835,-0.3423612770010881,-0.7558986308700094,-0.013884887465126573,0.0,0.0,0.0,0.0,0.0,0.0,0.0,0.0,0.0,0.0,0.0,0.0,0.0,0.0,0.0,0.0,0.0,0.0,0.0,0.0,0.0,0.0,0.0,0.0,0.0,0.0,0.0,0.0,0.008819762686139,0.0155822424374818,0.0581912986694002,SPY
2011-12-22,0.6536292969990459,1.7565267729637897,0.9458345603649578,0.6207826550322614,-0.5046708632163981,-0.5042365838276486,0.6666212201075967,-0.1319950654687924,-1.7236863905226862,0.7001950393128141,0.0,0.0,0.0,0.0,0.0,0.0,0.0,0.0,0.0,0.0,0.0,0.0,0.0,0.0,0.0,0.0,0.0,0.0,0.0,0.0,0.0,0.0,0.0,0.0,0.0,0.0,0.0,0.0,0.0089010254885257,0.0018347506161759,0.0482314519055693,SPY
2011-12-23,0.6598337900208908,0.5755500403274699,1.1448185679985456,0.6174972603149192,-0.5019751999805103,-0.49138100357360803,0.8381498882058275,-0.17002793688368267,-1.9754550374001827,1.414274966090755,0.0,0.0,0.0,0.0,0.0,0.0,0.0,0.0,0.0,0.0,0.0,0.0,0.0,0.0,0.0,0.0,0.0,0.0,0.0,0.0,0.0,0.0,0.0,0.0,0.0,0.0,0.0,0.0,0.0007911722558819,0.0087438171445413,0.0476632008928499,SPY
2011-12-27,0.04063870552600168,0.9674706266686802,1.4280802072772776,0.4775710087706155,-0.4946968233567641,-0.4823985373285682,0.7522566878230333,-0.16002267328061837,-1.937297442483708,-0.7279648142430675,0.0,0.0,0.0,0.0,0.0,0.0,0.0,0.0,0.0,0.0,0.0,0.0,0.0,0.0,0.0,0.0,0.0,0.0,0.0,0.0,0.0,0.0,0.0,0.0,0.0,0.0,0.0,0.0,-0.0132106172448152,0.0095201457994544,0.0417288419951464,SPY
2011-12-28,-1.0284113727252215,0.51578541551585,1.8686653159627324,0.5370372210514628,-0.48862404276400323,-0.4757979107189509,0.1703337686586111,-0.5211824266419696,-1.4725319358340343,-0.013884887465126573,0.0,0.0,0.0,0.0,0.0,0.0,0.0,0.0,0.0,0.0,0.0,0.0,0.0,0.0,0.0,0.0,0.0,0.0,0.0,0.0,0.0,0.0,0.0,0.0,0.0,0.0,0.0,0.0,0.0102808992517502,0.0253899496050484,0.0544845003301048,SPY
2011-12-29,0.7651884773255755,-0.7282065533988221,0.22618697074486557,0.17074218909651465,-0.4763924090274497,-0.4735116339428208,0.5274457460943747,0.1862333759965716,-1.4520067363574196,0.7001950393128141,0.0,0.0,0.0,0.0,0.0,0.0,0.0,0.0,0.0,0.0,0.0,0.0,0.0,0.0,0.0,0.0,0.0,0.0,0.0,0.0,0.0,0.0,0.0,0.0,0.0,0.0,0.0,0.0,-0.0049277291351668,0.0125281896747351,0.0407839403759631,SPY
2011-12-30,-0.3960049091567685,-0.19431839717184887,0.5448241886457016,0.17941644733647416,-0.46667301207094763,-0.4719408092533973,0.321995504356279,-0.2924797185342107,-1.746908910030344,1.414274966090755,0.0,0.0,0.0,0.0,0.0,0.0,0.0,0.0,0.0,0.0,0.0,0.0,0.0,0.0,0.0,0.0,0.0,0.0,0.0,0.0,0.0,0.0,0.0,0.0,0.0,0.0,0.0,0.0,0.015810092016891,0.0198802965053648,0.0453309678173186,SPY
2012-01-03,1.1873476561895047,0.2716734973283605,0.01997672330571102,0.24013895794511975,-0.4526287944024084,-0.4678553281590859,0.8675555938211928,0.44455013578359265,-0.410479697125439,-0.7279648142430675,0.0,0.0,0.0,0.0,0.0,0.0,0.0,0.0,0.0,0.0,0.0,0.0,0.0,0.0,0.0,0.0,0.0,0.0,0.0,0.0,0.0,0.0,0.0,0.0,0.0,0.0,0.0,0.0,0.0015675009107951,0.0127034747219312,0.0382400383999561,SPY
2012-01-04,0.09991214405629126,0.582743618954598,0.28374891552902587,0.21420305967569525,-0.4350200171306179,-0.46514255874392624,0.8924067920644791,0.77070802907668,-1.263783876016585,-0.013884887465126573,0.0,0.0,0.0,0.0,0.0,0.0,0.0,0.0,0.0,0.0,0.0,0.0,0.0,0.0,0.0,0.0,0.0,0.0,0.0,0.0,0.0,0.0,0.0,0.0,0.0,0.0,0.0,0.0,0.0026591865607787,0.0116777550731752,0.0382564439721813,SPY
2012-01-05,0.18326339208659484,0.9481626025584986,0.3133873493683151,0.21489437891643295,-0.4252531270674787,-0.4620717837937473,0.9543514608645308,1.204638519246347,-0.6197834009501646,0.7001950393128141,0.0,0.0,0.0,0.0,0.0,0.0,0.0,0.0,0.0,0.0,0.0,0.0,0.0,0.0,0.0,0.0,0.0,0.0,0.0,0.0,0.0,0.0,0.0,0.0,0.0,0.0,0.0,0.0,-0.0025808606785631,0.0114153978722715,0.0495186424102769,SPY
2012-01-06,-0.21681924813446826,0.20829804483877323,0.9192597813053386,0.21591433201705285,-0.4168408351132816,-0.4599512688673829,0.8288045521161257,1.047392046085831,-0.9439399938304908,1.414274966090755,0.0,0.0,0.0,0.0,0.0,0.0,0.0,0.0,0.0,0.0,0.0,0.0,0.0,0.0,0.0,0.0,0.0,0.0,0.0,0.0,0.0,0.0,0.0,0.0,0.0,0.0,0.0,0.0,0.0024243776954628,0.0088091160410845,0.0514305946461766,SPY
2012-01-09,0.16533550966645513,-0.025087080072568685,0.4282275125118047,0.054843993272200825,-0.4103058672056397,-0.4541678176659335,0.847054228369988,1.0631029063057449,-1.52109176863186,-1.4420447410210082,0.0,0.0,0.0,0.0,0.0,0.0,0.0,0.0,0.0,0.0,0.0,0.0,0.0,0.0,0.0,0.0,0.0,0.0,0.0,0.0,0.0,0.0,0.0,0.0,0.0,0.0,0.0,0.0,0.0086332702334575,0.0102581873723908,0.0515317781034392,SPY
2012-01-10,0.6393904190954398,-0.03829733071769509,0.7089139595467868,-0.0016006151010692776,-0.4037946458513169,-0.4495488452059073,1.1175780007975245,1.6150905048872333,-1.2718454573799856,-0.7279648142430675,0.0,0.0,0.0,0.0,0.0,0.0,0.0,0.0,0.0,0.0,0.0,0.0,0.0,0.0,0.0,0.0,0.0,0.0,0.0,0.0,0.0,0.0,0.0,0.0,0.0,0.0,0.0,0.0,0.0005417812620391,0.0126205369898642,0.0458615960701953,SPY
2012-01-11,0.021597463585496683,0.5926050839580095,0.4349194905052227,-0.09239836498182338,-0.3973548498582463,-0.4426666190958561,1.050025087044873,1.2221776522432939,-1.2757598575152709,-0.013884887465126573,0.0,0.0,0.0,0.0,0.0,0.0,0.0,0.0,0.0,0.0,0.0,0.0,0.0,0.0,0.0,0.0,0.0,0.0,0.0,0.0,0.0,0.0,0.0,0.0,0.0,0.0,0.0,0.0,0.002396829359875,0.0173413532885318,0.0465766971908445,SPY
2012-01-12,0.16323216778187943,0.4866909792427041,0.3957598848988617,-0.142378914655827,-0.3862334777494727,-0.4340405396632626,1.0314468267711208,1.2324407659937375,-1.1482396869463012,0.7001950393128141,0.0,0.0,0.0,0.0,0.0,0.0,0.0,0.0,0.0,0.0,0.0,0.0,0.0,0.0,0.0,0.0,0.0,0.0,0.0,0.0,0.0,0.0,0.0,0.0,0.0,0.0,0.0,0.0,-0.00518714250975,0.0186647467243128,0.0367644710044618,SPY
2012-01-13,-0.4158113694941258,0.13583136854314573,0.3857436933129466,-0.1861883998078226,-0.3797698423524351,-0.4246613699327481,0.7148860464868929,0.7558239212744189,-0.3703071853044284,1.414274966090755,0.0,0.0,0.0,0.0,0.0,0.0,0.0,0.0,0.0,0.0,0.0,0.0,0.0,0.0,0.0,0.0,0.0,0.0,0.0,0.0,0.0,0.0,0.0,0.0,0.0,0.0,0.0,0.0,0.0038734490267691,0.0212717505160986,0.0493670103407195,SPY
2012-01-17,0.27597349776415364,-0.18647553775848277,0.28624187648406213,-0.1860739812562433,-0.3706447359707685,-0.4152073313718183,0.7427199082826824,0.6245404214905345,-0.94453351002872,-0.7279648142430675,0.0,0.0,0.0,0.0,0.0,0.0,0.0,0.0,0.0,0.0,0.0,0.0,0.0,0.0,0.0,0.0,0.0,0.0,0.0,0.0,0.0,0.0,0.0,0.0,0.0,0.0,0.0,0.0,0.0109956198509308,0.0162582174116376,0.044236678931262,SPY
2012-01-18,0.8197580816210651,-0.10340151974408028,0.34156407090459406,-0.1663206421430798,-0.3628739491461005,-0.4042630315946042,1.0236007912392888,0.8877221177244929,-0.5340272551164146,-0.013884887465126573,0.0,0.0,0.0,0.0,0.0,0.0,0.0,0.0,0.0,0.0,0.0,0.0,0.0,0.0,0.0,0.0,0.0,0.0,0.0,0.0,0.0,0.0,0.0,0.0,0.0,0.0,0.0,0.0,0.0052625975607067,0.0135953720365131,0.0285700731315969,SPY
2012-01-19,0.3820363227219653,0.8070340663549542,0.4317531195757307,-0.247829253508245,-0.35393876876565683,-0.3909462784437986,1.056973820857311,1.748791703736155,-0.9672411589750622,0.7001950393128141,0.0,0.0,0.0,0.0,0.0,0.0,0.0,0.0,0.0,0.0,0.0,0.0,0.0,0.0,0.0,0.0,0.0,0.0,0.0,0.0,0.0,0.0,0.0,0.0,0.0,0.0,0.0,0.0,0.003720222795656,0.0031895878339849,0.0343197978106735,SPY
2012-01-20,0.26427452783224276,0.8851869942349927,0.6119829753848788,-0.5498985157898538,-0.34464727402212664,-0.3813849383735437,1.079175006166074,1.6587515419703576,-0.7987466725159342,1.414274966090755,0.0,0.0,0.0,0.0,0.0,0.0,0.0,0.0,0.0,0.0,0.0,0.0,0.0,0.0,0.0,0.0,0.0,0.0,0.0,0.0,0.0,0.0,0.0,0.0,0.0,0.0,0.0,0.0,-0.0025801387179642,-0.0009855938715279,0.0332422808650099,SPY
2012-01-23,-0.21676412574923956,0.4758761340436547,0.662507078213642,-0.5342170177965384,-0.3353795026192538,-0.3725150839795101,0.8697399929953826,1.8214463390747317,-0.8806312772069451,-1.4420447410210082,0.0,0.0,0.0,0.0,0.0,0.0,0.0,0.0,0.0,0.0,0.0,0.0,0.0,0.0,0.0,0.0,0.0,0.0,0.0,0.0,0.0,0.0,0.0,0.0,0.0,0.0,0.0,0.0,-0.0011400840776918,-0.0018251158559552,0.0362618583369878,SPY
2012-01-24,-0.10681457067325438,0.03464700138082051,0.7620364578296356,-0.5463878992930764,-0.3272047458362269,-0.3651354092833587,0.7347849794742665,1.4343151887962982,-1.1675517475840502,-0.7279648142430675,0.0,0.0,0.0,0.0,0.0,0.0,0.0,0.0,0.0,0.0,0.0,0.0,0.0,0.0,0.0,0.0,0.0,0.0,0.0,0.0,0.0,0.0,0.0,0.0,0.0,0.0,0.0,0.0,0.0083327744758063,-0.0010657334720747,0.0341728157375902,SPY
2012-01-25,0.6164472793478253,-0.23879187377741198,0.5706313508852232,-0.5500836988080463,-0.3190537820318433,-0.3577795845428277,0.9607214156683928,1.5875976382417258,0.0675403064970577,-0.013884887465126573,0.0,0.0,0.0,0.0,0.0,0.0,0.0,0.0,0.0,0.0,0.0,0.0,0.0,0.0,0.0,0.0,0.0,0.0,0.0,0.0,0.0,0.0,0.0,0.0,0.0,0.0,0.0,0.0,-0.0051431866418214,-0.0006793453483524,0.0302410623260946,SPY
2012-01-26,-0.4124552967545428,0.3751641553711424,0.468970068675153,-0.5230749520616185,-0.3126851096354171,-0.351353745034737,0.6856509828123905,1.1196986908878543,-0.1069482030256159,0.7001950393128141,0.0,0.0,0.0,0.0,0.0,0.0,0.0,0.0,0.0,0.0,0.0,0.0,0.0,0.0,0.0,0.0,0.0,0.0,0.0,0.0,0.0,0.0,0.0,0.0,0.0,0.0,0.0,0.0,-0.0004549589098568,0.0060477477764893,0.0375772676973422,SPY
2012-01-27,-0.0545046059898528,0.14995124375828642,0.07170127706127682,-0.6521607909938198,-0.307195756091634,-0.3430203632508718,0.5661835411509688,1.2756943967074612,-0.747776202545902,1.414274966090755,0.0,0.0,0.0,0.0,0.0,0.0,0.0,0.0,0.0,0.0,0.0,0.0,0.0,0.0,0.0,0.0,0.0,0.0,0.0,0.0,0.0,0.0,0.0,0.0,0.0,0.0,0.0,0.0,-0.0034196607023915,0.0204240916852205,0.0397106603304067,SPY
2012-01-30,-0.28086243569033276,-0.3444430393152497,-0.0876975110199174,-0.6694293688718469,-0.3011835141216048,-0.3367613802682428,0.3610556980224937,0.95400892422945,-0.5853614907916952,-1.4420447410210082,0.0,0.0,0.0,0.0,0.0,0.0,0.0,0.0,0.0,0.0,0.0,0.0,0.0,0.0,0.0,0.0,0.0,0.0,0.0,0.0,0.0,0.0,0.0,0.0,0.0,0.0,0.0,0.0,-0.0003807016938113,0.0231748439449486,0.0460424268393211,SPY
2012-01-31,-0.0488349962146017,-0.24747817547752057,-0.11974852013133891,-0.6964898248853836,-0.296478330728557,-0.3298229064601198,0.262718714579308,0.634191935039638,-0.4195045012383887,-0.7279648142430675,0.0,0.0,0.0,0.0,0.0,0.0,0.0,0.0,0.0,0.0,0.0,0.0,0.0,0.0,0.0,0.0,0.0,0.0,0.0,0.0,0.0,0.0,0.0,0.0,0.0,0.0,0.0,0.0,0.0087191625995286,0.0260811067914854,0.0424902422832413,SPY
2012-02-01,0.6459483837516661,-0.24330049489952918,-0.0907570557548458,-0.7941252118420505,-0.2924385615069913,-0.32389770640133353,0.5188065617089618,0.9199760584898461,-0.2605709327977069,-0.013884887465126573,0.0,0.0,0.0,0.0,0.0,0.0,0.0,0.0,0.0,0.0,0.0,0.0,0.0,0.0,0.0,0.0,0.0,0.0,0.0,0.0,0.0,0.0,0.0,0.0,0.0,0.0,0.0,0.0,0.0015839064830203,0.0203250323921704,0.0389391361986861,SPY
2012-02-02,0.10116472525458965,0.4396247351148625,-0.0760056501887169,-0.7941332739023657,-0.2895394857132063,-0.3179606163011946,0.5065411431968948,0.8967559227406519,-1.041053099657545,0.7001950393128141,0.0,0.0,0.0,0.0,0.0,0.0,0.0,0.0,0.0,0.0,0.0,0.0,0.0,0.0,0.0,0.0,0.0,0.0,0.0,0.0,0.0,0.0,0.0,0.0,0.0,0.0,0.0,0.0,0.0139213849988744,0.0199980082918385,0.0343011829883215,SPY
2012-02-03,1.043143061105158,0.5501527869433004,0.18081921805432927,-0.7009242535911823,-0.2833847179979421,-0.3102114303297128,0.9403378535944352,1.5949956311675213,-0.3028483800264705,1.414274966090755,0.0,0.0,0.0,0.0,0.0,0.0,0.0,0.0,0.0,0.0,0.0,0.0,0.0,0.0,0.0,0.0,0.0,0.0,0.0,0.0,0.0,0.0,0.0,0.0,0.0,0.0,0.0,0.0,-0.0006689084426634,-0.0013387735335435,0.0162927437404274,SPY
2012-02-06,-0.0708398583357991,0.8428276896331919,0.7296748027261252,-0.7110628990052402,-0.2766357525584898,-0.30217604489077093,0.8169060434407154,1.4760025794254175,-1.0765168847521265,-1.4420447410210082,0.0,0.0,0.0,0.0,0.0,0.0,0.0,0.0,0.0,0.0,0.0,0.0,0.0,0.0,0.0,0.0,0.0,0.0,0.0,0.0,0.0,0.0,0.0,0.0,0.0,0.0,0.0,0.0,0.0025255611527255,0.0067455317356275,0.0022286093854182,SPY
2012-02-07,0.17306096382351374,0.7160852440899648,0.8346921666251206,-0.7110758069308828,-0.2687224864139112,-0.294104896163882,0.8149746802748654,1.2919183779099617,-0.6411010476886239,-0.7279648142430675,0.0,0.0,0.0,0.0,0.0,0.0,0.0,0.0,0.0,0.0,0.0,0.0,0.0,0.0,0.0,0.0,0.0,0.0,0.0,0.0,0.0,0.0,0.0,0.0,0.0,0.0,0.0,0.0,0.0029630882002136,0.0029630882002136,0.0066545002710451,SPY
2012-02-08,0.20646657418002512,0.07496085931506612,0.945646565321517,-0.7360714175148929,-0.2624727092727111,-0.2868802345337846,0.8401783504888001,1.2337689965028358,-0.5572059990464593,-0.013884887465126573,0.0,0.0,0.0,0.0,0.0,0.0,0.0,0.0,0.0,0.0,0.0,0.0,0.0,0.0,0.0,0.0,0.0,0.0,0.0,0.0,0.0,0.0,0.0,0.0,0.0,0.0,0.0,0.0,0.0012568823826883,-0.0046709859487341,0.0135913259113111,SPY
2012-02-09,0.07619612106063617,0.2792955037081515,0.7258929478575054,-0.7374201599851813,-0.2542028966384246,-0.2795362998346067,0.7992476763205056,1.1640683229458162,-0.3945713094377633,0.7001950393128141,0.0,0.0,0.0,0.0,0.0,0.0,0.0,0.0,0.0,0.0,0.0,0.0,0.0,0.0,0.0,0.0,0.0,0.0,0.0,0.0,0.0,0.0,0.0,0.0,0.0,0.0,0.0,0.0,-0.0074153968265076,0.0050844539083607,0.0161945499959372,SPY
2012-02-10,-0.5859407270005176,0.20792015543160863,0.7134079235057699,-0.6796115451741462,-0.24816697775306373,-0.2737542228005223,0.4493187536518865,0.7690953870664777,-0.0816266821875616,1.414274966090755,0.0,0.0,0.0,0.0,0.0,0.0,0.0,0.0,0.0,0.0,0.0,0.0,0.0,0.0,0.0,0.0,0.0,0.0,0.0,0.0,0.0,0.0,0.0,0.0,0.0,0.0,0.0,0.0,0.0074153968265076,0.0151425565848608,0.0236827244037156,SPY
2012-02-13,0.5464046146070167,-0.3759691638035902,-0.10118109426753512,-0.6959318398344605,-0.23868523203104175,-0.2659810937095296,0.636447201382417,1.0767155782828668,-0.9061293481420856,-1.4420447410210082,0.0,0.0,0.0,0.0,0.0,0.0,0.0,0.0,0.0,0.0,0.0,0.0,0.0,0.0,0.0,0.0,0.0,0.0,0.0,0.0,0.0,0.0,0.0,0.0,0.0,0.0,0.0,0.0,-0.0012568823826883,0.0081665985123668,0.0341330954851732,SPY
2012-02-14,-0.11573223345413698,-0.029493662143811286,0.2074589969368308,-0.6892908941830544,-0.22948870028812254,-0.259006786740543,0.5057895947377147,0.7317914177044702,-0.0860870963799303,-0.7279648142430675,0.0,0.0,0.0,0.0,0.0,0.0,0.0,0.0,0.0,0.0,0.0,0.0,0.0,0.0,0.0,0.0,0.0,0.0,0.0,0.0,0.0,0.0,0.0,0.0,0.0,0.0,0.0,0.0,-0.0046709859487341,0.0061943542179658,0.0343177364297471,SPY
2012-02-15,-0.3764023202496376,0.3169818395159676,0.06305404451656893,-0.7160421061274421,-0.22452209589461403,-0.2544884079898231,0.2766168425283183,0.7593919139763867,0.4782272588542261,-0.013884887465126573,0.0,0.0,0.0,0.0,0.0,0.0,0.0,0.0,0.0,0.0,0.0,0.0,0.0,0.0,0.0,0.0,0.0,0.0,0.0,0.0,0.0,0.0,0.0,0.0,0.0,0.0,0.0,0.0,0.0110123222397833,0.0152663612310108,0.0447620638771386,SPY
2012-02-16,0.8210333250539749,-0.3629931079336999,-0.22839726306545213,-0.6687011405106906,-0.21651370426078953,-0.24901627556944508,0.6265528089816905,1.1198474308661117,0.3358385611814472,0.7001950393128141,0.0,0.0,0.0,0.0,0.0,0.0,0.0,0.0,0.0,0.0,0.0,0.0,0.0,0.0,0.0,0.0,0.0,0.0,0.0,0.0,0.0,0.0,0.0,0.0,0.0,0.0,0.0,0.0,0.0026427058499924,0.0064470577206536,0.0351335561697112,SPY
2012-02-17,0.18200507398697965,0.3272673218041385,0.14404288447751645,-0.6706565414721167,-0.21206982580489284,-0.24369907469671898,0.6633890800306659,1.4169640729624149,-0.6540987759275745,1.414274966090755,0.0,0.0,0.0,0.0,0.0,0.0,0.0,0.0,0.0,0.0,0.0,0.0,0.0,0.0,0.0,0.0,0.0,0.0,0.0,0.0,0.0,0.0,0.0,0.0,0.0,0.0,0.0,0.0,0.0004394387540136,0.0054827855938688,0.0364030745953334,SPY
2012-02-21,0.013783514789334582,0.7387326285863657,0.528037998968808,-0.6810526269450503,-0.20726967941123414,-0.23790503774836588,0.6112775659898138,1.4532967722899919,-0.5572615674408685,-0.7279648142430675,0.0,0.0,0.0,0.0,0.0,0.0,0.0,0.0,0.0,0.0,0.0,0.0,0.0,0.0,0.0,0.0,0.0,0.0,0.0,0.0,0.0,0.0,0.0,0.0,0.0,0.0,0.0,0.0,-0.0032291266770894,0.007955452646378,0.033048631757854,SPY
2012-02-22,-0.2663149798348802,0.14390653162089542,0.26171204218648003,-0.6709446409938363,-0.20432299444750193,-0.23245674363812288,0.4251160639166975,1.0067084672705564,-0.7064708667428019,-0.013884887465126573,0.0,0.0,0.0,0.0,0.0,0.0,0.0,0.0,0.0,0.0,0.0,0.0,0.0,0.0,0.0,0.0,0.0,0.0,0.0,0.0,0.0,0.0,0.0,0.0,0.0,0.0,0.0,0.0,0.0044010210643108,0.0072516930735764,0.0346388484534392,SPY
2012-02-23,0.3162541296068929,-0.18644036275469247,0.18641631316168586,-0.6940833857641754,-0.20090103022746944,-0.22760455867258847,0.5338621110573969,1.0865619802271436,-0.4814856488997838,0.7001950393128141,0.0,0.0,0.0,0.0,0.0,0.0,0.0,0.0,0.0,0.0,0.0,0.0,0.0,0.0,0.0,0.0,0.0,0.0,0.0,0.0,0.0,0.0,0.0,0.0,0.0,0.0,0.0,0.0,0.0021930187294261,0.008018728524239,0.023007732675655,SPY
2012-02-24,0.14767103037019505,0.03643663637360391,0.532764574228772,-0.7239410810845652,-0.19717029117631243,-0.2215840403097181,0.5457662211313105,0.7141296393896052,-1.0413142358768237,1.414274966090755,0.0,0.0,0.0,0.0,0.0,0.0,0.0,0.0,0.0,0.0,0.0,0.0,0.0,0.0,0.0,0.0,0.0,0.0,0.0,0.0,0.0,0.0,0.0,0.0,0.0,0.0,0.0,0.0,0.0016784337232076,0.0027716630674685,0.0240422672924776,SPY
2012-02-27,0.10838197084409626,0.3414843174227509,0.19606394886077957,-0.7276452168799973,-0.19051649765143064,-0.21521777910873707,0.5343172181234058,0.8319884484975525,-0.2842395067524645,-1.4420447410210082,0.0,0.0,0.0,0.0,0.0,0.0,0.0,0.0,0.0,0.0,0.0,0.0,0.0,0.0,0.0,0.0,0.0,0.0,0.0,0.0,0.0,0.0,0.0,0.0,0.0,0.0,0.0,0.0,0.0029121058065229,-0.0029938249047587,0.0363016845641048,SPY
2012-02-28,0.2025740194489485,0.18831266808643762,0.15925026762936714,-0.7479604282368518,-0.18528858832077114,-0.20783813934904327,0.5577222687807393,0.8480280576267666,-0.5869460538753776,-0.7279648142430675,0.0,0.0,0.0,0.0,0.0,0.0,0.0,0.0,0.0,0.0,0.0,0.0,0.0,0.0,0.0,0.0,0.0,0.0,0.0,0.0,0.0,0.0,0.0,0.0,0.0,0.0,0.0,0.0,-0.003932886249891,-0.0206389735089542,0.0302775936410615,SPY
2012-02-29,-0.32004769923736376,0.22876821269009212,0.25365098101097955,-0.7271939766199299,-0.18093974250347275,-0.2010426022378441,0.3303140185545055,0.43000648445576223,0.5779309918554372,-0.013884887465126573,0.0,0.0,0.0,0.0,0.0,0.0,0.0,0.0,0.0,0.0,0.0,0.0,0.0,0.0,0.0,0.0,0.0,0.0,0.0,0.0,0.0,0.0,0.0,0.0,0.0,0.0,0.0,0.0,0.0051680565149734,-0.0097546352207107,0.0292392650691235,SPY
2012-03-01,0.37481802306576034,-0.08692235203759069,0.2267830670092976,-0.7505534360064908,-0.17340667655127123,-0.19477168263191807,0.4517129008359397,0.5893063325694129,-0.2439403315279915,0.7001950393128141,0.0,0.0,0.0,0.0,0.0,0.0,0.0,0.0,0.0,0.0,0.0,0.0,0.0,0.0,0.0,0.0,0.0,0.0,0.0,0.0,0.0,0.0,0.0,0.0,0.0,0.0,0.0,0.0,-0.0030540467273443,-0.0050227778952045,0.0223612158808386,SPY
2012-03-02,-0.25294745749311803,0.039996511360472116,0.2560667077882118,-0.7345151618316053,-0.17041245205557795,-0.1892518153638381,0.2729225136643256,0.9080639490592949,-0.7322653122583537,1.414274966090755,0.0,0.0,0.0,0.0,0.0,0.0,0.0,0.0,0.0,0.0,0.0,0.0,0.0,0.0,0.0,0.0,0.0,0.0,0.0,0.0,0.0,0.0,0.0,0.0,0.0,0.0,0.0,0.0,-0.0040870542490196,0.0018913752994542,0.0295429518150287,SPY
2012-03-05,-0.33181857406190374,0.08943966315147611,0.05574587535890993,-0.8286064099675039,-0.16960462820217254,-0.18661710564229808,0.08971320418604851,0.2854492133480662,-0.2889307805512691,-1.4420447410210082,0.0,0.0,0.0,0.0,0.0,0.0,0.0,0.0,0.0,0.0,0.0,0.0,0.0,0.0,0.0,0.0,0.0,0.0,0.0,0.0,0.0,0.0,0.0,0.0,0.0,0.0,0.0,0.0,-0.0147330427976726,0.0060512071297447,0.0409183672666957,SPY
2012-03-06,-1.1446500261011228,-0.43124907990889,-0.1643671305627914,-0.6720610411890515,-0.17369193695569893,-0.18625948440832119,-0.4598821003482017,-0.4966278512424693,1.0639314034626748,-0.7279648142430675,0.0,0.0,0.0,0.0,0.0,0.0,0.0,0.0,0.0,0.0,0.0,0.0,0.0,0.0,0.0,0.0,0.0,0.0,0.0,0.0,0.0,0.0,0.0,0.0,0.0,0.0,0.0,0.0,0.0069514520383524,0.0386500178353825,0.0515534128357773,SPY
2012-03-07,0.5109819843741547,-1.0883046181013316,-0.8380181238375604,-0.6480641298127884,-0.17450001614838764,-0.1851865741244444,-0.2157427381784246,0.048204710404900805,-0.1902716971474277,-0.013884887465126573,0.0,0.0,0.0,0.0,0.0,0.0,0.0,0.0,0.0,0.0,0.0,0.0,0.0,0.0,0.0,0.0,0.0,0.0,0.0,0.0,0.0,0.0,0.0,0.0,0.0,0.0,0.0,0.0,0.0098999138404796,0.0306263243589155,0.0346421150233906,SPY
2012-03-08,0.7360998752071728,-0.467282772917501,-0.4224792432372328,-0.6009383371632657,-0.17352582714578105,-0.18298108208569178,0.1269671611160838,0.00543797620098191,-0.7761167611685548,0.7001950393128141,0.0,0.0,0.0,0.0,0.0,0.0,0.0,0.0,0.0,0.0,0.0,0.0,0.0,0.0,0.0,0.0,0.0,0.0,0.0,0.0,0.0,0.0,0.0,0.0,0.0,0.0,0.0,0.0,0.0038601064673144,0.0264997520170933,0.0242414040703904,SPY
2012-03-09,0.274954780533159,0.9185572841977228,-0.24182786654076102,-0.5956980649595199,-0.17200495673828484,-0.18034641894609538,0.2409980728369677,0.05718990459232281,-0.6174143347460013,1.414274966090755,0.0,0.0,0.0,0.0,0.0,0.0,0.0,0.0,0.0,0.0,0.0,0.0,0.0,0.0,0.0,0.0,0.0,0.0,0.0,0.0,0.0,0.0,0.0,0.0,0.0,0.0,0.0,0.0,7.27775812707776e-05,0.0240234600821347,0.0090867926727797,SPY
2012-03-12,-0.01421141795786051,0.7446394477941655,0.02213852284562682,-0.6353263723252108,-0.17100690511904923,-0.17650758924830187,0.1995417400803714,0.042187337024386706,-1.0570957694705787,-1.4420447410210082,0.0,0.0,0.0,0.0,0.0,0.0,0.0,0.0,0.0,0.0,0.0,0.0,0.0,0.0,0.0,0.0,0.0,0.0,0.0,0.0,0.0,0.0,0.0,0.0,0.0,0.0,0.0,0.0,0.0178657679079652,0.0278629067764786,-0.0079134284938637,SPY
2012-03-13,1.344300485119165,0.19176878452802823,0.18095128816656586,-0.5094783947176321,-0.16506590280897485,-0.17090429371749027,0.8084777622558448,0.7920122156696799,1.0046982055269824,-0.7279648142430675,0.0,0.0,0.0,0.0,0.0,0.0,0.0,0.0,0.0,0.0,0.0,0.0,0.0,0.0,0.0,0.0,0.0,0.0,0.0,0.0,0.0,0.0,0.0,0.0,0.0,0.0,0.0,0.0,-0.0010722414381145,0.0070821347850476,-0.0177173890531703,SPY
2012-03-14,-0.10163471997307989,0.9797215640488568,1.4254985404468652,-0.5100100662446819,-0.15819848315487553,-0.1652772413949471,0.7022885507904011,0.620335096837705,0.012070981311364196,-0.013884887465126573,0.0,0.0,0.0,0.0,0.0,0.0,0.0,0.0,0.0,0.0,0.0,0.0,0.0,0.0,0.0,0.0,0.0,0.0,0.0,0.0,0.0,0.0,0.0,0.0,0.0,0.0,0.0,0.0,0.0057733414986573,0.0065154662416579,-0.0036644474104932,SPY
2012-03-15,0.4210321129961473,0.9153032627246306,1.1191724674055148,-0.5250499744772074,-0.15109313371435115,-0.15793334163222728,0.8362508457446246,0.7188417056865771,0.5947845298476231,0.7001950393128141,0.0,0.0,0.0,0.0,0.0,0.0,0.0,0.0,0.0,0.0,0.0,0.0,0.0,0.0,0.0,0.0,0.0,0.0,0.0,0.0,0.0,0.0,0.0,0.0,0.0,0.0,0.0,0.0,0.0013838145323559,-0.0064879699704727,-0.0213971184690944,SPY
2012-03-16,0.08588751261655037,0.23498830289632813,0.9616294724869147,-0.5672433112651029,-0.14252666325854943,-0.15213349358628828,0.8215422688516468,0.7123436418713167,0.272168753837721,1.414274966090755,0.0,0.0,0.0,0.0,0.0,0.0,0.0,0.0,0.0,0.0,0.0,0.0,0.0,0.0,0.0,0.0,0.0,0.0,0.0,0.0,0.0,0.0,0.0,0.0,0.0,0.0,0.0,0.0,0.0039122242756146,-0.0046442311565799,-0.0234373427546534,SPY
2012-03-19,0.27893402526033034,0.3731650064238004,0.867090369471,-0.5652246401477289,-0.13131668841857855,-0.14610432262721318,0.9005473703238612,0.7402126517626119,-0.488143305270279,-1.4420447410210082,0.0,0.0,0.0,0.0,0.0,0.0,0.0,0.0,0.0,0.0,0.0,0.0,0.0,0.0,0.0,0.0,0.0,0.0,0.0,0.0,0.0,0.0,0.0,0.0,0.0,0.0,0.0,0.0,-0.0029150040834657,0.0053813955626402,-0.0126463353639794,SPY
2012-03-20,-0.24233141807106606,0.2684593132921437,1.013671570756849,-0.5546496041025875,-0.11633259006200294,-0.14063754713046167,0.7264701788817252,0.7885092509078352,-0.5724851153489185,-0.7279648142430675,0.0,0.0,0.0,0.0,0.0,0.0,0.0,0.0,0.0,0.0,0.0,0.0,0.0,0.0,0.0,0.0,0.0,0.0,0.0,0.0,0.0,0.0,0.0,0.0,0.0,0.0,0.0,0.0,-0.0016389099815041,0.0051844145295856,-0.0131165222714431,SPY
2012-03-21,-0.144900407592723,0.026609537660612113,0.22030972342644797,-0.5615901754968213,-0.10413110957350574,-0.1349216281031572,0.5986572511299875,0.564314003815439,-0.5543529055998528,-0.013884887465126573,0.0,0.0,0.0,0.0,0.0,0.0,0.0,0.0,0.0,0.0,0.0,0.0,0.0,0.0,0.0,0.0,0.0,0.0,0.0,0.0,0.0,0.0,0.0,0.0,0.0,0.0,0.0,0.0,-0.0072300947134733,0.0018521096892607,-0.01791846472155,SPY
2012-03-22,-0.5717927326723945,-0.285695003322689,0.19867562809095887,-0.5270138215679503,-0.09754850928325474,-0.13113048667112087,0.2831379282063302,0.35190124686750573,-0.185822353727746,0.7001950393128141,0.0,0.0,0.0,0.0,0.0,0.0,0.0,0.0,0.0,0.0,0.0,0.0,0.0,0.0,0.0,0.0,0.0,0.0,0.0,0.0,0.0,0.0,0.0,0.0,0.0,0.0,0.0,0.0,0.0032275533462486,0.0073722117294225,-0.0090197827999523,SPY
2012-03-23,0.22665874212037032,-0.5284602358114718,-0.29776551370843957,-0.5253953802144594,-0.09115135495044294,-0.12715811818371947,0.359122735854076,0.6414621291916666,-0.6861556965577906,1.414274966090755,0.0,0.0,0.0,0.0,0.0,0.0,0.0,0.0,0.0,0.0,0.0,0.0,0.0,0.0,0.0,0.0,0.0,0.0,0.0,0.0,0.0,0.0,0.0,0.0,0.0,0.0,0.0,0.0,0.0139378509948349,0.0082723475900197,-0.0206923359647577,SPY
2012-03-26,1.0444002557136887,-0.2546750010485145,-0.22737582693511252,-0.4499094957070783,-0.08009980652923854,-0.12111299290862755,0.8168699994400822,1.7565140710469729,-0.698662359581053,-1.4420447410210082,0.0,0.0,0.0,0.0,0.0,0.0,0.0,0.0,0.0,0.0,0.0,0.0,0.0,0.0,0.0,0.0,0.0,0.0,0.0,0.0,0.0,0.0,0.0,0.0,0.0,0.0,0.0,0.0,-0.0031119851165204,0.0016228577978321,-0.0308355509302149,SPY
2012-03-27,-0.25737110916131195,0.9362249595343114,0.15537943056375775,-0.43997747565563416,-0.07599195456976174,-0.11607161537520826,0.6410508661261746,1.4495399911738032,-0.7051580691477599,-0.7279648142430675,0.0,0.0,0.0,0.0,0.0,0.0,0.0,0.0,0.0,0.0,0.0,0.0,0.0,0.0,0.0,0.0,0.0,0.0,0.0,0.0,0.0,0.0,0.0,0.0,0.0,0.0,0.0,0.0,-0.004971214821829,0.0006368456857615,-0.0141248263209909,SPY
2012-03-28,-0.3993250831050141,0.5795651206694589,0.14785914997275326,-0.43426037453231614,-0.07319826426186733,-0.11122476404232716,0.3983476556366119,0.9242517569093787,0.2007447107406906,-0.013884887465126573,0.0,0.0,0.0,0.0,0.0,0.0,0.0,0.0,0.0,0.0,0.0,0.0,0.0,0.0,0.0,0.0,0.0,0.0,0.0,0.0,0.0,0.0,0.0,0.0,0.0,0.0,0.0,0.0,-0.0017099926733115,-0.0043517852664436,-0.0022091906440415,SPY
2012-03-29,-0.1503276393930029,-0.4842511818678525,0.02063945259681622,-0.43705522186112417,-0.07290244209618764,-0.10751169394939515,0.2921400632979266,0.7138890245228819,0.7810844664820307,0.7001950393128141,0.0,0.0,0.0,0.0,0.0,0.0,0.0,0.0,0.0,0.0,0.0,0.0,0.0,0.0,0.0,0.0,0.0,0.0,0.0,0.0,0.0,0.0,0.0,0.0,0.0,0.0,0.0,0.0,0.0041276892068458,-0.0031425897056527,0.0011405739601739,SPY
2012-03-30,0.29538497973165995,-0.405375660909785,0.2313841907538469,-0.44213268586208254,-0.07168530937214333,-0.10260338938613675,0.3917299340957981,0.8288983677161309,-0.2279082443700205,1.414274966090755,0.0,0.0,0.0,0.0,0.0,0.0,0.0,0.0,0.0,0.0,0.0,0.0,0.0,0.0,0.0,0.0,0.0,0.0,0.0,0.0,0.0,0.0,0.0,0.0,0.0,0.0,0.0,0.0,0.0072883612026473,-0.0185647838427946,-0.0066982081555675,SPY
2012-04-02,0.5367053226970945,0.10652495516382111,0.26574929757019655,-0.44383930530048044,-0.06932237643465844,-0.09579404072837056,0.5894652515988745,0.509691552642489,0.34353871950882,-1.4420447410210082,0.0,0.0,0.0,0.0,0.0,0.0,0.0,0.0,0.0,0.0,0.0,0.0,0.0,0.0,0.0,0.0,0.0,0.0,0.0,0.0,0.0,0.0,0.0,0.0,0.0,0.0,0.0,0.0,-0.004097997228591,-0.0427805886308148,-0.0077856405807548,SPY
2012-04-03,-0.33265408106381417,0.6127686608052144,0.011887145215609221,-0.5682075154607227,-0.06736540974447183,-0.08729493203119905,0.3391759284995919,0.32397215859677503,0.4784756354974781,-0.7279648142430675,0.0,0.0,0.0,0.0,0.0,0.0,0.0,0.0,0.0,0.0,0.0,0.0,0.0,0.0,0.0,0.0,0.0,0.0,0.0,0.0,0.0,0.0,0.0,0.0,0.0,0.0,0.0,0.0,-0.0099598457740341,-0.030620784053565,-0.0066759000726452,SPY
2012-04-04,-0.7802118482971219,0.14999490908098964,-0.025756518409834988,-0.504378174078796,-0.06820087987842634,-0.08159275467754415,-0.09627212114338998,-0.41834532897412297,0.1477768751094881,-0.013884887465126573,0.0,0.0,0.0,0.0,0.0,0.0,0.0,0.0,0.0,0.0,0.0,0.0,0.0,0.0,0.0,0.0,0.0,0.0,0.0,0.0,0.0,0.0,0.0,0.0,0.0,0.0,0.0,0.0,-0.0005007971125206,-0.0076802380749683,-0.0043710156332563,SPY
2012-04-05,-0.058004396794606,-0.8203821549811227,-0.21621091873351203,-0.5384270696482111,-0.06679266052005464,-0.07758386594559825,-0.1592047467409249,-0.5044352249297687,-0.2006521020127991,0.7001950393128141,0.0,0.0,0.0,0.0,0.0,0.0,0.0,0.0,0.0,0.0,0.0,0.0,0.0,0.0,0.0,0.0,0.0,0.0,0.0,0.0,0.0,0.0,0.0,0.0,0.0,0.0,0.0,0.0,-0.0112945049302961,-0.0191387705223915,-0.0201601411670102,SPY
2012-04-09,-0.8821143569278626,-0.6180051489424353,-0.1700466268444344,-0.46980612498174545,-0.07020566465251904,-0.07608675718346156,-0.5916964223678728,-1.106549564268701,-0.5678841360716715,-1.4420447410210082,0.0,0.0,0.0,0.0,0.0,0.0,0.0,0.0,0.0,0.0,0.0,0.0,0.0,0.0,0.0,0.0,0.0,0.0,0.0,0.0,0.0,0.0,0.0,0.0,0.0,0.0,0.0,0.0,-0.0169274435853727,-0.0085006753452985,-0.0081357766641332,SPY
2012-04-10,-1.3121946341448691,-0.6930925267393313,-0.7588303561291918,-0.34074334465010175,-0.08383421318100644,-0.07737960411864266,-1.192492240884793,-1.4623150981932316,2.94194704583129,-0.7279648142430675,0.0,0.0,0.0,0.0,0.0,0.0,0.0,0.0,0.0,0.0,0.0,0.0,0.0,0.0,0.0,0.0,0.0,0.0,0.0,0.0,0.0,0.0,0.0,0.0,0.0,0.0,0.0,0.0,0.0080618073486586,0.0231299999063629,0.0047715789354292,SPY
2012-04-11,0.5957586789038365,-1.6172489331566824,-1.6833338167868686,-0.45989734646778796,-0.09378705988015164,-0.08031196082052106,-0.869154896093578,-1.0822257212721977,0.3066226805144553,-0.013884887465126573,0.0,0.0,0.0,0.0,0.0,0.0,0.0,0.0,0.0,0.0,0.0,0.0,0.0,0.0,0.0,0.0,0.0,0.0,0.0,0.0,0.0,0.0,0.0,0.0,0.0,0.0,0.0,0.0,0.0129807002045625,0.0116830015667748,-0.0092397288982359,SPY
2012-04-12,0.9713208734541577,-0.5282707277284303,-1.2191005810552227,-0.37695656079050766,-0.09779686155495963,-0.08092206783957395,-0.387614425412455,-0.42966947070632017,0.3009092762987213,0.7001950393128141,0.0,0.0,0.0,0.0,0.0,0.0,0.0,0.0,0.0,0.0,0.0,0.0,0.0,0.0,0.0,0.0,0.0,0.0,0.0,0.0,0.0,0.0,0.0,0.0,0.0,0.0,0.0,0.0,-0.0119593295599438,-0.0077385510693988,-0.0201597972923126,SPY
2012-04-13,-0.9328743560203238,1.1543491991811463,-0.34328355443790753,-0.33944069610370686,-0.10517189570364954,-0.08447361503969705,-0.78677346857954,-0.8459121536919718,0.7897641550236042,1.414274966090755,0.0,0.0,0.0,0.0,0.0,0.0,0.0,0.0,0.0,0.0,0.0,0.0,0.0,0.0,0.0,0.0,0.0,0.0,0.0,0.0,0.0,0.0,0.0,0.0,0.0,0.0,0.0,0.0,-0.0006564097532031,0.0058893656986693,-0.0112193538387037,SPY
2012-04-16,-0.0698855713894836,0.027968232230731613,-0.7807438409918244,-0.34199647590611837,-0.11414609656906703,-0.08836523372617985,-0.7682946489075219,-1.3858015554915533,0.0707109913944466,-1.4420447410210082,0.0,0.0,0.0,0.0,0.0,0.0,0.0,0.0,0.0,0.0,0.0,0.0,0.0,0.0,0.0,0.0,0.0,0.0,0.0,0.0,0.0,0.0,0.0,0.0,0.0,0.0,0.0,0.0,0.0147032316662887,-0.0018992243666842,-0.0216854920547024,SPY
2012-04-17,1.1028378051904124,-0.7392499917272272,-0.37460595327257457,-0.25263817767243846,-0.12073366436900494,-0.09048467726781866,-0.2050252451054097,-0.7690696376410321,0.0671551008316874,-0.7279648142430675,0.0,0.0,0.0,0.0,0.0,0.0,0.0,0.0,0.0,0.0,0.0,0.0,0.0,0.0,0.0,0.0,0.0,0.0,0.0,0.0,0.0,0.0,0.0,0.0,0.0,0.0,0.0,0.0,-0.0033851909909294,-0.0128078200035952,-0.0421466122485654,SPY
2012-04-18,-0.27823064010920223,0.7607747887074107,0.8329801248728326,-0.25171958101589953,-0.12705855768472854,-0.09267600839542156,-0.305879620356247,-0.7277401930545282,-0.724339577983606,-0.013884887465126573,0.0,0.0,0.0,0.0,0.0,0.0,0.0,0.0,0.0,0.0,0.0,0.0,0.0,0.0,0.0,0.0,0.0,0.0,0.0,0.0,0.0,0.0,0.0,0.0,0.0,0.0,0.0,0.0,-0.006440852431611,0.0041761104800377,-0.0425934741116176,SPY
2012-04-19,-0.511533326319938,0.6072546732825148,0.3959601838991059,-0.2395688027902269,-0.13216608614978814,-0.09565753233979815,-0.5100445242273731,-0.8413594060559936,1.6813750601990425,0.7001950393128141,0.0,0.0,0.0,0.0,0.0,0.0,0.0,0.0,0.0,0.0,0.0,0.0,0.0,0.0,0.0,0.0,0.0,0.0,0.0,0.0,0.0,0.0,0.0,0.0,0.0,0.0,0.0,0.0,0.0016685872081243,0.0175613837667691,-0.0510949585792248,SPY
2012-04-20,0.10763017995909686,-0.5823028428663303,-0.34550980979568846,-0.25412117058117584,-0.13655755041468423,-0.09715418692797495,-0.432247892010158,-0.9244060183338357,-0.1092376263924454,1.414274966090755,0.0,0.0,0.0,0.0,0.0,0.0,0.0,0.0,0.0,0.0,0.0,0.0,0.0,0.0,0.0,0.0,0.0,0.0,0.0,0.0,0.0,0.0,0.0,0.0,0.0,0.0,0.0,0.0,-0.0084449998185567,0.0175325684895488,-0.0613593262273726,SPY
2012-04-23,-0.6645519044620115,-0.2979793501201589,0.17477255636653846,-0.237235908047269,-0.13997069382312194,-0.10057877503816286,-0.7040450778822338,-1.3631408631926498,0.876428643266411,-1.4420447410210082,0.0,0.0,0.0,0.0,0.0,0.0,0.0,0.0,0.0,0.0,0.0,0.0,0.0,0.0,0.0,0.0,0.0,0.0,0.0,0.0,0.0,0.0,0.0,0.0,0.0,0.0,0.0,0.0,0.0037946360293776,0.0222664753992098,-0.0358722215937321,SPY
2012-04-24,0.26995604970693193,-0.4107318617244814,-0.12257781179572501,-0.31937792003957244,-0.13660522922261745,-0.10572762876319935,-0.5085006136684783,-1.1434113805128179,-0.2996805377567233,-0.7279648142430675,0.0,0.0,0.0,0.0,0.0,0.0,0.0,0.0,0.0,0.0,0.0,0.0,0.0,0.0,0.0,0.0,0.0,0.0,0.0,0.0,0.0,0.0,0.0,0.0,0.0,0.0,0.0,0.0,0.0135987394927035,0.0246727681472922,-0.0379256314023468,SPY
2012-04-25,1.018508766781405,-0.2911212253255998,-0.5390427819060151,-0.2346179842059914,-0.13137815554779395,-0.10809848670518905,0.02058143272378251,-0.4721834394572339,0.1353457447828255,-0.013884887465126573,0.0,0.0,0.0,0.0,0.0,0.0,0.0,0.0,0.0,0.0,0.0,0.0,0.0,0.0,0.0,0.0,0.0,0.0,0.0,0.0,0.0,0.0,0.0,0.0,0.0,0.0,0.0,0.0,0.0069444208551203,0.0080857719341072,-0.0509949761636887,SPY
2012-04-26,0.5104451467803528,0.9490505248586548,0.10936443169424524,-0.2219207079989283,-0.12810821105179193,-0.10846966328503706,0.2842309011992269,-0.2710477071134977,-0.3303062146821442,0.7001950393128141,0.0,0.0,0.0,0.0,0.0,0.0,0.0,0.0,0.0,0.0,0.0,0.0,0.0,0.0,0.0,0.0,0.0,0.0,0.0,0.0,0.0,0.0,0.0,0.0,0.0,0.0,0.0,0.0,0.001639771930904,-0.0065136102556584,-0.0559754818481268,SPY
2012-04-27,0.10543010586387795,1.126256129810154,0.6203832305224318,-0.2219420755163903,-0.12035121254840483,-0.10827803681054755,0.343601079255824,0.10011553958330051,-0.5018646769753573,1.414274966090755,0.0,0.0,0.0,0.0,0.0,0.0,0.0,0.0,0.0,0.0,0.0,0.0,0.0,0.0,0.0,0.0,0.0,0.0,0.0,0.0,0.0,0.0,0.0,0.0,0.0,0.0,0.0,0.0,-0.0037110929088957,-0.0244433048328369,-0.0608650443900771,SPY
2012-04-30,-0.30311356460158595,0.4534495101121268,0.6192831298343408,-0.2240121176709074,-0.11362063153732793,-0.10940363127373726,0.2171655692230339,0.572380490799029,-1.0409547327499944,-1.4420447410210082,0.0,0.0,0.0,0.0,0.0,0.0,0.0,0.0,0.0,0.0,0.0,0.0,0.0,0.0,0.0,0.0,0.0,0.0,0.0,0.0,0.0,0.0,0.0,0.0,0.0,0.0,0.0,0.0,0.00620092877746,-0.0200023523513603,-0.0451146897494743,SPY
2012-05-01,0.4536788124655613,-0.14602533248329097,0.8000127549169641,-0.2299090745998172,-0.10965857830844043,-0.11072081727495896,0.4649256703124637,0.5343815071761436,-0.2132778633775964,-0.7279648142430675,0.0,0.0,0.0,0.0,0.0,0.0,0.0,0.0,0.0,0.0,0.0,0.0,0.0,0.0,0.0,0.0,0.0,0.0,0.0,0.0,0.0,0.0,0.0,0.0,0.0,0.0,0.0,0.0,-0.0029882567204815,-0.0302233691146307,-0.0659321927232188,SPY
2012-05-02,-0.24792432727241848,0.11058348462282751,0.891879450755964,-0.2326130005149292,-0.10557700308244974,-0.11184626034682836,0.3652419786931185,0.05876673766024171,-0.8412047936078894,-0.013884887465126573,0.0,0.0,0.0,0.0,0.0,0.0,0.0,0.0,0.0,0.0,0.0,0.0,0.0,0.0,0.0,0.0,0.0,0.0,0.0,0.0,0.0,0.0,0.0,0.0,0.0,0.0,0.0,0.0,-0.0076549613346452,-0.0331846128791557,-0.065146862294604,SPY
2012-05-03,-0.6042317073182809,0.15124995269452352,0.25862627023017953,-0.2477863173515492,-0.10192539599635884,-0.11257667688322795,0.08689354091469502,0.23802738671167972,-0.0564846357574501,0.7001950393128141,0.0,0.0,0.0,0.0,0.0,0.0,0.0,0.0,0.0,0.0,0.0,0.0,0.0,0.0,0.0,0.0,0.0,0.0,0.0,0.0,0.0,0.0,0.0,0.0,0.0,0.0,0.0,0.0,-0.0162899226462744,-0.0234690197340246,-0.0829911965434595,SPY
2012-05-04,-1.2635192980533,-0.6282767531902946,-0.29874440053850504,-0.1559659830270414,-0.10419294810531404,-0.11591741749318335,-0.478804533911519,-0.35158180264723327,1.6127238986171035,1.414274966090755,0.0,0.0,0.0,0.0,0.0,0.0,0.0,0.0,0.0,0.0,0.0,0.0,0.0,0.0,0.0,0.0,0.0,0.0,0.0,0.0,0.0,0.0,0.0,0.0,0.0,0.0,0.0,0.0,0.0007298595725808,-0.010197983194085,-0.0671697518382572,SPY
2012-05-07,0.03595742326007628,-1.3766230332213922,-0.9832587014357869,-0.1962192883736688,-0.10345290522521233,-0.11725847674099896,-0.4371073221032895,-0.8717606508738873,-0.6133094104861063,-1.4420447410210082,0.0,0.0,0.0,0.0,0.0,0.0,0.0,0.0,0.0,0.0,0.0,0.0,0.0,0.0,0.0,0.0,0.0,0.0,0.0,0.0,0.0,0.0,0.0,0.0,0.0,0.0,0.0,0.0,-0.0040200879858103,-0.0220503907358677,-0.0603560260403117,SPY
2012-05-08,-0.32670563553925785,-0.904896441255011,-0.8137133993621375,-0.30041960001479245,-0.10526695155490984,-0.11648015067460525,-0.5932514310449079,-0.8894552378835802,2.1448823953165004,-0.7279648142430675,0.0,0.0,0.0,0.0,0.0,0.0,0.0,0.0,0.0,0.0,0.0,0.0,0.0,0.0,0.0,0.0,0.0,0.0,0.0,0.0,0.0,0.0,0.0,0.0,0.0,0.0,0.0,0.0,-0.0059495004850065,-0.0237881912776316,-0.0341162566557713,SPY
2012-05-09,-0.47401813321263697,-0.21460056583761086,-1.2039281971688287,-0.31380849687882045,-0.11350138809217014,-0.11798890492288445,-0.7938920177759027,-0.8717887972914049,2.2199039789574746,-0.013884887465126573,0.0,0.0,0.0,0.0,0.0,0.0,0.0,0.0,0.0,0.0,0.0,0.0,0.0,0.0,0.0,0.0,0.0,0.0,0.0,0.0,0.0,0.0,0.0,0.0,0.0,0.0,0.0,0.0,0.0020606318104858,-0.0216707436466068,-0.0275606498466745,SPY
2012-05-10,0.13756316194055465,-0.5903786285230843,-1.316981640245339,-0.39070576520881956,-0.12338260051610424,-0.12130569076784266,-0.6821970826404379,-0.8561311285688012,0.0728548765589202,0.7001950393128141,0.0,0.0,0.0,0.0,0.0,0.0,0.0,0.0,0.0,0.0,0.0,0.0,0.0,0.0,0.0,0.0,0.0,0.0,0.0,0.0,0.0,0.0,0.0,0.0,0.0,0.0,0.0,0.0,-0.0030188861063349,-0.038673712356311,-0.021701126273526,SPY
2012-05-11,-0.25026291030437553,-0.24827982188819536,-0.9460627480737587,-0.44520193416740605,-0.13479141501954214,-0.12313775864792185,-0.7721393575772678,-0.677327591645448,0.173616162009442,1.414274966090755,0.0,0.0,0.0,0.0,0.0,0.0,0.0,0.0,0.0,0.0,0.0,0.0,0.0,0.0,0.0,0.0,0.0,0.0,0.0,0.0,0.0,0.0,0.0,0.0,0.0,0.0,0.0,0.0,-0.0111225479692018,-0.0442506066899994,-0.0314606755286517,SPY
2012-05-14,-0.8689852777694771,-0.08340465657285469,-0.4394052442208085,-0.39684098202258744,-0.14853911414253843,-0.1266581541726114,-1.1368072575183474,-1.1791090899553984,0.5359387250492936,-1.4420447410210082,0.0,0.0,0.0,0.0,0.0,0.0,0.0,0.0,0.0,0.0,0.0,0.0,0.0,0.0,0.0,0.0,0.0,0.0,0.0,0.0,0.0,0.0,0.0,0.0,0.0,0.0,0.0,0.0,-0.0057578885275741,-0.0160859539057138,-0.0089129774549912,SPY
2012-05-15,-0.4593883762035933,-0.8250849545256447,-0.8919027715763346,-0.5141409436835456,-0.16620109483584075,-0.1335312269305534,-1.2691653923834276,-2.0323083782198412,1.827050600689328,-0.7279648142430675,0.0,0.0,0.0,0.0,0.0,0.0,0.0,0.0,0.0,0.0,0.0,0.0,0.0,0.0,0.0,0.0,0.0,0.0,0.0,0.0,0.0,0.0,0.0,0.0,0.0,0.0,0.0,0.0,-0.0038320528539816,-0.0085868391573766,-0.0095704714465618,SPY
2012-05-16,-0.31234897260089245,-0.9791801095509984,-0.9582479799581064,-0.5134712162424062,-0.18407800156743653,-0.14045216263654467,-1.3313269830244694,-2.555195815798135,1.722530412008206,-0.013884887465126573,0.0,0.0,0.0,0.0,0.0,0.0,0.0,0.0,0.0,0.0,0.0,0.0,0.0,0.0,0.0,0.0,0.0,0.0,0.0,0.0,0.0,0.0,0.0,0.0,0.0,0.0,0.0,0.0,-0.0149423368992183,-0.0042253915720333,0.0048063207848647,SPY
2012-05-17,-1.1606298317983739,-0.5690198386874293,-0.877408723126458,-0.4447247252066632,-0.20410298483620964,-0.14866646932459399,-1.7750220501940448,-2.8035000234213965,2.662013099258978,0.7001950393128141,0.0,0.0,0.0,0.0,0.0,0.0,0.0,0.0,0.0,0.0,0.0,0.0,0.0,0.0,0.0,0.0,0.0,0.0,0.0,0.0,0.0,0.0,0.0,0.0,0.0,0.0,0.0,0.0,-0.0085957804400234,0.0126808604978672,0.0299238774499164,SPY
2012-05-18,-0.67606414974821,-1.085733144479456,-1.5265427721980884,-0.4384903505542563,-0.22143098174735604,-0.15849729758969378,-1.9727806307160327,-2.8342001740306513,3.784042565845791,1.414274966090755,0.0,0.0,0.0,0.0,0.0,0.0,0.0,0.0,0.0,0.0,0.0,0.0,0.0,0.0,0.0,0.0,0.0,0.0,0.0,0.0,0.0,0.0,0.0,0.0,0.0,0.0,0.0,0.0,0.0170421048150837,0.0180268503268443,0.0404561108211503,SPY
2012-05-21,1.2814130167813662,-1.3537385084679767,-1.7394557088669436,-0.29049323888001416,-0.23367524317208593,-0.1642688121678462,-1.3037466559398918,-2.2894533421590353,0.5063379496806601,-1.4420447410210082,0.0,0.0,0.0,0.0,0.0,0.0,0.0,0.0,0.0,0.0,0.0,0.0,0.0,0.0,0.0,0.0,0.0,0.0,0.0,0.0,0.0,0.0,0.0,0.0,0.0,0.0,0.0,0.0,0.001741226220763,0.0130240072434677,0.0330402052355536,SPY
2012-05-22,0.11317623834982096,0.445693089746861,-0.6641943580579334,-0.29815522702358643,-0.24405773303386155,-0.17038765337022538,-1.1736624870842574,-2.169831685886975,0.9343746659483648,-0.7279648142430675,0.0,0.0,0.0,0.0,0.0,0.0,0.0,0.0,0.0,0.0,0.0,0.0,0.0,0.0,0.0,0.0,0.0,0.0,0.0,0.0,0.0,0.0,0.0,0.0,0.0,0.0,0.0,0.0,0.0005293947313615,-0.0033337931735797,0.0296764431548952,SPY
2012-05-23,0.02065174006997818,1.027248853093479,-0.3778954884809633,-0.40144686357647835,-0.252339871591717,-0.1786738010622927,-1.0627101926481055,-2.0358199973909072,1.067137463876944,-0.013884887465126573,0.0,0.0,0.0,0.0,0.0,0.0,0.0,0.0,0.0,0.0,0.0,0.0,0.0,0.0,0.0,0.0,0.0,0.0,0.0,0.0,0.0,0.0,0.0,0.0,0.0,0.0,0.0,0.0,0.0019639151706822,-0.0060661141968081,0.0064526166789988,SPY
2012-05-24,0.13017875358724484,0.09825054315818921,-0.21138549959462632,-0.43371222500263434,-0.2606696889575069,-0.1878100343063697,-0.8896078145666008,-1.6259370700862241,0.2171918196478469,0.7001950393128141,0.0,0.0,0.0,0.0,0.0,0.0,0.0,0.0,0.0,0.0,0.0,0.0,0.0,0.0,0.0,0.0,0.0,0.0,0.0,0.0,0.0,0.0,0.0,0.0,0.0,0.0,0.0,0.0,-0.0032497906110462,-0.0335293249509911,0.0121607367702507,SPY
2012-05-25,-0.2678926910418937,0.11077893232431021,0.4340561316951285,-0.44331646373305933,-0.2690472083438934,-0.19773657682208137,-0.8963012819614457,-1.735802729491233,-0.5087583172417969,1.414274966090755,0.0,0.0,0.0,0.0,0.0,0.0,0.0,0.0,0.0,0.0,0.0,0.0,0.0,0.0,0.0,0.0,0.0,0.0,0.0,0.0,0.0,0.0,0.0,0.0,0.0,0.0,0.0,0.0,0.0120392617317071,-0.030748012281017,-0.0007541062745684,SPY
2012-05-29,0.8994411417223908,-0.10183648805359019,0.6381536680270664,-0.34788870818255185,-0.2700258077522971,-0.2051245663953403,-0.372259282966227,-1.0671056790165918,-0.1236732611609084,-0.7279648142430675,0.0,0.0,0.0,0.0,0.0,0.0,0.0,0.0,0.0,0.0,0.0,0.0,0.0,0.0,0.0,0.0,0.0,0.0,0.0,0.0,0.0,0.0,0.0,0.0,0.0,0.0,0.0,0.0,-0.0146165741962844,-0.0352436886421978,-0.007779926941188,SPY
2012-05-30,-1.1357575365074413,0.4649983851893643,0.4471566813815063,-0.32286456596874796,-0.2737970528988017,-0.21587733286195449,-0.7853946433451932,-1.2692424138085172,0.0867406114225743,-0.013884887465126573,0.0,0.0,0.0,0.0,0.0,0.0,0.0,0.0,0.0,0.0,0.0,0.0,0.0,0.0,0.0,0.0,0.0,0.0,0.0,0.0,0.0,0.0,0.0,0.0,0.0,0.0,0.0,0.0,-0.0022029262918668,0.0015925669528167,0.0158126030176672,SPY
2012-05-31,-0.18796359467307377,-0.17449220639414229,-0.1773463333516371,-0.3224204989715356,-0.2770430883528507,-0.22647443411528909,-0.7453536761105775,-1.4015073352788139,0.8717535440390403,0.7001950393128141,0.0,0.0,0.0,0.0,0.0,0.0,0.0,0.0,0.0,0.0,0.0,0.0,0.0,0.0,0.0,0.0,0.0,0.0,0.0,0.0,0.0,0.0,0.0,0.0,0.0,0.0,0.0,0.0,-0.0254992955835007,0.0044015995687738,0.0151580856788928,SPY
2012-06-01,-1.966663768172374,-0.9757518746495424,-0.28166003523826766,-0.1460505992942471,-0.2834873411770442,-0.23975370044619898,-1.5155529299385562,-1.7674921313052423,2.050312055415362,1.414274966090755,0.0,0.0,0.0,0.0,0.0,0.0,0.0,0.0,0.0,0.0,0.0,0.0,0.0,0.0,0.0,0.0,0.0,0.0,0.0,0.0,0.0,0.0,0.0,0.0,0.0,0.0,0.0,0.0,-0.0004684779410721,0.0378210505359088,0.0652784865003885,SPY
2012-06-04,-0.0555367970092848,-1.5880093251201854,-1.3301419504696745,-0.1994530143529134,-0.2874016227473492,-0.250410671143797,-1.4127188507942396,-1.6037084044247676,0.9005703689322921,-1.4420447410210082,0.0,0.0,0.0,0.0,0.0,0.0,0.0,0.0,0.0,0.0,0.0,0.0,0.0,0.0,0.0,0.0,0.0,0.0,0.0,0.0,0.0,0.0,0.0,0.0,0.0,0.0,0.0,0.0,0.0075435853705263,0.0255110931155204,0.0687547532154582,SPY
2012-06-05,0.5561919330785078,-1.4904299708900992,-1.2239578607369161,-0.1627835662794997,-0.2943232439674294,-0.2600259414603821,-1.032261397372698,-1.2258929258262012,0.0374827040292592,-0.7279648142430675,0.0,0.0,0.0,0.0,0.0,0.0,0.0,0.0,0.0,0.0,0.0,0.0,0.0,0.0,0.0,0.0,0.0,0.0,0.0,0.0,0.0,0.0,0.0,0.0,0.0,0.0,0.0,0.0,0.02221968139873,0.0293926578494527,0.067782716353645,SPY
2012-06-06,1.6767259624318633,0.3685489856861633,-1.3955923940630481,0.03873971933378663,-0.2948721770005413,-0.26551009202246,-0.1552627248946337,-0.49395681682236137,0.4617793438179415,-0.013884887465126573,0.0,0.0,0.0,0.0,0.0,0.0,0.0,0.0,0.0,0.0,0.0,0.0,0.0,0.0,0.0,0.0,0.0,0.0,0.0,0.0,0.0,0.0,0.0,0.0,0.0,0.0,0.0,0.0,0.0006061063240903,0.0007575939315778,0.041040423738166,SPY
2012-06-07,0.026508743862630278,1.6449755428868758,0.010730710759347119,0.034113436753747325,-0.2953972242043625,-0.2699285408565837,-0.08096556259183219,-0.10117789491361669,0.474342824084669,0.7001950393128141,0.0,0.0,0.0,0.0,0.0,0.0,0.0,0.0,0.0,0.0,0.0,0.0,0.0,0.0,0.0,0.0,0.0,0.0,0.0,0.0,0.0,0.0,0.0,0.0,0.0,0.0,0.0,0.0,0.0079201553836343,0.0106962269849324,0.0308854042816735,SPY
2012-06-08,0.5849434153058423,1.2546758115481789,0.11797308396502174,0.05674585475441503,-0.2940367532919104,-0.27342496997079,0.2557323492058701,0.3375275069332626,-0.4495068863379848,1.414274966090755,0.0,0.0,0.0,0.0,0.0,0.0,0.0,0.0,0.0,0.0,0.0,0.0,0.0,0.0,0.0,0.0,0.0,0.0,0.0,0.0,0.0,0.0,0.0,0.0,0.0,0.0,0.0,0.0,-0.0127784353614606,0.0129512913671314,0.0217097778418713,SPY
2012-06-11,-0.9954138707847736,0.4501903313607058,1.3938504848136029,0.09572661235791405,-0.2956835988165707,-0.2784540615163289,-0.1609916122517161,-0.4570953300243736,0.1332349878824134,-1.4420447410210082,0.0,0.0,0.0,0.0,0.0,0.0,0.0,0.0,0.0,0.0,0.0,0.0,0.0,0.0,0.0,0.0,0.0,0.0,0.0,0.0,0.0,0.0,0.0,0.0,0.0,0.0,0.0,0.0,0.0114251501044586,0.0276661796598025,0.025729726728592,SPY
2012-06-12,0.8525531290771279,-0.3028185049896958,0.9238847605553774,0.11135105814915094,-0.2975452775288769,-0.27987899155534873,0.2817004827498802,-0.20151479255721758,0.3971756015328469,-0.7279648142430675,0.0,0.0,0.0,0.0,0.0,0.0,0.0,0.0,0.0,0.0,0.0,0.0,0.0,0.0,0.0,0.0,0.0,0.0,0.0,0.0,0.0,0.0,0.0,0.0,0.0,0.0,0.0,0.0,-0.0064153825191448,0.0258672287848309,0.0144535124132856,SPY
2012-06-13,-0.5095886740371932,-0.10562893674385598,1.0720739312519667,0.11354610463246674,-0.2968053274994233,-0.28139975229984193,0.05992017029306521,-0.3767807882847854,0.1615779829415749,-0.013884887465126573,0.0,0.0,0.0,0.0,0.0,0.0,0.0,0.0,0.0,0.0,0.0,0.0,0.0,0.0,0.0,0.0,0.0,0.0,0.0,0.0,0.0,0.0,0.0,0.0,0.0,0.0,0.0,0.0,0.0105447393774449,0.0306600754440804,0.0160121270789144,SPY
2012-06-14,0.7853329243625552,0.2523538114888123,-0.021146629450838287,0.14290071193576456,-0.2920318524545068,-0.2806334560206344,0.4458634584786309,-0.17839262589590588,1.431779132484696,0.7001950393128141,0.0,0.0,0.0,0.0,0.0,0.0,0.0,0.0,0.0,0.0,0.0,0.0,0.0,0.0,0.0,0.0,0.0,0.0,0.0,0.0,0.0,0.0,0.0,0.0,0.0,0.0,0.0,0.0,0.0101752197658333,-0.0025790956778992,0.0221059975553394,SPY
2012-06-15,0.7571197470619627,0.20282226437766332,0.35828741093994976,0.09461962731073514,-0.2761001435934176,-0.2758737245695927,0.7736076483953404,0.10721092043282131,0.0390198643327648,1.414274966090755,0.0,0.0,0.0,0.0,0.0,0.0,0.0,0.0,0.0,0.0,0.0,0.0,0.0,0.0,0.0,0.0,0.0,0.0,0.0,0.0,0.0,0.0,0.0,0.0,0.0,0.0,0.0,0.0,0.0019364529312104,-0.0050822801817984,0.0095706854558113,SPY
2012-06-18,0.12808198522382813,1.136202757670934,0.4443805572796584,0.06207848703729583,-0.2594013723135539,-0.2694599148486872,0.7700237739631295,-0.09441458734894329,-0.8240988385512251,-1.4420447410210082,0.0,0.0,0.0,0.0,0.0,0.0,0.0,0.0,0.0,0.0,0.0,0.0,0.0,0.0,0.0,0.0,0.0,0.0,0.0,0.0,0.0,0.0,0.0,0.0,0.0,0.0,0.0,0.0,0.009626199229487,-0.0231833667688743,0.0144779996680446,SPY
2012-06-19,0.7152015017324412,0.6519040859541706,1.006160984106339,0.008786236961775624,-0.24189883939615023,-0.264151611127375,1.0731312914652664,0.5071186930244349,-0.6987381819564324,-0.7279648142430675,0.0,0.0,0.0,0.0,0.0,0.0,0.0,0.0,0.0,0.0,0.0,0.0,0.0,0.0,0.0,0.0,0.0,0.0,0.0,0.0,0.0,0.0,0.0,0.0,0.0,0.0,0.0,0.0,-0.0016225358598953,-0.0277961249332738,0.0122312080993367,SPY
2012-06-20,-0.1436502276791975,0.6210164153174611,0.9374811973297636,0.012013793482101324,-0.23184573720943633,-0.25938349492631,0.9535968618875535,0.5231562997542112,0.8517518145050349,-0.013884887465126573,0.0,0.0,0.0,0.0,0.0,0.0,0.0,0.0,0.0,0.0,0.0,0.0,0.0,0.0,0.0,0.0,0.0,0.0,0.0,0.0,0.0,0.0,0.0,0.0,0.0,0.0,0.0,0.0,-0.0226944317445347,-0.0171976333108077,0.0164712778421067,SPY
2012-06-21,-1.7525097197643944,0.4207891627797145,1.1204610058335804,0.17908183648226916,-0.22927702402252115,-0.2583582146807597,0.08513985684520022,0.5835684340512506,0.7975255043879206,0.7001950393128141,0.0,0.0,0.0,0.0,0.0,0.0,0.0,0.0,0.0,0.0,0.0,0.0,0.0,0.0,0.0,0.0,0.0,0.0,0.0,0.0,0.0,0.0,0.0,0.0,0.0,0.0,0.0,0.0,0.0076720352619341,0.0026393548030858,0.0299748459920605,SPY
2012-06-22,0.5659992056742023,-1.397556305569976,-0.1485337271791809,0.19315076833694925,-0.22676734063530105,-0.2564166093580155,0.349400198575689,0.723990428236291,-0.9300558949600838,1.414274966090755,0.0,0.0,0.0,0.0,0.0,0.0,0.0,0.0,0.0,0.0,0.0,0.0,0.0,0.0,0.0,0.0,0.0,0.0,0.0,0.0,0.0,0.0,0.0,0.0,0.0,0.0,0.0,0.0,-0.0161646336558654,0.0195884247791466,0.0121394015799261,SPY
2012-06-25,-1.2539533632851703,-0.8746475389305856,-0.24409952632471824,0.26433214284265916,-0.22535816955778365,-0.256535847490638,-0.2515022142886812,0.1429425870136898,-0.5456055552864973,-1.4420447410210082,0.0,0.0,0.0,0.0,0.0,0.0,0.0,0.0,0.0,0.0,0.0,0.0,0.0,0.0,0.0,0.0,0.0,0.0,0.0,0.0,0.0,0.0,0.0,0.0,0.0,0.0,0.0,0.0,0.0050134410650874,0.0387608472090095,0.0196804108746935,SPY
2012-06-26,0.36301298494607953,-0.5072837713941795,-0.9351571780487138,0.23084699723505367,-0.22596952143925683,-0.257776534293383,-0.051211832115864886,-0.21031960111592277,-0.6580194244519981,-0.7279648142430675,0.0,0.0,0.0,0.0,0.0,0.0,0.0,0.0,0.0,0.0,0.0,0.0,0.0,0.0,0.0,0.0,0.0,0.0,0.0,0.0,0.0,0.0,0.0,0.0,0.0,0.0,0.0,0.0,0.0089759557625708,0.0403189546526352,0.0148908959259035,SPY
2012-06-27,0.6655547884209391,-0.6568551926298166,-1.111261624029133,0.19110316052972434,-0.22169718455620724,-0.2552619361159258,0.2541555405739638,-0.02289670375923099,-1.3850998003952346,-0.013884887465126573,0.0,0.0,0.0,0.0,0.0,0.0,0.0,0.0,0.0,0.0,0.0,0.0,0.0,0.0,0.0,0.0,0.0,0.0,0.0,0.0,0.0,0.0,0.0,0.0,0.0,0.0,0.0,0.0,-0.0028574436306412,0.0268203876733155,0.0222777979148327,SPY
2012-06-28,-0.23793662220635578,0.7575440769078771,-0.7066357084961239,0.19232361267052905,-0.22167798768465913,-0.25285751588287103,0.11898496636729532,-0.27123231216449917,-0.012344832604462204,0.7001950393128141,0.0,0.0,0.0,0.0,0.0,0.0,0.0,0.0,0.0,0.0,0.0,0.0,0.0,0.0,0.0,0.0,0.0,0.0,0.0,0.0,0.0,0.0,0.0,0.0,0.0,0.0,0.0,0.0,0.0246211052379949,0.0201289181715544,0.0433998793046805,SPY
2012-06-29,1.8600769793252885,0.31473132582375,0.05069465160788553,0.12149811694883234,-0.21697558981106313,-0.24250565692222947,0.9253070066336432,0.5563923600679659,0.926669181237428,1.414274966090755,0.0,0.0,0.0,0.0,0.0,0.0,0.0,0.0,0.0,0.0,0.0,0.0,0.0,0.0,0.0,0.0,0.0,0.0,0.0,0.0,0.0,0.0,0.0,0.0,0.0,0.0,0.0,0.0,0.0030077887739974,-0.0057476581226083,0.0187787740666856,SPY
2012-07-02,0.2098795059270041,1.194921031066725,0.6977709715966054,0.11722321788832114,-0.21191339567506604,-0.23158846783675768,0.9096595836629175,0.41846651087361714,-0.920568263518141,-1.4420447410210082,0.0,0.0,0.0,0.0,0.0,0.0,0.0,0.0,0.0,0.0,0.0,0.0,0.0,0.0,0.0,0.0,0.0,0.0,0.0,0.0,0.0,0.0,0.0,0.0,0.0,0.0,0.0,0.0,0.0065715485087132,-0.0175139333713456,0.0087524560266887,SPY
2012-07-03,0.48197598495754557,1.5248966052553836,1.4297297497895904,0.11512580894932364,-0.20781078977722203,-0.22074945489976588,1.031439357270678,0.7248897933576269,-1.935995981658593,-0.7279648142430675,0.0,0.0,0.0,0.0,0.0,0.0,0.0,0.0,0.0,0.0,0.0,0.0,0.0,0.0,0.0,0.0,0.0,0.0,0.0,0.0,0.0,0.0,0.0,0.0,0.0,0.0,0.0,0.0,-0.0045226112167489,-0.0239365460909066,0.001308819844012,SPY
2012-07-05,-0.3650737669364069,0.5094359321394974,1.4892146909806043,0.014733841579456725,-0.20466795781882624,-0.21412922893696867,0.7805169762249988,0.4014518152440769,-0.9199261990948886,0.7001950393128141,0.0,0.0,0.0,0.0,0.0,0.0,0.0,0.0,0.0,0.0,0.0,0.0,0.0,0.0,0.0,0.0,0.0,0.0,0.0,0.0,0.0,0.0,0.0,0.0,0.0,0.0,0.0,0.0,-0.0095489131324022,-0.0242707027276738,-0.0010968042189558,SPY
2012-07-06,-0.7488367463738503,0.08577871118239482,0.9738706008071394,0.054551751259377425,-0.19735053749744383,-0.20916948626141457,0.3615208061415011,-0.08943678609862539,-0.3704709554232126,1.414274966090755,0.0,0.0,0.0,0.0,0.0,0.0,0.0,0.0,0.0,0.0,0.0,0.0,0.0,0.0,0.0,0.0,0.0,0.0,0.0,0.0,0.0,0.0,0.0,0.0,0.0,0.0,0.0,0.0,-0.0012554710561678,0.0019168202585984,0.0280906876436768,SPY
2012-07-09,-0.11562447731860129,-0.8211518619362959,0.7184057601620805,0.043086653306424125,-0.19288806569921293,-0.20567164804338428,0.2736792384277898,-0.16834523503276627,-1.3639790458601238,-1.4420447410210082,0.0,0.0,0.0,0.0,0.0,0.0,0.0,0.0,0.0,0.0,0.0,0.0,0.0,0.0,0.0,0.0,0.0,0.0,0.0,0.0,0.0,0.0,0.0,0.0,0.0,0.0,0.0,0.0,-0.0087584864747398,0.0008121989810714,0.0312818669789711,SPY
2012-07-10,-0.6884869117913657,-0.637343893885463,-0.26950211832233584,0.012893507700255723,-0.18612250320636653,-0.2015704921247242,-0.10039853894138628,-0.6333682943263884,0.013711873981879797,-0.7279648142430675,0.0,0.0,0.0,0.0,0.0,0.0,0.0,0.0,0.0,0.0,0.0,0.0,0.0,0.0,0.0,0.0,0.0,0.0,0.0,0.0,0.0,0.0,0.0,0.0,0.0,0.0,0.0,0.0,0.0001489357891522,0.0164144525992551,0.0450414835284895,SPY
2012-07-11,-0.008396665629877412,-0.5928748136816002,-0.7187113137932967,-0.021767418179441878,-0.18089248152345694,-0.19925336645580038,-0.12148422620154728,-0.591287949406469,-0.545240085256066,-0.013884887465126573,0.0,0.0,0.0,0.0,0.0,0.0,0.0,0.0,0.0,0.0,0.0,0.0,0.0,0.0,0.0,0.0,0.0,0.0,0.0,0.0,0.0,0.0,0.0,0.0,0.0,0.0,0.0,0.0,-0.004856767853516,0.023644924470882,0.0461033100954786,SPY
2012-07-12,-0.3905869471385694,-0.5138634594490771,-0.9639118238599954,-0.028271264512581377,-0.18007683500292723,-0.19670079234802978,-0.3303208116825273,-0.10155643946332359,-0.5035761834419595,0.7001950393128141,0.0,0.0,0.0,0.0,0.0,0.0,0.0,0.0,0.0,0.0,0.0,0.0,0.0,0.0,0.0,0.0,0.0,0.0,0.0,0.0,0.0,0.0,0.0,0.0,0.0,0.0,0.0,0.0,0.01663860985387,0.0311192262072728,0.0518141717427109,SPY
2012-07-13,1.2506057889025293,-0.2943543669632165,-0.9766691519685304,0.02119903232225793,-0.17297547814028183,-0.19312850453708477,0.2471034467340793,0.12935002851431843,-0.8062829426893144,1.414274966090755,0.0,0.0,0.0,0.0,0.0,0.0,0.0,0.0,0.0,0.0,0.0,0.0,0.0,0.0,0.0,0.0,0.0,0.0,0.0,0.0,0.0,0.0,0.0,0.0,0.0,0.0,0.0,0.0,-0.0023600923336948,0.0052897527588218,0.0368097087079926,SPY
2012-07-16,-0.19996337293758007,0.633347945972536,0.02310995257885392,-0.003670328394824478,-0.17458304784068504,-0.19157587009701757,0.1408878164041545,0.617281715435808,-1.43493631267171,-1.4420447410210082,0.0,0.0,0.0,0.0,0.0,0.0,0.0,0.0,0.0,0.0,0.0,0.0,0.0,0.0,0.0,0.0,0.0,0.0,0.0,0.0,0.0,0.0,0.0,0.0,0.0,0.0,0.0,0.0,0.0068437671434438,-0.0025135640576836,0.0386727854441115,SPY
2012-07-17,0.5027601392076649,0.7738098887191195,-0.019061934861163084,0.008223460048580624,-0.17494293695373353,-0.18921678574151948,0.3700316840562397,0.659950723687828,-0.5601647055777916,-0.7279648142430675,0.0,0.0,0.0,0.0,0.0,0.0,0.0,0.0,0.0,0.0,0.0,0.0,0.0,0.0,0.0,0.0,0.0,0.0,0.0,0.0,0.0,0.0,0.0,0.0,0.0,0.0,0.0,0.0,0.0073794076607791,-0.0179809555622254,0.0319710086955931,SPY
2012-07-18,0.5436568072330855,0.22275604728833412,0.5765960492668494,-0.0030348327871965778,-0.17503906058744953,-0.187206786478656,0.6249323903286934,0.6316962384363314,-1.064847226259963,-0.013884887465126573,0.0,0.0,0.0,0.0,0.0,0.0,0.0,0.0,0.0,0.0,0.0,0.0,0.0,0.0,0.0,0.0,0.0,0.0,0.0,0.0,0.0,0.0,0.0,0.0,0.0,0.0,0.0,0.0,0.0026175338828746,-0.0251364371067071,0.0257278286366222,SPY
2012-07-19,0.18008317011778624,0.7706963301738443,0.8526387546826939,-0.003634080565671178,-0.17278381118940084,-0.18449864032149557,0.6924561760782802,0.8046170734470619,-0.7168811238518962,0.7001950393128141,0.0,0.0,0.0,0.0,0.0,0.0,0.0,0.0,0.0,0.0,0.0,0.0,0.0,0.0,0.0,0.0,0.0,0.0,0.0,0.0,0.0,0.0,0.0,0.0,0.0,0.0,0.0,0.0,-0.0091908635945809,-0.0113911132380817,0.0304610985898632,SPY
2012-07-20,-0.7214993202250987,0.5329301769164614,1.1379903208099293,-0.1607351283779844,-0.17043278634756853,-0.17964810901499348,0.2896422628199025,-0.23889699597299927,-0.442310944305017,1.414274966090755,0.0,0.0,0.0,0.0,0.0,0.0,0.0,0.0,0.0,0.0,0.0,0.0,0.0,0.0,0.0,0.0,0.0,0.0,0.0,0.0,0.0,0.0,0.0,0.0,0.0,0.0,0.0,0.0,-0.0101634091502003,0.0160643881157058,0.0409892992611258,SPY
2012-07-23,-0.795754107606814,-0.3993065009728749,0.15188072011344897,-0.1314461077378218,-0.17098466738876653,-0.17768621725538758,-0.11196251861970488,-0.69791220380379,-0.3982370928708025,-1.4420447410210082,0.0,0.0,0.0,0.0,0.0,0.0,0.0,0.0,0.0,0.0,0.0,0.0,0.0,0.0,0.0,0.0,0.0,0.0,0.0,0.0,0.0,0.0,0.0,0.0,0.0,0.0,0.0,0.0,-0.0086236243610979,0.0262277972659061,0.0512228659879259,SPY
2012-07-24,-0.6781900598686296,-1.118357124214327,-0.1460318813721897,-0.2037310432571057,-0.17148840536878854,-0.17454474255883237,-0.4660105326967514,-1.1989338962147607,0.1724198324652207,-0.7279648142430675,0.0,0.0,0.0,0.0,0.0,0.0,0.0,0.0,0.0,0.0,0.0,0.0,0.0,0.0,0.0,0.0,0.0,0.0,0.0,0.0,0.0,0.0,0.0,0.0,0.0,0.0,0.0,0.0,0.0002239261162975,0.0278328923610047,0.0568176851017758,SPY
2012-07-25,-0.002671082117943014,-1.0864444771344173,-0.7365411416867684,-0.210036274100062,-0.17196811824354724,-0.1721615753379901,-0.4846601089753363,-1.0728183967680271,-0.7605186517832377,-0.013884887465126573,0.0,0.0,0.0,0.0,0.0,0.0,0.0,0.0,0.0,0.0,0.0,0.0,0.0,0.0,0.0,0.0,0.0,0.0,0.0,0.0,0.0,0.0,0.0,0.0,0.0,0.0,0.0,0.0,0.0163628577515,0.0267368785707438,0.0570173101127826,SPY
2012-07-26,1.229551851003955,-0.5020572470321774,-1.0097208897254586,-0.1464666000549385,-0.16558628426771593,-0.16855069438596598,0.07993160954949191,-0.17640223180649198,-0.1909656041914768,0.7001950393128141,0.0,0.0,0.0,0.0,0.0,0.0,0.0,0.0,0.0,0.0,0.0,0.0,0.0,0.0,0.0,0.0,0.0,0.0,0.0,0.0,0.0,0.0,0.0,0.0,0.0,0.0,0.0,0.0,0.0182646377592066,0.0034457855395269,0.0324412631630481,SPY
2012-07-27,1.3747545814088173,0.9036720085619184,-0.4849561918083644,-0.05804605878477949,-0.15855681701956373,-0.16146144646874408,0.6849676977835025,0.3446202652481497,1.440476435415247,1.414274966090755,0.0,0.0,0.0,0.0,0.0,0.0,0.0,0.0,0.0,0.0,0.0,0.0,0.0,0.0,0.0,0.0,0.0,0.0,0.0,0.0,0.0,0.0,0.0,0.0,0.0,0.0,0.0,0.0,0.0,0.0048197265105507,0.0202010719556691,SPY
2012-07-30,-0.01976805619675031,1.918635060739157,0.5632313963334571,-0.2483123944809278,-0.15075961418543674,-0.15835618923409348,0.6490079434737176,0.6626215583418978,-1.233135737282383,-1.4420447410210082,0.0,0.0,0.0,0.0,0.0,0.0,0.0,0.0,0.0,0.0,0.0,0.0,0.0,0.0,0.0,0.0,0.0,0.0,0.0,0.0,0.0,0.0,0.0,0.0,0.0,0.0,0.0,0.0,-0.0070185292659994,0.0067554347896772,0.0204136200682114,SPY
2012-07-31,-0.5556395075317104,0.9980673816735652,0.9512468686124714,-0.2275126400661991,-0.14752065859332453,-0.15691179958772877,0.3676209539086549,0.3944378125392376,-0.91996516223073,-0.7279648142430675,0.0,0.0,0.0,0.0,0.0,0.0,0.0,0.0,0.0,0.0,0.0,0.0,0.0,0.0,0.0,0.0,0.0,0.0,0.0,0.0,0.0,0.0,0.0,0.0,0.0,0.0,0.0,0.0,-0.0008720876739634,0.0187750941304551,0.0264421066499132,SPY
2012-08-01,-0.086352787815954,-0.4243532456577431,1.0125256897416135,-0.2423698925670945,-0.14699277944472883,-0.15669519354546158,0.3323782966808961,0.5349397963084843,-0.5638778563476053,-0.013884887465126573,0.0,0.0,0.0,0.0,0.0,0.0,0.0,0.0,0.0,0.0,0.0,0.0,0.0,0.0,0.0,0.0,0.0,0.0,0.0,0.0,0.0,0.0,0.0,0.0,0.0,0.0,0.0,0.0,-0.0069282352797168,0.0208579441605598,0.0280916888956319,SPY
2012-08-02,-0.548745474944217,-0.4734165412112721,0.9706824162722962,-0.2317602630293029,-0.14960777867985273,-0.15687567528971239,0.07521403823356922,-0.1305437015779486,0.6976699376672921,0.7001950393128141,0.0,0.0,0.0,0.0,0.0,0.0,0.0,0.0,0.0,0.0,0.0,0.0,0.0,0.0,0.0,0.0,0.0,0.0,0.0,0.0,0.0,0.0,0.0,0.0,0.0,0.0,0.0,0.0,0.0196385787302304,0.0286402732339929,0.0277861794402767,SPY
2012-08-03,1.4796562943300429,-0.4683366385042932,0.08148231334974702,-0.1377702437975108,-0.14269820483139745,-0.1522297551747498,0.7608418594484114,0.4413469727515366,-0.1406969503604469,1.414274966090755,0.0,0.0,0.0,0.0,0.0,0.0,0.0,0.0,0.0,0.0,0.0,0.0,0.0,0.0,0.0,0.0,0.0,0.0,0.0,0.0,0.0,0.0,0.0,0.0,0.0,0.0,0.0,0.0,0.0019357082791264,0.0106358413229141,0.0129052421246349,SPY
2012-08-06,0.12802513032191504,0.6855850574822356,0.13393620425157896,-0.1403645636827418,-0.13183010607869264,-0.1470542449319299,0.7744549082872291,0.3384863137755918,-1.567939672645319,-1.4420447410210082,0.0,0.0,0.0,0.0,0.0,0.0,0.0,0.0,0.0,0.0,0.0,0.0,0.0,0.0,0.0,0.0,0.0,0.0,0.0,0.0,0.0,0.0,0.0,0.0,0.0,0.0,0.0,0.0,0.0050011300747785,0.0082031174462118,0.0100482451241514,SPY
2012-08-07,0.36207302901027405,1.1842668937027363,0.20783707265309018,-0.1779778078962307,-0.11649969801639123,-0.139615900276588,0.878627306276581,0.2869766095613378,-1.0688225819343748,-0.7279648142430675,0.0,0.0,0.0,0.0,0.0,0.0,0.0,0.0,0.0,0.0,0.0,0.0,0.0,0.0,0.0,0.0,0.0,0.0,0.0,0.0,0.0,0.0,0.0,0.0,0.0,0.0,0.0,0.0,0.0012107623561412,0.0033439777663586,0.0041958403285962,SPY
2012-08-08,0.07267481273167788,0.3607700240953549,0.6667198871516964,-0.1792225367424072,-0.10083340273364334,-0.13199699235859189,0.8366963758911901,0.25430225756585595,-1.4103283691448285,-0.013884887465126573,0.0,0.0,0.0,0.0,0.0,0.0,0.0,0.0,0.0,0.0,0.0,0.0,0.0,0.0,0.0,0.0,0.0,0.0,0.0,0.0,0.0,0.0,0.0,0.0,0.0,0.0,0.0,0.0,0.0008540937937162,0.0032694430120256,0.0230787920412822,SPY
2012-08-09,0.04544282538097428,0.3199848632202955,0.7462382875401632,-0.1980051441177046,-0.09018120495104014,-0.12345124348941565,0.7708138685354432,0.6279376976715086,-1.3469447371022245,0.7001950393128141,0.0,0.0,0.0,0.0,0.0,0.0,0.0,0.0,0.0,0.0,0.0,0.0,0.0,0.0,0.0,0.0,0.0,0.0,0.0,0.0,0.0,0.0,0.0,0.0,0.0,0.0,0.0,0.0,0.0016341468191516,0.009766153054425,0.0261119296465368,SPY
2012-08-10,0.10500062317819865,0.08667429961118102,1.0433496255009433,-0.27798515605245644,-0.08499900135203664,-0.11732480943007105,0.7625937526438629,1.1316197741818077,-1.122944630222675,1.414274966090755,0.0,0.0,0.0,0.0,0.0,0.0,0.0,0.0,0.0,0.0,0.0,0.0,0.0,0.0,0.0,0.0,0.0,0.0,0.0,0.0,0.0,0.0,0.0,0.0,0.0,0.0,0.0,0.0,-0.0004970155975758,0.009469343311955,0.0187798793143842,SPY
2012-08-13,-0.0577156744961138,0.11049373619035041,0.35598202592389444,-0.28292085932002153,-0.07998469493793293,-0.11089744436329535,0.6702438230078789,1.5831268483172503,-1.4780845376508909,-1.4420447410210082,0.0,0.0,0.0,0.0,0.0,0.0,0.0,0.0,0.0,0.0,0.0,0.0,0.0,0.0,0.0,0.0,0.0,0.0,0.0,0.0,0.0,0.0,0.0,0.0,0.0,0.0,0.0,0.0,0.0001419903949253,0.0100365164861306,0.0220606915604371,SPY
2012-08-14,-0.008926953150724911,0.034480874904462014,0.26310625068026233,-0.29222582635230687,-0.07259545464004304,-0.10556541878670865,0.6148720266993329,1.582052616379087,-1.075193739599678,-0.7279648142430675,0.0,0.0,0.0,0.0,0.0,0.0,0.0,0.0,0.0,0.0,0.0,0.0,0.0,0.0,0.0,0.0,0.0,0.0,0.0,0.0,0.0,0.0,0.0,0.0,0.0,0.0,0.0,0.0,0.0011362276018083,0.0068657208439573,0.0252484836583679,SPY
2012-08-15,0.06698401264158538,-0.04946723471757528,0.07759552786234053,-0.30650783423351824,-0.06453420777463864,-0.10125636764941626,0.6088675297145456,1.3115566830397523,-1.6769203511166584,-0.013884887465126573,0.0,0.0,0.0,0.0,0.0,0.0,0.0,0.0,0.0,0.0,0.0,0.0,0.0,0.0,0.0,0.0,0.0,0.0,0.0,0.0,0.0,0.0,0.0,0.0,0.0,0.0,0.0,0.0,0.0073508038361156,0.0061530443694532,0.0392338320453831,SPY
2012-08-16,0.5414728777436958,0.04241835912185372,0.07474996320226293,-0.29273801531644766,-0.05169897518575064,-0.09612901149179935,0.8293278151367413,1.0269031563322808,-0.776068062307896,0.7001950393128141,0.0,0.0,0.0,0.0,0.0,0.0,0.0,0.0,0.0,0.0,0.0,0.0,0.0,0.0,0.0,0.0,0.0,0.0,0.0,0.0,0.0,0.0,0.0,0.0,0.0,0.0,0.0,0.0,0.0013373370766815,-0.0094109486648967,0.0363075877678502,SPY
2012-08-17,0.08233891423038257,0.4479832524403847,0.32277933780554136,-0.34242202758108403,-0.04490938758764034,-0.08925632303489975,0.8018928379743872,1.0697980410345387,-1.1920174040849834,1.414274966090755,0.0,0.0,0.0,0.0,0.0,0.0,0.0,0.0,0.0,0.0,0.0,0.0,0.0,0.0,0.0,0.0,0.0,0.0,0.0,0.0,0.0,0.0,0.0,0.0,0.0,0.0,0.0,0.0,7.015757659978306e-05,-0.0047238391897508,0.0315682844901212,SPY
2012-08-20,-0.01441145783122141,0.459297589173847,0.31144782780731994,-0.40801286025319816,-0.03874364028320754,-0.08071066732961235,0.707587310849402,1.7207798447669498,-1.402997974748625,-1.4420447410210082,0.0,0.0,0.0,0.0,0.0,0.0,0.0,0.0,0.0,0.0,0.0,0.0,0.0,0.0,0.0,0.0,0.0,0.0,0.0,0.0,0.0,0.0,0.0,0.0,0.0,0.0,0.0,0.0,-0.003028805247248,-0.0045814486538082,0.030680254681914,SPY
2012-08-21,-0.25102024624124325,0.04969141090063402,0.33310118877994155,-0.45191506450932023,-0.035288969422290636,-0.07128644121320965,0.4868604319834032,1.4940828689703258,-0.8107074748311333,-0.7279648142430675,0.0,0.0,0.0,0.0,0.0,0.0,0.0,0.0,0.0,0.0,0.0,0.0,0.0,0.0,0.0,0.0,0.0,0.0,0.0,0.0,0.0,0.0,0.0,0.0,0.0,0.0,0.0,0.0,0.0004235511273043,-0.0025426860908579,0.0342549759843953,SPY
2012-08-22,0.012570479228704483,-0.19594596899050218,0.21204753931883868,-0.45238904960097986,-0.03209806404070574,-0.061826032571359046,0.3969274922598408,2.2664271627614236,-0.2241724814208663,-0.013884887465126573,0.0,0.0,0.0,0.0,0.0,0.0,0.0,0.0,0.0,0.0,0.0,0.0,0.0,0.0,0.0,0.0,0.0,0.0,0.0,0.0,0.0,0.0,0.0,0.0,0.0,0.0,0.0,0.0,-0.0082131891982344,-0.0021887426464068,0.0338994208352643,SPY
2012-08-23,-0.6468529409271947,-0.17606419248731356,0.18483919861837586,-0.49591605653000054,-0.03197821706633284,-0.05642183991714195,0.02956281696184461,0.5397680100455549,-0.6607410604228409,0.7001950393128141,0.0,0.0,0.0,0.0,0.0,0.0,0.0,0.0,0.0,0.0,0.0,0.0,0.0,0.0,0.0,0.0,0.0,0.0,0.0,0.0,0.0,0.0,0.0,0.0,0.0,0.0,0.0,0.0,0.0060244465518275,-0.0012092981832445,0.0416940085547219,SPY
2012-08-24,0.4402042250127945,-0.4677355113745628,-0.4093580848444814,-0.6375362145631952,-0.030370925917874537,-0.05301564002957425,0.2168211425881285,0.7879844101820712,-0.8821483194343254,1.414274966090755,0.0,0.0,0.0,0.0,0.0,0.0,0.0,0.0,0.0,0.0,0.0,0.0,0.0,0.0,0.0,0.0,0.0,0.0,0.0,0.0,0.0,0.0,0.0,0.0,0.0,0.0,0.0,0.0,0.0002125481125423,-0.0024761033204834,0.0341605890935845,SPY
2012-08-27,-0.0035398036341630136,-0.15263142748250227,-0.23041507765615643,-0.6377614973470194,-0.028523569418078737,-0.04957323432558735,0.1866644374517595,0.49557866894639313,-1.519856204459213,-1.4420447410210082,0.0,0.0,0.0,0.0,0.0,0.0,0.0,0.0,0.0,0.0,0.0,0.0,0.0,0.0,0.0,0.0,0.0,0.0,0.0,0.0,0.0,0.0,0.0,0.0,0.0,0.0,0.0,0.0,-0.0009900426842976,-0.0036099401543827,0.0232491290190699,SPY
2012-08-28,-0.09535876616048079,0.3213971045987553,-0.22497893607853023,-0.6750379519599188,-0.027060196774579534,-0.04513199527508025,0.10064742880429521,0.2873438822344127,-1.3266533862584458,-0.7279648142430675,0.0,0.0,0.0,0.0,0.0,0.0,0.0,0.0,0.0,0.0,0.0,0.0,0.0,0.0,0.0,0.0,0.0,0.0,0.0,0.0,0.0,0.0,0.0,0.0,0.0,0.0,0.0,0.0,0.0007774945717553,-0.0034711721908617,0.0186019651879494,SPY
2012-08-29,0.03959440120439268,-0.07323518848820919,-0.147143693293648,-0.6778934595810916,-0.025716972870061236,-0.04041389643700165,0.07770576529696081,0.2817933844842509,-1.485438529671809,-0.013884887465126573,0.0,0.0,0.0,0.0,0.0,0.0,0.0,0.0,0.0,0.0,0.0,0.0,0.0,0.0,0.0,0.0,0.0,0.0,0.0,0.0,0.0,0.0,0.0,0.0,0.0,0.0,0.0,0.0,-0.0072337447350721,0.0158450473062101,0.027201904670008,SPY
2012-08-30,-0.5720714153276095,-0.04145153195019639,-0.1336309505978521,-0.6747157596315068,-0.029315655086586637,-0.03578004104568325,-0.2415959391397217,-0.5458179524978765,-0.7898675182844224,0.7001950393128141,0.0,0.0,0.0,0.0,0.0,0.0,0.0,0.0,0.0,0.0,0.0,0.0,0.0,0.0,0.0,0.0,0.0,0.0,0.0,0.0,0.0,0.0,0.0,0.0,0.0,0.0,0.0,0.0,0.0047576414145886,0.0269660234402531,0.0297929865130432,SPY
2012-08-31,0.34348243591384603,-0.3927196535062592,-0.09623802462896142,-0.9185244402028069,-0.03176280356213454,-0.03360149666186675,-0.08910397056757759,-0.13418634806996568,0.4226256998563143,1.414274966090755,0.0,0.0,0.0,0.0,0.0,0.0,0.0,0.0,0.0,0.0,0.0,0.0,0.0,0.0,0.0,0.0,0.0,0.0,0.0,0.0,0.0,0.0,0.0,0.0,0.0,0.0,0.0,0.0,-0.0009212887213569,0.0165104785126635,0.027671208979588,SPY
2012-09-04,-0.0901093350461095,-0.16879822137675157,-0.1446017170029466,-0.9181772091889863,-0.03454574640748234,-0.031904388320704045,-0.1418077344480895,-0.2156908827107805,-0.2622542722242363,-0.7279648142430675,0.0,0.0,0.0,0.0,0.0,0.0,0.0,0.0,0.0,0.0,0.0,0.0,0.0,0.0,0.0,0.0,0.0,0.0,0.0,0.0,0.0,0.0,0.0,0.0,0.0,0.0,0.0,0.0,-0.0008512747207767,0.0202155638824974,0.0296309012291473,SPY
2012-09-05,-0.0847636988475923,0.18633796999034322,-0.18788898686397631,-0.9368715322038217,-0.03658493234679354,-0.031194258221165744,-0.1810881455197151,-0.3609806995545783,-0.666378710962507,-0.013884887465126573,0.0,0.0,0.0,0.0,0.0,0.0,0.0,0.0,0.0,0.0,0.0,0.0,0.0,0.0,0.0,0.0,0.0,0.0,0.0,0.0,0.0,0.0,0.0,0.0,0.0,0.0,0.0,0.0,0.0200937140688273,0.0243966210961303,0.0345569205624487,SPY
2012-09-06,1.514406314626926,-0.12921735581046007,-0.1825911467291297,-0.6601437360920723,-0.03190655957846054,-0.027246345254665846,0.5267091669130978,0.37140701027324863,0.6103959965630161,0.7001950393128141,0.0,0.0,0.0,0.0,0.0,0.0,0.0,0.0,0.0,0.0,0.0,0.0,0.0,0.0,0.0,0.0,0.0,0.0,0.0,0.0,0.0,0.0,0.0,0.0,0.0,0.0,0.0,0.0,0.0038872313989708,0.0194244830161265,0.0216058855691967,SPY
2012-09-07,0.27702579512085806,1.0530780988049395,0.5548574711545363,-0.656000360224895,-0.023101718295654036,-0.022768946969684345,0.6239230826499749,0.4802636170873803,-0.4971979418836154,1.414274966090755,0.0,0.0,0.0,0.0,0.0,0.0,0.0,0.0,0.0,0.0,0.0,0.0,0.0,0.0,0.0,0.0,0.0,0.0,0.0,0.0,0.0,0.0,0.0,0.0,0.0,0.0,0.0,0.0,-0.0056979035130009,0.0199618111757384,0.0177869480646304,SPY
2012-09-10,-0.4548084627203784,1.3196645134240037,0.979430637803967,-0.6288701109216598,-0.018303428914962935,-0.019555351777443046,0.3735085996668897,0.11803668286176941,-0.9524272532731082,-1.4420447410210082,0.0,0.0,0.0,0.0,0.0,0.0,0.0,0.0,0.0,0.0,0.0,0.0,0.0,0.0,0.0,0.0,0.0,0.0,0.0,0.0,0.0,0.0,0.0,0.0,0.0,0.0,0.0,0.0,0.0027837966484769,0.022257748487692,0.0200576902390574,SPY
2012-09-11,0.19277749198061342,-0.13136133409179868,0.5802620967113183,-0.6284073682900971,-0.012617510548599236,-0.015776007222868343,0.436575763508658,0.40862238680974783,-0.8695450575339877,-0.7279648142430675,0.0,0.0,0.0,0.0,0.0,0.0,0.0,0.0,0.0,0.0,0.0,0.0,0.0,0.0,0.0,0.0,0.0,0.0,0.0,0.0,0.0,0.0,0.0,0.0,0.0,0.0,0.0,0.0,0.0033297824928562,0.0186560796076076,0.007337183923787,SPY
2012-09-12,0.2344640356633828,-0.19344012147045037,0.7217136931553947,-0.6263782267307019,-0.005444008732176536,-0.011443001320578643,0.5142814031880375,0.5146590033367109,-0.8717998775232655,-0.013884887465126573,0.0,0.0,0.0,0.0,0.0,0.0,0.0,0.0,0.0,0.0,0.0,0.0,0.0,0.0,0.0,0.0,0.0,0.0,0.0,0.0,0.0,0.0,0.0,0.0,0.0,0.0,0.0,0.0,0.0151215759888234,0.0158722131699846,-0.0023933375314495,SPY
2012-09-13,1.1347787960701432,0.3144537977920855,0.8813367945574845,-0.5277927982099139,0.0067437298603632645,-0.004654696056274242,1.0132177366568569,1.4347370144081446,2.180019891280629,0.7001950393128141,0.0,0.0,0.0,0.0,0.0,0.0,0.0,0.0,0.0,0.0,0.0,0.0,0.0,0.0,0.0,0.0,0.0,0.0,0.0,0.0,0.0,0.0,0.0,0.0,0.0,0.0,0.0,0.0,0.0044245595585827,0.0008186331593345,-0.0169567566428874,SPY
2012-09-14,0.31805131625521643,1.0085722130869328,0.6915120539770933,-0.5398299803853764,0.022937997142355664,0.0016643426983951588,1.112042461006437,1.4085478380501935,0.9895785249944252,1.414274966090755,0.0,0.0,0.0,0.0,0.0,0.0,0.0,0.0,0.0,0.0,0.0,0.0,0.0,0.0,0.0,0.0,0.0,0.0,0.0,0.0,0.0,0.0,0.0,0.0,0.0,0.0,0.0,0.0,-0.0034019662010473,-0.004024527878025,-0.0246651601947984,SPY
2012-09-17,-0.27951144351567603,1.0701639226645454,0.7120260012697215,-0.5265349605897559,0.036325157197764864,0.00715280209034656,0.9209135117354932,1.1768102426583111,-0.1194361303987347,-1.4420447410210082,0.0,0.0,0.0,0.0,0.0,0.0,0.0,0.0,0.0,0.0,0.0,0.0,0.0,0.0,0.0,0.0,0.0,0.0,0.0,0.0,0.0,0.0,0.0,0.0,0.0,0.0,0.0,0.0,-0.0008178722316074,-0.0021315345862875,-0.0129695740188697,SPY
2012-09-18,-0.082213386713672,0.028037021558915215,0.7996795816043408,-0.5247881249168609,0.04973636557110036,0.012484862603391761,0.8307377843403368,1.1855484199404134,-0.5992614198863092,-0.7279648142430675,0.0,0.0,0.0,0.0,0.0,0.0,0.0,0.0,0.0,0.0,0.0,0.0,0.0,0.0,0.0,0.0,0.0,0.0,0.0,0.0,0.0,0.0,0.0,0.0,0.0,0.0,0.0,0.0,0.0005459160552332,-0.0120125743166523,-0.0020695325553754,SPY
2012-09-19,0.021913159017675883,-0.2669000450004186,0.6621761877287695,-0.5352770278593424,0.06362756537113846,0.018430861500430263,0.785897382933608,1.181081988742953,0.1081909346928919,-0.013884887465126573,0.0,0.0,0.0,0.0,0.0,0.0,0.0,0.0,0.0,0.0,0.0,0.0,0.0,0.0,0.0,0.0,0.0,0.0,0.0,0.0,0.0,0.0,0.0,0.0,0.0,0.0,0.0,0.0,6.799597817330749e-05,-0.0181956968873038,0.001909580479614,SPY
2012-09-20,-0.01457649794747631,-0.044793805303058584,0.5558946010492943,-0.5347430441811166,0.07068105772455466,0.024316583361190962,0.7237499643609393,1.6747281613783909,0.7023175599530677,0.7001950393128141,0.0,0.0,0.0,0.0,0.0,0.0,0.0,0.0,0.0,0.0,0.0,0.0,0.0,0.0,0.0,0.0,0.0,0.0,0.0,0.0,0.0,0.0,0.0,0.0,0.0,0.0,0.0,0.0,-0.0004186014787768,-0.0088862588116631,-0.0007609479823109,SPY
2012-09-21,-0.0517286812025852,0.005044777554575214,-0.018816292805373686,-0.5860442268704619,0.07624383291852876,0.031524626882561364,0.6289318823580335,1.5581512469324768,-0.3541177468112795,1.414274966090755,0.0,0.0,0.0,0.0,0.0,0.0,0.0,0.0,0.0,0.0,0.0,0.0,0.0,0.0,0.0,0.0,0.0,0.0,0.0,0.0,0.0,0.0,0.0,0.0,0.0,0.0,0.0,0.0,-0.0015089729093098,-0.0131103202249232,-0.0171474926690091,SPY
2012-09-24,-0.1349795873154194,-0.049218584089588485,-0.20371698798178803,-0.5890261413271654,0.08324349510855646,0.03744350344237297,0.507393643032186,1.5079036194521866,-0.6352486368724537,-1.4420447410210082,0.0,0.0,0.0,0.0,0.0,0.0,0.0,0.0,0.0,0.0,0.0,0.0,0.0,0.0,0.0,0.0,0.0,0.0,0.0,0.0,0.0,0.0,0.0,0.0,0.0,0.0,0.0,0.0,-0.0106989119619722,-0.0089654834344798,-0.015498857068696,SPY
2012-09-25,-0.8366402616801913,-0.13793820817700608,-0.1314468790784133,-0.512597001491253,0.08554486806617756,0.04145062206042477,0.06291943909735861,0.8301706457937458,0.2922389942433178,-0.7279648142430675,0.0,0.0,0.0,0.0,0.0,0.0,0.0,0.0,0.0,0.0,0.0,0.0,0.0,0.0,0.0,0.0,0.0,0.0,0.0,0.0,0.0,0.0,0.0,0.0,0.0,0.0,0.0,0.0,-0.0056372065154182,0.0027718320556946,-0.0187734289726124,SPY
2012-09-26,-0.4501741886504697,-0.7163042677805864,-0.508682139503764,-0.49247028139914156,0.08474092072734106,0.04464614345817257,-0.180696781774971,-0.2355510405304433,0.612812924351905,-0.013884887465126573,0.0,0.0,0.0,0.0,0.0,0.0,0.0,0.0,0.0,0.0,0.0,0.0,0.0,0.0,0.0,0.0,0.0,0.0,0.0,0.0,0.0,0.0,0.0,0.0,0.0,0.0,0.0,0.0,0.0093774340538139,0.0124837831836375,-0.0159685761584693,SPY
2012-09-27,0.6962080416103428,-0.9485570005935522,-0.7447394691806953,-0.45982024758097856,0.08191503445712746,0.04934286118369267,0.11775227370506092,0.022836382223129607,-0.25709369128916,0.7001950393128141,0.0,0.0,0.0,0.0,0.0,0.0,0.0,0.0,0.0,0.0,0.0,0.0,0.0,0.0,0.0,0.0,0.0,0.0,0.0,0.0,0.0,0.0,0.0,0.0,0.0,0.0,0.0,0.0,-0.0046426628920368,0.0102490282053988,-0.0224430201007406,SPY
2012-09-28,-0.37423982766416813,0.18093000812750823,-0.38932663888046354,-0.4780997934640335,0.07591372565094136,0.05445653389509116,-0.10967317997627159,0.07858373340526541,0.6968328809478772,1.414274966090755,0.0,0.0,0.0,0.0,0.0,0.0,0.0,0.0,0.0,0.0,0.0,0.0,0.0,0.0,0.0,0.0,0.0,0.0,0.0,0.0,0.0,0.0,0.0,0.0,0.0,0.0,0.0,0.0,0.0026358638811334,0.0149599849918402,-0.0183660648523247,SPY
2012-10-01,0.18148268309231994,0.23688262526871454,-0.5505915412355337,-0.48275087597142774,0.07202862239688376,0.05922359035691647,-0.06255738132536369,0.07325229860843371,0.3384052864512244,-1.4420447410210082,0.0,0.0,0.0,0.0,0.0,0.0,0.0,0.0,0.0,0.0,0.0,0.0,0.0,0.0,0.0,0.0,0.0,0.0,0.0,0.0,0.0,0.0,0.0,0.0,0.0,0.0,0.0,0.0,0.0010384035282022,0.0088969597721328,-0.0210019287334581,SPY
2012-10-02,0.05951505065367317,-0.14239535302656817,-0.3923512518802995,-0.48537257371173786,0.06879305585343747,0.06432857553565177,-0.07827623968661379,-0.02786475136821299,-0.2254453562527691,-0.7279648142430675,0.0,0.0,0.0,0.0,0.0,0.0,0.0,0.0,0.0,0.0,0.0,0.0,0.0,0.0,0.0,0.0,0.0,0.0,0.0,0.0,0.0,0.0,0.0,0.0,0.0,0.0,0.0,0.0,0.0040747446125246,-0.0020781534228628,-0.0116244103152673,SPY
2012-10-03,0.29134260909758924,0.17721911826696024,0.05575232693882673,-0.48533876372448104,0.06678845678064037,0.07029192620704437,0.009838524026777812,-0.6546290674998024,-0.010215092597663303,-0.013884887465126573,0.0,0.0,0.0,0.0,0.0,0.0,0.0,0.0,0.0,0.0,0.0,0.0,0.0,0.0,0.0,0.0,0.0,0.0,0.0,0.0,0.0,0.0,0.0,0.0,0.0,0.0,0.0,0.0,0.0071426790755753,-0.0125536369977679,-0.024630461883377,SPY
2012-10-04,0.5255823523554555,0.2581699592181731,0.4265321753113782,-0.6550515843423245,0.06726844820734436,0.07407137557099377,0.2362318685035518,-0.4756407046296921,0.0739205103417601,0.7001950393128141,0.0,0.0,0.0,0.0,0.0,0.0,0.0,0.0,0.0,0.0,0.0,0.0,0.0,0.0,0.0,0.0,0.0,0.0,0.0,0.0,0.0,0.0,0.0,0.0,0.0,0.0,0.0,0.0,6.829389440454747e-05,-0.0191381591959576,-0.0297265589569812,SPY
2012-10-05,-0.014553751757048011,0.601594002766243,0.34121439507696955,-0.6595873623495413,0.06791981871826176,0.07718893043901068,0.2055078085806245,-0.2609058278239071,0.0956461592386656,1.414274966090755,0.0,0.0,0.0,0.0,0.0,0.0,0.0,0.0,0.0,0.0,0.0,0.0,0.0,0.0,0.0,0.0,0.0,0.0,0.0,0.0,0.0,0.0,0.0,0.0,0.0,0.0,0.0,0.0,-0.0034271613385739,-0.0224902970836904,-0.0220003580947256,SPY
2012-10-08,-0.28143511646783836,0.3761927253804273,0.5210678374960482,-0.6747465396798672,0.06789574718767426,0.08068849218899027,0.04032849338582641,-0.4244875017580741,-1.0517248347502142,-1.4420447410210082,0.0,0.0,0.0,0.0,0.0,0.0,0.0,0.0,0.0,0.0,0.0,0.0,0.0,0.0,0.0,0.0,0.0,0.0,0.0,0.0,0.0,0.0,0.0,0.0,0.0,0.0,0.0,0.0,-0.0099367096667934,-0.0107695157702352,-0.0414974466343558,SPY
2012-10-09,-0.7784453842851562,-0.21846216962133036,0.28959554711620283,-0.6111152563132808,0.06813692674679236,0.08196405722273427,-0.3414004300709333,-0.9495810145616943,0.6973954953204599,-0.7279648142430675,0.0,0.0,0.0,0.0,0.0,0.0,0.0,0.0,0.0,0.0,0.0,0.0,0.0,0.0,0.0,0.0,0.0,0.0,0.0,0.0,0.0,0.0,0.0,0.0,0.0,0.0,0.0,0.0,-0.0064007389623803,0.0092493631284451,-0.0436580155158345,SPY
2012-10-10,-0.5084706244118803,-0.781339574488509,-0.1294089096302749,-0.5931155219089262,0.06811278557821886,0.08154861615005497,-0.5723148717370719,-1.1907480175567777,0.0855994095946817,-0.013884887465126573,0.0,0.0,0.0,0.0,0.0,0.0,0.0,0.0,0.0,0.0,0.0,0.0,0.0,0.0,0.0,0.0,0.0,0.0,0.0,0.0,0.0,0.0,0.0,0.0,0.0,0.0,0.0,0.0,0.0005581568773855,0.0201751311810483,-0.0363883947784158,SPY
2012-10-11,0.022847757547322784,-0.9486318343883968,-0.5293386621963961,-0.7398909273810925,0.06502543188221846,0.07858202171891417,-0.520869122000879,-1.1439120072655105,0.0650730352241842,0.7001950393128141,0.0,0.0,0.0,0.0,0.0,0.0,0.0,0.0,0.0,0.0,0.0,0.0,0.0,0.0,0.0,0.0,0.0,0.0,0.0,0.0,0.0,0.0,0.0,0.0,0.0,0.0,0.0,0.0,-0.0032838439933282,0.0170144418199109,-0.0361505305492899,SPY
2012-10-12,-0.27049269949020527,-0.3581949386210651,-0.7807205019614398,-0.7567701501247704,0.06242036766646986,0.07426431798541717,-0.5961121047037062,-1.2018014681517486,0.0820973831805746,1.414274966090755,0.0,0.0,0.0,0.0,0.0,0.0,0.0,0.0,0.0,0.0,0.0,0.0,0.0,0.0,0.0,0.0,0.0,0.0,0.0,0.0,0.0,0.0,0.0,0.0,0.0,0.0,0.0,0.0,0.0082936199748813,0.0034931396477642,-0.0363441183613408,SPY
2012-10-15,0.6134577955910758,-0.18283970354371568,-0.9086973792504336,-0.7043264790853647,0.06176902036821526,0.07198844062841407,-0.267180228147675,-0.34656464663672437,-0.3190676778830928,-1.4420447410210082,0.0,0.0,0.0,0.0,0.0,0.0,0.0,0.0,0.0,0.0,0.0,0.0,0.0,0.0,0.0,0.0,0.0,0.0,0.0,0.0,0.0,0.0,0.0,0.0,0.0,0.0,0.0,0.0,0.0100821692318868,-0.0046608176361138,-0.0582284770083125,SPY
2012-10-16,0.7500152494124392,0.2523542838577983,-0.461225037085626,-0.6378236644257657,0.06427735742103366,0.07162359919302737,0.11107853018949501,0.3425363496501098,-0.2763094695696528,-0.7279648142430675,0.0,0.0,0.0,0.0,0.0,0.0,0.0,0.0,0.0,0.0,0.0,0.0,0.0,0.0,0.0,0.0,0.0,0.0,0.0,0.0,0.0,0.0,0.0,0.0,0.0,0.0,0.0,0.0,0.0045250290902227,-0.0287164707338893,-0.070004234148735,SPY
2012-10-17,0.32572226150519745,1.0043207166142232,0.30304949280622084,-0.6261276972311351,0.06695468265386956,0.07196109702694888,0.2767384020207142,0.16737430293934114,0.2546649548346058,-0.013884887465126573,0.0,0.0,0.0,0.0,0.0,0.0,0.0,0.0,0.0,0.0,0.0,0.0,0.0,0.0,0.0,0.0,0.0,0.0,0.0,0.0,0.0,0.0,0.0,0.0,0.0,0.0,0.0,0.0,-0.0026025324837517,-0.0360738535253872,-0.0696042845259912,SPY
2012-10-18,-0.21847391127817317,0.7923013360925174,0.7201700660597582,-0.622161406155461,0.06620695638261606,0.07182677798977158,0.1807325607756079,0.2805161118732663,0.7404725217375621,0.7001950393128141,0.0,0.0,0.0,0.0,0.0,0.0,0.0,0.0,0.0,0.0,0.0,0.0,0.0,0.0,0.0,0.0,0.0,0.0,0.0,0.0,0.0,0.0,0.0,0.0,0.0,0.0,0.0,0.0,-0.016805146165475,-0.0305683309300928,-0.0469649036869199,SPY
2012-10-19,-1.302857108658927,0.07866520997424802,0.5995022510515615,-0.48166813914472045,0.05957400782829156,0.06882589924742427,-0.4108842231115416,-0.6037992374312486,1.6574943907709008,1.414274966090755,0.0,0.0,0.0,0.0,0.0,0.0,0.0,0.0,0.0,0.0,0.0,0.0,0.0,0.0,0.0,0.0,0.0,0.0,0.0,0.0,0.0,0.0,0.0,0.0,0.0,0.0,0.0,0.0,0.0001396626910032,-0.0143288924082387,-0.0297282108744108,SPY
2012-10-22,-0.009104675581128811,-1.1213617185370572,0.08329018376020723,-0.48145761184720964,0.054195309044693364,0.06611540070206337,-0.3772159137107719,-0.6429722864035596,0.2145216037400836,-1.4420447410210082,0.0,0.0,0.0,0.0,0.0,0.0,0.0,0.0,0.0,0.0,0.0,0.0,0.0,0.0,0.0,0.0,0.0,0.0,0.0,0.0,0.0,0.0,0.0,0.0,0.0,0.0,0.0,0.0,-0.0139734838658887,-0.014468555099242,-0.0280014364257379,SPY
2012-10-23,-1.0866569720404566,-0.967086940505838,-0.22800906039001734,-0.44564597837150666,0.04749007626061896,0.06287247053022657,-0.8546356325229575,-1.2465319173597986,1.9475672431836484,-0.7279648142430675,0.0,0.0,0.0,0.0,0.0,0.0,0.0,0.0,0.0,0.0,0.0,0.0,0.0,0.0,0.0,0.0,0.0,0.0,0.0,0.0,0.0,0.0,0.0,0.0,0.0,0.0,0.0,0.0,-0.0028323537012751,0.0099208507130397,-0.0004950712333533,SPY
2012-10-24,-0.23602098199830868,-0.8077787786544198,-1.1463982996473525,-0.45451554331617544,0.04203918609792026,0.060125719586500766,-0.92894257960716,-1.669808400467896,0.022770019482411797,-0.013884887465126573,0.0,0.0,0.0,0.0,0.0,0.0,0.0,0.0,0.0,0.0,0.0,0.0,0.0,0.0,0.0,0.0,0.0,0.0,0.0,0.0,0.0,0.0,0.0,0.0,0.0,0.0,0.0,0.0,0.0029029901115427,0.0038218974587298,0.0002125634418614,SPY
2012-10-25,0.2018780273808337,-0.9749832043076228,-1.427286170674791,-0.49892668779480953,0.03738418848031206,0.056241484138233065,-0.782926919101329,-1.5260250106787436,0.4072983469488783,0.7001950393128141,0.0,0.0,0.0,0.0,0.0,0.0,0.0,0.0,0.0,0.0,0.0,0.0,0.0,0.0,0.0,0.0,0.0,0.0,0.0,0.0,0.0,0.0,0.0,0.0,0.0,0.0,0.0,0.0,-0.0005657076436209,0.0029654893491581,-0.0078079591769535,SPY
2012-10-26,-0.0629603781960297,-0.025519686616729587,-1.2170980420276392,-0.5053387433978128,0.03366988399391426,0.053071140281527665,-0.7703984688300994,-1.4582996979843545,0.7772172493859141,1.414274966090755,0.0,0.0,0.0,0.0,0.0,0.0,0.0,0.0,0.0,0.0,0.0,0.0,0.0,0.0,0.0,0.0,0.0,0.0,0.0,0.0,0.0,0.0,0.0,0.0,0.0,0.0,0.0,0.0,0.0,0.0113256917494393,0.0007779951442907,SPY
2012-10-31,-0.01976805619675031,0.10200089274945821,-0.5971138109019001,-0.5114053737306967,0.027085357052710465,0.04944099769542257,-0.7323882947123963,-1.1849253497410015,-0.3983788642271828,-0.013884887465126573,0.0,0.0,0.0,0.0,0.0,0.0,0.0,0.0,0.0,0.0,0.0,0.0,0.0,0.0,0.0,0.0,0.0,0.0,0.0,0.0,0.0,0.0,0.0,0.0,0.0,0.0,0.0,0.0,0.010415921946393,-0.0115985581287647,0.0054326884360893,SPY
2012-11-01,0.7754975897619816,-0.061320142605026384,-0.6024458096641788,-0.45182233203546146,0.020549066023329666,0.04742022635787597,-0.3290150381982826,-0.466703859009178,-0.477616130923165,0.7001950393128141,0.0,0.0,0.0,0.0,0.0,0.0,0.0,0.0,0.0,0.0,0.0,0.0,0.0,0.0,0.0,0.0,0.0,0.0,0.0,0.0,0.0,0.0,0.0,0.0,0.0,0.0,0.0,0.0,-0.0089313069555849,-0.03411175862343,-0.0047722474033893,SPY
2012-11-02,-0.7016819215122067,0.5565018428675533,0.32868533688328755,-0.43337093975144636,0.009357614887707064,0.043148801786313466,-0.6120192930424957,-0.7973645474122162,0.5573826143760289,1.414274966090755,0.0,0.0,0.0,0.0,0.0,0.0,0.0,0.0,0.0,0.0,0.0,0.0,0.0,0.0,0.0,0.0,0.0,0.0,0.0,0.0,0.0,0.0,0.0,0.0,0.0,0.0,0.0,0.0,0.002046582001971,-0.0243115698928066,-0.000777445377988,SPY
2012-11-05,0.13649044556445045,0.054030169521156815,0.09584139717708694,-0.4617986110826682,-0.00021781713851223532,0.03796980954313647,-0.4822815800022241,-0.6082207166239628,-0.5703874131898372,-1.4420447410210082,0.0,0.0,0.0,0.0,0.0,0.0,0.0,0.0,0.0,0.0,0.0,0.0,0.0,0.0,0.0,0.0,0.0,0.0,0.0,0.0,0.0,0.0,0.0,0.0,0.0,0.0,0.0,0.0,0.0077944947566601,-0.0255621307882663,-0.0042387307788001,SPY
2012-11-06,0.5753491057289716,-0.4168254698148958,0.06314571483387513,-0.42415588011699396,-0.0012549124553840353,0.03412184978420597,-0.1537625695942321,-0.630786617339771,-0.331494754333829,-0.7279648142430675,0.0,0.0,0.0,0.0,0.0,0.0,0.0,0.0,0.0,0.0,0.0,0.0,0.0,0.0,0.0,0.0,0.0,0.0,0.0,0.0,0.0,0.0,0.0,0.0,0.0,0.0,0.0,0.0,-0.022924249878204,-0.0368340573503056,-0.0102648527175102,SPY
2012-11-07,-1.7700565550293073,0.5241612879133679,0.3823189208667473,-0.2354256547001489,-0.010154948865422436,0.026958396829278863,-0.91860738596671,-1.655343890911762,3.523657758933359,-0.013884887465126573,0.0,0.0,0.0,0.0,0.0,0.0,0.0,0.0,0.0,0.0,0.0,0.0,0.0,0.0,0.0,0.0,0.0,0.0,0.0,0.0,0.0,0.0,0.0,0.0,0.0,0.0,0.0,0.0,-0.0120972785482722,-0.0275005461441919,0.0160455360345226,SPY
2012-11-08,-0.9434068937905714,-0.8806874920109461,-0.4928759583001666,-0.2207584883966435,-0.018307398280180336,0.019504493804448363,-1.2775558546229269,-2.0569312361111916,1.4245336085839322,0.7001950393128141,0.0,0.0,0.0,0.0,0.0,0.0,0.0,0.0,0.0,0.0,0.0,0.0,0.0,0.0,0.0,0.0,0.0,0.0,0.0,0.0,0.0,0.0,0.0,0.0,0.0,0.0,0.0,0.0,0.0008688817750384,-0.0170968555044552,0.0311667133032127,SPY
2012-11-09,0.04657190195999928,-1.999790515573066,-1.3523779219968197,-0.2249862024166774,-0.025205690774859336,0.013309071885190461,-1.1816242865575202,-1.9805939791583882,1.7979950257390631,1.414274966090755,0.0,0.0,0.0,0.0,0.0,0.0,0.0,0.0,0.0,0.0,0.0,0.0,0.0,0.0,0.0,0.0,0.0,0.0,0.0,0.0,0.0,0.0,0.0,0.0,0.0,0.0,0.0,0.0,0.0007960211065114,-0.013040758566527,0.0307189003248202,SPY
2012-11-12,0.04100891992928468,-0.6611986683317348,-0.9782293658835036,-0.2245349925519766,-0.032827452308908336,0.0071499838826999595,-1.0883336350441335,-1.6451205182466113,-0.6561464206588807,-1.4420447410210082,0.0,0.0,0.0,0.0,0.0,0.0,0.0,0.0,0.0,0.0,0.0,0.0,0.0,0.0,0.0,0.0,0.0,0.0,0.0,0.0,0.0,0.0,0.0,0.0,0.0,0.0,0.0,0.0,-0.0034774318053791,0.0062000686822809,0.0367085102504605,SPY
2012-11-13,-0.28527331489734253,0.06417309245456651,-1.0259728906490981,-0.2243038249523425,-0.04141400171741684,0.0009788078655925587,-1.1490023706978123,-1.7205255625881042,-0.0558528475681327,-0.7279648142430675,0.0,0.0,0.0,0.0,0.0,0.0,0.0,0.0,0.0,0.0,0.0,0.0,0.0,0.0,0.0,0.0,0.0,0.0,0.0,0.0,0.0,0.0,0.0,0.0,0.0,0.0,0.0,0.0,-0.0135907386720903,0.0101090471346942,0.0406742040403926,SPY
2012-11-14,-1.0574340088356402,-0.18034873044335709,-1.4563089957716446,-0.2195772057966643,-0.05448676947747494,-0.008882997392648542,-1.5332881242269731,-1.7025843108900387,1.5116578559422442,-0.013884887465126573,0.0,0.0,0.0,0.0,0.0,0.0,0.0,0.0,0.0,0.0,0.0,0.0,0.0,0.0,0.0,0.0,0.0,0.0,0.0,0.0,0.0,0.0,0.0,0.0,0.0,0.0,0.0,0.0,-0.0016935879085355,0.0255662229464608,0.048113731043017,SPY
2012-11-15,-0.1490751198442264,-0.9897419464570802,-1.099977108986362,-0.28759480047636415,-0.07168396303774194,-0.020789773308641946,-1.4692970836528063,-1.6785577678115404,1.1580170056563437,0.7001950393128141,0.0,0.0,0.0,0.0,0.0,0.0,0.0,0.0,0.0,0.0,0.0,0.0,0.0,0.0,0.0,0.0,0.0,0.0,0.0,0.0,0.0,0.0,0.0,0.0,0.0,0.0,0.0,0.0,0.0049249787129665,0.0407926921814922,0.0460843146905629,SPY
2012-11-16,0.35625879938626753,-0.8893836190260365,-0.7027882447613457,-0.28495596837457743,-0.08420211066247654,-0.032684566019394345,-1.1671009601409337,-1.5869174534639128,2.386315488419287,1.414274966090755,0.0,0.0,0.0,0.0,0.0,0.0,0.0,0.0,0.0,0.0,0.0,0.0,0.0,0.0,0.0,0.0,0.0,0.0,0.0,0.0,0.0,0.0,0.0,0.0,0.0,0.0,0.0,0.0,0.0200368483553194,0.0337429944424654,0.0528434533098245,SPY
2012-11-19,1.5100645627763924,0.15230306176379863,-0.5479358378847952,-0.09044753809366429,-0.09076282141237534,-0.04077985583905775,-0.3497698816691021,-0.7912967807103829,0.4438501649438569,-1.4420447410210082,0.0,0.0,0.0,0.0,0.0,0.0,0.0,0.0,0.0,0.0,0.0,0.0,0.0,0.0,0.0,0.0,0.0,0.0,0.0,0.0,0.0,0.0,0.0,0.0,0.0,0.0,0.0,0.0,0.0004315466470341,0.0085886135798736,0.0438737991846114,SPY
2012-11-20,0.013180944840430482,1.3748485107496855,0.18663447820230136,-0.166600113648795,-0.09985587110769524,-0.045862015864952047,-0.2784911241344631,-0.7773744485514292,-0.254799106890432,-0.7279648142430675,0.0,0.0,0.0,0.0,0.0,0.0,0.0,0.0,0.0,0.0,0.0,0.0,0.0,0.0,0.0,0.0,0.0,0.0,0.0,0.0,0.0,0.0,0.0,0.0,0.0,0.0,0.0,0.0,0.0018664371396761,0.0161773136104628,0.0359856637203215,SPY
2012-11-21,0.12273621228424506,1.1220498620787285,0.33587024131351534,-0.1635363627964997,-0.10050710234263933,-0.05065376075740135,-0.1570382623979927,-1.0833960832057583,-1.0774013463752006,-0.013884887465126573,0.0,0.0,0.0,0.0,0.0,0.0,0.0,0.0,0.0,0.0,0.0,0.0,0.0,0.0,0.0,0.0,0.0,0.0,0.0,0.0,0.0,0.0,0.0,0.0,0.0,0.0,0.0,0.0,0.0135328813264958,0.0189655697625852,0.039854426920094,SPY
2012-11-23,1.0134804325292497,0.09978996503117502,0.9259894900878474,-0.1537688523227693,-0.09252347861926463,-0.05073845837812275,0.3487763365821388,-0.3842856472867748,-1.42860184084722,1.414274966090755,0.0,0.0,0.0,0.0,0.0,0.0,0.0,0.0,0.0,0.0,0.0,0.0,0.0,0.0,0.0,0.0,0.0,0.0,0.0,0.0,0.0,0.0,0.0,0.0,0.0,0.0,0.0,0.0,-0.0021247190260602,0.0056436745430037,0.0172033786697545,SPY
2012-11-26,-0.1819923948042144,0.836865691148026,1.5073008949579498,-0.1550265742282216,-0.08555287868217423,-0.05070218268878605,0.2686520075808729,-0.5083946363422395,-0.6892760001453495,-1.4420447410210082,0.0,0.0,0.0,0.0,0.0,0.0,0.0,0.0,0.0,0.0,0.0,0.0,0.0,0.0,0.0,0.0,0.0,0.0,0.0,0.0,0.0,0.0,0.0,0.0,0.0,0.0,0.0,0.0,-0.0051175325072723,0.0028318886388802,0.0162413619677499,SPY
2012-11-27,-0.410496578938808,0.6123248790185877,1.2381597281301955,-0.1497435582622595,-0.08058420836173964,-0.05203320352754535,0.09202100822023321,-0.9084082437456885,-0.086854530483561,-0.7279648142430675,0.0,0.0,0.0,0.0,0.0,0.0,0.0,0.0,0.0,0.0,0.0,0.0,0.0,0.0,0.0,0.0,0.0,0.0,0.0,0.0,0.0,0.0,0.0,0.0,0.0,0.0,0.0,0.0,0.0080202466776233,0.0065347177473116,0.0171353617192391,SPY
2012-11-28,0.5925854817478409,-0.436939768838588,0.27782360212739654,-0.1259561393831145,-0.07173231501287623,-0.05190008397543995,0.3909326952365329,0.10054791228621761,0.96999541388865,-0.013884887465126573,0.0,0.0,0.0,0.0,0.0,0.0,0.0,0.0,0.0,0.0,0.0,0.0,0.0,0.0,0.0,0.0,0.0,0.0,0.0,0.0,0.0,0.0,0.0,0.0,0.0,0.0,0.0,0.0,0.0046546932917985,0.0002828438876383,0.0077739120290258,SPY
2012-11-29,0.33562224784866374,0.13381184887218872,0.5675426307364935,-0.11886512216411829,-0.05680234858429554,-0.050968351920079646,0.5559581573392537,0.7867122997031002,0.3871170632565507,0.7001950393128141,0.0,0.0,0.0,0.0,0.0,0.0,0.0,0.0,0.0,0.0,0.0,0.0,0.0,0.0,0.0,0.0,0.0,0.0,0.0,0.0,0.0,0.0,0.0,0.0,0.0,0.0,0.0,0.0,0.0002109861069143,-0.0009857105303314,-0.0077478594709861,SPY
2012-11-30,-0.0036590642642960135,0.6835932721282165,0.6739918065703049,-0.1572413998325915,-0.04124526887668254,-0.051791175389026646,0.5731261447435336,0.7707348142457014,0.0553317500765677,1.414274966090755,0.0,0.0,0.0,0.0,0.0,0.0,0.0,0.0,0.0,0.0,0.0,0.0,0.0,0.0,0.0,0.0,0.0,0.0,0.0,0.0,0.0,0.0,0.0,0.0,0.0,0.0,0.0,0.0,-0.0049365049301837,0.0018272020831719,0.0088944026202613,SPY
2012-12-03,-0.39667494953618326,0.24424746909225203,0.16539263587022685,-0.1769616131295131,-0.028992465192302835,-0.05192429494113285,0.3885389308271434,0.5008163380761271,-0.2223458050378051,-1.4420447410210082,0.0,0.0,0.0,0.0,0.0,0.0,0.0,0.0,0.0,0.0,0.0,0.0,0.0,0.0,0.0,0.0,0.0,0.0,0.0,0.0,0.0,0.0,0.0,0.0,0.0,0.0,0.0,0.0,-0.0014147033988409,0.0071847758100016,0.0391382942437106,SPY
2012-12-04,-0.1277820196374834,-0.2953494167792754,0.05804514848559733,-0.1780807176260179,-0.023878901435101137,-0.05265030948377005,0.3434517097970597,0.5971791393352892,-0.1466947787920122,-0.7279648142430675,0.0,0.0,0.0,0.0,0.0,0.0,0.0,0.0,0.0,0.0,0.0,0.0,0.0,0.0,0.0,0.0,0.0,0.0,0.0,0.0,0.0,0.0,0.0,0.0,0.0,0.0,0.0,0.0,0.00176837281795,0.0153851102409943,0.0382914445420059,SPY
2012-12-05,0.11524890712159276,-0.3868100429072056,0.1994106060838655,-0.2010124154300016,-0.018307189366221437,-0.05441691808623665,0.4296072683660878,1.414851356063837,0.2872844111845309,-0.013884887465126573,0.0,0.0,0.0,0.0,0.0,0.0,0.0,0.0,0.0,0.0,0.0,0.0,0.0,0.0,0.0,0.0,0.0,0.0,0.0,0.0,0.0,0.0,0.0,0.0,0.0,0.0,0.0,0.0,0.0033861388738287,0.0141049994075972,0.0409048924806505,SPY
2012-12-06,0.2387668994855826,-0.009596365397110486,-0.039271488913968096,-0.41456142320458433,-0.012205044755916135,-0.051682266802614146,0.5267191345611681,1.5896698058826266,-0.7257212961996922,0.7001950393128141,0.0,0.0,0.0,0.0,0.0,0.0,0.0,0.0,0.0,0.0,0.0,0.0,0.0,0.0,0.0,0.0,0.0,0.0,0.0,0.0,0.0,0.0,0.0,0.0,0.0,0.0,0.0,0.0,0.0030238987204178,0.0045676488643024,0.034782039158852,SPY
2012-12-07,0.21110951581113313,0.2604970556684413,-0.0877019647834201,-0.49621907817437744,-0.009648471791273936,-0.046394389263996846,0.5818701814738729,1.561008837110747,-0.6122119883474773,1.414274966090755,0.0,0.0,0.0,0.0,0.0,0.0,0.0,0.0,0.0,0.0,0.0,0.0,0.0,0.0,0.0,0.0,0.0,0.0,0.0,0.0,0.0,0.0,0.0,0.0,0.0,0.0,0.0,0.0,0.0004210687966459,-0.002179254117105,0.0288769006517624,SPY
2012-12-10,0.012380950898452382,0.3311324289995797,0.01968853776134542,-0.4958206008957742,-0.006223629201142635,-0.04117913297696995,0.539615193911494,1.106514830457123,-0.8490909820626041,-1.4420447410210082,0.0,0.0,0.0,0.0,0.0,0.0,0.0,0.0,0.0,0.0,0.0,0.0,0.0,0.0,0.0,0.0,0.0,0.0,0.0,0.0,0.0,0.0,0.0,0.0,0.0,0.0,0.0,0.0,0.0067856310321516,0.0090837944184771,0.0309944223768852,SPY
2012-12-11,0.4983213912659783,0.16431880019022432,0.2242283205412698,-0.48346965584099955,0.0012774497026981648,-0.034923224402683445,0.7266393198651866,1.293585894760672,0.4467384565592288,-0.7279648142430675,0.0,0.0,0.0,0.0,0.0,0.0,0.0,0.0,0.0,0.0,0.0,0.0,0.0,0.0,0.0,0.0,0.0,0.0,0.0,0.0,0.0,0.0,0.0,0.0,0.0,0.0,0.0,0.0,0.0004882619845529,0.0133653576164318,0.0321274864055434,SPY
2012-12-12,0.01751121533974768,0.3759523202067005,0.537298136984189,-0.49679736929713364,0.0062219788545587644,-0.028001741358843445,0.6679632077175237,1.2580902369222,0.2958469714834896,-0.013884887465126573,0.0,0.0,0.0,0.0,0.0,0.0,0.0,0.0,0.0,0.0,0.0,0.0,0.0,0.0,0.0,0.0,0.0,0.0,0.0,0.0,0.0,0.0,0.0,0.0,0.0,0.0,0.0,0.0,-0.0061512116694659,0.0054205068146231,0.031571260116908,SPY
2012-12-13,-0.4894189759063321,0.3797325814532358,0.488426463882229,-0.5903549967197073,0.007452017818725165,-0.019894479979424146,0.3461877802592445,0.23846516060482562,0.0400413551599017,0.7001950393128141,0.0,0.0,0.0,0.0,0.0,0.0,0.0,0.0,0.0,0.0,0.0,0.0,0.0,0.0,0.0,0.0,0.0,0.0,0.0,0.0,0.0,0.0,0.0,0.0,0.0,0.0,0.0,0.0,-0.0037230042609897,0.0173069188235377,0.0370419893748694,SPY
2012-12-14,-0.3040230077757983,-0.348088893323866,0.12431246230490264,-0.5791376879249545,0.007331335188517465,-0.012150243339553344,0.12185555769926422,0.1191482991680719,0.0733697732837491,1.414274966090755,0.0,0.0,0.0,0.0,0.0,0.0,0.0,0.0,0.0,0.0,0.0,0.0,0.0,0.0,0.0,0.0,0.0,0.0,0.0,0.0,0.0,0.0,0.0,0.0,0.0,0.0,0.0,0.0,0.0116841173322281,0.0119117561606838,0.0414454760473637,SPY
2012-12-17,0.8723255256766984,-0.585013008442518,-0.1332687004784422,-0.5374378967946626,0.012927072362660264,-0.0031958660070917416,0.4619554392064628,0.9871251791256253,0.204190902556902,-1.4420447410210082,0.0,0.0,0.0,0.0,0.0,0.0,0.0,0.0,0.0,0.0,0.0,0.0,0.0,0.0,0.0,0.0,0.0,0.0,0.0,0.0,0.0,0.0,0.0,0.0,0.0,0.0,0.0,0.0,0.0110671942301063,-0.0028590968996091,0.0296253512614832,SPY
2012-12-18,0.8252228542242056,0.4183953004120628,0.29672846211234244,-0.6689665772015683,0.022864157664246466,0.00435484594404836,0.7974907158946237,1.0853310198771153,1.0386034171119432,-0.7279648142430675,0.0,0.0,0.0,0.0,0.0,0.0,0.0,0.0,0.0,0.0,0.0,0.0,0.0,0.0,0.0,0.0,0.0,0.0,0.0,0.0,0.0,0.0,0.0,0.0,0.0,0.0,0.0,0.0,-0.0074565888172557,-0.0181498238854986,0.0249974264167107,SPY
2012-12-19,-0.5890857750624376,1.250485813245594,0.4601886497122974,-0.6179210801396263,0.029593508404231965,0.01052612677053176,0.447467532014499,0.41391160793875204,0.3640354838103176,-0.013884887465126573,0.0,0.0,0.0,0.0,0.0,0.0,0.0,0.0,0.0,0.0,0.0,0.0,0.0,0.0,0.0,0.0,0.0,0.0,0.0,0.0,0.0,0.0,0.0,0.0,0.0,0.0,0.0,0.0,0.0057352003394486,-0.0120344380808328,0.0346812422326765,SPY
2012-12-20,0.4181199988528356,0.17363752040434982,0.15687260777283135,-0.6095852719686282,0.03716694117580896,0.017386983413509062,0.588714717502237,0.6071827465356723,0.7697842823355924,0.7001950393128141,0.0,0.0,0.0,0.0,0.0,0.0,0.0,0.0,0.0,0.0,0.0,0.0,0.0,0.0,0.0,0.0,0.0,0.0,0.0,0.0,0.0,0.0,0.0,0.0,0.0,0.0,0.0,0.0,-0.0091181669238435,-0.0286367166284948,0.0343250118809388,SPY
2012-12-21,-0.7159488595831534,-0.12633827326559818,0.6106683470943216,-0.6297422861223315,0.04052623120819676,0.020354893784583362,0.2133933248028258,0.3656483463203905,2.453610638831496,1.414274966090755,0.0,0.0,0.0,0.0,0.0,0.0,0.0,0.0,0.0,0.0,0.0,0.0,0.0,0.0,0.0,0.0,0.0,0.0,0.0,0.0,0.0,0.0,0.0,0.0,0.0,0.0,0.0,0.0,-0.0030867357280648,-0.0026653015064894,0.0450513207169844,SPY
2012-12-24,-0.25544329409860794,-0.21981797738558978,0.4046935056103395,-0.6259299404386611,0.04267189362851616,0.023149542612816962,0.06786075475320691,0.278185254849594,-1.855088823123236,-1.4420447410210082,0.0,0.0,0.0,0.0,0.0,0.0,0.0,0.0,0.0,0.0,0.0,0.0,0.0,0.0,0.0,0.0,0.0,0.0,0.0,0.0,0.0,0.0,0.0,0.0,0.0,0.0,0.0,0.0,-0.0042235327557831,0.0257288209148409,0.0484061486482394,SPY
2012-12-26,-0.34223883915215286,-0.7161364893393749,-0.1592235267016499,-0.631603065177582,0.04102056806007226,0.026084286639354862,-0.12077604815182738,0.01594819787429391,-0.6774271147614226,-0.013884887465126573,0.0,0.0,0.0,0.0,0.0,0.0,0.0,0.0,0.0,0.0,0.0,0.0,0.0,0.0,0.0,0.0,0.0,0.0,0.0,0.0,0.0,0.0,0.0,0.0,0.0,0.0,0.0,0.0,-0.0013412030125898,0.0276908005700784,0.0582357641818447,SPY
2012-12-27,-0.12217019454403219,-0.4407663746322698,-0.7429881439907664,-0.6616008299746201,0.03873878658925556,0.02742015200035026,-0.1847982685657621,-0.16995914456089437,0.6614525417273825,0.7001950393128141,0.0,0.0,0.0,0.0,0.0,0.0,0.0,0.0,0.0,0.0,0.0,0.0,0.0,0.0,0.0,0.0,0.0,0.0,0.0,0.0,0.0,0.0,0.0,0.0,0.0,0.0,0.0,0.0,-0.0108670782082134,0.0334138243392629,0.0583784249155332,SPY
2012-12-28,-0.8494799161182487,-0.3425634185825856,-0.5095168474899249,-0.6056654168822443,0.03486315410133046,0.02609289265361456,-0.5709385830231215,-0.7059552971271905,0.23569282818506,1.414274966090755,0.0,0.0,0.0,0.0,0.0,0.0,0.0,0.0,0.0,0.0,0.0,0.0,0.0,0.0,0.0,0.0,0.0,0.0,0.0,0.0,0.0,0.0,0.0,0.0,0.0,0.0,0.0,0.0,0.0168532481981618,0.0415441880995066,0.0731695076551011,SPY
2012-12-31,1.266993632667031,-0.7163265662424059,-1.1433534722264052,-0.46024258994075606,0.03804695640831526,0.027629619359611463,0.03526358946993682,-0.13089860962264957,2.166884202054028,-1.4420447410210082,0.0,0.0,0.0,0.0,0.0,0.0,0.0,0.0,0.0,0.0,0.0,0.0,0.0,0.0,0.0,0.0,0.0,0.0,0.0,0.0,0.0,0.0,0.0,0.0,0.0,0.0,0.0,0.0,0.0253073866932656,0.021809700114673,0.0523922549255848,SPY
2013-01-02,1.9124752276651156,0.3072858110893184,-0.1518248664808955,-0.2300090405166461,0.04606876496082866,0.03446136228723026,0.9146193800174112,0.3354474136009881,1.046402726786695,-0.013884887465126573,0.0,0.0,0.0,0.0,0.0,0.0,0.0,0.0,0.0,0.0,0.0,0.0,0.0,0.0,0.0,0.0,0.0,0.0,0.0,0.0,0.0,0.0,0.0,0.0,0.0,0.0,0.0,0.0,-0.0022615531005456,-0.0009590960568237,0.0246156738724439,SPY
2013-01-03,-0.19243980783158257,2.342446398654873,0.9321971047337037,-0.2275666404012297,0.04943007449481806,0.041132991425864164,0.7553945224516729,0.251880772230466,0.0610247230918383,0.7001950393128141,0.0,0.0,0.0,0.0,0.0,0.0,0.0,0.0,0.0,0.0,0.0,0.0,0.0,0.0,0.0,0.0,0.0,0.0,0.0,0.0,0.0,0.0,0.0,0.0,0.0,0.0,0.0,0.0,0.0043818207565946,0.0092211521045317,0.0371121809141241,SPY
2013-01-04,0.31478816766928275,1.2670555021143195,1.0071009535582678,-0.2253835059548233,0.05695062882215316,0.048281980687001666,0.8437696517677155,0.5414063758484182,-0.5142344534754258,1.414274966090755,0.0,0.0,0.0,0.0,0.0,0.0,0.0,0.0,0.0,0.0,0.0,0.0,0.0,0.0,0.0,0.0,0.0,0.0,0.0,0.0,0.0,0.0,0.0,0.0,0.0,0.0,0.0,0.0,-0.0027367144479697,0.0047713670438547,0.0214262181570452,SPY
2013-01-07,-0.22871883313905486,0.08979172826716031,1.2255927743485764,-0.2180922612891109,0.06149780362435186,0.05436272950420567,0.6735487217105542,0.5717443172376467,-0.6752519964220559,-1.4420447410210082,0.0,0.0,0.0,0.0,0.0,0.0,0.0,0.0,0.0,0.0,0.0,0.0,0.0,0.0,0.0,0.0,0.0,0.0,0.0,0.0,0.0,0.0,0.0,0.0,0.0,0.0,0.0,0.0,-0.0028812397866717,0.0068275990803199,0.0342103985072883,SPY
2013-01-08,-0.23975348157745377,0.06305934536541531,1.535991272294413,-0.2113125068777698,0.06820189898798286,0.059411397111951265,0.5099044147723132,0.22479677158445302,-0.4287164764277726,-0.7279648142430675,0.0,0.0,0.0,0.0,0.0,0.0,0.0,0.0,0.0,0.0,0.0,0.0,0.0,0.0,0.0,0.0,0.0,0.0,0.0,0.0,0.0,0.0,0.0,0.0,0.0,0.0,0.0,0.0,0.0025385905217687,0.0103893212784962,0.0378195597606749,SPY
2013-01-09,0.17405576866574504,-0.3455574677102041,0.7825741302256188,-0.2113395442745915,0.07687361565370086,0.06483833340060657,0.5470773606854644,0.005677021080628409,-1.0450762908636653,-0.013884887465126573,0.0,0.0,0.0,0.0,0.0,0.0,0.0,0.0,0.0,0.0,0.0,0.0,0.0,0.0,0.0,0.0,0.0,0.0,0.0,0.0,0.0,0.0,0.0,0.0,0.0,0.0,0.0,0.0,0.0079186950608098,0.0077147233030752,0.0339568453442877,SPY
2013-01-10,0.5848319182554312,-0.048770969525913886,-0.0866858856947076,-0.2064221081564479,0.08982054757256785,0.07050518999478807,0.7856724883905374,0.4909857327077003,-0.2192383009472816,0.7001950393128141,0.0,0.0,0.0,0.0,0.0,0.0,0.0,0.0,0.0,0.0,0.0,0.0,0.0,0.0,0.0,0.0,0.0,0.0,0.0,0.0,0.0,0.0,0.0,0.0,0.0,0.0,0.0,0.0,-6.796430408240184e-05,0.0062352976275992,0.0315870846598622,SPY
2013-01-11,-0.024957196098758207,0.5588289441074086,0.30197246111287257,-0.2058455125763049,0.10320468998190566,0.07607509791682618,0.7227448038097656,0.34821363802000593,-0.5632939709732745,1.414274966090755,0.0,0.0,0.0,0.0,0.0,0.0,0.0,0.0,0.0,0.0,0.0,0.0,0.0,0.0,0.0,0.0,0.0,0.0,0.0,0.0,0.0,0.0,0.0,0.0,0.0,0.0,0.0,0.0,-0.0006804824115045,0.0085304889303916,0.0314574200133233,SPY
2013-01-14,-0.0717235419745682,0.4121852365819862,0.13208995157869116,-0.2270778688540418,0.12006230550845276,0.08258798743383967,0.6266682454679259,0.7236259500400211,-1.0536831290560686,-1.4420447410210082,0.0,0.0,0.0,0.0,0.0,0.0,0.0,0.0,0.0,0.0,0.0,0.0,0.0,0.0,0.0,0.0,0.0,0.0,0.0,0.0,0.0,0.0,0.0,0.0,0.0,0.0,0.0,0.0,0.0006804824115045,0.0145899413296071,0.0337839115178608,SPY
2013-01-15,0.03218742958106738,-0.07160096799073379,0.2105921384879489,-0.2388419702471831,0.13138189053881486,0.08986414540366257,0.5741735115008806,0.8954523749143644,-0.9689109168429416,-0.7279648142430675,0.0,0.0,0.0,0.0,0.0,0.0,0.0,0.0,0.0,0.0,0.0,0.0,0.0,0.0,0.0,0.0,0.0,0.0,0.0,0.0,0.0,0.0,0.0,0.0,0.0,0.0,0.0,0.0,-0.0001360074536522,0.0155176008303046,0.0339581109477613,SPY
2013-01-16,-0.030152355929466308,-0.029493662143811286,0.34657046037069916,-0.27584074210097825,0.13378681518202126,0.09509509980601097,0.5129848874671326,1.1184613540084283,-0.7185801910703445,-0.013884887465126573,0.0,0.0,0.0,0.0,0.0,0.0,0.0,0.0,0.0,0.0,0.0,0.0,0.0,0.0,0.0,0.0,0.0,0.0,0.0,0.0,0.0,0.0,0.0,0.0,0.0,0.0,0.0,0.0,0.0064392693853339,0.015921700487147,0.0350132702436596,SPY
2013-01-17,0.4718763468225341,0.001138276107524214,0.24446049104322978,-0.30338083438928176,0.13930068129697157,0.09954765826904848,0.7088064978407673,1.3204863619100746,-0.1243044142877902,0.7001950393128141,0.0,0.0,0.0,0.0,0.0,0.0,0.0,0.0,0.0,0.0,0.0,0.0,0.0,0.0,0.0,0.0,0.0,0.0,0.0,0.0,0.0,0.0,0.0,0.0,0.0,0.0,0.0,0.0,0.00222722699871,0.0150885138796352,0.0273918366307759,SPY
2013-01-18,0.15028286458988324,0.3251252739316245,0.18797943791548008,-0.33629820420195844,0.14406162150435925,0.10570912195071197,0.7271467970461308,2.0365799964777462,0.6181297976457049,1.414274966090755,0.0,0.0,0.0,0.0,0.0,0.0,0.0,0.0,0.0,0.0,0.0,0.0,0.0,0.0,0.0,0.0,0.0,0.0,0.0,0.0,0.0,0.0,0.0,0.0,0.0,0.0,0.0,0.0,0.0053789699877109,0.0116627446020238,0.0326312107762074,SPY
2013-01-22,0.39092146930904487,0.4580798768462392,0.27560453734445745,-0.33744594424317487,0.15173751496640267,0.11184127394375278,0.8657486415577593,1.9117793674804282,-0.5641141933434535,-0.7279648142430675,0.0,0.0,0.0,0.0,0.0,0.0,0.0,0.0,0.0,0.0,0.0,0.0,0.0,0.0,0.0,0.0,0.0,0.0,0.0,0.0,0.0,0.0,0.0,0.0,0.0,0.0,0.0,0.0,0.001608141912202,0.0102077791456673,0.0147105581485504,SPY
2013-01-23,0.10301512355273997,0.3984278667629167,0.5069404256952154,-0.39054333511341494,0.16101654451038966,0.11985979671875988,0.8409051096499861,1.4134483687344297,-0.6865848830426572,-0.013884887465126573,0.0,0.0,0.0,0.0,0.0,0.0,0.0,0.0,0.0,0.0,0.0,0.0,0.0,0.0,0.0,0.0,0.0,0.0,0.0,0.0,0.0,0.0,0.0,0.0,0.0,0.0,0.0,0.0,0.0002680922031901,0.0046756327021109,0.0070045776115703,SPY
2013-01-24,0.0007010410414739858,0.3635983932145968,0.5423563214795705,-0.40172342382849274,0.16949420332103307,0.12846341200858197,0.75910285322098,1.7107405810172547,0.1646316854822654,0.7001950393128141,0.0,0.0,0.0,0.0,0.0,0.0,0.0,0.0,0.0,0.0,0.0,0.0,0.0,0.0,0.0,0.0,0.0,0.0,0.0,0.0,0.0,0.0,0.0,0.0,0.0,0.0,0.0,0.0,0.0056060827778221,0.0019383461390454,0.0164616939686199,SPY
2013-01-25,0.40826174899459117,0.07606250116341141,0.5577839124463674,-0.4192398293143332,0.17719426116431236,0.13882173421403307,0.8617707630442544,1.747377860180733,0.1763595721236873,1.414274966090755,0.0,0.0,0.0,0.0,0.0,0.0,0.0,0.0,0.0,0.0,0.0,0.0,0.0,0.0,0.0,0.0,0.0,0.0,0.0,0.0,0.0,0.0,0.0,0.0,0.0,0.0,0.0,0.0,-0.0011985422789013,0.0065672173023578,-0.0083544426966657,SPY
2013-01-28,-0.11127791048952079,0.300985017731032,0.5259747733836279,-0.41978349807232057,0.18448143538699086,0.14919226088896256,0.7060075929965126,1.9530664479269502,-0.5077765662816159,-1.4420447410210082,0.0,0.0,0.0,0.0,0.0,0.0,0.0,0.0,0.0,0.0,0.0,0.0,0.0,0.0,0.0,0.0,0.0,0.0,0.0,0.0,0.0,0.0,0.0,0.0,0.0,0.0,0.0,0.0,0.0039240045313544,-0.0035383824192249,-0.0003333498319513,SPY
2013-01-29,0.27983345910197077,0.21847276212624503,0.3951868198016225,-0.5154525528955302,0.19344484236453635,0.16214632701931717,0.7178476358271727,2.4331274636526916,-0.6662828563524247,-0.7279648142430675,0.0,0.0,0.0,0.0,0.0,0.0,0.0,0.0,0.0,0.0,0.0,0.0,0.0,0.0,0.0,0.0,0.0,0.0,0.0,0.0,0.0,0.0,0.0,0.0,0.0,0.0,0.0,0.0,-0.0039240045313544,0.0025850789516939,0.0082618857525389,SPY
2013-01-30,-0.31936957149547157,0.12383972852821461,0.33963960130883036,-0.5879990909211589,0.20073201658721476,0.17148109251116686,0.4713991496553924,1.8288480050963174,-0.026689699971992203,-0.013884887465126573,0.0,0.0,0.0,0.0,0.0,0.0,0.0,0.0,0.0,0.0,0.0,0.0,0.0,0.0,0.0,0.0,0.0,0.0,0.0,0.0,0.0,0.0,0.0,0.0,0.0,0.0,0.0,0.0,-0.0024691943598753,0.0072370049497632,0.010209463249529,SPY
2013-01-31,-0.20829341743795088,-0.029493662143811286,0.12843503566651335,-0.9611305974434677,0.20716879493421406,0.17591685818318567,0.3322355880855933,1.2387647972661988,-0.6029359304407829,0.7001950393128141,0.0,0.0,0.0,0.0,0.0,0.0,0.0,0.0,0.0,0.0,0.0,0.0,0.0,0.0,0.0,0.0,0.0,0.0,0.0,0.0,0.0,0.0,0.0,0.0,0.0,0.0,0.0,0.0,0.0102349539411346,0.0083820754150201,0.0159710593899173,SPY
2013-02-01,0.7616805087258163,-0.3891724147482953,0.023931760944967025,-0.9038027224548001,0.21503893195262866,0.18263143587471609,0.6479941804877987,1.5981583755479454,-0.1582409996938127,1.414274966090755,0.0,0.0,0.0,0.0,0.0,0.0,0.0,0.0,0.0,0.0,0.0,0.0,0.0,0.0,0.0,0.0,0.0,0.0,0.0,0.0,0.0,0.0,0.0,0.0,0.0,0.0,0.0,0.0,-0.0113041420004842,0.0036960558502698,0.0110471858388736,SPY
2013-02-04,-0.8828501564939243,0.4074047930325661,0.2006513639844623,-0.7815110775732427,0.21797807280118237,0.18649446489271648,0.1824490843836462,0.6239380186092119,0.4033659450777935,-1.4420447410210082,0.0,0.0,0.0,0.0,0.0,0.0,0.0,0.0,0.0,0.0,0.0,0.0,0.0,0.0,0.0,0.0,0.0,0.0,0.0,0.0,0.0,0.0,0.0,0.0,0.0,0.0,0.0,0.0,0.0100474659022733,0.0148025689001327,0.031270399220344,SPY
2013-02-05,0.74736561686104,-0.08964574469735409,-0.1851570779156956,-0.741371371008195,0.22264198408103286,0.19268518203557217,0.4955339972821454,0.9358331826028741,-0.5212267921712506,-0.7279648142430675,0.0,0.0,0.0,0.0,0.0,0.0,0.0,0.0,0.0,0.0,0.0,0.0,0.0,0.0,0.0,0.0,0.0,0.0,0.0,0.0,0.0,0.0,0.0,0.0,0.0,0.0,0.0,0.0,0.0007279214667148,0.0064011120908924,0.0225830119757954,SPY
2013-02-06,0.03580944701549678,-0.10019374501662548,0.04862252504090993,-0.755489944056308,0.22699006388048307,0.19952172290348288,0.451932534490613,0.9653952409960197,0.0532138495114783,-0.013884887465126573,0.0,0.0,0.0,0.0,0.0,0.0,0.0,0.0,0.0,0.0,0.0,0.0,0.0,0.0,0.0,0.0,0.0,0.0,0.0,0.0,0.0,0.0,0.0,0.0,0.0,0.0,0.0,0.0,-0.0013241238946184,0.0065278724655826,0.0236660470315195,SPY
2013-02-07,-0.12086618748101509,0.5767252203978241,0.2262223083884406,-0.7492187115234237,0.23075499518289916,0.20566366875037037,0.3385652700621362,0.6781213035159009,0.6186716702250113,0.7001950393128141,0.0,0.0,0.0,0.0,0.0,0.0,0.0,0.0,0.0,0.0,0.0,0.0,0.0,0.0,0.0,0.0,0.0,0.0,0.0,0.0,0.0,0.0,0.0,0.0,0.0,0.0,0.0,0.0,0.0055489343763843,0.008771148202447,0.029245303539489,SPY
2013-02-08,0.4038984136490647,-0.06303576668591558,0.26993845233219294,-0.765861313137685,0.23452001933596345,0.21141554903888488,0.4878827155202662,0.7898096655197167,-0.7593025719044935,1.414274966090755,0.0,0.0,0.0,0.0,0.0,0.0,0.0,0.0,0.0,0.0,0.0,0.0,0.0,0.0,0.0,0.0,0.0,0.0,0.0,0.0,0.0,0.0,0.0,0.0,0.0,0.0,0.0,0.0,-0.0001976289506213,0.0020400495985128,0.0274845763766196,SPY
2013-02-11,-0.03485721641558451,0.20819244616050914,0.09103705540383503,-0.7655520568884073,0.23864934300787416,0.21714305532490116,0.421254790024607,0.5949366726294528,-1.3929602094702591,-1.4420447410210082,0.0,0.0,0.0,0.0,0.0,0.0,0.0,0.0,0.0,0.0,0.0,0.0,0.0,0.0,0.0,0.0,0.0,0.0,0.0,0.0,0.0,0.0,0.0,0.0,0.0,0.0,0.0,0.0,0.001646009093033,0.0097042796932758,0.0254359257263843,SPY
2013-02-12,0.10590631918373546,0.2715685905861044,0.5150580549255022,-0.7692903272025468,0.24195276016261155,0.22329715905932218,0.419767655583708,0.5974119618952172,-1.524846640648151,-0.7279648142430675,0.0,0.0,0.0,0.0,0.0,0.0,0.0,0.0,0.0,0.0,0.0,0.0,0.0,0.0,0.0,0.0,0.0,0.0,0.0,0.0,0.0,0.0,0.0,0.0,0.0,0.0,0.0,0.0,0.000854681841405,-0.0044834120397032,0.0252022863355199,SPY
2013-02-13,0.04548772338688238,0.05199161178288461,0.194309850903344,-0.7695167387079592,0.24700513534254326,0.22948774810183148,0.3882460813915475,0.6194107989445768,-1.104881269822785,-0.013884887465126573,0.0,0.0,0.0,0.0,0.0,0.0,0.0,0.0,0.0,0.0,0.0,0.0,0.0,0.0,0.0,0.0,0.0,0.0,0.0,0.0,0.0,0.0,0.0,0.0,0.0,0.0,0.0,0.0,0.000919151842246,-0.0114359325058863,0.0296582610423836,SPY
2013-02-14,0.050410069879842874,0.11119418618542831,0.19914926904786617,-0.7714939415018963,0.2532963470855743,0.23587321270946368,0.3572837530679821,0.43540073898928083,-1.139974622207747,0.7001950393128141,0.0,0.0,0.0,0.0,0.0,0.0,0.0,0.0,0.0,0.0,0.0,0.0,0.0,0.0,0.0,0.0,0.0,0.0,0.0,0.0,0.0,0.0,0.0,0.0,0.0,0.0,0.0,0.0,-0.0011821642275497,-0.0026298757878926,0.0274173225948102,SPY
2013-02-15,-0.11002743053635769,0.07030149479063531,0.28479235215392606,-0.7830647132506823,0.2554096742676017,0.24088178490841708,0.2617098293184026,0.43542343272862755,1.9552964742761216,1.414274966090755,0.0,0.0,0.0,0.0,0.0,0.0,0.0,0.0,0.0,0.0,0.0,0.0,0.0,0.0,0.0,0.0,0.0,0.0,0.0,0.0,0.0,0.0,0.0,0.0,0.0,0.0,0.0,0.0,0.0074666011441415,-0.0206577654478063,0.0230655874636767,SPY
2013-02-19,0.5503141134443329,-0.04429063127851739,0.027814563976356826,-0.7584043032658283,0.2644215260709295,0.24687744015837138,0.4810117587873166,0.5824684610326064,-0.7788508077445783,-0.7279648142430675,0.0,0.0,0.0,0.0,0.0,0.0,0.0,0.0,0.0,0.0,0.0,0.0,0.0,0.0,0.0,0.0,0.0,0.0,0.0,0.0,0.0,0.0,0.0,0.0,0.0,0.0,0.0,0.0,-0.012541682639946,-0.0213018160061349,0.0132729573353591,SPY
2013-02-20,-0.9773375730766289,0.3240661862885693,0.32041715587495123,-0.6495664506332794,0.2651258214514125,0.24957059857486488,-0.016012020453617888,0.05287586204779531,0.6853342685822541,-0.013884887465126573,0.0,0.0,0.0,0.0,0.0,0.0,0.0,0.0,0.0,0.0,0.0,0.0,0.0,0.0,0.0,0.0,0.0,0.0,0.0,0.0,0.0,0.0,0.0,0.0,0.0,0.0,0.0,0.0,-0.006097838624778,0.0037591067496558,0.0327756417256805,SPY
2013-02-21,-0.4853438926752019,-0.3150156696447996,-0.22123612472847873,-0.6245395029493616,0.2633281168358267,0.2508500881374396,-0.2549869271939434,-0.12884550023531988,1.1709273007041936,0.7001950393128141,0.0,0.0,0.0,0.0,0.0,0.0,0.0,0.0,0.0,0.0,0.0,0.0,0.0,0.0,0.0,0.0,0.0,0.0,0.0,0.0,0.0,0.0,0.0,0.0,0.0,0.0,0.0,0.0,0.0097252085602397,0.0078805183400696,0.030294210724338,SPY
2013-02-22,0.7227609592420334,-1.0781454985253769,-0.4866672878694787,-0.5780845413195471,0.2655869874091612,0.2538721500190811,0.07557788471364052,-0.14812395472645537,-0.6111326634984567,1.414274966090755,0.0,0.0,0.0,0.0,0.0,0.0,0.0,0.0,0.0,0.0,0.0,0.0,0.0,0.0,0.0,0.0,0.0,0.0,0.0,0.0,0.0,0.0,0.0,0.0,0.0,0.0,0.0,0.0,-0.0192100538874635,0.0014477115603428,0.0285699590395553,SPY
2013-02-25,-1.4864741233448553,0.17458068558399184,-0.1504723944187146,-0.40725492583468215,0.2587855845660469,0.2523488389131227,-0.6187607758008906,-0.48334701349204257,2.4064203323179814,-1.4420447410210082,0.0,0.0,0.0,0.0,0.0,0.0,0.0,0.0,0.0,0.0,0.0,0.0,0.0,0.0,0.0,0.0,0.0,0.0,0.0,0.0,0.0,0.0,0.0,0.0,0.0,0.0,0.0,0.0,0.006822550585813,0.0259688458378972,0.0435941140096325,SPY
2013-02-26,0.5011402346523008,-0.5631071776911256,-0.8387355566321056,-0.38563129871553403,0.2545347658207557,0.2522878864386479,-0.3676359243687851,-0.6252953670886556,1.1152375403656594,-0.7279648142430675,0.0,0.0,0.0,0.0,0.0,0.0,0.0,0.0,0.0,0.0,0.0,0.0,0.0,0.0,0.0,0.0,0.0,0.0,0.0,0.0,0.0,0.0,0.0,0.0,0.0,0.0,0.0,0.0,0.0125192401158447,0.0280653666330703,0.0447421145176898,SPY
2013-02-27,0.9360879524100998,-0.726409527147428,-0.8633239184571837,-0.32659374669585484,0.2542674023787983,0.2538110345078005,0.08110894257814201,-0.16081928066312068,0.3432436592292824,-0.013884887465126573,0.0,0.0,0.0,0.0,0.0,0.0,0.0,0.0,0.0,0.0,0.0,0.0,0.0,0.0,0.0,0.0,0.0,0.0,0.0,0.0,0.0,0.0,0.0,0.0,0.0,0.0,0.0,0.0,-0.0019764270343642,0.0169062051749504,0.0322228744018451,SPY
2013-02-28,-0.1706701587915428,1.0586675652900233,0.09344419302284883,-0.33214240669714074,0.2529557244820608,0.2556876929543222,-0.011472651713924488,-0.1858869443803995,-0.1688572542882911,0.7001950393128141,0.0,0.0,0.0,0.0,0.0,0.0,0.0,0.0,0.0,0.0,0.0,0.0,0.0,0.0,0.0,0.0,0.0,0.0,0.0,0.0,0.0,0.0,0.0,0.0,0.0,0.0,0.0,0.0,0.0032924017805129,0.0206935887317536,0.0372679372623183,SPY
2013-03-01,0.23160998236871622,0.5636406861854755,0.25079016237990237,-0.33331464840898695,0.2525186764802239,0.2586246496232285,0.08149911008540751,-0.26458104741652455,0.7535440428188832,1.414274966090755,0.0,0.0,0.0,0.0,0.0,0.0,0.0,0.0,0.0,0.0,0.0,0.0,0.0,0.0,0.0,0.0,0.0,0.0,0.0,0.0,0.0,0.0,0.0,0.0,0.0,0.0,0.0,0.0,0.0053110803900908,0.0216563195645917,0.0300099848287977,SPY
2013-03-04,0.3857380333171956,0.04454253838845161,0.0052004666559879184,-0.36300946868438455,0.2544862513569865,0.2606719843146679,0.2593035557617415,-0.0761428686700833,-0.7664892667114098,-1.4420447410210082,0.0,0.0,0.0,0.0,0.0,0.0,0.0,0.0,0.0,0.0,0.0,0.0,0.0,0.0,0.0,0.0,0.0,0.0,0.0,0.0,0.0,0.0,0.0,0.0,0.0,0.0,0.0,0.0,0.0089190713809861,0.0201334463880158,0.0296216464971479,SPY
2013-03-05,0.6612116112448095,0.4545347229925746,0.9413607015644568,-0.40298544966128935,0.25701253179760086,0.2664605129480752,0.5358205334824474,0.14112044512574312,-0.2797267254107518,-0.7279648142430675,0.0,0.0,0.0,0.0,0.0,0.0,0.0,0.0,0.0,0.0,0.0,0.0,0.0,0.0,0.0,0.0,0.0,0.0,0.0,0.0,0.0,0.0,0.0,0.0,0.0,0.0,0.0,0.0,0.0013600786577248,0.008968095406173,0.0105116942440703,SPY
2013-03-06,0.08407525578820167,0.7710888514730782,1.021401020168164,-0.4374796110610741,0.2646884020469827,0.2706647314191044,0.5442637334366732,0.1553777920290889,-0.8483930410794859,-0.013884887465126573,0.0,0.0,0.0,0.0,0.0,0.0,0.0,0.0,0.0,0.0,0.0,0.0,0.0,0.0,0.0,0.0,0.0,0.0,0.0,0.0,0.0,0.0,0.0,0.0,0.0,0.0,0.0,0.0,0.0018109565224389,0.0090203864506168,0.0132017391930236,SPY
2013-03-07,0.11850021386447866,0.548807111328086,0.5953700260971605,-0.43736591942239206,0.2752793416143286,0.2750761813160561,0.5676761321265719,0.17998108475542451,-1.0101703611874715,0.7001950393128141,0.0,0.0,0.0,0.0,0.0,0.0,0.0,0.0,0.0,0.0,0.0,0.0,0.0,0.0,0.0,0.0,0.0,0.0,0.0,0.0,0.0,0.0,0.0,0.0,0.0,0.0,0.0,0.0,0.004255132613351,0.0125200864764467,0.0068892223146717,SPY
2013-03-08,0.30511540623822925,0.14890747904871882,0.739963577116978,-0.43662790390496764,0.2839027759428983,0.2805356900294549,0.6729667859359222,0.33367482181043173,-0.2325141705008281,1.414274966090755,0.0,0.0,0.0,0.0,0.0,0.0,0.0,0.0,0.0,0.0,0.0,0.0,0.0,0.0,0.0,0.0,0.0,0.0,0.0,0.0,0.0,0.0,0.0,0.0,0.0,0.0,0.0,0.0,0.0037882072135149,0.0069431672577682,0.0093787321429585,SPY
2013-03-11,0.26946520344040725,0.3117820295199627,0.7767184153076537,-0.44194455825644535,0.300979124384324,0.2856904945979108,0.7640114819971926,0.24326551020763904,-1.0394241796299146,-1.4420447410210082,0.0,0.0,0.0,0.0,0.0,0.0,0.0,0.0,0.0,0.0,0.0,0.0,0.0,0.0,0.0,0.0,0.0,0.0,0.0,0.0,0.0,0.0,0.0,0.0,0.0,0.0,0.0,0.0,-0.0022462796008566,-0.00237893931443,0.0090415843387203,SPY
2013-03-12,-0.19127366145887187,0.4230213440246618,0.7185786370012281,-0.43709977073095896,0.31472735739854857,0.2904552219625083,0.6302872509481372,0.6777141059857015,-0.5624383833360282,-0.7279648142430675,0.0,0.0,0.0,0.0,0.0,0.0,0.0,0.0,0.0,0.0,0.0,0.0,0.0,0.0,0.0,0.0,0.0,0.0,0.0,0.0,0.0,0.0,0.0,0.0,0.0,0.0,0.0,0.0,0.0014123697021686,-0.0024586886977493,0.0234622602955516,SPY
2013-03-13,0.08806772726134447,0.05725455416588461,0.29231134121934904,-0.43715678046678497,0.324419293775799,0.2951834057915878,0.6356851841374425,1.0167036154022777,-0.8178247785382499,-0.013884887465126573,0.0,0.0,0.0,0.0,0.0,0.0,0.0,0.0,0.0,0.0,0.0,0.0,0.0,0.0,0.0,0.0,0.0,0.0,0.0,0.0,0.0,0.0,0.0,0.0,0.0,0.0,0.0,0.0,0.0053106565482687,0.0030899433504574,0.0253217386727362,SPY
2013-03-14,0.3857056725869432,-0.07640909168818058,0.29430769244421573,-0.43011398003903006,0.336856243508541,0.3007648078084489,0.7803079008975407,0.9226083532232446,-0.1123265491748386,0.7001950393128141,0.0,0.0,0.0,0.0,0.0,0.0,0.0,0.0,0.0,0.0,0.0,0.0,0.0,0.0,0.0,0.0,0.0,0.0,0.0,0.0,0.0,0.0,0.0,0.0,0.0,0.0,0.0,0.0,-0.0013217866053274,-0.010799982823932,0.0175584398509256,SPY
2013-03-15,-0.12068773319848819,0.3487410426769192,0.4279181511287905,-0.4267615485024209,0.3475758276491917,0.3059234204508745,0.677744465059147,2.1925562587157277,0.1442223760580193,1.414274966090755,0.0,0.0,0.0,0.0,0.0,0.0,0.0,0.0,0.0,0.0,0.0,0.0,0.0,0.0,0.0,0.0,0.0,0.0,0.0,0.0,0.0,0.0,0.0,0.0,0.0,0.0,0.0,0.0,-0.0055338993586833,-0.0014772393431474,-0.00456627428282,SPY
2013-03-18,-0.4422865879987203,0.19491852802702564,0.2150042644085258,-0.40848882187073826,0.3542296443867351,0.3102486588139066,0.4250800463354985,1.5910357089031884,-0.0860887455514497,-1.4420447410210082,0.0,0.0,0.0,0.0,0.0,0.0,0.0,0.0,0.0,0.0,0.0,0.0,0.0,0.0,0.0,0.0,0.0,0.0,0.0,0.0,0.0,0.0,0.0,0.0,0.0,0.0,0.0,0.0,-0.0023260289841759,-0.0001292389018505,0.015621918483486,SPY
2013-03-19,-0.19736260348115697,-0.4151917481467491,-0.1408922198115846,-0.42325303475491344,0.3566771874775402,0.3127439604208247,0.3126075578318866,1.0547453546825512,0.7624137744970453,-0.7279648142430675,0.0,0.0,0.0,0.0,0.0,0.0,0.0,0.0,0.0,0.0,0.0,0.0,0.0,0.0,0.0,0.0,0.0,0.0,0.0,0.0,0.0,0.0,0.0,0.0,0.0,0.0,0.0,0.0,0.0069610017503753,0.0101673411761957,0.0032285778314333,SPY
2013-03-20,0.5117111140603887,-0.471690013300415,-0.1439368669546142,-0.49619371314014193,0.3612496872940784,0.3188888059937618,0.5128081461306169,1.439916177700002,-0.3448926554356178,-0.013884887465126573,0.0,0.0,0.0,0.0,0.0,0.0,0.0,0.0,0.0,0.0,0.0,0.0,0.0,0.0,0.0,0.0,0.0,0.0,0.0,0.0,0.0,0.0,0.0,0.0,0.0,0.0,0.0,0.0,-0.0085792696261206,0.0032063394258203,-0.0100052827733119,SPY
2013-03-21,-0.6748035332467336,0.23126800838535852,0.06789708097268783,-0.47462243694300155,0.3618969491638051,0.3245268633007105,0.1343854849739779,0.6553727301512438,0.009370462639821397,0.7001950393128141,0.0,0.0,0.0,0.0,0.0,0.0,0.0,0.0,0.0,0.0,0.0,0.0,0.0,0.0,0.0,0.0,0.0,0.0,0.0,0.0,0.0,0.0,0.0,0.0,0.0,0.0,0.0,0.0,0.0080009568754571,0.0148542448780499,0.0072293933850167,SPY
2013-03-22,0.5911126868230064,-0.12053675040537119,-0.4623881987821007,-0.48698834126407725,0.3639663812018203,0.3298913332016924,0.3806939080742387,0.7511904603516791,-0.4167909881734093,1.414274966090755,0.0,0.0,0.0,0.0,0.0,0.0,0.0,0.0,0.0,0.0,0.0,0.0,0.0,0.0,0.0,0.0,0.0,0.0,0.0,0.0,0.0,0.0,0.0,0.0,0.0,0.0,0.0,0.0,-0.0041858989173864,0.0028877373495852,0.0036567273814691,SPY
2013-03-25,-0.33936545944016083,-0.06202930076742109,-0.10646739886414731,-0.7125130406891281,0.3630169601096635,0.3379819997633574,0.1432988326692432,0.1317586693629932,0.4975172728782533,-1.4420447410210082,0.0,0.0,0.0,0.0,0.0,0.0,0.0,0.0,0.0,0.0,0.0,0.0,0.0,0.0,0.0,0.0,0.0,0.0,0.0,0.0,0.0,0.0,0.0,0.0,0.0,0.0,0.0,0.0,0.0079705510938703,0.0119963783254126,0.0180988125391063,SPY
2013-03-26,0.5887911761915947,0.18513993690705233,-0.0550038574350562,-0.7048710117340836,0.3659432875687426,0.3463474066341168,0.3588412606076088,0.40690847509505335,-0.9651106894450392,-0.7279648142430675,0.0,0.0,0.0,0.0,0.0,0.0,0.0,0.0,0.0,0.0,0.0,0.0,0.0,0.0,0.0,0.0,0.0,0.0,0.0,0.0,0.0,0.0,0.0,0.0,0.0,0.0,0.0,0.0,0.0,-0.006165053640549,0.010762464466488,SPY
2013-03-27,-0.01976805619675031,0.18342932008140173,0.33809577309227007,-0.7778897124073146,0.3683351434831923,0.3524096857102967,0.2986386076694493,0.33832239166891404,-0.6417523267075513,-0.013884887465126573,0.0,0.0,0.0,0.0,0.0,0.0,0.0,0.0,0.0,0.0,0.0,0.0,0.0,0.0,0.0,0.0,0.0,0.0,0.0,0.0,0.0,0.0,0.0,0.0,0.0,0.0,0.0,0.0,0.0030686358261089,-0.0021149300338709,0.0148072217489989,SPY
2013-03-28,0.2145252368043263,0.4189262797019378,0.07234081412225503,-0.7864952186627177,0.3698817567329464,0.3594250546634255,0.3442824206416682,0.2926585330793071,-0.5624263215744636,0.7001950393128141,0.0,0.0,0.0,0.0,0.0,0.0,0.0,0.0,0.0,0.0,0.0,0.0,0.0,0.0,0.0,0.0,0.0,0.0,0.0,0.0,0.0,0.0,0.0,0.0,0.0,0.0,0.0,0.0,-0.0039655506530076,-0.009685126215893,0.0099712540621057,SPY
2013-04-01,-0.3225416577921679,0.14314653330613292,0.5170309243318889,-0.7657158936782236,0.3704184102678128,0.3650721605131076,0.139994806578528,-0.10641639188199209,-0.6344635081926144,-1.4420447410210082,0.0,0.0,0.0,0.0,0.0,0.0,0.0,0.0,0.0,0.0,0.0,0.0,0.0,0.0,0.0,0.0,0.0,0.0,0.0,0.0,0.0,0.0,0.0,0.0,0.0,0.0,0.0,0.0,0.004922742058441,0.0010250668787525,0.020612893077943,SPY
2013-04-02,0.35608802866475464,-0.07995372315863439,0.06017732318604683,-0.7676842094387868,0.37493215883660097,0.3706747806057228,0.2690042990972195,0.23563897985547602,-0.5562338314646528,-0.7279648142430675,0.0,0.0,0.0,0.0,0.0,0.0,0.0,0.0,0.0,0.0,0.0,0.0,0.0,0.0,0.0,0.0,0.0,0.0,0.0,0.0,0.0,0.0,0.0,0.0,0.0,0.0,0.0,0.0,-0.0101908808720914,-0.0004466157704117,0.0180728451685023,SPY
2013-04-03,-0.7978515999620528,0.024357534505532415,0.407924184285897,-0.7252223153280084,0.37644495123769,0.3726616286421327,-0.1304041751471798,-0.3344418884161678,0.7819529721811307,-0.013884887465126573,0.0,0.0,0.0,0.0,0.0,0.0,0.0,0.0,0.0,0.0,0.0,0.0,0.0,0.0,0.0,0.0,0.0,0.0,0.0,0.0,0.0,0.0,0.0,0.0,0.0,0.0,0.0,0.0,0.0040501236066781,0.0219186614576543,0.019457250171583,SPY
2013-04-04,0.28946277165070333,-0.3258769953200063,-0.28543731453725085,-0.7177970848549161,0.3768597615092446,0.3751636962764998,-0.004389252976134388,-0.3896047424708033,0.2013311850524558,0.7001950393128141,0.0,0.0,0.0,0.0,0.0,0.0,0.0,0.0,0.0,0.0,0.0,0.0,0.0,0.0,0.0,0.0,0.0,0.0,0.0,0.0,0.0,0.0,0.0,0.0,0.0,0.0,0.0,0.0,-0.004501560355913,0.0211403859303294,0.0246515485926002,SPY
2013-04-05,-0.36346651349049885,-0.374970152215259,-0.130812955642616,-0.7027986108220401,0.37881157498844686,0.3764676180690035,-0.1841920511207787,-0.5204681799323732,0.8899676270083293,1.414274966090755,0.0,0.0,0.0,0.0,0.0,0.0,0.0,0.0,0.0,0.0,0.0,0.0,0.0,0.0,0.0,0.0,0.0,0.0,0.0,0.0,0.0,0.0,0.0,0.0,0.0,0.0,0.0,0.0,0.0067446424416379,0.0231893040127006,0.0392431030546038,SPY
2013-04-08,0.4951918730073374,-0.054891308862948185,-0.41982555007843153,-0.6868428284018817,0.3802999476690167,0.3782525217302011,0.048925605947172615,-0.01163575673016799,-0.9658517611063894,-1.4420447410210082,0.0,0.0,0.0,0.0,0.0,0.0,0.0,0.0,0.0,0.0,0.0,0.0,0.0,0.0,0.0,0.0,0.0,0.0,0.0,0.0,0.0,0.0,0.0,0.0,0.0,0.0,0.0,0.0,0.0034510594092767,-0.0070018391680104,0.0350366530484453,SPY
2013-04-09,0.24372364472856312,0.09670121780739971,-0.010935130495509284,-0.688169661790928,0.38469171369852057,0.379979500743322,0.1607946167492012,0.21821125305427352,-0.5622326467352867,-0.7279648142430675,0.0,0.0,0.0,0.0,0.0,0.0,0.0,0.0,0.0,0.0,0.0,0.0,0.0,0.0,0.0,0.0,0.0,0.0,0.0,0.0,0.0,0.0,0.0,0.0,0.0,0.0,0.0,0.0,0.0121743963559746,0.0042013948303356,0.0366408602638861,SPY
2013-04-10,0.9097588000931601,0.5441123504416616,-0.0671205727739031,-0.6170041000920529,0.3907426511762542,0.3844832760544183,0.5739146184266276,0.3861707336476801,0.2837220015357997,-0.013884887465126573,0.0,0.0,0.0,0.0,0.0,0.0,0.0,0.0,0.0,0.0,0.0,0.0,0.0,0.0,0.0,0.0,0.0,0.0,0.0,0.0,0.0,0.0,0.0,0.0,0.0,0.0,0.0,0.0,0.0032718480793532,-0.0226923711618676,0.0290071540751739,SPY
2013-04-11,0.2300406875416489,0.8495880830263339,0.7867340224755742,-0.6146369565948209,0.3980622999131971,0.3893554097377164,0.6493999809517249,0.9168017151268381,-0.3744880032534421,0.7001950393128141,0.0,0.0,0.0,0.0,0.0,0.0,0.0,0.0,0.0,0.0,0.0,0.0,0.0,0.0,0.0,0.0,0.0,0.0,0.0,0.0,0.0,0.0,0.0,0.0,0.0,0.0,0.0,0.0,-0.0024526422735418,-0.0322370780955907,0.0229154751252655,SPY
2013-04-12,-0.20702964974674476,0.8395057269638784,0.7570212615470999,-0.6177816085898497,0.4032593131906141,0.3927385981446645,0.5232343864475765,0.5564259584490836,-0.2273202527421154,1.414274966090755,0.0,0.0,0.0,0.0,0.0,0.0,0.0,0.0,0.0,0.0,0.0,0.0,0.0,0.0,0.0,0.0,0.0,0.0,0.0,0.0,0.0,0.0,0.0,0.0,0.0,0.0,0.0,0.0,-0.0234465007390731,-0.0211290292898409,0.0286165491375278,SPY
2013-04-15,-1.8099309099216645,0.016594521154349114,0.8352442185926306,-0.34481460426675853,0.4009905075979055,0.3918696003231581,-0.3428617025782656,-0.3026468935487529,2.1929085022682395,-1.4420447410210082,0.0,0.0,0.0,0.0,0.0,0.0,0.0,0.0,0.0,0.0,0.0,0.0,0.0,0.0,0.0,0.0,0.0,0.0,0.0,0.0,0.0,0.0,0.0,0.0,0.0,0.0,0.0,0.0,0.0146542934076228,0.0067457623211417,0.0528581535883789,SPY
2013-04-16,1.0991013221320394,-1.4865688463808144,-0.31738385204605324,-0.27390826682035757,0.4024298551361407,0.39485619005400713,0.1722056856975253,-0.0901525451870074,0.4893584440685802,-0.7279648142430675,0.0,0.0,0.0,0.0,0.0,0.0,0.0,0.0,0.0,0.0,0.0,0.0,0.0,0.0,0.0,0.0,0.0,0.0,0.0,0.0,0.0,0.0,0.0,0.0,0.0,0.0,0.0,0.0,-0.0147193696362286,0.0023476551537697,0.048484584625358,SPY
2013-04-17,-1.143606067090675,-0.5241396475759534,0.11032972975291044,-0.188547821982344,0.4021369345532227,0.3954681836418151,-0.3799330646321564,-0.5322035640211652,2.2780619376041047,-0.013884887465126573,0.0,0.0,0.0,0.0,0.0,0.0,0.0,0.0,0.0,0.0,0.0,0.0,0.0,0.0,0.0,0.0,0.0,0.0,0.0,0.0,0.0,0.0,0.0,0.0,0.0,0.0,0.0,0.0,-0.0062728588543699,0.0177012278112504,0.0685759969533288,SPY
2013-04-18,-0.4987068553259012,-0.033154824126628187,-0.9164121005334714,-0.1935811026430993,0.39794045664988537,0.3935709709122499,-0.5920972609580233,-0.7778792404072056,0.8801958571916244,0.7001950393128141,0.0,0.0,0.0,0.0,0.0,0.0,0.0,0.0,0.0,0.0,0.0,0.0,0.0,0.0,0.0,0.0,0.0,0.0,0.0,0.0,0.0,0.0,0.0,0.0,0.0,0.0,0.0,0.0,0.0086554065322079,0.0280188439481312,0.0701425622484537,SPY
2013-04-19,0.6410805467687726,-1.2105078439870367,-1.2808069520956915,-0.1922072006095501,0.3987212145392935,0.394941865895564,-0.2869944315134989,-0.4349076158178696,0.4526068223929244,1.414274966090755,0.0,0.0,0.0,0.0,0.0,0.0,0.0,0.0,0.0,0.0,0.0,0.0,0.0,0.0,0.0,0.0,0.0,0.0,0.0,0.0,0.0,0.0,0.0,0.0,0.0,0.0,0.0,0.0,0.0044282908719095,0.017596105555139,0.0711174270322603,SPY
2013-04-22,0.31833620561195175,0.10454749493031781,-0.8567273209636118,-0.2080495490640469,0.3986236285078657,0.3956396051978459,-0.129878567812368,-0.4486918622907975,-0.5227669251846595,-1.4420447410210082,0.0,0.0,0.0,0.0,0.0,0.0,0.0,0.0,0.0,0.0,0.0,0.0,0.0,0.0,0.0,0.0,0.0,0.0,0.0,0.0,0.0,0.0,0.0,0.0,0.0,0.0,0.0,0.0,0.0102561862402508,0.019843903046059,0.0666296365791669,SPY
2013-04-23,0.7633016151587118,0.7065897980818836,0.20746780015884728,-0.1813214730974825,0.4011365152424541,0.3991035783421702,0.218519040629302,0.08556273075769912,0.8327646611615381,-0.7279648142430675,0.0,0.0,0.0,0.0,0.0,0.0,0.0,0.0,0.0,0.0,0.0,0.0,0.0,0.0,0.0,0.0,0.0,0.0,0.0,0.0,0.0,0.0,0.0,0.0,0.0,0.0,0.0,0.0,0.000634203021252,0.0119704109548086,0.0578100253325146,SPY
2013-04-24,0.02865395368011978,0.796649009187179,0.03955823315613222,-0.2007792785898612,0.3992090982711082,0.4011722941461695,0.2220458904831018,0.006986551419387709,-0.7404138726605898,-0.013884887465126573,0.0,0.0,0.0,0.0,0.0,0.0,0.0,0.0,0.0,0.0,0.0,0.0,0.0,0.0,0.0,0.0,0.0,0.0,0.0,0.0,0.0,0.0,0.0,0.0,0.0,0.0,0.0,0.0,0.0040447572825108,0.0025297320645458,0.0497305163996255,SPY
2013-04-25,0.28905304764573314,0.5831951797953936,0.6257221529413673,-0.1966095718577584,0.39757418405476197,0.4040242504117141,0.3458136845646269,0.23911778207678813,0.028863712402600196,0.7001950393128141,0.0,0.0,0.0,0.0,0.0,0.0,0.0,0.0,0.0,0.0,0.0,0.0,0.0,0.0,0.0,0.0,0.0,0.0,0.0,0.0,0.0,0.0,0.0,0.0,0.0,0.0,0.0,0.0,-0.0017673318607842,0.0077293968097302,0.0427885644780436,SPY
2013-04-26,-0.1547055414355596,0.23374272924266232,1.0196248915776922,-0.1967218058830422,0.39620777070081487,0.4059460118260688,0.260716189504878,0.02546761374300131,-0.7519201624088434,1.414274966090755,0.0,0.0,0.0,0.0,0.0,0.0,0.0,0.0,0.0,0.0,0.0,0.0,0.0,0.0,0.0,0.0,0.0,0.0,0.0,0.0,0.0,0.0,0.0,0.0,0.0,0.0,0.0,0.0,0.0066760883628296,0.0195867227766051,0.0437095470953989,SPY
2013-04-29,0.48995770323848,0.09863335983262492,0.6217088281554322,-0.1920534546640031,0.4064061609395522,0.4099241797655697,0.4726538047419057,0.1056709484202129,-0.9047020959940244,-1.4420447410210082,0.0,0.0,0.0,0.0,0.0,0.0,0.0,0.0,0.0,0.0,0.0,0.0,0.0,0.0,0.0,0.0,0.0,0.0,0.0,0.0,0.0,0.0,0.0,0.0,0.0,0.0,0.0,0.0,0.0023826941490003,0.0154488268492549,0.0430042464601232,SPY
2013-04-30,0.16215293085356083,0.24667096929238921,0.7075245413809218,-0.1971206038290507,0.4119446789016419,0.4134248827731905,0.5281545092515466,-0.14679261864077628,-0.2812149379632987,-0.7279648142430675,0.0,0.0,0.0,0.0,0.0,0.0,0.0,0.0,0.0,0.0,0.0,0.0,0.0,0.0,0.0,0.0,0.0,0.0,0.0,0.0,0.0,0.0,0.0,0.0,0.0,0.0,0.0,0.0,-0.0088064758690107,0.018121399324972,0.0341065183106197,SPY
2013-05-01,-0.6921509481417178,0.4801497338156047,0.40693281009050153,-0.2079237997053907,0.419678975421504,0.4171581228481228,0.160959857133583,-0.505282742963144,0.2417396838093329,-0.013884887465126573,0.0,0.0,0.0,0.0,0.0,0.0,0.0,0.0,0.0,0.0,0.0,0.0,0.0,0.0,0.0,0.0,0.0,0.0,0.0,0.0,0.0,0.0,0.0,0.0,0.0,0.0,0.0,0.0,0.0092444220276952,0.0314685653612452,0.0465978747966051,SPY
2013-05-02,0.6860524456471646,-0.3908929921765959,0.04650950880407752,-0.1864845350052936,0.4333663448357275,0.4219195778311139,0.461440367986126,-0.17785868117499218,-0.7082128579013371,0.7001950393128141,0.0,0.0,0.0,0.0,0.0,0.0,0.0,0.0,0.0,0.0,0.0,0.0,0.0,0.0,0.0,0.0,0.0,0.0,0.0,0.0,0.0,0.0,0.0,0.0,0.0,0.0,0.0,0.0,0.0100899941060905,0.0194043124629947,0.0228974767482199,SPY
2013-05-03,0.7506126860743285,-0.004854990526750786,0.24502069161476897,-0.1736643471192044,0.4477371182345531,0.4295209010650334,0.7685598640080868,0.8633715238220127,0.3647648398965362,1.414274966090755,0.0,0.0,0.0,0.0,0.0,0.0,0.0,0.0,0.0,0.0,0.0,0.0,0.0,0.0,0.0,0.0,0.0,0.0,0.0,0.0,0.0,0.0,0.0,0.0,0.0,0.0,0.0,0.0,0.0025381924354794,0.0125627500956246,0.0182983054041114,SPY
2013-05-06,0.17402537439516225,1.0582526751202834,0.6977059930731394,-0.1822477580290376,0.461424905476694,0.4363389256099756,0.7979543180784345,0.6122585496031202,-1.3212615276736548,-1.4420447410210082,0.0,0.0,0.0,0.0,0.0,0.0,0.0,0.0,0.0,0.0,0.0,0.0,0.0,0.0,0.0,0.0,0.0,0.0,0.0,0.0,0.0,0.0,0.0,0.0,0.0,0.0,0.0,0.0,0.0050552666247174,0.0108196613719231,0.0109420542126068,SPY
2013-05-07,0.36620640660072784,0.6809629434154928,0.5397306898294877,-0.1793476176562719,0.4731851132588545,0.4434995487117698,0.9199872561049416,1.481035718509449,-0.7921760025454729,-0.7279648142430675,0.0,0.0,0.0,0.0,0.0,0.0,0.0,0.0,0.0,0.0,0.0,0.0,0.0,0.0,0.0,0.0,0.0,0.0,0.0,0.0,0.0,0.0,0.0,0.0,0.0,0.0,0.0,0.0,0.0045406901672624,0.0160451191918076,-0.0082129391083816,SPY
2013-05-08,0.32691799978093405,0.3977112362477452,0.6417633302594784,-0.2175534149284287,0.4865065814805485,0.449215793812686,1.0370956549001245,1.9377362036418775,-0.6511987231607347,-0.013884887465126573,0.0,0.0,0.0,0.0,0.0,0.0,0.0,0.0,0.0,0.0,0.0,0.0,0.0,0.0,0.0,0.0,0.0,0.0,0.0,0.0,0.0,0.0,0.0,0.0,0.0,0.0,0.0,0.0,-0.0028198308705551,0.0168764717162872,-0.0037413932439376,SPY
2013-05-09,-0.23506485184362547,0.5103709389278902,1.1513272823364151,-0.2126194848299676,0.4971446427519381,0.4537325538408321,0.8850426237293567,1.6301478081554543,-0.4666419816385853,0.7001950393128141,0.0,0.0,0.0,0.0,0.0,0.0,0.0,0.0,0.0,0.0,0.0,0.0,0.0,0.0,0.0,0.0,0.0,0.0,0.0,0.0,0.0,0.0,0.0,0.0,0.0,0.0,0.0,0.0,0.0032484317387204,0.0149900090275973,0.0117184801147471,SPY
2013-05-10,0.22825282744100922,0.06732117746591221,0.6907419888755216,-0.2164528812060844,0.5097586818837669,0.4593753392151553,0.953561515425094,1.614314507598434,-0.5593858249354646,1.414274966090755,0.0,0.0,0.0,0.0,0.0,0.0,0.0,0.0,0.0,0.0,0.0,0.0,0.0,0.0,0.0,0.0,0.0,0.0,0.0,0.0,0.0,0.0,0.0,0.0,0.0,0.0,0.0,0.0,0.0007951037117779,0.0213718486048914,0.0084700483760267,SPY
2013-05-13,0.04093887596014868,-0.005380752745924586,0.4295469495073463,-0.49345873291751213,0.5201037065089287,0.4696816992614346,0.8829956265650092,1.4440122197121419,-1.0501875894434185,-1.4420447410210082,0.0,0.0,0.0,0.0,0.0,0.0,0.0,0.0,0.0,0.0,0.0,0.0,0.0,0.0,0.0,0.0,0.0,0.0,0.0,0.0,0.0,0.0,0.0,0.0,0.0,0.0,0.0,0.0,0.0102807244446019,0.0205172453119297,-0.0026938727984058,SPY
2013-05-14,0.7651751306318861,0.19799398710520344,0.362999850560933,-0.5372313982434671,0.5336448593646451,0.4792537182424833,1.1824433413980966,1.6252334402507769,-0.1679472312056025,-0.7279648142430675,0.0,0.0,0.0,0.0,0.0,0.0,0.0,0.0,0.0,0.0,0.0,0.0,0.0,0.0,0.0,0.0,0.0,0.0,0.0,0.0,0.0,0.0,0.0,0.0,0.0,0.0,0.0,0.0,0.005372042691742,0.0116730958609263,-0.0212864713698355,SPY
2013-05-15,0.39039256360758057,0.5936278961129182,0.5624957533522315,-0.7123701276583664,0.5527734160488138,0.4927304570819261,1.2566703883283945,1.6493284249858766,-0.1376668637045575,-0.013884887465126573,0.0,0.0,0.0,0.0,0.0,0.0,0.0,0.0,0.0,0.0,0.0,0.0,0.0,0.0,0.0,0.0,0.0,0.0,0.0,0.0,0.0,0.0,0.0,0.0,0.0,0.0,0.0,0.0,-0.004706293559245,-0.0011442527424527,-0.0115641002038326,SPY
2013-05-16,-0.3790980902280152,0.8511246095842698,0.5942348713636268,-0.7307083694380956,0.5664123870625795,0.5064397213431946,0.9427354702880588,1.4433608296243454,-0.3806565324575879,0.7001950393128141,0.0,0.0,0.0,0.0,0.0,0.0,0.0,0.0,0.0,0.0,0.0,0.0,0.0,0.0,0.0,0.0,0.0,0.0,0.0,0.0,0.0,0.0,0.0,0.0,0.0,0.0,0.0,0.0,0.0096302713160145,0.0006648461777212,-0.0131503610600116,SPY
2013-05-17,0.7155124094503906,0.007961111530213415,0.5222140857914623,-0.7235018041261682,0.5800023793593336,0.5204672683862474,1.17519200754236,1.4987929717491129,0.1275333693637777,1.414274966090755,0.0,0.0,0.0,0.0,0.0,0.0,0.0,0.0,0.0,0.0,0.0,0.0,0.0,0.0,0.0,0.0,0.0,0.0,0.0,0.0,0.0,0.0,0.0,0.0,0.0,0.0,0.0,0.0,-5.9499581183786177e-05,-0.0098117743817223,-0.0150884721622155,SPY
2013-05-20,-0.024310906374384808,0.24752731085244692,0.7658579715189078,-0.7161346459848715,0.5925675326248007,0.5336380220772725,1.045387745056524,1.4563953621413384,-0.9677677420594132,-1.4420447410210082,0.0,0.0,0.0,0.0,0.0,0.0,0.0,0.0,0.0,0.0,0.0,0.0,0.0,0.0,0.0,0.0,0.0,0.0,0.0,0.0,0.0,0.0,0.0,0.0,0.0,0.0,0.0,0.0,0.0014365749935985,-0.0037814870729846,-0.0071544092805684,SPY
2013-05-21,0.08991582451319498,0.508954037922028,0.7332311929026794,-0.7481512832546412,0.6037177348598893,0.5451318723455933,0.9896342931188472,2.087134456817516,-0.7107682429347613,-0.7279648142430675,0.0,0.0,0.0,0.0,0.0,0.0,0.0,0.0,0.0,0.0,0.0,0.0,0.0,0.0,0.0,0.0,0.0,0.0,0.0,0.0,0.0,0.0,0.0,0.0,0.0,0.0,0.0,0.0,-0.007445305911637,-0.0117330960670862,-0.0225041914708015,SPY
2013-05-22,-0.588224314380289,0.04798003686140562,0.3955820069432971,-0.684295726185558,0.6100370107113872,0.5549853743722146,0.6125272570712442,1.3820104894183336,3.0649757774058006,-0.013884887465126573,0.0,0.0,0.0,0.0,0.0,0.0,0.0,0.0,0.0,0.0,0.0,0.0,0.0,0.0,0.0,0.0,0.0,0.0,0.0,0.0,0.0,0.0,0.0,0.0,0.0,0.0,0.0,0.0,-0.002897194639071,-0.0006029095384745,-0.0401490282540919,SPY
2013-05-23,-0.24097164988409128,-0.3675424039561205,-0.09375474002874151,-0.669471622672522,0.6163072614205513,0.563468051288438,0.4230056793279405,0.9261741339823645,2.107568223769617,0.7001950393128141,0.0,0.0,0.0,0.0,0.0,0.0,0.0,0.0,0.0,0.0,0.0,0.0,0.0,0.0,0.0,0.0,0.0,0.0,0.0,0.0,0.0,0.0,0.0,0.0,0.0,0.0,0.0,0.0,-0.0008463492434289,-0.0121616909200934,-0.0340472404130984,SPY
2013-05-24,-0.0843876339207608,-0.6113585094885284,-0.02468752433990969,-0.6733659245888006,0.6209429693159617,0.5721220216603453,0.3098735966692256,0.7858096448062563,0.6578653908990327,1.414274966090755,0.0,0.0,0.0,0.0,0.0,0.0,0.0,0.0,0.0,0.0,0.0,0.0,0.0,0.0,0.0,0.0,0.0,0.0,0.0,0.0,0.0,0.0,0.0,0.0,0.0,0.0,0.0,0.0,0.0059707877275538,-0.0058245189146823,-0.0459171329002519,SPY
2013-05-28,0.4361073222357737,-0.24010390857690836,-0.4246606843479751,-0.6769562522406937,0.6276769625883656,0.580690339481667,0.4539582023802664,0.8198214882328042,0.4844803289397192,-0.7279648142430675,0.0,0.0,0.0,0.0,0.0,0.0,0.0,0.0,0.0,0.0,0.0,0.0,0.0,0.0,0.0,0.0,0.0,0.0,0.0,0.0,0.0,0.0,0.0,0.0,0.0,0.0,0.0,0.0,-0.0065150340005031,-0.0166133653982614,-0.0423197510654427,SPY
2013-05-29,-0.5171971603623616,0.2588051493161129,-0.19443825174701163,-0.6345367102443038,0.6276527749944677,0.5874716225178269,0.1462073738735148,0.22977513263430763,0.8612472860810707,-0.013884887465126573,0.0,0.0,0.0,0.0,0.0,0.0,0.0,0.0,0.0,0.0,0.0,0.0,0.0,0.0,0.0,0.0,0.0,0.0,0.0,0.0,0.0,0.0,0.0,0.0,0.0,0.0,0.0,0.0,0.0036848806169746,-0.0241980580940293,-0.0259526593524164,SPY
2013-05-30,0.26157611854084206,-0.06011273467611478,-0.4980123058490826,-0.7040423927528202,0.6269452530539545,0.5967132124750436,0.1980859118736344,0.5411705778413591,-0.4046545213935023,0.7001950393128141,0.0,0.0,0.0,0.0,0.0,0.0,0.0,0.0,0.0,0.0,0.0,0.0,0.0,0.0,0.0,0.0,0.0,0.0,0.0,0.0,0.0,0.0,0.0,0.0,0.0,0.0,0.0,0.0,-0.0144559760206899,-0.0188707026792975,-0.0237844294786873,SPY
2013-05-31,-1.1234957115330155,-0.18871693299547748,-0.0730875076215431,-0.5831092090561472,0.6223339184537381,0.6012422584910709,-0.3802454589495737,-0.3299257740455638,1.2169054529521464,1.414274966090755,0.0,0.0,0.0,0.0,0.0,0.0,0.0,0.0,0.0,0.0,0.0,0.0,0.0,0.0,0.0,0.0,0.0,0.0,0.0,0.0,0.0,0.0,0.0,0.0,0.0,0.0,0.0,0.0,0.005490822761982,0.008225315829522,-0.0134347499159375,SPY
2013-06-03,0.3994615360684532,-0.6354710804760827,-0.5143750667935898,-0.6177041094258215,0.6160146426022403,0.6048898809518767,-0.2109233180261265,-0.14676397298834687,0.981017411208669,-1.4420447410210082,0.0,0.0,0.0,0.0,0.0,0.0,0.0,0.0,0.0,0.0,0.0,0.0,0.0,0.0,0.0,0.0,0.0,0.0,0.0,0.0,0.0,0.0,0.0,0.0,0.0,0.0,0.0,0.0,-0.0048180587560251,0.0027344930675399,-0.0130827650735945,SPY
2013-06-04,-0.3876314703618603,-0.5338695146491235,-0.27243648572756274,-0.6022092438610402,0.6077922534366045,0.6070685883724999,-0.4086377360820852,-0.7682021407998901,0.7066459463249088,-0.7279648142430675,0.0,0.0,0.0,0.0,0.0,0.0,0.0,0.0,0.0,0.0,0.0,0.0,0.0,0.0,0.0,0.0,0.0,0.0,0.0,0.0,0.0,0.0,0.0,0.0,0.0,0.0,0.0,0.0,-0.014099726696271,-0.0028162656390895,-0.0091943996514736,SPY
2013-06-05,-1.0962957334067907,0.008355765439572714,-0.6843297099208665,-0.5094478908283656,0.593397153167909,0.6054406658645148,-0.9092830268681036,-1.4547998949216374,1.885246639231542,-0.013884887465126573,0.0,0.0,0.0,0.0,0.0,0.0,0.0,0.0,0.0,0.0,0.0,0.0,0.0,0.0,0.0,0.0,0.0,0.0,0.0,0.0,0.0,0.0,0.0,0.0,0.0,0.0,0.0,0.0,0.0090122360317064,0.0029715869303537,0.0053388298830006,SPY
2013-06-06,0.6683248218196312,-1.0938005278124672,-0.9738957477480036,-0.47831524604303793,0.5855896206991513,0.6046940271659174,-0.5738553161235779,-0.911254888597308,1.5461148753116432,0.7001950393128141,0.0,0.0,0.0,0.0,0.0,0.0,0.0,0.0,0.0,0.0,0.0,0.0,0.0,0.0,0.0,0.0,0.0,0.0,0.0,0.0,0.0,0.0,0.0,0.0,0.0,0.0,0.0,0.0,0.0126400424881296,0.0090537647563921,0.0070577906060425,SPY
2013-06-07,0.9453113295746883,-0.315713804399627,-0.770509630285185,-0.41030871256780016,0.5840037316251402,0.607044109560626,-0.1293987808090462,-0.7934014624839678,1.2315391814257644,1.414274966090755,0.0,0.0,0.0,0.0,0.0,0.0,0.0,0.0,0.0,0.0,0.0,0.0,0.0,0.0,0.0,0.0,0.0,0.0,0.0,0.0,0.0,0.0,0.0,0.0,0.0,0.0,0.0,0.0,0.0,-0.0098788321471614,0.0001063335237985,SPY
2013-06-10,-0.01976805619675031,1.188654664156952,0.26395373365144315,-0.41359515465586283,0.5827593472358018,0.6087454917952042,-0.1450169370412639,-0.7916028909344738,-0.6047847887525081,-1.4420447410210082,0.0,0.0,0.0,0.0,0.0,0.0,0.0,0.0,0.0,0.0,0.0,0.0,0.0,0.0,0.0,0.0,0.0,0.0,0.0,0.0,0.0,0.0,0.0,0.0,0.0,0.0,0.0,0.0,-0.0103688174626546,-0.0021866719333507,0.0072779483475313,SPY
2013-06-11,-0.8114372295743159,0.6816299541157781,0.05432681066676153,-0.36494372441511763,0.574951907617693,0.6082069579339893,-0.5224843143814325,-1.1247387184070723,0.5832457636408417,-0.7279648142430675,0.0,0.0,0.0,0.0,0.0,0.0,0.0,0.0,0.0,0.0,0.0,0.0,0.0,0.0,0.0,0.0,0.0,0.0,0.0,0.0,0.0,0.0,0.0,0.0,0.0,0.0,0.0,0.0,-0.0083118741268277,0.0160567088297671,0.0180103994065339,SPY
2013-06-12,-0.6543876300203018,-0.6128390881819803,-0.1575883281641109,-0.39068183503897325,0.5664854140975151,0.6039472953034303,-0.7877685878064221,-1.1404928059556985,0.9508453333175664,-0.013884887465126573,0.0,0.0,0.0,0.0,0.0,0.0,0.0,0.0,0.0,0.0,0.0,0.0,0.0,0.0,0.0,0.0,0.0,0.0,0.0,0.0,0.0,0.0,0.0,0.0,0.0,0.0,0.0,0.0,0.0150944138577449,0.0104553757599603,0.0398506682681869,SPY
2013-06-13,1.1327049412708339,-1.080461724143457,0.06337850639155083,-0.29961681202818713,0.562532901272747,0.6016094173781995,-0.2123521656911429,-0.5517029494438653,0.6508127553154185,0.7001950393128141,0.0,0.0,0.0,0.0,0.0,0.0,0.0,0.0,0.0,0.0,0.0,0.0,0.0,0.0,0.0,0.0,0.0,0.0,0.0,0.0,0.0,0.0,0.0,0.0,0.0,0.0,0.0,0.0,-0.0062925544154239,-0.029729180792712,0.0251744222019523,SPY
2013-06-14,-0.500210630331584,0.3520892467272349,0.29558199901673243,-0.29334110306742545,0.5618740330719755,0.5989654262042033,-0.420322374035137,-0.6866874049009792,0.1488990313103769,1.414274966090755,0.0,0.0,0.0,0.0,0.0,0.0,0.0,0.0,0.0,0.0,0.0,0.0,0.0,0.0,0.0,0.0,0.0,0.0,0.0,0.0,0.0,0.0,0.0,0.0,0.0,0.0,0.0,0.0,0.0076921602138106,-0.0202320331753655,0.0352803859431674,SPY
2013-06-17,0.5675357650816483,0.4656953470948794,-0.4272207948524622,-0.30811069460021356,0.5620937641313221,0.5959053651012763,-0.10804623853759429,-0.6385229036022534,0.0381432224600859,-1.4420447410210082,0.0,0.0,0.0,0.0,0.0,0.0,0.0,0.0,0.0,0.0,0.0,0.0,0.0,0.0,0.0,0.0,0.0,0.0,0.0,0.0,0.0,0.0,0.0,0.0,0.0,0.0,0.0,0.0,0.0078745633004633,-0.0406404351197586,0.0238345888108204,SPY
2013-06-18,0.5814624159607823,0.04924758715351731,-0.1335518955590808,-0.27947749255637316,0.5674126670973756,0.594448724403488,0.1988201389005215,-0.2575755933587992,-0.4391831101455644,-0.7279648142430675,0.0,0.0,0.0,0.0,0.0,0.0,0.0,0.0,0.0,0.0,0.0,0.0,0.0,0.0,0.0,0.0,0.0,0.0,0.0,0.0,0.0,0.0,0.0,0.0,0.0,0.0,0.0,0.0,-0.0139132071966345,-0.0389468288578589,0.0185234841023831,SPY
2013-06-19,-1.0820547904421889,0.8462838306280318,0.5629382189442331,-0.2140048710870509,0.5727314772127804,0.5898952694485038,-0.2763032293786646,-0.6878639576113826,1.5184882603951877,-0.013884887465126573,0.0,0.0,0.0,0.0,0.0,0.0,0.0,0.0,0.0,0.0,0.0,0.0,0.0,0.0,0.0,0.0,0.0,0.0,0.0,0.0,0.0,0.0,0.0,0.0,0.0,0.0,0.0,0.0,-0.0250901426949274,-0.0151815639487011,0.0378997983788496,SPY
2013-06-20,-1.935424552104726,-0.3692252958611751,0.34909226781175184,-0.03198681027341549,0.5646068365672073,0.5819023085155828,-1.1197561749481248,-0.8888356546818275,3.414501894692706,0.7001950393128141,0.0,0.0,0.0,0.0,0.0,0.0,0.0,0.0,0.0,0.0,0.0,0.0,0.0,0.0,0.0,0.0,0.0,0.0,0.0,0.0,0.0,0.0,0.0,0.0,0.0,0.0,0.0,0.0,0.0032045932019224,0.0157616892369301,0.0647647949608645,SPY
2013-06-21,0.22490571304595372,-2.223806161264997,-1.185061229177062,-0.023975851715994378,0.5526800779345491,0.5751231915398449,-0.9426360135226358,-0.9518018453141043,2.301875484018628,1.414274966090755,0.0,0.0,0.0,0.0,0.0,0.0,0.0,0.0,0.0,0.0,0.0,0.0,0.0,0.0,0.0,0.0,0.0,0.0,0.0,0.0,0.0,0.0,0.0,0.0,0.0,0.0,0.0,0.0,-0.0127162417305823,0.0084507995770675,0.0635088090345785,SPY
2013-06-24,-0.9906653273251061,-1.260765717907044,-0.8224820823977953,0.012540959627218424,0.5358233444891599,0.5660420996726568,-1.3195669344668264,-1.081008720504651,1.363132515853554,-1.4420447410210082,0.0,0.0,0.0,0.0,0.0,0.0,0.0,0.0,0.0,0.0,0.0,0.0,0.0,0.0,0.0,0.0,0.0,0.0,0.0,0.0,0.0,0.0,0.0,0.0,0.0,0.0,0.0,0.0,0.009568169562363,0.027009848911975,0.0740989766921904,SPY
2013-06-25,0.7107708809052451,-0.5646151148321972,-1.6016277019321203,0.035152156859574325,0.5268178993805694,0.5576072973499692,-0.8978561677800284,-0.5914613190506735,0.2957990706527968,-0.7279648142430675,0.0,0.0,0.0,0.0,0.0,0.0,0.0,0.0,0.0,0.0,0.0,0.0,0.0,0.0,0.0,0.0,0.0,0.0,0.0,0.0,0.0,0.0,0.0,0.0,0.0,0.0,0.0,0.0,0.0098520577125231,0.0165119860157076,0.0608583748078324,SPY
2013-06-26,0.7324460138679382,-0.20660291368411526,-1.5369697290163336,0.06928840519242924,0.5249571259620839,0.5524262438557457,-0.4906145867195736,-0.5742777600331734,-0.1973690522110961,-0.013884887465126573,0.0,0.0,0.0,0.0,0.0,0.0,0.0,0.0,0.0,0.0,0.0,0.0,0.0,0.0,0.0,0.0,0.0,0.0,0.0,0.0,0.0,0.0,0.0,0.0,0.0,0.0,0.0,0.0,0.0058531104907038,0.0070934311413877,0.0534361594323806,SPY
2013-06-27,0.42712255216358996,1.0630803747923363,-0.6296668396722581,0.07722991264549574,0.5193999682323364,0.5476553676744644,-0.2307550769144988,-0.7451554180372006,-0.2848643253393189,0.7001950393128141,0.0,0.0,0.0,0.0,0.0,0.0,0.0,0.0,0.0,0.0,0.0,0.0,0.0,0.0,0.0,0.0,0.0,0.0,0.0,0.0,0.0,0.0,0.0,0.0,0.0,0.0,0.0,0.0,-0.0041062964579401,0.0119715174054322,0.0486483644804485,SPY
2013-06-28,-0.33328773519671173,0.8540726721570517,0.5516750527217107,0.023762769962971327,0.5147369622463066,0.5449854536483129,-0.3575688710657588,-0.8242971484901195,0.2535708775908598,1.414274966090755,0.0,0.0,0.0,0.0,0.0,0.0,0.0,0.0,0.0,0.0,0.0,0.0,0.0,0.0,0.0,0.0,0.0,0.0,0.0,0.0,0.0,0.0,0.0,0.0,0.0,0.0,0.0,0.0,0.005842807604325,0.021766399269258,0.0496748791711407,SPY
2013-07-01,0.4263359168917969,0.06878138029203582,0.2725621820079068,0.02516600696052683,0.5093053385931429,0.5423707159355091,-0.11720783483142079,-0.46578215012436536,-0.2413789833050979,-1.4420447410210082,0.0,0.0,0.0,0.0,0.0,0.0,0.0,0.0,0.0,0.0,0.0,0.0,0.0,0.0,0.0,0.0,0.0,0.0,0.0,0.0,0.0,0.0,0.0,0.0,0.0,0.0,0.0,0.0,-0.0009296933339042,0.0230952064886658,0.0438320715668156,SPY
2013-07-02,-0.090751035287419,0.06820174412179252,0.981103793027447,0.01948337870045763,0.5003341089484732,0.5405383918547348,-0.1345801466734217,-0.2930895475796433,0.1454292648645697,-0.7279648142430675,0.0,0.0,0.0,0.0,0.0,0.0,0.0,0.0,0.0,0.0,0.0,0.0,0.0,0.0,0.0,0.0,0.0,0.0,0.0,0.0,0.0,0.0,0.0,0.0,0.0,0.0,0.0,0.0,0.0004335028382032,0.024388533418918,0.0454734210350915,SPY
2013-07-03,0.013330301915274083,0.24691613555736952,0.5803196496934894,-0.043789470354100586,0.49712161579114467,0.5415951032673865,-0.1283704983349401,-0.6923188698413183,-1.2585575808399687,-0.013884887465126573,0.0,0.0,0.0,0.0,0.0,0.0,0.0,0.0,0.0,0.0,0.0,0.0,0.0,0.0,0.0,0.0,0.0,0.0,0.0,0.0,0.0,0.0,0.0,0.0,0.0,0.0,0.0,0.0,0.0107311967547483,0.03748342531554,0.0565316608107089,SPY
2013-07-05,0.7995691242273507,-0.057409136319463885,0.22074099220403617,-0.032965057691917585,0.508058377598313,0.5430059073317143,0.258420384177109,-0.22539053527491607,-0.4182704682696345,1.414274966090755,0.0,0.0,0.0,0.0,0.0,0.0,0.0,0.0,0.0,0.0,0.0,0.0,0.0,0.0,0.0,0.0,0.0,0.0,0.0,0.0,0.0,0.0,0.0,0.0,0.0,0.0,0.0,0.0,0.0056885854058856,0.027170396352302,0.0474978171772288,SPY
2013-07-08,0.4145609038978143,0.5986277667554736,0.4069750518181467,-0.07456402295506649,0.5200278939545413,0.5430273583171898,0.4719799989440663,-0.27738764366165186,-0.6705952569380167,-1.4420447410210082,0.0,0.0,0.0,0.0,0.0,0.0,0.0,0.0,0.0,0.0,0.0,0.0,0.0,0.0,0.0,0.0,0.0,0.0,0.0,0.0,0.0,0.0,0.0,0.0,0.0,0.0,0.0,0.0,0.0071716148237328,0.0252952202722074,0.0403460912056923,SPY
2013-07-09,0.5277916245224519,0.8942765608780074,0.7809210040220504,-0.05816700274245019,0.5398216791088948,0.5445008383879409,0.7291407147951711,-0.29600810452079507,-0.4736964331795964,-0.7279648142430675,0.0,0.0,0.0,0.0,0.0,0.0,0.0,0.0,0.0,0.0,0.0,0.0,0.0,0.0,0.0,0.0,0.0,0.0,0.0,0.0,0.0,0.0,0.0,0.0,0.0,0.0,0.0,0.0,0.0003636335963479,0.0143699685299383,0.0274758431923629,SPY
2013-07-10,0.007995718184455785,0.6940159385317448,0.8316517925976653,-0.09919455809744168,0.5560591219423756,0.5481290361778607,0.7083315056319309,0.15609376805417552,-0.4145400847964538,-0.013884887465126573,0.0,0.0,0.0,0.0,0.0,0.0,0.0,0.0,0.0,0.0,0.0,0.0,0.0,0.0,0.0,0.0,0.0,0.0,0.0,0.0,0.0,0.0,0.0,0.0,0.0,0.0,0.0,0.0,0.0135283947348252,0.0165697935256163,0.0238664928694172,SPY
2013-07-11,1.0131378769454582,0.3944363294629703,0.8810280257332845,-0.08182763049729058,0.5739643945470465,0.5561783496182302,1.147224733335315,1.5616325112504024,-0.1561519580617043,0.7001950393128141,0.0,0.0,0.0,0.0,0.0,0.0,0.0,0.0,0.0,0.0,0.0,0.0,0.0,0.0,0.0,0.0,0.0,0.0,0.0,0.0,0.0,0.0,0.0,0.0,0.0,0.0,0.0,0.0,0.0004181677915102,0.008504505870623,0.0139963419084665,SPY
2013-07-12,0.012159456369687082,0.7520661651528123,1.3809607341995458,-0.1444842768582447,0.5897356807004287,0.5613026430129909,1.114011180418056,1.5239771384733125,-0.6964511642915188,1.414274966090755,0.0,0.0,0.0,0.0,0.0,0.0,0.0,0.0,0.0,0.0,0.0,0.0,0.0,0.0,0.0,0.0,0.0,0.0,0.0,0.0,0.0,0.0,0.0,0.0,0.0,0.0,0.0,0.0,0.0038134093257911,0.0098611919662001,0.0106877989829028,SPY
2013-07-15,0.27138940892140134,0.7551342366494106,0.9872331232512962,-0.1644786438606166,0.6086957830958081,0.5684753075474577,1.1914458806687802,2.3732428528231884,-1.283275669418734,-1.4420447410210082,0.0,0.0,0.0,0.0,0.0,0.0,0.0,0.0,0.0,0.0,0.0,0.0,0.0,0.0,0.0,0.0,0.0,0.0,0.0,0.0,0.0,0.0,0.0,0.0,0.0,0.0,0.0,0.0,-0.0037536369185362,0.0079963899160455,0.0056930413969231,SPY
2013-07-16,-0.30636184060466626,0.20857313430585073,0.915643234310352,-0.1685626309734282,0.623804951275727,0.5733304038845283,1.0011727484259485,2.012556668676701,-0.909957037916092,-0.7279648142430675,0.0,0.0,0.0,0.0,0.0,0.0,0.0,0.0,0.0,0.0,0.0,0.0,0.0,0.0,0.0,0.0,0.0,0.0,0.0,0.0,0.0,0.0,0.0,0.0,0.0,0.0,0.0,0.0,0.002563458592026,0.0096239527616113,0.0123984965208086,SPY
2013-07-17,0.17595446971772125,-0.026130890979115386,0.4985423725921043,-0.1847372907095307,0.6403365449632163,0.5771233387214317,1.063001793624606,1.9318252034854861,-0.8282769267552577,-0.013884887465126573,0.0,0.0,0.0,0.0,0.0,0.0,0.0,0.0,0.0,0.0,0.0,0.0,0.0,0.0,0.0,0.0,0.0,0.0,0.0,0.0,0.0,0.0,0.0,0.0,0.0,0.0,0.0,0.0,0.0054631070798318,0.0033880618475903,0.0046931253180639,SPY
2013-07-18,0.3973454171130881,-0.09645260760119789,0.5825266068204742,-0.26802030847697084,0.6589533320862797,0.5848514696539666,1.1986141441605096,1.9302528496839766,-0.6173623868540656,0.7001950393128141,0.0,0.0,0.0,0.0,0.0,0.0,0.0,0.0,0.0,0.0,0.0,0.0,0.0,0.0,0.0,0.0,0.0,0.0,0.0,0.0,0.0,0.0,0.0,0.0,0.0,0.0,0.0,0.0,0.0017748538870874,0.0003547971048298,-0.0148550907736826,SPY
2013-07-19,0.11574374297583445,0.4220776369302963,0.2746125641730174,-0.6258255998851555,0.6740379876950301,0.5979060712661969,1.1421646826093246,2.2991249185747114,-0.616781156293063,1.414274966090755,0.0,0.0,0.0,0.0,0.0,0.0,0.0,0.0,0.0,0.0,0.0,0.0,0.0,0.0,0.0,0.0,0.0,0.0,0.0,0.0,0.0,0.0,0.0,0.0,0.0,0.0,0.0,0.0,0.0019486072756365,-0.0003547412434858,-0.0199407778944413,SPY
2013-07-22,0.12900998109601056,0.3777110590408753,0.32640770380875117,-0.6249170430949732,0.6876509141019305,0.6107404450899702,1.094942598488755,2.269533458847743,-1.024890335833172,-1.4420447410210082,0.0,0.0,0.0,0.0,0.0,0.0,0.0,0.0,0.0,0.0,0.0,0.0,0.0,0.0,0.0,0.0,0.0,0.0,0.0,0.0,0.0,0.0,0.0,0.0,0.0,0.0,0.0,0.0,-0.0021260740729704,-0.0053831302863702,-0.0283023955400336,SPY
2013-07-23,-0.1820958539374424,0.17998673869542411,0.25521387135506607,-0.7702146814815428,0.697486583282844,0.6256051511954134,0.8735104426091208,2.1483131930021973,-0.990992159186914,-0.7279648142430675,0.0,0.0,0.0,0.0,0.0,0.0,0.0,0.0,0.0,0.0,0.0,0.0,0.0,0.0,0.0,0.0,0.0,0.0,0.0,0.0,0.0,0.0,0.0,0.0,0.0,0.0,0.0,0.0,-0.0036724323219949,-0.0032570562133997,-0.0212725732748051,SPY
2013-07-24,-0.3001617916550293,-0.03947787151688949,0.31735045927089783,-0.7623344072418065,0.7056541905659466,0.6378488426710219,0.6197121151714411,1.8123379452562207,-0.4379333522962433,-0.013884887465126573,0.0,0.0,0.0,0.0,0.0,0.0,0.0,0.0,0.0,0.0,0.0,0.0,0.0,0.0,0.0,0.0,0.0,0.0,0.0,0.0,0.0,0.0,0.0,0.0,0.0,0.0,0.0,0.0,0.0024298423370714,0.0011270322429668,-0.0237792260019267,SPY
2013-07-25,0.16575274030251055,-0.3557152583421256,0.07927855619922172,-0.7970980256713084,0.7093087920854477,0.6486651469100337,0.6112009388890636,1.6728807020101597,-0.4683304862834481,0.7001950393128141,0.0,0.0,0.0,0.0,0.0,0.0,0.0,0.0,0.0,0.0,0.0,0.0,0.0,0.0,0.0,0.0,0.0,0.0,0.0,0.0,0.0,0.0,0.0,0.0,0.0,0.0,0.0,0.0,0.0010653155387716,0.0101889325197159,-0.0171354580907969,SPY
2013-07-26,0.061569808511851475,-0.09940126604914458,-0.036524481375655594,-0.8035001618804537,0.7132332640144105,0.6585462487388148,0.5600287134340488,1.5747335192615646,-0.5154969075740624,1.414274966090755,0.0,0.0,0.0,0.0,0.0,0.0,0.0,0.0,0.0,0.0,0.0,0.0,0.0,0.0,0.0,0.0,0.0,0.0,0.0,0.0,0.0,0.0,0.0,0.0,0.0,0.0,0.0,0.0,-0.0030797817672478,0.0108209701022126,-0.0148338527113853,SPY
2013-07-29,-0.25491235251037747,0.16714248923003172,-0.0636130156708948,-0.8127749447305431,0.7143124671003138,0.6685997037625174,0.3515310070123598,1.0536482076062608,-0.9995820559923512,-1.4420447410210082,0.0,0.0,0.0,0.0,0.0,0.0,0.0,0.0,0.0,0.0,0.0,0.0,0.0,0.0,0.0,0.0,0.0,0.0,0.0,0.0,0.0,0.0,0.0,0.0,0.0,0.0,0.0,0.0,0.0,0.0124376113038096,-0.0154821501171733,SPY
2013-07-30,-0.01976805619675031,-0.14282670754869187,-0.25558528801013836,-0.8179287194880659,0.7169368906762462,0.6774964126475974,0.2701872212394199,1.0401943082799736,-0.8788892782412838,-0.7279648142430675,0.0,0.0,0.0,0.0,0.0,0.0,0.0,0.0,0.0,0.0,0.0,0.0,0.0,0.0,0.0,0.0,0.0,0.0,0.0,0.0,0.0,0.0,0.0,0.0,0.0,0.0,0.0,0.0,0.0007116561343716,0.006738978114213,-0.0316971564605772,SPY
2013-07-31,0.03456757326690098,-0.20276092367970847,-0.1744166935619301,-0.8237903661169135,0.7188010531433964,0.6867253206704031,0.2128018893852531,0.37410620615709134,0.0924957479341597,-0.013884887465126573,0.0,0.0,0.0,0.0,0.0,0.0,0.0,0.0,0.0,0.0,0.0,0.0,0.0,0.0,0.0,0.0,0.0,0.0,0.0,0.0,0.0,0.0,0.0,0.0,0.0,0.0,0.0,0.0,0.0114917426138205,0.0027816052532436,-0.0288636461157318,SPY
2013-08-01,0.8576375311345035,0.010543820663933414,-0.007042328546181784,-0.7685340434896243,0.7231913567751889,0.6982676743885121,0.5395388842982491,0.9818474654980178,-0.4784487077075763,0.7001950393128141,0.0,0.0,0.0,0.0,0.0,0.0,0.0,0.0,0.0,0.0,0.0,0.0,0.0,0.0,0.0,0.0,0.0,0.0,0.0,0.0,0.0,0.0,0.0,0.0,0.0,0.0,0.0,0.0,0.0016973531212682,-0.0050518935867023,-0.0387709227156163,SPY
2013-08-02,0.10982648505966446,0.6570645560442924,0.33892008068722346,-0.8160368514864464,0.7275569621345167,0.7080256135558397,0.514517068918096,0.8931956934921249,-0.8171241809426918,1.414274966090755,0.0,0.0,0.0,0.0,0.0,0.0,0.0,0.0,0.0,0.0,0.0,0.0,0.0,0.0,0.0,0.0,0.0,0.0,0.0,0.0,0.0,0.0,0.0,0.0,0.0,0.0,0.0,0.0,-0.0014631405656508,-0.009639621842024,-0.0436406476608741,SPY
2013-08-05,-0.1314802438513107,0.7125194650381794,0.36304981485872534,-0.8151354679570327,0.7305001884115974,0.7163316168017824,0.3839100370691777,1.140287288814511,-1.4283979763361392,-1.4420447410210082,0.0,0.0,0.0,0.0,0.0,0.0,0.0,0.0,0.0,0.0,0.0,0.0,0.0,0.0,0.0,0.0,0.0,0.0,0.0,0.0,0.0,0.0,0.0,0.0,0.0,0.0,0.0,0.0,-0.0056986331895965,-0.0093578295365617,-0.0376656296740396,SPY
2013-08-06,-0.45486417422936687,-0.016316959638231286,0.4247694396492919,-0.7967711221329239,0.7319472193409835,0.7219919985056679,0.11932005471899292,0.42658041925438145,-0.8412603158730861,-0.7279648142430675,0.0,0.0,0.0,0.0,0.0,0.0,0.0,0.0,0.0,0.0,0.0,0.0,0.0,0.0,0.0,0.0,0.0,0.0,0.0,0.0,0.0,0.0,0.0,0.0,0.0,0.0,0.0,0.0,-0.0032457167265977,-0.000707378141616,-0.0237281592250848,SPY
2013-08-07,-0.26758164605094903,-0.432412121986597,0.20720879481757098,-0.7825212584621338,0.7335659775445149,0.7269016888817775,-0.04559099955522938,-0.19937246470997808,-0.8885822502626594,-0.013884887465126573,0.0,0.0,0.0,0.0,0.0,0.0,0.0,0.0,0.0,0.0,0.0,0.0,0.0,0.0,0.0,0.0,0.0,0.0,0.0,0.0,0.0,0.0,0.0,0.0,0.0,0.0,0.0,0.0,0.0036582437738745,-0.0026035740257368,-0.0192164842591822,SPY
2013-08-08,0.25954236998326585,-0.5326991271150324,0.05612544503400613,-0.9019148068929205,0.7356999639958035,0.7298057470523293,0.06458675309059592,-0.0668430072128102,-0.5828477055944091,0.7001950393128141,0.0,0.0,0.0,0.0,0.0,0.0,0.0,0.0,0.0,0.0,0.0,0.0,0.0,0.0,0.0,0.0,0.0,0.0,0.0,0.0,0.0,0.0,0.0,0.0,0.0,0.0,0.0,0.0,-0.0028903751340534,-0.0203469268115261,-0.0223927546214293,SPY
2013-08-09,-0.24045097412530086,-0.006285059329398786,-0.24293943635166704,-0.8911999624187675,0.7361902618444753,0.7320205787709687,-0.06277734310575409,-0.42070743129350247,-0.7501836427742858,1.414274966090755,0.0,0.0,0.0,0.0,0.0,0.0,0.0,0.0,0.0,0.0,0.0,0.0,0.0,0.0,0.0,0.0,0.0,0.0,0.0,0.0,0.0,0.0,0.0,0.0,0.0,0.0,0.0,0.0,-0.0011813482601885,-0.020767384911144,-0.0099714432711683,SPY
2013-08-12,-0.10996513064452619,0.013706313210283714,-0.4180882982511553,-0.8990909618812896,0.7374657512010148,0.7332018968853546,-0.11716447925500818,-0.3530743694685224,-1.122335767404998,-1.4420447410210082,0.0,0.0,0.0,0.0,0.0,0.0,0.0,0.0,0.0,0.0,0.0,0.0,0.0,0.0,0.0,0.0,0.0,0.0,0.0,0.0,0.0,0.0,0.0,0.0,0.0,0.0,0.0,0.0,0.0029518182053491,-0.0259990470209112,-0.0014201126436015,SPY
2013-08-13,0.20560609924636142,-0.2585671535692764,-0.40733011929046753,-0.9092374466670569,0.7399674262198134,0.735773592881373,-0.03046739697599159,0.1407096917549895,-0.8940198658468554,-0.7279648142430675,0.0,0.0,0.0,0.0,0.0,0.0,0.0,0.0,0.0,0.0,0.0,0.0,0.0,0.0,0.0,0.0,0.0,0.0,0.0,0.0,0.0,0.0,0.0,0.0,0.0,0.0,0.0,0.0,-0.0051419126107186,-0.0240471170340024,-0.0012386980728162,SPY
2013-08-14,-0.4123580232560321,0.07011225224009081,-0.0770758774477721,-0.8860748441959347,0.7400411032092877,0.7367457813555953,-0.2297915205587789,-0.4187071381852473,-0.9075089966005252,-0.013884887465126573,0.0,0.0,0.0,0.0,0.0,0.0,0.0,0.0,0.0,0.0,0.0,0.0,0.0,0.0,0.0,0.0,0.0,0.0,0.0,0.0,0.0,0.0,0.0,0.0,0.0,0.0,0.0,0.0,-0.0140851090119147,-0.0250842894724003,0.0012433153512132,SPY
2013-08-15,-1.0951796591646963,-0.15270747688840408,-0.1494682539266975,-0.7642448221350914,0.7295433160549101,0.7336817374964069,-0.7202146329929872,-1.2162068594582642,0.3034373981377468,0.7001950393128141,0.0,0.0,0.0,0.0,0.0,0.0,0.0,0.0,0.0,0.0,0.0,0.0,0.0,0.0,0.0,0.0,0.0,0.0,0.0,0.0,0.0,0.0,0.0,0.0,0.0,0.0,0.0,0.0,-0.0033108332336713,-0.0019255702122844,0.017575045725577,SPY
2013-08-16,-0.27255335391579105,-1.11119802817174,-0.8268684558909681,-0.7649669210430485,0.7169855444159878,0.7295718358176528,-0.8049050103099911,-1.223083487204484,-0.0371253001806456,1.414274966090755,0.0,0.0,0.0,0.0,0.0,0.0,0.0,0.0,0.0,0.0,0.0,0.0,0.0,0.0,0.0,0.0,0.0,0.0,0.0,0.0,0.0,0.0,0.0,0.0,0.0,0.0,0.0,0.0,-0.0064130103699557,0.0047521839395701,0.0266563945369426,SPY
2013-08-19,-0.5094075581679606,-1.008182251959985,-0.8429205743962593,-0.7531137421878599,0.7024407224768097,0.7237514684251288,-0.9869613846998576,-1.442052298835351,-0.6158993537046443,-1.4420447410210082,0.0,0.0,0.0,0.0,0.0,0.0,0.0,0.0,0.0,0.0,0.0,0.0,0.0,0.0,0.0,0.0,0.0,0.0,0.0,0.0,0.0,0.0,0.0,0.0,0.0,0.0,0.0,0.0,0.004903748192258,0.00743711513649,0.0375220738748893,SPY
2013-08-20,0.35463782873650834,-0.576553122889121,-1.042653342636288,-0.7282833807835355,0.6922617380235803,0.7193707626115956,-0.7704605829993963,-1.188700930166703,-0.7215730869803432,-0.7279648142430675,0.0,0.0,0.0,0.0,0.0,0.0,0.0,0.0,0.0,0.0,0.0,0.0,0.0,0.0,0.0,0.0,0.0,0.0,0.0,0.0,0.0,0.0,0.0,0.0,0.0,0.0,0.0,0.0,-0.0061790850491165,-0.0136816393991718,0.0441262490194347,SPY
2013-08-21,-0.4915471352173342,-0.11440413445402169,-0.968133166922309,-0.7158279094568388,0.6809300127709451,0.7144978952626708,-0.9523709325852976,-2.1398446396847337,0.5164461374835718,-0.013884887465126573,0.0,0.0,0.0,0.0,0.0,0.0,0.0,0.0,0.0,0.0,0.0,0.0,0.0,0.0,0.0,0.0,0.0,0.0,0.0,0.0,0.0,0.0,0.0,0.0,0.0,0.0,0.0,0.0,0.0090736102482011,-0.0039573878708383,0.04862837774193,SPY
2013-08-22,0.6730108022039956,-0.10124359165947988,-1.0077300135681815,-0.6597371004279564,0.6717565079888207,0.7109662618438534,-0.5906656759017324,-1.6342497142064492,-0.4923829248198453,0.7001950393128141,0.0,0.0,0.0,0.0,0.0,0.0,0.0,0.0,0.0,0.0,0.0,0.0,0.0,0.0,0.0,0.0,0.0,0.0,0.0,0.0,0.0,0.0,0.0,0.0,0.0,0.0,0.0,0.0,0.0033669209181832,-0.0114465321051033,0.0325382526371562,SPY
2013-08-23,0.2372995901116181,0.13335114070084542,-0.12358363529176622,-0.651454475006065,0.665158726617562,0.7079022179846658,-0.4399525370897152,-1.3921099512964805,-0.672305358676034,1.414274966090755,0.0,0.0,0.0,0.0,0.0,0.0,0.0,0.0,0.0,0.0,0.0,0.0,0.0,0.0,0.0,0.0,0.0,0.0,0.0,0.0,0.0,0.0,0.0,0.0,0.0,0.0,0.0,0.0,-0.0037280791730358,-0.0179858248472761,0.0245333656150057,SPY
2013-08-26,-0.30441048218538946,0.6704055288231088,0.13135758499197164,-0.6494210382098381,0.6575304887507907,0.7047151279188852,-0.5485548709716072,-1.3306128872770904,-0.6697098848274792,-1.4420447410210082,0.0,0.0,0.0,0.0,0.0,0.0,0.0,0.0,0.0,0.0,0.0,0.0,0.0,0.0,0.0,0.0,0.0,0.0,0.0,0.0,0.0,0.0,0.0,0.0,0.0,0.0,0.0,0.0,-0.0162150063434038,-0.0097458682530566,0.0259047606764912,SPY
2013-08-27,-1.2577993663658456,-0.04981227772393869,0.23386205283473308,-0.5263228582412707,0.6421272161421874,0.6982425667203868,-1.0817174758929873,-1.6554570511196296,0.5528158070663028,-0.7279648142430675,0.0,0.0,0.0,0.0,0.0,0.0,0.0,0.0,0.0,0.0,0.0,0.0,0.0,0.0,0.0,0.0,0.0,0.0,0.0,0.0,0.0,0.0,0.0,0.0,0.0,0.0,0.0,0.0,0.0035451664792169,0.0147079753497054,0.039224916259057,SPY
2013-08-28,0.25090880991609543,-1.1514834897209976,-0.57240318690895,-0.5158577853718967,0.6302803090671198,0.6923360926033187,-0.9014610666885784,-1.6682848694911057,-0.3282126390335962,-0.013884887465126573,0.0,0.0,0.0,0.0,0.0,0.0,0.0,0.0,0.0,0.0,0.0,0.0,0.0,0.0,0.0,0.0,0.0,0.0,0.0,0.0,0.0,0.0,0.0,0.0,0.0,0.0,0.0,0.0,0.0015844660139361,0.0124287671097933,0.039517785362257,SPY
2013-08-29,0.10120744597748656,-0.7422936665830143,-0.20115373767744993,-0.6021843509679669,0.6248595953651386,0.6843499908617351,-0.7733055504677134,-1.5188319964752512,-0.106423002219595,0.7001950393128141,0.0,0.0,0.0,0.0,0.0,0.0,0.0,0.0,0.0,0.0,0.0,0.0,0.0,0.0,0.0,0.0,0.0,0.0,0.0,0.0,0.0,0.0,0.0,0.0,0.0,0.0,0.0,0.0,-0.0031723718239895,0.0113262745074846,0.0333263518744635,SPY
2013-08-30,-0.26198169228298807,0.2590973621379042,-0.4870719560704113,-0.6093991361038874,0.6195123729513348,0.6753672917069733,-0.8092610540339633,-1.563361712594856,0.2043102358598417,1.414274966090755,0.0,0.0,0.0,0.0,0.0,0.0,0.0,0.0,0.0,0.0,0.0,0.0,0.0,0.0,0.0,0.0,0.0,0.0,0.0,0.0,0.0,0.0,0.0,0.0,0.0,0.0,0.0,0.0,0.0045118774211836,0.0240295825476817,0.0311556389341758,SPY
2013-09-03,0.32471811894079994,-0.11882859301807279,-0.7367270397363979,-0.585832660570174,0.6185803845684081,0.6676027802757267,-0.5753676402027402,-1.4896769408843658,0.3624170480267096,-0.7279648142430675,0.0,0.0,0.0,0.0,0.0,0.0,0.0,0.0,0.0,0.0,0.0,0.0,0.0,0.0,0.0,0.0,0.0,0.0,0.0,0.0,0.0,0.0,0.0,0.0,0.0,0.0,0.0,0.0,0.0082388372593582,0.0268876874938763,0.0345287103357199,SPY
2013-09-04,0.6092750826375731,0.04586637443605871,-0.422144540673901,-0.544146657359419,0.6189974232555233,0.6627053409510384,-0.2280813267284211,-0.9764963507913633,-0.4833221802780857,-0.013884887465126573,0.0,0.0,0.0,0.0,0.0,0.0,0.0,0.0,0.0,0.0,0.0,0.0,0.0,0.0,0.0,0.0,0.0,0.0,0.0,0.0,0.0,0.0,0.0,0.0,0.0,0.0,0.0,0.0,0.0012659582393048,0.0217820830106525,0.0253448488829883,SPY
2013-09-05,0.07688907143141437,0.6878563263579165,0.5114466917892582,-0.5437535383530824,0.6224312259332214,0.6587430574546382,-0.1453535164928243,-0.44490363493579965,-1.0911851962056198,0.7001950393128141,0.0,0.0,0.0,0.0,0.0,0.0,0.0,0.0,0.0,0.0,0.0,0.0,0.0,0.0,0.0,0.0,0.0,0.0,0.0,0.0,0.0,0.0,0.0,0.0,0.0,0.0,0.0,0.0,0.0004819734116274,0.0178562255846586,0.0148153256256673,SPY
2013-09-06,0.017031076756193083,0.5052422418821997,0.4244317887619325,-0.5540925708097094,0.6223822472162108,0.6541162592279234,-0.08548090586225458,-0.2856296805497451,0.7269747598220404,1.414274966090755,0.0,0.0,0.0,0.0,0.0,0.0,0.0,0.0,0.0,0.0,0.0,0.0,0.0,0.0,0.0,0.0,0.0,0.0,0.0,0.0,0.0,0.0,0.0,0.0,0.0,0.0,0.0,0.0,0.0095309362162074,0.0196208735354801,0.021881195755081,SPY
2013-09-09,0.7079280791605668,0.06884425703271692,0.3823411692220806,-0.5016851829404328,0.6248596882157866,0.6520491388555256,0.2890409447376929,0.3703031902268075,-0.6100330300684417,-1.4420447410210082,0.0,0.0,0.0,0.0,0.0,0.0,0.0,0.0,0.0,0.0,0.0,0.0,0.0,0.0,0.0,0.0,0.0,0.0,0.0,0.0,0.0,0.0,0.0,0.0,0.0,0.0,0.0,0.0,0.0073699823673782,0.015860452896967,0.0036684934542812,SPY
2013-09-10,0.5429371770281555,0.5338285347960545,0.867324111055701,-0.47344410587337615,0.6318992993972722,0.6517538326179018,0.5691790136207115,0.44997493477842754,-0.2538721350191523,-0.7279648142430675,0.0,0.0,0.0,0.0,0.0,0.0,0.0,0.0,0.0,0.0,0.0,0.0,0.0,0.0,0.0,0.0,0.0,0.0,0.0,0.0,0.0,0.0,0.0,0.0,0.0,0.0,0.0,0.0,0.0031332327761344,0.0129431394975796,-0.0154165506751731,SPY
2013-09-11,0.21945727598946851,0.9213450990830752,0.9764399524167494,-0.47290128772444845,0.6467875758847392,0.6514954658623243,0.6901415499395587,0.867865773295588,-0.4539362450585366,-0.013884887465126573,0.0,0.0,0.0,0.0,0.0,0.0,0.0,0.0,0.0,0.0,0.0,0.0,0.0,0.0,0.0,0.0,0.0,0.0,0.0,0.0,0.0,0.0,0.0,0.0,0.0,0.0,0.0,0.0,-0.002659899186689,0.0213178300582486,-0.0178249744841041,SPY
2013-09-12,-0.22285391415288297,0.5614129224045816,0.7815197730211485,-0.48226356513307905,0.6591493862302942,0.6517537860359573,0.5870669385283163,0.447585624111765,-0.6552099754564289,0.7001950393128141,0.0,0.0,0.0,0.0,0.0,0.0,0.0,0.0,0.0,0.0,0.0,0.0,0.0,0.0,0.0,0.0,0.0,0.0,0.0,0.0,0.0,0.0,0.0,0.0,0.0,0.0,0.0,0.0,0.002246621362449,0.0223007729183164,0.0061639889207283,SPY
2013-09-13,0.15176364289124095,-0.002864108157772286,0.6316396097083217,-0.5898789459599802,0.6718057188324522,0.6553838005217147,0.6384292883119981,0.4103545230243506,-0.8296957320807185,1.414274966090755,0.0,0.0,0.0,0.0,0.0,0.0,0.0,0.0,0.0,0.0,0.0,0.0,0.0,0.0,0.0,0.0,0.0,0.0,0.0,0.0,0.0,0.0,0.0,0.0,0.0,0.0,0.0,0.0,0.0057705155776943,0.0130376366992948,0.0103393532488826,SPY
2013-09-16,0.4208163512160922,-0.052744503362853086,0.6990097901197543,-0.588642372728569,0.6881410262493053,0.6608963777154688,0.8061908121572656,0.8163360156341247,-0.1389994384925579,-1.4420447410210082,0.0,0.0,0.0,0.0,0.0,0.0,0.0,0.0,0.0,0.0,0.0,0.0,0.0,0.0,0.0,0.0,0.0,0.0,0.0,0.0,0.0,0.0,0.0,0.0,0.0,0.0,0.0,0.0,0.0044526689679909,0.0026291550176331,0.0085550832220171,SPY
2013-09-17,0.32019749666493735,0.4215471803436311,0.5554456210051363,-0.6200409544904113,0.704525358808494,0.6686486148043196,0.9036388889237916,2.1464032467163734,-0.7521605191483253,-0.7279648142430675,0.0,0.0,0.0,0.0,0.0,0.0,0.0,0.0,0.0,0.0,0.0,0.0,0.0,0.0,0.0,0.0,0.0,0.0,0.0,0.0,0.0,0.0,0.0,0.0,0.0,0.0,0.0,0.0,0.0115079233368033,-0.004180198061908,-0.0031784058907957,SPY
2013-09-18,0.8588729448771585,0.5456585155995858,0.4440693377402939,-0.574905466949383,0.7224305385625159,0.6778406299270235,1.2585493208721024,2.2251472420374903,2.7975653700660663,-0.013884887465126573,0.0,0.0,0.0,0.0,0.0,0.0,0.0,0.0,0.0,0.0,0.0,0.0,0.0,0.0,0.0,0.0,0.0,0.0,0.0,0.0,0.0,0.0,0.0,0.0,0.0,0.0,0.0,0.0,-0.0016769563266212,-0.0185829721595496,-0.0008169446093022,SPY
2013-09-19,-0.1478052825890642,0.8684427275549647,0.763795668252585,-0.6058165968912697,0.7391095326542788,0.687930954559857,1.10000184798209,2.0643022212766713,1.1441873716017694,0.7001950393128141,0.0,0.0,0.0,0.0,0.0,0.0,0.0,0.0,0.0,0.0,0.0,0.0,0.0,0.0,0.0,0.0,0.0,0.0,0.0,0.0,0.0,0.0,0.0,0.0,0.0,0.0,0.0,0.0,-0.0070165148565726,-0.0130679802505113,0.0075217006892751,SPY
2013-09-20,-0.5554857054369678,0.5235925176039841,0.8013221549300377,-0.5879798631798873,0.7526295155621691,0.6946891795334529,0.7698025329397666,1.7427711062177433,0.7347571075691719,1.414274966090755,0.0,0.0,0.0,0.0,0.0,0.0,0.0,0.0,0.0,0.0,0.0,0.0,0.0,0.0,0.0,0.0,0.0,0.0,0.0,0.0,0.0,0.0,0.0,0.0,0.0,0.0,0.0,0.0,-0.0046379661039672,-0.0106584328677961,0.0212693453165799,SPY
2013-09-23,-0.373881223383402,-0.5185847922920694,0.4476770225053853,-0.5700812024419339,0.7603023681654788,0.6997814478413192,0.5474434674577974,1.3308635774078426,-0.0988076969012303,-1.4420447410210082,0.0,0.0,0.0,0.0,0.0,0.0,0.0,0.0,0.0,0.0,0.0,0.0,0.0,0.0,0.0,0.0,0.0,0.0,0.0,0.0,0.0,0.0,0.0,0.0,0.0,0.0,0.0,0.0,-0.0023566841115503,-0.011363551528106,0.0259645552984917,SPY
2013-09-24,-0.19970315190296928,-0.685169990294665,0.05030524737244783,-0.5764358594125805,0.7639479167467647,0.705142051440902,0.4097365470281926,0.9748539820282734,-0.020441547963876303,-0.7279648142430675,0.0,0.0,0.0,0.0,0.0,0.0,0.0,0.0,0.0,0.0,0.0,0.0,0.0,0.0,0.0,0.0,0.0,0.0,0.0,0.0,0.0,0.0,0.0,0.0,0.0,0.0,0.0,0.0,-0.0028948507608381,-0.001121918593828,0.0340961510541815,SPY
2013-09-25,-0.24079269252952107,-0.4230098200523718,-0.20966011582663463,-0.7568322591062904,0.7650858014424325,0.7131821649472184,0.2282030184543463,0.7461779637882548,0.3282523051632131,-0.013884887465126573,0.0,0.0,0.0,0.0,0.0,0.0,0.0,0.0,0.0,0.0,0.0,0.0,0.0,0.0,0.0,0.0,0.0,0.0,0.0,0.0,0.0,0.0,0.0,0.0,0.0,0.0,0.0,0.0,0.003838035582417,0.0008279079736368,0.0321907851539133,SPY
2013-09-26,0.27326964727033837,-0.324942864381326,-0.7595247440271259,-0.7561378336499289,0.768929539732645,0.7213122747704506,0.2985865658883591,0.844891199732377,-0.894670728854548,0.7001950393128141,0.0,0.0,0.0,0.0,0.0,0.0,0.0,0.0,0.0,0.0,0.0,0.0,0.0,0.0,0.0,0.0,0.0,0.0,0.0,0.0,0.0,0.0,0.0,0.0,0.0,0.0,0.0,0.0,-0.0046069674738573,-0.0122736926267963,0.0316696686906441,SPY
2013-09-27,-0.37151444819777174,0.023569529831386014,-0.5489750988661549,-0.7283461297673958,0.7699188633909347,0.7281581203817892,0.06471332434039971,0.257624714412085,-0.213901231701408,1.414274966090755,0.0,0.0,0.0,0.0,0.0,0.0,0.0,0.0,0.0,0.0,0.0,0.0,0.0,0.0,0.0,0.0,0.0,0.0,0.0,0.0,0.0,0.0,0.0,0.0,0.0,0.0,0.0,0.0,-0.0053430847642772,-0.0001188816118977,0.040833641035511,SPY
2013-09-30,-0.4277177104226676,-0.07275345559876709,-0.4569841485987955,-0.7117308982112194,0.7662861281991233,0.7345308331820943,-0.1906560114115935,-0.35214530199200156,1.188786287415851,-1.4420447410210082,0.0,0.0,0.0,0.0,0.0,0.0,0.0,0.0,0.0,0.0,0.0,0.0,0.0,0.0,0.0,0.0,0.0,0.0,0.0,0.0,0.0,0.0,0.0,0.0,0.0,0.0,0.0,0.0,0.0078849488227277,-0.0034575629322128,0.0477670139019377,SPY
2013-10-01,0.5822553605618195,-0.5892795280694187,-0.483903949420501,-0.6921974594436333,0.764067276255233,0.741637467810128,0.038858168551149215,-0.13155691439053196,0.6471143048489103,-0.7279648142430675,0.0,0.0,0.0,0.0,0.0,0.0,0.0,0.0,0.0,0.0,0.0,0.0,0.0,0.0,0.0,0.0,0.0,0.0,0.0,0.0,0.0,0.0,0.0,0.0,0.0,0.0,0.0,0.0,-0.0009450241933732,-0.0230575735170166,0.0452018681359751,SPY
2013-10-02,-0.0919215611344314,0.11351056928840432,-0.0929020738516259,-0.717394217545356,0.7565976272958626,0.7468728358517249,-0.04296534031888979,-0.04528053168834539,0.2174035379226795,-0.013884887465126573,0.0,0.0,0.0,0.0,0.0,0.0,0.0,0.0,0.0,0.0,0.0,0.0,0.0,0.0,0.0,0.0,0.0,0.0,0.0,0.0,0.0,0.0,0.0,0.0,0.0,0.0,0.0,0.0,-0.0092635650180161,-0.0213877403564399,0.0411674525626502,SPY
2013-10-03,-0.7270501437400863,0.3609436566887906,-0.018462201830719085,-0.6520230737406993,0.7459942689542971,0.7499209021039243,-0.4125449489208579,-0.5656065214008911,2.076937056836835,0.7001950393128141,0.0,0.0,0.0,0.0,0.0,0.0,0.0,0.0,0.0,0.0,0.0,0.0,0.0,0.0,0.0,0.0,0.0,0.0,0.0,0.0,0.0,0.0,0.0,0.0,0.0,0.0,0.0,0.0,0.0075478435410412,0.0092048888797195,0.047590324983151,SPY
2013-10-04,0.5565170484876442,-0.6038247123542358,-0.5186510331037254,-0.6264533013799999,0.7414837701582015,0.7544408413497881,-0.1737775872835284,-0.48725525750288107,-0.2967243329753661,1.414274966090755,0.0,0.0,0.0,0.0,0.0,0.0,0.0,0.0,0.0,0.0,0.0,0.0,0.0,0.0,0.0,0.0,0.0,0.0,0.0,0.0,0.0,0.0,0.0,0.0,0.0,0.0,0.0,0.0,-0.0086817660845923,0.0080790310292817,0.0424289742548769,SPY
2013-10-07,-0.6826292363073452,-0.12601945011853008,-0.0546084400418199,-0.6219830175152633,0.7353220154316482,0.7551989392067504,-0.5005954873230232,-0.9995434123340875,-0.3100469732908257,-1.4420447410210082,0.0,0.0,0.0,0.0,0.0,0.0,0.0,0.0,0.0,0.0,0.0,0.0,0.0,0.0,0.0,0.0,0.0,0.0,0.0,0.0,0.0,0.0,0.0,0.0,0.0,0.0,0.0,0.0,-0.011715061762076,0.0207470426647029,0.0546235404226242,SPY
2013-10-08,-0.9142242750137618,-0.09328768027987298,-0.1820715766868358,-0.5820085367920315,0.7253399207782696,0.7520199776902993,-0.9005911219670891,-1.9220155603299507,2.028576070533344,-0.7279648142430675,0.0,0.0,0.0,0.0,0.0,0.0,0.0,0.0,0.0,0.0,0.0,0.0,0.0,0.0,0.0,0.0,0.0,0.0,0.0,0.0,0.0,0.0,0.0,0.0,0.0,0.0,0.0,0.0,0.0007248089672033,0.0251812842819569,0.0631662041329867,SPY
2013-10-09,0.03557180468798138,-1.1770108474830707,-0.9303546824187786,-0.5892730661785461,0.7168614030991286,0.7483372790252285,-0.8422419992769019,-1.8451702254026954,1.677502400716269,-0.013884887465126573,0.0,0.0,0.0,0.0,0.0,0.0,0.0,0.0,0.0,0.0,0.0,0.0,0.0,0.0,0.0,0.0,0.0,0.0,0.0,0.0,0.0,0.0,0.0,0.0,0.0,0.0,0.0,0.0,0.0213290642181434,0.0383258599330504,0.0675346326857884,SPY
2013-10-10,1.60872648518286,-0.6478007855918865,-0.8666043115685056,-0.36597705337759967,0.7155798784504457,0.7496227077857364,-0.06959397083481339,-0.6524385098078657,2.2601200155043832,0.7001950393128141,0.0,0.0,0.0,0.0,0.0,0.0,0.0,0.0,0.0,0.0,0.0,0.0,0.0,0.0,0.0,0.0,0.0,0.0,0.0,0.0,0.0,0.0,0.0,0.0,0.0,0.0,0.0,0.0,0.0064219856906033,0.0236584846868632,0.033481380415691,SPY
2013-10-11,0.47055672012743927,1.2112482156483115,0.3013515687761549,-0.35192153010552896,0.7189070421585012,0.7517882325160458,0.1503498874037921,-0.2748460502318224,-0.1730434069560324,1.414274966090755,0.0,0.0,0.0,0.0,0.0,0.0,0.0,0.0,0.0,0.0,0.0,0.0,0.0,0.0,0.0,0.0,0.0,0.0,0.0,0.0,0.0,0.0,0.0,0.0,0.0,0.0,0.0,0.0,0.0039862455508288,0.0239676287669921,0.0404603711826903,SPY
2013-10-14,0.28458562072647103,1.5317690460030255,0.25836891806312623,-0.35864632599691737,0.7261288263120709,0.753588811001592,0.2834427677626195,-0.06620305735662169,0.012359771493188596,-1.4420447410210082,0.0,0.0,0.0,0.0,0.0,0.0,0.0,0.0,0.0,0.0,0.0,0.0,0.0,0.0,0.0,0.0,0.0,0.0,0.0,0.0,0.0,0.0,0.0,0.0,0.0,0.0,0.0,0.0,-0.007280820144822,0.0200386270941077,0.0366436760908985,SPY
2013-10-15,-0.575665668081826,0.5560691669545953,0.742004324737385,-0.34316816539368394,0.7270161535331361,0.7529208026254353,0.01737744495815281,-0.21761758520550617,1.1324380023002,-0.7279648142430675,0.0,0.0,0.0,0.0,0.0,0.0,0.0,0.0,0.0,0.0,0.0,0.0,0.0,0.0,0.0,0.0,0.0,0.0,0.0,0.0,0.0,0.0,0.0,0.0,0.0,0.0,0.0,0.0,0.0138693846182968,0.0330943588830692,0.0418919292841559,SPY
2013-10-16,1.0391727820974062,-0.21484508018829468,0.9112934215247718,-0.31792420846360303,0.734139191022174,0.7527469122263417,0.5388970646609237,0.06041639256289521,1.2490583216639934,-0.013884887465126573,0.0,0.0,0.0,0.0,0.0,0.0,0.0,0.0,0.0,0.0,0.0,0.0,0.0,0.0,0.0,0.0,0.0,0.0,0.0,0.0,0.0,0.0,0.0,0.0,0.0,0.0,0.0,0.0,0.0066616889719561,0.014424757603666,0.0360150562328422,SPY
2013-10-17,0.4888582959134863,0.3411762781460933,1.4131229409105732,-0.30202156859827184,0.7479418113036755,0.7543519397085687,0.7766494547129661,0.37095338451872484,0.3905331184390991,0.7001950393128141,0.0,0.0,0.0,0.0,0.0,0.0,0.0,0.0,0.0,0.0,0.0,0.0,0.0,0.0,0.0,0.0,0.0,0.0,0.0,0.0,0.0,0.0,0.0,0.0,0.0,0.0,0.0,0.0,0.0067311297707322,0.0110799877508576,0.0343306124767073,SPY
2013-10-18,0.4941601676036529,1.1255761337768595,0.8531564523892795,-0.31172114895462505,0.7614978202631306,0.7588899527489266,0.9917968341855417,0.6975867067048147,0.6108217731544543,1.414274966090755,0.0,0.0,0.0,0.0,0.0,0.0,0.0,0.0,0.0,0.0,0.0,0.0,0.0,0.0,0.0,0.0,0.0,0.0,0.0,0.0,0.0,0.0,0.0,0.0,0.0,0.0,0.0,0.0,5.724387794447949e-05,0.0089058628511349,0.0319405806463111,SPY
2013-10-21,-0.01539743112822591,0.7239808380529843,0.8649588588929193,-0.32519462412726974,0.7786767222456703,0.7644171100913334,0.9436489332540504,0.5439293314749208,-0.2834955054385212,-1.4420447410210082,0.0,0.0,0.0,0.0,0.0,0.0,0.0,0.0,0.0,0.0,0.0,0.0,0.0,0.0,0.0,0.0,0.0,0.0,0.0,0.0,0.0,0.0,0.0,0.0,0.0,0.0,0.0,0.0,0.0057749116441394,0.0104389070753398,0.0283782475779341,SPY
2013-10-22,0.4211519951119599,0.3524174605523065,0.7149586555006124,-0.32379137582251116,0.8031513639232007,0.7716878296191265,1.098239918893298,0.6987219567416146,0.2890199084576907,-0.7279648142430675,0.0,0.0,0.0,0.0,0.0,0.0,0.0,0.0,0.0,0.0,0.0,0.0,0.0,0.0,0.0,0.0,0.0,0.0,0.0,0.0,0.0,0.0,0.0,0.0,0.0,0.0,0.0,0.0,-0.0048002166611063,0.0099837984879656,0.0204273108474568,SPY
2013-10-23,-0.386269209276007,0.2986210201721294,1.213396321560942,-0.3151127646647939,0.8252599389538632,0.7785258494637782,0.8528461731675385,0.8653054616486354,-0.2805851284486193,-0.013884887465126573,0.0,0.0,0.0,0.0,0.0,0.0,0.0,0.0,0.0,0.0,0.0,0.0,0.0,0.0,0.0,0.0,0.0,0.0,0.0,0.0,0.0,0.0,0.0,0.0,0.0,0.0,0.0,0.0,0.0033169191191477,0.0098045753823736,0.022094490366995,SPY
2013-10-24,0.23348190472440802,0.025342278616316813,0.5006340928017315,-0.31596390566345106,0.8399989115987654,0.7852772734734657,0.9181585112686158,0.7890935077520969,-1.1707609485935406,0.7001950393128141,0.0,0.0,0.0,0.0,0.0,0.0,0.0,0.0,0.0,0.0,0.0,0.0,0.0,0.0,0.0,0.0,0.0,0.0,0.0,0.0,0.0,0.0,0.0,0.0,0.0,0.0,0.0,0.0,0.0045570048710095,0.0036469636657106,0.0268138168261904,SPY
2013-10-25,0.3281636430836428,-0.11294337467579599,0.3729385100575808,-0.32994216991237313,0.8540233056538784,0.7939823209475972,1.013392592483846,1.2578933140413922,-0.5494005242127201,1.414274966090755,0.0,0.0,0.0,0.0,0.0,0.0,0.0,0.0,0.0,0.0,0.0,0.0,0.0,0.0,0.0,0.0,0.0,0.0,0.0,0.0,0.0,0.0,0.0,0.0,0.0,0.0,0.0,0.0,0.0015902881021494,0.0014764516074681,0.0272465281282929,SPY
2013-10-28,0.10165196800516765,0.4134900784007413,0.28993544609622857,-0.35390576621281605,0.8670617650993664,0.804146617708413,0.9823420518569612,1.9019720995756602,-0.7716827343242862,-1.4420447410210082,0.0,0.0,0.0,0.0,0.0,0.0,0.0,0.0,0.0,0.0,0.0,0.0,0.0,0.0,0.0,0.0,0.0,0.0,0.0,0.0,0.0,0.0,0.0,0.0,0.0,0.0,0.0,0.0,0.0053198030567651,0.0033989635884736,0.0246607662692444,SPY
2013-10-29,0.38640401729661866,0.3163505241700581,0.34846353149439985,-0.36332264119013263,0.8854734915655242,0.8138286981790027,1.0984867687139652,1.947202741818215,-0.7385810476855231,-0.7279648142430675,0.0,0.0,0.0,0.0,0.0,0.0,0.0,0.0,0.0,0.0,0.0,0.0,0.0,0.0,0.0,0.0,0.0,0.0,0.0,0.0,0.0,0.0,0.0,0.0,0.0,0.0,0.0,0.0,-0.0049794397666982,-0.005093237520005,0.019617473075904,SPY
2013-10-30,-0.399953065546515,0.3592652378539925,0.33108853744874994,-0.34566134089532635,0.895874760470931,0.8226204113610137,0.8294026874382057,1.3578347228511727,0.6454304775804562,-0.013884887465126573,0.0,0.0,0.0,0.0,0.0,0.0,0.0,0.0,0.0,0.0,0.0,0.0,0.0,0.0,0.0,0.0,0.0,0.0,0.0,0.0,0.0,0.0,0.0,0.0,0.0,0.0,0.0,0.0,-0.0028406925975152,0.0049794397666982,0.0270293419576601,SPY
2013-10-31,-0.23665766473643757,-0.010344962770238086,0.32424621348718613,-0.39168514997556375,0.9022087995755187,0.8327227075536022,0.6316107121868075,1.041146730695202,0.4597622228352196,0.7001950393128141,0.0,0.0,0.0,0.0,0.0,0.0,0.0,0.0,0.0,0.0,0.0,0.0,0.0,0.0,0.0,0.0,0.0,0.0,0.0,0.0,0.0,0.0,0.0,0.0,0.0,0.0,0.0,0.0,0.002386492812767,-0.0049040556877404,0.0292070421507242,SPY
2013-11-01,0.16244296248107815,-0.4694511078320381,0.08916282925634483,-0.40418214583031536,0.9066946000991495,0.8417740452036939,0.6416723007671282,1.0042768886791282,0.6814832580479634,1.414274966090755,0.0,0.0,0.0,0.0,0.0,0.0,0.0,0.0,0.0,0.0,0.0,0.0,0.0,0.0,0.0,0.0,0.0,0.0,0.0,0.0,0.0,0.0,0.0,0.0,0.0,0.0,0.0,0.0,0.003512800083155,0.0061104279570951,0.0242204145267477,SPY
2013-11-04,0.24843760448617802,-0.05504675610989509,0.006297695232919219,-0.46054915880402275,0.9126841168729927,0.8533973350504986,0.6718211300243707,1.5762537508294945,-0.8452075351219903,-1.4420447410210082,0.0,0.0,0.0,0.0,0.0,0.0,0.0,0.0,0.0,0.0,0.0,0.0,0.0,0.0,0.0,0.0,0.0,0.0,0.0,0.0,0.0,0.0,0.0,0.0,0.0,0.0,0.0,0.0,-0.0031723980517135,0.0027671783329772,0.0163780828011219,SPY
2013-11-05,-0.26198369479490935,0.3023981413419955,0.07969475947068143,-0.5489184048782165,0.9148036650484604,0.866739289033318,0.4345904395113244,0.9980667636948228,-0.857909781655696,-0.7279648142430675,0.0,0.0,0.0,0.0,0.0,0.0,0.0,0.0,0.0,0.0,0.0,0.0,0.0,0.0,0.0,0.0,0.0,0.0,0.0,0.0,0.0,0.0,0.0,0.0,0.0,0.0,0.0,0.0,0.005093237520005,0.0039070094331261,0.0194387689144228,SPY
2013-11-06,0.36910552093011095,-0.010342783196367287,-0.24451785217348831,-0.5505589006995673,0.921211984671737,0.8810458386333947,0.5012790636699139,0.9514923993238062,-0.8224663241163473,-0.013884887465126573,0.0,0.0,0.0,0.0,0.0,0.0,0.0,0.0,0.0,0.0,0.0,0.0,0.0,0.0,0.0,0.0,0.0,0.0,0.0,0.0,0.0,0.0,0.0,0.0,0.0,0.0,0.0,0.0,-0.0127241880519539,0.0068062834801043,0.0099405824057479,SPY
2013-11-07,-0.9912720365949246,0.07857198005860291,0.14003368725137247,-0.6165240045219719,0.9206696440346591,0.8881681015038331,-0.036960060561718286,-0.18135849676514207,1.030939795219236,0.7001950393128141,0.0,0.0,0.0,0.0,0.0,0.0,0.0,0.0,0.0,0.0,0.0,0.0,0.0,0.0,0.0,0.0,0.0,0.0,0.0,0.0,0.0,0.0,0.0,0.0,0.0,0.0,0.0,0.0,0.0134009764576026,0.0245077167478795,0.0337796969798684,SPY
2013-11-08,1.0034093690837542,-0.4588078153892351,-0.23729532704359022,-0.5550189918947517,0.9239723415968707,0.8968608746355696,0.3889016956135901,0.3549599912712228,0.4917667731920488,1.414274966090755,0.0,0.0,0.0,0.0,0.0,0.0,0.0,0.0,0.0,0.0,0.0,0.0,0.0,0.0,0.0,0.0,0.0,0.0,0.0,0.0,0.0,0.0,0.0,0.0,0.0,0.0,0.0,0.0,0.0001695504590371,0.0154478382306129,0.0229174196641723,SPY
2013-11-11,-0.006822715782075612,0.008582176518864814,0.18321220248709846,-0.5556237896896988,0.9266589286818813,0.9047499228956336,0.326848040820162,0.15694736326710904,-1.4661744395705325,-1.4420447410210082,0.0,0.0,0.0,0.0,0.0,0.0,0.0,0.0,0.0,0.0,0.0,0.0,0.0,0.0,0.0,0.0,0.0,0.0,0.0,0.0,0.0,0.0,0.0,0.0,0.0,0.0,0.0,0.0,-0.0020325669515646,0.0117731985811433,0.0191587657172451,SPY
2013-11-12,-0.1749564953968115,0.733978627175757,0.05557465856088763,-0.5930837873719152,0.9261412398919421,0.9137271253809364,0.1732162736581191,0.3078553625465592,-0.8857865404830769,-0.7279648142430675,0.0,0.0,0.0,0.0,0.0,0.0,0.0,0.0,0.0,0.0,0.0,0.0,0.0,0.0,0.0,0.0,0.0,0.0,0.0,0.0,0.0,0.0,0.0,0.0,0.0,0.0,0.0,0.0,0.0079925115669832,0.0116297404463701,0.0098964656623827,SPY
2013-11-13,0.5904678794086093,-0.13430620739922308,0.09909077565373015,-0.6535213348109247,0.9312925010123795,0.9215296243879829,0.4056604475591215,0.4758360270071878,-0.3667565432102434,-0.013884887465126573,0.0,0.0,0.0,0.0,0.0,0.0,0.0,0.0,0.0,0.0,0.0,0.0,0.0,0.0,0.0,0.0,0.0,0.0,0.0,0.0,0.0,0.0,0.0,0.0,0.0,0.0,0.0,0.0,0.0049772452158212,0.0005041917378187,-0.0014025375936173,SPY
2013-11-14,0.36024939708550835,0.305810382253471,0.2097783581350834,-0.6617064527352648,0.9398700439079973,0.929010568231638,0.528492759556849,0.4924971030494023,-0.3571234949152146,0.7001950393128141,0.0,0.0,0.0,0.0,0.0,0.0,0.0,0.0,0.0,0.0,0.0,0.0,0.0,0.0,0.0,0.0,0.0,0.0,0.0,0.0,0.0,0.0,0.0,0.0,0.0,0.0,0.0,0.0,0.0043410979403359,0.0035631921003407,-0.0064918762540351,SPY
2013-11-15,0.3116789415303091,0.7001795453676916,0.885578169783509,-0.6729451456951108,0.9493346354727344,0.9360092957850668,0.6319365629173739,0.5807336793714923,-0.3745037056543805,1.414274966090755,0.0,0.0,0.0,0.0,0.0,0.0,0.0,0.0,0.0,0.0,0.0,0.0,0.0,0.0,0.0,0.0,0.0,0.0,0.0,0.0,0.0,0.0,0.0,0.0,0.0,0.0,0.0,0.0,-0.0035050891904324,0.0042118103331167,-0.0046205184729428,SPY
2013-11-18,-0.2873849828133602,0.4947525094159216,0.5396929466545736,-0.6590146685206676,0.9557181639728993,0.94221668926408,0.4459916870582096,0.21564042231076613,-0.3286240824378608,-1.4420447410210082,0.0,0.0,0.0,0.0,0.0,0.0,0.0,0.0,0.0,0.0,0.0,0.0,0.0,0.0,0.0,0.0,0.0,0.0,0.0,0.0,0.0,0.0,0.0,0.0,0.0,0.0,0.0,0.0,-0.0021760250863378,0.0067214257666501,-0.0043010190004935,SPY
2013-11-19,-0.1859096617901092,0.017539847910790315,0.3994036974496413,-0.6645567922832941,0.9625209131504147,0.9466928880639891,0.3257126704976393,0.36407263944267515,-0.6273560467909159,-0.7279648142430675,0.0,0.0,0.0,0.0,0.0,0.0,0.0,0.0,0.0,0.0,0.0,0.0,0.0,0.0,0.0,0.0,0.0,0.0,0.0,0.0,0.0,0.0,0.0,0.0,0.0,0.0,0.0,0.0,-0.003133037141568,0.0091739607164127,0.0148035480915194,SPY
2013-11-20,-0.25897845149590165,-0.3491108258262009,0.3939267974160347,-0.6747528177017122,0.9657249104734187,0.9515152605849959,0.167111534615434,0.34526931165119534,0.2340256400959675,-0.013884887465126573,0.0,0.0,0.0,0.0,0.0,0.0,0.0,0.0,0.0,0.0,0.0,0.0,0.0,0.0,0.0,0.0,0.0,0.0,0.0,0.0,0.0,0.0,0.0,0.0,0.0,0.0,0.0,0.0,0.0080362455783431,0.0147394269730387,0.0167800519156147,SPY
2013-11-21,0.5938070131860607,-0.3281793298542762,-0.030820939560260288,-0.64945101969126,0.9779992555082171,0.957401052318674,0.4181729700628418,0.532879992308119,-0.6399040626635977,0.7001950393128141,0.0,0.0,0.0,0.0,0.0,0.0,0.0,0.0,0.0,0.0,0.0,0.0,0.0,0.0,0.0,0.0,0.0,0.0,0.0,0.0,0.0,0.0,0.0,0.0,0.0,0.0,0.0,0.0,0.004989716173112,0.0060401889902443,0.0145443057259821,SPY
2013-11-22,0.36120156665404335,0.24635883741134804,0.08596462449845482,-0.6477001038321342,0.9866749415391527,0.9634104492422771,0.5546894326869827,0.5793857160262246,-0.9308093793620504,1.414274966090755,0.0,0.0,0.0,0.0,0.0,0.0,0.0,0.0,0.0,0.0,0.0,0.0,0.0,0.0,0.0,0.0,0.0,0.0,0.0,0.0,0.0,0.0,0.0,0.0,0.0,0.0,0.0,0.0,-0.0009954737568991,-0.0015496619940771,0.0148825523458349,SPY
2013-11-25,-0.09577343377059828,0.703341613896832,0.11072736957739314,-0.644651106713428,0.9948331244814471,0.968851127204582,0.4704565818338485,0.6964959431861412,-0.9486940978590164,-1.4420447410210082,0.0,0.0,0.0,0.0,0.0,0.0,0.0,0.0,0.0,0.0,0.0,0.0,0.0,0.0,0.0,0.0,0.0,0.0,0.0,0.0,0.0,0.0,0.0,0.0,0.0,0.0,0.0,0.0,0.0002765098634247,-0.0048837198796487,0.0180670183014832,SPY
2013-11-26,0.0013437374862422856,0.19522078117409744,0.20653868675357648,-0.6547518456608339,1.0040018474551806,0.9731912368534184,0.4437323064649798,0.5523911565003677,-0.7214916785158335,-0.7279648142430675,0.0,0.0,0.0,0.0,0.0,0.0,0.0,0.0,0.0,0.0,0.0,0.0,0.0,0.0,0.0,0.0,0.0,0.0,0.0,0.0,0.0,0.0,0.0,0.0,0.0,0.0,0.0,0.0,0.0024324291150579,-0.0052719416814861,0.0228616660864444,SPY
2013-11-27,0.16595024328659325,-0.06994227648728829,0.30017080298045984,-0.676622649521692,1.0107551536624444,0.9791636011310871,0.4843196097573378,1.505481008218945,-1.436409584236276,-0.013884887465126573,0.0,0.0,0.0,0.0,0.0,0.0,0.0,0.0,0.0,0.0,0.0,0.0,0.0,0.0,0.0,0.0,0.0,0.0,0.0,0.0,0.0,0.0,0.0,0.0,0.0,0.0,0.0,0.0,-0.0006629924044512,-0.012109319785214,0.0203748241252137,SPY
2013-11-29,-0.0703881631354552,0.12291013589833912,0.5126474420789748,-0.6851117746997236,1.0150188554351958,0.985605884065612,0.4043846092247414,1.0685826615504448,-1.5022034061258338,1.414274966090755,0.0,0.0,0.0,0.0,0.0,0.0,0.0,0.0,0.0,0.0,0.0,0.0,0.0,0.0,0.0,0.0,0.0,0.0,0.0,0.0,0.0,0.0,0.0,0.0,0.0,0.0,0.0,0.0,-0.0026001348112094,-0.0003314008585961,0.0208745602243425,SPY
2013-12-02,-0.21829084667640647,0.07005412288703092,0.18053064106491895,-0.6762341456354002,1.0162018191206428,0.9909476219776423,0.2613791577127018,0.8165748808735417,-0.3263261050436964,-1.4420447410210082,0.0,0.0,0.0,0.0,0.0,0.0,0.0,0.0,0.0,0.0,0.0,0.0,0.0,0.0,0.0,0.0,0.0,0.0,0.0,0.0,0.0,0.0,0.0,0.0,0.0,0.0,0.0,0.0,-0.0043295316424707,0.0048074330945198,0.0281964130913081,SPY
2013-12-03,-0.3503319559714194,-0.21307586355609648,-0.10923232829765651,-0.6626653972900896,1.0170152372256118,0.9945582350834847,0.06904470444313192,0.6186359832446524,0.111653925722079,-0.7279648142430675,0.0,0.0,0.0,0.0,0.0,0.0,0.0,0.0,0.0,0.0,0.0,0.0,0.0,0.0,0.0,0.0,0.0,0.0,0.0,0.0,0.0,0.0,0.0,0.0,0.0,0.0,0.0,0.0,-0.0001117119384126,0.0055478612491004,0.0228959462728495,SPY
2013-12-04,-0.028297370003077808,-0.419353860212103,-0.23651895288957703,-0.6720800208640455,1.018740402272165,0.9988365770738166,0.02887719142539941,0.20867856906756133,0.2776199523921094,-0.013884887465126573,0.0,0.0,0.0,0.0,0.0,0.0,0.0,0.0,0.0,0.0,0.0,0.0,0.0,0.0,0.0,0.0,0.0,0.0,0.0,0.0,0.0,0.0,0.0,0.0,0.0,0.0,0.0,0.0,-0.0044049489886699,-0.0056352938189139,0.022843776643187,SPY
2013-12-05,-0.35609014279830614,-0.2793562080089371,-0.25134036404825116,-0.6675709041750981,1.0198988533864455,1.0010251598666902,-0.1531172701878529,-0.47602814853809866,-0.1605428239232963,0.7001950393128141,0.0,0.0,0.0,0.0,0.0,0.0,0.0,0.0,0.0,0.0,0.0,0.0,0.0,0.0,0.0,0.0,0.0,0.0,0.0,0.0,0.0,0.0,0.0,0.0,0.0,0.0,0.0,0.0,0.0111149265221666,-0.0045368365192608,0.0243467529911702,SPY
2013-12-06,0.8288672605738108,-0.2835991570344836,-0.5123756579009922,-0.7245978407654015,1.0224375293886154,1.0084566569761801,0.1983606756126953,-0.024488847054901192,0.3811064009198024,1.414274966090755,0.0,0.0,0.0,0.0,0.0,0.0,0.0,0.0,0.0,0.0,0.0,0.0,0.0,0.0,0.0,0.0,0.0,0.0,0.0,0.0,0.0,0.0,0.0,0.0,0.0,0.0,0.0,0.0,0.0025386991419065,-0.015763856486024,0.0193543683565371,SPY
2013-12-09,0.17406406191760465,0.3480069272032407,-0.0627219337187359,-0.8253710040502059,1.0238917098179265,1.0135386772562403,0.250569884546828,0.3758663354351735,-1.1740169529419189,-1.4420447410210082,0.0,0.0,0.0,0.0,0.0,0.0,0.0,0.0,0.0,0.0,0.0,0.0,0.0,0.0,0.0,0.0,0.0,0.0,0.0,0.0,0.0,0.0,0.0,0.0,0.0,0.0,0.0,0.0,-0.00358910348789,-0.0120900999065023,0.0170337417301196,SPY
2013-12-10,-0.29379955512690603,0.738653728690406,0.13346687003934196,-0.8096291847521069,1.0241874855582813,1.01777991672772,0.08076479752340432,0.2636423315871636,-0.8630183087383337,-0.7279648142430675,0.0,0.0,0.0,0.0,0.0,0.0,0.0,0.0,0.0,0.0,0.0,0.0,0.0,0.0,0.0,0.0,0.0,0.0,0.0,0.0,0.0,0.0,0.0,0.0,0.0,0.0,0.0,0.0,-0.011294867006427,-0.0116865861365953,0.0212767775758475,SPY
2013-12-11,-0.8821420017882609,-0.08858898067237318,0.16173470574706886,-0.7146212263205575,1.0193566056000152,1.0199561553052805,-0.3561154319573029,-0.2648133913924583,0.447488693984239,-0.013884887465126573,0.0,0.0,0.0,0.0,0.0,0.0,0.0,0.0,0.0,0.0,0.0,0.0,0.0,0.0,0.0,0.0,0.0,0.0,0.0,0.0,0.0,0.0,0.0,0.0,0.0,0.0,0.0,0.0,-0.0033064916890168,0.0165368228755067,0.0352904465414507,SPY
2013-12-12,-0.27222187281100846,-0.866859749493571,-0.26521230889707764,-0.7464966788299661,1.011987096064902,1.0196470142301177,-0.4752273551583742,-0.9239679529144363,0.0886052733365146,0.7001950393128141,0.0,0.0,0.0,0.0,0.0,0.0,0.0,0.0,0.0,0.0,0.0,0.0,0.0,0.0,0.0,0.0,0.0,0.0,0.0,0.0,0.0,0.0,0.0,0.0,0.0,0.0,0.0,0.0,-0.0001120934445966,0.0186867812470508,0.0252027137523969,SPY
2013-12-13,-0.028326498366694305,-0.850960125374337,-0.22327574788646154,-0.7648935818729421,1.0048642442771611,1.018212616410864,-0.4675024392789517,-1.3163579610418172,-0.1175275132811831,1.414274966090755,0.0,0.0,0.0,0.0,0.0,0.0,0.0,0.0,0.0,0.0,0.0,0.0,0.0,0.0,0.0,0.0,0.0,0.0,0.0,0.0,0.0,0.0,0.0,0.0,0.0,0.0,0.0,0.0,0.0062124557214282,0.024599374080358,0.0361533400123201,SPY
2013-12-16,0.4545589057101132,-0.22182186238439158,-0.6518974229868576,-0.7505622451762496,1.0016355486816926,1.0171862997170467,-0.2299852378663874,-0.8001849190841166,-0.4390404881988872,-1.4420447410210082,0.0,0.0,0.0,0.0,0.0,0.0,0.0,0.0,0.0,0.0,0.0,0.0,0.0,0.0,0.0,0.0,0.0,0.0,0.0,0.0,0.0,0.0,0.0,0.0,0.0,0.0,0.0,0.0,-0.0031855897179831,0.0237148811518945,0.0353166676148264,SPY
2013-12-17,-0.26299089118627617,0.3137102224054722,-0.5116418873516368,-0.751924200356476,0.9989242168988947,1.0162341414789902,-0.3397154774106235,-0.9682089004635841,-0.6139032367193318,-0.7279648142430675,0.0,0.0,0.0,0.0,0.0,0.0,0.0,0.0,0.0,0.0,0.0,0.0,0.0,0.0,0.0,0.0,0.0,0.0,0.0,0.0,0.0,0.0,0.0,0.0,0.0,0.0,0.0,0.0,0.016928542005675,0.0290894630686269,0.0372016022130408,SPY
2013-12-18,1.2727423871965724,0.14079658018128402,-0.4962366641939659,-0.5867451425655816,1.003779841554949,1.0195356368006425,0.2619773057667112,-0.19760418570635857,3.138187799452562,-0.013884887465126573,0.0,0.0,0.0,0.0,0.0,0.0,0.0,0.0,0.0,0.0,0.0,0.0,0.0,0.0,0.0,0.0,0.0,0.0,0.0,0.0,0.0,0.0,0.0,0.0,0.0,0.0,0.0,0.0,-0.0011565333174727,0.0172320787113378,0.0160348217067678,SPY
2013-12-19,-0.10807048593137689,0.7436792079699033,0.5812678635991242,-0.5931163283607719,1.0100648555172023,1.0232699249693276,0.1872808518694063,-0.22055560714108557,0.5917761844701188,0.7001950393128141,0.0,0.0,0.0,0.0,0.0,0.0,0.0,0.0,0.0,0.0,0.0,0.0,0.0,0.0,0.0,0.0,0.0,0.0,0.0,0.0,0.0,0.0,0.0,0.0,0.0,0.0,0.0,0.0,0.0058004993887106,0.0183341991826377,0.0201273462148385,SPY
2013-12-20,0.42310564398910877,0.8578330904810264,0.663348305366881,-0.6083846653532341,1.014022660828927,1.0265291238853076,0.3773428063098109,0.1299923561399151,2.018274783678344,1.414274966090755,0.0,0.0,0.0,0.0,0.0,0.0,0.0,0.0,0.0,0.0,0.0,0.0,0.0,0.0,0.0,0.0,0.0,0.0,0.0,0.0,0.0,0.0,0.0,0.0,0.0,0.0,0.0,0.0,0.0053279627929647,0.0123704434886047,0.0149785382395091,SPY
2013-12-23,0.3870270209935574,0.23177396804547112,0.8890774349044825,-0.6067053215541094,1.0192504308836134,1.0298813702355725,0.5497545892339539,0.5265717414233175,-0.7311783728316029,-1.4420447410210082,0.0,0.0,0.0,0.0,0.0,0.0,0.0,0.0,0.0,0.0,0.0,0.0,0.0,0.0,0.0,0.0,0.0,0.0,0.0,0.0,0.0,0.0,0.0,0.0,0.0,0.0,0.0,0.0,0.0021889921987492,0.0117641987513961,0.0014231695097626,SPY
2013-12-24,0.14736360088519915,0.5965890648306386,0.8553095390839696,-0.6075162147786649,1.0270712409950866,1.033953354211444,0.5979914514076532,0.5971474670138122,-1.641711320761957,-0.7279648142430675,0.0,0.0,0.0,0.0,0.0,0.0,0.0,0.0,0.0,0.0,0.0,0.0,0.0,0.0,0.0,0.0,0.0,0.0,0.0,0.0,0.0,0.0,0.0,0.0,0.0,0.0,0.0,0.0,0.0050711576483859,-5.479190828250324e-05,-0.0223326706657616,SPY
2013-12-26,0.36741970152245595,0.3934071486713607,1.0604986552460471,-0.5986815018029941,1.0422002792137544,1.0391198042660437,0.7462974974062885,0.9690555779506959,-1.1674999843853238,0.7001950393128141,0.0,0.0,0.0,0.0,0.0,0.0,0.0,0.0,0.0,0.0,0.0,0.0,0.0,0.0,0.0,0.0,0.0,0.0,0.0,0.0,0.0,0.0,0.0,0.0,0.0,0.0,0.0,0.0,-5.4412846172802176e-05,-0.0052898311247435,-0.0323348917434778,SPY
2013-12-27,-0.023922529270067907,0.3789593963589365,0.6078111245766109,-0.5989800203443969,1.0587586138879719,1.043729716537851,0.7051282420809029,0.6669736059444091,-1.1666503065523226,1.414274966090755,0.0,0.0,0.0,0.0,0.0,0.0,0.0,0.0,0.0,0.0,0.0,0.0,0.0,0.0,0.0,0.0,0.0,0.0,0.0,0.0,0.0,0.0,0.0,0.0,0.0,0.0,0.0,0.0,-0.0001632563053224,-0.0081373909192574,-0.0263433066113583,SPY
2013-12-30,-0.03223283192925431,0.2527463468554922,0.6498875370145942,-0.5997821093703213,1.0752917860364835,1.0484507500384386,0.6589819590511558,0.5732058542323436,-1.2469943044709737,-1.4420447410210082,0.0,0.0,0.0,0.0,0.0,0.0,0.0,0.0,0.0,0.0,0.0,0.0,0.0,0.0,0.0,0.0,0.0,0.0,0.0,0.0,0.0,0.0,0.0,0.0,0.0,0.0,0.0,0.0,0.0047217180557561,-0.0018515927264015,-0.0358321239833987,SPY
2013-12-31,0.34073965295963726,-0.041739639505421186,0.4222051276990872,-0.6011343815734618,1.0912451987366265,1.0548345726325243,0.7840715917852363,0.9555446270079149,-0.5513384941009138,-0.7279648142430675,0.0,0.0,0.0,0.0,0.0,0.0,0.0,0.0,0.0,0.0,0.0,0.0,0.0,0.0,0.0,0.0,0.0,0.0,0.0,0.0,0.0,0.0,0.0,0.0,0.0,0.0,0.0,0.0,-0.0096299984609293,-0.0063552382666687,-0.0300089255383859,SPY
2014-01-02,-0.7550276890960363,0.22696352995769312,0.3990601047497723,-0.5537720665511014,1.104217223543213,1.0599822268724888,0.3767868831003326,1.0505429204098893,0.2283359135614966,0.7001950393128141,0.0,0.0,0.0,0.0,0.0,0.0,0.0,0.0,0.0,0.0,0.0,0.0,0.0,0.0,0.0,0.0,0.0,0.0,0.0,0.0,0.0,0.0,0.0,0.0,0.0,0.0,0.0,0.0,-0.0001638815680751,0.0039286925520984,-0.0262547426875707,SPY
2014-01-03,-0.03228057134103931,-0.3056315085648748,-0.0521616432781589,-0.5537017206410437,1.109597500787833,1.0651174437332516,0.3277013515521726,1.2784797292156338,-0.6496944175364248,1.414274966090755,0.0,0.0,0.0,0.0,0.0,0.0,0.0,0.0,0.0,0.0,0.0,0.0,0.0,0.0,0.0,0.0,0.0,0.0,0.0,0.0,0.0,0.0,0.0,0.0,0.0,0.0,0.0,0.0,-0.0029019726406867,0.0068113760793497,-0.0488532247579556,SPY
2014-01-06,-0.24133645489711436,-0.5804933435118738,-0.25202334164678575,-0.5613803563230592,1.1141820944013208,1.07057058236573,0.1735746886205507,1.0688071057755393,0.018135329000288098,-1.4420447410210082,0.0,0.0,0.0,0.0,0.0,0.0,0.0,0.0,0.0,0.0,0.0,0.0,0.0,0.0,0.0,0.0,0.0,0.0,0.0,0.0,0.0,0.0,0.0,0.0,0.0,0.0,0.0,0.0,0.0061225418875334,-0.0036808757580342,-0.0389708547817733,SPY
2014-01-07,0.4476938981225961,-0.20197736494044538,-0.36073659348800163,-0.6022540660561994,1.118939761623354,1.0749430198841015,0.3666720536272454,1.0711665608620529,-0.5030241478232509,-0.7279648142430675,0.0,0.0,0.0,0.0,0.0,0.0,0.0,0.0,0.0,0.0,0.0,0.0,0.0,0.0,0.0,0.0,0.0,0.0,0.0,0.0,0.0,0.0,0.0,0.0,0.0,0.0,0.0,0.0,0.0002180725154889,0.0010351151697589,-0.0463485085176893,SPY
2014-01-08,-0.0031180101625457135,0.15169424536384302,-0.12075934585318722,-0.6034678654364432,1.1213930150290328,1.0787964879579777,0.3427503925825155,1.3105164298497414,-0.2272186100179797,-0.013884887465126573,0.0,0.0,0.0,0.0,0.0,0.0,0.0,0.0,0.0,0.0,0.0,0.0,0.0,0.0,0.0,0.0,0.0,0.0,0.0,0.0,0.0,0.0,0.0,0.0,0.0,0.0,0.0,0.0,0.0006539323578378,0.0061928259782044,-0.0334656653722307,SPY
2014-01-09,0.03016030748009968,0.3272267086792567,-0.29269812401893835,-0.6150434789413435,1.1231525348154796,1.0836028129990796,0.3273083170245247,0.784320676205354,-0.3711807674465035,0.7001950393128141,0.0,0.0,0.0,0.0,0.0,0.0,0.0,0.0,0.0,0.0,0.0,0.0,0.0,0.0,0.0,0.0,0.0,0.0,0.0,0.0,0.0,0.0,0.0,0.0,0.0,0.0,0.0,0.0,0.0027188019591761,0.0042382385005979,-0.0217999435790519,SPY
2014-01-10,0.18781508501974062,0.019564975079796414,0.09991858702333874,-0.7113747611007375,1.1238463148600353,1.0915409120467798,0.363438901539571,1.0085753831001871,-0.053734797868088,1.414274966090755,0.0,0.0,0.0,0.0,0.0,0.0,0.0,0.0,0.0,0.0,0.0,0.0,0.0,0.0,0.0,0.0,0.0,0.0,0.0,0.0,0.0,0.0,0.0,0.0,0.0,0.0,0.0,0.0,-0.0133942244780707,-0.0027188019591761,-0.0226833968675679,SPY
2014-01-13,-1.0424299613541614,0.16025498992363263,0.20997278180455578,-0.5931553370489575,1.118493614257978,1.0971626307366693,-0.1825342464521129,-0.29871173697457526,1.2328174054372512,-1.4420447410210082,0.0,0.0,0.0,0.0,0.0,0.0,0.0,0.0,0.0,0.0,0.0,0.0,0.0,0.0,0.0,0.0,0.0,0.0,0.0,0.0,0.0,0.0,0.0,0.0,0.0,0.0,0.0,0.0,0.0108385328153266,0.0136114137094924,0.0015947813992092,SPY
2014-01-14,0.8077643355576378,-0.6300885631391691,-0.19059714426918042,-0.5481419976086157,1.11812184026194,1.1052705908452571,0.154089379929751,-0.011221036642732489,0.042297142154196,-0.7279648142430675,0.0,0.0,0.0,0.0,0.0,0.0,0.0,0.0,0.0,0.0,0.0,0.0,0.0,0.0,0.0,0.0,0.0,0.0,0.0,0.0,0.0,0.0,0.0,0.0,0.0,0.0,0.0,0.0,0.0053757833239345,0.003424572307547,-0.0087495239966095,SPY
2014-01-15,0.3906781644686635,-0.17327582893334129,-0.010551509967906285,-0.5516548386951302,1.118047513317926,1.1132369185513689,0.2896443011769989,0.13308827655326472,-0.1155907566732996,-0.013884887465126573,0.0,0.0,0.0,0.0,0.0,0.0,0.0,0.0,0.0,0.0,0.0,0.0,0.0,0.0,0.0,0.0,0.0,0.0,0.0,0.0,0.0,0.0,0.0,0.0,0.0,0.0,0.0,0.0,-0.0013006551197687,-0.0101786169531692,-0.0089753859790722,SPY
2014-01-16,-0.11907432397754769,0.8827171266218028,0.18635796849957376,-0.559719018914715,1.121764696174423,1.1216096737238848,0.1720171124004875,-0.17702531111588668,-0.8086491263082481,0.7001950393128141,0.0,0.0,0.0,0.0,0.0,0.0,0.0,0.0,0.0,0.0,0.0,0.0,0.0,0.0,0.0,0.0,0.0,0.0,0.0,0.0,0.0,0.0,0.0,0.0,0.0,0.0,0.0,0.0,-0.0042382385005979,-0.0304448098101755,-0.0021713892115426,SPY
2014-01-17,-0.34336163689484295,0.19977138249422902,0.11173633593259344,-0.6807532511748097,1.1236233340279953,1.1252413418686742,-0.01576400436366019,-0.3971028158674893,0.1603331334141355,1.414274966090755,0.0,0.0,0.0,0.0,0.0,0.0,0.0,0.0,0.0,0.0,0.0,0.0,0.0,0.0,0.0,0.0,0.0,0.0,0.0,0.0,0.0,0.0,0.0,0.0,0.0,0.0,0.0,0.0,0.0029359911905979,-0.0311376347389078,0.0032618391431045,SPY
2014-01-21,0.20439769146695502,-0.3411095499140677,-0.1538673901173627,-0.6808256171946739,1.1281333685708492,1.1298039967577116,0.056283610444488916,-0.24647288058078118,-0.352983323594703,-0.7279648142430675,0.0,0.0,0.0,0.0,0.0,0.0,0.0,0.0,0.0,0.0,0.0,0.0,0.0,0.0,0.0,0.0,0.0,0.0,0.0,0.0,0.0,0.0,0.0,0.0,0.0,0.0,0.0,0.0,0.0006516914133811,-0.0281364536435591,-0.0063178209638232,SPY
2014-01-22,0.02998920921821878,-0.10275756273758879,0.4695825026749281,-0.6959066166030712,1.1301656371368574,1.1332104179095157,0.05274579094383231,-0.4482458327104892,-1.0841824802912936,-0.013884887465126573,0.0,0.0,0.0,0.0,0.0,0.0,0.0,0.0,0.0,0.0,0.0,0.0,0.0,0.0,0.0,0.0,0.0,0.0,0.0,0.0,0.0,0.0,0.0,0.0,0.0,0.0,0.0,0.0,-0.0082274059367817,-0.0384402187343031,-0.0010860152965106,SPY
2014-01-23,-0.6479384025716303,0.17234789256054803,0.08067244117953302,-0.6648070418282692,1.1283565815295102,1.1335336034409675,-0.2552083088950065,-0.37699410331072686,0.8119749446299908,0.7001950393128141,0.0,0.0,0.0,0.0,0.0,0.0,0.0,0.0,0.0,0.0,0.0,0.0,0.0,0.0,0.0,0.0,0.0,0.0,0.0,0.0,0.0,0.0,0.0,0.0,0.0,0.0,0.0,0.0,-0.0215668479767749,-0.0196678962967524,0.0059998954816125,SPY
2014-01-24,-1.6664176159587767,-0.4557002601588178,-0.43866588590076433,-0.43647090390428245,1.1165854405835052,1.1285109052673217,-1.0038801217621585,-1.1794001487990537,2.587562322779049,1.414274966090755,0.0,0.0,0.0,0.0,0.0,0.0,0.0,0.0,0.0,0.0,0.0,0.0,0.0,0.0,0.0,0.0,0.0,0.0,0.0,0.0,0.0,0.0,0.0,0.0,0.0,0.0,0.0,0.0,-0.0049310634293302,-0.0039768639300916,0.0330982304504141,SPY
2014-01-27,-0.3962594857190085,-1.7057061912284388,-1.2123822911439701,-0.44987463163813773,1.1013947495343255,1.1212379963881323,-1.1244218271485136,-1.2317776559711584,1.7953175041767566,-1.4420447410210082,0.0,0.0,0.0,0.0,0.0,0.0,0.0,0.0,0.0,0.0,0.0,0.0,0.0,0.0,0.0,0.0,0.0,0.0,0.0,0.0,0.0,0.0,0.0,0.0,0.0,0.0,0.0,0.0,0.0059371722859467,-0.0218081641392213,0.0376506066592572,SPY
2014-01-28,0.4335407509786689,-1.52025531109647,-1.238832745706595,-0.42537845316849404,1.0949021679476607,1.115295374682075,-0.8620709195506391,-1.247643349890045,0.1240464557984259,-0.7279648142430675,0.0,0.0,0.0,0.0,0.0,0.0,0.0,0.0,0.0,0.0,0.0,0.0,0.0,0.0,0.0,0.0,0.0,0.0,0.0,0.0,0.0,0.0,0.0,0.0,0.0,0.0,0.0,0.0,-0.0096520736773628,-0.0207649390896724,0.0317673531100846,SPY
2014-01-29,-0.7567131530757991,0.027109610285039915,-1.1242545876400547,-0.39665058155038124,1.0792404919846688,1.10725160449311,-1.1474278277936023,-1.4828154992613005,2.4770140924408226,-0.013884887465126573,0.0,0.0,0.0,0.0,0.0,0.0,0.0,0.0,0.0,0.0,0.0,0.0,0.0,0.0,0.0,0.0,0.0,0.0,0.0,0.0,0.0,0.0,0.0,0.0,0.0,0.0,0.0,0.0,0.0105449165007689,-0.0123679772606921,0.0466531154868992,SPY
2014-01-30,0.7853464478984842,-0.23849249375315887,-1.5176285253466029,-0.34963642128538547,1.065784343897527,1.1004635437840142,-0.7105159515552696,-1.079356010350772,0.2862843106902137,0.7001950393128141,0.0,0.0,0.0,0.0,0.0,0.0,0.0,0.0,0.0,0.0,0.0,0.0,0.0,0.0,0.0,0.0,0.0,0.0,0.0,0.0,0.0,0.0,0.0,0.0,0.0,0.0,0.0,0.0,-0.0058758156101141,-0.0098119781005134,0.0386346602678449,SPY
2014-01-31,-0.4683922222342059,0.020737309621367314,-0.8009446401724416,-0.37010520648777007,1.0503209040687864,1.0945706017218453,-0.8771121413274875,-1.3104182727034548,1.8891429302625675,1.414274966090755,0.0,0.0,0.0,0.0,0.0,0.0,0.0,0.0,0.0,0.0,0.0,0.0,0.0,0.0,0.0,0.0,0.0,0.0,0.0,0.0,0.0,0.0,0.0,0.0,0.0,0.0,0.0,0.0,-0.0227623636384599,0.0083834916606173,0.0374539420822861,SPY
2014-02-03,-1.7576963851197673,0.23318804269708432,-0.20189728860781414,-0.1965840767003346,1.0268531348220864,1.0837295857612368,-1.609557756433237,-1.4719559972497456,2.853871967133357,-1.4420447410210082,0.0,0.0,0.0,0.0,0.0,0.0,0.0,0.0,0.0,0.0,0.0,0.0,0.0,0.0,0.0,0.0,0.0,0.0,0.0,0.0,0.0,0.0,0.0,0.0,0.0,0.0,0.0,0.0,0.0069803973354956,0.0329812039697374,0.0741737677362746,SPY
2014-02-04,0.5131919856153819,-1.6406659038084737,-0.8826551199362902,-0.1658339167613438,1.0050706512684682,1.0750642261038819,-1.2912203987863908,-1.6339295596537575,1.0357203469879963,-0.7279648142430675,0.0,0.0,0.0,0.0,0.0,0.0,0.0,0.0,0.0,0.0,0.0,0.0,0.0,0.0,0.0,0.0,0.0,0.0,0.0,0.0,0.0,0.0,0.0,0.0,0.0,0.0,0.0,0.0,-0.0012551118483825,0.0368847604229483,0.0680994093577442,SPY
2014-02-05,-0.11559705145914499,-0.9173806260990772,-0.8428271985851129,-0.1905288939182234,0.9824454552303231,1.0647330262356582,-1.2538325881532724,-1.882703745502917,1.0150162892504886,-0.013884887465126573,0.0,0.0,0.0,0.0,0.0,0.0,0.0,0.0,0.0,0.0,0.0,0.0,0.0,0.0,0.0,0.0,0.0,0.0,0.0,0.0,0.0,0.0,0.0,0.0,0.0,0.0,0.0,0.0,0.0131009156609476,0.0386340996908387,0.0716418186580964,SPY
2014-02-06,0.9804994390260153,0.292608555751249,-0.5222506025207465,-0.11058771010315388,0.9692868006205303,1.0572239236065089,-0.7186885430470281,-1.3580428206879818,0.4022365370214437,0.7001950393128141,0.0,0.0,0.0,0.0,0.0,0.0,0.0,0.0,0.0,0.0,0.0,0.0,0.0,0.0,0.0,0.0,0.0,0.0,0.0,0.0,0.0,0.0,0.0,0.0,0.0,0.0,0.0,0.0,0.0123196541510166,0.0306831053713629,0.0589662102900652,SPY
2014-02-07,0.9208493722767029,0.6369464113451634,-0.4246684618605964,-0.048279862169524686,0.9712446029665527,1.0523007011755001,-0.2257466363948177,-0.8844687412879383,1.1063917884259182,1.414274966090755,0.0,0.0,0.0,0.0,0.0,0.0,0.0,0.0,0.0,0.0,0.0,0.0,0.0,0.0,0.0,0.0,0.0,0.0,0.0,0.0,0.0,0.0,0.0,0.0,0.0,0.0,0.0,0.0,0.0018353486706601,0.0238667928681071,0.0461152173409367,SPY
2014-02-10,0.12036257781183636,1.400657189725539,0.26999252131595025,-0.05026743964702349,0.9762009705760795,1.047166276207794,-0.11531559025423808,-0.9186902555086324,-0.4323243209997133,-1.4420447410210082,0.0,0.0,0.0,0.0,0.0,0.0,0.0,0.0,0.0,0.0,0.0,0.0,0.0,0.0,0.0,0.0,0.0,0.0,0.0,0.0,0.0,0.0,0.0,0.0,0.0,0.0,0.0,0.0,0.0108839537887064,0.0232264340514962,0.0393252892275901,SPY
2014-02-11,0.8112322705057747,0.7668610023415767,1.2090763284869386,-0.062058250229886286,0.9834121697557363,1.0475267971678217,0.287632899368024,-0.6374552533174678,0.0641675708983396,-0.7279648142430675,0.0,0.0,0.0,0.0,0.0,0.0,0.0,0.0,0.0,0.0,0.0,0.0,0.0,0.0,0.0,0.0,0.0,0.0,0.0,0.0,0.0,0.0,0.0,0.0,0.0,0.0,0.0,0.0,0.0004942274195078,0.0056988113464599,0.0287084597066806,SPY
2014-02-12,0.017966682028846284,0.686089087652991,1.3581050921996116,-0.10320041279840608,0.9951088444817555,1.0455376083886958,0.3228429397204506,-0.43809825578057415,-0.3848565957670519,-0.013884887465126573,0.0,0.0,0.0,0.0,0.0,0.0,0.0,0.0,0.0,0.0,0.0,0.0,0.0,0.0,0.0,0.0,0.0,0.0,0.0,0.0,0.0,0.0,0.0,0.0,0.0,0.0,0.0,0.0,0.0051499213414718,0.0110880810076459,0.0169372660891617,SPY
2014-02-13,0.37343338514858415,0.6106381550427905,1.4248908224772656,-0.10409137237110748,1.004476174992335,1.0434863025864813,0.5339417083266474,0.3043959424050377,-0.2701218659544437,0.7001950393128141,0.0,0.0,0.0,0.0,0.0,0.0,0.0,0.0,0.0,0.0,0.0,0.0,0.0,0.0,0.0,0.0,0.0,0.0,0.0,0.0,0.0,0.0,0.0,0.0,0.0,0.0,0.0,0.0,0.0055033416477607,0.0047966645075154,0.0089753859790722,SPY
2014-02-14,0.4004173650230787,0.2880438367518025,1.121340235231808,-0.09293987112926208,1.0189483412991707,1.042988993746214,0.7464639638476975,0.5939078917423942,-0.3461974147083001,1.414274966090755,0.0,0.0,0.0,0.0,0.0,0.0,0.0,0.0,0.0,0.0,0.0,0.0,0.0,0.0,0.0,0.0,0.0,0.0,0.0,0.0,0.0,0.0,0.0,0.0,0.0,0.0,0.0,0.0,0.0011949898540493,0.0048248098517813,0.0124752764150004,SPY
2014-02-18,0.07147056704617287,0.5698545527836332,0.8611091773195104,-0.09872326935896808,1.0439029279780798,1.0437349104246711,0.7855162428791906,0.4985742660124135,-0.6533099413465964,-0.7279648142430675,0.0,0.0,0.0,0.0,0.0,0.0,0.0,0.0,0.0,0.0,0.0,0.0,0.0,0.0,0.0,0.0,0.0,0.0,0.0,0.0,0.0,0.0,0.0,0.0,0.0,0.0,0.0,0.0,-0.0066436689163298,0.0032511327772448,0.0183926972072416,SPY
2014-02-19,-0.5270185597501704,0.347351726227783,0.836661757661077,-0.08704758757693548,1.0628109411597289,1.0422928265845617,0.5460765060485285,0.6043371220373668,0.2435554560210933,-0.013884887465126573,0.0,0.0,0.0,0.0,0.0,0.0,0.0,0.0,0.0,0.0,0.0,0.0,0.0,0.0,0.0,0.0,0.0,0.0,0.0,0.0,0.0,0.0,0.0,0.0,0.0,0.0,0.0,0.0,0.0058834970806938,0.0099487204303487,0.0196931566180706,SPY
2014-02-20,0.4294425974981509,-0.3360341158049106,0.16749763159723546,-0.07477228671268989,1.0849404075862727,1.0420441255824833,0.7709946067624488,0.5073948549991099,-0.179958878047085,0.7001950393128141,0.0,0.0,0.0,0.0,0.0,0.0,0.0,0.0,0.0,0.0,0.0,0.0,0.0,0.0,0.0,0.0,0.0,0.0,0.0,0.0,0.0,0.0,0.0,0.0,0.0,0.0,0.0,0.0,-0.0011414951586585,0.0092989120491067,0.0196323405076421,SPY
2014-02-21,-0.10692230806052148,-0.07226061844509139,0.37324749189709727,-0.09801612715187359,1.1008250179559806,1.0434117016022473,0.7160652442171417,0.7025814132877908,0.0642938218996954,1.414274966090755,0.0,0.0,0.0,0.0,0.0,0.0,0.0,0.0,0.0,0.0,0.0,0.0,0.0,0.0,0.0,0.0,0.0,0.0,0.0,0.0,0.0,0.0,0.0,0.0,0.0,0.0,0.0,0.0,0.0055314869920266,0.0129668684894799,0.0168873367159836,SPY
2014-02-24,0.4025662890937034,0.23728942488096863,0.13305575027524125,-0.27811960335854263,1.113785436431521,1.0508959760549388,0.8627584267458349,2.0387048020961274,-0.026488012717800304,-1.4420447410210082,0.0,0.0,0.0,0.0,0.0,0.0,0.0,0.0,0.0,0.0,0.0,0.0,0.0,0.0,0.0,0.0,0.0,0.0,0.0,0.0,0.0,0.0,0.0,0.0,0.0,0.0,0.0,0.0,-0.0003786872204871,0.0003788477017803,0.0072120020348132,SPY
2014-02-25,-0.0486811892412314,0.21748548138568694,0.13413027447144296,-0.29429199691510805,1.1257543956838605,1.0593871891125057,0.7763696307067072,1.9397153017772997,0.023234511566898798,-0.7279648142430675,0.0,0.0,0.0,0.0,0.0,0.0,0.0,0.0,0.0,0.0,0.0,0.0,0.0,0.0,0.0,0.0,0.0,0.0,0.0,0.0,0.0,0.0,0.0,0.0,0.0,0.0,0.0,0.0,5.391873677407233e-05,0.0147149969377959,0.0123254734618027,SPY
2014-02-26,-0.01565130885065871,0.2604007437365365,0.07405092075587363,-0.30030468701700863,1.132866383945743,1.0665729431733983,0.7177193425376607,2.0338743435286486,-0.3579418405793934,-0.013884887465126573,0.0,0.0,0.0,0.0,0.0,0.0,0.0,0.0,0.0,0.0,0.0,0.0,0.0,0.0,0.0,0.0,0.0,0.0,0.0,0.0,0.0,0.0,0.0,0.0,0.0,0.0,0.0,0.0,0.0052336886994517,0.0155671171579871,0.0050532059792747,SPY
2014-02-27,0.3798291033958019,-0.04776500409555639,0.32974933827928776,-0.35197875312844945,1.1421591553856878,1.0771030712359226,0.8276896321464015,1.9469348269851638,-0.4729042673613469,0.7001950393128141,0.0,0.0,0.0,0.0,0.0,0.0,0.0,0.0,0.0,0.0,0.0,0.0,0.0,0.0,0.0,0.0,0.0,0.0,0.0,0.0,0.0,0.0,0.0,0.0,0.0,0.0,0.0,0.0,0.0025264612817146,0.0126207259105051,-0.0022912195187858,SPY
2014-02-28,0.17312968953647953,0.2679849677691163,0.30494115608251904,-0.3825273165642227,1.1502872082925888,1.0858802741421987,0.8498102329785395,1.7988396482557634,0.6627255660816836,1.414274966090755,0.0,0.0,0.0,0.0,0.0,0.0,0.0,0.0,0.0,0.0,0.0,0.0,0.0,0.0,0.0,0.0,0.0,0.0,0.0,0.0,0.0,0.0,0.0,0.0,0.0,0.0,0.0,0.0,-0.0070565337956729,0.0105195719217068,0.0001003586767662,SPY
2014-03-03,-0.5585411898787657,0.4070891992275944,0.4449752558099919,-0.37388852284430657,1.152666366880874,1.0943343613899401,0.5115611963549235,1.11934569459185,0.976602469117614,-1.4420447410210082,0.0,0.0,0.0,0.0,0.0,0.0,0.0,0.0,0.0,0.0,0.0,0.0,0.0,0.0,0.0,0.0,0.0,0.0,0.0,0.0,0.0,0.0,0.0,0.0,0.0,0.0,0.0,0.0,0.0139574620155284,0.0170447669192679,0.0153176091226798,SPY
2014-03-04,1.045897575981639,-0.2843536874221667,-0.03560628516841579,-0.6371236520806453,1.1609432129517743,1.111006132516712,0.9013659234995234,1.2120133131590474,0.9481397352789596,-0.7279648142430675,0.0,0.0,0.0,0.0,0.0,0.0,0.0,0.0,0.0,0.0,0.0,0.0,0.0,0.0,0.0,0.0,0.0,0.0,0.0,0.0,0.0,0.0,0.0,0.0,0.0,0.0,0.0,0.0,0.0009060389569652,-0.0018672745389469,0.0079692064279974,SPY
2014-03-05,0.049408888492646574,0.3587497346533195,0.5117147597946705,-0.6398630738661336,1.1726646323755823,1.1263725145197272,0.8072851625742617,1.2230502582178941,-0.6110559392994973,-0.013884887465126573,0.0,0.0,0.0,0.0,0.0,0.0,0.0,0.0,0.0,0.0,0.0,0.0,0.0,0.0,0.0,0.0,0.0,0.0,0.0,0.0,0.0,0.0,0.0,0.0,0.0,0.0,0.0,0.0,0.0022872974519696,-0.0025061892281152,0.0104042217533502,SPY
2014-03-06,0.15486930139887575,0.8067208182872351,0.5442467404312535,-0.6522949283206382,1.182775185900969,1.1425469069333147,0.7595801047268043,1.1499302693217117,-0.7082959088799923,0.7001950393128141,0.0,0.0,0.0,0.0,0.0,0.0,0.0,0.0,0.0,0.0,0.0,0.0,0.0,0.0,0.0,0.0,0.0,0.0,0.0,0.0,0.0,0.0,0.0,0.0,0.0,0.0,0.0,0.0,0.0004253072929163,-0.0160704528780959,0.0067927978657174,SPY
2014-03-07,0.012704564160122483,0.15016213705051762,0.4317603321291779,-0.7069367613096236,1.1936045891459695,1.1559489749156058,0.6647386463647017,0.9971778480095924,-0.0954745215409888,1.414274966090755,0.0,0.0,0.0,0.0,0.0,0.0,0.0,0.0,0.0,0.0,0.0,0.0,0.0,0.0,0.0,0.0,0.0,0.0,0.0,0.0,0.0,0.0,0.0,0.0,0.0,0.0,0.0,0.0,-0.0005313387981118,-0.01930771893963,-0.0055253426208397,SPY
2014-03-10,-0.0603362838273008,0.12311637041563012,0.3515431289008262,-0.7628830274860826,1.2016585008101535,1.166491586939276,0.5578064320609791,0.9114785894795012,-0.8761909300816545,-1.4420447410210082,0.0,0.0,0.0,0.0,0.0,0.0,0.0,0.0,0.0,0.0,0.0,0.0,0.0,0.0,0.0,0.0,0.0,0.0,0.0,0.0,0.0,0.0,0.0,0.0,0.0,0.0,0.0,0.0,-0.0049545794426864,-0.0097731480578291,-0.0161071790972489,SPY
2014-03-11,-0.3980549559278236,-0.035458951222774586,0.6006599932594192,-0.7288981242888359,1.2075813972437972,1.1754676947488814,0.2978982332744494,1.0453283706601757,-0.3892339400004312,-0.7279648142430675,0.0,0.0,0.0,0.0,0.0,0.0,0.0,0.0,0.0,0.0,0.0,0.0,0.0,0.0,0.0,0.0,0.0,0.0,0.0,0.0,0.0,0.0,0.0,0.0,0.0,0.0,0.0,0.0,0.0002671242677969,0.0022938420311477,-0.0070380076369467,SPY
2014-03-12,0.0006271382444214858,-0.3381291767446909,-0.12135804121328442,-0.7855723205763258,1.213603551020539,1.1820569204275648,0.2543252226549925,0.8344087308088761,-0.2705793982833652,-0.013884887465126573,0.0,0.0,0.0,0.0,0.0,0.0,0.0,0.0,0.0,0.0,0.0,0.0,0.0,0.0,0.0,0.0,0.0,0.0,0.0,0.0,0.0,0.0,0.0,0.0,0.0,0.0,0.0,0.0,-0.0112769661980109,-0.0033164917421499,0.0033884784817148,SPY
2014-03-13,-0.8807752578704896,-0.2932079715025394,-0.1457503274235421,-0.6831883288987649,1.2120177547971767,1.1859234081549495,-0.1968371326383571,0.04902291363997241,0.7014811079695255,0.7001950393128141,0.0,0.0,0.0,0.0,0.0,0.0,0.0,0.0,0.0,0.0,0.0,0.0,0.0,0.0,0.0,0.0,0.0,0.0,0.0,0.0,0.0,0.0,0.0,0.0,0.0,0.0,0.0,0.0,-0.0028119587686177,0.0137831554261262,-0.0065644144164958,SPY
2014-03-14,-0.23446380929890218,-0.6489028623275033,-0.6636025646485486,-0.6883451687587934,1.2079785194668389,1.1879747139571637,-0.3171698183661303,-0.41930972246122866,0.6592575975631437,1.414274966090755,0.0,0.0,0.0,0.0,0.0,0.0,0.0,0.0,0.0,0.0,0.0,0.0,0.0,0.0,0.0,0.0,0.0,0.0,0.0,0.0,0.0,0.0,0.0,0.0,0.0,0.0,0.0,0.0,0.009003232083689,0.0127086152444269,-0.0128019153080982,SPY
2014-03-17,0.6676373617394684,-0.8221308135527513,-0.787193901098309,-0.6595937374312715,1.2113239747526199,1.1908466771679034,-0.006628181779797189,0.0660362052438342,-0.433039609171081,-1.4420447410210082,0.0,0.0,0.0,0.0,0.0,0.0,0.0,0.0,0.0,0.0,0.0,0.0,0.0,0.0,0.0,0.0,0.0,0.0,0.0,0.0,0.0,0.0,0.0,0.0,0.0,0.0,0.0,0.0,0.0071124106462905,-0.0004384645284059,-0.0139575408390264,SPY
2014-03-18,0.5232713287042395,0.3188248402029654,-0.423186020572629,-0.6359531616718641,1.2115223037375202,1.1950985606137179,0.224496706140995,0.3463780141828485,-0.340394649330192,-0.7279648142430675,0.0,0.0,0.0,0.0,0.0,0.0,0.0,0.0,0.0,0.0,0.0,0.0,0.0,0.0,0.0,0.0,0.0,0.0,0.0,0.0,0.0,0.0,0.0,0.0,0.0,0.0,0.0,0.0,-0.0053432095055008,-0.002816090968194,-0.0142060004048678,SPY
2014-03-19,-0.42772723453491357,0.8771658010069648,0.03750377250415972,-0.6465330054678997,1.2088210926753928,1.1996238800741794,-0.011393771859655387,-0.13533987766689398,1.177535016652051,-0.013884887465126573,0.0,0.0,0.0,0.0,0.0,0.0,0.0,0.0,0.0,0.0,0.0,0.0,0.0,0.0,0.0,0.0,0.0,0.0,0.0,0.0,0.0,0.0,0.0,0.0,0.0,0.0,0.0,0.0,0.0058226809702652,-0.0046912302084471,0.0015604688744152,SPY
2014-03-20,0.4247992290480401,0.07004086982556121,-0.1766858046857017,-0.6468823811985855,1.2077556779107719,1.204161706786759,0.1692143026554066,-0.0007372953029308904,-0.005486902827632003,0.7001950393128141,0.0,0.0,0.0,0.0,0.0,0.0,0.0,0.0,0.0,0.0,0.0,0.0,0.0,0.0,0.0,0.0,0.0,0.0,0.0,0.0,0.0,0.0,0.0,0.0,0.0,0.0,0.0,0.0,-0.0038864989503171,-0.0126246479773213,-0.0028663735383185,SPY
2014-03-21,-0.3165059843560715,-0.002518793804820686,0.4761392044966156,-0.6358618728043103,1.2046871496837264,1.2080552353329694,-0.007039977034981289,0.15601346410545353,0.9314167863168686,1.414274966090755,0.0,0.0,0.0,0.0,0.0,0.0,0.0,0.0,0.0,0.0,0.0,0.0,0.0,0.0,0.0,0.0,0.0,0.0,0.0,0.0,0.0,0.0,0.0,0.0,0.0,0.0,0.0,0.0,-0.0041438476891437,-0.0038201095497374,0.0045013710126626,SPY
2014-03-24,-0.33615480777015966,0.07943514573443101,0.4351157437736342,-0.6368905076674621,1.1999499096043327,1.2097191656841093,-0.1741790718197073,-0.717487507704926,0.029312658168260695,-1.4420447410210082,0.0,0.0,0.0,0.0,0.0,0.0,0.0,0.0,0.0,0.0,0.0,0.0,0.0,0.0,0.0,0.0,0.0,0.0,0.0,0.0,0.0,0.0,0.0,0.0,0.0,0.0,0.0,0.0,0.0047347842065024,0.0084844547896469,0.0131796284377401,SPY
2014-03-25,0.34173726612023214,-0.4812776769075482,-0.0668093771927945,-0.626891375772975,1.1997076622627583,1.2125690723440934,-0.02123530501626249,-0.5044532367965011,-0.3692940609468941,-0.7279648142430675,0.0,0.0,0.0,0.0,0.0,0.0,0.0,0.0,0.0,0.0,0.0,0.0,0.0,0.0,0.0,0.0,0.0,0.0,0.0,0.0,0.0,0.0,0.0,0.0,0.0,0.0,0.0,0.0,-0.007218348745754,0.0103587299039906,0.0060998139798904,SPY
2014-03-26,-0.5708959167540557,0.0037521844266046145,-0.1575816596330098,-0.5939859056726201,1.1960061247405107,1.21373329488482,-0.2979822677503654,-0.9307265824434159,-0.0409784807777895,-0.013884887465126573,0.0,0.0,0.0,0.0,0.0,0.0,0.0,0.0,0.0,0.0,0.0,0.0,0.0,0.0,0.0,0.0,0.0,0.0,0.0,0.0,0.0,0.0,0.0,0.0,0.0,0.0,0.0,0.0,-0.0021107367986088,0.0209181329320626,0.0153433921979377,SPY
2014-03-27,-0.1809248383072179,-0.16921798649044156,-0.22917014211394782,-0.6061766488717467,1.1965380661049723,1.21320458981391,-0.3716229774750619,-1.0300810026581395,0.438937041740905,0.7001950393128141,0.0,0.0,0.0,0.0,0.0,0.0,0.0,0.0,0.0,0.0,0.0,0.0,0.0,0.0,0.0,0.0,0.0,0.0,0.0,0.0,0.0,0.0,0.0,0.0,0.0,0.0,0.0,0.0,0.0049180394772667,0.0217047432950083,0.009221559286928,SPY
2014-03-28,0.35572898207487996,-0.5543441960666617,-0.5320496972793304,-0.5961170327433923,1.2006236339088425,1.2132278342042526,-0.1901779249708103,-0.759455575010486,-0.4967163350920452,1.414274966090755,0.0,0.0,0.0,0.0,0.0,0.0,0.0,0.0,0.0,0.0,0.0,0.0,0.0,0.0,0.0,0.0,0.0,0.0,0.0,0.0,0.0,0.0,0.0,0.0,0.0,0.0,0.0,0.0,0.0081607166502406,0.0048938706241008,0.0074657038229934,SPY
2014-03-31,0.6033104990901597,0.12844403740563412,-0.19591276864742851,-0.5933151320041713,1.2043538158561093,1.2167775879995102,0.08467765418956631,-0.2086752384223096,-0.5310023269675724,-1.4420447410210082,0.0,0.0,0.0,0.0,0.0,0.0,0.0,0.0,0.0,0.0,0.0,0.0,0.0,0.0,0.0,0.0,0.0,0.0,0.0,0.0,0.0,0.0,0.0,0.0,0.0,0.0,0.0,0.0,0.0066090593208461,-0.0143800213006608,0.0039495743177599,SPY
2014-04-01,0.4848399714961197,0.7063118038824802,0.27384706024223315,-0.6761172848655567,1.2078747124419702,1.2186434743713495,0.3169255476288885,0.020748166482502807,-0.7771531079346495,-0.7279648142430675,0.0,0.0,0.0,0.0,0.0,0.0,0.0,0.0,0.0,0.0,0.0,0.0,0.0,0.0,0.0,0.0,0.0,0.0,0.0,0.0,0.0,0.0,0.0,0.0,0.0,0.0,0.0,0.0,0.003341054282318,-0.0168744886038911,0.000318592110883,SPY
2014-04-02,0.2353246476162741,0.8014478880738222,0.34540255239306733,-0.671163402036416,1.2154419010074449,1.2210846710496446,0.4227627307032901,0.6631912049395385,-0.9950453123331476,-0.013884887465126573,0.0,0.0,0.0,0.0,0.0,0.0,0.0,0.0,0.0,0.0,0.0,0.0,0.0,0.0,0.0,0.0,0.0,0.0,0.0,0.0,0.0,0.0,0.0,0.0,0.0,0.0,0.0,0.0,-0.0013241264356631,-0.0095219324997506,-0.0029161883145008,SPY
2014-04-03,-0.12086638149221879,0.5302956561532364,0.7485361557313785,-0.6713907481257864,1.2196857791667706,1.222679264176287,0.3600831966423462,0.7434453178843811,-1.018207107862735,0.7001950393128141,0.0,0.0,0.0,0.0,0.0,0.0,0.0,0.0,0.0,0.0,0.0,0.0,0.0,0.0,0.0,0.0,0.0,0.0,0.0,0.0,0.0,0.0,0.0,0.0,0.0,0.0,0.0,0.0,-0.0118928331936407,-0.0294276651603091,-0.0030266713717672,SPY
2014-04-04,-0.9277972945778405,0.08397787289214921,0.7785671214208715,-0.589356028679899,1.220183690768608,1.2213896197497949,-0.07382060075457869,-0.14667901333991729,1.0222986278028048,1.414274966090755,0.0,0.0,0.0,0.0,0.0,0.0,0.0,0.0,0.0,0.0,0.0,0.0,0.0,0.0,0.0,0.0,0.0,0.0,0.0,0.0,0.0,0.0,0.0,0.0,0.0,0.0,0.0,0.0,-0.011113175274521,-0.0265842916268885,0.0107784184957013,SPY
2014-04-07,-0.8682696635273522,-0.7730744006084321,0.13676685514939155,-0.5301284057264554,1.2174706412488154,1.2176519078081836,-0.4547311859149694,-0.856513413556718,0.3650600798799103,-1.4420447410210082,0.0,0.0,0.0,0.0,0.0,0.0,0.0,0.0,0.0,0.0,0.0,0.0,0.0,0.0,0.0,0.0,0.0,0.0,0.0,0.0,0.0,0.0,0.0,0.0,0.0,0.0,0.0,0.0,0.0041145920176157,-0.0076235097996066,0.0131498008390655,SPY
2014-04-08,0.29438499675301194,-1.32380228119647,-0.5990657938484758,-0.5286559406550543,1.2144588911932435,1.21601942026963,-0.2902107503580513,-0.49560766658997185,-0.272588825382025,-0.7279648142430675,0.0,0.0,0.0,0.0,0.0,0.0,0.0,0.0,0.0,0.0,0.0,0.0,0.0,0.0,0.0,0.0,0.0,0.0,0.0,0.0,0.0,0.0,0.0,0.0,0.0,0.0,0.0,0.0,0.0106936103864585,-0.0048741507367733,0.0149073926327094,SPY
2014-04-09,0.7966993689036194,-0.4232310913508778,-0.6942987904191579,-0.47111604753527897,1.2197356863902646,1.2168097062502934,0.10039309868699921,-0.3073806508527498,-0.5339041825382467,-0.013884887465126573,0.0,0.0,0.0,0.0,0.0,0.0,0.0,0.0,0.0,0.0,0.0,0.0,0.0,0.0,0.0,0.0,0.0,0.0,0.0,0.0,0.0,0.0,0.0,0.0,0.0,0.0,0.0,0.0,-0.0212298590962216,-0.0051445013494495,0.0031479874503981,SPY
2014-04-10,-1.6406881912229339,0.8036097434640838,-0.41359519115986804,-0.32745243179702166,1.2162012336097434,1.215303385908618,-0.6715587644944271,-0.840242244610508,1.0686371819332503,0.7001950393128141,0.0,0.0,0.0,0.0,0.0,0.0,0.0,0.0,0.0,0.0,0.0,0.0,0.0,0.0,0.0,0.0,0.0,0.0,0.0,0.0,0.0,0.0,0.0,0.0,0.0,0.0,0.0,0.0,-0.0090494596602201,0.0174811963043035,0.0258693437069235,SPY
2014-04-11,-0.7107029940065165,-0.6222587016073675,-1.1735500591771795,-0.29949434854675316,1.2062947658094545,1.2123831172213553,-0.9779671775706508,-0.956341163911162,0.9106117352210116,1.414274966090755,0.0,0.0,0.0,0.0,0.0,0.0,0.0,0.0,0.0,0.0,0.0,0.0,0.0,0.0,0.0,0.0,0.0,0.0,0.0,0.0,0.0,0.0,0.0,0.0,0.0,0.0,0.0,0.0,0.0078476065527608,0.0300119015651878,0.0446075966091763,SPY
2014-04-14,0.5794042423795183,-1.7329957407308856,-1.0649966291094641,-0.30806796290424565,1.1961645279466147,1.2091722936548155,-0.6672246898491478,-0.8555469725510807,0.1166500576239675,-1.4420447410210082,0.0,0.0,0.0,0.0,0.0,0.0,0.0,0.0,0.0,0.0,0.0,0.0,0.0,0.0,0.0,0.0,0.0,0.0,0.0,0.0,0.0,0.0,0.0,0.0,0.0,0.0,0.0,0.0,0.0068639510804491,0.0266987047483606,0.0376555759742709,SPY
2014-04-15,0.5043012021863549,-0.09710942599839549,-0.34111779999166353,-0.3096342368277635,1.186083965180648,1.2058813957255539,-0.3894020368849314,-0.4583157370436945,0.6531010269637431,-0.7279648142430675,0.0,0.0,0.0,0.0,0.0,0.0,0.0,0.0,0.0,0.0,0.0,0.0,0.0,0.0,0.0,0.0,0.0,0.0,0.0,0.0,0.0,0.0,0.0,0.0,0.0,0.0,0.0,0.0,0.0104232597737823,0.0174897234165642,0.0260422761424763,SPY
2014-04-16,0.7760578399317427,0.798172548216187,-0.23615362513023652,-0.27330081317661825,1.1792391546594254,1.2062438032543363,-0.0064877153890193886,-0.11886834009395339,-0.5220240584621721,-0.013884887465126573,0.0,0.0,0.0,0.0,0.0,0.0,0.0,0.0,0.0,0.0,0.0,0.0,0.0,0.0,0.0,0.0,0.0,0.0,0.0,0.0,0.0,0.0,0.0,0.0,0.0,0.0,0.0,0.0,0.0013958385575314,0.0090916931150752,0.0067998585819664,SPY
2014-04-17,0.08680555848876707,0.94307774410327,-0.24647498670372084,-0.28617451308889463,1.1736635660759769,1.2055757017142898,0.050850607615097916,-0.20768356861395657,-0.5490988462363771,0.7001950393128141,0.0,0.0,0.0,0.0,0.0,0.0,0.0,0.0,0.0,0.0,0.0,0.0,0.0,0.0,0.0,0.0,0.0,0.0,0.0,0.0,0.0,0.0,0.0,0.0,0.0,0.0,0.0,0.0,0.003481245600664,-0.0005367151520747,0.0088664369032738,SPY
2014-04-21,0.24602838943730862,0.6354439719016876,0.6173218585300593,-0.28761617134036765,1.175256558224588,1.206624680524142,0.1723409351931851,-0.33545837453467575,-1.3504105216352305,-1.4420447410210082,0.0,0.0,0.0,0.0,0.0,0.0,0.0,0.0,0.0,0.0,0.0,0.0,0.0,0.0,0.0,0.0,0.0,0.0,0.0,0.0,0.0,0.0,0.0,0.0,0.0,0.0,0.0,0.0,0.0045344097359336,-0.0008557767394066,0.0090478572598478,SPY
2014-04-22,0.32643848281610816,0.24488909619227592,1.095715225158946,-0.2893392864803442,1.184092829451864,1.2096966200229355,0.3173834094236814,-0.39637386462942187,-0.9348055150994982,-0.7279648142430675,0.0,0.0,0.0,0.0,0.0,0.0,0.0,0.0,0.0,0.0,0.0,0.0,0.0,0.0,0.0,0.0,0.0,0.0,0.0,0.0,0.0,0.0,0.0,0.0,0.0,0.0,0.0,0.0,-0.0023450302513472,-0.0007455993303331,-0.001811635468476,SPY
2014-04-23,-0.19881336848196918,0.4214638259346407,0.9692250279588066,-0.29341119606180155,1.1899419096200607,1.2111200710852155,0.2179969236905395,-0.5659170562073651,-1.1749822640855845,-0.013884887465126573,0.0,0.0,0.0,0.0,0.0,0.0,0.0,0.0,0.0,0.0,0.0,0.0,0.0,0.0,0.0,0.0,0.0,0.0,0.0,0.0,0.0,0.0,0.0,0.0,0.0,0.0,0.0,0.0,0.0020252294722933,0.0045775080349832,0.0089226415080423,SPY
2014-04-24,0.13486015941269325,0.09367993145017832,0.6176474039688106,-0.31706453664036705,1.1917836486556315,1.2146913457388653,0.265046214162491,-0.46560003723969345,-0.8267526572569189,0.7001950393128141,0.0,0.0,0.0,0.0,0.0,0.0,0.0,0.0,0.0,0.0,0.0,0.0,0.0,0.0,0.0,0.0,0.0,0.0,0.0,0.0,0.0,0.0,0.0,0.0,0.0,0.0,0.0,0.0,-0.0082325697096186,0.002658552419624,0.0093269080164937,SPY
2014-04-25,-0.6483326615879572,-0.04748552306492869,0.29703001609345325,-0.28819983561999457,1.1995743287317109,1.2168266387871456,-0.05929928177301368,-0.35795324064232237,-0.5236139810784064,1.414274966090755,0.0,0.0,0.0,0.0,0.0,0.0,0.0,0.0,0.0,0.0,0.0,0.0,0.0,0.0,0.0,0.0,0.0,0.0,0.0,0.0,0.0,0.0,0.0,0.0,0.0,0.0,0.0,0.0,0.0031621840133322,0.009456512636313,0.021559965534597,SPY
2014-04-28,0.2216677307595704,-0.3787160829597036,-0.0705603589333855,-0.29332922924937294,1.2129405509659155,1.2185623519148743,0.044457786960697715,0.10718722609968251,0.3188044280960856,-1.4420447410210082,0.0,0.0,0.0,0.0,0.0,0.0,0.0,0.0,0.0,0.0,0.0,0.0,0.0,0.0,0.0,0.0,0.0,0.0,0.0,0.0,0.0,0.0,0.0,0.0,0.0,0.0,0.0,0.0,0.0046445871450071,0.0082065852968087,0.0245253272140404,SPY
2014-04-29,0.33485063383335334,-0.3147514858861076,-0.0827413929412744,-0.31084924867331837,1.2249128528415953,1.2194864911132695,0.2104644870256371,0.1236609314162687,-0.9060975039776384,-0.7279648142430675,0.0,0.0,0.0,0.0,0.0,0.0,0.0,0.0,0.0,0.0,0.0,0.0,0.0,0.0,0.0,0.0,0.0,0.0,0.0,0.0,0.0,0.0,0.0,0.0,0.0,0.0,0.0,0.0,0.0029780771139691,-0.0051797947793552,0.0191492774209987,SPY
2014-04-30,0.20761099214334472,0.4097120875712592,-0.0785350740984194,-0.32491042328402153,1.2351427194501265,1.2195613948801434,0.3214740374964759,-0.10790432477323648,-0.4653415767793631,-0.013884887465126573,0.0,0.0,0.0,0.0,0.0,0.0,0.0,0.0,0.0,0.0,0.0,0.0,0.0,0.0,0.0,0.0,0.0,0.0,0.0,0.0,0.0,0.0,0.0,0.0,0.0,0.0,0.0,0.0,0.0001062738569341,-0.0022856880820647,0.0213310460803599,SPY
2014-05-01,-0.011653945135031912,0.3993543087761025,0.12468886265555804,-0.32973240819197097,1.2406185400119107,1.2188745906893512,0.3310076742112651,0.9533169468320485,-0.6867359154161949,0.7001950393128141,0.0,0.0,0.0,0.0,0.0,0.0,0.0,0.0,0.0,0.0,0.0,0.0,0.0,0.0,0.0,0.0,0.0,0.0,0.0,0.0,0.0,0.0,0.0,0.0,0.0,0.0,0.0,0.0,-0.0014346094929296,-0.0034577567348517,0.0228351189353999,SPY
2014-05-02,-0.1293018690425999,0.14403066091936934,0.051427572238907725,-0.32961883147357907,1.2447752314124259,1.21816274870335,0.2829264308718244,1.5032102743099542,-0.5142838042966008,1.414274966090755,0.0,0.0,0.0,0.0,0.0,0.0,0.0,0.0,0.0,0.0,0.0,0.0,0.0,0.0,0.0,0.0,0.0,0.0,0.0,0.0,0.0,0.0,0.0,0.0,0.0,0.0,0.0,0.0,0.0019122566738278,-0.0005316500816183,0.0254107656304167,SPY
2014-05-05,0.12623457773016694,-0.10422528127900199,0.3109579822648141,-0.39113282198181104,1.2482100090219315,1.2206851144200648,0.3343246437833437,1.367427181533168,-1.1390579781806005,-1.4420447410210082,0.0,0.0,0.0,0.0,0.0,0.0,0.0,0.0,0.0,0.0,0.0,0.0,0.0,0.0,0.0,0.0,0.0,0.0,0.0,0.0,0.0,0.0,0.0,0.0,0.0,0.0,0.0,0.0,-0.0087417929311568,0.0072448864865863,0.0229802017677558,SPY
2014-05-06,-0.6872123437032788,-0.0026214272683738856,0.26323864520135887,-0.41347492864544116,1.2454470987039679,1.2237320394146232,-0.016834031790622088,0.43434888923976334,-0.8333004536858317,-0.7279648142430675,0.0,0.0,0.0,0.0,0.0,0.0,0.0,0.0,0.0,0.0,0.0,0.0,0.0,0.0,0.0,0.0,0.0,0.0,0.0,0.0,0.0,0.0,0.0,0.0,0.0,0.0,0.0,0.0,0.0058721838112596,0.0168822653355986,0.0337426380663954,SPY
2014-05-07,0.4285788185095219,-0.4137205763530505,-0.24782240828941351,-0.40667055486636444,1.2465176202542496,1.2272035122520228,0.1743441469524116,0.23097055657970272,-0.2028947230001088,-0.013884887465126573,0.0,0.0,0.0,0.0,0.0,0.0,0.0,0.0,0.0,0.0,0.0,0.0,0.0,0.0,0.0,0.0,0.0,0.0,0.0,0.0,0.0,0.0,0.0,0.0,0.0,0.0,0.0,0.0,-0.0010657947958527,0.0062607327729935,0.0343712167481404,SPY
2014-05-08,-0.10114251264386019,-0.19093669657262088,-0.137332103276661,-0.45389378877953585,1.2461441285212163,1.2279401125415652,0.1286140389936388,0.0834908895091901,-0.5809184896921679,0.7001950393128141,0.0,0.0,0.0,0.0,0.0,0.0,0.0,0.0,0.0,0.0,0.0,0.0,0.0,0.0,0.0,0.0,0.0,0.0,0.0,0.0,0.0,0.0,0.0,0.0,0.0,0.0,0.0,0.0,0.0014914971603037,-0.0014926302178812,0.0402083444618934,SPY
2014-05-09,0.09410918469840536,0.24091181639759962,-0.1820789756236837,-0.7168870359880126,1.2503009591977035,1.2339340209685976,0.1362982954356864,-0.02568199733738339,-0.8725909188860184,1.414274966090755,0.0,0.0,0.0,0.0,0.0,0.0,0.0,0.0,0.0,0.0,0.0,0.0,0.0,0.0,0.0,0.0,0.0,0.0,0.0,0.0,0.0,0.0,0.0,0.0,0.0,0.0,0.0,0.0,0.0096887932420326,0.0004782895006538,0.0397401830213652,SPY
2014-05-12,0.7199806147170065,-0.005543821378412286,-0.0703669862494542,-0.7528975659221298,1.257544052575073,1.2442734425500375,0.4165178057652877,0.24605279990828222,-0.7636000189592599,-1.4420447410210082,0.0,0.0,0.0,0.0,0.0,0.0,0.0,0.0,0.0,0.0,0.0,0.0,0.0,0.0,0.0,0.0,0.0,0.0,0.0,0.0,0.0,0.0,0.0,0.0,0.0,0.0,0.0,0.0,0.0008955859178554,-0.0055478377841406,0.0301538088140285,SPY
2014-05-13,0.048610788915607675,0.5995048993094618,0.2265232072490005,-0.7753039198648471,1.263044942811914,1.2530395123715612,0.379747076542502,0.4555923583032159,-1.3408385438789423,-0.7279648142430675,0.0,0.0,0.0,0.0,0.0,0.0,0.0,0.0,0.0,0.0,0.0,0.0,0.0,0.0,0.0,0.0,0.0,0.0,0.0,0.0,0.0,0.0,0.0,0.0,0.0,0.0,0.0,0.0,-0.0047493487513454,-0.0127685066943863,0.0257759146292215,SPY
2014-05-14,-0.38238539550294187,0.565979176741872,0.5944560583590627,-0.7665598969892743,1.2649117979478668,1.2591082779835239,0.1532199093565676,0.030204092479032107,-1.1561714299093286,-0.013884887465126573,0.0,0.0,0.0,0.0,0.0,0.0,0.0,0.0,0.0,0.0,0.0,0.0,0.0,0.0,0.0,0.0,0.0,0.0,0.0,0.0,0.0,0.0,0.0,0.0,0.0,0.0,0.0,0.0,-0.0088191577867275,0.0003700887821302,0.0234197854954372,SPY
2014-05-15,-0.6931192247414228,-0.24630478164217098,0.18895049298241698,-0.7660491037727738,1.2625969848588954,1.2606941137045866,-0.1873831927006297,-0.00977065067852369,1.2371974860225254,0.7001950393128141,0.0,0.0,0.0,0.0,0.0,0.0,0.0,0.0,0.0,0.0,0.0,0.0,0.0,0.0,0.0,0.0,0.0,0.0,0.0,0.0,0.0,0.0,0.0,0.0,0.0,0.0,0.0,0.0,0.0034624168788388,0.0116187425496026,0.0352827558297601,SPY
2014-05-16,0.24459079843941522,-0.7928522857922465,-0.10705498689099602,-0.7601958486616841,1.2625720080344858,1.2627669403651938,-0.07537282664105649,0.0060870422140154095,-0.4224531728040179,1.414274966090755,0.0,0.0,0.0,0.0,0.0,0.0,0.0,0.0,0.0,0.0,0.0,0.0,0.0,0.0,0.0,0.0,0.0,0.0,0.0,0.0,0.0,0.0,0.0,0.0,0.0,0.0,0.0,0.0,0.003662665957238,0.0121568134792484,0.0326440729459358,SPY
2014-05-19,0.25988000793094074,-0.3308617128731382,-0.03180982711148359,-0.759411947016136,1.2633685737467777,1.2648897494523288,0.044046992044056314,-0.04205865025900919,-1.3417351877918011,-1.4420447410210082,0.0,0.0,0.0,0.0,0.0,0.0,0.0,0.0,0.0,0.0,0.0,0.0,0.0,0.0,0.0,0.0,0.0,0.0,0.0,0.0,0.0,0.0,0.0,0.0,0.0,0.0,0.0,0.0,-0.0063250829923902,0.014621693214786,0.0317570488453542,SPY
2014-05-20,-0.5026942184293405,0.371360581605641,-0.26187343961269544,-0.7434509318698103,1.2652850111289553,1.2644650851546233,-0.1875107209191382,-0.5557021125000425,0.014337312111254196,-0.7279648142430675,0.0,0.0,0.0,0.0,0.0,0.0,0.0,0.0,0.0,0.0,0.0,0.0,0.0,0.0,0.0,0.0,0.0,0.0,0.0,0.0,0.0,0.0,0.0,0.0,0.0,0.0,0.0,0.0,0.0083892467251711,0.0202153135591416,0.0453953644239275,SPY
2014-05-21,0.6207589898330783,-0.17928015469765518,-0.5375418906190357,-0.7034409389685522,1.268396157803597,1.2665629729014116,0.10773173017808471,-0.14137477622015207,-0.609480574771737,-0.013884887465126573,0.0,0.0,0.0,0.0,0.0,0.0,0.0,0.0,0.0,0.0,0.0,0.0,0.0,0.0,0.0,0.0,0.0,0.0,0.0,0.0,0.0,0.0,0.0,0.0,0.0,0.0,0.0,0.0,0.0024294959807447,0.0169859126073008,0.0381258777507778,SPY
2014-05-22,0.16572629566426314,0.08663534450988811,-0.03594068047755479,-0.7025296018514575,1.2731505288276137,1.2687608022102819,0.1810155755063967,0.03426209417417781,-1.344815853473907,0.7001950393128141,0.0,0.0,0.0,0.0,0.0,0.0,0.0,0.0,0.0,0.0,0.0,0.0,0.0,0.0,0.0,0.0,0.0,0.0,0.0,0.0,0.0,0.0,0.0,0.0,0.0,0.0,0.0,0.0,0.0040004878084847,0.0161667633385302,0.0377247874373365,SPY
2014-05-23,0.28567303077936146,0.5791643739061397,0.3935069231351461,-0.7489845622075422,1.279099237741502,1.2738306180208643,0.2904505024967276,0.1177197620008798,-1.3198910472766572,1.414274966090755,0.0,0.0,0.0,0.0,0.0,0.0,0.0,0.0,0.0,0.0,0.0,0.0,0.0,0.0,0.0,0.0,0.0,0.0,0.0,0.0,0.0,0.0,0.0,0.0,0.0,0.0,0.0,0.0,0.0061275456927756,0.0133073127321328,0.0334181544804028,SPY
2014-05-27,0.4480759434594055,0.3322545937644615,0.4140492276710221,-0.7350380043641698,1.2834051865592577,1.2796246200327586,0.4745439132643814,0.8260101901483289,-0.9900606452734524,-0.7279648142430675,0.0,0.0,0.0,0.0,0.0,0.0,0.0,0.0,0.0,0.0,0.0,0.0,0.0,0.0,0.0,0.0,0.0,0.0,0.0,0.0,0.0,0.0,0.0,0.0,0.0,0.0,0.0,0.0,-0.0007314626480345,0.0066614598505241,0.0212479589140404,SPY
2014-05-28,-0.0756159320043532,0.5403053567897277,0.5081526392882495,-0.7412619918452682,1.28693931436251,1.28415736931338,0.4107844388100021,0.5917036833555097,-1.106863616224654,-0.013884887465126573,0.0,0.0,0.0,0.0,0.0,0.0,0.0,0.0,0.0,0.0,0.0,0.0,0.0,0.0,0.0,0.0,0.0,0.0,0.0,0.0,0.0,0.0,0.0,0.0,0.0,0.0,0.0,0.0,0.0051598457733303,0.0094135658660414,0.0264893687668097,SPY
2014-05-29,0.37419112505421553,0.2740877611003675,0.721704136388203,-0.7323499321292454,1.295177952391609,1.2892271618329898,0.5647966074382303,0.8294728806523575,-1.1450731540848949,0.7001950393128141,0.0,0.0,0.0,0.0,0.0,0.0,0.0,0.0,0.0,0.0,0.0,0.0,0.0,0.0,0.0,0.0,0.0,0.0,0.0,0.0,0.0,0.0,0.0,0.0,0.0,0.0,0.0,0.0,0.0016103467119741,0.0107544825857157,0.0206130580950549,SPY
2014-05-30,0.10318346213323176,0.21964535975430902,0.5984130716491521,-0.7328409790786706,1.3083201260113175,1.2946591056806869,0.5821860477624544,0.8341134542213502,-0.7974951293324387,1.414274966090755,0.0,0.0,0.0,0.0,0.0,0.0,0.0,0.0,0.0,0.0,0.0,0.0,0.0,0.0,0.0,0.0,0.0,0.0,0.0,0.0,0.0,0.0,0.0,0.0,0.0,0.0,0.0,0.0,0.0011410372020872,0.0139154687916418,0.0209454504563844,SPY
2014-06-02,0.06735123024289698,0.3513945957433381,0.567139845737277,-0.7374860633344898,1.3203920102073652,1.3007028800793858,0.5770050606790685,0.5479761481601372,-1.1078210682441771,-1.4420447410210082,0.0,0.0,0.0,0.0,0.0,0.0,0.0,0.0,0.0,0.0,0.0,0.0,0.0,0.0,0.0,0.0,0.0,0.0,0.0,0.0,0.0,0.0,0.0,0.0,0.0,0.0,0.0,0.0,-0.000518307188833,0.0137977673093301,0.0192933322680337,SPY
2014-06-03,-0.0593413079409295,0.12529807059942702,0.4579726301796967,-0.735820973659373,1.330497596223064,1.3061723456834369,0.513814606649868,0.47613031244270054,-1.061905759144408,-0.7279648142430675,0.0,0.0,0.0,0.0,0.0,0.0,0.0,0.0,0.0,0.0,0.0,0.0,0.0,0.0,0.0,0.0,0.0,0.0,0.0,0.0,0.0,0.0,0.0,0.0,0.0,0.0,0.0,0.0,0.0020206433674827,0.014418493532859,0.0264829838542688,SPY
2014-06-04,0.13451000590507214,0.005540873491216114,0.2042493266655971,-0.8083085174087605,1.3445358714501079,1.3141766143834033,0.5263557835047018,0.9056012632102068,-1.3006085344911316,-0.013884887465126573,0.0,0.0,0.0,0.0,0.0,0.0,0.0,0.0,0.0,0.0,0.0,0.0,0.0,0.0,0.0,0.0,0.0,0.0,0.0,0.0,0.0,0.0,0.0,0.0,0.0,0.0,0.0,0.0,0.0065007624930046,0.0089155418984248,0.025476132417836,SPY
2014-06-05,0.4765714046623909,0.05502715629506751,0.3093183738319031,-0.8041136650167515,1.3577775345395349,1.3223806031707297,0.7069251800761778,1.872154525894317,-0.2984204914229214,0.7001950393128141,0.0,0.0,0.0,0.0,0.0,0.0,0.0,0.0,0.0,0.0,0.0,0.0,0.0,0.0,0.0,0.0,0.0,0.0,0.0,0.0,0.0,0.0,0.0,0.0,0.0,0.0,0.0,0.0,0.0047713329179002,-0.0046906984797097,0.0238820319343702,SPY
2014-06-06,0.34452779534350414,0.4499171433828517,0.36051147514092546,-0.8042151488730283,1.3721889300970176,1.3319958152598845,0.8113668160062901,1.8968165001713266,-0.6495213947997595,1.414274966090755,0.0,0.0,0.0,0.0,0.0,0.0,0.0,0.0,0.0,0.0,0.0,0.0,0.0,0.0,0.0,0.0,0.0,0.0,0.0,0.0,0.0,0.0,0.0,0.0,0.0,0.0,0.0,0.0,0.0010233357197755,-0.0064182188500145,0.0156229934445804,SPY
2014-06-09,0.058364609006422576,0.6046698115117234,0.4811906229971045,-0.8037004984790243,1.3852066374225973,1.3415110159140393,0.7744091699331451,1.8527284670616189,-0.9895944933170248,-1.4420447410210082,0.0,0.0,0.0,0.0,0.0,0.0,0.0,0.0,0.0,0.0,0.0,0.0,0.0,0.0,0.0,0.0,0.0,0.0,0.0,0.0,0.0,0.0,0.0,0.0,0.0,0.0,0.0,0.0,0.0001024190346958,-0.0066178205747755,0.0081489194056052,SPY
2014-06-10,-0.01194826451580071,0.2965120234003464,0.47669705242721233,-0.850204742979344,1.3953621306617914,1.3487661304904022,0.720633813710082,2.5946297366502638,-1.1751186256554078,-0.7279648142430675,0.0,0.0,0.0,0.0,0.0,0.0,0.0,0.0,0.0,0.0,0.0,0.0,0.0,0.0,0.0,0.0,0.0,0.0,0.0,0.0,0.0,0.0,0.0,0.0,0.0,0.0,0.0,0.0,-0.0034823082669515,-0.0039445977528149,0.012520569620424,SPY
2014-06-11,-0.28564563742263865,0.033840839522059914,0.5003949450554736,-0.8316068450419628,1.4041737500419278,1.3549598288777107,0.5398486153845528,2.0197437407149255,-0.8322880363987084,-0.013884887465126573,0.0,0.0,0.0,0.0,0.0,0.0,0.0,0.0,0.0,0.0,0.0,0.0,0.0,0.0,0.0,0.0,0.0,0.0,0.0,0.0,0.0,0.0,0.0,0.0,0.0,0.0,0.0,0.0,-0.0071054778851298,0.0068509431003196,0.0120383465978308,SPY
2014-06-12,-0.5622781181236324,-0.21964484681392768,0.29030496975211006,-0.8059775288929678,1.4070860106277803,1.3605540875112745,0.228786856826666,1.0965464509069436,0.2003321355329334,0.7001950393128141,0.0,0.0,0.0,0.0,0.0,0.0,0.0,0.0,0.0,0.0,0.0,0.0,0.0,0.0,0.0,0.0,0.0,0.0,0.0,0.0,0.0,0.0,0.0,0.0,0.0,0.0,0.0,0.0,0.0030438125475953,0.0150761810374708,0.0205179416419714,SPY
2014-06-13,0.2126299556450078,-0.6251581770156588,-0.22914984193965413,-0.8884248623447448,1.4106951153295844,1.3689579827137377,0.2771704930166374,1.0626113243300574,-0.4476524205832154,1.414274966090755,0.0,0.0,0.0,0.0,0.0,0.0,0.0,0.0,0.0,0.0,0.0,0.0,0.0,0.0,0.0,0.0,0.0,0.0,0.0,0.0,0.0,0.0,0.0,0.0,0.0,0.0,0.0,0.0,0.0008237339950145,0.0140607741571789,0.0224971230890567,SPY
2014-06-16,0.04312482558701018,-0.2580012914161152,-0.29510257713404753,-0.8904486329610651,1.4141548697634996,1.3767500007832554,0.247253610184373,0.8286876355521305,-0.277578802056191,-1.4420447410210082,0.0,0.0,0.0,0.0,0.0,0.0,0.0,0.0,0.0,0.0,0.0,0.0,0.0,0.0,0.0,0.0,0.0,0.0,0.0,0.0,0.0,0.0,0.0,0.0,0.0,0.0,0.0,0.0,0.0027756418566564,0.0129308950137154,0.0197985218619312,SPY
2014-06-17,0.1921548657917684,0.18809292318735862,-0.30272290967761323,-0.8929197407415567,1.4192075699207012,1.384354712853642,0.2920485820027622,1.0406931800709414,-0.3277124159020947,-0.7279648142430675,0.0,0.0,0.0,0.0,0.0,0.0,0.0,0.0,0.0,0.0,0.0,0.0,0.0,0.0,0.0,0.0,0.0,0.0,0.0,0.0,0.0,0.0,0.0,0.0,0.0,0.0,0.0,0.0,0.0073132325861831,0.0041126032834721,0.0207176268261122,SPY
2014-06-18,0.5386042767210668,0.17300574988913633,-0.20066544053108784,-0.9280575527930465,1.4268490854301887,1.3952311776740707,0.4821901745838357,1.1333538736042248,0.3000337470832804,-0.013884887465126573,0.0,0.0,0.0,0.0,0.0,0.0,0.0,0.0,0.0,0.0,0.0,0.0,0.0,0.0,0.0,0.0,0.0,0.0,0.0,0.0,0.0,0.0,0.0,0.0,0.0,0.0,0.0,0.0,0.0011197600520214,0.0013093179020238,0.0019736731707382,SPY
2014-06-19,0.06572669939691657,0.5381022841924898,0.2114833592202064,-0.9655630790577561,1.4319017855873903,1.4044092182134025,0.4527938193486751,1.1151887645893017,-0.2789746157899498,0.7001950393128141,0.0,0.0,0.0,0.0,0.0,0.0,0.0,0.0,0.0,0.0,0.0,0.0,0.0,0.0,0.0,0.0,0.0,0.0,0.0,0.0,0.0,0.0,0.0,0.0,0.0,0.0,0.0,0.0,0.0020284056673034,-0.0005269070484219,0.0110213942457422,SPY
2014-06-20,0.13510266495271153,0.4449430516886171,0.5255039339727332,-0.9658321026644517,1.4356326639145198,1.4135109575275233,0.4583625306247043,1.1508661519068715,0.1776518561273723,1.414274966090755,0.0,0.0,0.0,0.0,0.0,0.0,0.0,0.0,0.0,0.0,0.0,0.0,0.0,0.0,0.0,0.0,0.0,0.0,0.0,0.0,0.0,0.0,0.0,0.0,0.0,0.0,0.0,0.0,-0.0003061451484489,-0.0006125736424218,0.0071193537912224,SPY
2014-06-23,-0.04314253235847491,0.14762085254339352,0.4867380460320654,-0.9664282887360347,1.4387156304173851,1.4215884530443592,0.3841441684774662,1.1729752763808075,-0.7157068260320004,-1.4420447410210082,0.0,0.0,0.0,0.0,0.0,0.0,0.0,0.0,0.0,0.0,0.0,0.0,0.0,0.0,0.0,0.0,0.0,0.0,0.0,0.0,0.0,0.0,0.0,0.0,0.0,0.0,0.0,0.0,-0.0060426498735868,-0.0008175094802362,0.0117742888577545,SPY
2014-06-24,-0.481130178508409,0.06740000965033212,0.4436018716450923,-0.9349846979869539,1.438797431838591,1.4267243686342914,0.11813614147964051,0.4988808090982354,0.0857029219434887,-0.7279648142430675,0.0,0.0,0.0,0.0,0.0,0.0,0.0,0.0,0.0,0.0,0.0,0.0,0.0,0.0,0.0,0.0,0.0,0.0,0.0,0.0,0.0,0.0,0.0,0.0,0.0,0.0,0.0,0.0,0.0045099472047347,0.0118964847907525,0.0200344462291415,SPY
2014-06-25,0.3245707450607944,-0.3866742712438822,0.10693987370348174,-0.9281503859952059,1.4427726930722076,1.433139377840269,0.237418722889795,0.4005912833935735,-0.3248237655957605,-0.013884887465126573,0.0,0.0,0.0,0.0,0.0,0.0,0.0,0.0,0.0,0.0,0.0,0.0,0.0,0.0,0.0,0.0,0.0,0.0,0.0,0.0,0.0,0.0,0.0,0.0,0.0,0.0,0.0,0.0,-0.0007164648984243,0.0084003295170678,0.0155745870897021,SPY
2014-06-26,-0.0744708394150397,-0.11572288689114368,-8.308337131847497e-05,-0.9397045526650741,1.4498327313963326,1.4381423485603881,0.1721448255656241,0.052668775835278805,-0.2744463173323104,0.7001950393128141,0.0,0.0,0.0,0.0,0.0,0.0,0.0,0.0,0.0,0.0,0.0,0.0,0.0,0.0,0.0,0.0,0.0,0.0,0.0,0.0,0.0,0.0,0.0,0.0,0.0,0.0,0.0,0.0,0.0019427390733035,0.014023456425031,0.0115984371821475,SPY
2014-06-27,0.12856193821099393,0.18392609957087644,-0.070185908203836,-0.9392374982816881,1.4563747559532496,1.4432350361057558,0.2057072066567782,0.11387413998124601,-0.6695684969125006,1.414274966090755,0.0,0.0,0.0,0.0,0.0,0.0,0.0,0.0,0.0,0.0,0.0,0.0,0.0,0.0,0.0,0.0,0.0,0.0,0.0,0.0,0.0,0.0,0.0,0.0,0.0,0.0,0.0,0.0,-0.0005110809862634,0.0085930117798378,0.0100602609447992,SPY
2014-06-30,-0.0587895804333773,0.03949602096719911,-0.0734564607751404,-0.9370686939081637,1.4622683580073357,1.4479274915833475,0.1506183681324489,0.06340233385428411,-0.7025075846356693,-1.4420447410210082,0.0,0.0,0.0,0.0,0.0,0.0,0.0,0.0,0.0,0.0,0.0,0.0,0.0,0.0,0.0,0.0,0.0,0.0,0.0,0.0,0.0,0.0,0.0,0.0,0.0,0.0,0.0,0.0,0.006671344397402,0.0026533544469016,0.0062654831218464,SPY
2014-07-01,0.48959549692111287,0.051050835792753116,-0.0812804374271954,-0.9114252335774276,1.4700942749044685,1.4543885237505643,0.3509680105551171,0.7405306137151734,-0.0357506570837706,-0.7279648142430675,0.0,0.0,0.0,0.0,0.0,0.0,0.0,0.0,0.0,0.0,0.0,0.0,0.0,0.0,0.0,0.0,0.0,0.0,0.0,0.0,0.0,0.0,0.0,0.0,0.0,0.0,0.0,0.0,0.00101379193105,0.0004560792990142,-0.0002541269614821,SPY
2014-07-02,0.057635931569634875,0.3170802357014282,0.4041104800006578,-0.9118207074906217,1.4748605308114753,1.460613338876848,0.3412183802222854,1.5540447459174678,-1.2594280432202825,-0.013884887465126573,0.0,0.0,0.0,0.0,0.0,0.0,0.0,0.0,0.0,0.0,0.0,0.0,0.0,0.0,0.0,0.0,0.0,0.0,0.0,0.0,0.0,0.0,0.0,0.0,0.0,0.0,0.0,0.0,0.0049066620095388,-0.0045222439215804,-0.0212137036015578,SPY
2014-07-03,0.35486030148485914,0.4028689618322589,0.27063535176056325,-0.9248172473546843,1.4815057124387219,1.4664820117458945,0.4807111913125417,1.6125509490223897,-1.1994663558435372,0.7001950393128141,0.0,0.0,0.0,0.0,0.0,0.0,0.0,0.0,0.0,0.0,0.0,0.0,0.0,0.0,0.0,0.0,0.0,0.0,0.0,0.0,0.0,0.0,0.0,0.0,0.0,0.0,0.0,0.0,-0.0034877055718895,-0.0080547887721085,-0.0291803497944789,SPY
2014-07-07,-0.28605772683921127,0.303588653052808,0.4853133412652142,-0.9195668328215377,1.4854320878059764,1.4703235548419604,0.3200374148583204,1.1792389871438702,-0.8815718914744366,-1.4420447410210082,0.0,0.0,0.0,0.0,0.0,0.0,0.0,0.0,0.0,0.0,0.0,0.0,0.0,0.0,0.0,0.0,0.0,0.0,0.0,0.0,0.0,0.0,0.0,0.0,0.0,0.0,0.0,0.0,-0.0064507383191996,0.0004559107944617,-0.0184979382786849,SPY
2014-07-08,-0.5122881233335376,0.050336246197362114,0.27799151523716764,-0.8762477765222513,1.4863322748418393,1.4723218503912499,0.06350732953247472,0.4488859323542697,0.7478645015611102,-0.7279648142430675,0.0,0.0,0.0,0.0,0.0,0.0,0.0,0.0,0.0,0.0,0.0,0.0,0.0,0.0,0.0,0.0,0.0,0.0,0.0,0.0,0.0,0.0,0.0,0.0,0.0,0.0,0.0,0.0,0.0044740692495146,0.0050317818815504,-0.021790734540791,SPY
2014-07-09,0.32183142871600634,-0.5886264472164491,0.051229125653616425,-0.8633774104969557,1.49238451222865,1.4753992166865861,0.2071705318746612,0.30356840441792865,-0.505210974508836,-0.013884887465126573,0.0,0.0,0.0,0.0,0.0,0.0,0.0,0.0,0.0,0.0,0.0,0.0,0.0,0.0,0.0,0.0,0.0,0.0,0.0,0.0,0.0,0.0,0.0,0.0,0.0,0.0,0.0,0.0,-0.0039645312895446,0.0042524594528732,-0.0259524891520852,SPY
2014-07-10,-0.32246382841258525,-0.14070025486712456,-0.03265776127916709,-0.8599525456088734,1.4942851185752823,1.4783470618850363,0.03673322474448042,-0.07176020436008809,0.5684953444788654,0.7001950393128141,0.0,0.0,0.0,0.0,0.0,0.0,0.0,0.0,0.0,0.0,0.0,0.0,0.0,0.0,0.0,0.0,0.0,0.0,0.0,0.0,0.0,0.0,0.0,0.0,0.0,0.0,0.0,0.0,0.0013741171590107,-0.0032137303267729,-0.0274171138509737,SPY
2014-07-11,0.08514710884651787,-0.0008272650920915859,-0.22271863623258042,-0.9134624567755091,1.4972112603330643,1.4833569966058686,0.04992670622564281,-0.11138959171511659,-0.8762413577439344,1.414274966090755,0.0,0.0,0.0,0.0,0.0,0.0,0.0,0.0,0.0,0.0,0.0,0.0,0.0,0.0,0.0,0.0,0.0,0.0,0.0,0.0,0.0,0.0,0.0,0.0,0.0,0.0,0.0,0.0,0.0050229939946806,0.0055796336412416,-0.0172889050890461,SPY
2014-07-14,0.36374236029689666,-0.17522930075777537,-0.35758303441509853,-0.9029961995425431,1.501662984668747,1.4888724152982415,0.1955818983251556,0.19264117973819872,-1.091291729688585,-1.4420447410210082,0.0,0.0,0.0,0.0,0.0,0.0,0.0,0.0,0.0,0.0,0.0,0.0,0.0,0.0,0.0,0.0,0.0,0.0,0.0,0.0,0.0,0.0,0.0,0.0,0.0,0.0,0.0,0.0,-0.0018748672321109,-0.0013169951406553,-0.0194181982191814,SPY
2014-07-15,-0.1629159703329416,0.3304051927452964,-0.03266419439354369,-0.8954922939288624,1.5054392669629264,1.493723668624885,0.08873136666556261,0.5122496226054002,1.2712670756046165,-0.7279648142430675,0.0,0.0,0.0,0.0,0.0,0.0,0.0,0.0,0.0,0.0,0.0,0.0,0.0,0.0,0.0,0.0,0.0,0.0,0.0,0.0,0.0,0.0,0.0,0.0,0.0,0.0,0.0,0.0,0.0036947468208374,0.0049066620095388,-0.0189373857962458,SPY
2014-07-16,0.2623294126830689,0.14761866085229833,0.14203198822640095,-0.891942354023606,1.5077649435777563,1.4988165890799756,0.1881258989836052,0.4749582537747668,-0.1418879293613243,-0.013884887465126573,0.0,0.0,0.0,0.0,0.0,0.0,0.0,0.0,0.0,0.0,0.0,0.0,0.0,0.0,0.0,0.0,0.0,0.0,0.0,0.0,0.0,0.0,0.0,0.0,0.0,0.0,0.0,0.0,-0.0114307210691908,0.0034294226865014,-0.0158859318373778,SPY
2014-07-17,-0.8925145899793029,0.07289201856157881,0.11227925902383284,-0.8126821827610945,1.5039637773098167,1.4993007618118726,-0.2405854100646279,-0.26502524773767705,2.5535100629980043,0.7001950393128141,0.0,0.0,0.0,0.0,0.0,0.0,0.0,0.0,0.0,0.0,0.0,0.0,0.0,0.0,0.0,0.0,0.0,0.0,0.0,0.0,0.0,0.0,0.0,0.0,0.0,0.0,0.0,0.0,0.0101674811270253,0.0149102318209877,0.0002553964849871,SPY
2014-07-18,0.7565288945553714,-0.4647164066833432,-0.1727626113427691,-0.7441785153304736,1.5027383808780679,1.5020197964985775,0.11665465537025621,0.11873203056797291,1.5963841166176285,1.414274966090755,0.0,0.0,0.0,0.0,0.0,0.0,0.0,0.0,0.0,0.0,0.0,0.0,0.0,0.0,0.0,0.0,0.0,0.0,0.0,0.0,0.0,0.0,0.0,0.0,0.0,0.0,0.0,0.0,-0.0018736347872163,5.013588798341573e-05,-0.010116643207124,SPY
2014-07-21,-0.162821871981374,-0.10056302419064268,0.16294770224852906,-0.742198733451246,1.502313217759222,1.5037763084645575,0.033516826702984816,0.04506254120723211,-0.6889489162394169,-1.4420447410210082,0.0,0.0,0.0,0.0,0.0,0.0,0.0,0.0,0.0,0.0,0.0,0.0,0.0,0.0,0.0,0.0,0.0,0.0,0.0,0.0,0.0,0.0,0.0,0.0,0.0,0.0,0.0,0.0,0.0043487899180831,0.002328333511155,0.0001016800297772,SPY
2014-07-22,0.3122662314200865,0.4371147378995558,-0.10034964556000911,-0.7325558679718348,1.5072152213141325,1.5066871908899884,0.1737906061295464,-0.05201440215229589,-0.6633592184673094,-0.7279648142430675,0.0,0.0,0.0,0.0,0.0,0.0,0.0,0.0,0.0,0.0,0.0,0.0,0.0,0.0,0.0,0.0,0.0,0.0,0.0,0.0,0.0,0.0,0.0,0.0,0.0,0.0,0.0,0.0,0.0022175074978001,-0.0063263152161443,0.0009579400669688,SPY
2014-07-23,0.14954077135903054,0.10975755232943461,0.13725520068271396,-0.7629325001966266,1.5110168982606382,1.5116307696307754,0.2193097568756926,0.0006343478973743096,-0.7304875241339115,-0.013884887465126573,0.0,0.0,0.0,0.0,0.0,0.0,0.0,0.0,0.0,0.0,0.0,0.0,0.0,0.0,0.0,0.0,0.0,0.0,0.0,0.0,0.0,0.0,0.0,0.0,0.0,0.0,0.0,0.0,5.00880652953839e-05,-0.0083920883998711,0.0014087039299948,SPY
2014-07-24,-0.01594378429773221,0.3399235426008767,0.08085761743810042,-0.7716039885695835,1.516794065601679,1.5154826073365928,0.1920346866392984,-0.22259267874830277,-1.0660970315930824,0.7001950393128141,0.0,0.0,0.0,0.0,0.0,0.0,0.0,0.0,0.0,0.0,0.0,0.0,0.0,0.0,0.0,0.0,0.0,0.0,0.0,0.0,0.0,0.0,0.0,0.0,0.0,0.0,0.0,0.0,-0.0046926148059789,-0.0283879611741921,0.0042696500145309,SPY
2014-07-25,-0.37805370427657836,0.09808033600983622,0.5191683764195126,-0.7529247445627184,1.5195701142863849,1.5183433210077173,-0.004597204609133189,-0.2863234646991903,-0.2195790788859229,1.414274966090755,0.0,0.0,0.0,0.0,0.0,0.0,0.0,0.0,0.0,0.0,0.0,0.0,0.0,0.0,0.0,0.0,0.0,0.0,0.0,0.0,0.0,0.0,0.0,0.0,0.0,0.0,0.0,0.0,0.0004045628359552,-0.0267553305515955,0.00740753724157,SPY
2014-07-28,0.011120704944381584,-0.2906803161852899,-0.0481557425196999,-0.7542570526898155,1.520070161453135,1.520827559402798,-0.008215535773863988,0.10253823535550201,-0.5203863179733761,-1.4420447410210082,0.0,0.0,0.0,0.0,0.0,0.0,0.0,0.0,0.0,0.0,0.0,0.0,0.0,0.0,0.0,0.0,0.0,0.0,0.0,0.0,0.0,0.0,0.0,0.0,0.0,0.0,0.0,0.0,-0.0043058588092161,-0.0199651874436463,0.0120605638529012,SPY
2014-07-29,-0.3485245124127229,-0.2707377106900011,0.03882057749615112,-0.7397569573713523,1.51937039254176,1.5223710055542992,-0.1796098152679329,-0.3883893522624829,-0.0386711347199658,-0.7279648142430675,0.0,0.0,0.0,0.0,0.0,0.0,0.0,0.0,0.0,0.0,0.0,0.0,0.0,0.0,0.0,0.0,0.0,0.0,0.0,0.0,0.0,0.0,0.0,0.0,0.0,0.0,0.0,0.0,0.0001517343140733,-0.0254028632157359,0.0170154518014848,SPY
2014-07-30,-0.008182995563937612,-0.24897897662828739,-0.29159390879517616,-0.7689213578155978,1.5169195068276147,1.5223081898020419,-0.1735205420629976,-0.14457285936361988,0.9333466793811298,-0.013884887465126573,0.0,0.0,0.0,0.0,0.0,0.0,0.0,0.0,0.0,0.0,0.0,0.0,0.0,0.0,0.0,0.0,0.0,0.0,0.0,0.0,0.0,0.0,0.0,0.0,0.0,0.0,0.0,0.0,-0.0199457847090256,-0.0252422828915888,0.0164646357593349,SPY
2014-07-31,-1.5426478783012227,-0.2632030057755841,-0.37046035465594135,-0.5451417478593252,1.5103668972967852,1.5171138371626423,-0.8668551583011972,-1.133257195467211,3.551305905699611,0.7001950393128141,0.0,0.0,0.0,0.0,0.0,0.0,0.0,0.0,0.0,0.0,0.0,0.0,0.0,0.0,0.0,0.0,0.0,0.0,0.0,0.0,0.0,0.0,0.0,0.0,0.0,0.0,0.0,0.0,-0.0030599841833822,-0.0107256541709963,0.035860750474411,SPY
2014-08-01,-0.25340078796502763,-1.1430988347927145,-1.1338565638901565,-0.5634574891496493,1.4973368408349728,1.5099620646303167,-0.9254536423457704,-1.5236067904464836,3.2690711707943625,1.414274966090755,0.0,0.0,0.0,0.0,0.0,0.0,0.0,0.0,0.0,0.0,0.0,0.0,0.0,0.0,0.0,0.0,0.0,0.0,0.0,0.0,0.0,0.0,0.0,0.0,0.0,0.0,0.0,0.0,0.0071947059439043,0.0038366559333242,0.0417648486156343,SPY
2014-08-04,0.5295546537284702,-1.3237888027626246,-1.0715264999596381,-0.5295063113894126,1.4887086479106741,1.5054201154156417,-0.6298100027938281,-1.0603284872830667,0.201865298119667,-1.4420447410210082,0.0,0.0,0.0,0.0,0.0,0.0,0.0,0.0,0.0,0.0,0.0,0.0,0.0,0.0,0.0,0.0,0.0,0.0,0.0,0.0,0.0,0.0,0.0,0.0,0.0,0.0,0.0,0.0,-0.0097435345813057,-0.0004643491460347,0.0340716090523622,SPY
2014-08-05,-0.763696280947577,0.20312409158058373,-0.8122945290789737,-0.5059234536689377,1.4732276593093931,1.5001127782696797,-0.9455298153762356,-1.5284294484947987,1.995343464298653,-0.7279648142430675,0.0,0.0,0.0,0.0,0.0,0.0,0.0,0.0,0.0,0.0,0.0,0.0,0.0,0.0,0.0,0.0,0.0,0.0,0.0,0.0,0.0,0.0,0.0,0.0,0.0,0.0,0.0,0.0,0.0003123146382204,0.0078851306260956,0.0432667379324431,SPY
2014-08-06,0.004077466435331585,-0.17288971793689759,-1.0198924228197683,-0.5209307148386138,1.4567962514714858,1.493776609004893,-0.8875256163127265,-1.186073451430072,0.2580523751569756,-0.013884887465126573,0.0,0.0,0.0,0.0,0.0,0.0,0.0,0.0,0.0,0.0,0.0,0.0,0.0,0.0,0.0,0.0,0.0,0.0,0.0,0.0,0.0,0.0,0.0,0.0,0.0,0.0,0.0,0.0,-0.0054291559884331,0.0143190167675806,0.0415071326113727,SPY
2014-08-07,-0.4342893310654763,-0.5600902355307046,-1.0137618371676667,-0.5159516961702927,1.437739073723245,1.4871142030912845,-1.0352620036155895,-2.0126307037409363,1.4204670819806362,0.7001950393128141,0.0,0.0,0.0,0.0,0.0,0.0,0.0,0.0,0.0,0.0,0.0,0.0,0.0,0.0,0.0,0.0,0.0,0.0,0.0,0.0,0.0,0.0,0.0,0.0,0.0,0.0,0.0,0.0,0.0115023259209383,0.0244587800091879,0.0514214330143349,SPY
2014-08-08,0.8584455767990864,-0.3173650619596746,-0.4595505025970425,-0.44185016051741194,1.4265348788361338,1.4828859134003967,-0.5852489568188532,-1.2341723465978247,0.8439223410567889,1.414274966090755,0.0,0.0,0.0,0.0,0.0,0.0,0.0,0.0,0.0,0.0,0.0,0.0,0.0,0.0,0.0,0.0,0.0,0.0,0.0,0.0,0.0,0.0,0.0,0.0,0.0,0.0,0.0,0.0,0.0028937008645453,0.0127518955231638,0.0373299039994803,SPY
2014-08-11,0.20116878444949482,0.3121803922446799,0.09640484162817954,-0.45156948629476196,1.4165311035563624,1.4781180184635683,-0.4434305949448554,-1.3202365902052167,-0.3715751817467333,-1.4420447410210082,0.0,0.0,0.0,0.0,0.0,0.0,0.0,0.0,0.0,0.0,0.0,0.0,0.0,0.0,0.0,0.0,0.0,0.0,0.0,0.0,0.0,0.0,0.0,0.0,0.0,0.0,0.0,0.0,-0.0013940548091753,0.0182028831083034,0.0280850161621426,SPY
2014-08-12,-0.1262054799818423,0.7804209118836906,-0.0677975920708507,-0.45187514336787066,1.4079776089786697,1.473475778322227,-0.4598978045380433,-1.492429097985368,-0.3871215538675105,-0.7279648142430675,0.0,0.0,0.0,0.0,0.0,0.0,0.0,0.0,0.0,0.0,0.0,0.0,0.0,0.0,0.0,0.0,0.0,0.0,0.0,0.0,0.0,0.0,0.0,0.0,0.0,0.0,0.0,0.0,0.0067462007797054,0.0248019878727534,0.0332347045999785,SPY
2014-08-13,0.4953108536157032,0.054875811060542415,0.25096624880072976,-0.43453842941306214,1.4026256511817998,1.4695611947370695,-0.1815631409795663,-1.125228729077875,-0.5303693356094171,-0.013884887465126573,0.0,0.0,0.0,0.0,0.0,0.0,0.0,0.0,0.0,0.0,0.0,0.0,0.0,0.0,0.0,0.0,0.0,0.0,0.0,0.0,0.0,0.0,0.0,0.0,0.0,0.0,0.0,0.0,0.0047106072531741,0.0207240584538741,0.0276373234578413,SPY
2014-08-14,0.33989133250965975,0.2716158792906296,0.4965971520620146,-0.47989740836142003,1.409303284110648,1.469623917325438,-0.007190408047551888,-0.7442494332593598,-0.857767656210927,0.7001950393128141,0.0,0.0,0.0,0.0,0.0,0.0,0.0,0.0,0.0,0.0,0.0,0.0,0.0,0.0,0.0,0.0,0.0,0.0,0.0,0.0,0.0,0.0,0.0,0.0,0.0,0.0,0.0,0.0,-0.0002045585650858,0.0189244853505314,0.017068515246434,SPY
2014-08-15,-0.03538629913641501,0.61506166801306,0.8837098781999865,-0.5340249866911665,1.4173562208430246,1.4671269620594876,0.004162487442393011,-0.7701451336310401,1.5858672298612233,1.414274966090755,0.0,0.0,0.0,0.0,0.0,0.0,0.0,0.0,0.0,0.0,0.0,0.0,0.0,0.0,0.0,0.0,0.0,0.0,0.0,0.0,0.0,0.0,0.0,0.0,0.0,0.0,0.0,0.0,0.0083446884496849,0.0175743163366774,0.0165191970786722,SPY
2014-08-18,0.6173569226978104,0.22401479252510112,0.4367680847889651,-0.49810893856192534,1.4260345995427635,1.4671521396005291,0.3158290496606217,-0.2595429891253945,-0.3330062110887807,-1.4420447410210082,0.0,0.0,0.0,0.0,0.0,0.0,0.0,0.0,0.0,0.0,0.0,0.0,0.0,0.0,0.0,0.0,0.0,0.0,0.0,0.0,0.0,0.0,0.0,0.0,0.0,0.0,0.0,0.0,0.0052050499552747,0.0142872173342789,0.0156849521939728,SPY
2014-08-19,0.3776425077680135,0.4284667130523195,0.6448741927865262,-0.49409659050300914,1.4419906584863844,1.4673904761199408,0.5098387488131229,-0.07954476625344989,-0.8157799617432632,-0.7279648142430675,0.0,0.0,0.0,0.0,0.0,0.0,0.0,0.0,0.0,0.0,0.0,0.0,0.0,0.0,0.0,0.0,0.0,0.0,0.0,0.0,0.0,0.0,0.0,0.0,0.0,0.0,0.0,0.0,0.0026682713608261,0.0097311965183717,0.0118256622159105,SPY
2014-08-20,0.18395702529691316,0.7328090740182822,0.8968127612290155,-0.49303960407962916,1.4591223923395575,1.467741820436887,0.6079134009319346,1.0058642025720337,-0.4112511919603854,-0.013884887465126573,0.0,0.0,0.0,0.0,0.0,0.0,0.0,0.0,0.0,0.0,0.0,0.0,0.0,0.0,0.0,0.0,0.0,0.0,0.0,0.0,0.0,0.0,0.0,0.0,0.0,0.0,0.0,0.0,0.0029110341498315,0.006663843429469,0.014473553862631,SPY
2014-08-21,0.20249219743114552,0.413456172205029,0.7411268406877025,-0.48928215356554106,1.4803053392567067,1.4688082907669264,0.7099139381584042,1.2771449137643187,-0.559773971937502,0.7001950393128141,0.0,0.0,0.0,0.0,0.0,0.0,0.0,0.0,0.0,0.0,0.0,0.0,0.0,0.0,0.0,0.0,0.0,0.0,0.0,0.0,0.0,0.0,0.0,0.0,0.0,0.0,0.0,0.0,-0.0015547275789398,0.0032031392856879,0.0106610074863207,SPY
2014-08-22,-0.1384730002928017,0.2843957820318614,0.6724232986699763,-0.49983661574891963,1.495186094841656,1.470652772735234,0.6367528711940474,0.9912367398668217,-0.3194361447205799,1.414274966090755,0.0,0.0,0.0,0.0,0.0,0.0,0.0,0.0,0.0,0.0,0.0,0.0,0.0,0.0,0.0,0.0,0.0,0.0,0.0,0.0,0.0,0.0,0.0,0.0,0.0,0.0,0.0,0.0,0.0050575894472864,0.0076019808224687,0.0044626932935623,SPY
2014-08-25,0.36638375633513354,0.046811590338911815,0.6208769661525331,-0.48955110721814726,1.5111922467100682,1.4736640858331658,0.8053065725610238,1.8726767032152987,-0.6762724214021573,-1.4420447410210082,0.0,0.0,0.0,0.0,0.0,0.0,0.0,0.0,0.0,0.0,0.0,0.0,0.0,0.0,0.0,0.0,0.0,0.0,0.0,0.0,0.0,0.0,0.0,0.0,0.0,0.0,0.0,0.0,0.0006490291393674,0.0020458577558146,-0.0063356980282929,SPY
2014-08-26,0.02978594203993918,0.16757591269469732,0.4953831231915425,-0.5020362178827438,1.5281986786132777,1.4779048129032544,0.7971244801000076,1.8780987661604123,-1.148613371009359,-0.7279648142430675,0.0,0.0,0.0,0.0,0.0,0.0,0.0,0.0,0.0,0.0,0.0,0.0,0.0,0.0,0.0,0.0,0.0,0.0,0.0,0.0,0.0,0.0,0.0,0.0,0.0,0.0,0.0,0.0,-0.0003990817280765,0.0008484229152223,0.0008124073596462,SPY
2014-08-27,-0.0502383294862877,0.2915583635725938,0.32144477804852395,-0.5015110110060745,1.5417289215178116,1.482007750581295,0.7502284672854899,2.3597338683869813,-1.1129363390275382,-0.013884887465126573,0.0,0.0,0.0,0.0,0.0,0.0,0.0,0.0,0.0,0.0,0.0,0.0,0.0,0.0,0.0,0.0,0.0,0.0,0.0,0.0,0.0,0.0,0.0,0.0,0.0,0.0,0.0,0.0,-0.0005496699939495,-0.000199786039551,-0.01505526698267,SPY
2014-08-28,-0.0617358882381338,-0.015431723098999586,0.20434032620092538,-0.7606464331192292,1.5526831160342103,1.4908534056551226,0.6611767181170246,2.178379902111249,-0.8105344349586322,0.7001950393128141,0.0,0.0,0.0,0.0,0.0,0.0,0.0,0.0,0.0,0.0,0.0,0.0,0.0,0.0,0.0,0.0,0.0,0.0,0.0,0.0,0.0,0.0,0.0,0.0,0.0,0.0,0.0,0.0,0.002844113957841,0.0048350283689275,-0.0065915190371921,SPY
2014-08-29,0.1973827764903101,-0.08287004565939769,0.07221864016797633,-0.777616288445115,1.5651630788298048,1.501154490296178,0.689719198278673,2.1790759837933744,-0.5747034069415636,1.414274966090755,0.0,0.0,0.0,0.0,0.0,0.0,0.0,0.0,0.0,0.0,0.0,0.0,0.0,0.0,0.0,0.0,0.0,0.0,0.0,0.0,0.0,0.0,0.0,0.0,0.0,0.0,0.0,0.0,-0.0004985336193676,-0.0005982886828297,-0.0112566592860989,SPY
2014-09-02,-0.0578315769181027,0.09959081604838801,0.2401562436974879,-0.7937023405078625,1.5732911317367058,1.5095860551737184,0.6061764075914017,2.29350113028727,-0.381440147344848,-0.7279648142430675,0.0,0.0,0.0,0.0,0.0,0.0,0.0,0.0,0.0,0.0,0.0,0.0,0.0,0.0,0.0,0.0,0.0,0.0,0.0,0.0,0.0,0.0,0.0,0.0,0.0,0.0,0.0,0.0,-0.0005484057012248,-0.0064509420362544,-0.0133941881056225,SPY
2014-09-03,-0.0616393582741456,0.10246772755000962,0.028036305998666723,-0.8972686380016736,1.5785682519109967,1.5202384608407489,0.5041205049530044,2.1181658477923295,-0.8102898753289249,-0.013884887465126573,0.0,0.0,0.0,0.0,0.0,0.0,0.0,0.0,0.0,0.0,0.0,0.0,0.0,0.0,0.0,0.0,0.0,0.0,0.0,0.0,0.0,0.0,0.0,0.0,0.0,0.0,0.0,0.0,-0.0014472906828499,-0.0021469027063689,-0.0264900701146917,SPY
2014-09-04,-0.130270090074343,-0.08839403976226208,-0.017678988773915487,-0.8890603719044774,1.5817944869642824,1.5304517850982287,0.3720438087038503,1.779131427848842,-0.018828799038010602,0.7001950393128141,0.0,0.0,0.0,0.0,0.0,0.0,0.0,0.0,0.0,0.0,0.0,0.0,0.0,0.0,0.0,0.0,0.0,0.0,0.0,0.0,0.0,0.0,0.0,0.0,0.0,0.0,0.0,0.0,0.004485144414529,0.0004492076140492,-0.0248884949647258,SPY
2014-09-05,0.3226770282034647,-0.14177072378598787,-0.0576971841080508,-0.9391856269494917,1.5858212338824165,1.5430991557055107,0.4449990599268267,1.928090896612815,0.4596699181067545,1.414274966090755,0.0,0.0,0.0,0.0,0.0,0.0,0.0,0.0,0.0,0.0,0.0,0.0,0.0,0.0,0.0,0.0,0.0,0.0,0.0,0.0,0.0,0.0,0.0,0.0,0.0,0.0,0.0,0.0,-0.0025892030939163,-0.0098941377587129,-0.0184243680196782,SPY
2014-09-08,-0.21745619956026266,0.14141474527396514,0.13452039383964687,-1.0035746939035852,1.5893224925561487,1.5523211696005201,0.2781141281700007,1.2619091726098013,-0.6302182829537998,-1.4420447410210082,0.0,0.0,0.0,0.0,0.0,0.0,0.0,0.0,0.0,0.0,0.0,0.0,0.0,0.0,0.0,0.0,0.0,0.0,0.0,0.0,0.0,0.0,0.0,0.0,0.0,0.0,0.0,0.0,-0.0063511869727923,-0.0080588113976443,-0.0170062911981982,SPY
2014-09-09,-0.5046872824080658,0.07717122046210072,-0.0729110940324755,-0.9400104261862515,1.5871217464886886,1.5592471594474977,-0.010944709293472589,0.1042099671816532,0.080198976988691,-0.7279648142430675,0.0,0.0,0.0,0.0,0.0,0.0,0.0,0.0,0.0,0.0,0.0,0.0,0.0,0.0,0.0,0.0,0.0,0.0,0.0,0.0,0.0,0.0,0.0,0.0,0.0,0.0,0.0,0.0,0.0037556336286606,0.0058028191401335,-0.0262117028852451,SPY
2014-09-10,0.26697817894716813,-0.5324763476039067,-0.29635187275677644,-0.9434822888450514,1.5864716062488624,1.5674528950577449,0.06773024602303841,0.19131032776254434,-0.5314253894582796,-0.013884887465126573,0.0,0.0,0.0,0.0,0.0,0.0,0.0,0.0,0.0,0.0,0.0,0.0,0.0,0.0,0.0,0.0,0.0,0.0,0.0,0.0,0.0,0.0,0.0,0.0,0.0,0.0,0.0,0.0,0.0011488196375681,0.0033929454886854,-0.0126289575439288,SPY
2014-09-11,0.06794542666753448,-0.17551843081108257,-0.1320335983852226,-0.9703317164755794,1.5865965367962334,1.5743035153184024,0.059499348640645315,0.04989140537061411,-0.5349431283091209,0.7001950393128141,0.0,0.0,0.0,0.0,0.0,0.0,0.0,0.0,0.0,0.0,0.0,0.0,0.0,0.0,0.0,0.0,0.0,0.0,0.0,0.0,0.0,0.0,0.0,0.0,0.0,0.0,0.0,0.0,-0.005858200958233,0.0075602888586638,-0.0338105801740553,SPY
2014-09-12,-0.4670473266427588,0.24642887100685001,-0.03292010632969519,-0.9352940524366783,1.584070627758212,1.5785318748822075,-0.1894847101367474,-0.365840418231556,0.9232331219123469,1.414274966090755,0.0,0.0,0.0,0.0,0.0,0.0,0.0,0.0,0.0,0.0,0.0,0.0,0.0,0.0,0.0,0.0,0.0,0.0,0.0,0.0,0.0,0.0,0.0,0.0,0.0,0.0,0.0,0.0,-0.0007538767328476,0.0125169775904181,-0.0394322075569517,SPY
2014-09-15,-0.0773272689104095,-0.2944415274885323,-0.427805127728066,-0.9339277859933673,1.579743787544575,1.5826221888532688,-0.2475672573616675,-0.9347336247832732,-0.2552691013042316,-1.4420447410210082,0.0,0.0,0.0,0.0,0.0,0.0,0.0,0.0,0.0,0.0,0.0,0.0,0.0,0.0,0.0,0.0,0.0,0.0,0.0,0.0,0.0,0.0,0.0,0.0,0.0,0.0,0.0,0.0,0.0075104435649855,0.0055178125515675,-0.0552417860460625,SPY
2014-09-16,0.5536615243900316,-0.4014864464312349,-0.35773660896119897,-0.9452501864425319,1.5794187174246623,1.5865368423113433,0.0020421736205049113,-0.27986588183237376,0.8791303865422258,-0.7279648142430675,0.0,0.0,0.0,0.0,0.0,0.0,0.0,0.0,0.0,0.0,0.0,0.0,0.0,0.0,0.0,0.0,0.0,0.0,0.0,0.0,0.0,0.0,0.0,0.0,0.0,0.0,0.0,0.0,0.0013457599772124,-0.0077334328879867,-0.0612057741262583,SPY
2014-09-17,0.08298201077680697,0.3506280220737557,0.17146840878297587,-0.9649200256859749,1.5800439272654028,1.589497963363996,0.030178363096308912,-0.14426587094061927,1.7827951014337142,-0.013884887465126573,0.0,0.0,0.0,0.0,0.0,0.0,0.0,0.0,0.0,0.0,0.0,0.0,0.0,0.0,0.0,0.0,0.0,0.0,0.0,0.0,0.0,0.0,0.0,0.0,0.0,0.0,0.0,0.0,0.0053161630075466,-0.0012820583378925,-0.0693410741888316,SPY
2014-09-18,0.38612609604221887,0.4687527239085409,0.07946500232944753,-0.9474856317955215,1.5840705349075639,1.593136618800472,0.2015763541549379,0.2469404071226453,0.2254091196441035,0.7001950393128141,0.0,0.0,0.0,0.0,0.0,0.0,0.0,0.0,0.0,0.0,0.0,0.0,0.0,0.0,0.0,0.0,0.0,0.0,0.0,0.0,0.0,0.0,0.0,0.0,0.0,0.0,0.0,0.0,-0.0009015122264788,-0.022864977415832,-0.0755156772421274,SPY
2014-09-19,-0.088599380665213,0.3453033979620932,0.2385645408754403,-0.9502745614864495,1.5853914746564757,1.5958194826072147,0.1479119811435723,-0.0009811805382192904,0.9364659392957458,1.414274966090755,0.0,0.0,0.0,0.0,0.0,0.0,0.0,0.0,0.0,0.0,0.0,0.0,0.0,0.0,0.0,0.0,0.0,0.0,0.0,0.0,0.0,0.0,0.0,0.0,0.0,0.0,0.0,0.0,-0.0077530417716982,-0.0140493872378248,-0.0628724204719395,SPY
2014-09-22,-0.6117202429016222,0.21887278368929122,0.4277994610452938,-0.8930016826320447,1.58411835299147,1.5969373095311472,-0.1488656486738303,-0.5051019706111168,1.0129568086107337,-1.4420447410210082,0.0,0.0,0.0,0.0,0.0,0.0,0.0,0.0,0.0,0.0,0.0,0.0,0.0,0.0,0.0,0.0,0.0,0.0,0.0,0.0,0.0,0.0,0.0,0.0,0.0,0.0,0.0,0.0,-0.0057408018745688,-0.0081173717571925,-0.0454565722804316,SPY
2014-09-23,-0.4580837938335,-0.5163953273935313,0.16058751592205156,-0.8875057591182244,1.5831568845276887,1.5953508682448045,-0.3493987596136482,-0.7821472067239874,0.6097540448755828,-0.7279648142430675,0.0,0.0,0.0,0.0,0.0,0.0,0.0,0.0,0.0,0.0,0.0,0.0,0.0,0.0,0.0,0.0,0.0,0.0,0.0,0.0,0.0,0.0,0.0,0.0,0.0,0.0,0.0,0.0,0.0077971345273066,-0.0050126323215149,-0.0200984382439868,SPY
2014-09-24,0.5755506547535492,-0.7886517820620302,-0.34531440945821557,-0.8364319256587402,1.584214221285903,1.5955551533627321,-0.062359908023264785,-0.26842116135014826,0.4816711439351601,-0.013884887465126573,0.0,0.0,0.0,0.0,0.0,0.0,0.0,0.0,0.0,0.0,0.0,0.0,0.0,0.0,0.0,0.0,0.0,0.0,0.0,0.0,0.0,0.0,0.0,0.0,0.0,0.0,0.0,0.0,-0.0162667560703928,-0.0264540545591156,-0.0350322777293525,SPY
2014-09-25,-1.2617505077313347,0.08619477115226712,-0.09901583917441652,-0.66390376273391,1.5766058070325564,1.591800788375936,-0.6344603551926112,-1.1601865253742718,1.5739794744070932,0.7001950393128141,0.0,0.0,0.0,0.0,0.0,0.0,0.0,0.0,0.0,0.0,0.0,0.0,0.0,0.0,0.0,0.0,0.0,0.0,0.0,0.0,0.0,0.0,0.0,0.0,0.0,0.0,0.0,0.0,0.0079140779515283,-0.0100330140216069,-0.0072071592750333,SPY
2014-09-26,0.5844793975266748,-0.5059911031710648,-0.923001808392373,-0.6219433847089115,1.5758432246575647,1.590150995644973,-0.3317176679340021,-0.690665368706967,0.3245702972655185,1.414274966090755,0.0,0.0,0.0,0.0,0.0,0.0,0.0,0.0,0.0,0.0,0.0,0.0,0.0,0.0,0.0,0.0,0.0,0.0,0.0,0.0,0.0,0.0,0.0,0.0,0.0,0.0,0.0,0.0,-0.0018210262910658,-0.0069978206135585,-0.0074556091868078,SPY
2014-09-29,-0.1588051627654862,-0.4994119139944191,-0.5864429494714676,-0.6270661152095957,1.5745512543109417,1.5873321125600757,-0.3781380508072477,-0.5207294305122147,0.0828216658998414,-1.4420447410210082,0.0,0.0,0.0,0.0,0.0,0.0,0.0,0.0,0.0,0.0,0.0,0.0,0.0,0.0,0.0,0.0,0.0,0.0,0.0,0.0,0.0,0.0,0.0,0.0,0.0,0.0,0.0,0.0,-0.0026360624388912,-0.006347920594929,-0.0070100551045477,SPY
2014-09-30,-0.22103395556135988,0.3132989301210963,-0.35997230814747794,-0.6247312804896888,1.5682010127682147,1.5839831968188474,-0.4505746199175101,-0.7961088080808383,1.019256594443444,-0.7279648142430675,0.0,0.0,0.0,0.0,0.0,0.0,0.0,0.0,0.0,0.0,0.0,0.0,0.0,0.0,0.0,0.0,0.0,0.0,0.0,0.0,0.0,0.0,0.0,0.0,0.0,0.0,0.0,0.0,-0.013644287710294,-0.0192684568158769,0.0070305995079547,SPY
2014-10-01,-1.061522529340758,-0.2802476496097105,-0.24144053198514742,-0.5378937273230943,1.5544669162652027,1.5774066414290884,-0.9011377743798992,-1.263869479636763,2.122107317419157,-0.013884887465126573,0.0,0.0,0.0,0.0,0.0,0.0,0.0,0.0,0.0,0.0,0.0,0.0,0.0,0.0,0.0,0.0,0.0,0.0,0.0,0.0,0.0,0.0,0.0,0.0,0.0,0.0,0.0,0.0,0.0001542844671158,0.0117142098643938,0.0191616071961906,SPY
2014-10-02,-0.007988288929510512,-0.945419497277145,-1.0600244788581739,-0.5368385077635027,1.5381319802509434,1.5712317155654432,-0.8507037412023872,-1.0946472844289346,1.5284629920085016,0.7001950393128141,0.0,0.0,0.0,0.0,0.0,0.0,0.0,0.0,0.0,0.0,0.0,0.0,0.0,0.0,0.0,0.0,0.0,0.0,0.0,0.0,0.0,0.0,0.0,0.0,0.0,0.0,0.0,0.0,0.0109492713595766,-0.0084728775952802,0.0253976619982205,SPY
2014-10-03,0.8162193297846254,-0.7884357225562938,-0.43310710248267853,-0.47996594250635893,1.527628993460257,1.5666252037755897,-0.4164972823252135,-0.6088793419225857,0.6287684079508393,1.414274966090755,0.0,0.0,0.0,0.0,0.0,0.0,0.0,0.0,0.0,0.0,0.0,0.0,0.0,0.0,0.0,0.0,0.0,0.0,0.0,0.0,0.0,0.0,0.0,0.0,0.0,0.0,0.0,0.0,-0.0011711262724363,-0.0309019772959864,0.0258192775394059,SPY
2014-10-06,-0.10918467206058388,0.5951878434945617,-0.31723043292452724,-0.48133392889470084,1.5204427246796846,1.5623812392603527,-0.4283273409825779,-0.9545180868497135,0.1978649536468635,-1.4420447410210082,0.0,0.0,0.0,0.0,0.0,0.0,0.0,0.0,0.0,0.0,0.0,0.0,0.0,0.0,0.0,0.0,0.0,0.0,0.0,0.0,0.0,0.0,0.0,0.0,0.0,0.0,0.0,0.0,-0.0155565986598391,-0.0462943062455085,0.0275353171546575,SPY
2014-10-07,-1.2075293072708273,0.5206207778359773,-0.29241875222409064,-0.39691131461213536,1.508507609488674,1.5559111934868615,-0.9491456216656098,-1.3993504950772537,1.2259846306975075,-0.7279648142430675,0.0,0.0,0.0,0.0,0.0,0.0,0.0,0.0,0.0,0.0,0.0,0.0,0.0,0.0,0.0,0.0,0.0,0.0,0.0,0.0,0.0,0.0,0.0,0.0,0.0,0.0,0.0,0.0,0.0173383789699768,-0.0291912521008796,0.0396164755050882,SPY
2014-10-08,1.3040338331032022,-0.9705886194437214,-0.7856949639537353,-0.26602609184177844,1.5011708762324323,1.5527609031572946,-0.2915947158192561,-0.9517394320193597,2.04875979654371,-0.013884887465126573,0.0,0.0,0.0,0.0,0.0,0.0,0.0,0.0,0.0,0.0,0.0,0.0,0.0,0.0,0.0,0.0,0.0,0.0,0.0,0.0,0.0,0.0,0.0,0.0,0.0,0.0,0.0,0.0,-0.0200328029925582,-0.0533191711562173,0.0285749314090892,SPY
2014-10-09,-1.5492918078371711,0.07074856874386941,0.3971516445754107,-0.1350910163195313,1.4921252267931013,1.5444057792507995,-0.9630898650080596,-1.3192317417151804,2.4056546487667463,0.7001950393128141,0.0,0.0,0.0,0.0,0.0,0.0,0.0,0.0,0.0,0.0,0.0,0.0,0.0,0.0,0.0,0.0,0.0,0.0,0.0,0.0,0.0,0.0,0.0,0.0,0.0,0.0,0.0,0.0,-0.0114798283411294,-0.0341448082094082,0.0526025165673145,SPY
2014-10-10,-0.8962639773633977,-0.18108085470856689,-0.37354469942140667,-0.10814692109555618,1.4736320238830065,1.534745405966381,-1.3071300703651585,-1.3726345743638533,2.4685182531790546,1.414274966090755,0.0,0.0,0.0,0.0,0.0,0.0,0.0,0.0,0.0,0.0,0.0,0.0,0.0,0.0,0.0,0.0,0.0,0.0,0.0,0.0,0.0,0.0,0.0,0.0,0.0,0.0,0.0,0.0,-0.0165634552219584,-0.0109232353245696,0.0650175149351248,SPY
2014-10-13,-1.2844037729573605,-1.8023814014779265,-1.2298358891735282,-0.04087376727450268,1.4481788756477207,1.521327733032657,-1.8012624346421886,-1.520681628253307,2.446357713909037,-1.4420447410210082,0.0,0.0,0.0,0.0,0.0,0.0,0.0,0.0,0.0,0.0,0.0,0.0,0.0,0.0,0.0,0.0,0.0,0.0,0.0,0.0,0.0,0.0,0.0,0.0,0.0,0.0,0.0,0.0,0.0015464554847897,0.0153030263171984,0.0847228814694194,SPY
2014-10-14,0.09830530556491246,-1.6071973160598598,-1.8174794346176333,-0.07046581716660029,1.4247611993258118,1.5063935616023683,-1.6391829459266332,-1.7234319160340281,2.019993141016893,-0.7279648142430675,0.0,0.0,0.0,0.0,0.0,0.0,0.0,0.0,0.0,0.0,0.0,0.0,0.0,0.0,0.0,0.0,0.0,0.0,0.0,0.0,0.0,0.0,0.0,0.0,0.0,0.0,0.0,0.0,-0.0067895400853608,0.0333739029942847,0.0841566594712972,SPY
2014-10-15,-0.5381559636269694,-0.874343920241711,-1.1645243549521698,-0.07344101380337739,1.4048608912651264,1.489519624836147,-1.758722907465527,-1.5872100938338438,4.031918966594726,-0.013884887465126573,0.0,0.0,0.0,0.0,0.0,0.0,0.0,0.0,0.0,0.0,0.0,0.0,0.0,0.0,0.0,0.0,0.0,0.0,0.0,0.0,0.0,0.0,0.0,0.0,0.0,0.0,0.0,0.0,-0.0008584400457491,0.0330267381215865,0.0898683156230042,SPY
2014-10-16,-0.0853107782921203,-0.3244674555479508,-2.0856725414523836,-0.09807811463503818,1.3844832844465387,1.4711014267343938,-1.6560505144791802,-1.8915688168680094,2.205043463132004,0.7001950393128141,0.0,0.0,0.0,0.0,0.0,0.0,0.0,0.0,0.0,0.0,0.0,0.0,0.0,0.0,0.0,0.0,0.0,0.0,0.0,0.0,0.0,0.0,0.0,0.0,0.0,0.0,0.0,0.0,0.0117417445437091,0.045443540551262,0.0918536848799851,SPY
2014-10-17,0.8767254186289597,-0.4597658936670784,-1.3536396788072012,-0.02293369678193198,1.36425646708089,1.4556846896492959,-1.1225958490128454,-1.4615220442106396,1.35259498291043,1.414274966090755,0.0,0.0,0.0,0.0,0.0,0.0,0.0,0.0,0.0,0.0,0.0,0.0,0.0,0.0,0.0,0.0,0.0,0.0,0.0,0.0,0.0,0.0,0.0,0.0,0.0,0.0,0.0,0.0,0.0096628064198096,0.0413674240473067,0.0803570401840243,SPY
2014-10-20,0.7179964958777956,0.5827965938985739,-0.4670936944024876,0.018012329375510328,1.3492057019587909,1.4445286632885084,-0.6887949595509778,-1.1298210819423875,0.1463829195494564,-1.4420447410210082,0.0,0.0,0.0,0.0,0.0,0.0,0.0,0.0,0.0,0.0,0.0,0.0,0.0,0.0,0.0,0.0,0.0,0.0,0.0,0.0,0.0,0.0,0.0,0.0,0.0,0.0,0.0,0.0,0.019617332161876,0.0303291454186913,0.0713303625343622,SPY
2014-10-21,1.478034098427104,1.1747176132442712,0.534164362481216,0.14957879900114315,1.3512410345961956,1.439562073067102,0.07275557026316812,-0.37165922306987675,0.4807338888436748,-0.7279648142430675,0.0,0.0,0.0,0.0,0.0,0.0,0.0,0.0,0.0,0.0,0.0,0.0,0.0,0.0,0.0,0.0,0.0,0.0,0.0,0.0,0.0,0.0,0.0,0.0,0.0,0.0,0.0,0.0,-0.007136704958059,0.0221164054304265,0.0574702116978942,SPY
2014-10-22,-0.5646623351379544,1.6177949488196537,1.2240686696611818,0.13472337327101655,1.3413158109649375,1.4309019771694838,-0.1264483916687193,-0.5218564691651705,0.4200842866610682,-0.013884887465126573,0.0,0.0,0.0,0.0,0.0,0.0,0.0,0.0,0.0,0.0,0.0,0.0,0.0,0.0,0.0,0.0,0.0,0.0,0.0,0.0,0.0,0.0,0.0,0.0,0.0,0.0,0.0,0.0,0.0115583623839263,0.0277398303664275,0.0630003076512846,SPY
2014-10-23,0.862724014575862,0.6726613154759983,1.2108147171686738,0.11344433544062205,1.3468186974907184,1.4291246197833065,0.3184108344288328,-0.5105006941877108,0.4517155179311221,0.7001950393128141,0.0,0.0,0.0,0.0,0.0,0.0,0.0,0.0,0.0,0.0,0.0,0.0,0.0,0.0,0.0,0.0,0.0,0.0,0.0,0.0,0.0,0.0,0.0,0.0,0.0,0.0,0.0,0.0,0.0076656280397537,0.0225718072516469,0.0531948820780323,SPY
2014-10-24,0.5655100081060637,0.21926697465758474,1.6848595369475567,0.11224182006080514,1.3616183480343247,1.427271613319142,0.6216381686753064,-0.32568619888762096,-0.0588779731465479,1.414274966090755,0.0,0.0,0.0,0.0,0.0,0.0,0.0,0.0,0.0,0.0,0.0,0.0,0.0,0.0,0.0,0.0,0.0,0.0,0.0,0.0,0.0,0.0,0.0,0.0,0.0,0.0,0.0,0.0,-0.0013754722088057,0.0262770661126552,0.0508654516402966,SPY
2014-10-27,-0.12478668059350388,1.052040169871813,1.5292428293081395,0.11191470403215084,1.3836042209331783,1.4255321270539034,0.5831671019342437,-0.01237838084852259,-0.5381129512739331,-1.4420447410210082,0.0,0.0,0.0,0.0,0.0,0.0,0.0,0.0,0.0,0.0,0.0,0.0,0.0,0.0,0.0,0.0,0.0,0.0,0.0,0.0,0.0,0.0,0.0,0.0,0.0,0.0,0.0,0.0,0.0114045921736112,0.0281974516642762,0.0550431674047953,SPY
2014-10-28,0.8509835113093417,0.3243879300692528,1.107826862290306,0.14803443504291436,1.4105146136691693,1.4272843767719547,1.0028883543214442,-0.13151053815618538,-0.1990743666830309,-0.7279648142430675,0.0,0.0,0.0,0.0,0.0,0.0,0.0,0.0,0.0,0.0,0.0,0.0,0.0,0.0,0.0,0.0,0.0,0.0,0.0,0.0,0.0,0.0,0.0,0.0,0.0,0.0,0.0,0.0,-0.001513280022058,0.0133174191812566,0.0429145295581907,SPY
2014-10-29,-0.1353084395110814,0.5347405217184145,0.7942834303417351,0.08898289144692394,1.4398624287752955,1.4320240663413444,0.9079114998848976,0.3926514180770655,0.3211667443567546,-0.013884887465126573,0.0,0.0,0.0,0.0,0.0,0.0,0.0,0.0,0.0,0.0,0.0,0.0,0.0,0.0,0.0,0.0,0.0,0.0,0.0,0.0,0.0,0.0,0.0,0.0,0.0,0.0,0.0,0.0,0.0063903392691457,0.0211275340772925,0.0469834826307229,SPY
2014-10-30,0.4681404854501551,0.5269875105556091,1.0089727978680842,0.09707472509771785,1.4728033782717058,1.4383269295157608,1.1026328677975168,0.9174385004373304,-0.1061004613131249,0.7001950393128141,0.0,0.0,0.0,0.0,0.0,0.0,0.0,0.0,0.0,0.0,0.0,0.0,0.0,0.0,0.0,0.0,0.0,0.0,0.0,0.0,0.0,0.0,0.0,0.0,0.0,0.0,0.0,0.0,0.011370886900762,0.0187319769738136,0.0384718357791173,SPY
2014-10-31,0.8484100813506124,0.24488769470354832,0.8116696193779283,0.09957021765442574,1.5059454422724676,1.4448063382601122,1.4892950819832678,1.7690372519441657,0.3769621305453992,1.414274966090755,0.0,0.0,0.0,0.0,0.0,0.0,0.0,0.0,0.0,0.0,0.0,0.0,0.0,0.0,0.0,0.0,0.0,0.0,0.0,0.0,0.0,0.0,0.0,0.0,0.0,0.0,0.0,0.0,0.0005449133428152,0.0082962600997325,0.0201265625144912,SPY
2014-11-03,0.021836600961373683,0.9697456517280102,0.9531278393140806,0.09787745494668725,1.5347655871439563,1.4517142543125952,1.455605317494937,1.7603848531355226,-0.3878644311424186,-1.4420447410210082,0.0,0.0,0.0,0.0,0.0,0.0,0.0,0.0,0.0,0.0,0.0,0.0,0.0,0.0,0.0,0.0,0.0,0.0,0.0,0.0,0.0,0.0,0.0,0.0,0.0,0.0,0.0,0.0,-0.0034754403094083,0.0108932580692533,0.026025227827052,SPY
2014-11-04,-0.28512126226697593,0.6408843819013128,1.0264437213924213,0.014532938321542925,1.5523540069110935,1.461559231843359,1.2439102854209392,1.9069816832084485,-0.3972802454329663,-0.7279648142430675,0.0,0.0,0.0,0.0,0.0,0.0,0.0,0.0,0.0,0.0,0.0,0.0,0.0,0.0,0.0,0.0,0.0,0.0,0.0,0.0,0.0,0.0,0.0,0.0,0.0,0.0,0.0,0.0,0.0062968348739778,0.0153489318653292,0.0333562761288774,SPY
2014-11-05,0.4610013350604067,-0.19436390969139708,0.4583584710498104,-0.058128451047882085,1.5766014430520834,1.4687444967938335,1.4300754287793058,1.998348728255997,-0.426596916228128,-0.013884887465126573,0.0,0.0,0.0,0.0,0.0,0.0,0.0,0.0,0.0,0.0,0.0,0.0,0.0,0.0,0.0,0.0,0.0,0.0,0.0,0.0,0.0,0.0,0.0,0.0,0.0,0.0,0.0,0.0,0.0039947821656669,0.0079742130576976,0.0259523133195038,SPY
2014-11-06,0.28523739946948223,0.12923684113858952,0.7565306075006006,-0.2303742065480146,1.59725532697487,1.4818670032357657,1.481121765024788,1.9446888677528702,-0.2134702464991637,0.7001950393128141,0.0,0.0,0.0,0.0,0.0,0.0,0.0,0.0,0.0,0.0,0.0,0.0,0.0,0.0,0.0,0.0,0.0,0.0,0.0,0.0,0.0,0.0,0.0,0.0,0.0,0.0,0.0,0.0,0.0009351700266808,0.0051063601032623,0.0235936023510543,SPY
2014-11-07,0.051633073648226474,0.5495084996973325,0.6650737737609697,-0.31115390302324514,1.61461779468922,1.4980023133978568,1.3905385202902645,1.8709280156243326,-0.481108599472502,1.414274966090755,0.0,0.0,0.0,0.0,0.0,0.0,0.0,0.0,0.0,0.0,0.0,0.0,0.0,0.0,0.0,0.0,0.0,0.0,0.0,0.0,0.0,0.0,0.0,0.0,0.0,0.0,0.0,0.0,0.003141911312336,0.0044162899243298,0.0159529849022339,SPY
2014-11-10,0.2201198905649101,0.24786343015248413,0.26666222192584016,-0.4957596126848536,1.6342664774928464,1.5188898203814543,1.3486049645803564,1.6859845940993328,-0.799994825186134,-1.4420447410210082,0.0,0.0,0.0,0.0,0.0,0.0,0.0,0.0,0.0,0.0,0.0,0.0,0.0,0.0,0.0,0.0,0.0,0.0,0.0,0.0,0.0,0.0,0.0,0.0,0.0,0.0,0.0,0.0,0.0009802334866675,0.0019105073821412,0.0121332526869473,SPY
2014-11-11,0.05507371210537897,0.19988126506145393,0.36580960237262605,-0.49410921731020646,1.6487645027052509,1.5396638770390434,1.2251028419504588,2.206618504813229,-0.962761548879418,-0.7279648142430675,0.0,0.0,0.0,0.0,0.0,0.0,0.0,0.0,0.0,0.0,0.0,0.0,0.0,0.0,0.0,0.0,0.0,0.0,0.0,0.0,0.0,0.0,0.0,0.0,0.0,0.0,0.0,0.0,-0.0010778839336538,0.0066874552208817,-0.0050083846725588,SPY
2014-11-12,-0.10206552992758748,0.20241651687385934,0.5359169302146373,-0.5419233015624438,1.66346368884733,1.5617616761065514,1.013752043145445,1.9980121459662117,-0.4547887603669585,-0.013884887465126573,0.0,0.0,0.0,0.0,0.0,0.0,0.0,0.0,0.0,0.0,0.0,0.0,0.0,0.0,0.0,0.0,0.0,0.0,0.0,0.0,0.0,0.0,0.0,0.0,0.0,0.0,0.0,0.0,0.0011269292112316,0.0061587301498668,0.0011269292112316,SPY
2014-11-13,0.06627407158918368,-0.03498743631865808,0.25436721015719865,-0.5510581141146793,1.6755495470659558,1.5843510311441726,0.8844858773458594,1.9067686874253382,-0.5288690412979142,0.7001950393128141,0.0,0.0,0.0,0.0,0.0,0.0,0.0,0.0,0.0,0.0,0.0,0.0,0.0,0.0,0.0,0.0,0.0,0.0,0.0,0.0,0.0,0.0,0.0,0.0,0.0,0.0,0.0,0.0,0.0002450998477483,0.0067847377493093,-0.01629339942557,SPY
2014-11-14,-0.0010544473825600139,-0.026734394903658587,0.14487921237054566,-0.5716651892701704,1.6820321472079214,1.6042302020645582,0.743378650085786,2.0483502698253417,-0.6061232244494692,1.414274966090755,0.0,0.0,0.0,0.0,0.0,0.0,0.0,0.0,0.0,0.0,0.0,0.0,0.0,0.0,0.0,0.0,0.0,0.0,0.0,0.0,0.0,0.0,0.0,0.0,0.0,0.0,0.0,0.0,0.0006361287701475,0.011875835503579,-0.0234317144576996,SPY
2014-11-17,0.02880098645813178,0.04769613108286271,0.11853392778866094,-0.5849370066686455,1.6885651188266233,1.6219663939158089,0.6342177153720088,1.8663214788570042,-0.6073556167187474,-1.4420447410210082,0.0,0.0,0.0,0.0,0.0,0.0,0.0,0.0,0.0,0.0,0.0,0.0,0.0,0.0,0.0,0.0,0.0,0.0,0.0,0.0,0.0,0.0,0.0,0.0,0.0,0.0,0.0,0.0,0.005757181325408,0.0140419502891244,-0.0321198142061849,SPY
2014-11-18,0.4197982682453848,0.020083899173566115,0.02286894154566822,-0.7433142896615171,1.6998219136060306,1.6364376572718973,0.7440302773935871,2.1530469628347926,-0.6767322137442786,-0.7279648142430675,0.0,0.0,0.0,0.0,0.0,0.0,0.0,0.0,0.0,0.0,0.0,0.0,0.0,0.0,0.0,0.0,0.0,0.0,0.0,0.0,0.0,0.0,0.0,0.0,0.0,0.0,0.0,0.0,-0.0016066090046686,0.0075607232907231,-0.0184617786580529,SPY
2014-11-19,-0.1424341969835817,0.3301913467705157,0.20524176982687367,-0.8008655973055391,1.7070582753113932,1.6522326630379058,0.565344960866197,1.8374765493914906,-0.5977035704141314,-0.013884887465126573,0.0,0.0,0.0,0.0,0.0,0.0,0.0,0.0,0.0,0.0,0.0,0.0,0.0,0.0,0.0,0.0,0.0,0.0,0.0,0.0,0.0,0.0,0.0,0.0,0.0,0.0,0.0,0.0,0.0017529368106741,0.0117230053458659,0.0075726555570803,SPY
2014-11-20,0.11407035313852036,0.20401583761008102,0.18505626857392465,-0.8577641852001973,1.7131642732236059,1.6656577425008174,0.5319389360971192,1.5587021941119044,-0.7515798173020304,0.7001950393128141,0.0,0.0,0.0,0.0,0.0,0.0,0.0,0.0,0.0,0.0,0.0,0.0,0.0,0.0,0.0,0.0,0.0,0.0,0.0,0.0,0.0,0.0,0.0,0.0,0.0,0.0,0.0,0.0,0.005336197602018,0.007848760952732,0.0100654545737732,SPY
2014-11-21,0.3876557565749897,-0.021261319676322485,0.20895579192856067,-0.8727346202282625,1.7215564862250938,1.6785785258317747,0.6379307943490241,1.7204895528601927,0.274213397550076,1.414274966090755,0.0,0.0,0.0,0.0,0.0,0.0,0.0,0.0,0.0,0.0,0.0,0.0,0.0,0.0,0.0,0.0,0.0,0.0,0.0,0.0,0.0,0.0,0.0,0.0,0.0,0.0,0.0,0.0,0.0028022435556929,-0.0044618230131501,0.0093188192359816,SPY
2014-11-24,0.19418593106633,0.3693381380212807,0.40332213793979593,-0.8864090318126426,1.7297981883255886,1.6925707637608403,0.6404863365459244,2.3004351619819317,-0.8852887015481556,-1.4420447410210082,0.0,0.0,0.0,0.0,0.0,0.0,0.0,0.0,0.0,0.0,0.0,0.0,0.0,0.0,0.0,0.0,0.0,0.0,0.0,0.0,0.0,0.0,0.0,0.0,0.0,0.0,0.0,0.0,-0.0007240456729933,-0.000820487913467,0.0078653511116231,SPY
2014-11-25,-0.0750496388353417,0.4283717059688648,0.4860193942543653,-0.9503832901399804,1.737160316234157,1.703537714008604,0.532295951848465,2.0640437940614333,-0.6874210741054801,-0.7279648142430675,0.0,0.0,0.0,0.0,0.0,0.0,0.0,0.0,0.0,0.0,0.0,0.0,0.0,0.0,0.0,0.0,0.0,0.0,0.0,0.0,0.0,0.0,0.0,0.0,0.0,0.0,0.0,0.0,0.0025556730504741,0.0037591657519433,0.0086856240905683,SPY
2014-11-26,0.17536003614157925,0.08742490003951682,0.23858112648743038,-0.9642861415744455,1.7464068016258938,1.715550941313434,0.5405509639738072,2.0305090803625556,-0.9473622909636016,-0.013884887465126573,0.0,0.0,0.0,0.0,0.0,0.0,0.0,0.0,0.0,0.0,0.0,0.0,0.0,0.0,0.0,0.0,0.0,0.0,0.0,0.0,0.0,0.0,0.0,0.0,0.0,0.0,0.0,0.0,-0.0021213075824597,9.636476607344235e-05,0.0093495488222687,SPY
2014-11-28,-0.1817319278083434,0.07355294434800601,0.39748743573041423,-0.9642542022820593,1.7539698583375163,1.7254085425511771,0.3885294012589457,1.6148940209800295,-0.9985519365468982,1.414274966090755,0.0,0.0,0.0,0.0,0.0,0.0,0.0,0.0,0.0,0.0,0.0,0.0,0.0,0.0,0.0,0.0,0.0,0.0,0.0,0.0,0.0,0.0,0.0,0.0,0.0,0.0,0.0,0.0,-0.006974386363864,0.0038537435457506,0.0128131831249849,SPY
2014-12-01,-0.5522691545507763,-0.005056438718122786,0.24957773872716538,-0.9921513508339631,1.7577887590792929,1.7305766695557823,0.08981135791068101,0.45750288712279213,-0.3029038839940325,-1.4420447410210082,0.0,0.0,0.0,0.0,0.0,0.0,0.0,0.0,0.0,0.0,0.0,0.0,0.0,0.0,0.0,0.0,0.0,0.0,0.0,0.0,0.0,0.0,0.0,0.0,0.0,0.0,0.0,0.0,0.006443578655376,0.0041226824874751,0.0144071520444084,SPY
2014-12-02,0.4722053637296576,-0.5412136802983831,-0.22041190558997442,-0.9635450897213097,1.764623216753223,1.737282932370207,0.2822306291619549,0.7812710905418405,-0.7527374586426775,-0.7279648142430675,0.0,0.0,0.0,0.0,0.0,0.0,0.0,0.0,0.0,0.0,0.0,0.0,0.0,0.0,0.0,0.0,0.0,0.0,0.0,0.0,0.0,0.0,0.0,0.0,0.0,0.0,0.0,0.0,0.003855607992417,-0.0029987170708514,-0.0020088433163127,SPY
2014-12-03,0.27461131765358665,-0.05935668654052029,-0.081394147124367,-0.9830052526596553,1.7705028912100549,1.7458800727697328,0.3645661538167355,1.0727521689482888,-0.8284254132572397,-0.013884887465126573,0.0,0.0,0.0,0.0,0.0,0.0,0.0,0.0,0.0,0.0,0.0,0.0,0.0,0.0,0.0,0.0,0.0,0.0,0.0,0.0,0.0,0.0,0.0,0.0,0.0,0.0,0.0,0.0,-0.0011071279353958,-0.023015728936107,-0.0063998292554598,SPY
2014-12-04,-0.10429833755186349,0.549934362753184,0.09344644559382292,-1.0006297785441356,1.7766336802453795,1.7525861958383233,0.2744257616267282,0.9073716925920715,-0.4996035322570623,0.7001950393128141,0.0,0.0,0.0,0.0,0.0,0.0,0.0,0.0,0.0,0.0,0.0,0.0,0.0,0.0,0.0,0.0,0.0,0.0,0.0,0.0,0.0,0.0,0.0,0.0,0.0,0.0,0.0,0.0,0.0016360711972174,-0.0168511710505745,-0.0235176384604773,SPY
2014-12-05,0.10514755129204625,0.12513470079102681,-0.04639083079569659,-1.0088405761720822,1.7827141442292926,1.7586999828997165,0.2915723270689783,0.9677730816606545,-0.5128640277033863,1.414274966090755,0.0,0.0,0.0,0.0,0.0,0.0,0.0,0.0,0.0,0.0,0.0,0.0,0.0,0.0,0.0,0.0,0.0,0.0,0.0,0.0,0.0,0.0,0.0,0.0,0.0,0.0,0.0,0.0,-0.0067054474221395,-0.034780641673362,-0.0346172178623147,SPY
2014-12-08,-0.5317354080120883,0.0002644692466456141,0.09705720717873104,-0.9474675758654751,1.782538052974675,1.7628219027201708,0.011367756339163213,0.3428039152636642,-0.2427073536188195,-1.4420447410210082,0.0,0.0,0.0,0.0,0.0,0.0,0.0,0.0,0.0,0.0,0.0,0.0,0.0,0.0,0.0,0.0,0.0,0.0,0.0,0.0,0.0,0.0,0.0,0.0,0.0,0.0,0.0,0.0,-0.0006778209029505,-0.0349684094356037,-0.0155277341593702,SPY
2014-12-09,-0.0715203332398719,-0.3146946934403729,0.10732467441785064,-0.9514059116005169,1.78055290611271,1.7659607338913719,-0.03632194134508149,-0.027770443064537992,-0.002186004641792603,-0.7279648142430675,0.0,0.0,0.0,0.0,0.0,0.0,0.0,0.0,0.0,0.0,0.0,0.0,0.0,0.0,0.0,0.0,0.0,0.0,0.0,0.0,0.0,0.0,0.0,0.0,0.0,0.0,0.0,0.0,-0.0161614038728385,-0.0423425595109909,0.002739766915079,SPY
2014-12-10,-1.2537067662485937,-0.4448733158185205,-0.1645539021577231,-0.7395429556523015,1.7706277289067769,1.7646748858933632,-0.6232564564168698,-0.8677568900779425,0.5167223015639951,-0.013884887465126573,0.0,0.0,0.0,0.0,0.0,0.0,0.0,0.0,0.0,0.0,0.0,0.0,0.0,0.0,0.0,0.0,0.0,0.0,0.0,0.0,0.0,0.0,0.0,0.0,0.0,0.0,0.0,0.0,0.0050574299501366,-0.0067659387646124,0.0108551188022048,SPY
2014-12-11,0.36637157857453617,-0.9768615549980364,-0.9287571530283932,-0.7225785151368183,1.7619590995251162,1.7649647886254167,-0.4397928480728891,-0.6775120225217461,0.5012705081961948,0.7001950393128141,0.0,0.0,0.0,0.0,0.0,0.0,0.0,0.0,0.0,0.0,0.0,0.0,0.0,0.0,0.0,0.0,0.0,0.0,0.0,0.0,0.0,0.0,0.0,0.0,0.0,0.0,0.0,0.0,-0.01629339942557,0.0126044564957155,-0.0020665999406714,SPY
2014-12-12,-1.2637847534922526,-0.6541986896925283,-0.6934085801236929,-0.574211277689501,1.7461042942135327,1.7608049278111066,-1.0051001909251944,-1.5395855275150425,1.122015484512123,1.414274966090755,0.0,0.0,0.0,0.0,0.0,0.0,0.0,0.0,0.0,0.0,0.0,0.0,0.0,0.0,0.0,0.0,0.0,0.0,0.0,0.0,0.0,0.0,0.0,0.0,0.0,0.0,0.0,0.0,-0.0068932151843812,0.0331435917486526,0.0114103887202654,SPY
2014-12-15,-0.5460716570256556,-0.6616247054576403,-1.3779143309599164,-0.5564618744604556,1.7304003712055365,1.7548423690327728,-1.2124814014673846,-1.8643915352193061,0.9097885961423078,-1.4420447410210082,0.0,0.0,0.0,0.0,0.0,0.0,0.0,0.0,0.0,0.0,0.0,0.0,0.0,0.0,0.0,0.0,0.0,0.0,0.0,0.0,0.0,0.0,0.0,0.0,0.0,0.0,0.0,0.0,-0.0080519709783377,0.0446263691972603,0.0122478151624125,SPY
2014-12-16,-0.634543774974692,-1.3339631088035493,-1.3850828701644557,-0.535447327954345,1.7073340881623509,1.7466990765192258,-1.4450213597942425,-1.9975725160884539,1.8435975811717455,-0.7279648142430675,0.0,0.0,0.0,0.0,0.0,0.0,0.0,0.0,0.0,0.0,0.0,0.0,0.0,0.0,0.0,0.0,0.0,0.0,0.0,0.0,0.0,0.0,0.0,0.0,0.0,0.0,0.0,0.0,0.0194152168735399,0.0540271156069325,0.0110969719001587,SPY
2014-12-17,1.4626024020142476,-0.8703037179396098,-1.666610877339224,-0.35832437005679607,1.692006813809431,1.7419593403678917,-0.7103912310955128,-1.2227118854786945,1.6754095414047687,-0.013884887465126573,0.0,0.0,0.0,0.0,0.0,0.0,0.0,0.0,0.0,0.0,0.0,0.0,0.0,0.0,0.0,0.0,0.0,0.0,0.0,0.0,0.0,0.0,0.0,0.0,0.0,0.0,0.0,0.0,0.0244278252104646,0.0347081260393444,0.0047108130973558,SPY
2014-12-18,1.8453198635619517,0.609797900446407,-0.30837771984350576,-0.12348215023141829,1.6897956684693556,1.7439257738670937,0.1780381739842411,-0.39197951991338276,1.6434857335781916,0.7001950393128141,0.0,0.0,0.0,0.0,0.0,0.0,0.0,0.0,0.0,0.0,0.0,0.0,0.0,0.0,0.0,0.0,0.0,0.0,0.0,0.0,0.0,0.0,0.0,0.0,0.0,0.0,0.0,0.0,0.004245735827367,0.0134998986110543,-0.0175864950414279,SPY
2014-12-19,0.30439795260196334,2.4370979386263656,0.431139203473429,-0.11901321285551118,1.6889407925498927,1.7465473824167217,0.31811218565504,-0.0999095180302151,1.4199478260303993,1.414274966090755,0.0,0.0,0.0,0.0,0.0,0.0,0.0,0.0,0.0,0.0,0.0,0.0,0.0,0.0,0.0,0.0,0.0,0.0,0.0,0.0,0.0,0.0,0.0,0.0,0.0,0.0,0.0,0.0,0.0045895622642264,0.0105964895039436,-0.0167968967689553,SPY
2014-12-22,0.33064943132981306,1.5836691445011633,1.2152759185848026,-0.12135427861296709,1.6939789151553013,1.7489865993623728,0.4730020452805007,-0.14431142499593166,0.1285564424151893,-1.4420447410210082,0.0,0.0,0.0,0.0,0.0,0.0,0.0,0.0,0.0,0.0,0.0,0.0,0.0,0.0,0.0,0.0,0.0,0.0,0.0,0.0,0.0,0.0,0.0,0.0,0.0,0.0,0.0,0.0,0.0013487754313343,0.0006265097952766,-0.0066251624899331,SPY
2014-12-23,0.08321224359560637,0.4675765918150532,1.6536618232503175,-0.12303184230090748,1.7000762779572165,1.7510496438146195,0.5088418944968293,-0.20803472541794238,-0.2251663795518075,-0.7279648142430675,0.0,0.0,0.0,0.0,0.0,0.0,0.0,0.0,0.0,0.0,0.0,0.0,0.0,0.0,0.0,0.0,0.0,0.0,0.0,0.0,0.0,0.0,0.0,0.0,0.0,0.0,0.0,0.0,9.622730595193474e-05,-0.0106946823414029,-0.013471706424073,SPY
2014-12-24,-0.01242100895306061,0.3045947857869291,2.0125605947174012,-0.12345075331394928,1.714541109062831,1.7533271282487104,0.4958990686592929,-0.17375098198249248,-1.239302667764435,-0.013884887465126573,0.0,0.0,0.0,0.0,0.0,0.0,0.0,0.0,0.0,0.0,0.0,0.0,0.0,0.0,0.0,0.0,0.0,0.0,0.0,0.0,0.0,0.0,0.0,0.0,0.0,0.0,0.0,0.0,0.0032195977821745,-0.0113262875940849,-0.0112288841733239,SPY
2014-12-26,0.22605132716133772,0.05180160035305501,1.2750062219434475,-0.12231566045624688,1.7281105349409738,1.7557857931562209,0.5995675416198064,-0.13253664963282027,-1.0167961171030906,1.414274966090755,0.0,0.0,0.0,0.0,0.0,0.0,0.0,0.0,0.0,0.0,0.0,0.0,0.0,0.0,0.0,0.0,0.0,0.0,0.0,0.0,0.0,0.0,0.0,0.0,0.0,0.0,0.0,0.0,0.0013423267202563,-0.0327708225166727,-0.0277267490768808,SPY
2014-12-29,0.08271987831028248,0.15705330000185422,0.465325113943722,-0.12460967504935869,1.7506790920836186,1.759153993822503,0.6257858494209432,0.1063585260151878,-0.7070515351546469,-1.4420447410210082,0.0,0.0,0.0,0.0,0.0,0.0,0.0,0.0,0.0,0.0,0.0,0.0,0.0,0.0,0.0,0.0,0.0,0.0,0.0,0.0,0.0,0.0,0.0,0.0,0.0,0.0,0.0,0.0,-0.0053804174444405,-0.043576657441549,-0.0419766627603381,SPY
2014-12-30,-0.4305680964142522,0.22715834296759402,0.35447966442321865,-0.1323125025670077,1.7738854867551814,1.762917884816964,0.3954741582157793,-0.041561779740299794,-0.7709519760964533,-0.7279648142430675,0.0,0.0,0.0,0.0,0.0,0.0,0.0,0.0,0.0,0.0,0.0,0.0,0.0,0.0,0.0,0.0,0.0,0.0,0.0,0.0,0.0,0.0,0.0,0.0,0.0,0.0,0.0,0.0,-0.0099724167053452,-0.0258122037163035,-0.0273947501897158,SPY
2014-12-31,-0.78117165097814,-0.2566749933191483,-0.02615111882084399,-0.10846635007196778,1.7959075249815717,1.762394000977318,0.02605332196305541,0.14632023286240592,-0.0466026312069231,-0.013884887465126573,0.0,0.0,0.0,0.0,0.0,0.0,0.0,0.0,0.0,0.0,0.0,0.0,0.0,0.0,0.0,0.0,0.0,0.0,0.0,0.0,0.0,0.0,0.0,0.0,0.0,0.0,0.0,0.0,-0.00053537794673,0.0017498931605404,-0.0300775869479634,SPY
2015-01-02,-0.0606446767042355,-0.8932378268238205,-0.458368069723444,-0.11417737727073178,1.8079024824154526,1.7607222215685168,0.01810687635582671,0.0024709289829097096,-0.1550782149843859,1.414274966090755,0.0,0.0,0.0,0.0,0.0,0.0,0.0,0.0,0.0,0.0,0.0,0.0,0.0,0.0,0.0,0.0,0.0,0.0,0.0,0.0,0.0,0.0,0.0,0.0,0.0,0.0,0.0,0.0,-0.0182249371404132,-0.0057607808784423,-0.0172337048707831,SPY
2015-01-05,-1.411259513421725,-0.6206578879693374,-0.4824812985417961,-0.01181216114651988,1.797985801043843,1.7546378510051222,-0.6113753891026499,-0.06514595337613549,0.4698053343717254,-1.4420447410210082,0.0,0.0,0.0,0.0,0.0,0.0,0.0,0.0,0.0,0.0,0.0,0.0,0.0,0.0,0.0,0.0,0.0,0.0,0.0,0.0,0.0,0.0,0.0,0.0,0.0,0.0,0.0,0.0,-0.0094635082046199,0.0045998674692313,0.0153487398724925,SPY
2015-01-06,-0.7423159980991986,-1.0849413095284828,-1.301184080533775,0.005722604281770723,1.7810581529157685,1.745716593435252,-0.893632323541037,-0.14489984097138617,0.9806109856200964,-0.7279648142430675,0.0,0.0,0.0,0.0,0.0,0.0,0.0,0.0,0.0,0.0,0.0,0.0,0.0,0.0,0.0,0.0,0.0,0.0,0.0,0.0,0.0,0.0,0.0,0.0,0.0,0.0,0.0,0.0,0.0123840362808049,0.0112469649092181,0.0209970024917875,SPY
2015-01-07,0.9257650097303823,-1.5872342631629144,-1.7137258841531156,0.05473573218945023,1.768021225505978,1.7417036986560726,-0.4125367178107332,0.3925743738950913,-0.0817592716760316,-0.013884887465126573,0.0,0.0,0.0,0.0,0.0,0.0,0.0,0.0,0.0,0.0,0.0,0.0,0.0,0.0,0.0,0.0,0.0,0.0,0.0,0.0,0.0,0.0,0.0,0.0,0.0,0.0,0.0,0.0,0.0175896801714987,-0.0071928601138209,0.0186577073734737,SPY
2015-01-08,1.3232209212349186,0.13481405192239831,-1.0355200970876621,0.15050454325129375,1.7633471702927939,1.7424177532844403,0.2353169446499118,0.3648293944979155,0.2273900605476477,0.7001950393128141,0.0,0.0,0.0,0.0,0.0,0.0,0.0,0.0,0.0,0.0,0.0,0.0,0.0,0.0,0.0,0.0,0.0,0.0,0.0,0.0,0.0,0.0,0.0,0.0,0.0,0.0,0.0,0.0,-0.0080460519857128,-0.0339853545259112,-0.0017011716335133,SPY
2015-01-09,-0.6340918542021006,1.6568153559088512,0.016737061767126322,0.09088619038974624,1.7544537494914507,1.7452128562866334,-0.08483949622861668,-0.560221997483732,0.3967743809000932,1.414274966090755,0.0,0.0,0.0,0.0,0.0,0.0,0.0,0.0,0.0,0.0,0.0,0.0,0.0,0.0,0.0,0.0,0.0,0.0,0.0,0.0,0.0,0.0,0.0,0.0,0.0,0.0,0.0,0.0,-0.0078642887927395,-0.0129102444694613,0.0018588193749806,SPY
2015-01-12,-0.6202140598200593,0.5074269529638101,-0.27000311481153366,0.10346108814910554,1.7398251298421263,1.7446814727539102,-0.3718937032620946,-0.929124862520088,0.2999664425187217,-1.4420447410210082,0.0,0.0,0.0,0.0,0.0,0.0,0.0,0.0,0.0,0.0,0.0,0.0,0.0,0.0,0.0,0.0,0.0,0.0,0.0,0.0,0.0,0.0,0.0,0.0,0.0,0.0,0.0,0.0,-0.0028164107646331,-0.0029154386050409,0.020320281549254,SPY
2015-01-13,-0.23480372347118708,-0.9246029215407464,0.12554249417933647,0.02254033488777443,1.7230491532481507,1.747587533948077,-0.4961213952287486,-1.17603131041063,1.4620731443382904,-0.7279648142430675,0.0,0.0,0.0,0.0,0.0,0.0,0.0,0.0,0.0,0.0,0.0,0.0,0.0,0.0,0.0,0.0,0.0,0.0,0.0,0.0,0.0,0.0,0.0,0.0,0.0,0.0,0.0,0.0,-0.0060557887422341,0.0049363062594318,0.0237167177126993,SPY
2015-01-14,-0.4821333437505967,-0.6303854471638298,0.3793133120559615,0.018803678055133426,1.7060203443386865,1.7506867471754186,-0.7396231734484982,-1.3608299232466718,1.1299616398153294,-0.013884887465126573,0.0,0.0,0.0,0.0,0.0,0.0,0.0,0.0,0.0,0.0,0.0,0.0,0.0,0.0,0.0,0.0,0.0,0.0,0.0,0.0,0.0,0.0,0.0,0.0,0.0,0.0,0.0,0.0,-0.0092028142405915,0.0257533915449146,0.0393434856577536,SPY
2015-01-15,-0.7224117635275885,-0.52863997462061,-0.32467659028068235,0.025490861262002628,1.6895473394103129,1.7534706239289697,-1.0931404570796313,-1.5329556855391733,0.8428220738148985,0.7001950393128141,0.0,0.0,0.0,0.0,0.0,0.0,0.0,0.0,0.0,0.0,0.0,0.0,0.0,0.0,0.0,0.0,0.0,0.0,0.0,0.0,0.0,0.0,0.0,0.0,0.0,0.0,0.0,0.0,0.013029058070737,0.0294584372827007,0.0526538824403699,SPY
2015-01-16,0.9750130429882974,-0.887936419943586,-1.3475521056912951,-0.03959208486898248,1.6799465359444299,1.7546717393697995,-0.6279380892279082,-1.1957049105226853,1.373719642825214,1.414274966090755,0.0,0.0,0.0,0.0,0.0,0.0,0.0,0.0,0.0,0.0,0.0,0.0,0.0,0.0,0.0,0.0,0.0,0.0,0.0,0.0,0.0,0.0,0.0,0.0,0.0,0.0,0.0,0.0,0.0021305170716807,0.0187684287686646,0.0411971009572775,SPY
2015-01-20,0.14289896876333943,0.18576924949111923,-0.5429531112953595,-0.25660251003192225,1.6808057294190406,1.7501277172585914,-0.5177566947799902,-1.1718092983273904,0.0912796028427653,-0.7279648142430675,0.0,0.0,0.0,0.0,0.0,0.0,0.0,0.0,0.0,0.0,0.0,0.0,0.0,0.0,0.0,0.0,0.0,0.0,0.0,0.0,0.0,0.0,0.0,0.0,0.0,0.0,0.0,0.0,0.0050353340998396,0.0033596445756014,0.0391614680340897,SPY
2015-01-21,0.3646845391794745,0.8233778298910495,-0.1613745228013882,-0.25320886663529957,1.6890423247338753,1.7457675307916432,-0.3014584120916119,-0.9068289289618792,-0.028672709315971302,-0.013884887465126573,0.0,0.0,0.0,0.0,0.0,0.0,0.0,0.0,0.0,0.0,0.0,0.0,0.0,0.0,0.0,0.0,0.0,0.0,0.0,0.0,0.0,0.0,0.0,0.0,0.0,0.0,0.0,0.0,0.0147612965432486,-0.0145832764874391,0.03341187677613,SPY
2015-01-22,1.1072711143224014,0.3736541914694284,0.13838694963157555,-0.1744380639890386,1.6986179656740532,1.7440310490618298,0.2600050383763842,-0.27247134458587147,0.7734848260257956,0.7001950393128141,0.0,0.0,0.0,0.0,0.0,0.0,0.0,0.0,0.0,0.0,0.0,0.0,0.0,0.0,0.0,0.0,0.0,0.0,0.0,0.0,0.0,0.0,0.0,0.0,0.0,0.0,0.0,0.0,-0.0054977685028054,-0.0201430779045059,0.0246333260612932,SPY
2015-01-23,-0.4395279624457772,1.0842566742090147,0.933135154603717,-0.1665974321227298,1.6962683335919464,1.7405073578645618,0.07994881057725081,-0.39348426662472097,-0.139474602178887,1.414274966090755,0.0,0.0,0.0,0.0,0.0,0.0,0.0,0.0,0.0,0.0,0.0,0.0,0.0,0.0,0.0,0.0,0.0,0.0,0.0,0.0,0.0,0.0,0.0,0.0,0.0,0.0,0.0,0.0,0.002339049556701,-0.0273005628652933,0.0299892954092282,SPY
2015-01-26,0.15882062430728075,0.4916686334440722,1.0745852379878038,-0.1636121212205728,1.699300278663537,1.7375667328675206,0.188546614989213,0.15246734252180702,-0.5416682744823834,-1.4420447410210082,0.0,0.0,0.0,0.0,0.0,0.0,0.0,0.0,0.0,0.0,0.0,0.0,0.0,0.0,0.0,0.0,0.0,0.0,0.0,0.0,0.0,0.0,0.0,0.0,0.0,0.0,0.0,0.0,-0.0132782671213824,-0.0173311082915441,0.0304870135707906,SPY
2015-01-27,-1.0335765057844102,-0.20720189704973876,0.6664654190431287,-0.11604602352729448,1.699527762752022,1.730341873264159,-0.2531257341131037,0.03268694446495681,0.1303746840660772,-0.7279648142430675,0.0,0.0,0.0,0.0,0.0,0.0,0.0,0.0,0.0,0.0,0.0,0.0,0.0,0.0,0.0,0.0,0.0,0.0,0.0,0.0,0.0,0.0,0.0,0.0,0.0,0.0,0.0,0.0,-0.0129075869632009,0.0103046664327006,0.0429152599893258,SPY
2015-01-28,-1.0052747196384049,-0.6449295644322828,0.07819365043101922,-0.07646888460967889,1.6946260841743799,1.7194664798284547,-0.6500734384477778,-0.6158361932284984,0.6621754832365376,-0.013884887465126573,0.0,0.0,0.0,0.0,0.0,0.0,0.0,0.0,0.0,0.0,0.0,0.0,0.0,0.0,0.0,0.0,0.0,0.0,0.0,0.0,0.0,0.0,0.0,0.0,0.0,0.0,0.0,0.0,0.0092014951261818,0.0193970078105767,0.0546406956724858,SPY
2015-01-29,0.682774935481789,-1.502699093926373,-0.6068256071281948,-0.04094273075747178,1.6974811951861657,1.7123557226983266,-0.2610775848642938,-0.8749879191355712,0.7320098842973075,0.7001950393128141,0.0,0.0,0.0,0.0,0.0,0.0,0.0,0.0,0.0,0.0,0.0,0.0,0.0,0.0,0.0,0.0,0.0,0.0,0.0,0.0,0.0,0.0,0.0,0.0,0.0,0.0,0.0,0.0,-0.0126552534635928,0.0202402538468859,0.042026964399052,SPY
2015-01-30,-0.9860088145562002,-0.23799687182891419,-0.8190859757445849,-0.023569001523719678,1.6985674084960203,1.7046363724623437,-0.6709150403906413,-0.9720141273876851,1.0750781192061594,1.414274966090755,0.0,0.0,0.0,0.0,0.0,0.0,0.0,0.0,0.0,0.0,0.0,0.0,0.0,0.0,0.0,0.0,0.0,0.0,0.0,0.0,0.0,0.0,0.0,0.0,0.0,0.0,0.0,0.0,0.0123085041304502,0.0301263084749905,0.0609762714916568,SPY
2015-02-02,0.9199980574959445,-0.22380069243211287,-1.0923422095876483,0.034384733742096225,1.699300139387564,1.7001873775180658,-0.1862893409763137,-0.4327597746435037,0.5156606205857126,-1.4420447410210082,0.0,0.0,0.0,0.0,0.0,0.0,0.0,0.0,0.0,0.0,0.0,0.0,0.0,0.0,0.0,0.0,0.0,0.0,0.0,0.0,0.0,0.0,0.0,0.0,0.0,0.0,0.0,0.0,0.0143575076028623,0.0133317433673214,0.0445549656317227,SPY
2015-02-03,1.0764414408513454,-0.049001637686736384,-0.711731474781086,-0.004589402280437878,1.7063237802575313,1.7041420914484737,0.3202194519389448,-0.020307711155842692,-0.1015147517607759,-0.7279648142430675,0.0,0.0,0.0,0.0,0.0,0.0,0.0,0.0,0.0,0.0,0.0,0.0,0.0,0.0,0.0,0.0,0.0,0.0,0.0,0.0,0.0,0.0,0.0,0.0,0.0,0.0,0.0,0.0,-0.0038152455853248,0.0095714091459928,0.0259732782780162,SPY
2015-02-04,-0.3110657214941788,1.4707252424067152,0.34333853400754183,-0.032265223702816384,1.7087995963707616,1.7095163668487885,0.1382059174807033,0.036852866816665206,0.0499162076076061,-0.013884887465126573,0.0,0.0,0.0,0.0,0.0,0.0,0.0,0.0,0.0,0.0,0.0,0.0,0.0,0.0,0.0,0.0,0.0,0.0,0.0,0.0,0.0,0.0,0.0,0.0,0.0,0.0,0.0,0.0,0.0100447411624911,0.0139666801301299,0.0308814510323323,SPY
2015-02-05,0.7471575803613318,0.563609683553617,0.6904631141282869,-0.04803488519280689,1.7088501999741184,1.7143457266614814,0.4798618760742929,0.48932474708058254,-0.5246772518142933,0.7001950393128141,0.0,0.0,0.0,0.0,0.0,0.0,0.0,0.0,0.0,0.0,0.0,0.0,0.0,0.0,0.0,0.0,0.0,0.0,0.0,0.0,0.0,0.0,0.0,0.0,0.0,0.0,0.0,0.0,-0.0027691988354883,0.013492918170459,0.0066728730505749,SPY
2015-02-06,-0.23119904733003196,0.3209752090223854,0.7226562989337488,-0.1458659873277889,1.7103156153318808,1.7139021268033077,0.3788699966393871,0.1558544620715356,-0.1048247026895214,1.414274966090755,0.0,0.0,0.0,0.0,0.0,0.0,0.0,0.0,0.0,0.0,0.0,0.0,0.0,0.0,0.0,0.0,0.0,0.0,0.0,0.0,0.0,0.0,0.0,0.0,0.0,0.0,0.0,0.0,-0.0044860609772188,0.020369699547972,0.013577970594687,SPY
2015-02-09,-0.36228312103876575,0.379825370975472,1.1000830165646671,-0.1619117595156527,1.7082437923896703,1.7143838074011704,0.2071078760400511,-0.02129956078367329,-0.7337972726413514,-1.4420447410210082,0.0,0.0,0.0,0.0,0.0,0.0,0.0,0.0,0.0,0.0,0.0,0.0,0.0,0.0,0.0,0.0,0.0,0.0,0.0,0.0,0.0,0.0,0.0,0.0,0.0,0.0,0.0,0.0,0.0105971733815337,0.0264280371128355,0.0017089930927074,SPY
2015-02-10,0.7893363109419183,-0.437671609311345,0.458905335368545,-0.1511135504505787,1.7185267231437402,1.7196567437810661,0.5670403076161092,0.1021266942642679,-0.5921599391034532,-0.7279648142430675,0.0,0.0,0.0,0.0,0.0,0.0,0.0,0.0,0.0,0.0,0.0,0.0,0.0,0.0,0.0,0.0,0.0,0.0,0.0,0.0,0.0,0.0,0.0,0.0,0.0,0.0,0.0,0.0,0.0005800253988121,0.0159257478797947,-0.0112325097163807,SPY
2015-02-11,0.024517440164761078,0.314315020177185,0.31534446546230877,-0.1565313791460467,1.7356819482109487,1.7258041862974127,0.5438959885760437,-0.22944070821834167,-0.6764830050527412,-0.013884887465126573,0.0,0.0,0.0,0.0,0.0,0.0,0.0,0.0,0.0,0.0,0.0,0.0,0.0,0.0,0.0,0.0,0.0,0.0,0.0,0.0,0.0,0.0,0.0,0.0,0.0,0.0,0.0,0.0,0.0095709792028202,0.0146314653228625,0.0008211419606496,SPY
2015-02-12,0.7109853996530435,0.5993309659218181,0.4831457535439358,-0.1544944884539792,1.7531907485471159,1.7360204917993451,0.8316238154305001,0.1677023900195412,-0.5792095644790375,0.7001950393128141,0.0,0.0,0.0,0.0,0.0,0.0,0.0,0.0,0.0,0.0,0.0,0.0,0.0,0.0,0.0,0.0,0.0,0.0,0.0,0.0,0.0,0.0,0.0,0.0,0.0,0.0,0.0,0.0,0.0041075825420247,0.0110432319484541,-0.0149010196779304,SPY
2015-02-13,0.29384981655845993,0.5415977014935853,0.4650586168545787,-0.201786402499416,1.7792898587430515,1.7496590097322924,0.8876463671946568,0.20793488391492423,-0.647797804466053,1.414274966090755,0.0,0.0,0.0,0.0,0.0,0.0,0.0,0.0,0.0,0.0,0.0,0.0,0.0,0.0,0.0,0.0,0.0,0.0,0.0,0.0,0.0,0.0,0.0,0.0,0.0,0.0,0.0,0.0,0.0015722765876446,0.0067938502515589,-0.0057362167174943,SPY
2015-02-17,0.10027677157118185,0.7400566223871983,0.7275982366338974,-0.244968220686794,1.7999821828342597,1.7604076769877839,0.8685870036072549,0.692730454292044,-0.920016480873896,-0.7279648142430675,0.0,0.0,0.0,0.0,0.0,0.0,0.0,0.0,0.0,0.0,0.0,0.0,0.0,0.0,0.0,0.0,0.0,0.0,0.0,0.0,0.0,0.0,0.0,0.0,0.0,0.0,0.0,0.0,9.488414849290194e-05,0.0080583413821777,-0.0102852949075593,SPY
2015-02-18,-0.01252356031527121,0.2900528874764627,0.9588915631856358,-0.2435554928355959,1.8133474765619797,1.7706365363237784,0.797307335557745,1.2440774991422836,-0.8591634255014421,-0.013884887465126573,0.0,0.0,0.0,0.0,0.0,0.0,0.0,0.0,0.0,0.0,0.0,0.0,0.0,0.0,0.0,0.0,0.0,0.0,0.0,0.0,0.0,0.0,0.0,0.0,0.0,0.0,0.0,0.0,-0.00071425715812,0.0071134365308376,0.0015690484212198,SPY
2015-02-19,-0.0743022763220898,0.06430011842943181,0.5579384325435599,-0.2450968995679658,1.8283044625292342,1.7793823429994118,0.7064125409188349,1.0471748104830212,-0.6920784948792835,0.7001950393128141,0.0,0.0,0.0,0.0,0.0,0.0,0.0,0.0,0.0,0.0,0.0,0.0,0.0,0.0,0.0,0.0,0.0,0.0,0.0,0.0,0.0,0.0,0.0,0.0,0.0,0.0,0.0,0.0,0.0059827458284118,0.0066455424089166,-0.002288443287556,SPY
2015-02-20,0.4370203347230236,-0.06433933412895218,0.5085257157898867,-0.30743979422671974,1.8412401363069868,1.7858973869313617,0.8863116789261631,1.8645451774933497,0.1166944416943231,1.414274966090755,0.0,0.0,0.0,0.0,0.0,0.0,0.0,0.0,0.0,0.0,0.0,0.0,0.0,0.0,0.0,0.0,0.0,0.0,0.0,0.0,0.0,0.0,0.0,0.0,0.0,0.0,0.0,0.0,-0.0001417991548704,-0.0027494395667471,0.000517178993677,SPY
2015-02-23,-0.030594557880882306,0.2669093538238172,0.3715352584696718,-0.32594162475042365,1.855540250362408,1.7938067449192596,0.8232430226123372,1.6957814158391382,-0.9759013068252168,-1.4420447410210082,0.0,0.0,0.0,0.0,0.0,0.0,0.0,0.0,0.0,0.0,0.0,0.0,0.0,0.0,0.0,0.0,0.0,0.0,0.0,0.0,0.0,0.0,0.0,0.0,0.0,0.0,0.0,0.0,0.0028367677182634,0.0036864132171352,-0.0012915585017641,SPY
2015-02-24,0.19682188404189171,0.2991156067545253,0.20930368620416917,-0.32549594401300785,1.8736808065100268,1.8018682162471629,0.8725315080706658,1.485905167957432,-1.003706854811644,-0.7279648142430675,0.0,0.0,0.0,0.0,0.0,0.0,0.0,0.0,0.0,0.0,0.0,0.0,0.0,0.0,0.0,0.0,0.0,0.0,0.0,0.0,0.0,0.0,0.0,0.0,0.0,0.0,0.0,0.0,-0.0008500207028472,-0.003263156230612,-0.0097631543390077,SPY
2015-02-25,-0.0846679533740874,0.12212416606410051,0.25757903515339536,-0.42177125630754964,1.885858772571826,1.8131365516763167,0.7584059064883475,1.748697391247254,-1.0011142921118614,-0.013884887465126573,0.0,0.0,0.0,0.0,0.0,0.0,0.0,0.0,0.0,0.0,0.0,0.0,0.0,0.0,0.0,0.0,0.0,0.0,0.0,0.0,0.0,0.0,0.0,0.0,0.0,0.0,0.0,0.0,-0.0011821512800409,-0.006637315278609,-0.0236754673948382,SPY
2015-02-26,-0.11002644198162369,0.08227991168100071,0.22150475173794967,-0.5290476087042214,1.8971018718806014,1.8273836161331733,0.6107874745321079,1.3889829457020095,-1.017060319585397,0.7001950393128141,0.0,0.0,0.0,0.0,0.0,0.0,0.0,0.0,0.0,0.0,0.0,0.0,0.0,0.0,0.0,0.0,0.0,0.0,0.0,0.0,0.0,0.0,0.0,0.0,0.0,0.0,0.0,0.0,-0.0034122361472519,-0.0043622368295768,-0.0248772636409135,SPY
2015-02-27,-0.28029556377352705,-0.14382282604416516,0.203641635532481,-0.5352368976235373,1.9014978858272678,1.8383729722962763,0.4033329211300046,1.3134311718293927,-0.4335710808346905,1.414274966090755,0.0,0.0,0.0,0.0,0.0,0.0,0.0,0.0,0.0,0.0,0.0,0.0,0.0,0.0,0.0,0.0,0.0,0.0,0.0,0.0,0.0,0.0,0.0,0.0,0.0,0.0,0.0,0.0,0.0062940536290119,-0.0151138375015911,-0.019178082246019,SPY
2015-03-02,0.4607889843356452,-0.2879720181194625,-0.1550370631665803,-0.6558694869175785,1.9070817845437438,1.8542679196243679,0.5269931932820922,1.9440796889758454,-0.7808128621823516,-1.4420447410210082,0.0,0.0,0.0,0.0,0.0,0.0,0.0,0.0,0.0,0.0,0.0,0.0,0.0,0.0,0.0,0.0,0.0,0.0,0.0,0.0,0.0,0.0,0.0,0.0,0.0,0.0,0.0,0.0,-0.0041128017294838,-0.0172719924219793,-0.0133461913760548,SPY
2015-03-03,-0.3337844189279228,0.13263620972598264,0.09066892195624462,-0.6850443524098481,1.9096334132113606,1.8659291038830825,0.2893543364886422,1.198658507959272,-0.4174562063602407,-0.7279648142430675,0.0,0.0,0.0,0.0,0.0,0.0,0.0,0.0,0.0,0.0,0.0,0.0,0.0,0.0,0.0,0.0,0.0,0.0,0.0,0.0,0.0,0.0,0.0,0.0,0.0,0.0,0.0,0.0,-0.0042241797508442,-0.0295142291716938,-0.0180114017573869,SPY
2015-03-04,-0.34228823784655993,0.09322267684177461,-0.1746495781210934,-0.7657088277219644,1.909886245526849,1.8727611379478548,0.08316978029377152,0.7424150465081437,-0.3554402405384128,-0.013884887465126573,0.0,0.0,0.0,0.0,0.0,0.0,0.0,0.0,0.0,0.0,0.0,0.0,0.0,0.0,0.0,0.0,0.0,0.0,0.0,0.0,0.0,0.0,0.0,0.0,0.0,0.0,0.0,0.0,0.0010929271689912,-0.0276343788484041,-0.0173297207821594,SPY
2015-03-05,0.06367798300236477,-0.4985288275356767,-0.30346717241495924,-0.7850575678805668,1.9110989678450958,1.8808732671404818,0.06693373086421231,0.2802194594765801,-0.981941408341879,0.7001950393128141,0.0,0.0,0.0,0.0,0.0,0.0,0.0,0.0,0.0,0.0,0.0,0.0,0.0,0.0,0.0,0.0,0.0,0.0,0.0,0.0,0.0,0.0,0.0,0.0,0.0,0.0,0.0,0.0,-0.0141638368192662,-0.0160936289415527,-0.0148315874317042,SPY
2015-03-06,-1.1011906028805316,-0.20565665064013436,-0.21660993525889732,-0.6880972418363089,1.9016499287639594,1.8826224657411648,-0.4694615759061493,-1.0620497496752486,0.8592115987110829,1.414274966090755,0.0,0.0,0.0,0.0,0.0,0.0,0.0,0.0,0.0,0.0,0.0,0.0,0.0,0.0,0.0,0.0,0.0,0.0,0.0,0.0,0.0,0.0,0.0,0.0,0.0,0.0,0.0,0.0,0.0041358987086237,-0.0080809745580463,0.0060425011683307,SPY
2015-03-09,0.29601178307830583,-0.7648576885729146,-0.627081200446994,-0.6865743676288592,1.8944493145582146,1.8861841910961767,-0.3418966957826777,-0.8658792435616574,-0.7676286317223845,-1.4420447410210082,0.0,0.0,0.0,0.0,0.0,0.0,0.0,0.0,0.0,0.0,0.0,0.0,0.0,0.0,0.0,0.0,0.0,0.0,0.0,0.0,0.0,0.0,0.0,0.0,0.0,0.0,0.0,0.0,-0.0163550384791983,0.0010555122357907,-0.0007430963426253,SPY
2015-03-10,-1.2684909544461653,-0.593661355374617,-0.7094745675062354,-0.5414901424561761,1.8771930679855902,1.8866278375362957,-0.9430359714297532,-1.5081885408525495,0.350171453691497,-0.7279648142430675,0.0,0.0,0.0,0.0,0.0,0.0,0.0,0.0,0.0,0.0,0.0,0.0,0.0,0.0,0.0,0.0,0.0,0.0,0.0,0.0,0.0,0.0,0.0,0.0,0.0,0.0,0.0,0.0,-0.0023443294275544,0.0144337491125687,0.0189837728881343,SPY
2015-03-11,-0.19875985991218986,-0.7169374638076595,-1.176854873070177,-0.6022082937836548,1.8591788351450669,1.883699859537206,-1.008028583983826,-1.5538162867022107,-0.416112533717741,-0.013884887465126573,0.0,0.0,0.0,0.0,0.0,0.0,0.0,0.0,0.0,0.0,0.0,0.0,0.0,0.0,0.0,0.0,0.0,0.0,0.0,0.0,0.0,0.0,0.0,0.0,0.0,0.0,0.0,0.0,0.0126336770758426,0.0287273060173953,0.0257414927193311,SPY
2015-03-12,0.9448253242320725,-1.0815124461080616,-1.1050865323268808,-0.5146228142210759,1.8483652165102877,1.8839153243218318,-0.5492199458093779,-1.1771419521809836,-0.6602547960768662,0.7001950393128141,0.0,0.0,0.0,0.0,0.0,0.0,0.0,0.0,0.0,0.0,0.0,0.0,0.0,0.0,0.0,0.0,0.0,0.0,0.0,0.0,0.0,0.0,0.0,0.0,0.0,0.0,0.0,0.0,-0.0061511824357598,0.0115218800746568,0.0185499459418529,SPY
2015-03-13,-0.4894167438847899,0.5493808246685714,-0.6644873731881694,-0.5478707354965116,1.8361621343481067,1.8799986212581967,-0.7471767610241254,-1.3467066635351992,0.4973104957882505,1.414274966090755,0.0,0.0,0.0,0.0,0.0,0.0,0.0,0.0,0.0,0.0,0.0,0.0,0.0,0.0,0.0,0.0,0.0,0.0,0.0,0.0,0.0,0.0,0.0,0.0,0.0,0.0,0.0,0.0,0.0132723855024607,0.0264614306200616,0.0201679186044545,SPY
2015-03-16,0.9935913261364577,0.3352088327384787,-0.35858274720314975,-0.46375800301510417,1.8275466619626328,1.8784777207678693,-0.2493859051626812,-0.8751908653576148,0.0932243912140495,-1.4420447410210082,0.0,0.0,0.0,0.0,0.0,0.0,0.0,0.0,0.0,0.0,0.0,0.0,0.0,0.0,0.0,0.0,0.0,0.0,0.0,0.0,0.0,0.0,0.0,0.0,0.0,0.0,0.0,0.0,-0.0029768016024203,0.0112385084672892,0.0088070478582258,SPY
2015-03-17,-0.24704971800486078,0.3711423073687066,-0.009772797127315885,-0.46245098659676454,1.8195630846645827,1.8757525838464253,-0.3403285242109272,-0.9341622221474696,-0.6303148019933946,-0.7279648142430675,0.0,0.0,0.0,0.0,0.0,0.0,0.0,0.0,0.0,0.0,0.0,0.0,0.0,0.0,0.0,0.0,0.0,0.0,0.0,0.0,0.0,0.0,0.0,0.0,0.0,0.0,0.0,0.0,0.0119492274772721,0.0085804819507293,0.0162606961648554,SPY
2015-03-18,0.8925669399109555,0.549731673639385,0.5009773678309881,-0.39448477333181353,1.8201439118954077,1.8761708198357794,0.09996567749116171,-0.47339749252354607,1.9424193991611305,-0.013884887465126573,0.0,0.0,0.0,0.0,0.0,0.0,0.0,0.0,0.0,0.0,0.0,0.0,0.0,0.0,0.0,0.0,0.0,0.0,0.0,0.0,0.0,0.0,0.0,0.0,0.0,0.0,0.0,0.0,-0.0045717488668959,-0.0181310792852205,0.0040262846484795,SPY
2015-03-19,-0.36882547372589375,0.475291344768762,1.0466723360261787,-0.38552967270321786,1.8177185136842369,1.8755624363486765,-0.06596916005859078,-0.5063057794553251,-0.1553180244728208,0.7001950393128141,0.0,0.0,0.0,0.0,0.0,0.0,0.0,0.0,0.0,0.0,0.0,0.0,0.0,0.0,0.0,0.0,0.0,0.0,0.0,0.0,0.0,0.0,0.0,0.0,0.0,0.0,0.0,0.0,0.008788368109645,-0.0159432779444408,-0.0029719802658423,SPY
2015-03-20,0.6512322909266504,0.3855602645510774,0.3898089377045912,-0.36733555842143967,1.8274436441682758,1.8757009477608662,0.2609473760155177,-0.4297572920152842,1.0426688731478486,1.414274966090755,0.0,0.0,0.0,0.0,0.0,0.0,0.0,0.0,0.0,0.0,0.0,0.0,0.0,0.0,0.0,0.0,0.0,0.0,0.0,0.0,0.0,0.0,0.0,0.0,0.0,0.0,0.0,0.0,-0.0019505366503116,-0.0224447008064432,-0.0026651099049095,SPY
2015-03-23,-0.1686934030992787,0.20773161040645102,0.9601664501144114,-0.36572984046122703,1.8339554922644759,1.8753554028960189,0.1903611033107357,-0.36616172099891775,-1.0645967210343297,-1.4420447410210082,0.0,0.0,0.0,0.0,0.0,0.0,0.0,0.0,0.0,0.0,0.0,0.0,0.0,0.0,0.0,0.0,0.0,0.0,0.0,0.0,0.0,0.0,0.0,0.0,0.0,0.0,0.0,0.0,-0.0056348281189801,-0.0083682196571555,-0.001906344531287,SPY
2015-03-24,-0.4499925957977749,0.3551999367346061,0.3789904646471491,-0.35754525252026637,1.846012473931461,1.8727470003276765,-0.0015123187647752888,-0.4074504251462407,-0.974858389766432,-0.7279648142430675,0.0,0.0,0.0,0.0,0.0,0.0,0.0,0.0,0.0,0.0,0.0,0.0,0.0,0.0,0.0,0.0,0.0,0.0,0.0,0.0,0.0,0.0,0.0,0.0,0.0,0.0,0.0,0.0,-0.0147623337586777,-0.0115114036489911,0.0086304723263959,SPY
2015-03-25,-1.1468864191102448,-0.4562431790423943,0.27751315532001186,-0.2774495617181589,1.8515163818143747,1.8664707354436119,-0.5033555103810181,-0.8123319740031426,0.6621201482210717,-0.013884887465126573,0.0,0.0,0.0,0.0,0.0,0.0,0.0,0.0,0.0,0.0,0.0,0.0,0.0,0.0,0.0,0.0,0.0,0.0,0.0,0.0,0.0,0.0,0.0,0.0,0.0,0.0,0.0,0.0,-0.0023839475261162,-0.0002915686659301,0.0259057307031822,SPY
2015-03-26,-0.20178473979383277,-1.1770296399298064,-0.7422725184735702,-0.27690452982044955,1.8492080218454638,1.8598876119996681,-0.5451969932606037,-0.5221846550766166,0.5074339854617799,0.7001950393128141,0.0,0.0,0.0,0.0,0.0,0.0,0.0,0.0,0.0,0.0,0.0,0.0,0.0,0.0,0.0,0.0,0.0,0.0,0.0,0.0,0.0,0.0,0.0,0.0,0.0,0.0,0.0,0.0,0.0022869452476426,0.0056834393796325,0.0306076388154847,SPY
2015-03-27,0.15484241026018805,-0.9941364285029848,-0.6587473196008508,-0.27446153196344336,1.8513010611608245,1.854815536964774,-0.4259798098189142,-0.5801088196672425,-0.2216599259211463,1.414274966090755,0.0,0.0,0.0,0.0,0.0,0.0,0.0,0.0,0.0,0.0,0.0,0.0,0.0,0.0,0.0,0.0,0.0,0.0,0.0,0.0,0.0,0.0,0.0,0.0,0.0,0.0,0.0,0.0,0.012125944498976,0.0101067459127586,0.0241538272562227,SPY
2015-03-30,0.9060594542693146,-0.034950970623460684,-0.9069566187645794,-0.228910677291826,1.8528158266381918,1.8512532060444817,0.047916562838362015,0.27636869954144083,-0.6865769690533517,-1.4420447410210082,0.0,0.0,0.0,0.0,0.0,0.0,0.0,0.0,0.0,0.0,0.0,0.0,0.0,0.0,0.0,0.0,0.0,0.0,0.0,0.0,0.0,0.0,0.0,0.0,0.0,0.0,0.0,0.0,-0.0087780121108158,-0.0046688973885498,0.0152019210686216,SPY
2015-03-31,-0.6899777128617511,0.7813696151743976,-0.36954910122309903,-0.2088926757620108,1.8512781270506793,1.8464765071201286,-0.2442927094700217,0.05343621480451071,-0.0460767528756327,-0.7279648142430675,0.0,0.0,0.0,0.0,0.0,0.0,0.0,0.0,0.0,0.0,0.0,0.0,0.0,0.0,0.0,0.0,0.0,0.0,0.0,0.0,0.0,0.0,0.0,0.0,0.0,0.0,0.0,0.0,-0.0035424987756167,0.0074809454738273,0.0198568759684629,SPY
2015-04-01,-0.2902412405771718,0.15885964355883272,-0.4895486016887368,-0.2104306711858919,1.8415718916735808,1.8418984103164657,-0.3430365158535317,-0.41256330423290055,0.1880413175580655,-0.013884887465126573,0.0,0.0,0.0,0.0,0.0,0.0,0.0,0.0,0.0,0.0,0.0,0.0,0.0,0.0,0.0,0.0,0.0,0.0,0.0,0.0,0.0,0.0,0.0,0.0,0.0,0.0,0.0,0.0,0.0035910605194464,0.0154368346530864,0.0133284516655196,SPY
2015-04-02,0.2544128639726265,-0.7226405612901965,-0.0612012326605774,-0.2045303842774088,1.8361690517214089,1.8379710865694678,-0.1828181670106464,-0.10359746470953309,-0.8569261066992154,0.7001950393128141,0.0,0.0,0.0,0.0,0.0,0.0,0.0,0.0,0.0,0.0,0.0,0.0,0.0,0.0,0.0,0.0,0.0,0.0,0.0,0.0,0.0,0.0,0.0,0.0,0.0,0.0,0.0,0.0,0.0067102517807686,0.0172879044320044,0.0205204449671896,SPY
2015-04-06,0.4925661130149018,-0.026761598314398085,0.16691076543055425,-0.2606571124647197,1.8296213168496183,1.8395651440037477,0.05521980861608482,-0.3106733108526269,-0.2564811943451137,-1.4420447410210082,0.0,0.0,0.0,0.0,0.0,0.0,0.0,0.0,0.0,0.0,0.0,0.0,0.0,0.0,0.0,0.0,0.0,0.0,0.0,0.0,0.0,0.0,0.0,0.0,0.0,0.0,0.0,0.0,-0.0026496988023323,0.0060444428780774,0.016653482527519,SPY
2015-04-07,-0.22207510500893898,0.5500539510883287,0.33578238597846344,-0.2639155834183223,1.8227184282478448,1.8393689641441762,-0.042013716734574984,-0.2993426367976776,-0.9445968669417178,-0.7279648142430675,0.0,0.0,0.0,0.0,0.0,0.0,0.0,0.0,0.0,0.0,0.0,0.0,0.0,0.0,0.0,0.0,0.0,0.0,0.0,0.0,0.0,0.0,0.0,0.0,0.0,0.0,0.0,0.0,0.0033718307515613,0.0106056564366419,0.0077852211552036,SPY
2015-04-08,0.2376744606063357,0.19895138626097073,-0.22831752666457342,-0.37744786913695116,1.8205868094880902,1.844348387691313,0.048325653304669515,-0.625183485196244,-0.7448730721571045,-0.013884887465126573,0.0,0.0,0.0,0.0,0.0,0.0,0.0,0.0,0.0,0.0,0.0,0.0,0.0,0.0,0.0,0.0,0.0,0.0,0.0,0.0,0.0,0.0,0.0,0.0,0.0,0.0,0.0,0.0,0.0044133904036423,0.0117106723892899,0.0002880209554936,SPY
2015-04-09,0.31719854054662294,0.011133185719595614,0.2355353938161641,-0.37794156853020994,1.8285555306824026,1.851107427848939,0.1652442410679781,-0.2788352436943024,-0.801915411500901,0.7001950393128141,0.0,0.0,0.0,0.0,0.0,0.0,0.0,0.0,0.0,0.0,0.0,0.0,0.0,0.0,0.0,0.0,0.0,0.0,0.0,0.0,0.0,0.0,0.0,0.0,0.0,0.0,0.0,0.0,0.0054421302983644,0.0070120979465437,-0.0001435386105788,SPY
2015-04-10,0.3957438196981244,0.4084996932162041,0.5392728554954354,-0.42905240577248277,1.8406606089852393,1.8560223121118697,0.3342756461683902,-0.41150375173847586,-1.059283277377559,1.414274966090755,0.0,0.0,0.0,0.0,0.0,0.0,0.0,0.0,0.0,0.0,0.0,0.0,0.0,0.0,0.0,0.0,0.0,0.0,0.0,0.0,0.0,0.0,0.0,0.0,0.0,0.0,0.0,0.0,-0.0045332097731582,-0.0100000461330385,0.0074944486717658,SPY
2015-04-13,-0.3658829768990439,0.5249738982551354,0.6099424215705277,-0.43848393865069907,1.8491620607745245,1.861337428442576,0.126916007619554,-0.5100406534703182,-0.9955641598627398,-1.4420447410210082,0.0,0.0,0.0,0.0,0.0,0.0,0.0,0.0,0.0,0.0,0.0,0.0,0.0,0.0,0.0,0.0,0.0,0.0,0.0,0.0,0.0,0.0,0.0,0.0,0.0,0.0,0.0,0.0,0.001911514756232,0.0036284021106975,0.0072437733611687,SPY
2015-04-14,0.12617793160905455,0.021641834543333915,0.18069304467105046,-0.5138108590863314,1.8523089549487866,1.8636761215518365,0.1818340270708577,-0.20878518023865547,-0.9513325208578836,-0.7279648142430675,0.0,0.0,0.0,0.0,0.0,0.0,0.0,0.0,0.0,0.0,0.0,0.0,0.0,0.0,0.0,0.0,0.0,0.0,0.0,0.0,0.0,0.0,0.0,0.0,0.0,0.0,0.0,0.0,0.0044768467042093,0.0005251160777763,0.0023360684717337,SPY
2015-04-15,0.32204349004992083,-0.17698915062157036,0.35482963672756207,-0.5128867624541908,1.8624601306328317,1.8679973888040937,0.3189855599917687,0.7161035406966791,-0.3714050522725209,-0.013884887465126573,0.0,0.0,0.0,0.0,0.0,0.0,0.0,0.0,0.0,0.0,0.0,0.0,0.0,0.0,0.0,0.0,0.0,0.0,0.0,0.0,0.0,0.0,0.0,0.0,0.0,0.0,0.0,0.0,-0.0002851840391038,0.0009502581122697,-0.0019500030566081,SPY
2015-04-16,-0.04154213152510311,0.3299129385846894,0.39701659195154904,-0.5809057820751795,1.8743115873896685,1.8690736180515217,0.3006647374011031,0.8505677967861612,-1.068953741678477,0.7001950393128141,0.0,0.0,0.0,0.0,0.0,0.0,0.0,0.0,0.0,0.0,0.0,0.0,0.0,0.0,0.0,0.0,0.0,0.0,0.0,0.0,0.0,0.0,0.0,0.0,0.0,0.0,0.0,0.0,-0.0115700137812178,0.0037483667694822,0.0087084563192973,SPY
2015-04-17,-0.9031497223446961,0.20632756356404713,0.21763587879740598,-0.5214474443012701,1.878143672923513,1.8682855912951708,-0.1253457707265452,0.1099896504587305,1.742660733675348,1.414274966090755,0.0,0.0,0.0,0.0,0.0,0.0,0.0,0.0,0.0,0.0,0.0,0.0,0.0,0.0,0.0,0.0,0.0,0.0,0.0,0.0,0.0,0.0,0.0,0.0,0.0,0.0,0.0,0.0,0.0090952384705778,0.0176363411368862,0.0213619078736568,SPY
2015-04-20,0.6746621377581471,-0.696462238663794,-0.43184846469058913,-0.518624606972125,1.883270189346162,1.8675725847605553,0.2185442064670643,-0.0006774873066216904,-0.503678251634256,-1.4420447410210082,0.0,0.0,0.0,0.0,0.0,0.0,0.0,0.0,0.0,0.0,0.0,0.0,0.0,0.0,0.0,0.0,0.0,0.0,0.0,0.0,0.0,0.0,0.0,0.0,0.0,0.0,0.0,0.0,-0.0011917712766891,0.004374236354689,0.0153687528814643,SPY
2015-04-21,-0.11076093796651358,-0.16872350808656877,0.08845419198432293,-0.5197430889384074,1.8891580810853734,1.867063374233449,0.1775550710678506,0.4130288892171105,-0.9359022199671309,-0.7279648142430675,0.0,0.0,0.0,0.0,0.0,0.0,0.0,0.0,0.0,0.0,0.0,0.0,0.0,0.0,0.0,0.0,0.0,0.0,0.0,0.0,0.0,0.0,0.0,0.0,0.0,0.0,0.0,0.0,0.0049019887387027,0.0087400459427531,0.0162318566187211,SPY
2015-04-22,0.35450349276746107,0.4151521669493436,-0.03002209661978749,-0.5254636295120418,1.8958831606955342,1.8693678529044209,0.344953490870849,0.8048959448298595,-0.7952275354854618,-0.013884887465126573,0.0,0.0,0.0,0.0,0.0,0.0,0.0,0.0,0.0,0.0,0.0,0.0,0.0,0.0,0.0,0.0,0.0,0.0,0.0,0.0,0.0,0.0,0.0,0.0,0.0,0.0,0.0,0.0,0.0025129246181085,-0.0002850000069241,0.0106255477935741,SPY
2015-04-23,0.17209615226707253,0.17924165351468893,-0.013791156306185486,-0.6584004318727654,1.901618591670137,1.8762430451408405,0.3906746809411217,0.7735841012050295,-0.2233193973970604,0.7001950393128141,0.0,0.0,0.0,0.0,0.0,0.0,0.0,0.0,0.0,0.0,0.0,0.0,0.0,0.0,0.0,0.0,0.0,0.0,0.0,0.0,0.0,0.0,0.0,0.0,0.0,0.0,0.0,0.0,0.0023179605861862,-0.0128688477035927,0.0110205888911316,SPY
2015-04-24,0.15721046115078124,0.3876663280618417,0.09303416540143353,-0.6665879110644995,1.9057046237272486,1.8843659114716926,0.4203395571067893,0.6273103469509653,-1.140101922361499,1.414274966090755,0.0,0.0,0.0,0.0,0.0,0.0,0.0,0.0,0.0,0.0,0.0,0.0,0.0,0.0,0.0,0.0,0.0,0.0,0.0,0.0,0.0,0.0,0.0,0.0,0.0,0.0,0.0,0.0,-0.0041668663116194,-0.0044037544686625,0.0063112468406174,SPY
2015-04-27,-0.3379123017074637,0.24228996195707622,0.6232449296764215,-0.6487548159096967,1.9099680933733794,1.8907699040477781,0.2187576023992294,0.520573919980326,-0.6983147341803841,-1.4420447410210082,0.0,0.0,0.0,0.0,0.0,0.0,0.0,0.0,0.0,0.0,0.0,0.0,0.0,0.0,0.0,0.0,0.0,0.0,0.0,0.0,0.0,0.0,0.0,0.0,0.0,0.0,0.0,0.0,0.0031740383113749,0.0026064011840549,-0.0003321279763195,SPY
2015-04-28,0.222572817802161,-0.13351234141864668,0.11692841969152094,-0.7229239494002277,1.9149167543790917,1.8948313372132037,0.3091183170963986,0.5152037274297124,-0.5003311368988778,-0.7279648142430675,0.0,0.0,0.0,0.0,0.0,0.0,0.0,0.0,0.0,0.0,0.0,0.0,0.0,0.0,0.0,0.0,0.0,0.0,0.0,0.0,0.0,0.0,0.0,0.0,0.0,0.0,0.0,0.0,-0.0041230572109745,-0.0120855973019677,0.0059412899286188,SPY
2015-04-29,-0.3345674347909731,-0.08534975902960959,0.28360493976053297,-0.7691260513445712,1.915272140235695,1.9001023404423998,0.11778737795033321,0.07439298744649711,0.4877767835056485,-0.013884887465126573,0.0,0.0,0.0,0.0,0.0,0.0,0.0,0.0,0.0,0.0,0.0,0.0,0.0,0.0,0.0,0.0,0.0,0.0,0.0,0.0,0.0,0.0,0.0,0.0,0.0,0.0,0.0,0.0,-0.01007092307856,-0.0120879095391419,0.0089355672975708,SPY
2015-04-30,-0.7886927071965815,-0.08288507696030968,-0.0609504564408281,-0.7026029533623128,1.9104250578392894,1.9036163425951957,-0.2806186090726685,-0.7040049081571509,1.3481726639098084,0.7001950393128141,0.0,0.0,0.0,0.0,0.0,0.0,0.0,0.0,0.0,0.0,0.0,0.0,0.0,0.0,0.0,0.0,0.0,0.0,0.0,0.0,0.0,0.0,0.0,0.0,0.0,0.0,0.0,0.0,0.0107830538211164,0.0019648443769879,0.0127740662622484,SPY
2015-05-01,0.8035284610575419,-0.8280411830156903,-0.5413726784482757,-0.6467757503098357,1.9174547804267246,1.9090655683443303,0.08167718397926331,0.0021963341058691094,-0.0775301222845728,1.414274966090755,0.0,0.0,0.0,0.0,0.0,0.0,0.0,0.0,0.0,0.0,0.0,0.0,0.0,0.0,0.0,0.0,0.0,0.0,0.0,0.0,0.0,0.0,0.0,0.0,0.0,0.0,0.0,0.0,0.0028432893410981,0.0042619081365806,0.0040256257930391,SPY
2015-05-04,0.19731981620987732,0.010570521926126715,-0.21819498276605492,-0.6645328711292876,1.9211853802019088,1.9135090666191479,0.1567702866905652,0.03905788202347401,-0.870249064216445,-1.4420447410210082,0.0,0.0,0.0,0.0,0.0,0.0,0.0,0.0,0.0,0.0,0.0,0.0,0.0,0.0,0.0,0.0,0.0,0.0,0.0,0.0,0.0,0.0,0.0,0.0,0.0,0.0,0.0,0.0,-0.0115179601746477,-0.0033652662882728,0.0001892193288774,SPY
2015-05-05,-0.8991753794812892,0.7371188263037631,0.04943655859375893,-0.5862085296196703,1.9194087758961638,1.9155716452519487,-0.2854275379470501,-0.6285945509953245,0.1855894970954856,-0.7279648142430675,0.0,0.0,0.0,0.0,0.0,0.0,0.0,0.0,0.0,0.0,0.0,0.0,0.0,0.0,0.0,0.0,0.0,0.0,0.0,0.0,0.0,0.0,0.0,0.0,0.0,0.0,0.0,0.0,-0.0041253694481486,0.005156503753172,0.0143532744595997,SPY
2015-05-06,-0.33474397632031005,-0.5175270923168926,-0.5114699883166616,-0.581478166819425,1.9128357392226942,1.9156479231861883,-0.4379755460433031,-0.7591302869958663,0.7030577991075498,-0.013884887465126573,0.0,0.0,0.0,0.0,0.0,0.0,0.0,0.0,0.0,0.0,0.0,0.0,0.0,0.0,0.0,0.0,0.0,0.0,0.0,0.0,0.0,0.0,0.0,0.0,0.0,0.0,0.0,0.0,0.0039818308375698,0.009472648377188,0.0099961784166229,SPY
2015-05-07,0.28424855312845043,-0.9095809832228916,-0.5115582641880654,-0.5834486179143096,1.9070242171417597,1.9156097492826114,-0.2909907300046988,-0.15784840389568727,-0.4515383847090617,0.7001950393128141,0.0,0.0,0.0,0.0,0.0,0.0,0.0,0.0,0.0,0.0,0.0,0.0,0.0,0.0,0.0,0.0,0.0,0.0,0.0,0.0,0.0,0.0,0.0,0.0,0.0,0.0,0.0,0.0,0.0130801175807091,0.0158640928764199,0.0042994884847793,SPY
2015-05-08,0.9789114856215354,-0.037569085618339285,0.024943402428436925,-0.5110300784938008,1.9069480331847797,1.9176214371409646,0.1810474316271289,-0.007494647991478791,1.176310506604865,1.414274966090755,0.0,0.0,0.0,0.0,0.0,0.0,0.0,0.0,0.0,0.0,0.0,0.0,0.0,0.0,0.0,0.0,0.0,0.0,0.0,0.0,0.0,0.0,0.0,0.0,0.0,0.0,0.0,0.0,-0.0047838850837553,0.0038674130688525,-0.0149492253055489,SPY
2015-05-11,-0.3850222776574318,0.9304045716663614,0.11263998793053734,-0.5097674185566344,1.9065422758514405,1.9195568004831358,-0.010872305087232989,-0.15862808786652988,-0.7640393844360316,-1.4420447410210082,0.0,0.0,0.0,0.0,0.0,0.0,0.0,0.0,0.0,0.0,0.0,0.0,0.0,0.0,0.0,0.0,0.0,0.0,0.0,0.0,0.0,0.0,0.0,0.0,0.0,0.0,0.0,0.0,-0.0029961901332029,0.0117533816309931,-0.0103090802768397,SPY
2015-05-12,-0.24853005095439426,0.4372489821237581,-0.1785479041318013,-0.5059335466770254,1.9028370243032582,1.9201806025938926,-0.1264919145334179,-0.45961322043835406,0.2920746492501151,-0.7279648142430675,0.0,0.0,0.0,0.0,0.0,0.0,0.0,0.0,0.0,0.0,0.0,0.0,0.0,0.0,0.0,0.0,0.0,0.0,0.0,0.0,0.0,0.0,0.0,0.0,0.0,0.0,0.0,0.0,0.0001907751758674,0.0144209042247638,0.0046088278103955,SPY
2015-05-13,-0.005202188263992113,-0.4671975091246039,0.14679358103503284,-0.5159207665049701,1.9014412933570914,1.9196586751959175,-0.11579792141657289,-0.5559574177806977,-0.3238766839075537,-0.013884887465126573,0.0,0.0,0.0,0.0,0.0,0.0,0.0,0.0,0.0,0.0,0.0,0.0,0.0,0.0,0.0,0.0,0.0,0.0,0.0,0.0,0.0,0.0,0.0,0.0,0.0,0.0,0.0,0.0,0.0103732753368017,0.0135258089624521,0.0076364115053975,SPY
2015-05-14,0.772241480154102,-0.18732515926438548,0.31157400755944276,-0.46497892032331256,1.9109579277102346,1.9220013277704677,0.2546133040487587,-0.24397619535052728,-0.3003505590582503,0.7001950393128141,0.0,0.0,0.0,0.0,0.0,0.0,0.0,0.0,0.0,0.0,0.0,0.0,0.0,0.0,0.0,0.0,0.0,0.0,0.0,0.0,0.0,0.0,0.0,0.0,0.0,0.0,0.0,0.0,0.0010834377731416,0.0060604993413164,-0.0104212705961685,SPY
2015-05-15,0.06295345851390087,0.5648354953707417,0.5555845870081408,-0.5403440992345157,1.9153229295403487,1.9277179105904814,0.2552154851901807,-0.042798775225894294,-0.7656109869245767,1.414274966090755,0.0,0.0,0.0,0.0,0.0,0.0,0.0,0.0,0.0,0.0,0.0,0.0,0.0,0.0,0.0,0.0,0.0,0.0,0.0,0.0,0.0,0.0,0.0,0.0,0.0,0.0,0.0,0.0,0.0031020834783852,0.0025856801038468,-0.0157992733481027,SPY
2015-05-18,0.21707899718484902,0.6150563276875254,0.09757907797856084,-0.5731314967182082,1.9198402992844235,1.9318558080179238,0.3426238234086954,-0.044413540102056094,-0.7868311328568525,-1.4420447410210082,0.0,0.0,0.0,0.0,0.0,0.0,0.0,0.0,0.0,0.0,0.0,0.0,0.0,0.0,0.0,0.0,0.0,0.0,0.0,0.0,0.0,0.0,0.0,0.0,0.0,0.0,0.0,0.0,-0.0003286675394322,-0.0113266445030948,-0.0134643287297473,SPY
2015-05-19,-0.04486213854466291,0.20598205015006452,0.3986471320926806,-0.5745732506019808,1.9303214661727437,1.9362227721578078,0.2997363291610755,0.11909786422279851,-0.8443762332335493,-0.7279648142430675,0.0,0.0,0.0,0.0,0.0,0.0,0.0,0.0,0.0,0.0,0.0,0.0,0.0,0.0,0.0,0.0,0.0,0.0,0.0,0.0,0.0,0.0,0.0,0.0,0.0,0.0,0.0,0.0,-0.0007043200864442,-0.0015505207473491,-0.0115200036391733,SPY
2015-05-20,-0.073543571354266,0.12653758330115641,0.500486979700949,-0.5832482816192034,1.9426045391684894,1.9390874220032486,0.2533282926359945,0.5949406102352096,-0.732073863721766,-0.013884887465126573,0.0,0.0,0.0,0.0,0.0,0.0,0.0,0.0,0.0,0.0,0.0,0.0,0.0,0.0,0.0,0.0,0.0,0.0,0.0,0.0,0.0,0.0,0.0,0.0,0.0,0.0,0.0,0.0,0.002907965715666,-0.0019749805029274,-0.000470080389479,SPY
2015-05-21,0.20225791953512562,-0.08760912312857919,0.4663143112776042,-0.5823149782999903,1.9543544637413437,1.9420666401413689,0.3416012659354328,0.3218517100284231,-1.0193638077845857,0.7001950393128141,0.0,0.0,0.0,0.0,0.0,0.0,0.0,0.0,0.0,0.0,0.0,0.0,0.0,0.0,0.0,0.0,0.0,0.0,0.0,0.0,0.0,0.0,0.0,0.0,0.0,0.0,0.0,0.0,-0.0023913814643279,-0.011115370332476,-0.0078270150443744,SPY
2015-05-22,-0.20235232811720646,0.09448253890760851,0.18130604332875855,-0.5799091938927807,1.9578313026945573,1.9437727038613766,0.2400106867789899,0.06032923265156981,-1.1818486623081896,1.414274966090755,0.0,0.0,0.0,0.0,0.0,0.0,0.0,0.0,0.0,0.0,0.0,0.0,0.0,0.0,0.0,0.0,0.0,0.0,0.0,0.0,0.0,0.0,0.0,0.0,0.0,0.0,0.0,0.0,-0.0108102411285564,-0.0066893755162409,-0.0003257443183324,SPY
2015-05-26,-0.8451403504897366,-0.00043084362407208593,0.048645475640759925,-0.52654057160065,1.9580594367375805,1.9436835926014078,-0.1620634368436646,0.0958503859857807,0.4211195574375244,-0.7279648142430675,0.0,0.0,0.0,0.0,0.0,0.0,0.0,0.0,0.0,0.0,0.0,0.0,0.0,0.0,0.0,0.0,0.0,0.0,0.0,0.0,0.0,0.0,0.0,0.0,0.0,0.0,0.0,0.0,0.0094474562163133,0.003127748489252,0.0111921168005082,SPY
2015-05-27,0.7015543009792311,-0.7722115452175857,-0.4824949245029269,-0.48788905187372344,1.9649622324887062,1.9452877583176602,0.1784659997903644,0.6964764086314,-0.3288021489735071,-0.013884887465126573,0.0,0.0,0.0,0.0,0.0,0.0,0.0,0.0,0.0,0.0,0.0,0.0,0.0,0.0,0.0,0.0,0.0,0.0,0.0,0.0,0.0,0.0,0.0,0.0,0.0,0.0,0.0,0.0,-0.0011287798420225,-0.0036736127709868,-0.0055445939356166,SPY
2015-05-28,-0.10595148142125319,-0.10616338345909558,-0.10926511351288122,-0.49670699091378745,1.9711543958025968,1.9476940651194694,0.11957466991272592,0.49366301941408924,-0.7490654244589674,0.7001950393128141,0.0,0.0,0.0,0.0,0.0,0.0,0.0,0.0,0.0,0.0,0.0,0.0,0.0,0.0,0.0,0.0,0.0,0.0,0.0,0.0,0.0,0.0,0.0,0.0,0.0,0.0,0.0,0.0,-0.0062324241138824,-0.0110272984200898,-0.0074607166410807,SPY
2015-05-29,-0.4956196240487792,0.4385116654754822,-0.1254700059943477,-0.5302614630571979,1.9684389785912701,1.951106145977539,-0.1358905877780384,-0.46487913635136285,0.4405628389335171,1.414274966090755,0.0,0.0,0.0,0.0,0.0,0.0,0.0,0.0,0.0,0.0,0.0,0.0,0.0,0.0,0.0,0.0,0.0,0.0,0.0,0.0,0.0,0.0,0.0,0.0,0.0,0.0,0.0,0.0,0.0020346133519071,-0.0065097334004811,-0.0014188962831722,SPY
2015-06-01,0.13557662763519673,-0.4436319834400843,-0.4744289649531831,-0.5856708922658395,1.9662310830238878,1.9521883377138727,-0.06784638403540888,-0.07775942229810129,-0.3213437925304582,-1.4420447410210082,0.0,0.0,0.0,0.0,0.0,0.0,0.0,0.0,0.0,0.0,0.0,0.0,0.0,0.0,0.0,0.0,0.0,0.0,0.0,0.0,0.0,0.0,0.0,0.0,0.0,0.0,0.0,0.0,-0.0009931171230634,-0.0147129429620074,-0.0246470960160074,SPY
2015-06-02,-0.09559350251350149,-0.2656607772648796,-0.30545471196917473,-0.5891148795007372,1.9618151990384718,1.9522392517792915,-0.10506786663675918,0.05148111445758921,-0.3398556957355619,-0.7279648142430675,0.0,0.0,0.0,0.0,0.0,0.0,0.0,0.0,0.0,0.0,0.0,0.0,0.0,0.0,0.0,0.0,0.0,0.0,0.0,0.0,0.0,0.0,0.0,0.0,0.0,0.0,0.0,0.0,0.0026460949560744,-0.01386356589399,-0.0215624464170511,SPY
2015-06-03,0.18226383549185604,0.029100489360942013,0.06934039379884442,-0.6674293160700195,1.9589982496431622,1.9560842885212009,-0.03330436548240109,0.17459130448140242,-0.4316589876142463,-0.013884887465126573,0.0,0.0,0.0,0.0,0.0,0.0,0.0,0.0,0.0,0.0,0.0,0.0,0.0,0.0,0.0,0.0,0.0,0.0,0.0,0.0,0.0,0.0,0.0,0.0,0.0,0.0,0.0,0.0,-0.0084824654911255,-0.0045879428960322,-0.0162248334359134,SPY
2015-06-04,-0.6674124445515063,0.06350219410521221,-0.19031986020950073,-0.6317655837982301,1.9520192699350565,1.9587452821049667,-0.3655414576695517,-0.9238196727807824,1.176641148722423,0.7001950393128141,0.0,0.0,0.0,0.0,0.0,0.0,0.0,0.0,0.0,0.0,0.0,0.0,0.0,0.0,0.0,0.0,0.0,0.0,0.0,0.0,0.0,0.0,0.0,0.0,0.0,0.0,0.0,0.0,-0.0017148590942737,0.0071128814659626,-0.0086589136413275,SPY
2015-06-05,-0.1506991953080653,-0.3578454793638918,-0.4710665828849207,-0.6368983501370504,1.9425532856105938,1.9598911047775867,-0.4364927678196674,-1.0807374662404934,0.4137722810790586,1.414274966090755,0.0,0.0,0.0,0.0,0.0,0.0,0.0,0.0,0.0,0.0,0.0,0.0,0.0,0.0,0.0,0.0,0.0,0.0,0.0,0.0,0.0,0.0,0.0,0.0,0.0,0.0,0.0,0.0,-0.0061685962096191,0.001143333795472,-0.0097940254155766,SPY
2015-06-08,-0.49074630224631277,-0.6031909691071317,-0.2985963911677962,-0.7253741382792485,1.9311076790377433,1.9558932792574766,-0.6355245244220911,-1.5534866831731797,-0.4015187404471289,-1.4420447410210082,0.0,0.0,0.0,0.0,0.0,0.0,0.0,0.0,0.0,0.0,0.0,0.0,0.0,0.0,0.0,0.0,0.0,0.0,0.0,0.0,0.0,0.0,0.0,0.0,0.0,0.0,0.0,0.0,-0.0001437400550461,0.0030173650262987,0.0026436565136238,SPY
2015-06-09,-0.030742747473691608,-0.4730136304975449,-0.6117759734496551,-0.7366390234475123,1.9253977819914405,1.9531431511227697,-0.6221013256677062,-1.5470485740562265,0.022878653529615798,-0.7279648142430675,0.0,0.0,0.0,0.0,0.0,0.0,0.0,0.0,0.0,0.0,0.0,0.0,0.0,0.0,0.0,0.0,0.0,0.0,0.0,0.0,0.0,0.0,0.0,0.0,0.0,0.0,0.0,0.0,0.0119217179540322,0.0085981331780855,-0.0141321660984496,SPY
2015-06-10,0.8904665613864244,-0.3846231164783886,-0.5793487200232553,-0.6503455786092373,1.9209566426296714,1.9543781316373037,-0.1917639124869207,-0.7642317524646779,0.7801525940894937,-0.013884887465126573,0.0,0.0,0.0,0.0,0.0,0.0,0.0,0.0,0.0,0.0,0.0,0.0,0.0,0.0,0.0,0.0,0.0,0.0,0.0,0.0,0.0,0.0,0.0,0.0,0.0,0.0,0.0,0.0,0.0032183588708694,-0.001707927224805,-0.0242464159044075,SPY
2015-06-11,0.22595673509311692,0.6331305532113293,-0.22522687123753052,-0.6453437256623843,1.9188501863956222,1.9564278769443757,-0.08655723623620629,-0.749296238410185,-0.762063896721082,0.7001950393128141,0.0,0.0,0.0,0.0,0.0,0.0,0.0,0.0,0.0,0.0,0.0,0.0,0.0,0.0,0.0,0.0,0.0,0.0,0.0,0.0,0.0,0.0,0.0,0.0,0.0,0.0,0.0,0.0,-0.0076844067647643,0.0054193170675755,-0.0149518499874021,SPY
2015-06-12,-0.606479894192637,0.8222808625291084,0.22148356064385558,-0.676022994939684,1.9159824012703348,1.9536268580352218,-0.3515886809786196,-0.9449668027455079,0.9499249643114442,1.414274966090755,0.0,0.0,0.0,0.0,0.0,0.0,0.0,0.0,0.0,0.0,0.0,0.0,0.0,0.0,0.0,0.0,0.0,0.0,0.0,0.0,0.0,0.0,0.0,0.0,0.0,0.0,0.0,0.0,-0.0042945649787924,0.0086547548931106,0.0037093060083828,SPY
2015-06-15,-0.34766221761121846,-0.2807516885054788,-0.006419972946726084,-0.6697831787851821,1.909739355801141,1.9493871324769407,-0.4806280793051976,-0.6950084843607887,0.63079054065632,-1.4420447410210082,0.0,0.0,0.0,0.0,0.0,0.0,0.0,0.0,0.0,0.0,0.0,0.0,0.0,0.0,0.0,0.0,0.0,0.0,0.0,0.0,0.0,0.0,0.0,0.0,0.0,0.0,0.0,0.0,0.0054370280967406,0.0180592091336171,0.0123323666131049,SPY
2015-06-16,0.395354261703062,-0.703425708918917,0.06512620829507833,-0.6557145252988151,1.9069224528311561,1.945758538740492,-0.2554483668339623,-0.9229727466764479,-0.463569307216916,-0.7279648142430675,0.0,0.0,0.0,0.0,0.0,0.0,0.0,0.0,0.0,0.0,0.0,0.0,0.0,0.0,0.0,0.0,0.0,0.0,0.0,0.0,0.0,0.0,0.0,0.0,0.0,0.0,0.0,0.0,0.0016156575511416,0.0133298010271607,0.0065632079110544,SPY
2015-06-17,0.10358894980516915,0.03478084521179471,0.27818703838598935,-0.6527772000346577,1.9035470996366013,1.9426519422749362,-0.1742902113923059,-0.7816160575881087,0.7544398868065488,-0.013884887465126573,0.0,0.0,0.0,0.0,0.0,0.0,0.0,0.0,0.0,0.0,0.0,0.0,0.0,0.0,0.0,0.0,0.0,0.0,0.0,0.0,0.0,0.0,0.0,0.0,0.0,0.0,0.0,0.0,0.01034560316325,0.0044248889562075,0.0129395055931249,SPY
2015-06-18,0.7701286831220259,0.3672875454331504,-0.11527452903352112,-0.5882329311341015,1.910272179246762,1.9425245639474997,0.2117668164213797,0.023167338249996408,1.8282876065179807,0.7001950393128141,0.0,0.0,0.0,0.0,0.0,0.0,0.0,0.0,0.0,0.0,0.0,0.0,0.0,0.0,0.0,0.0,0.0,0.0,0.0,0.0,0.0,0.0,0.0,0.0,0.0,0.0,0.0,0.0,-0.0044489689392293,-0.0089656167545291,0.0034413645024127,SPY
2015-06-19,-0.35945110830830745,0.6434419693803707,0.15682718598022755,-0.5837040567971676,1.9155138768987034,1.9404052950881525,0.06033816452963341,-0.28336186975314975,0.8301363175036757,1.414274966090755,0.0,0.0,0.0,0.0,0.0,0.0,0.0,0.0,0.0,0.0,0.0,0.0,0.0,0.0,0.0,0.0,0.0,0.0,0.0,0.0,0.0,0.0,0.0,0.0,0.0,0.0,0.0,0.0,0.005109889261714,-0.0047072515712738,0.0084081257427817,SPY
2015-06-22,0.37037689740496366,0.3022485655491391,0.28034872460485805,-0.5710170644718106,1.9267834386422609,1.940316975721241,0.251900864049229,-0.02553898830284209,-0.926105059088193,-1.4420447410210082,0.0,0.0,0.0,0.0,0.0,0.0,0.0,0.0,0.0,0.0,0.0,0.0,0.0,0.0,0.0,0.0,0.0,0.0,0.0,0.0,0.0,0.0,0.0,0.0,0.0,0.0,0.0,0.0,0.0007076199902842,-0.0310107272139159,-0.0006608343486549,SPY
2015-06-23,0.03425940978877888,0.007689444655564714,0.639389052483874,-0.6396465298829533,1.9385115433127502,1.9433362310407218,0.2573584261534509,-0.10170538532570189,-0.9614191961711868,-0.7279648142430675,0.0,0.0,0.0,0.0,0.0,0.0,0.0,0.0,0.0,0.0,0.0,0.0,0.0,0.0,0.0,0.0,0.0,0.0,0.0,0.0,0.0,0.0,0.0,0.0,0.0,0.0,0.0,0.0,-0.0072892545198115,-0.0296268147283074,-0.0031647703658048,SPY
2015-06-24,-0.5763096407141867,0.2977970270124728,0.4588311813102322,-0.658217746111924,1.9399680450082701,1.941838877723377,-0.004407986159196089,-0.04676132197023409,-0.2420931151691387,-0.013884887465126573,0.0,0.0,0.0,0.0,0.0,0.0,0.0,0.0,0.0,0.0,0.0,0.0,0.0,0.0,0.0,0.0,0.0,0.0,0.0,0.0,0.0,0.0,0.0,0.0,0.0,0.0,0.0,0.0,-0.0030449025474865,-0.0143538522712836,-0.0015212923452505,SPY
2015-06-25,-0.25224929057723644,-0.399773726623959,0.11886221895217304,-0.6541859078003843,1.9380667887070997,1.9398282612497473,-0.10364324252184769,-0.1107170595354112,-0.0833266287555939,0.7001950393128141,0.0,0.0,0.0,0.0,0.0,0.0,0.0,0.0,0.0,0.0,0.0,0.0,0.0,0.0,0.0,0.0,0.0,0.0,0.0,0.0,0.0,0.0,0.0,0.0,0.0,0.0,0.0,0.0,-0.000190603755974,-0.0122254954203366,-0.008902652163071,SPY
2015-06-26,-0.034320836055984606,-0.6108891085272403,-0.3923563417316603,-0.6760149653721699,1.940174823402171,1.9394471044882742,-0.10808237610680418,0.19144220306576173,0.149747909412301,1.414274966090755,0.0,0.0,0.0,0.0,0.0,0.0,0.0,0.0,0.0,0.0,0.0,0.0,0.0,0.0,0.0,0.0,0.0,0.0,0.0,0.0,0.0,0.0,0.0,0.0,0.0,0.0,0.0,0.0,-0.021193586380928,-0.0148848625328854,-0.0145465710215244,SPY
2015-06-29,-1.6379187345673347,-0.21152192234216707,-0.22978180071903634,-0.4547809092097739,1.9333460296177893,1.9328891352943998,-0.841766650196194,-0.6870156908853801,2.8324897892450727,-1.4420447410210082,0.0,0.0,0.0,0.0,0.0,0.0,0.0,0.0,0.0,0.0,0.0,0.0,0.0,0.0,0.0,0.0,0.0,0.0,0.0,0.0,0.0,0.0,0.0,0.0,0.0,0.0,0.0,0.0,0.0020915324758927,0.0125778095676238,0.0188555850015514,SPY
2015-06-30,0.13992245742700785,-1.2325594457610156,-1.2339877097036391,-0.44983051709377886,1.9247208543395626,1.9271487956826538,-0.7265698652060752,-1.1300009322765237,2.1373654059117184,-0.7279648142430675,0.0,0.0,0.0,0.0,0.0,0.0,0.0,0.0,0.0,0.0,0.0,0.0,0.0,0.0,0.0,0.0,0.0,0.0,0.0,0.0,0.0,0.0,0.0,0.0,0.0,0.0,0.0,0.0,0.0079837079372122,-0.0064332855753885,0.0236194743770523,SPY
2015-07-01,0.5897957138189813,-1.1041673955344269,-1.1811531294205435,-0.41894613974632344,1.9194407165191998,1.9228064501004767,-0.4042819141514568,-0.90712875464643,0.8624923604504503,-0.013884887465126573,0.0,0.0,0.0,0.0,0.0,0.0,0.0,0.0,0.0,0.0,0.0,0.0,0.0,0.0,0.0,0.0,0.0,0.0,0.0,0.0,0.0,0.0,0.0,0.0,0.0,0.0,0.0,0.0,-0.0009165456965396,-0.0126095253645264,0.01587317921346,SPY
2015-07-02,-0.0897472005452423,0.537335239260632,-0.5980667207871815,-0.44742752853860224,1.9081180442047803,1.9204998985329718,-0.4221523930136697,-0.6754644534785819,0.020993597460543495,0.7001950393128141,0.0,0.0,0.0,0.0,0.0,0.0,0.0,0.0,0.0,0.0,0.0,0.0,0.0,0.0,0.0,0.0,0.0,0.0,0.0,0.0,0.0,0.0,0.0,0.0,0.0,0.0,0.0,0.0,-0.0028499708685227,0.000819945119888,0.0152703979678232,SPY
2015-07-06,-0.23736606964040427,0.3681019926176296,-0.5168109751516532,-0.44549291916729555,1.897687898747733,1.9178969227611729,-0.5090012929101415,-0.6200553042592337,0.3668354542836455,-1.4420447410210082,0.0,0.0,0.0,0.0,0.0,0.0,0.0,0.0,0.0,0.0,0.0,0.0,0.0,0.0,0.0,0.0,0.0,0.0,0.0,0.0,0.0,0.0,0.0,0.0,0.0,0.0,0.0,0.0,0.0062690857195812,0.0146466652194314,0.0147417773993732,SPY
2015-07-07,0.4588826604668761,-0.24139634229415016,-0.6183394653353398,-0.44283355878036135,1.8878188961840585,1.9185995648131209,-0.283033352948324,-0.5837869682034048,1.7517790472461925,-0.7279648142430675,0.0,0.0,0.0,0.0,0.0,0.0,0.0,0.0,0.0,0.0,0.0,0.0,0.0,0.0,0.0,0.0,0.0,0.0,0.0,0.0,0.0,0.0,0.0,0.0,0.0,0.0,0.0,0.0,-0.0169195626671196,0.0127060751257799,0.0065168211686712,SPY
2015-07-08,-1.3115929184659736,0.16286433978339382,0.4301218853437066,-0.32144997850578455,1.8686673821770823,1.9148753383444639,-0.8773091331411385,-1.1819079657806513,1.437185420443693,-0.013884887465126573,0.0,0.0,0.0,0.0,0.0,0.0,0.0,0.0,0.0,0.0,0.0,0.0,0.0,0.0,0.0,0.0,0.0,0.0,0.0,0.0,0.0,0.0,0.0,0.0,0.0,0.0,0.0,0.0,0.0018074681480744,0.0292935071875897,0.0267260823507964,SPY
2015-07-09,0.11823387313087796,-0.6286851355059889,-0.29567778988749405,-0.38914284834578255,1.8543866739071677,1.9084416031967675,-0.7677138212449502,-1.6072317524978623,0.9017459076998632,0.7001950393128141,0.0,0.0,0.0,0.0,0.0,0.0,0.0,0.0,0.0,0.0,0.0,0.0,0.0,0.0,0.0,0.0,0.0,0.0,0.0,0.0,0.0,0.0,0.0,0.0,0.0,0.0,0.0,0.0,0.0125129247878748,0.0354779942727274,0.0166972295111023,SPY
2015-07-10,0.9356057710532047,-0.8796939137436268,-0.5314723508733177,-0.31889851383012174,1.8483173984263819,1.9044428926197097,-0.2811617786782034,-0.901320568135965,0.5170913965019297,1.414274966090755,0.0,0.0,0.0,0.0,0.0,0.0,0.0,0.0,0.0,0.0,0.0,0.0,0.0,0.0,0.0,0.0,0.0,0.0,0.0,0.0,0.0,0.0,0.0,0.0,0.0,0.0,0.0,0.0,0.0109767492310206,0.0238125315573904,0.0022626163211034,SPY
2015-07-13,0.8183172916641354,0.7761657824691299,-0.018766205183567385,-0.28954782013085395,1.8481899609115062,1.9054365320794087,0.11950299245444791,-0.6753857086131329,-0.0895105571176865,-1.4420447410210082,0.0,0.0,0.0,0.0,0.0,0.0,0.0,0.0,0.0,0.0,0.0,0.0,0.0,0.0,0.0,0.0,0.0,0.0,0.0,0.0,0.0,0.0,0.0,0.0,0.0,0.0,0.0,0.0,0.0043284956259297,0.0133535746275095,0.0038061807418543,SPY
2015-07-14,0.31071674271983396,1.2920257828076425,0.5091060127117771,-0.29221862584477853,1.8616038155283199,1.908740170170511,0.2582466264847254,-0.5471754249220226,-0.6943843078342106,-0.7279648142430675,0.0,0.0,0.0,0.0,0.0,0.0,0.0,0.0,0.0,0.0,0.0,0.0,0.0,0.0,0.0,0.0,0.0,0.0,0.0,0.0,0.0,0.0,0.0,0.0,0.0,0.0,0.0,0.0,-0.0003321306053098,0.0050660081718572,-0.0095864707011115,SPY
2015-07-15,-0.045126546950977904,0.8315731484016585,0.435018767914265,-0.3019495134162701,1.873742459340538,1.9105028309531753,0.2334424589238631,-0.32201217958516265,-0.2649447065495996,-0.013884887465126573,0.0,0.0,0.0,0.0,0.0,0.0,0.0,0.0,0.0,0.0,0.0,0.0,0.0,0.0,0.0,0.0,0.0,0.0,0.0,0.0,0.0,0.0,0.0,0.0,0.0,0.0,0.0,0.0,0.0079919552332121,0.0036018227503014,-0.0080570386065312,SPY
2015-07-16,0.5904254027907814,0.19534019802915473,1.0682885881332365,-0.27975603383478576,1.8859828674633614,1.9139947066822998,0.5092466132160259,0.03930099619888461,-0.0463162653657331,0.7001950393128141,0.0,0.0,0.0,0.0,0.0,0.0,0.0,0.0,0.0,0.0,0.0,0.0,0.0,0.0,0.0,0.0,0.0,0.0,0.0,0.0,0.0,0.0,0.0,0.0,0.0,0.0,0.0,0.0,0.0008474620725378,-0.0100359089821679,-0.0172939310487283,SPY
2015-07-17,0.04493648709868858,0.401444935920514,1.3043980118196652,-0.31980283835875345,1.8991670560014529,1.9149286047980834,0.5346323890817759,0.0706307154008534,-0.5292419428831654,1.414274966090755,0.0,0.0,0.0,0.0,0.0,0.0,0.0,0.0,0.0,0.0,0.0,0.0,0.0,0.0,0.0,0.0,0.0,0.0,0.0,0.0,0.0,0.0,0.0,0.0,0.0,0.0,0.0,0.0,0.0005177923011396,-0.0213096334200129,-0.0145056233811811,SPY
2015-07-20,0.019765883377445483,0.4678083371173177,0.8590376058819083,-0.32914104653954923,1.9141364375302634,1.9172058796134237,0.5381012780387925,1.0666402223726485,-1.0070764383524615,-1.4420447410210082,0.0,0.0,0.0,0.0,0.0,0.0,0.0,0.0,0.0,0.0,0.0,0.0,0.0,0.0,0.0,0.0,0.0,0.0,0.0,0.0,0.0,0.0,0.0,0.0,0.0,0.0,0.0,0.0,-0.0039590708297225,-0.02766194833558,-0.0094522972250148,SPY
2015-07-21,-0.32204691705994615,0.04731499006091931,0.4597388024273974,-0.33203494132870753,1.9236484757763135,1.9170267953275102,0.390199218893201,0.7882777220243086,-0.8211065660390906,-0.7279648142430675,0.0,0.0,0.0,0.0,0.0,0.0,0.0,0.0,0.0,0.0,0.0,0.0,0.0,0.0,0.0,0.0,0.0,0.0,0.0,0.0,0.0,0.0,0.0,0.0,0.0,0.0,0.0,0.0,-0.0017963160268656,-0.0114943078637095,-0.0083941960408315,SPY
2015-07-22,-0.1569185103575552,-0.22309858349597028,0.14333866888851815,-0.33109489206590803,1.9410913985774685,1.9161696176744403,0.3287309458293522,0.462739942126353,-0.5376601237959435,-0.013884887465126573,0.0,0.0,0.0,0.0,0.0,0.0,0.0,0.0,0.0,0.0,0.0,0.0,0.0,0.0,0.0,0.0,0.0,0.0,0.0,0.0,0.0,0.0,0.0,0.0,0.0,0.0,0.0,0.0,-0.0056457764992572,-0.0028425699854501,-0.0145346396205416,SPY
2015-07-23,-0.45082851514875316,-0.3532893707637385,0.08743945343305992,-0.33985876983454133,1.9545560889242606,1.9157602322545548,0.12023791225821472,0.21808212936823693,-0.4898710743048598,0.7001950393128141,0.0,0.0,0.0,0.0,0.0,0.0,0.0,0.0,0.0,0.0,0.0,0.0,0.0,0.0,0.0,0.0,0.0,0.0,0.0,0.0,0.0,0.0,0.0,0.0,0.0,0.0,0.0,0.0,-0.010426262365307,0.003040619287427,-0.0299914849115578,SPY
2015-07-24,-0.815823203072391,-0.4481827412893115,-0.4332176253862343,-0.30028939284156503,1.9558820426081838,1.9133805703250422,-0.2505285164407692,-0.11365589216212059,0.254570834133883,1.414274966090755,0.0,0.0,0.0,0.0,0.0,0.0,0.0,0.0,0.0,0.0,0.0,0.0,0.0,0.0,0.0,0.0,0.0,0.0,0.0,0.0,0.0,0.0,0.0,0.0,0.0,0.0,0.0,0.0,-0.0058345226144274,0.0119475547105576,-0.0501300054929343,SPY
2015-07-27,-0.4652394623482002,-0.9336999896752988,-0.863622369251897,-0.28920812407421814,1.9482823563157838,1.909503974315684,-0.4388807984364305,-0.5587754244905171,0.677677604084677,-1.4420447410210082,0.0,0.0,0.0,0.0,0.0,0.0,0.0,0.0,0.0,0.0,0.0,0.0,0.0,0.0,0.0,0.0,0.0,0.0,0.0,0.0,0.0,0.0,0.0,0.0,0.0,0.0,0.0,0.0,0.0122085696421478,0.0144034858880122,-0.0873144748310057,SPY
2015-07-28,0.9123679633187424,-0.9443187688527231,-1.1061390716302735,-0.42060077821792935,1.9448397328264915,1.9145064093434407,-0.02201432398381029,0.5623749375809609,0.4231574082361386,-0.7279648142430675,0.0,0.0,0.0,0.0,0.0,0.0,0.0,0.0,0.0,0.0,0.0,0.0,0.0,0.0,0.0,0.0,0.0,0.0,0.0,0.0,0.0,0.0,0.0,0.0,0.0,0.0,0.0,0.0,0.0068554218513936,0.0002390457347436,-0.1113606334968517,SPY
2015-07-29,0.5036499873549398,0.3291076144593297,-0.4888959241174624,-0.40589432338056813,1.9452476721500662,1.9208008644768613,0.189774512208479,0.6964835429381698,-0.0850198075762853,-0.013884887465126573,0.0,0.0,0.0,0.0,0.0,0.0,0.0,0.0,0.0,0.0,0.0,0.0,0.0,0.0,0.0,0.0,0.0,0.0,0.0,0.0,0.0,0.0,0.0,0.0,0.0,0.0,0.0,0.0,0.0002374127736199,-0.0033266776016445,-0.0805408401622154,SPY
2015-07-30,-0.0016413628763317137,1.0430386955567796,-0.1585925673150948,-0.42786608943511706,1.9414736646967727,1.9250483459289143,0.1689870461439212,0.348677586130536,-0.4791702014675726,0.7001950393128141,0.0,0.0,0.0,0.0,0.0,0.0,0.0,0.0,0.0,0.0,0.0,0.0,0.0,0.0,0.0,0.0,0.0,0.0,0.0,0.0,0.0,0.0,0.0,0.0,0.0,0.0,0.0,0.0,-0.0015193269421764,-0.0117854750668842,-0.0563442124259818,SPY
2015-07-31,-0.1357701276706864,0.3695463104518238,0.06601400224107123,-0.42676160188639284,1.9364244464388847,1.9291295531298103,0.08381637325760992,-0.16692985951525888,-0.1310348991667086,1.414274966090755,0.0,0.0,0.0,0.0,0.0,0.0,0.0,0.0,0.0,0.0,0.0,0.0,0.0,0.0,0.0,0.0,0.0,0.0,0.0,0.0,0.0,0.0,0.0,0.0,0.0,0.0,0.0,0.0,-0.0033785914369728,-0.0121878365268317,-0.0547746397088708,SPY
2015-08-03,-0.27772675782520023,-0.10161362852322219,0.4060602115090106,-0.42488954255543204,1.9292839994532793,1.9330572262413934,-0.06919673114059939,-0.5544471845709874,0.1579920951725448,-1.4420447410210082,0.0,0.0,0.0,0.0,0.0,0.0,0.0,0.0,0.0,0.0,0.0,0.0,0.0,0.0,0.0,0.0,0.0,0.0,0.0,0.0,0.0,0.0,0.0,0.0,0.0,0.0,0.0,0.0,-0.0019558705111206,0.0037110685619126,-0.0595079962607787,SPY
2015-08-04,-0.1691006484956589,-0.3050485452224009,0.4998219878600121,-0.43720341697929643,1.9232403043261175,1.9347972481989955,-0.1537943181602973,-0.6287323282183822,-0.723325560453487,-0.7279648142430675,0.0,0.0,0.0,0.0,0.0,0.0,0.0,0.0,0.0,0.0,0.0,0.0,0.0,0.0,0.0,0.0,0.0,0.0,0.0,0.0,0.0,0.0,0.0,0.0,0.0,0.0,0.0,0.0,0.0032896985150054,-0.0033972167440028,-0.0878543113387673,SPY
2015-08-05,0.23140358545050932,-0.3296083077148135,-0.04094360116776339,-0.5928254068171557,1.9199251647770246,1.9418849705575323,-0.08073021870020698,-0.906145088984342,-0.6175516755126875,-0.013884887465126573,0.0,0.0,0.0,0.0,0.0,0.0,0.0,0.0,0.0,0.0,0.0,0.0,0.0,0.0,0.0,0.0,0.0,0.0,0.0,0.0,0.0,0.0,0.0,0.0,0.0,0.0,0.0,0.0,-0.0082213846916197,-0.005489613769738,-0.0723410683788232,SPY
2015-08-06,-0.6474786747196094,0.04554695536057051,-0.177074677260244,-0.5466636811310694,1.9152584447650614,1.946298796133657,-0.4149814262600004,-1.271376429102793,0.253117251468346,0.7001950393128141,0.0,0.0,0.0,0.0,0.0,0.0,0.0,0.0,0.0,0.0,0.0,0.0,0.0,0.0,0.0,0.0,0.0,0.0,0.0,0.0,0.0,0.0,0.0,0.0,0.0,0.0,0.0,0.0,-0.001921688402124,0.0014868337128968,-0.0634034244277366,SPY
2015-08-07,-0.1664908116390351,-0.3069483076851388,-0.5000120150060955,-0.6226324944727356,1.9151310072501857,1.9469000758742125,-0.4897328865115495,-1.3648459227154126,0.2946356048694762,1.414274966090755,0.0,0.0,0.0,0.0,0.0,0.0,0.0,0.0,0.0,0.0,0.0,0.0,0.0,0.0,0.0,0.0,0.0,0.0,0.0,0.0,0.0,0.0,0.0,0.0,0.0,0.0,0.0,0.0,0.0125203136517715,0.0070442918551059,-0.0767340665335885,SPY
2015-08-10,0.9361699179093306,-0.600138802394103,-0.515373245632664,-0.6024153199922054,1.9247706687124089,1.947923504487466,-0.034139233322515186,-0.5714393775844613,-0.774607710569383,-1.4420447410210082,0.0,0.0,0.0,0.0,0.0,0.0,0.0,0.0,0.0,0.0,0.0,0.0,0.0,0.0,0.0,0.0,0.0,0.0,0.0,0.0,0.0,0.0,0.0,0.0,0.0,0.0,0.0,0.0,-0.0090641558170361,9.509666064033696e-05,-0.064433834624765,SPY
2015-08-11,-0.7118250596962881,0.5667806559201879,0.09161020603785783,-0.5698553370721671,1.9230874257335902,1.9453519249463103,-0.3519829576835805,-0.8231651886886715,0.5149080268976283,-0.7279648142430675,0.0,0.0,0.0,0.0,0.0,0.0,0.0,0.0,0.0,0.0,0.0,0.0,0.0,0.0,0.0,0.0,0.0,0.0,0.0,0.0,0.0,0.0,0.0,0.0,0.0,0.0,0.0,0.0,0.0011973014892703,0.0062582828321371,-0.0688318591125787,SPY
2015-08-12,0.07164706261581237,0.16494836288174172,-0.1797676986895518,-0.5684235286086547,1.9183695450143803,1.9431896842430934,-0.2929752833492559,-0.5784111689975421,1.7483658765659538,-0.013884887465126573,0.0,0.0,0.0,0.0,0.0,0.0,0.0,0.0,0.0,0.0,0.0,0.0,0.0,0.0,0.0,0.0,0.0,0.0,0.0,0.0,0.0,0.0,0.0,0.0,0.0,0.0,0.0,0.0,-0.0012449372089848,-0.0028757782637089,-0.064602238792256,SPY
2015-08-13,-0.11482020796755069,-0.4720796663761403,-0.25965058130673424,-0.6090256662770623,1.9128611803003455,1.9385328406621287,-0.3069292650776742,-0.19871289427502808,-0.5860695798811721,0.7001950393128141,0.0,0.0,0.0,0.0,0.0,0.0,0.0,0.0,0.0,0.0,0.0,0.0,0.0,0.0,0.0,0.0,0.0,0.0,0.0,0.0,0.0,0.0,0.0,0.0,0.0,0.0,0.0,0.0,0.003635769740085,-0.0227334628449975,-0.0588232807887827,SPY
2015-08-14,0.25782645591527553,-0.032173628235567284,0.006694060023673319,-0.5995598701176205,1.9101071836446242,1.9346180707491927,-0.1454807546540461,0.24122568519990653,-1.0512400955960015,1.414274966090755,0.0,0.0,0.0,0.0,0.0,0.0,0.0,0.0,0.0,0.0,0.0,0.0,0.0,0.0,0.0,0.0,0.0,0.0,0.0,0.0,0.0,0.0,0.0,0.0,0.0,0.0,0.0,0.0,0.0055711184573059,-0.0569340155317661,-0.066176157141343,SPY
2015-08-17,0.4055921895370672,0.10501359738349052,0.2188649678216359,-0.5793464221068589,1.9121473445157433,1.9320593245337663,0.07938323715824852,-0.031550403900710594,-0.8887093291038496,-1.4420447410210082,0.0,0.0,0.0,0.0,0.0,0.0,0.0,0.0,0.0,0.0,0.0,0.0,0.0,0.0,0.0,0.0,0.0,0.0,0.0,0.0,0.0,0.0,0.0,0.0,0.0,0.0,0.0,0.0,-0.0029009696455393,-0.1055241259415709,-0.0593255456340378,SPY
2015-08-18,-0.24125987525415088,0.4884820990591276,-0.046439244130361594,-0.5827778280355252,1.9136771982234686,1.929794789880266,-0.012934606834537088,-0.5470423145817274,-1.1183321625184652,-0.7279648142430675,0.0,0.0,0.0,0.0,0.0,0.0,0.0,0.0,0.0,0.0,0.0,0.0,0.0,0.0,0.0,0.0,0.0,0.0,0.0,0.0,0.0,0.0,0.0,0.0,0.0,0.0,0.0,0.0,-0.0079367596065758,-0.1144607453197297,-0.0477950697084557,SPY
2015-08-19,-0.6257472760706514,0.12072781699740981,0.1888569599026794,-0.5545450746253029,1.9092144710859553,1.9258927368381993,-0.2801259408139051,-0.9168098500387876,1.7204417255870674,-0.013884887465126573,0.0,0.0,0.0,0.0,0.0,0.0,0.0,0.0,0.0,0.0,0.0,0.0,0.0,0.0,0.0,0.0,0.0,0.0,0.0,0.0,0.0,0.0,0.0,0.0,0.0,0.0,0.0,0.0,-0.0211026217902734,-0.0688487705271239,-0.0421088589735827,SPY
2015-08-20,-1.6309735006918684,-0.6392198735109107,-0.1598603826299891,-0.37386994395997813,1.8980447237893854,1.917947790244647,-0.9976149099288536,-1.4997826219425672,2.1568148707321835,0.7001950393128141,0.0,0.0,0.0,0.0,0.0,0.0,0.0,0.0,0.0,0.0,0.0,0.0,0.0,0.0,0.0,0.0,0.0,0.0,0.0,0.0,0.0,0.0,0.0,0.0,0.0,0.0,0.0,0.0,-0.0305647829466835,-0.0233121082269969,-0.0374828555563322,SPY
2015-08-21,-2.3534185941695474,-1.663237372440833,-0.917980886026681,-0.08866646288752829,1.8722371646293055,1.904936544777328,-2.002115506120891,-1.9613540983218467,4.5474650605821045,1.414274966090755,0.0,0.0,0.0,0.0,0.0,0.0,0.0,0.0,0.0,0.0,0.0,0.0,0.0,0.0,0.0,0.0,0.0,0.0,0.0,0.0,0.0,0.0,0.0,0.0,0.0,0.0,0.0,0.0,-0.0430189919524988,0.0073029204946211,-0.0017635232584805,SPY
2015-08-24,-3.304309415057911,-2.9362807029150235,-2.2236789452943526,0.36670376741992694,1.8185056086303957,1.8828162233396182,-3.3443022650627547,-2.3433469453117337,5.057694065705545,-1.4420447410210082,0.0,0.0,0.0,0.0,0.0,0.0,0.0,0.0,0.0,0.0,0.0,0.0,0.0,0.0,0.0,0.0,0.0,0.0,0.0,0.0,0.0,0.0,0.0,0.0,0.0,0.0,0.0,0.0,-0.0118375890236981,0.0422099644582392,0.0281905654541043,SPY
2015-08-25,-0.9235793491361441,-4.169286716912348,-4.078737062124992,0.30249946631426694,1.7639325472053877,1.854593178052353,-3.56413787416955,-2.528374723022557,2.8827097896480582,-0.7279648142430675,0.0,0.0,0.0,0.0,0.0,0.0,0.0,0.0,0.0,0.0,0.0,0.0,0.0,0.0,0.0,0.0,0.0,0.0,0.0,0.0,0.0,0.0,0.0,0.0,0.0,0.0,0.0,0.0,0.03767521518603,0.0237453678928281,0.0384279949336594,SPY
2015-08-26,2.8567708134064396,-3.115702452665257,-4.4199165361920905,0.6974171194809458,1.7270576085885565,1.8337266096528406,-2.1337657331702093,-1.4806449002138848,2.321559427608564,-0.013884887465126573,0.0,0.0,0.0,0.0,0.0,0.0,0.0,0.0,0.0,0.0,0.0,0.0,0.0,0.0,0.0,0.0,0.0,0.0,0.0,0.0,0.0,0.0,0.0,0.0,0.0,0.0,0.0,0.0,0.0244340405098535,0.0048730941817476,-0.0028691973532879,SPY
2015-08-27,1.8457944076406012,1.4241206092778038,-2.6785567543335946,0.8551883471640197,1.7031116585027959,1.8189497687403489,-1.1649193991019302,-0.9784854873383582,1.5175001995849051,0.7001950393128141,0.0,0.0,0.0,0.0,0.0,0.0,0.0,0.0,0.0,0.0,0.0,0.0,0.0,0.0,0.0,0.0,0.0,0.0,0.0,0.0,0.0,0.0,0.0,0.0,0.0,0.0,0.0,0.0,5.024577493450977e-05,-0.0188446870686389,-0.0275625873574734,SPY
2015-08-28,-0.015931743015291912,3.4647476392700263,-0.940072229380121,0.8564690227003665,1.67725307791144,1.8045952164463888,-1.0642697614479626,-1.2250793267385316,0.2645982334718236,1.414274966090755,0.0,0.0,0.0,0.0,0.0,0.0,0.0,0.0,0.0,0.0,0.0,0.0,0.0,0.0,0.0,0.0,0.0,0.0,0.0,0.0,0.0,0.0,0.0,0.0,0.0,0.0,0.0,0.0,-0.0081119479888807,-0.0341472633515493,-0.0530301896866882,SPY
2015-08-31,-0.6391230773425127,1.3479822617484305,0.22873881155097067,0.8619197161709867,1.6443051646164024,1.789089205064515,-1.2498049024971496,-1.2086961913333012,0.288483874600462,-1.4420447410210082,0.0,0.0,0.0,0.0,0.0,0.0,0.0,0.0,0.0,0.0,0.0,0.0,0.0,0.0,0.0,0.0,0.0,0.0,0.0,0.0,0.0,0.0,0.0,0.0,0.0,0.0,0.0,0.0,-0.0303021855891092,-0.0012147698020736,-0.0443335035204812,SPY
2015-09-01,-2.3333690336723416,-0.4830417286928823,1.561409074967519,0.9983186648967413,1.5978670734715983,1.7665593351701145,-2.1719668506868515,-1.524414162328027,1.257705004807751,-0.7279648142430675,0.0,0.0,0.0,0.0,0.0,0.0,0.0,0.0,0.0,0.0,0.0,0.0,0.0,0.0,0.0,0.0,0.0,0.0,0.0,0.0,0.0,0.0,0.0,0.0,0.0,0.0,0.0,0.0,0.0188029414749495,0.0156252354821857,0.0044549612842388,SPY
2015-09-02,1.4158545871908799,-2.190657092655455,0.8564734523936454,1.0845097490722455,1.5649445548288867,1.7478036508799268,-1.377557942852156,-1.1912076434782655,0.2114343255798537,-0.013884887465126573,0.0,0.0,0.0,0.0,0.0,0.0,0.0,0.0,0.0,0.0,0.0,0.0,0.0,0.0,0.0,0.0,0.0,0.0,0.0,0.0,0.0,0.0,0.0,0.0,0.0,0.0,0.0,0.0,0.0007162592594669,0.0022492158168292,-0.0117419788944577,SPY
2015-09-03,0.03491902628960818,-0.6764364288625556,0.13597365859764246,1.0833456349737443,1.5434723317167682,1.7314276052282802,-1.2381250736487683,-1.242593618031491,0.1195805329803235,0.7001950393128141,0.0,0.0,0.0,0.0,0.0,0.0,0.0,0.0,0.0,0.0,0.0,0.0,0.0,0.0,0.0,0.0,0.0,0.0,0.0,0.0,0.0,0.0,0.0,0.0,0.0,0.0,0.0,0.0,-0.0152523305079759,0.0060669773518506,0.002368910483355,SPY
2015-09-04,-1.1842981416014309,1.0686485811113369,-0.7695164143959945,1.10782147358848,1.5301096378072014,1.711776406344637,-1.6472692330390577,-1.4690406189317922,0.6916483376266416,1.414274966090755,0.0,0.0,0.0,0.0,0.0,0.0,0.0,0.0,0.0,0.0,0.0,0.0,0.0,0.0,0.0,0.0,0.0,0.0,0.0,0.0,0.0,0.0,0.0,0.0,0.0,0.0,0.0,0.0,0.0248205455605949,0.0176022012473513,0.0352596061006424,SPY
2015-09-08,1.8753044395346685,-0.8472870803347888,-1.3537334104599679,1.2041279759725563,1.5503323697443225,1.6949654716584517,-0.6339076885693521,-1.0653344123141217,-0.2916107623647988,-0.7279648142430675,0.0,0.0,0.0,0.0,0.0,0.0,0.0,0.0,0.0,0.0,0.0,0.0,0.0,0.0,0.0,0.0,0.0,0.0,0.0,0.0,0.0,0.0,0.0,0.0,0.0,0.0,0.0,0.0,-0.0134621803048498,0.0052033856513675,0.0070072096561091,SPY
2015-09-09,-1.047618454005919,0.5088102000273595,-0.09644691839017171,1.2161771199772573,1.5695094641049225,1.6772077822397802,-0.9975741608190296,-1.1079860631664338,0.0648071053687719,-0.013884887465126573,0.0,0.0,0.0,0.0,0.0,0.0,0.0,0.0,0.0,0.0,0.0,0.0,0.0,0.0,0.0,0.0,0.0,0.0,0.0,0.0,0.0,0.0,0.0,0.0,0.0,0.0,0.0,0.0,0.005426921809593,0.0272950722362601,0.0286264085953771,SPY
2015-09-10,0.3945826369714209,0.6095233176684098,0.546465563729491,1.2258496297223915,1.5730540376061153,1.6604863780510648,-0.6809201872007892,-0.8303746340408074,0.1525643922257324,0.7001950393128141,0.0,0.0,0.0,0.0,0.0,0.0,0.0,0.0,0.0,0.0,0.0,0.0,0.0,0.0,0.0,0.0,0.0,0.0,0.0,0.0,0.0,0.0,0.0,0.0,0.0,0.0,0.0,0.0,0.0045340207944883,0.0196176015549642,0.0321856009151719,SPY
2015-09-11,0.3264087867631492,-0.481554015903988,0.03580004677897072,1.235219009634894,1.566602124603433,1.645236171417816,-0.4046606614640018,-0.4133589600416227,-0.2693993446728103,1.414274966090755,0.0,0.0,0.0,0.0,0.0,0.0,0.0,0.0,0.0,0.0,0.0,0.0,0.0,0.0,0.0,0.0,0.0,0.0,0.0,0.0,0.0,0.0,0.0,0.0,0.0,0.0,0.0,0.0,-0.0037171066124752,-0.001393037612547,0.028247984901033,SPY
2015-09-14,-0.30357271664653873,0.5309048913120596,0.18155335879935597,1.2274481539236055,1.5582632078741039,1.6280797384487289,-0.4168633121832192,0.1837117532589785,-0.688250360484599,-1.4420447410210082,0.0,0.0,0.0,0.0,0.0,0.0,0.0,0.0,0.0,0.0,0.0,0.0,0.0,0.0,0.0,0.0,0.0,0.0,0.0,0.0,0.0,0.0,0.0,0.0,0.0,0.0,0.0,0.0,0.0124217299646112,0.0074786183510964,0.0329081929194208,SPY
2015-09-15,0.9286429586968837,0.016465595337518714,0.6219415475960911,1.2558206659809943,1.5602778348169233,1.6125609170320967,0.1576855473541673,0.5551560669267743,-0.3131013263432421,-0.7279648142430675,0.0,0.0,0.0,0.0,0.0,0.0,0.0,0.0,0.0,0.0,0.0,0.0,0.0,0.0,0.0,0.0,0.0,0.0,0.0,0.0,0.0,0.0,0.0,0.0,0.0,0.0,0.0,0.0,0.0086295062800427,-0.0180080148534287,0.014164136106844,SPY
2015-09-16,0.6391030376366323,0.4602248844640585,0.14858342355744136,1.2774297415856752,1.5817246168513905,1.6000231071584512,0.5755041431203274,0.19248732662068152,-0.4740873734238065,-0.013884887465126573,0.0,0.0,0.0,0.0,0.0,0.0,0.0,0.0,0.0,0.0,0.0,0.0,0.0,0.0,0.0,0.0,0.0,0.0,0.0,0.0,0.0,0.0,0.0,0.0,0.0,0.0,0.0,0.0,-0.0022505488717028,-0.0282376806776145,0.0007295508258895,SPY
2015-09-17,-0.19159962438896588,1.1548402717881148,0.9919929603572198,1.2719739118661986,1.5927413927047849,1.5890332851759028,0.5730964806990289,-0.29081050671933917,1.3845819922950924,0.7001950393128141,0.0,0.0,0.0,0.0,0.0,0.0,0.0,0.0,0.0,0.0,0.0,0.0,0.0,0.0,0.0,0.0,0.0,0.0,0.0,0.0,0.0,0.0,0.0,0.0,0.0,0.0,0.0,0.0,-0.0164766183730229,-0.0296091089068291,0.0182179235844142,SPY
2015-09-18,-1.2777736961271833,0.3293838704629491,0.6988848734656669,1.2456178490117629,1.5950776542935274,1.5794330258909557,0.02683806527227441,-0.6110315234535881,0.7974963340654151,1.414274966090755,0.0,0.0,0.0,0.0,0.0,0.0,0.0,0.0,0.0,0.0,0.0,0.0,0.0,0.0,0.0,0.0,0.0,0.0,0.0,0.0,0.0,0.0,0.0,0.0,0.0,0.0,0.0,0.0,0.0051545493511682,-0.013391840028138,0.0392307776301548,SPY
2015-09-21,0.37378673813448915,-1.0830764254829317,-0.10325277139192941,1.0988479278073062,1.6075514425210067,1.578987073644581,0.2226167287693407,-0.35857118063655896,-0.4624626725265808,-1.4420447410210082,0.0,0.0,0.0,0.0,0.0,0.0,0.0,0.0,0.0,0.0,0.0,0.0,0.0,0.0,0.0,0.0,0.0,0.0,0.0,0.0,0.0,0.0,0.0,0.0,0.0,0.0,0.0,0.0,-0.0130649032399139,-0.0439637459335866,0.0345677461321471,SPY
2015-09-22,-1.017285968480694,-0.6664686306949957,0.23544654964860798,0.76680247853288,1.6011457227158838,1.5859188862346305,-0.3143390326224152,0.005090945854174109,0.0430934777656673,-0.7279648142430675,0.0,0.0,0.0,0.0,0.0,0.0,0.0,0.0,0.0,0.0,0.0,0.0,0.0,0.0,0.0,0.0,0.0,0.0,0.0,0.0,0.0,0.0,0.0,0.0,0.0,0.0,0.0,0.0,-0.001600159544143,-0.0303141045163464,0.046353468928074,SPY
2015-09-23,-0.1419417744772137,-0.4745269338706011,-0.7375742028870621,0.7308345192721891,1.6006777090228188,1.5953049850293994,-0.4421284712098559,-0.439879256404996,-0.5912025418458943,-0.013884887465126573,0.0,0.0,0.0,0.0,0.0,0.0,0.0,0.0,0.0,0.0,0.0,0.0,0.0,0.0,0.0,0.0,0.0,0.0,0.0,0.0,0.0,0.0,0.0,0.0,0.0,0.0,0.0,0.0,-0.0036219771009173,-0.0102276657565925,0.041730837375435,SPY
2015-09-24,-0.29630948705935556,-0.8545440913228386,-1.1281192018503008,0.42784383262694375,1.595712334900401,1.594592188113535,-0.5698719629903564,-0.5401648215926192,0.1257934405882687,0.7001950393128141,0.0,0.0,0.0,0.0,0.0,0.0,0.0,0.0,0.0,0.0,0.0,0.0,0.0,0.0,0.0,0.0,0.0,0.0,0.0,0.0,0.0,0.0,0.0,0.0,0.0,0.0,0.0,0.0,-0.0002593494943319,-0.0039996873594221,0.0621053102813426,SPY
2015-09-25,-0.039569639215558707,-0.3232889321458337,-1.180477162077159,0.26451258220664975,1.588349092784053,1.5876613071623769,-0.5287822874786403,-0.16701721288009697,0.0760535910069479,1.414274966090755,0.0,0.0,0.0,0.0,0.0,0.0,0.0,0.0,0.0,0.0,0.0,0.0,0.0,0.0,0.0,0.0,0.0,0.0,0.0,0.0,0.0,0.0,0.0,0.0,0.0,0.0,0.0,0.0,-0.0254173565542803,0.0110868107721895,0.0732667899609547,SPY
2015-09-28,-1.9604076445822043,-0.24785550759569516,-0.5613393166902031,0.40529162477248565,1.5704405239813655,1.5744932901605955,-1.3553481802052871,-1.495951160682663,0.3146254906269504,-1.4420447410210082,0.0,0.0,0.0,0.0,0.0,0.0,0.0,0.0,0.0,0.0,0.0,0.0,0.0,0.0,0.0,0.0,0.0,0.0,0.0,0.0,0.0,0.0,0.0,0.0,0.0,0.0,0.0,0.0,0.0005847381773262,0.0541425324357813,0.0962234949040041,SPY
2015-09-29,0.02487726533132488,-1.4740546338392069,-1.7285040281628727,0.39952329929743247,1.546566068894843,1.5635265029496384,-1.25559452898304,-1.2170315548347521,0.098479218891776,-0.7279648142430675,0.0,0.0,0.0,0.0,0.0,0.0,0.0,0.0,0.0,0.0,0.0,0.0,0.0,0.0,0.0,0.0,0.0,0.0,0.0,0.0,0.0,0.0,0.0,0.0,0.0,0.0,0.0,0.0,0.0184862792156108,0.0501259433745167,0.0937043682007718,SPY
2015-09-30,1.3916771195101671,-1.426566606953742,-1.2073922651039908,0.2755672093154021,1.527302809132564,1.564621947249203,-0.5927379930593382,-0.7826297755074908,0.1477425832787353,-0.013884887465126573,0.0,0.0,0.0,0.0,0.0,0.0,0.0,0.0,0.0,0.0,0.0,0.0,0.0,0.0,0.0,0.0,0.0,0.0,0.0,0.0,0.0,0.0,0.0,0.0,0.0,0.0,0.0,0.0,0.0026060012962529,0.039796682793324,0.0865286254682109,SPY
2015-10-01,0.17920264605121936,1.043433969780768,-0.44053845585674584,0.17819682206123236,1.5104689401593339,1.5617035884216683,-0.4757215904721185,-0.8444327944141885,-0.194231799668126,0.7001950393128141,0.0,0.0,0.0,0.0,0.0,0.0,0.0,0.0,0.0,0.0,0.0,0.0,0.0,0.0,0.0,0.0,0.0,0.0,0.0,0.0,0.0,0.0,0.0,0.0,0.0,0.0,0.0,0.0,0.0148271486372797,0.0461767956264589,0.0833482354174108,SPY
2015-10-02,1.1122989849580405,1.1571494054601288,-0.20276863439148024,0.24123937728132935,1.5093154101294173,1.562296949231647,0.06860512791826272,-0.3395957239104679,0.6495004442375691,1.414274966090755,0.0,0.0,0.0,0.0,0.0,0.0,0.0,0.0,0.0,0.0,0.0,0.0,0.0,0.0,0.0,0.0,0.0,0.0,0.0,0.0,0.0,0.0,0.0,0.0,0.0,0.0,0.0,0.0,0.0176383651093114,0.0319460517695286,0.0642020563633716,SPY
2015-10-05,1.3269380630028142,0.9512882169655088,0.37319899724306566,0.24577590506432856,1.5144676926069867,1.5711397162249106,0.6649346474356707,-0.21281357671751547,-0.2555709413157009,-1.4420447410210082,0.0,0.0,0.0,0.0,0.0,0.0,0.0,0.0,0.0,0.0,0.0,0.0,0.0,0.0,0.0,0.0,0.0,0.0,0.0,0.0,0.0,0.0,0.0,0.0,0.0,0.0,0.0,0.0,-0.0034318508839383,0.0152507880661296,0.0583250248687052,SPY
2015-10-06,-0.28179316776110513,1.7970028516837795,2.0169669424982373,0.08980616036838854,1.5244137612088018,1.5729158624805284,0.5217695786316314,-0.5134666945478736,-0.428083876822944,-0.7279648142430675,0.0,0.0,0.0,0.0,0.0,0.0,0.0,0.0,0.0,0.0,0.0,0.0,0.0,0.0,0.0,0.0,0.0,0.0,0.0,0.0,0.0,0.0,0.0,0.0,0.0,0.0,0.0,0.0,0.0081570186344182,0.0123603121021025,0.0646520105075412,SPY
2015-10-07,0.6030281520298705,0.7697590128276587,1.8636228550444136,0.04292196011321123,1.5393072373325767,1.5801529265533683,0.7758837667212259,-0.25301075394073336,-0.2869240205982695,-0.013884887465126573,0.0,0.0,0.0,0.0,0.0,0.0,0.0,0.0,0.0,0.0,0.0,0.0,0.0,0.0,0.0,0.0,0.0,0.0,0.0,0.0,0.0,0.0,0.0,0.0,0.0,0.0,0.0,0.0,0.0089861141293878,-0.0006017855332274,0.05345746726179,SPY
2015-10-08,0.6663303894853657,0.23634234128022494,1.4692755584362176,0.05545343588993453,1.560609079504952,1.5883487169184496,1.0561991680816234,0.4056351331437284,0.012316789114017996,0.7001950393128141,0.0,0.0,0.0,0.0,0.0,0.0,0.0,0.0,0.0,0.0,0.0,0.0,0.0,0.0,0.0,0.0,0.0,0.0,0.0,0.0,0.0,0.0,0.0,0.0,0.0,0.0,0.0,0.0,0.0005964047803495,0.0056499242242065,0.0434724186109862,SPY
2015-10-09,0.025768021678887778,0.9349719697134048,1.712853521062415,0.05289143360663673,1.5823468554713842,1.595560230794691,1.0240928048288414,0.31467137468145884,-0.4838429283988503,1.414274966090755,0.0,0.0,0.0,0.0,0.0,0.0,0.0,0.0,0.0,0.0,0.0,0.0,0.0,0.0,0.0,0.0,0.0,0.0,0.0,0.0,0.0,0.0,0.0,0.0,0.0,0.0,0.0,0.0,0.0009431014059124,0.0095897551165746,0.0423525035031433,SPY
2015-10-12,0.052238642071302674,0.5096149291736404,1.16955660986607,0.044474460475951126,1.6169783831478335,1.6039499185040593,0.9963966294418424,0.7993053908280462,-1.01824533193233,-1.4420447410210082,0.0,0.0,0.0,0.0,0.0,0.0,0.0,0.0,0.0,0.0,0.0,0.0,0.0,0.0,0.0,0.0,0.0,0.0,0.0,0.0,0.0,0.0,0.0,0.0,0.0,0.0,0.0,0.0,-0.0063223268479655,0.0091381715638227,0.0320342703531597,SPY
2015-10-13,-0.5024837841550108,0.057118325708024616,0.5321700267853938,0.022501733264805427,1.6480723475470416,1.6075718510224333,0.7282972599539229,0.6115835316116975,-0.6842658825339294,-0.7279648142430675,0.0,0.0,0.0,0.0,0.0,0.0,0.0,0.0,0.0,0.0,0.0,0.0,0.0,0.0,0.0,0.0,0.0,0.0,0.0,0.0,0.0,0.0,0.0,0.0,0.0,0.0,0.0,0.0,-0.0048050790009117,0.0141813179678011,0.040660439401492,SPY
2015-10-14,-0.3866404535908274,-0.3321266835613178,0.4218183347774999,0.009394680302070624,1.6677081705358703,1.6077587610750348,0.5450261547724672,0.563570640360522,-0.5708841991594303,-0.013884887465126573,0.0,0.0,0.0,0.0,0.0,0.0,0.0,0.0,0.0,0.0,0.0,0.0,0.0,0.0,0.0,0.0,0.0,0.0,0.0,0.0,0.0,0.0,0.0,0.0,0.0,0.0,0.0,0.0,0.0152378238868218,0.0127636058719309,0.0415259458782362,SPY
2015-10-15,1.1436544347480093,-0.6555169602674377,-0.0730445956989439,0.07489786627214064,1.6939062130976346,1.612456643349169,1.089061235203305,0.8416225173750231,-0.201952429008714,0.7001950393128141,0.0,0.0,0.0,0.0,0.0,0.0,0.0,0.0,0.0,0.0,0.0,0.0,0.0,0.0,0.0,0.0,0.0,0.0,0.0,0.0,0.0,0.0,0.0,0.0,0.0,0.0,0.0,0.0,0.0045362356727176,0.0142782777900993,0.0122303123755775,SPY
2015-10-16,0.32657789484352934,0.5574482945584144,0.16563123425465276,-0.023021541378307978,1.715105687430192,1.6225134289819094,1.186630426112467,1.9110738691877809,-0.4195530327227124,1.414274966090755,0.0,0.0,0.0,0.0,0.0,0.0,0.0,0.0,0.0,0.0,0.0,0.0,0.0,0.0,0.0,0.0,0.0,0.0,0.0,0.0,0.0,0.0,0.0,0.0,0.0,0.0,0.0,0.0,0.0004915178531605,0.0206441723026618,-0.0035979754145305,SPY
2015-10-19,0.017759804035468084,1.082986834287886,0.31604487221898986,-0.02599516153838738,1.727666337439213,1.6313997733843209,1.1380706563311094,1.9106650355950998,-0.8211464885817483,-1.4420447410210082,0.0,0.0,0.0,0.0,0.0,0.0,0.0,0.0,0.0,0.0,0.0,0.0,0.0,0.0,0.0,0.0,0.0,0.0,0.0,0.0,0.0,0.0,0.0,0.0,0.0,0.0,0.0,0.0,-0.0012791804439871,0.0176920028382703,0.011002981217457,SPY
2015-10-20,-0.11743471185342629,0.2533656931425384,0.29880445584836574,-0.09862647570934899,1.7413035442906595,1.6432311913594806,0.9997375888430146,1.6632720627669941,-0.7858427668318009,-0.7279648142430675,0.0,0.0,0.0,0.0,0.0,0.0,0.0,0.0,0.0,0.0,0.0,0.0,0.0,0.0,0.0,0.0,0.0,0.0,0.0,0.0,0.0,0.0,0.0,0.0,0.0,0.0,0.0,0.0,-0.006222791096782,0.0170367947563514,0.011552425250513,SPY
2015-10-21,-0.4948841339398567,-0.07380723707893969,0.49134013012783,-0.07930513048323598,1.7475582425162228,1.653840951256254,0.6834523422620231,1.2867568066056583,-0.5275293430116872,-0.013884887465126573,0.0,0.0,0.0,0.0,0.0,0.0,0.0,0.0,0.0,0.0,0.0,0.0,0.0,0.0,0.0,0.0,0.0,0.0,0.0,0.0,0.0,0.0,0.0,0.0,0.0,0.0,0.0,0.0,0.0167524958049902,0.0345701223361833,0.0335166361389482,SPY
2015-10-22,1.2593010906674003,-0.4515515101422054,0.4372151588406211,-0.02549672205138008,1.757939966360149,1.6697361780760116,1.2035589704757048,1.3286379002554947,0.2418848423823519,0.7001950393128141,0.0,0.0,0.0,0.0,0.0,0.0,0.0,0.0,0.0,0.0,0.0,0.0,0.0,0.0,0.0,0.0,0.0,0.0,0.0,0.0,0.0,0.0,0.0,0.0,0.0,0.0,0.0,0.0,0.01090213018528,0.017243237776646,0.0159014813465327,SPY
2015-10-23,0.8126200558440961,0.5629032144710123,0.495041832055316,-0.011460841713558479,1.7737816797303139,1.6885893117942479,1.4816442386433908,1.2304266543773952,-0.0952877768239946,1.414274966090755,0.0,0.0,0.0,0.0,0.0,0.0,0.0,0.0,0.0,0.0,0.0,0.0,0.0,0.0,0.0,0.0,0.0,0.0,0.0,0.0,0.0,0.0,0.0,0.0,0.0,0.0,0.0,0.0,-0.0024606516112308,0.0020220771746064,0.0086368587764544,SPY
2015-10-26,-0.20764117037292898,1.5263442758200731,0.7380769720626081,-0.31347052871443626,1.7878291471715442,1.7130109210397257,1.2032949712391692,1.2752940229576684,-0.8977595976994932,-1.4420447410210082,0.0,0.0,0.0,0.0,0.0,0.0,0.0,0.0,0.0,0.0,0.0,0.0,0.0,0.0,0.0,0.0,0.0,0.0,0.0,0.0,0.0,0.0,0.0,0.0,0.0,0.0,0.0,0.0,-0.0019343885259059,0.0162440624004824,0.0099500337275175,SPY
2015-10-27,-0.167460478289299,0.4454204669655749,0.6253699647932041,-0.30228472938817885,1.80410684076109,1.7367766565056084,0.9527279683184656,1.0141818947810033,-0.7922482210356117,-0.7279648142430675,0.0,0.0,0.0,0.0,0.0,0.0,0.0,0.0,0.0,0.0,0.0,0.0,0.0,0.0,0.0,0.0,0.0,0.0,0.0,0.0,0.0,0.0,0.0,0.0,0.0,0.0,0.0,0.0,0.0113105364830499,0.021073585681286,0.0132231900954735,SPY
2015-10-28,0.8438022689867425,-0.2767568211768506,0.6003556345040629,-0.36479420385385875,1.8288692265978919,1.7590506517784659,1.221188422157296,1.0707784302425807,-0.1836193536697857,-0.013884887465126573,0.0,0.0,0.0,0.0,0.0,0.0,0.0,0.0,0.0,0.0,0.0,0.0,0.0,0.0,0.0,0.0,0.0,0.0,0.0,0.0,0.0,0.0,0.0,0.0,0.0,0.0,0.0,0.0,-0.000574388754547,0.0067255245869031,0.001769210287172,SPY
2015-10-29,-0.0636231893541601,0.4980045838573985,1.2697375595028277,-0.35596144318145223,1.845480021888433,1.7805272806150858,1.0408237337129087,1.0270313956420847,-0.6722421555598329,0.7001950393128141,0.0,0.0,0.0,0.0,0.0,0.0,0.0,0.0,0.0,0.0,0.0,0.0,0.0,0.0,0.0,0.0,0.0,0.0,0.0,0.0,0.0,0.0,0.0,0.0,0.0,0.0,0.0,0.0,-0.0043190304167595,0.0063009788200343,0.0034895328536004,SPY
2015-10-30,-0.34953017730107633,0.5745176142866234,0.6082371518999002,-0.38193223049364317,1.8574254435014126,1.7971556373695154,0.754820423009585,0.7816650837604605,-0.2394404650185668,1.414274966090755,0.0,0.0,0.0,0.0,0.0,0.0,0.0,0.0,0.0,0.0,0.0,0.0,0.0,0.0,0.0,0.0,0.0,0.0,0.0,0.0,0.0,0.0,0.0,0.0,0.0,0.0,0.0,0.0,0.0117613336146451,0.0100964989093004,0.0036483338488366,SPY
2015-11-02,0.8782210630118407,-0.3047954216308877,0.027128418368423324,-0.44379195354169243,1.8754205955336969,1.8124850798904837,1.0916885916749628,1.3230443835621675,-0.7129969648880723,-1.4420447410210082,0.0,0.0,0.0,0.0,0.0,0.0,0.0,0.0,0.0,0.0,0.0,0.0,0.0,0.0,0.0,0.0,0.0,0.0,0.0,0.0,0.0,0.0,0.0,0.0,0.0,0.0,0.0,0.0,0.0028951347548975,-0.0110399664494158,0.0013774827864789,SPY
2015-11-03,0.20127826335525512,0.3892072693088212,0.5700909452735499,-0.46373601460782976,1.8956458344383234,1.829473421912577,1.0786839939806792,1.6166436519384257,-0.6209527359548118,-0.7279648142430675,0.0,0.0,0.0,0.0,0.0,0.0,0.0,0.0,0.0,0.0,0.0,0.0,0.0,0.0,0.0,0.0,0.0,0.0,0.0,0.0,0.0,0.0,0.0,0.0,0.0,0.0,0.0,0.0,-0.0030375246113329,-0.0116312590039466,-0.0117750720347498,SPY
2015-11-04,-0.25168597806479326,0.7950732487927169,0.7544709824234438,-0.45955319255806976,1.9174604907415982,1.8435554465398094,0.8606297190138873,1.1984607446396813,-0.6033111955915923,-0.013884887465126573,0.0,0.0,0.0,0.0,0.0,0.0,0.0,0.0,0.0,0.0,0.0,0.0,0.0,0.0,0.0,0.0,0.0,0.0,0.0,0.0,0.0,0.0,0.0,0.0,0.0,0.0,0.0,0.0,-0.0009989345214158,-0.0125333069167812,-0.0228391387843025,SPY
2015-11-05,-0.09603766646579788,-0.03750445718046689,0.2066951702378829,-0.47454638336464106,1.9299956068223205,1.855052522607792,0.7398897925784519,1.0420175648232837,-0.7728556720123668,0.7001950393128141,0.0,0.0,0.0,0.0,0.0,0.0,0.0,0.0,0.0,0.0,0.0,0.0,0.0,0.0,0.0,0.0,0.0,0.0,0.0,0.0,0.0,0.0,0.0,0.0,0.0,0.0,0.0,0.0,-0.0005235103274934,-0.0255921820112021,-0.0025251675778878,SPY
2015-11-06,-0.0597385725756946,-0.2565832006528801,0.19048699404412928,-0.47227249536660154,1.9364810853343846,1.8662537800367602,0.6398160024997899,0.9989776506611977,-0.4363766971192422,1.414274966090755,0.0,0.0,0.0,0.0,0.0,0.0,0.0,0.0,0.0,0.0,0.0,0.0,0.0,0.0,0.0,0.0,0.0,0.0,0.0,0.0,0.0,0.0,0.0,0.0,0.0,0.0,0.0,0.0,-0.0093751317440711,-0.0363607238010992,-0.0080789369055018,SPY
2015-11-09,-0.7355683704434224,-0.11514578614013639,0.33539117906870325,-0.41380783199702076,1.9392497059672227,1.8746901894365366,0.2269786809179232,0.5590259260151654,-0.2290816631867291,-1.4420447410210082,0.0,0.0,0.0,0.0,0.0,0.0,0.0,0.0,0.0,0.0,0.0,0.0,0.0,0.0,0.0,0.0,0.0,0.0,0.0,0.0,0.0,0.0,0.0,0.0,0.0,0.0,0.0,0.0,0.0023038422003667,-0.0118931175718799,-0.0054455149569729,SPY
2015-11-10,0.15613250883158905,-0.5863872131426161,-0.4715502189669804,-0.4441531291991265,1.9442740402513499,1.8853771356154678,0.2378975171159089,0.9314827903160124,-0.8206323943883351,-0.7279648142430675,0.0,0.0,0.0,0.0,0.0,0.0,0.0,0.0,0.0,0.0,0.0,0.0,0.0,0.0,0.0,0.0,0.0,0.0,0.0,0.0,0.0,0.0,0.0,0.0,0.0,0.0,0.0,0.0,-0.0039395725241675,-0.0149266961831777,-0.0155594125598188,SPY
2015-11-11,-0.32055820270109214,-0.42732151728433,-0.4941244021382652,-0.44936067983947486,1.9411722714921922,1.8962439812643417,0.014555844221905511,0.21796792797009323,-0.9054918172296612,-0.013884887465126573,0.0,0.0,0.0,0.0,0.0,0.0,0.0,0.0,0.0,0.0,0.0,0.0,0.0,0.0,0.0,0.0,0.0,0.0,0.0,0.0,0.0,0.0,0.0,0.0,0.0,0.0,0.0,0.0,-0.0140578096158368,0.0047542961326429,-0.0090420194537248,SPY
2015-11-12,-1.093095324050828,-0.12151918058483499,-0.5285625066900158,-0.42884647281430177,1.9309443547472762,1.8994461871711357,-0.5271632304192162,-0.9138660938403501,-0.3221784292116348,0.7001950393128141,0.0,0.0,0.0,0.0,0.0,0.0,0.0,0.0,0.0,0.0,0.0,0.0,0.0,0.0,0.0,0.0,0.0,0.0,0.0,0.0,0.0,0.0,0.0,0.0,0.0,0.0,0.0,0.0,-0.0112920521173904,0.0179494467610545,-0.0145561377986647,SPY
2015-11-13,-0.8819270823063835,-1.0420190142242878,-1.027120176888162,-0.37787777136031203,1.9171275283165747,1.898507328078255,-0.932693960377155,-1.1930456683390513,0.0313230156448364,1.414274966090755,0.0,0.0,0.0,0.0,0.0,0.0,0.0,0.0,0.0,0.0,0.0,0.0,0.0,0.0,0.0,0.0,0.0,0.0,0.0,0.0,0.0,0.0,0.0,0.0,0.0,0.0,0.0,0.0,0.0150924744851481,0.0328790064936468,0.0017758812398893,SPY
2015-11-16,1.1325568683101408,-1.455666506447329,-1.438238214803705,-0.28496128303539087,1.9049001192845219,1.901400928602249,-0.4009781826408968,-0.5009705742213365,-0.3297514194680155,-1.4420447410210082,0.0,0.0,0.0,0.0,0.0,0.0,0.0,0.0,0.0,0.0,0.0,0.0,0.0,0.0,0.0,0.0,0.0,0.0,0.0,0.0,0.0,0.0,0.0,0.0,0.0,0.0,0.0,0.0,-0.0007297364109311,0.0166390553483308,-0.0028737388190851,SPY
2015-11-17,-0.0754841321433156,0.18431654458703062,-0.5041215570697818,-0.28565276340965606,1.8907245643738768,1.9044359752009408,-0.4487560096854027,-0.9865337673677007,-0.270328291303495,-0.7279648142430675,0.0,0.0,0.0,0.0,0.0,0.0,0.0,0.0,0.0,0.0,0.0,0.0,0.0,0.0,0.0,0.0,0.0,0.0,0.0,0.0,0.0,0.0,0.0,0.0,0.0,0.0,0.0,0.0,0.0157414197916532,0.0187075596013119,0.0123822529386563,SPY
2015-11-18,1.1821044658272655,0.778548102614358,-0.6199365774200186,-0.2233274990688561,1.8865460994963206,1.9132838196261617,0.07270256151235752,-0.355717452939887,-0.2365645883558819,-0.013884887465126573,0.0,0.0,0.0,0.0,0.0,0.0,0.0,0.0,0.0,0.0,0.0,0.0,0.0,0.0,0.0,0.0,0.0,0.0,0.0,0.0,0.0,0.0,0.0,0.0,0.0,0.0,0.0,0.0,-0.0008626589874252,0.0028226964844071,-0.0187148546738011,SPY
2015-11-19,-0.0856328985417318,0.8150574999166199,0.13143822364191426,-0.31690948782823664,1.882444654231581,1.9175148809427527,0.011082035770254512,-0.23944552924290938,-0.7974493658203187,0.7001950393128141,0.0,0.0,0.0,0.0,0.0,0.0,0.0,0.0,0.0,0.0,0.0,0.0,0.0,0.0,0.0,0.0,0.0,0.0,0.0,0.0,0.0,0.0,0.0,0.0,0.0,0.0,0.0,0.0,0.0036375076152017,0.0048312892837136,-0.0358277031547986,SPY
2015-11-20,0.2579591443498078,0.8075793301740898,0.6351985787757972,-0.35758147873136337,1.8805732958391839,1.9198297240963917,0.1305667974403062,-0.5324248527106831,-0.6857061423359789,1.414274966090755,0.0,0.0,0.0,0.0,0.0,0.0,0.0,0.0,0.0,0.0,0.0,0.0,0.0,0.0,0.0,0.0,0.0,0.0,0.0,0.0,0.0,0.0,0.0,0.0,0.0,0.0,0.0,0.0,-0.0011474766601677,-0.0029664477530113,-0.0312497897765107,SPY
2015-11-23,-0.10737900144647419,0.12661818578790993,1.2051746650426172,-0.36013856870897076,1.8831107647829253,1.9224917191919662,0.06919374872454791,-0.6912609374063451,-1.214491038350102,-1.4420447410210082,0.0,0.0,0.0,0.0,0.0,0.0,0.0,0.0,0.0,0.0,0.0,0.0,0.0,0.0,0.0,0.0,0.0,0.0,0.0,0.0,0.0,0.0,0.0,0.0,0.0,0.0,0.0,0.0,0.00133876784205,0.0076715114594438,-0.0210690977639878,SPY
2015-11-24,0.08244815454063557,0.11059446010774972,0.585170863137848,-0.3626086418018368,1.8851359302743333,1.9260283601698254,0.09449239858976131,-0.5278049847317764,-0.5322309188505103,-0.7279648142430675,0.0,0.0,0.0,0.0,0.0,0.0,0.0,0.0,0.0,0.0,0.0,0.0,0.0,0.0,0.0,0.0,0.0,0.0,0.0,0.0,0.0,0.0,0.0,0.0,0.0,0.0,0.0,0.0,-0.0001434433252516,-0.0039246764489373,-0.0101002322075531,SPY
2015-11-25,-0.030720091868848106,-0.018731698554971286,0.6641415749108552,-0.41531705268274627,1.8891861684065028,1.926504194733644,0.08582833691053161,-0.4960248953827059,-1.4583138568772056,-0.013884887465126573,0.0,0.0,0.0,0.0,0.0,0.0,0.0,0.0,0.0,0.0,0.0,0.0,0.0,0.0,0.0,0.0,0.0,0.0,0.0,0.0,0.0,0.0,0.0,0.0,0.0,0.0,0.0,0.0,0.0011459338118813,-0.0178828244845714,-0.0116085595846371,SPY
2015-11-27,0.06772509110427387,0.037754805872622914,0.05769421327218303,-0.41507638351689485,1.9012853506931682,1.9274429839536078,0.12205191499390372,-0.4295598062623365,-1.6772303725128852,1.414274966090755,0.0,0.0,0.0,0.0,0.0,0.0,0.0,0.0,0.0,0.0,0.0,0.0,0.0,0.0,0.0,0.0,0.0,0.0,0.0,0.0,0.0,0.0,0.0,0.0,0.0,0.0,0.0,0.0,-0.0041602294215232,0.000286278388546,-0.0150425782625394,SPY
2015-11-30,-0.33740556877333877,0.026906042270745414,0.13437764420773485,-0.41571260137127025,1.9170503230024623,1.9284203430236782,-0.03972530336117738,-0.21840978569420588,-0.1441223173638093,-1.4420447410210082,0.0,0.0,0.0,0.0,0.0,0.0,0.0,0.0,0.0,0.0,0.0,0.0,0.0,0.0,0.0,0.0,0.0,0.0,0.0,0.0,0.0,0.0,0.0,0.0,0.0,0.0,0.0,0.0,0.0094904825522874,-0.0016307718450381,-0.000266807391644,SPY
2015-12-01,0.704839403061196,-0.19907669925915086,-0.1633219341815444,-0.43758125288335525,1.9300211407506198,1.9287933013629068,0.3121287460178718,0.045453354330317705,-0.4236098717675483,-0.7279648142430675,0.0,0.0,0.0,0.0,0.0,0.0,0.0,0.0,0.0,0.0,0.0,0.0,0.0,0.0,0.0,0.0,0.0,0.0,0.0,0.0,0.0,0.0,0.0,0.0,0.0,0.0,0.0,0.0,-0.0102574200663312,-0.0178629641928678,-0.0168706226347055,SPY
2015-12-02,-0.8029319313586426,0.270384197087092,0.2428107627220636,-0.3967052547367599,1.9378651635241835,1.925616855271462,-0.048783101700800184,-0.20677047831130138,-0.1995766589442223,-0.013884887465126573,0.0,0.0,0.0,0.0,0.0,0.0,0.0,0.0,0.0,0.0,0.0,0.0,0.0,0.0,0.0,0.0,0.0,0.0,0.0,0.0,0.0,0.0,0.0,0.0,0.0,0.0,0.0,0.0,-0.0141015913608857,-0.0154155995290157,-0.016666515329903,SPY
2015-12-03,-1.0964381023412868,-0.07264125274282028,-0.19990489118999114,-0.32345916198128905,1.9298674729275822,1.919508238805917,-0.527334919859811,-0.21029125265849977,0.9961437368524416,0.7001950393128141,0.0,0.0,0.0,0.0,0.0,0.0,0.0,0.0,0.0,0.0,0.0,0.0,0.0,0.0,0.0,0.0,0.0,0.0,0.0,0.0,0.0,0.0,0.0,0.0,0.0,0.0,0.0,0.0,0.0193150366849987,0.0012638124137964,-0.0166429460900099,SPY
2015-12-04,1.454953548387798,-1.3999216738295848,-0.7327947239367346,-0.1691623625590056,1.9326103275054993,1.918826651792917,0.1928895775846041,0.7520209211431957,1.5112395617043977,1.414274966090755,0.0,0.0,0.0,0.0,0.0,0.0,0.0,0.0,0.0,0.0,0.0,0.0,0.0,0.0,0.0,0.0,0.0,0.0,0.0,0.0,0.0,0.0,0.0,0.0,0.0,0.0,0.0,0.0,-0.0060772796551074,-0.0376231522319789,-0.0342683109882315,SPY
2015-12-07,-0.4837741955922666,0.2638126376994484,-0.039140367606929294,-0.1569555912971384,1.9301493674960066,1.9166531848410593,-0.01863225211348109,0.12255792457332261,-0.3369027517099255,-1.4420447410210082,0.0,0.0,0.0,0.0,0.0,0.0,0.0,0.0,0.0,0.0,0.0,0.0,0.0,0.0,0.0,0.0,0.0,0.0,0.0,0.0,0.0,0.0,0.0,0.0,0.0,0.0,0.0,0.0,-0.0067417097955422,-0.0265059056557079,-0.0408852669972326,SPY
2015-12-08,-0.5345040750543832,0.7152571295645704,-0.11232891495101312,-0.1716925027931043,1.9247151904500128,1.9151999446252246,-0.2584956245464143,-0.10525296447124059,-0.3193942179280054,-0.7279648142430675,0.0,0.0,0.0,0.0,0.0,0.0,0.0,0.0,0.0,0.0,0.0,0.0,0.0,0.0,0.0,0.0,0.0,0.0,0.0,0.0,0.0,0.0,0.0,0.0,0.0,0.0,0.0,0.0,-0.0078100554024791,-0.0093213414339921,-0.0584278477197708,SPY
2015-12-09,-0.616073288378036,-0.7506847612639526,-0.7320365038994335,-0.1553692538908024,1.914435973721877,1.9110589960804119,-0.5175604045465522,-0.9273490456340957,0.8667318676085013,-0.013884887465126573,0.0,0.0,0.0,0.0,0.0,0.0,0.0,0.0,0.0,0.0,0.0,0.0,0.0,0.0,0.0,0.0,0.0,0.0,0.0,0.0,0.0,0.0,0.0,0.0,0.0,0.0,0.0,0.0,0.0025778205819264,0.0130149693152974,-0.0616549096912946,SPY
2015-12-10,0.17705102144249193,-0.8481700155101362,-0.6386017772393513,-0.1556781214625624,1.9055923672933806,1.9086542264827726,-0.4062770693902163,-0.7954678524303229,-0.0796867828045571,0.7001950393128141,0.0,0.0,0.0,0.0,0.0,0.0,0.0,0.0,0.0,0.0,0.0,0.0,0.0,0.0,0.0,0.0,0.0,0.0,0.0,0.0,0.0,0.0,0.0,0.0,0.0,0.0,0.0,0.0,-0.0195719279607766,-0.0049185390874333,-0.0632433565826513,SPY
2015-12-11,-1.5141035564521876,-0.3238570513653998,-0.0018203777422228836,-0.09284024188402969,1.8859052907466558,1.904847480099303,-1.093889006282484,-1.4132184176616012,2.029481621211492,1.414274966090755,0.0,0.0,0.0,0.0,0.0,0.0,0.0,0.0,0.0,0.0,0.0,0.0,0.0,0.0,0.0,0.0,0.0,0.0,0.0,0.0,0.0,0.0,0.0,0.0,0.0,0.0,0.0,0.0,0.0050399669211635,-0.0033221185950793,-0.0356351019692802,SPY
2015-12-14,0.36503825953776114,-0.985575186846026,-1.4864348146440831,-0.12465196429405319,1.8710631610314246,1.9053104580464197,-0.9145432343163472,-1.2000647508080948,1.4656711919710634,-1.4420447410210082,0.0,0.0,0.0,0.0,0.0,0.0,0.0,0.0,0.0,0.0,0.0,0.0,0.0,0.0,0.0,0.0,0.0,0.0,0.0,0.0,0.0,0.0,0.0,0.0,0.0,0.0,0.0,0.0,0.0104428544261736,-0.0001466645227532,-0.0659326467444172,SPY
2015-12-15,0.7775539104640973,-0.8470558416647939,-1.0620040338908523,-0.1671496067847974,1.8565798062214618,1.9045516381693166,-0.528288036859641,-0.8961164285759092,0.7953639744527053,-0.7279648142430675,0.0,0.0,0.0,0.0,0.0,0.0,0.0,0.0,0.0,0.0,0.0,0.0,0.0,0.0,0.0,0.0,0.0,0.0,0.0,0.0,0.0,0.0,0.0,0.0,0.0,0.0,0.0,0.0,0.0145262553468104,-0.0015563035965717,-0.0600915615084431,SPY
2015-12-16,1.0893254931979008,0.8415635290609963,-0.4059370878635246,-0.09539039317540898,1.8552980958714822,1.9078438636839983,-0.014469695895473488,-0.48793205578003146,1.7086085281120449,-0.013884887465126573,0.0,0.0,0.0,0.0,0.0,0.0,0.0,0.0,0.0,0.0,0.0,0.0,0.0,0.0,0.0,0.0,0.0,0.0,0.0,0.0,0.0,0.0,0.0,0.0,0.0,0.0,0.0,0.0,-0.0153556878208043,-0.0037749255448975,-0.0963175895128181,SPY
2015-12-17,-1.1921895717190982,1.3752582327348652,0.44681163417189423,-0.10291443240221869,1.8533753446452161,1.9028669089799242,-0.54712496880447,-0.826285150464158,1.1375205191388618,0.7001950393128141,0.0,0.0,0.0,0.0,0.0,0.0,0.0,0.0,0.0,0.0,0.0,0.0,0.0,0.0,0.0,0.0,0.0,0.0,0.0,0.0,0.0,0.0,0.0,0.0,0.0,0.0,0.0,0.0,-0.0179755074684226,0.0099289915735711,-0.0796316611358101,SPY
2015-12-18,-1.3922153183674817,-0.07615719360769639,-0.23784826977068052,-0.01089145192491758,1.8318181167645229,1.8934279862600079,-1.1364710147046415,-1.048336145814571,2.6173306169448014,1.414274966090755,0.0,0.0,0.0,0.0,0.0,0.0,0.0,0.0,0.0,0.0,0.0,0.0,0.0,0.0,0.0,0.0,0.0,0.0,0.0,0.0,0.0,0.0,0.0,0.0,0.0,0.0,0.0,0.0,0.0082154209934897,0.0256164141759729,-0.0745541576532895,SPY
2015-12-21,0.6074872282452595,-1.9046930651987504,-0.1769006249260935,0.011406165460232225,1.8177713921284782,1.8851462987891325,-0.7822071266663386,-1.087110470464232,-0.4615866753420536,-1.4420447410210082,0.0,0.0,0.0,0.0,0.0,0.0,0.0,0.0,0.0,0.0,0.0,0.0,0.0,0.0,0.0,0.0,0.0,0.0,0.0,0.0,0.0,0.0,0.0,0.0,0.0,0.0,0.0,0.0,0.0090332153523551,0.0280165346318552,-0.077183469515961,SPY
2015-12-22,0.6699266131035263,-0.5785921319929919,-0.0556691273680474,0.04498783218854733,1.8120321078519694,1.8795407207430381,-0.4128315625725509,-0.7088729787094513,-0.1981602564332999,-0.7279648142430675,0.0,0.0,0.0,0.0,0.0,0.0,0.0,0.0,0.0,0.0,0.0,0.0,0.0,0.0,0.0,0.0,0.0,0.0,0.0,0.0,0.0,0.0,0.0,0.0,0.0,0.0,0.0,0.0,0.0123076333984846,0.0118699865887261,-0.0659085745730836,SPY
2015-12-23,0.9199315762739609,0.940907558051674,-0.10948588933121782,0.09588419948440924,1.8169183267966587,1.8768351249473438,0.06187247585496431,-0.180151934829353,-0.1835740507993678,-0.013884887465126573,0.0,0.0,0.0,0.0,0.0,0.0,0.0,0.0,0.0,0.0,0.0,0.0,0.0,0.0,0.0,0.0,0.0,0.0,0.0,0.0,0.0,0.0,0.0,0.0,0.0,0.0,0.0,0.0,-0.0016517707023355,-0.0104909595712872,-0.0934483852069671,SPY
2015-12-24,-0.1458823359819828,1.1711337528350545,-0.19418774776926534,0.09620537153091534,1.819569119956726,1.8737282722810917,0.02214972979090071,-0.6401134543354947,-1.425574079953658,0.7001950393128141,0.0,0.0,0.0,0.0,0.0,0.0,0.0,0.0,0.0,0.0,0.0,0.0,0.0,0.0,0.0,0.0,0.0,0.0,0.0,0.0,0.0,0.0,0.0,0.0,0.0,0.0,0.0,0.0,-0.0022880848660209,-0.0229172109899442,-0.0782457307240624,SPY
2015-12-28,-0.19446553361156949,0.570000811230576,0.32899613612369666,0.09600922224806845,1.8312359896246213,1.8697046403636879,-0.03474899094227449,-0.5582206728296082,-1.0352947704834314,-1.4420447410210082,0.0,0.0,0.0,0.0,0.0,0.0,0.0,0.0,0.0,0.0,0.0,0.0,0.0,0.0,0.0,0.0,0.0,0.0,0.0,0.0,0.0,0.0,0.0,0.0,0.0,0.0,0.0,0.0,0.010615541449372,-0.0189394543371461,-0.0869007121196689,SPY
2015-12-29,0.7907387305654158,-0.2511483236642361,0.9279056752315911,0.12768588419222496,1.845935407893321,1.8696330439148778,0.3625209628937545,-0.15403391911540407,-0.4693007816359251,-0.7279648142430675,0.0,0.0,0.0,0.0,0.0,0.0,0.0,0.0,0.0,0.0,0.0,0.0,0.0,0.0,0.0,0.0,0.0,0.0,0.0,0.0,0.0,0.0,0.0,0.0,0.0,0.0,0.0,0.0,-0.0071133326907739,-0.0422492314506266,-0.0923205516101131,SPY
2015-12-30,-0.5628778400797477,0.4390056364430909,1.0195367272194311,0.11182552290703164,1.8513840696404598,1.865100457671063,0.128117242990304,-0.13860618615147127,-1.0555286003692954,-0.013884887465126573,0.0,0.0,0.0,0.0,0.0,0.0,0.0,0.0,0.0,0.0,0.0,0.0,0.0,0.0,0.0,0.0,0.0,0.0,0.0,0.0,0.0,0.0,0.0,0.0,0.0,0.0,0.0,0.0,-0.0100533127615287,-0.0594201892779331,-0.0611220799494809,SPY
2015-12-31,-0.7873481425750806,0.16753916900759314,0.4030988398883815,0.11069589943024664,1.8438305765456187,1.8606679527351642,-0.214431992859396,-0.42282006269238775,0.021455362199625797,0.7001950393128141,0.0,0.0,0.0,0.0,0.0,0.0,0.0,0.0,0.0,0.0,0.0,0.0,0.0,0.0,0.0,0.0,0.0,0.0,0.0,0.0,0.0,0.0,0.0,0.0,0.0,0.0,0.0,0.0,-0.0140780221209926,-0.0604039938904072,-0.0514304484100103,SPY
2016-01-04,-1.0946385682352509,-0.9952821082310792,-0.4505904051925544,0.11051021213165964,1.837054057676265,1.8563036437661213,-0.7015274020110044,-0.30328523900470167,2.123062158343266,-1.4420447410210082,0.0,0.0,0.0,0.0,0.0,0.0,0.0,0.0,0.0,0.0,0.0,0.0,0.0,0.0,0.0,0.0,0.0,0.0,0.0,0.0,0.0,0.0,0.0,0.0,0.0,0.0,0.0,0.0,0.0016896717867771,-0.0453365980788449,-0.0555387738000927,SPY
2016-01-05,0.10924000779271406,-1.3871126846229842,-0.9249959655328014,-0.01826772679396218,1.8405094481297073,1.8472221908888629,-0.5768581514360183,-0.3783353005524476,-0.0790905601505011,-0.7279648142430675,0.0,0.0,0.0,0.0,0.0,0.0,0.0,0.0,0.0,0.0,0.0,0.0,0.0,0.0,0.0,0.0,0.0,0.0,0.0,0.0,0.0,0.0,0.0,0.0,0.0,0.0,0.0,0.0,-0.0126942356641084,-0.0389899432130276,-0.0512515312426211,SPY
2016-01-06,-0.988985143011183,-0.7264571808528018,-0.773134409687042,0.013610695599605524,1.8331603193119097,1.83648817365494,-0.9652636216854364,-0.8946008471536542,0.7267763667428688,-0.013884887465126573,0.0,0.0,0.0,0.0,0.0,0.0,0.0,0.0,0.0,0.0,0.0,0.0,0.0,0.0,0.0,0.0,0.0,0.0,0.0,0.0,0.0,0.0,0.0,0.0,0.0,0.0,0.0,0.0,-0.0242842905180804,-0.0515532854028926,-0.0369901449844256,SPY
2016-01-07,-1.8738969643150147,-0.6486059212328549,-1.6630478276888592,0.15197363753283405,1.8087919452014285,1.8213835588894567,-1.7331575814232358,-1.670062475587997,1.848852834848345,0.7001950393128141,0.0,0.0,0.0,0.0,0.0,0.0,0.0,0.0,0.0,0.0,0.0,0.0,0.0,0.0,0.0,0.0,0.0,0.0,0.0,0.0,0.0,0.0,0.0,0.0,0.0,0.0,0.0,0.0,-0.0110371173740029,-0.0109850552226644,-0.0319396904993842,SPY
2016-01-08,-0.8624625697629122,-2.1098904082246217,-2.3185953130239407,0.16391809793641796,1.7724326526602718,1.8055939333380462,-2.016786666220096,-1.6069244918229664,1.6896715648992495,1.414274966090755,0.0,0.0,0.0,0.0,0.0,0.0,0.0,0.0,0.0,0.0,0.0,0.0,0.0,0.0,0.0,0.0,0.0,0.0,0.0,0.0,0.0,0.0,0.0,0.0,0.0,0.0,0.0,0.0,0.0009893736905697,-0.021647710506226,-0.0344552116421921,SPY
2016-01-11,0.05577157545323117,-2.0166616115543263,-2.3561546994166345,0.15943686169375426,1.7374400288123453,1.7893684638222336,-1.8724465159259132,-1.3103900804146627,1.23006964359159,-1.4420447410210082,0.0,0.0,0.0,0.0,0.0,0.0,0.0,0.0,0.0,0.0,0.0,0.0,0.0,0.0,0.0,0.0,0.0,0.0,0.0,0.0,0.0,0.0,0.0,0.0,0.0,0.0,0.0,0.0,0.0080363266525944,-0.0213068436405921,-0.0353905039742876,SPY
2016-01-12,0.5938132032830259,-0.5947756087925283,-1.7809163502134082,0.10613692852585704,1.7076566977400818,1.7802796742887046,-1.5251662829933563,-1.3265384632782422,0.9200633395785034,-0.7279648142430675,0.0,0.0,0.0,0.0,0.0,0.0,0.0,0.0,0.0,0.0,0.0,0.0,0.0,0.0,0.0,0.0,0.0,0.0,0.0,0.0,0.0,0.0,0.0,0.0,0.0,0.0,0.0,0.0,-0.0252575778539734,-0.0422411742790886,-0.0442899569751924,SPY
2016-01-13,-1.9482083873331604,0.4782885445484407,-1.5386157354533039,0.23718584744609106,1.6597707864353797,1.7636304488231067,-2.3037206581714336,-1.9548967713478538,1.727002210988141,-0.013884887465126573,0.0,0.0,0.0,0.0,0.0,0.0,0.0,0.0,0.0,0.0,0.0,0.0,0.0,0.0,0.0,0.0,0.0,0.0,0.0,0.0,0.0,0.0,0.0,0.0,0.0,0.0,0.0,0.0,0.0162839396621476,-0.011397487294297,-0.0321258918887057,SPY
2016-01-14,1.2235263790745692,-0.9983542053215833,-2.0182551046021153,0.28929766858739986,1.623669711547316,1.74825253778881,-1.625265774697534,-1.8598522335476855,1.955443721231893,0.7001950393128141,0.0,0.0,0.0,0.0,0.0,0.0,0.0,0.0,0.0,0.0,0.0,0.0,0.0,0.0,0.0,0.0,0.0,0.0,0.0,0.0,0.0,0.0,0.0,0.0,0.0,0.0,0.0,0.0,-0.0216997726575645,-0.0073733166612122,-0.0280022249301632,SPY
2016-01-15,-1.6765665430221754,-0.5343468735130821,-0.4694538352372214,0.28305237722085475,1.58225641893988,1.723686547806126,-2.2232177139506994,-2.0441430437795516,3.0031193803160883,1.414274966090755,0.0,0.0,0.0,0.0,0.0,0.0,0.0,0.0,0.0,0.0,0.0,0.0,0.0,0.0,0.0,0.0,0.0,0.0,0.0,0.0,0.0,0.0,0.0,0.0,0.0,0.0,0.0,0.0,0.0013302405562036,-0.0009057212390466,0.010434670312426,SPY
2016-01-19,0.08179708807510197,-0.3341862095284915,-0.8765293710595634,0.25960153295786365,1.5488369172018148,1.7035207348898065,-2.0390382976530623,-1.9865892091853854,0.9625632447204588,-0.7279648142430675,0.0,0.0,0.0,0.0,0.0,0.0,0.0,0.0,0.0,0.0,0.0,0.0,0.0,0.0,0.0,0.0,0.0,0.0,0.0,0.0,0.0,0.0,0.0,0.0,0.0,0.0,0.0,0.0,-0.0128980039859021,0.0113149219853188,0.0253070379010829,SPY
2016-01-20,-1.0045430501164019,-1.1754752000254085,-0.8635158619211855,0.22745319852581156,1.5083261793217755,1.6849305562486898,-2.363614539040064,-2.4141382660046027,2.217774073134241,-0.013884887465126573,0.0,0.0,0.0,0.0,0.0,0.0,0.0,0.0,0.0,0.0,0.0,0.0,0.0,0.0,0.0,0.0,0.0,0.0,0.0,0.0,0.0,0.0,0.0,0.0,0.0,0.0,0.0,0.0,0.0055861091308182,0.0132698597095934,0.034100630721781,SPY
2016-01-21,0.40673674185950887,-0.6802912975068084,-1.662740223500801,0.21185747508689284,1.4770468386031146,1.6655511630116326,-2.0351462577806383,-2.199305068154218,0.8738411061460436,0.7001950393128141,0.0,0.0,0.0,0.0,0.0,0.0,0.0,0.0,0.0,0.0,0.0,0.0,0.0,0.0,0.0,0.0,0.0,0.0,0.0,0.0,0.0,0.0,0.0,0.0,0.0,0.0,0.0,0.0,0.0203081102952324,0.0128794525377031,0.0280463487567033,SPY
2016-01-22,1.5307756724582036,-0.4408578736122566,-0.4851995385433193,0.3227414648685524,1.4679443181416625,1.6487592570498053,-1.1947899570848417,-1.5628682311912558,0.4562604249897584,1.414274966090755,0.0,0.0,0.0,0.0,0.0,0.0,0.0,0.0,0.0,0.0,0.0,0.0,0.0,0.0,0.0,0.0,0.0,0.0,0.0,0.0,0.0,0.0,0.0,0.0,0.0,0.0,0.0,0.0,-0.0152321772353989,0.0166564812123288,0.0221132011508844,SPY
2016-01-25,-1.1827594198812976,1.4273045231285295,-0.33156600419948495,0.28612221374854213,1.4569076258241955,1.6249813171144447,-1.572428493796848,-1.5645377680709118,-0.1104369592859673,-1.4420447410210082,0.0,0.0,0.0,0.0,0.0,0.0,0.0,0.0,0.0,0.0,0.0,0.0,0.0,0.0,0.0,0.0,0.0,0.0,0.0,0.0,0.0,0.0,0.0,0.0,0.0,0.0,0.0,0.0,0.0135508837805691,0.0315269772256696,0.0246354915636786,SPY
2016-01-26,1.0148549371905873,0.2560762540008717,-0.0846481585087289,0.36717900465754433,1.4519824096071938,1.6049550637040684,-0.9425259285690194,-1.2987382903609406,0.0449944127429986,-0.7279648142430675,0.0,0.0,0.0,0.0,0.0,0.0,0.0,0.0,0.0,0.0,0.0,0.0,0.0,0.0,0.0,0.0,0.0,0.0,0.0,0.0,0.0,0.0,0.0,0.0,0.0,0.0,0.0,0.0,-0.0109430662616274,-0.0002102540659745,0.0156497881291182,SPY
2016-01-27,-0.8552816769891967,-0.12408254368554289,0.38190775616307443,0.37809595068098756,1.437722174905243,1.5828589881685087,-1.179161402970668,-1.2704478045637277,0.6776157287455996,-0.013884887465126573,0.0,0.0,0.0,0.0,0.0,0.0,0.0,0.0,0.0,0.0,0.0,0.0,0.0,0.0,0.0,0.0,0.0,0.0,0.0,0.0,0.0,0.0,0.0,0.0,0.0,0.0,0.0,0.0,0.0051957019589279,0.0167097265399016,0.0386321152610493,SPY
2016-01-28,0.3769287792674142,0.11722108397800142,0.4565427603383732,0.34382371162178305,1.4384443208228732,1.5591975496765271,-0.819709748228285,-0.821025444310833,0.0591665374114291,0.7001950393128141,0.0,0.0,0.0,0.0,0.0,0.0,0.0,0.0,0.0,0.0,0.0,0.0,0.0,0.0,0.0,0.0,0.0,0.0,0.0,0.0,0.0,0.0,0.0,0.0,0.0,0.0,0.0,0.0,0.0240851389698582,0.0130811751750608,0.0311323429771155,SPY
2016-01-29,1.8191554399132706,-0.3528380251659427,0.4416379168017787,0.5319390262947862,1.4430601586795346,1.5434018218903776,0.1858326123868364,-0.17745093998653727,1.0044958589478514,1.414274966090755,0.0,0.0,0.0,0.0,0.0,0.0,0.0,0.0,0.0,0.0,0.0,0.0,0.0,0.0,0.0,0.0,0.0,0.0,0.0,0.0,0.0,0.0,0.0,0.0,0.0,0.0,0.0,0.0,-0.0003616812220581,-0.0302377998278364,-0.0008264537429711,SPY
2016-02-01,-0.0473827649255139,1.6178344625800265,0.585836142351656,0.5211051073874756,1.4581193732106346,1.5301803288162261,0.2719399732176574,-0.20045642617465348,-0.0949615005347185,-1.4420447410210082,0.0,0.0,0.0,0.0,0.0,0.0,0.0,0.0,0.0,0.0,0.0,0.0,0.0,0.0,0.0,0.0,0.0,0.0,0.0,0.0,0.0,0.0,0.0,0.0,0.0,0.0,0.0,0.0,-0.018186347511075,-0.043428757122589,0.0227702601424555,SPY
2016-02-02,-1.4083131581532335,1.3051783596979034,1.1535573123220604,0.5468270821681266,1.463534515873714,1.5161309115501953,-0.2990655875468398,-0.6404008517678123,0.5680732329711148,-0.7279648142430675,0.0,0.0,0.0,0.0,0.0,0.0,0.0,0.0,0.0,0.0,0.0,0.0,0.0,0.0,0.0,0.0,0.0,0.0,0.0,0.0,0.0,0.0,0.0,0.0,0.0,0.0,0.0,0.0,0.0059769143442487,-0.0251883282530398,0.0454389634975269,SPY
2016-02-03,0.43657509530554967,-1.07299816614997,-0.0580968291638108,0.5596705148511432,1.4781038968093843,1.5031164752196726,0.02017165375668771,-0.10409498851209019,0.869362652498217,-0.013884887465126573,0.0,0.0,0.0,0.0,0.0,0.0,0.0,0.0,0.0,0.0,0.0,0.0,0.0,0.0,0.0,0.0,0.0,0.0,0.0,0.0,0.0,0.0,0.0,0.0,0.0,0.0,0.0,0.0,0.001567150594087,-0.0320283689455989,0.0433738471504847,SPY
2016-02-04,0.09988539703911976,-0.7163913742541179,0.5878689259009047,0.5375606031638861,1.490765243346553,1.4937760733125303,0.1492938495020389,-0.3745636030887087,-0.1037916588246223,0.7001950393128141,0.0,0.0,0.0,0.0,0.0,0.0,0.0,0.0,0.0,0.0,0.0,0.0,0.0,0.0,0.0,0.0,0.0,0.0,0.0,0.0,0.0,0.0,0.0,0.0,0.0,0.0,0.0,0.0,-0.019233836033039,-0.0466890323071726,0.0450550142998,SPY
2016-02-05,-1.488289913004256,0.3949323431710155,0.44933922088655753,0.4899921451940766,1.4841380283197647,1.485884672664265,-0.5036244883788553,-0.32520274100910007,0.4926309735163243,1.414274966090755,0.0,0.0,0.0,0.0,0.0,0.0,0.0,0.0,0.0,0.0,0.0,0.0,0.0,0.0,0.0,0.0,0.0,0.0,0.0,0.0,0.0,0.0,0.0,0.0,0.0,0.0,0.0,0.0,-0.0135526385168107,-0.0070475896534434,0.065086897852554,SPY
2016-02-08,-1.054525025381703,-1.023414153191718,-1.2044791284476035,0.5026829914194676,1.4784133680203722,1.4774757233208147,-0.9357265046086242,-0.6001985534054932,0.6274066141848395,-1.4420447410210082,0.0,0.0,0.0,0.0,0.0,0.0,0.0,0.0,0.0,0.0,0.0,0.0,0.0,0.0,0.0,0.0,0.0,0.0,0.0,0.0,0.0,0.0,0.0,0.0,0.0,0.0,0.0,0.0,5.408135847417839e-05,0.0232421714483921,0.0676617945810491,SPY
2016-02-09,-0.01563889252764401,-1.874047299379428,-1.7080793917937729,0.501679843279848,1.4661132105053287,1.4688339807093589,-0.869779805511924,-0.36353063691089715,0.5009310846887752,-0.7279648142430675,0.0,0.0,0.0,0.0,0.0,0.0,0.0,0.0,0.0,0.0,0.0,0.0,0.0,0.0,0.0,0.0,0.0,0.0,0.0,0.0,0.0,0.0,0.0,0.0,0.0,0.0,0.0,0.0,-0.0008631263483103,0.0393906982347784,0.0725347635259145,SPY
2016-02-10,-0.0856685819942479,-0.7889169623216136,-1.0117019737646646,0.47804856083598096,1.4587384084832595,1.4579799683862142,-0.8205188933046514,-0.4962059358031803,-0.0524829821503644,-0.013884887465126573,0.0,0.0,0.0,0.0,0.0,0.0,0.0,0.0,0.0,0.0,0.0,0.0,0.0,0.0,0.0,0.0,0.0,0.0,0.0,0.0,0.0,0.0,0.0,0.0,0.0,0.0,0.0,0.0,-0.0130935127674867,0.0361494134178848,0.0742004092738675,SPY
2016-02-11,-1.019470333392687,-0.07501020209446808,-1.2728389191053615,0.37463629912084156,1.4426218571939453,1.4502567984307766,-1.237078382918142,-1.2268959312399799,0.9890864213723032,0.7001950393128141,0.0,0.0,0.0,0.0,0.0,0.0,0.0,0.0,0.0,0.0,0.0,0.0,0.0,0.0,0.0,0.0,0.0,0.0,0.0,0.0,0.0,0.0,0.0,0.0,0.0,0.0,0.0,0.0,0.0204076066206901,0.048774753351112,0.103302077196802,SPY
2016-02-12,1.5383723124813211,-0.8146884657353481,-1.8325491633842264,0.41563460429154525,1.4243393324049827,1.4434004020089917,-0.4437195798816571,-0.45324187222406637,-0.3784885912113214,1.414274966090755,0.0,0.0,0.0,0.0,0.0,0.0,0.0,0.0,0.0,0.0,0.0,0.0,0.0,0.0,0.0,0.0,0.0,0.0,0.0,0.0,0.0,0.0,0.0,0.0,0.0,0.0,0.0,0.0,0.0167371225850248,0.0427421094198354,0.0816113000648277,SPY
2016-02-16,1.2581273305557972,0.3819942640586965,-0.31913049984404435,0.37633633894728735,1.4143600696963783,1.4459489467785567,0.1573214073552689,-0.386153213659464,-0.4885376032477785,-0.7279648142430675,0.0,0.0,0.0,0.0,0.0,0.0,0.0,0.0,0.0,0.0,0.0,0.0,0.0,0.0,0.0,0.0,0.0,0.0,0.0,0.0,0.0,0.0,0.0,0.0,0.0,0.0,0.0,0.0,0.0162026081448605,0.0132951000122059,0.0632428275878034,SPY
2016-02-17,1.2173166396040722,2.0602535980064056,0.837262575103213,0.43465138916451124,1.4213740076735915,1.452184452461121,0.7192403883760645,0.16285845028851353,-0.2570996866254215,-0.013884887465126573,0.0,0.0,0.0,0.0,0.0,0.0,0.0,0.0,0.0,0.0,0.0,0.0,0.0,0.0,0.0,0.0,0.0,0.0,0.0,0.0,0.0,0.0,0.0,0.0,0.0,0.0,0.0,0.0,-0.0041044111652039,0.0016576722133541,0.0528114751354156,SPY
2016-02-18,-0.33314379128532384,1.8236821050461405,1.453776006278667,0.39109155733219736,1.4234111044733144,1.4605157031210212,0.4995311133206001,-0.022498599385458992,-0.7675498467568895,0.7001950393128141,0.0,0.0,0.0,0.0,0.0,0.0,0.0,0.0,0.0,0.0,0.0,0.0,0.0,0.0,0.0,0.0,0.0,0.0,0.0,0.0,0.0,0.0,0.0,0.0,0.0,0.0,0.0,0.0,-0.0004681728342594,0.0178013442488618,0.0632398019686864,SPY
2016-02-19,-0.0555135018110549,0.651145947610162,1.3300312430371928,0.38803354998136497,1.4244426751766086,1.467385258942148,0.42901596321064,-0.5569620241220379,-0.5884945965518179,1.414274966090755,0.0,0.0,0.0,0.0,0.0,0.0,0.0,0.0,0.0,0.0,0.0,0.0,0.0,0.0,0.0,0.0,0.0,0.0,0.0,0.0,0.0,0.0,0.0,0.0,0.0,0.0,0.0,0.0,0.0143749626894136,0.0159654467581153,0.0676297917395549,SPY
2016-02-22,1.0777741534765866,-0.286745366194872,1.8120375427420221,0.33937897113946774,1.4420548182844026,1.4728962523497864,0.931102392456596,-0.21168180452253188,-0.7767762139947174,-1.4420447410210082,0.0,0.0,0.0,0.0,0.0,0.0,0.0,0.0,0.0,0.0,0.0,0.0,0.0,0.0,0.0,0.0,0.0,0.0,0.0,0.0,0.0,0.0,0.0,0.0,0.0,0.0,0.0,0.0,-0.0127098868226047,-0.0062831736815267,0.0546727559139652,SPY
2016-02-23,-0.9901801239966034,0.7528966424494399,1.5817251397390115,0.31953154265896266,1.4598476487539074,1.4789506940137926,0.402930261406126,-0.0850609560248707,-0.6624033919150473,-0.7279648142430675,0.0,0.0,0.0,0.0,0.0,0.0,0.0,0.0,0.0,0.0,0.0,0.0,0.0,0.0,0.0,0.0,0.0,0.0,0.0,0.0,0.0,0.0,0.0,0.0,0.0,0.0,0.0,0.0,0.0045651803460087,0.0296617458044465,0.0668447310455455,SPY
2016-02-24,0.3287878484530494,0.06418282453442742,0.4575063767582102,0.28129525666977545,1.4798837973131467,1.4828317385988572,0.5451976236363704,-0.11351922145233179,-0.0856221806917801,-0.013884887465126573,0.0,0.0,0.0,0.0,0.0,0.0,0.0,0.0,0.0,0.0,0.0,0.0,0.0,0.0,0.0,0.0,0.0,0.0,0.0,0.0,0.0,0.0,0.0,0.0,0.0,0.0,0.0,0.0,0.0120392608703037,0.0295789213024342,0.0556586313982396,SPY
2016-02-25,0.8994410759534137,-0.4877115145322883,0.01321627913920222,0.27132886203670725,1.506366659238759,1.4924180000094593,0.9281095523314078,0.0956429956681854,-0.7619500973611154,0.7001950393128141,0.0,0.0,0.0,0.0,0.0,0.0,0.0,0.0,0.0,0.0,0.0,0.0,0.0,0.0,0.0,0.0,0.0,0.0,0.0,0.0,0.0,0.0,0.0,0.0,0.0,0.0,0.0,0.0,-0.0023040703250059,0.021451458429337,0.0431762722783295,SPY
2016-02-26,-0.19568603876042528,0.9046654037614412,0.6295443671461269,0.27253124698445186,1.5379037069319466,1.500154259491322,0.7806325008674656,0.5509074375896968,-0.4565198506447912,1.414274966090755,0.0,0.0,0.0,0.0,0.0,0.0,0.0,0.0,0.0,0.0,0.0,0.0,0.0,0.0,0.0,0.0,0.0,0.0,0.0,0.0,0.0,0.0,0.0,0.0,0.0,0.0,0.0,0.0,-0.0078736577502285,0.0270038464977453,0.0460708910163978,SPY
2016-02-29,-0.6209293887240005,0.518204172895092,0.5594540439681193,0.14125606018831954,1.5557735570142672,1.499947226038665,0.4842461606849748,0.7181587192726224,-0.5321082676441504,-1.4420447410210082,0.0,0.0,0.0,0.0,0.0,0.0,0.0,0.0,0.0,0.0,0.0,0.0,0.0,0.0,0.0,0.0,0.0,0.0,0.0,0.0,0.0,0.0,0.0,0.0,0.0,0.0,0.0,0.0,0.0232350326633685,0.0356755517676887,0.0631523658996817,SPY
2016-03-01,1.7542490068155994,-0.6020884774669693,-0.28994686470966285,0.28435638436579147,1.5772537652821454,1.505717098603271,1.3252874665873458,1.0454115319948756,-0.281164764031909,-0.7279648142430675,0.0,0.0,0.0,0.0,0.0,0.0,0.0,0.0,0.0,0.0,0.0,0.0,0.0,0.0,0.0,0.0,0.0,0.0,0.0,0.0,0.0,0.0,0.0,0.0,0.0,0.0,0.0,0.0,0.0044823558439963,0.0014627773160045,0.0442952639779159,SPY
2016-03-02,0.32246411816464127,0.8347310023864025,1.0823470874733172,0.17750243286032566,1.5930351721561993,1.5171532221967796,1.4089453179341551,1.1226183761958515,-0.9091798082825944,-0.013884887465126573,0.0,0.0,0.0,0.0,0.0,0.0,0.0,0.0,0.0,0.0,0.0,0.0,0.0,0.0,0.0,0.0,0.0,0.0,0.0,0.0,0.0,0.0,0.0,0.0,0.0,0.0,0.0,0.0,0.0039117979972065,0.0019074717753477,0.0373829554093223,SPY
2016-03-03,0.27890147849439634,1.5298752693403703,1.079185039405623,0.17429652032107296,1.6128650994254274,1.528123619508441,1.474547112579219,1.5690688534289925,-0.9946797666592035,0.7001950393128141,0.0,0.0,0.0,0.0,0.0,0.0,0.0,0.0,0.0,0.0,0.0,0.0,0.0,0.0,0.0,0.0,0.0,0.0,0.0,0.0,0.0,0.0,0.0,0.0,0.0,0.0,0.0,0.0,0.0032483177434023,-0.0012018068222161,0.0402597849906838,SPY
2016-03-04,0.2282441237889704,0.4427579968677265,0.7688972906266798,0.17448545476397045,1.634603014667832,1.5395467700303853,1.5112192127236124,1.4158036022800924,-0.4474283711932448,1.414274966090755,0.0,0.0,0.0,0.0,0.0,0.0,0.0,0.0,0.0,0.0,0.0,0.0,0.0,0.0,0.0,0.0,0.0,0.0,0.0,0.0,0.0,0.0,0.0,0.0,0.0,0.0,0.0,0.0,0.0007980475197149,0.0115580305898292,0.0337684728311744,SPY
2016-03-07,0.04116363852390888,0.3733315184741102,0.9808746347245852,0.031245288408920827,1.6495850703101442,1.5558988492715493,1.415056743692974,1.2270951701765436,-0.9236315981187307,-1.4420447410210082,0.0,0.0,0.0,0.0,0.0,0.0,0.0,0.0,0.0,0.0,0.0,0.0,0.0,0.0,0.0,0.0,0.0,0.0,0.0,0.0,0.0,0.0,0.0,0.0,0.0,0.0,0.0,0.0,-0.0109777417883156,0.0094768125588302,0.022932451725067,SPY
2016-03-08,-0.8579291867605424,0.19815319120477662,1.3119403003939822,0.005868198071803523,1.665263320113869,1.5726908483972655,0.865117086093704,0.4956422343576653,-0.5215519893435304,-0.7279648142430675,0.0,0.0,0.0,0.0,0.0,0.0,0.0,0.0,0.0,0.0,0.0,0.0,0.0,0.0,0.0,0.0,0.0,0.0,0.0,0.0,0.0,0.0,0.0,0.0,0.0,0.0,0.0,0.0,0.0049270503033396,0.0188232044551464,0.0447719634532219,SPY
2016-03-09,0.35641696730118705,-0.6021990947009083,0.005775642388060018,0.002710805804560723,1.6811993233174445,1.5907376020729886,0.9156717344652994,0.7535005859938534,-0.9876094511556288,-0.013884887465126573,0.0,0.0,0.0,0.0,0.0,0.0,0.0,0.0,0.0,0.0,0.0,0.0,0.0,0.0,0.0,0.0,0.0,0.0,0.0,0.0,0.0,0.0,0.0,0.0,0.0,0.0,0.0,0.0,0.0008025193996425,0.0196674098442795,0.0278069339899111,SPY
2016-03-10,0.04150507085199038,-0.3699030882757277,0.02275304909400892,-0.0012343595001791776,1.6915139161426056,1.609198399363053,0.8065164371836554,0.7871850179372395,0.0374936140427284,0.7001950393128141,0.0,0.0,0.0,0.0,0.0,0.0,0.0,0.0,0.0,0.0,0.0,0.0,0.0,0.0,0.0,0.0,0.0,0.0,0.0,0.0,0.0,0.0,0.0,0.0,0.0,0.0,0.0,0.0,0.0160081551554478,0.0251888061127036,0.0296976194320466,SPY
2016-03-11,1.2024699670742875,0.2928495839823331,-0.09595202177849171,-0.05799047988108828,1.7112921720260208,1.6349426097608086,1.2237000988304654,0.8282564179981332,-0.2608586565626543,1.414274966090755,0.0,0.0,0.0,0.0,0.0,0.0,0.0,0.0,0.0,0.0,0.0,0.0,0.0,0.0,0.0,0.0,0.0,0.0,0.0,0.0,0.0,0.0,0.0,0.0,0.0,0.0,0.0,0.0,-0.0012831705112841,0.0131024678938649,0.0113394085211862,SPY
2016-03-14,-0.11773935732434078,0.91626800698076,0.3911890808249213,-0.131561441511857,1.7343454095531117,1.655473182594112,1.0194688024644314,1.3225527235490049,-1.2751428558115574,-1.4420447410210082,0.0,0.0,0.0,0.0,0.0,0.0,0.0,0.0,0.0,0.0,0.0,0.0,0.0,0.0,0.0,0.0,0.0,0.0,0.0,0.0,0.0,0.0,0.0,0.0,0.0,0.0,0.0,0.0,-0.0016313498919995,0.0158035652689729,0.0218924313102473,SPY
2016-03-15,-0.1443231874969576,0.7989279463561846,0.31173298639052943,-0.1836277516571157,1.7448145058571463,1.6715017269392398,0.8372462781053003,1.1684911056088412,-0.9277764815880164,-0.7279648142430675,0.0,0.0,0.0,0.0,0.0,0.0,0.0,0.0,0.0,0.0,0.0,0.0,0.0,0.0,0.0,0.0,0.0,0.0,0.0,0.0,0.0,0.0,0.0,0.0,0.0,0.0,0.0,0.0,0.0057712556924727,0.016897003469948,0.033574118795383,SPY
2016-03-16,0.42087285969036436,-0.19346338699179147,0.6685566281586471,-0.247371719498515,1.7560060266307558,1.685033688673974,0.9562495687691304,1.0603436148694079,-0.3339575007888312,-0.013884887465126573,0.0,0.0,0.0,0.0,0.0,0.0,0.0,0.0,0.0,0.0,0.0,0.0,0.0,0.0,0.0,0.0,0.0,0.0,0.0,0.0,0.0,0.0,0.0,0.0,0.0,0.0,0.0,0.0,0.0063239156680667,0.0045048284761781,0.0278507401683922,SPY
2016-03-17,0.4630689797024293,0.20341574354617822,0.7007864388377256,-0.26196786724736365,1.768512683987754,1.701256526309919,1.076972997488358,1.2935208475789568,-0.2287611160239666,0.7001950393128141,0.0,0.0,0.0,0.0,0.0,0.0,0.0,0.0,0.0,0.0,0.0,0.0,0.0,0.0,0.0,0.0,0.0,0.0,0.0,0.0,0.0,0.0,0.0,0.0,0.0,0.0,0.0,0.0,0.003921816936609,-0.002262185441495,0.0204206753005422,SPY
2016-03-18,0.27966643414179443,0.6509757275171578,0.9115805876386662,-0.26731245968482115,1.7814166956944162,1.718635923756708,1.0977001291636033,1.7778723135347643,-0.1727742571002483,1.414274966090755,0.0,0.0,0.0,0.0,0.0,0.0,0.0,0.0,0.0,0.0,0.0,0.0,0.0,0.0,0.0,0.0,0.0,0.0,0.0,0.0,0.0,0.0,0.0,0.0,0.0,0.0,0.0,0.0,0.0014179268638239,-0.0055934539650417,0.0235010427520592,SPY
2016-03-21,0.08849202189183847,0.5469270601684896,0.4501521276800141,-0.31795198771609917,1.7946597515435687,1.7327960895959622,1.0468551442316314,1.4573326598333063,-1.240527779307737,-1.4420447410210082,0.0,0.0,0.0,0.0,0.0,0.0,0.0,0.0,0.0,0.0,0.0,0.0,0.0,0.0,0.0,0.0,0.0,0.0,0.0,0.0,0.0,0.0,0.0,0.0,0.0,0.0,0.0,0.0,-0.0005379116910244,0.0021964363041897,0.0252323129344462,SPY
