Price,z_ret_1,z_ret_2,z_ret_5,z_vol_20,z_ma_10,z_ma_20,z_ma_gap,z_rsi_14,z_vol_z,z_dow,z_news_pc1,z_news_pc2,z_news_pc3,z_news_pc4,z_news_pc5,z_news_pc6,z_news_pc7,z_news_pc8,z_news_pc9,z_news_pc10,z_news_pc11,z_news_pc12,z_news_pc13,z_news_pc14,z_news_pc15,z_news_pc16,z_news_pc17,z_news_pc18,z_news_pc19,z_news_pc20,z_news_pc21,z_news_pc22,z_news_pc23,z_news_pc24,z_news_pc25,z_news_pc26,z_news_pc27,z_news_pc28,target_h1,target_h5,target_h20,Symbol
2007-03-19,0.8942893989466641,-0.1144149337494062,-0.5216061654973034,0.20278201329672352,-0.6053875221198591,-0.5786336064463661,-0.22445389962380657,-0.0873410576977814,0.23655083961935702,-1.4417649723258046,0.0,0.0,0.0,0.0,0.0,0.0,0.0,0.0,0.0,0.0,0.0,0.0,0.0,0.0,0.0,0.0,0.0,0.0,0.0,0.0,0.0,0.0,0.0,0.0,0.0,0.0,0.0,0.0,0.0054774760841018,0.0211725673027531,0.0479749458542499,SPY
2007-03-20,0.3968252874617028,0.48494939748268234,-0.11966834495022281,0.21299014601328,-0.6020749625141094,-0.5827384653731009,0.03843853667637072,-0.21744483393737932,-0.022774368660402684,-0.7272619771908926,0.0,0.0,0.0,0.0,0.0,0.0,0.0,0.0,0.0,0.0,0.0,0.0,0.0,0.0,0.0,0.0,0.0,0.0,0.0,0.0,0.0,0.0,0.0,0.0,0.0,0.0,0.0,0.0,0.0163231735983719,0.0133179536226322,0.0437204903482992,SPY
2007-03-21,1.2261602927901447,0.9523859352950461,0.8419985667409239,0.2956933233264618,-0.5942909613158279,-0.5846691442702155,0.6805603502863303,0.2917165242332726,1.208261241270444,-0.012758982055980528,0.0,0.0,0.0,0.0,0.0,0.0,0.0,0.0,0.0,0.0,0.0,0.0,0.0,0.0,0.0,0.0,0.0,0.0,0.0,0.0,0.0,0.0,0.0,0.0,0.0,0.0,0.0,0.0,-0.0007681040489631,-0.0103118623926832,0.0271252884173733,SPY
2007-03-22,-0.08075379181092937,1.197340797627302,1.1829716456630603,0.2956935429789706,-0.5888438642239708,-0.5866002774052183,0.6800076826761993,0.7373204763136151,0.5863658942313072,0.7017440130789315,0.0,0.0,0.0,0.0,0.0,0.0,0.0,0.0,0.0,0.0,0.0,0.0,0.0,0.0,0.0,0.0,0.0,0.0,0.0,0.0,0.0,0.0,0.0,0.0,0.0,0.0,0.0,0.0,0.0014657455108251,-0.0084864871335748,0.0372909968018699,SPY
2007-03-23,0.09006137559829752,0.8448383040788063,1.101306426768033,0.29390796254078977,-0.5830873611856313,-0.5878208837350698,0.7537423260430024,1.1812837997006802,-0.22033727463865677,1.4162470082138434,0.0,0.0,0.0,0.0,0.0,0.0,0.0,0.0,0.0,0.0,0.0,0.0,0.0,0.0,0.0,0.0,0.0,0.0,0.0,0.0,0.0,0.0,0.0,0.0,0.0,0.0,0.0,0.0,-0.0013257238415826,-0.0097411408227463,0.0320492798364764,SPY
2007-03-26,-0.12339315300230218,0.0062804220254180105,1.2648930912904834,0.2940530154768758,-0.578056650413241,-0.5890966799683864,0.7223165979910003,0.7749196554182326,0.4698318569952164,-1.4417649723258046,0.0,0.0,0.0,0.0,0.0,0.0,0.0,0.0,0.0,0.0,0.0,0.0,0.0,0.0,0.0,0.0,0.0,0.0,0.0,0.0,0.0,0.0,0.0,0.0,0.0,0.0,0.0,0.0,-0.002377137596019,-0.0072893067987651,0.0337801478540917,SPY
2007-03-27,-0.20379132292089147,-0.025191813245373493,0.7550503078918871,-0.2079961438400671,-0.5686820530815745,-0.5855234373671123,0.5793599664516658,0.700565944371385,0.19956835557475233,-0.7272619771908926,0.0,0.0,0.0,0.0,0.0,0.0,0.0,0.0,0.0,0.0,0.0,0.0,0.0,0.0,0.0,0.0,0.0,0.0,0.0,0.0,0.0,0.0,0.0,0.0,0.0,0.0,0.0,0.0,-0.0073066424169434,0.00579309600867,0.0452973307722892,SPY
2007-03-28,-0.580734428843669,-0.24208533613948413,0.4541509323386276,-0.21453225860593977,-0.5630635594406399,-0.5842016643596792,0.2846406898494401,0.1033610598524624,1.1342582232181393,-0.012758982055980528,0.0,0.0,0.0,0.0,0.0,0.0,0.0,0.0,0.0,0.0,0.0,0.0,0.0,0.0,0.0,0.0,0.0,0.0,0.0,0.0,0.0,0.0,0.0,0.0,0.0,0.0,0.0,0.0,0.0010572712101453,0.0142124607761671,0.0537405008193188,SPY
2007-03-29,0.05882668222010852,-0.5796502487027887,-0.4510746042707519,-0.21935874130405597,-0.557516497404371,-0.582360588823461,0.2973857331513881,0.1290216860732664,0.8592396492081054,0.7017440130789315,0.0,0.0,0.0,0.0,0.0,0.0,0.0,0.0,0.0,0.0,0.0,0.0,0.0,0.0,0.0,0.0,0.0,0.0,0.0,0.0,0.0,0.0,0.0,0.0,0.0,0.0,0.0,0.0,0.0002110918216535,0.0158626912155721,0.0518808495502067,SPY
2007-03-30,-0.005877887194659176,-0.38581114292803864,-0.3811470052844155,-0.2985164895579187,-0.5512076030573237,-0.5788177505365139,0.2535385013537922,0.0870151265367944,0.6408546057019623,1.4162470082138434,0.0,0.0,0.0,0.0,0.0,0.0,0.0,0.0,0.0,0.0,0.0,0.0,0.0,0.0,0.0,0.0,0.0,0.0,0.0,0.0,0.0,0.0,0.0,0.0,0.0,0.0,0.0,0.0,0.0011261101823984,0.0170371409158871,0.0433428864518683,SPY
2007-04-02,0.06409057320961963,0.038492125700398415,-0.4292110510773699,-0.35072875491728,-0.5476440797588128,-0.5739275143003736,0.22448077961764712,1.2562321508892909,-0.2515539118410611,-1.4417649723258046,0.0,0.0,0.0,0.0,0.0,0.0,0.0,0.0,0.0,0.0,0.0,0.0,0.0,0.0,0.0,0.0,0.0,0.0,0.0,0.0,0.0,0.0,0.0,0.0,0.0,0.0,0.0,0.0,0.0107052652114161,0.0170870429302345,0.0447761444163505,SPY
2007-04-03,0.7965772184050723,0.04237741879656761,-0.335284684126523,-0.417222903156368,-0.5426988117971754,-0.5697779228163478,0.5668129878455682,1.338723898334163,-0.19865940829356438,-0.7272619771908926,0.0,0.0,0.0,0.0,0.0,0.0,0.0,0.0,0.0,0.0,0.0,0.0,0.0,0.0,0.0,0.0,0.0,0.0,0.0,0.0,0.0,0.0,0.0,0.0,0.0,0.0,0.0,0.0,0.0011127223505535,0.0022936300820326,0.0399050972631389,SPY
2007-04-04,0.06306684950906302,0.6346718428225074,0.1658840551402107,-0.4203123296264798,-0.5416806510541377,-0.5653548011254854,0.5440907907402263,1.3341751721293331,-0.5319893467986531,-0.012758982055980528,0.0,0.0,0.0,0.0,0.0,0.0,0.0,0.0,0.0,0.0,0.0,0.0,0.0,0.0,0.0,0.0,0.0,0.0,0.0,0.0,0.0,0.0,0.0,0.0,0.0,0.0,0.0,0.0,0.0027075016495503,0.0056151265687498,0.0441953588144219,SPY
2007-04-05,0.18501440490520013,0.6339162294114248,0.4884182629659477,-0.4413485130930561,-0.5397533929534527,-0.5616491580544186,0.592262590319276,1.599581628349482,-0.8308730090296861,0.7017440130789315,0.0,0.0,0.0,0.0,0.0,0.0,0.0,0.0,0.0,0.0,0.0,0.0,0.0,0.0,0.0,0.0,0.0,0.0,0.0,0.0,0.0,0.0,0.0,0.0,0.0,0.0,0.0,0.0,0.0013855415219685,0.0074596519714642,0.0452711644663574,SPY
2007-04-09,0.08392843897174743,0.18251995583812192,0.5516363063934258,-0.4419839199856242,-0.537844371036848,-0.557797201009536,0.588386163914761,1.3780262293041006,-0.7457481493783485,-1.4417649723258046,0.0,0.0,0.0,0.0,0.0,0.0,0.0,0.0,0.0,0.0,0.0,0.0,0.0,0.0,0.0,0.0,0.0,0.0,0.0,0.0,0.0,0.0,0.0,0.0,0.0,0.0,0.0,0.0,0.0011760121967459,0.0155253885682835,0.0440849137262313,SPY
2007-04-10,0.06790641698364443,0.19791795508922233,0.5966278484138675,-0.4419428436692802,-0.5352809491568397,-0.5539811188831174,0.5771911258654319,1.26083676884606,-0.6448069847981626,-0.7272619771908926,0.0,0.0,0.0,0.0,0.0,0.0,0.0,0.0,0.0,0.0,0.0,0.0,0.0,0.0,0.0,0.0,0.0,0.0,0.0,0.0,0.0,0.0,0.0,0.0,0.0,0.0,0.0,0.0,-0.0040881476367857,0.0170046424200274,0.0415828675050891,SPY
2007-04-11,-0.334626662871064,0.11148021200451773,0.5985395254953241,-0.6666442320116557,-0.5331720170024729,-0.5482105992430611,0.3392876116077427,0.0813054526883957,0.23851860624770221,-0.012758982055980528,0.0,0.0,0.0,0.0,0.0,0.0,0.0,0.0,0.0,0.0,0.0,0.0,0.0,0.0,0.0,0.0,0.0,0.0,0.0,0.0,0.0,0.0,0.0,0.0,0.0,0.0,0.0,0.0,0.0044342188372707,0.0223158106349643,0.0483867549787051,SPY
2007-04-12,0.317050818994256,-0.19745651384985574,0.03182436042090339,-0.6804134913978138,-0.5280085436658125,-0.5427926175782507,0.4278171994707384,0.4420269304854254,0.3859557694276624,0.7017440130789315,0.0,0.0,0.0,0.0,0.0,0.0,0.0,0.0,0.0,0.0,0.0,0.0,0.0,0.0,0.0,0.0,0.0,0.0,0.0,0.0,0.0,0.0,0.0,0.0,0.0,0.0,0.0,0.0,0.0045520270522647,0.0176095634651396,0.0334452919569816,SPY
2007-04-13,0.3260592277647599,-0.01356231334143579,0.1590662922914683,-0.6773237193319909,-0.5219178743448479,-0.5369446108792402,0.5149485983166381,0.6078361293726218,-0.19629862262981826,1.4162470082138434,0.0,0.0,0.0,0.0,0.0,0.0,0.0,0.0,0.0,0.0,0.0,0.0,0.0,0.0,0.0,0.0,0.0,0.0,0.0,0.0,0.0,0.0,0.0,0.0,0.0,0.0,0.0,0.0,0.0094512781187878,0.0224551407484083,0.0374141013638409,SPY
2007-04-16,0.7006889280688949,0.4740918449105119,0.2297275067664169,-0.6658715024109539,-0.5133727482739637,-0.5294804060230838,0.7648804685061676,1.107575921333164,-0.22384680347841868,-1.4417649723258046,0.0,0.0,0.0,0.0,0.0,0.0,0.0,0.0,0.0,0.0,0.0,0.0,0.0,0.0,0.0,0.0,0.0,0.0,0.0,0.0,0.0,0.0,0.0,0.0,0.0,0.0,0.0,0.0,0.0026552660484897,0.009227891175052,0.0257729419813292,SPY
2007-04-17,0.18102011938995982,0.757256237862989,0.5387147089635647,-0.7209238279847368,-0.5044093690328706,-0.5231855872374687,0.7745578169626143,1.399235457805991,0.22849531811163673,-0.7272619771908926,0.0,0.0,0.0,0.0,0.0,0.0,0.0,0.0,0.0,0.0,0.0,0.0,0.0,0.0,0.0,0.0,0.0,0.0,0.0,0.0,0.0,0.0,0.0,0.0,0.0,0.0,0.0,0.0,0.0012230205781511,0.0069777693025949,0.0233828800299091,SPY
2007-04-18,0.07150099411359553,0.6502024543471069,0.5953828760309031,-0.7268421011820446,-0.49790050549487974,-0.5174298402035294,0.737808279696715,2.194733659428119,-0.15267068294414038,-0.012758982055980528,0.0,0.0,0.0,0.0,0.0,0.0,0.0,0.0,0.0,0.0,0.0,0.0,0.0,0.0,0.0,0.0,0.0,0.0,0.0,0.0,0.0,0.0,0.0,0.0,0.0,0.0,0.0,0.0,-0.0002720283325539,0.0148947940466221,0.0289774800001678,SPY
2007-04-19,-0.04282050477519718,0.18579702861602312,0.7988463771547719,-0.8813603329921404,-0.49175532413228024,-0.5138302320552429,0.6755953506356529,2.1474603608916607,0.10432631888104552,0.7017440130789315,0.0,0.0,0.0,0.0,0.0,0.0,0.0,0.0,0.0,0.0,0.0,0.0,0.0,0.0,0.0,0.0,0.0,0.0,0.0,0.0,0.0,0.0,0.0,0.0,0.0,0.0,0.0,0.0,0.0093976043355334,0.0163033500092621,0.0272688000656957,SPY
2007-04-20,0.6965846694665582,0.020579619394821815,0.6185565637698633,-0.8363761481110565,-0.48379179084590346,-0.5088600697001809,0.9615627666574356,2.2506040755066867,0.481445680619926,1.4162470082138434,0.0,0.0,0.0,0.0,0.0,0.0,0.0,0.0,0.0,0.0,0.0,0.0,0.0,0.0,0.0,0.0,0.0,0.0,0.0,0.0,0.0,0.0,0.0,0.0,0.0,0.0,0.0,0.0,-0.0037759714545684,0.0061033656147619,0.0265575700342086,SPY
2007-04-23,-0.3107555715556411,0.48195568003375167,0.8041839209014707,-0.8130432301431306,-0.47721023803537976,-0.5045935218345747,0.7561417849065379,1.8561721834185645,-0.4011211901637969,-1.4417649723258046,0.0,0.0,0.0,0.0,0.0,0.0,0.0,0.0,0.0,0.0,0.0,0.0,0.0,0.0,0.0,0.0,0.0,0.0,0.0,0.0,0.0,0.0,0.0,0.0,0.0,0.0,0.0,0.0,0.0004051441760326,0.0015524657926455,0.0298091983401542,SPY
2007-04-24,0.008960661468646124,0.2841920357530295,0.2974663025693153,-0.8185766453561366,-0.4708286151136781,-0.5000986009331024,0.7070158995215289,1.664306725384403,0.2851116970344051,-0.7272619771908926,0.0,0.0,0.0,0.0,0.0,0.0,0.0,0.0,0.0,0.0,0.0,0.0,0.0,0.0,0.0,0.0,0.0,0.0,0.0,0.0,0.0,0.0,0.0,0.0,0.0,0.0,0.0,0.0,0.0091400453221783,0.0037066897634936,0.0286173781379384,SPY
2007-04-25,0.6768899743644502,-0.22334522448926272,0.2112672488775173,-0.7944001396288587,-0.46090164612436385,-0.4940505123188957,0.968221443804778,1.82621356935073,0.15809954836297452,-0.012758982055980528,0.0,0.0,0.0,0.0,0.0,0.0,0.0,0.0,0.0,0.0,0.0,0.0,0.0,0.0,0.0,0.0,0.0,0.0,0.0,0.0,0.0,0.0,0.0,0.0,0.0,0.0,0.0,0.0,0.001136527630086,0.0004008624995197,0.0196085830080638,SPY
2007-04-26,0.06488716135179652,0.5056387967729992,0.5145575058823431,-0.8675345004489096,-0.45182928210212214,-0.4868969469301284,0.9088505771434754,1.800263945688272,-0.22154073829925008,0.7017440130789315,0.0,0.0,0.0,0.0,0.0,0.0,0.0,0.0,0.0,0.0,0.0,0.0,0.0,0.0,0.0,0.0,0.0,0.0,0.0,0.0,0.0,0.0,0.0,0.0,0.0,0.0,0.0,0.0,-0.0008023800589667,0.0046673187712702,0.0093779966365454,SPY
2007-04-27,-0.08337476615597007,0.5469183073710665,0.5685173346977144,-0.8598201960907846,-0.44417509580904674,-0.4799901018380323,0.7795712435009822,1.694198222918481,0.14321651303077423,1.4162470082138434,0.0,0.0,0.0,0.0,0.0,0.0,0.0,0.0,0.0,0.0,0.0,0.0,0.0,0.0,0.0,0.0,0.0,0.0,0.0,0.0,0.0,0.0,0.0,0.0,0.0,0.0,0.0,0.0,-0.0083268712766848,0.0092530061317228,0.0143423999159635,SPY
2007-04-30,-0.6587479918917444,-0.014235286707241392,0.1777700541884505,-0.7760740329256732,-0.44128422830908043,-0.47424346918607513,0.3832223850418097,0.9489508274877139,-0.006082099640453583,-1.4417649723258046,0.0,0.0,0.0,0.0,0.0,0.0,0.0,0.0,0.0,0.0,0.0,0.0,0.0,0.0,0.0,0.0,0.0,0.0,0.0,0.0,0.0,0.0,0.0,0.0,0.0,0.0,0.0,0.0,0.0025593681468807,0.0177791681902501,0.0262883129329578,SPY
2007-05-01,0.17368712060060182,-0.5483524769455398,0.0034313826194131915,-0.7768091837198686,-0.43841159699319326,-0.4682958263936725,0.395932727745619,1.3306557662110383,0.6103018016367254,-0.7272619771908926,0.0,0.0,0.0,0.0,0.0,0.0,0.0,0.0,0.0,0.0,0.0,0.0,0.0,0.0,0.0,0.0,0.0,0.0,0.0,0.0,0.0,0.0,0.0,0.0,0.0,0.0,0.0,0.0,0.0058342180582044,0.013893766018973,0.0318412765276781,SPY
2007-05-02,0.424104179077847,-0.35861435814858456,0.08595672046901189,-0.8210491635394429,-0.43428463849001264,-0.462951283145765,0.5408305201050607,1.367601200613722,-0.315077978585711,-0.012758982055980528,0.0,0.0,0.0,0.0,0.0,0.0,0.0,0.0,0.0,0.0,0.0,0.0,0.0,0.0,0.0,0.0,0.0,0.0,0.0,0.0,0.0,0.0,0.0,0.0,0.0,0.0,0.0,0.0,0.0054029839018365,0.0107752877975988,0.0249636258573691,SPY
2007-05-03,0.3911291139980196,0.44064194719990935,-0.04068494517193601,-0.8135063792314148,-0.42861190792228915,-0.457012734985871,0.6617143091999793,1.3907088746627898,-0.3382689346914268,0.7017440130789315,0.0,0.0,0.0,0.0,0.0,0.0,0.0,0.0,0.0,0.0,0.0,0.0,0.0,0.0,0.0,0.0,0.0,0.0,0.0,0.0,0.0,0.0,0.0,0.0,0.0,0.0,0.0,0.0,0.0037833073014859,-0.0051349402886904,0.0245055425703801,SPY
2007-05-04,0.2672777434232137,0.6011365086272707,0.12275708778814359,-0.8118676477422052,-0.42443045702853394,-0.4509098317081931,0.7193127934392439,1.2559353373879452,-0.16029274521341927,1.4162470082138434,0.0,0.0,0.0,0.0,0.0,0.0,0.0,0.0,0.0,0.0,0.0,0.0,0.0,0.0,0.0,0.0,0.0,0.0,0.0,0.0,0.0,0.0,0.0,0.0,0.0,0.0,0.0,0.0,0.0001992907818424,-0.0003974111310522,0.0208517208193361,SPY
2007-05-07,-0.0067802740998575755,0.48538246490580245,0.2984284217882932,-0.8092945523361362,-0.41917594032889816,-0.4449621592915803,0.6433396455539778,1.1870409775756716,-0.8085484319270932,-1.4417649723258046,0.0,0.0,0.0,0.0,0.0,0.0,0.0,0.0,0.0,0.0,0.0,0.0,0.0,0.0,0.0,0.0,0.0,0.0,0.0,0.0,0.0,0.0,0.0,0.0,0.0,0.0,0.0,0.0,-0.0013260340243963,-0.0027865831766185,0.0166865448585875,SPY
2007-05-08,-0.12341687166724877,0.19168439981366714,0.6250538859750014,-0.8010233230890893,-0.41439418884110485,-0.4393525188619861,0.5147795167853376,1.0324580723966663,-0.4708634798904245,-0.7272619771908926,0.0,0.0,0.0,0.0,0.0,0.0,0.0,0.0,0.0,0.0,0.0,0.0,0.0,0.0,0.0,0.0,0.0,0.0,0.0,0.0,0.0,0.0,0.0,0.0,0.0,0.0,0.0,0.0,0.0027157398368302,-0.0011953450551525,0.0072043639188041,SPY
2007-05-09,0.18564435213383013,-0.096688420547536,0.4762095080434107,-0.83136051133818,-0.41133978521623404,-0.4328293270405047,0.5265139935149348,1.1403107748240875,-0.058684978190265184,-0.012758982055980528,0.0,0.0,0.0,0.0,0.0,0.0,0.0,0.0,0.0,0.0,0.0,0.0,0.0,0.0,0.0,0.0,0.0,0.0,0.0,0.0,0.0,0.0,0.0,0.0,0.0,0.0,0.0,0.0,-0.0105072441844527,0.002906535656427,-0.0137214875480475,SPY
2007-05-10,-0.8254739746791572,0.04534075014147011,0.3567449248440122,-0.7231026248312508,-0.41146698653040203,-0.4283343468906116,0.06994831016097462,0.00803776167614219,0.9357108164867024,0.7017440130789315,0.0,0.0,0.0,0.0,0.0,0.0,0.0,0.0,0.0,0.0,0.0,0.0,0.0,0.0,0.0,0.0,0.0,0.0,0.0,0.0,0.0,0.0,0.0,0.0,0.0,0.0,0.0,0.0,0.008520836459124,0.0114330715738537,0.0097133119620398,SPY
2007-05-11,0.6295410984562955,-0.47284961908919027,-0.2527538857964956,-0.6986956478838429,-0.40904878598697614,-0.4232729320936226,0.3193647793734414,0.6065107936726213,0.12205693016557462,1.4162470082138434,0.0,0.0,0.0,0.0,0.0,0.0,0.0,0.0,0.0,0.0,0.0,0.0,0.0,0.0,0.0,0.0,0.0,0.0,0.0,0.0,0.0,0.0,0.0,0.0,0.0,0.0,0.0,0.0,-0.0021898812637237,0.0115986094187761,0.0029122351147297,SPY
2007-05-14,-0.18947244383196477,-0.14520815247585683,-0.07126570276764521,-0.729655481408402,-0.40497620196800715,-0.4197737697671389,0.18912580077078464,0.4500027342079303,-0.009309653617908982,-1.4417649723258046,0.0,0.0,0.0,0.0,0.0,0.0,0.0,0.0,0.0,0.0,0.0,0.0,0.0,0.0,0.0,0.0,0.0,0.0,0.0,0.0,0.0,0.0,0.0,0.0,0.0,0.0,0.0,0.0,0.0002652040970696,0.013264147533877,-0.00586333367798,SPY
2007-05-15,-0.0017400985313206759,0.32422640874013775,-0.1627915760794868,-0.7303891109755334,-0.40152193856549157,-0.4165944797868666,0.15547715481313382,0.0727027495974685,1.4271439108126869,-0.7272619771908926,0.0,0.0,0.0,0.0,0.0,0.0,0.0,0.0,0.0,0.0,0.0,0.0,0.0,0.0,0.0,0.0,0.0,0.0,0.0,0.0,0.0,0.0,0.0,0.0,0.0,0.0,0.0,0.0,0.0068176205484098,0.0122122674106242,0.0087289484763894,SPY
2007-05-16,0.4993017501313843,-0.14172406046241812,-0.10183344667874311,-0.7105411274414222,-0.39777654470269447,-0.4126385911381228,0.3568814671128557,0.33123562666164713,0.04904295220534991,-0.012758982055980528,0.0,0.0,0.0,0.0,0.0,0.0,0.0,0.0,0.0,0.0,0.0,0.0,0.0,0.0,0.0,0.0,0.0,0.0,0.0,0.0,0.0,0.0,0.0,0.0,0.0,0.0,0.0,0.0,-0.001980708267026,0.0055258970545182,0.0082773307170018,SPY
2007-05-17,-0.17347766912037008,0.36666215535280483,0.055303924422267295,-0.7049812035690755,-0.3960494916056784,-0.40892017015775484,0.23153840517812194,0.25643224759802,-0.23628837840285566,0.7017440130789315,0.0,0.0,0.0,0.0,0.0,0.0,0.0,0.0,0.0,0.0,0.0,0.0,0.0,0.0,0.0,0.0,0.0,0.0,0.0,0.0,0.0,0.0,0.0,0.0,0.0,0.0,0.0,0.0,0.0086863743040463,-0.001587453419888,0.015931805669072,SPY
2007-05-18,0.6421992358716219,0.23990216000124784,0.3819437106258126,-0.7120217330361269,-0.3929587138679508,-0.40526584609336413,0.5081330250502887,1.116227570631552,-0.2854733373214544,1.4162470082138434,0.0,0.0,0.0,0.0,0.0,0.0,0.0,0.0,0.0,0.0,0.0,0.0,0.0,0.0,0.0,0.0,0.0,0.0,0.0,0.0,0.0,0.0,0.0,0.0,0.0,0.0,0.0,0.0,-0.0005243431486228,-0.0061118045034831,0.006069045888239,SPY
2007-05-21,-0.06211419326813398,0.34537520568398855,0.3882852362814469,-0.7271463057754778,-0.39006808218070915,-0.4011728763496274,0.4321251195618361,1.0051066468552616,1.2546828390082991,-1.4417649723258046,0.0,0.0,0.0,0.0,0.0,0.0,0.0,0.0,0.0,0.0,0.0,0.0,0.0,0.0,0.0,0.0,0.0,0.0,0.0,0.0,0.0,0.0,0.0,0.0,0.0,0.0,0.0,0.0,-0.0007866760261832,-0.0019684196145508,0.0090753186799004,SPY
2007-05-22,-0.08217393014749327,0.42757290786962093,0.4520896955717094,-0.724550714162377,-0.38703185578673716,-0.39724431109735714,0.34873726641755,0.7524308887959791,-0.6814830809258742,-0.7272619771908926,0.0,0.0,0.0,0.0,0.0,0.0,0.0,0.0,0.0,0.0,0.0,0.0,0.0,0.0,0.0,0.0,0.0,0.0,0.0,0.0,0.0,0.0,0.0,0.0,0.0,0.0,0.0,0.0,0.0001312501923038,0.0069305881532333,-0.0041324359276702,SPY
2007-05-23,-0.011983115375238875,-0.1070890117233571,0.4117936243537573,-0.7665050432085961,-0.38470460035098447,-0.3945400058275198,0.3167496085921041,0.5370436292692666,0.5083347521608579,-0.012758982055980528,0.0,0.0,0.0,0.0,0.0,0.0,0.0,0.0,0.0,0.0,0.0,0.0,0.0,0.0,0.0,0.0,0.0,0.0,0.0,0.0,0.0,0.0,0.0,0.0,0.0,0.0,0.0,0.0,-0.0090940587414323,0.0057559053488249,0.0012784156361815,SPY
2007-05-24,-0.7174123073336176,-0.070087118783583,0.1556480331374681,-0.7022484479697014,-0.38201381994832384,-0.39325179705015983,-0.04069658554048028,-0.2936731837029521,1.7728175133073292,0.7017440130789315,0.0,0.0,0.0,0.0,0.0,0.0,0.0,0.0,0.0,0.0,0.0,0.0,0.0,0.0,0.0,0.0,0.0,0.0,0.0,0.0,0.0,0.0,0.0,0.0,0.0,0.0,0.0,0.0,0.0041620232204513,0.0197948647051049,0.0009185765285355,SPY
2007-05-25,0.2962369107114297,-0.5389583940849362,-0.11685457526673822,-0.6954031122541688,-0.38050475606466616,-0.3912783309188857,0.08773147849400473,-0.08460364192114331,-0.6806137890418871,1.4162470082138434,0.0,0.0,0.0,0.0,0.0,0.0,0.0,0.0,0.0,0.0,0.0,0.0,0.0,0.0,0.0,0.0,0.0,0.0,0.0,0.0,0.0,0.0,0.0,0.0,0.0,0.0,0.0,0.0,0.0036190417403094,0.0157623270350955,-0.0080371290083665,SPY
2007-05-29,0.2547168933834309,-0.3114603053441016,-0.290176201419143,-0.7481758475572968,-0.37739580109603965,-0.3876695787644062,0.17410850752968773,0.1609584205172838,-0.687919878936381,-0.7272619771908926,0.0,0.0,0.0,0.0,0.0,0.0,0.0,0.0,0.0,0.0,0.0,0.0,0.0,0.0,0.0,0.0,0.0,0.0,0.0,0.0,0.0,0.0,0.0,0.0,0.0,0.0,0.0,0.0,0.0081123317416009,0.0081774001158798,-0.0219878901480923,SPY
2007-05-30,0.5983040792016132,0.40607105684615474,-0.1314488627453267,-0.7194100293725252,-0.37210489063248475,-0.3832750938099997,0.4189484486825537,0.3776289658198128,0.5111415090022855,-0.012758982055980528,0.0,0.0,0.0,0.0,0.0,0.0,0.0,0.0,0.0,0.0,0.0,0.0,0.0,0.0,0.0,0.0,0.0,0.0,0.0,0.0,0.0,0.0,0.0,0.0,0.0,0.0,0.0,0.0,-0.0010434326121044,-0.0107431465899008,-0.0159709607838198,SPY
2007-05-31,-0.10180726624901207,0.6290277036785352,0.2094598043666916,-0.7282295907286049,-0.36897771913083915,-0.3798216021407943,0.3327361843239915,1.0166921003909712,0.16410686916201153,0.7017440130789315,0.0,0.0,0.0,0.0,0.0,0.0,0.0,0.0,0.0,0.0,0.0,0.0,0.0,0.0,0.0,0.0,0.0,0.0,0.0,0.0,0.0,0.0,0.0,0.0,0.0,0.0,0.0,0.0,0.0049449006148476,-0.0279098256078178,-0.0150611328125966,SPY
2007-06-01,0.35610098374121,0.3658761948810196,0.1644593324511589,-0.7306205416253893,-0.36392332883062933,-0.3764138996257096,0.4725910362151557,0.9037939374893565,-0.014759137992653583,1.4162470082138434,0.0,0.0,0.0,0.0,0.0,0.0,0.0,0.0,0.0,0.0,0.0,0.0,0.0,0.0,0.0,0.0,0.0,0.0,0.0,0.0,0.0,0.0,0.0,0.0,0.0,0.0,0.0,0.0,0.0001294855504418,-0.0199271708970307,-0.0196732357324185,SPY
2007-06-04,-0.012118051765092976,0.18710539272405044,0.7022724287735769,-0.7346231471322962,-0.36123252877690837,-0.3735086335891085,0.4379803408821208,1.0959361756515615,-0.7568379195088315,-1.4417649723258046,0.0,0.0,0.0,0.0,0.0,0.0,0.0,0.0,0.0,0.0,0.0,0.0,0.0,0.0,0.0,0.0,0.0,0.0,0.0,0.0,0.0,0.0,0.0,0.0,0.0,0.0,0.0,0.0,-0.0039658851789061,-0.0183368968356587,-0.0108029233042739,SPY
2007-06-05,-0.3252776527199294,0.25330526018504534,0.547791493591269,-0.7191006931469122,-0.35950520056504653,-0.3711880902119899,0.2574668116701023,0.751426918784052,0.4816355225146201,-0.7272619771908926,0.0,0.0,0.0,0.0,0.0,0.0,0.0,0.0,0.0,0.0,0.0,0.0,0.0,0.0,0.0,0.0,0.0,0.0,0.0,0.0,0.0,0.0,0.0,0.0,0.0,0.0,0.0,0.0,-0.0108082149641797,-0.0253364617131861,-0.0032201846958574,SPY
2007-06-06,-0.848488225526572,-0.24962227334308784,0.2572234444731636,-0.6409843913835283,-0.3605597157698813,-0.3701922723885808,-0.15898599332825739,-0.2630347772793883,1.373233407582033,-0.012758982055980528,0.0,0.0,0.0,0.0,0.0,0.0,0.0,0.0,0.0,0.0,0.0,0.0,0.0,0.0,0.0,0.0,0.0,0.0,0.0,0.0,0.0,0.0,0.0,0.0,0.0,0.0,0.0,0.0,-0.0182101116300215,0.0003292395024327,0.0065372675806578,SPY
2007-06-07,-1.4144870469697874,-0.8669495068339936,-0.4675965047630964,-0.4730501841915611,-0.36663224716206777,-0.3720742885831943,-0.8035330129320054,-0.9500453784507259,2.915483428307528,0.7017440130789315,0.0,0.0,0.0,0.0,0.0,0.0,0.0,0.0,0.0,0.0,0.0,0.0,0.0,0.0,0.0,0.0,0.0,0.0,0.0,0.0,0.0,0.0,0.0,0.0,0.0,0.0,0.0,0.0,0.0129275553256347,0.0249053539214765,0.0299901159591424,SPY
2007-06-08,0.9665084728303308,-1.6708980969905842,-1.1252282110668186,-0.4439169818795815,-0.36666858197280383,-0.37074041902329213,-0.3470997255522432,-0.7575172284890596,1.6971710811684158,1.4162470082138434,0.0,0.0,0.0,0.0,0.0,0.0,0.0,0.0,0.0,0.0,0.0,0.0,0.0,0.0,0.0,0.0,0.0,0.0,0.0,0.0,0.0,0.0,0.0,0.0,0.0,0.0,0.0,0.0,0.0017197596118139,0.0176515652808859,0.0178472841698527,SPY
2007-06-11,0.10948500284955263,-0.33124380784645124,-0.8194237608986022,-0.4749489695026654,-0.36737771013950793,-0.3703384481160828,-0.2889372998600833,-0.6643789368035158,-0.16923242389459478,-1.4417649723258046,0.0,0.0,0.0,0.0,0.0,0.0,0.0,0.0,0.0,0.0,0.0,0.0,0.0,0.0,0.0,0.0,0.0,0.0,0.0,0.0,0.0,0.0,0.0,0.0,0.0,0.0,0.0,0.0,-0.0109654500564335,0.0147554201922854,0.0017859087434262,SPY
2007-06-12,-0.8605114786092392,0.7936043502380628,-0.7585025633053406,-0.42138079823341723,-0.37208665444840566,-0.3711424491789218,-0.6813843492260434,-0.9763069673618799,2.870975554730194,-0.7272619771908926,0.0,0.0,0.0,0.0,0.0,0.0,0.0,0.0,0.0,0.0,0.0,0.0,0.0,0.0,0.0,0.0,0.0,0.0,0.0,0.0,0.0,0.0,0.0,0.0,0.0,0.0,0.0,0.0,0.0148574862514392,0.0282027998917575,0.0198164660702193,SPY
2007-06-13,1.1140839766215516,-0.5549243366260396,-1.0266462030266648,-0.3261595931607959,-0.374977521948372,-0.3699364179604531,-0.15018991130581566,-0.4544248926415,1.8245034736759915,-0.012758982055980528,0.0,0.0,0.0,0.0,0.0,0.0,0.0,0.0,0.0,0.0,0.0,0.0,0.0,0.0,0.0,0.0,0.0,0.0,0.0,0.0,0.0,0.0,0.0,0.0,0.0,0.0,0.0,0.0,0.0063660027890222,-0.0006491169934355,0.0206262419613896,SPY
2007-06-14,0.4647680176171467,0.18657305854927342,-0.043428723029945104,-0.3284820432524758,-0.37581377282500256,-0.3687852211549291,0.07124943753535523,0.01394561178060769,0.7478969768458096,0.7017440130789315,0.0,0.0,0.0,0.0,0.0,0.0,0.0,0.0,0.0,0.0,0.0,0.0,0.0,0.0,0.0,0.0,0.0,0.0,0.0,0.0,0.0,0.0,0.0,0.0,0.0,0.0,0.0,0.0,0.0056737666850441,-0.001473018026302,0.0172347434409037,SPY
2007-06-15,0.4118349875168828,1.1647656707130984,0.8980481952978716,-0.3205788665588931,-0.3764505261361393,-0.36656534084382053,0.2536288194962031,0.055755077606558893,0.91816213223475,1.4162470082138434,0.0,0.0,0.0,0.0,0.0,0.0,0.0,0.0,0.0,0.0,0.0,0.0,0.0,0.0,0.0,0.0,0.0,0.0,0.0,0.0,0.0,0.0,0.0,0.0,0.0,0.0,0.0,0.0,-0.0011763854767865,-0.0166006825604245,0.0114322543712201,SPY
2007-06-18,-0.11197373683280668,0.6464336698048505,0.6201655951805551,-0.34709851764746413,-0.37745216033735485,-0.3657165282257964,0.19811667132105454,-0.0822813288776362,-0.5389317739798488,-1.4417649723258046,0.0,0.0,0.0,0.0,0.0,0.0,0.0,0.0,0.0,0.0,0.0,0.0,0.0,0.0,0.0,0.0,0.0,0.0,0.0,0.0,0.0,0.0,0.0,0.0,0.0,0.0,0.0,0.0,0.0024819296430385,-0.0202179794000887,0.0120919154740546,SPY
2007-06-19,0.16776565156533713,0.22073892017977012,0.5092182864826031,-0.345566995806613,-0.37665112416101637,-0.3644460149766191,0.2740334905519735,-0.2504600277342624,-0.053770103957718786,-0.7272619771908926,0.0,0.0,0.0,0.0,0.0,0.0,0.0,0.0,0.0,0.0,0.0,0.0,0.0,0.0,0.0,0.0,0.0,0.0,0.0,0.0,0.0,0.0,0.0,0.0,0.0,0.0,0.0,0.0,-0.0139944306337538,-0.0330316284425435,0.0077986482534058,SPY
2007-06-20,-1.0921277135195795,0.040590640542645315,1.0243687851811532,-0.2644729068824003,-0.3767394163755319,-0.3650202802899254,-0.23973743526440816,-0.6349834728669104,1.3895504524646338,-0.012758982055980528,0.0,0.0,0.0,0.0,0.0,0.0,0.0,0.0,0.0,0.0,0.0,0.0,0.0,0.0,0.0,0.0,0.0,0.0,0.0,0.0,0.0,0.0,0.0,0.0,0.0,0.0,0.0,0.0,0.0055421017561556,-0.0049079367029163,0.0256696444636075,SPY
2007-06-21,0.4017670011695186,-0.6828638318973342,-0.08090820587456611,-0.2521366435298933,-0.37031234055105333,-0.3648421202902234,-0.03646136611322928,-0.6178629817150701,1.9012623148260932,0.7017440130789315,0.0,0.0,0.0,0.0,0.0,0.0,0.0,0.0,0.0,0.0,0.0,0.0,0.0,0.0,0.0,0.0,0.0,0.0,0.0,0.0,0.0,0.0,0.0,0.0,0.0,0.0,0.0,0.0,-0.0094538978490783,-0.0105836430999533,0.0099517302751124,SPY
2007-06-22,-0.744928026619014,-0.510146761972878,-0.11247071377163172,-0.2495217624745044,-0.3700236075201447,-0.3647152891719344,-0.3882513556074294,-0.8478239608364356,1.8231245050114733,1.4162470082138434,0.0,0.0,0.0,0.0,0.0,0.0,0.0,0.0,0.0,0.0,0.0,0.0,0.0,0.0,0.0,0.0,0.0,0.0,0.0,0.0,0.0,0.0,0.0,0.0,0.0,0.0,0.0,0.0,-0.0047936823164507,-0.0007969475558491,0.0224629193722565,SPY
2007-06-25,-0.3885765915454994,-0.25387767334758415,-0.6919905981698912,-0.2485614762790463,-0.37152215808647227,-0.3658246565927589,-0.5498853936388821,-0.8640881296523789,2.2324318742722515,-1.4417649723258046,0.0,0.0,0.0,0.0,0.0,0.0,0.0,0.0,0.0,0.0,0.0,0.0,0.0,0.0,0.0,0.0,0.0,0.0,0.0,0.0,0.0,0.0,0.0,0.0,0.0,0.0,0.0,0.0,-0.0103317193994163,0.0129965327391881,0.009763111612469,SPY
2007-06-26,-0.812052168627319,-0.8372325548395296,-0.8305642320330633,-0.22063567930750508,-0.37283282486402125,-0.3688495353151139,-0.8875363818947892,-0.8492383067636747,1.5144500120014934,-0.7272619771908926,0.0,0.0,0.0,0.0,0.0,0.0,0.0,0.0,0.0,0.0,0.0,0.0,0.0,0.0,0.0,0.0,0.0,0.0,0.0,0.0,0.0,0.0,0.0,0.0,0.0,0.0,0.0,0.0,0.0141292611058734,0.0269451055681146,0.022141869104109,SPY
2007-06-27,1.0583989822554918,-0.8867770773325743,-1.3214373866468143,-0.1667207580908382,-0.3743631708461256,-0.3710712128283032,-0.3406848081373244,0.0012225418861789902,1.720301889288233,-0.012758982055980528,0.0,0.0,0.0,0.0,0.0,0.0,0.0,0.0,0.0,0.0,0.0,0.0,0.0,0.0,0.0,0.0,0.0,0.0,0.0,0.0,0.0,0.0,0.0,0.0,0.0,0.0,0.0,0.0,-0.0001336046408813,0.0117650817745769,-0.0159513806856814,SPY
2007-06-28,-0.03223569795020208,0.18123976009976261,-0.2440576927067386,-0.16659700305985659,-0.3776938094274719,-0.3731650914990061,-0.3177749121288308,-0.34938810770884277,0.6515806472774298,0.7017440130789315,0.0,0.0,0.0,0.0,0.0,0.0,0.0,0.0,0.0,0.0,0.0,0.0,0.0,0.0,0.0,0.0,0.0,0.0,0.0,0.0,0.0,0.0,0.0,0.0,0.0,0.0,0.0,0.0,0.0003327976950258,0.0171414231639213,-0.035672667902638,SPY
2007-06-29,0.0034285627601652238,0.7568245425038228,-0.4614861468921247,-0.17840038835938368,-0.38251437175961583,-0.3759074145051731,-0.2689458264036596,-0.39216326143370916,1.3872977425694222,1.4162470082138434,0.0,0.0,0.0,0.0,0.0,0.0,0.0,0.0,0.0,0.0,0.0,0.0,0.0,0.0,0.0,0.0,0.0,0.0,0.0,0.0,0.0,0.0,0.0,0.0,0.0,0.0,0.0,0.0,0.0089997979785865,0.0175933490052404,-0.0204837568911218,SPY
2007-07-02,0.6661657188435887,-0.021852161799019894,-0.08657139005261401,-0.14423173319860638,-0.38452312280790696,-0.3774201451710834,0.08570399869197003,0.2333913868214779,-0.4337171346594064,-1.4417649723258046,0.0,0.0,0.0,0.0,0.0,0.0,0.0,0.0,0.0,0.0,0.0,0.0,0.0,0.0,0.0,0.0,0.0,0.0,0.0,0.0,0.0,0.0,0.0,0.0,0.0,0.0,0.0,0.0,0.0036168534295102,-0.0057480647879586,-0.0408106267707095,SPY
2007-07-03,0.2545495604160558,0.49363993490790026,0.4418377432937121,-0.14327964765318818,-0.38622134779927086,-0.3778709861502645,0.22706585458866374,-0.0877629308129291,-1.3750068345311612,-0.7272619771908926,0.0,0.0,0.0,0.0,0.0,0.0,0.0,0.0,0.0,0.0,0.0,0.0,0.0,0.0,0.0,0.0,0.0,0.0,0.0,0.0,0.0,0.0,0.0,0.0,0.0,0.0,0.0,0.0,-0.0010507626876643,-0.0022998109471092,-0.0395673498632129,SPY
2007-07-05,-0.10236777314545917,0.6789930663534943,0.976188256891288,-0.1858152819770555,-0.38432244617878797,-0.3769611476593798,0.17542315243049142,-0.35301975790890067,-0.7241062814369974,0.7017440130789315,0.0,0.0,0.0,0.0,0.0,0.0,0.0,0.0,0.0,0.0,0.0,0.0,0.0,0.0,0.0,0.0,0.0,0.0,0.0,0.0,0.0,0.0,0.0,0.0,0.0,0.0,0.0,0.0,0.005242736748463,0.0144182138831645,-0.0305578834447448,SPY
2007-07-06,0.3788755384560114,0.11173628300721583,0.3946625617550238,-0.3212631125018273,-0.3824966268520468,-0.37281403473426783,0.3159197302436685,-0.3697068149369142,-0.8679398552069046,1.4162470082138434,0.0,0.0,0.0,0.0,0.0,0.0,0.0,0.0,0.0,0.0,0.0,0.0,0.0,0.0,0.0,0.0,0.0,0.0,0.0,0.0,0.0,0.0,0.0,0.0,0.0,0.0,0.0,0.0,0.0007847235363449,0.0121499814032377,-0.0618831152646235,SPY
2007-07-09,0.037985853291760824,0.20350164538173401,0.6006227569596813,-0.37983444043485143,-0.37784034738510336,-0.3703291461141024,0.3117830220472059,-0.29383322069739026,-1.0110902369967592,-1.4417649723258046,0.0,0.0,0.0,0.0,0.0,0.0,0.0,0.0,0.0,0.0,0.0,0.0,0.0,0.0,0.0,0.0,0.0,0.0,0.0,0.0,0.0,0.0,0.0,0.0,0.0,0.0,0.0,0.0,-0.0143416158146125,0.0112365354822534,-0.046047223208002,SPY
2007-07-10,-1.1186758284230758,0.30709706118815516,0.6179354102596721,-0.28816718811195463,-0.37585008798467795,-0.3700820604521726,-0.22629417871879057,-0.8656423622611137,1.0055224504832436,-0.7272619771908926,0.0,0.0,0.0,0.0,0.0,0.0,0.0,0.0,0.0,0.0,0.0,0.0,0.0,0.0,0.0,0.0,0.0,0.0,0.0,0.0,0.0,0.0,0.0,0.0,0.0,0.0,0.0,0.0,0.0070651072703595,0.0250614269229139,-0.0210922070581744,SPY
2007-07-11,0.5182262500629764,-0.7982499147426674,-0.2762418365066783,-0.3249061028747187,-0.36909395515328697,-0.3673456919122416,-0.0005073628222851775,-0.1440489324260418,0.8862203851578246,-0.012758982055980528,0.0,0.0,0.0,0.0,0.0,0.0,0.0,0.0,0.0,0.0,0.0,0.0,0.0,0.0,0.0,0.0,0.0,0.0,0.0,0.0,0.0,0.0,0.0,0.0,0.0,0.0,0.0,0.0,0.0156672621426094,0.016184982074944,-0.014313575221589,SPY
2007-07-12,1.1760048896965165,-0.44378309508549124,-0.1441440058919531,-0.3153457871751674,-0.36180844240495263,-0.3644536975217779,0.548309982023836,0.16656698443473839,0.08913976544814152,0.7017440130789315,0.0,0.0,0.0,0.0,0.0,0.0,0.0,0.0,0.0,0.0,0.0,0.0,0.0,0.0,0.0,0.0,0.0,0.0,0.0,0.0,0.0,0.0,0.0,0.0,0.0,0.0,0.0,0.0,0.0029745042685362,0.0043942855087824,-0.0600621000733978,SPY
2007-07-13,0.20543122163349542,1.2499273502437862,0.4963003796345688,-0.3258123183489534,-0.35364645305928577,-0.36202592437873743,0.6278669068591648,0.6349485185934987,-0.3386281119527835,1.4162470082138434,0.0,0.0,0.0,0.0,0.0,0.0,0.0,0.0,0.0,0.0,0.0,0.0,0.0,0.0,0.0,0.0,0.0,0.0,0.0,0.0,0.0,0.0,0.0,0.0,0.0,0.0,0.0,0.0,-0.0001287223846393,-0.0087560311920933,-0.0677251851741624,SPY
2007-07-16,-0.031862367788527676,1.019052439100497,0.4094075336443267,-0.3357922594383534,-0.34561225455960093,-0.36041105931104683,0.6010580580403753,0.8570559288281678,-0.5920642955230474,-1.4417649723258046,0.0,0.0,0.0,0.0,0.0,0.0,0.0,0.0,0.0,0.0,0.0,0.0,0.0,0.0,0.0,0.0,0.0,0.0,0.0,0.0,0.0,0.0,0.0,0.0,0.0,0.0,0.0,0.0,-0.0005167243739521,-0.0055700175593882,-0.0640095678108458,SPY
2007-07-17,-0.06153161049521338,0.12752213842751223,0.3744146850563083,-0.3365879851435918,-0.34020730899236706,-0.35870445793933053,0.5583664935905631,1.4082335452518318,-0.06336647901310209,-0.7272619771908926,0.0,0.0,0.0,0.0,0.0,0.0,0.0,0.0,0.0,0.0,0.0,0.0,0.0,0.0,0.0,0.0,0.0,0.0,0.0,0.0,0.0,0.0,0.0,0.0,0.0,0.0,0.0,0.0,-0.0018113375776103,-0.0225467832616743,-0.0788966962449748,SPY
2007-07-18,-0.16052644662645146,-0.0695238966573197,0.9040271359034538,-0.3360032574105039,-0.33631799076297514,-0.3576034247962877,0.4750659953186468,0.9707241282123987,1.952255815969027,-0.012758982055980528,0.0,0.0,0.0,0.0,0.0,0.0,0.0,0.0,0.0,0.0,0.0,0.0,0.0,0.0,0.0,0.0,0.0,0.0,0.0,0.0,0.0,0.0,0.0,0.0,0.0,0.0,0.0,0.0,0.0038765655764478,-0.0186884075918403,-0.090956142162569,SPY
2007-07-19,0.2744088985988662,-0.16449122372190514,0.5639828230116734,-0.4285588361728172,-0.33104101290126653,-0.3539975165659809,0.5727117901954293,1.0845590539163168,0.23146072643377233,0.7017440130789315,0.0,0.0,0.0,0.0,0.0,0.0,0.0,0.0,0.0,0.0,0.0,0.0,0.0,0.0,0.0,0.0,0.0,0.0,0.0,0.0,0.0,0.0,0.0,0.0,0.0,0.0,0.0,0.0,-0.0101758124323394,-0.0465289618522053,-0.0873455881918232,SPY
2007-07-20,-0.8001304729317366,0.08346743334483533,0.11229756151051469,-0.3832323624463012,-0.33009135575489057,-0.3526028285026886,0.17116005505222662,0.4678180817509237,1.9653296371189029,1.4162470082138434,0.0,0.0,0.0,0.0,0.0,0.0,0.0,0.0,0.0,0.0,0.0,0.0,0.0,0.0,0.0,0.0,0.0,0.0,0.0,0.0,0.0,0.0,0.0,0.0,0.0,0.0,0.0,0.0,0.0030572912480657,-0.0562080412777037,-0.0589691539820691,SPY
2007-07-23,0.21176167110609842,-0.38862614014177954,-0.3914728649887032,-0.4283194767981624,-0.3285027640296699,-0.3494647556734401,0.24364967443476732,0.2794732977772913,-0.2557896827636552,-1.4417649723258046,0.0,0.0,0.0,0.0,0.0,0.0,0.0,0.0,0.0,0.0,0.0,0.0,0.0,0.0,0.0,0.0,0.0,0.0,0.0,0.0,0.0,0.0,0.0,0.0,0.0,0.0,0.0,0.0,-0.0174934900762382,-0.0437436238192274,-0.0625098183357346,SPY
2007-07-24,-1.3596893413041646,-0.4348662391401146,-0.2694210936824434,-0.2974749459478916,-0.32780892438798037,-0.3481159851358443,-0.4242028156325282,-0.5966613112955069,2.038757280426746,-0.7272619771908926,0.0,0.0,0.0,0.0,0.0,0.0,0.0,0.0,0.0,0.0,0.0,0.0,0.0,0.0,0.0,0.0,0.0,0.0,0.0,0.0,0.0,0.0,0.0,0.0,0.0,0.0,0.0,0.0,0.0020470380922237,-0.0375772056439904,-0.0430130953613838,SPY
2007-07-25,0.13451091749795802,-0.8478782510751093,-0.919777483794968,-0.3482612252127097,-0.32850282298285055,-0.3450696881095668,-0.3888457020267554,-0.4822499496337558,2.052589643180878,-0.012758982055980528,0.0,0.0,0.0,0.0,0.0,0.0,0.0,0.0,0.0,0.0,0.0,0.0,0.0,0.0,0.0,0.0,0.0,0.0,0.0,0.0,0.0,0.0,0.0,0.0,0.0,0.0,0.0,0.0,-0.0239639886839171,-0.0347641133992073,-0.0332621663916476,SPY
2007-07-26,-1.8544672004705784,-0.9048972547484821,-0.7719684537160921,-0.1950086107070106,-0.34013420704756503,-0.3472535058822146,-1.2335203039692035,-1.3164036477534982,4.211191705357455,0.7017440130789315,0.0,0.0,0.0,0.0,0.0,0.0,0.0,0.0,0.0,0.0,0.0,0.0,0.0,0.0,0.0,0.0,0.0,0.0,0.0,0.0,0.0,0.0,0.0,0.0,0.0,0.0,0.0,0.0,-0.0198548918578378,-0.0028414209844864,-0.0101852221819163,SPY
2007-07-27,-1.5402580098060072,-1.2700942172586012,-1.838501542822968,-0.07350776567061179,-0.35791879010753325,-0.3520888978306737,-1.8804308640319156,-1.6745149402105874,3.1820929019110102,1.4162470082138434,0.0,0.0,0.0,0.0,0.0,0.0,0.0,0.0,0.0,0.0,0.0,0.0,0.0,0.0,0.0,0.0,0.0,0.0,0.0,0.0,0.0,0.0,0.0,0.0,0.0,0.0,0.0,0.0,0.015521708706542,-0.0090690241980642,0.0219472426226481,SPY
2007-07-30,1.1648748946438512,-2.506245984817839,-2.2092936751507337,0.01905816487470781,-0.37152219738859293,-0.3548874475876606,-1.291243379729985,-0.9323308319616571,1.4803590922605838,-1.4417649723258046,0.0,0.0,0.0,0.0,0.0,0.0,0.0,0.0,0.0,0.0,0.0,0.0,0.0,0.0,0.0,0.0,0.0,0.0,0.0,0.0,0.0,0.0,0.0,0.0,0.0,0.0,0.0,0.0,-0.0113270719010012,-0.0079701173116397,-0.002921958435337,SPY
2007-07-31,-0.8881635179545038,-0.2776608905445306,-1.731799099016095,0.01431361538298281,-0.38801057685148976,-0.3604569175883235,-1.6251832899655354,-1.3520324059533937,1.7782747931531278,-0.7272619771908926,0.0,0.0,0.0,0.0,0.0,0.0,0.0,0.0,0.0,0.0,0.0,0.0,0.0,0.0,0.0,0.0,0.0,0.0,0.0,0.0,0.0,0.0,0.0,0.0,0.0,0.0,0.0,0.0,0.0048601303370068,0.0139703549245764,-0.0138201809135551,SPY
2007-08-01,0.3496188779354475,0.20365193152669422,-1.4955721559870492,0.019230649943490708,-0.40269127491642276,-0.3658796292520177,-1.381887632600237,-1.7454686788787823,3.078497695417693,-0.012758982055980528,0.0,0.0,0.0,0.0,0.0,0.0,0.0,0.0,0.0,0.0,0.0,0.0,0.0,0.0,0.0,0.0,0.0,0.0,0.0,0.0,0.0,0.0,0.0,0.0,0.0,0.0,0.0,0.0,0.0079587037308037,0.0229539636945146,0.0007512187637361,SPY
2007-08-02,0.5865566478367374,-0.39809088184739116,-1.3878064867509878,0.04857436282923991,-0.41633105631033973,-0.3700819715795427,-1.0406445072925443,-1.5713097340524227,1.274442701314051,0.7017440130789315,0.0,0.0,0.0,0.0,0.0,0.0,0.0,0.0,0.0,0.0,0.0,0.0,0.0,0.0,0.0,0.0,0.0,0.0,0.0,0.0,0.0,0.0,0.0,0.0,0.0,0.0,0.0,0.0,-0.0260824950714155,-0.0150860027454884,-0.0098729117734617,SPY
2007-08-03,-2.0164624528600754,0.6904043188205099,-0.164892336577221,0.19819241865435722,-0.43404279288929204,-0.37850498374592323,-1.8654824268603531,-1.8909164747541696,1.8263615337344317,1.4162470082138434,0.0,0.0,0.0,0.0,0.0,0.0,0.0,0.0,0.0,0.0,0.0,0.0,0.0,0.0,0.0,0.0,0.0,0.0,0.0,0.0,0.0,0.0,0.0,0.0,0.0,0.0,0.0,0.0,0.0166206155929664,0.0063079114936988,0.0260146829238712,SPY
2007-08-06,1.2489047089835124,-1.056007124315222,-0.403463193715823,0.296586084099728,-0.44821217036181715,-0.384826879059594,-1.1902446381253473,-1.4283211998816443,1.432311932493615,-1.4417649723258046,0.0,0.0,0.0,0.0,0.0,0.0,0.0,0.0,0.0,0.0,0.0,0.0,0.0,0.0,0.0,0.0,0.0,0.0,0.0,0.0,0.0,0.0,0.0,0.0,0.0,0.0,0.0,0.0,0.0106134003352149,-0.0067258091205903,0.0194391938546205,SPY
2007-08-07,0.7895526118739038,-0.5671261132231065,-0.3613655923082362,0.2941325618292534,-0.45465758062567735,-0.38771706637324,-0.7673914547773366,-1.1530776835712917,0.5298235126269779,-0.7272619771908926,0.0,0.0,0.0,0.0,0.0,0.0,0.0,0.0,0.0,0.0,0.0,0.0,0.0,0.0,0.0,0.0,0.0,0.0,0.0,0.0,0.0,0.0,0.0,0.0,0.0,0.0,0.0,0.0,0.013843739106945,-0.0327430622638864,0.0001352359831727,SPY
2007-08-08,1.0365660491323696,1.504001685674261,0.4791435229814968,0.3344002322845523,-0.45790778741668003,-0.3896989951538735,-0.23231773710082737,-0.9435401732172365,0.9059494864701656,-0.012758982055980528,0.0,0.0,0.0,0.0,0.0,0.0,0.0,0.0,0.0,0.0,0.0,0.0,0.0,0.0,0.0,0.0,0.0,0.0,0.0,0.0,0.0,0.0,0.0,0.0,0.0,0.0,0.0,0.0,-0.0300812627091993,-0.060457584866036,-0.0114108321251586,SPY
2007-08-09,-2.3222351314568392,1.3472739094318975,0.8232931373578952,0.4567923155563128,-0.46270999565838244,-0.3979569412214289,-1.2212999504811966,-1.1820368575401423,1.6222074488519294,0.7017440130789315,0.0,0.0,0.0,0.0,0.0,0.0,0.0,0.0,0.0,0.0,0.0,0.0,0.0,0.0,0.0,0.0,0.0,0.0,0.0,0.0,0.0,0.0,0.0,0.0,0.0,0.0,0.0,0.0,-0.0046885808322283,-0.022889202609643,0.0046661848467799,SPY
2007-08-10,-0.3805398249048176,-0.9495455839771221,-0.6339653114990916,0.4481038158562102,-0.46344058278307626,-0.4072608885243475,-1.268106141408444,-1.2938325453120572,1.9952653614044211,1.4162470082138434,0.0,0.0,0.0,0.0,0.0,0.0,0.0,0.0,0.0,0.0,0.0,0.0,0.0,0.0,0.0,0.0,0.0,0.0,0.0,0.0,0.0,0.0,0.0,0.0,0.0,0.0,0.0,0.0,0.0035868949786772,0.0,0.0074361314973927,SPY
2007-08-13,0.2522587356951443,-1.995515510007233,0.1856059236214534,0.4571542139489734,-0.46736647163593004,-0.4160694301613173,-1.0224279978065371,-1.0151579876688956,-0.06502746860529399,-1.4417649723258046,0.0,0.0,0.0,0.0,0.0,0.0,0.0,0.0,0.0,0.0,0.0,0.0,0.0,0.0,0.0,0.0,0.0,0.0,0.0,0.0,0.0,0.0,0.0,0.0,0.0,0.0,0.0,0.0,-0.015403852808081,-0.004070268084277,0.0154420856849046,SPY
2007-08-14,-1.1999016160203388,-0.0952741736854111,-0.3136978682252349,0.48849297288368637,-0.47231488376723607,-0.42684150394443293,-1.4349439555557562,-1.233381450430486,0.6518929335377922,-0.7272619771908926,0.0,0.0,0.0,0.0,0.0,0.0,0.0,0.0,0.0,0.0,0.0,0.0,0.0,0.0,0.0,0.0,0.0,0.0,0.0,0.0,0.0,0.0,0.0,0.0,0.0,0.0,0.0,0.0,-0.0138707834952045,0.0133368176219166,0.0334190593662055,SPY
2007-08-15,-1.082672821367857,-0.7000474709715351,-1.3103828158557054,0.5090093137214468,-0.48215668506064296,-0.4391641582592638,-1.767597198656731,-1.1074751378840426,1.153023729197206,-0.012758982055980528,0.0,0.0,0.0,0.0,0.0,0.0,0.0,0.0,0.0,0.0,0.0,0.0,0.0,0.0,0.0,0.0,0.0,0.0,0.0,0.0,0.0,0.0,0.0,0.0,0.0,0.0,0.0,0.0,0.0074871195471937,0.039005568179081,0.0542984593839497,SPY
2007-08-16,0.5504961481858462,-1.6853642970309322,-2.372087806624284,0.5261658153198778,-0.49219951670225676,-0.4510647663271562,-1.3432721535155727,-0.6978184834801809,2.83488526504287,0.7017440130789315,0.0,0.0,0.0,0.0,0.0,0.0,0.0,0.0,0.0,0.0,0.0,0.0,0.0,0.0,0.0,0.0,0.0,0.0,0.0,0.0,0.0,0.0,0.0,0.0,0.0,0.0,0.0,0.0,0.0182006217774146,0.0306314041577016,0.0467437628807605,SPY
2007-08-17,1.3697226126429347,-0.39339066718909543,-0.9328950949439292,0.6251865806931073,-0.49053799989177765,-0.4591300661562573,-0.5742012531021036,-0.6542463296756665,1.468995189993967,1.4162470082138434,0.0,0.0,0.0,0.0,0.0,0.0,0.0,0.0,0.0,0.0,0.0,0.0,0.0,0.0,0.0,0.0,0.0,0.0,0.0,0.0,0.0,0.0,0.0,0.0,0.0,0.0,0.0,0.0,-0.0004833731055997,0.0247083553270135,0.0231565072006452,SPY
2007-08-20,-0.05898134811878668,1.4167294640619605,-0.056041432543615405,0.6183795294807718,-0.49340475554059515,-0.4676907914007803,-0.4748724696809033,-0.4790914687679373,-0.15149142814554128,-1.4417649723258046,0.0,0.0,0.0,0.0,0.0,0.0,0.0,0.0,0.0,0.0,0.0,0.0,0.0,0.0,0.0,0.0,0.0,0.0,0.0,0.0,0.0,0.0,0.0,0.0,0.0,0.0,0.0,0.0,0.0020032328981125,0.0158442360811701,0.0526540567825764,SPY
2007-08-21,0.13116127762059412,0.9668723691149095,-0.2119677676596232,0.573538128342442,-0.49859049352872414,-0.4735354900629937,-0.3206332759181716,-0.533549566758021,-0.4092512491167977,-0.7272619771908926,0.0,0.0,0.0,0.0,0.0,0.0,0.0,0.0,0.0,0.0,0.0,0.0,0.0,0.0,0.0,0.0,0.0,0.0,0.0,0.0,0.0,0.0,0.0,0.0,0.0,0.0,0.0,0.0,0.0117979670619599,-0.0083842911961617,0.05653701099782,SPY
2007-08-22,0.8801325539517992,0.052686681431366615,0.4548735860344393,0.6123687277236527,-0.504396890609497,-0.4780864698447627,0.18125893508080373,-0.4625888720908402,-0.2939285535056862,-0.012758982055980528,0.0,0.0,0.0,0.0,0.0,0.0,0.0,0.0,0.0,0.0,0.0,0.0,0.0,0.0,0.0,0.0,0.0,0.0,0.0,0.0,0.0,0.0,0.0,0.0,0.0,0.0,0.0,0.0,-0.0008870444741857,-0.0007507282438234,0.0376720439389082,SPY
2007-08-23,-0.08984877699339137,0.7458493566266894,1.4382078820840274,0.49189276233713136,-0.50233354891533,-0.4794627612735659,0.16735721463598222,0.03987155582073629,-0.051579251857637086,0.7017440130789315,0.0,0.0,0.0,0.0,0.0,0.0,0.0,0.0,0.0,0.0,0.0,0.0,0.0,0.0,0.0,0.0,0.0,0.0,0.0,0.0,0.0,0.0,0.0,0.0,0.0,0.0,0.0,0.0,0.0122775729467266,-0.0025291105760318,0.0412538181312527,SPY
2007-08-24,0.9168064468457512,0.5827211989415271,1.1174052522626652,0.4285276229712884,-0.49572344311399946,-0.4765082795492092,0.5876443101000235,-0.036909716949615506,-0.6746276758672699,1.4162470082138434,0.0,0.0,0.0,0.0,0.0,0.0,0.0,0.0,0.0,0.0,0.0,0.0,0.0,0.0,0.0,0.0,0.0,0.0,0.0,0.0,0.0,0.0,0.0,0.0,0.0,0.0,0.0,0.0,-0.0093474923514431,-0.0050015838968411,0.0271317028643256,SPY
2007-08-27,-0.7367915463389623,0.6097903048850652,0.8905014518840219,0.3963364532054518,-0.49258273203171693,-0.47690283452915,0.24118476879919312,-0.4679745253793351,-0.807422261735834,-1.4417649723258046,0.0,0.0,0.0,0.0,0.0,0.0,0.0,0.0,0.0,0.0,0.0,0.0,0.0,0.0,0.0,0.0,0.0,0.0,0.0,0.0,0.0,0.0,0.0,0.0,0.0,0.0,0.0,0.0,-0.0222252943792193,0.0143910349783178,0.0344995819568589,SPY
2007-08-28,-1.7215149354314845,0.13227998402929192,0.5509293157451947,0.4833889869913244,-0.49128627297085914,-0.47873795559913274,-0.5575706413716571,-1.2006897604401787,0.05801754824188461,-0.7272619771908926,0.0,0.0,0.0,0.0,0.0,0.0,0.0,0.0,0.0,0.0,0.0,0.0,0.0,0.0,0.0,0.0,0.0,0.0,0.0,0.0,0.0,0.0,0.0,0.0,0.0,0.0,0.0,0.0,0.0194315300142982,0.0279257718213044,0.0619954896969652,SPY
2007-08-29,1.4638461383868095,-1.815072624990907,-0.3772320204100469,0.5682007245029944,-0.48124353958454785,-0.4786369864162841,0.16088401780208214,-0.17362554550607512,-0.05560311622341619,-0.012758982055980528,0.0,0.0,0.0,0.0,0.0,0.0,0.0,0.0,0.0,0.0,0.0,0.0,0.0,0.0,0.0,0.0,0.0,0.0,0.0,0.0,0.0,0.0,0.0,0.0,0.0,0.0,0.0,0.0,-0.0026654268063941,0.0107919128056197,0.0484605055570241,SPY
2007-08-30,-0.22583585564992886,-0.19077561339635682,-0.08480079219848502,0.5542043449521398,-0.4738484721743115,-0.47996749856570503,0.07991485592513183,-0.12679150936008332,-0.19356597990941737,0.7017440130789315,0.0,0.0,0.0,0.0,0.0,0.0,0.0,0.0,0.0,0.0,0.0,0.0,0.0,0.0,0.0,0.0,0.0,0.0,0.0,0.0,0.0,0.0,0.0,0.0,0.0,0.0,0.0,0.0,0.0098050996259173,-0.0005469061252467,0.0477888170123526,SPY
2007-08-31,0.7277445011304223,0.9131894220367179,-0.1529281572159101,0.407757267209366,-0.46858963224138006,-0.4764899915368241,0.3986346265557253,-0.0018020152853862098,-0.24042680755263307,1.4162470082138434,0.0,0.0,0.0,0.0,0.0,0.0,0.0,0.0,0.0,0.0,0.0,0.0,0.0,0.0,0.0,0.0,0.0,0.0,0.0,0.0,0.0,0.0,0.0,0.0,0.0,0.0,0.0,0.0,0.0100451265237158,-0.0122706399327796,0.0491931778540228,SPY
2007-09-04,0.7460985727152857,0.36987068405264945,-0.2476451870536094,0.36745725276350377,-0.46048237109901397,-0.4738566165007673,0.7412394276902892,0.5725870943576097,-0.7810295604606844,-0.7272619771908926,0.0,0.0,0.0,0.0,0.0,0.0,0.0,0.0,0.0,0.0,0.0,0.0,0.0,0.0,0.0,0.0,0.0,0.0,0.0,0.0,0.0,0.0,0.0,0.0,0.0,0.0,0.0,0.0,-0.0086905575362328,-0.0107229172903062,0.0377861755702344,SPY
2007-09-05,-0.6865578902964593,1.0872582842091914,0.4952591934184611,0.3628201821378518,-0.45526014109166485,-0.4738382791146986,0.4122877038019956,0.710845573773883,-0.4049557937253883,-0.012758982055980528,0.0,0.0,0.0,0.0,0.0,0.0,0.0,0.0,0.0,0.0,0.0,0.0,0.0,0.0,0.0,0.0,0.0,0.0,0.0,0.0,0.0,0.0,0.0,0.0,0.0,0.0,0.0,0.0,0.0022976709986135,0.0005407611191463,0.0444632079180804,SPY
2007-09-06,0.15367599586039443,0.04335761676607201,1.0137562233410935,0.3129816152410646,-0.45255780586547123,-0.4753980826505002,0.5209369813266256,0.6338035587659567,-0.7111591896215061,0.7017440130789315,0.0,0.0,0.0,0.0,0.0,0.0,0.0,0.0,0.0,0.0,0.0,0.0,0.0,0.0,0.0,0.0,0.0,0.0,0.0,0.0,0.0,0.0,0.0,0.0,0.0,0.0,0.0,0.0,-0.0140042457372606,0.0052517066430723,0.0437248301415893,SPY
2007-09-07,-1.0928782423729244,-0.39391119302731564,0.3573818058843514,0.11754076472459911,-0.45337949530632227,-0.4747741474115485,-0.012954803398931377,-0.1191838547128229,0.18920663827939732,1.4162470082138434,0.0,0.0,0.0,0.0,0.0,0.0,0.0,0.0,0.0,0.0,0.0,0.0,0.0,0.0,0.0,0.0,0.0,0.0,0.0,0.0,0.0,0.0,0.0,0.0,0.0,0.0,0.0,0.0,-0.0019186341816155,0.0191883754243376,0.0695410196264187,SPY
2007-09-10,-0.16873106689520737,-0.6938174148505144,-0.07699264902285181,0.1116231717443133,-0.45801740103176325,-0.4737831089607057,-0.09809085400402898,-0.156534581956794,-0.18136284412734158,-1.4417649723258046,0.0,0.0,0.0,0.0,0.0,0.0,0.0,0.0,0.0,0.0,0.0,0.0,0.0,0.0,0.0,0.0,0.0,0.0,0.0,0.0,0.0,0.0,0.0,0.0,0.0,0.0,0.0,0.0,0.0115928491661891,0.0157203757032524,0.0661194802138007,SPY
2007-09-11,0.8644478595411158,-0.9317869962067281,-0.5261126599493458,0.144615532807175,-0.45703135012146906,-0.4717093945023628,0.3059420397471805,0.047197889658806794,-0.4382663627484645,-0.7272619771908926,0.0,0.0,0.0,0.0,0.0,0.0,0.0,0.0,0.0,0.0,0.0,0.0,0.0,0.0,0.0,0.0,0.0,0.0,0.0,0.0,0.0,0.0,0.0,0.0,0.0,0.0,0.0,0.0,0.0025731208732198,0.0331417030133947,0.0639005528044753,SPY
2007-09-12,0.17473874658931401,0.5129210355250627,-0.4668215483026278,0.0626969883591689,-0.44945364575558994,-0.4672500917761992,0.340074236850065,-0.14571021303657922,-0.557935849816374,-0.012758982055980528,0.0,0.0,0.0,0.0,0.0,0.0,0.0,0.0,0.0,0.0,0.0,0.0,0.0,0.0,0.0,0.0,0.0,0.0,0.0,0.0,0.0,0.0,0.0,0.0,0.0,0.0,0.0,0.0,0.0070086165225395,0.036454769253531,0.0596648734353228,SPY
2007-09-13,0.5139065873964982,0.7664370938422125,-0.03532562274046551,-0.01116777754465529,-0.44512614818071317,-0.4600289930630791,0.502755003923211,0.02907805426492909,-0.5285217135842457,0.7017440130789315,0.0,0.0,0.0,0.0,0.0,0.0,0.0,0.0,0.0,0.0,0.0,0.0,0.0,0.0,0.0,0.0,0.0,0.0,0.0,0.0,0.0,0.0,0.0,0.0,0.0,0.0,0.0,0.0,-6.75769559954631e-05,0.0223791527340395,0.0478437570879108,SPY
2007-09-14,-0.027186776908049576,0.5077015715265503,0.1451441780853005,-0.01695329309646799,-0.4401047716620273,-0.4537896801725045,0.4128057406248783,-0.24827371825204442,-0.7920333855090651,1.4162470082138434,0.0,0.0,0.0,0.0,0.0,0.0,0.0,0.0,0.0,0.0,0.0,0.0,0.0,0.0,0.0,0.0,0.0,0.0,0.0,0.0,0.0,0.0,0.0,0.0,0.0,0.0,0.0,0.0,-0.0053866339027006,0.0251414594081937,0.0534274770365499,SPY
2007-09-17,-0.4339176594016744,0.35865976121041543,0.6790386640978561,-0.0901245417543437,-0.43917348825715385,-0.4506791183597264,0.16731332519252973,-0.14108900549513242,-0.8737033786938527,-1.4417649723258046,0.0,0.0,0.0,0.0,0.0,0.0,0.0,0.0,0.0,0.0,0.0,0.0,0.0,0.0,0.0,0.0,0.0,0.0,0.0,0.0,0.0,0.0,0.0,0.0,0.0,0.0,0.0,0.0,0.0290141764763314,0.0286835509906939,0.0503345667470549,SPY
2007-09-18,2.1965997620421267,-0.34093204450883546,0.5461843961490149,0.1395685854753203,-0.43300187621827535,-0.4435039272975662,1.166544800396535,1.1217156607797367,0.41948431779422,-0.7272619771908926,0.0,0.0,0.0,0.0,0.0,0.0,0.0,0.0,0.0,0.0,0.0,0.0,0.0,0.0,0.0,0.0,0.0,0.0,0.0,0.0,0.0,0.0,0.0,0.0,0.0,0.0,0.0,0.0,0.0058861871133562,-0.0023102387445472,0.0133538646587592,SPY
2007-09-19,0.4280780826994927,1.300451203043363,1.2135713259731786,0.14231587413365931,-0.42283137163704393,-0.435769016409272,1.2831354172850884,0.9325961365236097,-0.16628153535363527,-0.012758982055980528,0.0,0.0,0.0,0.0,0.0,0.0,0.0,0.0,0.0,0.0,0.0,0.0,0.0,0.0,0.0,0.0,0.0,0.0,0.0,0.0,0.0,0.0,0.0,0.0,0.0,0.0,0.0,0.0,-0.0070669999969519,-0.0029258124970166,0.0105189111866739,SPY
2007-09-20,-0.5624097570188208,1.9366927423118483,1.340490306768712,0.1422032829687397,-0.41525360831798264,-0.4306032256452694,0.9390991104428408,0.7569406535356272,-0.3197161502606973,0.7017440130789315,0.0,0.0,0.0,0.0,0.0,0.0,0.0,0.0,0.0,0.0,0.0,0.0,0.0,0.0,0.0,0.0,0.0,0.0,0.0,0.0,0.0,0.0,0.0,0.0,0.0,0.0,0.0,0.0,0.0026947297181587,0.0100377333742924,0.0139492106283221,SPY
2007-09-21,0.18403777709728183,-0.099740127976859,0.801272925274662,0.13997306084564162,-0.4031640990814472,-0.4249411009900671,0.9625344878914232,0.6301774005218689,-0.5917567499414845,1.4162470082138434,0.0,0.0,0.0,0.0,0.0,0.0,0.0,0.0,0.0,0.0,0.0,0.0,0.0,0.0,0.0,0.0,0.0,0.0,0.0,0.0,0.0,0.0,0.0,0.0,0.0,0.0,0.0,0.0,-0.0018445423202004,0.0040058883050679,-0.0152507483386221,SPY
2007-09-24,-0.16306550465721967,-0.27986698022953876,0.907093069611386,0.1108405220713882,-0.39107714448276726,-0.4211979240447704,0.8397789197717532,0.3424612826744104,-0.604980933545012,-1.4417649723258046,0.0,0.0,0.0,0.0,0.0,0.0,0.0,0.0,0.0,0.0,0.0,0.0,0.0,0.0,0.0,0.0,0.0,0.0,0.0,0.0,0.0,0.0,0.0,0.0,0.0,0.0,0.0,0.0,-0.0019796132589098,0.0170598910928561,-0.0076100236554923,SPY
2007-09-25,-0.17339393743223397,0.014890162307176512,1.042785694192556,0.0789839439626082,-0.3826445993370903,-0.4164650417380865,0.6986109911214705,0.6105582937469874,-0.5710350244426905,-0.7272619771908926,0.0,0.0,0.0,0.0,0.0,0.0,0.0,0.0,0.0,0.0,0.0,0.0,0.0,0.0,0.0,0.0,0.0,0.0,0.0,0.0,0.0,0.0,0.0,0.0,0.0,0.0,0.0,0.0,0.0052706133608868,0.0176776285916933,0.0024408914552527,SPY
2007-09-26,0.3810071718048682,-0.24893121537306354,-0.1445434803747569,-0.1153003974533095,-0.37343817578059024,-0.408030950117118,0.7817291268764726,0.6792790977576626,-0.6347558658905691,-0.012758982055980528,0.0,0.0,0.0,0.0,0.0,0.0,0.0,0.0,0.0,0.0,0.0,0.0,0.0,0.0,0.0,0.0,0.0,0.0,0.0,0.0,0.0,0.0,0.0,0.0,0.0,0.0,0.0,0.0,0.0058965458743571,0.0103934900424196,-0.0046759713106894,SPY
2007-09-27,0.4288701832627413,0.15265039372209843,-0.1681252585841428,-0.21242695549180887,-0.36447951279400076,-0.4013546011292811,0.9136533967276896,1.4604408118291996,-0.9264166464981738,0.7017440130789315,0.0,0.0,0.0,0.0,0.0,0.0,0.0,0.0,0.0,0.0,0.0,0.0,0.0,0.0,0.0,0.0,0.0,0.0,0.0,0.0,0.0,0.0,0.0,0.0,0.0,0.0,0.0,0.0,-0.0033371153510657,0.0060562373901849,-0.0081986073693602,SPY
2007-09-28,-0.2771976811149427,0.5971832753615314,0.3284902360142971,-0.2096914104673891,-0.3564381809593787,-0.3947905377725616,0.6958650132475837,1.375976549382862,-0.677424034244581,1.4162470082138434,0.0,0.0,0.0,0.0,0.0,0.0,0.0,0.0,0.0,0.0,0.0,0.0,0.0,0.0,0.0,0.0,0.0,0.0,0.0,0.0,0.0,0.0,0.0,0.0,0.0,0.0,0.0,0.0,0.0112094604675876,0.0212052964888194,0.0067928993860242,SPY
2007-10-01,0.8351313800819394,0.11136037819165283,0.09741860236321688,-0.20118225902530187,-0.3437807757274556,-0.3879621672130914,1.0286463631664915,1.3788301253768664,-0.5667107414831779,-1.4417649723258046,0.0,0.0,0.0,0.0,0.0,0.0,0.0,0.0,0.0,0.0,0.0,0.0,0.0,0.0,0.0,0.0,0.0,0.0,0.0,0.0,0.0,0.0,0.0,0.0,0.0,0.0,0.0,0.0,-0.0013618757600726,0.0046556624269982,-0.0011017222207545,SPY
2007-10-02,-0.12615757193193666,0.4112229373491262,0.5974993761964525,-0.2197915942440932,-0.33946968678803846,-0.38269456791362,0.9037600494391056,1.2637410226169257,-0.8830354293397208,-0.7272619771908926,0.0,0.0,0.0,0.0,0.0,0.0,0.0,0.0,0.0,0.0,0.0,0.0,0.0,0.0,0.0,0.0,0.0,0.0,0.0,0.0,0.0,0.0,0.0,0.0,0.0,0.0,0.0,0.0,-0.0020135251883868,0.0153914599439346,-0.0067069562718087,SPY
2007-10-03,-0.17598707173055836,0.5227060768407785,0.6211640445335317,-0.2579295582796639,-0.33737069807025033,-0.3765290983041551,0.7423395200657397,1.0255209164958137,-0.8160112529338971,-0.012758982055980528,0.0,0.0,0.0,0.0,0.0,0.0,0.0,0.0,0.0,0.0,0.0,0.0,0.0,0.0,0.0,0.0,0.0,0.0,0.0,0.0,0.0,0.0,0.0,0.0,0.0,0.0,0.0,0.0,0.0015592932221224,0.0157424266363888,0.0056415652334802,SPY
2007-10-04,0.09721466302357673,-0.22360336384836502,0.3421187814333171,-0.257769720229479,-0.33285946308034586,-0.3704543281513614,0.7184195231972521,1.061293010818395,-1.150539512761107,0.7017440130789315,0.0,0.0,0.0,0.0,0.0,0.0,0.0,0.0,0.0,0.0,0.0,0.0,0.0,0.0,0.0,0.0,0.0,0.0,0.0,0.0,0.0,0.0,0.0,0.0,0.0,0.0,0.0,0.0,0.0118119437475687,0.0093706335893939,-0.0196038050226512,SPY
2007-10-05,0.8812013053731437,-0.0587316740514779,0.1759646371528497,-0.3401750639946124,-0.32574106294991423,-0.3608022766299802,1.0364927243228843,1.5435392292345205,-0.6587493950358623,1.4162470082138434,0.0,0.0,0.0,0.0,0.0,0.0,0.0,0.0,0.0,0.0,0.0,0.0,0.0,0.0,0.0,0.0,0.0,0.0,0.0,0.0,0.0,0.0,0.0,0.0,0.0,0.0,0.0,0.0,-0.0053401735942335,0.0030748328344687,-0.030291496137786,SPY
2007-10-08,-0.4303649916161838,0.721582111148476,0.7563041176972809,-0.3200901911885993,-0.31963168581941964,-0.3516585469301628,0.708114257752083,0.6366856071883755,-1.1836618488820287,-1.4417649723258046,0.0,0.0,0.0,0.0,0.0,0.0,0.0,0.0,0.0,0.0,0.0,0.0,0.0,0.0,0.0,0.0,0.0,0.0,0.0,0.0,0.0,0.0,0.0,0.0,0.0,0.0,0.0,0.0,0.0093739217568638,-6.453776349335527e-05,-0.0325854622906636,SPY
2007-10-09,0.6947737401573734,0.33217404895024816,0.12231054937702408,-0.3334673309667635,-0.31029344294955014,-0.3427286546537779,0.9436237359839944,0.7460727935059053,-0.98958953573045,-0.7272619771908926,0.0,0.0,0.0,0.0,0.0,0.0,0.0,0.0,0.0,0.0,0.0,0.0,0.0,0.0,0.0,0.0,0.0,0.0,0.0,0.0,0.0,0.0,0.0,0.0,0.0,0.0,0.0,0.0,-0.0016625584959326,-0.0174049851323214,-0.028586981457443,SPY
2007-10-10,-0.14914979700722777,0.19457132626645043,0.5335840887858616,-0.3241511624532748,-0.30289982971778634,-0.334387069566298,0.7671703379021391,1.0851290401827034,-0.9180352923397418,-0.012758982055980528,0.0,0.0,0.0,0.0,0.0,0.0,0.0,0.0,0.0,0.0,0.0,0.0,0.0,0.0,0.0,0.0,0.0,0.0,0.0,0.0,0.0,0.0,0.0,0.0,0.0,0.0,0.0,0.0,-0.0048124998248724,-0.0126911929951178,-0.0546613670108371,SPY
2007-10-11,-0.3900155048497516,0.40213707113609065,0.5470291368684601,-0.3086368700962573,-0.29853342304325714,-0.3276911685997771,0.4948732868622686,0.6935959230914125,0.19318913190787781,0.7017440130789315,0.0,0.0,0.0,0.0,0.0,0.0,0.0,0.0,0.0,0.0,0.0,0.0,0.0,0.0,0.0,0.0,0.0,0.0,0.0,0.0,0.0,0.0,0.0,0.0,0.0,0.0,0.0,0.0,0.0055161429926435,-0.0115153937255492,-0.0549327995023469,SPY
2007-10-12,0.3997820194523629,-0.39854899413709116,0.3029345668391604,-0.307756044767882,-0.29165360643751465,-0.3201932316430236,0.6030215538747653,0.9596739481350385,-0.7204886650483735,1.4162470082138434,0.0,0.0,0.0,0.0,0.0,0.0,0.0,0.0,0.0,0.0,0.0,0.0,0.0,0.0,0.0,0.0,0.0,0.0,0.0,0.0,0.0,0.0,0.0,0.0,0.0,0.0,0.0,0.0,-0.0084795441921956,-0.0435367659669783,-0.0742705446196447,SPY
2007-10-15,-0.6704223902448299,0.00661916018159061,0.06175115630946859,-0.283877179602399,-0.29035095729262156,-0.3131782483092278,0.19058805319593652,0.5857799702097837,-0.400500956476988,-1.4417649723258046,0.0,0.0,0.0,0.0,0.0,0.0,0.0,0.0,0.0,0.0,0.0,0.0,0.0,0.0,0.0,0.0,0.0,0.0,0.0,0.0,0.0,0.0,0.0,0.0,0.0,0.0,0.0,0.0,-0.0079665256119643,-0.0292610394118533,-0.0757620846676134,SPY
2007-10-16,-0.6311935378441507,-0.20034996932984162,-0.058513784911995104,-0.5903641478441037,-0.29091960002830575,-0.3112976540767009,-0.13107843255291998,0.04853718860402779,-0.3634396170165113,-0.7272619771908926,0.0,0.0,0.0,0.0,0.0,0.0,0.0,0.0,0.0,0.0,0.0,0.0,0.0,0.0,0.0,0.0,0.0,0.0,0.0,0.0,0.0,0.0,0.0,0.0,0.0,0.0,0.0,0.0,0.0030512336412709,-0.0132232119480537,-0.0377709865621387,SPY
2007-10-17,0.21129846573301542,-0.9613159967531327,-0.7228023161608303,-0.6025410508293555,-0.29005744905402775,-0.30980966950098293,-0.03717601782655128,-0.04811345423825461,0.06539382098690172,-0.012758982055980528,0.0,0.0,0.0,0.0,0.0,0.0,0.0,0.0,0.0,0.0,0.0,0.0,0.0,0.0,0.0,0.0,0.0,0.0,0.0,0.0,0.0,0.0,0.0,0.0,0.0,0.0,0.0,0.0,-0.0036367005553037,-0.0181206949943799,-0.0435947297356866,SPY
2007-10-18,-0.3001059815378653,-0.31051529413594314,-0.54222346552147,-0.6257382358905768,-0.29066283927271813,-0.30784696683272084,-0.19786072239768418,-0.06215983474791561,-0.4949988240061107,0.7017440130789315,0.0,0.0,0.0,0.0,0.0,0.0,0.0,0.0,0.0,0.0,0.0,0.0,0.0,0.0,0.0,0.0,0.0,0.0,0.0,0.0,0.0,0.0,0.0,0.0,0.0,0.0,0.0,0.0,-0.0265052292487855,-0.0121100846233899,-0.0544866810108013,SPY
2007-10-19,-2.0487875523550945,-0.0661386154954267,-0.4971802233713704,-0.296007843634223,-0.30200099021368426,-0.3099674085451708,-1.1399592721592884,-1.3446455478909758,0.8211232511098236,1.4162470082138434,0.0,0.0,0.0,0.0,0.0,0.0,0.0,0.0,0.0,0.0,0.0,0.0,0.0,0.0,0.0,0.0,0.0,0.0,0.0,0.0,0.0,0.0,0.0,0.0,0.0,0.0,0.0,0.0,0.0057961823629293,0.0260495360297143,-0.0262651782035794,SPY
2007-10-22,0.4211957139005597,-1.734314613119766,-1.7238746610863758,-0.2803424870255935,-0.3102201444941435,-0.311027580027712,-0.9165097422668192,-1.0782905951238635,0.5532648426149864,-1.4417649723258046,0.0,0.0,0.0,0.0,0.0,0.0,0.0,0.0,0.0,0.0,0.0,0.0,0.0,0.0,0.0,0.0,0.0,0.0,0.0,0.0,0.0,0.0,0.0,0.0,0.0,0.0,0.0,0.0,0.0080713018518352,0.0235681925275939,-0.0460835644134229,SPY
2007-10-23,0.5951666577676585,-1.2019197548063578,-1.1769913411749526,-0.2551167726927905,-0.31887962008567555,-0.3106864967470496,-0.626504857560166,-0.7393409307492605,-0.18320541697124298,-0.7272619771908926,0.0,0.0,0.0,0.0,0.0,0.0,0.0,0.0,0.0,0.0,0.0,0.0,0.0,0.0,0.0,0.0,0.0,0.0,0.0,0.0,0.0,0.0,0.0,0.0,0.0,0.0,0.0,0.0,-0.0018462494050552,0.0085297808646318,-0.0480521734415599,SPY
2007-10-24,-0.16319603985104086,0.7495904606657312,-0.5626043750404277,-0.264996965934593,-0.32757576455596993,-0.3113410239203264,-0.6856172846044195,-0.839083508316633,1.1644646749748715,-0.012758982055980528,0.0,0.0,0.0,0.0,0.0,0.0,0.0,0.0,0.0,0.0,0.0,0.0,0.0,0.0,0.0,0.0,0.0,0.0,0.0,0.0,0.0,0.0,0.0,0.0,0.0,0.0,0.0,0.0,0.0023739098156863,0.0207110265865893,-0.0668824849068689,SPY
2007-10-25,0.15950572877338723,0.31824922452875287,-0.7502201700924316,-0.2774458866434773,-0.33423543033170594,-0.312493395819519,-0.583833614268001,-1.2027022453865013,0.4022233097211497,0.7017440130789315,0.0,0.0,0.0,0.0,0.0,0.0,0.0,0.0,0.0,0.0,0.0,0.0,0.0,0.0,0.0,0.0,0.0,0.0,0.0,0.0,0.0,0.0,0.0,0.0,0.0,0.0,0.0,0.0,0.0116543914043187,-0.005348960263106,-0.0521122524920762,SPY
2007-10-26,0.8691537931447391,-0.0033133616004941903,-0.5199620083317633,-0.22838388812376598,-0.33920726652704664,-0.3115346280082416,-0.16660308345322966,-0.6273663303865483,-0.17817936656221456,1.4162470082138434,0.0,0.0,0.0,0.0,0.0,0.0,0.0,0.0,0.0,0.0,0.0,0.0,0.0,0.0,0.0,0.0,0.0,0.0,0.0,0.0,0.0,0.0,0.0,0.0,0.0,0.0,0.0,0.0,0.0033148388608088,-0.0158790990349908,-0.0860768235447517,SPY
2007-10-29,0.23145549444070593,0.7586670226735039,0.9418802277706216,-0.2721467196796289,-0.34082162079249273,-0.3116912610819178,-0.04143522591010388,-0.8484498925831216,-0.843927257909818,-1.4417649723258046,0.0,0.0,0.0,0.0,0.0,0.0,0.0,0.0,0.0,0.0,0.0,0.0,0.0,0.0,0.0,0.0,0.0,0.0,0.0,0.0,0.0,0.0,0.0,0.0,0.0,0.0,0.0,0.0,-0.0069671098111268,-0.0268280776429108,-0.0779636695208942,SPY
2007-10-30,-0.5547714813169105,0.8117733518841341,0.8468233935674564,-0.2546263601949815,-0.34214266332994897,-0.3126408355133194,-0.2873660854524247,-0.9856260373673599,-0.5562404591105357,-0.7272619771908926,0.0,0.0,0.0,0.0,0.0,0.0,0.0,0.0,0.0,0.0,0.0,0.0,0.0,0.0,0.0,0.0,0.0,0.0,0.0,0.0,0.0,0.0,0.0,0.0,0.0,0.0,0.0,0.0,0.0103349963169021,-0.0064885652416997,-0.0395129734830517,SPY
2007-10-31,0.7682639674407438,-0.23922999323499372,0.2707226630948023,-0.21489825947834199,-0.3414086765718001,-0.31183876989887593,0.08601548758809832,-0.5040867216645118,0.3498218474289701,-0.012758982055980528,0.0,0.0,0.0,0.0,0.0,0.0,0.0,0.0,0.0,0.0,0.0,0.0,0.0,0.0,0.0,0.0,0.0,0.0,0.0,0.0,0.0,0.0,0.0,0.0,0.0,0.0,0.0,0.0,-0.023686077034009,-0.0445605056079285,-0.0495086274642657,SPY
2007-11-01,-1.833216205838457,0.15698988636832872,0.737369322048169,-0.02551673701992769,-0.34628874231492884,-0.3145952335280095,-0.7523639265834658,-1.2140615262318892,1.4714956680531777,0.7017440130789315,0.0,0.0,0.0,0.0,0.0,0.0,0.0,0.0,0.0,0.0,0.0,0.0,0.0,0.0,0.0,0.0,0.0,0.0,0.0,0.0,0.0,0.0,0.0,0.0,0.0,0.0,0.0,0.0,0.0011242526324339,-0.0259583608903017,-0.0158167163081719,SPY
2007-11-02,0.06394853244113242,-0.7866338459444777,-0.26095269471062,-0.0803930662675834,-0.34348182414512246,-0.3188822122238656,-0.6559615643449579,-1.0107059110210233,1.470203333620755,1.4162470082138434,0.0,0.0,0.0,0.0,0.0,0.0,0.0,0.0,0.0,0.0,0.0,0.0,0.0,0.0,0.0,0.0,0.0,0.0,0.0,0.0,0.0,0.0,0.0,0.0,0.0,0.0,0.0,0.0,-0.0076341397471111,-0.0409042156473899,-0.0235546935318158,SPY
2007-11-05,-0.605777078217056,-1.3064910965178904,-0.6643477323263379,-0.0727566880187631,-0.34438068330028465,-0.3234640505578503,-0.8753322931000938,-0.9996982170203259,0.4575817639934695,-1.4417649723258046,0.0,0.0,0.0,0.0,0.0,0.0,0.0,0.0,0.0,0.0,0.0,0.0,0.0,0.0,0.0,0.0,0.0,0.0,0.0,0.0,0.0,0.0,0.0,0.0,0.0,0.0,0.0,0.0,0.0133724025900843,-0.0432411601404432,-0.0248991460796714,SPY
2007-11-06,1.0005244877475126,-0.40051474214218113,-1.0837879441864346,-0.03835822493631179,-0.34381178510081506,-0.3275295981577464,-0.3325893690502707,-0.6976900112577289,-0.07150951894266308,-0.7272619771908926,0.0,0.0,0.0,0.0,0.0,0.0,0.0,0.0,0.0,0.0,0.0,0.0,0.0,0.0,0.0,0.0,0.0,0.0,0.0,0.0,0.0,0.0,0.0,0.0,0.0,0.0,0.0,0.0,-0.0277369440493266,-0.0265889902370171,-0.0216702910870729,SPY
2007-11-07,-2.142972753383045,0.29077466723872075,-0.3046093836836353,0.16344179245611562,-0.35036132633389816,-0.3351906163912482,-1.2445938192761006,-1.130157954570622,1.2998608153162663,-0.012758982055980528,0.0,0.0,0.0,0.0,0.0,0.0,0.0,0.0,0.0,0.0,0.0,0.0,0.0,0.0,0.0,0.0,0.0,0.0,0.0,0.0,0.0,0.0,0.0,0.0,0.0,0.0,0.0,0.0,-0.0050839323163822,-0.0016245557199674,0.0202780142710006,SPY
2007-11-08,-0.4107710594368502,-0.8438338867901556,-1.7630927093871664,0.1637858447397506,-0.35894744451684113,-0.3428516839984339,-1.3293467626818838,-0.7439680035641945,1.9791822552499805,0.7017440130789315,0.0,0.0,0.0,0.0,0.0,0.0,0.0,0.0,0.0,0.0,0.0,0.0,0.0,0.0,0.0,0.0,0.0,0.0,0.0,0.0,0.0,0.0,0.0,0.0,0.0,0.0,0.0,0.0,-0.0138216021246542,-0.0110692752340035,0.0251636542288524,SPY
2007-11-09,-1.0789120828672925,-1.885515193839989,-1.0504702994968411,0.1739924429733057,-0.3745050122003152,-0.3531677918140148,-1.6916157874983837,-1.153607626627127,1.1853555304597925,1.4162470082138434,0.0,0.0,0.0,0.0,0.0,0.0,0.0,0.0,0.0,0.0,0.0,0.0,0.0,0.0,0.0,0.0,0.0,0.0,0.0,0.0,0.0,0.0,0.0,0.0,0.0,0.0,0.0,0.0,-0.0099710842401643,0.004468600449087,0.0467079821962759,SPY
2007-11-12,-0.7844755778800332,-1.1001289490845683,-1.623025303048376,0.1786416908468743,-0.39364023229474887,-0.3635945361796836,-1.9125655277732327,-1.538274598582509,0.8389238179407366,-1.4417649723258046,0.0,0.0,0.0,0.0,0.0,0.0,0.0,0.0,0.0,0.0,0.0,0.0,0.0,0.0,0.0,0.0,0.0,0.0,0.0,0.0,0.0,0.0,0.0,0.0,0.0,0.0,0.0,0.0,0.0300245724935104,0.0004174808423371,0.0288766186812008,SPY
2007-11-13,2.2738614397893118,-1.3759613301892666,-1.712550411131291,0.4542810378392322,-0.40277667842505505,-0.3688494661919567,-0.7667954749196991,-0.7671827698205992,0.15343376810964854,-0.7272619771908926,0.0,0.0,0.0,0.0,0.0,0.0,0.0,0.0,0.0,0.0,0.0,0.0,0.0,0.0,0.0,0.0,0.0,0.0,0.0,0.0,0.0,0.0,0.0,0.0,0.0,0.0,0.0,0.0,-0.002772509532277,-0.023504398827475,0.0086746496208718,SPY
2007-11-14,-0.23402412135841197,1.098730460832686,-1.0746288366776673,0.4481375585252617,-0.41558246881429073,-0.37491559595013,-0.7882282863357281,-0.8613152913316123,0.6547940550680839,-0.012758982055980528,0.0,0.0,0.0,0.0,0.0,0.0,0.0,0.0,0.0,0.0,0.0,0.0,0.0,0.0,0.0,0.0,0.0,0.0,0.0,0.0,0.0,0.0,0.0,0.0,0.0,0.0,0.0,0.0,-0.0145286518304184,-0.0414084501655622,0.0093687930555406,SPY
2007-11-15,-1.132977860630862,1.5050202658567917,-0.11827591301549802,0.4829221042906694,-0.42565454123382623,-0.3824291053666745,-1.2164672595432366,-1.329823628662205,1.050982897956407,0.7017440130789315,0.0,0.0,0.0,0.0,0.0,0.0,0.0,0.0,0.0,0.0,0.0,0.0,0.0,0.0,0.0,0.0,0.0,0.0,0.0,0.0,0.0,0.0,0.0,0.0,0.0,0.0,0.0,0.0,0.0017162735584363,-0.0097356561046648,0.0111374011143539,SPY
2007-11-16,0.10921843575299812,-1.0095776314090172,-0.4800900416010562,0.3376100199901414,-0.43557964337239924,-0.3860060213700046,-1.1078466782545864,-1.3719440210127556,1.5808177763767033,1.4162470082138434,0.0,0.0,0.0,0.0,0.0,0.0,0.0,0.0,0.0,0.0,0.0,0.0,0.0,0.0,0.0,0.0,0.0,0.0,0.0,0.0,0.0,0.0,0.0,0.0,0.0,0.0,0.0,0.0,-0.0140222038469142,-0.0337621093114579,-0.0049503323309894,SPY
2007-11-19,-1.094251440265053,-0.7562293116752209,0.11514446398625648,0.3610569833160592,-0.44711947314656575,-0.3922565124625325,-1.5302243398550135,-1.4479104319462517,1.0268657685675386,-1.4417649723258046,0.0,0.0,0.0,0.0,0.0,0.0,0.0,0.0,0.0,0.0,0.0,0.0,0.0,0.0,0.0,0.0,0.0,0.0,0.0,0.0,0.0,0.0,0.0,0.0,0.0,0.0,0.0,0.0,0.0061026928236982,-0.0083119125798774,0.0146392391599032,SPY
2007-11-20,0.4446335660332177,-0.7276452292946739,-0.04004831946631521,0.35155281760669577,-0.46075076528237646,-0.3988204178234652,-1.2258181159127024,-1.5650814025949606,2.631226135333591,-0.7272619771908926,0.0,0.0,0.0,0.0,0.0,0.0,0.0,0.0,0.0,0.0,0.0,0.0,0.0,0.0,0.0,0.0,0.0,0.0,0.0,0.0,0.0,0.0,0.0,0.0,0.0,0.0,0.0,0.0,-0.0206765608703642,0.0170689808231401,0.008536546336205,SPY
2007-11-21,-1.6030883509606637,-0.48007435584321506,-0.9564624103240442,0.430766860111399,-0.47218043121176906,-0.407855041557385,-1.8466165001696289,-1.5151045960581986,0.7872577996757915,-0.012758982055980528,0.0,0.0,0.0,0.0,0.0,0.0,0.0,0.0,0.0,0.0,0.0,0.0,0.0,0.0,0.0,0.0,0.0,0.0,0.0,0.0,0.0,0.0,0.0,0.0,0.0,0.0,0.0,0.0,0.0171441422304789,0.0380848840291925,0.0355000126197193,SPY
2007-11-23,1.288937078145546,-0.8556483447685596,-1.6423418293384515,0.5208618045181086,-0.47773936248853777,-0.4149629856625579,-1.1408641776902038,-1.15575054503991,-1.2858744165428235,1.4162470082138434,0.0,0.0,0.0,0.0,0.0,0.0,0.0,0.0,0.0,0.0,0.0,0.0,0.0,0.0,0.0,0.0,0.0,0.0,0.0,0.0,0.0,0.0,0.0,0.0,0.0,0.0,0.0,0.0,-0.0223101796483566,0.0309465759207983,0.0326683627465218,SPY
2007-11-26,-1.7280058342454765,-0.23246549139770134,-0.4290009391211338,0.5504012409907294,-0.48542638570359364,-0.4266434858492088,-1.785916891562468,-1.315256125559069,0.2792694808915261,-1.4417649723258046,0.0,0.0,0.0,0.0,0.0,0.0,0.0,0.0,0.0,0.0,0.0,0.0,0.0,0.0,0.0,0.0,0.0,0.0,0.0,0.0,0.0,0.0,0.0,0.0,0.0,0.0,0.0,0.0,0.0114279928846663,0.046643030977945,0.0623766823385212,SPY
2007-11-27,0.8518418390490959,-0.32466744549661847,-1.3494210974009455,0.5928329758530505,-0.4874994350216136,-0.4373007263191372,-1.237372452027942,-1.3719235214670835,1.1579322708837103,-0.7272619771908926,0.0,0.0,0.0,0.0,0.0,0.0,0.0,0.0,0.0,0.0,0.0,0.0,0.0,0.0,0.0,0.0,0.0,0.0,0.0,0.0,0.0,0.0,0.0,0.0,0.0,0.0,0.0,0.0,0.0314835862267157,0.0262364457983119,0.053090760281111,SPY
2007-11-28,2.38542744655006,-0.6472887000422303,-0.3744592958267266,0.8410000098461962,-0.48924213036273273,-0.44276753855697343,-0.010598675208517077,-0.4299876066720084,0.7331766197245587,-0.012758982055980528,0.0,0.0,0.0,0.0,0.0,0.0,0.0,0.0,0.0,0.0,0.0,0.0,0.0,0.0,0.0,0.0,0.0,0.0,0.0,0.0,0.0,0.0,0.0,0.0,0.0,0.0,0.0,0.0,0.0003393423356881,0.011354117154279,0.008956056418377,SPY
2007-11-29,0.003929010019679824,2.38884824869967,0.5978475911791098,0.8104530311603839,-0.49014104847107626,-0.44965420956197283,0.09708618431037963,-0.3448143528005475,0.055005048842666514,0.7017440130789315,0.0,0.0,0.0,0.0,0.0,0.0,0.0,0.0,0.0,0.0,0.0,0.0,0.0,0.0,0.0,0.0,0.0,0.0,0.0,0.0,0.0,0.0,0.0,0.0,0.0,0.0,0.0,0.0,0.0100058341220847,0.0252261361273378,0.0061087341002208,SPY
2007-11-30,0.7430940113144888,1.7630013481196707,1.4029377469678508,0.7378896048123356,-0.48441702863562897,-0.4518391234303951,0.503164190040953,0.04423986175011319,0.3056628035242465,1.4162470082138434,0.0,0.0,0.0,0.0,0.0,0.0,0.0,0.0,0.0,0.0,0.0,0.0,0.0,0.0,0.0,0.0,0.0,0.0,0.0,0.0,0.0,0.0,0.0,0.0,0.0,0.0,0.0,0.0,-0.0066137245912099,0.0150220096467226,-0.0113248343958964,SPY
2007-12-03,-0.527749269711141,0.5507903106506099,1.129479046158835,0.7436116259887688,-0.48094950076732224,-0.4550840804097817,0.2995102804867732,0.10281159153479899,-0.550608084557854,-1.4417649723258046,0.0,0.0,0.0,0.0,0.0,0.0,0.0,0.0,0.0,0.0,0.0,0.0,0.0,0.0,0.0,0.0,0.0,0.0,0.0,0.0,0.0,0.0,0.0,0.0,0.0,0.0,0.0,0.0,-0.0089785922949667,0.0293584600807017,-0.013503925169747,SPY
2007-12-04,-0.7085829659409769,0.15835704147112803,1.730788508016741,0.7476093941622639,-0.47617938270730414,-0.4584858877070524,0.010976398890475723,-0.5658403308692593,-0.6497775668931682,-0.7272619771908926,0.0,0.0,0.0,0.0,0.0,0.0,0.0,0.0,0.0,0.0,0.0,0.0,0.0,0.0,0.0,0.0,0.0,0.0,0.0,0.0,0.0,0.0,0.0,0.0,0.0,0.0,0.0,0.0,0.0166012575826828,0.0105346046204291,-0.0050085251503997,SPY
2007-12-05,1.2474244652702264,-0.9131299153881455,0.9490404822333156,0.7693357142824412,-0.46852885151146845,-0.4614912440749335,0.6770084438106692,-0.21315302556867372,-0.2587242562253126,-0.012758982055980528,0.0,0.0,0.0,0.0,0.0,0.0,0.0,0.0,0.0,0.0,0.0,0.0,0.0,0.0,0.0,0.0,0.0,0.0,0.0,0.0,0.0,0.0,0.0,0.0,0.0,0.0,0.0,0.0,0.0142113613087468,0.0037559504709276,-0.0464218028048213,SPY
2007-12-06,1.0646769161641123,0.39713092982257314,0.3789190761224857,0.6490217494004654,-0.45154041151379104,-0.4586979378031392,1.179836662515972,0.2869075198298447,-0.4494302372216623,0.7017440130789315,0.0,0.0,0.0,0.0,0.0,0.0,0.0,0.0,0.0,0.0,0.0,0.0,0.0,0.0,0.0,0.0,0.0,0.0,0.0,0.0,0.0,0.0,0.0,0.0,0.0,0.0,0.0,0.0,-0.0001982923585304,-0.0125337769354274,-0.0614823735316729,SPY
2007-12-07,-0.03718215608169758,1.7059791547145953,0.9103369174888244,0.6409091990207384,-0.43910154572491733,-0.4552407431076681,1.122901902323438,0.2591109087819744,-0.510437923738494,1.4162470082138434,0.0,0.0,0.0,0.0,0.0,0.0,0.0,0.0,0.0,0.0,0.0,0.0,0.0,0.0,0.0,0.0,0.0,0.0,0.0,0.0,0.0,0.0,0.0,0.0,0.0,0.0,0.0,0.0,0.0077227258427692,-0.0250955283485021,-0.0775639778415007,SPY
2007-12-10,0.5685121907814866,0.7578073086087594,0.5194309593951179,0.5943917576644985,-0.41868226638875716,-0.4488427333234457,1.3287178333417542,0.6714569595357355,-0.7960363533533529,-1.4417649723258046,0.0,0.0,0.0,0.0,0.0,0.0,0.0,0.0,0.0,0.0,0.0,0.0,0.0,0.0,0.0,0.0,0.0,0.0,0.0,0.0,0.0,0.0,0.0,0.0,0.0,0.0,0.0,0.0,-0.0278024477552394,-0.0471897140781782,-0.0748316496505099,SPY
2007-12-11,-2.1479816074674183,0.39158669615112307,1.0686405270346264,0.7549372207756662,-0.40888536776843415,-0.4449614680600107,0.21717690132822093,0.00716495545061259,0.6187198081311654,-0.7272619771908926,0.0,0.0,0.0,0.0,0.0,0.0,0.0,0.0,0.0,0.0,0.0,0.0,0.0,0.0,0.0,0.0,0.0,0.0,0.0,0.0,0.0,0.0,0.0,0.0,0.0,0.0,0.0,0.0,0.0098226034331814,-0.0138198986789603,-0.0404963078968414,SPY
2007-12-12,0.7290829600051549,-1.166400456735643,0.34752468554697,0.588497304256482,-0.40477578080267435,-0.44377209552237024,0.5703319328619297,0.5320465112561097,1.4117032874081634,-0.012758982055980528,0.0,0.0,0.0,0.0,0.0,0.0,0.0,0.0,0.0,0.0,0.0,0.0,0.0,0.0,0.0,0.0,0.0,0.0,0.0,0.0,0.0,0.0,0.0,0.0,0.0,0.0,0.0,0.0,-0.0020783660976082,-0.0236425021121418,-0.0584203874630366,SPY
2007-12-13,-0.18094524392039468,-1.047882709625472,0.08784382997049078,0.5875945291415251,-0.40132676423329394,-0.4424906608143923,0.4739478688340576,0.2649571237075869,0.4456286297106999,0.7017440130789315,0.0,0.0,0.0,0.0,0.0,0.0,0.0,0.0,0.0,0.0,0.0,0.0,0.0,0.0,0.0,0.0,0.0,0.0,0.0,0.0,0.0,0.0,0.0,0.0,0.0,0.0,0.0,0.0,-0.0127600437716051,-0.0152772306013835,-0.0483115088103698,SPY
2007-12-14,-0.9977381886826104,0.40399249417726735,-0.5361930742136487,0.576239227935065,-0.40406036429663256,-0.4409879628809783,-0.024963020631145975,0.4672552447886792,-0.4330255623988453,1.4162470082138434,0.0,0.0,0.0,0.0,0.0,0.0,0.0,0.0,0.0,0.0,0.0,0.0,0.0,0.0,0.0,0.0,0.0,0.0,0.0,0.0,0.0,0.0,0.0,0.0,0.0,0.0,0.0,0.0,-0.0143714598869069,0.011795305527503,-0.0578104325099264,SPY
2007-12-17,-1.1209579069913498,-0.8705791678640955,-1.0174163793923283,0.623116786933645,-0.40884867923861007,-0.44165166368465714,-0.5470514297552478,-0.026231277644572108,-0.23710387933715496,-1.4417649723258046,0.0,0.0,0.0,0.0,0.0,0.0,0.0,0.0,0.0,0.0,0.0,0.0,0.0,0.0,0.0,0.0,0.0,0.0,0.0,0.0,0.0,0.0,0.0,0.0,0.0,0.0,0.0,0.0,0.0055673676439784,0.0335649053580526,-0.052089040444617,SPY
2007-12-18,0.403699000949577,-1.5644052211416701,-1.8638140458037145,0.5838322667968014,-0.40972938081393445,-0.4396972162962842,-0.368796287637484,-0.5369303218475625,0.5146109822461995,-0.7272619771908926,0.0,0.0,0.0,0.0,0.0,0.0,0.0,0.0,0.0,0.0,0.0,0.0,0.0,0.0,0.0,0.0,0.0,0.0,0.0,0.0,0.0,0.0,0.0,0.0,0.0,0.0,0.0,0.0,0.0,0.0301396085413303,-0.0839143707443677,SPY
2007-12-19,-0.022019388172853975,-0.5300003961871732,-0.5854626176023902,0.5769854935822728,-0.41510496769688476,-0.4385540476517045,-0.3843528329887455,-0.5450037296050132,-0.023803230401107482,-0.012758982055980528,0.0,0.0,0.0,0.0,0.0,0.0,0.0,0.0,0.0,0.0,0.0,0.0,0.0,0.0,0.0,0.0,0.0,0.0,0.0,0.0,0.0,0.0,0.0,0.0,0.0,0.0,0.0,0.0,0.00628690541315,0.0174884909053121,-0.0942349616064737,SPY
2007-12-20,0.4587197000650366,0.28112928882748656,-0.9617529559588046,0.4725469245091805,-0.42270020080866827,-0.4338339235048481,-0.21637999188826676,-0.6383442313112182,0.14253358761570403,0.7017440130789315,0.0,0.0,0.0,0.0,0.0,0.0,0.0,0.0,0.0,0.0,0.0,0.0,0.0,0.0,0.0,0.0,0.0,0.0,0.0,0.0,0.0,0.0,0.0,0.0,0.0,0.0,0.0,0.0,0.0143124923572814,0.008693605509694,-0.1107203684452029,SPY
2007-12-21,1.0724100765777198,0.32174022527076584,-0.64129098590786,0.45339411222870957,-0.42635814745254824,-0.42942147640436823,0.2564487127101784,-0.1639041800322932,-0.6577033524228889,1.4162470082138434,0.0,0.0,0.0,0.0,0.0,0.0,0.0,0.0,0.0,0.0,0.0,0.0,0.0,0.0,0.0,0.0,0.0,0.0,0.0,0.0,0.0,0.0,0.0,0.0,0.0,0.0,0.0,0.0,0.0073981399436426,-0.01304662122162,-0.1012957052471037,SPY
2007-12-24,0.5436921690145591,1.1295417644945693,0.3958203918855311,0.3059641709001559,-0.43013380394840905,-0.4210579891508684,0.4190666946129034,0.2010177923265579,-1.7519392072849869,-1.4417649723258046,0.0,0.0,0.0,0.0,0.0,0.0,0.0,0.0,0.0,0.0,0.0,0.0,0.0,0.0,0.0,0.0,0.0,0.0,0.0,0.0,0.0,0.0,0.0,0.0,0.0,0.0,0.0,0.0,0.0021420708272561,-0.0292375765303232,-0.1002879632593041,SPY
2007-12-26,0.14177775982974652,1.1922601884952557,1.2297836218831002,0.2868018673752173,-0.42566898476324255,-0.4138914187338551,0.4009113035874979,-0.09113283139682381,-1.4658213761638286,-0.012758982055980528,0.0,0.0,0.0,0.0,0.0,0.0,0.0,0.0,0.0,0.0,0.0,0.0,0.0,0.0,0.0,0.0,0.0,0.0,0.0,0.0,0.0,0.0,0.0,0.0,0.0,0.0,0.0,0.0,-0.0126511176360182,-0.0318628396331988,-0.1169809405841073,SPY
2007-12-27,-0.9894089634650984,0.5053577958483682,1.098565243079212,0.09069221804053801,-0.42735023123839455,-0.4126711678945253,-0.08893548744427947,-0.7672398725928175,-0.8539717255300945,0.7017440130789315,0.0,0.0,0.0,0.0,0.0,0.0,0.0,0.0,0.0,0.0,0.0,0.0,0.0,0.0,0.0,0.0,0.0,0.0,0.0,0.0,0.0,0.0,0.0,0.0,0.0,0.0,0.0,0.0,-0.0025079799824681,-0.0440237420689193,-0.0879283867449975,SPY
2007-12-28,-0.21379641213900558,-0.6262285644339389,0.613918441625049,0.0931936478403165,-0.42914472677480875,-0.4118397644373195,-0.19326631386791948,-0.8162620605486172,-0.9256110545135212,1.4162470082138434,0.0,0.0,0.0,0.0,0.0,0.0,0.0,0.0,0.0,0.0,0.0,0.0,0.0,0.0,0.0,0.0,0.0,0.0,0.0,0.0,0.0,0.0,0.0,0.0,0.0,0.0,0.0,0.0,-0.0074277343740325,-0.0423649715045559,-0.0804785573493971,SPY
2007-12-31,-0.5899939346288512,-0.888678884601492,0.2769985584356782,0.0782509945897551,-0.42948237129512995,-0.4133830771628172,-0.4467062563977493,-1.1955808961591323,-1.03171373145131,-1.4417649723258046,0.0,0.0,0.0,0.0,0.0,0.0,0.0,0.0,0.0,0.0,0.0,0.0,0.0,0.0,0.0,0.0,0.0,0.0,0.0,0.0,0.0,0.0,0.0,0.0,0.0,0.0,0.0,0.0,-0.0087928153650604,-0.0512171337988816,-0.0804359818520383,SPY
2008-01-02,-0.6943772119126145,-0.5938695017450359,-0.5558394287965561,0.08758782609669251,-0.4283281662607308,-0.4152092319718682,-0.7444795435102565,-0.7830118982735913,0.03250728876621571,-0.012758982055980528,0.0,0.0,0.0,0.0,0.0,0.0,0.0,0.0,0.0,0.0,0.0,0.0,0.0,0.0,0.0,0.0,0.0,0.0,0.0,0.0,0.0,0.0,0.0,0.0,0.0,0.0,0.0,0.0,-0.0004831922756194,-0.031969264400061,-0.0535728565693451,SPY
2008-01-03,-0.05896752064180988,-0.9485875738384325,-1.1760925106673548,0.0655585916933893,-0.4287889639767706,-0.4158833407480384,-0.7531118646727164,-1.15659737874045,-0.8843680714153335,0.7017440130789315,0.0,0.0,0.0,0.0,0.0,0.0,0.0,0.0,0.0,0.0,0.0,0.0,0.0,0.0,0.0,0.0,0.0,0.0,0.0,0.0,0.0,0.0,0.0,0.0,0.0,0.0,0.0,0.0,-0.0248120200717387,-0.0249531781260126,-0.03712983338501,SPY
2008-01-04,-1.9193133862149576,-0.5566354486414113,-1.2766627055220716,0.13538085815490292,-0.43579729851772964,-0.4221063109493589,-1.566160768833306,-1.580475077579267,0.3122558764803171,1.4162470082138434,0.0,0.0,0.0,0.0,0.0,0.0,0.0,0.0,0.0,0.0,0.0,0.0,0.0,0.0,0.0,0.0,0.0,0.0,0.0,0.0,0.0,0.0,0.0,0.0,0.0,0.0,0.0,0.0,-0.0008492094181047,-0.0082426341872876,-0.0250071595324294,SPY
2008-01-07,-0.08695565403885087,-1.4607643659653404,-1.742530041344511,0.05049898482416831,-0.44471475323059595,-0.4304040028321673,-1.4876161501221188,-1.3720568055954296,0.3217585667958002,-1.4417649723258046,0.0,0.0,0.0,0.0,0.0,0.0,0.0,0.0,0.0,0.0,0.0,0.0,0.0,0.0,0.0,0.0,0.0,0.0,0.0,0.0,0.0,0.0,0.0,0.0,0.0,0.0,0.0,0.0,-0.0162798966683581,0.0006370877858756,-0.0512969166507044,SPY
2008-01-08,-1.2668898238857094,-1.4814224878145028,-1.6789848375534835,0.0971213445539862,-0.46171962151479373,-0.44078715023526593,-1.9301255247724776,-1.3969235095944883,1.3502229032704671,-0.7272619771908926,0.0,0.0,0.0,0.0,0.0,0.0,0.0,0.0,0.0,0.0,0.0,0.0,0.0,0.0,0.0,0.0,0.0,0.0,0.0,0.0,0.0,0.0,0.0,0.0,0.0,0.0,0.0,0.0,0.01045505403376,-0.0053419830169278,-0.0431016161574424,SPY
2008-01-09,0.777444388259143,-0.9998667778761201,-2.0180989194337924,0.118096190876256,-0.47806055907127865,-0.45089581945680374,-1.4252362025111078,-1.233074295345398,1.0333193138017478,-0.012758982055980528,0.0,0.0,0.0,0.0,0.0,0.0,0.0,0.0,0.0,0.0,0.0,0.0,0.0,0.0,0.0,0.0,0.0,0.0,0.0,0.0,0.0,0.0,0.0,0.0,0.0,0.0,0.0,0.0,0.006532893998429,-0.0244471048722854,-0.0469645932752884,SPY
2008-01-10,0.4775296423868352,-0.36185061770944005,-1.2807396909979178,-0.04826301026682539,-0.49329484715960553,-0.45630752078906783,-1.1179839179663436,-1.0234550107758007,1.3683853105490464,0.7017440130789315,0.0,0.0,0.0,0.0,0.0,0.0,0.0,0.0,0.0,0.0,0.0,0.0,0.0,0.0,0.0,0.0,0.0,0.0,0.0,0.0,0.0,0.0,0.0,0.0,0.0,0.0,0.0,0.0,-0.0081014761330138,-0.0572379615264866,-0.0599391842277103,SPY
2008-01-11,-0.6415127626746796,0.9257104132137077,-1.011963139449368,-0.0884819384388765,-0.5071642708457165,-0.4641217949362922,-1.305163756658191,-1.3741848595212016,0.5722385736118827,1.4162470082138434,0.0,0.0,0.0,0.0,0.0,0.0,0.0,0.0,0.0,0.0,0.0,0.0,0.0,0.0,0.0,0.0,0.0,0.0,0.0,0.0,0.0,0.0,0.0,0.0,0.0,0.0,0.0,0.0,0.0080305125550586,-0.0594570762555788,-0.0467409069257378,SPY
2008-01-14,0.5920476336924383,-0.1216259456243503,-0.3718053365209542,-0.05004904898317569,-0.5182673558018109,-0.4706028808804466,-0.9276973903660783,-1.6145366134645145,-0.5130115183264989,-1.4417649723258046,0.0,0.0,0.0,0.0,0.0,0.0,0.0,0.0,0.0,0.0,0.0,0.0,0.0,0.0,0.0,0.0,0.0,0.0,0.0,0.0,0.0,0.0,0.0,0.0,0.0,0.0,0.0,0.0,-0.0222589674711617,-0.0776860902362166,-0.0455430527493936,SPY
2008-01-15,-1.7240898066049366,-0.0370998864995082,-0.03163548150012291,0.04064285123437311,-0.5330959477475452,-0.4782239755534342,-1.625784546538442,-2.1738047331154915,0.2569590862932692,-0.7272619771908926,0.0,0.0,0.0,0.0,0.0,0.0,0.0,0.0,0.0,0.0,0.0,0.0,0.0,0.0,0.0,0.0,0.0,0.0,0.0,0.0,0.0,0.0,0.0,0.0,0.0,0.0,0.0,0.0,-0.0086500678215974,-0.0316899672096742,-0.0131125444482265,SPY
2008-01-16,-0.6834617742874416,-0.8361531197880642,-0.2606854060693702,0.00908460004644931,-0.5477586650921847,-0.4850120571871324,-1.8425668608612864,-2.33101203165184,1.774586216063376,-0.012758982055980528,0.0,0.0,0.0,0.0,0.0,0.0,0.0,0.0,0.0,0.0,0.0,0.0,0.0,0.0,0.0,0.0,0.0,0.0,0.0,0.0,0.0,0.0,0.0,0.0,0.0,0.0,0.0,0.0,-0.0262579626557721,-0.0146340174566343,-0.0133011522455355,SPY
2008-01-17,-2.029879884963071,-1.777610286509551,-0.9925761737458711,0.1434035938211629,-0.5688397135394101,-0.4958369213126933,-2.61934061246176,-2.418044950310003,1.892383838927591,0.7017440130789315,0.0,0.0,0.0,0.0,0.0,0.0,0.0,0.0,0.0,0.0,0.0,0.0,0.0,0.0,0.0,0.0,0.0,0.0,0.0,0.0,0.0,0.0,0.0,0.0,0.0,0.0,0.0,0.0,-0.010320590862106,-0.0029269612984093,0.0127346581385259,SPY
2008-01-18,-0.8112012057881478,-2.0033148238351832,-2.2487484939806857,0.14763773583711823,-0.5858999781629622,-0.507931488959022,-2.817889209019925,-2.463915603236962,1.314605064835619,1.4162470082138434,0.0,0.0,0.0,0.0,0.0,0.0,0.0,0.0,0.0,0.0,0.0,0.0,0.0,0.0,0.0,0.0,0.0,0.0,0.0,0.0,0.0,0.0,0.0,0.0,0.0,0.0,0.0,0.0,-0.0101985014255792,0.0237950657667882,0.025863441238668,SPY
2008-01-22,-0.8018654260137923,-2.097599666037746,-2.333759706938852,0.117053475995227,-0.6052103874611363,-0.5221161038782108,-2.98315703042431,-2.474741712473853,2.134396987878268,-0.7272619771908926,0.0,0.0,0.0,0.0,0.0,0.0,0.0,0.0,0.0,0.0,0.0,0.0,0.0,0.0,0.0,0.0,0.0,0.0,0.0,0.0,0.0,0.0,0.0,0.0,0.0,0.0,0.0,0.0,0.0237371555553806,0.0389354166054998,0.0390086352140333,SPY
2008-01-23,1.7930832369097585,-1.1911986579523197,-3.0320879948860604,0.2471157438412547,-0.6145244202245553,-0.5353414572492862,-1.98256884334816,-1.7515351254123124,2.6452402581310883,-0.012758982055980528,0.0,0.0,0.0,0.0,0.0,0.0,0.0,0.0,0.0,0.0,0.0,0.0,0.0,0.0,0.0,0.0,0.0,0.0,0.0,0.0,0.0,0.0,0.0,0.0,0.0,0.0,0.0,0.0,0.0084058819314423,0.0078131021734453,0.0069233522098475,SPY
2008-01-24,0.6207509018182283,0.731031187958686,-1.2700402023147426,0.25420932642604877,-0.6244470463295141,-0.5485390033617894,-1.504393017425173,-1.5470887496257093,0.2703926594928384,0.7017440130789315,0.0,0.0,0.0,0.0,0.0,0.0,0.0,0.0,0.0,0.0,0.0,0.0,0.0,0.0,0.0,0.0,0.0,0.0,0.0,0.0,0.0,0.0,0.0,0.0,0.0,0.0,0.0,0.0,-0.014550906497547,0.0174775301596357,0.0046561766972326,SPY
2008-01-25,-1.1346796022161676,1.7810683958015199,-0.6166503808463387,0.2611954224449908,-0.6396630196295201,-0.5638403818795977,-1.812150393328396,-1.4200565721737604,0.3400603668772389,1.4162470082138434,0.0,0.0,0.0,0.0,0.0,0.0,0.0,0.0,0.0,0.0,0.0,0.0,0.0,0.0,0.0,0.0,0.0,0.0,0.0,0.0,0.0,0.0,0.0,0.0,0.0,0.0,0.0,0.0,0.0164014362030915,0.0479882675658984,0.0317372258457266,SPY
2008-01-28,1.2321447781233148,-0.37992178593410625,-0.168169267575008,0.3676894458977274,-0.6487187195525167,-0.575360348471572,-1.0649412896161154,-1.0570484898919446,-0.16760410342005047,-1.4417649723258046,0.0,0.0,0.0,0.0,0.0,0.0,0.0,0.0,0.0,0.0,0.0,0.0,0.0,0.0,0.0,0.0,0.0,0.0,0.0,0.0,0.0,0.0,0.0,0.0,0.0,0.0,0.0,0.0,0.0049418494131323,0.0188974851436487,0.0228076920507991,SPY
2008-01-29,0.3558676683285786,0.07134979460928313,0.855514593260203,0.38811646619941137,-0.6586228540096102,-0.585916560510231,-0.73591765722701,-0.7287308352153875,-0.6277615923298864,-0.7272619771908926,0.0,0.0,0.0,0.0,0.0,0.0,0.0,0.0,0.0,0.0,0.0,0.0,0.0,0.0,0.0,0.0,0.0,0.0,0.0,0.0,0.0,0.0,0.0,0.0,0.0,0.0,0.0,0.0,-0.0073851588766737,-0.0131833308058633,0.0168535325331813,SPY
2008-01-30,-0.5867383256389763,1.1715270268681903,1.4355204724233732,0.3880440953843296,-0.6646354300164222,-0.5963893310236991,-0.8558302513738629,-1.0551467947548057,0.9620912602438916,-0.012758982055980528,0.0,0.0,0.0,0.0,0.0,0.0,0.0,0.0,0.0,0.0,0.0,0.0,0.0,0.0,0.0,0.0,0.0,0.0,0.0,0.0,0.0,0.0,0.0,0.0,0.0,0.0,0.0,0.0,0.0180703099176327,-0.0138827681042856,0.0144235203498181,SPY
2008-01-31,1.3597580910633509,-0.17099582929613882,0.243267694660629,0.49281006264628646,-0.6639160243451135,-0.6033959010818186,-0.09027585958211658,-0.8245616274312264,1.0414192916892135,0.7017440130789315,0.0,0.0,0.0,0.0,0.0,0.0,0.0,0.0,0.0,0.0,0.0,0.0,0.0,0.0,0.0,0.0,0.0,0.0,0.0,0.0,0.0,0.0,0.0,0.0,0.0,0.0,0.0,0.0,0.0159598309087156,-0.0253610011060043,-0.0261824192081778,SPY
2008-02-01,1.1983766660509994,0.5699785823184012,0.6134985506330868,0.5693785446991438,-0.6525731571496437,-0.6082893762315994,0.5801982809904763,-0.413623756224482,-0.2629203496770138,1.4162470082138434,0.0,0.0,0.0,0.0,0.0,0.0,0.0,0.0,0.0,0.0,0.0,0.0,0.0,0.0,0.0,0.0,0.0,0.0,0.0,0.0,0.0,0.0,0.0,0.0,0.0,0.0,0.0,0.0,-0.0126893462191581,-0.0477625289687129,-0.0445363339470032,SPY
2008-02-04,-0.9923321781463408,1.8875770977305293,1.7823226592520878,0.4718296766063398,-0.6419495777191204,-0.6115238363658637,0.15086870904484603,-0.7420560690926905,-1.0301053137976737,-1.4417649723258046,0.0,0.0,0.0,0.0,0.0,0.0,0.0,0.0,0.0,0.0,0.0,0.0,0.0,0.0,0.0,0.0,0.0,0.0,0.0,0.0,0.0,0.0,0.0,0.0,0.0,0.0,0.0,0.0,-0.0271389665363797,-0.029976381580596,-0.0356746780962895,SPY
2008-02-05,-2.097247369355545,0.15149249743704413,0.6678950601755744,0.6186376117490302,-0.6356602754793221,-0.6180669949049712,-0.7562630980111024,-0.7986073180918084,0.5100013700628775,-0.7272619771908926,0.0,0.0,0.0,0.0,0.0,0.0,0.0,0.0,0.0,0.0,0.0,0.0,0.0,0.0,0.0,0.0,0.0,0.0,0.0,0.0,0.0,0.0,0.0,0.0,0.0,0.0,0.0,0.0,-0.0080845961750961,0.0063909516871865,-0.0022394160413767,SPY
2008-02-06,-0.6402220075184345,-2.2810170924898654,-0.5610765836976385,0.5824690402923723,-0.6371542473485692,-0.6234980605959213,-0.9722171226415732,-0.78806390003764,0.19013658022142663,-0.012758982055980528,0.0,0.0,0.0,0.0,0.0,0.0,0.0,0.0,0.0,0.0,0.0,0.0,0.0,0.0,0.0,0.0,0.0,0.0,0.0,0.0,0.0,0.0,0.0,0.0,0.0,0.0,0.0,0.0,0.006592076915914,0.024647088692288,-0.015069785118686,SPY
2008-02-07,0.4820551664596941,-2.021123561686214,-0.5878710582453275,0.5635066131786959,-0.6391092723976426,-0.6294666279554106,-0.6457961758356233,-0.2848515597305275,0.6359610996888904,0.7017440130789315,0.0,0.0,0.0,0.0,0.0,0.0,0.0,0.0,0.0,0.0,0.0,0.0,0.0,0.0,0.0,0.0,0.0,0.0,0.0,0.0,0.0,0.0,0.0,0.0,0.0,0.0,0.0,0.0,-0.0064416969539928,0.0092163361574675,-0.0320159520778755,SPY
2008-02-08,-0.5145948791115167,-0.1173329331780066,-1.0275862731913044,0.5472965115024471,-0.6390538760582882,-0.6370848787042264,-0.7704874663855901,-0.21883909847905042,-0.09112824604969338,1.4162470082138434,0.0,0.0,0.0,0.0,0.0,0.0,0.0,0.0,0.0,0.0,0.0,0.0,0.0,0.0,0.0,0.0,0.0,0.0,0.0,0.0,0.0,0.0,0.0,0.0,0.0,0.0,0.0,0.0,0.0050968011689587,0.0154358808397496,-0.0388453231769601,SPY
2008-02-11,0.3677163221449752,-0.024607187971122994,-1.885757791211044,0.5543782358965301,-0.6418020375574063,-0.6430163664273739,-0.4973134638653589,0.04814833014299609,-0.4096267194035174,-1.4417649723258046,0.0,0.0,0.0,0.0,0.0,0.0,0.0,0.0,0.0,0.0,0.0,0.0,0.0,0.0,0.0,0.0,0.0,0.0,0.0,0.0,0.0,0.0,0.0,0.0,0.0,0.0,0.0,0.0,0.0092283667314028,0.013147271908827,-0.0086350353070754,SPY
2008-02-12,0.6836436235689795,-0.1090010181861603,-1.2043951092846883,0.5603935410338424,-0.64349888697454,-0.6488459073687384,-0.07012138878310137,-0.1867983375693428,0.24267189327323863,-0.7272619771908926,0.0,0.0,0.0,0.0,0.0,0.0,0.0,0.0,0.0,0.0,0.0,0.0,0.0,0.0,0.0,0.0,0.0,0.0,0.0,0.0,0.0,0.0,0.0,0.0,0.0,0.0,0.0,0.0,0.0101715408300053,0.0068655977272102,-0.0272587215831086,SPY
2008-02-13,0.7557650611308305,0.7754222708406227,0.1887870784667273,0.49111905926826627,-0.6408060235594741,-0.6505140762651841,0.3350171339444277,-0.15355830184635091,-0.4634884336267346,-0.012758982055980528,0.0,0.0,0.0,0.0,0.0,0.0,0.0,0.0,0.0,0.0,0.0,0.0,0.0,0.0,0.0,0.0,0.0,0.0,0.0,0.0,0.0,0.0,0.0,0.0,0.0,0.0,0.0,0.0,-0.0088386756189065,-0.0116540705516001,-0.0352251837804225,SPY
2008-02-14,-0.6978839954844205,1.061842162430501,0.888154411929936,0.4918434097603175,-0.6448635745172135,-0.6521915076646617,0.029352152417534624,-0.03792989317753121,-0.12938841603841159,0.7017440130789315,0.0,0.0,0.0,0.0,0.0,0.0,0.0,0.0,0.0,0.0,0.0,0.0,0.0,0.0,0.0,0.0,0.0,0.0,0.0,0.0,0.0,0.0,0.0,0.0,0.0,0.0,0.0,0.0,-0.0002221522717107,0.0033233114861337,-0.042003576118021,SPY
2008-02-15,-0.03900664558073478,0.042132648847669915,0.2970236458433094,0.3205782383541328,-0.6530525054667309,-0.6506066420470928,-0.0025731836092875776,-0.3631508382364525,-0.6993624741731305,1.4162470082138434,0.0,0.0,0.0,0.0,0.0,0.0,0.0,0.0,0.0,0.0,0.0,0.0,0.0,0.0,0.0,0.0,0.0,0.0,0.0,0.0,0.0,0.0,0.0,0.0,0.0,0.0,0.0,0.0,0.002808192238036,0.0160756064087914,-0.0519397426795817,SPY
2008-02-19,0.19271388477990992,-0.5444906363353974,0.5352857918048246,0.2879180160614522,-0.6572944816266124,-0.6473998607998234,0.05427180120361492,-0.4109618061236832,-0.7640133923744112,-0.7272619771908926,0.0,0.0,0.0,0.0,0.0,0.0,0.0,0.0,0.0,0.0,0.0,0.0,0.0,0.0,0.0,0.0,0.0,0.0,0.0,0.0,0.0,0.0,0.0,0.0,0.0,0.0,0.0,0.0,0.002946692549786,0.0207393165789193,-0.0140442637232203,SPY
2008-02-20,0.20330455049154783,0.11286222346807932,0.4476123521876615,0.2508154090561948,-0.6539932017295504,-0.6425805547974629,0.09239662296378463,-0.17587799179802663,-0.014975010776362383,-0.012758982055980528,0.0,0.0,0.0,0.0,0.0,0.0,0.0,0.0,0.0,0.0,0.0,0.0,0.0,0.0,0.0,0.0,0.0,0.0,0.0,0.0,0.0,0.0,0.0,0.0,0.0,0.0,0.0,0.0,-0.008348127448805,0.0167803139246478,-0.042073052404512,SPY
2008-02-21,-0.660373381830508,0.29171281499794616,0.2069701111234983,0.13236358097498732,-0.6507840263527276,-0.6417186581532992,-0.23073684561783267,-0.818476280305643,-0.22977133827731988,0.7017440130789315,0.0,0.0,0.0,0.0,0.0,0.0,0.0,0.0,0.0,0.0,0.0,0.0,0.0,0.0,0.0,0.0,0.0,0.0,0.0,0.0,0.0,0.0,0.0,0.0,0.0,0.0,0.0,0.0,0.0061387064188274,0.015313270313416,-0.0153718351493186,SPY
2008-02-22,0.4473874078280007,-0.337953352859824,-0.502492740582501,0.1230648965613083,-0.6476670537514445,-0.641134774846439,-0.011489549339571678,-1.1349308887286214,-0.18317998253675147,1.4162470082138434,0.0,0.0,0.0,0.0,0.0,0.0,0.0,0.0,0.0,0.0,0.0,0.0,0.0,0.0,0.0,0.0,0.0,0.0,0.0,0.0,0.0,0.0,0.0,0.0,0.0,0.0,0.0,0.0,0.0125301426509469,-0.0133610657457747,-0.001719572561714,SPY
2008-02-25,0.9361196258017146,-0.15779509304957162,0.07127002944177059,0.0921164946769326,-0.6398101078168442,-0.6371587911084926,0.3982957812172549,-0.4448048200008723,-0.3230113096346914,-1.4417649723258046,0.0,0.0,0.0,0.0,0.0,0.0,0.0,0.0,0.0,0.0,0.0,0.0,0.0,0.0,0.0,0.0,0.0,0.0,0.0,0.0,0.0,0.0,0.0,0.0,0.0,0.0,0.0,0.0,0.0074719024081639,-0.0282852922268315,-0.0132854971586189,SPY
2008-02-26,0.5493325433497573,1.0205809928128993,0.559792792669464,0.03423495413424931,-0.6313076441981548,-0.6342672312064442,0.6369989954999553,0.6724309719324788,-0.08806763528060178,-0.7272619771908926,0.0,0.0,0.0,0.0,0.0,0.0,0.0,0.0,0.0,0.0,0.0,0.0,0.0,0.0,0.0,0.0,0.0,0.0,0.0,0.0,0.0,0.0,0.0,0.0,0.0,0.0,0.0,0.0,-0.0010123101044854,-0.0395848850034399,-0.0330685610713779,SPY
2008-02-27,-0.09942742991408957,1.095826990881517,0.7384530724874869,0.03060663534400091,-0.6253503859264549,-0.6321263586637437,0.5664719286523405,0.9974851346071505,-0.5302476651822242,-0.012758982055980528,0.0,0.0,0.0,0.0,0.0,0.0,0.0,0.0,0.0,0.0,0.0,0.0,0.0,0.0,0.0,0.0,0.0,0.0,0.0,0.0,0.0,0.0,0.0,0.0,0.0,0.0,0.0,0.0,-0.0098151710600369,-0.0322762793804214,-0.0352141213483605,SPY
2008-02-28,-0.7725534070928062,0.33148672731181156,0.5867891619505584,0.04482936676973231,-0.6244283581710446,-0.6303098613471941,0.17014864897290602,0.3884892438984292,-0.4952120979573159,0.7017440130789315,0.0,0.0,0.0,0.0,0.0,0.0,0.0,0.0,0.0,0.0,0.0,0.0,0.0,0.0,0.0,0.0,0.0,0.0,0.0,0.0,0.0,0.0,0.0,0.0,0.0,0.0,0.0,0.0,-0.0225356296403633,-0.0433760735727899,-0.0350099078043131,SPY
2008-02-29,-1.745245257535326,-0.6442010989376199,0.530588752292441,0.09290613002141031,-0.6269182654339815,-0.6335999853722876,-0.6157416111010288,-0.1876107715326043,0.3187788492194842,1.4162470082138434,0.0,0.0,0.0,0.0,0.0,0.0,0.0,0.0,0.0,0.0,0.0,0.0,0.0,0.0,0.0,0.0,0.0,0.0,0.0,0.0,0.0,0.0,0.0,0.0,0.0,0.0,0.0,0.0,-0.0023940838301097,-0.031194533975702,-0.0089827175896184,SPY
2008-03-03,-0.20508714599925199,-1.8589839764594773,-0.5678853631757036,-0.00456660067167439,-0.629942976306542,-0.6392348853783824,-0.6212680316740572,-0.40146034531182667,-0.3372918838657679,-1.4417649723258046,0.0,0.0,0.0,0.0,0.0,0.0,0.0,0.0,0.0,0.0,0.0,0.0,0.0,0.0,0.0,0.0,0.0,0.0,0.0,0.0,0.0,0.0,0.0,0.0,0.0,0.0,0.0,0.0,-0.0038276903684444,-0.0420715181986697,0.0279667560287082,SPY
2008-03-04,-0.3147103476923071,-1.4401354951885366,-1.1396118174163263,-0.04063782375576149,-0.6346092581632443,-0.643711320772736,-0.6959805294607496,-0.8064305916724926,0.5984135583957289,-0.7272619771908926,0.0,0.0,0.0,0.0,0.0,0.0,0.0,0.0,0.0,0.0,0.0,0.0,0.0,0.0,0.0,0.0,0.0,0.0,0.0,0.0,0.0,0.0,0.0,0.0,0.0,0.0,0.0,0.0,0.006296295518533,-0.0029367387913818,0.0324535217348529,SPY
2008-03-05,0.45943773070231,-0.3842535591626833,-1.572483572661615,-0.2684697670398851,-0.6384639119220359,-0.6439893933584587,-0.461045672183759,-0.9548887323101867,0.4587426407937849,-0.012758982055980528,0.0,0.0,0.0,0.0,0.0,0.0,0.0,0.0,0.0,0.0,0.0,0.0,0.0,0.0,0.0,0.0,0.0,0.0,0.0,0.0,0.0,0.0,0.0,0.0,0.0,0.0,0.0,0.0,-0.0209149652524054,-0.0186283538545453,0.0286410475147507,SPY
2008-03-06,-1.621318354073909,0.10623416575832553,-1.2925010098403384,-0.13366040906849527,-0.6453433551576297,-0.6458337176830544,-1.1958489258219092,-1.2240418656222034,0.20849424062589383,0.7017440130789315,0.0,0.0,0.0,0.0,0.0,0.0,0.0,0.0,0.0,0.0,0.0,0.0,0.0,0.0,0.0,0.0,0.0,0.0,0.0,0.0,0.0,0.0,0.0,0.0,0.0,0.0,0.0,0.0,-0.0103540900432754,0.0044916900305516,0.0484606849309461,SPY
2008-03-07,-0.813762778573768,-0.8581769659885151,-1.7177187579399458,-0.1252489373875958,-0.6562434643105354,-0.6497447750271397,-1.511336668680713,-1.4089727782934505,0.9903628775775102,1.4162470082138434,0.0,0.0,0.0,0.0,0.0,0.0,0.0,0.0,0.0,0.0,0.0,0.0,0.0,0.0,0.0,0.0,0.0,0.0,0.0,0.0,0.0,0.0,0.0,0.0,0.0,0.0,0.0,0.0,-0.0132710680530774,-0.0007712878826779,0.0593263611102692,SPY
2008-03-10,-1.0368145435818847,-1.797929927928507,-1.2510608410371966,-0.0870075988646002,-0.6734513477000427,-0.6544436586153347,-1.9159924500634749,-1.7036124943978563,0.049342168627170814,-1.4417649723258046,0.0,0.0,0.0,0.0,0.0,0.0,0.0,0.0,0.0,0.0,0.0,0.0,0.0,0.0,0.0,0.0,0.0,0.0,0.0,0.0,0.0,0.0,0.0,0.0,0.0,0.0,0.0,0.0,0.0353070890388433,0.0023414613371279,0.0715748474308384,SPY
2008-03-11,2.677798197338287,-1.3665059823887726,-1.667743047684343,0.29807617815679277,-0.6840747502710227,-0.6555094389483264,-0.6306897944930929,-0.828033336450988,1.141305492822911,-0.7272619771908926,0.0,0.0,0.0,0.0,0.0,0.0,0.0,0.0,0.0,0.0,0.0,0.0,0.0,0.0,0.0,0.0,0.0,0.0,0.0,0.0,0.0,0.0,0.0,0.0,0.0,0.0,0.0,0.0,-0.0093953195446303,0.0077380434926821,0.0290049364405602,SPY
2008-03-12,-0.7404487353269976,1.2106252275045164,-0.1685438297940701,0.29004178418591087,-0.696726928320871,-0.6588736629976836,-0.9240681993605624,-0.8414268334917017,-0.020168220148249583,-0.012758982055980528,0.0,0.0,0.0,0.0,0.0,0.0,0.0,0.0,0.0,0.0,0.0,0.0,0.0,0.0,0.0,0.0,0.0,0.0,0.0,0.0,0.0,0.0,0.0,0.0,0.0,0.0,0.0,0.0,0.0022050786326914,-0.0079487330941931,0.0397984949906202,SPY
2008-03-13,0.14659576057037801,1.4293736839307734,-0.7696678781833401,0.25691365336723476,-0.7063543758470996,-0.6632481713597272,-0.7798132310245529,-0.9340475801777863,1.2034115783092798,0.7017440130789315,0.0,0.0,0.0,0.0,0.0,0.0,0.0,0.0,0.0,0.0,0.0,0.0,0.0,0.0,0.0,0.0,0.0,0.0,0.0,0.0,0.0,0.0,0.0,0.0,0.0,0.0,0.0,0.0,-0.015617067956505,0.0081992780795037,0.0179935390697929,SPY
2008-03-14,-1.2162054808498404,-0.43891412297155535,0.11602899388517028,0.2943161169448433,-0.7141191386572198,-0.6684011842144286,-1.2702783198487255,-1.4708432961814006,2.3771391796522723,1.4162470082138434,0.0,0.0,0.0,0.0,0.0,0.0,0.0,0.0,0.0,0.0,0.0,0.0,0.0,0.0,0.0,0.0,0.0,0.0,0.0,0.0,0.0,0.0,0.0,0.0,0.0,0.0,0.0,0.0,-0.0101583188332714,0.0436073150424407,0.0302315540154145,SPY
2008-03-17,-0.7987927946443618,-0.7900715467321184,-0.08558840349865332,0.3092154012193822,-0.7237097404451408,-0.6747404294404966,-1.542612927220401,-1.7924241447216354,1.5438661187238414,-1.4417649723258046,0.0,0.0,0.0,0.0,0.0,0.0,0.0,0.0,0.0,0.0,0.0,0.0,0.0,0.0,0.0,0.0,0.0,0.0,0.0,0.0,0.0,0.0,0.0,0.0,0.0,0.0,0.0,0.0,0.0407036711943975,0.0547298519297543,0.0427188826554907,SPY
2008-03-18,3.0904571789153805,-1.4878655614803271,0.03365670958233059,0.7249903351784287,-0.7225292422918843,-0.676492049736869,-0.03305262707430568,-0.8783366807168721,0.8482483310113037,-0.7272619771908926,0.0,0.0,0.0,0.0,0.0,0.0,0.0,0.0,0.0,0.0,0.0,0.0,0.0,0.0,0.0,0.0,0.0,0.0,0.0,0.0,0.0,0.0,0.0,0.0,0.0,0.0,0.0,0.0,-0.0250820961315056,0.0017150192307617,0.0287482137403172,SPY
2008-03-19,-1.9399652189044796,1.6908945482622175,0.2403923005176098,0.8366965977298444,-0.729002851827463,-0.6816820434805453,-0.8784497062895514,-1.0533973702546922,0.9291543948240412,-0.012758982055980528,0.0,0.0,0.0,0.0,0.0,0.0,0.0,0.0,0.0,0.0,0.0,0.0,0.0,0.0,0.0,0.0,0.0,0.0,0.0,0.0,0.0,0.0,0.0,0.0,0.0,0.0,0.0,0.0,0.0183530898063883,0.0236392449807993,0.0552911652528846,SPY
2008-03-20,1.38138134399285,0.8485918960331179,-0.3605463925438146,0.9047969004682803,-0.7259156309316729,-0.6835876504211558,-0.17620716050690358,-0.466789402655242,-0.025262063896948083,0.7017440130789315,0.0,0.0,0.0,0.0,0.0,0.0,0.0,0.0,0.0,0.0,0.0,0.0,0.0,0.0,0.0,0.0,0.0,0.0,0.0,0.0,0.0,0.0,0.0,0.0,0.0,0.0,0.0,0.0,0.0197909690064319,-0.0043248023415785,0.0473179876726304,SPY
2008-03-24,1.491331262148028,-0.41288189882241133,0.2580615589700572,0.9750891586629973,-0.7154452708193276,-0.6838036010382427,0.5680460535580101,-0.15485962426566052,-0.4093409125099916,-1.4417649723258046,0.0,0.0,0.0,0.0,0.0,0.0,0.0,0.0,0.0,0.0,0.0,0.0,0.0,0.0,0.0,0.0,0.0,0.0,0.0,0.0,0.0,0.0,0.0,0.0,0.0,0.0,0.0,0.0,0.0009642180540421,-0.0206242107736791,0.0280324262432287,SPY
2008-03-25,0.05171121181249882,2.1197679138899437,1.614494433406535,0.9436784010829751,-0.7015801507154511,-0.6854833530008476,0.6303380026027251,-0.0863736700057878,-0.6063541450818591,-0.7272619771908926,0.0,0.0,0.0,0.0,0.0,0.0,0.0,0.0,0.0,0.0,0.0,0.0,0.0,0.0,0.0,0.0,0.0,0.0,0.0,0.0,0.0,0.0,0.0,0.0,0.0,0.0,0.0,0.0,-0.0123111615045949,0.0129669609604956,0.0226557497651809,SPY
2008-03-26,-0.9634136303208332,1.138334560686135,2.0405834226627504,0.9532330806565373,-0.6992573364193568,-0.6896544319119521,0.23037060484581842,-0.3440376245487423,-0.5876517003441901,-0.012758982055980528,0.0,0.0,0.0,0.0,0.0,0.0,0.0,0.0,0.0,0.0,0.0,0.0,0.0,0.0,0.0,0.0,0.0,0.0,0.0,0.0,0.0,0.0,0.0,0.0,0.0,0.0,0.0,0.0,-0.003157870381468,0.0259371978027909,0.0333708457328176,SPY
2008-03-27,-0.2634914047209334,-0.6735197126178339,0.009658579782144591,0.953543133890099,-0.6954259495161145,-0.6940869148532146,0.17968126600218404,-0.0886834629905015,-0.3239146435413674,0.7017440130789315,0.0,0.0,0.0,0.0,0.0,0.0,0.0,0.0,0.0,0.0,0.0,0.0,0.0,0.0,0.0,0.0,0.0,0.0,0.0,0.0,0.0,0.0,0.0,0.0,0.0,0.0,0.0,0.0,-0.0096109575159895,0.0315788894826898,0.0408757755367599,SPY
2008-03-28,-0.756937865499667,-0.9061716714730453,0.8495453146792662,0.9529218860536843,-0.6944833667514932,-0.6984510942406614,-0.11225691926771778,-0.0799856589420473,-0.815934637678226,1.4162470082138434,0.0,0.0,0.0,0.0,0.0,0.0,0.0,0.0,0.0,0.0,0.0,0.0,0.0,0.0,0.0,0.0,0.0,0.0,0.0,0.0,0.0,0.0,0.0,0.0,0.0,0.0,0.0,0.0,0.0034915605743313,0.0400945191624693,0.0596980585058366,SPY
2008-03-31,0.24496882569791611,-0.75377131493388,-0.2217186226600127,0.8675671336455573,-0.6889257127936529,-0.6995601752941215,0.03449812607722492,0.1798091127197209,-0.9543629133284672,-1.4417649723258046,0.0,0.0,0.0,0.0,0.0,0.0,0.0,0.0,0.0,0.0,0.0,0.0,0.0,0.0,0.0,0.0,0.0,0.0,0.0,0.0,0.0,0.0,0.0,0.0,0.0,0.0,0.0,0.0,0.0345553897882169,0.0371145447241856,0.0564214813827463,SPY
2008-04-01,2.620318214957865,-0.37847535480542294,-0.8461263935373083,1.0858484576430056,-0.6723519101710641,-0.6960510888572455,1.2900115530455132,0.18574286531418857,-0.046965148264290185,-0.7272619771908926,0.0,0.0,0.0,0.0,0.0,0.0,0.0,0.0,0.0,0.0,0.0,0.0,0.0,0.0,0.0,0.0,0.0,0.0,0.0,0.0,0.0,0.0,0.0,0.0,0.0,0.0,0.0,0.0,0.0006590753377002,0.0015365732034604,0.0179192463605639,SPY
2008-04-02,0.028377946621359423,2.1142870826242746,0.4407048893934507,1.0808167826731816,-0.6654416147705937,-0.6919854326352458,1.2515953901852883,0.3671759599751994,-0.5148028242508094,-0.012758982055980528,0.0,0.0,0.0,0.0,0.0,0.0,0.0,0.0,0.0,0.0,0.0,0.0,0.0,0.0,0.0,0.0,0.0,0.0,0.0,0.0,0.0,0.0,0.0,0.0,0.0,0.0,0.0,0.0,0.0024838212984308,-0.0063853240856746,0.0113469274700497,SPY
2008-04-03,0.16791030026430634,1.9544207311278323,0.9375767058268802,1.076854823474868,-0.6517963310797561,-0.688381637598594,1.2907977300702091,0.37188263897858903,-0.8759454670099311,0.7017440130789315,0.0,0.0,0.0,0.0,0.0,0.0,0.0,0.0,0.0,0.0,0.0,0.0,0.0,0.0,0.0,0.0,0.0,0.0,0.0,0.0,0.0,0.0,0.0,0.0,0.0,0.0,0.0,0.0,-0.00109532783621,-0.0074709063786757,0.0293379852083806,SPY
2008-04-04,-0.10577552425210597,0.14429138784888923,1.1537021032913,0.9819204568705793,-0.6428811165877794,-0.6823503656610035,1.1544663424948565,0.6692429211947972,-0.5488383769638782,1.4162470082138434,0.0,0.0,0.0,0.0,0.0,0.0,0.0,0.0,0.0,0.0,0.0,0.0,0.0,0.0,0.0,0.0,0.0,0.0,0.0,0.0,0.0,0.0,0.0,0.0,0.0,0.0,0.0,0.0,0.0005115861360476,-0.0259754558306015,0.0331929026417849,SPY
2008-04-07,0.017099929907588126,0.04527232471675911,1.4799240866300165,0.9504565851702846,-0.6387293191442138,-0.6750026728232752,1.0599846614159585,0.9098665129240625,-1.0515848024955947,-1.4417649723258046,0.0,0.0,0.0,0.0,0.0,0.0,0.0,0.0,0.0,0.0,0.0,0.0,0.0,0.0,0.0,0.0,0.0,0.0,0.0,0.0,0.0,0.0,0.0,0.0,0.0,0.0,0.0,0.0,-0.0010225817325082,-0.0298660949775326,0.0278646045642609,SPY
2008-04-08,-0.10021286770357367,-0.0660412438856965,1.3657653916055097,0.9010935868845967,-0.635077857350276,-0.6662005201409561,0.8851392704104895,0.3254283507297122,-1.0697169950157852,-0.7272619771908926,0.0,0.0,0.0,0.0,0.0,0.0,0.0,0.0,0.0,0.0,0.0,0.0,0.0,0.0,0.0,0.0,0.0,0.0,0.0,0.0,0.0,0.0,0.0,0.0,0.0,0.0,0.0,0.0,-0.0072628219514347,-0.0265145034382197,0.0375128680149172,SPY
2008-04-09,-0.5773836212125013,-0.0619354310701619,0.0028225595306565912,0.7009259989461194,-0.6302033135551286,-0.6625838188234263,0.554132647797847,0.8888285302663801,-0.5606464113888922,-0.012758982055980528,0.0,0.0,0.0,0.0,0.0,0.0,0.0,0.0,0.0,0.0,0.0,0.0,0.0,0.0,0.0,0.0,0.0,0.0,0.0,0.0,0.0,0.0,0.0,0.0,0.0,0.0,0.0,0.0,0.0013982390054296,0.0074813207924391,0.0268043988968376,SPY
2008-04-10,0.08489937398998983,-0.500725451903062,-0.3006543579313222,0.6743427530500936,-0.6241981066959773,-0.6576408909922071,0.5319044397388686,0.5773182662117778,-0.5947522141953823,0.7017440130789315,0.0,0.0,0.0,0.0,0.0,0.0,0.0,0.0,0.0,0.0,0.0,0.0,0.0,0.0,0.0,0.0,0.0,0.0,0.0,0.0,0.0,0.0,0.0,0.0,0.0,0.0,0.0,0.0,-0.0195998772881358,0.0075439371680712,0.0228224834816241,SPY
2008-04-11,-1.5207578799854615,-0.36409357329833697,-0.3422415126124521,0.7680872703228565,-0.6207321509125054,-0.6554255826841948,-0.23423225969531036,-0.6613647610253917,-0.273491907791027,1.4162470082138434,0.0,0.0,0.0,0.0,0.0,0.0,0.0,0.0,0.0,0.0,0.0,0.0,0.0,0.0,0.0,0.0,0.0,0.0,0.0,0.0,0.0,0.0,0.0,0.0,0.0,0.0,0.0,0.0,-0.0033790530108834,0.0375237266823411,0.0405521186881632,SPY
2008-04-14,-0.2804045167548462,-1.0604008300429075,-1.0511251829921746,0.7130599617814344,-0.6189527080883814,-0.6517386621139283,-0.4135544893877158,-0.7867319353419763,-0.9061848574061212,-1.4417649723258046,0.0,0.0,0.0,0.0,0.0,0.0,0.0,0.0,0.0,0.0,0.0,0.0,0.0,0.0,0.0,0.0,0.0,0.0,0.0,0.0,0.0,0.0,0.0,0.0,0.0,0.0,0.0,0.0,0.0023290098068047,0.0414081872702549,0.0551001367464945,SPY
2008-04-15,0.15607237199240792,-1.3300326836547673,-1.2001701822105977,0.6823460689496498,-0.6251988959015943,-0.6465489942365634,-0.4042520737460407,-0.33682461727083507,-0.7556413513083137,-0.7272619771908926,0.0,0.0,0.0,0.0,0.0,0.0,0.0,0.0,0.0,0.0,0.0,0.0,0.0,0.0,0.0,0.0,0.0,0.0,0.0,0.0,0.0,0.0,0.0,0.0,0.0,0.0,0.0,0.0,0.026733002279224,0.0346667190394445,0.052912947877747,SPY
2008-04-16,2.022165834447891,-0.0923594464183537,-1.0717753505410004,0.47995004349377157,-0.624921049558164,-0.6429369241705504,0.5393494501335413,0.4728217608242755,-0.547988036686579,-0.012758982055980528,0.0,0.0,0.0,0.0,0.0,0.0,0.0,0.0,0.0,0.0,0.0,0.0,0.0,0.0,0.0,0.0,0.0,0.0,0.0,0.0,0.0,0.0,0.0,0.0,0.0,0.0,0.0,0.0,0.0014608553810617,0.0063376512232622,0.0282424146313182,SPY
2008-04-17,0.08968744337420133,1.607174359806939,0.2305576092979805,0.29435007424077186,-0.6249024989571176,-0.6360707926179059,0.4911727673230819,0.8525627439577182,-0.6371035681843948,0.7017440130789315,0.0,0.0,0.0,0.0,0.0,0.0,0.0,0.0,0.0,0.0,0.0,0.0,0.0,0.0,0.0,0.0,0.0,0.0,0.0,0.0,0.0,0.0,0.0,0.0,0.0,0.0,0.0,0.0,0.0103799122261341,0.0092238552646746,0.0392073178301695,SPY
2008-04-18,0.7716985400694973,1.5581754528456169,0.2329563559575129,0.24373120575010393,-0.6219554490753794,-0.6301099571772589,0.7946592353169574,0.9729350323787257,-0.14917257948030246,1.4162470082138434,0.0,0.0,0.0,0.0,0.0,0.0,0.0,0.0,0.0,0.0,0.0,0.0,0.0,0.0,0.0,0.0,0.0,0.0,0.0,0.0,0.0,0.0,0.0,0.0,0.0,0.0,0.0,0.0,0.0005054075770303,0.0080552684916277,0.0297384409151444,SPY
2008-04-21,0.016627475713766725,0.6352019422794474,1.3814405859194272,0.1542588421006501,-0.6190084777978837,-0.626542797413798,0.7600554416956923,0.21466426584953008,-1.395915110484254,-1.4417649723258046,0.0,0.0,0.0,0.0,0.0,0.0,0.0,0.0,0.0,0.0,0.0,0.0,0.0,0.0,0.0,0.0,0.0,0.0,0.0,0.0,0.0,0.0,0.0,0.0,0.0,0.0,0.0,0.0,-0.0044124584240057,0.0077648443658384,0.0319633192730375,SPY
2008-04-22,-0.3594256477305703,0.5812761697809973,1.5302488930959706,0.16351807070827662,-0.616932677331403,-0.623664825149461,0.5495962679123981,-0.00467757508109131,-0.811001854703612,-0.7272619771908926,0.0,0.0,0.0,0.0,0.0,0.0,0.0,0.0,0.0,0.0,0.0,0.0,0.0,0.0,0.0,0.0,0.0,0.0,0.0,0.0,0.0,0.0,0.0,0.0,0.0,0.0,0.0,0.0,-0.0015960655369582,0.0082304575558787,0.0282337410260389,SPY
2008-04-23,-0.14406529797774797,-0.25360985018412274,1.2719925785814974,0.1112677739685613,-0.6134294827884145,-0.6194549780220375,0.4265061436242442,-0.1572302647323111,-0.4078426899468539,-0.012758982055980528,0.0,0.0,0.0,0.0,0.0,0.0,0.0,0.0,0.0,0.0,0.0,0.0,0.0,0.0,0.0,0.0,0.0,0.0,0.0,0.0,0.0,0.0,0.0,0.0,0.0,0.0,0.0,0.0,0.0043470594224741,0.0039132795400229,0.0127703499576279,SPY
2008-04-24,0.3103860237019611,-0.37221764914331024,0.186745211487055,0.1056361378622687,-0.6091664996449327,-0.6142951713484814,0.5135849815076491,0.03649290639271559,0.03865673502446331,0.7017440130789315,0.0,0.0,0.0,0.0,0.0,0.0,0.0,0.0,0.0,0.0,0.0,0.0,0.0,0.0,0.0,0.0,0.0,0.0,0.0,0.0,0.0,0.0,0.0,0.0,0.0,0.0,0.0,0.0,0.0092113254530872,0.0200410991543105,0.0085663256415475,SPY
2008-04-25,0.6823405327696948,0.12217227419138142,0.2973116924303822,0.0748812159326838,-0.5976378316730899,-0.6067603127511724,0.7500268702138864,0.293729137958476,-0.432771239801288,1.4162470082138434,0.0,0.0,0.0,0.0,0.0,0.0,0.0,0.0,0.0,0.0,0.0,0.0,0.0,0.0,0.0,0.0,0.0,0.0,0.0,0.0,0.0,0.0,0.0,0.0,0.0,0.0,0.0,0.0,0.000214983451241,0.0135893632984176,-0.0141395515722866,SPY
2008-04-28,-0.005580307012246876,0.7321447974123724,0.2525447510364933,0.0769717831383897,-0.5852195798466086,-0.5996259142263565,0.6518192403042115,0.3409253881550898,-1.4927704786309357,-1.4417649723258046,0.0,0.0,0.0,0.0,0.0,0.0,0.0,0.0,0.0,0.0,0.0,0.0,0.0,0.0,0.0,0.0,0.0,0.0,0.0,0.0,0.0,0.0,0.0,0.0,0.0,0.0,0.0,0.0,-0.0039468452339654,0.0085576679057002,-0.0069712355710063,SPY
2008-04-29,-0.3238217304228091,0.49892913892130364,0.2414190048630346,-0.2803665662463894,-0.5743952648337849,-0.5973253869405463,0.4684997690306035,0.4773909414672468,-1.1965097102719169,-0.7272619771908926,0.0,0.0,0.0,0.0,0.0,0.0,0.0,0.0,0.0,0.0,0.0,0.0,0.0,0.0,0.0,0.0,0.0,0.0,0.0,0.0,0.0,0.0,0.0,0.0,0.0,0.0,0.0,0.0,-0.0059132435528139,0.0211301948578137,0.001580699227774,SPY
2008-04-30,-0.4741857764506786,-0.24372212467661272,0.2592560015427148,-0.2628577823948599,-0.5717817524007381,-0.595872467554882,0.22480685729257813,0.19327101804390287,-0.15225653804353617,-0.012758982055980528,0.0,0.0,0.0,0.0,0.0,0.0,0.0,0.0,0.0,0.0,0.0,0.0,0.0,0.0,0.0,0.0,0.0,0.0,0.0,0.0,0.0,0.0,0.0,0.0,0.0,0.0,0.0,0.0,0.0204748790367617,0.0090721473411132,0.012506647481155,SPY
2008-05-01,1.543627624636606,-0.5896011709679451,0.09387088878905038,-0.1231941219484004,-0.5642380247183435,-0.5920723923766679,0.943057356319386,1.4883304733362186,-0.408658780981154,0.7017440130789315,0.0,0.0,0.0,0.0,0.0,0.0,0.0,0.0,0.0,0.0,0.0,0.0,0.0,0.0,0.0,0.0,0.0,0.0,0.0,0.0,0.0,0.0,0.0,0.0,0.0,0.0,0.0,0.0,0.0027595895971943,-0.0139864081054321,-0.0054709683624754,SPY
2008-05-02,0.18899739984674693,0.7887685751200645,0.711705329616706,-0.1251735813858726,-0.5586219285067816,-0.5877693771083956,0.9842363207107964,1.6968890753766168,-0.4678819538536763,1.4162470082138434,0.0,0.0,0.0,0.0,0.0,0.0,0.0,0.0,0.0,0.0,0.0,0.0,0.0,0.0,0.0,0.0,0.0,0.0,0.0,0.0,0.0,0.0,0.0,0.0,0.0,0.0,0.0,0.0,-0.0048167119414763,-0.0186162397842233,-0.0186162397842233,SPY
2008-05-05,-0.3903375916257791,1.2782659871095046,0.464548261257506,-0.1114687115116134,-0.5543959090079698,-0.5841649204643848,0.7470591796783643,1.4109582131633531,-1.2486868533180964,-1.4417649723258046,0.0,0.0,0.0,0.0,0.0,0.0,0.0,0.0,0.0,0.0,0.0,0.0,0.0,0.0,0.0,0.0,0.0,0.0,0.0,0.0,0.0,0.0,0.0,0.0,0.0,0.0,0.0,0.0,0.008625681718148,-0.0026305627952991,-0.019648052852248,SPY
2008-05-06,0.637558272394341,-0.14919930765765294,0.2717909770291651,-0.09700822996800519,-0.5467779985724487,-0.579293791843777,1.003527591529717,1.120051110109482,-0.4451883265862655,-0.7272619771908926,0.0,0.0,0.0,0.0,0.0,0.0,0.0,0.0,0.0,0.0,0.0,0.0,0.0,0.0,0.0,0.0,0.0,0.0,0.0,0.0,0.0,0.0,0.0,0.0,0.0,0.0,0.0,0.0,-0.0179712910695144,-0.0111144235753899,-0.0287809029421941,SPY
2008-05-07,-1.396225220050855,0.18188476395228972,0.7534270781899352,0.0038886269485112097,-0.5434417004856988,-0.5758569193564526,0.2720978316265482,0.22767584037728159,-0.18840020570605787,-0.012758982055980528,0.0,0.0,0.0,0.0,0.0,0.0,0.0,0.0,0.0,0.0,0.0,0.0,0.0,0.0,0.0,0.0,0.0,0.0,0.0,0.0,0.0,0.0,0.0,0.0,0.0,0.0,0.0,0.0,-0.0025836764097837,0.0089193365269197,0.0089899804090309,SPY
2008-05-08,-0.21958467028178788,-0.5605637909330011,0.2914999719148795,0.00854413985187571,-0.5418847273167106,-0.5729323679590608,0.13279781374434851,-0.17492644378266362,-0.4445065529710262,0.7017440130789315,0.0,0.0,0.0,0.0,0.0,0.0,0.0,0.0,0.0,0.0,0.0,0.0,0.0,0.0,0.0,0.0,0.0,0.0,0.0,0.0,0.0,0.0,0.0,0.0,0.0,0.0,0.0,0.0,-0.0018702420815968,0.0239287715166165,-0.0208393975748313,SPY
2008-05-09,-0.16503068132995838,-1.1932234649727482,-0.5918413632020495,-0.13808581420304938,-0.5431821492795295,-0.5677911257905164,-0.011370194444463277,-0.2597888805668344,-0.769690781923803,1.4162470082138434,0.0,0.0,0.0,0.0,0.0,0.0,0.0,0.0,0.0,0.0,0.0,0.0,0.0,0.0,0.0,0.0,0.0,0.0,0.0,0.0,0.0,0.0,0.0,0.0,0.0,0.0,0.0,0.0,0.0111689650474477,0.0267100489093223,-0.0165508157796292,SPY
2008-05-12,0.832034827791659,-0.28447523085120063,-0.7692038049209564,-0.1226484898827579,-0.5416436481073464,-0.560777801412488,0.304775549517115,0.236244198929326,-0.8103059164565648,-1.4417649723258046,0.0,0.0,0.0,0.0,0.0,0.0,0.0,0.0,0.0,0.0,0.0,0.0,0.0,0.0,0.0,0.0,0.0,0.0,0.0,0.0,0.0,0.0,0.0,0.0,0.0,0.0,0.0,0.0,0.0001418209380572,0.0182713697967979,-0.0327096388138556,SPY
2008-05-13,-0.011174805031511576,0.49172814870153647,-0.1568146512777737,-0.120402892060417,-0.5390487845306485,-0.5540346103318691,0.21248904618163791,0.3014784633095328,-0.6669861774398476,-0.7272619771908926,0.0,0.0,0.0,0.0,0.0,0.0,0.0,0.0,0.0,0.0,0.0,0.0,0.0,0.0,0.0,0.0,0.0,0.0,0.0,0.0,0.0,0.0,0.0,0.0,0.0,0.0,0.0,0.0,0.0020624690327952,0.0099875121877364,-0.0476729315879111,SPY
2008-05-14,0.13569087103845182,0.6052896140087987,-0.4818196120527279,-0.3554884971541154,-0.5343965138800331,-0.5503835251811189,0.23707505678159493,0.242539621448918,-0.3838222973218264,-0.012758982055980528,0.0,0.0,0.0,0.0,0.0,0.0,0.0,0.0,0.0,0.0,0.0,0.0,0.0,0.0,0.0,0.0,0.0,0.0,0.0,0.0,0.0,0.0,0.0,0.0,0.0,0.0,0.0,0.0,0.012425758579913,-0.009134413450428,-0.0459350426680877,SPY
2008-05-15,0.9281377174004152,0.09131613448206692,0.2856460011861879,-0.3072385884265175,-0.5317829817959256,-0.5452794613962839,0.6313151608739681,0.3326676750783367,-0.5645869423659649,0.7017440130789315,0.0,0.0,0.0,0.0,0.0,0.0,0.0,0.0,0.0,0.0,0.0,0.0,0.0,0.0,0.0,0.0,0.0,0.0,0.0,0.0,0.0,0.0,0.0,0.0,0.0,0.0,0.0,0.0,0.000911035311109,-0.0214171369239473,-0.0457957805458431,SPY
2008-05-16,0.04764450145700792,0.7846254119379901,0.8606366754235866,-0.3380738863131517,-0.5296514705731246,-0.5413862575761683,0.6092232013193396,0.3506110948533473,-0.08313989508547498,1.4162470082138434,0.0,0.0,0.0,0.0,0.0,0.0,0.0,0.0,0.0,0.0,0.0,0.0,0.0,0.0,0.0,0.0,0.0,0.0,0.0,0.0,0.0,0.0,0.0,0.0,0.0,0.0,0.0,0.0,0.0027302859349234,-0.0358227239958033,-0.0461195244855634,SPY
2008-05-19,0.18675664466492453,0.7196381330299179,0.9671835617234984,-0.3379327808119219,-0.5255367153784706,-0.537194984828494,0.6517915004151826,0.5780587413294775,-0.5709409958243661,-1.4417649723258046,0.0,0.0,0.0,0.0,0.0,0.0,0.0,0.0,0.0,0.0,0.0,0.0,0.0,0.0,0.0,0.0,0.0,0.0,0.0,0.0,0.0,0.0,0.0,0.0,0.0,0.0,0.0,0.0,-0.0081420366710043,-0.0311697104782053,-0.053706561916754,SPY
2008-05-20,-0.6446142943139511,0.17242262851715312,0.6439094480800324,-0.3137616798560115,-0.5258332498803713,-0.5335159640475946,0.2915982535145804,0.4777053556945206,-0.4020452041205727,-0.7272619771908926,0.0,0.0,0.0,0.0,0.0,0.0,0.0,0.0,0.0,0.0,0.0,0.0,0.0,0.0,0.0,0.0,0.0,0.0,0.0,0.0,0.0,0.0,0.0,0.0,0.0,0.0,0.0,0.0,-0.0170594566053692,-0.0184225842423861,-0.0553484226606979,SPY
2008-05-21,-1.3265002218028827,-0.33853558192580113,0.3265663318874157,-0.18899904781941387,-0.5258888623813895,-0.5318674063782534,-0.3665791353416826,-0.7302654594910459,0.5419598026031001,-0.012758982055980528,0.0,0.0,0.0,0.0,0.0,0.0,0.0,0.0,0.0,0.0,0.0,0.0,0.0,0.0,0.0,0.0,0.0,0.0,0.0,0.0,0.0,0.0,0.0,0.0,0.0,0.0,0.0,0.0,0.0001430351063937,0.00364957706355,-0.0370237385767531,SPY
2008-05-22,-0.011081961551182577,-1.455474832325342,-0.4059681654439627,-0.19433231250382568,-0.5252402201786925,-0.5307590758047824,-0.3769207131920976,-0.8308847922899546,-0.5093318487500179,0.7017440130789315,0.0,0.0,0.0,0.0,0.0,0.0,0.0,0.0,0.0,0.0,0.0,0.0,0.0,0.0,0.0,0.0,0.0,0.0,0.0,0.0,0.0,0.0,0.0,0.0,0.0,0.0,0.0,0.0,-0.0134945517607469,0.0060038051502875,-0.0535313255827807,SPY
2008-05-23,-1.0539036115415104,-0.9878627933252325,-0.8765022965660464,-0.16101820241038148,-0.5275756111534625,-0.5325845788812112,-0.8457161935874135,-1.0530519957388065,-0.3766511736814742,1.4162470082138434,0.0,0.0,0.0,0.0,0.0,0.0,0.0,0.0,0.0,0.0,0.0,0.0,0.0,0.0,0.0,0.0,0.0,0.0,0.0,0.0,0.0,0.0,0.0,0.0,0.0,0.0,0.0,0.0,0.0073832994525213,0.0091126750864809,-0.0410255828426455,SPY
2008-05-27,0.542557365211764,-0.786658450378826,-1.4283603930845323,-0.13879065126084658,-0.5309120074955148,-0.5334880284174452,-0.563303732850207,-1.1082194160186376,-0.5261296970772403,-0.7272619771908926,0.0,0.0,0.0,0.0,0.0,0.0,0.0,0.0,0.0,0.0,0.0,0.0,0.0,0.0,0.0,0.0,0.0,0.0,0.0,0.0,0.0,0.0,0.0,0.0,0.0,0.0,0.0,0.0,0.0046050895648148,-0.0041191493755414,-0.0503887146862958,SPY
2008-05-28,0.3301167444962173,-0.3780156691504756,-1.2501098872156602,-0.13597562770958238,-0.5330990722661542,-0.5332831078812619,-0.3968781342767252,-0.40425754300848377,-0.3575788878278617,-0.012758982055980528,0.0,0.0,0.0,0.0,0.0,0.0,0.0,0.0,0.0,0.0,0.0,0.0,0.0,0.0,0.0,0.0,0.0,0.0,0.0,0.0,0.0,0.0,0.0,0.0,0.0,0.0,0.0,0.0,0.005012704700567,-0.0092314073121544,-0.0502789480795815,SPY
2008-05-29,0.3612857403433005,0.6435337407780601,-0.7617851292248214,-0.14220534038225388,-0.5345262305299368,-0.5316624759673334,-0.23464035306732697,-0.13444591018699042,-0.4319126984387174,0.7017440130789315,0.0,0.0,0.0,0.0,0.0,0.0,0.0,0.0,0.0,0.0,0.0,0.0,0.0,0.0,0.0,0.0,0.0,0.0,0.0,0.0,0.0,0.0,0.0,0.0,0.0,0.0,0.0,0.0,0.0024972631931312,0.0055554802689892,-0.0828275524036241,SPY
2008-05-30,0.16893815797454692,0.5097366325105827,0.08376881200539339,-0.2964016594249524,-0.538566861924645,-0.5323795990966074,-0.13192863820820508,0.01723650625241279,-1.1217161357803789,1.4162470082138434,0.0,0.0,0.0,0.0,0.0,0.0,0.0,0.0,0.0,0.0,0.0,0.0,0.0,0.0,0.0,0.0,0.0,0.0,0.0,0.0,0.0,0.0,0.0,0.0,0.0,0.0,0.0,0.0,-0.0103856818245535,-0.029354837317788,-0.0907987855704917,SPY
2008-06-02,-0.8161784987300912,0.39077025370261176,0.1739560306336118,-0.2626895015725962,-0.5455359926000451,-0.5348105222806582,-0.4812186011643066,-0.7423796753070288,-0.290576404431405,-1.4417649723258046,0.0,0.0,0.0,0.0,0.0,0.0,0.0,0.0,0.0,0.0,0.0,0.0,0.0,0.0,0.0,0.0,0.0,0.0,0.0,0.0,0.0,0.0,0.0,0.0,0.0,0.0,0.0,0.0,-0.005848525009501,-0.0165508157796292,-0.0768905849660432,SPY
2008-06-03,-0.4692369611815239,-0.47831949153851955,0.2930525337301838,-0.2591415019035833,-0.5547293482013583,-0.5373625393609709,-0.659883161832008,-0.9158738679534173,0.9054003990034012,-0.7272619771908926,0.0,0.0,0.0,0.0,0.0,0.0,0.0,0.0,0.0,0.0,0.0,0.0,0.0,0.0,0.0,0.0,0.0,0.0,0.0,0.0,0.0,0.0,0.0,0.0,0.0,0.0,0.0,0.0,-0.000507168371798,-0.0156921487569068,-0.0679216619605549,SPY
2008-06-04,-0.06080089427461428,-0.9493583845439273,-0.2138403422529378,-0.2975430443856017,-0.5619024568840292,-0.5411160650303394,-0.62579091030768,-1.0128539449097005,0.5707203591505573,-0.012758982055980528,0.0,0.0,0.0,0.0,0.0,0.0,0.0,0.0,0.0,0.0,0.0,0.0,0.0,0.0,0.0,0.0,0.0,0.0,0.0,0.0,0.0,0.0,0.0,0.0,0.0,0.0,0.0,0.0,0.0197995922817106,-0.0300064522211069,-0.0846998659085276,SPY
2008-06-05,1.4919906557960436,-0.39181199966714014,-0.409683866000928,-0.2551577623455138,-0.5595115713146024,-0.539942580944063,0.08968152515244723,-0.7399825348630776,0.4937718042786688,0.7017440130789315,0.0,0.0,0.0,0.0,0.0,0.0,0.0,0.0,0.0,0.0,0.0,0.0,0.0,0.0,0.0,0.0,0.0,0.0,0.0,0.0,0.0,0.0,0.0,0.0,0.0,0.0,0.0,0.0,-0.032413054393646,-0.0460056865501989,-0.1034696224467524,SPY
2008-06-06,-2.500539612703988,1.055775751567031,0.1567813251265713,0.09347855616569581,-0.5654797162737809,-0.54261565242169,-1.0639786659180654,-1.433374624545888,2.302650787676454,1.4162470082138434,0.0,0.0,0.0,0.0,0.0,0.0,0.0,0.0,0.0,0.0,0.0,0.0,0.0,0.0,0.0,0.0,0.0,0.0,0.0,0.0,0.0,0.0,0.0,0.0,0.0,0.0,0.0,0.0,0.0024183397136052,-0.0010276114543952,-0.0813219541435357,SPY
2008-06-09,0.16290313770709863,-0.7450024214697241,-1.1805846090902652,0.09658953644132011,-0.5673702465425203,-0.5447391948014664,-0.9467934195884632,-1.4472579921383073,0.3503286707270227,-1.4417649723258046,0.0,0.0,0.0,0.0,0.0,0.0,0.0,0.0,0.0,0.0,0.0,0.0,0.0,0.0,0.0,0.0,0.0,0.0,0.0,0.0,0.0,0.0,0.0,0.0,0.0,0.0,0.0,0.0,-0.0049898579867786,-0.0028586597966118,-0.0661386404382486,SPY
2008-06-10,-0.4035775032326118,-1.726005745535086,-0.6900802708370355,0.05413371813815881,-0.5724117260960266,-0.5489491110520467,-1.0689724982232949,-1.3929096359161213,0.964792607667568,-0.7272619771908926,0.0,0.0,0.0,0.0,0.0,0.0,0.0,0.0,0.0,0.0,0.0,0.0,0.0,0.0,0.0,0.0,0.0,0.0,0.0,0.0,0.0,0.0,0.0,0.0,0.0,0.0,0.0,0.0,-0.0148214718359982,-0.0027255533061003,-0.0805919155504515,SPY
2008-06-11,-1.1553688484459173,-0.17823197455842854,-0.6571859260013045,0.10253368020894,-0.5823463786499695,-0.5550403226414607,-1.5174849588899515,-1.3452904094583455,1.502764271378058,-0.012758982055980528,0.0,0.0,0.0,0.0,0.0,0.0,0.0,0.0,0.0,0.0,0.0,0.0,0.0,0.0,0.0,0.0,0.0,0.0,0.0,0.0,0.0,0.0,0.0,0.0,0.0,0.0,0.0,0.0,0.0038003579526186,0.0023120211149496,-0.0616917959001437,SPY
2008-06-12,0.2685815509311574,-1.151252323359731,-1.2055470738905505,0.10799444800158481,-0.5926332568110728,-0.5609266729431116,-1.2998605748010428,-1.2319196710056983,1.0424803599540102,0.7017440130789315,0.0,0.0,0.0,0.0,0.0,0.0,0.0,0.0,0.0,0.0,0.0,0.0,0.0,0.0,0.0,0.0,0.0,0.0,0.0,0.0,0.0,0.0,0.0,0.0,0.0,0.0,0.0,0.0,0.0125650207021577,-0.0002231093590934,-0.0772124634694915,SPY
2008-06-13,0.9387866362681871,-0.6551297900720721,-1.8184555904657356,0.10921932877427801,-0.6004179850985898,-0.5668689636282185,-0.7615697661255789,-0.6100989614695047,0.996298562025943,1.4162470082138434,0.0,0.0,0.0,0.0,0.0,0.0,0.0,0.0,0.0,0.0,0.0,0.0,0.0,0.0,0.0,0.0,0.0,0.0,0.0,0.0,0.0,0.0,0.0,0.0,0.0,0.0,0.0,0.0,0.0005872913713886,-0.0291526819608849,-0.0988630241965156,SPY
2008-06-16,0.022888861571255723,0.8905724030898647,-0.09540780465704732,0.10863275661347631,-0.6053667509489836,-0.5728577544484879,-0.6552535916597797,-0.8004342488500563,-0.13066813132262536,-1.4417649723258046,0.0,0.0,0.0,0.0,0.0,0.0,0.0,0.0,0.0,0.0,0.0,0.0,0.0,0.0,0.0,0.0,0.0,0.0,0.0,0.0,0.0,0.0,0.0,0.0,0.0,0.0,0.0,0.0,-0.0048567514962671,-0.0307287823528854,-0.1136473773051172,SPY
2008-06-17,-0.3933992853842566,0.7092259216277675,-0.1655527316030057,0.1021554662983692,-0.6100375722006457,-0.5798245589418803,-0.7337686974793406,-1.0421865590362125,-0.009689905929325383,-0.7272619771908926,0.0,0.0,0.0,0.0,0.0,0.0,0.0,0.0,0.0,0.0,0.0,0.0,0.0,0.0,0.0,0.0,0.0,0.0,0.0,0.0,0.0,0.0,0.0,0.0,0.0,0.0,0.0,0.0,-0.0097838974149482,-0.0278518632477471,-0.0845391595641045,SPY
2008-06-18,-0.7701620137700483,-0.27406434302932536,-0.160453606234388,0.10825909533812081,-0.6170250962686086,-0.5869403337132632,-0.988810043286929,-1.380059641310519,1.396195567819153,-0.012758982055980528,0.0,0.0,0.0,0.0,0.0,0.0,0.0,0.0,0.0,0.0,0.0,0.0,0.0,0.0,0.0,0.0,0.0,0.0,0.0,0.0,0.0,0.0,0.0,0.0,0.0,0.0,0.0,0.0,0.0012652274785756,-0.0133531096612697,-0.064802038616138,SPY
2008-06-19,0.07472841770183362,-0.859417477623066,0.03252889542999119,0.04607376215387281,-0.6288131582381369,-0.5916624525569343,-0.8758606963362539,-1.423681991284799,2.0112199262524704,0.7017440130789315,0.0,0.0,0.0,0.0,0.0,0.0,0.0,0.0,0.0,0.0,0.0,0.0,0.0,0.0,0.0,0.0,0.0,0.0,0.0,0.0,0.0,0.0,0.0,0.0,0.0,0.0,0.0,0.0,-0.0163645518996338,-0.0421542367633209,-0.0598569313067995,SPY
2008-06-20,-1.2733631324570334,-0.5138910720520735,-0.06458844320070202,0.10475896654922351,-0.636323145049772,-0.5984352678476803,-1.3711559283369827,-1.506708585494274,1.671864532212319,1.4162470082138434,0.0,0.0,0.0,0.0,0.0,0.0,0.0,0.0,0.0,0.0,0.0,0.0,0.0,0.0,0.0,0.0,0.0,0.0,0.0,0.0,0.0,0.0,0.0,0.0,0.0,0.0,0.0,0.0,-0.0009888090206118,-0.0312636548374234,-0.0429365893164197,SPY
2008-06-23,-0.09763037891816317,-0.8853052666681918,-1.1728403172467543,0.0679402735364196,-0.6446870097392433,-0.6035881424560676,-1.3340432951891352,-1.4298685739961967,-0.5519466304101402,-1.4417649723258046,0.0,0.0,0.0,0.0,0.0,0.0,0.0,0.0,0.0,0.0,0.0,0.0,0.0,0.0,0.0,0.0,0.0,0.0,0.0,0.0,0.0,0.0,0.0,0.0,0.0,0.0,0.0,0.0,-0.0019798323911288,-0.0267523270369167,-0.0306669394632947,SPY
2008-06-24,-0.17341069375609167,-1.0125237907419444,-1.2332185411895134,0.03912456958837811,-0.6522747754480632,-0.6099343888704624,-1.3154699157776668,-1.4521163308119915,1.233370718039576,-0.7272619771908926,0.0,0.0,0.0,0.0,0.0,0.0,0.0,0.0,0.0,0.0,0.0,0.0,0.0,0.0,0.0,0.0,0.0,0.0,0.0,0.0,0.0,0.0,0.0,0.0,0.0,0.0,0.0,0.0,0.0047148561715291,-0.0216520966498006,-0.023289186121973,SPY
2008-06-25,0.3385102377910943,-0.20064572854257282,-1.123007753300066,0.03961544687548891,-0.6550007115978346,-0.6162963854899078,-1.0549650770383934,-2.044630623687107,1.5633134581371426,-0.012758982055980528,0.0,0.0,0.0,0.0,0.0,0.0,0.0,0.0,0.0,0.0,0.0,0.0,0.0,0.0,0.0,0.0,0.0,0.0,0.0,0.0,0.0,0.0,0.0,0.0,0.0,0.0,0.0,0.0,-0.0275358996234755,-0.0436523251411005,-0.0489760675952091,SPY
2008-06-26,-2.1275995438900552,0.12127091647030883,-0.5675805765933333,0.19245495560720763,-0.6653405493667983,-0.6266613930016716,-1.893191466406608,-1.957309572841046,1.6630207293192565,0.7017440130789315,0.0,0.0,0.0,0.0,0.0,0.0,0.0,0.0,0.0,0.0,0.0,0.0,0.0,0.0,0.0,0.0,0.0,0.0,0.0,0.0,0.0,0.0,0.0,0.0,0.0,0.0,0.0,0.0,-0.0054739699737362,-0.015086589774139,-0.0216791585298858,SPY
2008-06-27,-0.440595963018604,-1.3211215006892238,-1.670911881374178,0.17958792308601393,-0.6801353021864717,-0.6380076728496739,-1.9272703290082995,-2.134769019166738,1.6759899469060962,1.4162470082138434,0.0,0.0,0.0,0.0,0.0,0.0,0.0,0.0,0.0,0.0,0.0,0.0,0.0,0.0,0.0,0.0,0.0,0.0,0.0,0.0,0.0,0.0,0.0,0.0,0.0,0.0,0.0,0.0,0.0035225187798948,-0.0198780058908321,-0.0309777544591831,SPY
2008-06-30,0.24733609839219722,-1.896182030858997,-1.2537087655534989,0.1855878896205601,-0.6942400276701797,-0.647582128689996,-1.6669501650578302,-1.9197730452182036,0.9194303108538716,-1.4417649723258046,0.0,0.0,0.0,0.0,0.0,0.0,0.0,0.0,0.0,0.0,0.0,0.0,0.0,0.0,0.0,0.0,0.0,0.0,0.0,0.0,0.0,0.0,0.0,0.0,0.0,0.0,0.0,0.0,0.0031203979959872,-0.0057988712518346,-0.013372531786838,SPY
2008-07-01,0.21658723765494203,-0.14323519491987113,-1.0808860433457743,0.1970022492913325,-0.7063763457326614,-0.6560277836276508,-1.4348213509894914,-1.535674752240063,2.751543083754894,-0.7272619771908926,0.0,0.0,0.0,0.0,0.0,0.0,0.0,0.0,0.0,0.0,0.0,0.0,0.0,0.0,0.0,0.0,0.0,0.0,0.0,0.0,0.0,0.0,0.0,0.0,0.0,0.0,0.0,0.0,-0.0172853723197707,-0.0283624023468034,0.001167910272084,SPY
2008-07-02,-1.343775257360571,0.34183361778530197,-0.8855032783671444,0.2442220705573336,-0.7201642961222264,-0.666467542896301,-1.900451473591479,-1.9766619281125064,1.1914118881012772,-0.012758982055980528,0.0,0.0,0.0,0.0,0.0,0.0,0.0,0.0,0.0,0.0,0.0,0.0,0.0,0.0,0.0,0.0,0.0,0.0,0.0,0.0,0.0,0.0,0.0,0.0,0.0,0.0,0.0,0.0,0.0010298357434859,-0.006998382212723,0.0051385225760141,SPY
2008-07-03,0.05672878184457032,-0.8325702553290587,-1.7283015730579756,0.08124936435464471,-0.7340250929928075,-0.6793561973698132,-1.679340695167686,-2.550010235448996,0.4492520000800675,0.7017440130789315,0.0,0.0,0.0,0.0,0.0,0.0,0.0,0.0,0.0,0.0,0.0,0.0,0.0,0.0,0.0,0.0,0.0,0.0,0.0,0.0,0.0,0.0,0.0,0.0,0.0,0.0,0.0,0.0,-0.0102653860904293,-0.0197485275729381,-0.0011881153275181,SPY
2008-07-07,-0.806979877510053,-0.9505622418578519,-0.6339877997539684,-0.16300569894663347,-0.7462448494578781,-0.6892704725244994,-1.900647856082752,-2.6614664243541686,2.2693395359466018,-1.4417649723258046,0.0,0.0,0.0,0.0,0.0,0.0,0.0,0.0,0.0,0.0,0.0,0.0,0.0,0.0,0.0,0.0,0.0,0.0,0.0,0.0,0.0,0.0,0.0,0.0,0.0,0.0,0.0,0.0,0.0176016534188923,-0.0185686815073751,-0.0002396741792933,SPY
2008-07-08,1.3239214618960071,-0.5543520263458844,-0.8175403175789553,-0.02054124844506959,-0.7540869784929138,-0.697414049391492,-1.153496943776848,-1.8610534039647049,2.1711090709962457,-0.7272619771908926,0.0,0.0,0.0,0.0,0.0,0.0,0.0,0.0,0.0,0.0,0.0,0.0,0.0,0.0,0.0,0.0,0.0,0.0,0.0,0.0,0.0,0.0,0.0,0.0,0.0,0.0,0.0,0.0,-0.0194431330989814,-0.0503673966634803,0.0087634557267062,SPY
2008-07-09,-1.5087721646567305,0.38096653954448795,-0.2781881617973859,0.05756963551075511,-0.7660086480223108,-0.7072176188729348,-1.706306202322495,-1.96800762181942,1.5717653702515997,-0.012758982055980528,0.0,0.0,0.0,0.0,0.0,0.0,0.0,0.0,0.0,0.0,0.0,0.0,0.0,0.0,0.0,0.0,0.0,0.0,0.0,0.0,0.0,0.0,0.0,0.0,0.0,0.0,0.0,0.0,0.0040786478143095,-0.0066727973197533,0.0326369696429509,SPY
2008-07-10,0.2898614661809242,-0.13702836833353693,-1.1425657993552605,0.03631284948656541,-0.7781351995077586,-0.7146810534996283,-1.451627838715656,-1.8741123851050137,2.631769972161188,0.7017440130789315,0.0,0.0,0.0,0.0,0.0,0.0,0.0,0.0,0.0,0.0,0.0,0.0,0.0,0.0,0.0,0.0,0.0,0.0,0.0,0.0,0.0,0.0,0.0,0.0,0.0,0.0,0.0,0.0,-0.011720309616729,-0.0007982216010447,0.0135549980598872,SPY
2008-07-11,-0.918233119530554,-0.9002710286348757,-0.3241397660136551,0.04102867851365221,-0.7863126935401046,-0.7239860870235852,-1.7329148941022623,-1.8062703883901088,2.8520911306851726,1.4162470082138434,0.0,0.0,0.0,0.0,0.0,0.0,0.0,0.0,0.0,0.0,0.0,0.0,0.0,0.0,0.0,0.0,0.0,0.0,0.0,0.0,0.0,0.0,0.0,0.0,0.0,0.0,0.0,0.0,-0.0090855400248663,0.0171324228035985,0.0436858304002818,SPY
2008-07-14,-0.71676090894828,-0.46439245903386733,-0.8125801824801924,-0.04423729798090609,-0.7952726338456221,-0.735922915625726,-1.8799789894593264,-1.8992220399229152,1.0418992896776056,-1.4417649723258046,0.0,0.0,0.0,0.0,0.0,0.0,0.0,0.0,0.0,0.0,0.0,0.0,0.0,0.0,0.0,0.0,0.0,0.0,0.0,0.0,0.0,0.0,0.0,0.0,0.0,0.0,0.0,0.0,-0.0141970617372129,0.0267737529192109,0.063076332885867,SPY
2008-07-15,-1.1076222510581613,-1.2073833325771106,-0.7673819131782434,-0.02972725193939079,-0.808293328231729,-0.7495535479408084,-2.180397302289288,-2.0192341219586982,2.7472445261303027,-0.7272619771908926,0.0,0.0,0.0,0.0,0.0,0.0,0.0,0.0,0.0,0.0,0.0,0.0,0.0,0.0,0.0,0.0,0.0,0.0,0.0,0.0,0.0,0.0,0.0,0.0,0.0,0.0,0.0,0.0,0.0242514662447455,0.0522516554889369,0.0668141373009882,SPY
2008-07-16,1.8324108926685243,-1.3471719958831798,-1.985546666218109,0.22571256988837743,-0.8165265919735779,-0.7597893445227365,-1.165678035624082,-1.4913615529909616,1.3618446337605017,-0.012758982055980528,0.0,0.0,0.0,0.0,0.0,0.0,0.0,0.0,0.0,0.0,0.0,0.0,0.0,0.0,0.0,0.0,0.0,0.0,0.0,0.0,0.0,0.0,0.0,0.0,0.0,0.0,0.0,0.0,0.0099532235330181,0.0333981101943843,0.0365143005678145,SPY
2008-07-17,0.7390710516932683,0.5343790509549691,-0.3116670595287896,0.2668106403432406,-0.8183519986280497,-0.7676351190800622,-0.6846883044422004,-0.8434827453410851,1.34840283534161,0.7017440130789315,0.0,0.0,0.0,0.0,0.0,0.0,0.0,0.0,0.0,0.0,0.0,0.0,0.0,0.0,0.0,0.0,0.0,0.0,0.0,0.0,0.0,0.0,0.0,0.0,0.0,0.0,0.0,0.0,0.0062103347879141,0.0024728613596591,0.0340771387210834,SPY
2008-07-18,0.4528645948673798,1.8974286950696553,-0.08662019696017122,0.2849708699630595,-0.818966723100444,-0.7749091266324679,-0.3441842073532379,-0.5999073926336346,0.24643250142149503,1.4162470082138434,0.0,0.0,0.0,0.0,0.0,0.0,0.0,0.0,0.0,0.0,0.0,0.0,0.0,0.0,0.0,0.0,0.0,0.0,0.0,0.0,0.0,0.0,0.0,0.0,0.0,0.0,0.0,0.0,0.000555790090746,-0.0039764639864072,0.0327181611074482,SPY
2008-07-21,0.020480061702440523,0.8791816004081151,0.6002779656165069,0.23616707615001561,-0.817048052513168,-0.7800854636152753,-0.24297149150156866,-0.6683514614810597,-0.19727129616244926,-1.4417649723258046,0.0,0.0,0.0,0.0,0.0,0.0,0.0,0.0,0.0,0.0,0.0,0.0,0.0,0.0,0.0,0.0,0.0,0.0,0.0,0.0,0.0,0.0,0.0,0.0,0.0,0.0,0.0,0.0,0.0112808408325131,-0.0193048199801868,0.0183939132468218,SPY
2008-07-22,0.8405896030545005,0.34878752159076165,0.9696239741455924,0.2825469323656877,-0.8166010301904897,-0.7838015344083066,0.23561888412184293,-0.4889709735501819,0.5306474602173878,-0.7272619771908926,0.0,0.0,0.0,0.0,0.0,0.0,0.0,0.0,0.0,0.0,0.0,0.0,0.0,0.0,0.0,0.0,0.0,0.0,0.0,0.0,0.0,0.0,0.0,0.0,0.0,0.0,0.0,0.0,0.0053979209501928,-0.00945791936046,-0.0038510742424069,SPY
2008-07-23,0.3907419666501537,0.6349684665459461,1.945647148021069,0.29454452729325636,-0.8103048893816617,-0.786628385160702,0.4835889429833156,-0.00685040672611631,0.6559454254691747,-0.012758982055980528,0.0,0.0,0.0,0.0,0.0,0.0,0.0,0.0,0.0,0.0,0.0,0.0,0.0,0.0,0.0,0.0,0.0,0.0,0.0,0.0,0.0,0.0,0.0,0.0,0.0,0.0,0.0,0.0,-0.0209720253017069,0.0028049997442565,-0.0046138873344006,SPY
2008-07-24,-1.6256815493621086,0.9082598447170045,1.2233939300870396,0.3785313581481285,-0.8099136957216664,-0.7925254495516821,-0.20694223597559847,-0.4669517068612213,-0.011921994163460382,0.7017440130789315,0.0,0.0,0.0,0.0,0.0,0.0,0.0,0.0,0.0,0.0,0.0,0.0,0.0,0.0,0.0,0.0,0.0,0.0,0.0,0.0,0.0,0.0,0.0,0.0,0.0,0.0,0.0,0.0,-0.0002389905581523,0.0104622650301227,0.018080884214922,SPY
2008-07-25,-0.04029421425553808,-0.9121019942430117,0.03869046252518879,0.2027984067708432,-0.8068587811692245,-0.7950995662927486,-0.17528914294374628,-0.2735231299331074,-0.3217267403012058,1.4162470082138434,0.0,0.0,0.0,0.0,0.0,0.0,0.0,0.0,0.0,0.0,0.0,0.0,0.0,0.0,0.0,0.0,0.0,0.0,0.0,0.0,0.0,0.0,0.0,0.0,0.0,0.0,0.0,0.0,-0.0147725659030335,0.0054044534282287,0.0326920603015299,SPY
2008-07-28,-1.1516291717563816,-1.2302510404916216,-0.2083742625398495,0.2480271607541381,-0.8051450121890592,-0.7987407964562635,-0.6622786410866489,-0.9334750939512643,-0.4713252994391513,-1.4417649723258046,0.0,0.0,0.0,0.0,0.0,0.0,0.0,0.0,0.0,0.0,0.0,0.0,0.0,0.0,0.0,0.0,0.0,0.0,0.0,0.0,0.0,0.0,0.0,0.0,0.0,0.0,0.0,0.0,0.0211277414522399,0.0108600743890576,0.0269707356845625,SPY
2008-07-29,1.59354987759516,-0.8803516155982363,-0.7955823589048576,0.3722223572122748,-0.7952910468892459,-0.8003320905274297,0.14418162082945193,-0.1066619731483648,0.10415403977370671,-0.7272619771908926,0.0,0.0,0.0,0.0,0.0,0.0,0.0,0.0,0.0,0.0,0.0,0.0,0.0,0.0,0.0,0.0,0.0,0.0,0.0,0.0,0.0,0.0,0.0,0.0,0.0,0.0,0.0,0.0,0.0176608400549094,0.0163371162617096,0.0087517797078602,SPY
2008-07-30,1.32844727031285,0.3255934130743032,-0.418361228970789,0.4493776832708936,-0.786778325417011,-0.8001916618966926,0.8081002399107076,0.13063850255390227,1.053790702961385,-0.012758982055980528,0.0,0.0,0.0,0.0,0.0,0.0,0.0,0.0,0.0,0.0,0.0,0.0,0.0,0.0,0.0,0.0,0.0,0.0,0.0,0.0,0.0,0.0,0.0,0.0,0.0,0.0,0.0,0.0,-0.0133147600158407,0.0031066570240634,0.0007774670179427,SPY
2008-07-31,-1.0401555250285306,2.1561449760777713,0.051414224201152894,0.4193166158463479,-0.7837420400698568,-0.7995831904954264,0.2950595893797407,0.0901283046293221,0.21610974254752763,0.7017440130789315,0.0,0.0,0.0,0.0,0.0,0.0,0.0,0.0,0.0,0.0,0.0,0.0,0.0,0.0,0.0,0.0,0.0,0.0,0.0,0.0,0.0,0.0,0.0,0.0,0.0,0.0,0.0,0.0,-0.0052968021600463,0.00141809327115,0.0261474218004398,SPY
2008-08-01,-0.427048519941087,0.21219943493106322,0.3447534559948324,0.42627714377630427,-0.7834066947236067,-0.7997235796272169,0.09897368648440383,0.16685556730864368,-0.10046843519500029,1.4162470082138434,0.0,0.0,0.0,0.0,0.0,0.0,0.0,0.0,0.0,0.0,0.0,0.0,0.0,0.0,0.0,0.0,0.0,0.0,0.0,0.0,0.0,0.0,0.0,0.0,0.0,0.0,0.0,0.0,-0.0093169449422045,0.0251254181548619,0.0206320809365152,SPY
2008-08-04,-0.7344556858956547,-1.0835370626158292,0.1509956959502276,0.4217199044569246,-0.7853811743225064,-0.7997516238794701,-0.24690289838633156,0.2671155278495626,-0.7532887547676912,-1.4417649723258046,0.0,0.0,0.0,0.0,0.0,0.0,0.0,0.0,0.0,0.0,0.0,0.0,0.0,0.0,0.0,0.0,0.0,0.0,0.0,0.0,0.0,0.0,0.0,0.0,0.0,0.0,0.0,0.0,0.0266047833248919,0.0447473255577852,0.0237180926768179,SPY
2008-08-05,2.012361350500749,-0.8578991311221946,0.3599929817777111,0.5164621359820458,-0.7837419811166761,-0.7987032922062427,0.7336892655765409,0.3153600588634875,-0.09070677000869319,-0.7272619771908926,0.0,0.0,0.0,0.0,0.0,0.0,0.0,0.0,0.0,0.0,0.0,0.0,0.0,0.0,0.0,0.0,0.0,0.0,0.0,0.0,0.0,0.0,0.0,0.0,0.0,0.0,0.0,0.0,0.0044303808172632,0.0076832849108017,-0.0037464964716864,SPY
2008-08-06,0.3167573381610332,0.9426363182680881,0.5698108730803774,0.4183469366664358,-0.7823263973274878,-0.7948281196553574,0.8395137987344663,0.23343118984254668,-0.5682974702590791,-0.012758982055980528,0.0,0.0,0.0,0.0,0.0,0.0,0.0,0.0,0.0,0.0,0.0,0.0,0.0,0.0,0.0,0.0,0.0,0.0,0.0,0.0,0.0,0.0,0.0,0.0,0.0,0.0,0.0,0.0,-0.0150033237687541,-0.0027954663948897,-0.0387457734449521,SPY
2008-08-07,-1.1692744707835,1.718539678178663,0.06297029695298229,0.4797025933548413,-0.7795322719980213,-0.7932274840832644,0.24688284220550763,-0.195404578636818,-0.18052049270604018,0.7017440130789315,0.0,0.0,0.0,0.0,0.0,0.0,0.0,0.0,0.0,0.0,0.0,0.0,0.0,0.0,0.0,0.0,0.0,0.0,0.0,0.0,0.0,0.0,0.0,0.0,0.0,0.0,0.0,0.0,0.0184105227236655,0.0197239190601514,-0.0206031269539082,SPY
2008-08-08,1.3857730512752489,-0.629834882687839,-0.0017162426434106084,0.5070741008194359,-0.7722862185790318,-0.7880512063488774,0.859777777195201,0.0935851001067927,-0.03318331189005059,1.4162470082138434,0.0,0.0,0.0,0.0,0.0,0.0,0.0,0.0,0.0,0.0,0.0,0.0,0.0,0.0,0.0,0.0,0.0,0.0,0.0,0.0,0.0,0.0,0.0,0.0,0.0,0.0,0.0,0.0,0.0103049624607187,0.0061647535107649,-0.0185678509158311,SPY
2008-08-11,0.7659673767193889,0.15920869327700532,0.9064785514049916,0.4881645917046273,-0.7591164512484974,-0.7805721696381839,1.1328740192692377,0.0833088220305589,-0.18009300753689808,-1.4417649723258046,0.0,0.0,0.0,0.0,0.0,0.0,0.0,0.0,0.0,0.0,0.0,0.0,0.0,0.0,0.0,0.0,0.0,0.0,0.0,0.0,0.0,0.0,0.0,0.0,0.0,0.0,0.0,0.0,-0.0104592573220916,-0.0179086667198342,-0.0590096752989808,SPY
2008-08-12,-0.8218045763117791,1.5876162732387062,1.6581666579310173,0.4602534361155275,-0.7533977568504263,-0.7727468456605832,0.6084587411950936,-0.19420193273581912,-0.5977685779202261,-0.7272619771908926,0.0,0.0,0.0,0.0,0.0,0.0,0.0,0.0,0.0,0.0,0.0,0.0,0.0,0.0,0.0,0.0,0.0,0.0,0.0,0.0,0.0,0.0,0.0,0.0,0.0,0.0,0.0,0.0,-0.0060483704884282,-0.0184135560544582,-0.0445009985549553,SPY
2008-08-13,-0.4845184911258069,-0.0418031301645412,0.2382945750577702,0.36229501702535016,-0.7533232400292728,-0.7684317239651056,0.3119780121999051,0.08308300205470799,-0.12149061109803769,-0.012758982055980528,0.0,0.0,0.0,0.0,0.0,0.0,0.0,0.0,0.0,0.0,0.0,0.0,0.0,0.0,0.0,0.0,0.0,0.0,0.0,0.0,0.0,0.0,0.0,0.0,0.0,0.0,0.0,0.0,0.007516061686287,-0.0077300777078308,-0.0240882156751371,SPY
2008-08-14,0.5527092588730637,-0.9647903498600379,-0.1631318798728448,0.3536160626018231,-0.7482751970215822,-0.764369316531483,0.5308436738515128,0.20024443216437268,-0.3329351033031889,0.7017440130789315,0.0,0.0,0.0,0.0,0.0,0.0,0.0,0.0,0.0,0.0,0.0,0.0,0.0,0.0,0.0,0.0,0.0,0.0,0.0,0.0,0.0,0.0,0.0,0.0,0.0,0.0,0.0,0.0,0.0048513571742789,-0.0135233931465021,-0.0269937852345458,SPY
2008-08-15,0.3489480228845744,0.04974226965397811,0.6995545993380237,0.3509266049700622,-0.7408055931391329,-0.7604472982296511,0.6522086975091713,0.5821853984919406,-0.9966859609652028,1.4162470082138434,0.0,0.0,0.0,0.0,0.0,0.0,0.0,0.0,0.0,0.0,0.0,0.0,0.0,0.0,0.0,0.0,0.0,0.0,0.0,0.0,0.0,0.0,0.0,0.0,0.0,0.0,0.0,0.0,-0.0137684577698804,-0.0040025647923256,-0.0805994102697571,SPY
2008-08-18,-1.0748483079287496,0.6649263035218242,0.1801217394941939,0.4079358546206751,-0.7344722528729097,-0.7582569532560381,0.09974020853031253,-0.03437750304979051,-1.0989457118377417,-1.4417649723258046,0.0,0.0,0.0,0.0,0.0,0.0,0.0,0.0,0.0,0.0,0.0,0.0,0.0,0.0,0.0,0.0,0.0,0.0,0.0,0.0,0.0,0.0,0.0,0.0,0.0,0.0,0.0,0.0,-0.0109641466567156,-0.0107279975424461,-0.0502321262333085,SPY
2008-08-19,-0.8604118118971105,-0.5363786229107635,-0.7420976604428603,0.41020284905059756,-0.7370241788825661,-0.7587156051519569,-0.3003899446205651,-0.5848443443765864,-0.8433710387235052,-0.7272619771908926,0.0,0.0,0.0,0.0,0.0,0.0,0.0,0.0,0.0,0.0,0.0,0.0,0.0,0.0,0.0,0.0,0.0,0.0,0.0,0.0,0.0,0.0,0.0,0.0,0.0,0.0,0.0,0.0,0.0046351078581992,0.0031449345898071,-0.0852735322586362,SPY
2008-08-20,0.3324121451812491,-1.4290105991841138,-0.7614392718446223,0.40822259280030276,-0.7395387875284651,-0.7592678695518758,-0.12016930471583437,-0.2243602391140853,-0.5006735325847349,-0.012758982055980528,0.0,0.0,0.0,0.0,0.0,0.0,0.0,0.0,0.0,0.0,0.0,0.0,0.0,0.0,0.0,0.0,0.0,0.0,0.0,0.0,0.0,0.0,0.0,0.0,0.0,0.0,0.0,0.0,0.0017227462476157,0.0081963540965999,-0.0606687477075782,SPY
2008-08-21,0.10971338111801723,-0.39030760668919184,-0.3521700074156335,0.2922098889841951,-0.7380672571702295,-0.757124360454474,-0.08949275134779877,-0.072295170203614,-1.030678216776055,0.7017440130789315,0.0,0.0,0.0,0.0,0.0,0.0,0.0,0.0,0.0,0.0,0.0,0.0,0.0,0.0,0.0,0.0,0.0,0.0,0.0,0.0,0.0,0.0,0.0,0.0,0.0,0.0,0.0,0.0,0.0143721855284555,0.0185288026156404,-0.0234461343408716,SPY
2008-08-22,1.0769746180808004,0.32574459164595315,-0.5741039011590137,0.33658041197392496,-0.7375456394221562,-0.7532210745281781,0.3869458729621928,0.4058239333236822,-1.1796498712317762,1.4162470082138434,0.0,0.0,0.0,0.0,0.0,0.0,0.0,0.0,0.0,0.0,0.0,0.0,0.0,0.0,0.0,0.0,0.0,0.0,0.0,0.0,0.0,0.0,0.0,0.0,0.0,0.0,0.0,0.0,-0.0204938905200009,-0.0066555259367859,-0.0607176459141909,SPY
2008-08-25,-1.5891201469062384,0.8753082967803089,-0.2093741482786173,0.392281800387781,-0.7444192266417419,-0.7500572187613825,-0.4250719522644926,-0.5721731400574412,-1.1640698569579038,-1.4417649723258046,0.0,0.0,0.0,0.0,0.0,0.0,0.0,0.0,0.0,0.0,0.0,0.0,0.0,0.0,0.0,0.0,0.0,0.0,0.0,0.0,0.0,0.0,0.0,0.0,0.0,0.0,0.0,0.0,0.0029087854755376,0.007607431381313,-0.0632379237413029,SPY
2008-08-26,0.20040592054336623,-0.37860562186199315,-0.467016165728615,0.28765862871964026,-0.7480702168102296,-0.7490181890901348,-0.3338050083226413,-0.6086140807399965,-1.3052132574177209,-0.7272619771908926,0.0,0.0,0.0,0.0,0.0,0.0,0.0,0.0,0.0,0.0,0.0,0.0,0.0,0.0,0.0,0.0,0.0,0.0,0.0,0.0,0.0,0.0,0.0,0.0,0.0,0.0,0.0,0.0,0.0096865273649919,0.0038388400821629,-0.0629468164443016,SPY
2008-08-27,0.7186776682672535,-1.0256035014992317,0.06443665750221308,0.2296638850892631,-0.7479585201827412,-0.7489246160850814,0.024022654847461723,-0.06108769643736031,-1.12654062875963,-0.012758982055980528,0.0,0.0,0.0,0.0,0.0,0.0,0.0,0.0,0.0,0.0,0.0,0.0,0.0,0.0,0.0,0.0,0.0,0.0,0.0,0.0,0.0,0.0,0.0,0.0,0.0,0.0,0.0,0.0,0.0120551947666562,-0.0364165834388314,-0.0571147399149847,SPY
2008-08-28,0.8998019149647029,0.6777887109347984,0.2579495452331998,0.2113528631639889,-0.7467476807921803,-0.7457795025685587,0.4266519304540977,-0.1953411077124757,-1.1364157732361753,0.7017440130789315,0.0,0.0,0.0,0.0,0.0,0.0,0.0,0.0,0.0,0.0,0.0,0.0,0.0,0.0,0.0,0.0,0.0,0.0,0.0,0.0,0.0,0.0,0.0,0.0,0.0,0.0,0.0,0.0,-0.0108121430239709,-0.0453324554831979,-0.0686737113424857,SPY
2008-08-29,-0.8487885914074735,1.194014908252389,0.6537713429600656,0.2394504882533426,-0.7493182753092463,-0.743317730707029,-0.016613145620964075,-0.7007981165919853,-0.8687766707644043,1.4162470082138434,0.0,0.0,0.0,0.0,0.0,0.0,0.0,0.0,0.0,0.0,0.0,0.0,0.0,0.0,0.0,0.0,0.0,0.0,0.0,0.0,0.0,0.0,0.0,0.0,0.0,0.0,0.0,0.0,-0.0062309332019019,-0.0140745136974844,-0.1394641009603008,SPY
2008-09-02,-0.4984784645394371,0.03706354863672422,-0.3110054167591414,0.22437058972147061,-0.7500634238697192,-0.7405096419543815,-0.2910074425223882,-0.606256857883998,-0.11685230907028668,-0.7272619771908926,0.0,0.0,0.0,0.0,0.0,0.0,0.0,0.0,0.0,0.0,0.0,0.0,0.0,0.0,0.0,0.0,0.0,0.0,0.0,0.0,0.0,0.0,0.0,0.0,0.0,0.0,0.0,0.0,-0.0008598058236124,-0.0379804424180134,-0.0926764501939345,SPY
2008-09-03,-0.08776592650003907,-0.9950112256725617,0.2353887313605268,0.02433312175783581,-0.7484056211096616,-0.7409589424746367,-0.3158764600813653,-0.4842023747925977,-0.12665962170954007,-0.012758982055980528,0.0,0.0,0.0,0.0,0.0,0.0,0.0,0.0,0.0,0.0,0.0,0.0,0.0,0.0,0.0,0.0,0.0,0.0,0.0,0.0,0.0,0.0,0.0,0.0,0.0,0.0,0.0,0.0,-0.0305688961560024,-0.0330712171724671,-0.0912135806964657,SPY
2008-09-04,-2.359522865756148,-0.43329820542184294,0.09101921621815279,0.2682215975400993,-0.755018419106271,-0.7455455009327683,-1.359318887325058,-1.271417774785648,0.8895873642500337,0.7017440130789315,0.0,0.0,0.0,0.0,0.0,0.0,0.0,0.0,0.0,0.0,0.0,0.0,0.0,0.0,0.0,0.0,0.0,0.0,0.0,0.0,0.0,0.0,0.0,0.0,0.0,0.0,0.0,0.0,0.0031393227222897,0.0118620913749252,-0.0975928894495012,SPY
2008-09-05,0.21803434955975703,-1.8069404366361799,-1.4511103261621845,0.22420823542731702,-0.7613145402640382,-0.7479698771663811,-1.2101265943956088,-1.324408860029675,0.2971364794617722,1.4162470082138434,0.0,0.0,0.0,0.0,0.0,0.0,0.0,0.0,0.0,0.0,0.0,0.0,0.0,0.0,0.0,0.0,0.0,0.0,0.0,0.0,0.0,0.0,0.0,0.0,0.0,0.0,0.0,0.0,0.0204457987617425,0.0133332607795138,-0.1143246021996198,SPY
2008-09-08,1.5414039511470707,-1.5812283723575826,-1.7926650403618711,0.24700598804162222,-0.7662694372452871,-0.7501976177679102,-0.4316109195615342,-0.5750659084335801,1.1330971245155927,-1.4417649723258046,0.0,0.0,0.0,0.0,0.0,0.0,0.0,0.0,0.0,0.0,0.0,0.0,0.0,0.0,0.0,0.0,0.0,0.0,0.0,0.0,0.0,0.0,0.0,0.0,0.0,0.0,0.0,0.0,-0.0301368619224309,-0.055866805843161,-0.1870464722366618,SPY
2008-09-09,-2.3264866213901527,1.298056943495989,-0.5952165664534053,0.4144016932101397,-0.7733478671188025,-0.757208562334391,-1.4197755331108697,-0.8929825095994537,1.241879644001875,-0.7272619771908926,0.0,0.0,0.0,0.0,0.0,0.0,0.0,0.0,0.0,0.0,0.0,0.0,0.0,0.0,0.0,0.0,0.0,0.0,0.0,0.0,0.0,0.0,0.0,0.0,0.0,0.0,0.0,0.0,0.0040494194219338,-0.0091311176541619,-0.2027299198555301,SPY
2008-09-10,0.287626466641729,-0.5800613118353606,-1.5110195985278214,0.40996286464556847,-0.7801841959278112,-0.7624784821969887,-1.1949585117059949,-0.9083828445232707,0.3315295940353785,-0.012758982055980528,0.0,0.0,0.0,0.0,0.0,0.0,0.0,0.0,0.0,0.0,0.0,0.0,0.0,0.0,0.0,0.0,0.0,0.0,0.0,0.0,0.0,0.0,0.0,0.0,0.0,0.0,0.0,0.0,0.0143644123913899,-0.0591860897581391,-0.2322940701828448,SPY
2008-09-11,1.076380231720565,-1.5054780832655654,-1.3229539760805007,0.4685220123076918,-0.7859959577480822,-0.7653427878257201,-0.629422772626087,-0.6571392848968617,1.1674854489522248,0.7017440130789315,0.0,0.0,0.0,0.0,0.0,0.0,0.0,0.0,0.0,0.0,0.0,0.0,0.0,0.0,0.0,0.0,0.0,0.0,0.0,0.0,0.0,0.0,0.0,0.0,0.0,0.0,0.0,0.0,0.0046104921268783,-0.0443106097402719,-0.3190566026319184,SPY
2008-09-12,0.3305298607417908,1.0061877392029073,0.3983788652368044,0.4582378343945223,-0.7936333030823686,-0.7685721328463697,-0.4103001650101103,-0.8575495656045482,0.2766333095236358,1.4162470082138434,0.0,0.0,0.0,0.0,0.0,0.0,0.0,0.0,0.0,0.0,0.0,0.0,0.0,0.0,0.0,0.0,0.0,0.0,0.0,0.0,0.0,0.0,0.0,0.0,0.0,0.0,0.0,0.0,-0.0487542678609322,-0.0099757422528279,-0.3482218394968335,SPY
2008-09-15,-3.7500987434222903,1.0378548579238565,0.4547373283263546,0.9042801797146355,-0.8098391789005128,-0.7780073845233065,-2.0234441232073186,-1.2065065690511396,2.239305116067183,-1.4417649723258046,0.0,0.0,0.0,0.0,0.0,0.0,0.0,0.0,0.0,0.0,0.0,0.0,0.0,0.0,0.0,0.0,0.0,0.0,0.0,0.0,0.0,0.0,0.0,0.0,0.0,0.0,0.0,0.0,0.0165988262665681,0.0158791995632405,-0.1638902558385924,SPY
2008-09-16,1.2472385504814096,-2.524583170953839,-2.196221418086022,0.9591809818356953,-0.8208107589602045,-0.7838950876638869,-1.3447530666042995,-0.9626062587778237,2.944076558996686,-0.7272619771908926,0.0,0.0,0.0,0.0,0.0,0.0,0.0,0.0,0.0,0.0,0.0,0.0,0.0,0.0,0.0,0.0,0.0,0.0,0.0,0.0,0.0,0.0,0.0,0.0,0.0,0.0,0.0,0.0,-0.0460055526820433,-0.0237337950504405,-0.1953997527837687,SPY
2008-09-17,-3.539913486592951,-1.847957847493397,-0.4058419080519626,1.2736855143761383,-0.8418040064694254,-0.7936112262265089,-2.817491171905864,-1.552900117582823,3.005131991789704,-0.012758982055980528,0.0,0.0,0.0,0.0,0.0,0.0,0.0,0.0,0.0,0.0,0.0,0.0,0.0,0.0,0.0,0.0,0.0,0.0,0.0,0.0,0.0,0.0,0.0,0.0,0.0,0.0,0.0,0.0,0.0292398924092571,0.0254716504041416,-0.2530310820280057,SPY
2008-09-18,2.21385952096398,-1.6928195042219172,-2.3233785893965164,1.4391195395523475,-0.8491805036275545,-0.8006409031685273,-1.6898229858322074,-1.30333153548733,3.653031304607521,0.7017440130789315,0.0,0.0,0.0,0.0,0.0,0.0,0.0,0.0,0.0,0.0,0.0,0.0,0.0,0.0,0.0,0.0,0.0,0.0,0.0,0.0,0.0,0.0,0.0,0.0,0.0,0.0,0.0,0.0,0.0389453596143223,0.0117503618891934,-0.2414582080055751,SPY
2008-09-19,2.9560048450095087,-0.9793537826280827,-1.7535195446723293,1.692698152169297,-0.8484010443155692,-0.8034130478795544,-0.23408480888062766,-0.6855604643390876,1.4954585154006428,1.4162470082138434,0.0,0.0,0.0,0.0,0.0,0.0,0.0,0.0,0.0,0.0,0.0,0.0,0.0,0.0,0.0,0.0,0.0,0.0,0.0,0.0,0.0,0.0,0.0,0.0,0.0,0.0,0.0,0.0,-0.0228993260448637,-0.0266987743859736,-0.2863936954324586,SPY
2008-09-22,-1.77305593169136,3.815302242222698,-0.4381983070635063,1.7160502099037482,-0.8576735347372372,-0.810562367131538,-0.9613648915688654,-0.8319394539468151,-0.3674603213372087,-1.4417649723258046,0.0,0.0,0.0,0.0,0.0,0.0,0.0,0.0,0.0,0.0,0.0,0.0,0.0,0.0,0.0,0.0,0.0,0.0,0.0,0.0,0.0,0.0,0.0,0.0,0.0,0.0,0.0,0.0,-0.023014168347113,-0.0854019809828958,-0.2051502804043457,SPY
2008-09-23,-1.7818375468177767,0.8725484667254877,0.5522687183371741,1.729610897832081,-0.865094364687698,-0.8178483033658885,-1.6760209702726565,-1.002371701112295,0.20556521536599412,-0.7272619771908926,0.0,0.0,0.0,0.0,0.0,0.0,0.0,0.0,0.0,0.0,0.0,0.0,0.0,0.0,0.0,0.0,0.0,0.0,0.0,0.0,0.0,0.0,0.0,0.0,0.0,0.0,0.0,0.0,0.0031998927725389,-0.0218310950713185,-0.2124460489054662,SPY
2008-09-24,0.22266594313684793,-2.6244666447875082,-0.9652502620320524,1.730131052005611,-0.8727346773321096,-0.8251228737782873,-1.4502912549526967,-0.7125728180811406,0.08277527104086982,-0.012758982055980528,0.0,0.0,0.0,0.0,0.0,0.0,0.0,0.0,0.0,0.0,0.0,0.0,0.0,0.0,0.0,0.0,0.0,0.0,0.0,0.0,0.0,0.0,0.0,0.0,0.0,0.0,0.0,0.0,0.0155186038943089,-0.0244279241700011,-0.2716397905492211,SPY
2008-09-25,1.1646374798103198,-1.1514185825112853,0.9197422295243026,1.7562098451207773,-0.8802244825046823,-0.8318069645597036,-0.7855763620561877,-0.5805909416124952,0.21324140252906082,0.7017440130789315,0.0,0.0,0.0,0.0,0.0,0.0,0.0,0.0,0.0,0.0,0.0,0.0,0.0,0.0,0.0,0.0,0.0,0.0,0.0,0.0,0.0,0.0,0.0,0.0,0.0,0.0,0.0,0.0,0.0004962233391552,-0.076894732973348,-0.2756405990909307,SPY
2008-09-26,0.015925187091291124,1.023383118699404,0.394098663325325,1.724980014808385,-0.8886823578672547,-0.8398948775358681,-0.6396794167072166,-0.8106241344620518,-0.10259397161187249,1.4162470082138434,0.0,0.0,0.0,0.0,0.0,0.0,0.0,0.0,0.0,0.0,0.0,0.0,0.0,0.0,0.0,0.0,0.0,0.0,0.0,0.0,0.0,0.0,0.0,0.0,0.0,0.0,0.0,0.0,-0.0816025326417859,-0.090983346340332,-0.3281824838343654,SPY
2008-09-29,-6.261898082396639,0.8707871713745081,-1.0788345154305587,2.4725259428543964,-0.9037061830983691,-0.8555879276104985,-3.27724748036635,-1.170436177081655,1.153578035684035,-1.4417649723258046,0.0,0.0,0.0,0.0,0.0,0.0,0.0,0.0,0.0,0.0,0.0,0.0,0.0,0.0,0.0,0.0,0.0,0.0,0.0,0.0,0.0,0.0,0.0,0.0,0.0,0.0,0.0,0.0,0.0405567175644643,-0.0616568849738454,-0.2827258238132542,SPY
2008-09-30,3.079220115618776,-4.610760110997225,-3.327673086917882,2.715055342772416,-0.9138370121885914,-0.8661919728737754,-1.7069380556767322,-0.8196573617057485,0.18932229726616953,-0.7272619771908926,0.0,0.0,0.0,0.0,0.0,0.0,0.0,0.0,0.0,0.0,0.0,0.0,0.0,0.0,0.0,0.0,0.0,0.0,0.0,0.0,0.0,0.0,0.0,0.0,0.0,0.0,0.0,0.0,0.0006030636738563,-0.148033912079609,-0.2127655827354315,SPY
2008-10-01,0.024094917939127023,-2.349733303824305,-0.8923604600762932,2.716487249747754,-0.9136101799980394,-0.8766271798888032,-1.5221596137396598,-0.9575447611364769,0.22939939442415502,-0.012758982055980528,0.0,0.0,0.0,0.0,0.0,0.0,0.0,0.0,0.0,0.0,0.0,0.0,0.0,0.0,0.0,0.0,0.0,0.0,0.0,0.0,0.0,0.0,0.0,0.0,0.0,0.0,0.0,0.0,-0.0369482049090379,-0.1741517066588462,-0.2206484934624777,SPY
2008-10-02,-2.847327735081467,2.289976229561219,-0.9918413875966012,2.756857627594303,-0.9277159862900713,-0.8874221235621361,-2.6536068101645616,-1.2205840468970153,0.4666387350253755,0.7017440130789315,0.0,0.0,0.0,0.0,0.0,0.0,0.0,0.0,0.0,0.0,0.0,0.0,0.0,0.0,0.0,0.0,0.0,0.0,0.0,0.0,0.0,0.0,0.0,0.0,0.0,0.0,0.0,0.0,-0.0135923900278287,-0.2096016218074918,-0.1496902567577116,SPY
2008-10-03,-1.06138498373033,-2.084425803894852,-3.001772193761513,2.756598518500448,-0.9535332743691329,-0.9000037329724215,-2.9296547667118835,-0.992724228123887,1.1731008544039585,1.4162470082138434,0.0,0.0,0.0,0.0,0.0,0.0,0.0,0.0,0.0,0.0,0.0,0.0,0.0,0.0,0.0,0.0,0.0,0.0,0.0,0.0,0.0,0.0,0.0,0.0,0.0,0.0,0.0,0.0,-0.0522760712752994,-0.2205639765176998,-0.1306097923600884,SPY
2008-10-06,-4.01939952832589,-2.885621644839177,-3.541487466489164,2.886753373431519,-0.9846151994439526,-0.9202819886662541,-4.381057388566562,-1.444170885747205,2.180939397049859,-1.4417649723258046,0.0,0.0,0.0,0.0,0.0,0.0,0.0,0.0,0.0,0.0,0.0,0.0,0.0,0.0,0.0,0.0,0.0,0.0,0.0,0.0,0.0,0.0,0.0,0.0,0.0,0.0,0.0,0.0,-0.0458203095412992,-0.0327105894450916,-0.0754459324855645,SPY
2008-10-07,-3.525748549675438,-3.7507312102869803,-2.418031333351018,2.9788973470771283,-1.019313175101814,-0.9414468574702325,-5.551873497030464,-1.4110149353569674,1.6079113366406803,-0.7272619771908926,0.0,0.0,0.0,0.0,0.0,0.0,0.0,0.0,0.0,0.0,0.0,0.0,0.0,0.0,0.0,0.0,0.0,0.0,0.0,0.0,0.0,0.0,0.0,0.0,0.0,0.0,0.0,0.0,-0.0255147309053809,-0.0018009505824005,0.0037920503947788,SPY
2008-10-08,-1.9730473846227337,-5.5696850541797,-5.727015654763396,2.978027099111737,-1.0594442366454457,-0.9654521646643173,-6.010550584976933,-1.839337451951892,2.6960375997865227,-0.012758982055980528,0.0,0.0,0.0,0.0,0.0,0.0,0.0,0.0,0.0,0.0,0.0,0.0,0.0,0.0,0.0,0.0,0.0,0.0,0.0,0.0,0.0,0.0,0.0,0.0,0.0,0.0,0.0,0.0,-0.0723981200576835,-0.0799231016032999,-0.0136300609602129,SPY
2008-10-09,-5.558066765928703,-4.059266644662494,-6.727552205607462,3.242265229613776,-1.1158190022985512,-0.9975443677366853,-7.7584746777164995,-2.5279902620679526,1.406765712977629,0.7017440130789315,0.0,0.0,0.0,0.0,0.0,0.0,0.0,0.0,0.0,0.0,0.0,0.0,0.0,0.0,0.0,0.0,0.0,0.0,0.0,0.0,0.0,0.0,0.0,0.0,0.0,0.0,0.0,0.0,-0.0245547447380367,0.0332877848860713,0.0017631453896953,SPY
2008-10-10,-1.899640383167815,-5.559326571919758,-8.085589375359051,3.204094621164394,-1.176427864036306,-1.032250680233791,-8.001827193550515,-2.516108637119854,3.1354102660092096,1.4162470082138434,0.0,0.0,0.0,0.0,0.0,0.0,0.0,0.0,0.0,0.0,0.0,0.0,0.0,0.0,0.0,0.0,0.0,0.0,0.0,0.0,0.0,0.0,0.0,0.0,0.0,0.0,0.0,0.0,0.1355773157973088,0.0518524018115469,0.0588015715233769,SPY
2008-10-13,10.345134386052976,-5.505144652778358,-8.505542007178894,4.916087819347724,-1.1952193477816857,-1.0492430086656321,-3.484656239016699,-1.2823257519117408,0.7400539711672355,-1.4417649723258046,0.0,0.0,0.0,0.0,0.0,0.0,0.0,0.0,0.0,0.0,0.0,0.0,0.0,0.0,0.0,0.0,0.0,0.0,0.0,0.0,0.0,0.0,0.0,0.0,0.0,0.0,0.0,0.0,-0.0149106706786081,-0.0253808250025127,-0.0899667116943945,SPY
2008-10-14,-1.162189592110752,6.2330539090488255,-1.309138827125548,4.871697567425646,-1.2254582227129662,-1.0695289469046243,-3.659751550351328,-1.3645131140644675,1.2119122652960854,-0.7272619771908926,0.0,0.0,0.0,0.0,0.0,0.0,0.0,0.0,0.0,0.0,0.0,0.0,0.0,0.0,0.0,0.0,0.0,0.0,0.0,0.0,0.0,0.0,0.0,0.0,0.0,0.0,0.0,0.0,-0.1036368819262802,-0.0407800911721381,-0.1064184820467186,SPY
2008-10-15,-7.946792682971773,6.77736846133792,-0.1250333559806759,5.378683308132674,-1.274245006495587,-1.0939305174081004,-6.60652506884844,-1.7896260887406306,0.8419620278360528,-0.012758982055980528,0.0,0.0,0.0,0.0,0.0,0.0,0.0,0.0,0.0,0.0,0.0,0.0,0.0,0.0,0.0,0.0,0.0,0.0,0.0,0.0,0.0,0.0,0.0,0.0,0.0,0.0,0.0,0.0,0.0408127664316877,0.0068629418829262,-0.0477801945859557,SPY
2008-10-16,3.0987993347868983,-6.723955577936948,-3.1177848032681816,5.451307784844516,-1.308118580866258,-1.1180403486902488,-4.951227260531673,-1.549347970909378,1.9749948699315043,0.7017440130789315,0.0,0.0,0.0,0.0,0.0,0.0,0.0,0.0,0.0,0.0,0.0,0.0,0.0,0.0,0.0,0.0,0.0,0.0,0.0,0.0,0.0,0.0,0.0,0.0,0.0,0.0,0.0,0.0,-0.0059901278125611,-0.0224320291961621,-0.0281190058283407,SPY
2008-10-17,-0.4800648642533047,-3.5789073819365362,1.219167520268423,5.2733586223927045,-1.3402122800894753,-1.1471408521556035,-4.677310896558719,-1.2721046813826755,0.708298440830709,1.4162470082138434,0.0,0.0,0.0,0.0,0.0,0.0,0.0,0.0,0.0,0.0,0.0,0.0,0.0,0.0,0.0,0.0,0.0,0.0,0.0,0.0,0.0,0.0,0.0,0.0,0.0,0.0,0.0,0.0,0.0583440889832491,-0.0684875627878804,-0.0733241398029829,SPY
2008-10-20,4.439362213530644,1.9323059206956001,1.9303522923978007,5.5953228426330766,-1.3512849059019014,-1.1683236831056554,-2.351296541706423,-1.2076709474171758,-0.13264640363759558,-1.4417649723258046,0.0,0.0,0.0,0.0,0.0,0.0,0.0,0.0,0.0,0.0,0.0,0.0,0.0,0.0,0.0,0.0,0.0,0.0,0.0,0.0,0.0,0.0,0.0,0.0,0.0,0.0,0.0,0.0,-0.0303099368482335,-0.1629775243918043,-0.1450336769322895,SPY
2008-10-21,-2.3397210947215235,2.9217792415023314,-1.028345699220812,5.610575710052329,-1.3590974993931095,-1.1896854146606626,-3.023872951633245,-1.3138479812476358,0.04319864288897361,-0.7272619771908926,0.0,0.0,0.0,0.0,0.0,0.0,0.0,0.0,0.0,0.0,0.0,0.0,0.0,0.0,0.0,0.0,0.0,0.0,0.0,0.0,0.0,0.0,0.0,0.0,0.0,0.0,0.0,0.0,-0.0559938488712159,-0.0221506289012838,-0.0960616724242537,SPY
2008-10-22,-4.303685817728907,1.5491616231145384,-1.6182702662489636,5.718675533816962,-1.3719688457199428,-1.2163193372677101,-4.44134660478965,-1.346566334432455,0.8794335986403617,-0.012758982055980528,0.0,0.0,0.0,0.0,0.0,0.0,0.0,0.0,0.0,0.0,0.0,0.0,0.0,0.0,0.0,0.0,0.0,0.0,0.0,0.0,0.0,0.0,0.0,0.0,0.0,0.0,0.0,0.0,0.0115177953525993,0.0265633729167422,-0.1062926665573709,SPY
2008-10-23,0.8587087399675228,-4.904107303420327,0.2068683694059336,5.704865136095849,-1.3701140803811873,-1.2437158561665766,-3.584026787265424,-1.2321249394183391,1.459618173794392,0.7017440130789315,0.0,0.0,0.0,0.0,0.0,0.0,0.0,0.0,0.0,0.0,0.0,0.0,0.0,0.0,0.0,0.0,0.0,0.0,0.0,0.0,0.0,0.0,0.0,0.0,0.0,0.0,0.0,0.0,-0.0520456614042794,0.049055609359871,-0.1949428537976212,SPY
2008-10-24,-4.001780839315001,-2.543337032903192,-0.9153814144195628,5.775788702233013,-1.3728495079931464,-1.2755466157098398,-4.74805418829228,-1.198772017213538,0.9615082218115588,1.4162470082138434,0.0,0.0,0.0,0.0,0.0,0.0,0.0,0.0,0.0,0.0,0.0,0.0,0.0,0.0,0.0,0.0,0.0,0.0,0.0,0.0,0.0,0.0,0.0,0.0,0.0,0.0,0.0,0.0,-0.0361458726206747,0.106589345133945,-0.0903590488517966,SPY
2008-10-27,-2.785976009960111,-2.320500099033121,-2.679705143490207,5.522021806339893,-1.4054490255118504,-1.3013708000320208,-5.463492264312089,-1.1414921671726814,0.17319440499293753,-1.4417649723258046,0.0,0.0,0.0,0.0,0.0,0.0,0.0,0.0,0.0,0.0,0.0,0.0,0.0,0.0,0.0,0.0,0.0,0.0,0.0,0.0,0.0,0.0,0.0,0.0,0.0,0.0,0.0,0.0,0.1105169586422869,0.1456230063538441,0.0127828172316757,SPY
2008-10-28,8.428850863730212,-5.010652407430666,-6.2994847533556975,6.282328789332036,-1.4168588635212687,-1.3222994453844488,-1.342817211855191,-0.5129472396093581,1.391323124223108,-0.7272619771908926,0.0,0.0,0.0,0.0,0.0,0.0,0.0,0.0,0.0,0.0,0.0,0.0,0.0,0.0,0.0,0.0,0.0,0.0,0.0,0.0,0.0,0.0,0.0,0.0,0.0,0.0,0.0,0.0,-0.0072798470531898,0.0685237210506013,-0.0903524101109507,SPY
2008-10-29,-0.5786854750431291,4.164432645247966,-0.9046013587150178,6.275381902992851,-1.4111260400107482,-1.3439342331589306,-1.1759021872468285,-0.23154290672718753,0.8017555740418423,-0.012758982055980528,0.0,0.0,0.0,0.0,0.0,0.0,0.0,0.0,0.0,0.0,0.0,0.0,0.0,0.0,0.0,0.0,0.0,0.0,0.0,0.0,0.0,0.0,0.0,0.0,0.0,0.0,0.0,0.0,0.0340100317957281,0.0328667258434185,-0.0451593853189518,SPY
2008-10-30,2.578616473505872,5.793640144724805,0.9615646075172964,6.340110424363697,-1.4063859487710677,-1.358573925319349,0.3771467141252569,0.02542504807830339,0.18126214957492873,0.7017440130789315,0.0,0.0,0.0,0.0,0.0,0.0,0.0,0.0,0.0,0.0,0.0,0.0,0.0,0.0,0.0,0.0,0.0,0.0,0.0,0.0,0.0,0.0,0.0,0.0,0.0,0.0,0.0,0.0,0.0054880743697944,-0.0581482196600848,-0.0666593720688739,SPY
2008-10-31,0.397635703694479,1.4755652961823644,1.823211045668988,6.346683756168827,-1.3996037586335457,-1.3712930601877789,0.8549406394212848,-0.6135067289075533,0.15095156074810503,1.4162470082138434,0.0,0.0,0.0,0.0,0.0,0.0,0.0,0.0,0.0,0.0,0.0,0.0,0.0,0.0,0.0,0.0,0.0,0.0,0.0,0.0,0.0,0.0,0.0,0.0,0.0,0.0,0.0,0.0,0.0028877885992244,-0.0311526126342345,-0.1648965902477508,SPY
2008-11-03,0.19880035810663252,2.1961907694199496,4.027248809038482,6.22003398633881,-1.4027887828570997,-1.378457586534294,1.1197953056634735,-0.5123998198873629,-0.9202250801698664,-1.4417649723258046,0.0,0.0,0.0,0.0,0.0,0.0,0.0,0.0,0.0,0.0,0.0,0.0,0.0,0.0,0.0,0.0,0.0,0.0,0.0,0.0,0.0,0.0,0.0,0.0,0.0,0.0,0.0,0.0,0.0334176733390441,-0.0472313686539216,-0.1300220821574891,SPY
2008-11-04,2.5333207603270758,0.43964164222038565,5.522574329165695,6.1785285674270645,-1.394264172493305,-1.3780997951991198,2.415511455542254,0.3718690760709702,-0.19162513053757427,-0.7272619771908926,0.0,0.0,0.0,0.0,0.0,0.0,0.0,0.0,0.0,0.0,0.0,0.0,0.0,0.0,0.0,0.0,0.0,0.0,0.0,0.0,0.0,0.0,0.0,0.0,0.0,0.0,0.0,0.0,-0.0429368422603726,-0.112011483023898,-0.139682488652598,SPY
2008-11-05,-3.305259240468239,2.015996931995277,2.56900745138753,6.248712906832004,-1.383865990725922,-1.3793425703128825,0.7753350133125109,-0.1813025469589563,0.008366083498012917,-0.012758982055980528,0.0,0.0,0.0,0.0,0.0,0.0,0.0,0.0,0.0,0.0,0.0,0.0,0.0,0.0,0.0,0.0,0.0,0.0,0.0,0.0,0.0,0.0,0.0,0.0,0.0,0.0,0.0,0.0,-0.0570049137077752,-0.1140732352290427,-0.1201509924278081,SPY
2008-11-06,-4.380998637905944,-0.570359547273865,1.2030373312909644,6.130809358055241,-1.3854208808825044,-1.3791918818307047,-1.3344668339430976,-0.49251815391150466,0.4659678418015313,0.7017440130789315,0.0,0.0,0.0,0.0,0.0,0.0,0.0,0.0,0.0,0.0,0.0,0.0,0.0,0.0,0.0,0.0,0.0,0.0,0.0,0.0,0.0,0.0,0.0,0.0,0.0,0.0,0.0,0.0,0.0324836813956448,0.0034056336680352,-0.0327795854017924,SPY
2008-11-07,2.4619014521325937,-5.673838604145335,-2.283619222847361,6.147542399013759,-1.372643329067107,-1.374145674128247,-0.2543052986136965,-0.670374130689842,-0.06388255782986378,1.4162470082138434,0.0,0.0,0.0,0.0,0.0,0.0,0.0,0.0,0.0,0.0,0.0,0.0,0.0,0.0,0.0,0.0,0.0,0.0,0.0,0.0,0.0,0.0,0.0,0.0,0.0,0.0,0.0,0.0,-0.0131909674204626,-0.0802733095148129,-0.0309444548735955,SPY
2008-11-10,-1.030689510268997,-1.417080691020534,-1.249454892484711,4.950130391032698,-1.356381035054466,-1.3823551944869816,-0.5693483489919604,-0.5659648329526348,-0.5008395921467451,-1.4417649723258046,0.0,0.0,0.0,0.0,0.0,0.0,0.0,0.0,0.0,0.0,0.0,0.0,0.0,0.0,0.0,0.0,0.0,0.0,0.0,0.0,0.0,0.0,0.0,0.0,0.0,0.0,0.0,0.0,-0.0313624410309323,-0.0804477902404077,-0.0343744414516935,SPY
2008-11-11,-2.4202026461218127,1.0557921229414506,-1.8654097749306409,4.992599903130605,-1.3638564949529244,-1.3918451324558128,-1.5097186837833705,-0.4091898811819804,0.10956057214316561,-0.7272619771908926,0.0,0.0,0.0,0.0,0.0,0.0,0.0,0.0,0.0,0.0,0.0,0.0,0.0,0.0,0.0,0.0,0.0,0.0,0.0,0.0,0.0,0.0,0.0,0.0,0.0,0.0,0.0,0.0,-0.0449985944655173,-0.0304232815496732,0.0037808057303676,SPY
2008-11-12,-3.4629146862143374,-2.5477029694714006,-4.3470462698644825,4.380061859070499,-1.3774582417193775,-1.395799297963001,-3.005047169776411,-0.7402780155418149,0.2860986121918147,-0.012758982055980528,0.0,0.0,0.0,0.0,0.0,0.0,0.0,0.0,0.0,0.0,0.0,0.0,0.0,0.0,0.0,0.0,0.0,0.0,0.0,0.0,0.0,0.0,0.0,0.0,0.0,0.0,0.0,0.0,0.0604739551893027,-0.0516495300884889,0.0244026470541296,SPY
2008-11-13,4.602226114079433,-4.3429353751662685,-4.426029142395018,4.539120008313695,-1.3870695164228715,-1.3982470871973511,-0.8196407546270872,-0.0744171345093316,1.85252400181556,0.7017440130789315,0.0,0.0,0.0,0.0,0.0,0.0,0.0,0.0,0.0,0.0,0.0,0.0,0.0,0.0,0.0,0.0,0.0,0.0,0.0,0.0,0.0,0.0,0.0,0.0,0.0,0.0,0.0,0.0,-0.0511952617872033,-0.1892558771654426,-0.0242020384993608,SPY
2008-11-14,-3.936753562827604,0.8403395130631699,0.07442367825724759,4.715449036154015,-1.4061982909694843,-1.4044512953989248,-2.5144108527042244,-0.17610399389680223,0.6740489766307447,1.4162470082138434,0.0,0.0,0.0,0.0,0.0,0.0,0.0,0.0,0.0,0.0,0.0,0.0,0.0,0.0,0.0,0.0,0.0,0.0,0.0,0.0,0.0,0.0,0.0,0.0,0.0,0.0,0.0,0.0,-0.0133654481460574,-0.0855224718366942,0.0129602926510052,SPY
2008-11-17,-1.0440314805111583,0.49059767386706704,-3.131200783503437,4.4122440097289255,-1.4280063009207546,-1.4170103953468824,-2.726932751562932,-0.9934720244022571,-0.03713258673255359,-1.4417649723258046,0.0,0.0,0.0,0.0,0.0,0.0,0.0,0.0,0.0,0.0,0.0,0.0,0.0,0.0,0.0,0.0,0.0,0.0,0.0,0.0,0.0,0.0,0.0,0.0,0.0,0.0,0.0,0.0,0.0186620676598021,-0.005161030227839,0.072318125869379,SPY
2008-11-18,1.4050078695685586,-3.676921314488965,-3.1378848985364187,4.413790374168941,-1.4529805879839282,-1.425276423886433,-1.9079942593014037,-0.8041612018443122,0.5487701577199385,-0.7272619771908926,0.0,0.0,0.0,0.0,0.0,0.0,0.0,0.0,0.0,0.0,0.0,0.0,0.0,0.0,0.0,0.0,0.0,0.0,0.0,0.0,0.0,0.0,0.0,0.0,0.0,0.0,0.0,0.0,-0.066224843004333,-0.0164413665879807,0.0439220395590442,SPY
2008-11-19,-5.086016466609717,0.26584817978755887,-1.221515228377297,4.502112125876902,-1.4805029003212626,-1.4338813682019393,-4.006404695478608,-1.4127169217754243,0.7225433098517923,-0.012758982055980528,0.0,0.0,0.0,0.0,0.0,0.0,0.0,0.0,0.0,0.0,0.0,0.0,0.0,0.0,0.0,0.0,0.0,0.0,0.0,0.0,0.0,0.0,0.0,0.0,0.0,0.0,0.0,0.0,-0.0771323918876509,0.0876966541551613,0.0912866990275063,SPY
2008-11-20,-5.920081043771722,-2.7175525769108524,-2.03466342264592,4.835266435470468,-1.5093741990039866,-1.4491706501672796,-6.196942702203663,-1.71115813323948,2.107280535822971,0.7017440130789315,0.0,0.0,0.0,0.0,0.0,0.0,0.0,0.0,0.0,0.0,0.0,0.0,0.0,0.0,0.0,0.0,0.0,0.0,0.0,0.0,0.0,0.0,0.0,0.0,0.0,0.0,0.0,0.0,0.052538143541545,0.1773390910886183,0.1641082373189712,SPY
2008-11-21,3.995400560764933,-8.12422179564943,-7.306172066338138,4.945962012028337,-1.5362407161526264,-1.4562504117738853,-4.385201615217251,-1.3879283680438352,1.5143401821075526,1.4162470082138434,0.0,0.0,0.0,0.0,0.0,0.0,0.0,0.0,0.0,0.0,0.0,0.0,0.0,0.0,0.0,0.0,0.0,0.0,0.0,0.0,0.0,0.0,0.0,0.0,0.0,0.0,0.0,0.0,0.0669959934627977,0.0320518037379908,0.0986744722548955,SPY
2008-11-24,5.100945042869815,-1.4212017387850362,-3.3322889247100806,5.195726683131442,-1.5504795797748347,-1.4552336298844426,-2.129389204169392,-1.220210970011472,0.3716661174511942,-1.4417649723258046,0.0,0.0,0.0,0.0,0.0,0.0,0.0,0.0,0.0,0.0,0.0,0.0,0.0,0.0,0.0,0.0,0.0,0.0,0.0,0.0,0.0,0.0,0.0,0.0,0.0,0.0,0.0,0.0,0.0073817312996604,0.0028181069646793,0.0212868297523565,SPY
2008-11-25,0.542437453692976,6.7134493496189664,-0.2537533552443571,4.27195583949341,-1.5581797790259093,-1.4628594594936823,-1.70916470404271,-0.9870372506233719,-0.05570003977356189,-0.7272619771908926,0.0,0.0,0.0,0.0,0.0,0.0,0.0,0.0,0.0,0.0,0.0,0.0,0.0,0.0,0.0,0.0,0.0,0.0,0.0,0.0,0.0,0.0,0.0,0.0,0.0,0.0,0.0,0.0,0.037913177738809,0.019193642508954,0.0196911697440622,SPY
2008-11-26,2.8770772739517283,4.164807337854953,-0.6858874238348726,4.404855566489884,-1.5522781430807586,-1.4667287960751725,-0.251089100389667,-0.4666268860412009,-0.5770097992221391,-0.012758982055980528,0.0,0.0,0.0,0.0,0.0,0.0,0.0,0.0,0.0,0.0,0.0,0.0,0.0,0.0,0.0,0.0,0.0,0.0,0.0,0.0,0.0,0.0,0.0,0.0,0.0,0.0,0.0,0.0,0.0125100450458059,-0.0421248812654377,-0.0124685662856176,SPY
2008-11-28,0.9345828276893968,2.5233641342295496,3.3034959741378587,4.317126679203799,-1.5543015734711911,-1.4725752820647298,0.3453027838895529,-0.5951696023121844,-1.999955514027888,1.4162470082138434,0.0,0.0,0.0,0.0,0.0,0.0,0.0,0.0,0.0,0.0,0.0,0.0,0.0,0.0,0.0,0.0,0.0,0.0,0.0,0.0,0.0,0.0,0.0,0.0,0.0,0.0,0.0,0.0,-0.0927491438090823,-0.0242684329930034,-0.0278511345735612,SPY
2008-12-01,-7.114242970280594,2.8128077639165445,6.73757362516429,4.876449874560604,-1.5627511855628524,-1.4864335319983204,-2.6987090097706647,-0.9525035360269197,-0.5463766541062458,-1.4417649723258046,0.0,0.0,0.0,0.0,0.0,0.0,0.0,0.0,0.0,0.0,0.0,0.0,0.0,0.0,0.0,0.0,0.0,0.0,0.0,0.0,0.0,0.0,0.0,0.0,0.0,0.0,0.0,0.0,0.0377622966894861,0.1027995227399207,0.0883241737684121,SPY
2008-12-02,2.8655398937436294,-4.561814477278502,1.1718187936729605,5.013821253723425,-1.563125921459736,-1.497580450786906,-1.126961161196635,-0.6045674011333704,0.027922776220442317,-0.7272619771908926,0.0,0.0,0.0,0.0,0.0,0.0,0.0,0.0,0.0,0.0,0.0,0.0,0.0,0.0,0.0,0.0,0.0,0.0,0.0,0.0,0.0,0.0,0.0,0.0,0.0,0.0,0.0,0.0,0.0237572668439352,0.0484162720518739,0.0647356578589821,SPY
2008-12-03,1.7946210813479466,-3.1365695068416253,0.051916343668904893,4.965621584008849,-1.5626762757204904,-1.509904181448038,0.019573110896855223,-0.2580052539993434,0.3112756420825234,-0.012758982055980528,0.0,0.0,0.0,0.0,0.0,0.0,0.0,0.0,0.0,0.0,0.0,0.0,0.0,0.0,0.0,0.0,0.0,0.0,0.0,0.0,0.0,0.0,0.0,0.0,0.0,0.0,0.0,0.0,-0.0234053460355827,0.0314518113590676,0.0706742615475501,SPY
2008-12-04,-1.8117496248491376,3.4390887017769076,0.6792404388173527,4.891332776339527,-1.5555567849562046,-1.5201566811471094,-0.6132810165550443,-0.7190008116345554,-0.15180812270514318,0.7017440130789315,0.0,0.0,0.0,0.0,0.0,0.0,0.0,0.0,0.0,0.0,0.0,0.0,0.0,0.0,0.0,0.0,0.0,0.0,0.0,0.0,0.0,0.0,0.0,0.0,0.0,0.0,0.0,0.0,0.0303664933182403,0.030480404252895,0.0928962249926117,SPY
2008-12-05,2.3000070066028964,-0.013232159646245292,-1.669787312892285,4.771189915677712,-1.5321750787835196,-1.5229152234083203,0.5802485303782906,-0.26057415089993347,0.004040632573759117,1.4162470082138434,0.0,0.0,0.0,0.0,0.0,0.0,0.0,0.0,0.0,0.0,0.0,0.0,0.0,0.0,0.0,0.0,0.0,0.0,0.0,0.0,0.0,0.0,0.0,0.0,0.0,0.0,0.0,0.0,0.0343188119238417,0.0119831805704668,0.0691848824384671,SPY
2008-12-08,2.602227879674768,0.35979464698860747,-0.9857315014176896,4.78057255981973,-1.5106668162825299,-1.5256077678667368,1.9658582319760785,0.0034663501074598904,-0.3650680021528543,-1.4417649723258046,0.0,0.0,0.0,0.0,0.0,0.0,0.0,0.0,0.0,0.0,0.0,0.0,0.0,0.0,0.0,0.0,0.0,0.0,0.0,0.0,0.0,0.0,0.0,0.0,0.0,0.0,0.0,0.0,-0.0166209539985606,-0.0363685619902121,0.004451598937929,SPY
2008-12-09,-1.2929693620978562,3.617764152649038,3.88206596004544,4.787215486244839,-1.5022921238587608,-1.5285545374217246,1.3896735790368917,-0.19328228232919442,-0.6057108609322166,-0.7272619771908926,0.0,0.0,0.0,0.0,0.0,0.0,0.0,0.0,0.0,0.0,0.0,0.0,0.0,0.0,0.0,0.0,0.0,0.0,0.0,0.0,0.0,0.0,0.0,0.0,0.0,0.0,0.0,0.0,0.0067928061511288,0.0262447770806648,0.0251457542459041,SPY
2008-12-10,0.4974042743559274,0.9657779493237447,1.7987189185474322,4.722778585906662,-1.493954837228522,-1.5282343984576219,1.6453204679612738,0.2620783254552166,-0.4350061760963541,-0.012758982055980528,0.0,0.0,0.0,0.0,0.0,0.0,0.0,0.0,0.0,0.0,0.0,0.0,0.0,0.0,0.0,0.0,0.0,0.0,0.0,0.0,0.0,0.0,0.0,0.0,0.0,0.0,0.0,0.0,-0.0243767531417553,0.0097179522790034,-0.0032994228052594,SPY
2008-12-11,-1.886029948130674,-0.5877984143742538,1.148833916312076,4.614261478149127,-1.4958845811883512,-1.5262385067992816,0.6620580149819508,0.6226096869546134,-0.6000025995695955,0.7017440130789315,0.0,0.0,0.0,0.0,0.0,0.0,0.0,0.0,0.0,0.0,0.0,0.0,0.0,0.0,0.0,0.0,0.0,0.0,0.0,0.0,0.0,0.0,0.0,0.0,0.0,0.0,0.0,0.0,0.0118692696358122,0.0152345218848877,-0.003236360608489,SPY
2008-12-12,0.8855848284954996,-1.0255381405789534,1.111620654965423,4.344504119570982,-1.497945486151025,-1.5282909017010702,1.163265970440032,0.4484817844050543,-0.2706490365749011,1.4162470082138434,0.0,0.0,0.0,0.0,0.0,0.0,0.0,0.0,0.0,0.0,0.0,0.0,0.0,0.0,0.0,0.0,0.0,0.0,0.0,0.0,0.0,0.0,0.0,0.0,0.0,0.0,0.0,0.0,-0.0140329306368371,-0.0009456013471105,-0.0132676338041255,SPY
2008-12-15,-1.095071682795896,-0.7390209558445746,0.4030176246727939,4.152593989509992,-1.4873789144468113,-1.5272271210022619,0.6031943899782265,-0.0885420579548114,-1.2231701759848608,-1.4417649723258046,0.0,0.0,0.0,0.0,0.0,0.0,0.0,0.0,0.0,0.0,0.0,0.0,0.0,0.0,0.0,0.0,0.0,0.0,0.0,0.0,0.0,0.0,0.0,0.0,0.0,0.0,0.0,0.0,0.0459923850723162,0.000191707767196,-0.0311939726660321,SPY
2008-12-16,3.494867826211539,-0.15521238272210644,-1.4492706909501714,4.2877180970886535,-1.4749947768612375,-1.5211923484705077,2.237613448421029,0.18664341761210249,-0.4933501913876517,-0.7272619771908926,0.0,0.0,0.0,0.0,0.0,0.0,0.0,0.0,0.0,0.0,0.0,0.0,0.0,0.0,0.0,0.0,0.0,0.0,0.0,0.0,0.0,0.0,0.0,0.0,0.0,0.0,0.0,0.0,-0.0097340186505325,-0.0561923263448616,-0.0768309585067639,SPY
2008-12-17,-0.766347947842242,1.7707069110405769,0.9493596421257862,4.28069623465329,-1.468118949420763,-1.517511268807004,1.7668979381874614,-0.16121723331773652,-1.0858617041665686,-0.012758982055980528,0.0,0.0,0.0,0.0,0.0,0.0,0.0,0.0,0.0,0.0,0.0,0.0,0.0,0.0,0.0,0.0,0.0,0.0,0.0,0.0,0.0,0.0,0.0,0.0,0.0,0.0,0.0,0.0,-0.018860183535871,-0.0406722364029628,-0.0593071302025807,SPY
2008-12-18,-1.4641959187866729,2.013338846334354,0.3162398649833546,3.924086892014447,-1.4606435583010162,-1.510177282103828,0.8666312998932374,-0.419323709808543,-0.5143117176596909,0.7017440130789315,0.0,0.0,0.0,0.0,0.0,0.0,0.0,0.0,0.0,0.0,0.0,0.0,0.0,0.0,0.0,0.0,0.0,0.0,0.0,0.0,0.0,0.0,0.0,0.0,0.0,0.0,0.0,0.0,-0.0043108535961859,-0.0160586111579625,-0.0946778007371929,SPY
2008-12-19,-0.3516562589650752,-1.6469603829371,0.5275720090209118,3.3072241974366645,-1.458815154859829,-1.4975091008768158,0.4114969228980984,0.44283873446896793,-0.969459912987316,1.4162470082138434,0.0,0.0,0.0,0.0,0.0,0.0,0.0,0.0,0.0,0.0,0.0,0.0,0.0,0.0,0.0,0.0,0.0,0.0,0.0,0.0,0.0,0.0,0.0,0.0,0.0,0.0,0.0,0.0,-0.0128956215225306,-0.0146202808039141,-0.0480808292404359,SPY
2008-12-22,-1.0081053757296656,-1.340875253316949,-0.09226611098807971,3.138073098283267,-1.4648727809226785,-1.4897450940768084,-0.24500073161723807,-0.03295824620148291,-1.3183272887955253,-1.4417649723258046,0.0,0.0,0.0,0.0,0.0,0.0,0.0,0.0,0.0,0.0,0.0,0.0,0.0,0.0,0.0,0.0,0.0,0.0,0.0,0.0,0.0,0.0,0.0,0.0,0.0,0.0,0.0,0.0,-0.0103916490397413,0.0217015052515074,-0.0507740544933081,SPY
2008-12-23,-0.8166347921527188,-1.0042335102231301,-0.048697373397335604,2.7307512522870314,-1.469819984513769,-1.488022767186883,-0.6654873196578244,-0.40774712771098437,-1.4005340646841575,-0.7272619771908926,0.0,0.0,0.0,0.0,0.0,0.0,0.0,0.0,0.0,0.0,0.0,0.0,0.0,0.0,0.0,0.0,0.0,0.0,0.0,0.0,0.0,0.0,0.0,0.0,0.0,0.0,0.0,0.0,0.0057860712913662,0.0462669350713049,-0.0360410875381349,SPY
2008-12-24,0.4204225533382605,-1.3474355044243733,-2.208691657830516,2.728814781768061,-1.4749657718960418,-1.4864190260100953,-0.4887231541461549,-0.05598455344299721,-2.231709712797038,-0.012758982055980528,0.0,0.0,0.0,0.0,0.0,0.0,0.0,0.0,0.0,0.0,0.0,0.0,0.0,0.0,0.0,0.0,0.0,0.0,0.0,0.0,0.0,0.0,0.0,0.0,0.0,0.0,0.0,0.0,0.0057534417091291,0.0701767343124419,-0.0349922633678669,SPY
2008-12-26,0.417927475937949,-0.29303492668750614,-1.6141384993643078,2.573872773558393,-1.4751014919449068,-1.487456929961358,-0.2535359241840126,-0.3567423361959758,-2.0444435428823207,1.4162470082138434,0.0,0.0,0.0,0.0,0.0,0.0,0.0,0.0,0.0,0.0,0.0,0.0,0.0,0.0,0.0,0.0,0.0,0.0,0.0,0.0,0.0,0.0,0.0,0.0,0.0,0.0,0.0,0.0,-0.0028725232421376,0.0632399100127916,-0.0306394576663882,SPY
2008-12-29,-0.24167184253918658,0.6181990381788824,-0.671224593226974,2.5534895501046284,-1.4776766356824624,-1.4897865630336176,-0.3078350911370586,-0.9632689616627453,-1.67714978981981,-1.4417649723258046,0.0,0.0,0.0,0.0,0.0,0.0,0.0,0.0,0.0,0.0,0.0,0.0,0.0,0.0,0.0,0.0,0.0,0.0,0.0,0.0,0.0,0.0,0.0,0.0,0.0,0.0,0.0,0.0,0.023426164532891,0.0727675840190249,0.0055078410332711,SPY
2008-12-30,1.7693027708812563,0.12950525815245953,-0.6161241486987078,1.4385806165484918,-1.4740376424863675,-1.4826482096767497,0.4056409608261727,-0.313139141326596,-1.4010074774351875,-0.7272619771908926,0.0,0.0,0.0,0.0,0.0,0.0,0.0,0.0,0.0,0.0,0.0,0.0,0.0,0.0,0.0,0.0,0.0,0.0,0.0,0.0,0.0,0.0,0.0,0.0,0.0,0.0,0.0,0.0,0.0141737807800561,0.0189269479094376,-0.0509564978766876,SPY
2008-12-31,1.0618032560863775,1.126959254489272,0.7753131884062272,1.267797421873638,-1.4757377539795333,-1.4772794436996959,0.8204105652140359,-0.2006797939016118,-1.2188833731619313,-0.012758982055980528,0.0,0.0,0.0,0.0,0.0,0.0,0.0,0.0,0.0,0.0,0.0,0.0,0.0,0.0,0.0,0.0,0.0,0.0,0.0,0.0,0.0,0.0,0.0,0.0,0.0,0.0,0.0,0.0,0.0296958705325032,0.0088263684387959,-0.0856826800539085,SPY
2009-01-02,2.248726676236788,2.0890579780005174,1.7163807945295002,1.3141667198977431,-1.4706330962667415,-1.4712592018430088,1.8269976509402976,0.6027531480690104,-1.007251020848461,1.4162470082138434,0.0,0.0,0.0,0.0,0.0,0.0,0.0,0.0,0.0,0.0,0.0,0.0,0.0,0.0,0.0,0.0,0.0,0.0,0.0,0.0,0.0,0.0,0.0,0.0,0.0,0.0,0.0,0.0,-0.0011833825905211,-0.0425218729937419,-0.1184014645002911,SPY
2009-01-05,-0.11250878322781557,2.4429221429927725,2.632332100889762,1.1906117273544834,-1.4625510670859678,-1.4634415357237252,1.5997204573766406,0.4517315128731958,-0.914449115817776,-1.4417649723258046,0.0,0.0,0.0,0.0,0.0,0.0,0.0,0.0,0.0,0.0,0.0,0.0,0.0,0.0,0.0,0.0,0.0,0.0,0.0,0.0,0.0,0.0,0.0,0.0,0.0,0.0,0.0,0.0,0.0066551507640957,-0.0656521813482058,-0.1032684635797558,SPY
2009-01-06,0.4868782172730725,1.5761590454703183,2.366591965844021,1.068643370347052,-1.452578429032213,-1.4575114650252956,1.721960859357768,0.8146133592072998,-0.4309742012252706,-0.7272619771908926,0.0,0.0,0.0,0.0,0.0,0.0,0.0,0.0,0.0,0.0,0.0,0.0,0.0,0.0,0.0,0.0,0.0,0.0,0.0,0.0,0.0,0.0,0.0,0.0,0.0,0.0,0.0,0.0,-0.0304144715766963,-0.0704693356721257,-0.1148320797497453,SPY
2009-01-07,-2.347714523403509,0.27573362485691594,2.731583966177066,1.066016740579219,-1.4457601497222097,-1.4571292337167672,0.5460923640568808,-0.4389479869341174,-0.671459596520859,-0.012758982055980528,0.0,0.0,0.0,0.0,0.0,0.0,0.0,0.0,0.0,0.0,0.0,0.0,0.0,0.0,0.0,0.0,0.0,0.0,0.0,0.0,0.0,0.0,0.0,0.0,0.0,0.0,0.0,0.0,0.0040732013094144,-0.0720141335941733,-0.0696466546208913,SPY
2009-01-08,0.2894449897707848,-1.374078168000185,0.6690237379424249,1.0124753121861896,-1.4365430065122446,-1.4549835719267632,0.6522590148421971,-0.1887781809548131,-0.7457457970262019,0.7017440130789315,0.0,0.0,0.0,0.0,0.0,0.0,0.0,0.0,0.0,0.0,0.0,0.0,0.0,0.0,0.0,0.0,0.0,0.0,0.0,0.0,0.0,0.0,0.0,0.0,0.0,0.0,0.0,0.0,-0.0216523709000346,-0.0757319356720032,-0.0456210866369533,SPY
2009-01-09,-1.6777053513971458,-1.519804201707271,0.282084522442347,1.095663126261036,-1.4319533244891012,-1.4552630171008885,-0.15337145345352418,-0.2438631277450248,-0.3505441312742714,1.4162470082138434,0.0,0.0,0.0,0.0,0.0,0.0,0.0,0.0,0.0,0.0,0.0,0.0,0.0,0.0,0.0,0.0,0.0,0.0,0.0,0.0,0.0,0.0,0.0,0.0,0.0,0.0,0.0,0.0,-0.024313690944985,-0.0462897551183179,-0.022590421836262,SPY
2009-01-12,-1.881207788262606,-1.0252685026303585,-1.6849955163776922,1.0951131941397076,-1.4323499614928352,-1.455530528655701,-1.038616449761297,-0.5683572566419548,-0.6299058542340424,-1.4417649723258046,0.0,0.0,0.0,0.0,0.0,0.0,0.0,0.0,0.0,0.0,0.0,0.0,0.0,0.0,0.0,0.0,0.0,0.0,0.0,0.0,0.0,0.0,0.0,0.0,0.0,0.0,0.0,0.0,0.0018379964401757,-0.076206918243816,-0.0451683292032161,SPY
2009-01-13,0.11852618628200892,-2.627433568256963,-2.57108560605673,1.0686854840324904,-1.4319722681113565,-1.4566347562760689,-0.9483319107404148,-0.3375470855284205,-0.15960952008901347,-0.7272619771908926,0.0,0.0,0.0,0.0,0.0,0.0,0.0,0.0,0.0,0.0,0.0,0.0,0.0,0.0,0.0,0.0,0.0,0.0,0.0,0.0,0.0,0.0,0.0,0.0,0.0,0.0,0.0,0.0,-0.0319592694987438,-0.0357587967834209,-0.0411280180847661,SPY
2009-01-14,-2.46584016642711,-1.301629898241323,-2.7556241189666197,1.2077831361983655,-1.4406604735532376,-1.4591720056876332,-2.037210981596516,-0.6512653052240787,0.3063775386422059,-0.012758982055980528,0.0,0.0,0.0,0.0,0.0,0.0,0.0,0.0,0.0,0.0,0.0,0.0,0.0,0.0,0.0,0.0,0.0,0.0,0.0,0.0,0.0,0.0,0.0,0.0,0.0,0.0,0.0,0.0,0.0003553992315845,-0.0193883740600799,-0.0084508487936156,SPY
2009-01-15,0.0051568283159469245,-1.7331487399503116,-2.8148031886230336,0.7623449898163109,-1.451690780807026,-1.465569092183974,-1.89080985485563,-0.7413443817847658,0.8491719454737278,0.7017440130789315,0.0,0.0,0.0,0.0,0.0,0.0,0.0,0.0,0.0,0.0,0.0,0.0,0.0,0.0,0.0,0.0,0.0,0.0,0.0,0.0,0.0,0.0,0.0,0.0,0.0,0.0,0.0,0.0,0.0077898096536506,-0.0154024553762326,-0.0196225753275918,SPY
2009-01-16,0.5736418703232199,-1.8168269894998792,-2.9572270390131403,0.7799923083409205,-1.4666117425623157,-1.4705018243495407,-1.5095818422292242,-0.7101469168795398,0.06933329533508852,1.4162470082138434,0.0,0.0,0.0,0.0,0.0,0.0,0.0,0.0,0.0,0.0,0.0,0.0,0.0,0.0,0.0,0.0,0.0,0.0,0.0,0.0,0.0,0.0,0.0,0.0,0.0,0.0,0.0,0.0,-0.0542308540704832,-0.016357369568249,-0.0711288055483372,SPY
2009-01-20,-4.168875373261328,0.42662345368566706,-1.8293378640239688,1.214073578797774,-1.4898055747717525,-1.478095566001845,-3.242057544182205,-1.2332239086215373,0.19954337472951814,-0.7272619771908926,0.0,0.0,0.0,0.0,0.0,0.0,0.0,0.0,0.0,0.0,0.0,0.0,0.0,0.0,0.0,0.0,0.0,0.0,0.0,0.0,0.0,0.0,0.0,0.0,0.0,0.0,0.0,0.0,0.0422861179005709,0.0479797319128421,-0.0192987305366658,SPY
2009-01-21,3.211461701286537,-2.6542417329732735,-2.9754229637368312,1.5539732644622082,-1.5075974778517316,-1.4820247780493696,-1.689720129687402,-0.9932362581768023,-0.10125291180630999,-0.012758982055980528,0.0,0.0,0.0,0.0,0.0,0.0,0.0,0.0,0.0,0.0,0.0,0.0,0.0,0.0,0.0,0.0,0.0,0.0,0.0,0.0,0.0,0.0,0.0,0.0,0.0,0.0,0.0,0.0,-0.0155888467754028,0.0389683894697929,-0.072398771028217,SPY
2009-01-22,-1.2140474994614627,-0.707259320422041,-1.4259114300839193,1.5636218122969705,-1.522556336677062,-1.486115451916822,-2.1535484304460697,-1.3295687851096605,0.2929839088967647,0.7017440130789315,0.0,0.0,0.0,0.0,0.0,0.0,0.0,0.0,0.0,0.0,0.0,0.0,0.0,0.0,0.0,0.0,0.0,0.0,0.0,0.0,0.0,0.0,0.0,0.0,0.0,0.0,0.0,0.0,0.0043413179154319,0.021519061868128,-0.0665785345433134,SPY
2009-01-23,0.309946989442784,1.4737076413372512,-0.7987832000268583,1.5597926490262892,-1.5375341686012385,-1.4890102211083,-1.939390339623139,-1.7829221599917189,0.04589889996084932,1.4162470082138434,0.0,0.0,0.0,0.0,0.0,0.0,0.0,0.0,0.0,0.0,0.0,0.0,0.0,0.0,0.0,0.0,0.0,0.0,0.0,0.0,0.0,0.0,0.0,0.0,0.0,0.0,0.0,0.0,0.0068348954616341,-0.0033746574444686,-0.1073540804515422,SPY
2009-01-26,0.5006227062277602,-0.6679087220727451,-0.6460881736615054,1.562371941032599,-1.547752287701894,-1.4918385333217277,-1.6365597600527448,-1.6554211023325316,-0.3457531928234695,-1.4417649723258046,0.0,0.0,0.0,0.0,0.0,0.0,0.0,0.0,0.0,0.0,0.0,0.0,0.0,0.0,0.0,0.0,0.0,0.0,0.0,0.0,0.0,0.0,0.0,0.0,0.0,0.0,0.0,0.0,0.0101062474106079,-0.0132324668199821,-0.0769805046118072,SPY
2009-01-27,0.7507722869683013,0.5976942939540717,-0.682669614300895,1.5750090288342682,-1.5523231243580846,-1.4943347087659513,-1.220581696598352,-1.6092094590029489,-0.5958595741092563,-0.7272619771908926,0.0,0.0,0.0,0.0,0.0,0.0,0.0,0.0,0.0,0.0,0.0,0.0,0.0,0.0,0.0,0.0,0.0,0.0,0.0,0.0,0.0,0.0,0.0,0.0,0.0,0.0,0.0,0.0,0.0332747754575217,-0.009389095900576,-0.0949903478366289,SPY
2009-01-28,2.522393826842357,0.9230687153664782,1.7819956702009163,1.743461912043046,-1.551794206241061,-1.4938791328505177,-0.011957090627264277,-0.8088159120425724,-0.23759607041370107,-0.012758982055980528,0.0,0.0,0.0,0.0,0.0,0.0,0.0,0.0,0.0,0.0,0.0,0.0,0.0,0.0,0.0,0.0,0.0,0.0,0.0,0.0,0.0,0.0,0.0,0.0,0.0,0.0,0.0,0.0,-0.0330381743770678,-0.0475723367639915,-0.1446599727979398,SPY
2009-01-29,-2.548340492647385,2.415343800963618,1.436783617204269,1.80228804098111,-1.5514543116743207,-1.4980741925597192,-1.1304099055610055,-1.1684133187645709,-0.4461241339960405,0.7017440130789315,0.0,0.0,0.0,0.0,0.0,0.0,0.0,0.0,0.0,0.0,0.0,0.0,0.0,0.0,0.0,0.0,0.0,0.0,0.0,0.0,0.0,0.0,0.0,0.0,0.0,0.0,0.0,0.0,-0.0205524013971647,0.0002367911652338,-0.1342240361387201,SPY
2009-01-30,-1.593594282254432,-0.019740841109532593,0.7683240349776348,1.8000731066151228,-1.5544196468677893,-1.5051070590416944,-1.7136644105113816,-1.146826233121135,0.08856652517180462,1.4162470082138434,0.0,0.0,0.0,0.0,0.0,0.0,0.0,0.0,0.0,0.0,0.0,0.0,0.0,0.0,0.0,0.0,0.0,0.0,0.0,0.0,0.0,0.0,0.0,0.0,0.0,0.0,0.0,0.0,-0.0030229139138793,0.0488879618557511,-0.1597603707492196,SPY
2009-02-02,-0.2531717251780069,-3.057763515976934,-0.1853198871055119,1.625509866280974,-1.5591038111894837,-1.5149587135535412,-1.6072603939685577,-0.9526460705538359,-0.5010519194669782,-1.4417649723258046,0.0,0.0,0.0,0.0,0.0,0.0,0.0,0.0,0.0,0.0,0.0,0.0,0.0,0.0,0.0,0.0,0.0,0.0,0.0,0.0,0.0,0.0,0.0,0.0,0.0,0.0,0.0,0.0,0.013949618330014,0.053289169670287,-0.1642728567858222,SPY
2009-02-03,1.0446622869181428,-1.3636928400172943,-0.5629589163708472,1.678760122968204,-1.5531164474932035,-1.5236050330158575,-0.9143305484875434,-0.7940057874440875,-0.5493829824189015,-0.7272619771908926,0.0,0.0,0.0,0.0,0.0,0.0,0.0,0.0,0.0,0.0,0.0,0.0,0.0,0.0,0.0,0.0,0.0,0.0,0.0,0.0,0.0,0.0,0.0,0.0,0.0,0.0,0.0,0.0,-0.0049084654058937,-0.0075520469716661,-0.1548083702416063,SPY
2009-02-04,-0.3973536788623433,0.5836119302637326,-0.4157246975071318,1.6572862918765656,-1.5544764580834944,-1.5332289464749864,-0.876808219034404,-0.5002689109148896,-0.2561413059314121,-0.012758982055980528,0.0,0.0,0.0,0.0,0.0,0.0,0.0,0.0,0.0,0.0,0.0,0.0,0.0,0.0,0.0,0.0,0.0,0.0,0.0,0.0,0.0,0.0,0.0,0.0,0.0,0.0,0.0,0.0,0.0147709535521576,0.0032347259928533,-0.1916047036560506,SPY
2009-02-05,1.10746710421428,0.47719081509296585,-1.8784717911649045,1.6142589949398076,-1.5510388980823449,-1.5390184453589968,-0.20284871230516918,-0.3233068376628372,0.3327428684048095,0.7017440130789315,0.0,0.0,0.0,0.0,0.0,0.0,0.0,0.0,0.0,0.0,0.0,0.0,0.0,0.0,0.0,0.0,0.0,0.0,0.0,0.0,0.0,0.0,0.0,0.0,0.0,0.0,0.0,0.0,0.0280987692933525,-0.0108183277668976,-0.204633247868947,SPY
2009-02-06,2.126601569673713,0.5235472315789248,-0.046970290835436204,1.7474811066950402,-1.5437294306913452,-1.5428718293033339,0.9441960295345492,-0.0990175619637804,0.003264010131293417,1.4162470082138434,0.0,0.0,0.0,0.0,0.0,0.0,0.0,0.0,0.0,0.0,0.0,0.0,0.0,0.0,0.0,0.0,0.0,0.0,0.0,0.0,0.0,0.0,0.0,0.0,0.0,0.0,0.0,0.0,0.0013782939006565,-0.0497334243626417,-0.2445543853530374,SPY
2009-02-09,0.08337423708187383,2.3864858679798386,1.816788701890272,1.6914114066670518,-1.537269950268217,-1.5447605603189092,1.0419090303185643,0.6847186253110641,-0.7637960774640554,-1.4417649723258046,0.0,0.0,0.0,0.0,0.0,0.0,0.0,0.0,0.0,0.0,0.0,0.0,0.0,0.0,0.0,0.0,0.0,0.0,0.0,0.0,0.0,0.0,0.0,0.0,0.0,0.0,0.0,0.0,-0.0468915983119391,-0.0948281388303931,-0.1880322893499491,SPY
2009-02-10,-3.6076664970585326,1.6305999739846502,1.9853928798940448,1.9069746555375655,-1.539951917170274,-1.548405123206063,-0.6287774941791463,-0.491747724994417,1.0651123813076568,-0.7272619771908926,0.0,0.0,0.0,0.0,0.0,0.0,0.0,0.0,0.0,0.0,0.0,0.0,0.0,0.0,0.0,0.0,0.0,0.0,0.0,0.0,0.0,0.0,0.0,0.0,0.0,0.0,0.0,0.0,0.0058783075586257,-0.0503373195772658,-0.1346492126793426,SPY
2009-02-11,0.4274755589285866,-2.601879797275778,-0.3453498963926276,1.9135891701096224,-1.547110307208682,-1.5517364594448106,-0.3360528537953615,-0.2106030458928372,-0.21426052799996537,-0.012758982055980528,0.0,0.0,0.0,0.0,0.0,0.0,0.0,0.0,0.0,0.0,0.0,0.0,0.0,0.0,0.0,0.0,0.0,0.0,0.0,0.0,0.0,0.0,0.0,0.0,0.0,0.0,0.0,0.0,0.0007178997924066,-0.0670295497268718,-0.1019108893856843,SPY
2009-02-12,0.03287606021831222,-2.3478976208181415,0.06787644183877858,1.783269373160577,-1.5487911999647463,-1.5524103164151943,-0.2939513824998894,-0.2573425702709628,0.7542241920022715,0.7017440130789315,0.0,0.0,0.0,0.0,0.0,0.0,0.0,0.0,0.0,0.0,0.0,0.0,0.0,0.0,0.0,0.0,0.0,0.0,0.0,0.0,0.0,0.0,0.0,0.0,0.0,0.0,0.0,0.0,-0.0108163273023915,-0.0775160598097777,-0.0948444395821814,SPY
2009-02-13,-0.8491085494887014,0.33919732325685586,-0.4704765915672316,1.7975535993381726,-1.5489234122993245,-1.5539668464757772,-0.655790524098808,-0.4943829800976957,-0.3973542670537576,1.4162470082138434,0.0,0.0,0.0,0.0,0.0,0.0,0.0,0.0,0.0,0.0,0.0,0.0,0.0,0.0,0.0,0.0,0.0,0.0,0.0,0.0,0.0,0.0,0.0,0.0,0.0,0.0,0.0,0.0,-0.0437164205670947,-0.103133960500183,-0.0870554587063043,SPY
2009-02-17,-3.364871043057113,-0.6030530829519601,-1.9612600650930665,2.0177248210119387,-1.5552696338356606,-1.5595096596246938,-2.0987106885944904,-1.093630149738915,0.8410816445646915,-0.7272619771908926,0.0,0.0,0.0,0.0,0.0,0.0,0.0,0.0,0.0,0.0,0.0,0.0,0.0,0.0,0.0,0.0,0.0,0.0,0.0,0.0,0.0,0.0,0.0,0.0,0.0,0.0,0.0,0.0,-0.0024007790588118,-0.0222090686317191,-0.0132147016497921,SPY
2009-02-18,-0.20559910823349517,-3.110940003325242,-3.68877614375654,1.64102856409595,-1.5641656492415965,-1.5609712687786619,-2.150705577912155,-1.6849451258287058,0.08921209375334492,-0.012758982055980528,0.0,0.0,0.0,0.0,0.0,0.0,0.0,0.0,0.0,0.0,0.0,0.0,0.0,0.0,0.0,0.0,0.0,0.0,0.0,0.0,0.0,0.0,0.0,0.0,0.0,0.0,0.0,0.0,-0.0108139225909802,-0.0277118853871209,0.0113236868267954,SPY
2009-02-19,-0.8489246690745115,-2.6359638318188643,-1.9843944546862664,1.3429602086532426,-1.5738926981676182,-1.5665425606682473,-2.4058982729900253,-1.483524532767402,-0.19164797295782937,0.7017440130789315,0.0,0.0,0.0,0.0,0.0,0.0,0.0,0.0,0.0,0.0,0.0,0.0,0.0,0.0,0.0,0.0,0.0,0.0,0.0,0.0,0.0,0.0,0.0,0.0,0.0,0.0,0.0,0.0,-0.0097686102904992,-0.0332928122999298,0.0096741728654166,SPY
2009-02-20,-0.7689930573779226,-0.7789365687865496,-2.6238506817085514,1.325321344949526,-1.5873972213125904,-1.5716012500379049,-2.633889157705114,-1.3688499600732045,1.1538452636619123,1.4162470082138434,0.0,0.0,0.0,0.0,0.0,0.0,0.0,0.0,0.0,0.0,0.0,0.0,0.0,0.0,0.0,0.0,0.0,0.0,0.0,0.0,0.0,0.0,0.0,0.0,0.0,0.0,0.0,0.0,-0.0364342279927969,-0.0461264397272787,-0.0020810060585763,SPY
2009-02-23,-2.8080256018614898,-1.1947792648820525,-3.025574364652405,1.4785919216754615,-1.6106854179142154,-1.5796306255748587,-3.7014210313795943,-1.6450137812515375,0.3727270118942562,-1.4417649723258046,0.0,0.0,0.0,0.0,0.0,0.0,0.0,0.0,0.0,0.0,0.0,0.0,0.0,0.0,0.0,0.0,0.0,0.0,0.0,0.0,0.0,0.0,0.0,0.0,0.0,0.0,0.0,0.0,0.0372084713013691,-0.055780947742146,0.1037194389733651,SPY
2009-02-24,2.823190678250508,-2.640797304391592,-4.006960672706924,1.721401643078187,-1.628855171584157,-1.58551508486443,-2.2987114218498563,-1.2884486973435518,0.7758064557018389,-0.7272619771908926,0.0,0.0,0.0,0.0,0.0,0.0,0.0,0.0,0.0,0.0,0.0,0.0,0.0,0.0,0.0,0.0,0.0,0.0,0.0,0.0,0.0,0.0,0.0,0.0,0.0,0.0,0.0,0.0,-0.0079035958142137,-0.1005248189939971,0.0466108971024263,SPY
2009-02-25,-0.6263815020959524,0.010603854180713112,-0.90684010387953,1.6932085201244622,-1.640640924554085,-1.592785172146363,-2.41179218083108,-1.309159859345268,1.05640634569479,-0.012758982055980528,0.0,0.0,0.0,0.0,0.0,0.0,0.0,0.0,0.0,0.0,0.0,0.0,0.0,0.0,0.0,0.0,0.0,0.0,0.0,0.0,0.0,0.0,0.0,0.0,0.0,0.0,0.0,0.0,-0.0163948495037891,-0.0692071183055533,0.0650053328990756,SPY
2009-02-26,-1.275679891122902,1.6208816460261326,-1.1176453952556082,1.476962556851143,-1.6557130619172684,-1.6039561013572559,-2.730374778576763,-1.679384291752532,0.19606545444387213,0.7017440130789315,0.0,0.0,0.0,0.0,0.0,0.0,0.0,0.0,0.0,0.0,0.0,0.0,0.0,0.0,0.0,0.0,0.0,0.0,0.0,0.0,0.0,0.0,0.0,0.0,0.0,0.0,0.0,0.0,-0.022602237717848,-0.0945170676221023,0.1015761268353285,SPY
2009-02-27,-1.7503385593006582,-1.4045065234833367,-1.3314429786202342,1.4080456978022602,-1.6740905960746741,-1.6140355413581353,-3.280074380656038,-2.359523780913527,1.1071723638097375,1.4162470082138434,0.0,0.0,0.0,0.0,0.0,0.0,0.0,0.0,0.0,0.0,0.0,0.0,0.0,0.0,0.0,0.0,0.0,0.0,0.0,0.0,0.0,0.0,0.0,0.0,0.0,0.0,0.0,0.0,-0.0460887360076642,-0.0701724205649929,0.1059650356577242,SPY
2009-03-02,-3.546274243354448,-2.2341024637190414,-1.8230814774996635,1.6132222882630785,-1.6970577729531027,-1.6256430771152441,-4.562717766238452,-2.540397557367784,0.7369027139305531,-1.4417649723258046,0.0,0.0,0.0,0.0,0.0,0.0,0.0,0.0,0.0,0.0,0.0,0.0,0.0,0.0,0.0,0.0,0.0,0.0,0.0,0.0,0.0,0.0,0.0,0.0,0.0,0.0,0.0,0.0,-0.0075353999504819,-0.0359060527480665,0.1168878561465436,SPY
2009-03-03,-0.5982267690132576,-3.9100346930322694,-2.1929323131047056,1.6094143392142688,-1.714339770317025,-1.6375163519119265,-4.553162565038233,-2.383366281370133,0.9137232600408148,-0.7272619771908926,0.0,0.0,0.0,0.0,0.0,0.0,0.0,0.0,0.0,0.0,0.0,0.0,0.0,0.0,0.0,0.0,0.0,0.0,0.0,0.0,0.0,0.0,0.0,0.0,0.0,0.0,0.0,0.0,0.02341410487423,0.0295297371061602,0.1336455983407107,SPY
2009-03-04,1.7683806082387228,-3.0596576632397094,-3.9070080739014097,1.6839995110128896,-1.7281276912299988,-1.648915120922904,-3.5242707245290865,-2.0972317762956423,1.075843650763285,-0.012758982055980528,0.0,0.0,0.0,0.0,0.0,0.0,0.0,0.0,0.0,0.0,0.0,0.0,0.0,0.0,0.0,0.0,0.0,0.0,0.0,0.0,0.0,0.0,0.0,0.0,0.0,0.0,0.0,0.0,-0.041704798820338,0.0126071105905976,0.1294131609154947,SPY
2009-03-05,-3.2110489094534214,0.8631043856956502,-2.707270319164174,1.8375810412554088,-1.7458440949358036,-1.6627055659768835,-4.601460151043407,-2.274334556415801,1.2715432795100383,0.7017440130789315,0.0,0.0,0.0,0.0,0.0,0.0,0.0,0.0,0.0,0.0,0.0,0.0,0.0,0.0,0.0,0.0,0.0,0.0,0.0,0.0,0.0,0.0,0.0,0.0,0.0,0.0,0.0,0.0,0.0017424093392612,0.0929285402632196,0.1999357256320699,SPY
2009-03-06,0.11121695340492073,-1.0654271595022944,-3.67685943643786,1.7710595757599408,-1.7618984512524969,-1.6775590215002076,-4.2143022090882125,-2.202761078217799,1.286674213866292,1.4162470082138434,0.0,0.0,0.0,0.0,0.0,0.0,0.0,0.0,0.0,0.0,0.0,0.0,0.0,0.0,0.0,0.0,0.0,0.0,0.0,0.0,0.0,0.0,0.0,0.0,0.0,0.0,0.0,0.0,-0.0118223681907378,0.0989704805198679,0.2080927089861957,SPY
2009-03-09,-0.9260372047826122,-2.2885844247588194,-2.744249712284505,1.5432797671706355,-1.7742509211541864,-1.6954685994128338,-4.200138908824345,-2.0367476547835586,0.3239346093568847,-1.4417649723258046,0.0,0.0,0.0,0.0,0.0,0.0,0.0,0.0,0.0,0.0,0.0,0.0,0.0,0.0,0.0,0.0,0.0,0.0,0.0,0.0,0.0,0.0,0.0,0.0,0.0,0.0,0.0,0.0,0.0579003899037449,0.1077655022840913,0.212051203597257,SPY
2009-03-10,4.40543399655975,-0.6020107060969735,-1.4315526022169924,2.175266473409456,-1.784280114959861,-1.7096386836569548,-1.8854850511918892,-1.223502329078281,0.5507723024664902,-0.7272619771908926,0.0,0.0,0.0,0.0,0.0,0.0,0.0,0.0,0.0,0.0,0.0,0.0,0.0,0.0,0.0,0.0,0.0,0.0,0.0,0.0,0.0,0.0,0.0,0.0,0.0,0.0,0.0,0.0,0.0064914783586673,0.0799894488697638,0.1305499457655212,SPY
2009-03-11,0.4743627239127346,2.567563258189621,1.075201912750835,2.008124636048496,-1.7922695188672944,-1.7195757793281758,-1.4076836853420334,-1.0661334148496058,0.12151406849639441,-0.012758982055980528,0.0,0.0,0.0,0.0,0.0,0.0,0.0,0.0,0.0,0.0,0.0,0.0,0.0,0.0,0.0,0.0,0.0,0.0,0.0,0.0,0.0,0.0,0.0,0.0,0.0,0.0,0.0,0.0,0.0386166308522839,0.0956355799288721,0.1347783347231677,SPY
2009-03-12,2.9308680320698133,3.6012024778599545,0.4269195199272275,2.2437383049758632,-1.7924962233259538,-1.7272635087244752,0.20480835117874294,-0.5760363071897787,0.5833701639951104,0.7017440130789315,0.0,0.0,0.0,0.0,0.0,0.0,0.0,0.0,0.0,0.0,0.0,0.0,0.0,0.0,0.0,0.0,0.0,0.0,0.0,0.0,0.0,0.0,0.0,0.0,0.0,0.0,0.0,0.0,0.0077843495959095,0.0445555125242291,0.1351351403708758,SPY
2009-03-13,0.5732243575712875,2.5128210936165583,3.503922287511464,2.2597295512764086,-1.7884165452741696,-1.7344482387822964,0.6892514509688382,-0.1594436559123801,-0.056432483966766984,1.4162470082138434,0.0,0.0,0.0,0.0,0.0,0.0,0.0,0.0,0.0,0.0,0.0,0.0,0.0,0.0,0.0,0.0,0.0,0.0,0.0,0.0,0.0,0.0,0.0,0.0,0.0,0.0,0.0,0.0,-0.0030273464265144,0.0152473737138274,0.1275835908359148,SPY
2009-03-16,-0.2535106649174762,2.585791150081329,3.735380653816194,2.2551727776917847,-1.7784817355117437,-1.7409970555455376,0.7505631064080845,-0.5839387024057313,0.14871356054749243,-1.4417649723258046,0.0,0.0,0.0,0.0,0.0,0.0,0.0,0.0,0.0,0.0,0.0,0.0,0.0,0.0,0.0,0.0,0.0,0.0,0.0,0.0,0.0,0.0,0.0,0.0,0.0,0.0,0.0,0.0,0.0301243364894174,0.0876409371794864,0.1132174102898604,SPY
2009-03-17,2.2814900661610373,0.23539206476058772,4.072305761098035,2.1762348758345413,-1.7631639991952965,-1.7419841046027496,1.9400581534194703,-0.16972836785697912,0.10453925448939011,-0.7272619771908926,0.0,0.0,0.0,0.0,0.0,0.0,0.0,0.0,0.0,0.0,0.0,0.0,0.0,0.0,0.0,0.0,0.0,0.0,0.0,0.0,0.0,0.0,0.0,0.0,0.0,0.0,0.0,0.0,0.0221376094177756,0.0376165301204993,0.0937062088315885,SPY
2009-03-18,1.670771176960795,1.4962679030372315,3.008243610102917,2.2370288944048644,-1.7476762124274123,-1.7411299151905875,2.792883494272965,0.22374030606411888,1.0994950188598889,-0.012758982055980528,0.0,0.0,0.0,0.0,0.0,0.0,0.0,0.0,0.0,0.0,0.0,0.0,0.0,0.0,0.0,0.0,0.0,0.0,0.0,0.0,0.0,0.0,0.0,0.0,0.0,0.0,0.0,0.0,-0.012463436552359,0.0259697606851592,0.086125118528928,SPY
2009-03-19,-0.9750576050290222,2.91658587128925,3.607625229268391,2.24199689612176,-1.7285243675358541,-1.7404086002355805,2.276710100817311,0.3369366445850941,0.6909312222806963,0.7017440130789315,0.0,0.0,0.0,0.0,0.0,0.0,0.0,0.0,0.0,0.0,0.0,0.0,0.0,0.0,0.0,0.0,0.0,0.0,0.0,0.0,0.0,0.0,0.0,0.0,0.0,0.0,0.0,0.0,-0.0215237892144921,0.0586091416699821,0.1052711117224243,SPY
2009-03-20,-1.6678731305810828,0.5129186583066855,1.6508185661762211,2.287772122683162,-1.7127739934729642,-1.7405613525377308,1.4393337735055098,0.6334406296861013,0.17716918434251291,1.4162470082138434,0.0,0.0,0.0,0.0,0.0,0.0,0.0,0.0,0.0,0.0,0.0,0.0,0.0,0.0,0.0,0.0,0.0,0.0,0.0,0.0,0.0,0.0,0.0,0.0,0.0,0.0,0.0,0.0,0.0693662170391444,0.0619196019890218,0.0839754620591133,SPY
2009-03-23,5.28218828515393,-1.9513443183555506,0.5280643447945298,2.63180734007452,-1.6850123017429925,-1.7328181567453371,3.991195239271188,1.1667351366575025,0.5805756758902474,-1.4417649723258046,0.0,0.0,0.0,0.0,0.0,0.0,0.0,0.0,0.0,0.0,0.0,0.0,0.0,0.0,0.0,0.0,0.0,0.0,0.0,0.0,0.0,0.0,0.0,0.0,0.0,0.0,0.0,0.0,-0.0199000705695695,-0.0426125305689675,0.0339589771753772,SPY
2009-03-24,-1.5437126780821089,2.667146890251988,3.3013615339386257,2.5688028316001503,-1.6680006047152947,-1.7293094208616144,3.078749617868085,0.7768173309974291,-0.2707228724941262,-0.7272619771908926,0.0,0.0,0.0,0.0,0.0,0.0,0.0,0.0,0.0,0.0,0.0,0.0,0.0,0.0,0.0,0.0,0.0,0.0,0.0,0.0,0.0,0.0,0.0,0.0,0.0,0.0,0.0,0.0,0.0104908399824354,-0.0134901177557127,0.0477266024771187,SPY
2009-03-25,0.780180822674389,2.7587900777480896,1.38499575715104,2.5625446922327995,-1.6502596961371334,-1.7244092506403448,3.363785767074184,1.3637049140421107,0.7893443720485962,-0.012758982055980528,0.0,0.0,0.0,0.0,0.0,0.0,0.0,0.0,0.0,0.0,0.0,0.0,0.0,0.0,0.0,0.0,0.0,0.0,0.0,0.0,0.0,0.0,0.0,0.0,0.0,0.0,0.0,0.0,0.0201759444324638,-0.0047992902891342,0.0470053823388667,SPY
2009-03-26,1.520769073462552,-0.5641545933521368,0.9388241447678476,2.543581923486581,-1.6347627618006184,-1.7167358988606938,3.969344574712964,1.447870901492257,0.5703069493258778,0.7017440130789315,0.0,0.0,0.0,0.0,0.0,0.0,0.0,0.0,0.0,0.0,0.0,0.0,0.0,0.0,0.0,0.0,0.0,0.0,0.0,0.0,0.0,0.0,0.0,0.0,0.0,0.0,0.0,0.0,-0.0182133288954524,0.003842531174639,0.0418270173768835,SPY
2009-03-27,-1.4147330607314443,1.6977482113070885,2.189193641823363,2.5178205130745037,-1.6232336222033261,-1.7088924053675483,3.004971487053488,1.3170201440592904,-0.5818173659994719,1.4162470082138434,0.0,0.0,0.0,0.0,0.0,0.0,0.0,0.0,0.0,0.0,0.0,0.0,0.0,0.0,0.0,0.0,0.0,0.0,0.0,0.0,0.0,0.0,0.0,0.0,0.0,0.0,0.0,0.0,-0.0351659155188448,0.0319552527634785,0.0505332957039481,SPY
2009-03-30,-2.7110418964834606,0.07767595394784703,2.316012793389524,2.399955642853799,-1.6166344816937162,-1.7005840290196206,1.3911384291739766,0.543268886628526,-0.6133788262948267,-1.4417649723258046,0.0,0.0,0.0,0.0,0.0,0.0,0.0,0.0,0.0,0.0,0.0,0.0,0.0,0.0,0.0,0.0,0.0,0.0,0.0,0.0,0.0,0.0,0.0,0.0,0.0,0.0,0.0,0.0,0.0092223422436852,0.0592572947026468,0.0825489969918615,SPY
2009-03-31,0.6831829507033752,-3.0458359080117803,-1.6884684825712553,2.3783523047147,-1.6130286005344467,-1.691074835314207,1.4946644499559396,0.5664249964586412,-0.16292970778100918,-0.7272619771908926,0.0,0.0,0.0,0.0,0.0,0.0,0.0,0.0,0.0,0.0,0.0,0.0,0.0,0.0,0.0,0.0,0.0,0.0,0.0,0.0,0.0,0.0,0.0,0.0,0.0,0.0,0.0,0.0,0.0191816674490139,0.0264340845309707,0.09437289090428,SPY
2009-04-01,1.4447399654884057,-1.4973580592492421,-0.5728291670068857,2.3634605018319834,-1.6097984771272045,-1.6816690103526624,1.991693504696748,0.44714762852517903,-0.033435286017045186,-0.012758982055980528,0.0,0.0,0.0,0.0,0.0,0.0,0.0,0.0,0.0,0.0,0.0,0.0,0.0,0.0,0.0,0.0,0.0,0.0,0.0,0.0,0.0,0.0,0.0,0.0,0.0,0.0,0.0,0.0,0.0288177658962371,0.0179722843982705,0.075533854778512,SPY
2009-04-02,2.181580887573726,1.570036499197066,-0.23989559901321,2.1068626197707503,-1.6001901795593652,-1.667216923377608,2.744835044925538,0.6077862227955758,1.2032106652593155,0.7017440130789315,0.0,0.0,0.0,0.0,0.0,0.0,0.0,0.0,0.0,0.0,0.0,0.0,0.0,0.0,0.0,0.0,0.0,0.0,0.0,0.0,0.0,0.0,0.0,0.0,0.0,0.0,0.0,0.0,0.009899392693387,0.0281279550020254,0.0520783865313232,SPY
2009-04-03,0.7349547835036425,2.676008330876047,0.09116061686067949,2.0976710692912097,-1.585828133264847,-1.6520853113332992,2.734255226506957,0.7110698642924421,-1.247050012543279,1.4162470082138434,0.0,0.0,0.0,0.0,0.0,0.0,0.0,0.0,0.0,0.0,0.0,0.0,0.0,0.0,0.0,0.0,0.0,0.0,0.0,0.0,0.0,0.0,0.0,0.0,0.0,0.0,0.0,0.0,-0.0078638735796765,0.018461362369587,0.0756328751194548,SPY
2009-04-06,-0.6233440727790992,2.1521138443033485,1.1681200595120005,2.0768603756146864,-1.583203036531676,-1.6368158282150604,2.020401973505557,0.4077822188637525,-1.5009485591291207,-1.4417649723258046,0.0,0.0,0.0,0.0,0.0,0.0,0.0,0.0,0.0,0.0,0.0,0.0,0.0,0.0,0.0,0.0,0.0,0.0,0.0,0.0,0.0,0.0,0.0,0.0,0.0,0.0,0.0,0.0,-0.0236008679279908,0.0089317089766947,0.0800799012030282,SPY
2009-04-07,-1.8267005442776716,0.08179065458854243,2.2140234871517657,1.8905651457805417,-1.581205535715482,-1.627263630031279,0.8637267936034959,-0.06047369707463961,-1.5284429664605643,-0.7272619771908926,0.0,0.0,0.0,0.0,0.0,0.0,0.0,0.0,0.0,0.0,0.0,0.0,0.0,0.0,0.0,0.0,0.0,0.0,0.0,0.0,0.0,0.0,0.0,0.0,0.0,0.0,0.0,0.0,0.0107198673163138,0.0431457119358311,0.1208669696217468,SPY
2009-04-08,0.7976937935932709,-1.8089745188565958,0.9566117484551898,1.892847731030062,-1.579151017347448,-1.6173163485691435,1.024191153597246,0.17499222182648408,-1.839982549362409,-0.012758982055980528,0.0,0.0,0.0,0.0,0.0,0.0,0.0,0.0,0.0,0.0,0.0,0.0,0.0,0.0,0.0,0.0,0.0,0.0,0.0,0.0,0.0,0.0,0.0,0.0,0.0,0.0,0.0,0.0,0.038973436499992,0.0469823637346324,0.0961575458029981,SPY
2009-04-09,2.9581517925982506,-0.7601023779621391,0.6324519005393101,1.8959745941806003,-1.5740149081124373,-1.6069481613921592,2.277490740792506,0.7269555401840969,-1.3153652916081155,0.7017440130789315,0.0,0.0,0.0,0.0,0.0,0.0,0.0,0.0,0.0,0.0,0.0,0.0,0.0,0.0,0.0,0.0,0.0,0.0,0.0,0.0,0.0,0.0,0.0,0.0,0.0,0.0,0.0,0.0,0.0002328000609486,0.0146914838757776,0.080249500743732,SPY
2009-04-13,-0.004217929158047476,2.771610909351319,1.0215015810765466,1.9012530690342704,-1.565987381147768,-1.5971208579810365,2.036260891715855,0.19198419442234638,-1.7601469393513227,-1.4417649723258046,0.0,0.0,0.0,0.0,0.0,0.0,0.0,0.0,0.0,0.0,0.0,0.0,0.0,0.0,0.0,0.0,0.0,0.0,0.0,0.0,0.0,0.0,0.0,0.0,0.0,0.0,0.0,0.0,-0.0173935269725689,-0.028360755062974,0.0611248686323966,SPY
2009-04-14,-1.3520454898132717,2.179717557770405,0.6511878005032309,1.9642833307201384,-1.5554107481006136,-1.5884899628574594,1.1453311451181447,0.2167028347564298,-1.1289821635719917,-0.7272619771908926,0.0,0.0,0.0,0.0,0.0,0.0,0.0,0.0,0.0,0.0,0.0,0.0,0.0,0.0,0.0,0.0,0.0,0.0,0.0,0.0,0.0,0.0,0.0,0.0,0.0,0.0,0.0,0.0,0.0106131350311455,0.0083825040650031,0.0755549584369168,SPY
2009-04-15,0.7895323249397054,-1.0016514671249273,0.2861199726076956,1.8839295282336368,-1.5445107372030114,-1.5812006938994696,1.3744814640301954,0.22283033221770307,-1.381075503908213,-0.012758982055980528,0.0,0.0,0.0,0.0,0.0,0.0,0.0,0.0,0.0,0.0,0.0,0.0,0.0,0.0,0.0,0.0,0.0,0.0,0.0,0.0,0.0,0.0,0.0,0.0,0.0,0.0,0.0,0.0,0.0145565191151151,-0.0083630762339703,0.0394464127590534,SPY
2009-04-16,1.0910700043732364,-0.41578211905727724,1.5968110574712169,1.8549961752681725,-1.5341624396525317,-1.5743774828899295,1.7708962359124203,0.17166203863812338,-0.3730663960327174,0.7017440130789315,0.0,0.0,0.0,0.0,0.0,0.0,0.0,0.0,0.0,0.0,0.0,0.0,0.0,0.0,0.0,0.0,0.0,0.0,0.0,0.0,0.0,0.0,0.0,0.0,0.0,0.0,0.0,0.0,0.0066825566411372,-0.013149975504902,0.033423677721216,SPY
2009-04-17,0.4889738550273375,1.3874884618888912,1.7437878761270302,1.8140699557293527,-1.5272191501215984,-1.566060243965806,1.8260431640113453,0.5298059136915207,-1.1880651812753682,1.4162470082138434,0.0,0.0,0.0,0.0,0.0,0.0,0.0,0.0,0.0,0.0,0.0,0.0,0.0,0.0,0.0,0.0,0.0,0.0,0.0,0.0,0.0,0.0,0.0,0.0,0.0,0.0,0.0,0.0,-0.0428194388778031,-0.0048349526755586,0.0185454508907687,SPY
2009-04-20,-3.296281787908757,1.1656453898209256,0.5067689747155506,2.027276479254859,-1.5287980440484972,-1.5596366586135069,0.03699666764330592,0.3660814363865066,-0.8009340934720076,-1.4417649723258046,0.0,0.0,0.0,0.0,0.0,0.0,0.0,0.0,0.0,0.0,0.0,0.0,0.0,0.0,0.0,0.0,0.0,0.0,0.0,0.0,0.0,0.0,0.0,0.0,0.0,0.0,0.0,0.0,0.0193497321554083,0.0284774356338566,0.0893761322659658,SPY
2009-04-21,1.457591323733436,-2.0726716009678765,-1.1425026941923826,1.4311087812770813,-1.526020602469337,-1.5569218614359166,0.7005836240484209,0.4679485963157931,-2.6122464227662063,-0.7272619771908926,0.0,0.0,0.0,0.0,0.0,0.0,0.0,0.0,0.0,0.0,0.0,0.0,0.0,0.0,0.0,0.0,0.0,0.0,0.0,0.0,0.0,0.0,0.0,0.0,0.0,0.0,0.0,0.0,-0.0061324452678279,0.0059774892475168,0.0688197286694478,SPY
2009-04-22,-0.4909474144412227,-1.3577322582865545,0.2650806928023722,1.364392819478013,-1.5205231102330048,-1.553155597356194,0.3795556370902829,0.19101955537060228,-0.19541646013553807,-0.012758982055980528,0.0,0.0,0.0,0.0,0.0,0.0,0.0,0.0,0.0,0.0,0.0,0.0,0.0,0.0,0.0,0.0,0.0,0.0,0.0,0.0,0.0,0.0,0.0,0.0,0.0,0.0,0.0,0.0,0.0097696198441834,0.0331561706714484,0.0682353433393982,SPY
2009-04-23,0.7250314782995145,0.7128931204270558,-0.3764193045801222,1.3625690901063898,-1.5151207586057482,-1.5494084902656866,0.6599015208653601,-0.02204354339451581,-0.3735096308313335,0.7017440130789315,0.0,0.0,0.0,0.0,0.0,0.0,0.0,0.0,0.0,0.0,0.0,0.0,0.0,0.0,0.0,0.0,0.0,0.0,0.0,0.0,0.0,0.0,0.0,0.0,0.0,0.0,0.0,0.0,0.0149975794704806,0.023729182150511,0.0439982629283557,SPY
2009-04-24,1.1247964467422893,0.17218858918535024,-0.5597987882974589,1.3365158345424273,-1.5135038890045673,-1.5460150913067232,1.151186733104511,0.04523010783697899,-0.7634167130604528,1.4162470082138434,0.0,0.0,0.0,0.0,0.0,0.0,0.0,0.0,0.0,0.0,0.0,0.0,0.0,0.0,0.0,0.0,0.0,0.0,0.0,0.0,0.0,0.0,0.0,0.0,0.0,0.0,0.0,0.0,-0.0095070505683878,0.0140939003290787,0.0268692325641239,SPY
2009-04-27,-0.7489924411662356,1.3647737854847866,-0.2412617756633742,1.289807783382792,-1.5134848373014793,-1.5419716532423187,0.6921493798228104,0.01601821855498179,-0.7417795146554579,-1.4417649723258046,0.0,0.0,0.0,0.0,0.0,0.0,0.0,0.0,0.0,0.0,0.0,0.0,0.0,0.0,0.0,0.0,0.0,0.0,0.0,0.0,0.0,0.0,0.0,0.0,0.0,0.0,0.0,0.0,-0.0031502142309314,0.0570548321789852,0.0616653375910898,SPY
2009-04-28,-0.2629059639378291,0.27679248623449076,1.0348897002340949,1.0370662177756724,-1.5111640667156694,-1.535490656170794,0.4208667748285271,0.3495976026972663,-1.148230967556834,-0.7272619771908926,0.0,0.0,0.0,0.0,0.0,0.0,0.0,0.0,0.0,0.0,0.0,0.0,0.0,0.0,0.0,0.0,0.0,0.0,0.0,0.0,0.0,0.0,0.0,0.0,0.0,0.0,0.0,0.0,0.0210462361561036,0.0567881989138134,0.046800961210824,SPY
2009-04-29,1.587317434258385,-0.7474746588276607,0.172947904832229,1.0833880900541857,-1.5070931628623674,-1.5279677114433245,1.0434127412055887,0.4723769502626093,-0.4810088775790684,-0.012758982055980528,0.0,0.0,0.0,0.0,0.0,0.0,0.0,0.0,0.0,0.0,0.0,0.0,0.0,0.0,0.0,0.0,0.0,0.0,0.0,0.0,0.0,0.0,0.0,0.0,0.0,0.0,0.0,0.0,0.0003426313232459,0.0529281632484375,0.0395994127146197,SPY
2009-04-30,0.004180508137729324,0.9769623873751185,1.214125561923076,1.0454554905936722,-1.505343157326768,-1.521888265602699,0.913373493905091,-0.01710147708325531,-0.5944480469280191,0.7017440130789315,0.0,0.0,0.0,0.0,0.0,0.0,0.0,0.0,0.0,0.0,0.0,0.0,0.0,0.0,0.0,0.0,0.0,0.0,0.0,0.0,0.0,0.0,0.0,0.0,0.0,0.0,0.0,0.0,0.0053622976490483,0.0385959754227567,0.0568087490126059,SPY
2009-05-01,0.3880179693594659,1.174099681460734,0.8529906831349765,0.9224135067904091,-1.5038022980273333,-1.5176249467759972,1.0182476405285577,0.06289237402738079,-1.2547040024956757,1.4162470082138434,0.0,0.0,0.0,0.0,0.0,0.0,0.0,0.0,0.0,0.0,0.0,0.0,0.0,0.0,0.0,0.0,0.0,0.0,0.0,0.0,0.0,0.0,0.0,0.0,0.0,0.0,0.0,0.0,0.0334538812815186,0.0562990692144342,0.07536680132824,SPY
2009-05-04,2.536089463227512,0.28889329316560736,0.483876376382206,1.0853678256096475,-1.4896303855680122,-1.5112969044387252,2.167028863425097,0.837222525685607,-0.6959167453226545,-1.4417649723258046,0.0,0.0,0.0,0.0,0.0,0.0,0.0,0.0,0.0,0.0,0.0,0.0,0.0,0.0,0.0,0.0,0.0,0.0,0.0,0.0,0.0,0.0,0.0,0.0,0.0,0.0,0.0,0.0,-0.0034168474961031,0.0039533558825288,0.0427569122910371,SPY
2009-05-05,-0.2832945373883578,2.157702583275655,2.1296501971290502,1.0699707198891977,-1.4791489815597054,-1.504634281334914,1.873390313105151,0.652374254023486,-1.120529725598549,-0.7272619771908926,0.0,0.0,0.0,0.0,0.0,0.0,0.0,0.0,0.0,0.0,0.0,0.0,0.0,0.0,0.0,0.0,0.0,0.0,0.0,0.0,0.0,0.0,0.0,0.0,0.0,0.0,0.0,0.0,0.0171862004907277,0.0044067662105833,0.0334415549804996,SPY
2009-05-06,1.2921531357058504,1.6622048890732468,2.119435845887948,0.9444906239247043,-1.4646917750050508,-1.4946069651317524,2.3102066930674705,0.6922803659224273,-0.6306468150864417,-0.012758982055980528,0.0,0.0,0.0,0.0,0.0,0.0,0.0,0.0,0.0,0.0,0.0,0.0,0.0,0.0,0.0,0.0,0.0,0.0,0.0,0.0,0.0,0.0,0.0,0.0,0.0,0.0,0.0,0.0,-0.0139895565024348,-0.0382748449268621,0.0256080729149958,SPY
2009-05-07,-1.0917550046441848,0.7440519039492504,1.971563223678088,1.0105092821329138,-1.4542483368454961,-1.4866443921886339,1.5737937849697334,0.3216459823613476,-0.3367504323051676,0.7017440130789315,0.0,0.0,0.0,0.0,0.0,0.0,0.0,0.0,0.0,0.0,0.0,0.0,0.0,0.0,0.0,0.0,0.0,0.0,0.0,0.0,0.0,0.0,0.0,0.0,0.0,0.0,0.0,0.0,0.0230653914407259,-0.0157515043471496,0.0398090661570842,SPY
2009-05-08,1.7417156328553776,0.14732490519315644,1.4225169506610038,0.8469876025849269,-1.44222585737609,-1.4797905645579283,2.316407439510756,1.504348249954194,-0.5330572280756808,1.4162470082138434,0.0,0.0,0.0,0.0,0.0,0.0,0.0,0.0,0.0,0.0,0.0,0.0,0.0,0.0,0.0,0.0,0.0,0.0,0.0,0.0,0.0,0.0,0.0,0.0,0.0,0.0,0.0,0.0,-0.0188918320503868,-0.0470125659771856,0.0126102141021133,SPY
2009-05-11,-1.4666159771480702,0.47914827880586713,2.1006979642935613,0.9434066588991059,-1.4319536487315982,-1.4746191649434754,1.456087148220151,0.8428198347613166,-1.052490953659541,-1.4417649723258046,0.0,0.0,0.0,0.0,0.0,0.0,0.0,0.0,0.0,0.0,0.0,0.0,0.0,0.0,0.0,0.0,0.0,0.0,0.0,0.0,0.0,0.0,0.0,0.0,0.0,0.0,0.0,0.0,-0.0029634371680486,-0.0001094914294048,0.0365863646771673,SPY
2009-05-12,-0.24862373301286286,0.20246231562907951,0.09540615798567599,0.8668477468242959,-1.4216814302615768,-1.4682911374183085,1.1962339496061538,0.9105397588919949,-0.6738666613067967,-0.7272619771908926,0.0,0.0,0.0,0.0,0.0,0.0,0.0,0.0,0.0,0.0,0.0,0.0,0.0,0.0,0.0,0.0,0.0,0.0,0.0,0.0,0.0,0.0,0.0,0.0,0.0,0.0,0.0,0.0,-0.0254954106467177,0.0016472742975341,0.0370112568772382,SPY
2009-05-13,-1.971570027652349,-1.2666129012854386,0.11277567991726228,1.0101486615684732,-1.4192275433924086,-1.4650124039020096,0.15555331583219661,0.2456295960916759,-0.7874380299791989,-0.012758982055980528,0.0,0.0,0.0,0.0,0.0,0.0,0.0,0.0,0.0,0.0,0.0,0.0,0.0,0.0,0.0,0.0,0.0,0.0,0.0,0.0,0.0,0.0,0.0,0.0,0.0,0.0,0.0,0.0,0.0085337840772776,0.0204258543463744,0.0669460723113424,SPY
2009-05-14,0.6305311604561142,-1.639320939923279,-1.522297751048306,0.9881871832792847,-1.4153848767804793,-1.462202063709392,0.4132208143675476,0.16650069717289298,-0.866577698387684,0.7017440130789315,0.0,0.0,0.0,0.0,0.0,0.0,0.0,0.0,0.0,0.0,0.0,0.0,0.0,0.0,0.0,0.0,0.0,0.0,0.0,0.0,0.0,0.0,0.0,0.0,0.0,0.0,0.0,0.0,-0.00819567018931,-0.0025753902977623,0.0611506214234127,SPY
2009-05-15,-0.6487154739873946,-0.9904141816222909,-0.6594597564870552,0.9996825390215319,-1.4138250345566685,-1.4606439487535674,0.07136377491554223,0.18597928735196848,-0.729606676962147,1.4162470082138434,0.0,0.0,0.0,0.0,0.0,0.0,0.0,0.0,0.0,0.0,0.0,0.0,0.0,0.0,0.0,0.0,0.0,0.0,0.0,0.0,0.0,0.0,0.0,0.0,0.0,0.0,0.0,0.0,0.0280112424973939,0.0034888289977965,0.0461511478608374,SPY
2009-05-18,2.1199086819459114,-0.014011426545424291,-1.8570277473121637,0.7145387935332477,-1.4131592369782147,-1.4531879399288792,0.962636233157476,0.5789666100287637,-1.026719370192552,-1.4417649723258046,0.0,0.0,0.0,0.0,0.0,0.0,0.0,0.0,0.0,0.0,0.0,0.0,0.0,0.0,0.0,0.0,0.0,0.0,0.0,0.0,0.0,0.0,0.0,0.0,0.0,0.0,0.0,0.0,-0.0012066714411096,0.0007666409589806,0.0044839689450135,SPY
2009-05-19,-0.11428960543878858,1.0853024105678533,-0.06023589761574491,0.6693330085798291,-1.4121130341719423,-1.4473952712543856,0.7866027569709991,0.32391930618619413,-1.359285424346919,-0.7272619771908926,0.0,0.0,0.0,0.0,0.0,0.0,0.0,0.0,0.0,0.0,0.0,0.0,0.0,0.0,0.0,0.0,0.0,0.0,0.0,0.0,0.0,0.0,0.0,0.0,0.0,0.0,0.0,0.0,-0.0067168305978775,-0.016041278211107,0.0047083010969393,SPY
2009-05-20,-0.5356334487117594,1.4797636829651273,0.007063365181498791,0.6718326313806875,-1.415213755346249,-1.4416885917871531,0.4056913070334,0.1906713477165328,-0.4761933669588087,-0.012758982055980528,0.0,0.0,0.0,0.0,0.0,0.0,0.0,0.0,0.0,0.0,0.0,0.0,0.0,0.0,0.0,0.0,0.0,0.0,0.0,0.0,0.0,0.0,0.0,0.0,0.0,0.0,0.0,0.0,-0.0144674605668591,0.0045202400466699,0.0187169507097104,SPY
2009-05-21,-1.128298764904355,-0.48029961001995536,0.7264447683399508,0.7253602834575351,-1.4183525209735488,-1.438017964532456,-0.21474205670887997,-0.12756707998593111,-0.7428543315276858,0.7017440130789315,0.0,0.0,0.0,0.0,0.0,0.0,0.0,0.0,0.0,0.0,0.0,0.0,0.0,0.0,0.0,0.0,0.0,0.0,0.0,0.0,0.0,0.0,0.0,0.0,0.0,0.0,0.0,0.0,-0.0021314508937511,0.0365396682347611,0.0368634930540574,SPY
2009-05-22,-0.18500446460528888,-1.2287426903513095,-0.1547010692821941,0.6913087579106423,-1.425885558479069,-1.4357620019334136,-0.3422607914570201,-0.7109812614144765,-1.6772600520071197,1.4162470082138434,0.0,0.0,0.0,0.0,0.0,0.0,0.0,0.0,0.0,0.0,0.0,0.0,0.0,0.0,0.0,0.0,0.0,0.0,0.0,0.0,0.0,0.0,0.0,0.0,0.0,0.0,0.0,0.0,0.0252890544585779,0.0625914690931948,0.0085490763071458,SPY
2009-05-26,1.9117518687297888,-0.9699424275840465,0.07761077615838048,0.7745949712227842,-1.4257714644222081,-1.4305428431548675,0.4878930037006904,-0.21997898537489483,-0.9033899902543954,-0.7272619771908926,0.0,0.0,0.0,0.0,0.0,0.0,0.0,0.0,0.0,0.0,0.0,0.0,0.0,0.0,0.0,0.0,0.0,0.0,0.0,0.0,0.0,0.0,0.0,0.0,0.0,0.0,0.0,0.0,-0.0180145906111972,0.0381464068789325,-0.0159561692221981,SPY
2009-05-27,-1.399536194341349,1.2739276985986623,-0.026672478801861906,0.8548415187957252,-1.4282444914242356,-1.4266237181508914,-0.2701228806317655,-0.7753389715900476,-0.7703164196340271,-0.012758982055980528,0.0,0.0,0.0,0.0,0.0,0.0,0.0,0.0,0.0,0.0,0.0,0.0,0.0,0.0,0.0,0.0,0.0,0.0,0.0,0.0,0.0,0.0,0.0,0.0,0.0,0.0,0.0,0.0,0.0138446876598994,0.043428792683489,0.0106388742601781,SPY
2009-05-28,1.0366385818734365,0.37747833176758094,-0.6705605920300064,0.8104971934280053,-1.4239833358293734,-1.4232493823711447,0.17201651467203044,-0.3365605509425576,-0.2722004624230444,0.7017440130789315,0.0,0.0,0.0,0.0,0.0,0.0,0.0,0.0,0.0,0.0,0.0,0.0,0.0,0.0,0.0,0.0,0.0,0.0,0.0,0.0,0.0,0.0,0.0,0.0,0.0,0.0,0.0,0.0,0.0175519676212321,0.0389368234488136,0.0183101847826385,SPY
2009-05-29,1.3201221515046695,-0.2684453050552534,0.11712270547582099,0.8558067088512721,-1.418105448190753,-1.418364764860192,0.7270461732323764,-0.4274868855029052,-0.5924145773550253,1.4162470082138434,0.0,0.0,0.0,0.0,0.0,0.0,0.0,0.0,0.0,0.0,0.0,0.0,0.0,0.0,0.0,0.0,0.0,0.0,0.0,0.0,0.0,0.0,0.0,0.0,0.0,0.0,0.0,0.0,0.0239203499646825,0.021596292567235,-0.0018515311091213,SPY
2009-06-01,1.8070915140366683,1.738942350976063,1.3437426691989482,0.9381989206362095,-1.4065777234698114,-1.4117882099615355,1.4990262073525142,0.2665463485277077,-0.3648129765363432,-1.4417649723258046,0.0,0.0,0.0,0.0,0.0,0.0,0.0,0.0,0.0,0.0,0.0,0.0,0.0,0.0,0.0,0.0,0.0,0.0,0.0,0.0,0.0,0.0,0.0,0.0,0.0,0.0,0.0,0.0,0.0008439922443157,-0.0064575180116923,-0.0164516847080662,SPY
2009-06-02,0.04251793748239032,2.307615878641722,2.341751091965822,0.7527727657585573,-1.399691500618369,-1.4079932893958833,1.4471879981278253,0.3346580931025046,-0.8997662607024618,-0.7272619771908926,0.0,0.0,0.0,0.0,0.0,0.0,0.0,0.0,0.0,0.0,0.0,0.0,0.0,0.0,0.0,0.0,0.0,0.0,0.0,0.0,0.0,0.0,0.0,0.0,0.0,0.0,0.0,0.0,-0.0127322048066407,-0.0022171917313409,-0.0254190095682327,SPY
2009-06-03,-0.995609434111804,1.3646125295485774,1.405294602164418,0.7912622024293933,-1.3948787004550947,-1.4050491168966504,0.8931540174510809,0.5837999150455143,-0.815436168652062,-0.012758982055980528,0.0,0.0,0.0,0.0,0.0,0.0,0.0,0.0,0.0,0.0,0.0,0.0,0.0,0.0,0.0,0.0,0.0,0.0,0.0,0.0,0.0,0.0,0.0,0.0,0.0,0.0,0.0,0.0,0.009352718425224,0.0079764681073219,-0.0085629289679998,SPY
2009-06-04,0.6931523907572691,-0.7040691103543756,1.6076554889951995,0.7530152464097017,-1.3872315688927137,-1.4027645274358884,1.20114303597271,0.5993920749095373,-1.0987281002968303,0.7017440130789315,0.0,0.0,0.0,0.0,0.0,0.0,0.0,0.0,0.0,0.0,0.0,0.0,0.0,0.0,0.0,0.0,0.0,0.0,0.0,0.0,0.0,0.0,0.0,0.0,0.0,0.0,0.0,0.0,0.0002114367396535,0.0030631544694843,-0.0455880629628877,SPY
2009-06-05,-0.005851512443658476,-0.22383394696058062,1.4355743666429828,0.7018492758142967,-1.3770734248284924,-1.3992372616087312,1.1317280735580355,0.7872715173060134,-0.14216183379755357,1.4162470082138434,0.0,0.0,0.0,0.0,0.0,0.0,0.0,0.0,0.0,0.0,0.0,0.0,0.0,0.0,0.0,0.0,0.0,0.0,0.0,0.0,0.0,0.0,0.0,0.0,0.0,0.0,0.0,0.0,-0.0041334606142449,0.0055900509191788,-0.0459104529119711,SPY
2009-06-08,-0.3380915980080737,0.5067092249236776,0.7712826361362956,0.604727353722143,-1.3672958628516334,-1.398109379056577,0.9487978353321928,0.30997690649388954,-0.7014758287339447,-1.4417649723258046,0.0,0.0,0.0,0.0,0.0,0.0,0.0,0.0,0.0,0.0,0.0,0.0,0.0,0.0,0.0,0.0,0.0,0.0,0.0,0.0,0.0,0.0,0.0,0.0,0.0,0.0,0.0,0.0,0.0050843185246671,-0.0134716322184615,-0.061343889615447,SPY
2009-06-09,0.3667618151751407,-0.25445493253966456,-0.3034200072862285,0.5153020625343693,-1.3609423409463475,-1.3948593760867325,1.072334062965968,0.4216431793308195,-0.8477267933673752,-0.7272619771908926,0.0,0.0,0.0,0.0,0.0,0.0,0.0,0.0,0.0,0.0,0.0,0.0,0.0,0.0,0.0,0.0,0.0,0.0,0.0,0.0,0.0,0.0,0.0,0.0,0.0,0.0,0.0,0.0,-0.0025385449679777,-0.0322118871615586,-0.0671100347686763,SPY
2009-06-10,-0.21613361658225289,0.020572037475584615,-0.1409789781202755,0.5143865993020139,-1.3519445526984406,-1.3915806573825384,0.9038568467546966,0.5252420248210958,0.08453761104104392,-0.012758982055980528,0.0,0.0,0.0,0.0,0.0,0.0,0.0,0.0,0.0,0.0,0.0,0.0,0.0,0.0,0.0,0.0,0.0,0.0,0.0,0.0,0.0,0.0,0.0,0.0,0.0,0.0,0.0,0.0,0.0044394047873863,-0.0306556814827647,-0.0626412227588204,SPY
2009-06-11,0.3174473716328572,0.11058957473080823,0.2495260174110596,0.3201275063780678,-1.3445257861093252,-1.3857114496238139,0.9460035978089936,0.9966627795472277,-0.16888333654224158,0.7017440130789315,0.0,0.0,0.0,0.0,0.0,0.0,0.0,0.0,0.0,0.0,0.0,0.0,0.0,0.0,0.0,0.0,0.0,0.0,0.0,0.0,0.0,0.0,0.0,0.0,0.0,0.0,0.0,0.0,0.002738333189348,-0.0278032672552575,-0.0694653148014916,SPY
2009-06-12,0.18737199188277973,0.07419044195663663,0.061303774315344194,0.31274819923998987,-1.3396749021909362,-1.3803201988712739,0.9339554745031472,1.0965954090563377,-1.3618520473125613,1.4162470082138434,0.0,0.0,0.0,0.0,0.0,0.0,0.0,0.0,0.0,0.0,0.0,0.0,0.0,0.0,0.0,0.0,0.0,0.0,0.0,0.0,0.0,0.0,0.0,0.0,0.0,0.0,0.0,0.0,-0.0231951437518853,-0.0268625186671176,-0.0481658499161206,SPY
2009-06-15,-1.7956761439281674,0.37201909341548695,0.158105678873064,0.451685073353876,-1.343232117499049,-1.376314985912669,-0.025737863329238175,0.03711856956306529,-0.7965714847625663,-1.4417649723258046,0.0,0.0,0.0,0.0,0.0,0.0,0.0,0.0,0.0,0.0,0.0,0.0,0.0,0.0,0.0,0.0,0.0,0.0,0.0,0.0,0.0,0.0,0.0,0.0,0.0,0.0,0.0,0.0,-0.0136559364184298,-0.0341132425558949,-0.0193259435191404,SPY
2009-06-16,-1.066244168316515,-1.187683457930963,-0.5721210116675939,0.3280600098426474,-1.3493384290641157,-1.375923077362166,-0.5386684743132685,0.139927847015148,-0.7264475902702122,-0.7272619771908926,0.0,0.0,0.0,0.0,0.0,0.0,0.0,0.0,0.0,0.0,0.0,0.0,0.0,0.0,0.0,0.0,0.0,0.0,0.0,0.0,0.0,0.0,0.0,0.0,0.0,0.0,0.0,0.0,-0.0009823392891838,-0.019673497208231,0.0231562872887183,SPY
2009-06-17,-0.09713565972271677,-2.1129811554263584,-1.290034233085252,0.3279056048483225,-1.3533331948837788,-1.3755120118224482,-0.5832115543078765,-0.17537323511751202,-0.7647474215225231,-0.012758982055980528,0.0,0.0,0.0,0.0,0.0,0.0,0.0,0.0,0.0,0.0,0.0,0.0,0.0,0.0,0.0,0.0,0.0,0.0,0.0,0.0,0.0,0.0,0.0,0.0,0.0,0.0,0.0,0.0,0.0072918190148936,-0.0101107050478681,0.0225290728404212,SPY
2009-06-18,0.5355621554405533,-0.859283533270504,-1.2304181480616647,0.3257334924146933,-1.3577274078088175,-1.3738774071560762,-0.3489197278519074,-0.4390540404847226,-0.9085205521862316,0.7017440130789315,0.0,0.0,0.0,0.0,0.0,0.0,0.0,0.0,0.0,0.0,0.0,0.0,0.0,0.0,0.0,0.0,0.0,0.0,0.0,0.0,0.0,0.0,0.0,0.0,0.0,0.0,0.0,0.0,0.0036790817774878,0.004113474119598,0.0261317142062544,SPY
2009-06-19,0.2593079585950277,0.3230143265228352,-1.1211461081078244,0.2604442800182027,-1.361513047043377,-1.3706751979119027,-0.2796308424199607,-1.150013632790315,-0.8462623866888676,1.4162470082138434,0.0,0.0,0.0,0.0,0.0,0.0,0.0,0.0,0.0,0.0,0.0,0.0,0.0,0.0,0.0,0.0,0.0,0.0,0.0,0.0,0.0,0.0,0.0,0.0,0.0,0.0,0.0,0.0,-0.0304458676406627,-0.0021753559284176,0.0330205422244711,SPY
2009-06-22,-2.3501152776973298,0.586106387544062,-1.0851073321409903,0.5087695026357155,-1.3698367056632075,-1.369944605641758,-1.4028515001090955,-1.7448182541096549,-0.24126906276543847,-1.4417649723258046,0.0,0.0,0.0,0.0,0.0,0.0,0.0,0.0,0.0,0.0,0.0,0.0,0.0,0.0,0.0,0.0,0.0,0.0,0.0,0.0,0.0,0.0,0.0,0.0,0.0,0.0,0.0,0.0,0.000783808929234,0.0375907080779827,0.0680815853006491,SPY
2009-06-23,0.03791591627828672,-1.5438204348514044,-1.362872525859418,0.3496378306534392,-1.3789394502248746,-1.371326101056807,-1.3468613641825231,-1.5116740672384723,-1.2705094639710348,-0.7272619771908926,0.0,0.0,0.0,0.0,0.0,0.0,0.0,0.0,0.0,0.0,0.0,0.0,0.0,0.0,0.0,0.0,0.0,0.0,0.0,0.0,0.0,0.0,0.0,0.0,0.0,0.0,0.0,0.0,0.008580452871179,0.0286835665328979,0.0670886965556434,SPY
2009-06-24,0.6340997704406693,-1.7072305387598572,-0.8097058730860794,0.2859002530025918,-1.3861128143713313,-1.3704093206260155,-1.056181136935438,-1.5567933819147872,-0.8500167560637072,-0.012758982055980528,0.0,0.0,0.0,0.0,0.0,0.0,0.0,0.0,0.0,0.0,0.0,0.0,0.0,0.0,0.0,0.0,0.0,0.0,0.0,0.0,0.0,0.0,0.0,0.0,0.0,0.0,0.0,0.0,0.0215159981823598,0.0242269894553111,0.0803501744008743,SPY
2009-06-25,1.6232385994979357,0.49542718099560534,-0.4433685448886075,0.3538238513918074,-1.390335591445172,-1.3688033230718895,-0.3024688373533035,-0.8527280548212931,0.3258236665426368,0.7017440130789315,0.0,0.0,0.0,0.0,0.0,0.0,0.0,0.0,0.0,0.0,0.0,0.0,0.0,0.0,0.0,0.0,0.0,0.0,0.0,0.0,0.0,0.0,0.0,0.0,0.0,0.0,0.0,0.0,-0.0026097482705278,-0.0249614242967126,0.0629221174525103,SPY
2009-06-26,-0.22157830017425728,1.6655584182454135,0.10154006596777669,0.2793603818104656,-1.3955120737838376,-1.3689669375844196,-0.3953666058299142,-0.8200684573991537,-1.5816249498479689,1.4162470082138434,0.0,0.0,0.0,0.0,0.0,0.0,0.0,0.0,0.0,0.0,0.0,0.0,0.0,0.0,0.0,0.0,0.0,0.0,0.0,0.0,0.0,0.0,0.0,0.0,0.0,0.0,0.0,0.0,0.0093201963657376,-0.0224626292356147,0.0684842263207805,SPY
2009-06-29,0.6906655352699241,1.0339799704919752,-0.1393763064309918,0.14032719189631251,-1.394896465013724,-1.3704451066718488,-0.019389657265638977,-0.7072085289633443,-1.7224878311443916,-1.4417649723258046,0.0,0.0,0.0,0.0,0.0,0.0,0.0,0.0,0.0,0.0,0.0,0.0,0.0,0.0,0.0,0.0,0.0,0.0,0.0,0.0,0.0,0.0,0.0,0.0,0.0,0.0,0.0,0.0,-0.0081233326158507,-0.0513497229190731,0.05447614693432,SPY
2009-06-30,-0.6431840564099284,0.34564510654190383,1.3840065504522534,0.1538145665257613,-1.3933187010228005,-1.3727207199969425,-0.2732425034984114,-0.8180775300757089,-0.461642041376176,-0.7272619771908926,0.0,0.0,0.0,0.0,0.0,0.0,0.0,0.0,0.0,0.0,0.0,0.0,0.0,0.0,0.0,0.0,0.0,0.0,0.0,0.0,0.0,0.0,0.0,0.0,0.0,0.0,0.0,0.0,0.0041238757935921,-0.0439082169317845,0.060144816101098,SPY
2009-07-01,0.2933199017854556,0.034456683896131116,1.0427862895928732,0.1198127114841402,-1.3908428835701916,-1.3734839976455935,-0.10449478261221767,-0.8287640825185862,-1.5408441413131986,-0.012758982055980528,0.0,0.0,0.0,0.0,0.0,0.0,0.0,0.0,0.0,0.0,0.0,0.0,0.0,0.0,0.0,0.0,0.0,0.0,0.0,0.0,0.0,0.0,0.0,0.0,0.0,0.0,0.0,0.0,-0.0276724155696639,-0.0461018256834986,0.0664121351023263,SPY
2009-07-02,-2.138038471659395,-0.25882527229257124,0.8720609917790924,0.2818724469123932,-1.3944623141356276,-1.3775108856512743,-1.0360291334933418,-1.3348068165504905,-0.7319304625411486,0.7017440130789315,0.0,0.0,0.0,0.0,0.0,0.0,0.0,0.0,0.0,0.0,0.0,0.0,0.0,0.0,0.0,0.0,0.0,0.0,0.0,0.0,0.0,0.0,0.0,0.0,0.0,0.0,0.0,0.0,-0.0001109532094298,-0.0208140973691195,0.0955026393449429,SPY
2009-07-06,-0.030503617095207776,-1.3621816204599846,-1.0122790388322511,0.2814700347540175,-1.3987474047220947,-1.3815664597670947,-0.9569418456120112,-0.9763435586798757,-1.4374594371292264,-1.4417649723258046,0.0,0.0,0.0,0.0,0.0,0.0,0.0,0.0,0.0,0.0,0.0,0.0,0.0,0.0,0.0,0.0,0.0,0.0,0.0,0.0,0.0,0.0,0.0,0.0,0.0,0.0,0.0,0.0,-0.0195668973177207,0.0033346539150294,0.1119749230649249,SPY
2009-07-07,-1.518236009547534,-1.6011966921606497,-0.9165536595659404,0.3554209493160096,-1.4010812629141516,-1.386921904724328,-1.551900650276422,-1.0675392715592231,-0.9635296893116302,-0.7272619771908926,0.0,0.0,0.0,0.0,0.0,0.0,0.0,0.0,0.0,0.0,0.0,0.0,0.0,0.0,0.0,0.0,0.0,0.0,0.0,0.0,0.0,0.0,0.0,0.0,0.0,0.0,0.0,0.0,-0.0006818266285621,0.028546313877845,0.1341278284006524,SPY
2009-07-08,-0.07415643974446777,-1.1437187102216602,-2.0231782250617383,0.33937930214325807,-1.403663864229141,-1.3927938379103844,-1.4569284684997093,-1.062217642664959,0.017245222103715117,-0.012758982055980528,0.0,0.0,0.0,0.0,0.0,0.0,0.0,0.0,0.0,0.0,0.0,0.0,0.0,0.0,0.0,0.0,0.0,0.0,0.0,0.0,0.0,0.0,0.0,0.0,0.0,0.0,0.0,0.0,0.0019302670418781,0.058054434895836,0.131925373680156,SPY
2009-07-09,0.12558181731485252,-1.1759389843126653,-1.7381044332827749,0.3461493353634278,-1.4073941464264668,-1.3982729639448965,-1.2755223614317963,-1.2118235701616793,-1.5470162107355334,0.7017440130789315,0.0,0.0,0.0,0.0,0.0,0.0,0.0,0.0,0.0,0.0,0.0,0.0,0.0,0.0,0.0,0.0,0.0,0.0,0.0,0.0,0.0,0.0,0.0,0.0,0.0,0.0,0.0,0.0,-0.0023846872552848,0.0545146141164769,0.1248024168249788,SPY
2009-07-10,-0.20436862066492248,0.037367686890293614,-1.8221385475600256,0.3308845011883832,-1.415275734790847,-1.4043554561417964,-1.2360490706719616,-1.356235986506882,-1.312164414119745,1.4162470082138434,0.0,0.0,0.0,0.0,0.0,0.0,0.0,0.0,0.0,0.0,0.0,0.0,0.0,0.0,0.0,0.0,0.0,0.0,0.0,0.0,0.0,0.0,0.0,0.0,0.0,0.0,0.0,0.0,0.024037798074719,0.0677937617524886,0.1402166772546396,SPY
2009-07-13,1.8160723867592183,-0.0587422987789892,-0.8534006861150015,0.5028563598795859,-1.4186044082661498,-1.4086293310620406,-0.2693688757802461,-0.13357242645702883,-0.4714095353264741,-1.4417649723258046,0.0,0.0,0.0,0.0,0.0,0.0,0.0,0.0,0.0,0.0,0.0,0.0,0.0,0.0,0.0,0.0,0.0,0.0,0.0,0.0,0.0,0.0,0.0,0.0,0.0,0.0,0.0,0.0,0.0056447626450948,0.0543238734734741,0.1141012461956263,SPY
2009-07-14,0.4096171434737264,1.1890136581128425,0.07170454218943259,0.4037562767307178,-1.4226025147660863,-1.410329049742271,-0.023694106628287876,-0.03075872670233311,-1.1196560364960997,-0.7272619771908926,0.0,0.0,0.0,0.0,0.0,0.0,0.0,0.0,0.0,0.0,0.0,0.0,0.0,0.0,0.0,0.0,0.0,0.0,0.0,0.0,0.0,0.0,0.0,0.0,0.0,0.0,0.0,0.0,0.0288262943894288,0.0532942862638945,0.0959019945011778,SPY
2009-07-15,2.182233033545645,1.6421983185292566,1.037528330400944,0.5558429587395476,-1.4200964936335956,-1.40827693133311,1.0197014813335208,0.3367417820600308,-0.3545281657479288,-0.012758982055980528,0.0,0.0,0.0,0.0,0.0,0.0,0.0,0.0,0.0,0.0,0.0,0.0,0.0,0.0,0.0,0.0,0.0,0.0,0.0,0.0,0.0,0.0,0.0,0.0,0.0,0.0,0.0,0.0,-0.0016095537374809,0.024258912058694,0.0777471748195139,SPY
2009-07-16,-0.14509669654272236,1.912462546242334,2.1679435932846096,0.5565455469708578,-1.4186042903597873,-1.406282984997901,0.91443592671927,-0.0899475424992569,-0.20959280676380196,0.7017440130789315,0.0,0.0,0.0,0.0,0.0,0.0,0.0,0.0,0.0,0.0,0.0,0.0,0.0,0.0,0.0,0.0,0.0,0.0,0.0,0.0,0.0,0.0,0.0,0.0,0.0,0.0,0.0,0.0,0.0108944603807268,0.0477103965125849,0.0869666209675879,SPY
2009-07-17,0.8110443540173239,1.5030266636876233,2.0323379600279003,0.5695379313270333,-1.4103402334062436,-1.4039490416030684,1.2808243473870395,0.19063527954325557,-2.0227292279170013,1.4162470082138434,0.0,0.0,0.0,0.0,0.0,0.0,0.0,0.0,0.0,0.0,0.0,0.0,0.0,0.0,0.0,0.0,0.0,0.0,0.0,0.0,0.0,0.0,0.0,0.0,0.0,0.0,0.0,0.0,0.0105679097957045,0.0409038773658538,0.0683630048648638,SPY
2009-07-20,0.786074099147764,0.49094835113810686,2.541043721288709,0.5872045875376294,-1.4001440448890285,-1.4009786911768196,1.6239396513067936,0.21751579218099318,-1.4615624553679083,-1.4417649723258046,0.0,0.0,0.0,0.0,0.0,0.0,0.0,0.0,0.0,0.0,0.0,0.0,0.0,0.0,0.0,0.0,0.0,0.0,0.0,0.0,0.0,0.0,0.0,0.0,0.0,0.0,0.0,0.0,0.0046151754355152,0.0332883281678917,0.0328816346748821,SPY
2009-07-21,0.3308879780309949,1.1782481966429617,2.025030950070501,0.3251132764242203,-1.3857773314676574,-1.3949321331468036,1.6690889520825032,0.5140230969780132,-0.3431399803018019,-0.7272619771908926,0.0,0.0,0.0,0.0,0.0,0.0,0.0,0.0,0.0,0.0,0.0,0.0,0.0,0.0,0.0,0.0,0.0,0.0,0.0,0.0,0.0,0.0,0.0,0.0,0.0,0.0,0.0,0.0,-0.0002090798157716,0.0239852697116536,0.0361691153718144,SPY
2009-07-22,-0.03800703764388748,0.8238433929690501,1.9855888895113425,0.3267107063667159,-1.3713340182127278,-1.3889720778103574,1.5291597959633072,0.4407077510413786,-0.7650392747408703,-0.012758982055980528,0.0,0.0,0.0,0.0,0.0,0.0,0.0,0.0,0.0,0.0,0.0,0.0,0.0,0.0,0.0,0.0,0.0,0.0,0.0,0.0,0.0,0.0,0.0,0.0,0.0,0.0,0.0,0.0,0.0218419307164099,0.0217396860783525,0.0451198186943653,SPY
2009-07-23,1.6481615940317127,0.21558673305052242,0.8732839025185805,0.40446614365432687,-1.3531796021954525,-1.3817238926944446,2.2227922042879915,1.637669462295937,0.5394371437762301,0.7017440130789315,0.0,0.0,0.0,0.0,0.0,0.0,0.0,0.0,0.0,0.0,0.0,0.0,0.0,0.0,0.0,0.0,0.0,0.0,0.0,0.0,0.0,0.0,0.0,0.0,0.0,0.0,0.0,0.0,0.0040879412339958,0.0102889501567631,0.0335293463859986,SPY
2009-07-24,0.2905721035792948,1.187870181967709,1.7716778039057366,0.3226240254190387,-1.333858149001316,-1.3759753147193559,2.255933617191549,1.676780250617944,-1.589388101196443,1.4162470082138434,0.0,0.0,0.0,0.0,0.0,0.0,0.0,0.0,0.0,0.0,0.0,0.0,0.0,0.0,0.0,0.0,0.0,0.0,0.0,0.0,0.0,0.0,0.0,0.0,0.0,0.0,0.0,0.0,0.0029523605977423,0.0076190975957199,0.0488578987568519,SPY
2009-07-27,0.20373796757476031,1.4303953922126824,1.51092947886384,0.3135710295306451,-1.3180758517907563,-1.3697173188269292,2.233339372166517,2.50143585497764,-1.431004802462221,-1.4417649723258046,0.0,0.0,0.0,0.0,0.0,0.0,0.0,0.0,0.0,0.0,0.0,0.0,0.0,0.0,0.0,0.0,0.0,0.0,0.0,0.0,0.0,0.0,0.0,0.0,0.0,0.0,0.0,0.0,-0.0046878830207228,0.0210280675085297,0.0458079677714247,SPY
2009-07-28,-0.3804864655420039,0.3642621544630373,1.2191883326428012,0.3191256918236321,-1.3041491845656108,-1.3647281772279123,1.9387922577206436,2.2960839210741724,-0.8356761124916473,-0.7272619771908926,0.0,0.0,0.0,0.0,0.0,0.0,0.0,0.0,0.0,0.0,0.0,0.0,0.0,0.0,0.0,0.0,0.0,0.0,0.0,0.0,0.0,0.0,0.0,0.0,0.0,0.0,0.0,0.0,-0.0024546634490727,0.0283019585472592,0.0524367889112751,SPY
2009-07-29,-0.20971947126458146,-0.13104810764604072,0.8628010430550049,0.2948070820321146,-1.2957510287756882,-1.3592487845755088,1.7230177879818342,2.1712789200829663,-0.6515645619431726,-0.012758982055980528,0.0,0.0,0.0,0.0,0.0,0.0,0.0,0.0,0.0,0.0,0.0,0.0,0.0,0.0,0.0,0.0,0.0,0.0,0.0,0.0,0.0,0.0,0.0,0.0,0.0,0.0,0.0,0.0,0.0103911947948205,0.0278723406472733,0.0549881365940478,SPY
2009-07-30,0.7725612811840584,-0.43622223375939473,0.7767758430221854,0.30834686961897667,-1.285114695806945,-1.3531541464524568,1.9963824129549184,2.312921226746963,0.006774629396666917,0.7017440130789315,0.0,0.0,0.0,0.0,0.0,0.0,0.0,0.0,0.0,0.0,0.0,0.0,0.0,0.0,0.0,0.0,0.0,0.0,0.0,0.0,0.0,0.0,0.0,0.0,0.0,0.0,0.0,0.0,0.0014180886729526,0.0122884560391538,0.0468243618558679,SPY
2009-07-31,0.08641721312383033,0.4148456281755212,0.3381140031468863,0.02184121146402721,-1.2761616333725783,-1.3445024748828445,1.863597306177344,2.230221562978969,-0.3522727100311013,1.4162470082138434,0.0,0.0,0.0,0.0,0.0,0.0,0.0,0.0,0.0,0.0,0.0,0.0,0.0,0.0,0.0,0.0,0.0,0.0,0.0,0.0,0.0,0.0,0.0,0.0,0.0,0.0,0.0,0.0,0.0163613305105521,0.023899940540577,0.0452125307450952,SPY
2009-08-03,1.229078027027583,0.6334249676162069,0.2358356478828494,0.05205107743663001,-1.2660035089594175,-1.3342743509713388,2.2846000695252804,2.280053847909296,-1.008204408103093,-1.4417649723258046,0.0,0.0,0.0,0.0,0.0,0.0,0.0,0.0,0.0,0.0,0.0,0.0,0.0,0.0,0.0,0.0,0.0,0.0,0.0,0.0,0.0,0.0,0.0,0.0,0.0,0.0,0.0,0.0,0.0025860080180066,0.0054609770457307,0.0199119614701794,SPY
2009-08-04,0.17572418438862264,0.9703812922139533,0.7495147208318337,-0.16432967559921077,-1.2561896907760637,-1.3221235368247162,2.1232724412237545,2.159002521540047,-0.9626718859349968,-0.7272619771908926,0.0,0.0,0.0,0.0,0.0,0.0,0.0,0.0,0.0,0.0,0.0,0.0,0.0,0.0,0.0,0.0,0.0,0.0,0.0,0.0,0.0,0.0,0.0,0.0,0.0,0.0,0.0,0.0,-0.0028842813490586,-0.0096795200216295,-0.0049782775947138,SPY
2009-08-05,-0.24257094650674146,1.0362990248542714,1.028167415990543,-0.15093519946501327,-1.2468924793203737,-1.3101938279077427,1.755127102330747,2.074886288805432,-0.7569046166579945,-0.012758982055980528,0.0,0.0,0.0,0.0,0.0,0.0,0.0,0.0,0.0,0.0,0.0,0.0,0.0,0.0,0.0,0.0,0.0,0.0,0.0,0.0,0.0,0.0,0.0,0.0,0.0,0.0,0.0,0.0,-0.005192689813299,0.003876236035194,-0.0058937655225426,SPY
2009-08-06,-0.4190873894069907,-0.0499293199656274,1.0117093490381948,-0.1104628669169009,-1.2426264895646455,-1.2989274840533998,1.3167901846817738,1.6722842936691449,-0.5433846121611335,0.7017440130789315,0.0,0.0,0.0,0.0,0.0,0.0,0.0,0.0,0.0,0.0,0.0,0.0,0.0,0.0,0.0,0.0,0.0,0.0,0.0,0.0,0.0,0.0,0.0,0.0,0.0,0.0,0.0,0.0,0.0130295731743759,0.016678818259086,0.0075796550164852,SPY
2009-08-07,0.9743094439544157,-0.48896145527983753,0.4147123052313205,-0.1244959301675692,-1.2366196713185393,-1.2861999260345571,1.5555103226484357,1.7087089211972144,0.10363777667673492,1.4162470082138434,0.0,0.0,0.0,0.0,0.0,0.0,0.0,0.0,0.0,0.0,0.0,0.0,0.0,0.0,0.0,0.0,0.0,0.0,0.0,0.0,0.0,0.0,0.0,0.0,0.0,0.0,0.0,0.0,-0.0020776329842941,-0.0040599106372871,0.0084620072918655,SPY
2009-08-10,-0.18088918514377328,0.40922146479515303,0.8595322006473373,-0.21228657338701049,-1.231569309485718,-1.2757314312820833,1.258529673124954,1.5359848135245615,-1.8734852312175083,-1.4417649723258046,0.0,0.0,0.0,0.0,0.0,0.0,0.0,0.0,0.0,0.0,0.0,0.0,0.0,0.0,0.0,0.0,0.0,0.0,0.0,0.0,0.0,0.0,0.0,0.0,0.0,0.0,0.0,0.0,-0.0125544890493536,-0.02689573804727,0.0191249513512579,SPY
2009-08-11,-0.9820200915801018,0.585036245227822,0.1531610374810795,-0.0982694560321353,-1.2280493132860615,-1.2669644129129745,0.6009774611624786,0.9276188773017893,-1.2360080483911493,-0.7272619771908926,0.0,0.0,0.0,0.0,0.0,0.0,0.0,0.0,0.0,0.0,0.0,0.0,0.0,0.0,0.0,0.0,0.0,0.0,0.0,0.0,0.0,0.0,0.0,0.0,0.0,0.0,0.0,0.0,0.0106714747077649,-0.0064385928654688,0.039324449914357,SPY
2009-08-12,0.7939933691423812,-0.8589362179897377,-0.4268504434991687,-0.30751830781608613,-1.2220233549070956,-1.2597162376717983,0.8602159546166152,0.719918016795866,0.16603193203960534,-0.012758982055980528,0.0,0.0,0.0,0.0,0.0,0.0,0.0,0.0,0.0,0.0,0.0,0.0,0.0,0.0,0.0,0.0,0.0,0.0,0.0,0.0,0.0,0.0,0.0,0.0,0.0,0.0,0.0,0.0,0.0076098924105929,-0.0083684440664546,0.0388195738020771,SPY
2009-08-13,0.5598841873771842,-0.13937259760212872,0.09245180340493649,-0.3159896842940138,-1.2164756247347726,-1.251583681010973,0.986677296938096,0.7990314639950378,-0.7825024671483969,0.7017440130789315,0.0,0.0,0.0,0.0,0.0,0.0,0.0,0.0,0.0,0.0,0.0,0.0,0.0,0.0,0.0,0.0,0.0,0.0,0.0,0.0,0.0,0.0,0.0,0.0,0.0,0.0,0.0,0.0,-0.0077091557219972,-0.0057268780690042,0.0310191952940162,SPY
2009-08-14,-0.6115133043887729,0.9987113904430249,0.5829010035213029,-0.28136832988982513,-1.2126879221388676,-1.2451813954657551,0.5654535278974727,0.4104880178904778,-0.23620781949115638,1.4162470082138434,0.0,0.0,0.0,0.0,0.0,0.0,0.0,0.0,0.0,0.0,0.0,0.0,0.0,0.0,0.0,0.0,0.0,0.0,0.0,0.0,0.0,0.0,0.0,0.0,0.0,0.0,0.0,0.0,-0.0249134603942771,0.021398771257842,0.0435843514003355,SPY
2009-08-17,-1.927070195799792,-0.0386971322949386,-0.2115709882050875,-0.03317676124210589,-1.2167626284723632,-1.2421244534733065,-0.4240466012812583,-0.23859730328592801,0.6592067076477413,-1.4417649723258046,0.0,0.0,0.0,0.0,0.0,0.0,0.0,0.0,0.0,0.0,0.0,0.0,0.0,0.0,0.0,0.0,0.0,0.0,0.0,0.0,0.0,0.0,0.0,0.0,0.0,0.0,0.0,0.0,0.0079026561324475,0.0462146612644343,0.0726682851045623,SPY
2009-08-18,0.5822708713599155,-1.8743253234343162,-1.0863799206031604,-0.02343710763360429,-1.2198427356842776,-1.2387407366936867,-0.19766898472971708,0.00862630568365139,-0.8467837086970281,-0.7272619771908926,0.0,0.0,0.0,0.0,0.0,0.0,0.0,0.0,0.0,0.0,0.0,0.0,0.0,0.0,0.0,0.0,0.0,0.0,0.0,0.0,0.0,0.0,0.0,0.0,0.0,0.0,0.0,0.0,0.0087416235067792,0.0402529432511142,0.0797862513507441,SPY
2009-08-19,0.6464239616472205,-0.9931897859416478,-0.3026950111358363,-0.01047343512269799,-1.220703687943869,-1.2345014826003442,0.04482696227204842,-0.02455222248289031,-0.3769676197033074,-0.012758982055980528,0.0,0.0,0.0,0.0,0.0,0.0,0.0,0.0,0.0,0.0,0.0,0.0,0.0,0.0,0.0,0.0,0.0,0.0,0.0,0.0,0.0,0.0,0.0,0.0,0.0,0.0,0.0,0.0,0.0102514584080433,0.031608003978035,0.0695527258158961,SPY
2009-08-20,0.7618760968591252,0.9063136617683679,-0.3766249388109549,-0.12007401136075489,-1.2185993737887035,-1.231300379326682,0.3661640571461302,0.16133479859832958,-0.7884199704762184,0.7017440130789315,0.0,0.0,0.0,0.0,0.0,0.0,0.0,0.0,0.0,0.0,0.0,0.0,0.0,0.0,0.0,0.0,0.0,0.0,0.0,0.0,0.0,0.0,0.0,0.0,0.0,0.0,0.0,0.0,0.019416493604849,0.0235839656266323,0.0599392979792581,SPY
2009-08-21,1.4626963533504609,1.0388807958631767,-0.2754302026360608,-0.01994410839659489,-1.2152133585190639,-1.2265804427998235,1.009398763274442,0.22779057848546957,0.4391535122094702,1.4162470082138434,0.0,0.0,0.0,0.0,0.0,0.0,0.0,0.0,0.0,0.0,0.0,0.0,0.0,0.0,0.0,0.0,0.0,0.0,0.0,0.0,0.0,0.0,0.0,0.0,0.0,0.0,0.0,0.0,-9.757038768487548e-05,0.0039737295839632,0.0379892692835275,SPY
2009-08-24,-0.029480276500604877,1.6413737985475043,0.7637158682371644,-0.01808419821855049,-1.211444756753898,-1.2221488782090753,0.9176662380986292,0.176031590777402,-0.3525823361068913,-1.4417649723258046,0.0,0.0,0.0,0.0,0.0,0.0,0.0,0.0,0.0,0.0,0.0,0.0,0.0,0.0,0.0,0.0,0.0,0.0,0.0,0.0,0.0,0.0,0.0,0.0,0.0,0.0,0.0,0.0,0.0019409381191275,-0.0048679387927155,0.0438941005200828,SPY
2009-08-25,0.12639779967982692,1.0572713807455085,1.714378257360172,-0.03465368250624379,-1.2048831890718321,-1.2170828519100427,0.8915112104449973,0.2937658288498607,0.2762506974634255,-0.7272619771908926,0.0,0.0,0.0,0.0,0.0,0.0,0.0,0.0,0.0,0.0,0.0,0.0,0.0,0.0,0.0,0.0,0.0,0.0,0.0,0.0,0.0,0.0,0.0,0.0,0.0,0.0,0.0,0.0,9.668423370001732e-05,-0.0291131079587296,0.0336065090691715,SPY
2009-08-26,-0.014626261141118176,0.07094557055389893,1.4859930941314918,-0.04114341033088849,-1.2003493946645536,-1.2117765337679363,0.7906949610190109,0.4478141921275865,-0.23868710473330718,-0.012758982055980528,0.0,0.0,0.0,0.0,0.0,0.0,0.0,0.0,0.0,0.0,0.0,0.0,0.0,0.0,0.0,0.0,0.0,0.0,0.0,0.0,0.0,0.0,0.0,0.0,0.0,0.0,0.0,0.0,0.0022274200566405,-0.0330095614693171,0.0224296207121232,SPY
2009-08-27,0.14830413616590732,0.08190936206126882,1.1548174392996249,-0.06156865786886439,-1.1968485189466964,-1.2072295730040072,0.7862185872140868,0.2354061691740331,-0.18184763964815986,0.7017440130789315,0.0,0.0,0.0,0.0,0.0,0.0,0.0,0.0,0.0,0.0,0.0,0.0,0.0,0.0,0.0,0.0,0.0,0.0,0.0,0.0,0.0,0.0,0.0,0.0,0.0,0.0,0.0,0.0,-0.0001937424378199,-0.0269562508002287,0.0148550145630235,SPY
2009-08-28,-0.03683423853082338,0.09807849209857383,0.8474276391541242,-0.05974689175482669,-1.1918937988249916,-1.20283647051274,0.6929926542360099,0.296168609802568,-1.3958933251365433,1.4162470082138434,0.0,0.0,0.0,0.0,0.0,0.0,0.0,0.0,0.0,0.0,0.0,0.0,0.0,0.0,0.0,0.0,0.0,0.0,0.0,0.0,0.0,0.0,0.0,0.0,0.0,0.0,0.0,0.0,-0.0089392387643636,-0.0128505829126526,0.0327934319995906,SPY
2009-08-31,-0.7055737302076853,0.08168672004175623,0.09618664628070629,-0.0954657686028839,-1.1839548097130927,-1.2008946529126177,0.3178742682065718,0.4100420186684077,-0.6430557374816344,-1.4417649723258046,0.0,0.0,0.0,0.0,0.0,0.0,0.0,0.0,0.0,0.0,0.0,0.0,0.0,0.0,0.0,0.0,0.0,0.0,0.0,0.0,0.0,0.0,0.0,0.0,0.0,0.0,0.0,0.0,-0.0223042310468866,0.0046739669268092,0.0387187394615722,SPY
2009-09-01,-1.7275509641529507,-0.5485629917776541,-0.2425254281431337,0.06919817821527101,-1.1818313357740073,-1.201375364970344,-0.5015986712070646,-0.497334215007184,2.8962733939452847,-0.7272619771908926,0.0,0.0,0.0,0.0,0.0,0.0,0.0,0.0,0.0,0.0,0.0,0.0,0.0,0.0,0.0,0.0,0.0,0.0,0.0,0.0,0.0,0.0,0.0,0.0,0.0,0.0,0.0,0.0,-0.0037997692768874,0.0346232074874413,0.0571472734638973,SPY
2009-09-02,-0.3125753131696558,-1.7964858751954835,-1.1713242920134816,0.0709133679020895,-1.182099160076618,-1.2019425797216399,-0.6302844350661847,-0.7997985172583111,-0.7020183665320275,-0.012758982055980528,0.0,0.0,0.0,0.0,0.0,0.0,0.0,0.0,0.0,0.0,0.0,0.0,0.0,0.0,0.0,0.0,0.0,0.0,0.0,0.0,0.0,0.0,0.0,0.0,0.0,0.0,0.0,0.0,0.0082807307257288,0.0485895753598137,0.0358211609279512,SPY
2009-09-03,0.6111809985712768,-1.5064126119832328,-1.3205920314537285,0.0832033843342915,-1.1827495708747549,-1.2012119874514953,-0.3396790765800876,-0.3830668775388258,-1.3737498850291656,0.7017440130789315,0.0,0.0,0.0,0.0,0.0,0.0,0.0,0.0,0.0,0.0,0.0,0.0,0.0,0.0,0.0,0.0,0.0,0.0,0.0,0.0,0.0,0.0,0.0,0.0,0.0,0.0,0.0,0.0,0.0139119254497561,0.0401183585366169,0.0228681848688143,SPY
2009-09-04,1.041780035683642,0.21981218382952541,-1.088698080390492,0.0901624335233616,-1.1844904190161933,-1.2003852843689624,0.16145523501918452,0.7138408318894433,-1.3670548562441098,1.4162470082138434,0.0,0.0,0.0,0.0,0.0,0.0,0.0,0.0,0.0,0.0,0.0,0.0,0.0,0.0,0.0,0.0,0.0,0.0,0.0,0.0,0.0,0.0,0.0,0.0,0.0,0.0,0.0,0.0,0.0085853110750981,0.0310624334711828,0.0237740825246079,SPY
2009-09-08,0.634471261399903,1.2194657665380502,-0.5483294725905496,0.1065342264701599,-1.1845286206776704,-1.1985107433500375,0.4477149736075617,0.7322557781119636,-1.5543287670114647,-0.7272619771908926,0.0,0.0,0.0,0.0,0.0,0.0,0.0,0.0,0.0,0.0,0.0,0.0,0.0,0.0,0.0,0.0,0.0,0.0,0.0,0.0,0.0,0.0,0.0,0.0,0.0,0.0,0.0,0.0,0.0076450095137454,0.0266475957060343,0.0294112386131812,SPY
2009-09-09,0.5625694773635385,1.2366563765936545,0.12301176942262408,0.05867043089385121,-1.1834382226364895,-1.1946655998734839,0.6622300564683133,0.7175488265635352,-0.9789802883986504,-0.012758982055980528,0.0,0.0,0.0,0.0,0.0,0.0,0.0,0.0,0.0,0.0,0.0,0.0,0.0,0.0,0.0,0.0,0.0,0.0,0.0,0.0,0.0,0.0,0.0,0.0,0.0,0.0,0.0,0.0,0.010166598595485,0.0340232085709182,0.0245111427521873,SPY
2009-09-10,0.7553871446264439,0.8829496836625582,1.2703257112649986,0.05603978070930801,-1.1803391914533805,-1.1908300743904852,0.9745542056753964,0.7230798291713305,-0.7472865508981701,0.7017440130789315,0.0,0.0,0.0,0.0,0.0,0.0,0.0,0.0,0.0,0.0,0.0,0.0,0.0,0.0,0.0,0.0,0.0,0.0,0.0,0.0,0.0,0.0,0.0,0.0,0.0,0.0,0.0,0.0,-0.0001904860974679,0.0223647079473643,0.0219712221645353,SPY
2009-09-11,-0.03658523683779038,0.9721980452362897,1.8053579283401584,0.04657262217299571,-1.177718447430095,-1.1877539359098743,0.9073216798400392,0.2700254295950875,-0.974647540547026,1.4162470082138434,0.0,0.0,0.0,0.0,0.0,0.0,0.0,0.0,0.0,0.0,0.0,0.0,0.0,0.0,0.0,0.0,0.0,0.0,0.0,0.0,0.0,0.0,0.0,0.0,0.0,0.0,0.0,0.0,0.0048560003843221,0.0231932246162376,0.0282404521160168,SPY
2009-09-14,0.3493030739655078,0.5299602254830177,1.480837340048545,0.02069740237887441,-1.1740837479907045,-1.1834377181186226,1.0088281291402592,0.4065283395912373,-1.0081945695416437,-1.4417649723258046,0.0,0.0,0.0,0.0,0.0,0.0,0.0,0.0,0.0,0.0,0.0,0.0,0.0,0.0,0.0,0.0,0.0,0.0,0.0,0.0,0.0,0.0,0.0,0.0,0.0,0.0,0.0,0.0,0.0041704733099496,0.015803689141034,0.0272925892403632,SPY
2009-09-15,0.2968830614094256,0.23022840365296762,1.133917388511949,-0.2483501405515774,-1.1678473464055856,-1.1763145274199713,1.029948150175957,0.4640207455951598,0.15506014488469702,-0.7272619771908926,0.0,0.0,0.0,0.0,0.0,0.0,0.0,0.0,0.0,0.0,0.0,0.0,0.0,0.0,0.0,0.0,0.0,0.0,0.0,0.0,0.0,0.0,0.0,0.0,0.0,0.0,0.0,0.0,0.0150206223786293,0.0174404766799547,0.0210767245765506,SPY
2009-09-16,1.1265584625395344,0.47636231477517976,0.96479106597056,-0.20676641265451728,-1.1542268033998304,-1.1684030957382683,1.453956047977924,0.7835613375867913,0.4184010835443498,-0.012758982055980528,0.0,0.0,0.0,0.0,0.0,0.0,0.0,0.0,0.0,0.0,0.0,0.0,0.0,0.0,0.0,0.0,0.0,0.0,0.0,0.0,0.0,0.0,0.0,0.0,0.0,0.0,0.0,0.0,-0.0014919020280688,-0.0059267990304583,0.0231251702332215,SPY
2009-09-17,-0.13610025524203107,1.0500567551045898,1.2473405834577131,-0.2059325622973538,-1.140185354330709,-1.1614817940316304,1.2616591591595372,0.6836644669770638,0.9639105141446328,0.7017440130789315,0.0,0.0,0.0,0.0,0.0,0.0,0.0,0.0,0.0,0.0,0.0,0.0,0.0,0.0,0.0,0.0,0.0,0.0,0.0,0.0,0.0,0.0,0.0,0.0,0.0,0.0,0.0,0.0,0.0006380305714053,-0.0155151011257377,0.0282696129510071,SPY
2009-09-18,0.026768722194405525,0.7304705223554638,0.8007195654956103,-0.22195364135960968,-1.1276008938351045,-1.1554848861777867,1.1702906038748977,0.7033995505056457,-0.881359963227877,1.4162470082138434,0.0,0.0,0.0,0.0,0.0,0.0,0.0,0.0,0.0,0.0,0.0,0.0,0.0,0.0,0.0,0.0,0.0,0.0,0.0,0.0,0.0,0.0,0.0,0.0,0.0,0.0,0.0,0.0,-0.0025335350908815,-0.0215003177896022,0.020129198350669,SPY
2009-09-21,-0.21575052767139166,-0.0812874517190041,0.8324588920178545,-0.32653742997027774,-1.1182328599576217,-1.1516521947442233,0.9995362587976993,0.9550171002329165,-0.9167382874408012,-1.4417649723258046,0.0,0.0,0.0,0.0,0.0,0.0,0.0,0.0,0.0,0.0,0.0,0.0,0.0,0.0,0.0,0.0,0.0,0.0,0.0,0.0,0.0,0.0,0.0,0.0,0.0,0.0,0.0,0.0,0.0058072608488703,-0.0012221076999736,0.030893952910584,SPY
2009-09-22,0.4220428494752723,-0.14007754714346904,0.5493760186048877,-0.3225700032948812,-1.1093565742163582,-1.147211022034657,1.1369106521336056,2.176526747634285,-1.1203153852943168,-0.7272619771908926,0.0,0.0,0.0,0.0,0.0,0.0,0.0,0.0,0.0,0.0,0.0,0.0,0.0,0.0,0.0,0.0,0.0,0.0,0.0,0.0,0.0,0.0,0.0,0.0,0.0,0.0,0.0,0.0,-0.0083466533317837,-0.010043299851226,0.0197901860206499,SPY
2009-09-23,-0.6602606609247197,0.15167542435167644,0.612079083126199,-0.2795142351148075,-1.1037021584369564,-1.1438217260287966,0.7535252936534359,1.87439310847008,0.9663201462310516,-0.012758982055980528,0.0,0.0,0.0,0.0,0.0,0.0,0.0,0.0,0.0,0.0,0.0,0.0,0.0,0.0,0.0,0.0,0.0,0.0,0.0,0.0,0.0,0.0,0.0,0.0,0.0,0.0,0.0,0.0,-0.0110802041233482,-0.0055723435640038,0.0191224558260199,SPY
2009-09-24,-0.8692863466682962,-0.17641878492150231,-0.2830888978833896,-0.21957105773298569,-1.1023243439859154,-1.1415720931359843,0.2926883357893258,1.170620579884977,1.0348547343241143,0.7017440130789315,0.0,0.0,0.0,0.0,0.0,0.0,0.0,0.0,0.0,0.0,0.0,0.0,0.0,0.0,0.0,0.0,0.0,0.0,0.0,0.0,0.0,0.0,0.0,0.0,0.0,0.0,0.0,0.0,-0.0053471860924592,-0.0196180212534891,0.0403154729632024,SPY
2009-09-25,-0.4309012144128942,-1.1295525828379787,-0.6504034763695938,-0.20533819766906508,-1.1019847540106118,-1.1400845134244715,0.06484532520693233,0.6390116000256518,0.3975974481853459,1.4162470082138434,0.0,0.0,0.0,0.0,0.0,0.0,0.0,0.0,0.0,0.0,0.0,0.0,0.0,0.0,0.0,0.0,0.0,0.0,0.0,0.0,0.0,0.0,0.0,0.0,0.0,0.0,0.0,0.0,0.0177446749987471,-0.0189430804944379,0.0341633153937301,SPY
2009-09-28,1.3348578541875034,-0.9602617149518545,-0.8796888403672883,-0.1073407505704508,-1.099026483373368,-1.1367715195091606,0.6702633754611278,0.8482536253417987,-1.69239803698015,-1.4417649723258046,0.0,0.0,0.0,0.0,0.0,0.0,0.0,0.0,0.0,0.0,0.0,0.0,0.0,0.0,0.0,0.0,0.0,0.0,0.0,0.0,0.0,0.0,0.0,0.0,0.0,0.0,0.0,0.0,-0.003013931302382,-0.0218699323876352,0.0055339985508009,SPY
2009-09-29,-0.2524848542649859,0.6666234662948923,-0.10285868654957261,-0.13963412890048077,-1.0975249065437345,-1.1328831543100324,0.4832339686641874,0.5481359175951878,-1.2722946794626395,-0.7272619771908926,0.0,0.0,0.0,0.0,0.0,0.0,0.0,0.0,0.0,0.0,0.0,0.0,0.0,0.0,0.0,0.0,0.0,0.0,0.0,0.0,0.0,0.0,0.0,0.0,0.0,0.0,0.0,0.0,-0.0038756970445614,-0.0046335339215817,0.0039542131918928,SPY
2009-09-30,-0.3183812611527747,0.798313095450696,-0.4407863451261948,-0.3619363577699861,-1.0998722060611261,-1.1272183042274986,0.23195915063694592,0.1037917593560381,1.5930491008302,-0.012758982055980528,0.0,0.0,0.0,0.0,0.0,0.0,0.0,0.0,0.0,0.0,0.0,0.0,0.0,0.0,0.0,0.0,0.0,0.0,0.0,0.0,0.0,0.0,0.0,0.0,0.0,0.0,0.0,0.0,-0.0251258818128334,0.0019870767757312,-0.011237930973678,SPY
2009-10-01,-1.9433133667031364,-0.42194745590537686,-0.269510199698967,-0.08902896391989759,-1.1069493782667739,-1.1237187271620737,-0.7611277786732497,-0.6975710962701721,2.166012458207604,0.7017440130789315,0.0,0.0,0.0,0.0,0.0,0.0,0.0,0.0,0.0,0.0,0.0,0.0,0.0,0.0,0.0,0.0,0.0,0.0,0.0,0.0,0.0,0.0,0.0,0.0,0.0,0.0,0.0,0.0,-0.004672245333408,0.0347396365963978,0.0351145254165325,SPY
2009-10-02,-0.379290702754458,-1.6699528494939972,-0.8075806660651019,-0.09201661358428449,-1.1150799652178722,-1.1214806378364734,-0.9712901392269488,-0.9646949782267491,0.8277186414895615,1.4162470082138434,0.0,0.0,0.0,0.0,0.0,0.0,0.0,0.0,0.0,0.0,0.0,0.0,0.0,0.0,0.0,0.0,0.0,0.0,0.0,0.0,0.0,0.0,0.0,0.0,0.0,0.0,0.0,0.0,0.0148178231055497,0.0454906257838194,0.0103854748009393,SPY
2009-10-05,1.111051065620269,-1.7149102837223558,-0.781724620025824,-0.0838492486448217,-1.1197506882142318,-1.1191202202725243,-0.4726095936842491,-0.6421248020643064,-0.8717418744218014,-1.4417649723258046,0.0,0.0,0.0,0.0,0.0,0.0,0.0,0.0,0.0,0.0,0.0,0.0,0.0,0.0,0.0,0.0,0.0,0.0,0.0,0.0,0.0,0.0,0.0,0.0,0.0,0.0,0.0,0.0,0.0142224671636714,0.0345809401869381,0.002879636439931,SPY
2009-10-06,1.0655261445554585,0.5395248984879393,-0.8938482638950138,-0.04572417972714009,-1.1227491452700564,-1.116166587775524,-8.524986527214047e-05,-0.6699649122506939,0.3315504876173894,-0.7272619771908926,0.0,0.0,0.0,0.0,0.0,0.0,0.0,0.0,0.0,0.0,0.0,0.0,0.0,0.0,0.0,0.0,0.0,0.0,0.0,0.0,0.0,0.0,0.0,0.0,0.0,0.0,0.0,0.0,0.0027449136527515,0.0183130816694037,-0.0081838117664876,SPY
2009-10-07,0.18787517839011353,1.6059483736814053,-0.2335457020581562,-0.05825980852051009,-1.1234795555352068,-1.1136922552489008,0.05687326698400872,-0.5562595554675174,-0.644888096366351,-0.012758982055980528,0.0,0.0,0.0,0.0,0.0,0.0,0.0,0.0,0.0,0.0,0.0,0.0,0.0,0.0,0.0,0.0,0.0,0.0,0.0,0.0,0.0,0.0,0.0,0.0,0.0,0.0,0.0,0.0,0.0076266780078331,0.0326372360519524,-0.0083525475577959,SPY
2009-10-08,0.5611677270811383,0.9245495931316017,0.02008072767250599,-0.0714489413343429,-1.1204041842288561,-1.111454511539086,0.3011594517601365,-0.3725155106153994,-0.08359091974231629,0.7017440130789315,0.0,0.0,0.0,0.0,0.0,0.0,0.0,0.0,0.0,0.0,0.0,0.0,0.0,0.0,0.0,0.0,0.0,0.0,0.0,0.0,0.0,0.0,0.0,0.0,0.0,0.0,0.0,0.0,0.0060787438540135,0.0286630987338361,0.0022485672397367,SPY
2009-10-09,0.4428022666746528,0.5522811929482292,1.274785949235696,-0.0643246683941036,-1.1150029723631045,-1.1085697355811568,0.4766671318477268,-0.16430352657804512,-1.1456458235140758,1.4162470082138434,0.0,0.0,0.0,0.0,0.0,0.0,0.0,0.0,0.0,0.0,0.0,0.0,0.0,0.0,0.0,0.0,0.0,0.0,0.0,0.0,0.0,0.0,0.0,0.0,0.0,0.0,0.0,0.0,0.0039081375086684,0.0150819708508898,-0.0012128726197264,SPY
2009-10-12,0.2768231009627021,0.7404436108460555,1.6866414605083029,-0.06623037454163079,-1.1123887721429426,-1.1057695466178759,0.5724638493306267,-0.2073675978563661,-1.5049402865268071,-1.4417649723258046,0.0,0.0,0.0,0.0,0.0,0.0,0.0,0.0,0.0,0.0,0.0,0.0,0.0,0.0,0.0,0.0,0.0,0.0,0.0,0.0,0.0,0.0,0.0,0.0,0.0,0.0,0.0,0.0,-0.0020453913538629,0.0194050528112548,0.0173992891355814,SPY
2009-10-13,-0.17842377314880697,0.5305680235684079,1.2687065095008276,-0.0656177249401919,-1.1095824828070704,-1.1036048265860237,0.4552371919333028,-0.03875419014611021,-0.6102293098207107,-0.7272619771908926,0.0,0.0,0.0,0.0,0.0,0.0,0.0,0.0,0.0,0.0,0.0,0.0,0.0,0.0,0.0,0.0,0.0,0.0,0.0,0.0,0.0,0.0,0.0,0.0,0.0,0.0,0.0,0.0,0.0170690680353002,0.016153938124054,0.0196273585938726,SPY
2009-10-14,1.2831964000585316,0.07203929482144883,0.6455073721704313,-0.04521468055845239,-1.1024321693544992,-1.1011912928133167,1.0590615200195403,0.6364164183909118,0.15694816306161433,-0.012758982055980528,0.0,0.0,0.0,0.0,0.0,0.0,0.0,0.0,0.0,0.0,0.0,0.0,0.0,0.0,0.0,0.0,0.0,0.0,0.0,0.0,0.0,0.0,0.0,0.0,0.0,0.0,0.0,0.0,0.0036525406897167,-0.00992951343766,0.0076554132633841,SPY
2009-10-15,0.2572784484469615,0.814846324627265,1.1942458951032418,-0.04591117807664299,-1.0894770898591704,-1.0982376208173699,1.1438387164413963,0.8703774190393082,-0.23040866832083948,0.7017440130789315,0.0,0.0,0.0,0.0,0.0,0.0,0.0,0.0,0.0,0.0,0.0,0.0,0.0,0.0,0.0,0.0,0.0,0.0,0.0,0.0,0.0,0.0,0.0,0.0,0.0,0.0,0.0,0.0,-0.0075023840289327,-0.0034692411135424,-0.0062172991200881,SPY
2009-10-16,-0.595702149509726,1.1364393889445805,1.0420021965480133,-0.02111799937262429,-1.0771755849827078,-1.0961417178256416,0.8179943716291113,0.2985415498352965,0.21051591905970551,1.4162470082138434,0.0,0.0,0.0,0.0,0.0,0.0,0.0,0.0,0.0,0.0,0.0,0.0,0.0,0.0,0.0,0.0,0.0,0.0,0.0,0.0,0.0,0.0,0.0,0.0,0.0,0.0,0.0,0.0,0.0082312194690334,-0.0074662007465411,0.0066819019699986,SPY
2009-10-19,0.6073950347564765,-0.25038104057713007,0.5217279901118539,-0.01014886500897369,-1.0660849981010478,-1.092915710466,1.0723620693960785,0.5621329326148463,-0.5483276604788855,-1.4417649723258046,0.0,0.0,0.0,0.0,0.0,0.0,0.0,0.0,0.0,0.0,0.0,0.0,0.0,0.0,0.0,0.0,0.0,0.0,0.0,0.0,0.0,0.0,0.0,0.0,0.0,0.0,0.0,0.0,-0.0052965060410636,-0.0265820620597567,0.012850956675396,SPY
2009-10-20,-0.4270258766912848,0.008041019900806011,0.6873392748057902,-0.0029198704050307903,-1.0589731221226792,-1.0908487009538819,0.8316588530650826,0.5100696190712602,-0.05934353915726809,-0.7272619771908926,0.0,0.0,0.0,0.0,0.0,0.0,0.0,0.0,0.0,0.0,0.0,0.0,0.0,0.0,0.0,0.0,0.0,0.0,0.0,0.0,0.0,0.0,0.0,0.0,0.0,0.0,0.0,0.0,-0.0090143835264138,-0.0258792726799832,0.0193155890458722,SPY
2009-10-21,-0.7113198043124913,0.13254146255320093,0.5627935722327142,0.0012112753693755097,-1.0543024384284403,-1.0888686977469064,0.4536834137574674,1.077172520025209,0.954796748571264,-0.012758982055980528,0.0,0.0,0.0,0.0,0.0,0.0,0.0,0.0,0.0,0.0,0.0,0.0,0.0,0.0,0.0,0.0,0.0,0.0,0.0,0.0,0.0,0.0,0.0,0.0,0.0,0.0,0.0,0.0,0.0101128130138343,-0.0359327303637018,0.0277011510325326,SPY
2009-10-22,0.7512743371665099,-0.8408057572605125,-0.4364273451571565,-0.02576011246540899,-1.0490741951965998,-1.0846960981263487,0.7598622659612597,1.409597602700732,1.2219672082733235,0.7017440130789315,0.0,0.0,0.0,0.0,0.0,0.0,0.0,0.0,0.0,0.0,0.0,0.0,0.0,0.0,0.0,0.0,0.0,0.0,0.0,0.0,0.0,0.0,0.0,0.0,0.0,0.0,0.0,0.0,-0.0114993436619315,-0.0248189688001589,0.0044718115180852,SPY
2009-10-23,-0.9013365758957832,0.028901023376091513,-0.1889432565188125,0.01492551951927331,-1.0474980818947524,-1.0811899642357485,0.2616094669660782,0.7204824754738562,1.2438122184869265,1.4162470082138434,0.0,0.0,0.0,0.0,0.0,0.0,0.0,0.0,0.0,0.0,0.0,0.0,0.0,0.0,0.0,0.0,0.0,0.0,0.0,0.0,0.0,0.0,0.0,0.0,0.0,0.0,0.0,0.0,-0.0108846418441821,-0.0427209210872288,0.0124131890998446,SPY
2009-10-26,-0.8543323389965107,-0.1113509028622945,-0.3420612463602152,-0.030013899527611892,-1.0489782194174564,-1.0806200931802776,-0.15465037503929746,0.031391202056458394,1.2585456816613392,-1.4417649723258046,0.0,0.0,0.0,0.0,0.0,0.0,0.0,0.0,0.0,0.0,0.0,0.0,0.0,0.0,0.0,0.0,0.0,0.0,0.0,0.0,0.0,0.0,0.0,0.0,0.0,0.0,0.0,0.0,-0.0045937166612901,-0.0245242944985051,0.0359201534859305,SPY
2009-10-27,-0.3732858721178258,-1.2964538137091772,-1.0743634277987235,-0.02584232949077519,-1.0509772628418945,-1.0802144488710128,-0.3318847814479664,-0.18230491106302021,1.4496633957742422,-0.7272619771908926,0.0,0.0,0.0,0.0,0.0,0.0,0.0,0.0,0.0,0.0,0.0,0.0,0.0,0.0,0.0,0.0,0.0,0.0,0.0,0.0,0.0,0.0,0.0,0.0,0.0,0.0,0.0,0.0,-0.0190678412101323,-0.0167715588799621,0.0420467002735511,SPY
2009-10-28,-1.480074821749197,-0.9066980687857226,-1.0474405396553497,0.0818767621830463,-1.0603956230851401,-1.0813541514830074,-1.0091067683701649,-0.8767703079715948,1.3043140556882076,-0.012758982055980528,0.0,0.0,0.0,0.0,0.0,0.0,0.0,0.0,0.0,0.0,0.0,0.0,0.0,0.0,0.0,0.0,0.0,0.0,0.0,0.0,0.0,0.0,0.0,0.0,0.0,0.0,0.0,0.0,0.0212265745773772,0.0048724601916134,0.0646220356569786,SPY
2009-10-29,1.6011073233246322,-1.3685603970633533,-1.4325745847374352,0.00861927438231181,-1.066277342680544,-1.0777997597541111,-0.2952529428711502,-0.47771398585684527,0.21056150616598113,0.7017440130789315,0.0,0.0,0.0,0.0,0.0,0.0,0.0,0.0,0.0,0.0,0.0,0.0,0.0,0.0,0.0,0.0,0.0,0.0,0.0,0.0,0.0,0.0,0.0,0.0,0.0,0.0,0.0,0.0,-0.0294012959490013,0.001873678419602,0.0270112816781287,SPY
2009-10-30,-2.2702402979341447,0.08874490554461453,-1.0068217659856409,0.2705764564174001,-1.0765222658276274,-1.0767663191838408,-1.3837144483747164,-1.0919818140835025,2.678156042424414,1.4162470082138434,0.0,0.0,0.0,0.0,0.0,0.0,0.0,0.0,0.0,0.0,0.0,0.0,0.0,0.0,0.0,0.0,0.0,0.0,0.0,0.0,0.0,0.0,0.0,0.0,0.0,0.0,0.0,0.0,0.0073119847445415,0.0338922783631536,0.0597836636358124,SPY
2009-11-02,0.5371041628110326,-0.49447850762360734,-1.6926207732616636,0.2267043535601863,-1.0870362709451888,-1.0764765845340647,-1.12558595410267,-0.8973932360470045,1.237725594420014,-1.4417649723258046,0.0,0.0,0.0,0.0,0.0,0.0,0.0,0.0,0.0,0.0,0.0,0.0,0.0,0.0,0.0,0.0,0.0,0.0,0.0,0.0,0.0,0.0,0.0,0.0,0.0,0.0,0.0,0.0,0.0031590189572527,0.0491005928825885,0.0647664369582594,SPY
2009-11-03,0.21954045620771562,-1.2798223040808336,-0.995533201459084,0.1719167086427098,-1.095801076220629,-1.077307188137597,-0.9967713929685532,-1.2408264415515542,0.7068613257161173,-0.7272619771908926,0.0,0.0,0.0,0.0,0.0,0.0,0.0,0.0,0.0,0.0,0.0,0.0,0.0,0.0,0.0,0.0,0.0,0.0,0.0,0.0,0.0,0.0,0.0,0.0,0.0,0.0,0.0,0.0,0.0025761778614432,0.046124252029764,0.0611578631175362,SPY
2009-11-04,0.17497250447728824,0.5578920396059547,-0.6985366333970382,0.1716205297349253,-1.1021632642435648,-1.07815717584929,-0.8883474554044106,-1.2732427689967196,1.0589182776746122,-0.012758982055980528,0.0,0.0,0.0,0.0,0.0,0.0,0.0,0.0,0.0,0.0,0.0,0.0,0.0,0.0,0.0,0.0,0.0,0.0,0.0,0.0,0.0,0.0,0.0,0.0,0.0,0.0,0.0,0.0,0.0182277928053657,0.0486451968731325,0.0507308122289895,SPY
2009-11-05,1.3718002922556063,0.29060161987083305,0.1306157715879085,0.248918405000873,-1.106930218482854,-1.077925376279785,-0.22370964600385096,-0.7158641315446718,-0.2647948799168025,0.7017440130789315,0.0,0.0,0.0,0.0,0.0,0.0,0.0,0.0,0.0,0.0,0.0,0.0,0.0,0.0,0.0,0.0,0.0,0.0,0.0,0.0,0.0,0.0,0.0,0.0,0.0,0.0,0.0,0.0,0.0026173039945502,0.0201972323740111,0.0381947216899059,SPY
2009-11-06,0.17811728532467544,1.1410879226654869,0.015736593646614894,0.24075242422123602,-1.1087562343201993,-1.078050953306512,-0.12443466187378358,-0.8460610042985011,-0.4409195177299911,1.4162470082138434,0.0,0.0,0.0,0.0,0.0,0.0,0.0,0.0,0.0,0.0,0.0,0.0,0.0,0.0,0.0,0.0,0.0,0.0,0.0,0.0,0.0,0.0,0.0,0.0,0.0,0.0,0.0,0.0,0.0225202992639763,0.0229767454406149,0.0340444953787137,SPY
2009-11-09,1.7000342174632994,1.1434090944640003,1.2423248284681156,0.36642614628414116,-1.103643382115208,-1.0762254996037675,0.6875759993431844,-0.2863041563252098,-0.6499881075598569,-1.4417649723258046,0.0,0.0,0.0,0.0,0.0,0.0,0.0,0.0,0.0,0.0,0.0,0.0,0.0,0.0,0.0,0.0,0.0,0.0,0.0,0.0,0.0,0.0,0.0,0.0,0.0,0.0,0.0,0.0,0.0001826781044282,0.0148567203510694,0.0003651362981287,SPY
2009-11-10,-0.008050591190454776,1.385679499773923,1.8249343021456412,0.3643209717717459,-1.0975502367606296,-1.0741681969578345,0.6568762212545255,-0.1050357224633788,-0.3882082325509312,-0.7272619771908926,0.0,0.0,0.0,0.0,0.0,0.0,0.0,0.0,0.0,0.0,0.0,0.0,0.0,0.0,0.0,0.0,0.0,0.0,0.0,0.0,0.0,0.0,0.0,0.0,0.0,0.0,0.0,0.0,0.0050971227048117,0.0158421685760536,0.0039158121245304,SPY
2009-11-11,0.3677409089396936,1.2482684540678188,1.7109148047494611,0.2997541957605734,-1.0865172471370925,-1.0733568392161477,0.835665588657442,-0.1964345196769002,-0.4345146233025548,-0.012758982055980528,0.0,0.0,0.0,0.0,0.0,0.0,0.0,0.0,0.0,0.0,0.0,0.0,0.0,0.0,0.0,0.0,0.0,0.0,0.0,0.0,0.0,0.0,0.0,0.0,0.0,0.0,0.0,0.0,-0.0102201716937555,0.0101162243314885,0.0044383187159118,SPY
2009-11-12,-0.8035224805231784,0.26489892685190675,1.807488711508694,0.3239143481677268,-1.081942539221997,-1.074013617829393,0.4603883057478768,-0.17120727556877252,-0.66194788281996,0.7017440130789315,0.0,0.0,0.0,0.0,0.0,0.0,0.0,0.0,0.0,0.0,0.0,0.0,0.0,0.0,0.0,0.0,0.0,0.0,0.0,0.0,0.0,0.0,0.0,0.0,0.0,0.0,0.0,0.0,0.005396817061154,0.007219869524631,0.0188971430149864,SPY
2009-11-13,0.3906575558669219,-0.32224116513993756,0.7176865771005805,0.3167469509046189,-1.0702944124537965,-1.0733085023799573,0.6515472570528011,0.17250295619455258,-0.7712082305843825,1.4162470082138434,0.0,0.0,0.0,0.0,0.0,0.0,0.0,0.0,0.0,0.0,0.0,0.0,0.0,0.0,0.0,0.0,0.0,0.0,0.0,0.0,0.0,0.0,0.0,0.0,0.0,0.0,0.0,0.0,0.0144002741744309,-0.001734913616695,0.0203176041494126,SPY
2009-11-16,1.079122464941643,-0.30532632205694715,0.8241658745101936,0.35134187403425826,-1.057050973297707,-1.0719369508247742,1.1758252625536534,0.5126000070738428,0.4022714586997217,-1.4417649723258046,0.0,0.0,0.0,0.0,0.0,0.0,0.0,0.0,0.0,0.0,0.0,0.0,0.0,0.0,0.0,0.0,0.0,0.0,0.0,0.0,0.0,0.0,0.0,0.0,0.0,0.0,0.0,0.0,0.0011681263294125,-0.0035128652492222,0.0012584765992897,SPY
2009-11-17,0.06730341050864733,1.0842593330633543,0.513098955317876,0.3418064843992198,-1.0441921250453077,-1.0698796778030513,1.182659595176079,1.0489413479689615,-0.8230508953510701,-0.7272619771908926,0.0,0.0,0.0,0.0,0.0,0.0,0.0,0.0,0.0,0.0,0.0,0.0,0.0,0.0,0.0,0.0,0.0,0.0,0.0,0.0,0.0,0.0,0.0,0.0,0.0,0.0,0.0,0.0,-0.0006288215397534,-0.0031481614523043,0.0016157063718935,SPY
2009-11-18,-0.07010331401864338,0.8455907073110858,0.5508501124865949,0.3156814301311342,-1.0319866745522304,-1.066943414967922,1.1043278779134316,0.7368567298956494,-0.6214732741861184,-0.012758982055980528,0.0,0.0,0.0,0.0,0.0,0.0,0.0,0.0,0.0,0.0,0.0,0.0,0.0,0.0,0.0,0.0,0.0,0.0,0.0,0.0,0.0,0.0,0.0,0.0,0.0,0.0,0.0,0.0,-0.013116526500613,0.0009881542607441,-0.0098442191098362,SPY
2009-11-19,-1.0249972566745285,-0.0026561492109678903,0.3314971159155529,0.34349832139832,-1.0262778842886167,-1.0664701385869375,0.5959947928851008,1.330329634154074,0.3845290421722439,0.7017440130789315,0.0,0.0,0.0,0.0,0.0,0.0,0.0,0.0,0.0,0.0,0.0,0.0,0.0,0.0,0.0,0.0,0.0,0.0,0.0,0.0,0.0,0.0,0.0,0.0,0.0,0.0,0.0,0.0,-0.0035579660801721,-0.0022794986401155,0.0089138782780393,SPY
2009-11-20,-0.2940854138180959,-0.8088864168206271,0.2205417732015254,0.31066535896339886,-1.0218570441766945,-1.0651662289782104,0.4379952835354562,1.067534575505434,-1.023994696137991,1.4162470082138434,0.0,0.0,0.0,0.0,0.0,0.0,0.0,0.0,0.0,0.0,0.0,0.0,0.0,0.0,0.0,0.0,0.0,0.0,0.0,0.0,0.0,0.0,0.0,0.0,0.0,0.0,0.0,0.0,0.0126223225419037,0.0046495534487389,0.0225827045028355,SPY
2009-11-23,0.9431683204806184,-0.9742082496148601,-0.12250357125116001,0.3064708403551436,-1.0194543483199485,-1.06138963592389,0.8476037528544969,1.2129197437996708,-0.7606133265584597,-1.4417649723258046,0.0,0.0,0.0,0.0,0.0,0.0,0.0,0.0,0.0,0.0,0.0,0.0,0.0,0.0,0.0,0.0,0.0,0.0,0.0,0.0,0.0,0.0,0.0,0.0,0.0,0.0,0.0,0.0,0.0015328301263304,0.0043219889738237,0.013547258327252,SPY
2009-11-24,0.09519111666698793,0.47850043000348913,-0.1906144367600921,0.2952155575948649,-1.0167633714066837,-1.0569755792413265,0.8255186140539335,1.200295786689089,-0.9235628502363592,-0.7272619771908926,0.0,0.0,0.0,0.0,0.0,0.0,0.0,0.0,0.0,0.0,0.0,0.0,0.0,0.0,0.0,0.0,0.0,0.0,0.0,0.0,0.0,0.0,0.0,0.0,0.0,0.0,0.0,0.0,0.0035074941732951,0.0023396039640228,0.0139815582705988,SPY
2009-11-25,0.24618721588113462,0.7658265580342409,-0.1766431392241947,0.1653456661274498,-1.0143992309305028,-1.0502434676152947,0.8367042719029858,0.9756575744563329,-1.4727762787357763,-0.012758982055980528,0.0,0.0,0.0,0.0,0.0,0.0,0.0,0.0,0.0,0.0,0.0,0.0,0.0,0.0,0.0,0.0,0.0,0.0,0.0,0.0,0.0,0.0,0.0,0.0,0.0,0.0,0.0,0.0,-0.0163841794014727,-0.0090187632363756,0.0151970774360341,SPY
2009-11-27,-1.2748639833078643,0.25138279784757456,-0.018186610891379008,0.16253198647888661,-1.0133613208717323,-1.0474231045649176,0.16755569360803682,0.2754875513303041,-1.116110823045379,1.4162470082138434,0.0,0.0,0.0,0.0,0.0,0.0,0.0,0.0,0.0,0.0,0.0,0.0,0.0,0.0,0.0,0.0,0.0,0.0,0.0,0.0,0.0,0.0,0.0,0.0,0.0,0.0,0.0,0.0,0.0033710860086824,0.0130571184313792,0.0337127492361624,SPY
2009-11-30,0.23575652981626244,-0.7598588163695013,-0.1433658695329468,-0.1554174861081206,-1.0127463016334315,-1.0412608244954098,0.18410854673241753,-0.23315980864246252,-0.4399066403203328,-1.4417649723258046,0.0,0.0,0.0,0.0,0.0,0.0,0.0,0.0,0.0,0.0,0.0,0.0,0.0,0.0,0.0,0.0,0.0,0.0,0.0,0.0,0.0,0.0,0.0,0.0,0.0,0.0,0.0,0.0,0.0122947580669885,0.008153110106055,0.0289211431072233,SPY
2009-12-01,0.9181205367680656,-0.7675577357880169,0.12207652287765039,-0.131650113444829,-1.012573274046339,-1.0345189961284564,0.5262840900655372,0.1172184291772389,-0.4725269109909465,-0.7272619771908926,0.0,0.0,0.0,0.0,0.0,0.0,0.0,0.0,0.0,0.0,0.0,0.0,0.0,0.0,0.0,0.0,0.0,0.0,0.0,0.0,0.0,0.0,0.0,0.0,0.0,0.0,0.0,0.0,-0.0004495548834704,-0.0153007077775422,0.0162711880212027,SPY
2009-12-02,-0.05639537931476098,0.8510904529420186,0.10952798134913838,-0.12708669932582028,-1.01274624268025,-1.0281442907228666,0.3957962329410613,-0.03439222702937871,-1.0122107758143546,-0.012758982055980528,0.0,0.0,0.0,0.0,0.0,0.0,0.0,0.0,0.0,0.0,0.0,0.0,0.0,0.0,0.0,0.0,0.0,0.0,0.0,0.0,0.0,0.0,0.0,0.0,0.0,0.0,0.0,0.0,-0.0078508730271034,-0.0111177989632418,0.0070758502334111,SPY
2009-12-03,-0.6223499630574056,0.6354522875925526,0.03358555619016469,-0.08780010040757749,-1.0144569067928673,-1.0228706184603196,0.008777293135530422,0.04568842087403939,-0.3247000385325411,0.7017440130789315,0.0,0.0,0.0,0.0,0.0,0.0,0.0,0.0,0.0,0.0,0.0,0.0,0.0,0.0,0.0,0.0,0.0,0.0,0.0,0.0,0.0,0.0,0.0,0.0,0.0,0.0,0.0,0.0,0.0056917022662821,0.0023527033600547,0.0317442090261161,SPY
2009-12-04,0.4132064627347758,-0.5015734239469969,-0.4015377658586794,-0.17397234888128338,-1.0121695823119101,-1.018852538719783,0.15072813509019933,0.05581682081818229,1.7209244360786138,1.4162470082138434,0.0,0.0,0.0,0.0,0.0,0.0,0.0,0.0,0.0,0.0,0.0,0.0,0.0,0.0,0.0,0.0,0.0,0.0,0.0,0.0,0.0,0.0,0.0,0.0,0.0,0.0,0.0,0.0,-0.0015329223166418,0.0008996536990917,0.0286961670759637,SPY
2009-12-07,-0.13923694250419216,-0.15495895216246053,0.4441586972820544,-0.17014640502631087,-1.009459386661544,-1.0152691646386458,0.030723209838422326,-0.470671240856214,-1.0910329818889588,-1.4417649723258046,0.0,0.0,0.0,0.0,0.0,0.0,0.0,0.0,0.0,0.0,0.0,0.0,0.0,0.0,0.0,0.0,0.0,0.0,0.0,0.0,0.0,0.0,0.0,0.0,0.0,0.0,0.0,0.0,-0.0111590598166086,0.0092498542113137,0.0309330476862284,SPY
2009-12-08,-0.8753161835417886,0.20162815937960674,0.256292927825736,-0.2946296639556874,-1.011785168267764,-1.0152305149191674,-0.3835973336928089,-0.8638117827051273,-0.2990285221567108,-0.7272619771908926,0.0,0.0,0.0,0.0,0.0,0.0,0.0,0.0,0.0,0.0,0.0,0.0,0.0,0.0,0.0,0.0,0.0,0.0,0.0,0.0,0.0,0.0,0.0,0.0,0.0,0.0,0.0,0.0,0.0037333539308299,0.0157500606522305,0.0463045026241264,SPY
2009-12-09,0.263457972600299,-0.7494341159988768,-0.6421903640228889,-0.2893219600418563,-1.013649680532493,-1.0148152131174006,-0.2529244022308481,-0.7085474870457765,-0.5675119487921042,-0.012758982055980528,0.0,0.0,0.0,0.0,0.0,0.0,0.0,0.0,0.0,0.0,0.0,0.0,0.0,0.0,0.0,0.0,0.0,0.0,0.0,0.0,0.0,0.0,0.0,0.0,0.0,0.0,0.0,0.0,0.0056196292961931,0.0135420628234168,0.0458933302508555,SPY
2009-12-10,0.4076952785113404,-0.45220383964374594,-0.4819489184881872,-0.2871562395261263,-1.0150720439375305,-1.0143419663606263,-0.05270554667949008,-0.0898650229838233,-0.8655655762458294,0.7017440130789315,0.0,0.0,0.0,0.0,0.0,0.0,0.0,0.0,0.0,0.0,0.0,0.0,0.0,0.0,0.0,0.0,0.0,0.0,0.0,0.0,0.0,0.0,0.0,0.0,0.0,0.0,0.0,0.0,0.004238652605319,-0.0041663134942595,0.0416690511321116,SPY
2009-12-11,0.3020965090658879,0.49479061479056047,0.034087375916333894,-0.3295097671250911,-1.012112044006969,-1.0123330005508835,0.07014745079717542,0.1755858387248544,-1.0765954550731462,1.4162470082138434,0.0,0.0,0.0,0.0,0.0,0.0,0.0,0.0,0.0,0.0,0.0,0.0,0.0,0.0,0.0,0.0,0.0,0.0,0.0,0.0,0.0,0.0,0.0,0.0,0.0,0.0,0.0,0.0,0.0068172781955802,-0.002763395212316,0.0280607459320485,SPY
2009-12-14,0.4992755715305716,0.5233098298113028,-0.021576944881288307,-0.3234416664944032,-1.008402297167793,-1.0101597882454616,0.2872211147663696,0.0017265615860485902,-1.3716758609631212,-1.4417649723258046,0.0,0.0,0.0,0.0,0.0,0.0,0.0,0.0,0.0,0.0,0.0,0.0,0.0,0.0,0.0,0.0,0.0,0.0,0.0,0.0,0.0,0.0,0.0,0.0,0.0,0.0,0.0,0.0,-0.0046588533756919,0.0005301867367277,0.0296541815281852,SPY
2009-12-15,-0.3782666635620291,0.5909055077843509,0.2983076760811819,-0.39434809693057293,-1.0083061445291057,-1.010024524102023,0.11040638044057832,-0.2317556254692033,-1.104347119866909,-0.7272619771908926,0.0,0.0,0.0,0.0,0.0,0.0,0.0,0.0,0.0,0.0,0.0,0.0,0.0,0.0,0.0,0.0,0.0,0.0,0.0,0.0,0.0,0.0,0.0,0.0,0.0,0.0,0.0,0.0,0.0015253561020163,0.0087759164787399,0.0370139587798492,SPY
2009-12-16,0.09461960248026063,0.08872749103543173,0.5473215854462361,-0.3939433546647348,-1.0077871207210087,-1.0098506299885792,0.16438839445868833,-0.3011300985393536,-0.4675784474792979,-0.012758982055980528,0.0,0.0,0.0,0.0,0.0,0.0,0.0,0.0,0.0,0.0,0.0,0.0,0.0,0.0,0.0,0.0,0.0,0.0,0.0,0.0,0.0,0.0,0.0,0.0,0.0,0.0,0.0,0.0,-0.0120887470214832,0.0092176904464009,0.0242007879034691,SPY
2009-12-17,-0.946406322464988,-0.20995024488374023,0.4627362455466463,-0.3331084937036048,-1.0081715544162153,-1.010903425042799,-0.2669207752736508,-0.1367231120758753,0.06202646616169442,0.7017440130789315,0.0,0.0,0.0,0.0,0.0,0.0,0.0,0.0,0.0,0.0,0.0,0.0,0.0,0.0,0.0,0.0,0.0,0.0,0.0,0.0,0.0,0.0,0.0,0.0,0.0,0.0,0.0,0.0,0.0056415708872625,0.0260294508066145,0.0487075597582649,SPY
2009-12-18,0.409373080194682,-0.6292957630167737,-0.2156471343433894,-0.3931954384460972,-1.0085688595560043,-1.009953682740873,-0.07423119304352588,-0.05756637706836631,-0.08529618281490549,1.4162470082138434,0.0,0.0,0.0,0.0,0.0,0.0,0.0,0.0,0.0,0.0,0.0,0.0,0.0,0.0,0.0,0.0,0.0,0.0,0.0,0.0,0.0,0.0,0.0,0.0,0.0,0.0,0.0,0.0,0.010110860144624,0.0225193723180074,0.0328455840280783,SPY
2009-12-21,0.75112500764715,-0.39697531481712667,-0.1619032772702618,-0.3634231871775619,-1.0064750194160481,-1.0075396354818575,0.2611663040908875,-0.13052880770037423,-1.1029778023682395,-1.4417649723258046,0.0,0.0,0.0,0.0,0.0,0.0,0.0,0.0,0.0,0.0,0.0,0.0,0.0,0.0,0.0,0.0,0.0,0.0,0.0,0.0,0.0,0.0,0.0,0.0,0.0,0.0,0.0,0.0,0.0035868763663202,0.0109879920531268,0.0033181699077564,SPY
2009-12-22,0.2522573124690981,0.8559774477967032,-0.03573071269093261,-0.4211434686893048,-1.0012439071293848,-1.0060796951583932,0.3702873376323837,0.010994043916547791,-1.5598943648168655,-0.7272619771908926,0.0,0.0,0.0,0.0,0.0,0.0,0.0,0.0,0.0,0.0,0.0,0.0,0.0,0.0,0.0,0.0,0.0,0.0,0.0,0.0,0.0,0.0,0.0,0.0,0.0,0.0,0.0,0.0,0.0019671300696773,0.0070459186677744,-0.0228123464360257,SPY
2009-12-23,0.12840061244684361,0.7400098472405716,0.2801517777021812,-0.4207225814154527,-0.996375671324636,-1.004570312028227,0.4178192582279142,0.4258453567578484,-1.1771793589773418,-0.012758982055980528,0.0,0.0,0.0,0.0,0.0,0.0,0.0,0.0,0.0,0.0,0.0,0.0,0.0,0.0,0.0,0.0,0.0,0.0,0.0,0.0,0.0,0.0,0.0,0.0,0.0,0.0,0.0,0.0,0.0047230133387303,-0.0045661040731648,-0.0196652119567124,SPY
2009-12-24,0.3391339896793772,0.28037517807560414,0.2970755267773661,-0.4169740759647702,-0.9916749804611193,-1.002922939327291,0.5670674326744474,0.3996207765600397,-2.319554540742455,0.7017440130789315,0.0,0.0,0.0,0.0,0.0,0.0,0.0,0.0,0.0,0.0,0.0,0.0,0.0,0.0,0.0,0.0,0.0,0.0,0.0,0.0,0.0,0.0,0.0,0.0,0.0,0.0,0.0,0.0,0.0021314923986555,0.0075283683537064,-0.0285878860099364,SPY
2009-12-28,0.14096886200382971,0.34449910367651687,0.9411107906811982,-0.5691586510577424,-0.9874138052151965,-0.99929426982887,0.5837697535987185,0.5402328126886847,-1.4540523910069252,-1.4417649723258046,0.0,0.0,0.0,0.0,0.0,0.0,0.0,0.0,0.0,0.0,0.0,0.0,0.0,0.0,0.0,0.0,0.0,0.0,0.0,0.0,0.0,0.0,0.0,0.0,0.0,0.0,0.0,0.0,-0.0014205201202566,0.0080405362711806,-0.0259732096984093,SPY
2009-12-29,-0.13064191428997207,0.35377576486344503,0.80664454340568,-0.566126668533837,-0.9849227581907541,-0.9961783460340589,0.4753812670605498,1.100179684611455,-1.5096480710071871,-0.7272619771908926,0.0,0.0,0.0,0.0,0.0,0.0,0.0,0.0,0.0,0.0,0.0,0.0,0.0,0.0,0.0,0.0,0.0,0.0,0.0,0.0,0.0,0.0,0.0,0.0,0.0,0.0,0.0,0.0,-0.000355197019032,0.01016501468506,-0.0360917078666807,SPY
2009-12-30,-0.04918014212933898,0.00703281747470251,0.3648933303891353,-0.6343646098654074,-0.9815095065513574,-0.9944148563041625,0.4311142400386324,0.9816424980866145,-1.573953205281195,-0.012758982055980528,0.0,0.0,0.0,0.0,0.0,0.0,0.0,0.0,0.0,0.0,0.0,0.0,0.0,0.0,0.0,0.0,0.0,0.0,0.0,0.0,0.0,0.0,0.0,0.0,0.0,0.0,0.0,0.0,-0.009644892671262,0.0147326068253814,-0.0466640735252044,SPY
2009-12-31,-0.759532775798586,-0.13331670998950262,0.2138779567063136,-0.5762922186813658,-0.9805100929199709,-0.9936518353986656,0.056262921402322724,0.21563763797858737,-1.2304207514491436,0.7017440130789315,0.0,0.0,0.0,0.0,0.0,0.0,0.0,0.0,0.0,0.0,0.0,0.0,0.0,0.0,0.0,0.0,0.0,0.0,0.0,0.0,0.0,0.0,0.0,0.0,0.0,0.0,0.0,0.0,0.0168174857656016,0.0276996810542025,-0.0215880140512023,SPY
2010-01-04,1.2639587269898789,-0.5975028656922942,-0.2309625579203806,-0.4872318393510507,-0.973282649055209,-0.9902131953334706,0.628445245169589,0.6121262693902378,-0.7425512716006792,-1.4417649723258046,0.0,0.0,0.0,0.0,0.0,0.0,0.0,0.0,0.0,0.0,0.0,0.0,0.0,0.0,0.0,0.0,0.0,0.0,0.0,0.0,0.0,0.0,0.0,0.0,0.0,0.0,0.0,0.0,0.0026436603161297,0.0122775454660502,-0.0263753568927986,SPY
2010-01-05,0.18013266700656483,0.3717287146460946,0.2323599362338632,-0.4951874525883358,-0.9666736044111421,-0.9870917713103129,0.6738601132622017,0.4992878861873339,-0.8389261102152744,-0.7272619771908926,0.0,0.0,0.0,0.0,0.0,0.0,0.0,0.0,0.0,0.0,0.0,0.0,0.0,0.0,0.0,0.0,0.0,0.0,0.0,0.0,0.0,0.0,0.0,0.0,0.0,0.0,0.0,0.0,0.0007039582936227,0.0002642325551764,-0.0340137459695899,SPY
2010-01-06,0.03180999941834802,1.0652984836457013,0.2519803800675856,-0.4994023090475102,-0.9620742344152061,-0.98372840636305,0.6416048631114453,0.770195301161498,-0.7566071609799807,-0.012758982055980528,0.0,0.0,0.0,0.0,0.0,0.0,0.0,0.0,0.0,0.0,0.0,0.0,0.0,0.0,0.0,0.0,0.0,0.0,0.0,0.0,0.0,0.0,0.0,0.0,0.0,0.0,0.0,0.0,0.0042123951212893,0.0079709880532705,-0.0660700723346998,SPY
2010-01-07,0.3000886851680675,0.15584595998602283,0.3333662068117535,-0.5858472113414247,-0.9573203481311033,-0.9787109045202053,0.7135514852080825,0.8424962023628967,-0.5154494372030597,0.7017440130789315,0.0,0.0,0.0,0.0,0.0,0.0,0.0,0.0,0.0,0.0,0.0,0.0,0.0,0.0,0.0,0.0,0.0,0.0,0.0,0.0,0.0,0.0,0.0,0.0,0.0,0.0,0.0,0.0,0.003322181557559,0.0064595168079533,-0.0682178635297896,SPY
2010-01-08,0.23201696643828282,0.24438584239142203,0.5083443379810932,-0.586397998779349,-0.9522572917132441,-0.973720390332786,0.7524689218470071,1.6952170451021022,-0.5817295724959503,1.4162470082138434,0.0,0.0,0.0,0.0,0.0,0.0,0.0,0.0,0.0,0.0,0.0,0.0,0.0,0.0,0.0,0.0,0.0,0.0,0.0,0.0,0.0,0.0,0.0,0.0,0.0,0.0,0.0,0.0,0.0013953501774492,-0.0081504795239695,-0.0787853171648453,SPY
2010-01-11,0.08467847476563242,0.39215918122316107,1.005094999070892,-0.5925238596570546,-0.9479092784312779,-0.9691733801951741,0.7261325766532011,1.627004354015356,-0.8808931073330842,-1.4417649723258046,0.0,0.0,0.0,0.0,0.0,0.0,0.0,0.0,0.0,0.0,0.0,0.0,0.0,0.0,0.0,0.0,0.0,0.0,0.0,0.0,0.0,0.0,0.0,0.0,0.0,0.0,0.0,0.0,-0.0093696525947439,0.0028721951318937,-0.067698512925749,SPY
2010-01-12,-0.7384860676430802,0.23316428467470174,0.4142943362811594,-0.5301643149929125,-0.9460927344050601,-0.9661193018763709,0.3193706787233064,0.677843111106834,0.04925257132479462,-0.7272619771908926,0.0,0.0,0.0,0.0,0.0,0.0,0.0,0.0,0.0,0.0,0.0,0.0,0.0,0.0,0.0,0.0,0.0,0.0,0.0,0.0,0.0,0.0,0.0,0.0,0.0,0.0,0.0,0.0,0.0084107137917168,0.0020214428837137,-0.0602899182557825,SPY
2010-01-13,0.6211203783651471,-0.48316679923938394,-0.045919049178709107,-0.5201335085419067,-0.9421118225830007,-0.9628671165897135,0.5802785055886991,0.8303503286248489,0.032878928872333214,-0.012758982055980528,0.0,0.0,0.0,0.0,0.0,0.0,0.0,0.0,0.0,0.0,0.0,0.0,0.0,0.0,0.0,0.0,0.0,0.0,0.0,0.0,0.0,0.0,0.0,0.0,0.0,0.0,0.0,0.0,0.002700923875972,-0.0258058248837009,-0.0582882311369816,SPY
2010-01-14,0.18451142407999913,-0.0872174855660844,0.2493160841273594,-0.5401082295048023,-0.9374545998651566,-0.9588116708454705,0.6123328191496782,0.8527868358809996,-0.7040000400148689,0.7017440130789315,0.0,0.0,0.0,0.0,0.0,0.0,0.0,0.0,0.0,0.0,0.0,0.0,0.0,0.0,0.0,0.0,0.0,0.0,0.0,0.0,0.0,0.0,0.0,0.0,0.0,0.0,0.0,0.0,-0.0112878147743638,-0.0510503887371349,-0.0618220655337671,SPY
2010-01-15,-0.8851616539170668,0.5940496207462811,0.191413713316469,-0.458672266156904,-0.9332031715452074,-0.9561731016979045,0.14235226268601323,0.07797689555898879,0.8505192652188359,1.4162470082138434,0.0,0.0,0.0,0.0,0.0,0.0,0.0,0.0,0.0,0.0,0.0,0.0,0.0,0.0,0.0,0.0,0.0,0.0,0.0,0.0,0.0,0.0,0.0,0.0,0.0,0.0,0.0,0.0,0.0124180248333125,-0.0346483094137806,-0.0349215364589543,SPY
2010-01-19,0.9275463431001736,-0.5177414844575915,-0.3682750189552519,-0.4980435552145412,-0.9298600152383674,-0.9508613327011345,0.5180272372514424,0.4051165157017887,-0.3096947556160666,-0.7272619771908926,0.0,0.0,0.0,0.0,0.0,0.0,0.0,0.0,0.0,0.0,0.0,0.0,0.0,0.0,0.0,0.0,0.0,0.0,0.0,0.0,0.0,0.0,0.0,0.0,0.0,0.0,0.0,0.0,-0.0102204048429239,-0.0512659949615867,-0.0426121321186654,SPY
2010-01-20,-0.803540308677298,0.030694728759964214,0.05398838647106379,-0.4324444571602401,-0.9293575376231533,-0.9472877642335492,0.07335071146479023,0.03987929243399159,0.965000582572486,-0.012758982055980528,0.0,0.0,0.0,0.0,0.0,0.0,0.0,0.0,0.0,0.0,0.0,0.0,0.0,0.0,0.0,0.0,0.0,0.0,0.0,0.0,0.0,0.0,0.0,0.0,0.0,0.0,0.0,0.0,-0.0194165539756978,-0.0362994214084801,-0.0265142004862593,SPY
2010-01-21,-1.506739746057463,0.09093967870127692,0.021397245690228592,-0.29111985087468734,-0.9332418448321353,-0.9469284423141858,-0.6502327791420787,-0.5453966268543439,2.8366089130639387,0.7017440130789315,0.0,0.0,0.0,0.0,0.0,0.0,0.0,0.0,0.0,0.0,0.0,0.0,0.0,0.0,0.0,0.0,0.0,0.0,0.0,0.0,0.0,0.0,0.0,0.0,0.0,0.0,0.0,0.0,-0.0225436399774618,-0.0284218857213103,-0.0050257675028975,SPY
2010-01-22,-1.7458577818060357,-1.7058138929697637,-1.0446268562665613,-0.1153235501022083,-0.9428654997037006,-0.9493755205674926,-1.4261732941283591,-0.8329109524949897,2.6568895452062646,1.4162470082138434,0.0,0.0,0.0,0.0,0.0,0.0,0.0,0.0,0.0,0.0,0.0,0.0,0.0,0.0,0.0,0.0,0.0,0.0,0.0,0.0,0.0,0.0,0.0,0.0,0.0,0.0,0.0,0.0,0.0051142645489905,-0.0168058084214042,0.0176977377060385,SPY
2010-01-25,0.3690516896815186,-2.4013411331874392,-2.011711146972983,-0.10525910638285829,-0.952141370107763,-0.951492476497884,-1.2078234413733784,-1.2029594805297297,0.3933469927678768,-1.4417649723258046,0.0,0.0,0.0,0.0,0.0,0.0,0.0,0.0,0.0,0.0,0.0,0.0,0.0,0.0,0.0,0.0,0.0,0.0,0.0,0.0,0.0,0.0,0.0,0.0,0.0,0.0,0.0,0.0,-0.0041996607144936,-0.0064889061676547,0.0003643718474428,SPY
2010-01-26,-0.3431537030889375,-1.0168140733297162,-1.3833701963972482,-0.1143567450100775,-0.9626153853173481,-0.9545708170447813,-1.308496212094738,-1.3729351133230627,0.7652872960181921,-0.7272619771908926,0.0,0.0,0.0,0.0,0.0,0.0,0.0,0.0,0.0,0.0,0.0,0.0,0.0,0.0,0.0,0.0,0.0,0.0,0.0,0.0,0.0,0.0,0.0,0.0,0.0,0.0,0.0,0.0,0.0047461687101826,0.0097408974708441,0.0137194564825744,SPY
2010-01-27,0.3409046051775052,0.018525846106218012,-2.019970722929868,-0.10563332868027149,-0.9700167803690426,-0.9573772270921881,-1.0912798801698294,-1.2383145280795984,1.6062199996297766,-0.012758982055980528,0.0,0.0,0.0,0.0,0.0,0.0,0.0,0.0,0.0,0.0,0.0,0.0,0.0,0.0,0.0,0.0,0.0,0.0,0.0,0.0,0.0,0.0,0.0,0.0,0.0,0.0,0.0,0.0,-0.0115390182885279,0.0,0.0076189973352827,SPY
2010-01-28,-0.904370364789161,-0.0022495980126827904,-1.4466220109875654,-0.0715545190442525,-0.9817083359807958,-0.9612518565325545,-1.4427503936357946,-1.5673190172317677,2.261857256699298,0.7017440130789315,0.0,0.0,0.0,0.0,0.0,0.0,0.0,0.0,0.0,0.0,0.0,0.0,0.0,0.0,0.0,0.0,0.0,0.0,0.0,0.0,0.0,0.0,0.0,0.0,0.0,0.0,0.0,0.0,-0.0109275626775557,-0.0198133497829591,0.0197903501487308,SPY
2010-01-29,-0.8576143547016105,-0.41648523197636034,-1.1448445250792545,-0.04630833069639979,-0.9962791649668605,-0.9662334834569357,-1.7510105419372448,-1.8231159777880548,2.1084563692899643,1.4162470082138434,0.0,0.0,0.0,0.0,0.0,0.0,0.0,0.0,0.0,0.0,0.0,0.0,0.0,0.0,0.0,0.0,0.0,0.0,0.0,0.0,0.0,0.0,0.0,0.0,0.0,0.0,0.0,0.0,0.01543116680274,-0.0068211831792037,0.0410489472175745,SPY
2010-02-01,1.157951451483715,-1.3011155272689963,-0.6998486859119819,0.02804701514248181,-1.0051298453763828,-0.968544626084708,-1.1608280675546432,-1.406314437075414,0.3865617937901225,-1.4417649723258046,0.0,0.0,0.0,0.0,0.0,0.0,0.0,0.0,0.0,0.0,0.0,0.0,0.0,0.0,0.0,0.0,0.0,0.0,0.0,0.0,0.0,0.0,0.0,0.0,0.0,0.0,0.0,0.0,0.0120301429240052,-0.0294976220594405,0.028384513678767,SPY
2010-02-02,0.8978862825186459,0.22109014355486672,-0.3046224440849673,-0.01971752846157499,-1.0141738725694833,-0.9714093365776445,-0.6760474505818884,-0.9506922979351927,0.8064434622718815,-0.7272619771908926,0.0,0.0,0.0,0.0,0.0,0.0,0.0,0.0,0.0,0.0,0.0,0.0,0.0,0.0,0.0,0.0,0.0,0.0,0.0,0.0,0.0,0.0,0.0,0.0,0.0,0.0,0.0,0.0,-0.0049947287606615,-0.0290456105669001,0.0172454276954159,SPY
2010-02-03,-0.4039499553758524,1.5168302186615665,0.3171188635156809,-0.02137672582761919,-1.02201971565494,-0.9750994071889213,-0.7964637755480916,-1.2506530408067522,0.18203211657248242,-0.012758982055980528,0.0,0.0,0.0,0.0,0.0,0.0,0.0,0.0,0.0,0.0,0.0,0.0,0.0,0.0,0.0,0.0,0.0,0.0,0.0,0.0,0.0,0.0,0.0,0.0,0.0,0.0,0.0,0.0,-0.0313523680714871,-0.0260119397310161,0.0252632470117939,SPY
2010-02-04,-2.4194323998684784,0.36398629293216395,-0.056041432543615405,0.22424122216347472,-1.0321845017775864,-0.9821591329547447,-1.8063728950772515,-1.6953013689722531,2.584336460091529,0.7017440130789315,0.0,0.0,0.0,0.0,0.0,0.0,0.0,0.0,0.0,0.0,0.0,0.0,0.0,0.0,0.0,0.0,0.0,0.0,0.0,0.0,0.0,0.0,0.0,0.0,0.0,0.0,0.0,0.0,0.0020646039261995,0.0157528292509887,0.0708076490057969,SPY
2010-02-05,0.13585411935240313,-2.0845361783985092,-0.8150634316012365,0.21651204733955481,-1.0371124178528641,-0.9894713557382141,-1.612852217376069,-1.5199616532750464,3.679797976571316,1.4162470082138434,0.0,0.0,0.0,0.0,0.0,0.0,0.0,0.0,0.0,0.0,0.0,0.0,0.0,0.0,0.0,0.0,0.0,0.0,0.0,0.0,0.0,0.0,0.0,0.0,0.0,0.0,0.0,0.0,-0.0072452720774967,0.0128553148039758,0.0689181926383026,SPY
2010-02-08,-0.5760416397699306,-1.686105236534067,-0.3173515163675214,0.20642519042408403,-1.0446104175176363,-0.9979002927466208,-1.7314325804802129,-1.9444090100173,0.619407096238416,-1.4417649723258046,0.0,0.0,0.0,0.0,0.0,0.0,0.0,0.0,0.0,0.0,0.0,0.0,0.0,0.0,0.0,0.0,0.0,0.0,0.0,0.0,0.0,0.0,0.0,0.0,0.0,0.0,0.0,0.0,0.0124821544165456,0.0357133011819215,0.0778248610448857,SPY
2010-02-09,0.9324501225189116,-0.32549320866079806,-1.1860544948607783,0.2708173765163121,-1.0486492017126643,-1.005193032674564,-1.1630044201985263,-1.498526916721147,1.8058760372440177,-0.7272619771908926,0.0,0.0,0.0,0.0,0.0,0.0,0.0,0.0,0.0,0.0,0.0,0.0,0.0,0.0,0.0,0.0,0.0,0.0,0.0,0.0,0.0,0.0,0.0,0.0,0.0,0.0,0.0,0.0,-0.0019610579247775,0.0279585759389773,0.069788690374251,SPY
2010-02-10,-0.17197507173814328,0.26247659498852155,-1.1687385603810816,0.2609720006045116,-1.054098873093438,-1.0116507451169288,-1.124860415569565,-1.2573390842858418,0.7277735610114952,-0.012758982055980528,0.0,0.0,0.0,0.0,0.0,0.0,0.0,0.0,0.0,0.0,0.0,0.0,0.0,0.0,0.0,0.0,0.0,0.0,0.0,0.0,0.0,0.0,0.0,0.0,0.0,0.0,0.0,0.0,0.0104124009105177,0.035797160653237,0.0759157209479797,SPY
2010-02-11,0.7741828434719235,0.5607192923188105,-1.052522830705936,0.2743100076924065,-1.0549490762229743,-1.0179530292034957,-0.6388263423077443,-0.5763547262206936,0.5303186207871121,0.7017440130789315,0.0,0.0,0.0,0.0,0.0,0.0,0.0,0.0,0.0,0.0,0.0,0.0,0.0,0.0,0.0,0.0,0.0,0.0,0.0,0.0,0.0,0.0,0.0,0.0,0.0,0.0,0.0,0.0,-0.0008329105208133,0.0274566387503831,0.0655899873999876,SPY
2010-02-12,-0.08570933068765788,0.44390175794069797,0.5474276466316015,0.2668327506746116,-1.0536930393934227,-1.024643765682717,-0.5540743084327883,-0.7266416364363797,1.3652593651664016,1.4162470082138434,0.0,0.0,0.0,0.0,0.0,0.0,0.0,0.0,0.0,0.0,0.0,0.0,0.0,0.0,0.0,0.0,0.0,0.0,0.0,0.0,0.0,0.0,0.0,0.0,0.0,0.0,0.0,0.0,0.0156127143004489,0.0284694145026707,0.0666826788503263,SPY
2010-02-16,1.171833794669266,0.5075747498029424,0.4364278797087156,0.33195099548797546,-1.0523789729824193,-1.0284309444547892,0.08984724421034103,-0.26025551709202027,-0.18023350216375428,-0.7272619771908926,0.0,0.0,0.0,0.0,0.0,0.0,0.0,0.0,0.0,0.0,0.0,0.0,0.0,0.0,0.0,0.0,0.0,0.0,0.0,0.0,0.0,0.0,0.0,0.0,0.0,0.0,0.0,0.0,0.0047274291736014,0.0006375988926166,0.0590047152115618,SPY
2010-02-17,0.3394716541247976,0.801082061874652,1.3120856914908612,0.2895169178760061,-1.0526107179380788,-1.0330920571750732,0.3494220413581147,-0.26025950408368886,-0.08120969383200438,-0.012758982055980528,0.0,0.0,0.0,0.0,0.0,0.0,0.0,0.0,0.0,0.0,0.0,0.0,0.0,0.0,0.0,0.0,0.0,0.0,0.0,0.0,0.0,0.0,0.0,0.0,0.0,0.0,0.0,0.0,0.0058775267894821,0.005065593639653,0.060186759907669,SPY
2010-02-18,0.4274158560665977,1.1149093710274396,1.015012903672595,0.2857200461273791,-1.0505236770650321,-1.0359858783918277,0.6228411497480381,0.1445452407926147,0.18595265978097944,0.7017440130789315,0.0,0.0,0.0,0.0,0.0,0.0,0.0,0.0,0.0,0.0,0.0,0.0,0.0,0.0,0.0,0.0,0.0,0.0,0.0,0.0,0.0,0.0,0.0,0.0,0.0,0.0,0.0,0.0,0.0020718790076639,-0.0021662235869381,0.0537969236519195,SPY
2010-02-19,0.13641042103029014,0.565452347073784,1.315298231735447,0.1929427394205726,-1.0414410158871243,-1.0365296505181767,0.7111511978569313,0.4950595375401516,0.4786435315914433,1.4162470082138434,0.0,0.0,0.0,0.0,0.0,0.0,0.0,0.0,0.0,0.0,0.0,0.0,0.0,0.0,0.0,0.0,0.0,0.0,0.0,0.0,0.0,0.0,0.0,0.0,0.0,0.0,0.0,0.0,0.0001798652314741,-0.0036057680696819,0.046650601210203,SPY
2010-02-22,-0.008265682382451177,0.41557226623384075,0.9957843848980564,0.03825260528655921,-1.0327448321147088,-1.0346360808816137,0.6839704871789228,0.18875028687890238,-0.479255262992615,-1.4417649723258046,0.0,0.0,0.0,0.0,0.0,0.0,0.0,0.0,0.0,0.0,0.0,0.0,0.0,0.0,0.0,0.0,0.0,0.0,0.0,0.0,0.0,0.0,0.0,0.0,0.0,0.0,0.0,0.0,-0.0122191013096051,0.0065454010901317,0.0518024092916622,SPY
2010-02-23,-0.95637408840092,0.09399446820667953,1.0345824218034347,0.08090522301181541,-1.025169525178202,-1.034597233667401,0.22264081554414802,-0.4920361088048539,0.3074463003040326,-0.7272619771908926,0.0,0.0,0.0,0.0,0.0,0.0,0.0,0.0,0.0,0.0,0.0,0.0,0.0,0.0,0.0,0.0,0.0,0.0,0.0,0.0,0.0,0.0,0.0,0.0,0.0,0.0,0.0,0.0,0.0091554239206379,0.0215312356636694,0.0710300660273066,SPY
2010-02-24,0.6780659254748933,-0.7125929247594194,-0.03161590170849081,0.09800557852348181,-1.0182126960666316,-1.0331309043892858,0.5410385231995046,-0.10425147015914,-0.036091805359562086,-0.012758982055980528,0.0,0.0,0.0,0.0,0.0,0.0,0.0,0.0,0.0,0.0,0.0,0.0,0.0,0.0,0.0,0.0,0.0,0.0,0.0,0.0,0.0,0.0,0.0,0.0,0.0,0.0,0.0,0.0,-0.0013542904371091,0.0132668686836856,0.0570077931318495,SPY
2010-02-25,-0.12557754710162258,-0.20600958878220102,0.1380144465934842,0.0937522268299785,-1.011139768490037,-1.0323152116381835,0.4753537421336407,1.0488538518068726,0.8288543440580312,0.7017440130789315,0.0,0.0,0.0,0.0,0.0,0.0,0.0,0.0,0.0,0.0,0.0,0.0,0.0,0.0,0.0,0.0,0.0,0.0,0.0,0.0,0.0,0.0,0.0,0.0,0.0,0.0,0.0,0.0,0.0006323345249201,0.0176442496765112,0.0567347252757333,SPY
2010-02-26,0.026333164155290124,0.40720373053968456,-0.1390264590724291,0.04818758251344411,-1.0060960290645808,-1.0302079428245035,0.4616637025124679,1.021262736943911,-0.09145151412203188,1.4162470082138434,0.0,0.0,0.0,0.0,0.0,0.0,0.0,0.0,0.0,0.0,0.0,0.0,0.0,0.0,0.0,0.0,0.0,0.0,0.0,0.0,0.0,0.0,0.0,0.0,0.0,0.0,0.0,0.0,0.0103310343912879,0.0312039490741069,0.0555023066515607,SPY
2010-03-01,0.7679610119511553,-0.0738420971843808,-0.1941734151900828,0.02403391681661361,-0.9986560000280797,-1.0258381348371324,0.7747998562587597,1.5854911908650695,-0.3652457767898568,-1.4417649723258046,0.0,0.0,0.0,0.0,0.0,0.0,0.0,0.0,0.0,0.0,0.0,0.0,0.0,0.0,0.0,0.0,0.0,0.0,0.0,0.0,0.0,0.0,0.0,0.0,0.0,0.0,0.0,0.0,0.0027667332639325,0.0210480622415243,0.0514988094159143,SPY
2010-03-02,0.18954365267046763,0.5856812861002103,0.1947038212619081,-0.03594702667413959,-0.993902172697158,-1.0227889938866837,0.825447146856576,1.447643081133468,-0.22931338635672638,-0.7272619771908926,0.0,0.0,0.0,0.0,0.0,0.0,0.0,0.0,0.0,0.0,0.0,0.0,0.0,0.0,0.0,0.0,0.0,0.0,0.0,0.0,0.0,0.0,0.0,0.0,0.0,0.0,0.0,0.0,0.0008910569406541,0.0199427253066781,0.0494134344456833,SPY
2010-03-03,0.04611682083103912,0.7061474176202309,0.7687903962304856,-0.0754625102535343,-0.989959973464147,-1.0209244757255187,0.8259907249957593,1.5841530321554766,-0.335154485494273,-0.012758982055980528,0.0,0.0,0.0,0.0,0.0,0.0,0.0,0.0,0.0,0.0,0.0,0.0,0.0,0.0,0.0,0.0,0.0,0.0,0.0,0.0,0.0,0.0,0.0,0.0,0.0,0.0,0.0,0.0,0.0030230905557164,0.0234976521119349,0.045109722235618,SPY
2010-03-04,0.20914645605566723,0.17335214168211413,0.4521939390535075,-0.0866237517373223,-0.9866167582041258,-1.0181957502318004,0.8923422266083918,1.466398583671465,-0.4744151101069355,0.7017440130789315,0.0,0.0,0.0,0.0,0.0,0.0,0.0,0.0,0.0,0.0,0.0,0.0,0.0,0.0,0.0,0.0,0.0,0.0,0.0,0.0,0.0,0.0,0.0,0.0,0.0,0.0,0.0,0.0,0.0141920339225158,0.0246405342051696,0.0489010233550786,SPY
2010-03-05,1.063199014171937,0.18782102730489003,0.6198853445052466,-0.48906794363909484,-0.9806068154394108,-1.0106116561972611,1.3002199030156878,1.7378635271814895,-0.049103387930841784,1.4162470082138434,0.0,0.0,0.0,0.0,0.0,0.0,0.0,0.0,0.0,0.0,0.0,0.0,0.0,0.0,0.0,0.0,0.0,0.0,0.0,0.0,0.0,0.0,0.0,0.0,0.0,0.0,0.0,0.0,0.0001751475587052,0.0105351676451794,0.042825501653958,SPY
2010-03-08,-0.008626427384401076,0.938532322788095,1.13933865533487,-0.4846830612578023,-0.974596833372575,-1.0032217488601023,1.174164067864378,1.5131535326989491,-0.6993306821462048,-1.4417649723258046,0.0,0.0,0.0,0.0,0.0,0.0,0.0,0.0,0.0,0.0,0.0,0.0,0.0,0.0,0.0,0.0,0.0,0.0,0.0,0.0,0.0,0.0,0.0,0.0,0.0,0.0,0.0,0.0,0.0016613963290863,0.0106198010159994,0.0450048175654114,SPY
2010-03-09,0.10502215356501433,0.7777935304674913,0.7502806913706084,-0.5426290407884452,-0.9656108161098662,-0.9948996170039395,1.0893303110085286,1.4566904452453735,-0.2703642034906009,-0.7272619771908926,0.0,0.0,0.0,0.0,0.0,0.0,0.0,0.0,0.0,0.0,0.0,0.0,0.0,0.0,0.0,0.0,0.0,0.0,0.0,0.0,0.0,0.0,0.0,0.0,0.0,0.0,0.0,0.0,0.0044459837459109,0.0168931553485975,0.037614766293661,SPY
2010-03-10,0.317950443067025,0.07056043068677463,0.7079367637102405,-0.5835115981174491,-0.9575909432332346,-0.9873737641665089,1.1260489415594177,1.4311529158516472,0.05981652674508371,-0.012758982055980528,0.0,0.0,0.0,0.0,0.0,0.0,0.0,0.0,0.0,0.0,0.0,0.0,0.0,0.0,0.0,0.0,0.0,0.0,0.0,0.0,0.0,0.0,0.0,0.0,0.0,0.0,0.0,0.0,0.0041659726489511,0.0183566454723953,0.0366268804084031,SPY
2010-03-11,0.2965389105875664,0.31160775910978683,0.8441210879051447,-0.6006852742145732,-0.9483537264650398,-0.9791778511949595,1.140654461907646,1.4760749855493274,-0.21980973378704996,0.7017440130789315,0.0,0.0,0.0,0.0,0.0,0.0,0.0,0.0,0.0,0.0,0.0,0.0,0.0,0.0,0.0,0.0,0.0,0.0,0.0,0.0,0.0,0.0,0.0,0.0,0.0,0.0,0.0,0.0,8.666736252571638e-05,0.0136783633571768,0.0390066277534906,SPY
2010-03-12,-0.015392218507878875,0.45296682891994255,0.8879033186029669,-0.6206427639719245,-0.9392324509533864,-0.97205987435729,1.0184255265988027,1.4743391447787828,-0.21737347779435867,1.4162470082138434,0.0,0.0,0.0,0.0,0.0,0.0,0.0,0.0,0.0,0.0,0.0,0.0,0.0,0.0,0.0,0.0,0.0,0.0,0.0,0.0,0.0,0.0,0.0,0.0,0.0,0.0,0.0,0.0,0.0002597809295252,0.0085172525605985,0.0405081278932781,SPY
2010-03-15,-0.002154790410604076,0.20692565058732032,0.347546254245659,-0.6251446501006953,-0.932275523586514,-0.9648253460022459,0.9015610678425447,2.5899317273909945,-0.3894047949096928,-1.4417649723258046,0.0,0.0,0.0,0.0,0.0,0.0,0.0,0.0,0.0,0.0,0.0,0.0,0.0,0.0,0.0,0.0,0.0,0.0,0.0,0.0,0.0,0.0,0.0,0.0,0.0,0.0,0.0,0.0,0.0079347506616844,0.0135891449440066,0.0409997796289234,SPY
2010-03-16,0.5847250350078208,-0.01354103017566989,0.3507884415088159,-0.7054486244350978,-0.9241397291044013,-0.9583482593264581,1.0917330983183968,2.5875632759780323,-0.15351989019121837,-0.7272619771908926,0.0,0.0,0.0,0.0,0.0,0.0,0.0,0.0,0.0,0.0,0.0,0.0,0.0,0.0,0.0,0.0,0.0,0.0,0.0,0.0,0.0,0.0,0.0,0.0,0.0,0.0,0.0,0.0,0.0059094738697087,0.0126629497083614,0.0443505939193773,SPY
2010-03-18,-0.06119401694869588,0.7482776768709762,0.6471762411499552,-0.700558888855684,-0.9063610217115013,-0.9457534375184564,1.078805866611609,2.687259094338051,0.14744850212086522,0.7017440130789315,0.0,0.0,0.0,0.0,0.0,0.0,0.0,0.0,0.0,0.0,0.0,0.0,0.0,0.0,0.0,0.0,0.0,0.0,0.0,0.0,0.0,0.0,0.0,0.0,0.0,0.0,0.0,0.0,-0.0050744434340526,0.0007715780368755,0.0237377402966414,SPY
2010-03-19,-0.4100454756496364,0.2715229647677417,0.4679577302900344,-0.6649802306033129,-0.9021142113907538,-0.9405993779416645,0.7958117972983226,2.0568514085745564,0.4581846991135174,1.4162470082138434,0.0,0.0,0.0,0.0,0.0,0.0,0.0,0.0,0.0,0.0,0.0,0.0,0.0,0.0,0.0,0.0,0.0,0.0,0.0,0.0,0.0,0.0,0.0,0.0,0.0,0.0,0.0,0.0,0.0053316733129333,0.0052459373716757,0.0325751275622705,SPY
2010-03-22,0.3856762265695996,-0.34841275873825484,0.2702427211124357,-0.6631451844894458,-0.8967030757394845,-0.9348602204653965,0.9000182312215887,2.091681076303232,-0.021139373784103584,-1.4417649723258046,0.0,0.0,0.0,0.0,0.0,0.0,0.0,0.0,0.0,0.0,0.0,0.0,0.0,0.0,0.0,0.0,0.0,0.0,0.0,0.0,0.0,0.0,0.0,0.0,0.0,0.0,0.0,0.0,0.0070085554260392,0.0062418012143838,0.0361348469624545,SPY
2010-03-23,0.5139019155470081,-0.018576545282815195,0.4645398964023273,-0.8092812934812333,-0.8900679737892866,-0.9270105453870708,1.0325601096767236,2.160191482747079,-0.05184606504292619,-0.7272619771908926,0.0,0.0,0.0,0.0,0.0,0.0,0.0,0.0,0.0,0.0,0.0,0.0,0.0,0.0,0.0,0.0,0.0,0.0,0.0,0.0,0.0,0.0,0.0,0.0,0.0,0.0,0.0,0.0,-0.0048668489748191,-8.53959179538677e-05,0.027304875077128,SPY
2010-03-24,-0.3941714065334689,0.6633916845661217,0.4290586392207831,-0.7874302135503123,-0.8855245700134574,-0.9206974484638081,0.7387718309845801,1.682856354591871,0.06706095131705711,-0.012758982055980528,0.0,0.0,0.0,0.0,0.0,0.0,0.0,0.0,0.0,0.0,0.0,0.0,0.0,0.0,0.0,0.0,0.0,0.0,0.0,0.0,0.0,0.0,0.0,0.0,0.0,0.0,0.0,0.0,-0.0016273582932253,0.0013687977874541,0.035150711777427,SPY
2010-03-25,-0.14645815266979256,0.08778390108573783,0.016232630618300194,-0.7857176388069126,-0.8822773305325796,-0.9144239591094845,0.570515051384238,1.2123633977680648,0.3602328161421131,0.7017440130789315,0.0,0.0,0.0,0.0,0.0,0.0,0.0,0.0,0.0,0.0,0.0,0.0,0.0,0.0,0.0,0.0,0.0,0.0,0.0,0.0,0.0,0.0,0.0,0.0,0.0,0.0,0.0,0.0,-0.0006000840992523,0.0098105477558565,0.0432844600339281,SPY
2010-03-26,-0.06790585596306437,-0.39962976670055833,-0.026483346182979206,-0.7807691389295636,-0.8791852165227422,-0.9082866818733233,0.4442873544767707,1.150313519128865,0.13265993046507002,1.4162470082138434,0.0,0.0,0.0,0.0,0.0,0.0,0.0,0.0,0.0,0.0,0.0,0.0,0.0,0.0,0.0,0.0,0.0,0.0,0.0,0.0,0.0,0.0,0.0,0.0,0.0,0.0,0.0,0.0,0.0063275371556414,0.0185271440765042,0.0401012162632445,SPY
2010-03-29,0.4618266764795339,-0.15881222437814033,0.1449231652855204,-0.8141028448160319,-0.8747151505044405,-0.9025445718507793,0.5865512108490176,1.2899794578395478,-0.7401969311659098,-1.4417649723258046,0.0,0.0,0.0,0.0,0.0,0.0,0.0,0.0,0.0,0.0,0.0,0.0,0.0,0.0,0.0,0.0,0.0,0.0,0.0,0.0,0.0,0.0,0.0,0.0,0.0,0.0,0.0,0.0,0.0006813582937015,0.0145540703910214,0.0098387321089221,SPY
2010-03-30,0.030081851364208524,0.29016455950742864,0.1830733303490585,-0.8115868525969757,-0.8718678494054494,-0.8970255222557529,0.5195328583817511,1.1837303246181596,-0.6237162557848921,-0.7272619771908926,0.0,0.0,0.0,0.0,0.0,0.0,0.0,0.0,0.0,0.0,0.0,0.0,0.0,0.0,0.0,0.0,0.0,0.0,0.0,0.0,0.0,0.0,0.0,0.0,0.0,0.0,0.0,0.0,-0.0034126552694111,0.0081440571546558,0.0167248222422662,SPY
2010-03-31,-0.2829739715288201,0.36248956843071095,-0.05931283193174171,-0.7885224714410417,-0.8711299717373353,-0.8919935934225764,0.3069437570704604,0.7349497758732562,-0.4482761448737014,-0.012758982055980528,0.0,0.0,0.0,0.0,0.0,0.0,0.0,0.0,0.0,0.0,0.0,0.0,0.0,0.0,0.0,0.0,0.0,0.0,0.0,0.0,0.0,0.0,0.0,0.0,0.0,0.0,0.0,0.0,0.006814391675177,0.01501481028472,0.0324588659603408,SPY
2010-04-01,0.499054848759093,-0.18724993443725713,-0.0036046843753360087,-0.7745451219784041,-0.868723836945014,-0.8865117715849422,0.4720812020498168,0.9765564585362413,-0.4615821761763247,0.7017440130789315,0.0,0.0,0.0,0.0,0.0,0.0,0.0,0.0,0.0,0.0,0.0,0.0,0.0,0.0,0.0,0.0,0.0,0.0,0.0,0.0,0.0,0.0,0.0,0.0,0.0,0.0,0.0,0.0,0.0081165122213953,0.0147461386035816,0.008537167115814,SPY
2010-04-05,0.5986237468143236,0.15890038529698433,0.3197870695052867,-0.8562073453968068,-0.8633100484005867,-0.8816572818956883,0.6980263106972674,1.195792725330223,-1.1469695689421031,-1.4417649723258046,0.0,0.0,0.0,0.0,0.0,0.0,0.0,0.0,0.0,0.0,0.0,0.0,0.0,0.0,0.0,0.0,0.0,0.0,0.0,0.0,0.0,0.0,0.0,0.0,0.0,0.0,0.0,0.0,0.0023544634701586,0.0082177938844996,0.0132993206081559,SPY
2010-04-06,0.15801873035298922,0.8096101996714393,0.6537078066219671,-0.8595210940327728,-0.8585560442101214,-0.876549258341433,0.7019553819398738,1.0522305644392305,-1.0805080875756772,-0.7272619771908926,0.0,0.0,0.0,0.0,0.0,0.0,0.0,0.0,0.0,0.0,0.0,0.0,0.0,0.0,0.0,0.0,0.0,0.0,0.0,0.0,0.0,0.0,0.0,0.0,0.0,0.0,0.0,0.0,-0.005728654942664,0.0066147630795114,-0.0128508549409618,SPY
2010-04-07,-0.4600708893462932,0.5578904586992374,0.501504854360353,-0.811945733378545,-0.8567126568353554,-0.8722887834389031,0.4145660175389071,0.437442119969766,-0.17575559319296646,-0.012758982055980528,0.0,0.0,0.0,0.0,0.0,0.0,0.0,0.0,0.0,0.0,0.0,0.0,0.0,0.0,0.0,0.0,0.0,0.0,0.0,0.0,0.0,0.0,0.0,0.0,0.0,0.0,0.0,0.0,0.003458097860653,0.0236289829743139,-0.0130961890965171,SPY
2010-04-08,0.24241004146203063,-0.22353510064772983,0.2559461217912359,-0.8150767869804243,-0.8529675773895251,-0.8681237873656115,0.4759980257563122,0.6007848307244293,-0.5157157202432986,0.7017440130789315,0.0,0.0,0.0,0.0,0.0,0.0,0.0,0.0,0.0,0.0,0.0,0.0,0.0,0.0,0.0,0.0,0.0,0.0,0.0,0.0,0.0,0.0,0.0,0.0,0.0,0.0,0.0,0.0,0.0065457199940386,0.0209955768626528,-0.050332180889498,SPY
2010-04-09,0.4785104043086236,-0.16124563092248384,0.5191551618041494,-0.80270354583181,-0.8473403390266988,-0.8636643266436603,0.649611324624072,1.1488886311153776,-0.8293302397777274,1.4162470082138434,0.0,0.0,0.0,0.0,0.0,0.0,0.0,0.0,0.0,0.0,0.0,0.0,0.0,0.0,0.0,0.0,0.0,0.0,0.0,0.0,0.0,0.0,0.0,0.0,0.0,0.0,0.0,0.0,0.0015881675023132,-0.0015905240996723,-0.0718646887941965,SPY
2010-04-12,0.09942258476253223,0.5315239244676393,0.508862721669507,-0.8052746701773457,-0.8412085989894343,-0.8590293029777617,0.6329996251635474,1.0504278839232086,-1.0920823778600532,-1.4417649723258046,0.0,0.0,0.0,0.0,0.0,0.0,0.0,0.0,0.0,0.0,0.0,0.0,0.0,0.0,0.0,0.0,0.0,0.0,0.0,0.0,0.0,0.0,0.0,0.0,0.0,0.0,0.0,0.0,0.0007514326651705,0.0005842522295909,-0.0303545065083872,SPY
2010-04-13,0.03544020928993592,0.42598447096080655,0.2587708738247435,-0.806399261960224,-0.8363381229637963,-0.8543356431252855,0.5839164209883306,0.8521813531760171,-0.9127427703675608,-0.7272619771908926,0.0,0.0,0.0,0.0,0.0,0.0,0.0,0.0,0.0,0.0,0.0,0.0,0.0,0.0,0.0,0.0,0.0,0.0,0.0,0.0,0.0,0.0,0.0,0.0,0.0,0.0,0.0,0.0,0.0112855649521383,0.0087242122775377,-0.0339508413804603,SPY
2010-04-14,0.8409508410264596,0.09895308424475673,0.1973609830449638,-0.7700542733593531,-0.8289838118528936,-0.8492092920596985,0.9279561578497662,1.5663325989698764,-0.4458017633706166,-0.012758982055980528,0.0,0.0,0.0,0.0,0.0,0.0,0.0,0.0,0.0,0.0,0.0,0.0,0.0,0.0,0.0,0.0,0.0,0.0,0.0,0.0,0.0,0.0,0.0,0.0,0.0,0.0,0.0,0.0,0.000824691748992,-0.0043827691338877,-0.0313470819246477,SPY
2010-04-15,0.04104209174991792,0.6462772253436595,0.8491521914183228,-0.7792715174323791,-0.8206593868417064,-0.844655448604284,0.8839308754599621,1.7203408150176147,-0.6588534381243402,0.7017440130789315,0.0,0.0,0.0,0.0,0.0,0.0,0.0,0.0,0.0,0.0,0.0,0.0,0.0,0.0,0.0,0.0,0.0,0.0,0.0,0.0,0.0,0.0,0.0,0.0,0.0,0.0,0.0,0.0,-0.0160403809682865,-0.0022284731574,-0.0446803730100873,SPY
2010-04-16,-1.2485748419185496,0.6504119909173876,0.7482700491708423,-0.5890954862691292,-0.817632376795076,-0.8419252715242693,0.23278802054477452,0.6298074466694057,1.990031027283777,1.4162470082138434,0.0,0.0,0.0,0.0,0.0,0.0,0.0,0.0,0.0,0.0,0.0,0.0,0.0,0.0,0.0,0.0,0.0,0.0,0.0,0.0,0.0,0.0,0.0,0.0,0.0,0.0,0.0,0.0,0.0037629438315764,0.0203182977741622,-0.0469110973167685,SPY
2010-04-19,0.2657206155018716,-0.8918729322277774,-0.11697220875798921,-0.6093957808301514,-0.8155950334538583,-0.838181047856881,0.3131112750922919,0.5577220331716962,0.24631568037691892,-1.4417649723258046,0.0,0.0,0.0,0.0,0.0,0.0,0.0,0.0,0.0,0.0,0.0,0.0,0.0,0.0,0.0,0.0,0.0,0.0,0.0,0.0,0.0,0.0,0.0,0.0,0.0,0.0,0.0,0.0,0.0088913927131173,0.0127720260726498,-0.0501470580556127,SPY
2010-04-20,0.6578763228598596,-0.7260370669089202,-0.03365953851177611,-0.588036572066689,-0.8120245929820762,-0.833997981015412,0.580057343263624,0.7856779271207838,-0.4723716100763801,-0.7272619771908926,0.0,0.0,0.0,0.0,0.0,0.0,0.0,0.0,0.0,0.0,0.0,0.0,0.0,0.0,0.0,0.0,0.0,0.0,0.0,0.0,0.0,0.0,0.0,0.0,0.0,0.0,0.0,0.0,-0.0018214164592871,-0.0200543136391484,-0.0727341324482067,SPY
2010-04-21,-0.16129714573346007,0.6811200272341762,0.2781710613374035,-0.5978640600578227,-0.8075615227412881,-0.8308289607613172,0.4595968562478846,0.8672665549503233,-0.02595351761117328,-0.012758982055980528,0.0,0.0,0.0,0.0,0.0,0.0,0.0,0.0,0.0,0.0,0.0,0.0,0.0,0.0,0.0,0.0,0.0,0.0,0.0,0.0,0.0,0.0,0.0,0.0,0.0,0.0,0.0,0.0,0.0029789877254797,-0.0106654487528157,-0.0766228207965538,SPY
2010-04-22,0.20577405691755482,0.36593698811486447,-0.223939250219686,-0.6200090401813423,-0.8031955287390279,-0.8267531138110337,0.5056954160301409,0.7742182227223728,-0.9816713218273664,0.7017440130789315,0.0,0.0,0.0,0.0,0.0,0.0,0.0,0.0,0.0,0.0,0.0,0.0,0.0,0.0,0.0,0.0,0.0,0.0,0.0,0.0,0.0,0.0,0.0,0.0,0.0,0.0,0.0,0.0,0.0065063899632757,-0.001323048029632,-0.1180930621925311,SPY
2010-04-23,0.4755029655312281,0.032239003843220315,-0.1414111539337245,-0.6155740892406616,-0.7988101587911827,-0.821721737963113,0.6699507980551734,0.735741617295386,-0.18354509193527888,1.4162470082138434,0.0,0.0,0.0,0.0,0.0,0.0,0.0,0.0,0.0,0.0,0.0,0.0,0.0,0.0,0.0,0.0,0.0,0.0,0.0,0.0,0.0,0.0,0.0,0.0,0.0,0.0,0.0,0.0,-0.0037833278699359,-0.0249367451622575,-0.1101056250892895,SPY
2010-04-26,-0.3113180925710001,0.5022629995648119,0.7223244249681042,-0.6002574477364246,-0.7956860528549634,-0.8170706382258521,0.4514197001767537,0.4564615943243477,-0.5910195180470162,-1.4417649723258046,0.0,0.0,0.0,0.0,0.0,0.0,0.0,0.0,0.0,0.0,0.0,0.0,0.0,0.0,0.0,0.0,0.0,0.0,0.0,0.0,0.0,0.0,0.0,0.0,0.0,0.0,0.0,0.0,-0.0239349469986809,-0.0082747515785843,-0.1192366134438955,SPY
2010-04-27,-1.852246477815496,0.12059579511632683,0.4332372037229514,-0.3123172213655098,-0.7983056767678048,-0.8159395760084774,-0.4579836648641259,-0.3135066774951954,2.113046061442814,-0.7272619771908926,0.0,0.0,0.0,0.0,0.0,0.0,0.0,0.0,0.0,0.0,0.0,0.0,0.0,0.0,0.0,0.0,0.0,0.0,0.0,0.0,0.0,0.0,0.0,0.0,0.0,0.0,0.0,0.0,0.0075674484270455,-0.0081355166588625,-0.0942812893584879,SPY
2010-04-28,0.5566386348181966,-1.5975227715209182,-0.8242944233229261,-0.2928894758464669,-0.8018179304496514,-0.8140089267355729,-0.20919758291998716,-0.18397876515812522,1.3615475041162042,-0.012758982055980528,0.0,0.0,0.0,0.0,0.0,0.0,0.0,0.0,0.0,0.0,0.0,0.0,0.0,0.0,0.0,0.0,0.0,0.0,0.0,0.0,0.0,0.0,0.0,0.0,0.0,0.0,0.0,0.0,0.0123213884486634,-0.0216769541841275,-0.1078954833170202,SPY
2010-04-29,0.920156874928815,-0.9568814118473253,-0.4646200081952364,-0.2526053756458308,-0.8026523144755408,-0.8102451510895009,0.18960453748935763,-0.01686972369574651,0.03304130008466361,0.7017440130789315,0.0,0.0,0.0,0.0,0.0,0.0,0.0,0.0,0.0,0.0,0.0,0.0,0.0,0.0,0.0,0.0,0.0,0.0,0.0,0.0,0.0,0.0,0.0,0.0,0.0,0.0,0.0,0.0,-0.0171073071693497,-0.0677762365651188,-0.0872672133946883,SPY
2010-04-30,-1.33015919787902,1.0894374856491693,-0.10672557082921871,-0.1426494127941139,-0.8037195242654136,-0.809260343597522,-0.4608516196667524,-0.5505025805808522,0.956189776179303,1.4162470082138434,0.0,0.0,0.0,0.0,0.0,0.0,0.0,0.0,0.0,0.0,0.0,0.0,0.0,0.0,0.0,0.0,0.0,0.0,0.0,0.0,0.0,0.0,0.0,0.0,0.0,0.0,0.0,0.0,0.0128786657137371,-0.0656557173064289,-0.082788843878502,SPY
2010-05-03,0.962770044159399,-0.30321342749515257,-1.011333615358971,-0.10931922390048039,-0.8026716314679447,-0.8077100000594868,-0.008733478921072377,-0.2437935951597642,-0.09258283314739858,-1.4417649723258046,0.0,0.0,0.0,0.0,0.0,0.0,0.0,0.0,0.0,0.0,0.0,0.0,0.0,0.0,0.0,0.0,0.0,0.0,0.0,0.0,0.0,0.0,0.0,0.0,0.0,0.0,0.0,0.0,-0.0237957120789591,-0.0354360332320435,-0.1126346066100261,SPY
2010-05-04,-1.8415996390356524,-0.2717605245860418,-0.3730357093157405,0.0727911758446327,-0.8091914799487155,-0.8091920894173893,-0.8613063095636017,-1.0125534978817063,2.522442144519766,-0.7272619771908926,0.0,0.0,0.0,0.0,0.0,0.0,0.0,0.0,0.0,0.0,0.0,0.0,0.0,0.0,0.0,0.0,0.0,0.0,0.0,0.0,0.0,0.0,0.0,0.0,0.0,0.0,0.0,0.0,-0.0059739890982193,-0.014485223359987,-0.063133050566865,SPY
2010-05-05,-0.4788307895682012,-0.6492561868412453,-0.3677018123087456,0.0735684188443845,-0.8166427297407233,-0.8106936616308194,-1.054784614474,-1.13006971405986,1.9618115523845965,-0.012758982055980528,0.0,0.0,0.0,0.0,0.0,0.0,0.0,0.0,0.0,0.0,0.0,0.0,0.0,0.0,0.0,0.0,0.0,0.0,0.0,0.0,0.0,0.0,0.0,0.0,0.0,0.0,0.0,0.0,-0.0337778939323278,0.0053780901461832,-0.0537201970996665,SPY
2010-05-06,-2.6049044269167982,-1.7133059131494401,-0.8864555360925227,0.3546684877892638,-0.8323214265606921,-0.8163783401846643,-2.171517927675323,-1.359788845945778,4.810460595196223,0.7017440130789315,0.0,0.0,0.0,0.0,0.0,0.0,0.0,0.0,0.0,0.0,0.0,0.0,0.0,0.0,0.0,0.0,0.0,0.0,0.0,0.0,0.0,0.0,0.0,0.0,0.0,0.0,0.0,0.0,-0.0149867879106597,0.0266473847420636,-0.0557114915584016,SPY
2010-05-07,-1.1680100278149603,-2.2767033749381875,-2.652455220711022,0.36746950044493837,-0.8527928991133562,-0.8244616712829956,-2.573060081763624,-1.6161601990167929,3.8632098767311898,1.4162470082138434,0.0,0.0,0.0,0.0,0.0,0.0,0.0,0.0,0.0,0.0,0.0,0.0,0.0,0.0,0.0,0.0,0.0,0.0,0.0,0.0,0.0,0.0,0.0,0.0,0.0,0.0,0.0,0.0,0.0430983497881225,0.0233630673777556,-0.0532536431346297,SPY
2010-05-10,3.273570416369568,-2.7853885551052766,-2.5712210637208046,0.8320465230070098,-0.8628638121203256,-0.8279524697074869,-0.9916200575929738,-0.9388243260424115,1.6566494106842602,-1.4417649723258046,0.0,0.0,0.0,0.0,0.0,0.0,0.0,0.0,0.0,0.0,0.0,0.0,0.0,0.0,0.0,0.0,0.0,0.0,0.0,0.0,0.0,0.0,0.0,0.0,0.0,0.0,0.0,0.0,-0.0028449022069025,-0.0192082993176345,-0.0856970374232393,SPY
2010-05-11,-0.23955975234178448,1.5535306531575803,-1.4135468052893725,0.8312335467706822,-0.8680059837074791,-0.8318528030875065,-1.03374558075367,-0.9499295432853007,0.98005196849929,-0.7272619771908926,0.0,0.0,0.0,0.0,0.0,0.0,0.0,0.0,0.0,0.0,0.0,0.0,0.0,0.0,0.0,0.0,0.0,0.0,0.0,0.0,0.0,0.0,0.0,0.0,0.0,0.0,0.0,0.0,0.0138893244079509,-0.0300590787902086,-0.0882126428770782,SPY
2010-05-12,1.0400518079600416,2.2388224748565886,-0.6109502850057886,0.8461090271189323,-0.8717509845490675,-0.8354996026025248,-0.4693892881821775,-0.7710660681683437,0.2644573355784061,-0.012758982055980528,0.0,0.0,0.0,0.0,0.0,0.0,0.0,0.0,0.0,0.0,0.0,0.0,0.0,0.0,0.0,0.0,0.0,0.0,0.0,0.0,0.0,0.0,0.0,0.0,0.0,0.0,0.0,0.0,-0.0125085993364475,-0.0496585080057938,-0.0732892849846651,SPY
2010-05-13,-0.9785110553703582,0.5902559588139972,0.1499857551144228,0.8670551485117289,-0.881200865093244,-0.8406674868107096,-0.8452078952562954,-1.0209830920649965,0.24530320232097244,0.7017440130789315,0.0,0.0,0.0,0.0,0.0,0.0,0.0,0.0,0.0,0.0,0.0,0.0,0.0,0.0,0.0,0.0,0.0,0.0,0.0,0.0,0.0,0.0,0.0,0.0,0.0,0.0,0.0,0.0,-0.0182711052749677,-0.0756411623398438,-0.0559369580959367,SPY
2010-05-14,-1.419151031447494,0.04483387431817321,0.9647829842329172,0.8801747175304635,-0.890747802224888,-0.8460011382240263,-1.4214422469140149,-1.1609154605889072,1.1620910539233118,1.4162470082138434,0.0,0.0,0.0,0.0,0.0,0.0,0.0,0.0,0.0,0.0,0.0,0.0,0.0,0.0,0.0,0.0,0.0,0.0,0.0,0.0,0.0,0.0,0.0,0.0,0.0,0.0,0.0,0.0,0.0005269830927323,-0.0428762299983587,-0.0392171563311807,SPY
2010-05-17,0.018277284811442526,-1.7703108224574138,0.838965333068208,0.874331608804976,-0.9031665256768198,-0.8517150262490563,-1.3133866457275645,-0.8956322103730995,0.9703090216816678,-1.4417649723258046,0.0,0.0,0.0,0.0,0.0,0.0,0.0,0.0,0.0,0.0,0.0,0.0,0.0,0.0,0.0,0.0,0.0,0.0,0.0,0.0,0.0,0.0,0.0,0.0,0.0,0.0,0.0,0.0,-0.0136956816794766,-0.056317529315633,-0.0172613186883481,SPY
2010-05-18,-1.069283358395222,-1.0345784784248906,-0.7918847859531186,0.8683395691321911,-0.9131014533456085,-0.8599836172827835,-1.6740798391494154,-1.1713681523144277,1.2178115207350282,-0.7272619771908926,0.0,0.0,0.0,0.0,0.0,0.0,0.0,0.0,0.0,0.0,0.0,0.0,0.0,0.0,0.0,0.0,0.0,0.0,0.0,0.0,0.0,0.0,0.0,0.0,0.0,0.0,0.0,0.0,-0.0057101048076342,-0.0416014705494296,-0.0039225029698801,SPY
2010-05-19,-0.4586524212105609,-0.7763401415388385,-1.207563124892561,0.868388661339528,-0.9229199877834654,-0.8686617531467757,-1.741981290644134,-1.457383937908166,1.4444336082488456,-0.012758982055980528,0.0,0.0,0.0,0.0,0.0,0.0,0.0,0.0,0.0,0.0,0.0,0.0,0.0,0.0,0.0,0.0,0.0,0.0,0.0,0.0,0.0,0.0,0.0,0.0,0.0,0.0,0.0,0.0,-0.0384912536704975,-0.0419381112732821,0.0033942125680255,SPY
2010-05-20,-2.9653196255175955,-1.1283633308212453,-1.958390123182198,1.0712950735978042,-0.9333982869242246,-0.8818057485621066,-2.8844722282087654,-1.6136988042131772,2.355381982229381,0.7017440130789315,0.0,0.0,0.0,0.0,0.0,0.0,0.0,0.0,0.0,0.0,0.0,0.0,0.0,0.0,0.0,0.0,0.0,0.0,0.0,0.0,0.0,0.0,0.0,0.0,0.0,0.0,0.0,0.0,0.0144938270665173,0.0295028007682107,0.0429687598057002,SPY
2010-05-21,1.086276148524915,-2.5278331590158487,-2.953749638331707,1.1179866865895636,-0.9375701874026103,-0.8941891423824341,-2.191312229251382,-1.6089496603273996,2.011762423666805,1.4162470082138434,0.0,0.0,0.0,0.0,0.0,0.0,0.0,0.0,0.0,0.0,0.0,0.0,0.0,0.0,0.0,0.0,0.0,0.0,0.0,0.0,0.0,0.0,0.0,0.0,0.0,0.0,0.0,0.0,-0.0129143162245419,0.0023800360485299,0.0256070000406678,SPY
2010-05-24,-1.009534898429497,-1.3875169332391888,-1.6985704426254309,1.1265070074829966,-0.9539667374601142,-0.9074891487630289,-2.4357216582357357,-1.508721025140632,0.3056335638341196,-1.4417649723258046,0.0,0.0,0.0,0.0,0.0,0.0,0.0,0.0,0.0,0.0,0.0,0.0,0.0,0.0,0.0,0.0,0.0,0.0,0.0,0.0,0.0,0.0,0.0,0.0,0.0,0.0,0.0,0.0,0.0010203770867267,-0.0016727447447149,0.0218676349511612,SPY
2010-05-25,0.05600550930783672,0.056053405295340517,-2.213488010300132,1.0715160629012337,-0.9695095864993254,-0.9178834546186084,-2.237805902992036,-1.437447776105791,1.19241363756421,-0.7272619771908926,0.0,0.0,0.0,0.0,0.0,0.0,0.0,0.0,0.0,0.0,0.0,0.0,0.0,0.0,0.0,0.0,0.0,0.0,0.0,0.0,0.0,0.0,0.0,0.0,0.0,0.0,0.0,0.0,-0.0060467455314867,0.0230127221327602,0.0177394638648245,SPY
2010-05-26,-0.48439423598482,-0.7043923200637726,-1.6497361730121252,1.042524330621601,-0.9894572403851476,-0.9297891086769593,-2.262122556946477,-1.147400397561242,0.8267308724736241,-0.012758982055980528,0.0,0.0,0.0,0.0,0.0,0.0,0.0,0.0,0.0,0.0,0.0,0.0,0.0,0.0,0.0,0.0,0.0,0.0,0.0,0.0,0.0,0.0,0.0,0.0,0.0,0.0,0.0,0.0,0.0329496583709953,0.0324983320332261,0.0070769668535559,SPY
2010-05-27,2.4975331869128388,-0.31678448502755624,-1.6626324130715668,1.2433930150241002,-0.9996056964765762,-0.9396373514672729,-0.9290354413340992,-0.41087936294906807,0.4562304655260514,0.7017440130789315,0.0,0.0,0.0,0.0,0.0,0.0,0.0,0.0,0.0,0.0,0.0,0.0,0.0,0.0,0.0,0.0,0.0,0.0,0.0,0.0,0.0,0.0,0.0,0.0,0.0,0.0,0.0,0.0,-0.0126289376531634,-0.0362205147288321,-0.0216919319315991,SPY
2010-05-28,-0.9877129327418674,1.4853141239278564,1.0741700189367307,1.227153323029069,-1.0083763774190853,-0.9488420280420573,-1.2347193167773554,-1.3617156220679678,0.4171081259227434,1.4162470082138434,0.0,0.0,0.0,0.0,0.0,0.0,0.0,0.0,0.0,0.0,0.0,0.0,0.0,0.0,0.0,0.0,0.0,0.0,0.0,0.0,0.0,0.0,0.0,0.0,0.0,0.0,0.0,0.0,-0.0169670970177868,-0.0361205165625566,-0.0122204980351918,SPY
2010-06-01,-1.3194377863109286,1.1138131445996717,0.035134453370339595,1.1979371256752145,-1.0208340099706699,-0.9613424967408056,-1.638199415292383,-1.5030128402502363,0.2593900721218733,-0.7272619771908926,0.0,0.0,0.0,0.0,0.0,0.0,0.0,0.0,0.0,0.0,0.0,0.0,0.0,0.0,0.0,0.0,0.0,0.0,0.0,0.0,0.0,0.0,0.0,0.0,0.0,0.0,0.0,0.0,0.0257058439642019,-0.0084984640452567,-0.026615146216474,SPY
2010-06-02,1.94362239862542,-1.7035041212923157,-0.12012196783697722,1.2881169302034707,-1.0248508439311967,-0.9683533129357097,-0.5935340766427448,-1.288620434853799,-0.031201638922326684,-0.012758982055980528,0.0,0.0,0.0,0.0,0.0,0.0,0.0,0.0,0.0,0.0,0.0,0.0,0.0,0.0,0.0,0.0,0.0,0.0,0.0,0.0,0.0,0.0,0.0,0.0,0.0,0.0,0.0,0.0,0.0034388643689791,-0.0395648156702002,-0.0618664669348101,SPY
2010-06-03,0.24093931927944431,0.46012292725325354,0.8255440917773765,1.2933247845996705,-1.0268883444808976,-0.9743110180848189,-0.3664937778510109,-1.0790888757752213,-0.14117072466342487,0.7017440130789315,0.0,0.0,0.0,0.0,0.0,0.0,0.0,0.0,0.0,0.0,0.0,0.0,0.0,0.0,0.0,0.0,0.0,0.0,0.0,0.0,0.0,0.0,0.0,0.0,0.0,0.0,0.0,0.0,-0.0357691883910629,-0.0141909977388152,-0.0697718476195463,SPY
2010-06-04,-2.75717219930974,1.6118417618268028,1.1889246744552595,1.314564074581063,-1.0282854562732817,-0.9802784597243237,-1.5643677153749815,-1.2544413831354604,1.0937439150343875,1.4162470082138434,0.0,0.0,0.0,0.0,0.0,0.0,0.0,0.0,0.0,0.0,0.0,0.0,0.0,0.0,0.0,0.0,0.0,0.0,0.0,0.0,0.0,0.0,0.0,0.0,0.0,0.0,0.0,0.0,-0.0125289394868879,0.0264219182045284,-0.0394670722764924,SPY
2010-06-07,-0.980066400128192,-1.857828266339301,-1.4435992053347355,1.3055557686276542,-1.0353098260795524,-0.9859046304631685,-1.9169478497886376,-1.3784776047428269,0.10056172514837472,-1.4417649723258046,0.0,0.0,0.0,0.0,0.0,0.0,0.0,0.0,0.0,0.0,0.0,0.0,0.0,0.0,0.0,0.0,0.0,0.0,0.0,0.0,0.0,0.0,0.0,0.0,0.0,0.0,0.0,0.0,0.010654955499513,0.0373995541812046,-0.020403791492547,SPY
2010-06-08,0.7927301993328243,-2.7590561035881267,-1.4397684140298843,0.9553624746552499,-1.037424869713713,-0.9952067805640065,-1.384255497215392,-1.0635886687392957,0.761623909321668,-0.7272619771908926,0.0,0.0,0.0,0.0,0.0,0.0,0.0,0.0,0.0,0.0,0.0,0.0,0.0,0.0,0.0,0.0,0.0,0.0,0.0,0.0,0.0,0.0,0.0,0.0,0.0,0.0,0.0,0.0,-0.0053605076607414,0.0492274194172566,-4.844293484929096e-05,SPY
2010-06-09,-0.4319198711556039,-0.13886292158963112,-0.3816058241891901,0.9551270182087139,-1.040859344498375,-1.0047429619248454,-1.4172983505493555,-1.0569047672994325,0.08720700929735471,-0.012758982055980528,0.0,0.0,0.0,0.0,0.0,0.0,0.0,0.0,0.0,0.0,0.0,0.0,0.0,0.0,0.0,0.0,0.0,0.0,0.0,0.0,0.0,0.0,0.0,0.0,0.0,0.0,0.0,0.0,0.028812682300364,0.0542310611169893,0.01515856499429,SPY
2010-06-10,2.1811921616291787,0.2657256097737379,-1.5717147442907329,1.0956840302700914,-1.037017169162956,-1.0128360295135719,-0.23023898503865559,-0.13738433972995942,0.4392459660780373,0.7017440130789315,0.0,0.0,0.0,0.0,0.0,0.0,0.0,0.0,0.0,0.0,0.0,0.0,0.0,0.0,0.0,0.0,0.0,0.0,0.0,0.0,0.0,0.0,0.0,0.0,0.0,0.0,0.0,0.0,0.0048437275522807,0.0270249895468968,-0.0062162028281367,SPY
2010-06-11,0.3483646106520088,1.2905533820708857,-0.5996789088073093,1.0919159386474326,-1.0391128172004716,-1.0189887409632092,0.05695638240001992,-0.2693885735771192,-0.3368149262848954,1.4162470082138434,0.0,0.0,0.0,0.0,0.0,0.0,0.0,0.0,0.0,0.0,0.0,0.0,0.0,0.0,0.0,0.0,0.0,0.0,0.0,0.0,0.0,0.0,0.0,0.0,0.0,0.0,0.0,0.0,-0.0015513035102117,0.0232645555617931,-0.0104116568874799,SPY
2010-06-14,-0.14064249223920727,1.8664836048379578,0.9561456733331848,1.046015734177539,-1.0388412002431981,-1.0232595547150731,0.07398242417747213,-0.0878873071724104,-0.3900641117712861,-1.4417649723258046,0.0,0.0,0.0,0.0,0.0,0.0,0.0,0.0,0.0,0.0,0.0,0.0,0.0,0.0,0.0,0.0,0.0,0.0,0.0,0.0,0.0,0.0,0.0,0.0,0.0,0.0,0.0,0.0,0.0224828207355649,0.0219479263734898,0.0061154606968463,SPY
2010-06-15,1.6971683570132108,0.15273076134566582,1.3766837093148627,1.148217547974461,-1.0301674972839148,-1.025160994516793,0.9567078821981524,0.19469295702021328,-0.16002615283469898,-0.7272619771908926,0.0,0.0,0.0,0.0,0.0,0.0,0.0,0.0,0.0,0.0,0.0,0.0,0.0,0.0,0.0,0.0,0.0,0.0,0.0,0.0,0.0,0.0,0.0,0.0,0.0,0.0,0.0,0.0,-0.0003568659610087,-0.0171885756761236,-0.0164585422836864,SPY
2010-06-16,-0.04930776066206298,1.1482866902695295,1.829792851100353,1.1174266812190266,-1.0270045018991039,-1.0255900518267949,0.9507958271280434,0.2900334969407599,-0.3280086650585532,-0.012758982055980528,0.0,0.0,0.0,0.0,0.0,0.0,0.0,0.0,0.0,0.0,0.0,0.0,0.0,0.0,0.0,0.0,0.0,0.0,0.0,0.0,0.0,0.0,0.0,0.0,0.0,0.0,0.0,0.0,0.0016066107302714,-0.0199395037147249,-0.0158281545265888,SPY
2010-06-17,0.10083287806426433,1.2157011186351112,2.0214754371901438,1.112089115066956,-1.024229673910981,-1.02521954183074,1.00553518066926,-0.131919303668656,0.011746717621345718,0.7017440130789315,0.0,0.0,0.0,0.0,0.0,0.0,0.0,0.0,0.0,0.0,0.0,0.0,0.0,0.0,0.0,0.0,0.0,0.0,0.0,0.0,0.0,0.0,0.0,0.0,0.0,0.0,0.0,0.0,0.0010832935671771,-0.0382553569877517,-0.0453553812346578,SPY
2010-06-18,0.06081652672565842,0.03744130514735312,0.9792485015209008,0.8127352136233433,-1.0136706875160937,-1.020615663084421,0.9641421117227634,0.13442789177551667,-0.6529983896771504,1.4162470082138434,0.0,0.0,0.0,0.0,0.0,0.0,0.0,0.0,0.0,0.0,0.0,0.0,0.0,0.0,0.0,0.0,0.0,0.0,0.0,0.0,0.0,0.0,0.0,0.0,0.0,0.0,0.0,0.0,-0.002867932698515,-0.0351578909690886,-0.0405496032798149,SPY
2010-06-21,-0.24132081868712907,0.11872435875922353,0.8351914817860305,0.7836223311136725,-1.0011547895703314,-1.0178561481616444,0.8053696557394842,0.452635287510919,-0.3585917589037797,-1.4417649723258046,0.0,0.0,0.0,0.0,0.0,0.0,0.0,0.0,0.0,0.0,0.0,0.0,0.0,0.0,0.0,0.0,0.0,0.0,0.0,0.0,0.0,0.0,0.0,0.0,0.0,0.0,0.0,0.0,-0.0166536813140485,-0.0354474620273297,-0.0266512633855535,SPY
2010-06-22,-1.295471912840105,-0.13382027000758281,0.7847532404249914,0.8080816733634546,-0.9944189955864864,-1.0155342025719127,0.13619450798730331,-0.3928225405877033,-0.16696198128962247,-0.7272619771908926,0.0,0.0,0.0,0.0,0.0,0.0,0.0,0.0,0.0,0.0,0.0,0.0,0.0,0.0,0.0,0.0,0.0,0.0,0.0,0.0,0.0,0.0,0.0,0.0,0.0,0.0,0.0,0.0,-0.00310779399961,-0.0501555259123502,-0.0230807924999023,SPY
2010-06-23,-0.2596622276338544,-1.1349006725371045,-0.7145119695078124,0.8114988608980181,-0.987240011236747,-1.0136525714920313,-0.012645752862735978,-0.531845876677145,-0.06831140691939719,-0.012758982055980528,0.0,0.0,0.0,0.0,0.0,0.0,0.0,0.0,0.0,0.0,0.0,0.0,0.0,0.0,0.0,0.0,0.0,0.0,0.0,0.0,0.0,0.0,0.0,0.0,0.0,0.0,0.0,0.0,-0.0167092425427552,-0.0565932086668743,0.0021035069203119,SPY
2010-06-24,-1.299720498221073,-1.1484385192927877,-0.8198962140699643,0.862931334894074,-0.9896052718233721,-1.0129104159052003,-0.6423308553377013,-0.1014586248794227,0.021287917893948516,0.7017440130789315,0.0,0.0,0.0,0.0,0.0,0.0,0.0,0.0,0.0,0.0,0.0,0.0,0.0,0.0,0.0,0.0,0.0,0.0,0.0,0.0,0.0,0.0,0.0,0.0,0.0,0.0,0.0,0.0,0.0041807595858402,-0.0443504824398761,0.0274539722930677,SPY
2010-06-25,0.2976696192734372,-1.1515744123958287,-1.5215511950815903,0.6350406271908902,-0.9921214918562263,-1.0152278981139395,-0.4490505929419379,0.3351711263336529,-0.21763607414563288,1.4162470082138434,0.0,0.0,0.0,0.0,0.0,0.0,0.0,0.0,0.0,0.0,0.0,0.0,0.0,0.0,0.0,0.0,0.0,0.0,0.0,0.0,0.0,0.0,0.0,0.0,0.0,0.0,0.0,0.0,-0.0031575037567561,-0.0539956550737255,0.0336352411962002,SPY
2010-06-28,-0.263463370128691,-0.7402061714167126,-1.4028915602771423,0.6053474388441217,-0.9949708170144423,-1.0165232068269932,-0.542765093994333,0.00961937528971649,-0.7536085856152779,-1.4417649723258046,0.0,0.0,0.0,0.0,0.0,0.0,0.0,0.0,0.0,0.0,0.0,0.0,0.0,0.0,0.0,0.0,0.0,0.0,0.0,0.0,0.0,0.0,0.0,0.0,0.0,0.0,0.0,0.0,-0.031361745199069,-0.0443038100199117,0.0367032060632697,SPY
2010-06-29,-2.420149438135761,0.024658198618715516,-1.413984626613882,0.7498260351358614,-1.0091246308471062,-1.0192769845277418,-1.6299525132059909,-0.622397349174003,0.7928882251677718,-0.7272619771908926,0.0,0.0,0.0,0.0,0.0,0.0,0.0,0.0,0.0,0.0,0.0,0.0,0.0,0.0,0.0,0.0,0.0,0.0,0.0,0.0,0.0,0.0,0.0,0.0,0.0,0.0,0.0,0.0,-0.009545476754134,0.018068239236368,0.0615890783203312,SPY
2010-06-30,-0.7519307658722905,-1.981371873321357,-1.9774301910725016,0.5923277725070867,-1.0251310680529393,-1.0257308655722635,-1.8610427440573312,-1.6419958556791443,0.07506050441441782,-0.012758982055980528,0.0,0.0,0.0,0.0,0.0,0.0,0.0,0.0,0.0,0.0,0.0,0.0,0.0,0.0,0.0,0.0,0.0,0.0,0.0,0.0,0.0,0.0,0.0,0.0,0.0,0.0,0.0,0.0,-0.0044665163157571,0.0374602162588999,0.0662504596684296,SPY
2010-07-01,-0.3635592778529949,-2.341911064608799,-2.2240489045744587,0.5823982117790709,-1.0423836772559874,-1.0330060087193915,-1.8975860809988545,-1.8862637612955575,0.8296775514318419,0.7017440130789315,0.0,0.0,0.0,0.0,0.0,0.0,0.0,0.0,0.0,0.0,0.0,0.0,0.0,0.0,0.0,0.0,0.0,0.0,0.0,0.0,0.0,0.0,0.0,0.0,0.0,0.0,0.0,0.0,-0.005464413048009,0.0493646470525943,0.0705359191776908,SPY
2010-07-02,-0.4398651761753915,-0.8239359455749203,-1.7550470125913296,0.3192753837162339,-1.0609639317527968,-1.0370367281229154,-2.023100862596061,-1.9320653894092263,-0.3648402687237747,1.4162470082138434,0.0,0.0,0.0,0.0,0.0,0.0,0.0,0.0,0.0,0.0,0.0,0.0,0.0,0.0,0.0,0.0,0.0,0.0,0.0,0.0,0.0,0.0,0.0,0.0,0.0,0.0,0.0,0.0,0.0065343412970575,0.055477333593541,0.0983297512433942,SPY
2010-07-06,0.4776403125778672,-0.5935994352604843,-2.1245402226741965,0.30426859361455,-1.0776140787451594,-1.0391142048559447,-1.7572754250275369,-2.671322948995202,-0.19679686374524746,-0.7272619771908926,0.0,0.0,0.0,0.0,0.0,0.0,0.0,0.0,0.0,0.0,0.0,0.0,0.0,0.0,0.0,0.0,0.0,0.0,0.0,0.0,0.0,0.0,0.0,0.0,0.0,0.0,0.0,0.0,0.0310103040572107,0.0639188063705979,0.0869952019581195,SPY
2010-07-07,2.3492371074730345,0.027292404579870914,-1.7532590567993869,0.519671682760752,-1.084359894769824,-1.0391192409716663,-0.6394537290725546,-1.4705510339998136,-0.24709345136427346,-0.012758982055980528,0.0,0.0,0.0,0.0,0.0,0.0,0.0,0.0,0.0,0.0,0.0,0.0,0.0,0.0,0.0,0.0,0.0,0.0,0.0,0.0,0.0,0.0,0.0,0.0,0.0,0.0,0.0,0.0,0.0098465002683978,0.0328173200684194,0.0626460101673771,SPY
2010-07-08,0.7309102728114959,2.0859368310594606,0.6361277975395567,0.5329049754480769,-1.088395750956848,-1.0375398064592873,-0.3048951523103279,-1.2338838873146665,-0.622253595188551,0.7017440130789315,0.0,0.0,0.0,0.0,0.0,0.0,0.0,0.0,0.0,0.0,0.0,0.0,0.0,0.0,0.0,0.0,0.0,0.0,0.0,0.0,0.0,0.0,0.0,0.0,0.0,0.0,0.0,0.0,0.0074379144779372,0.0232443415961105,0.051736777008144,SPY
2010-07-09,0.546733597522753,2.2728761179713888,1.379007589526117,0.34601024273714837,-1.087342984696392,-1.038199340124075,-0.017479836962985374,-1.0669993352087517,-1.1671782311733196,1.4162470082138434,0.0,0.0,0.0,0.0,0.0,0.0,0.0,0.0,0.0,0.0,0.0,0.0,0.0,0.0,0.0,0.0,0.0,0.0,0.0,0.0,0.0,0.0,0.0,0.0,0.0,0.0,0.0,0.0,0.0006482734929376,-0.0121141888596243,0.0402141845658006,SPY
2010-07-12,0.027551964892479325,0.9424430871629801,1.8350498518216325,0.339173549211944,-1.0870311420184167,-1.0393070485891331,0.026226602521454125,-1.0026416379869978,-1.276052931761719,-1.4417649723258046,0.0,0.0,0.0,0.0,0.0,0.0,0.0,0.0,0.0,0.0,0.0,0.0,0.0,0.0,0.0,0.0,0.0,0.0,0.0,0.0,0.0,0.0,0.0,0.0,0.0,0.0,0.0,0.0,0.0149758140741145,-0.0068733908305418,0.0448905870717695,SPY
2010-07-13,1.1231321180914575,0.42329229484369846,2.0692184103312297,0.3964409543916958,-1.0828783227197087,-1.0386520375537578,0.5768517750231896,-0.32929900876073087,-0.5752691353596354,-0.7272619771908926,0.0,0.0,0.0,0.0,0.0,0.0,0.0,0.0,0.0,0.0,0.0,0.0,0.0,0.0,0.0,0.0,0.0,0.0,0.0,0.0,0.0,0.0,0.0,0.0,0.0,0.0,0.0,0.0,-9.118224496784676e-05,-0.01081879770891,0.0245010400006417,SPY
2010-07-14,-0.028991796126954877,0.8487337025527185,2.392599545395171,0.2621545515613031,-1.0722721344776667,-1.0404347336465531,0.6053861172349188,-0.26266384031497547,-0.8054584673410241,-0.012758982055980528,0.0,0.0,0.0,0.0,0.0,0.0,0.0,0.0,0.0,0.0,0.0,0.0,0.0,0.0,0.0,0.0,0.0,0.0,0.0,0.0,0.0,0.0,0.0,0.0,0.0,0.0,0.0,0.0,0.0002735217960889,-0.0238108258923395,-0.0031970889324526,SPY
2010-07-15,-0.001104071300115376,0.8069985897326203,1.2011446644519093,0.2624151981570176,-1.0596772982221545,-1.042149076811849,0.6465565912448236,0.16606832212267747,-0.422655138020676,0.7017440130789315,0.0,0.0,0.0,0.0,0.0,0.0,0.0,0.0,0.0,0.0,0.0,0.0,0.0,0.0,0.0,0.0,0.0,0.0,0.0,0.0,0.0,0.0,0.0,0.0,0.0,0.0,0.0,0.0,-0.0279206159777976,-0.0020078422678242,-0.0096197294604953,SPY
2010-07-16,-2.1570175448385287,-0.022803378773936893,0.8344171127465011,0.4385724227547065,-1.0520735365501441,-1.0469976614085517,-0.3117529264890634,-0.5780870463775072,-0.013761198200669083,1.4162470082138434,0.0,0.0,0.0,0.0,0.0,0.0,0.0,0.0,0.0,0.0,0.0,0.0,0.0,0.0,0.0,0.0,0.0,0.0,0.0,0.0,0.0,0.0,0.0,0.0,0.0,0.0,0.0,0.0,0.0058890715220201,0.0345539965399739,0.015351082717566,SPY
2010-07-19,0.428298643993176,-1.5935053113181745,-0.5201192359396823,0.45175587334831546,-1.0421497313815593,-1.0513475619267176,-0.016544161634261277,-0.3920186593022982,-0.8449754706643807,-1.4417649723258046,0.0,0.0,0.0,0.0,0.0,0.0,0.0,0.0,0.0,0.0,0.0,0.0,0.0,0.0,0.0,0.0,0.0,0.0,0.0,0.0,0.0,0.0,0.0,0.0,0.0,0.0,0.0,0.0,0.0110304071957463,0.0390269535069265,0.0090002387715175,SPY
2010-07-20,0.8214397621881896,-1.2765619307414708,-0.3193515192099903,0.4902102201636322,-1.031212088703232,-1.0542181182637855,0.4479731164767001,0.5730790441605419,-0.24797468371372608,-0.7272619771908926,0.0,0.0,0.0,0.0,0.0,0.0,0.0,0.0,0.0,0.0,0.0,0.0,0.0,0.0,0.0,0.0,0.0,0.0,0.0,0.0,0.0,0.0,0.0,0.0,0.0,0.0,0.0,0.0,-0.0130832104283973,0.0279070074214935,0.0101800714105504,SPY
2010-07-21,-1.0224496856315248,0.9218459837209623,-0.4704945943951027,0.4669409121615872,-1.029340423452506,-1.0566673985833783,0.0015989218973110225,0.4589851051553457,-0.21427964963529036,-0.012758982055980528,0.0,0.0,0.0,0.0,0.0,0.0,0.0,0.0,0.0,0.0,0.0,0.0,0.0,0.0,0.0,0.0,0.0,0.0,0.0,0.0,0.0,0.0,0.0,0.0,0.0,0.0,0.0,0.0,0.0220765054206042,0.0345143449078833,0.0250865295452662,SPY
2010-07-22,1.6660987542094636,-0.14895553564810313,-0.9682012069377725,0.5845712489464787,-1.0248561300664525,-1.0564420570916813,0.8289214386250884,0.8935233205336477,-0.11297708713905409,0.7017440130789315,0.0,0.0,0.0,0.0,0.0,0.0,0.0,0.0,0.0,0.0,0.0,0.0,0.0,0.0,0.0,0.0,0.0,0.0,0.0,0.0,0.0,0.0,0.0,0.0,0.0,0.0,0.0,0.0,0.0086412228300005,0.0075537440812434,-0.0145400505459081,SPY
2010-07-23,0.6387466503722483,0.47448969846710837,-0.132959090012473,0.5289962835530144,-1.020079487854371,-1.0535127559459316,1.105653295996288,1.138407054781707,-0.5633506635369462,1.4162470082138434,0.0,0.0,0.0,0.0,0.0,0.0,0.0,0.0,0.0,0.0,0.0,0.0,0.0,0.0,0.0,0.0,0.0,0.0,0.0,0.0,0.0,0.0,0.0,0.0,0.0,0.0,0.0,0.0,0.0103620284889727,-0.001268535555253,-0.0264307164639836,SPY
2010-07-26,0.7703310291985248,1.70062349730687,1.2676743356884892,0.5454683103266644,-1.013197195215015,-1.0498976740852224,1.4383578361006242,1.1823009921724703,-0.8899104996439349,-1.4417649723258046,0.0,0.0,0.0,0.0,0.0,0.0,0.0,0.0,0.0,0.0,0.0,0.0,0.0,0.0,0.0,0.0,0.0,0.0,0.0,0.0,0.0,0.0,0.0,0.0,0.0,0.0,0.0,0.0,-8.95388896866578e-05,0.0106988549734685,-0.0406128532119876,SPY
2010-07-27,-0.028866134125125276,1.0394547602099067,1.439027124386293,0.54066914789152,-1.009512346269405,-1.0459592143467698,1.3624359430162565,0.825995398234049,-0.698102753216456,-0.7272619771908926,0.0,0.0,0.0,0.0,0.0,0.0,0.0,0.0,0.0,0.0,0.0,0.0,0.0,0.0,0.0,0.0,0.0,0.0,0.0,0.0,0.0,0.0,0.0,0.0,0.0,0.0,0.0,0.0,-0.0064758729420075,0.0059881858749379,-0.0554777205711864,SPY
2010-07-28,-0.5172082051023056,0.5466878416535098,1.0130373851632182,0.27643071602205527,-1.0072118555779594,-1.0394735563995186,0.9952605941370656,0.4629736148592534,-1.0553175763673714,-0.012758982055980528,0.0,0.0,0.0,0.0,0.0,0.0,0.0,0.0,0.0,0.0,0.0,0.0,0.0,0.0,0.0,0.0,0.0,0.0,0.0,0.0,0.0,0.0,0.0,0.0,0.0,0.0,0.0,0.0,-0.0048840954060356,0.0191251710834139,-0.0451243892160455,SPY
2010-07-29,-0.3954901847038921,-0.40364857451405023,1.266155336559872,0.2502351656388129,-1.0060226323538721,-1.0325470112076884,0.6843704185538142,0.1769594719265936,-0.5403464343609403,0.7017440130789315,0.0,0.0,0.0,0.0,0.0,0.0,0.0,0.0,0.0,0.0,0.0,0.0,0.0,0.0,0.0,0.0,0.0,0.0,0.0,0.0,0.0,0.0,0.0,0.0,0.0,0.0,0.0,0.0,-0.0001810568064959,0.0229465335986143,-0.0469641922523944,SPY
2010-07-30,-0.03586420980672878,-0.6742548419005843,0.2333320452236939,0.23678986352732742,-0.9989844085499981,-1.0251893547606208,0.5460888796557914,0.1585659125475536,-0.5244135930991491,1.4162470082138434,0.0,0.0,0.0,0.0,0.0,0.0,0.0,0.0,0.0,0.0,0.0,0.0,0.0,0.0,0.0,0.0,0.0,0.0,0.0,0.0,0.0,0.0,0.0,0.0,0.0,0.0,0.0,0.0,0.0223294190176943,0.0190429124407041,-0.0314124583615047,SPY
2010-08-02,1.6854382295280752,-0.3189734529948843,-0.10463727340702751,0.29977919367720807,-0.9883198566584765,-1.0148436227349125,1.2120504486409784,0.3113295972175809,-0.8215825465417912,-1.4417649723258046,0.0,0.0,0.0,0.0,0.0,0.0,0.0,0.0,0.0,0.0,0.0,0.0,0.0,0.0,0.0,0.0,0.0,0.0,0.0,0.0,0.0,0.0,0.0,0.0,0.0,0.0,0.0,0.0,-0.0048002079882172,0.0020381694219162,-0.0683530940614032,SPY
2010-08-03,-0.3890755883156123,1.2169658013582723,0.3538168891710693,0.3221837659431523,-0.9810281734771665,-1.005683313352161,0.8642693685172596,0.17961288678725917,-1.3074388578172162,-0.7272619771908926,0.0,0.0,0.0,0.0,0.0,0.0,0.0,0.0,0.0,0.0,0.0,0.0,0.0,0.0,0.0,0.0,0.0,0.0,0.0,0.0,0.0,0.0,0.0,0.0,0.0,0.0,0.0,0.0,0.0066611122664683,0.0014246444131202,-0.0635528860731859,SPY
2010-08-04,0.4873340738554122,0.9562594658468625,0.1733576778194965,0.1185617742808282,-0.9695251697902469,-0.9989624885501873,0.9990125886146808,0.2964462050818407,-1.1451871289469575,-0.012758982055980528,0.0,0.0,0.0,0.0,0.0,0.0,0.0,0.0,0.0,0.0,0.0,0.0,0.0,0.0,0.0,0.0,0.0,0.0,0.0,0.0,0.0,0.0,0.0,0.0,0.0,0.0,0.0,0.0,-0.0010627328908352,-0.0330257790314103,-0.0407410340381204,SPY
2010-08-05,-0.10328309541933398,0.07193533873339913,0.676617393302027,0.1086523688625393,-0.9629158303802737,-0.9933878935611733,0.8595658732809316,1.1355510541573093,-1.289859753380764,0.7017440130789315,0.0,0.0,0.0,0.0,0.0,0.0,0.0,0.0,0.0,0.0,0.0,0.0,0.0,0.0,0.0,0.0,0.0,0.0,0.0,0.0,0.0,0.0,0.0,0.0,0.0,0.0,0.0,0.0,-0.0040846779644061,-0.0381121648725288,-0.0304091213115418,SPY
2010-08-06,-0.3343613483758333,0.28287960064874784,0.8230085006707517,0.1129099261952031,-0.9590554778139567,-0.9890477690323493,0.6279623335864016,0.8907845688158598,-0.20403643814136696,1.4162470082138434,0.0,0.0,0.0,0.0,0.0,0.0,0.0,0.0,0.0,0.0,0.0,0.0,0.0,0.0,0.0,0.0,0.0,0.0,0.0,0.0,0.0,0.0,0.0,0.0,0.0,0.0,0.0,0.0,0.0053246759989065,-0.0369772907078589,-0.0134361586553897,SPY
2010-08-09,0.3851411648589014,-0.32361615648332537,0.6734661785850153,0.11529003717125501,-0.9562674050111035,-0.9841883715989507,0.7446708881961662,0.800747972221762,-1.452166467621576,-1.4417649723258046,0.0,0.0,0.0,0.0,0.0,0.0,0.0,0.0,0.0,0.0,0.0,0.0,0.0,0.0,0.0,0.0,0.0,0.0,0.0,0.0,0.0,0.0,0.0,0.0,0.0,0.0,0.0,0.0,-0.0054137329970131,-0.0427637391307937,-0.0300974215930667,SPY
2010-08-10,-0.4359898384843459,0.036891196392921814,0.022038016211258595,0.0780570140518539,-0.9546492384399341,-0.9815235850254227,0.4930923856274626,1.0995772776408477,-0.12764571916229517,-0.7272619771908926,0.0,0.0,0.0,0.0,0.0,0.0,0.0,0.0,0.0,0.0,0.0,0.0,0.0,0.0,0.0,0.0,0.0,0.0,0.0,0.0,0.0,0.0,0.0,0.0,0.0,0.0,0.0,0.0,-0.0277893111780622,-0.0251397662990013,-0.0176853198873443,SPY
2010-08-11,-2.146977096389277,-0.0381210847844276,-0.0014652774644378084,0.304196023784593,-0.9576321122048371,-0.9818664852576394,-0.5353836935109128,-0.3880830299952165,0.21226361329361693,-0.012758982055980528,0.0,0.0,0.0,0.0,0.0,0.0,0.0,0.0,0.0,0.0,0.0,0.0,0.0,0.0,0.0,0.0,0.0,0.0,0.0,0.0,0.0,0.0,0.0,0.0,0.0,0.0,0.0,0.0,-0.0061491187319537,0.0044727925853793,0.0147127640433231,SPY
2010-08-12,-0.4922223796927817,-1.9070848643726679,-1.3212133038046772,0.3130313589333977,-0.960868543602478,-0.9828952155784997,-0.7430923248361515,-0.8150025367286589,-0.13582540401437196,0.7017440130789315,0.0,0.0,0.0,0.0,0.0,0.0,0.0,0.0,0.0,0.0,0.0,0.0,0.0,0.0,0.0,0.0,0.0,0.0,0.0,0.0,0.0,0.0,0.0,0.0,0.0,0.0,0.0,0.0,-0.0029498037997361,-0.0069281633532369,0.0258975178577687,SPY
2010-08-13,-0.24758123394194417,-1.9485902649541411,-1.516065703393595,0.0953598189114085,-0.9646898691627795,-0.9812787113045153,-0.8777553521142271,-1.2663936201254375,-0.9979180227355684,1.4162470082138434,0.0,0.0,0.0,0.0,0.0,0.0,0.0,0.0,0.0,0.0,0.0,0.0,0.0,0.0,0.0,0.0,0.0,0.0,0.0,0.0,0.0,0.0,0.0,0.0,0.0,0.0,0.0,0.0,-0.0004617724240283,-0.0072278026415757,0.039909585065831,SPY
2010-08-16,-0.05732961466941248,-0.5466407097765928,-1.4725902453522968,0.0873180747103704,-0.9734632619516278,-0.9803283962678606,-0.9104782477292,-1.274318550314917,-1.1607342261999072,-1.4417649723258046,0.0,0.0,0.0,0.0,0.0,0.0,0.0,0.0,0.0,0.0,0.0,0.0,0.0,0.0,0.0,0.0,0.0,0.0,0.0,0.0,0.0,0.0,0.0,0.0,0.0,0.0,0.0,0.0,0.0122102398347792,-0.0105861384765786,0.0397498866735279,SPY
2010-08-17,0.9116577040671328,-0.22564510768611373,-1.6942610732300372,0.0952257899545661,-0.9785908721030026,-0.9792409408877925,-0.4825414481197305,-0.6780838899893714,-0.8868801098130236,-0.7272619771908926,0.0,0.0,0.0,0.0,0.0,0.0,0.0,0.0,0.0,0.0,0.0,0.0,0.0,0.0,0.0,0.0,0.0,0.0,0.0,0.0,0.0,0.0,0.0,0.0,0.0,0.0,0.0,0.0,0.0018232477063184,-0.0377507845602433,0.0313494222439016,SPY
2010-08-18,0.11739839885699203,0.6299924903616618,-1.0191110740295266,0.03581205975948821,-0.984790820971022,-0.9765761345647909,-0.4606423354415069,-0.4845370046920045,-0.7169736594549662,-0.012758982055980528,0.0,0.0,0.0,0.0,0.0,0.0,0.0,0.0,0.0,0.0,0.0,0.0,0.0,0.0,0.0,0.0,0.0,0.0,0.0,0.0,0.0,0.0,0.0,0.0,0.0,0.0,0.0,0.0,-0.0175500746705701,-0.0356965738534285,0.0292610561464954,SPY
2010-08-19,-1.3640161801063724,0.7589597402559437,0.11530505892369819,-0.014560172019298991,-0.994480699916239,-0.9781241180407525,-1.0748025851287843,-0.9098308517591641,0.477473660028875,0.7017440130789315,0.0,0.0,0.0,0.0,0.0,0.0,0.0,0.0,0.0,0.0,0.0,0.0,0.0,0.0,0.0,0.0,0.0,0.0,0.0,0.0,0.0,0.0,0.0,0.0,0.0,0.0,0.0,0.0,-0.0032494430880749,-0.0248703976252429,0.0471843623894789,SPY
2010-08-20,-0.2704936699991094,-0.9207217062095967,-0.3214497787231403,-0.04348837132164629,-1.0039560482347336,-0.9809456759342708,-1.1452125469407977,-1.818440579046446,-0.3117945805169624,1.4162470082138434,0.0,0.0,0.0,0.0,0.0,0.0,0.0,0.0,0.0,0.0,0.0,0.0,0.0,0.0,0.0,0.0,0.0,0.0,0.0,0.0,0.0,0.0,0.0,0.0,0.0,0.0,0.0,0.0,-0.0038201082590312,-0.0062502774527741,0.0656085439018649,SPY
2010-08-23,-0.3141305685916708,-1.2070259591255945,-0.3329285450156896,-0.0906691806451899,-1.0154006096679324,-0.9852955962019101,-1.2105369248564055,-1.7990441898442011,-0.9682164810493744,-1.4417649723258046,0.0,0.0,0.0,0.0,0.0,0.0,0.0,0.0,0.0,0.0,0.0,0.0,0.0,0.0,0.0,0.0,0.0,0.0,0.0,0.0,0.0,0.0,0.0,0.0,0.0,0.0,0.0,0.0,-0.0149544062488855,-0.017041385875947,0.067412909358385,SPY
2010-08-24,-1.1655339080813318,-0.43210236623440634,-0.4615817413158484,-0.03956569531964349,-1.02875574545151,-0.9911934703213005,-1.6483482704850354,-2.313199952295684,0.7898790423980669,-0.7272619771908926,0.0,0.0,0.0,0.0,0.0,0.0,0.0,0.0,0.0,0.0,0.0,0.0,0.0,0.0,0.0,0.0,0.0,0.0,0.0,0.0,0.0,0.0,0.0,0.0,0.0,0.0,0.0,0.0,0.0038774584131333,-0.0020869796270615,0.0774417361004049,SPY
2010-08-25,0.2744771708991357,-1.0927341431345585,-1.5022217239526765,-0.03129523630766859,-1.035306662258823,-0.9959842383345716,-1.4305170902143574,-2.128973563438846,0.6653821429805009,-0.012758982055980528,0.0,0.0,0.0,0.0,0.0,0.0,0.0,0.0,0.0,0.0,0.0,0.0,0.0,0.0,0.0,0.0,0.0,0.0,0.0,0.0,0.0,0.0,0.0,0.0,0.0,0.0,0.0,0.0,-0.0067238984423845,0.023508526261339,0.0654198033074493,SPY
2010-08-26,-0.5361739036575258,-0.6582810757839969,-1.423527755782127,-0.02708151543587839,-1.041935377614381,-1.000941514158229,-1.5884023387975157,-2.155723060797314,-0.048756950696199584,0.7017440130789315,0.0,0.0,0.0,0.0,0.0,0.0,0.0,0.0,0.0,0.0,0.0,0.0,0.0,0.0,0.0,0.0,0.0,0.0,0.0,0.0,0.0,0.0,0.0,0.0,0.0,0.0,0.0,0.0,0.0153706770843937,0.0395016045394669,0.0925561020088236,SPY
2010-08-27,1.153326000624419,-0.19374864434465014,-1.0087919330725823,0.0667696354781513,-1.0447624184700681,-1.0042823449563218,-0.979679942325168,-1.7753600169703971,0.661409875264003,1.4162470082138434,0.0,0.0,0.0,0.0,0.0,0.0,0.0,0.0,0.0,0.0,0.0,0.0,0.0,0.0,0.0,0.0,0.0,0.0,0.0,0.0,0.0,0.0,0.0,0.0,0.0,0.0,0.0,0.0,-0.0146112166822041,0.0370192121468191,0.0723839692268972,SPY
2010-08-30,-1.139291324721626,0.4549322074258287,-0.2954809083938645,-0.08450503176938219,-1.0505139497901188,-1.0115811775968147,-1.3836352539634098,-1.8854085718372988,-0.9148336567745516,-1.4417649723258046,0.0,0.0,0.0,0.0,0.0,0.0,0.0,0.0,0.0,0.0,0.0,0.0,0.0,0.0,0.0,0.0,0.0,0.0,0.0,0.0,0.0,0.0,0.0,0.0,0.0,0.0,0.0,0.0,0.0,0.0402938418902527,0.0904894622142347,SPY
2010-08-31,-0.022019388172853975,0.009769502326964111,-0.7088733320439434,-0.08157291508204,-1.0588584974871869,-1.018350990967601,-1.2696589006279129,-1.4554770875504934,0.780550313219265,-0.7272619771908926,0.0,0.0,0.0,0.0,0.0,0.0,0.0,0.0,0.0,0.0,0.0,0.0,0.0,0.0,0.0,0.0,0.0,0.0,0.0,0.0,0.0,0.0,0.0,0.0,0.0,0.0,0.0,0.0,0.0294729643015339,0.0472922105989619,0.0887438940979246,SPY
2010-09-01,2.2316817660311106,-0.8577563134243638,-0.1359907326809983,0.2075966592580809,-1.0614515531663253,-1.022769511031157,-0.11655296480306887,-0.3856151615668644,0.5592284473543776,-0.012758982055980528,0.0,0.0,0.0,0.0,0.0,0.0,0.0,0.0,0.0,0.0,0.0,0.0,0.0,0.0,0.0,0.0,0.0,0.0,0.0,0.0,0.0,0.0,0.0,0.0,0.0,0.0,0.0,0.0,0.0092691798357433,0.0224280190500332,0.0562962423376189,SPY
2010-09-02,0.6867644681307207,1.6303686312130403,0.8445376615138059,0.24118221879699553,-1.058351559081255,-1.0260809546128045,0.2876705509196222,-0.0961739688715133,-1.0766369996346086,0.7017440130789315,0.0,0.0,0.0,0.0,0.0,0.0,0.0,0.0,0.0,0.0,0.0,0.0,0.0,0.0,0.0,0.0,0.0,0.0,0.0,0.0,0.0,0.0,0.0,0.0,0.0,0.0,0.0,0.0,0.0128882846917459,0.0181944742967816,0.0512240024935692,SPY
2010-09-03,0.9635055759375706,2.1535240364172448,1.4572103482994672,0.2914641965517369,-1.0518006815760628,-1.0275505129298232,0.8008805182504104,0.1719649740159294,-0.12542207602916366,1.4162470082138434,0.0,0.0,0.0,0.0,0.0,0.0,0.0,0.0,0.0,0.0,0.0,0.0,0.0,0.0,0.0,0.0,0.0,0.0,0.0,0.0,0.0,0.0,0.0,0.0,0.0,0.0,0.0,0.0,-0.0113365869387704,0.0163684530133618,0.0308037877653468,SPY
2010-09-07,-0.8888911017626117,1.217479538932885,1.362113332552362,0.3083420643406233,-1.04688756274929,-1.0308325890444985,0.4303064457820628,-0.3370781624446153,-1.2724071328917073,-0.7272619771908926,0.0,0.0,0.0,0.0,0.0,0.0,0.0,0.0,0.0,0.0,0.0,0.0,0.0,0.0,0.0,0.0,0.0,0.0,0.0,0.0,0.0,0.0,0.0,0.0,0.0,0.0,0.0,0.0,0.0069983687087091,0.0270835691358009,0.0620721554054028,SPY
2010-09-08,0.5131229706003948,0.05448362586462822,1.4875598643736616,0.32125729374178197,-1.0373732660290216,-1.0327626260837273,0.7295103010383498,-0.22836427979513252,-1.1091717854232377,-0.012758982055980528,0.0,0.0,0.0,0.0,0.0,0.0,0.0,0.0,0.0,0.0,0.0,0.0,0.0,0.0,0.0,0.0,0.0,0.0,0.0,0.0,0.0,0.0,0.0,0.0,0.0,0.0,0.0,0.0,0.0046087727526051,0.0238949758322446,0.0549876448057391,SPY
2010-09-09,0.3303983858163515,-0.27794507196278756,1.7556576805236288,0.1142257694525067,-1.0276639128829181,-1.0311754991514521,0.8763330903246748,0.2898581297020245,-1.117435135011661,0.7017440130789315,0.0,0.0,0.0,0.0,0.0,0.0,0.0,0.0,0.0,0.0,0.0,0.0,0.0,0.0,0.0,0.0,0.0,0.0,0.0,0.0,0.0,0.0,0.0,0.0,0.0,0.0,0.0,0.0,0.0050356350824918,0.0190210846885516,0.0491713272030605,SPY
2010-09-10,0.363039151628353,0.6220160096315961,0.8031449261860889,0.1037713785837397,-1.0154786833310239,-1.0283833284743789,1.0183223850184333,0.4688734857298173,-1.375640048359427,1.4162470082138434,0.0,0.0,0.0,0.0,0.0,0.0,0.0,0.0,0.0,0.0,0.0,0.0,0.0,0.0,0.0,0.0,0.0,0.0,0.0,0.0,0.0,0.0,0.0,0.0,0.0,0.0,0.0,0.0,0.0110622634083261,0.0143586811784732,0.0497290183317025,SPY
2010-09-13,0.8238757025410208,0.5112387106981906,0.6409636879344609,0.1237959917460465,-1.0040535960987118,-1.0240627756737122,1.3652670247258172,0.7489246865826967,-0.5490503517136113,-1.4417649723258046,0.0,0.0,0.0,0.0,0.0,0.0,0.0,0.0,0.0,0.0,0.0,0.0,0.0,0.0,0.0,0.0,0.0,0.0,0.0,0.0,0.0,0.0,0.0,0.0,0.0,0.0,0.0,0.0,-0.0006214708163314,0.0184711561944581,0.0396100227272659,SPY
2010-09-14,-0.06954122824773457,0.8754757390872808,0.5710113406511604,0.1240341875507281,-0.9897430650591126,-1.0197618439748855,1.2633151428892186,1.1946910307648524,-0.05975387611443979,-0.7272619771908926,0.0,0.0,0.0,0.0,0.0,0.0,0.0,0.0,0.0,0.0,0.0,0.0,0.0,0.0,0.0,0.0,0.0,0.0,0.0,0.0,0.0,0.0,0.0,0.0,0.0,0.0,0.0,0.0,0.0038097754051529,0.0170768842082784,0.0433129609516766,SPY
2010-09-15,0.2693016727156196,0.5561869151322735,0.981492604469722,0.092892632501681,-0.9745942001304774,-1.0163426472662707,1.348312093730635,1.196860127238892,-0.7035235978447667,-0.012758982055980528,0.0,0.0,0.0,0.0,0.0,0.0,0.0,0.0,0.0,0.0,0.0,0.0,0.0,0.0,0.0,0.0,0.0,0.0,0.0,0.0,0.0,0.0,0.0,0.0,0.0,0.0,0.0,0.0,-0.0002651183910877,0.0083415292962598,0.0472503767657448,SPY
2010-09-16,-0.04229212415835348,0.14685422688213734,0.8593420095446475,0.0938162942988882,-0.9656451858145596,-1.0131487525504062,1.2803691819601406,1.4283011984481304,-0.19426455767625767,0.7017440130789315,0.0,0.0,0.0,0.0,0.0,0.0,0.0,0.0,0.0,0.0,0.0,0.0,0.0,0.0,0.0,0.0,0.0,0.0,0.0,0.0,0.0,0.0,0.0,0.0,0.0,0.0,0.0,0.0,0.0003732315724134,0.0004621733075254,0.0436069824172475,SPY
2010-09-17,0.006520409077525024,0.16696686907136063,0.6726299876200743,-0.02380266777125149,-0.9585830663212017,-1.0080422497056043,1.2028019029989587,1.254548700319129,-0.24540983809791336,1.4162470082138434,0.0,0.0,0.0,0.0,0.0,0.0,0.0,0.0,0.0,0.0,0.0,0.0,0.0,0.0,0.0,0.0,0.0,0.0,0.0,0.0,0.0,0.0,0.0,0.0,0.0,0.0,0.0,0.0,0.015174738424311,0.0205013419941018,0.0452747585098061,SPY
2010-09-20,1.1383432123353368,-0.026992738270174094,0.494019764139507,0.01342258232016521,-0.950918071944889,-1.0008987170493326,1.6608404125705034,2.0613644541007363,0.06883360324670292,-1.4417649723258046,0.0,0.0,0.0,0.0,0.0,0.0,0.0,0.0,0.0,0.0,0.0,0.0,0.0,0.0,0.0,0.0,0.0,0.0,0.0,0.0,0.0,0.0,0.0,0.0,0.0,0.0,0.0,0.0,-0.0020157428025111,0.0005251478722581,0.0350157701967939,SPY
2010-09-21,-0.17615664542733286,0.8444376031077179,0.6515629883747174,0.00625683051332531,-0.9412667680312974,-0.9935800361880549,1.450619906263935,1.959153359503434,0.923409453475364,-0.7272619771908926,0.0,0.0,0.0,0.0,0.0,0.0,0.0,0.0,0.0,0.0,0.0,0.0,0.0,0.0,0.0,0.0,0.0,0.0,0.0,0.0,0.0,0.0,0.0,0.0,0.0,0.0,0.0,0.0,-0.0049255795068656,0.0060351669799025,0.023840220018318,SPY
2010-09-22,-0.3986623381719034,0.709603143178835,0.598150358921703,-0.0833005414697752,-0.9342144151149734,-0.9852552282782441,1.112301279187295,1.3995958202020276,-0.3189504622422371,-0.012758982055980528,0.0,0.0,0.0,0.0,0.0,0.0,0.0,0.0,0.0,0.0,0.0,0.0,0.0,0.0,0.0,0.0,0.0,0.0,0.0,0.0,0.0,0.0,0.0,0.0,0.0,0.0,0.0,0.0,-0.0081444743798222,0.0092151783704581,0.038484848221671,SPY
2010-09-23,-0.6448006979318671,-0.42486507929198103,0.2635110061404422,-0.03740782080656959,-0.9299597247189929,-0.9782382403728971,0.6781493754075358,0.8024794374189215,-0.10467678537001719,0.7017440130789315,0.0,0.0,0.0,0.0,0.0,0.0,0.0,0.0,0.0,0.0,0.0,0.0,0.0,0.0,0.0,0.0,0.0,0.0,0.0,0.0,0.0,0.0,0.0,0.0,0.0,0.0,0.0,0.0,0.0204124002589898,0.0143849652915086,0.048832226042454,SPY
2010-09-24,1.5388500769105886,-0.7707726038554937,-0.03833621300064271,0.01334091063266521,-0.9222493560441456,-0.9682406224403874,1.2827200952114268,0.9683854512544577,0.04430304739279502,1.4162470082138434,0.0,0.0,0.0,0.0,0.0,0.0,0.0,0.0,0.0,0.0,0.0,0.0,0.0,0.0,0.0,0.0,0.0,0.0,0.0,0.0,0.0,0.0,0.0,0.0,0.0,0.0,0.0,0.0,-0.0048014556975326,-0.0018304949757874,0.0302804551795627,SPY
2010-09-27,-0.3891709965648626,0.6593108885745607,0.7293365956134735,-0.0015991067074643901,-0.918034714509323,-0.9603815959863988,0.960450083967876,1.2760518105293157,-1.4342474322808505,-1.4417649723258046,0.0,0.0,0.0,0.0,0.0,0.0,0.0,0.0,0.0,0.0,0.0,0.0,0.0,0.0,0.0,0.0,0.0,0.0,0.0,0.0,0.0,0.0,0.0,0.0,0.0,0.0,0.0,0.0,0.0034942763051333,-0.0045609693147312,0.0380352321835184,SPY
2010-09-28,0.24517648874735892,0.8479919072116529,-0.035923744612570904,-0.1182316439108896,-0.912899519048622,-0.9506100404013664,0.9237254523062588,1.219868241711857,0.12752178815001913,-0.7272619771908926,0.0,0.0,0.0,0.0,0.0,0.0,0.0,0.0,0.0,0.0,0.0,0.0,0.0,0.0,0.0,0.0,0.0,0.0,0.0,0.0,0.0,0.0,0.0,0.0,0.0,0.0,0.0,0.0,-0.0017455681163101,0.0118765350814209,0.0347091885364401,SPY
2010-09-29,-0.15549727109706918,-0.1068722932049476,0.1751574589064299,-0.11171509407271729,-0.9089946568304293,-0.9410354660642033,0.6918863601591879,1.035684671935403,-0.424004300151705,-0.012758982055980528,0.0,0.0,0.0,0.0,0.0,0.0,0.0,0.0,0.0,0.0,0.0,0.0,0.0,0.0,0.0,0.0,0.0,0.0,0.0,0.0,0.0,0.0,0.0,0.0,0.0,0.0,0.0,0.0,-0.0029746874587717,0.0135359613067764,0.0335868801338072,SPY
2010-09-30,-0.24948400593717346,0.06560295640107663,0.2969792926259088,-0.3509209521249587,-0.905697798421964,-0.934881865888262,0.4740510779498399,0.7621466572635872,1.6375999624037254,0.7017440130789315,0.0,0.0,0.0,0.0,0.0,0.0,0.0,0.0,0.0,0.0,0.0,0.0,0.0,0.0,0.0,0.0,0.0,0.0,0.0,0.0,0.0,0.0,0.0,0.0,0.0,0.0,0.0,0.0,0.0041969399916936,0.0153031039154747,0.0367304243447019,SPY
2010-10-01,0.2989068819720317,-0.2995073790470272,0.4950266721201425,-0.3685584243014736,-0.9015423655322191,-0.9292450008095616,0.5364763232256016,0.5819081948248536,-0.5105211155373137,1.4162470082138434,0.0,0.0,0.0,0.0,0.0,0.0,0.0,0.0,0.0,0.0,0.0,0.0,0.0,0.0,0.0,0.0,0.0,0.0,0.0,0.0,0.0,0.0,0.0,0.0,0.0,0.0,0.0,0.0,-0.0075319300364764,0.0166994901349148,0.0332931563145351,SPY
2010-10-04,-0.5979614360416847,0.03588963474094042,-0.1261651607877942,-0.3797261180589246,-0.9024440151379629,-0.9258463929269849,0.19563594539644683,0.23190220864108588,-0.6852189984770883,-1.4417649723258046,0.0,0.0,0.0,0.0,0.0,0.0,0.0,0.0,0.0,0.0,0.0,0.0,0.0,0.0,0.0,0.0,0.0,0.0,0.0,0.0,0.0,0.0,0.0,0.0,0.0,0.0,0.0,0.0,0.0199317807012855,0.0251746879752809,0.0411627963253113,SPY
2010-10-05,1.502098671763506,-0.22132255982230353,-0.2307658524337445,-0.32694231130080603,-0.8984062724491375,-0.9189675920871421,0.8315394857906229,0.6596358160866762,0.5176674303081731,-0.7272619771908926,0.0,0.0,0.0,0.0,0.0,0.0,0.0,0.0,0.0,0.0,0.0,0.0,0.0,0.0,0.0,0.0,0.0,0.0,0.0,0.0,0.0,0.0,0.0,0.0,0.0,0.0,0.0,0.0,-8.614189095457192e-05,0.0083243746820746,0.02913018110433,SPY
2010-10-06,-0.028606376745955477,0.666756764683536,0.3989321836356748,-0.330074693637589,-0.8932903939808402,-0.9128530069959383,0.7241228694472129,0.6670738092733285,-1.0410292551474791,-0.012758982055980528,0.0,0.0,0.0,0.0,0.0,0.0,0.0,0.0,0.0,0.0,0.0,0.0,0.0,0.0,0.0,0.0,0.0,0.0,0.0,0.0,0.0,0.0,0.0,0.0,0.0,0.0,0.0,0.0,-0.0012075448500734,0.0161577077922503,0.0332262140597299,SPY
2010-10-07,-0.11435639216474087,1.0869993733460965,0.4625025048915621,-0.3256907993249915,-0.886645702313152,-0.9073760237792918,0.5856174352022744,0.6069840389658173,-0.7161311892354568,0.7017440130789315,0.0,0.0,0.0,0.0,0.0,0.0,0.0,0.0,0.0,0.0,0.0,0.0,0.0,0.0,0.0,0.0,0.0,0.0,0.0,0.0,0.0,0.0,0.0,0.0,0.0,0.0,0.0,0.0,0.0055933262111338,0.0134567399027387,0.0535085890817788,SPY
2010-10-08,0.4056839676519782,-0.106110763747054,0.5301992916624542,-0.3243718655625295,-0.8832743074324729,-0.9018073931312495,0.7035138484103467,0.37706423883695,-0.449508438127417,1.4162470082138434,0.0,0.0,0.0,0.0,0.0,0.0,0.0,0.0,0.0,0.0,0.0,0.0,0.0,0.0,0.0,0.0,0.0,0.0,0.0,0.0,0.0,0.0,0.0,0.0,0.0,0.0,0.0,0.0,0.0009432678038896,0.0099044213565768,0.0516707770816982,SPY
2010-10-11,0.05010921472572822,0.21444018994518194,0.5836929144645671,-0.3565694462161563,-0.878609322545759,-0.8973453452282807,0.6640338000798046,0.4928399732482757,-1.8179957952498849,-1.4417649723258046,0.0,0.0,0.0,0.0,0.0,0.0,0.0,0.0,0.0,0.0,0.0,0.0,0.0,0.0,0.0,0.0,0.0,0.0,0.0,0.0,0.0,0.0,0.0,0.0,0.0,0.0,0.0,0.0,0.0030814674080792,0.013876903663986,0.0488517607008383,SPY
2010-10-12,0.21361034296581394,0.33583272795198876,0.9083660100123088,-0.3592484305656044,-0.8740227060880426,-0.8924600957341784,0.6986845095874149,0.8056957889224222,-0.3003809137827647,-0.7272619771908926,0.0,0.0,0.0,0.0,0.0,0.0,0.0,0.0,0.0,0.0,0.0,0.0,0.0,0.0,0.0,0.0,0.0,0.0,0.0,0.0,0.0,0.0,0.0,0.0,0.0,0.0,0.0,0.0,0.007747191219221,-0.0023958567250801,0.0385595040444703,SPY
2010-10-13,0.5703829780760171,0.19406263251588052,0.2628538366211764,-0.3474251394628972,-0.8672603635215557,-0.8870997825317476,0.9031416064916484,1.3950875153375455,-0.04846879765453459,-0.012758982055980528,0.0,0.0,0.0,0.0,0.0,0.0,0.0,0.0,0.0,0.0,0.0,0.0,0.0,0.0,0.0,0.0,0.0,0.0,0.0,0.0,0.0,0.0,0.0,0.0,0.0,0.0,0.0,0.0,-0.003908512739585,-0.0004239992478138,0.0348338932382734,SPY
2010-10-14,-0.3208905699889695,0.5780781953168247,0.5629379830022955,-0.3340176855914339,-0.8607332048463036,-0.8821631745320222,0.6715539250739839,0.7049440866556423,0.4278760887650736,0.7017440130789315,0.0,0.0,0.0,0.0,0.0,0.0,0.0,0.0,0.0,0.0,0.0,0.0,0.0,0.0,0.0,0.0,0.0,0.0,0.0,0.0,0.0,0.0,0.0,0.0,0.0,0.0,0.0,0.0,0.0020410076649719,0.0056874169327318,0.0349679507981628,SPY
2010-10-15,0.13404979045560564,0.18356153242726303,0.4594676425830915,-0.335438950091777,-0.8546765122088241,-0.8770315404822959,0.6631825605937987,1.0765800398587186,0.9648200646917956,1.4162470082138434,0.0,0.0,0.0,0.0,0.0,0.0,0.0,0.0,0.0,0.0,0.0,0.0,0.0,0.0,0.0,0.0,0.0,0.0,0.0,0.0,0.0,0.0,0.0,0.0,0.0,0.0,0.0,0.0,0.0049157501112988,0.0055070386638584,0.0210179368997378,SPY
2010-10-18,0.3538719401057811,-0.13849724972962854,0.3233832371830381,-0.4071117268680468,-0.845797278808496,-0.873022772618476,0.7828737533476375,1.1159446448799064,-1.052832258596664,-1.4417649723258046,0.0,0.0,0.0,0.0,0.0,0.0,0.0,0.0,0.0,0.0,0.0,0.0,0.0,0.0,0.0,0.0,0.0,0.0,0.0,0.0,0.0,0.0,0.0,0.0,0.0,0.0,0.0,0.0,-0.0131912929809869,0.0035446098589826,0.0146867653554032,SPY
2010-10-19,-1.0307144048171624,0.35954690187705207,0.4755635345694017,-0.3196283061714936,-0.844444833876471,-0.8703141817129072,0.23990580535660513,0.4311664956650744,1.638000743038012,-0.7272619771908926,0.0,0.0,0.0,0.0,0.0,0.0,0.0,0.0,0.0,0.0,0.0,0.0,0.0,0.0,0.0,0.0,0.0,0.0,0.0,0.0,0.0,0.0,0.0,0.0,0.0,0.0,0.0,0.0,0.0097190486964873,0.0169041354980246,0.0121759322675201,SPY
2010-10-20,0.7211644680875084,-0.5001689044664406,-0.1478233866728455,-0.3095059128715265,-0.840838215802436,-0.8659310922046626,0.5333156524341677,0.8354349450469758,0.08375005135870191,-0.012758982055980528,0.0,0.0,0.0,0.0,0.0,0.0,0.0,0.0,0.0,0.0,0.0,0.0,0.0,0.0,0.0,0.0,0.0,0.0,0.0,0.0,0.0,0.0,0.0,0.0,0.0,0.0,0.0,0.0,0.0022029034409607,0.0043172102825943,0.0029647351995292,SPY
2010-10-21,0.14642943077524984,-0.22906923198397613,-0.07228425671014531,-0.354162785876942,-0.8364476186725163,-0.8603858153089372,0.5248675624069096,0.791478175677103,0.4819244045103236,0.7017440130789315,0.0,0.0,0.0,0.0,0.0,0.0,0.0,0.0,0.0,0.0,0.0,0.0,0.0,0.0,0.0,0.0,0.0,0.0,0.0,0.0,0.0,0.0,0.0,0.0,0.0,0.0,0.0,0.0,0.0018606293960985,0.0022831635937565,0.0153729289408977,SPY
2010-10-22,0.12025685437376953,0.6397840225252771,0.1618356360512708,-0.5111013128457493,-0.8328999144776524,-0.8569089402632055,0.5377942045776237,1.24752799259179,-1.6309794480924802,1.4162470082138434,0.0,0.0,0.0,0.0,0.0,0.0,0.0,0.0,0.0,0.0,0.0,0.0,0.0,0.0,0.0,0.0,0.0,0.0,0.0,0.0,0.0,0.0,0.0,0.0,0.0,0.0,0.0,0.0,0.002953321306423,0.0011822061591848,0.0162592816301847,SPY
2010-10-25,0.20381142982444772,0.19625238259461572,0.1549255943002997,-0.5318354334534321,-0.8288816656407745,-0.8525455804789056,0.5775244613012056,0.8313332323736737,-0.7966543055537864,-1.4417649723258046,0.0,0.0,0.0,0.0,0.0,0.0,0.0,0.0,0.0,0.0,0.0,0.0,0.0,0.0,0.0,0.0,0.0,0.0,0.0,0.0,0.0,0.0,0.0,0.0,0.0,0.0,0.0,0.0,0.0001682326580549,-0.0014334051729383,0.0124742496120742,SPY
2010-10-26,-0.009155187213828075,0.23860620131809532,0.07974766372309929,-0.5318786597825136,-0.8255299218205259,-0.8485565225895565,0.518274028691286,0.8429071693863978,-0.6376926607786068,-0.7272619771908926,0.0,0.0,0.0,0.0,0.0,0.0,0.0,0.0,0.0,0.0,0.0,0.0,0.0,0.0,0.0,0.0,0.0,0.0,0.0,0.0,0.0,0.0,0.0,0.0,0.0,0.0,0.0,0.0,-0.0028678765189429,0.0062975276493109,-0.0022764947498856,SPY
2010-10-27,-0.24131652281905186,0.14308680079429761,0.5915325949985003,-0.5272600429006307,-0.8246283115169031,-0.8447053555236106,0.3471784988917381,0.7238236591777572,-0.07264553992742069,-0.012758982055980528,0.0,0.0,0.0,0.0,0.0,0.0,0.0,0.0,0.0,0.0,0.0,0.0,0.0,0.0,0.0,0.0,0.0,0.0,0.0,0.0,0.0,0.0,0.0,0.0,0.0,0.0,0.0,0.0,0.0001688567521229,0.0131752952326991,0.0152572207903443,SPY
2010-10-28,-0.009107464782280576,-0.18546342274971103,0.10934491630412829,-0.5374791638147534,-0.8227858870440979,-0.8404996064119213,0.285009824739157,0.5297021622627274,-0.4807031741718972,0.7017440130789315,0.0,0.0,0.0,0.0,0.0,0.0,0.0,0.0,0.0,0.0,0.0,0.0,0.0,0.0,0.0,0.0,0.0,0.0,0.0,0.0,0.0,0.0,0.0,0.0,0.0,0.0,0.0,0.0,0.0007596719615268,0.0320812686525515,0.0033729333725958,SPY
2010-10-29,0.03607024132600952,-0.18542819868557422,0.03142340374565859,-0.540070611418464,-0.821237481737458,-0.8366780141824187,0.2514418421857406,0.5229271027633201,-0.9411384774606026,1.4162470082138434,0.0,0.0,0.0,0.0,0.0,0.0,0.0,0.0,0.0,0.0,0.0,0.0,0.0,0.0,0.0,0.0,0.0,0.0,0.0,0.0,0.0,0.0,0.0,0.0,0.0,0.0,0.0,0.0,0.0003377099742998,0.0350771109020779,0.0056390450465677,SPY
2010-11-01,0.003804188684871024,0.019311770635108014,-0.010752751322510709,-0.5858428070741948,-0.8207475021966778,-0.831969947089084,0.18787082138021502,0.4086116698428499,-0.3603718279554643,-1.4417649723258046,0.0,0.0,0.0,0.0,0.0,0.0,0.0,0.0,0.0,0.0,0.0,0.0,0.0,0.0,0.0,0.0,0.0,0.0,0.0,0.0,0.0,0.0,0.0,0.0,0.0,0.0,0.0,0.0,0.0078991654803042,0.0328636523508079,-0.0003377099742998,SPY
2010-11-02,0.5820039526107936,0.028841899236923815,-0.11095320020235372,-0.7656259620660718,-0.8153768477298959,-0.8285915626672872,0.4297855692500256,0.4198177164150762,-0.682031952228022,-0.7272619771908926,0.0,0.0,0.0,0.0,0.0,0.0,0.0,0.0,0.0,0.0,0.0,0.0,0.0,0.0,0.0,0.0,0.0,0.0,0.0,0.0,0.0,0.0,0.0,0.0,0.0,0.0,0.0,0.0,0.0040098910644452,0.017753697622215,0.0128083493608146,SPY
2010-11-03,0.2846038624684797,0.43179714349336085,0.1852081329191469,-0.7633193030190594,-0.8112998815244509,-0.8247305307393689,0.5183092535609136,0.8809328550244064,0.6457677756129139,-0.012758982055980528,0.0,0.0,0.0,0.0,0.0,0.0,0.0,0.0,0.0,0.0,0.0,0.0,0.0,0.0,0.0,0.0,0.0,0.0,0.0,0.0,0.0,0.0,0.0,0.0,0.0,0.0,0.0,0.0,0.0190748301719754,0.0177653869707938,0.0215256491924833,SPY
2010-11-04,1.4365704684500251,0.639056191245365,0.4486858869275536,-0.5940175799169343,-0.8032046271800067,-0.8184563402787393,1.1419074361717043,1.3436056941678118,0.4482439934740463,0.7017440130789315,0.0,0.0,0.0,0.0,0.0,0.0,0.0,0.0,0.0,0.0,0.0,0.0,0.0,0.0,0.0,0.0,0.0,0.0,0.0,0.0,0.0,0.0,0.0,0.0,0.0,0.0,0.0,0.0,0.0037555142110532,-0.0050838983808771,0.0051400941975927,SPY
2010-11-05,0.2651524967277596,1.2698141972182553,1.172947553756284,-0.5981849435320403,-0.7946389264488514,-0.8123693057029532,1.185940076990708,1.3231476644333535,-0.21703012330722196,1.4162470082138434,0.0,0.0,0.0,0.0,0.0,0.0,0.0,0.0,0.0,0.0,0.0,0.0,0.0,0.0,0.0,0.0,0.0,0.0,0.0,0.0,0.0,0.0,0.0,0.0,0.0,0.0,0.0,0.0,-0.0018757485769702,-0.0207484188253834,0.0003254179901874,SPY
2010-11-08,-0.16545174501570387,1.2554570881569238,1.287714122660878,-0.5889010057235962,-0.7872101181678558,-0.8066171135742296,1.0196980124073551,2.234205841903349,-0.7071116214680017,-1.4417649723258046,0.0,0.0,0.0,0.0,0.0,0.0,0.0,0.0,0.0,0.0,0.0,0.0,0.0,0.0,0.0,0.0,0.0,0.0,0.0,0.0,0.0,0.0,0.0,0.0,0.0,0.0,0.0,0.0,-0.0072107892482886,-0.0202880916814489,0.0027716176811001,SPY
2010-11-09,-0.5734048506369669,0.07299987954798502,1.202919590044232,-0.5421507770817794,-0.78154548383703,-0.8020863473785033,0.6714109187675731,1.394566117317356,-0.11057880747361529,-0.7272619771908926,0.0,0.0,0.0,0.0,0.0,0.0,0.0,0.0,0.0,0.0,0.0,0.0,0.0,0.0,0.0,0.0,0.0,0.0,0.0,0.0,0.0,0.0,0.0,0.0,0.0,0.0,0.0,0.0,0.0040215804130241,-0.0287794285020304,0.0136391244518847,SPY
2010-11-10,0.285497708710569,-0.5459417130772021,0.6240781437769931,-0.5579861782237483,-0.7742538989110221,-0.7979692339035129,0.7575191377920435,1.4397983992534065,0.5734786014540634,-0.012758982055980528,0.0,0.0,0.0,0.0,0.0,0.0,0.0,0.0,0.0,0.0,0.0,0.0,0.0,0.0,0.0,0.0,0.0,0.0,0.0,0.0,0.0,0.0,0.0,0.0,0.0,0.0,0.0,0.0,-0.0037744551796956,-0.0322931572865581,0.0135036681611264,SPY
2010-11-11,-0.3106396269768753,-0.21309462282160374,0.6245259465374124,-0.5587799053907513,-0.7679031281541967,-0.7938521204285229,0.5481495015087213,1.083773859156133,-0.6913256745753927,0.7017440130789315,0.0,0.0,0.0,0.0,0.0,0.0,0.0,0.0,0.0,0.0,0.0,0.0,0.0,0.0,0.0,0.0,0.0,0.0,0.0,0.0,0.0,0.0,0.0,0.0,0.0,0.0,0.0,0.0,-0.011909006233453,-0.0139076049245332,0.0230789378871323,SPY
2010-11-12,-0.932662132457602,-0.019146854634023793,-0.2507985409745166,-0.4697444969918584,-0.7645513057297063,-0.7913897363333178,0.061721525097816324,0.21860884379484807,0.954941781828176,1.4162470082138434,0.0,0.0,0.0,0.0,0.0,0.0,0.0,0.0,0.0,0.0,0.0,0.0,0.0,0.0,0.0,0.0,0.0,0.0,0.0,0.0,0.0,0.0,0.0,0.0,0.0,0.0,0.0,0.0,-0.0014154214330357,0.0007483833943053,0.0356306035902003,SPY
2010-11-15,-0.13025203435943286,-0.9182741409598959,-0.8508846320349064,-0.4749714499450457,-0.7616111730212407,-0.789666091166041,-0.018269616669354574,0.13809502311292537,-0.5546487515759273,-1.4417649723258046,0.0,0.0,0.0,0.0,0.0,0.0,0.0,0.0,0.0,0.0,0.0,0.0,0.0,0.0,0.0,0.0,0.0,0.0,0.0,0.0,0.0,0.0,0.0,0.0,0.0,0.0,0.0,0.0,-0.0157021260688701,0.0013320941156536,0.0379287466111151,SPY
2010-11-16,-1.2227095964199757,-0.785129539442378,-0.8332501364631298,-0.4390149235580336,-0.7641789181345442,-0.7882576179703037,-0.6201170778608519,-0.4158497991649552,2.06079501887719,-0.7272619771908926,0.0,0.0,0.0,0.0,0.0,0.0,0.0,0.0,0.0,0.0,0.0,0.0,0.0,0.0,0.0,0.0,0.0,0.0,0.0,0.0,0.0,0.0,0.0,0.0,0.0,0.0,0.0,0.0,0.0005078516284964,0.0024517084806188,0.0490480544933751,SPY
2010-11-17,0.016814364333239525,-0.9992144077533409,-1.1585414939988763,-0.4804468577492942,-0.7675699051224725,-0.7879129106612689,-0.6068633593532017,-0.4030943287700773,-0.3887754248077721,-0.012758982055980528,0.0,0.0,0.0,0.0,0.0,0.0,0.0,0.0,0.0,0.0,0.0,0.0,0.0,0.0,0.0,0.0,0.0,0.0,0.0,0.0,0.0,0.0,0.0,0.0,0.0,0.0,0.0,0.0,0.0146110971823292,0.0166096958734094,0.0543254122354399,SPY
2010-11-18,1.095243410611449,-0.8906642754164681,-1.293147579057362,-0.3891471896015324,-0.7720781138490702,-0.7861104058466362,-0.09597383279034617,0.04585966815711169,0.14768748113825503,0.7017440130789315,0.0,0.0,0.0,0.0,0.0,0.0,0.0,0.0,0.0,0.0,0.0,0.0,0.0,0.0,0.0,0.0,0.0,0.0,0.0,0.0,0.0,0.0,0.0,0.0,0.0,0.0,0.0,0.0,0.0027469820853855,-0.0097168319745453,0.0407851309691311,SPY
2010-11-19,0.18803334466639804,0.8202235133686685,-0.588822522443006,-0.3879619005063302,-0.7768411968294543,-0.7841995751703059,-0.023892935109012577,0.1118494396185365,-0.668773048271435,1.4162470082138434,0.0,0.0,0.0,0.0,0.0,0.0,0.0,0.0,0.0,0.0,0.0,0.0,0.0,0.0,0.0,0.0,0.0,0.0,0.0,0.0,0.0,0.0,0.0,0.0,0.0,0.0,0.0,0.0,-0.0008317107116875,-0.0094380304244321,0.0404485231657361,SPY
2010-11-22,-0.08561758520919237,0.9466007357591335,-0.027371900827393908,-0.3891075678996067,-0.7813495234624145,-0.7827320214248389,-0.07790862651388127,-0.14497822398642682,-0.13886706113320377,-1.4417649723258046,0.0,0.0,0.0,0.0,0.0,0.0,0.0,0.0,0.0,0.0,0.0,0.0,0.0,0.0,0.0,0.0,0.0,0.0,0.0,0.0,0.0,0.0,0.0,0.0,0.0,0.0,0.0,0.0,-0.0145825117039048,-0.0142453647593123,0.0476005820607392,SPY
2010-11-23,-1.137096348944413,0.07500383458225733,-0.005010751226622809,-0.2960080037847198,-0.7875433018974587,-0.7829979184601995,-0.611851793402201,-0.7246765444441287,0.7071266763453771,-0.7272619771908926,0.0,0.0,0.0,0.0,0.0,0.0,0.0,0.0,0.0,0.0,0.0,0.0,0.0,0.0,0.0,0.0,0.0,0.0,0.0,0.0,0.0,0.0,0.0,0.0,0.0,0.0,0.0,0.0,0.014665839021287,0.0213823717600112,0.0652883099725265,SPY
2010-11-24,1.0994293399390944,-0.9030782078396713,0.037880125014829895,-0.2194177055022743,-0.7912675119171116,-0.7812052982570121,-0.09878442291931927,-0.8904686066238962,-1.0068433515177346,-0.012758982055980528,0.0,0.0,0.0,0.0,0.0,0.0,0.0,0.0,0.0,0.0,0.0,0.0,0.0,0.0,0.0,0.0,0.0,0.0,0.0,0.0,0.0,0.0,0.0,0.0,0.0,0.0,0.0,0.0,-0.0117154306656255,0.0194437236348381,0.0491904984160473,SPY
2010-11-26,-0.9178600421020072,-0.028391660173131893,0.5802530206243872,-0.1644503961756082,-0.7968341857116905,-0.7808112863875897,-0.537541970795781,-1.3043919469605574,-2.2495740805221143,1.4162470082138434,0.0,0.0,0.0,0.0,0.0,0.0,0.0,0.0,0.0,0.0,0.0,0.0,0.0,0.0,0.0,0.0,0.0,0.0,0.0,0.0,0.0,0.0,0.0,0.0,0.0,0.0,0.0,0.0,0.0030257836354987,0.0338484294775485,0.0613039799239105,SPY
2010-11-29,0.20935238705574033,0.13342728917450994,-0.4282798127578315,-0.16171395675612288,-0.798872629512292,-0.7801513083596504,-0.4365647209014484,-1.1520288421361276,0.8120234340862177,-1.4417649723258046,0.0,0.0,0.0,0.0,0.0,0.0,0.0,0.0,0.0,0.0,0.0,0.0,0.0,0.0,0.0,0.0,0.0,0.0,0.0,0.0,0.0,0.0,0.0,0.0,0.0,0.0,0.0,0.0,-0.0056390450465677,0.0297634838456977,0.0597096786053814,SPY
2010-11-30,-0.4532187137661864,-0.5235410726291084,-0.4175993113673352,-0.14973785606539378,-0.8018912092539978,-0.7801907283085923,-0.642937230023163,-1.1138491692551162,1.0118301600015778,-0.7272619771908926,0.0,0.0,0.0,0.0,0.0,0.0,0.0,0.0,0.0,0.0,0.0,0.0,0.0,0.0,0.0,0.0,0.0,0.0,0.0,0.0,0.0,0.0,0.0,0.0,0.0,0.0,0.0,0.0,0.0210452248154187,0.0359729800062078,0.0660637763168265,SPY
2010-12-01,1.5872401003449874,-0.18058797029993484,-0.6017616340926625,-0.02274339057417879,-0.7963048057947464,-0.7786738403785277,0.11160193560227923,-0.5776703283058382,0.7201673087121706,-0.012758982055980528,0.0,0.0,0.0,0.0,0.0,0.0,0.0,0.0,0.0,0.0,0.0,0.0,0.0,0.0,0.0,0.0,0.0,0.0,0.0,0.0,0.0,0.0,0.0,0.0,0.0,0.0,0.0,0.0,0.0127271908961139,0.0185844727132851,0.0434290533772703,SPY
2010-12-02,0.9511872604319924,0.8364349183576482,0.7630876261799944,0.01924228730776311,-0.7877979796406418,-0.7761031106721518,0.5490883743537412,-0.1658084582775863,0.08662119466633492,0.7017440130789315,0.0,0.0,0.0,0.0,0.0,0.0,0.0,0.0,0.0,0.0,0.0,0.0,0.0,0.0,0.0,0.0,0.0,0.0,0.0,0.0,0.0,0.0,0.0,0.0,0.0,0.0,0.0,0.0,0.0026892751770848,0.009743405939437,0.0309403729806554,SPY
2010-12-03,0.18362068618684152,1.8730310117485973,0.6888207005183996,-0.0907573580627523,-0.7820548196723345,-0.7754825427184179,0.6409539824985823,0.2230987103030869,-0.7508482226111881,1.4162470082138434,0.0,0.0,0.0,0.0,0.0,0.0,0.0,0.0,0.0,0.0,0.0,0.0,0.0,0.0,0.0,0.0,0.0,0.0,0.0,0.0,0.0,0.0,0.0,0.0,0.0,0.0,0.0,0.0,-0.001059161996352,0.0128549453086623,0.0385359505238538,SPY
2010-12-06,-0.10301004080100677,0.8370154805880168,1.240645038368359,-0.09475641878450759,-0.7772134468671943,-0.7754432017673694,0.6002201437727037,0.23314658413319678,-1.7242612702836086,-1.4417649723258046,0.0,0.0,0.0,0.0,0.0,0.0,0.0,0.0,0.0,0.0,0.0,0.0,0.0,0.0,0.0,0.0,0.0,0.0,0.0,0.0,0.0,0.0,0.0,0.0,0.0,0.0,0.0,0.0,0.0005704511139423,0.0145567667746293,0.0390439869762477,SPY
2010-12-07,0.021601142180171423,0.058909417100708315,1.0841564267255264,-0.0959832205658023,-0.7720387527750276,-0.77510834944557,0.6164725859573175,0.7855242985023386,0.3993396496227115,-0.7272619771908926,0.0,0.0,0.0,0.0,0.0,0.0,0.0,0.0,0.0,0.0,0.0,0.0,0.0,0.0,0.0,0.0,0.0,0.0,0.0,0.0,0.0,0.0,0.0,0.0,0.0,0.0,0.0,0.0,0.0036567175224959,0.014869037248566,0.0436578217138876,SPY
2010-12-08,0.2575978371843512,-0.0606776748483812,1.3220336277299036,-0.1124223685258456,-0.7625715792976717,-0.7734634553035483,0.7288565094684862,0.8436756342715597,-0.9788969244009552,-0.012758982055980528,0.0,0.0,0.0,0.0,0.0,0.0,0.0,0.0,0.0,0.0,0.0,0.0,0.0,0.0,0.0,0.0,0.0,0.0,0.0,0.0,0.0,0.0,0.0,0.0,0.0,0.0,0.0,0.0,0.0038861241222658,0.0066295015394599,0.0380402700990201,SPY
2010-12-09,0.2751398093251217,0.20548803822403552,0.655903987326863,-0.11273116997329359,-0.7555936449471992,-0.7718284457729712,0.850489113055192,0.6420207997963938,-1.2363229102409774,0.7017440130789315,0.0,0.0,0.0,0.0,0.0,0.0,0.0,0.0,0.0,0.0,0.0,0.0,0.0,0.0,0.0,0.0,0.0,0.0,0.0,0.0,0.0,0.0,0.0,0.0,0.0,0.0,0.0,0.0,0.0058008145463102,0.0085285867877553,0.0321900085522424,SPY
2010-12-10,0.4215499218087026,0.39262565848092257,0.3172149594745579,-0.1120740191060262,-0.7444603563112232,-0.7690311994812298,1.027071019914115,0.7088661117076709,-1.3078006595649414,1.4162470082138434,0.0,0.0,0.0,0.0,0.0,0.0,0.0,0.0,0.0,0.0,0.0,0.0,0.0,0.0,0.0,0.0,0.0,0.0,0.0,0.0,0.0,0.0,0.0,0.0,0.0,0.0,0.0,0.0,0.0006426594696149,0.0037985881574655,0.0251298796712333,SPY
2010-12-13,0.027122678896247223,0.5136391642244648,0.4364137248548133,-0.17564152209623268,-0.7338758628398964,-0.7647367752338946,0.9826793042839772,0.7560286921839888,-0.9573260792094078,-1.4417649723258046,0.0,0.0,0.0,0.0,0.0,0.0,0.0,0.0,0.0,0.0,0.0,0.0,0.0,0.0,0.0,0.0,0.0,0.0,0.0,0.0,0.0,0.0,0.0,0.0,0.0,0.0,0.0,0.0,0.000882721587879,0.0055663029698411,0.0280247922577085,SPY
2010-12-14,0.04547944367488512,0.3305770061163816,0.5016081490832905,-0.17918614914723888,-0.7217623793096354,-0.7601665495902797,0.943219954075236,1.4639207746054224,-0.6718285968563308,-0.7272619771908926,0.0,0.0,0.0,0.0,0.0,0.0,0.0,0.0,0.0,0.0,0.0,0.0,0.0,0.0,0.0,0.0,0.0,0.0,0.0,0.0,0.0,0.0,0.0,0.0,0.0,0.0,0.0,0.0,-0.0045828181866101,0.0110039295652777,0.0361260661831188,SPY
2010-12-15,-0.3724525014153037,0.052998303351506015,0.5135707986085091,-0.2841348127457643,-0.7157058045785185,-0.754315906336568,0.6757119511702819,0.9303846675300429,-0.3831432012027222,-0.012758982055980528,0.0,0.0,0.0,0.0,0.0,0.0,0.0,0.0,0.0,0.0,0.0,0.0,0.0,0.0,0.0,0.0,0.0,0.0,0.0,0.0,0.0,0.0,0.0,0.0,0.0,0.0,0.0,0.0,0.0057852093705612,0.0186919639597702,0.0390744516749697,SPY
2010-12-16,0.4203566450742261,-0.24192928777001052,0.1979255930405317,-0.2817579484558544,-0.7112759839319791,-0.7478151894158361,0.7924442768672436,1.777800769704618,0.10548845909230992,0.7017440130789315,0.0,0.0,0.0,0.0,0.0,0.0,0.0,0.0,0.0,0.0,0.0,0.0,0.0,0.0,0.0,0.0,0.0,0.0,0.0,0.0,0.0,0.0,0.0,0.0,0.0,0.0,0.0,0.0,0.0010708159160204,0.0114747820540168,0.0405079001407893,SPY
2010-12-17,0.05986240156451392,0.03476865400123631,0.2706769196628356,-0.3425959168359282,-0.7072309506997343,-0.7428965830611312,0.7553376528282086,1.7521551293020683,-0.7542252608551712,1.4162470082138434,0.0,0.0,0.0,0.0,0.0,0.0,0.0,0.0,0.0,0.0,0.0,0.0,0.0,0.0,0.0,0.0,0.0,0.0,0.0,0.0,0.0,0.0,0.0,0.0,0.0,0.0,0.0,0.0,0.0024103742819905,0.010802016980234,0.041136850993209,SPY
2010-12-20,0.16229404721181892,0.35386152869469484,0.08947722071086038,-0.3427519066387708,-0.702339860711704,-0.7380059814597323,0.769756263833424,2.214803824482831,-1.1513253676059598,-1.4417649723258046,0.0,0.0,0.0,0.0,0.0,0.0,0.0,0.0,0.0,0.0,0.0,0.0,0.0,0.0,0.0,0.0,0.0,0.0,0.0,0.0,0.0,0.0,0.0,0.0,0.0,0.0,0.0,0.0,0.0063203481833156,0.0098231250152132,0.0288728453378901,SPY
2010-12-21,0.4612769592857547,0.16338478214908303,0.157195927812427,-0.3394710287503802,-0.6960294335819429,-0.732234661966003,0.919406278361614,2.0726961576583123,-1.588854934246467,-0.7272619771908926,0.0,0.0,0.0,0.0,0.0,0.0,0.0,0.0,0.0,0.0,0.0,0.0,0.0,0.0,0.0,0.0,0.0,0.0,0.0,0.0,0.0,0.0,0.0,0.0,0.0,0.0,0.0,0.0,0.0031052162078823,0.0042178294967749,0.0212262257641633,SPY
2010-12-22,0.21542633598842342,0.45967002303298027,0.3655038744145169,-0.4758536589619595,-0.6898326092325316,-0.7243634402121791,0.9137885978688316,1.9252961296980289,-1.8001239142065837,-0.012758982055980528,0.0,0.0,0.0,0.0,0.0,0.0,0.0,0.0,0.0,0.0,0.0,0.0,0.0,0.0,0.0,0.0,0.0,0.0,0.0,0.0,0.0,0.0,0.0,0.0,0.0,0.0,0.0,0.0,-0.0014319725351921,-0.0004768848352449,0.0203824877151994,SPY
2010-12-23,-0.13151764299152027,0.49888711836768274,0.6600218281605461,-0.5362125126780295,-0.6849313006930773,-0.7183940729990166,0.7655809534981944,1.6834854558397654,-1.8583356623515168,0.7017440130789315,0.0,0.0,0.0,0.0,0.0,0.0,0.0,0.0,0.0,0.0,0.0,0.0,0.0,0.0,0.0,0.0,0.0,0.0,0.0,0.0,0.0,0.0,0.0,0.0,0.0,0.0,0.0,0.0,0.0003980508422376,0.0011935981994461,0.0274851256208963,SPY
2010-12-27,0.008418257440419024,0.06134371553880971,0.3835415813736595,-0.6488319646441332,-0.6813427222925171,-0.7109962757472271,0.6653015954199961,1.825933119195668,-2.007962776669441,-1.4417649723258046,0.0,0.0,0.0,0.0,0.0,0.0,0.0,0.0,0.0,0.0,0.0,0.0,0.0,0.0,0.0,0.0,0.0,0.0,0.0,0.0,0.0,0.0,0.0,0.0,0.0,0.0,0.0,0.0,0.0014314823169696,0.0110804000774917,0.0276289208543456,SPY
2010-12-28,0.08744138126217182,-0.0914495432948633,0.3577688828248276,-0.6473275646112016,-0.677556336317662,-0.7037748511677963,0.6074610227551354,1.8456712487436064,-1.9390817170778716,-0.7272619771908926,0.0,0.0,0.0,0.0,0.0,0.0,0.0,0.0,0.0,0.0,0.0,0.0,0.0,0.0,0.0,0.0,0.0,0.0,0.0,0.0,0.0,0.0,0.0,0.0,0.0,0.0,0.0,0.0,0.0007150526648773,0.009097792216564,0.0300611536763852,SPY
2010-12-29,0.03265834969102002,0.07016474297564053,0.3202688868983153,-0.6907093198087083,-0.6738082109574646,-0.6958043290616268,0.5114350088614968,1.7783721699196924,-1.7941871970343393,-0.012758982055980528,0.0,0.0,0.0,0.0,0.0,0.0,0.0,0.0,0.0,0.0,0.0,0.0,0.0,0.0,0.0,0.0,0.0,0.0,0.0,0.0,0.0,0.0,0.0,0.0,0.0,0.0,0.0,0.0,-0.0015894981241375,0.0135670254032689,0.0318109168903379,SPY
2010-12-30,-0.14356310940578357,0.08805642486253583,0.10553777598980169,-0.9284010396900545,-0.6693368283181145,-0.6905139882435152,0.3703306165871401,1.4440389221978218,-1.424370835107778,0.7017440130789315,0.0,0.0,0.0,0.0,0.0,0.0,0.0,0.0,0.0,0.0,0.0,0.0,0.0,0.0,0.0,0.0,0.0,0.0,0.0,0.0,0.0,0.0,0.0,0.0,0.0,0.0,0.0,0.0,0.000238510499499,0.0131956894350349,0.0157833573051746,SPY
2010-12-31,-0.0037812706047922764,-0.0824486548519548,-0.07431023034575002,-1.0524120553903191,-0.6662176744491247,-0.6867205982620529,0.3213251001334724,1.2100352561635064,-1.1494059586326697,1.4162470082138434,0.0,0.0,0.0,0.0,0.0,0.0,0.0,0.0,0.0,0.0,0.0,0.0,0.0,0.0,0.0,0.0,0.0,0.0,0.0,0.0,0.0,0.0,0.0,0.0,0.0,0.0,0.0,0.0,0.0102848527202832,0.0109930415110239,0.0230326433470606,SPY
2011-01-03,0.7644296506608034,-0.1093448435162436,-0.01031633803211831,-0.9708136602048129,-0.6607991303480729,-0.6819651126830428,0.6365057343626844,1.582039031000673,-0.3631102776447181,-1.4417649723258046,0.0,0.0,0.0,0.0,0.0,0.0,0.0,0.0,0.0,0.0,0.0,0.0,0.0,0.0,0.0,0.0,0.0,0.0,0.0,0.0,0.0,0.0,0.0,0.0,0.0,0.0,0.0,0.0,-0.000551125543958,-0.000551125543958,0.0286298945489642,SPY
2011-01-04,-0.06416215541614717,0.5608472271559558,0.368433353865768,-0.9736844457622787,-0.6561095816358206,-0.6771508032974568,0.5418763523797718,1.4862191955369657,-0.3732614503008352,-0.7272619771908926,0.0,0.0,0.0,0.0,0.0,0.0,0.0,0.0,0.0,0.0,0.0,0.0,0.0,0.0,0.0,0.0,0.0,0.0,0.0,0.0,0.0,0.0,0.0,0.0,0.0,0.0,0.0,0.0,0.0051842858515822,0.0035375720560901,0.0272670297799653,SPY
2011-01-05,0.3744059896038228,0.5162799222164492,0.2924823915886588,-0.9660335064358003,-0.6516761844962828,-0.6717519884965979,0.6554848646765034,2.1982519956150046,-0.4412293054675323,-0.012758982055980528,0.0,0.0,0.0,0.0,0.0,0.0,0.0,0.0,0.0,0.0,0.0,0.0,0.0,0.0,0.0,0.0,0.0,0.0,0.0,0.0,0.0,0.0,0.0,0.0,0.0,0.0,0.0,0.0,-0.0019608340923715,0.0073372817177972,0.0243026543702002,SPY
2011-01-06,-0.17195795600636318,0.22840233495929851,0.4636925274206619,-0.9526133747304993,-0.6485038548577665,-0.6670439510274734,0.5094702622894602,1.8086442026532272,-0.6116048077841094,0.7017440130789315,0.0,0.0,0.0,0.0,0.0,0.0,0.0,0.0,0.0,0.0,0.0,0.0,0.0,0.0,0.0,0.0,0.0,0.0,0.0,0.0,0.0,0.0,0.0,0.0,0.0,0.0,0.0,0.0,-0.0019641374245118,0.0076636831154095,0.0290889168966614,SPY
2011-01-07,-0.17221055100770566,0.14883794415729892,0.4494671605837336,-0.9435402051704641,-0.6454694167102933,-0.6630562064781065,0.3749290771616858,1.5056215554558443,-0.05101546943792189,1.4162470082138434,0.0,0.0,0.0,0.0,0.0,0.0,0.0,0.0,0.0,0.0,0.0,0.0,0.0,0.0,0.0,0.0,0.0,0.0,0.0,0.0,0.0,0.0,0.0,0.0,0.0,0.0,0.0,0.0,-0.0012593143346988,0.0168464783763022,0.0372855056289358,SPY
2011-01-10,-0.11831503528116258,-0.25462129839134157,0.3650867681303147,-0.9551132530248637,-0.6428487905933715,-0.6599360562959843,0.2804729106312405,1.2527997686247303,-0.5822009222955743,-1.4417649723258046,0.0,0.0,0.0,0.0,0.0,0.0,0.0,0.0,0.0,0.0,0.0,0.0,0.0,0.0,0.0,0.0,0.0,0.0,0.0,0.0,0.0,0.0,0.0,0.0,0.0,0.0,0.0,0.0,0.0035375720560901,0.0198055594794412,0.0430810936476095,SPY
2011-01-11,0.24848717317343783,-0.21502730414507082,-0.07715428911199342,-0.9507672345146041,-0.6396961513174066,-0.6564491682672292,0.3607638695313156,1.1336955681256773,-0.7574932082401612,-0.7272619771908926,0.0,0.0,0.0,0.0,0.0,0.0,0.0,0.0,0.0,0.0,0.0,0.0,0.0,0.0,0.0,0.0,0.0,0.0,0.0,0.0,0.0,0.0,0.0,0.0,0.0,0.0,0.0,0.0,0.0089839955132893,0.0064143560500227,0.0372781454686661,SPY
2011-01-12,0.6649573560228283,0.09549089742667503,0.07947805523796399,-0.9005596577323602,-0.6344549187346216,-0.6519319798344784,0.6314791192716833,1.3776506829155777,-0.7828812255636305,-0.012758982055980528,0.0,0.0,0.0,0.0,0.0,0.0,0.0,0.0,0.0,0.0,0.0,0.0,0.0,0.0,0.0,0.0,0.0,0.0,0.0,0.0,0.0,0.0,0.0,0.0,0.0,0.0,0.0,0.0,-0.0016344326947592,-0.0038959108536777,0.0286719812729661,SPY
2011-01-13,-0.14699910900995347,0.6736265047963811,0.2250396717672387,-0.9272909499689244,-0.6292333765143879,-0.6470612462033383,0.4959879763394106,1.3490375051776071,-0.4069041523678902,0.7017440130789315,0.0,0.0,0.0,0.0,0.0,0.0,0.0,0.0,0.0,0.0,0.0,0.0,0.0,0.0,0.0,0.0,0.0,0.0,0.0,0.0,0.0,0.0,0.0,0.0,0.0,0.0,0.0,0.0,0.0072186578363808,0.0,0.0362593324883722,SPY
2011-01-14,0.5299677594792134,0.38171694115678817,0.2375436574145303,-0.9153579420778153,-0.6222384243455821,-0.6419788673403161,0.6923311820313113,1.556202505296011,-0.5837060853767024,1.4162470082138434,0.0,0.0,0.0,0.0,0.0,0.0,0.0,0.0,0.0,0.0,0.0,0.0,0.0,0.0,0.0,0.0,0.0,0.0,0.0,0.0,0.0,0.0,0.0,0.0,0.0,0.0,0.0,0.0,0.0016997667684401,-0.0015479924658761,0.031441568991724,SPY
2011-01-18,0.10795621552682623,0.2820807312599928,0.5893238304902754,-0.9161103306597057,-0.6173715641150633,-0.6368104103974024,0.6786690105063572,1.5641623873945258,-0.6171948445742462,-0.7272619771908926,0.0,0.0,0.0,0.0,0.0,0.0,0.0,0.0,0.0,0.0,0.0,0.0,0.0,0.0,0.0,0.0,0.0,0.0,0.0,0.0,0.0,0.0,0.0,0.0,0.0,0.0,0.0,0.0,-0.0098536313733283,-0.0027059131586293,0.0265892151060311,SPY
2011-01-19,-0.7754943414205882,0.47026399041690675,0.7026821307717311,-0.805879363014532,-0.6148691391266313,-0.6331964147577307,0.2528588082509537,0.660627321517866,0.03670304910828001,-0.012758982055980528,0.0,0.0,0.0,0.0,0.0,0.0,0.0,0.0,0.0,0.0,0.0,0.0,0.0,0.0,0.0,0.0,0.0,0.0,0.0,0.0,0.0,0.0,0.0,0.0,0.0,0.0,0.0,0.0,-0.0013262713904111,0.0110114333537083,0.0427384111728459,SPY
2011-01-20,-0.12343502226981627,-0.49330134519431734,0.1896836672041794,-0.820259316474999,-0.614002134340427,-0.6305329415241855,0.16354523696615691,0.677906553019687,0.4533129918562508,0.7017440130789315,0.0,0.0,0.0,0.0,0.0,0.0,0.0,0.0,0.0,0.0,0.0,0.0,0.0,0.0,0.0,0.0,0.0,0.0,0.0,0.0,0.0,0.0,0.0,0.0,0.0,0.0,0.0,0.0,0.0022614781589185,0.0148025206229496,0.0470486545329595,SPY
2011-01-21,0.15090844782009444,-0.6640918840780943,-0.2052883835489438,-0.8223834566707091,-0.6120710835850796,-0.6279684724008832,0.21009174241424833,0.7507299688149497,0.022766350079225117,1.4162470082138434,0.0,0.0,0.0,0.0,0.0,0.0,0.0,0.0,0.0,0.0,0.0,0.0,0.0,0.0,0.0,0.0,0.0,0.0,0.0,0.0,0.0,0.0,0.0,0.0,0.0,0.0,0.0,0.0,0.0056706653705047,-0.0050760152452697,0.0468704045567074,SPY
2011-01-24,0.4115978401405453,0.019688682137194914,-0.056041432543615405,-0.8124091287047221,-0.608209080329686,-0.6245029829265766,0.371370784968188,0.5838090145927881,-0.6278303537340905,-1.4417649723258046,0.0,0.0,0.0,0.0,0.0,0.0,0.0,0.0,0.0,0.0,0.0,0.0,0.0,0.0,0.0,0.0,0.0,0.0,0.0,0.0,0.0,0.0,0.0,0.0,0.0,0.0,0.0,0.0,0.0005418460756869,-0.0032588840743894,0.020926196096358,SPY
2011-01-25,0.019413808491144224,0.41459797845160995,-0.11534288075132651,-0.812606211105522,-0.6038939236207599,-0.6210177242293784,0.3398575372607903,0.64736755287646,0.3327722356364804,-0.7272619771908926,0.0,0.0,0.0,0.0,0.0,0.0,0.0,0.0,0.0,0.0,0.0,0.0,0.0,0.0,0.0,0.0,0.0,0.0,0.0,0.0,0.0,0.0,0.0,0.0,0.0,0.0,0.0,0.0,0.0038637151390092,0.0120813737721103,0.0142208519459776,SPY
2011-01-26,0.27342626769038,0.3175414065383105,-0.1597012193761069,-0.8081960331073405,-0.599480157890593,-0.6172155753564558,0.4286808794275237,0.5969067234332024,-0.13494163938590328,-0.012758982055980528,0.0,0.0,0.0,0.0,0.0,0.0,0.0,0.0,0.0,0.0,0.0,0.0,0.0,0.0,0.0,0.0,0.0,0.0,0.0,0.0,0.0,0.0,0.0,0.0,0.0,0.0,0.0,0.0,0.00246481587883,0.006303668320144,0.0096699274138041,SPY
2011-01-27,0.16645701800697243,0.21555657106272874,0.3657913341604705,-0.8080829255924887,-0.5967017927115926,-0.6131856953055521,0.46162216343646,0.8493722776683089,-0.4403884175294876,0.7017440130789315,0.0,0.0,0.0,0.0,0.0,0.0,0.0,0.0,0.0,0.0,0.0,0.0,0.0,0.0,0.0,0.0,0.0,0.0,0.0,0.0,0.0,0.0,0.0,0.0,0.0,0.0,0.0,0.0,-0.0176170577093008,0.0060587628831312,0.0178408151278786,SPY
2011-01-28,-1.3691381539314351,0.32408958740139654,0.5110226387718846,-0.588734613990676,-0.5979824719709248,-0.6112053958564753,-0.22576145545082538,-0.14178720526854763,2.430455493727155,1.4162470082138434,0.0,0.0,0.0,0.0,0.0,0.0,0.0,0.0,0.0,0.0,0.0,0.0,0.0,0.0,0.0,0.0,0.0,0.0,0.0,0.0,0.0,0.0,0.0,0.0,0.0,0.0,0.0,0.0,0.007487796541385,0.0265012490265217,0.0416355221584359,SPY
2011-01-31,0.5505479157167505,-0.8882919417844574,-0.2504965489634173,-0.566003491134473,-0.599204198048964,-0.6083043265829762,0.009875475274863923,0.2039978978930262,0.005212857109565218,-1.4417649723258046,0.0,0.0,0.0,0.0,0.0,0.0,0.0,0.0,0.0,0.0,0.0,0.0,0.0,0.0,0.0,0.0,0.0,0.0,0.0,0.0,0.0,0.0,0.0,0.0,0.0,0.0,0.0,0.0,0.0158821039221868,0.0252459037928991,0.0173343727028898,SPY
2011-02-01,1.1924331376885118,-0.6047933442366223,-0.1808847695833486,-0.498145093348684,-0.5968002641754114,-0.6046507233743657,0.5519228622145607,0.5709203971832355,0.3274447090844248,-0.7272619771908926,0.0,0.0,0.0,0.0,0.0,0.0,0.0,0.0,0.0,0.0,0.0,0.0,0.0,0.0,0.0,0.0,0.0,0.0,0.0,0.0,0.0,0.0,0.0,0.0,0.0,0.0,0.0,0.0,-0.001913990312957,0.0139000735546872,0.0035884174003628,SPY
2011-02-02,-0.16837596545211678,1.285909801875838,0.4067792702815249,-0.4946037760131823,-0.5923865573984248,-0.6011753394138776,0.4281777004431433,0.22919203241918007,-0.495498704311773,-0.012758982055980528,0.0,0.0,0.0,0.0,0.0,0.0,0.0,0.0,0.0,0.0,0.0,0.0,0.0,0.0,0.0,0.0,0.0,0.0,0.0,0.0,0.0,0.0,0.0,0.0,0.0,0.0,0.0,0.0,0.0022199104418172,0.013548687744791,0.0225800107977915,SPY
2011-02-03,0.14772990048938203,0.7552700151214436,0.1854433735171453,-0.5016842912370467,-0.5870665044122525,-0.5980663180600255,0.4658740429914181,0.3743875450336521,-0.018307690265655683,0.7017440130789315,0.0,0.0,0.0,0.0,0.0,0.0,0.0,0.0,0.0,0.0,0.0,0.0,0.0,0.0,0.0,0.0,0.0,0.0,0.0,0.0,0.0,0.0,0.0,0.0,0.0,0.0,0.0,0.0,0.0028254284340896,0.011706608620563,0.0128397737890049,SPY
2011-02-04,0.19403188030091223,-0.015828452365328195,0.1760613852911355,-0.5059871346031902,-0.5815887123640016,-0.5943433448260342,0.5174491219681614,0.23850976731884127,-0.19793595915932166,1.4162470082138434,0.0,0.0,0.0,0.0,0.0,0.0,0.0,0.0,0.0,0.0,0.0,0.0,0.0,0.0,0.0,0.0,0.0,0.0,0.0,0.0,0.0,0.0,0.0,0.0,0.0,0.0,0.0,0.0,0.0062324513077625,0.0148340987071202,0.0021324169208805,SPY
2011-02-07,0.4545557727821415,0.25166582209921917,0.9591847272920476,-0.502109579962951,-0.5759337267038472,-0.5895610197126493,0.6825210294911117,0.3835300985558488,-0.5581624904443923,-1.4417649723258046,0.0,0.0,0.0,0.0,0.0,0.0,0.0,0.0,0.0,0.0,0.0,0.0,0.0,0.0,0.0,0.0,0.0,0.0,0.0,0.0,0.0,0.0,0.0,0.0,0.0,0.0,0.0,0.0,0.0045362736839749,0.0110025417390904,0.0046116502679058,SPY
2011-02-08,0.3248546192315261,0.47813488191045417,0.911094189388599,-0.5042480552147321,-0.5692343461349808,-0.5840261705388883,0.7727289125017515,1.0300793123104397,-0.7703540989571561,-0.7272619771908926,0.0,0.0,0.0,0.0,0.0,0.0,0.0,0.0,0.0,0.0,0.0,0.0,0.0,0.0,0.0,0.0,0.0,0.0,0.0,0.0,0.0,0.0,0.0,0.0,0.0,0.0,0.0,0.0,-0.0022653761228532,0.0033136809378628,-0.0013583536231509,SPY
2011-02-09,-0.19524528871502136,0.5746955222050827,0.4764511410039834,-0.49634296388826693,-0.5641113343317466,-0.5792339015656376,0.6159471174432083,0.9709760208914507,0.08335552907568991,-0.012758982055980528,0.0,0.0,0.0,0.0,0.0,0.0,0.0,0.0,0.0,0.0,0.0,0.0,0.0,0.0,0.0,0.0,0.0,0.0,0.0,0.0,0.0,0.0,0.0,0.0,0.0,0.0,0.0,0.0,0.0003778313175892,0.0118746217542025,-0.017772605607476,SPY
2011-02-10,0.006872136542251224,0.09507548768207012,0.4629900371124404,-0.5224981845565272,-0.5595203749896751,-0.5755307864271677,0.5757412095021794,0.9265793492532027,0.3756395449488039,0.7017440130789315,0.0,0.0,0.0,0.0,0.0,0.0,0.0,0.0,0.0,0.0,0.0,0.0,0.0,0.0,0.0,0.0,0.0,0.0,0.0,0.0,0.0,0.0,0.0,0.0,0.0,0.0,0.0,0.0,0.0059529185206468,0.0144807624063156,-0.0112479419434157,SPY
2011-02-11,0.4331808150915872,-0.13962829838707572,0.3924225361794896,-0.5183719327543603,-0.54889992007776,-0.5708375116894233,0.7322819569540691,0.9378911468426195,-0.028646323529137683,1.4162470082138434,0.0,0.0,0.0,0.0,0.0,0.0,0.0,0.0,0.0,0.0,0.0,0.0,0.0,0.0,0.0,0.0,0.0,0.0,0.0,0.0,0.0,0.0,0.0,0.0,0.0,0.0,0.0,0.0,0.0024008943397326,0.0106110720683352,-0.0232569132887121,SPY
2011-02-14,0.16156914704263903,0.32421481831765164,0.5122323514573284,-0.5337072040756489,-0.5395404540626261,-0.5667482647214263,0.7632721222131191,0.9835254990068463,-0.7119379674344526,-1.4417649723258046,0.0,0.0,0.0,0.0,0.0,0.0,0.0,0.0,0.0,0.0,0.0,0.0,0.0,0.0,0.0,0.0,0.0,0.0,0.0,0.0,0.0,0.0,0.0,0.0,0.0,0.0,0.0,0.0,-0.0031525871172526,-0.012063365361242,-0.0371813208773357,SPY
2011-02-15,-0.2630874107915006,0.43839712720131585,0.3654507087146948,-0.522892098318658,-0.5350676172448037,-0.563292659858565,0.5929883792260754,0.7046792915082235,-0.3401880399635009,-0.7272619771908926,0.0,0.0,0.0,0.0,0.0,0.0,0.0,0.0,0.0,0.0,0.0,0.0,0.0,0.0,0.0,0.0,0.0,0.0,0.0,0.0,0.0,0.0,0.0,0.0,0.0,0.0,0.0,0.0,0.0062955646934863,-0.0150742763186828,-0.0527146914902978,SPY
2011-02-16,0.4593818469020101,-0.0755204551521216,0.07090109647078519,-0.582611157126031,-0.528447017777203,-0.5577478766996751,0.7504564891914027,0.8072914094897311,-0.12081846188893279,-0.012758982055980528,0.0,0.0,0.0,0.0,0.0,0.0,0.0,0.0,0.0,0.0,0.0,0.0,0.0,0.0,0.0,0.0,0.0,0.0,0.0,0.0,0.0,0.0,0.0,0.0,0.0,0.0,0.0,0.0,0.0029839719697024,-0.0220570504053334,-0.0458622028533648,SPY
2011-02-17,0.20615518576644193,0.14429595613356763,0.3988588867188954,-0.5892948952932869,-0.521609667113052,-0.5516387325883979,0.7743484557980325,2.036840904317716,-0.5050719861984072,0.7017440130789315,0.0,0.0,0.0,0.0,0.0,0.0,0.0,0.0,0.0,0.0,0.0,0.0,0.0,0.0,0.0,0.0,0.0,0.0,0.0,0.0,0.0,0.0,0.0,0.0,0.0,0.0,0.0,0.0,0.0020832281826663,-0.0144053187821313,-0.0452154969822888,SPY
2011-02-18,0.13727825531192162,0.49064526778634965,0.4986965269594944,-0.5892604704328795,-0.514949785175651,-0.5455395027127767,0.764358560173652,1.975024593605082,-0.07353656252507498,1.4162470082138434,0.0,0.0,0.0,0.0,0.0,0.0,0.0,0.0,0.0,0.0,0.0,0.0,0.0,0.0,0.0,0.0,0.0,0.0,0.0,0.0,0.0,0.0,0.0,0.0,0.0,0.0,0.0,0.0,-0.0202735430898446,-0.0103108976435413,-0.0319197424070436,SPY
2011-02-22,-1.572270899827169,0.2528996793712139,0.3504540476088279,-0.3635787739629674,-0.5152254895534943,-0.542836392286081,-0.03711339328430358,0.05283090595634799,1.9443402211693328,-0.7272619771908926,0.0,0.0,0.0,0.0,0.0,0.0,0.0,0.0,0.0,0.0,0.0,0.0,0.0,0.0,0.0,0.0,0.0,0.0,0.0,0.0,0.0,0.0,0.0,0.0,0.0,0.0,0.0,0.0,-0.0061634980746934,-0.0068507074678576,-0.0151210581845635,SPY
2011-02-23,-0.4933219209875631,-1.0597617351911996,-0.5181722580806223,-0.3424471985035409,-0.518279559110338,-0.5410046088771057,-0.2917196952648361,-0.1646993163221479,1.7539711183802054,-0.012758982055980528,0.0,0.0,0.0,0.0,0.0,0.0,0.0,0.0,0.0,0.0,0.0,0.0,0.0,0.0,0.0,0.0,0.0,0.0,0.0,0.0,0.0,0.0,0.0,0.0,0.0,0.0,0.0,0.0,-0.0006872093931642,0.0014489392264955,-0.0060996299601061,SPY
2011-02-24,-0.07456804214293868,-1.5252095410629314,-0.6335160883231375,-0.3462681509070455,-0.5209198952408727,-0.5397570543907765,-0.3347661950094992,-0.29422611718741126,2.3148918528061264,0.7017440130789315,0.0,0.0,0.0,0.0,0.0,0.0,0.0,0.0,0.0,0.0,0.0,0.0,0.0,0.0,0.0,0.0,0.0,0.0,0.0,0.0,0.0,0.0,0.0,0.0,0.0,0.0,0.0,0.0,0.0106357035929045,0.0192137517041315,0.0041052666430161,SPY
2011-02-25,0.7912580690204367,-0.41975074933263673,-0.9010164960924356,-0.3063588782886462,-0.5209002245293812,-0.5374401942904502,0.026794988655117126,0.02453981530493089,0.09845280124522392,1.4162470082138434,0.0,0.0,0.0,0.0,0.0,0.0,0.0,0.0,0.0,0.0,0.0,0.0,0.0,0.0,0.0,0.0,0.0,0.0,0.0,0.0,0.0,0.0,0.0,0.0,0.0,0.0,0.0,0.0,0.0061776493212564,0.0010577215442575,-0.0034791094146573,SPY
2011-02-28,0.4503652441682606,0.528401440101561,-0.6078892512541889,-0.45690163365877273,-0.5208214827302358,-0.5320638050166562,0.18069558767126853,0.02456191874447509,0.12540733836636583,-1.4417649723258046,0.0,0.0,0.0,0.0,0.0,0.0,0.0,0.0,0.0,0.0,0.0,0.0,0.0,0.0,0.0,0.0,0.0,0.0,0.0,0.0,0.0,0.0,0.0,0.0,0.0,0.0,0.0,0.0,-0.0168133529141609,-0.0130018562110336,-0.0120968480229999,SPY
2011-03-01,-1.3076814777072598,0.9158562102165403,-0.4510376460667987,-0.3247910366137088,-0.5257474730015906,-0.5298359656677608,-0.4746102852200197,-0.7902539860721698,2.3497888839385843,-0.7272619771908926,0.0,0.0,0.0,0.0,0.0,0.0,0.0,0.0,0.0,0.0,0.0,0.0,0.0,0.0,0.0,0.0,0.0,0.0,0.0,0.0,0.0,0.0,0.0,0.0,0.0,0.0,0.0,0.0,0.0021361486196598,0.0125231813579151,0.0114124192789164,SPY
2011-03-02,0.14132490799039082,-0.633377112892824,-0.318482550990153,-0.42661164496135784,-0.5292942339455541,-0.5293706088256176,-0.4025262162075243,-0.633999843767816,1.1959694640697165,-0.012758982055980528,0.0,0.0,0.0,0.0,0.0,0.0,0.0,0.0,0.0,0.0,0.0,0.0,0.0,0.0,0.0,0.0,0.0,0.0,0.0,0.0,0.0,0.0,0.0,0.0,0.0,0.0,0.0,0.0,0.0170776030844717,0.0089533025311734,0.0161537658365844,SPY
2011-03-03,1.2838490473447768,-0.8614806748739684,-0.0005345767996410085,-0.3124503530591055,-0.5300430572543278,-0.5264200177475227,0.18988844178100583,-0.08610947992706221,0.7208919214345032,0.7017440130789315,0.0,0.0,0.0,0.0,0.0,0.0,0.0,0.0,0.0,0.0,0.0,0.0,0.0,0.0,0.0,0.0,0.0,0.0,0.0,0.0,0.0,0.0,0.0,0.0,0.0,0.0,0.0,0.0,-0.0075203265669694,-0.0268039286604766,-0.002280114589567,SPY
2011-03-04,-0.5970741566912553,1.0513354676990931,0.6800107942438841,-0.2844759607280699,-0.5335503981710669,-0.5247466744890428,-0.11427700776059938,-0.4899821515968717,2.480798416358396,1.4162470082138434,0.0,0.0,0.0,0.0,0.0,0.0,0.0,0.0,0.0,0.0,0.0,0.0,0.0,0.0,0.0,0.0,0.0,0.0,0.0,0.0,0.0,0.0,0.0,0.0,0.0,0.0,0.0,0.0,-0.0078819284340347,-0.0123811071118575,0.0094547921489001,SPY
2011-03-07,-0.6247246684222713,0.5063209919172358,-0.01552158457428631,-0.2598140368633315,-0.5396586355400562,-0.5244694708801497,-0.4096822815574301,-0.771724795094814,1.3430862750427466,-1.4417649723258046,0.0,0.0,0.0,0.0,0.0,0.0,0.0,0.0,0.0,0.0,0.0,0.0,0.0,0.0,0.0,0.0,0.0,0.0,0.0,0.0,0.0,0.0,0.0,0.0,0.0,0.0,0.0,0.0,0.0087116846547878,-0.0105552315024723,0.0181624721190614,SPY
2011-03-08,0.644134635585605,-0.9024027632222313,-0.5541245432171197,-0.2456860957164093,-0.538180974050967,-0.5238654826093496,-0.09593164195278187,-0.4339572389536063,0.580598481044045,-0.7272619771908926,0.0,0.0,0.0,0.0,0.0,0.0,0.0,0.0,0.0,0.0,0.0,0.0,0.0,0.0,0.0,0.0,0.0,0.0,0.0,0.0,0.0,0.0,0.0,0.0,0.0,0.0,0.0,0.0,-0.0014337302070819,-0.0307904294061511,0.009300552475902,SPY
2011-03-09,-0.13165204641040368,0.013737020283934212,0.4237043072212552,-0.2525116819565367,-0.5354814882285354,-0.5240436623585253,-0.14663697816370516,-0.6553536592419039,0.20287903563713983,-0.012758982055980528,0.0,0.0,0.0,0.0,0.0,0.0,0.0,0.0,0.0,0.0,0.0,0.0,0.0,0.0,0.0,0.0,0.0,0.0,0.0,0.0,0.0,0.0,0.0,0.0,0.0,0.0,0.0,0.0,-0.0186796281071783,-0.048042656929284,0.0138815156272951,SPY
2011-03-10,-1.450389435873064,0.37767534234024186,0.2869471917839946,-0.1309193908509121,-0.5374322293464351,-0.5263506970958265,-0.8011558480758164,-1.1454871822681825,2.5688452758659666,0.7017440130789315,0.0,0.0,0.0,0.0,0.0,0.0,0.0,0.0,0.0,0.0,0.0,0.0,0.0,0.0,0.0,0.0,0.0,0.0,0.0,0.0,0.0,0.0,0.0,0.0,0.0,0.0,0.0,0.0,0.0069024949816496,-0.0162149754916862,0.0300144174391121,SPY
2011-03-11,0.5057918203597457,-1.168298905759175,-1.0828628301030918,-0.1109645877064238,-0.5403680781237267,-0.5278160882739545,-0.5282103539923778,-1.0061271781683778,1.2817087256216366,1.4162470082138434,0.0,0.0,0.0,0.0,0.0,0.0,0.0,0.0,0.0,0.0,0.0,0.0,0.0,0.0,0.0,0.0,0.0,0.0,0.0,0.0,0.0,0.0,0.0,0.0,0.0,0.0,0.0,0.0,-0.0060560528246496,-0.0194867926325574,0.01965541961727,SPY
2011-03-14,-0.4851059342425569,-0.6977997522453784,-0.5303445046405488,-0.1177532380812291,-0.546476276190595,-0.5308459142394008,-0.7076554993646424,-0.7043907523547877,1.386006528322238,-1.4417649723258046,0.0,0.0,0.0,0.0,0.0,0.0,0.0,0.0,0.0,0.0,0.0,0.0,0.0,0.0,0.0,0.0,0.0,0.0,0.0,0.0,0.0,0.0,0.0,0.0,0.0,0.0,0.0,0.0,-0.0115235132488908,0.0019482429500037,0.0226964014763284,SPY
2011-03-15,-0.9031847451355488,0.014678779737650912,-0.4603977379278315,-0.0884042080874544,-0.5511461738424174,-0.5356678864206726,-1.0596207252925256,-0.8200340169273971,3.0020369578419164,-0.7272619771908926,0.0,0.0,0.0,0.0,0.0,0.0,0.0,0.0,0.0,0.0,0.0,0.0,0.0,0.0,0.0,0.0,0.0,0.0,0.0,0.0,0.0,0.0,0.0,0.0,0.0,0.0,0.0,0.0,-0.0186859577302147,0.00999689733153,0.0267178329166419,SPY
2011-03-16,-1.4508734414381936,-1.0252908802502183,-1.2355801544511935,0.0006439643784418098,-0.561057245123843,-0.5424305011083976,-1.6373411871613328,-1.1465114488012296,3.771614400745463,-0.012758982055980528,0.0,0.0,0.0,0.0,0.0,0.0,0.0,0.0,0.0,0.0,0.0,0.0,0.0,0.0,0.0,0.0,0.0,0.0,0.0,0.0,0.0,0.0,0.0,0.0,0.0,0.0,0.0,0.0,0.0131480533304193,0.0315407852115088,0.0453278043029108,SPY
2011-03-17,0.983369233858595,-1.738126658134517,-1.8964891055497968,0.05313086156840441,-0.5721308927914114,-0.5483713402072088,-1.0836375915108547,-1.0901397708414389,1.1498416490937635,0.7017440130789315,0.0,0.0,0.0,0.0,0.0,0.0,0.0,0.0,0.0,0.0,0.0,0.0,0.0,0.0,0.0,0.0,0.0,0.0,0.0,0.0,0.0,0.0,0.0,0.0,0.0,0.0,0.0,0.0,0.0036306778407784,0.0279104190910475,0.0329401094966321,SPY
2011-03-18,0.2556066679167666,-0.34565573411057765,-0.6772146943691015,0.05535838722140301,-0.5803178979370059,-0.554247796022677,-0.8698943192533627,-1.164597756545736,0.8380541784964699,1.4162470082138434,0.0,0.0,0.0,0.0,0.0,0.0,0.0,0.0,0.0,0.0,0.0,0.0,0.0,0.0,0.0,0.0,0.0,0.0,0.0,0.0,0.0,0.0,0.0,0.0,0.0,0.0,0.0,0.0,0.0153789827579116,0.0273310687855001,0.032951051144126,SPY
2011-03-21,1.1539611083048755,0.9139021482294221,-0.8025534792802191,0.14025269633304552,-0.5825372887020546,-0.5584324625714935,-0.24647136704350908,-0.45427192456398957,-0.08738750627597108,-1.4417649723258046,0.0,0.0,0.0,0.0,0.0,0.0,0.0,0.0,0.0,0.0,0.0,0.0,0.0,0.0,0.0,0.0,0.0,0.0,0.0,0.0,0.0,0.0,0.0,0.0,0.0,0.0,0.0,0.0,-0.0034748588673645,0.0095119967405024,0.00630041693356,SPY
2011-03-22,-0.2877304771544154,1.0398165019590935,0.018593057573424894,0.03175406065141561,-0.5879132293040916,-0.5603913634661223,-0.3469061762252987,-0.5774432523125607,-0.397960892423031,-0.7272619771908926,0.0,0.0,0.0,0.0,0.0,0.0,0.0,0.0,0.0,0.0,0.0,0.0,0.0,0.0,0.0,0.0,0.0,0.0,0.0,0.0,0.0,0.0,0.0,0.0,0.0,0.0,0.0,0.0,0.0028579301497639,0.0196827699956223,0.0155031750880905,SPY
2011-03-23,0.19651718016350422,0.6387777907014422,0.3269258637526325,0.02539789865046711,-0.5921826186932744,-0.5611802463070602,-0.23001940006912777,-0.9614761658222855,-0.18808234873655466,-0.012758982055980528,0.0,0.0,0.0,0.0,0.0,0.0,0.0,0.0,0.0,0.0,0.0,0.0,0.0,0.0,0.0,0.0,0.0,0.0,0.0,0.0,0.0,0.0,0.0,0.0,0.0,0.0,0.0,0.0,0.009517687209958,0.0237023350231861,0.0261852945329117,SPY
2011-03-24,0.7057670140017757,-0.06791432951604,1.152242381416844,0.05378709252992191,-0.5891706024057529,-0.5606469512763582,0.11626078949639883,-0.5337169181474728,-0.08127208132041489,0.7017440130789315,0.0,0.0,0.0,0.0,0.0,0.0,0.0,0.0,0.0,0.0,0.0,0.0,0.0,0.0,0.0,0.0,0.0,0.0,0.0,0.0,0.0,0.0,0.0,0.0,0.0,0.0,0.0,0.0,0.003051327535231,0.0128283704715483,0.0217631250538321,SPY
2011-03-25,0.21130564549695383,0.6653890293750313,1.013168081500454,0.02147948008085701,-0.5871403334462902,-0.5611020087681154,0.23702838399703932,-0.2615917159346024,-0.14913527014866937,1.4162470082138434,0.0,0.0,0.0,0.0,0.0,0.0,0.0,0.0,0.0,0.0,0.0,0.0,0.0,0.0,0.0,0.0,0.0,0.0,0.0,0.0,0.0,0.0,0.0,0.0,0.0,0.0,0.0,0.0,-0.0024400892870861,0.0139916231078149,0.0176650330481971,SPY
2011-03-28,-0.20860503277937467,0.6763044382194385,0.9909739733921198,0.00914860867867941,-0.5841867397614291,-0.5626872101267323,0.16860259693664734,-0.5578875834676394,-0.7533996292990935,-1.4417649723258046,0.0,0.0,0.0,0.0,0.0,0.0,0.0,0.0,0.0,0.0,0.0,0.0,0.0,0.0,0.0,0.0,0.0,0.0,0.0,0.0,0.0,0.0,0.0,0.0,0.0,0.0,0.0,0.0,0.0066959143877554,0.0172574639310276,0.0286732887736889,SPY
2011-03-29,0.4899952782090375,0.0014037976547474102,0.3083499934440924,-0.0683957599477731,-0.5765557417196613,-0.5611992453004871,0.3983010993094227,-0.33862964651850896,-0.5058290144531375,-0.7272619771908926,0.0,0.0,0.0,0.0,0.0,0.0,0.0,0.0,0.0,0.0,0.0,0.0,0.0,0.0,0.0,0.0,0.0,0.0,0.0,0.0,0.0,0.0,0.0,0.0,0.0,0.0,0.0,0.0,0.0068774951773278,0.0104113145549007,0.0284850017280717,SPY
2011-03-30,0.5038801671144703,0.20710541801621793,0.6979782356458482,-0.05626617222859039,-0.562434411089889,-0.5590835730858681,0.6271169933017737,0.3910025763399752,-0.4260580446577072,-0.012758982055980528,0.0,0.0,0.0,0.0,0.0,0.0,0.0,0.0,0.0,0.0,0.0,0.0,0.0,0.0,0.0,0.0,0.0,0.0,0.0,0.0,0.0,0.0,0.0,0.0,0.0,0.0,0.0,0.0,-0.0013562773416797,0.006681052321884,0.0248452525140852,SPY
2011-03-31,-0.12572947919363217,0.7329927955820256,0.8519622068563905,-0.15205246275060308,-0.5519597277442496,-0.5593845550607555,0.5801831700661132,0.1836227045583524,-0.4678452274244805,0.7017440130789315,0.0,0.0,0.0,0.0,0.0,0.0,0.0,0.0,0.0,0.0,0.0,0.0,0.0,0.0,0.0,0.0,0.0,0.0,0.0,0.0,0.0,0.0,0.0,0.0,0.0,0.0,0.0,0.0,0.0042145801714976,0.0054906033682025,0.0285499783605471,SPY
2011-04-01,0.300255768808724,0.27852457923019436,0.4353956796372273,-0.16758294976679108,-0.5412931321424431,-0.5581385509080898,0.7216658538531124,0.5064655996989252,-0.19392053391583938,1.4162470082138434,0.0,0.0,0.0,0.0,0.0,0.0,0.0,0.0,0.0,0.0,0.0,0.0,0.0,0.0,0.0,0.0,0.0,0.0,0.0,0.0,0.0,0.0,0.0,0.0,0.0,0.0,0.0,0.0,0.0008257515361265,-0.0021804796434876,0.0227946779575329,SPY
2011-04-04,0.04112313020481502,0.12822882452627374,0.4799582776360527,-0.19457444635926768,-0.5343272242409544,-0.5557534070034208,0.7180731084040484,1.019243569876524,-0.8803946905197908,-1.4417649723258046,0.0,0.0,0.0,0.0,0.0,0.0,0.0,0.0,0.0,0.0,0.0,0.0,0.0,0.0,0.0,0.0,0.0,0.0,0.0,0.0,0.0,0.0,0.0,0.0,0.0,0.0,0.0,0.0,-0.0001502349883715,-0.0060213021452053,0.0183656539263683,SPY
2011-04-05,-0.03350736621370038,0.25138321595732943,0.6050681180917478,-0.21847263149782878,-0.5265103075164517,-0.5545268067083878,0.6944206501549043,2.1166274667342626,-0.6092300528907787,-0.7272619771908926,0.0,0.0,0.0,0.0,0.0,0.0,0.0,0.0,0.0,0.0,0.0,0.0,0.0,0.0,0.0,0.0,0.0,0.0,0.0,0.0,0.0,0.0,0.0,0.0,0.0,0.0,0.0,0.0,0.0031472329443111,-0.0133731489654111,0.0118629054835652,SPY
2011-04-06,0.21863921835806494,0.00503168496238531,0.34280161382884,-0.21751069978594148,-0.5185945066558609,-0.5526944703141566,0.7871474284878388,2.022570768807006,-0.6135239386782387,-0.012758982055980528,0.0,0.0,0.0,0.0,0.0,0.0,0.0,0.0,0.0,0.0,0.0,0.0,0.0,0.0,0.0,0.0,0.0,0.0,0.0,0.0,0.0,0.0,0.0,0.0,0.0,0.0,0.0,0.0,-0.0025467262953613,-0.0165963682536682,-0.0003741339094522,SPY
2011-04-07,-0.21675921592063976,0.13605682076670142,0.1999004321443251,-0.3703521701686586,-0.5138053074161647,-0.5487743282122991,0.6332071419876923,1.7546905125586958,0.02685812047910222,0.7017440130789315,0.0,0.0,0.0,0.0,0.0,0.0,0.0,0.0,0.0,0.0,0.0,0.0,0.0,0.0,0.0,0.0,0.0,0.0,0.0,0.0,0.0,0.0,0.0,0.0,0.0,0.0,0.0,0.0,-0.0034565028401924,-0.0132892834341662,0.0065788482634872,SPY
2011-04-08,-0.2863268518115039,0.00079810284410701,0.1542959808780114,-0.3746903936037481,-0.5107181258224953,-0.5462027887775138,0.4652032441569872,1.1015155168305182,-0.2813949525879417,1.4162470082138434,0.0,0.0,0.0,0.0,0.0,0.0,0.0,0.0,0.0,0.0,0.0,0.0,0.0,0.0,0.0,0.0,0.0,0.0,0.0,0.0,0.0,0.0,0.0,0.0,0.0,0.0,0.0,0.0,-0.0030150709655911,-0.0061911611057015,0.0139030642311892,SPY
2011-04-11,-0.2525720005819791,-0.37191880754329887,-0.1395725888616577,-0.3896333537858642,-0.5077892335205951,-0.5432468159679132,0.3090150591805959,1.1359079704009218,-0.6280438143725886,-1.4417649723258046,0.0,0.0,0.0,0.0,0.0,0.0,0.0,0.0,0.0,0.0,0.0,0.0,0.0,0.0,0.0,0.0,0.0,0.0,0.0,0.0,0.0,0.0,0.0,0.0,0.0,0.0,0.0,0.0,-0.0075020818085773,-0.0144477415927646,0.0254178297971945,SPY
2011-04-12,-0.595679039707915,-0.39835232702087764,-0.2867091813719561,-0.4286201696270252,-0.5085609699658314,-0.5398000094954601,-0.020916321313978876,0.4270934446801348,-0.11567989576133439,-0.7272619771908926,0.0,0.0,0.0,0.0,0.0,0.0,0.0,0.0,0.0,0.0,0.0,0.0,0.0,0.0,0.0,0.0,0.0,0.0,0.0,0.0,0.0,0.0,0.0,0.0,0.0,0.0,0.0,0.0,-7.598634394589965e-05,-0.0012177604970213,0.0223392624053202,SPY
2011-04-13,-0.027829815291842575,-0.6266860676534208,-0.5683482545910341,-0.6435516787058393,-0.511153318206794,-0.5340066495893969,-0.10622534448298827,-0.05837413194940031,-0.11544365212823218,-0.012758982055980528,0.0,0.0,0.0,0.0,0.0,0.0,0.0,0.0,0.0,0.0,0.0,0.0,0.0,0.0,0.0,0.0,0.0,0.0,0.0,0.0,0.0,0.0,0.0,0.0,0.0,0.0,0.0,0.0,0.0007603585241406,0.0123982754415097,0.0271646340144053,SPY
2011-04-14,0.03612274052287772,-0.46080321356992443,-0.6918253230511159,-0.7202753041597281,-0.5131916637520941,-0.5297673559971072,-0.13814532749851496,-0.2059418283568409,-0.12869974411037638,0.7017440130789315,0.0,0.0,0.0,0.0,0.0,0.0,0.0,0.0,0.0,0.0,0.0,0.0,0.0,0.0,0.0,0.0,0.0,0.0,0.0,0.0,0.0,0.0,0.0,0.0,0.0,0.0,0.0,0.0,0.0036416194882722,0.0167334346482475,0.0186750104048609,SPY
2011-04-15,0.2564433399031126,0.00553149962338891,-0.5651354821989432,-0.7202468380110858,-0.5153883771934045,-0.525511206229256,-0.06320194793885887,0.21231618807860198,-0.010770480063212682,1.4162470082138434,0.0,0.0,0.0,0.0,0.0,0.0,0.0,0.0,0.0,0.0,0.0,0.0,0.0,0.0,0.0,0.0,0.0,0.0,0.0,0.0,0.0,0.0,0.0,0.0,0.0,0.0,0.0,0.0,-0.0112716514526542,0.0120450506895712,0.0086722911540171,SPY
2011-04-18,-0.8839256975870547,0.21535433400662804,-0.2932162429827374,-0.758700767575258,-0.5207315398266433,-0.524695770221308,-0.4913784666792911,-0.9692218066217643,0.5163174099599374,-1.4417649723258046,0.0,0.0,0.0,0.0,0.0,0.0,0.0,0.0,0.0,0.0,0.0,0.0,0.0,0.0,0.0,0.0,0.0,0.0,0.0,0.0,0.0,0.0,0.0,0.0,0.0,0.0,0.0,0.0,0.0057278992871658,0.0318848685806312,0.0197934795709349,SPY
2011-04-19,0.4159743304968961,-0.46373606734239253,-0.6095144103961441,-0.7513308043231093,-0.5245509002809018,-0.5226869821568255,-0.3085316150340608,-1.0635616679853697,-0.6338438092527019,-0.7272619771908926,0.0,0.0,0.0,0.0,0.0,0.0,0.0,0.0,0.0,0.0,0.0,0.0,0.0,0.0,0.0,0.0,0.0,0.0,0.0,0.0,0.0,0.0,0.0,0.0,0.0,0.0,0.0,0.0,0.0135400495945852,0.0326645966356036,0.022961889919844,SPY
2011-04-20,1.0133439056953315,-0.34598578383286954,-0.10269215122307261,-0.6538226814153542,-0.5256590039275313,-0.5192660869934972,0.14627958360798013,-0.14762251740167343,-0.20785633316218796,-0.012758982055980528,0.0,0.0,0.0,0.0,0.0,0.0,0.0,0.0,0.0,0.0,0.0,0.0,0.0,0.0,0.0,0.0,0.0,0.0,0.0,0.0,0.0,0.0,0.0,0.0,0.0,0.0,0.0,0.0,0.0050955177308784,0.0223622930043596,0.011800913672701,SPY
2011-04-21,0.3676181818339658,1.054394373332698,0.4189193344931358,-0.6867722755562566,-0.524748747157319,-0.5164020874816035,0.2963999372037565,-0.10441056813666261,-0.4744779309303121,0.7017440130789315,0.0,0.0,0.0,0.0,0.0,0.0,0.0,0.0,0.0,0.0,0.0,0.0,0.0,0.0,0.0,0.0,0.0,0.0,0.0,0.0,0.0,0.0,0.0,0.0,0.0,0.0,0.0,0.0,-0.0010467644704039,0.0196152237782634,-0.0012715588281722,SPY
2011-04-25,-0.10206204255242027,1.0187025607682836,0.5849932817749439,-0.6868570404438971,-0.5232050974073033,-0.5140750761519401,0.22399591125685142,-0.2012047677671547,-1.3702036478204285,-1.4417649723258046,0.0,0.0,0.0,0.0,0.0,0.0,0.0,0.0,0.0,0.0,0.0,0.0,0.0,0.0,0.0,0.0,0.0,0.0,0.0,0.0,0.0,0.0,0.0,0.0,0.0,0.0,0.0,0.0,0.0085681664384056,0.0191212680171508,-0.0118934504380883,SPY
2011-04-26,0.6331602671236916,0.19541821867569462,0.4053877832779252,-0.6611386794089501,-0.5185941529367738,-0.5102862779230471,0.4921427463081007,0.17452824393038519,-0.2906905915603456,-0.7272619771908926,0.0,0.0,0.0,0.0,0.0,0.0,0.0,0.0,0.0,0.0,0.0,0.0,0.0,0.0,0.0,0.0,0.0,0.0,0.0,0.0,0.0,0.0,0.0,0.0,0.0,0.0,0.0,0.0,0.0065076273421382,0.0069498290837071,-0.0212945739805006,SPY
2011-04-27,0.4755975838445431,0.39141559642778617,1.1654237389124045,-0.6623132412578939,-0.5102824814638065,-0.5064974303204713,0.684050838080974,0.2970694318576169,-0.3369721989329843,-0.012758982055980528,0.0,0.0,0.0,0.0,0.0,0.0,0.0,0.0,0.0,0.0,0.0,0.0,0.0,0.0,0.0,0.0,0.0,0.0,0.0,0.0,0.0,0.0,0.0,0.0,0.0,0.0,0.0,0.0,0.0032377459633412,-0.0062107816896057,-0.02447325264602,SPY
2011-04-28,0.22556045279419543,0.817787829979879,1.19529404118282,-0.6788562822890515,-0.5010803418384802,-0.5031759836305382,0.7592755650947929,0.5378101760802687,-0.5698313073719404,0.7017440130789315,0.0,0.0,0.0,0.0,0.0,0.0,0.0,0.0,0.0,0.0,0.0,0.0,0.0,0.0,0.0,0.0,0.0,0.0,0.0,0.0,0.0,0.0,0.0,0.0,0.0,0.0,0.0,0.0,0.0023484485047822,-0.0185383341016533,-0.0231141491706061,SPY
2011-04-29,0.15755878562966244,0.5169372333836504,0.8006270523725335,-0.682701510311658,-0.4914427740161297,-0.4993573439473113,0.7937193918322765,0.8016869374964415,-0.698173521435155,1.4162470082138434,0.0,0.0,0.0,0.0,0.0,0.0,0.0,0.0,0.0,0.0,0.0,0.0,0.0,0.0,0.0,0.0,0.0,0.0,0.0,0.0,0.0,0.0,0.0,0.0,0.0,0.0,0.0,0.0,-0.0015407202315165,-0.0164805267288574,-0.0216353962397191,SPY
2011-05-02,-0.13983322354242428,0.28219188066288337,0.6953906335750147,-0.6830822899831128,-0.48317069942993035,-0.4963044505969128,0.6914370711338562,0.8871957325929412,-0.543204212754871,-1.4417649723258046,0.0,0.0,0.0,0.0,0.0,0.0,0.0,0.0,0.0,0.0,0.0,0.0,0.0,0.0,0.0,0.0,0.0,0.0,0.0,0.0,0.0,0.0,0.0,0.0,0.0,0.0,0.0,0.0,-0.0036032724950381,-0.0110720933698313,-0.0097375400459664,SPY
2011-05-03,-0.2975498471350742,0.012493756047205411,0.6764678722371931,-0.6699090073742603,-0.47293945342090676,-0.4938481690889938,0.5200100201387389,1.1297274850348271,-0.3831402032923741,-0.7272619771908926,0.0,0.0,0.0,0.0,0.0,0.0,0.0,0.0,0.0,0.0,0.0,0.0,0.0,0.0,0.0,0.0,0.0,0.0,0.0,0.0,0.0,0.0,0.0,0.0,0.0,0.0,0.0,0.0,-0.0066529834311745,0.0010308737256208,-0.0288510710937011,SPY
2011-05-04,-0.5307512647611036,-0.32342323623257835,0.2101968977745167,-0.6376493722258656,-0.46597348656623594,-0.4922669867482166,0.24725992947349043,0.7152160479400571,0.19242273526676823,-0.012758982055980528,0.0,0.0,0.0,0.0,0.0,0.0,0.0,0.0,0.0,0.0,0.0,0.0,0.0,0.0,0.0,0.0,0.0,0.0,0.0,0.0,0.0,0.0,0.0,0.0,0.0,0.0,0.0,0.0,-0.0090898064487063,-0.0028967920436562,-0.0232601719992739,SPY
2011-05-05,-0.7170871484209764,-0.6119609680623553,-0.2939678803878597,-0.5923834926323615,-0.4649643260088763,-0.492316706047546,-0.09130014047491927,0.23293719391186307,0.7590668134438368,0.7017440130789315,0.0,0.0,0.0,0.0,0.0,0.0,0.0,0.0,0.0,0.0,0.0,0.0,0.0,0.0,0.0,0.0,0.0,0.0,0.0,0.0,0.0,0.0,0.0,0.0,0.0,0.0,0.0,0.0,0.0044062558775781,0.0109423996701893,-0.0241654157832984,SPY
2011-05-06,0.3149125829522542,-0.9216226581538113,-0.7662193460803273,-0.5864595413948015,-0.46413312545477636,-0.4914416167551402,0.06047999965120142,0.2579795471140968,0.684377701645728,1.4162470082138434,0.0,0.0,0.0,0.0,0.0,0.0,0.0,0.0,0.0,0.0,0.0,0.0,0.0,0.0,0.0,0.0,0.0,0.0,0.0,0.0,0.0,0.0,0.0,0.0,0.0,0.0,0.0,0.0,0.0038677131275095,-0.0011931212927924,-0.0392088475807002,SPY
2011-05-09,0.2737319807908824,-0.29743573715889365,-0.6873875946155437,-0.5889229338419827,-0.4619957778670268,-0.4895919008243016,0.17899346584114043,0.9290871572900777,-0.7564317294890899,-1.4417649723258046,0.0,0.0,0.0,0.0,0.0,0.0,0.0,0.0,0.0,0.0,0.0,0.0,0.0,0.0,0.0,0.0,0.0,0.0,0.0,0.0,0.0,0.0,0.0,0.0,0.0,0.0,0.0,0.0,0.0084996946004141,-0.0114219341828736,-0.0436967602580633,SPY
2011-05-10,0.6279244496900214,0.43389071506901755,-0.480198000482975,-0.566949292353457,-0.459858449930338,-0.48620086686478053,0.4503672340862086,0.9983943848324671,-0.7390711482480159,-0.7272619771908926,0.0,0.0,0.0,0.0,0.0,0.0,0.0,0.0,0.0,0.0,0.0,0.0,0.0,0.0,0.0,0.0,0.0,0.0,0.0,0.0,0.0,0.0,0.0,0.0,0.0,0.0,0.0,0.0,-0.0105806492004516,-0.0200720918190242,-0.0563923710785712,SPY
2011-05-11,-0.8310870160953024,0.6649256751920098,-0.016550087336070208,-0.5338633091553792,-0.4622926071348328,-0.4832473923635681,0.012291823930419422,0.06241336825153629,0.2877995621050933,-0.012758982055980528,0.0,0.0,0.0,0.0,0.0,0.0,0.0,0.0,0.0,0.0,0.0,0.0,0.0,0.0,0.0,0.0,0.0,0.0,0.0,0.0,0.0,0.0,0.0,0.0,0.0,0.0,0.0,0.0,0.0047493852651392,-0.0005951329824975,-0.0382093432208741,SPY
2011-05-12,0.3411505646115169,-0.15054440761661803,-0.1670135251940568,-0.5284163774052979,-0.46433087407589096,-0.4796475175973902,0.13916748815462682,0.05178981968975609,-0.018557611788760482,0.7017440130789315,0.0,0.0,0.0,0.0,0.0,0.0,0.0,0.0,0.0,0.0,0.0,0.0,0.0,0.0,0.0,0.0,0.0,0.0,0.0,0.0,0.0,0.0,0.0,0.0,0.0,0.0,0.0,0.0,-0.0077292650854037,-0.0029654449001945,-0.0569670076255421,SPY
2011-05-13,-0.6130510016171842,-0.36221303792748066,0.3631467493204063,-0.4890454404511435,-0.4690606681599054,-0.4771813416032881,-0.18292174993883628,-0.2343643960882224,-0.21519509464858988,1.4162470082138434,0.0,0.0,0.0,0.0,0.0,0.0,0.0,0.0,0.0,0.0,0.0,0.0,0.0,0.0,0.0,0.0,0.0,0.0,0.0,0.0,0.0,0.0,0.0,0.0,0.0,0.0,0.0,0.0,-0.0063610997625715,-0.0032131345847856,-0.048454158205943,SPY
2011-05-16,-0.5084318755712747,-0.20128002783002943,-0.10174825742147561,-0.4692242911397501,-0.4750567962291374,-0.4760376693471362,-0.4336914062974352,-0.8101979748298623,-0.4379206899739805,-1.4417649723258046,0.0,0.0,0.0,0.0,0.0,0.0,0.0,0.0,0.0,0.0,0.0,0.0,0.0,0.0,0.0,0.0,0.0,0.0,0.0,0.0,0.0,0.0,0.0,0.0,0.0,0.0,0.0,0.0,-0.0001504630357365,-0.0085206909025341,-0.029486913806302,SPY
2011-05-17,-0.03352480424960518,-0.8283592732098053,-0.4935999176840577,-0.5404546579096161,-0.48012297716560526,-0.4734422034253044,-0.4749418827679559,-1.1341616918008164,0.24126032813647394,-0.7272619771908926,0.0,0.0,0.0,0.0,0.0,0.0,0.0,0.0,0.0,0.0,0.0,0.0,0.0,0.0,0.0,0.0,0.0,0.0,0.0,0.0,0.0,0.0,0.0,0.0,0.0,0.0,0.0,0.0,0.008896309636075,-0.0092031849708043,-0.0472820694792277,SPY
2011-05-18,0.6582523038718654,-0.40060931824972296,-0.8249754807804863,-0.5201581098482408,-0.48105308150685333,-0.4704091582956909,-0.18837971105881657,-0.8589043392958149,-0.5212445756432927,-0.012758982055980528,0.0,0.0,0.0,0.0,0.0,0.0,0.0,0.0,0.0,0.0,0.0,0.0,0.0,0.0,0.0,0.0,0.0,0.0,0.0,0.0,0.0,0.0,0.0,0.0,0.0,0.0,0.0,0.0,0.0023790733474422,-0.0147705459302605,-0.053976075107462,SPY
2011-05-19,0.15990056715336773,0.46052363393830836,-0.07884015315515411,-0.6044156169164592,-0.47893546358377626,-0.468837939564254,-0.12189448027436338,-0.8589009536371227,-0.7114880808572547,0.7017440130789315,0.0,0.0,0.0,0.0,0.0,0.0,0.0,0.0,0.0,0.0,0.0,0.0,0.0,0.0,0.0,0.0,0.0,0.0,0.0,0.0,0.0,0.0,0.0,0.0,0.0,0.0,0.0,0.0,-0.0079769547699948,-0.0125527698389475,-0.053375610522024,SPY
2011-05-20,-0.6319910214379366,0.6032914575183018,-0.1696435210797366,-0.5798355565954425,-0.48010309029244946,-0.4690069950567101,-0.4145242498835117,-1.053032878874872,0.17091198898569532,1.4162470082138434,0.0,0.0,0.0,0.0,0.0,0.0,0.0,0.0,0.0,0.0,0.0,0.0,0.0,0.0,0.0,0.0,0.0,0.0,0.0,0.0,0.0,0.0,0.0,0.0,0.0,0.0,0.0,0.0,-0.01166865608032,-0.0007486136332834,-0.0402956773287481,SPY
2011-05-23,-0.9142833425948956,-0.34904085600911255,-0.1791321699757442,-0.5129114266574191,-0.48536725566275746,-0.47057823353762074,-0.8204317785489194,-1.2555293361673212,-0.02817973534802098,-1.4417649723258046,0.0,0.0,0.0,0.0,0.0,0.0,0.0,0.0,0.0,0.0,0.0,0.0,0.0,0.0,0.0,0.0,0.0,0.0,0.0,0.0,0.0,0.0,0.0,0.0,0.0,0.0,0.0,0.0,-0.0008329571040066,0.0212771784092726,-0.015016152566865,SPY
2011-05-24,-0.08571289275204447,-1.1418990927908281,-0.382457304318914,-0.558501555282301,-0.49312474758051755,-0.4734023884868942,-0.8123357777573765,-1.1080884091201966,-0.3285027765692007,-0.7272619771908926,0.0,0.0,0.0,0.0,0.0,0.0,0.0,0.0,0.0,0.0,0.0,0.0,0.0,0.0,0.0,0.0,0.0,0.0,0.0,0.0,0.0,0.0,0.0,0.0,0.0,0.0,0.0,0.0,0.0033289486766188,-0.0006066680294933,-0.0202267187165494,SPY
2011-05-25,0.23253442589297743,-0.7386896330589207,-0.4086027071769889,-0.5791787885716485,-0.49718157144902114,-0.4766641325186856,-0.6462236911054073,-0.6924231504007462,-0.25400052077813,-0.012758982055980528,0.0,0.0,0.0,0.0,0.0,0.0,0.0,0.0,0.0,0.0,0.0,0.0,0.0,0.0,0.0,0.0,0.0,0.0,0.0,0.0,0.0,0.0,0.0,0.0,0.0,0.0,0.0,0.0,0.0045968494387551,-0.0049977010428596,-0.026435560807819,SPY
2011-05-26,0.3294866490154393,0.10777986399983842,-0.6218805976504235,-0.5716725861170139,-0.5012978594263882,-0.4797568210580209,-0.4349863084227955,-0.6861518127956495,-0.05107651198584209,0.7017440130789315,0.0,0.0,0.0,0.0,0.0,0.0,0.0,0.0,0.0,0.0,0.0,0.0,0.0,0.0,0.0,0.0,0.0,0.0,0.0,0.0,0.0,0.0,0.0,0.0,0.0,0.0,0.0,0.0,0.0038272014356692,-0.0195896007143456,-0.0427137176704128,SPY
2011-05-27,0.2706341842569081,0.41423984130064545,-0.5369206660522651,-0.5650020742429178,-0.5023466758236975,-0.48266059600937733,-0.2535852308868655,-0.6893095793167885,-0.6557442760175941,1.4162470082138434,0.0,0.0,0.0,0.0,0.0,0.0,0.0,0.0,0.0,0.0,0.0,0.0,0.0,0.0,0.0,0.0,0.0,0.0,0.0,0.0,0.0,0.0,0.0,0.0,0.0,0.0,0.0,0.0,0.010357135962236,-0.0340539780698385,-0.037669198263317,SPY
2011-05-31,0.7699569136857224,0.44236138265320624,-0.08471978439632731,-0.5014031197156152,-0.49896280251964453,-0.48397326450956524,0.14994764832141583,-0.6155168710021409,-0.013848970339390483,-0.7272619771908926,0.0,0.0,0.0,0.0,0.0,0.0,0.0,0.0,0.0,0.0,0.0,0.0,0.0,0.0,0.0,0.0,0.0,0.0,0.0,0.0,0.0,0.0,0.0,0.0,0.0,0.0,0.0,0.0,-0.0227168035427727,-0.0450313135819282,-0.0350579987661481,SPY
2011-06-01,-1.7590990331106062,0.7674737532928804,0.7590578145509757,-0.2935667163217696,-0.5015354407469957,-0.4878118017872605,-0.6372361052319023,-0.9692704662025863,0.9645278753111636,-0.012758982055980528,0.0,0.0,0.0,0.0,0.0,0.0,0.0,0.0,0.0,0.0,0.0,0.0,0.0,0.0,0.0,0.0,0.0,0.0,0.0,0.0,0.0,0.0,0.0,0.0,0.0,0.0,0.0,0.0,-0.0010620843367474,-0.0265104262592492,-0.003813510189258,SPY
2011-06-02,-0.10323350261009757,-0.7306781788435854,-0.07928204483555572,-0.3051785554243337,-0.5067400830552582,-0.4908945365919935,-0.6336758336789399,-1.1911929510698522,0.4885629920492719,0.7017440130789315,0.0,0.0,0.0,0.0,0.0,0.0,0.0,0.0,0.0,0.0,0.0,0.0,0.0,0.0,0.0,0.0,0.0,0.0,0.0,0.0,0.0,0.0,0.0,0.0,0.0,0.0,0.0,0.0,-0.0099950502327308,-0.0178459632652563,0.0067654398401506,SPY
2011-06-03,-0.786308178922676,-1.3751825393690043,-0.2474964402933002,-0.2990134513310037,-0.5151706827459533,-0.494066835258676,-0.9544671726612176,-1.2395993682238384,0.9516279254297806,1.4162470082138434,0.0,0.0,0.0,0.0,0.0,0.0,0.0,0.0,0.0,0.0,0.0,0.0,0.0,0.0,0.0,0.0,0.0,0.0,0.0,0.0,0.0,0.0,0.0,0.0,0.0,0.0,0.0,0.0,-0.0106371759198236,-0.0218591921720543,0.0314281137843615,SPY
2011-06-06,-0.8354094293886748,-0.6571628088467303,-0.8064919145580979,-0.2804494078407579,-0.5242145330795093,-0.4991981434420904,-1.2689043146535282,-1.3287898820336053,0.20960957708916023,-1.4417649723258046,0.0,0.0,0.0,0.0,0.0,0.0,0.0,0.0,0.0,0.0,0.0,0.0,0.0,0.0,0.0,0.0,0.0,0.0,0.0,0.0,0.0,0.0,0.0,0.0,0.0,0.0,0.0,0.0,-0.0006201995498535,-0.0104384319180352,0.0412440459750387,SPY
2011-06-07,-0.06944401865933918,-1.1975839686234682,-1.3606021854489163,-0.2937887300787134,-0.5303493386822012,-0.5049261720900875,-1.2133029800446922,-1.338427712063022,-0.04516380992230699,-0.7272619771908926,0.0,0.0,0.0,0.0,0.0,0.0,0.0,0.0,0.0,0.0,0.0,0.0,0.0,0.0,0.0,0.0,0.0,0.0,0.0,0.0,0.0,0.0,0.0,0.0,0.0,0.0,0.0,0.0,-0.0041959162200937,0.0027879122688876,0.0430591289452788,SPY
2011-06-08,-0.3428673738529426,-0.6684644678002066,-1.7811287110482723,-0.3426523875754613,-0.5373351334568461,-0.5123347328048893,-1.2633313252045573,-1.818687883189058,0.51909011877144,-0.012758982055980528,0.0,0.0,0.0,0.0,0.0,0.0,0.0,0.0,0.0,0.0,0.0,0.0,0.0,0.0,0.0,0.0,0.0,0.0,0.0,0.0,0.0,0.0,0.0,0.0,0.0,0.0,0.0,0.0,0.0076023786572454,-0.0109617902196808,0.0575768774778309,SPY
2011-06-09,0.5593096352412532,-0.30491775838764895,-1.0716191594594011,-0.3292641130092813,-0.5432522249610258,-0.5173466652962299,-0.9196753366399576,-1.5894633092169108,0.0007659407954195169,0.7017440130789315,0.0,0.0,0.0,0.0,0.0,0.0,0.0,0.0,0.0,0.0,0.0,0.0,0.0,0.0,0.0,0.0,0.0,0.0,0.0,0.0,0.0,0.0,0.0,0.0,0.0,0.0,0.0,0.0,-0.0140082791395288,-0.0163618648690855,0.0428574241968808,SPY
2011-06-10,-1.093186663448396,0.15916712398459854,-0.7396955779094732,-0.2945612957738767,-0.553938648482807,-0.52478508721484,-1.323430242852814,-1.686805447218598,1.9069734752949203,1.4162470082138434,0.0,0.0,0.0,0.0,0.0,0.0,0.0,0.0,0.0,0.0,0.0,0.0,0.0,0.0,0.0,0.0,0.0,0.0,0.0,0.0,0.0,0.0,0.0,0.0,0.0,0.0,0.0,0.0,0.0007835843341954,0.0006259522033236,0.0386196822449358,SPY
2011-06-13,0.03789874223048672,-0.39464570412913397,-0.8934368211056912,-0.3003460310375872,-0.5654363856855311,-0.5310897807371633,-1.2086738665023848,-1.4324394375948926,1.244960762206548,-1.4417649723258046,0.0,0.0,0.0,0.0,0.0,0.0,0.0,0.0,0.0,0.0,0.0,0.0,0.0,0.0,0.0,0.0,0.0,0.0,0.0,0.0,0.0,0.0,0.0,0.0,0.0,0.0,0.0,0.0,0.0126061446370693,0.0049453462924091,0.0335076996095144,SPY
2011-06-14,0.941931249026764,-0.7795005856067073,-0.4559233075543873,-0.22466165582779357,-0.576478906073377,-0.5349382816241984,-0.6977766918810572,-0.9307783151569775,0.12677698647174623,-0.7272619771908926,0.0,0.0,0.0,0.0,0.0,0.0,0.0,0.0,0.0,0.0,0.0,0.0,0.0,0.0,0.0,0.0,0.0,0.0,0.0,0.0,0.0,0.0,0.0,0.0,0.0,0.0,0.0,0.0,-0.0179456187086621,0.0059500703369028,0.024244589596349,SPY
2011-06-15,-1.394262138608078,0.7226258054933539,0.05075962667698739,-0.131667410755139,-0.586076935962141,-0.5410540911827537,-1.263592992971576,-1.3985640756147264,3.211099247509741,-0.012758982055980528,0.0,0.0,0.0,0.0,0.0,0.0,0.0,0.0,0.0,0.0,0.0,0.0,0.0,0.0,0.0,0.0,0.0,0.0,0.0,0.0,0.0,0.0,0.0,0.0,0.0,0.0,0.0,0.0,0.0022023040078407,0.0178521657918739,0.0352637566922702,SPY
2011-06-16,0.14638359408571333,-0.33445626440611376,-0.4759724395128863,-0.1704677437851116,-0.594843745645745,-0.5480748018638407,-1.0869011507396702,-1.4869925547972838,2.995797883786951,0.7017440130789315,0.0,0.0,0.0,0.0,0.0,0.0,0.0,0.0,0.0,0.0,0.0,0.0,0.0,0.0,0.0,0.0,0.0,0.0,0.0,0.0,0.0,0.0,0.0,0.0,0.0,0.0,0.0,0.0,0.0029795379328803,0.0127699683693824,0.0388495652492055,SPY
2011-06-17,0.20581612947737932,-0.9216522792116233,-0.6828418230523006,-0.16812390490207238,-0.6002662003078226,-0.5550360172562555,-0.8816583210587108,-1.5229172386965362,1.4177431306785968,1.4162470082138434,0.0,0.0,0.0,0.0,0.0,0.0,0.0,0.0,0.0,0.0,0.0,0.0,0.0,0.0,0.0,0.0,0.0,0.0,0.0,0.0,0.0,0.0,0.0,0.0,0.0,0.0,0.0,0.0,0.005102978423281,-0.0018908769873364,0.0276348278110774,SPY
2011-06-20,0.3681886765730384,0.25937009771475006,-0.032062070250731906,-0.15954809875566858,-0.6016651003467056,-0.5602835412159975,-0.621515639887872,-1.7383898106447382,-0.05404819457684058,-1.4417649723258046,0.0,0.0,0.0,0.0,0.0,0.0,0.0,0.0,0.0,0.0,0.0,0.0,0.0,0.0,0.0,0.0,0.0,0.0,0.0,0.0,0.0,0.0,0.0,0.0,0.0,0.0,0.0,0.0,0.013610868681563,0.0018778654321476,0.0386331577751706,SPY
2011-06-21,1.0187592095795506,0.42308506776241556,0.1334079372002598,-0.1172892901850226,-0.5994253314319912,-0.562240812779069,-0.09152931830110747,-0.759724751129336,0.6030790333053702,-0.7272619771908926,0.0,0.0,0.0,0.0,0.0,0.0,0.0,0.0,0.0,0.0,0.0,0.0,0.0,0.0,0.0,0.0,0.0,0.0,0.0,0.0,0.0,0.0,0.0,0.0,0.0,0.0,0.0,0.0,-0.006043523253691,0.0012353322099896,0.0244194071568006,SPY
2011-06-22,-0.4841478389440257,1.0231206959675954,0.1718975243274585,-0.1080145710557774,-0.5976681729103951,-0.5648682234741541,-0.277834696259685,-0.8832475214009708,0.2566486184667704,-0.012758982055980528,0.0,0.0,0.0,0.0,0.0,0.0,0.0,0.0,0.0,0.0,0.0,0.0,0.0,0.0,0.0,0.0,0.0,0.0,0.0,0.0,0.0,0.0,0.0,0.0,0.0,0.0,0.0,0.0,-0.0028798934146507,0.015806540497798,0.0442387423503944,SPY
2011-06-23,-0.24223541551846078,0.39400865965353626,0.627850323029707,-0.1140190347022157,-0.598586329406901,-0.568302963018349,-0.3350728541275297,-0.699182565138697,3.0368560910236573,0.7017440130789315,0.0,0.0,0.0,0.0,0.0,0.0,0.0,0.0,0.0,0.0,0.0,0.0,0.0,0.0,0.0,0.0,0.0,0.0,0.0,0.0,0.0,0.0,0.0,0.0,0.0,0.0,0.0,0.0,-0.0116813074238386,0.02820329960511,0.0477875031504702,SPY
2011-06-24,-0.9152507494426898,-0.5367351040290887,0.4331583759596203,-0.0936094972534601,-0.5989055412325374,-0.5738333389363812,-0.6853587093976123,-0.7236591878617649,1.0358139983128134,1.4162470082138434,0.0,0.0,0.0,0.0,0.0,0.0,0.0,0.0,0.0,0.0,0.0,0.0,0.0,0.0,0.0,0.0,0.0,0.0,0.0,0.0,0.0,0.0,0.0,0.0,0.0,0.0,0.0,0.0,0.0088717208427651,0.0545522307404287,0.053880582435684,SPY
2011-06-27,0.6563720792939759,-0.8549334035824062,-0.1284783120527288,-0.064992754657002,-0.5971753243147917,-0.5787415570680682,-0.2891126164067658,-0.4309669667825296,-0.008058099539077783,-1.4417649723258046,0.0,0.0,0.0,0.0,0.0,0.0,0.0,0.0,0.0,0.0,0.0,0.0,0.0,0.0,0.0,0.0,0.0,0.0,0.0,0.0,0.0,0.0,0.0,0.0,0.0,0.0,0.0,0.0,0.012968335459405,0.0448592661685172,0.0412658772521821,SPY
2011-06-28,0.9696267962404376,-0.19166862421814682,0.015896992300414192,-0.04156122703034949,-0.5953298146254994,-0.5833630918436226,0.2607224645227636,0.02241732620969979,-0.07239784969542379,-0.7272619771908926,0.0,0.0,0.0,0.0,0.0,0.0,0.0,0.0,0.0,0.0,0.0,0.0,0.0,0.0,0.0,0.0,0.0,0.0,0.0,0.0,0.0,0.0,0.0,0.0,0.0,0.0,0.0,0.0,0.0085276850341173,0.0330858141294987,0.0076091608425503,SPY
2011-06-29,0.6300647865797276,1.1995649195518165,-0.00871756586797551,-0.1742369544734278,-0.5867250868883284,-0.5838622301600479,0.5892916159848497,0.04625498435959809,1.3124599635499308,-0.012758982055980528,0.0,0.0,0.0,0.0,0.0,0.0,0.0,0.0,0.0,0.0,0.0,0.0,0.0,0.0,0.0,0.0,0.0,0.0,0.0,0.0,0.0,0.0,0.0,0.0,0.0,0.0,0.0,0.0,0.0095168656926611,0.0348799614078396,-0.0038325097183253,SPY
2011-06-30,0.7057041952618186,1.180147431050423,0.5494852501348787,-0.1425345029708843,-0.5761886206086944,-0.5829729706204636,0.9378367517547498,0.6935056826950774,0.902189989502127,0.7017440130789315,0.0,0.0,0.0,0.0,0.0,0.0,0.0,0.0,0.0,0.0,0.0,0.0,0.0,0.0,0.0,0.0,0.0,0.0,0.0,0.0,0.0,0.0,0.0,0.0,0.0,0.0,0.0,0.0,0.01466762371148,0.0182460210914738,-0.0202071935905996,SPY
2011-07-01,1.0995658093592284,0.9853453993314949,1.024387928507846,-0.1184883758979703,-0.5625258671251341,-0.5788321874015818,1.439579728183628,0.9207236226275137,0.5009126543572847,1.4162470082138434,0.0,0.0,0.0,0.0,0.0,0.0,0.0,0.0,0.0,0.0,0.0,0.0,0.0,0.0,0.0,0.0,0.0,0.0,0.0,0.0,0.0,0.0,0.0,0.0,0.0,0.0,0.0,0.0,-0.0008212437291463,-0.01466762371148,-0.0391367637410668,SPY
2011-07-05,-0.08481720929882267,1.3318854561225082,2.0337790008121424,-0.17136145697162228,-0.5503744373971811,-0.5734289980923614,1.3267157622560768,0.6957949480864614,-0.16480864503101347,-0.7272619771908926,0.0,0.0,0.0,0.0,0.0,0.0,0.0,0.0,0.0,0.0,0.0,0.0,0.0,0.0,0.0,0.0,0.0,0.0,0.0,0.0,0.0,0.0,0.0,0.0,0.0,0.0,0.0,0.0,0.0011948834203865,-0.0181747782835595,-0.0641948148319366,SPY
2011-07-06,0.06934943771494732,0.7483993311953183,1.6624549477489567,-0.17377244180414497,-0.5413851777095008,-0.5677863661674227,1.288392436101404,1.4445527180018851,-0.5765033512218913,-0.012758982055980528,0.0,0.0,0.0,0.0,0.0,0.0,0.0,0.0,0.0,0.0,0.0,0.0,0.0,0.0,0.0,0.0,0.0,0.0,0.0,0.0,0.0,0.0,0.0,0.0,0.0,0.0,0.0,0.0,0.0103218323124583,-0.0160266270800422,-0.0599858111739681,SPY
2011-07-07,0.7672573590892589,-0.012006339112061391,1.2114303002079987,-0.16798467565029468,-0.5280803682916865,-0.5602176668474124,1.5743363586601884,1.546417727751897,-0.09659964050473939,0.7017440130789315,0.0,0.0,0.0,0.0,0.0,0.0,0.0,0.0,0.0,0.0,0.0,0.0,0.0,0.0,0.0,0.0,0.0,0.0,0.0,0.0,0.0,0.0,0.0,0.0,0.0,0.0,0.0,0.0,-0.0071170746237045,-0.0332749110052414,-0.1182816344648118,SPY
2011-07-08,-0.566238799898732,0.6169123532718473,1.280161598485554,-0.14394316007971397,-0.5159487861347685,-0.5545828754634208,1.2153022074086492,1.1917188344362528,0.3298970117537357,1.4162470082138434,0.0,0.0,0.0,0.0,0.0,0.0,0.0,0.0,0.0,0.0,0.0,0.0,0.0,0.0,0.0,0.0,0.0,0.0,0.0,0.0,0.0,0.0,0.0,0.0,0.0,0.0,0.0,0.0,-0.0182460210914738,-0.0203697238167608,-0.1126623707571123,SPY
2011-07-11,-1.4172329260029892,0.14778284498152472,0.6429383742737661,-0.0901803928042509,-0.5056867272629898,-0.549586554930817,0.4473085826923228,0.4507750275853443,0.3529477943633413,-1.4417649723258046,0.0,0.0,0.0,0.0,0.0,0.0,0.0,0.0,0.0,0.0,0.0,0.0,0.0,0.0,0.0,0.0,0.0,0.0,0.0,0.0,0.0,0.0,0.0,0.0,0.0,0.0,0.0,0.0,-0.0043283983012258,-0.0103589022305348,-0.1617569607110311,SPY
2011-07-12,-0.3529978451589191,-1.4645957244488235,-0.6179377899423897,-0.0777323223666519,-0.49880561368725934,-0.5452593268081346,0.22212683961378993,0.04530104033945299,0.6804836157596411,-0.7272619771908926,0.0,0.0,0.0,0.0,0.0,0.0,0.0,0.0,0.0,0.0,0.0,0.0,0.0,0.0,0.0,0.0,0.0,0.0,0.0,0.0,0.0,0.0,0.0,0.0,0.0,0.0,0.0,0.0,0.0033430346239038,0.0100708044580652,-0.1119779613915401,SPY
2011-07-13,0.23361153219723232,-1.3072019617510773,-0.7522920260238308,-0.1193896798950854,-0.49437062481182614,-0.542103351081232,0.3020700671830797,0.305157084839483,0.4739025892674671,-0.012758982055980528,0.0,0.0,0.0,0.0,0.0,0.0,0.0,0.0,0.0,0.0,0.0,0.0,0.0,0.0,0.0,0.0,0.0,0.0,0.0,0.0,0.0,0.0,0.0,0.0,0.0,0.0,0.0,0.0,-0.0069264516127409,0.0061248878973545,-0.1605041439942587,SPY
2011-07-14,-0.5516624819067159,-0.0887089137252307,-0.6699993274830683,-0.23161885318330788,-0.49395302012661285,-0.5375695928402832,-0.021852440661261775,0.1752985331277944,0.8706012766310576,0.7017440130789315,0.0,0.0,0.0,0.0,0.0,0.0,0.0,0.0,0.0,0.0,0.0,0.0,0.0,0.0,0.0,0.0,0.0,0.0,0.0,0.0,0.0,0.0,0.0,0.0,0.0,0.0,0.0,0.0,0.005788112564776,0.0268271514499982,-0.1096723683088587,SPY
2011-07-15,0.4205786428375265,-0.23534385414213693,-1.3307572048046528,-0.2257468562744621,-0.49450981327285753,-0.5325547670510868,0.12245080841738883,0.6698037168541798,0.7337844366510698,1.4162470082138434,0.0,0.0,0.0,0.0,0.0,0.0,0.0,0.0,0.0,0.0,0.0,0.0,0.0,0.0,0.0,0.0,0.0,0.0,0.0,0.0,0.0,0.0,0.0,0.0,0.0,0.0,0.0,0.0,-0.0082351995052478,0.0217079062706471,-0.1087494487728264,SPY
2011-07-18,-0.6517381514501185,-0.0973428914269353,-0.8363773505491131,-0.18961430063070547,-0.5010925844491283,-0.528997047535919,-0.23435313548359527,0.21119554153323689,0.296141536962513,-1.4417649723258046,0.0,0.0,0.0,0.0,0.0,0.0,0.0,0.0,0.0,0.0,0.0,0.0,0.0,0.0,0.0,0.0,0.0,0.0,0.0,0.0,0.0,0.0,0.0,0.0,0.0,0.0,0.0,0.0,0.0161013083873742,0.0243548776372701,-0.0795702367354795,SPY
2011-07-19,1.209194985975818,-0.17120903127399884,-0.452876635333272,-0.1188652954222741,-0.5032404846563293,-0.5239702338163585,0.2943535592654504,0.286020420208923,-0.2735374236515053,-0.7272619771908926,0.0,0.0,0.0,0.0,0.0,0.0,0.0,0.0,0.0,0.0,0.0,0.0,0.0,0.0,0.0,0.0,0.0,0.0,0.0,0.0,0.0,0.0,0.0,0.0,0.0,0.0,0.0,0.0,-0.0006028819368069,0.0045105849091591,-0.1042476153666021,SPY
2011-07-20,-0.06811979744725197,0.41087096233191933,0.3297571434474775,-0.1688187337621561,-0.5058656501682117,-0.5207722509594958,0.22606816294335852,0.0729656276356826,-0.8787638031758235,-0.012758982055980528,0.0,0.0,0.0,0.0,0.0,0.0,0.0,0.0,0.0,0.0,0.0,0.0,0.0,0.0,0.0,0.0,0.0,0.0,0.0,0.0,0.0,0.0,0.0,0.0,0.0,0.0,0.0,0.0,0.0137758119399027,-0.0155749141042607,-0.1029762826887319,SPY
2011-07-21,1.031371880904199,0.8416413498874358,0.1785945430374672,-0.1381987989688193,-0.5075958081327759,-0.5149559421653211,0.6619300596560665,0.17949174041513988,1.1717649800455294,0.7017440130789315,0.0,0.0,0.0,0.0,0.0,0.0,0.0,0.0,0.0,0.0,0.0,0.0,0.0,0.0,0.0,0.0,0.0,0.0,0.0,0.0,0.0,0.0,0.0,0.0,0.0,0.0,0.0,0.0,0.0006688673854249,-0.0322647115709218,-0.16082768553954,SPY
2011-07-22,0.029126712474478223,0.7103896040116552,0.9716695979310148,-0.14681070412236627,-0.5072378837180903,-0.5086799150036638,0.5971078334070731,-0.1892737932008375,-1.1032430292330389,1.4162470082138434,0.0,0.0,0.0,0.0,0.0,0.0,0.0,0.0,0.0,0.0,0.0,0.0,0.0,0.0,0.0,0.0,0.0,0.0,0.0,0.0,0.0,0.0,0.0,0.0,0.0,0.0,0.0,0.0,-0.0055882281386248,-0.0397913971359598,-0.1779621208178463,SPY
2011-07-25,-0.449332911072155,0.7821675329957029,0.7755584025874052,-0.19646838338569167,-0.5035386894983662,-0.5016643293109286,0.286478122796502,-0.3424354480508129,-0.9087793988011608,-1.4417649723258046,0.0,0.0,0.0,0.0,0.0,0.0,0.0,0.0,0.0,0.0,0.0,0.0,0.0,0.0,0.0,0.0,0.0,0.0,0.0,0.0,0.0,0.0,0.0,0.0,0.0,0.0,0.0,0.0,-0.0037429843407368,-0.0384651154363222,-0.1715748911430585,SPY
2011-07-26,-0.308233154884025,-0.31074493749150894,0.8769602109716921,-0.19821279185289947,-0.49970028716655024,-0.4962777295593787,0.07031617194610172,-0.48914474063893737,-1.0249147225457962,-0.7272619771908926,0.0,0.0,0.0,0.0,0.0,0.0,0.0,0.0,0.0,0.0,0.0,0.0,0.0,0.0,0.0,0.0,0.0,0.0,0.0,0.0,0.0,0.0,0.0,0.0,0.0,0.0,0.0,0.0,-0.0206883809502267,-0.0606014259156015,-0.1354513598526745,SPY
2011-07-27,-1.6039921937962995,-0.5597512269801149,0.11675283052509829,-0.0768314554049901,-0.5021664166463662,-0.4952883698137776,-0.7073819876083178,-1.3114682519070215,1.2071872823719023,-0.012758982055980528,0.0,0.0,0.0,0.0,0.0,0.0,0.0,0.0,0.0,0.0,0.0,0.0,0.0,0.0,0.0,0.0,0.0,0.0,0.0,0.0,0.0,0.0,0.0,0.0,0.0,0.0,0.0,0.0,-0.0029139855267583,-0.0345091578870198,-0.1007768606803702,SPY
2011-07-28,-0.24484232779304826,-1.412008568275459,-0.6526948287671154,-0.0980223997233559,-0.5035784632446778,-0.4957880808649309,-0.8068347483301457,-1.2274200490436795,0.3957003450926076,0.7017440130789315,0.0,0.0,0.0,0.0,0.0,0.0,0.0,0.0,0.0,0.0,0.0,0.0,0.0,0.0,0.0,0.0,0.0,0.0,0.0,0.0,0.0,0.0,0.0,0.0,0.0,0.0,0.0,0.0,-0.006857818179613,-0.0795691633386468,-0.1132242294874252,SPY
2011-07-29,-0.5464143078216517,-1.3652196162725772,-1.2920578630737751,-0.1199646529960275,-0.5082720011221974,-0.4984263932693429,-1.0198379755725129,-0.9682137237164948,2.1694717532102605,1.4162470082138434,0.0,0.0,0.0,0.0,0.0,0.0,0.0,0.0,0.0,0.0,0.0,0.0,0.0,0.0,0.0,0.0,0.0,0.0,0.0,0.0,0.0,0.0,0.0,0.0,0.0,0.0,0.0,0.0,-0.0042619464389872,-0.0742091560750388,-0.0919368535551417,SPY
2011-08-01,-0.3479164886623707,-0.5846183334534295,-1.5803947665471496,-0.21183477672906517,-0.5119114561182124,-0.5035631029337371,-1.1038440193111965,-0.9644549008926306,2.351495201307153,-1.4417649723258046,0.0,0.0,0.0,0.0,0.0,0.0,0.0,0.0,0.0,0.0,0.0,0.0,0.0,0.0,0.0,0.0,0.0,0.0,0.0,0.0,0.0,0.0,0.0,0.0,0.0,0.0,0.0,0.0,-0.0258792948200161,-0.1372878206814443,-0.0593438853057977,SPY
2011-08-02,-2.000924394440565,-0.6606976683819863,-1.5295867508405738,-0.02331894984545399,-0.5263101811170245,-0.511877848486842,-1.9160933775216071,-1.576441072237794,2.508403958342925,-0.7272619771908926,0.0,0.0,0.0,0.0,0.0,0.0,0.0,0.0,0.0,0.0,0.0,0.0,0.0,0.0,0.0,0.0,0.0,0.0,0.0,0.0,0.0,0.0,0.0,0.0,0.0,0.0,0.0,0.0,0.005403887078355,-0.0659579248431629,-0.0308313152064245,SPY
2011-08-03,0.39119817695149,-1.734275751420053,-2.3775981580885097,-0.00587406331728999,-0.5391975037559885,-0.5196729360206409,-1.6193313309585071,-1.2820664222070777,2.666784830306192,-0.012758982055980528,0.0,0.0,0.0,0.0,0.0,0.0,0.0,0.0,0.0,0.0,0.0,0.0,0.0,0.0,0.0,0.0,0.0,0.0,0.0,0.0,0.0,0.0,0.0,0.0,0.0,0.0,0.0,0.0,-0.0479739909783853,-0.1165449599003327,-0.0318073502525537,SPY
2011-08-04,-3.690433523025607,-1.1887330885296326,-1.3780394940591336,0.45676666632066937,-0.5674978212268366,-0.5347633704128736,-3.0920419084126523,-2.038806262806438,4.033855443807843,0.7017440130789315,0.0,0.0,0.0,0.0,0.0,0.0,0.0,0.0,0.0,0.0,0.0,0.0,0.0,0.0,0.0,0.0,0.0,0.0,0.0,0.0,0.0,0.0,0.0,0.0,0.0,0.0,0.0,0.0,-0.001497810916005,-0.0246656448492883,0.0056387267427018,SPY
2011-08-05,-0.13655208857055667,-2.4357646410972498,-3.1042259183687166,0.4607491587663124,-0.5963350646218339,-0.5490743424629889,-2.955405331654976,-1.9757615925434049,4.3846732287693095,1.4162470082138434,0.0,0.0,0.0,0.0,0.0,0.0,0.0,0.0,0.0,0.0,0.0,0.0,0.0,0.0,0.0,0.0,0.0,0.0,0.0,0.0,0.0,0.0,0.0,0.0,0.0,0.0,0.0,0.0,-0.0673406110453926,-0.0164568018324748,-0.0187451254513524,SPY
2011-08-08,-5.1713355982801295,-2.8252986316789483,-2.898891460906799,1.1759659266068476,-0.6392330347762355,-0.568771884640445,-4.943694924174364,-2.810751151698328,3.930561690218105,-1.4417649723258046,0.0,0.0,0.0,0.0,0.0,0.0,0.0,0.0,0.0,0.0,0.0,0.0,0.0,0.0,0.0,0.0,0.0,0.0,0.0,0.0,0.0,0.0,0.0,0.0,0.0,0.0,0.0,0.0,0.0454506010182651,0.0718278217450167,0.0412708911873478,SPY
2011-08-09,3.453439372139116,-3.9183567175218372,-5.315347771016344,1.615292739788012,-0.6707552025578847,-0.582683087849637,-3.2584138449709936,-1.8684362069233795,3.463100909856351,-0.7272619771908926,0.0,0.0,0.0,0.0,0.0,0.0,0.0,0.0,0.0,0.0,0.0,0.0,0.0,0.0,0.0,0.0,0.0,0.0,0.0,0.0,0.0,0.0,0.0,0.0,0.0,0.0,0.0,0.0,-0.0451831479788147,0.0178011504830033,0.0236370738429529,SPY
2011-08-10,-3.477026889577238,-1.2685736833794812,-2.582798216053693,1.8132909657987797,-0.7071696393911904,-0.602220728415565,-4.510601305067197,-2.355274859797177,2.7740793870372342,-0.012758982055980528,0.0,0.0,0.0,0.0,0.0,0.0,0.0,0.0,0.0,0.0,0.0,0.0,0.0,0.0,0.0,0.0,0.0,0.0,0.0,0.0,0.0,0.0,0.0,0.0,0.0,0.0,0.0,0.0,0.043905324072659,0.0636527492028813,0.0583744369717225,SPY
2011-08-11,3.3352770997511976,-0.01799954690700579,-4.5207174925061215,2.1549173910644406,-0.7328049586506632,-0.6158121382764401,-2.857799493919505,-1.7100804300740269,1.5653293489718825,0.7017440130789315,0.0,0.0,0.0,0.0,0.0,0.0,0.0,0.0,0.0,0.0,0.0,0.0,0.0,0.0,0.0,0.0,0.0,0.0,0.0,0.0,0.0,0.0,0.0,0.0,0.0,0.0,0.0,0.0,0.0067110321008083,-0.024328165780683,-0.0120902301179182,SPY
2011-08-12,0.4911512802659623,-0.1052154603920253,-1.0009481377012752,2.15765582821744,-0.7550990867093392,-0.6293735486871924,-2.439874232103864,-1.5871183710018752,0.4399729669643373,1.4162470082138434,0.0,0.0,0.0,0.0,0.0,0.0,0.0,0.0,0.0,0.0,0.0,0.0,0.0,0.0,0.0,0.0,0.0,0.0,0.0,0.0,0.0,0.0,0.0,0.0,0.0,0.0,0.0,0.0,0.0209440125320989,-0.0475047657743727,-0.0123516493938016,SPY
2011-08-15,1.5795007281731297,2.8237082727095513,-0.6864787266817002,2.2384988995097443,-0.7713274040384948,-0.6393571839925225,-1.5617991674199236,-1.3015636445210397,0.07523119220719832,-1.4417649723258046,0.0,0.0,0.0,0.0,0.0,0.0,0.0,0.0,0.0,0.0,0.0,0.0,0.0,0.0,0.0,0.0,0.0,0.0,0.0,0.0,0.0,0.0,0.0,0.0,0.0,0.0,0.0,0.0,-0.0085760702437482,-0.0676497767703088,-0.02416662300908,SPY
2011-08-16,-0.6778034216052731,1.5277646772794204,2.695582974539088,2.187051929558634,-0.7830611701280531,-0.652488865611177,-1.6803779828060308,-1.20950071360303,0.2902837938501418,-0.7272619771908926,0.0,0.0,0.0,0.0,0.0,0.0,0.0,0.0,0.0,0.0,0.0,0.0,0.0,0.0,0.0,0.0,0.0,0.0,0.0,0.0,0.0,0.0,0.0,0.0,0.0,0.0,0.0,0.0,0.0006684507410632,-0.0266931595769133,-0.0018411469548338,SPY
2011-08-17,0.029094853043263626,0.6649558459494823,0.6258959971763973,2.188716594710058,-0.7959882075601471,-0.6654606851172512,-1.470668792975489,-1.179797415952066,-0.07694060636290008,-0.012758982055980528,0.0,0.0,0.0,0.0,0.0,0.0,0.0,0.0,0.0,0.0,0.0,0.0,0.0,0.0,0.0,0.0,0.0,0.0,0.0,0.0,0.0,0.0,0.0,0.0,0.0,0.0,0.0,0.0,-0.0440755909109054,-0.013375492095899,0.0146000929944642,SPY
2011-08-18,-3.3923356241600007,-0.479403194710075,2.382407263649984,2.3109140373894728,-0.8074236509013061,-0.6854280643500139,-2.7356922828841355,-1.401871596219249,1.6193936094424433,0.7017440130789315,0.0,0.0,0.0,0.0,0.0,0.0,0.0,0.0,0.0,0.0,0.0,0.0,0.0,0.0,0.0,0.0,0.0,0.0,0.0,0.0,0.0,0.0,0.0,0.0,0.0,0.0,0.0,0.0,-0.0164655678928813,0.0153387444811929,0.0645770593149386,SPY
2011-08-19,-1.2810874949692597,-2.483007229617909,-0.9880197818150228,2.308535577154418,-0.822220211618539,-0.7073542259805656,-2.994348330851419,-1.4619488416772743,1.0497553044409536,1.4162470082138434,0.0,0.0,0.0,0.0,0.0,0.0,0.0,0.0,0.0,0.0,0.0,0.0,0.0,0.0,0.0,0.0,0.0,0.0,0.0,0.0,0.0,0.0,0.0,0.0,0.0,0.0,0.0,0.0,0.0007990015361629,0.0462338701267448,0.0710354382701448,SPY
2011-08-22,0.03907764522488092,-3.450056593214474,-1.875883240103091,2.318369294649049,-0.8212854696270298,-0.7284409164940201,-2.6682830434845126,-1.2963256694713856,0.07856014413847111,-1.4417649723258046,0.0,0.0,0.0,0.0,0.0,0.0,0.0,0.0,0.0,0.0,0.0,0.0,0.0,0.0,0.0,0.0,0.0,0.0,0.0,0.0,0.0,0.0,0.0,0.0,0.0,0.0,0.0,0.0,0.0323805469496472,0.0737658904009386,0.069072175613269,SPY
2011-08-23,2.454015098469454,-0.9173205786977141,-2.6476107210525317,2.5062076508992277,-0.8233538026905467,-0.7453202779379111,-1.2794749942816754,-1.021702799823937,0.4119340126877645,-0.7272619771908926,0.0,0.0,0.0,0.0,0.0,0.0,0.0,0.0,0.0,0.0,0.0,0.0,0.0,0.0,0.0,0.0,0.0,0.0,0.0,0.0,0.0,0.0,0.0,0.0,0.0,0.0,0.0,0.0,0.0139861182220775,0.0440186187306483,0.0067906417588181,SPY
2011-08-24,1.0474533142484868,1.8395694003437655,-1.0786194198690329,2.526594153369913,-0.811838851158885,-0.7578323692017656,-0.5820259415687634,-0.5141714133635769,-0.13139014311411787,-0.012758982055980528,0.0,0.0,0.0,0.0,0.0,0.0,0.0,0.0,0.0,0.0,0.0,0.0,0.0,0.0,0.0,0.0,0.0,0.0,0.0,0.0,0.0,0.0,0.0,0.0,0.0,0.0,0.0,0.0,-0.0153613543338133,0.0344603525407967,-0.0400537969727095,SPY
2011-08-25,-1.196651896734246,2.5838543851588813,-0.5684380166760152,2.537402005216748,-0.8139270710955573,-0.7717635588780568,-0.9292865012582,-0.6271493401717665,0.2770388095784445,0.7017440130789315,0.0,0.0,0.0,0.0,0.0,0.0,0.0,0.0,0.0,0.0,0.0,0.0,0.0,0.0,0.0,0.0,0.0,0.0,0.0,0.0,0.0,0.0,0.0,0.0,0.0,0.0,0.0,0.0,0.0144295577526705,0.0392937928914802,-0.018685456826887,SPY
2011-08-26,1.0813616843633005,-0.1107134357021576,0.531564632391574,2.5806102777391016,-0.8142254331460774,-0.7831163758017596,-0.22462318995550587,0.14603881030500848,0.2788845594758047,1.4162470082138434,0.0,0.0,0.0,0.0,0.0,0.0,0.0,0.0,0.0,0.0,0.0,0.0,0.0,0.0,0.0,0.0,0.0,0.0,0.0,0.0,0.0,0.0,0.0,0.0,0.0,0.0,0.0,0.0,0.0283310218103567,-0.0010174279712495,-0.0096131931792822,SPY
2011-08-29,2.1443611597944767,-0.0856855700849252,1.7151141222810589,2.6956882935665747,-0.8127537652304195,-0.7905316513375235,0.9589793821949972,0.00606928571228599,-0.5025611432138478,-1.4417649723258046,0.0,0.0,0.0,0.0,0.0,0.0,0.0,0.0,0.0,0.0,0.0,0.0,0.0,0.0,0.0,0.0,0.0,0.0,0.0,0.0,0.0,0.0,0.0,0.0,0.0,0.0,0.0,0.0,0.0026332752793569,-0.0366730441882987,-0.026822666314513,SPY
2011-08-30,0.17933855722100472,2.3803257870250523,2.769827701535931,2.636466159632141,-0.80859721223023,-0.7943392313156363,1.1216703919062745,0.6503962042565594,-0.18962119300393127,-0.7272619771908926,0.0,0.0,0.0,0.0,0.0,0.0,0.0,0.0,0.0,0.0,0.0,0.0,0.0,0.0,0.0,0.0,0.0,0.0,0.0,0.0,0.0,0.0,0.0,0.0,0.0,0.0,0.0,0.0,0.0044278520322258,-0.0114895357937854,-0.0500855626467942,SPY
2011-08-31,0.3165639702425837,1.7145399196031905,1.6302509082612622,2.635053048395391,-0.8035258041116868,-0.7982867165634411,1.356660758328342,0.2673895975037319,0.18238368759406892,-0.012758982055980528,0.0,0.0,0.0,0.0,0.0,0.0,0.0,0.0,0.0,0.0,0.0,0.0,0.0,0.0,0.0,0.0,0.0,0.0,0.0,0.0,0.0,0.0,0.0,0.0,0.0,0.0,0.0,0.0,-0.0105279139831298,-0.0263631726760564,-0.046640860520819,SPY
2011-09-01,-0.8270545265591497,0.36543755105040965,1.264086963727976,2.388301765935734,-0.790737935489564,-0.797607117433661,0.9413521741231176,0.0003949499748686902,-0.12691184066237068,0.7017440130789315,0.0,0.0,0.0,0.0,0.0,0.0,0.0,0.0,0.0,0.0,0.0,0.0,0.0,0.0,0.0,0.0,0.0,0.0,0.0,0.0,0.0,0.0,0.0,0.0,0.0,0.0,0.0,0.0,-0.0258816631100593,-0.0423946017099083,-0.0614200772943149,SPY
2011-09-02,-2.001105489831896,-0.37738408188787453,1.4492493717755488,2.465042656408472,-0.780376245741401,-0.7998356578888629,0.0010084502405936226,-0.6803865126732991,-0.13191673437932677,1.4162470082138434,0.0,0.0,0.0,0.0,0.0,0.0,0.0,0.0,0.0,0.0,0.0,0.0,0.0,0.0,0.0,0.0,0.0,0.0,0.0,0.0,0.0,0.0,0.0,0.0,0.0,0.0,0.0,0.0,-0.0073245944066924,-0.010063325774924,-0.0644087507706308,SPY
2011-09-06,-0.5821071587667148,-2.088062583847659,-0.09501768951653401,1.8923582589913688,-0.7719040644068352,-0.795108641175784,-0.3450782781019199,-0.662013016196016,0.05454924645800211,-0.7272619771908926,0.0,0.0,0.0,0.0,0.0,0.0,0.0,0.0,0.0,0.0,0.0,0.0,0.0,0.0,0.0,0.0,0.0,0.0,0.0,0.0,0.0,0.0,0.0,0.0,0.0,0.0,0.0,0.0,0.0278167836738703,0.0063903075485889,-0.035398134726984,SPY
2011-09-07,2.105039051916961,-1.9072662263805815,-1.4609349824102615,1.7188728113533376,-0.7642473431269639,-0.7923004536757694,0.6505546766752915,-0.28029104938542276,-0.433089848328456,-0.012758982055980528,0.0,0.0,0.0,0.0,0.0,0.0,0.0,0.0,0.0,0.0,0.0,0.0,0.0,0.0,0.0,0.0,0.0,0.0,0.0,0.0,0.0,0.0,0.0,0.0,0.0,0.0,0.0,0.0,-0.0104457848500452,-0.0076770703147834,-0.0448690650890615,SPY
2011-09-08,-0.820774380451929,1.1234908830838168,-0.4961896418052117,1.4033746800779523,-0.7623381246997548,-0.785554754412026,0.14969923702280724,0.21711485586958518,-0.18019778545432696,0.7017440130789315,0.0,0.0,0.0,0.0,0.0,0.0,0.0,0.0,0.0,0.0,0.0,0.0,0.0,0.0,0.0,0.0,0.0,0.0,0.0,0.0,0.0,0.0,0.0,0.0,0.0,0.0,0.0,0.0,-0.0265593430169817,0.0198784052256231,-0.0164936752257078,SPY
2011-09-09,-2.0529254551664438,0.9473299195414813,-1.0659780785564874,1.227810889586302,-0.7630540914354885,-0.7869638694656498,-0.808683811496062,0.04188209482489619,0.652337336525215,1.4162470082138434,0.0,0.0,0.0,0.0,0.0,0.0,0.0,0.0,0.0,0.0,0.0,0.0,0.0,0.0,0.0,0.0,0.0,0.0,0.0,0.0,0.0,0.0,0.0,0.0,0.0,0.0,0.0,0.0,0.0064496128249249,0.0523391236521737,0.0033470382091129,SPY
2011-09-12,0.4711614035178362,-2.121675655546338,-1.6801199296981957,1.227166874682771,-0.7656394635499979,-0.7884129574534713,-0.5504049512817154,0.1086035173963848,0.17028874675830713,-1.4417649723258046,0.0,0.0,0.0,0.0,0.0,0.0,0.0,0.0,0.0,0.0,0.0,0.0,0.0,0.0,0.0,0.0,0.0,0.0,0.0,0.0,0.0,0.0,0.0,0.0,0.0,0.0,0.0,0.0,0.0091290389168205,0.0358823218895736,0.02979622560518,SPY
2011-09-13,0.6760483505561108,-1.1680941334087418,-0.4415535105376339,1.1617947217598354,-0.7728388850025856,-0.7912911765862256,-0.16866438640917766,-0.1802047990469634,-0.049756536790723484,-0.7272619771908926,0.0,0.0,0.0,0.0,0.0,0.0,0.0,0.0,0.0,0.0,0.0,0.0,0.0,0.0,0.0,0.0,0.0,0.0,0.0,0.0,0.0,0.0,0.0,0.0,0.0,0.0,0.0,0.0,0.0137494058104978,0.0255890218520402,0.0216700004432501,SPY
2011-09-14,1.029352690580856,0.846169290380306,0.1887624024088482,1.187058227903402,-0.777432929561145,-0.7915110178495761,0.3481437193643643,-0.18141303876797063,0.23850928116439704,-0.012758982055980528,0.0,0.0,0.0,0.0,0.0,0.0,0.0,0.0,0.0,0.0,0.0,0.0,0.0,0.0,0.0,0.0,0.0,0.0,0.0,0.0,0.0,0.0,0.0,0.0,0.0,0.0,0.0,0.0,0.0171096906903613,-0.0180613708632613,0.0166543117353805,SPY
2011-09-15,1.286302681586965,1.258171886613024,-0.3501393675755054,1.2356242748812498,-0.7790040711447038,-0.7897521198722492,0.9683714264990686,0.3069679659491326,0.2730185041050038,0.7017440130789315,0.0,0.0,0.0,0.0,0.0,0.0,0.0,0.0,0.0,0.0,0.0,0.0,0.0,0.0,0.0,0.0,0.0,0.0,0.0,0.0,0.0,0.0,0.0,0.0,0.0,0.0,0.0,0.0,0.0059013754095689,-0.0680293820630728,-0.0024449545320557,SPY
2011-09-16,0.4292394820197224,1.7086023655083107,0.7054727504546978,0.8476259497703724,-0.7766002551775134,-0.7821182374152236,1.070540725718225,0.20567408830608958,-0.015744426229107683,1.4162470082138434,0.0,0.0,0.0,0.0,0.0,0.0,0.0,0.0,0.0,0.0,0.0,0.0,0.0,0.0,0.0,0.0,0.0,0.0,0.0,0.0,0.0,0.0,0.0,0.0,0.0,0.0,0.0,0.0,-0.0100071889376751,-0.0679237716606326,0.0086033915141463,SPY
2011-09-19,-0.7872363859758799,1.265657078308191,1.9489979322570088,0.8042380029123027,-0.770470067574023,-0.7738310028785899,0.5566295939907671,-0.4093416245598275,-0.2888950897718412,-1.4417649723258046,0.0,0.0,0.0,0.0,0.0,0.0,0.0,0.0,0.0,0.0,0.0,0.0,0.0,0.0,0.0,0.0,0.0,0.0,0.0,0.0,0.0,0.0,0.0,0.0,0.0,0.0,0.0,0.0,-0.0011642611207127,-0.0344147613226821,-0.00066490415713,SPY
2011-09-20,-0.11104662699078498,-0.26482807799166647,1.3185606407957269,0.8071880986705434,-0.7629092827711743,-0.7657743730683195,0.3849696525359755,-0.47762519117838187,-0.4366899548823854,-0.7272619771908926,0.0,0.0,0.0,0.0,0.0,0.0,0.0,0.0,0.0,0.0,0.0,0.0,0.0,0.0,0.0,0.0,0.0,0.0,0.0,0.0,0.0,0.0,0.0,0.0,0.0,0.0,0.0,0.0,-0.0299009869048036,-0.0221289515268434,0.0198564016982913,SPY
2011-09-21,-2.308450030498382,-0.663614810747805,0.924238567195225,0.8237938071353644,-0.768988122153759,-0.7649814810842778,-0.7357054119767119,-0.9882625812753635,0.18901300602659343,-0.012758982055980528,0.0,0.0,0.0,0.0,0.0,0.0,0.0,0.0,0.0,0.0,0.0,0.0,0.0,0.0,0.0,0.0,0.0,0.0,0.0,0.0,0.0,0.0,0.0,0.0,0.0,0.0,0.0,0.0,-0.0328583205094501,-0.0128575856749639,0.0378577639682973,SPY
2011-09-22,-2.5345876558139024,-1.7864269819401986,-0.7479475447621745,0.9812661388548111,-0.7801174805776488,-0.7696146384249385,-1.84704236472534,-1.2198787365523749,1.439726755630402,0.7017440130789315,0.0,0.0,0.0,0.0,0.0,0.0,0.0,0.0,0.0,0.0,0.0,0.0,0.0,0.0,0.0,0.0,0.0,0.0,0.0,0.0,0.0,0.0,0.0,0.0,0.0,0.0,0.0,0.0,0.006006985812009,0.0278732889926871,0.0750818495322764,SPY
2011-09-23,0.4373151639714971,-3.5752495936390907,-2.662152874263514,0.9552191330254943,-0.7836824973567521,-0.7717658498169733,-1.601532228121043,-0.8236765403193116,0.08306690221908761,1.4162470082138434,0.0,0.0,0.0,0.0,0.0,0.0,0.0,0.0,0.0,0.0,0.0,0.0,0.0,0.0,0.0,0.0,0.0,0.0,0.0,0.0,0.0,0.0,0.0,0.0,0.0,0.0,0.0,0.0,0.0235018214002753,-0.0034408275759476,0.0878842769795822,SPY
2011-09-26,1.7750880040055197,-1.5485923974666413,-2.658107085961205,1.0224402946005082,-0.7833417283178227,-0.7728937718680748,-0.7365919643450101,-0.3646673362057431,-0.22598832516016248,-1.4417649723258046,0.0,0.0,0.0,0.0,0.0,0.0,0.0,0.0,0.0,0.0,0.0,0.0,0.0,0.0,0.0,0.0,0.0,0.0,0.0,0.0,0.0,0.0,0.0,0.0,0.0,0.0,0.0,0.0,0.0111215486751259,-0.0558129855625981,0.0765691821460263,SPY
2011-09-27,0.8284090529311289,1.6323916162915113,-1.3744232923692306,0.8867420661561669,-0.7825301198709723,-0.776103673532144,-0.2783414786517996,-0.6228525974169532,0.09703337404892122,-0.7272619771908926,0.0,0.0,0.0,0.0,0.0,0.0,0.0,0.0,0.0,0.0,0.0,0.0,0.0,0.0,0.0,0.0,0.0,0.0,0.0,0.0,0.0,0.0,0.0,0.0,0.0,0.0,0.0,0.0,-0.0206296210529242,-0.0452485126007697,0.0458121535891518,SPY
2011-09-28,-1.5994990166928122,1.9210591418452085,-0.9037709285120328,0.9506006447131491,-0.7897579764080036,-0.7820442262635907,-0.9422353428398584,-0.7529078804330918,-0.08186689088130059,-0.012758982055980528,0.0,0.0,0.0,0.0,0.0,0.0,0.0,0.0,0.0,0.0,0.0,0.0,0.0,0.0,0.0,0.0,0.0,0.0,0.0,0.0,0.0,0.0,0.0,0.0,0.0,0.0,0.0,0.0,0.0078725541582009,-0.0062730382360527,0.0765492985176656,SPY
2011-09-29,0.5799690718731279,-0.5697332548909537,-0.548597738719532,0.9618701296620547,-0.7992634301510784,-0.7876102598558782,-0.5690421633771081,-0.2486429928265246,-0.023802963431368982,0.7017440130789315,0.0,0.0,0.0,0.0,0.0,0.0,0.0,0.0,0.0,0.0,0.0,0.0,0.0,0.0,0.0,0.0,0.0,0.0,0.0,0.0,0.0,0.0,0.0,0.0,0.0,0.0,0.0,0.0,-0.0253071307566257,0.0037840126190546,0.1029186596680142,SPY
2011-09-30,-1.957172880447456,-0.7531075202659478,1.011745678838035,1.0460368155645945,-0.8159956399717997,-0.7948103352545448,-1.3761706898491457,-0.7080776418516771,-0.10323018710876788,1.4162470082138434,0.0,0.0,0.0,0.0,0.0,0.0,0.0,0.0,0.0,0.0,0.0,0.0,0.0,0.0,0.0,0.0,0.0,0.0,0.0,0.0,0.0,0.0,0.0,0.0,0.0,0.0,0.0,0.0,-0.0288703365863751,0.0223725137935195,0.1279926771491819,SPY
2011-10-03,-2.229639572600121,-1.0171076289864973,-0.1878547732314457,1.0725332972509527,-0.8367459021187945,-0.8021569813701814,-2.2877999080841063,-1.1672481284304357,0.3985714145637949,-1.4417649723258046,0.0,0.0,0.0,0.0,0.0,0.0,0.0,0.0,0.0,0.0,0.0,0.0,0.0,0.0,0.0,0.0,0.0,0.0,0.0,0.0,0.0,0.0,0.0,0.0,0.0,0.0,0.0,0.0,0.0216860216369543,0.0841416506008867,0.132461908427568,SPY
2011-10-04,1.6362397368094423,-3.090887859436745,-2.194159637650599,1.1726735866369489,-0.8523986005858134,-0.8062232004521742,-1.459412626670564,-1.0568790146553968,1.004165872494306,-0.7272619771908926,0.0,0.0,0.0,0.0,0.0,0.0,0.0,0.0,0.0,0.0,0.0,0.0,0.0,0.0,0.0,0.0,0.0,0.0,0.0,0.0,0.0,0.0,0.0,0.0,0.0,0.0,0.0,0.0,0.0183458533117928,0.0634584427188231,0.0824911395664784,SPY
2011-10-05,1.380827992926584,-0.43857965979603525,-1.7894493047530389,1.088168667546476,-0.8568165323407922,-0.8114978700631289,-0.7145633790773481,-1.0527148517007414,-0.19007291278254956,-0.012758982055980528,0.0,0.0,0.0,0.0,0.0,0.0,0.0,0.0,0.0,0.0,0.0,0.0,0.0,0.0,0.0,0.0,0.0,0.0,0.0,0.0,0.0,0.0,0.0,0.0,0.0,0.0,0.0,0.0,0.0179296050133084,0.0538463065096586,0.08032483792178,SPY
2011-10-06,1.3489988473702648,2.226316846270499,-0.2963528424894862,1.141738358572308,-0.849559926302351,-0.8134439436747727,-0.022678124370763875,-0.8772668200528988,-0.376798167176763,0.7017440130789315,0.0,0.0,0.0,0.0,0.0,0.0,0.0,0.0,0.0,0.0,0.0,0.0,0.0,0.0,0.0,0.0,0.0,0.0,0.0,0.0,0.0,0.0,0.0,0.0,0.0,0.0,0.0,0.0,-0.0067186295821608,0.0339271259192752,0.0804587282775761,SPY
2011-10-07,-0.5357710111542131,2.014303518696335,0.08891885201383679,1.0244635648218756,-0.845221994014386,-0.8130555505305385,-0.278073673917918,-0.8391526096106127,-0.012079559714531483,1.4162470082138434,0.0,0.0,0.0,0.0,0.0,0.0,0.0,0.0,0.0,0.0,0.0,0.0,0.0,0.0,0.0,0.0,0.0,0.0,0.0,0.0,0.0,0.0,0.0,0.0,0.0,0.0,0.0,0.0,0.032898800220992,0.0575954769572071,0.0810595702506979,SPY
2011-10-10,2.4936442305733797,0.5996562751445336,0.8010185966548015,1.2029128177872737,-0.8385450942586518,-0.8095291438054744,0.9007282467822368,-0.40290236371469706,-0.5761235254307339,-1.4417649723258046,0.0,0.0,0.0,0.0,0.0,0.0,0.0,0.0,0.0,0.0,0.0,0.0,0.0,0.0,0.0,0.0,0.0,0.0,0.0,0.0,0.0,0.0,0.0,0.0,0.0,0.0,0.0,0.0,0.0010028137548907,0.0054211921272635,0.0543574290688173,SPY
2011-10-11,0.054662498783835924,1.444522328369464,3.1673087097943395,1.192271582795969,-0.8342271077970239,-0.8069515017834029,0.8969648628336316,-0.02202000975432121,-0.7266537404767471,-0.7272619771908926,0.0,0.0,0.0,0.0,0.0,0.0,0.0,0.0,0.0,0.0,0.0,0.0,0.0,0.0,0.0,0.0,0.0,0.0,0.0,0.0,0.0,0.0,0.0,0.0,0.0,0.0,0.0,0.0,0.0087337171026282,0.0237754231070814,0.066103699272018,SPY
2011-10-12,0.6458193847889712,1.8803230021442439,2.374963651258577,1.1743013907803583,-0.8230124048176832,-0.8049480954504268,1.1986537330180482,0.5739580732155198,-0.24462562911422636,-0.012758982055980528,0.0,0.0,0.0,0.0,0.0,0.0,0.0,0.0,0.0,0.0,0.0,0.0,0.0,0.0,0.0,0.0,0.0,0.0,0.0,0.0,0.0,0.0,0.0,0.0,0.0,0.0,0.0,0.0,-0.0019895755770749,0.0031420813696554,0.019762044946658,SPY
2011-10-13,-0.17415572330886067,0.5164381628587769,2.006736020867218,1.125735911169519,-0.814096679398135,-0.8052444362990617,1.1270950437637233,0.4803140156112372,-0.7411453865205225,0.7017440130789315,0.0,0.0,0.0,0.0,0.0,0.0,0.0,0.0,0.0,0.0,0.0,0.0,0.0,0.0,0.0,0.0,0.0,0.0,0.0,0.0,0.0,0.0,0.0,0.0,0.0,0.0,0.0,0.0,0.016949721455771,0.0094974220012593,0.0311261330847418,SPY
2011-10-14,1.2740703575850485,0.34754677427480307,1.2436597900974933,1.1697263244682887,-0.7952654612085649,-0.8041896761722359,1.7654787125633074,0.4232745820007329,-0.7427743126873488,1.4162470082138434,0.0,0.0,0.0,0.0,0.0,0.0,0.0,0.0,0.0,0.0,0.0,0.0,0.0,0.0,0.0,0.0,0.0,0.0,0.0,0.0,0.0,0.0,0.0,0.0,0.0,0.0,0.0,0.0,-0.0192754846089515,0.0113571138048031,0.0328241012895373,SPY
2011-10-17,-1.4959526331153687,0.811260626276381,2.1503615500724576,1.217456124783748,-0.774675060438174,-0.8042700071553632,1.022039897089498,-0.03252475260900311,-0.8256096328262402,-1.4417649723258046,0.0,0.0,0.0,0.0,0.0,0.0,0.0,0.0,0.0,0.0,0.0,0.0,0.0,0.0,0.0,0.0,0.0,0.0,0.0,0.0,0.0,0.0,0.0,0.0,0.0,0.0,0.0,0.0,0.0193570447347086,0.0428193249804742,0.0425801430176813,SPY
2011-10-18,1.458150492748154,-0.16436147882318952,0.1516369323359066,1.2775741057581549,-0.7542046293917122,-0.8018490772048616,1.729745787655664,0.5243926668334329,-0.021714408741764182,-0.7272619771908926,0.0,0.0,0.0,0.0,0.0,0.0,0.0,0.0,0.0,0.0,0.0,0.0,0.0,0.0,0.0,0.0,0.0,0.0,0.0,0.0,0.0,0.0,0.0,0.0,0.0,0.0,0.0,0.0,-0.0118996246347977,0.0038268003640169,0.028152784256096,SPY
2011-10-19,-0.9319447523019648,-0.028491401020439993,0.8547621101616465,1.138774853885292,-0.7407909137969912,-0.7973286597332063,1.194655720014435,0.23605486922771549,-0.7103679436491294,-0.012758982055980528,0.0,0.0,0.0,0.0,0.0,0.0,0.0,0.0,0.0,0.0,0.0,0.0,0.0,0.0,0.0,0.0,0.0,0.0,0.0,0.0,0.0,0.0,0.0,0.0,0.0,0.0,0.0,0.0,0.004365765054529,0.0258339488744043,0.0240621680344181,SPY
2011-10-20,0.3118163821864671,0.38780443980768947,0.06432735458841919,0.9025955669723723,-0.7304558119335913,-0.7884887559324493,1.2182222674831416,0.7239507595802818,-0.4523747810596322,0.7017440130789315,0.0,0.0,0.0,0.0,0.0,0.0,0.0,0.0,0.0,0.0,0.0,0.0,0.0,0.0,0.0,0.0,0.0,0.0,0.0,0.0,0.0,0.0,0.0,0.0,0.0,0.0,0.0,0.0,0.0188094132593148,0.0557100991284249,0.0036919560297539,SPY
2011-10-21,1.4162749054965114,-0.45830806794311085,0.3077916553620808,0.9439094033448423,-0.71394351713015,-0.7780114331653576,1.7753055729361276,1.4878296582040444,-0.3392466214141346,1.4162470082138434,0.0,0.0,0.0,0.0,0.0,0.0,0.0,0.0,0.0,0.0,0.0,0.0,0.0,0.0,0.0,0.0,0.0,0.0,0.0,0.0,0.0,0.0,0.0,0.0,0.0,0.0,0.0,0.0,0.0121867265667194,0.036667572593652,-0.0161821018219852,SPY
2011-10-24,0.9098597213863504,1.2749196229227429,0.3790338736552701,0.8834937739656588,-0.7021290244843424,-0.7687194342938564,2.099515908891044,1.4386928582981309,-0.8788339854772106,-1.4417649723258046,0.0,0.0,0.0,0.0,0.0,0.0,0.0,0.0,0.0,0.0,0.0,0.0,0.0,0.0,0.0,0.0,0.0,0.0,0.0,0.0,0.0,0.0,0.0,0.0,0.0,0.0,0.0,0.0,-0.0196354798817486,7.974071894345514e-05,-0.0475717533457498,SPY
2011-10-25,-1.5234802938389482,1.7163371335873638,1.5843076250867345,0.9704899006089499,-0.6954321396001498,-0.7631844172495714,1.244971747119987,0.8066626055934143,-0.3920880678616941,-0.7272619771908926,0.0,0.0,0.0,0.0,0.0,0.0,0.0,0.0,0.0,0.0,0.0,0.0,0.0,0.0,0.0,0.0,0.0,0.0,0.0,0.0,0.0,0.0,0.0,0.0,0.0,0.0,0.0,0.0,0.0101075238755896,-0.0085695266234431,-0.0318720311590956,SPY
2011-10-26,0.7508698940692744,-0.45350464374961874,0.09055799128469269,0.8713676718628405,-0.6883353752872531,-0.7539828314673763,1.486568123193267,0.7354211676579897,-0.23534590057164298,-0.012758982055980528,0.0,0.0,0.0,0.0,0.0,0.0,0.0,0.0,0.0,0.0,0.0,0.0,0.0,0.0,0.0,0.0,0.0,0.0,0.0,0.0,0.0,0.0,0.0,0.0,0.0,0.0,0.0,0.0,0.0342419153085495,-0.0024974988319383,-0.0642923371592987,SPY
2011-10-27,2.596347847084039,-0.5708554930863828,0.9336213823261588,1.038302741182329,-0.672102911584346,-0.7413457655357343,2.625363216879245,1.197824052204558,0.5227145892647874,0.7017440130789315,0.0,0.0,0.0,0.0,0.0,0.0,0.0,0.0,0.0,0.0,0.0,0.0,0.0,0.0,0.0,0.0,0.0,0.0,0.0,0.0,0.0,0.0,0.0,0.0,0.0,0.0,0.0,0.0,-0.000233113275458,-0.0186759187713834,-0.1004232065849581,SPY
2011-10-28,-0.03984479767645858,2.4700015203288923,2.078135335714097,0.8602559816426271,-0.6600484991417394,-0.7258256122261398,2.3607006530258423,0.9195879561070414,-0.6744935750231691,1.4162470082138434,0.0,0.0,0.0,0.0,0.0,0.0,0.0,0.0,0.0,0.0,0.0,0.0,0.0,0.0,0.0,0.0,0.0,0.0,0.0,0.0,0.0,0.0,0.0,0.0,0.0,0.0,0.0,0.0,-0.0244011053079891,-0.0245605931049643,-0.0716347053209744,SPY
2011-10-31,-1.887892078610221,1.8863727295738362,1.3486425081074125,0.8005175202049284,-0.6495134477384565,-0.7101849476297498,1.1580282732223794,0.3703598117326124,-0.6472051460383071,-1.4417649723258046,0.0,0.0,0.0,0.0,0.0,0.0,0.0,0.0,0.0,0.0,0.0,0.0,0.0,0.0,0.0,0.0,0.0,0.0,0.0,0.0,0.0,0.0,0.0,0.0,0.0,0.0,0.0,0.0,-0.0282847472241352,0.006037171242136,-0.0443974758676599,SPY
2011-11-01,-2.184861469927193,-1.4234576714654776,-0.05298667600008491,0.9710733899566389,-0.6506728799549306,-0.700481093239594,-0.06097014825547818,-0.20618800395061612,0.977059950307401,-0.7272619771908926,0.0,0.0,0.0,0.0,0.0,0.0,0.0,0.0,0.0,0.0,0.0,0.0,0.0,0.0,0.0,0.0,0.0,0.0,0.0,0.0,0.0,0.0,0.0,0.0,0.0,0.0,0.0,0.0,0.0161795516670943,0.0470710024243627,0.0242124368982858,SPY
2011-11-02,1.2151779935895013,-3.006700653597501,-0.3843281331750042,0.9602048178715097,-0.6449555807821505,-0.6908676815629544,0.3977184065463083,0.02150715851536299,-0.543798362606816,-0.012758982055980528,0.0,0.0,0.0,0.0,0.0,0.0,0.0,0.0,0.0,0.0,0.0,0.0,0.0,0.0,0.0,0.0,0.0,0.0,0.0,0.0,0.0,0.0,0.0,0.0,0.0,0.0,0.0,0.0,0.0180634953691045,-0.0067164864654634,0.0078731398732889,SPY
2011-11-03,1.3592370048323814,-0.7163156983518686,-0.1517171550654215,0.9609180382223279,-0.6357797735778017,-0.6810633714762587,0.9315551299043944,0.04003668221879889,-0.008182491908380782,0.7017440130789315,0.0,0.0,0.0,0.0,0.0,0.0,0.0,0.0,0.0,0.0,0.0,0.0,0.0,0.0,0.0,0.0,0.0,0.0,0.0,0.0,0.0,0.0,0.0,0.0,0.0,0.0,0.0,0.0,-0.006117787609039,-0.015405469273559,-0.0110712615339698,SPY
2011-11-04,-0.4898265912287184,1.8995935907168202,-0.7714900242948732,0.9585228015680921,-0.6327611348829145,-0.6712489990328561,0.5483786535889641,0.23629834012945258,-0.498838464236121,1.4162470082138434,0.0,0.0,0.0,0.0,0.0,0.0,0.0,0.0,0.0,0.0,0.0,0.0,0.0,0.0,0.0,0.0,0.0,0.0,0.0,0.0,0.0,0.0,0.0,0.0,0.0,0.0,0.0,0.0,0.0061966590391113,0.0093600079960465,0.005879889894822,SPY
2011-11-07,0.451818855099023,0.6411247972859968,-0.9969237508179492,0.7877489983188014,-0.631221926272556,-0.6645387105749511,0.6805642771396908,0.0863098720098148,-1.140793770359478,-1.4417649723258046,0.0,0.0,0.0,0.0,0.0,0.0,0.0,0.0,0.0,0.0,0.0,0.0,0.0,0.0,0.0,0.0,0.0,0.0,0.0,0.0,0.0,0.0,0.0,0.0,0.0,0.0,0.0,0.0,0.0127490839580914,-0.0063560939238724,0.0,SPY
2011-11-08,0.9528613512544476,-0.028643151844715494,0.1752342394177403,0.8063300059139655,-0.6215664563341532,-0.6563215866689506,1.0405224998006997,0.4426809680232984,-0.7743398854039987,-0.7272619771908926,0.0,0.0,0.0,0.0,0.0,0.0,0.0,0.0,0.0,0.0,0.0,0.0,0.0,0.0,0.0,0.0,0.0,0.0,0.0,0.0,0.0,0.0,0.0,0.0,0.0,0.0,0.0,0.0,-0.0376079372227318,-0.0141754919088405,-0.0090334574747297,SPY
2011-11-09,-2.897775306680508,1.0362089725661723,1.7471835016123685,1.1001355653111529,-0.6238454684165481,-0.6539006468437122,-0.4083733904840483,-0.1955212290926545,0.655541542696016,-0.012758982055980528,0.0,0.0,0.0,0.0,0.0,0.0,0.0,0.0,0.0,0.0,0.0,0.0,0.0,0.0,0.0,0.0,0.0,0.0,0.0,0.0,0.0,0.0,0.0,0.0,0.0,0.0,0.0,0.0,0.0093745125610089,0.0074422044574156,0.0063940756097471,SPY
2011-11-10,0.6948189170174306,-1.4361361230377923,-0.3133407302143252,1.1100159316553015,-0.6324614955134664,-0.6500733568911281,-0.11838501647107737,-0.3102710526321365,-0.6840961904896066,0.7017440130789315,0.0,0.0,0.0,0.0,0.0,0.0,0.0,0.0,0.0,0.0,0.0,0.0,0.0,0.0,0.0,0.0,0.0,0.0,0.0,0.0,0.0,0.0,0.0,0.0,0.0,0.0,0.0,0.0,0.0186476896605665,-0.0179367550537286,0.0138200261520502,SPY
2011-11-11,1.4039084310071404,-1.6265979867534448,-0.6462036318954082,1.1198587683147834,-0.6363397108937147,-0.6459647850633917,0.518337871890524,-0.22755920744682331,-1.2382799105465057,1.4162470082138434,0.0,0.0,0.0,0.0,0.0,0.0,0.0,0.0,0.0,0.0,0.0,0.0,0.0,0.0,0.0,0.0,0.0,0.0,0.0,0.0,0.0,0.0,0.0,0.0,0.0,0.0,0.0,0.0,-0.0095194428808076,-0.0376490893067194,-0.0195328080581367,SPY
2011-11-14,-0.7499400407533701,1.5484871662673638,0.3025275150689114,1.0624762866677404,-0.6364197103607284,-0.6407110795184701,0.08218881620891402,-0.0904769580394941,-1.618650846768758,-1.4417649723258046,0.0,0.0,0.0,0.0,0.0,0.0,0.0,0.0,0.0,0.0,0.0,0.0,0.0,0.0,0.0,0.0,0.0,0.0,0.0,0.0,0.0,0.0,0.0,0.0,0.0,0.0,0.0,0.0,0.0049296859731233,-0.0473325713829568,-0.0193962979189556,SPY
2011-11-15,0.3549375698659022,0.48210641950940586,-0.2995345909011673,1.007160340931292,-0.6282635377289497,-0.6371951893880017,0.21413624682321014,-0.1533362523841705,-1.2250778370222557,-0.7272619771908926,0.0,0.0,0.0,0.0,0.0,0.0,0.0,0.0,0.0,0.0,0.0,0.0,0.0,0.0,0.0,0.0,0.0,0.0,0.0,0.0,0.0,0.0,0.0,0.0,0.0,0.0,0.0,0.0,-0.0159902408564756,-0.0561980150511747,-0.035029067625893,SPY
2011-11-16,-1.244740791610476,-0.2921419934971928,-0.599084901928444,1.0303663677319583,-0.6280835929685848,-0.634231800651133,-0.4235368949983461,-0.8862327716351146,-0.5102672296863826,-0.012758982055980528,0.0,0.0,0.0,0.0,0.0,0.0,0.0,0.0,0.0,0.0,0.0,0.0,0.0,0.0,0.0,0.0,0.0,0.0,0.0,0.0,0.0,0.0,0.0,0.0,0.0,0.0,0.0,0.0,-0.0160044469501352,-0.0625205563193125,-0.0154311136751372,SPY
2011-11-17,-1.245827085114917,-0.6573558524301255,0.2290591166588973,1.0790015387590317,-0.6363598335795961,-0.6337797648288093,-1.0146715465066722,-1.062918468917227,0.7692600356227969,0.7017440130789315,0.0,0.0,0.0,0.0,0.0,0.0,0.0,0.0,0.0,0.0,0.0,0.0,0.0,0.0,0.0,0.0,0.0,0.0,0.0,0.0,0.0,0.0,0.0,0.0,0.0,0.0,0.0,0.0,-0.0010646445924242,-0.0484050634862871,0.0020547991267987,SPY
2011-11-18,-0.10342927698538017,-1.8388848535003481,-0.7431736856267019,1.0118363512238964,-0.6433565150417196,-0.6357787472797397,-1.0244303173694806,-0.7813068396354927,-0.7762062519768638,1.4162470082138434,0.0,0.0,0.0,0.0,0.0,0.0,0.0,0.0,0.0,0.0,0.0,0.0,0.0,0.0,0.0,0.0,0.0,0.0,0.0,0.0,0.0,0.0,0.0,0.0,0.0,0.0,0.0,0.0,-0.0192029249570451,-0.0187850309053372,-0.007629765903883,SPY
2011-11-21,-1.4904042339256212,-0.9964795382723737,-1.4983259195849177,1.034149662267278,-0.6565502959681007,-0.6416352166281093,-1.6303288562662903,-0.6499819684232513,-0.5669589847201337,-1.4417649723258046,0.0,0.0,0.0,0.0,0.0,0.0,0.0,0.0,0.0,0.0,0.0,0.0,0.0,0.0,0.0,0.0,0.0,0.0,0.0,0.0,0.0,0.0,0.0,0.0,0.0,0.0,0.0,0.0,-0.0039357576950944,0.0032540181970333,0.0413844845797148,SPY
2011-11-22,-0.3229739026001576,-1.1770026360430301,-1.8692867113671263,0.9766017415281671,-0.6739221871079633,-0.6455127492410679,-1.7152665983903603,-1.0107525876896208,-0.7552423621670902,-0.7272619771908926,0.0,0.0,0.0,0.0,0.0,0.0,0.0,0.0,0.0,0.0,0.0,0.0,0.0,0.0,0.0,0.0,0.0,0.0,0.0,0.0,0.0,0.0,0.0,0.0,0.0,0.0,0.0,0.0,-0.0223127821246134,0.0475149414339384,0.0472549784290246,SPY
2011-11-23,-1.7282048370903793,-1.3390491563643212,-2.208909584293488,1.0215703566758854,-0.6871160662896459,-0.6532879391803987,-2.3909866515539067,-1.6651544839275565,-0.643018894004928,-0.012758982055980528,0.0,0.0,0.0,0.0,0.0,0.0,0.0,0.0,0.0,0.0,0.0,0.0,0.0,0.0,0.0,0.0,0.0,0.0,0.0,0.0,0.0,0.0,0.0,0.0,0.0,0.0,0.0,0.0,-0.0018889541171098,0.0696679782006493,0.078387523239777,SPY
2011-11-25,-0.16646152946595527,-1.514570466281374,-2.451117386862728,0.7318728875440002,-0.7030685809856573,-0.6656337300033379,-2.283774316299955,-1.6211642619795528,-2.174527910145114,1.4162470082138434,0.0,0.0,0.0,0.0,0.0,0.0,0.0,0.0,0.0,0.0,0.0,0.0,0.0,0.0,0.0,0.0,0.0,0.0,0.0,0.0,0.0,0.0,0.0,0.0,0.0,0.0,0.0,0.0,0.0285553879885256,0.0706760262796049,0.0891775028454127,SPY
2011-11-28,2.161517707386036,-1.3990482330105503,-1.9103723990050343,0.9454183459516491,-0.7169620772207951,-0.6745640863923489,-1.1411813274705984,-1.164618663409467,-0.7284346831249962,-1.4417649723258046,0.0,0.0,0.0,0.0,0.0,0.0,0.0,0.0,0.0,0.0,0.0,0.0,0.0,0.0,0.0,0.0,0.0,0.0,0.0,0.0,0.0,0.0,0.0,0.0,0.0,0.0,0.0,0.0,0.0028361241453254,0.0529540021108321,0.061413287112769,SPY
2011-11-29,0.19484974634623234,1.4719671771033003,-0.7756699590834008,0.8615845333823373,-0.7277769990267327,-0.6800388280437629,-0.9583356430221116,-1.3776615290189762,-0.856253578468321,-0.7272619771908926,0.0,0.0,0.0,0.0,0.0,0.0,0.0,0.0,0.0,0.0,0.0,0.0,0.0,0.0,0.0,0.0,0.0,0.0,0.0,0.0,0.0,0.0,0.0,0.0,0.0,0.0,0.0,0.0,0.0403251655418106,0.050434647109796,0.0453665457226284,SPY
2011-11-30,3.0615140900092053,1.7386520701370638,0.06861549947130088,1.0331541254918308,-0.7299560265136564,-0.6770352886274363,0.4889293443980094,-0.10834396931123261,0.7245810636479181,-0.012758982055980528,0.0,0.0,0.0,0.0,0.0,0.0,0.0,0.0,0.0,0.0,0.0,0.0,0.0,0.0,0.0,0.0,0.0,0.0,0.0,0.0,0.0,0.0,0.0,0.0,0.0,0.0,0.0,0.0,-0.0001597453579025,0.0138251080513471,0.015322279432568,SPY
2011-12-01,-0.03423459305690608,2.402941991593572,1.7641901904458546,0.9892075922971487,-0.7281767998511961,-0.6760507971270316,0.467878647370081,-0.25794045426925016,-1.1262860170913154,0.7017440130789315,0.0,0.0,0.0,0.0,0.0,0.0,0.0,0.0,0.0,0.0,0.0,0.0,0.0,0.0,0.0,0.0,0.0,0.0,0.0,0.0,0.0,0.0,0.0,0.0,0.0,0.0,0.0,0.0,-0.0008809060381542,-0.0081955507290052,0.0105542956553037,SPY
2011-12-02,-0.08937939087302488,2.2338541810565107,2.6128423586081357,0.9265292459267399,-0.7226793370914553,-0.6774471441460911,0.4559645514172084,-0.6206288246457314,-0.5638410002414733,1.4162470082138434,0.0,0.0,0.0,0.0,0.0,0.0,0.0,0.0,0.0,0.0,0.0,0.0,0.0,0.0,0.0,0.0,0.0,0.0,0.0,0.0,0.0,0.0,0.0,0.0,0.0,0.0,0.0,0.0,0.0108333638197528,0.0094858184124611,0.0272452937103491,SPY
2011-12-05,0.806372499887679,-0.0918293698400193,2.65145928489352,0.9427774926970919,-0.7142033827532865,-0.6767038035908549,0.8551542435528361,-0.2323644926319536,-0.4888467691582609,-1.4417649723258046,0.0,0.0,0.0,0.0,0.0,0.0,0.0,0.0,0.0,0.0,0.0,0.0,0.0,0.0,0.0,0.0,0.0,0.0,0.0,0.0,0.0,0.0,0.0,0.0,0.0,0.0,0.0,0.0,0.0003167691442893,-0.0160526899569122,0.0179794308013914,SPY
2011-12-06,0.002202911925539524,0.5286251458996826,1.9725530747231133,0.9357456464749331,-0.7010096018269053,-0.6767038035908549,0.8672251912719954,-0.3190582214505977,-1.0440395761177024,-0.7272619771908926,0.0,0.0,0.0,0.0,0.0,0.0,0.0,0.0,0.0,0.0,0.0,0.0,0.0,0.0,0.0,0.0,0.0,0.0,0.0,0.0,0.0,0.0,0.0,0.0,0.0,0.0,0.0,0.0,0.0037156264833617,-0.0257523918428281,0.0203218482178808,SPY
2011-12-07,0.2621024126908367,0.5962223072966605,1.8760400726225344,0.9061307959158779,-0.6859366292936536,-0.6778590194142194,1.0269878846766252,0.0985668037991118,-0.2914236585784624,-0.012758982055980528,0.0,0.0,0.0,0.0,0.0,0.0,0.0,0.0,0.0,0.0,0.0,0.0,0.0,0.0,0.0,0.0,0.0,0.0,0.0,0.0,0.0,0.0,0.0,0.0,0.0,0.0,0.0,0.0,-0.0221804041382549,-0.0401711020600039,0.0140253610559559,SPY
2011-12-08,-1.718082325571176,0.19449498876975882,0.4735793163590412,0.7190808048781263,-0.6711634533383329,-0.677065416449135,0.17541866468657533,-0.05066686314884361,-0.23748447407598208,0.7017440130789315,0.0,0.0,0.0,0.0,0.0,0.0,0.0,0.0,0.0,0.0,0.0,0.0,0.0,0.0,0.0,0.0,0.0,0.0,0.0,0.0,0.0,0.0,0.0,0.0,0.0,0.0,0.0,0.0,0.016800463103312,-0.0143829848274688,0.0386301428896738,SPY
2011-12-09,1.2626570596971964,-1.0752524984020457,-0.3700016344201216,0.7583646480120563,-0.6517524895639352,-0.6753275319115248,0.7826724445533131,0.24745552232503198,-0.617319017117552,1.4162470082138434,0.0,0.0,0.0,0.0,0.0,0.0,0.0,0.0,0.0,0.0,0.0,0.0,0.0,0.0,0.0,0.0,0.0,0.0,0.0,0.0,0.0,0.0,0.0,0.0,0.0,0.0,0.0,0.0,-0.0147051445496204,-0.0297019820789801,0.0304629500198192,SPY
2011-12-12,-1.1464736814415784,-0.33674023245764684,0.3073471379401239,0.7287855332458312,-0.6427567450263127,-0.677788671789905,0.26488669864977,0.3329811190874855,-0.5162709205310371,-1.4417649723258046,0.0,0.0,0.0,0.0,0.0,0.0,0.0,0.0,0.0,0.0,0.0,0.0,0.0,0.0,0.0,0.0,0.0,0.0,0.0,0.0,0.0,0.0,0.0,0.0,0.0,0.0,0.0,0.0,-0.0093829327416266,-0.0257460471524657,0.0457098758314789,SPY
2011-12-13,-0.7395015570268875,0.08516575365973662,-0.6709977602125038,0.7282966272573193,-0.6367595951019388,-0.6802096214898798,-0.04897402286926088,0.21125090888611578,-0.14455417344368598,-0.7272619771908926,0.0,0.0,0.0,0.0,0.0,0.0,0.0,0.0,0.0,0.0,0.0,0.0,0.0,0.0,0.0,0.0,0.0,0.0,0.0,0.0,0.0,0.0,0.0,0.0,0.0,0.0,0.0,0.0,-0.010703083733814,0.0134482111157137,0.0574896379329805,SPY
2011-12-14,-0.8404491842956318,-1.39263328634373,-1.0425799104475415,0.7383522331880281,-0.6432565304462486,-0.6845693276215982,-0.3798488592647329,0.4514518091394548,-0.23229166223258427,-0.012758982055980528,0.0,0.0,0.0,0.0,0.0,0.0,0.0,0.0,0.0,0.0,0.0,0.0,0.0,0.0,0.0,0.0,0.0,0.0,0.0,0.0,0.0,0.0,0.0,0.0,0.0,0.0,0.0,0.0,0.0036077130942802,0.0260860310037429,0.0630055791570445,SPY
2011-12-15,0.2538506288852159,-1.1667557238358306,-1.5949407364945358,0.6973335017844368,-0.6488339730219427,-0.686477946356905,-0.21792554931282926,0.5434117845155809,-0.7103110565362551,0.7017440130789315,0.0,0.0,0.0,0.0,0.0,0.0,0.0,0.0,0.0,0.0,0.0,0.0,0.0,0.0,0.0,0.0,0.0,0.0,0.0,0.0,0.0,0.0,0.0,0.0,0.0,0.0,0.0,0.0,0.0014814658518007,0.0312980805956017,0.0632713150895334,SPY
2011-12-16,0.09126345864086913,-0.43355961516381136,-0.6070336683719156,0.6447515138379586,-0.6538293315366185,-0.6862256369592563,-0.16683011846955167,0.13263080263320137,-0.4290596316746935,1.4162470082138434,0.0,0.0,0.0,0.0,0.0,0.0,0.0,0.0,0.0,0.0,0.0,0.0,0.0,0.0,0.0,0.0,0.0,0.0,0.0,0.0,0.0,0.0,0.0,0.0,0.0,0.0,0.0,0.0,-0.0107492096231061,0.0387176402323268,0.0727854690886635,SPY
2011-12-19,-0.8439762801409209,0.25414016935351136,-1.1938832442775886,0.6691643070821288,-0.6641586952903727,-0.6871569826266927,-0.5493789035513749,-0.17528610180447413,-0.924706993597616,-1.4417649723258046,0.0,0.0,0.0,0.0,0.0,0.0,0.0,0.0,0.0,0.0,0.0,0.0,0.0,0.0,0.0,0.0,0.0,0.0,0.0,0.0,0.0,0.0,0.0,0.0,0.0,0.0,0.0,0.0,0.0298113255265528,0.0502580221113149,0.0887972762724764,SPY
2011-12-20,2.257555141900645,-0.5561690332726478,-1.0423368541438365,0.7620798933379861,-0.6672452677011685,-0.6820780697962551,0.4831889191366322,-0.3974783715004348,-0.3184663214188112,-0.7272619771908926,0.0,0.0,0.0,0.0,0.0,0.0,0.0,0.0,0.0,0.0,0.0,0.0,0.0,0.0,0.0,0.0,0.0,0.0,0.0,0.0,0.0,0.0,0.0,0.0,0.0,0.0,0.0,0.0,0.0019347361542152,0.0072360793399468,0.0627061735415797,SPY
2011-12-21,0.12592355571379144,1.0427770957442395,0.4591409165600735,0.7542119784273587,-0.6707885897095566,-0.6762843741491443,0.4676622546073642,-0.349270830185857,-0.740627904726451,-0.012758982055980528,0.0,0.0,0.0,0.0,0.0,0.0,0.0,0.0,0.0,0.0,0.0,0.0,0.0,0.0,0.0,0.0,0.0,0.0,0.0,0.0,0.0,0.0,0.0,0.0,0.0,0.0,0.0,0.0,0.008819762686139,0.0155822424374818,0.0581912986694002,SPY
2011-12-22,0.652399009046934,1.7586629573103953,0.9432782996992044,0.6216576886027553,-0.6665616466109041,-0.6667367380937229,0.655375843953051,-0.1400991711396349,-1.7256640484763563,0.7017440130789315,0.0,0.0,0.0,0.0,0.0,0.0,0.0,0.0,0.0,0.0,0.0,0.0,0.0,0.0,0.0,0.0,0.0,0.0,0.0,0.0,0.0,0.0,0.0,0.0,0.0,0.0,0.0,0.0,0.0089010254885257,0.0018347506161759,0.0482314519055693,SPY
2011-12-23,0.6586129096800382,0.5738925937774052,1.1429447036004072,0.6183777096274639,-0.6642795886141426,-0.65583590761866,0.8270026806600551,-0.17791607507205612,-1.9819198386160708,1.4162470082138434,0.0,0.0,0.0,0.0,0.0,0.0,0.0,0.0,0.0,0.0,0.0,0.0,0.0,0.0,0.0,0.0,0.0,0.0,0.0,0.0,0.0,0.0,0.0,0.0,0.0,0.0,0.0,0.0,0.0007911722558819,0.0087438171445413,0.0476632008928499,SPY
2011-12-27,0.03847896577664642,0.9670721397613393,1.4271777610735008,0.4786821166644499,-0.658117959313963,-0.6482192664519278,0.741060322220604,-0.16796762578543462,-1.943082180486581,-0.7272619771908926,0.0,0.0,0.0,0.0,0.0,0.0,0.0,0.0,0.0,0.0,0.0,0.0,0.0,0.0,0.0,0.0,0.0,0.0,0.0,0.0,0.0,0.0,0.0,0.0,0.0,0.0,0.0,0.0,-0.0132106172448152,0.0095201457994544,0.0417288419951464,SPY
2011-12-28,-1.0321920680494188,0.5139359881071046,1.869273813463976,0.5380503030780421,-0.6529769471393747,-0.6426222953095314,0.15880435923312272,-0.5270765541682634,-1.470033396957364,-0.012758982055980528,0.0,0.0,0.0,0.0,0.0,0.0,0.0,0.0,0.0,0.0,0.0,0.0,0.0,0.0,0.0,0.0,0.0,0.0,0.0,0.0,0.0,0.0,0.0,0.0,0.0,0.0,0.0,0.0,0.0102808992517502,0.0253899496050484,0.0544845003301048,SPY
2011-12-29,0.7641273418565455,-0.7340520344452631,0.2211627487841568,0.1723590827129264,-0.6426220566581203,-0.6406836573746288,0.516120717583108,0.1763222283434503,-1.4491423873940708,0.7017440130789315,0.0,0.0,0.0,0.0,0.0,0.0,0.0,0.0,0.0,0.0,0.0,0.0,0.0,0.0,0.0,0.0,0.0,0.0,0.0,0.0,0.0,0.0,0.0,0.0,0.0,0.0,0.0,0.0,-0.0049277291351668,0.0125281896747351,0.0407839403759631,SPY
2011-12-30,-0.3988267132152129,-0.19844887863459104,0.540892701979676,0.1810190420484467,-0.6343939414941052,-0.6393516837641753,0.3105528933754042,-0.2996725212923868,-1.749300451020019,1.4162470082138434,0.0,0.0,0.0,0.0,0.0,0.0,0.0,0.0,0.0,0.0,0.0,0.0,0.0,0.0,0.0,0.0,0.0,0.0,0.0,0.0,0.0,0.0,0.0,0.0,0.0,0.0,0.0,0.0,0.015810092016891,0.0198802965053648,0.0453309678173186,SPY
2012-01-03,1.186926622890028,0.26903991347563977,0.01424532339201049,0.2416414558704295,-0.6225045783080557,-0.6358874187572212,0.8564252156325318,0.4331721512019055,-0.3890527467640629,-0.7272619771908926,0.0,0.0,0.0,0.0,0.0,0.0,0.0,0.0,0.0,0.0,0.0,0.0,0.0,0.0,0.0,0.0,0.0,0.0,0.0,0.0,0.0,0.0,0.0,0.0,0.0,0.0,0.0,0.0,0.0015675009107951,0.0127034747219312,0.0382400383999561,SPY
2012-01-04,0.09784227812349552,0.5811092802113031,0.2789220966498235,0.21574831110460632,-0.6075975786312025,-0.6335871383398284,0.8812906366152875,0.7574779755745713,-1.257564927701615,-0.012758982055980528,0.0,0.0,0.0,0.0,0.0,0.0,0.0,0.0,0.0,0.0,0.0,0.0,0.0,0.0,0.0,0.0,0.0,0.0,0.0,0.0,0.0,0.0,0.0,0.0,0.0,0.0,0.0,0.0,0.0026591865607787,0.0116777550731752,0.0382564439721813,SPY
2012-01-05,0.18131990813806112,0.9477020928231089,0.3086621726103586,0.2164384907542127,-0.5993292573975456,-0.6309832887665312,0.943270757343139,1.1889444163037897,-0.6020867629848008,0.7017440130789315,0.0,0.0,0.0,0.0,0.0,0.0,0.0,0.0,0.0,0.0,0.0,0.0,0.0,0.0,0.0,0.0,0.0,0.0,0.0,0.0,0.0,0.0,0.0,0.0,0.0,0.0,0.0,0.0,-0.0025808606785631,0.0114153978722715,0.0495186424102769,SPY
2012-01-06,-0.21936936052750347,0.20546088112879451,0.9166123850239212,0.21745676253390403,-0.5922076934463844,-0.6291852078339437,0.8176519960845718,1.0325908582367769,-0.932020632303977,1.4162470082138434,0.0,0.0,0.0,0.0,0.0,0.0,0.0,0.0,0.0,0.0,0.0,0.0,0.0,0.0,0.0,0.0,0.0,0.0,0.0,0.0,0.0,0.0,0.0,0.0,0.0,0.0,0.0,0.0,0.0024243776954628,0.0088091160410845,0.0514305946461766,SPY
2012-01-09,0.16336484242544033,-0.02867394273615039,0.4238961689047298,0.05665193691051951,-0.5866754090075592,-0.6242811568411475,0.8359121169209536,1.0482125052365765,-1.5194586867104365,-1.4417649723258046,0.0,0.0,0.0,0.0,0.0,0.0,0.0,0.0,0.0,0.0,0.0,0.0,0.0,0.0,0.0,0.0,0.0,0.0,0.0,0.0,0.0,0.0,0.0,0.0,0.0,0.0,0.0,0.0,0.0086332702334575,0.0102581873723908,0.0515317781034392,SPY
2012-01-10,0.6381385413329094,-0.0419266284383065,0.705545202763169,0.0003003735030448098,-0.5811632276035553,-0.620364520270822,1.106590714443757,1.597065673847755,-1.2657701864885005,-0.7272619771908926,0.0,0.0,0.0,0.0,0.0,0.0,0.0,0.0,0.0,0.0,0.0,0.0,0.0,0.0,0.0,0.0,0.0,0.0,0.0,0.0,0.0,0.0,0.0,0.0,0.0,0.0,0.0,0.0,0.0005417812620391,0.0126205369898642,0.0458615960701953,SPY
2012-01-11,0.019408852403546024,0.5910024230262154,0.4306110963846919,-0.09034770267502179,-0.575711512512497,-0.614528768120067,1.0389991390747402,1.2063839543383494,-1.2697543509666078,-0.012758982055980528,0.0,0.0,0.0,0.0,0.0,0.0,0.0,0.0,0.0,0.0,0.0,0.0,0.0,0.0,0.0,0.0,0.0,0.0,0.0,0.0,0.0,0.0,0.0,0.0,0.0,0.0,0.0,0.0,0.002396829359875,0.0173413532885318,0.0465766971908445,SPY
2012-01-12,0.16125831133221774,0.48474809228533516,0.3913171967261363,-0.14024586292922278,-0.5662965322516447,-0.6072143235208376,1.020410246164562,1.216588789585054,-1.139961453903446,0.7017440130789315,0.0,0.0,0.0,0.0,0.0,0.0,0.0,0.0,0.0,0.0,0.0,0.0,0.0,0.0,0.0,0.0,0.0,0.0,0.0,0.0,0.0,0.0,0.0,0.0,0.0,0.0,0.0,0.0,-0.00518714250975,0.0186647467243128,0.0367644710044618,SPY
2012-01-13,-0.418663205253568,0.13276142139673092,0.3812666555870322,-0.1839831312271208,-0.5608246355215237,-0.5992612994481167,0.7036682930668491,0.7426783863261628,-0.348164260901091,1.4162470082138434,0.0,0.0,0.0,0.0,0.0,0.0,0.0,0.0,0.0,0.0,0.0,0.0,0.0,0.0,0.0,0.0,0.0,0.0,0.0,0.0,0.0,0.0,0.0,0.0,0.0,0.0,0.0,0.0,0.0038734490267691,0.0212717505160986,0.0493670103407195,SPY
2012-01-17,0.2741705862412709,-0.19058082574114493,0.2814236069715715,-0.18386890128647387,-0.5530996268066555,-0.5912447906930947,0.7315180846283132,0.612140372378169,-0.9326247264365236,-0.7272619771908926,0.0,0.0,0.0,0.0,0.0,0.0,0.0,0.0,0.0,0.0,0.0,0.0,0.0,0.0,0.0,0.0,0.0,0.0,0.0,0.0,0.0,0.0,0.0,0.0,0.0,0.0,0.0,0.0,0.0109956198509308,0.0162582174116376,0.044236678931262,SPY
2012-01-18,0.8187796877430038,-0.107239950512082,0.3369355234679517,-0.16414812416311067,-0.5465211395615589,-0.5819646217561708,1.0125597202207126,0.8738276064205265,-0.5148022294159451,-0.012758982055980528,0.0,0.0,0.0,0.0,0.0,0.0,0.0,0.0,0.0,0.0,0.0,0.0,0.0,0.0,0.0,0.0,0.0,0.0,0.0,0.0,0.0,0.0,0.0,0.0,0.0,0.0,0.0,0.0,0.0052625975607067,0.0135953720365131,0.0285700731315969,SPY
2012-01-19,0.3803942297901819,0.8061202118918083,0.4274338666945896,-0.24552237431690277,-0.5389569158231348,-0.5706727418326981,1.045951849759025,1.7300076580950892,-0.9557370821453406,0.7017440130789315,0.0,0.0,0.0,0.0,0.0,0.0,0.0,0.0,0.0,0.0,0.0,0.0,0.0,0.0,0.0,0.0,0.0,0.0,0.0,0.0,0.0,0.0,0.0,0.0,0.0,0.0,0.0,0.0,0.003720222795656,0.0031895878339849,0.0343197978106735,SPY
2012-01-20,0.2624538776543458,0.8845241890547644,0.6082818032348456,-0.5470936966714416,-0.5310910483070989,-0.5625652472536404,1.068165741162338,1.6404787842319466,-0.7842396050080133,1.4162470082138434,0.0,0.0,0.0,0.0,0.0,0.0,0.0,0.0,0.0,0.0,0.0,0.0,0.0,0.0,0.0,0.0,0.0,0.0,0.0,0.0,0.0,0.0,0.0,0.0,0.0,0.0,0.0,0.0,-0.0025801387179642,-0.0009855938715279,0.0332422808650099,SPY
2012-01-23,-0.21931415456252537,0.47389850674826217,0.6589791735518102,-0.531438048524311,-0.5232452641748241,-0.555044094790883,0.8586108649734158,1.802249728247288,-0.8675835969451153,-1.4417649723258046,0.0,0.0,0.0,0.0,0.0,0.0,0.0,0.0,0.0,0.0,0.0,0.0,0.0,0.0,0.0,0.0,0.0,0.0,0.0,0.0,0.0,0.0,0.0,0.0,0.0,0.0,0.0,0.0,-0.0011400840776918,-0.0018251158559552,0.0362618583369878,SPY
2012-01-24,-0.10919788761038257,0.031252021462024014,0.7588498794782732,-0.5435888671789728,-0.5163247895250503,-0.5487865333868714,0.7235786145328316,1.417316880037581,-1.1596177034775257,-0.7272619771908926,0.0,0.0,0.0,0.0,0.0,0.0,0.0,0.0,0.0,0.0,0.0,0.0,0.0,0.0,0.0,0.0,0.0,0.0,0.0,0.0,0.0,0.0,0.0,0.0,0.0,0.0,0.0,0.0,0.0083327744758063,-0.0010657334720747,0.0341728157375902,SPY
2012-01-25,0.6151606138695134,-0.24306521661097613,0.5667883673677643,-0.5472785744284568,-0.5094244572122189,-0.5425491954436387,0.9496443577743354,1.5697289238711816,0.09748676182881952,-0.012758982055980528,0.0,0.0,0.0,0.0,0.0,0.0,0.0,0.0,0.0,0.0,0.0,0.0,0.0,0.0,0.0,0.0,0.0,0.0,0.0,0.0,0.0,0.0,0.0,0.0,0.0,0.0,0.0,0.0,-0.0051431866418214,-0.0006793453483524,0.0302410623260946,SPY
2012-01-26,-0.4153020438423432,0.37286301274864925,0.4647784476949848,-0.5203143497008653,-0.50403295297032,-0.5371004342245064,0.6744164976963559,1.104486913896757,-0.08011156676604408,0.7017440130789315,0.0,0.0,0.0,0.0,0.0,0.0,0.0,0.0,0.0,0.0,0.0,0.0,0.0,0.0,0.0,0.0,0.0,0.0,0.0,0.0,0.0,0.0,0.0,0.0,0.0,0.0,0.0,0.0,-0.0004549589098568,0.0060477477764893,0.0375772676973422,SPY
2012-01-27,-0.05680860753231578,0.14692665363999333,0.06614726146527398,-0.6491873997093008,-0.49938585054859774,-0.5300341812577187,0.5548806829013255,1.259596807033584,-0.7323607145347347,1.4162470082138434,0.0,0.0,0.0,0.0,0.0,0.0,0.0,0.0,0.0,0.0,0.0,0.0,0.0,0.0,0.0,0.0,0.0,0.0,0.0,0.0,0.0,0.0,0.0,0.0,0.0,0.0,0.0,0.0,-0.0034196607023915,0.0204240916852205,0.0397106603304067,SPY
2012-01-30,-0.2835096540693375,-0.34905576353946904,-0.09379816922977921,-0.6664275115516107,-0.49429608833961286,-0.5247269052661508,0.3496354418171392,0.9397380070904989,-0.5670513688037739,-1.4417649723258046,0.0,0.0,0.0,0.0,0.0,0.0,0.0,0.0,0.0,0.0,0.0,0.0,0.0,0.0,0.0,0.0,0.0,0.0,0.0,0.0,0.0,0.0,0.0,0.0,0.0,0.0,0.0,0.0,-0.0003807016938113,0.0231748439449486,0.0460424268393211,SPY
2012-01-31,-0.051130401166727776,-0.25177942116606633,-0.1259590941542905,-0.6934433603072222,-0.49031283804136166,-0.5188434581370925,0.251242178540602,0.6217370803602545,-0.3982383953247645,-0.7272619771908926,0.0,0.0,0.0,0.0,0.0,0.0,0.0,0.0,0.0,0.0,0.0,0.0,0.0,0.0,0.0,0.0,0.0,0.0,0.0,0.0,0.0,0.0,0.0,0.0,0.0,0.0,0.0,0.0,0.0087191625995286,0.0260811067914854,0.0424902422832413,SPY
2012-02-01,0.6447064495545358,-0.24758832069784403,-0.09686820637529141,-0.7909178021975376,-0.48689290504141874,-0.513819211849076,0.5074765888538635,0.9058983950301878,-0.23647223553637658,-0.012758982055980528,0.0,0.0,0.0,0.0,0.0,0.0,0.0,0.0,0.0,0.0,0.0,0.0,0.0,0.0,0.0,0.0,0.0,0.0,0.0,0.0,0.0,0.0,0.0,0.0,0.0,0.0,0.0,0.0,0.0015839064830203,0.0203250323921704,0.0389391361986861,SPY
2012-02-02,0.09909675855787063,0.43753065808492114,-0.08206621230096971,-0.7909258509681136,-0.48443864480210275,-0.5087848834548795,0.4952041506459946,0.8828101134922001,-1.0308645351301384,0.7017440130789315,0.0,0.0,0.0,0.0,0.0,0.0,0.0,0.0,0.0,0.0,0.0,0.0,0.0,0.0,0.0,0.0,0.0,0.0,0.0,0.0,0.0,0.0,0.0,0.0,0.0,0.0,0.0,0.0,0.0139213849988744,0.0199980082918385,0.0343011829883215,SPY
2012-02-03,1.0425033764561562,0.548413757240523,0.1756394118058464,-0.6978704791692795,-0.47922822508207286,-0.502213996655094,0.9292491298607672,1.5770849077177762,-0.2795031719895893,1.4162470082138434,0.0,0.0,0.0,0.0,0.0,0.0,0.0,0.0,0.0,0.0,0.0,0.0,0.0,0.0,0.0,0.0,0.0,0.0,0.0,0.0,0.0,0.0,0.0,0.0,0.0,0.0,0.0,0.0,-0.0006689084426634,-0.0013387735335435,0.0162927437404274,SPY
2012-02-06,-0.07316862833288858,0.8420288143998813,0.7263772432315087,-0.7079924117396672,-0.47351477751713705,-0.4954004283259503,0.8057466777017459,1.4587675512061402,-1.0669603730490629,-1.4417649723258046,0.0,0.0,0.0,0.0,0.0,0.0,0.0,0.0,0.0,0.0,0.0,0.0,0.0,0.0,0.0,0.0,0.0,0.0,0.0,0.0,0.0,0.0,0.0,0.0,0.0,0.0,0.0,0.0,0.0025255611527255,0.0067455317356275,0.0022286093854182,SPY
2012-02-07,0.17110201036302122,0.7148792363162365,0.8317547539483899,-0.7080052983875026,-0.46681567206311636,-0.488556534680373,0.8038142091857692,1.2757286612878531,-0.623784343190414,-0.7272619771908926,0.0,0.0,0.0,0.0,0.0,0.0,0.0,0.0,0.0,0.0,0.0,0.0,0.0,0.0,0.0,0.0,0.0,0.0,0.0,0.0,0.0,0.0,0.0,0.0,0.0,0.0,0.0,0.0,0.0029630882002136,0.0029630882002136,0.0066545002710451,SPY
2012-02-08,0.20455827223852133,0.07169537889680763,0.9430896599450782,-0.7329597054660077,-0.46152482055274335,-0.4824304158966931,0.8290323038645371,1.217909477813264,-0.5383940761923621,-0.012758982055980528,0.0,0.0,0.0,0.0,0.0,0.0,0.0,0.0,0.0,0.0,0.0,0.0,0.0,0.0,0.0,0.0,0.0,0.0,0.0,0.0,0.0,0.0,0.0,0.0,0.0,0.0,0.0,0.0,0.0012568823826883,-0.0046709859487341,0.0135913259113111,SPY
2012-02-09,0.07409029552176592,0.27668640389317506,0.7225824188600746,-0.7343062246292235,-0.45452387481050605,-0.4762031600596406,0.7880782044147209,1.1486045955397974,-0.3728608320546122,0.7017440130789315,0.0,0.0,0.0,0.0,0.0,0.0,0.0,0.0,0.0,0.0,0.0,0.0,0.0,0.0,0.0,0.0,0.0,0.0,0.0,0.0,0.0,0.0,0.0,0.0,0.0,0.0,0.0,0.0,-0.0074153968265076,0.0050844539083607,0.0161945499959372,SPY
2012-02-10,-0.5890505227340569,0.20508177783409862,0.7100545783337127,-0.6765929032526331,-0.44941406851988236,-0.4713002742857761,0.4379490118093688,0.7558744908596798,-0.05433875346950959,1.4162470082138434,0.0,0.0,0.0,0.0,0.0,0.0,0.0,0.0,0.0,0.0,0.0,0.0,0.0,0.0,0.0,0.0,0.0,0.0,0.0,0.0,0.0,0.0,0.0,0.0,0.0,0.0,0.0,0.0,0.0074153968265076,0.0151425565848608,0.0236827244037156,SPY
2012-02-13,0.5450117463883487,-0.38068315884594356,-0.10732799311246942,-0.692886295055399,-0.44138714091255643,-0.464709085027317,0.6251845561528403,1.0617478784353729,-0.8935361069004244,-1.4417649723258046,0.0,0.0,0.0,0.0,0.0,0.0,0.0,0.0,0.0,0.0,0.0,0.0,0.0,0.0,0.0,0.0,0.0,0.0,0.0,0.0,0.0,0.0,0.0,0.0,0.0,0.0,0.0,0.0,-0.0012568823826883,0.0081665985123668,0.0341330954851732,SPY
2012-02-14,-0.11812907186747407,-0.0330946799938859,0.2023705492145717,-0.6862562965356818,-0.43360166588474225,-0.4587952533334051,0.4944521720635733,0.7187823499515729,-0.05887866333275789,-0.7272619771908926,0.0,0.0,0.0,0.0,0.0,0.0,0.0,0.0,0.0,0.0,0.0,0.0,0.0,0.0,0.0,0.0,0.0,0.0,0.0,0.0,0.0,0.0,0.0,0.0,0.0,0.0,0.0,0.0,-0.0046709859487341,0.0061943542179658,0.0343177364297471,SPY
2012-02-15,-0.379194401728741,0.31449379885817164,0.057470374079034395,-0.7129634109892358,-0.42939710534392056,-0.4549639147387708,0.2651482606112203,0.746226118385885,0.5154931767719984,-0.012758982055980528,0.0,0.0,0.0,0.0,0.0,0.0,0.0,0.0,0.0,0.0,0.0,0.0,0.0,0.0,0.0,0.0,0.0,0.0,0.0,0.0,0.0,0.0,0.0,0.0,0.0,0.0,0.0,0.0,0.0110123222397833,0.0152663612310108,0.0447620638771386,SPY
2012-02-16,0.8200568647737813,-0.36766542021880283,-0.2349804373668935,-0.665700483623674,-0.42261746984425486,-0.4503238450824138,0.6152845010325965,1.1046348092635652,0.3705667584842722,0.7017440130789315,0.0,0.0,0.0,0.0,0.0,0.0,0.0,0.0,0.0,0.0,0.0,0.0,0.0,0.0,0.0,0.0,0.0,0.0,0.0,0.0,0.0,0.0,0.0,0.0,0.0,0.0,0.0,0.0,0.0026427058499924,0.0064470577206536,0.0351335561697112,SPY
2012-02-17,0.18005968210374762,0.32481232102114904,0.1387369573760675,-0.6676526612441855,-0.41885543153327276,-0.4458151489232322,0.6521418540704974,1.400064291521391,-0.6370137232629621,1.4162470082138434,0.0,0.0,0.0,0.0,0.0,0.0,0.0,0.0,0.0,0.0,0.0,0.0,0.0,0.0,0.0,0.0,0.0,0.0,0.0,0.0,0.0,0.0,0.0,0.0,0.0,0.0,0.0,0.0,0.0004394387540136,0.0054827855938688,0.0364030745953334,SPY
2012-02-21,0.011583055646170225,0.7375993706096318,0.5240489457007262,-0.6780316095016239,-0.41479178874679984,-0.4409021217947681,0.6000005157740781,1.43619067769634,-0.5384506349537199,-0.7272619771908926,0.0,0.0,0.0,0.0,0.0,0.0,0.0,0.0,0.0,0.0,0.0,0.0,0.0,0.0,0.0,0.0,0.0,0.0,0.0,0.0,0.0,0.0,0.0,0.0,0.0,0.0,0.0,0.0,-0.0032291266770894,0.007955452646378,0.033048631757854,SPY
2012-02-22,-0.2689401405197241,0.14086252417955764,0.2568096499971525,-0.6679402858541125,-0.41229722418254044,-0.43628226572445383,0.4137324704865343,0.9921382987941582,-0.690319214949761,-0.012758982055980528,0.0,0.0,0.0,0.0,0.0,0.0,0.0,0.0,0.0,0.0,0.0,0.0,0.0,0.0,0.0,0.0,0.0,0.0,0.0,0.0,0.0,0.0,0.0,0.0,0.0,0.0,0.0,0.0,0.0044010210643108,0.0072516930735764,0.0346388484534392,SPY
2012-02-23,0.3145122939083069,-0.19054553774530533,0.1812557016055613,-0.6910408880316025,-0.40940030415596096,-0.4321678776767952,0.5225407547347433,1.0715383681500397,-0.4613242011418222,0.7017440130789315,0.0,0.0,0.0,0.0,0.0,0.0,0.0,0.0,0.0,0.0,0.0,0.0,0.0,0.0,0.0,0.0,0.0,0.0,0.0,0.0,0.0,0.0,0.0,0.0,0.0,0.0,0.0,0.0,0.0021930187294261,0.008018728524239,0.023007732675655,SPY
2012-02-24,0.14567357922375382,0.03304740526798451,0.5287917302900447,-0.720849365041867,-0.40624198572353265,-0.4270628066688159,0.5344516777218425,0.7012208630335097,-1.0311303254461106,1.4162470082138434,0.0,0.0,0.0,0.0,0.0,0.0,0.0,0.0,0.0,0.0,0.0,0.0,0.0,0.0,0.0,0.0,0.0,0.0,0.0,0.0,0.0,0.0,0.0,0.0,0.0,0.0,0.0,0.0,0.0016784337232076,0.0027716630674685,0.0240422672924776,SPY
2012-02-27,0.10632494735266883,0.33907498564605615,0.1909364229313376,-0.7245473948300413,-0.40060910750636286,-0.42166456460268653,0.5229961222658278,0.8184104176428373,-0.260562642326416,-1.4417649723258046,0.0,0.0,0.0,0.0,0.0,0.0,0.0,0.0,0.0,0.0,0.0,0.0,0.0,0.0,0.0,0.0,0.0,0.0,0.0,0.0,0.0,0.0,0.0,0.0,0.0,0.0,0.0,0.0,0.0029121058065229,-0.0029938249047587,0.0363016845641048,SPY
2012-02-28,0.20065981539077113,0.18541130570036812,0.1539964927668163,-0.7448291179902318,-0.39618333497827213,-0.4154070328228843,0.5464145680091651,0.8343589467700807,-0.5686641727413223,-0.7272619771908926,0.0,0.0,0.0,0.0,0.0,0.0,0.0,0.0,0.0,0.0,0.0,0.0,0.0,0.0,0.0,0.0,0.0,0.0,0.0,0.0,0.0,0.0,0.0,0.0,0.0,0.0,0.0,0.0,-0.003932886249891,-0.0206389735089542,0.0302775936410615,SPY
2012-02-29,-0.3227543325798865,0.22599680494216992,0.2487209441977216,-0.7240968984077961,-0.39250174810869387,-0.409644788212191,0.3188761683927693,0.4187110851653331,0.6169738781896622,-0.012758982055980528,0.0,0.0,0.0,0.0,0.0,0.0,0.0,0.0,0.0,0.0,0.0,0.0,0.0,0.0,0.0,0.0,0.0,0.0,0.0,0.0,0.0,0.0,0.0,0.0,0.0,0.0,0.0,0.0,0.0051680565149734,-0.0097546352207107,0.0292392650691235,SPY
2012-03-01,0.3731649853304483,-0.0907078470634772,0.2217608893026513,-0.7474178513689912,-0.38612450737346804,-0.4043273906154966,0.4403445292022673,0.5771063582133911,-0.21954523560320746,0.7017440130789315,0.0,0.0,0.0,0.0,0.0,0.0,0.0,0.0,0.0,0.0,0.0,0.0,0.0,0.0,0.0,0.0,0.0,0.0,0.0,0.0,0.0,0.0,0.0,0.0,0.0,0.0,0.0,0.0,-0.0030540467273443,-0.0050227778952045,0.0223612158808386,SPY
2012-03-02,-0.2555523495672556,0.036618715578991816,0.2511449554745775,-0.7314060151607251,-0.38358969743744636,-0.3996468444133695,0.2614518174235465,0.8940539278309194,-0.7165733816173833,1.4162470082138434,0.0,0.0,0.0,0.0,0.0,0.0,0.0,0.0,0.0,0.0,0.0,0.0,0.0,0.0,0.0,0.0,0.0,0.0,0.0,0.0,0.0,0.0,0.0,0.0,0.0,0.0,0.0,0.0,-0.0040870542490196,0.0018913752994542,0.0295429518150287,SPY
2012-03-05,-0.3345430550857988,0.08622069274146983,0.05013714226726769,-0.8253421604937737,-0.38290582088339625,-0.39741275435613693,0.07813765431802923,0.2749746742438996,-0.2653375262882754,-1.4417649723258046,0.0,0.0,0.0,0.0,0.0,0.0,0.0,0.0,0.0,0.0,0.0,0.0,0.0,0.0,0.0,0.0,0.0,0.0,0.0,0.0,0.0,0.0,0.0,0.0,0.0,0.0,0.0,0.0,-0.0147330427976726,0.0060512071297447,0.0409183672666957,SPY
2012-03-06,-1.148606969196154,-0.43614064965860816,-0.1707307197631268,-0.6690548457421492,-0.38636599925510107,-0.3971095110665437,-0.4717721924267603,-0.5026614105191107,1.11163602547934,-0.7272619771908926,0.0,0.0,0.0,0.0,0.0,0.0,0.0,0.0,0.0,0.0,0.0,0.0,0.0,0.0,0.0,0.0,0.0,0.0,0.0,0.0,0.0,0.0,0.0,0.0,0.0,0.0,0.0,0.0,0.0069514520383524,0.0386500178353825,0.0515534128357773,SPY
2012-03-07,0.5095354063142737,-1.0953068358609825,-0.8466919334870296,-0.6450974915860095,-0.38705009197081625,-0.3961997416988159,-0.22749310538302056,0.03907735062546409,-0.16492009272112898,-0.012758982055980528,0.0,0.0,0.0,0.0,0.0,0.0,0.0,0.0,0.0,0.0,0.0,0.0,0.0,0.0,0.0,0.0,0.0,0.0,0.0,0.0,0.0,0.0,0.0,0.0,0.0,0.0,0.0,0.0,0.0098999138404796,0.0306263243589155,0.0346421150233906,SPY
2012-03-08,0.7349946339167902,-0.47229009306884934,-0.4297280027807022,-0.5980493824901784,-0.38622537626665915,-0.3943296048124637,0.11541293228532122,-0.00344653512721141,-0.7612063723754525,0.7017440130789315,0.0,0.0,0.0,0.0,0.0,0.0,0.0,0.0,0.0,0.0,0.0,0.0,0.0,0.0,0.0,0.0,0.0,0.0,0.0,0.0,0.0,0.0,0.0,0.0,0.0,0.0,0.0,0.0,0.0038601064673144,0.0264997520170933,0.0242414040703904,SPY
2012-03-09,0.2731503243722764,0.9180016738161175,-0.2484570997883075,-0.592817748506486,-0.38493785843829736,-0.392095554254177,0.22950910572650474,0.04801152290220819,-0.5996754741306466,1.4162470082138434,0.0,0.0,0.0,0.0,0.0,0.0,0.0,0.0,0.0,0.0,0.0,0.0,0.0,0.0,0.0,0.0,0.0,0.0,0.0,0.0,0.0,0.0,0.0,0.0,0.0,0.0,0.0,0.0,7.27775812707776e-05,0.0240234600821347,0.0090867926727797,SPY
2012-03-12,-0.016454324637606276,0.743525164189431,0.016414536612829194,-0.6323807313954972,-0.38409294144401723,-0.38884043617071823,0.18802904684554284,0.03309414655512089,-1.0471931252062885,-1.4417649723258046,0.0,0.0,0.0,0.0,0.0,0.0,0.0,0.0,0.0,0.0,0.0,0.0,0.0,0.0,0.0,0.0,0.0,0.0,0.0,0.0,0.0,0.0,0.0,0.0,0.0,0.0,0.0,0.0,0.0178657679079652,0.0278629067764786,-0.0079134284938637,SPY
2012-03-13,1.3441174327788752,0.18887852416433823,0.1757719348396657,-0.5067402053250876,-0.37906348833949416,-0.3840891473548083,0.7973135728763291,0.7786611875639355,1.051347144684352,-0.7272619771908926,0.0,0.0,0.0,0.0,0.0,0.0,0.0,0.0,0.0,0.0,0.0,0.0,0.0,0.0,0.0,0.0,0.0,0.0,0.0,0.0,0.0,0.0,0.0,0.0,0.0,0.0,0.0,0.0,-0.0010722414381145,0.0070821347850476,-0.0177173890531703,SPY
2012-03-14,-0.10401018292091407,0.9793624306133281,1.4245872406682196,-0.5072710004290302,-0.37324976141318017,-0.379317714076013,0.6910635876214549,0.607958927420573,0.041028835354388615,-0.012758982055980528,0.0,0.0,0.0,0.0,0.0,0.0,0.0,0.0,0.0,0.0,0.0,0.0,0.0,0.0,0.0,0.0,0.0,0.0,0.0,0.0,0.0,0.0,0.0,0.0,0.0,0.0,0.0,0.0,0.0057733414986573,0.0065154662416579,-0.0036644474104932,SPY
2012-03-15,0.4194491477375442,0.9147371995067773,1.1172106522040344,-0.522286116430953,-0.36723461111745176,-0.3730904878631704,0.8251025513463833,0.7059061721318395,0.634127788131986,0.7017440130789315,0.0,0.0,0.0,0.0,0.0,0.0,0.0,0.0,0.0,0.0,0.0,0.0,0.0,0.0,0.0,0.0,0.0,0.0,0.0,0.0,0.0,0.0,0.0,0.0,0.0,0.0,0.0,0.0,0.0013838145323559,-0.0064879699704727,-0.0213971184690944,SPY
2012-03-16,0.08379638172621913,0.23223687583535293,0.9591273789334208,-0.5644099004716265,-0.35998252482290893,-0.3681725332410883,0.810385556498864,0.6994450071998581,0.3057621968708131,1.4162470082138434,0.0,0.0,0.0,0.0,0.0,0.0,0.0,0.0,0.0,0.0,0.0,0.0,0.0,0.0,0.0,0.0,0.0,0.0,0.0,0.0,0.0,0.0,0.0,0.0,0.0,0.0,0.0,0.0,0.0039122242756146,-0.0046442311565799,-0.0234373427546534,SPY
2012-03-19,0.2771356026605084,0.37085744197011955,0.8642640632744453,-0.5623945569915678,-0.35049253646439366,-0.3630601253037342,0.8894358738582157,0.7271557645143369,-0.468100513501836,-1.4417649723258046,0.0,0.0,0.0,0.0,0.0,0.0,0.0,0.0,0.0,0.0,0.0,0.0,0.0,0.0,0.0,0.0,0.0,0.0,0.0,0.0,0.0,0.0,0.0,0.0,0.0,0.0,0.0,0.0,-0.0029150040834657,0.0053813955626402,-0.0126463353639794,SPY
2012-03-20,-0.24492021349207757,0.26581540457227665,1.0113479505090273,-0.55183695314935,-0.33780750184150427,-0.3584245980262637,0.7152590552465078,0.7751781141869022,-0.5539455043359482,-0.7272619771908926,0.0,0.0,0.0,0.0,0.0,0.0,0.0,0.0,0.0,0.0,0.0,0.0,0.0,0.0,0.0,0.0,0.0,0.0,0.0,0.0,0.0,0.0,0.0,0.0,0.0,0.0,0.0,0.0,-0.0016389099815041,0.0051844145295856,-0.0131165222714431,SPY
2012-03-21,-0.14734147247911286,0.023188739137725314,0.2152653460186677,-0.5587660834999378,-0.3274781380877503,-0.3535778106316419,0.5873729781055761,0.5522559469671213,-0.5354901335268628,-0.012758982055980528,0.0,0.0,0.0,0.0,0.0,0.0,0.0,0.0,0.0,0.0,0.0,0.0,0.0,0.0,0.0,0.0,0.0,0.0,0.0,0.0,0.0,0.0,0.0,0.0,0.0,0.0,0.0,0.0,-0.0072300947134733,0.0018521096892607,-0.01791846472155,SPY
2012-03-22,-0.5748810763984502,-0.29011901225870573,0.1935570586609868,-0.5242467262579315,-0.32190552967292146,-0.350363129595006,0.2716730784111906,0.341049363696214,-0.16039145093926216,0.7017440130789315,0.0,0.0,0.0,0.0,0.0,0.0,0.0,0.0,0.0,0.0,0.0,0.0,0.0,0.0,0.0,0.0,0.0,0.0,0.0,0.0,0.0,0.0,0.0,0.0,0.0,0.0,0.0,0.0,0.0032275533462486,0.0073722117294225,-0.0090197827999523,SPY
2012-03-23,0.22478105671204582,-0.5336640752565547,-0.3045865796670683,-0.5226309527911479,-0.31648991357987355,-0.3469947779057048,0.3477013733834599,0.6289659911311009,-0.6696419779222456,1.4162470082138434,0.0,0.0,0.0,0.0,0.0,0.0,0.0,0.0,0.0,0.0,0.0,0.0,0.0,0.0,0.0,0.0,0.0,0.0,0.0,0.0,0.0,0.0,0.0,0.0,0.0,0.0,0.0,0.0,0.0139378509948349,0.0082723475900197,-0.0206923359647577,SPY
2012-03-26,1.043762477295883,-0.25899936497393095,-0.2339554983208611,-0.4472695014536382,-0.30713404370879804,-0.3418688415790591,0.8057106130725529,1.7376861743853351,-0.6823715407760217,-1.4417649723258046,0.0,0.0,0.0,0.0,0.0,0.0,0.0,0.0,0.0,0.0,0.0,0.0,0.0,0.0,0.0,0.0,0.0,0.0,0.0,0.0,0.0,0.0,0.0,0.0,0.0,0.0,0.0,0.0,-0.0031119851165204,0.0016228577978321,-0.0308355509302149,SPY
2012-03-27,-0.2599827086320239,0.9357261027170881,0.1501123810426173,-0.4373538536384909,-0.30365647414861163,-0.3375940285588283,0.6297908556477924,1.4324552292465969,-0.6889830200375537,-0.7272619771908926,0.0,0.0,0.0,0.0,0.0,0.0,0.0,0.0,0.0,0.0,0.0,0.0,0.0,0.0,0.0,0.0,0.0,0.0,0.0,0.0,0.0,0.0,0.0,0.0,0.0,0.0,0.0,0.0,-0.004971214821829,0.0006368456857615,-0.0141248263209909,SPY
2012-03-28,-0.402151921403276,0.5779205716917314,0.14256631038201,-0.4316461767541534,-0.30129142972365164,-0.3334841631405822,0.3869487422169153,0.9101498141410823,0.23306519974349332,-0.012758982055980528,0.0,0.0,0.0,0.0,0.0,0.0,0.0,0.0,0.0,0.0,0.0,0.0,0.0,0.0,0.0,0.0,0.0,0.0,0.0,0.0,0.0,0.0,0.0,0.0,0.0,0.0,0.0,0.0,-0.0017099926733115,-0.0043517852664436,-0.0022091906440415,SPY
2012-03-29,-0.15277693336222206,-0.48931300934240407,0.014910325448651292,-0.4344364169737687,-0.30104099660952177,-0.3303356823388419,0.2806803655691308,0.700981614484529,0.823748052836582,0.7017440130789315,0.0,0.0,0.0,0.0,0.0,0.0,0.0,0.0,0.0,0.0,0.0,0.0,0.0,0.0,0.0,0.0,0.0,0.0,0.0,0.0,0.0,0.0,0.0,0.0,0.0,0.0,0.0,0.0,0.0041276892068458,-0.0031425897056527,0.0011405739601739,SPY
2012-03-30,0.2936115010207206,-0.41018411792831627,0.2263777921528054,-0.4395055111325418,-0.30001061290689623,-0.3261737079349841,0.3803272332478885,0.8153378837081872,-0.20322741679134557,1.4162470082138434,0.0,0.0,0.0,0.0,0.0,0.0,0.0,0.0,0.0,0.0,0.0,0.0,0.0,0.0,0.0,0.0,0.0,0.0,0.0,0.0,0.0,0.0,0.0,0.0,0.0,0.0,0.0,0.0,0.0072883612026473,-0.0185647838427946,-0.0066982081555675,SPY
2012-04-02,0.5352977478509137,0.10336086753843322,0.2608607507548667,-0.4412093173288631,-0.29801023321034903,-0.3203997518865531,0.5781757178456544,0.4979436662553343,0.378404152778018,-1.4417649723258046,0.0,0.0,0.0,0.0,0.0,0.0,0.0,0.0,0.0,0.0,0.0,0.0,0.0,0.0,0.0,0.0,0.0,0.0,0.0,0.0,0.0,0.0,0.0,0.0,0.0,0.0,0.0,0.0,-0.004097997228591,-0.0427805886308148,-0.0077856405807548,SPY
2012-04-03,-0.3353798289317608,0.6112307709785582,0.006128002881997992,-0.5653725152444655,-0.29635353090967537,-0.3131929715416612,0.3277431501510985,0.3132788691539368,0.5157459801045744,-0.7272619771908926,0.0,0.0,0.0,0.0,0.0,0.0,0.0,0.0,0.0,0.0,0.0,0.0,0.0,0.0,0.0,0.0,0.0,0.0,0.0,0.0,0.0,0.0,0.0,0.0,0.0,0.0,0.0,0.0,-0.0099598457740341,-0.030620784053565,-0.0066759000726452,SPY
2012-04-04,-0.7836162091436556,0.14697045922804872,-0.03164475602031211,-0.5016483920411532,-0.29706081187669814,-0.30835783633635633,-0.10795411339705988,-0.424823411070806,0.17915334558689242,-0.012758982055980528,0.0,0.0,0.0,0.0,0.0,0.0,0.0,0.0,0.0,0.0,0.0,0.0,0.0,0.0,0.0,0.0,0.0,0.0,0.0,0.0,0.0,0.0,0.0,0.0,0.0,0.0,0.0,0.0,-0.0005007971125206,-0.0076802380749683,-0.0043710156332563,SPY
2012-04-05,-0.06031370492235548,-0.826523730099884,-0.2227523011543551,-0.5356411604017004,-0.2958686606446069,-0.3049585174727369,-0.17092275634592066,-0.5104244504819972,-0.17548550221010387,0.7017440130789315,0.0,0.0,0.0,0.0,0.0,0.0,0.0,0.0,0.0,0.0,0.0,0.0,0.0,0.0,0.0,0.0,0.0,0.0,0.0,0.0,0.0,0.0,0.0,0.0,0.0,0.0,0.0,0.0,-0.0112945049302961,-0.0191387705223915,-0.0201601411670102,SPY
2012-04-09,-0.8856732282531996,-0.6234966319453509,-0.1764296933239271,-0.4671333325347549,-0.29875799536185904,-0.30368905094565013,-0.6036619538977633,-1.1091197180236152,-0.5492625241685206,-1.4417649723258046,0.0,0.0,0.0,0.0,0.0,0.0,0.0,0.0,0.0,0.0,0.0,0.0,0.0,0.0,0.0,0.0,0.0,0.0,0.0,0.0,0.0,0.0,0.0,0.0,0.0,0.0,0.0,0.0,-0.0169274435853727,-0.0085006753452985,-0.0081357766641332,SPY
2012-04-10,-1.3164056180673305,-0.6988252116122655,-0.7672325990443915,-0.3382833031163964,-0.310295467008775,-0.3047853145908624,-1.2048016175008407,-1.4628650577358089,3.023122575923713,-0.7272619771908926,0.0,0.0,0.0,0.0,0.0,0.0,0.0,0.0,0.0,0.0,0.0,0.0,0.0,0.0,0.0,0.0,0.0,0.0,0.0,0.0,0.0,0.0,0.0,0.0,0.0,0.0,0.0,0.0,0.0080618073486586,0.0231299999063629,0.0047715789354292,SPY
2012-04-11,0.5944406441726641,-1.6259502694855308,-1.6949065542481,-0.4572408879450548,-0.31872121288754274,-0.3072717930436374,-0.8812792215595494,-1.0849339965767222,0.3408301781840631,-0.012758982055980528,0.0,0.0,0.0,0.0,0.0,0.0,0.0,0.0,0.0,0.0,0.0,0.0,0.0,0.0,0.0,0.0,0.0,0.0,0.0,0.0,0.0,0.0,0.0,0.0,0.0,0.0,0.0,0.0,0.0129807002045625,0.0116830015667748,-0.0092397288982359,SPY
2012-04-12,0.9705722878492152,-0.5334739584200134,-1.229081275863713,-0.3744368243177419,-0.32211577636847033,-0.3077891304998172,-0.399463157541179,-0.4360832493126265,0.3350149468999117,0.7017440130789315,0.0,0.0,0.0,0.0,0.0,0.0,0.0,0.0,0.0,0.0,0.0,0.0,0.0,0.0,0.0,0.0,0.0,0.0,0.0,0.0,0.0,0.0,0.0,0.0,0.0,0.0,0.0,0.0,-0.0119593295599438,-0.0077385510693988,-0.0201597972923126,SPY
2012-04-13,-0.9365101925928292,1.1545510190427855,-0.3502607200824977,-0.3369828018944836,-0.32835923268428324,-0.3108006487034049,-0.7988506458328105,-0.8499623220580749,0.8325824350083614,1.4162470082138434,0.0,0.0,0.0,0.0,0.0,0.0,0.0,0.0,0.0,0.0,0.0,0.0,0.0,0.0,0.0,0.0,0.0,0.0,0.0,0.0,0.0,0.0,0.0,0.0,0.0,0.0,0.0,0.0,-0.0006564097532031,0.0058893656986693,-0.0112193538387037,SPY
2012-04-16,-0.07221289444149817,0.024551798218641514,-0.7892212340683789,-0.3395343686737004,-0.33595648985529136,-0.31410052896836643,-0.7803612504358182,-1.3867859928049988,0.10071395621438492,-1.4417649723258046,0.0,0.0,0.0,0.0,0.0,0.0,0.0,0.0,0.0,0.0,0.0,0.0,0.0,0.0,0.0,0.0,0.0,0.0,0.0,0.0,0.0,0.0,0.0,0.0,0.0,0.0,0.0,0.0,0.0147032316662887,-0.0018992243666842,-0.0216854920547024,SPY
2012-04-17,1.102288633165826,-0.7451309474174019,-0.3816905360322973,-0.2503233713079389,-0.34153330359705203,-0.3158977014251763,-0.21676947851676737,-0.7735561518343295,0.09709469084075162,-0.7272619771908926,0.0,0.0,0.0,0.0,0.0,0.0,0.0,0.0,0.0,0.0,0.0,0.0,0.0,0.0,0.0,0.0,0.0,0.0,0.0,0.0,0.0,0.0,0.0,0.0,0.0,0.0,0.0,0.0,-0.0033851909909294,-0.0128078200035952,-0.0421466122485654,SPY
2012-04-18,-0.2808738680074934,0.7597123363759988,0.8300368409157128,-0.2494062888933612,-0.34688774593897814,-0.3177558306316911,-0.3176815743446771,-0.7324613941322794,-0.7085063910520286,-0.012758982055980528,0.0,0.0,0.0,0.0,0.0,0.0,0.0,0.0,0.0,0.0,0.0,0.0,0.0,0.0,0.0,0.0,0.0,0.0,0.0,0.0,0.0,0.0,0.0,0.0,0.0,0.0,0.0,0.0,-0.006440852431611,0.0041761104800377,-0.0425934741116176,SPY
2012-04-19,-0.5145303012479825,0.6056990709702085,0.3915181826322871,-0.23727554037073698,-0.35121160806767554,-0.3202840002228518,-0.5219633250659279,-0.8454354269388454,1.7400840633349817,0.7017440130789315,0.0,0.0,0.0,0.0,0.0,0.0,0.0,0.0,0.0,0.0,0.0,0.0,0.0,0.0,0.0,0.0,0.0,0.0,0.0,0.0,0.0,0.0,0.0,0.0,0.0,0.0,0.0,0.0,0.0016685872081243,0.0175613837667691,-0.0510949585792248,SPY
2012-04-20,0.10557201655883733,-0.5876796399760612,-0.3524946101661291,-0.25180391960720083,-0.35492927428420457,-0.3215530816352068,-0.4441221685879191,-0.9280104637843313,-0.08244179334948638,1.4162470082138434,0.0,0.0,0.0,0.0,0.0,0.0,0.0,0.0,0.0,0.0,0.0,0.0,0.0,0.0,0.0,0.0,0.0,0.0,0.0,0.0,0.0,0.0,0.0,0.0,0.0,0.0,0.0,0.0,-0.0084449998185567,0.0175325684895488,-0.0613593262273726,SPY
2012-04-23,-0.6677808950105961,-0.30244281984847443,0.16957201368091,-0.23494649124063427,-0.3578187269078201,-0.3244569454591941,-0.7160749083502067,-1.364253977949705,0.9207914999064236,-1.4417649723258046,0.0,0.0,0.0,0.0,0.0,0.0,0.0,0.0,0.0,0.0,0.0,0.0,0.0,0.0,0.0,0.0,0.0,0.0,0.0,0.0,0.0,0.0,0.0,0.0,0.0,0.0,0.0,0.0,0.0037946360293776,0.0222664753992098,-0.0358722215937321,SPY
2012-04-24,0.2681440141811862,-0.41555752437318116,-0.1287980885987881,-0.316953097905193,-0.3549696375623291,-0.32882289242451124,-0.5204185309022497,-1.1457722165549928,-0.2762788708943579,-0.7272619771908926,0.0,0.0,0.0,0.0,0.0,0.0,0.0,0.0,0.0,0.0,0.0,0.0,0.0,0.0,0.0,0.0,0.0,0.0,0.0,0.0,0.0,0.0,0.0,0.0,0.0,0.0,0.0,0.0,0.0135987394927035,0.0246727681472922,-0.0379256314023468,SPY
2012-04-25,1.0178317301902176,-0.29556266481962296,-0.5466912847488257,-0.23233288286262738,-0.35054457247241444,-0.3308332505721306,0.008966317633799322,-0.4783558049264477,0.16650066161016722,-0.012758982055980528,0.0,0.0,0.0,0.0,0.0,0.0,0.0,0.0,0.0,0.0,0.0,0.0,0.0,0.0,0.0,0.0,0.0,0.0,0.0,0.0,0.0,0.0,0.0,0.0,0.0,0.0,0.0,0.0,0.0069444208551203,0.0080857719341072,-0.0509949761636887,SPY
2012-04-26,0.5089977547362553,0.9485928673805353,0.10393957821761969,-0.21965653722208658,-0.34777634724059664,-0.3311479880552532,0.2727666769300668,-0.278362210321274,-0.3074503735275112,0.7017440130789315,0.0,0.0,0.0,0.0,0.0,0.0,0.0,0.0,0.0,0.0,0.0,0.0,0.0,0.0,0.0,0.0,0.0,0.0,0.0,0.0,0.0,0.0,0.0,0.0,0.0,0.0,0.0,0.0,0.001639771930904,-0.0065136102556584,-0.0559754818481268,SPY
2012-04-27,0.10336860658399753,1.1263677067965499,0.6167108662289749,-0.21967786951669938,-0.34120953272539517,-0.3309854992627082,0.3321708334921059,0.0906934071329223,-0.4820664341662801,1.4162470082138434,0.0,0.0,0.0,0.0,0.0,0.0,0.0,0.0,0.0,0.0,0.0,0.0,0.0,0.0,0.0,0.0,0.0,0.0,0.0,0.0,0.0,0.0,0.0,0.0,0.0,0.0,0.0,0.0,-0.0037110929088957,-0.0244433048328369,-0.0608650443900771,SPY
2012-04-30,-0.3057945214295081,0.45139984216504014,0.6156069928527544,-0.22174449935236068,-0.33551164880032047,-0.3319399419393073,0.20566296238838191,0.5602766288662829,-1.030764415079725,-1.4417649723258046,0.0,0.0,0.0,0.0,0.0,0.0,0.0,0.0,0.0,0.0,0.0,0.0,0.0,0.0,0.0,0.0,0.0,0.0,0.0,0.0,0.0,0.0,0.0,0.0,0.0,0.0,0.0,0.0,0.00620092877746,-0.0200023523513603,-0.0451146897494743,SPY
2012-05-01,0.4521453480213556,-0.15000068297923722,0.7969564125765175,-0.22763173556264799,-0.33215750755069934,-0.333056843784242,0.4535648605587495,0.5224934202959802,-0.18833628603397648,-0.7272619771908926,0.0,0.0,0.0,0.0,0.0,0.0,0.0,0.0,0.0,0.0,0.0,0.0,0.0,0.0,0.0,0.0,0.0,0.0,0.0,0.0,0.0,0.0,0.0,0.0,0.0,0.0,0.0,0.0,-0.0029882567204815,-0.0302233691146307,-0.0659321927232188,SPY
2012-05-02,-0.2505216029859196,0.10743243414061553,0.8891381562985315,-0.2303312042461212,-0.32870218299092036,-0.3340111580892634,0.3538241183633568,0.04957940201384439,-0.8274544353818708,-0.012758982055980528,0.0,0.0,0.0,0.0,0.0,0.0,0.0,0.0,0.0,0.0,0.0,0.0,0.0,0.0,0.0,0.0,0.0,0.0,0.0,0.0,0.0,0.0,0.0,0.0,0.0,0.0,0.0,0.0,-0.0076549613346452,-0.0331846128791557,-0.065146862294604,SPY
2012-05-03,-0.6073692368943395,0.14822953439622502,0.2537132956865677,-0.24547950893744058,-0.32561085502350057,-0.3346305114503823,0.07531637730814653,0.22782212973457147,-0.028748613261096383,0.7017440130789315,0.0,0.0,0.0,0.0,0.0,0.0,0.0,0.0,0.0,0.0,0.0,0.0,0.0,0.0,0.0,0.0,0.0,0.0,0.0,0.0,0.0,0.0,0.0,0.0,0.0,0.0,0.0,0.0,-0.0162899226462744,-0.0234690197340246,-0.0829911965434595,SPY
2012-05-04,-1.2676564776152364,-0.6338012314878306,-0.3055688234941467,-0.1538105339741327,-0.32753048851273747,-0.33746327717006563,-0.490705455602399,-0.3584389976051116,1.6702093673655949,1.4162470082138434,0.0,0.0,0.0,0.0,0.0,0.0,0.0,0.0,0.0,0.0,0.0,0.0,0.0,0.0,0.0,0.0,0.0,0.0,0.0,0.0,0.0,0.0,0.0,0.0,0.0,0.0,0.0,0.0,0.0007298595725808,-0.010197983194085,-0.0671697518382572,SPY
2012-05-07,0.03379058547973012,-1.3845514111817077,-0.9924305994956664,-0.1939974845788799,-0.32690399305514506,-0.3386004222252535,-0.448984379810858,-0.8756640400288945,-0.5954973899143268,-1.4417649723258046,0.0,0.0,0.0,0.0,0.0,0.0,0.0,0.0,0.0,0.0,0.0,0.0,0.0,0.0,0.0,0.0,0.0,0.0,0.0,0.0,0.0,0.0,0.0,0.0,0.0,0.0,0.0,0.0,-0.0040200879858103,-0.0220503907358677,-0.0603560260403117,SPY
2012-05-08,-0.3294223640299734,-0.9113095001369649,-0.822303858326973,-0.2980260293371789,-0.32843970377674747,-0.3379404441973139,-0.605217852531213,-0.8932581493394905,2.2118522515870755,-0.7272619771908926,0.0,0.0,0.0,0.0,0.0,0.0,0.0,0.0,0.0,0.0,0.0,0.0,0.0,0.0,0.0,0.0,0.0,0.0,0.0,0.0,0.0,0.0,0.0,0.0,0.0,0.0,0.0,0.0,-0.0059495004850065,-0.0237881912776316,-0.0341162566557713,SPY
2012-05-09,-0.4769582254345803,-0.21879619935591493,-1.213856859764992,-0.3113928555466899,-0.33541070130288786,-0.3392197854611089,-0.8059732690890888,-0.8756920266185919,2.2882109063754323,-0.012758982055980528,0.0,0.0,0.0,0.0,0.0,0.0,0.0,0.0,0.0,0.0,0.0,0.0,0.0,0.0,0.0,0.0,0.0,0.0,0.0,0.0,0.0,0.0,0.0,0.0,0.0,0.0,0.0,0.0,0.0020606318104858,-0.0216707436466068,-0.0275606498466745,SPY
2012-05-10,0.13555038465924463,-0.595781367337792,-1.3272980086099904,-0.3881633641398826,-0.3437758040091661,-0.3420322388473817,-0.6942144091502028,-0.8601232690712312,0.10289605074285212,0.7017440130789315,0.0,0.0,0.0,0.0,0.0,0.0,0.0,0.0,0.0,0.0,0.0,0.0,0.0,0.0,0.0,0.0,0.0,0.0,0.0,0.0,0.0,0.0,0.0,0.0,0.0,0.0,0.0,0.0,-0.0030188861063349,-0.038673712356311,-0.021701126273526,SPY
2012-05-11,-0.2528637319127603,-0.25258364269148115,-0.9551070862355012,-0.442569699997968,-0.35343412335133206,-0.3435857324264268,-0.7842081594940208,-0.6823350577935449,0.20545315282387652,1.4162470082138434,0.0,0.0,0.0,0.0,0.0,0.0,0.0,0.0,0.0,0.0,0.0,0.0,0.0,0.0,0.0,0.0,0.0,0.0,0.0,0.0,0.0,0.0,0.0,0.0,0.0,0.0,0.0,0.0,-0.0111225479692018,-0.0442506066899994,-0.0314606755286517,SPY
2012-05-14,-0.8725242420254568,-0.0871788517671432,-0.4467120498355889,-0.3942884674803705,-0.36507246389143844,-0.34657083570931824,-1.1490847647249998,-1.1812672185986468,0.5742332047832476,-1.4417649723258046,0.0,0.0,0.0,0.0,0.0,0.0,0.0,0.0,0.0,0.0,0.0,0.0,0.0,0.0,0.0,0.0,0.0,0.0,0.0,0.0,0.0,0.0,0.0,0.0,0.0,0.0,0.0,0.0,-0.0057578885275741,-0.0160859539057138,-0.0089129774549912,SPY
2012-05-15,-0.4623062859416055,-0.8312416363651058,-0.900761373375364,-0.51139506840706,-0.38002450379879954,-0.3523988263170195,-1.2815186502742284,-2.029621663561074,1.8883559041513325,-0.7272619771908926,0.0,0.0,0.0,0.0,0.0,0.0,0.0,0.0,0.0,0.0,0.0,0.0,0.0,0.0,0.0,0.0,0.0,0.0,0.0,0.0,0.0,0.0,0.0,0.0,0.0,0.0,0.0,0.0,-0.0038320528539816,-0.0085868391573766,-0.0095704714465618,SPY
2012-05-16,-0.3150439326887058,-0.9858317885610025,-0.9673341061854166,-0.5107264449644893,-0.39515849287468824,-0.3582674020925944,-1.3437158169909198,-2.549539914766964,1.78197290583834,-0.012758982055980528,0.0,0.0,0.0,0.0,0.0,0.0,0.0,0.0,0.0,0.0,0.0,0.0,0.0,0.0,0.0,0.0,0.0,0.0,0.0,0.0,0.0,0.0,0.0,0.0,0.0,0.0,0.0,0.0,-0.0149423368992183,-0.0042253915720333,0.0048063207848647,SPY
2012-05-17,-1.1646110043992597,-0.574353967035227,-0.8862176189984511,-0.4420932776826233,-0.4121109714317778,-0.3652326858765339,-1.787664817966118,-2.7964341411657774,2.738199510420959,0.7017440130789315,0.0,0.0,0.0,0.0,0.0,0.0,0.0,0.0,0.0,0.0,0.0,0.0,0.0,0.0,0.0,0.0,0.0,0.0,0.0,0.0,0.0,0.0,0.0,0.0,0.0,0.0,0.0,0.0,-0.0085957804400234,0.0126808604978672,0.0299238774499164,SPY
2012-05-18,-0.6793105958290987,-1.0927271019393803,-1.5375778100477016,-0.43586917995821733,-0.42678027188166123,-0.3735686917377728,-1.9855365788965944,-2.8269599627277677,3.8802263318152383,1.4162470082138434,0.0,0.0,0.0,0.0,0.0,0.0,0.0,0.0,0.0,0.0,0.0,0.0,0.0,0.0,0.0,0.0,0.0,0.0,0.0,0.0,0.0,0.0,0.0,0.0,0.0,0.0,0.0,0.0,0.0170421048150837,0.0180268503268443,0.0404561108211503,SPY
2012-05-21,1.2811346108234456,-1.361593374869799,-1.7512209108892345,-0.2881160311103715,-0.43714585253978927,-0.37846262112544243,-1.3161197052426503,-2.285306444547324,0.5441048700008463,-1.4417649723258046,0.0,0.0,0.0,0.0,0.0,0.0,0.0,0.0,0.0,0.0,0.0,0.0,0.0,0.0,0.0,0.0,0.0,0.0,0.0,0.0,0.0,0.0,0.0,0.0,0.0,0.0,0.0,0.0,0.001741226220763,0.0130240072434677,0.0330402052355536,SPY
2012-05-22,0.11112648420414153,0.44361850598633623,-0.6722720560379202,-0.295765389005541,-0.44593531989607005,-0.383651064535455,-1.185961087130099,-2.16636405300056,0.9797702647843356,-0.7272619771908926,0.0,0.0,0.0,0.0,0.0,0.0,0.0,0.0,0.0,0.0,0.0,0.0,0.0,0.0,0.0,0.0,0.0,0.0,0.0,0.0,0.0,0.0,0.0,0.0,0.0,0.0,0.0,0.0,0.0005293947313615,-0.0033337931735797,0.0296764431548952,SPY
2012-05-23,0.018461694927321724,1.0270423907370427,-0.3849913523811912,-0.3988867565625623,-0.45294670035139517,-0.3906772655701512,-1.074945292915713,-2.033113342203761,1.1148992258614512,-0.012758982055980528,0.0,0.0,0.0,0.0,0.0,0.0,0.0,0.0,0.0,0.0,0.0,0.0,0.0,0.0,0.0,0.0,0.0,0.0,0.0,0.0,0.0,0.0,0.0,0.0,0.0,0.0,0.0,0.0,0.0019639151706822,-0.0060661141968081,0.0064526166789988,SPY
2012-05-24,0.12815477963879013,0.09505987578387932,-0.2179103337106624,-0.43109893081040673,-0.45999844408484586,-0.3984242927603876,-0.9017438455659628,-1.6255579116308236,0.24980543702398372,0.7017440130789315,0.0,0.0,0.0,0.0,0.0,0.0,0.0,0.0,0.0,0.0,0.0,0.0,0.0,0.0,0.0,0.0,0.0,0.0,0.0,0.0,0.0,0.0,0.0,0.0,0.0,0.0,0.0,0.0,-0.0032497906110462,-0.0335293249509911,0.0121607367702507,SPY
2012-05-25,-0.2705202439437428,0.10762850967533033,0.4297447767696737,-0.4406873376289818,-0.46709057074748245,-0.4068414590826364,-0.9084411437395882,-1.7347997051800923,-0.4890829362419932,1.4162470082138434,0.0,0.0,0.0,0.0,0.0,0.0,0.0,0.0,0.0,0.0,0.0,0.0,0.0,0.0,0.0,0.0,0.0,0.0,0.0,0.0,0.0,0.0,0.0,0.0,0.0,0.0,0.0,0.0,0.0120392617317071,-0.030748012281017,-0.0007541062745684,SPY
2012-05-29,0.8985835679098431,-0.1056698914976733,0.6345422457176979,-0.3454168880197686,-0.4679190201531215,-0.4131060710486591,-0.3840992271005699,-1.0698998126152517,-0.09713470702098399,-0.7272619771908926,0.0,0.0,0.0,0.0,0.0,0.0,0.0,0.0,0.0,0.0,0.0,0.0,0.0,0.0,0.0,0.0,0.0,0.0,0.0,0.0,0.0,0.0,0.0,0.0,0.0,0.0,0.0,0.0,-0.0146165741962844,-0.0352436886421978,-0.007779926941188,SPY
2012-05-30,-1.1397009962953066,0.46298581549163687,0.4428902535148437,-0.320433996343854,-0.47111162968600145,-0.4222238301909321,-0.79747103147466,-1.2708887255335324,0.11702926392601562,-0.012758982055980528,0.0,0.0,0.0,0.0,0.0,0.0,0.0,0.0,0.0,0.0,0.0,0.0,0.0,0.0,0.0,0.0,0.0,0.0,0.0,0.0,0.0,0.0,0.0,0.0,0.0,0.0,0.0,0.0,-0.0022029262918668,0.0015925669528167,0.0158126030176672,SPY
2012-05-31,-0.19046995445498677,-0.17855900053111504,-0.1837544334634022,-0.3199906613598446,-0.47385961432557555,-0.4312095937276165,-0.7574071481520752,-1.4024025882210909,0.916033078787076,0.7017440130789315,0.0,0.0,0.0,0.0,0.0,0.0,0.0,0.0,0.0,0.0,0.0,0.0,0.0,0.0,0.0,0.0,0.0,0.0,0.0,0.0,0.0,0.0,0.0,0.0,0.0,0.0,0.0,0.0,-0.0254992955835007,0.0044015995687738,0.0151580856788928,SPY
2012-06-01,-1.971867096057898,-0.9823925412005505,-0.2884258690276036,-0.14391149505383438,-0.47931510242023784,-0.4424696868736231,-1.5280471993701623,-1.7663091605405177,2.1155964330977333,1.4162470082138434,0.0,0.0,0.0,0.0,0.0,0.0,0.0,0.0,0.0,0.0,0.0,0.0,0.0,0.0,0.0,0.0,0.0,0.0,0.0,0.0,0.0,0.0,0.0,0.0,0.0,0.0,0.0,0.0,-0.0004684779410721,0.0378210505359088,0.0652784865003885,SPY
2012-06-04,-0.057842363619485276,-1.5966167355676946,-1.3405034508360612,-0.19722587998835348,-0.48262880178749196,-0.4515062164317281,-1.4251542666324728,-1.6034554701744548,0.9453634911474804,-1.4417649723258046,0.0,0.0,0.0,0.0,0.0,0.0,0.0,0.0,0.0,0.0,0.0,0.0,0.0,0.0,0.0,0.0,0.0,0.0,0.0,0.0,0.0,0.0,0.0,0.0,0.0,0.0,0.0,0.0,0.0075435853705263,0.0255110931155204,0.0687547532154582,SPY
2012-06-05,0.5548139049583177,-1.4987239288851981,-1.2339552131128415,-0.16061687892024398,-0.48848841393991166,-0.4596594409164848,-1.0444790713062462,-1.2277853951364206,0.06689345815253252,-0.7272619771908926,0.0,0.0,0.0,0.0,0.0,0.0,0.0,0.0,0.0,0.0,0.0,0.0,0.0,0.0,0.0,0.0,0.0,0.0,0.0,0.0,0.0,0.0,0.0,0.0,0.0,0.0,0.0,0.0,0.02221968139873,0.0293926578494527,0.067782716353645,SPY
2012-06-06,1.6770469528316023,0.36622659326982576,-1.4061783503490486,0.04057420973469161,-0.4889531222169777,-0.4643097013011253,-0.16697847841728067,-0.5000055434150071,0.4987521189951543,-0.012758982055980528,0.0,0.0,0.0,0.0,0.0,0.0,0.0,0.0,0.0,0.0,0.0,0.0,0.0,0.0,0.0,0.0,0.0,0.0,0.0,0.0,0.0,0.0,0.0,0.0,0.0,0.0,0.0,0.0,0.0006061063240903,0.0007575939315778,0.041040423738166,SPY
2012-06-07,0.024327579447961024,1.6467533931687313,0.004967602546436991,0.03595555325600771,-0.48939760955286066,-0.4680563047800607,-0.09263879465646327,-0.109456994122786,0.5115395117169395,0.7017440130789315,0.0,0.0,0.0,0.0,0.0,0.0,0.0,0.0,0.0,0.0,0.0,0.0,0.0,0.0,0.0,0.0,0.0,0.0,0.0,0.0,0.0,0.0,0.0,0.0,0.0,0.0,0.0,0.0,0.0079201553836343,0.0106962269849324,0.0308854042816735,SPY
2012-06-08,0.5836089818463229,1.2551999088314774,0.11257775302263719,0.05855066330788401,-0.48824588055207524,-0.47102108585480523,0.24425181475817104,0.3267572442211099,-0.4287754975220603,1.4162470082138434,0.0,0.0,0.0,0.0,0.0,0.0,0.0,0.0,0.0,0.0,0.0,0.0,0.0,0.0,0.0,0.0,0.0,0.0,0.0,0.0,0.0,0.0,0.0,0.0,0.0,0.0,0.0,0.0,-0.0127784353614606,0.0129512913671314,0.0217097778418713,SPY
2012-06-11,-0.9991445333875724,0.44813019401073634,1.3928306511115618,0.0974671638749284,-0.48964004468539457,-0.4752854810278088,-0.17271064450851228,-0.4633533724590178,0.16435228577379424,-1.4417649723258046,0.0,0.0,0.0,0.0,0.0,0.0,0.0,0.0,0.0,0.0,0.0,0.0,0.0,0.0,0.0,0.0,0.0,0.0,0.0,0.0,0.0,0.0,0.0,0.0,0.0,0.0,0.0,0.0,0.0114251501044586,0.0276661796598025,0.025729726728592,SPY
2012-06-12,0.8516244609472635,-0.30729751945053607,0.9212532251896968,0.1130658538665218,-0.4912160793830004,-0.4764937439367738,0.2702348102816433,-0.2092241344386676,0.43299697739762,-0.7272619771908926,0.0,0.0,0.0,0.0,0.0,0.0,0.0,0.0,0.0,0.0,0.0,0.0,0.0,0.0,0.0,0.0,0.0,0.0,0.0,0.0,0.0,0.0,0.0,0.0,0.0,0.0,0.0,0.0,-0.0064153825191448,0.0258672287848309,0.0144535124132856,SPY
2012-06-13,-0.5125827003709454,-0.1094745226045166,1.069950596209452,0.1152572819701403,-0.49058966252964936,-0.4777832660541159,0.04832756939374692,-0.3834948922456798,0.19320042347437713,-0.012758982055980528,0.0,0.0,0.0,0.0,0.0,0.0,0.0,0.0,0.0,0.0,0.0,0.0,0.0,0.0,0.0,0.0,0.0,0.0,0.0,0.0,0.0,0.0,0.0,0.0,0.0,0.0,0.0,0.0,0.0105447393774449,0.0306600754440804,0.0160121270789144,SPY
2012-06-14,0.78430233306951,0.24965816734727342,-0.027019057896261606,0.1445635002685146,-0.48654859881161183,-0.4771334886291967,0.4344917391152484,-0.18623326567670712,1.4860397156159575,0.7017440130789315,0.0,0.0,0.0,0.0,0.0,0.0,0.0,0.0,0.0,0.0,0.0,0.0,0.0,0.0,0.0,0.0,0.0,0.0,0.0,0.0,0.0,0.0,0.0,0.0,0.0,0.0,0.0,0.0,0.0101752197658333,-0.0025790956778992,0.0221059975553394,SPY
2012-06-15,0.7560463773173185,0.19996751091390993,0.3537162145686411,0.0963620036147189,-0.47306134894875806,-0.47309749611627033,0.7624235022902032,0.09774849726858889,0.06845801447450321,1.4162470082138434,0.0,0.0,0.0,0.0,0.0,0.0,0.0,0.0,0.0,0.0,0.0,0.0,0.0,0.0,0.0,0.0,0.0,0.0,0.0,0.0,0.0,0.0,0.0,0.0,0.0,0.0,0.0,0.0,0.0019364529312104,-0.0050822801817984,0.0095706854558113,SPY
2012-06-18,0.12605483203387952,1.1363462860359876,0.4401046089658602,0.0638745051216188,-0.45892472979397086,-0.46765893550015764,0.7588375767491548,-0.1027320916128341,-0.8100436096753926,-1.4417649723258046,0.0,0.0,0.0,0.0,0.0,0.0,0.0,0.0,0.0,0.0,0.0,0.0,0.0,0.0,0.0,0.0,0.0,0.0,0.0,0.0,0.0,0.0,0.0,0.0,0.0,0.0,0.0,0.0,0.009626199229487,-0.0231833667688743,0.0144779996680446,SPY
2012-06-19,0.7140645731191931,0.6504919101690332,1.0038116070333387,0.01067010357102151,-0.44410767302070864,-0.4631577836398219,1.0621185675466414,0.4953854164732928,-0.6824487144946483,-0.7272619771908926,0.0,0.0,0.0,0.0,0.0,0.0,0.0,0.0,0.0,0.0,0.0,0.0,0.0,0.0,0.0,0.0,0.0,0.0,0.0,0.0,0.0,0.0,0.0,0.0,0.0,0.0,0.0,0.0,-0.0016225358598953,-0.0277961249332738,0.0122312080993367,SPY
2012-06-20,-0.14608939697047776,0.6195050196083275,0.9348962896193304,0.01389233969149521,-0.43559705421194006,-0.4591146813164652,0.9425157264970604,0.5113319545716087,0.8956748687022781,-0.012758982055980528,0.0,0.0,0.0,0.0,0.0,0.0,0.0,0.0,0.0,0.0,0.0,0.0,0.0,0.0,0.0,0.0,0.0,0.0,0.0,0.0,0.0,0.0,0.0,0.0,0.0,0.0,0.0,0.0,-0.0226944317445347,-0.0171976333108077,0.0164712778421067,SPY
2012-06-21,-1.7573883348925796,0.41863458057029557,1.1185036095490997,0.18068498277669362,-0.43342246786467464,-0.4582452996218768,0.07356168957712253,0.5714010420233974,0.840482110915469,0.7017440130789315,0.0,0.0,0.0,0.0,0.0,0.0,0.0,0.0,0.0,0.0,0.0,0.0,0.0,0.0,0.0,0.0,0.0,0.0,0.0,0.0,0.0,0.0,0.0,0.0,0.0,0.0,0.0,0.0,0.0076720352619341,0.0026393548030858,0.0299748459920605,SPY
2012-06-22,0.5646360479080876,-1.4055519271148225,-0.1548430172652251,0.19473072298701782,-0.43129785416408395,-0.4565989242693476,0.3379732717409993,0.711025657955384,-0.917889084271528,1.4162470082138434,0.0,0.0,0.0,0.0,0.0,0.0,0.0,0.0,0.0,0.0,0.0,0.0,0.0,0.0,0.0,0.0,0.0,0.0,0.0,0.0,0.0,0.0,0.0,0.0,0.0,0.0,0.0,0.0,-0.0161646336558654,0.0195884247791466,0.0121394015799261,SPY
2012-06-25,-1.2580760384234069,-0.880963429792817,-0.2507365500081711,0.26579476000475427,-0.43010489723851514,-0.4567000316985102,-0.263273047215183,0.13327726362686537,-0.5265868836823003,-1.4417649723258046,0.0,0.0,0.0,0.0,0.0,0.0,0.0,0.0,0.0,0.0,0.0,0.0,0.0,0.0,0.0,0.0,0.0,0.0,0.0,0.0,0.0,0.0,0.0,0.0,0.0,0.0,0.0,0.0,0.0050134410650874,0.0387608472090095,0.0196804108746935,SPY
2012-06-26,0.3613420477290308,-0.5124195860531038,-0.9441641166205604,0.23236481230386682,-0.43062244721707976,-0.45775206639800353,-0.06286803564317317,-0.21797894539615822,-0.641004247492038,-0.7272619771908926,0.0,0.0,0.0,0.0,0.0,0.0,0.0,0.0,0.0,0.0,0.0,0.0,0.0,0.0,0.0,0.0,0.0,0.0,0.0,0.0,0.0,0.0,0.0,0.0,0.0,0.0,0.0,0.0,0.0089759557625708,0.0403189546526352,0.0148908959259035,SPY
2012-06-27,0.6643425825888291,-0.6624714729483749,-1.1208724956410097,0.19268649051720563,-0.42700563024268046,-0.4556198243751864,0.24267410369338624,-0.03162031822978731,-1.3810430034816672,-0.012758982055980528,0.0,0.0,0.0,0.0,0.0,0.0,0.0,0.0,0.0,0.0,0.0,0.0,0.0,0.0,0.0,0.0,0.0,0.0,0.0,0.0,0.0,0.0,0.0,0.0,0.0,0.0,0.0,0.0,-0.0028574436306412,0.0268203876733155,0.0222777979148327,SPY
2012-06-28,-0.24051875398363148,0.7564712466174739,-0.7148589549524732,0.19390493082852,-0.42698937881570476,-0.453581007236372,0.10742616919841093,-0.2785457671030643,0.016177870929304016,0.7017440130789315,0.0,0.0,0.0,0.0,0.0,0.0,0.0,0.0,0.0,0.0,0.0,0.0,0.0,0.0,0.0,0.0,0.0,0.0,0.0,0.0,0.0,0.0,0.0,0.0,0.0,0.0,0.0,0.0,0.0246211052379949,0.0201289181715544,0.0433998793046805,SPY
2012-06-29,1.8606759771439805,0.31223605588019415,0.04506859583651859,0.1231961859536588,-0.42300848664470597,-0.4448031957800399,0.9142096805051032,0.5443792858200546,0.9719274491776274,1.4162470082138434,0.0,0.0,0.0,0.0,0.0,0.0,0.0,0.0,0.0,0.0,0.0,0.0,0.0,0.0,0.0,0.0,0.0,0.0,0.0,0.0,0.0,0.0,0.0,0.0,0.0,0.0,0.0,0.0,0.0030077887739974,-0.0057476581226083,0.0187787740666856,SPY
2012-07-02,0.20797637887005851,1.1952531791141126,0.6943640010214487,0.11892833376349231,-0.41872300303702986,-0.4355460152301747,0.898553302263163,0.4072366406623656,-0.9082323596480985,-1.4417649723258046,0.0,0.0,0.0,0.0,0.0,0.0,0.0,0.0,0.0,0.0,0.0,0.0,0.0,0.0,0.0,0.0,0.0,0.0,0.0,0.0,0.0,0.0,0.0,0.0,0.0,0.0,0.0,0.0,0.0065715485087132,-0.0175139333713456,0.0087524560266887,SPY
2012-07-03,0.4804854263233074,1.526288728066706,1.4288329605311485,0.1168343822555695,-0.41524987461650115,-0.4263551237878359,1.0204027723892044,0.7119199160833783,-1.941757524393728,-0.7272619771908926,0.0,0.0,0.0,0.0,0.0,0.0,0.0,0.0,0.0,0.0,0.0,0.0,0.0,0.0,0.0,0.0,0.0,0.0,0.0,0.0,0.0,0.0,0.0,0.0,0.0,0.0,0.0,0.0,-0.0045226112167489,-0.0239365460909066,0.001308819844012,SPY
2012-07-05,-0.3678486714076024,0.5075661083963886,1.4885218995324925,0.01660790398092851,-0.41258925859160167,-0.4207415334635578,0.7693367844390324,0.3903185620076522,-0.9075788520404524,0.7017440130789315,0.0,0.0,0.0,0.0,0.0,0.0,0.0,0.0,0.0,0.0,0.0,0.0,0.0,0.0,0.0,0.0,0.0,0.0,0.0,0.0,0.0,0.0,0.0,0.0,0.0,0.0,0.0,0.0,-0.0095489131324022,-0.0242707027276738,-0.0010968042189558,SPY
2012-07-06,-0.7521935344757498,0.08254798076042782,0.9714104870105942,0.05636017663809381,-0.40639457620777736,-0.4165359423476565,0.3501008161249854,-0.0977825565218744,-0.3483309498105751,1.4162470082138434,0.0,0.0,0.0,0.0,0.0,0.0,0.0,0.0,0.0,0.0,0.0,0.0,0.0,0.0,0.0,0.0,0.0,0.0,0.0,0.0,0.0,0.0,0.0,0.0,0.0,0.0,0.0,0.0,-0.0012554710561678,0.0019168202585984,0.0280906876436768,SPY
2012-07-09,-0.11802115234585188,-0.827295909571243,0.7150695545839081,0.04491397809249971,-0.40261679739739026,-0.41356996642976973,0.2622089752727338,-0.1762429283472443,-1.359545824588001,-1.4417649723258046,0.0,0.0,0.0,0.0,0.0,0.0,0.0,0.0,0.0,0.0,0.0,0.0,0.0,0.0,0.0,0.0,0.0,0.0,0.0,0.0,0.0,0.0,0.0,0.0,0.0,0.0,0.0,0.0,-0.0087584864747398,0.0008121989810714,0.0312818669789711,SPY
2012-07-10,-0.6917521939827401,-0.6428974984004213,-0.2762262577201271,0.014770603762652509,-0.3968892993242469,-0.4100924100272056,-0.11208289281016658,-0.6386253808270888,0.042698972812060414,-0.7272619771908926,0.0,0.0,0.0,0.0,0.0,0.0,0.0,0.0,0.0,0.0,0.0,0.0,0.0,0.0,0.0,0.0,0.0,0.0,0.0,0.0,0.0,0.0,0.0,0.0,0.0,0.0,0.0,0.0,0.0001489357891522,0.0164144525992551,0.0450414835284895,SPY
2012-07-11,-0.010630755645751076,-0.598285570948221,-0.7269759723615136,-0.01983318601926959,-0.39246173854965694,-0.4081276139147613,-0.13318064774744706,-0.5967839867361678,-0.526214900067255,-0.012758982055980528,0.0,0.0,0.0,0.0,0.0,0.0,0.0,0.0,0.0,0.0,0.0,0.0,0.0,0.0,0.0,0.0,0.0,0.0,0.0,0.0,0.0,0.0,0.0,0.0,0.0,0.0,0.0,0.0,-0.004856767853516,0.023644924470882,0.0461033100954786,SPY
2012-07-12,-0.3934005361695644,-0.5190204099248263,-0.9730173736881516,-0.02632631121930099,-0.39177123958824184,-0.4059631703755367,-0.3421367537568901,-0.1098333891289437,-0.4838084439334526,0.7017440130789315,0.0,0.0,0.0,0.0,0.0,0.0,0.0,0.0,0.0,0.0,0.0,0.0,0.0,0.0,0.0,0.0,0.0,0.0,0.0,0.0,0.0,0.0,0.0,0.0,0.0,0.0,0.0,0.0,0.01663860985387,0.0311192262072728,0.0518141717427109,SPY
2012-07-13,1.250280671243453,-0.29880619222155724,-0.9858184518105172,0.02306243731164271,-0.38575946927490695,-0.4029340652658699,0.23561797382705282,0.11976188969258769,-0.7919101902533858,1.4162470082138434,0.0,0.0,0.0,0.0,0.0,0.0,0.0,0.0,0.0,0.0,0.0,0.0,0.0,0.0,0.0,0.0,0.0,0.0,0.0,0.0,0.0,0.0,0.0,0.0,0.0,0.0,0.0,0.0,-0.0023600923336948,0.0052897527588218,0.0368097087079926,SPY
2012-07-16,-0.20248792747750347,0.6318761626235815,0.017389297769682094,-0.0017659280139582902,-0.38712038381397723,-0.401617515994156,0.12934155458775753,0.6049228844701221,-1.4317677263159194,-1.4417649723258046,0.0,0.0,0.0,0.0,0.0,0.0,0.0,0.0,0.0,0.0,0.0,0.0,0.0,0.0,0.0,0.0,0.0,0.0,0.0,0.0,0.0,0.0,0.0,0.0,0.0,0.0,0.0,0.0,0.0068437671434438,-0.0025135640576836,0.0386727854441115,SPY
2012-07-17,0.5013010947104961,0.7727893088114218,-0.024927214049598207,0.01010825435597431,-0.38742505385489556,-0.3996171412053498,0.3586165649517038,0.6473495992021205,-0.5414055142303439,-0.7272619771908926,0.0,0.0,0.0,0.0,0.0,0.0,0.0,0.0,0.0,0.0,0.0,0.0,0.0,0.0,0.0,0.0,0.0,0.0,0.0,0.0,0.0,0.0,0.0,0.0,0.0,0.0,0.0,0.0,0.0073794076607791,-0.0179809555622254,0.0319710086955931,SPY
2012-07-18,0.5422597726299122,0.21996532676667663,0.572773521101363,-0.0011314799761298901,-0.3875064288961392,-0.3979127715241299,0.6136631549880062,0.6192555554271997,-1.0550827322281826,-0.012758982055980528,0.0,0.0,0.0,0.0,0.0,0.0,0.0,0.0,0.0,0.0,0.0,0.0,0.0,0.0,0.0,0.0,0.0,0.0,0.0,0.0,0.0,0.0,0.0,0.0,0.0,0.0,0.0,0.0,0.0026175338828746,-0.0251364371067071,0.0257278286366222,SPY
2012-07-19,0.17813486413272261,0.7696657486365045,0.849762888081211,-0.0017297399368010901,-0.3855972104689295,-0.3956164113772107,0.6812255856835349,0.7911944693782155,-0.7009150087236639,0.7017440130789315,0.0,0.0,0.0,0.0,0.0,0.0,0.0,0.0,0.0,0.0,0.0,0.0,0.0,0.0,0.0,0.0,0.0,0.0,0.0,0.0,0.0,0.0,0.0,0.0,0.0,0.0,0.0,0.0,-0.0091908635945809,-0.0113911132380817,0.0304610985898632,SPY
2012-07-20,-0.724814657739959,0.53113582332481,1.1360930396033184,-0.1585718177244935,-0.38360691176638323,-0.39150342554216483,0.2781811355598182,-0.24639406515295412,-0.4214513059107236,1.4162470082138434,0.0,0.0,0.0,0.0,0.0,0.0,0.0,0.0,0.0,0.0,0.0,0.0,0.0,0.0,0.0,0.0,0.0,0.0,0.0,0.0,0.0,0.0,0.0,0.0,0.0,0.0,0.0,0.0,-0.0101634091502003,0.0160643881157058,0.0409892992611258,SPY
2012-07-23,-0.7991820345260567,-0.4040954621351229,0.1466016721056907,-0.12933107797425447,-0.38407411572812444,-0.3898398483982887,-0.12365349073958858,-0.7028027814104738,-0.3765919488627015,-1.4417649723258046,0.0,0.0,0.0,0.0,0.0,0.0,0.0,0.0,0.0,0.0,0.0,0.0,0.0,0.0,0.0,0.0,0.0,0.0,0.0,0.0,0.0,0.0,0.0,0.0,0.0,0.0,0.0,0.0,-0.0086236243610979,0.0262277972659061,0.0512228659879259,SPY
2012-07-24,-0.6814397293774299,-1.1254558791135867,-0.152332591621788,-0.201496856862874,-0.38450056339053196,-0.38717604929843213,-0.4779041321754682,-1.2009794508308849,0.20423550171273133,-0.7272619771908926,0.0,0.0,0.0,0.0,0.0,0.0,0.0,0.0,0.0,0.0,0.0,0.0,0.0,0.0,0.0,0.0,0.0,0.0,0.0,0.0,0.0,0.0,0.0,0.0,0.0,0.0,0.0,0.0,0.0002239261162975,0.0278328923610047,0.0568176851017758,SPY
2012-07-25,-0.004896490672862076,-1.093440719595784,-0.7448669459126259,-0.2077916939763844,-0.38490667220539354,-0.3851552535541121,-0.4965643819057727,-1.0755800910260604,-0.7453302658991565,-0.012758982055980528,0.0,0.0,0.0,0.0,0.0,0.0,0.0,0.0,0.0,0.0,0.0,0.0,0.0,0.0,0.0,0.0,0.0,0.0,0.0,0.0,0.0,0.0,0.0,0.0,0.0,0.0,0.0,0.0,0.0163628577515,0.0267368785707438,0.0570173101127826,SPY
2012-07-26,1.229194810146234,-0.5071762726183334,-1.018983537281926,-0.14432681006653908,-0.37950402581223064,-0.3820934235669922,0.06835046151792533,-0.1842541739261548,-0.16562636691397087,0.7017440130789315,0.0,0.0,0.0,0.0,0.0,0.0,0.0,0.0,0.0,0.0,0.0,0.0,0.0,0.0,0.0,0.0,0.0,0.0,0.0,0.0,0.0,0.0,0.0,0.0,0.0,0.0,0.0,0.0,0.0182646377592066,0.0034457855395269,0.0324412631630481,SPY
2012-07-27,1.3746177053311384,0.9030685824698109,-0.49241920995997,-0.05605202383791919,-0.37355311483304937,-0.3760821282217634,0.6737328216124833,0.3338097267140556,1.4948920261089207,1.4162470082138434,0.0,0.0,0.0,0.0,0.0,0.0,0.0,0.0,0.0,0.0,0.0,0.0,0.0,0.0,0.0,0.0,0.0,0.0,0.0,0.0,0.0,0.0,0.0,0.0,0.0,0.0,0.0,0.0,0.0,0.0048197265105507,0.0202010719556691,SPY
2012-07-30,-0.022019388172853975,1.9212919827024462,0.5593630353928238,-0.24600471886568298,-0.36695226468118236,-0.3734490395530703,0.6377524869583655,0.6500052676745461,-1.226370562934401,-1.4417649723258046,0.0,0.0,0.0,0.0,0.0,0.0,0.0,0.0,0.0,0.0,0.0,0.0,0.0,0.0,0.0,0.0,0.0,0.0,0.0,0.0,0.0,0.0,0.0,0.0,0.0,0.0,0.0,0.0,-0.0070185292659994,0.0067554347896772,0.0204136200682114,SPY
2012-07-31,-0.5587033588033188,0.9977671801870265,0.9487091689305436,-0.2252392513827597,-0.36421027361503894,-0.3722242759590653,0.3562044551045776,0.3833443879155325,-0.907618509596249,-0.7272619771908926,0.0,0.0,0.0,0.0,0.0,0.0,0.0,0.0,0.0,0.0,0.0,0.0,0.0,0.0,0.0,0.0,0.0,0.0,0.0,0.0,0.0,0.0,0.0,0.0,0.0,0.0,0.0,0.0,-0.0008720876739634,0.0187750941304551,0.0264421066499132,SPY
2012-08-01,-0.08870507941416818,-0.4292226640397411,1.0101981398064908,-0.2400720127481755,-0.3637633888497839,-0.3720406058562798,0.3209416279386511,0.5230485392154519,-0.545184842578919,-0.012758982055980528,0.0,0.0,0.0,0.0,0.0,0.0,0.0,0.0,0.0,0.0,0.0,0.0,0.0,0.0,0.0,0.0,0.0,0.0,0.0,0.0,0.0,0.0,0.0,0.0,0.0,0.0,0.0,0.0,-0.0069282352797168,0.0208579441605598,0.0280916888956319,SPY
2012-08-02,-0.5517988730847858,-0.47844356475919814,0.9682113689075064,-0.22947987243824639,-0.3659771594115487,-0.3721936445257948,0.06363019026024942,-0.1386560487355364,0.738846869724002,0.7017440130789315,0.0,0.0,0.0,0.0,0.0,0.0,0.0,0.0,0.0,0.0,0.0,0.0,0.0,0.0,0.0,0.0,0.0,0.0,0.0,0.0,0.0,0.0,0.0,0.0,0.0,0.0,0.0,0.0,0.0196385787302304,0.0286402732339929,0.0277861794402767,SPY
2012-08-03,1.479678476298221,-0.47334734396962835,0.07596184086475109,-0.13564478914057768,-0.36012774615949245,-0.3682541578147243,0.7496504072774445,0.4299871771477055,-0.11446180068822398,1.4162470082138434,0.0,0.0,0.0,0.0,0.0,0.0,0.0,0.0,0.0,0.0,0.0,0.0,0.0,0.0,0.0,0.0,0.0,0.0,0.0,0.0,0.0,0.0,0.0,0.0,0.0,0.0,0.0,0.0,0.0019357082791264,0.0106358413229141,0.0129052421246349,SPY
2012-08-06,0.12599789092527502,0.6842810744926783,0.1285956172749662,-0.1382348324719989,-0.35092717861900097,-0.36386560757707953,0.7632712470825216,0.3277106065336887,-1.5671415368518191,-1.4417649723258046,0.0,0.0,0.0,0.0,0.0,0.0,0.0,0.0,0.0,0.0,0.0,0.0,0.0,0.0,0.0,0.0,0.0,0.0,0.0,0.0,0.0,0.0,0.0,0.0,0.0,0.0,0.0,0.0,0.0050011300747785,0.0082031174462118,0.0100482451241514,SPY
2012-08-07,0.3604006665776574,1.184564817651067,0.2027499215046649,-0.1757860738986466,-0.33794896982554523,-0.3575582972495284,0.8675032646065938,0.2764933972252367,-1.0591289386246785,-0.7272619771908926,0.0,0.0,0.0,0.0,0.0,0.0,0.0,0.0,0.0,0.0,0.0,0.0,0.0,0.0,0.0,0.0,0.0,0.0,0.0,0.0,0.0,0.0,0.0,0.0,0.0,0.0,0.0,0.0,0.0012107623561412,0.0033439777663586,0.0041958403285962,SPY
2012-08-08,0.07056364798140613,0.35842264345679475,0.6632064299076733,-0.17702875089689188,-0.32468641018765704,-0.351097879129305,0.8255483364769998,0.24400458466654337,-1.4067212080524172,-0.012758982055980528,0.0,0.0,0.0,0.0,0.0,0.0,0.0,0.0,0.0,0.0,0.0,0.0,0.0,0.0,0.0,0.0,0.0,0.0,0.0,0.0,0.0,0.0,0.0,0.0,0.0,0.0,0.0,0.0,0.0008540937937162,0.0032694430120256,0.0230787920412822,SPY
2012-08-09,0.043290369916068924,0.3175064691230062,0.7429975309029734,-0.19578039646536388,-0.31566861716023137,-0.3438515504638936,0.7596281235052685,0.6155183573208863,-1.3422079220954666,0.7017440130789315,0.0,0.0,0.0,0.0,0.0,0.0,0.0,0.0,0.0,0.0,0.0,0.0,0.0,0.0,0.0,0.0,0.0,0.0,0.0,0.0,0.0,0.0,0.0,0.0,0.0,0.0,0.0,0.0,0.0016341468191516,0.009766153054425,0.0261119296465368,SPY
2012-08-10,0.10293847269182403,0.08344644607225522,1.0411277832504002,-0.2756285669773605,-0.31128153757012883,-0.33865666872554684,0.7514033031094793,1.1163403040018576,-1.114215576377657,1.4162470082138434,0.0,0.0,0.0,0.0,0.0,0.0,0.0,0.0,0.0,0.0,0.0,0.0,0.0,0.0,0.0,0.0,0.0,0.0,0.0,0.0,0.0,0.0,0.0,0.0,0.0,0.0,0.0,0.0,-0.0004970155975758,0.009469343311955,0.0187798793143842,SPY
2012-08-13,-0.060024544846411176,0.10734239741081893,0.3514029234592817,-0.2805561340853357,-0.30703659410012235,-0.3332066139159055,0.6590005201270944,1.565283521071283,-1.475684959944085,-1.4417649723258046,0.0,0.0,0.0,0.0,0.0,0.0,0.0,0.0,0.0,0.0,0.0,0.0,0.0,0.0,0.0,0.0,0.0,0.0,0.0,0.0,0.0,0.0,0.0,0.0,0.0,0.0,0.0,0.0,0.0001419903949253,0.0100365164861306,0.0220606915604371,SPY
2012-08-14,-0.011161847219215676,0.031085361340491915,0.2582086397931295,-0.2898457625341106,-0.30078111133532526,-0.3286853472168934,0.6035970336511313,1.564215389097667,-1.0656136461602492,-0.7272619771908926,0.0,0.0,0.0,0.0,0.0,0.0,0.0,0.0,0.0,0.0,0.0,0.0,0.0,0.0,0.0,0.0,0.0,0.0,0.0,0.0,0.0,0.0,0.0,0.0,0.0,0.0,0.0,0.0,0.0011362276018083,0.0068657208439573,0.0252484836583679,SPY
2012-08-15,0.06486421917099552,-0.0531324133253844,0.07206172602519638,-0.3041042275301271,-0.2939567303710586,-0.3250315070146017,0.5975891001963829,1.2952554514265044,-1.67806452197325,-0.012758982055980528,0.0,0.0,0.0,0.0,0.0,0.0,0.0,0.0,0.0,0.0,0.0,0.0,0.0,0.0,0.0,0.0,0.0,0.0,0.0,0.0,0.0,0.0,0.0,0.0,0.0,0.0,0.0,0.0,0.0073508038361156,0.0061530443694532,0.0392338320453831,SPY
2012-08-16,0.540072531740287,0.03904834299956631,0.06920640277835399,-0.2903571071907786,-0.28309085336542394,-0.3206837888132482,0.8181755585770094,1.0122183134704452,-0.7611568055800164,0.7017440130789315,0.0,0.0,0.0,0.0,0.0,0.0,0.0,0.0,0.0,0.0,0.0,0.0,0.0,0.0,0.0,0.0,0.0,0.0,0.0,0.0,0.0,0.0,0.0,0.0,0.0,0.0,0.0,0.0,0.0013373370766815,-0.0094109486648967,0.0363075877678502,SPY
2012-08-17,0.08024240274988632,0.44591602532941316,0.31808636995689,-0.339959218856669,-0.27734301644473436,-0.31485612407185803,0.7907248799370561,1.054869622026193,-1.1845193988065077,1.4162470082138434,0.0,0.0,0.0,0.0,0.0,0.0,0.0,0.0,0.0,0.0,0.0,0.0,0.0,0.0,0.0,0.0,0.0,0.0,0.0,0.0,0.0,0.0,0.0,0.0,0.0,0.0,0.0,0.0,7.015757659978306e-05,-0.0047238391897508,0.0315682844901212,SPY
2012-08-20,-0.016654667822995777,0.45726670690881627,0.3067159996491332,-0.4054419296557052,-0.27212330177312094,-0.30760987440434,0.6963653802458514,1.702154862863009,-1.3992601678024417,-1.4417649723258046,0.0,0.0,0.0,0.0,0.0,0.0,0.0,0.0,0.0,0.0,0.0,0.0,0.0,0.0,0.0,0.0,0.0,0.0,0.0,0.0,0.0,0.0,0.0,0.0,0.0,0.0,0.0,0.0,-0.003028805247248,-0.0045814486538082,0.030680254681914,SPY
2012-08-21,-0.2536222161661886,0.04634475787533111,0.3284436187135723,-0.4492717642168096,-0.26919869340239516,-0.2996186449752929,0.4755121758457165,1.476745172862192,-0.7964135785587295,-0.7272619771908926,0.0,0.0,0.0,0.0,0.0,0.0,0.0,0.0,0.0,0.0,0.0,0.0,0.0,0.0,0.0,0.0,0.0,0.0,0.0,0.0,0.0,0.0,0.0,0.0,0.0,0.0,0.0,0.0,0.0004235511273043,-0.0025426860908579,0.0342549759843953,SPY
2012-08-22,0.010368180810847024,-0.20008167867372254,0.2069748275556274,-0.4497449679773924,-0.26649738003134377,-0.2915967347392908,0.3855277660578585,2.2447037538074257,-0.19942507325817338,-0.012758982055980528,0.0,0.0,0.0,0.0,0.0,0.0,0.0,0.0,0.0,0.0,0.0,0.0,0.0,0.0,0.0,0.0,0.0,0.0,0.0,0.0,0.0,0.0,0.0,0.0,0.0,0.0,0.0,0.0,-0.0082131891982344,-0.0021887426464068,0.0338994208352643,SPY
2012-08-23,-0.6500550952833555,-0.18013603628771102,0.1796731785015797,-0.4932002236977926,-0.26639592160633924,-0.2870142742968938,0.017952842062158924,0.5278493362172926,-0.6437743897827114,0.7017440130789315,0.0,0.0,0.0,0.0,0.0,0.0,0.0,0.0,0.0,0.0,0.0,0.0,0.0,0.0,0.0,0.0,0.0,0.0,0.0,0.0,0.0,0.0,0.0,0.0,0.0,0.0,0.0,0.0,0.0060244465518275,-0.0012092981832445,0.0416940085547219,SPY
2012-08-24,0.4386503296195673,-0.47274428584973593,-0.4165618466536079,-0.6345869308640236,-0.2650352428799941,-0.2841260026821697,0.20531833863258742,0.7746562537391457,-0.8691276766368244,1.4162470082138434,0.0,0.0,0.0,0.0,0.0,0.0,0.0,0.0,0.0,0.0,0.0,0.0,0.0,0.0,0.0,0.0,0.0,0.0,0.0,0.0,0.0,0.0,0.0,0.0,0.0,0.0,0.0,0.0,0.0002125481125423,-0.0024761033204834,0.0341605890935845,SPY
2012-08-27,-0.005766529394901875,-0.15662799862183874,-0.2370051718561455,-0.6348118422850283,-0.2634713328866747,-0.2812070305110181,0.17514437433003213,0.4839109217611665,-1.5182011017122372,-1.4417649723258046,0.0,0.0,0.0,0.0,0.0,0.0,0.0,0.0,0.0,0.0,0.0,0.0,0.0,0.0,0.0,0.0,0.0,0.0,0.0,0.0,0.0,0.0,0.0,0.0,0.0,0.0,0.0,0.0,-0.0009900426842976,-0.0036099401543827,0.0232491290190699,SPY
2012-08-28,-0.09772471314407068,0.31892324701973845,-0.2315503875606099,-0.6720268492850485,-0.26223249073499927,-0.2774411021723427,0.08907813676845452,0.2768585843614685,-1.321554928929067,-0.7272619771908926,0.0,0.0,0.0,0.0,0.0,0.0,0.0,0.0,0.0,0.0,0.0,0.0,0.0,0.0,0.0,0.0,0.0,0.0,0.0,0.0,0.0,0.0,0.0,0.0,0.0,0.0,0.0,0.0,0.0007774945717553,-0.0034711721908617,0.0186019651879494,SPY
2012-08-29,0.03743307802041042,-0.0769767164780875,-0.1534482163939096,-0.6748776498028044,-0.26109536247211446,-0.273440411843151,0.06612334337901693,0.2713396047949451,-1.4831700183871184,-0.012758982055980528,0.0,0.0,0.0,0.0,0.0,0.0,0.0,0.0,0.0,0.0,0.0,0.0,0.0,0.0,0.0,0.0,0.0,0.0,0.0,0.0,0.0,0.0,0.0,0.0,0.0,0.0,0.0,0.0,-0.0072337447350721,0.0158450473062101,0.027201904670008,SPY
2012-08-30,-0.5751601816084293,-0.0450909618562432,-0.1398891330635546,-0.6717051880680223,-0.26414188602175254,-0.2695111553593107,-0.2533611025460188,-0.5515721886012913,-0.7752022021717675,0.7017440130789315,0.0,0.0,0.0,0.0,0.0,0.0,0.0,0.0,0.0,0.0,0.0,0.0,0.0,0.0,0.0,0.0,0.0,0.0,0.0,0.0,0.0,0.0,0.0,0.0,0.0,0.0,0.0,0.0,0.0047576414145886,0.0269660234402531,0.0297929865130432,SPY
2012-08-31,0.3417818853484821,-0.39748745585362916,-0.10236797169816242,-0.9151119671823329,-0.26621355976554206,-0.2676638686137031,-0.10078186037366647,-0.14227801066803591,0.4589006597500412,1.4162470082138434,0.0,0.0,0.0,0.0,0.0,0.0,0.0,0.0,0.0,0.0,0.0,0.0,0.0,0.0,0.0,0.0,0.0,0.0,0.0,0.0,0.0,0.0,0.0,0.0,0.0,0.0,0.0,0.0,-0.0009212887213569,0.0165104785126635,0.027671208979588,SPY
2012-09-04,-0.09246732253855607,-0.17284672482527114,-0.1508975226431783,-0.9147653085544095,-0.26856950574952354,-0.2662248133583781,-0.15351578746383096,-0.22331972647605292,-0.23818557625679007,-0.7272619771908926,0.0,0.0,0.0,0.0,0.0,0.0,0.0,0.0,0.0,0.0,0.0,0.0,0.0,0.0,0.0,0.0,0.0,0.0,0.0,0.0,0.0,0.0,0.0,0.0,0.0,0.0,0.0,0.0,-0.0008512747207767,0.0202155638824974,0.0296309012291473,SPY
2012-09-05,-0.08711358097718147,0.18343026431612763,-0.194333241978815,-0.9334288152929767,-0.2702958121062435,-0.2656226617886056,-0.19281867934493116,-0.3677845234145733,-0.6495125172719403,-0.012758982055980528,0.0,0.0,0.0,0.0,0.0,0.0,0.0,0.0,0.0,0.0,0.0,0.0,0.0,0.0,0.0,0.0,0.0,0.0,0.0,0.0,0.0,0.0,0.0,0.0,0.0,0.0,0.0,0.0,0.0200937140688273,0.0243966210961303,0.0345569205624487,SPY
2012-09-06,1.5144811865862209,-0.13313871433700133,-0.1890172334173827,-0.6571571854841914,-0.26633525878279013,-0.26227504704639343,0.5153837168457478,0.36044436474140773,0.6500174899991905,0.7017440130789315,0.0,0.0,0.0,0.0,0.0,0.0,0.0,0.0,0.0,0.0,0.0,0.0,0.0,0.0,0.0,0.0,0.0,0.0,0.0,0.0,0.0,0.0,0.0,0.0,0.0,0.0,0.0,0.0,0.0038872313989708,0.0194244830161265,0.0216058855691967,SPY
2012-09-07,0.2752244791521046,1.052954607282611,0.5509603926533546,-0.653020639680628,-0.25888137574868464,-0.2584784576502377,0.6126532696663096,0.46868283554715573,-0.4773165262522541,1.4162470082138434,0.0,0.0,0.0,0.0,0.0,0.0,0.0,0.0,0.0,0.0,0.0,0.0,0.0,0.0,0.0,0.0,0.0,0.0,0.0,0.0,0.0,0.0,0.0,0.0,0.0,0.0,0.0,0.0,-0.0056979035130009,0.0199618111757384,0.0177869480646304,SPY
2012-09-10,-0.4577194281286122,1.320397372777339,0.9769895916126003,-0.6259351126846456,-0.25481930504704653,-0.2557535043059426,0.3620954704569418,0.1085127862254954,-0.9406591558118184,-1.4417649723258046,0.0,0.0,0.0,0.0,0.0,0.0,0.0,0.0,0.0,0.0,0.0,0.0,0.0,0.0,0.0,0.0,0.0,0.0,0.0,0.0,0.0,0.0,0.0,0.0,0.0,0.0,0.0,0.0,0.0027837966484769,0.022257748487692,0.0200576902390574,SPY
2012-09-11,0.19084843386074432,-0.13528957968226343,0.576452140898368,-0.6254731328517553,-0.25000579744559687,-0.2525488263775915,0.4251987286484317,0.3974484158932929,-0.8562997932738089,-0.7272619771908926,0.0,0.0,0.0,0.0,0.0,0.0,0.0,0.0,0.0,0.0,0.0,0.0,0.0,0.0,0.0,0.0,0.0,0.0,0.0,0.0,0.0,0.0,0.0,0.0,0.0,0.0,0.0,0.0,0.0033297824928562,0.0186560796076076,0.007337183923787,SPY
2012-09-12,0.23259818509267643,-0.19756778166352262,0.7183888318111384,-0.6234473361894622,-0.24393295163644285,-0.24887467384188933,0.5029488405121155,0.5028829095652382,-0.8585947997614767,-0.012758982055980528,0.0,0.0,0.0,0.0,0.0,0.0,0.0,0.0,0.0,0.0,0.0,0.0,0.0,0.0,0.0,0.0,0.0,0.0,0.0,0.0,0.0,0.0,0.0,0.0,0.0,0.0,0.0,0.0,0.0151215759888234,0.0158722131699846,-0.0023933375314495,SPY
2012-09-13,1.134278054823764,0.31195763635008894,0.8785593450877667,-0.525024418811705,-0.23361522131046367,-0.24311856144269195,1.0021707232495565,1.4177363103368452,2.2476159850919863,0.7017440130789315,0.0,0.0,0.0,0.0,0.0,0.0,0.0,0.0,0.0,0.0,0.0,0.0,0.0,0.0,0.0,0.0,0.0,0.0,0.0,0.0,0.0,0.0,0.0,0.0,0.0,0.0,0.0,0.0,0.0044245595585827,0.0008186331593345,-0.0169567566428874,SPY
2012-09-14,0.3163122055549967,1.0083057560865576,0.6880836190537528,-0.5370417585392161,-0.21990569830307827,-0.23776036143391713,1.1010520065744342,1.3916958477171828,1.035957993852494,1.4162470082138434,0.0,0.0,0.0,0.0,0.0,0.0,0.0,0.0,0.0,0.0,0.0,0.0,0.0,0.0,0.0,0.0,0.0,0.0,0.0,0.0,0.0,0.0,0.0,0.0,0.0,0.0,0.0,0.0,-0.0034019662010473,-0.004024527878025,-0.0246651601947984,SPY
2012-09-17,-0.2821566134421885,1.070095315635279,0.7086679169299933,-0.5237686546483699,-0.20857257803358245,-0.23310644739669395,0.9098136711393334,1.1612741609908404,-0.09282206005380848,-1.4417649723258046,0.0,0.0,0.0,0.0,0.0,0.0,0.0,0.0,0.0,0.0,0.0,0.0,0.0,0.0,0.0,0.0,0.0,0.0,0.0,0.0,0.0,0.0,0.0,0.0,0.0,0.0,0.0,0.0,-0.0008178722316074,-0.0021315345862875,-0.0129695740188697,SPY
2012-09-18,-0.08455940191246417,0.024620808517580615,0.7966220966784789,-0.5220246985111846,-0.19721909926547965,-0.22858515107347163,0.8195863347286019,1.1699627190336168,-0.5811990291943843,-0.7272619771908926,0.0,0.0,0.0,0.0,0.0,0.0,0.0,0.0,0.0,0.0,0.0,0.0,0.0,0.0,0.0,0.0,0.0,0.0,0.0,0.0,0.0,0.0,0.0,0.0,0.0,0.0,0.0,0.0,0.0005459160552332,-0.0120125743166523,-0.0020695325553754,SPY
2012-09-19,0.019725026511403024,-0.27126367922064076,0.658647148310258,-0.5324963112351024,-0.18545927586979097,-0.22354326850569284,0.7747202704407247,1.1655216502099517,0.13886188528915983,-0.012758982055980528,0.0,0.0,0.0,0.0,0.0,0.0,0.0,0.0,0.0,0.0,0.0,0.0,0.0,0.0,0.0,0.0,0.0,0.0,0.0,0.0,0.0,0.0,0.0,0.0,0.0,0.0,0.0,0.0,6.799597817330749e-05,-0.0181956968873038,0.001909580479614,SPY
2012-09-20,-0.016819958182622777,-0.0484439715353226,0.5520010792840414,-0.5319632077914023,-0.17948802604306346,-0.21855249757511913,0.7125372839033083,1.656364681321534,0.7435773241943391,0.7017440130789315,0.0,0.0,0.0,0.0,0.0,0.0,0.0,0.0,0.0,0.0,0.0,0.0,0.0,0.0,0.0,0.0,0.0,0.0,0.0,0.0,0.0,0.0,0.0,0.0,0.0,0.0,0.0,0.0,-0.0004186014787768,-0.0088862588116631,-0.0007609479823109,SPY
2012-09-21,-0.05402847372729418,0.00155470693008231,-0.024680729588310808,-0.583179824090331,-0.17477876731719927,-0.21244047004072303,0.6176649359908029,1.5404497422088057,-0.3316862863620341,1.4162470082138434,0.0,0.0,0.0,0.0,0.0,0.0,0.0,0.0,0.0,0.0,0.0,0.0,0.0,0.0,0.0,0.0,0.0,0.0,0.0,0.0,0.0,0.0,0.0,0.0,0.0,0.0,0.0,0.0,-0.0015089729093098,-0.0131103202249232,-0.0171474926690091,SPY
2012-09-24,-0.13740560968017018,-0.0528829639613356,-0.2102155236843738,-0.5861568230708424,-0.16885308829961146,-0.20742158573473835,0.4960571383806191,1.4904874430038535,-0.6178276278625932,-1.4417649723258046,0.0,0.0,0.0,0.0,0.0,0.0,0.0,0.0,0.0,0.0,0.0,0.0,0.0,0.0,0.0,0.0,0.0,0.0,0.0,0.0,0.0,0.0,0.0,0.0,0.0,0.0,0.0,0.0,-0.0106989119619722,-0.0089654834344798,-0.015498857068696,SPY
2012-09-25,-0.8401301825515674,-0.14188758054503012,-0.137697571483629,-0.5098536712948487,-0.16690482321532665,-0.20402376783109905,0.05132855472769752,0.8166029372275921,0.3261901388612735,-0.7272619771908926,0.0,0.0,0.0,0.0,0.0,0.0,0.0,0.0,0.0,0.0,0.0,0.0,0.0,0.0,0.0,0.0,0.0,0.0,0.0,0.0,0.0,0.0,0.0,0.0,0.0,0.0,0.0,0.0,-0.0056372065154182,0.0027718320556946,-0.0187734289726124,SPY
2012-09-26,-0.4530781273042589,-0.7221115153231704,-0.5162265234814251,-0.4897601286848126,-0.16758541804228505,-0.20131414007817544,-0.19242709161643679,-0.2430671095267807,0.6524774934505086,-0.012758982055980528,0.0,0.0,0.0,0.0,0.0,0.0,0.0,0.0,0.0,0.0,0.0,0.0,0.0,0.0,0.0,0.0,0.0,0.0,0.0,0.0,0.0,0.0,0.0,0.0,0.0,0.0,0.0,0.0,0.0093774340538139,0.0124837831836375,-0.0159685761584693,SPY
2012-09-27,0.6950423140140566,-0.9551103095264133,-0.7530933887719486,-0.45716391615033614,-0.16997771848806237,-0.19733157976558083,0.10619277104638863,0.013853075042616991,-0.23293302093864768,0.7017440130789315,0.0,0.0,0.0,0.0,0.0,0.0,0.0,0.0,0.0,0.0,0.0,0.0,0.0,0.0,0.0,0.0,0.0,0.0,0.0,0.0,0.0,0.0,0.0,0.0,0.0,0.0,0.0,0.0,-0.0046426628920368,0.0102490282053988,-0.0224430201007406,SPY
2012-09-28,-0.3770286302469099,0.17800493055201472,-0.3964617047972752,-0.4754133294880431,-0.17505822504758545,-0.19299546437986034,-0.12136284187091917,0.06928386808330239,0.7379948945726649,1.4162470082138434,0.0,0.0,0.0,0.0,0.0,0.0,0.0,0.0,0.0,0.0,0.0,0.0,0.0,0.0,0.0,0.0,0.0,0.0,0.0,0.0,0.0,0.0,0.0,0.0,0.0,0.0,0.0,0.0,0.0026358638811334,0.0149599849918402,-0.0183660648523247,SPY
2012-10-01,0.17953649912979233,0.23413728330635422,-0.5582796494232951,-0.4800567450131466,-0.17834722303187825,-0.18895326065754464,-0.07422007809251358,0.0639827075336728,0.373179229180031,-1.4417649723258046,0.0,0.0,0.0,0.0,0.0,0.0,0.0,0.0,0.0,0.0,0.0,0.0,0.0,0.0,0.0,0.0,0.0,0.0,0.0,0.0,0.0,0.0,0.0,0.0,0.0,0.0,0.0,0.0,0.0010384035282022,0.0088969597721328,-0.0210019287334581,SPY
2012-10-02,0.05738393231082632,-0.14635904300301322,-0.3994966904127128,-0.4826741210691789,-0.18108634504319815,-0.18462451182540915,-0.08994793260859847,-0.03656015506490501,-0.20072063388434178,-0.7272619771908926,0.0,0.0,0.0,0.0,0.0,0.0,0.0,0.0,0.0,0.0,0.0,0.0,0.0,0.0,0.0,0.0,0.0,0.0,0.0,0.0,0.0,0.0,0.0,0.0,0.0,0.0,0.0,0.0,0.0040747446125246,-0.0020781534228628,-0.0116244103152673,SPY
2012-10-03,0.2895630011104371,0.17428212026489093,0.05014361597224929,-0.4826403668153073,-0.18278337131987654,-0.17956791589993365,-0.0017827394022127774,-0.6597654259174842,0.01834556819821752,-0.012758982055980528,0.0,0.0,0.0,0.0,0.0,0.0,0.0,0.0,0.0,0.0,0.0,0.0,0.0,0.0,0.0,0.0,0.0,0.0,0.0,0.0,0.0,0.0,0.0,0.0,0.0,0.0,0.0,0.0,0.0071426790755753,-0.0125536369977679,-0.024630461883377,SPY
2012-10-04,0.5241579122181617,0.25549299818622995,0.4221950177105474,-0.6520734277883495,-0.18237702669228956,-0.17636314909895265,0.22474017361787943,-0.481793438216596,0.10398067676919802,0.7017440130789315,0.0,0.0,0.0,0.0,0.0,0.0,0.0,0.0,0.0,0.0,0.0,0.0,0.0,0.0,0.0,0.0,0.0,0.0,0.0,0.0,0.0,0.0,0.0,0.0,0.0,0.0,0.0,0.0,6.829389440454747e-05,-0.0191381591959576,-0.0297265589569812,SPY
2012-10-05,-0.016797177503104676,0.6000202167810725,0.3365846484611444,-0.6566017288846319,-0.18182559828554185,-0.17371963270829593,0.19399852982251872,-0.26827792111247917,0.12609353074614071,1.4162470082138434,0.0,0.0,0.0,0.0,0.0,0.0,0.0,0.0,0.0,0.0,0.0,0.0,0.0,0.0,0.0,0.0,0.0,0.0,0.0,0.0,0.0,0.0,0.0,0.0,0.0,0.0,0.0,0.0,-0.0034271613385739,-0.0224902970836904,-0.0220003580947256,SPY
2012-10-08,-0.2840832031785684,0.37389488681537986,0.5170548807382828,-0.6717359173776385,-0.18184597643520845,-0.17075219532937624,0.028724679855483624,-0.4309307058783201,-1.0417264670753992,-1.4417649723258046,0.0,0.0,0.0,0.0,0.0,0.0,0.0,0.0,0.0,0.0,0.0,0.0,0.0,0.0,0.0,0.0,0.0,0.0,0.0,0.0,0.0,0.0,0.0,0.0,0.0,0.0,0.0,0.0,-0.0099367096667934,-0.0107695157702352,-0.0414974466343558,SPY
2012-10-09,-0.7818470667167623,-0.22267020770190873,0.2847887786904046,-0.6082095257049623,-0.18164180191733337,-0.16967058579344013,-0.353222713188662,-0.9530425052376953,0.7385675361322006,-0.7272619771908926,0.0,0.0,0.0,0.0,0.0,0.0,0.0,0.0,0.0,0.0,0.0,0.0,0.0,0.0,0.0,0.0,0.0,0.0,0.0,0.0,0.0,0.0,0.0,0.0,0.0,0.0,0.0,0.0,-0.0064007389623803,0.0092493631284451,-0.0436580155158345,SPY
2012-10-10,-0.5114629554941097,-0.7873557338090167,-0.135652613017823,-0.5902394625964188,-0.18166223902018094,-0.17002285715079343,-0.5842693108945772,-1.192840055216117,0.11586772304416872,-0.012758982055980528,0.0,0.0,0.0,0.0,0.0,0.0,0.0,0.0,0.0,0.0,0.0,0.0,0.0,0.0,0.0,0.0,0.0,0.0,0.0,0.0,0.0,0.0,0.0,0.0,0.0,0.0,0.0,0.0,0.0005581568773855,0.0201751311810483,-0.0363883947784158,SPY
2012-10-11,0.020661042133408424,-0.9551853837085481,-0.5369538857061131,-0.7367729191389111,-0.18427588901065137,-0.17253836732949335,-0.5327941179304104,-1.1462700005273374,0.09497551764746251,0.7017440130789315,0.0,0.0,0.0,0.0,0.0,0.0,0.0,0.0,0.0,0.0,0.0,0.0,0.0,0.0,0.0,0.0,0.0,0.0,0.0,0.0,0.0,0.0,0.0,0.0,0.0,0.0,0.0,0.0,-0.0032838439933282,0.0170144418199109,-0.0361505305492899,SPY
2012-10-12,-0.2731241946752781,-0.36285183783083064,-0.7891978149990635,-0.753624317671418,-0.18648124891855125,-0.17619954446115985,-0.6080801633994433,-1.203830739424833,0.11230328181223952,1.4162470082138434,0.0,0.0,0.0,0.0,0.0,0.0,0.0,0.0,0.0,0.0,0.0,0.0,0.0,0.0,0.0,0.0,0.0,0.0,0.0,0.0,0.0,0.0,0.0,0.0,0.0,0.0,0.0,0.0,0.0082936199748813,0.0034931396477642,-0.0363441183613408,SPY
2012-10-15,0.6121665972845457,-0.18693331219973983,-0.9176135765202204,-0.7012670963340951,-0.18703265767423785,-0.17812936425618053,-0.2789600338530478,-0.3534503312277131,-0.2960115380602163,-1.4417649723258046,0.0,0.0,0.0,0.0,0.0,0.0,0.0,0.0,0.0,0.0,0.0,0.0,0.0,0.0,0.0,0.0,0.0,0.0,0.0,0.0,0.0,0.0,0.0,0.0,0.0,0.0,0.0,0.0,0.0100821692318868,-0.0046608176361138,-0.0582284770083125,SPY
2012-10-16,0.7489311074174527,0.24965864123364204,-0.468606671554183,-0.634873906885719,-0.18490918373515267,-0.17843872988253404,0.09951520804033452,0.3317376445114088,-0.2524912721644772,-0.7272619771908926,0.0,0.0,0.0,0.0,0.0,0.0,0.0,0.0,0.0,0.0,0.0,0.0,0.0,0.0,0.0,0.0,0.0,0.0,0.0,0.0,0.0,0.0,0.0,0.0,0.0,0.0,0.0,0.0,0.0045250290902227,-0.0287164707338893,-0.070004234148735,SPY
2012-10-17,0.3239947819359416,1.0040406026061102,0.2982888633763788,-0.6231972196701498,-0.18264265007613176,-0.17815255013797354,0.2652698896740639,0.15757024545265608,0.2879464366495948,-0.012758982055980528,0.0,0.0,0.0,0.0,0.0,0.0,0.0,0.0,0.0,0.0,0.0,0.0,0.0,0.0,0.0,0.0,0.0,0.0,0.0,0.0,0.0,0.0,0.0,0.0,0.0,0.0,0.0,0.0,-0.0026025324837517,-0.0360738535253872,-0.0696042845259912,SPY
2012-10-18,-0.22102653256719176,0.7913401559377033,0.7168399109967696,-0.6192374667462692,-0.18327565003472665,-0.17826644535117345,0.16920910274568712,0.2700695851033421,0.7824123022628897,0.7017440130789315,0.0,0.0,0.0,0.0,0.0,0.0,0.0,0.0,0.0,0.0,0.0,0.0,0.0,0.0,0.0,0.0,0.0,0.0,0.0,0.0,0.0,0.0,0.0,0.0,0.0,0.0,0.0,0.0,-0.016805146165475,-0.0305683309300928,-0.0469649036869199,SPY
2012-10-19,-1.3070539344850562,0.07541162897680313,0.5957582774733962,-0.4789757930019232,-0.18889088159962947,-0.18081102675474453,-0.4227462729188314,-0.6092242301283274,1.7157777810028874,1.4162470082138434,0.0,0.0,0.0,0.0,0.0,0.0,0.0,0.0,0.0,0.0,0.0,0.0,0.0,0.0,0.0,0.0,0.0,0.0,0.0,0.0,0.0,0.0,0.0,0.0,0.0,0.0,0.0,0.0,0.0001396626910032,-0.0143288924082387,-0.0297282108744108,SPY
2012-10-22,-0.011339839122649976,-1.128470125042093,0.07777591119064718,-0.4787656127438508,-0.19344430741627824,-0.18310938159847845,-0.3890586946044145,-0.6481748371851991,0.24708763122975994,-1.4417649723258046,0.0,0.0,0.0,0.0,0.0,0.0,0.0,0.0,0.0,0.0,0.0,0.0,0.0,0.0,0.0,0.0,0.0,0.0,0.0,0.0,0.0,0.0,0.0,0.0,0.0,0.0,0.0,0.0,-0.0139734838658887,-0.014468555099242,-0.0280014364257379,SPY
2012-10-23,-1.0905259827119336,-0.9736997728404921,-0.234590903388205,-0.4430130122264385,-0.19912073238336275,-0.18585920940454334,-0.8667516483814391,-1.2483071893384363,2.011020452856614,-0.7272619771908926,0.0,0.0,0.0,0.0,0.0,0.0,0.0,0.0,0.0,0.0,0.0,0.0,0.0,0.0,0.0,0.0,0.0,0.0,0.0,0.0,0.0,0.0,0.0,0.0,0.0,0.0,0.0,0.0,-0.0028323537012751,0.0099208507130397,-0.0004950712333533,SPY
2012-10-24,-0.23860020917107816,-0.8138798681679071,-1.1561296690649745,-0.45186795631730603,-0.20373527299795086,-0.18818830430365255,-0.9411011225236452,-1.6691801211751087,0.05191855698676801,-0.012758982055980528,0.0,0.0,0.0,0.0,0.0,0.0,0.0,0.0,0.0,0.0,0.0,0.0,0.0,0.0,0.0,0.0,0.0,0.0,0.0,0.0,0.0,0.0,0.0,0.0,0.0,0.0,0.0,0.0,0.0029029901115427,0.0038218974587298,0.0002125634418614,SPY
2012-10-25,0.19996276801921853,-0.9816214016723397,-1.437980817679828,-0.4962058921487717,-0.20767603770355056,-0.19148192398554034,-0.7950018949126187,-1.526213197131466,0.4433001353052464,0.7017440130789315,0.0,0.0,0.0,0.0,0.0,0.0,0.0,0.0,0.0,0.0,0.0,0.0,0.0,0.0,0.0,0.0,0.0,0.0,0.0,0.0,0.0,0.0,0.0,0.0,0.0,0.0,0.0,0.0,-0.0005657076436209,0.0029654893491581,-0.0078079591769535,SPY
2012-10-26,-0.06527720086949117,-0.029107938934744594,-1.227071869323637,-0.5026073779292276,-0.21082044318519455,-0.19417020255769893,-0.7824662744082914,-1.4588724587470856,0.8198119123167128,1.4162470082138434,0.0,0.0,0.0,0.0,0.0,0.0,0.0,0.0,0.0,0.0,0.0,0.0,0.0,0.0,0.0,0.0,0.0,0.0,0.0,0.0,0.0,0.0,0.0,0.0,0.0,0.0,0.0,0.0,0.0,0.0113256917494393,0.0007779951442907,SPY
2012-10-31,-0.022019388172853975,0.09882227255752672,-0.6049614626809222,-0.5086640078488198,-0.21639468263803854,-0.19724836535933524,-0.7444343464581021,-1.1870504510861113,-0.37673624693714,-0.012758982055980528,0.0,0.0,0.0,0.0,0.0,0.0,0.0,0.0,0.0,0.0,0.0,0.0,0.0,0.0,0.0,0.0,0.0,0.0,0.0,0.0,0.0,0.0,0.0,0.0,0.0,0.0,0.0,0.0,0.010415921946393,-0.0115985581287647,0.0054326884360893,SPY
2012-11-01,0.7744520855656257,-0.0650233961014718,-0.6103117470134718,-0.4491791846059099,-0.22192808718730805,-0.19896186917201134,-0.3408302329575304,-0.4729073399621911,-0.4573857187340395,0.7017440130789315,0.0,0.0,0.0,0.0,0.0,0.0,0.0,0.0,0.0,0.0,0.0,0.0,0.0,0.0,0.0,0.0,0.0,0.0,0.0,0.0,0.0,0.0,0.0,0.0,0.0,0.0,0.0,0.0,-0.0089313069555849,-0.03411175862343,-0.0047722474033893,SPY
2012-11-02,-0.7049672107406715,0.5547832081260425,0.3240126230830651,-0.4307582081439445,-0.23140239399959936,-0.20258380409999613,-0.6239964556773353,-0.8016903905806175,0.596059277533938,1.4162470082138434,0.0,0.0,0.0,0.0,0.0,0.0,0.0,0.0,0.0,0.0,0.0,0.0,0.0,0.0,0.0,0.0,0.0,0.0,0.0,0.0,0.0,0.0,0.0,0.0,0.0,0.0,0.0,0.0,0.002046582001971,-0.0243115698928066,-0.000777445377988,SPY
2012-11-05,0.13447604176851272,0.05069745381426261,0.09037016777110368,-0.4591390184589791,-0.23950863328682437,-0.20697530688391705,-0.4941844916623678,-0.6136206022046311,-0.5518104159088546,-1.4417649723258046,0.0,0.0,0.0,0.0,0.0,0.0,0.0,0.0,0.0,0.0,0.0,0.0,0.0,0.0,0.0,0.0,0.0,0.0,0.0,0.0,0.0,0.0,0.0,0.0,0.0,0.0,0.0,0.0,0.0077944947566601,-0.0255621307882663,-0.0042387307788001,SPY
2012-11-06,0.5740001248222262,-0.42167070685425473,0.05756235877076269,-0.4215583388869825,-0.24038660336474915,-0.21023816676095625,-0.16547746455393209,-0.6360583637454064,-0.3086600959108669,-0.7272619771908926,0.0,0.0,0.0,0.0,0.0,0.0,0.0,0.0,0.0,0.0,0.0,0.0,0.0,0.0,0.0,0.0,0.0,0.0,0.0,0.0,0.0,0.0,0.0,0.0,0.0,0.0,0.0,0.0,-0.022924249878204,-0.0368340573503056,-0.0102648527175102,SPY
2012-11-07,-1.7749617756842324,0.5223387661729865,0.3778301382173966,-0.2331392219687982,-0.24792107539768066,-0.21631238392849364,-0.9307600138860556,-1.6547977475082138,3.6152008202463226,-0.012758982055980528,0.0,0.0,0.0,0.0,0.0,0.0,0.0,0.0,0.0,0.0,0.0,0.0,0.0,0.0,0.0,0.0,0.0,0.0,0.0,0.0,0.0,0.0,0.0,0.0,0.0,0.0,0.0,0.0,-0.0120972785482722,-0.0275005461441919,0.0160455360345226,SPY
2012-11-08,-0.9470587004061676,-0.8870227849087866,-0.5003661365193509,-0.21849623345704927,-0.25482266537838016,-0.22263288690428884,-1.2899139145098846,-2.054104701963857,1.4786650584646648,0.7017440130789315,0.0,0.0,0.0,0.0,0.0,0.0,0.0,0.0,0.0,0.0,0.0,0.0,0.0,0.0,0.0,0.0,0.0,0.0,0.0,0.0,0.0,0.0,0.0,0.0,0.0,0.0,0.0,0.0,0.0008688817750384,-0.0170968555044552,0.0311667133032127,SPY
2012-11-09,0.04442115846632192,-2.0097206835344195,-1.362815678461158,-0.22271697838795798,-0.26066252821506664,-0.22788626658289893,-1.1939274432689395,-1.978200921753392,1.8587824866142924,1.4162470082138434,0.0,0.0,0.0,0.0,0.0,0.0,0.0,0.0,0.0,0.0,0.0,0.0,0.0,0.0,0.0,0.0,0.0,0.0,0.0,0.0,0.0,0.0,0.0,0.0,0.0,0.0,0.0,0.0,0.0007960211065114,-0.013040758566527,0.0307189003248202,SPY
2012-11-12,0.038849741520425224,-0.6668289011212999,-0.9873840163271036,-0.22226651231097477,-0.26711485565219867,-0.23310883708297733,-1.100583400018929,-1.6446324276793256,-0.6390978621144594,-1.4417649723258046,0.0,0.0,0.0,0.0,0.0,0.0,0.0,0.0,0.0,0.0,0.0,0.0,0.0,0.0,0.0,0.0,0.0,0.0,0.0,0.0,0.0,0.0,0.0,0.0,0.0,0.0,0.0,0.0,-0.0034774318053791,0.0062000686822809,0.0367085102504605,SPY
2012-11-13,-0.2879272213065772,0.06087295868155752,-1.0352912728593375,-0.22203572577486508,-0.27438394011401296,-0.23834165755975975,-1.1612868573633968,-1.7196092887944128,-0.028105565035424183,-0.7272619771908926,0.0,0.0,0.0,0.0,0.0,0.0,0.0,0.0,0.0,0.0,0.0,0.0,0.0,0.0,0.0,0.0,0.0,0.0,0.0,0.0,0.0,0.0,0.0,0.0,0.0,0.0,0.0,0.0,-0.0135907386720903,0.0101090471346942,0.0406742040403926,SPY
2012-11-14,-1.0612587099597122,-0.18443433739007123,-1.4671031737277225,-0.2173168981183282,-0.28545090642103527,-0.24670393022064435,-1.5457925437948157,-1.7017699154667525,1.5673420765287744,-0.012758982055980528,0.0,0.0,0.0,0.0,0.0,0.0,0.0,0.0,0.0,0.0,0.0,0.0,0.0,0.0,0.0,0.0,0.0,0.0,0.0,0.0,0.0,0.0,0.0,0.0,0.0,0.0,0.0,0.0,-0.0016935879085355,0.0255662229464608,0.048113731043017,SPY
2012-11-15,-0.15152251467084557,-0.9964275530709947,-1.1095492814533243,-0.2852223705785129,-0.30000947314539117,-0.2568002263970857,-1.4817648801214505,-1.6778798057373034,1.2073984670300577,0.7017440130789315,0.0,0.0,0.0,0.0,0.0,0.0,0.0,0.0,0.0,0.0,0.0,0.0,0.0,0.0,0.0,0.0,0.0,0.0,0.0,0.0,0.0,0.0,0.0,0.0,0.0,0.0,0.0,0.0,0.0049249787129665,0.0407926921814922,0.0460843146905629,SPY
2012-11-16,0.3545776210823329,-0.8957468463405459,-0.7109982967156664,-0.2825878884057934,-0.31060691666554224,-0.2668863614694542,-1.1793958049196316,-1.586759865667138,2.4575882826864257,1.4162470082138434,0.0,0.0,0.0,0.0,0.0,0.0,0.0,0.0,0.0,0.0,0.0,0.0,0.0,0.0,0.0,0.0,0.0,0.0,0.0,0.0,0.0,0.0,0.0,0.0,0.0,0.0,0.0,0.0,0.0200368483553194,0.0337429944424654,0.0528434533098245,SPY
2012-11-19,1.5101328515203545,0.14928602634933894,-0.5556148385966545,-0.08840009158773919,-0.31616099413038395,-0.2737507254442283,-0.3615969547582607,-0.7956570793445447,0.4805033975760399,-1.4417649723258046,0.0,0.0,0.0,0.0,0.0,0.0,0.0,0.0,0.0,0.0,0.0,0.0,0.0,0.0,0.0,0.0,0.0,0.0,0.0,0.0,0.0,0.0,0.0,0.0,0.0,0.0,0.0,0.0,0.0004315466470341,0.0085886135798736,0.0438737991846114,SPY
2012-11-20,0.010979572045849924,1.3757586366921681,0.1814746148219282,-0.16442713497971068,-0.32385886473079745,-0.2780601197924144,-0.2902774032470821,-0.7818138043515269,-0.23059754134088647,-0.7272619771908926,0.0,0.0,0.0,0.0,0.0,0.0,0.0,0.0,0.0,0.0,0.0,0.0,0.0,0.0,0.0,0.0,0.0,0.0,0.0,0.0,0.0,0.0,0.0,0.0,0.0,0.0,0.0,0.0,0.0018664371396761,0.0161773136104628,0.0359856637203215,SPY
2012-11-21,0.12070095352410423,1.1221479273448811,0.3312221674430273,-0.1613684345051481,-0.32441017523118193,-0.2821232579565529,-0.16875503208923978,-1.0860977126770606,-1.067860597977306,-0.012758982055980528,0.0,0.0,0.0,0.0,0.0,0.0,0.0,0.0,0.0,0.0,0.0,0.0,0.0,0.0,0.0,0.0,0.0,0.0,0.0,0.0,0.0,0.0,0.0,0.0,0.0,0.0,0.0,0.0,0.0135328813264958,0.0189655697625852,0.039854426920094,SPY
2012-11-23,1.0127957716867724,0.09660424271481492,0.9233651726870392,-0.1516170250852495,-0.31765150741299536,-0.2821950769166373,0.3373490527012209,-0.39095713533557397,-1.4253203584540577,1.4162470082138434,0.0,0.0,0.0,0.0,0.0,0.0,0.0,0.0,0.0,0.0,0.0,0.0,0.0,0.0,0.0,0.0,0.0,0.0,0.0,0.0,0.0,0.0,0.0,0.0,0.0,0.0,0.0,0.0,-0.0021247190260602,0.0056436745430037,0.0172033786697545,SPY
2012-11-26,-0.18448970070744297,0.8360476642912887,1.5066701283842805,-0.15287267372462648,-0.31175043152306703,-0.282164317111789,0.2571788672609459,-0.5143613786034883,-0.6728178930777762,-1.4417649723258046,0.0,0.0,0.0,0.0,0.0,0.0,0.0,0.0,0.0,0.0,0.0,0.0,0.0,0.0,0.0,0.0,0.0,0.0,0.0,0.0,0.0,0.0,0.0,0.0,0.0,0.0,0.0,0.0,-0.0051175325072723,0.0028318886388802,0.0162413619677499,SPY
2012-11-27,-0.4133403561053415,0.6107855636394625,1.236605968146709,-0.14759836643880267,-0.30754412203786696,-0.2832929501439332,0.08044677914548923,-0.9121035316431091,-0.05965977502019429,-0.7272619771908926,0.0,0.0,0.0,0.0,0.0,0.0,0.0,0.0,0.0,0.0,0.0,0.0,0.0,0.0,0.0,0.0,0.0,0.0,0.0,0.0,0.0,0.0,0.0,0.0,0.0,0.0,0.0,0.0,0.0080202466776233,0.0065347177473116,0.0171353617192391,SPY
2012-11-28,0.5912626356315662,-0.44184961868879447,0.2729764629631732,-0.1238501594461382,-0.30005040630426855,-0.2831800720286135,0.3795295381160332,0.0911233246322047,1.0160258630171324,-0.012758982055980528,0.0,0.0,0.0,0.0,0.0,0.0,0.0,0.0,0.0,0.0,0.0,0.0,0.0,0.0,0.0,0.0,0.0,0.0,0.0,0.0,0.0,0.0,0.0,0.0,0.0,0.0,0.0,0.0,0.0046546932917985,0.0002828438876383,0.0077739120290258,SPY
2012-11-29,0.3339097792114314,0.13073541445806713,0.5636890547542115,-0.1167708312701457,-0.28741119795430375,-0.2823900140940078,0.544649446938398,0.7733913668666852,0.4227591709605977,0.7017440130789315,0.0,0.0,0.0,0.0,0.0,0.0,0.0,0.0,0.0,0.0,0.0,0.0,0.0,0.0,0.0,0.0,0.0,0.0,0.0,0.0,0.0,0.0,0.0,0.0,0.0,0.0,0.0,0.0,0.0002109861069143,-0.0009857105303314,-0.0077478594709861,SPY
2012-11-30,-0.005885970854901675,0.6822828909614133,0.6705032876654412,-0.15508384834480968,-0.27424109655574225,-0.2830877234909116,0.5618272598573141,0.7575046086455441,0.08506061857866251,1.4162470082138434,0.0,0.0,0.0,0.0,0.0,0.0,0.0,0.0,0.0,0.0,0.0,0.0,0.0,0.0,0.0,0.0,0.0,0.0,0.0,0.0,0.0,0.0,0.0,0.0,0.0,0.0,0.0,0.0,-0.0049365049301837,0.0018272020831719,0.0088944026202613,SPY
2012-12-03,-0.3994977695486139,0.24152578508885572,0.1601599256611208,-0.17477155425750848,-0.26386828430737524,-0.283200601606232,0.3771344037168664,0.4891188490866699,-0.19756584096028248,-1.4417649723258046,0.0,0.0,0.0,0.0,0.0,0.0,0.0,0.0,0.0,0.0,0.0,0.0,0.0,0.0,0.0,0.0,0.0,0.0,0.0,0.0,0.0,0.0,0.0,0.0,0.0,0.0,0.0,0.0,-0.0014147033988409,0.0071847758100016,0.0391382942437106,SPY
2012-12-04,-0.13019712863373037,-0.29980443841873156,0.052444300527130096,-0.1758888139889843,-0.25953931290296695,-0.2838162223168748,0.3320213785468039,0.5849344596968646,-0.12056652533489959,-0.7272619771908926,0.0,0.0,0.0,0.0,0.0,0.0,0.0,0.0,0.0,0.0,0.0,0.0,0.0,0.0,0.0,0.0,0.0,0.0,0.0,0.0,0.0,0.0,0.0,0.0,0.0,0.0,0.0,0.0,0.00176837281795,0.0153851102409943,0.0382914445420059,SPY
2012-12-05,0.11320229567621212,-0.39155886191583866,0.1942945571893128,-0.1987827105024764,-0.25482248851883615,-0.2853142100008787,0.4182262453242882,1.3979635715647416,0.3211472528137505,-0.012758982055980528,0.0,0.0,0.0,0.0,0.0,0.0,0.0,0.0,0.0,0.0,0.0,0.0,0.0,0.0,0.0,0.0,0.0,0.0,0.0,0.0,0.0,0.0,0.0,0.0,0.0,0.0,0.0,0.0,0.0033861388738287,0.0141049994075972,0.0409048924806505,SPY
2012-12-06,0.23690757316593072,-0.013133467508955492,-0.045206074799055904,-0.4119796977617839,-0.24965661775280296,-0.2829953749532104,0.5153936901984632,1.5717893248267911,-0.7099127349221049,0.7017440130789315,0.0,0.0,0.0,0.0,0.0,0.0,0.0,0.0,0.0,0.0,0.0,0.0,0.0,0.0,0.0,0.0,0.0,0.0,0.0,0.0,0.0,0.0,0.0,0.0,0.0,0.0,0.0,0.0,0.0030238987204178,0.0045676488643024,0.034782039158852,SPY
2012-12-07,0.20920825376633181,0.25782756992771194,-0.09380263826702981,-0.49350274583230763,-0.24749230891014257,-0.2785115433810616,0.5705763009401643,1.5432911057248817,-0.5943804089846559,1.4162470082138434,0.0,0.0,0.0,0.0,0.0,0.0,0.0,0.0,0.0,0.0,0.0,0.0,0.0,0.0,0.0,0.0,0.0,0.0,0.0,0.0,0.0,0.0,0.0,0.0,0.0,0.0,0.0,0.0,0.0004210687966459,-0.002179254117105,0.0288769006517624,SPY
2012-12-10,0.010178365106776124,0.32868984403281293,0.01395614954339769,-0.4931049254154635,-0.24459295215206994,-0.27408929066702964,0.5282971301704606,1.0913779172625395,-0.8354811753223564,-1.4417649723258046,0.0,0.0,0.0,0.0,0.0,0.0,0.0,0.0,0.0,0.0,0.0,0.0,0.0,0.0,0.0,0.0,0.0,0.0,0.0,0.0,0.0,0.0,0.0,0.0,0.0,0.0,0.0,0.0,0.0067856310321516,0.0090837944184771,0.0309944223768852,SPY
2012-12-11,0.4968556164823919,0.16134036272209243,0.2191973815805146,-0.4807743400246725,-0.23824279057811776,-0.2687846216059535,0.7154282930320677,1.2773867092396132,0.4834431657291856,-0.7272619771908926,0.0,0.0,0.0,0.0,0.0,0.0,0.0,0.0,0.0,0.0,0.0,0.0,0.0,0.0,0.0,0.0,0.0,0.0,0.0,0.0,0.0,0.0,0.0,0.0,0.0,0.0,0.0,0.0,0.0004882619845529,0.0133653576164318,0.0321274864055434,SPY
2012-12-12,0.015316408351811025,0.37365370939231957,0.5333408404572365,-0.494080083682833,-0.23405691819576566,-0.2629155817177533,0.6567185996040181,1.242092611461604,0.3298624192264144,-0.012758982055980528,0.0,0.0,0.0,0.0,0.0,0.0,0.0,0.0,0.0,0.0,0.0,0.0,0.0,0.0,0.0,0.0,0.0,0.0,0.0,0.0,0.0,0.0,0.0,0.0,0.0,0.0,0.0,0.0,-0.0061512116694659,0.0054205068146231,0.031571260116908,SPY
2012-12-13,-0.4923824197769302,0.37744611390592014,0.4843015667138306,-0.58748348793876,-0.23301560850354075,-0.2560410665136421,0.3347590149060119,0.2282574177537333,0.06949771080792241,0.7017440130789315,0.0,0.0,0.0,0.0,0.0,0.0,0.0,0.0,0.0,0.0,0.0,0.0,0.0,0.0,0.0,0.0,0.0,0.0,0.0,0.0,0.0,0.0,0.0,0.0,0.0,0.0,0.0,0.0,-0.0037230042609897,0.0173069188235377,0.0370419893748694,SPY
2012-12-14,-0.306705343554074,-0.35271332906113195,0.11893887164290338,-0.5762846700883721,-0.23311777436672015,-0.24947437647695783,0.11029840341585523,0.1096180902822566,0.10342012420751032,1.4162470082138434,0.0,0.0,0.0,0.0,0.0,0.0,0.0,0.0,0.0,0.0,0.0,0.0,0.0,0.0,0.0,0.0,0.0,0.0,0.0,0.0,0.0,0.0,0.0,0.0,0.0,0.0,0.0,0.0,0.0116841173322281,0.0119117561606838,0.0414454760473637,SPY
2012-12-17,0.871426837598422,-0.5903985113697141,-0.1395256406426535,-0.5346536181300087,-0.22838061113504396,-0.24188155317516793,0.450592929541832,0.9726662132295685,0.23657281126617022,-1.4417649723258046,0.0,0.0,0.0,0.0,0.0,0.0,0.0,0.0,0.0,0.0,0.0,0.0,0.0,0.0,0.0,0.0,0.0,0.0,0.0,0.0,0.0,0.0,0.0,0.0,0.0,0.0,0.0,0.0,0.0110671942301063,-0.0028590968996091,0.0296253512614832,SPY
2012-12-18,0.8242527463505107,0.41623302844044163,0.2919461553235795,-0.6659654827608412,-0.21996820832630845,-0.23547896151311204,0.7863202384521985,1.0703143977378708,1.085856631438617,-0.7272619771908926,0.0,0.0,0.0,0.0,0.0,0.0,0.0,0.0,0.0,0.0,0.0,0.0,0.0,0.0,0.0,0.0,0.0,0.0,0.0,0.0,0.0,0.0,0.0,0.0,0.0,0.0,0.0,0.0,-0.0074565888172557,-0.0181498238854986,0.0249974264167107,SPY
2012-12-19,-0.5922003394997943,1.2509964510706506,0.4559669137113499,-0.6150041306095475,-0.21427136590743695,-0.23024605216369873,0.436096730688137,0.4027076024829906,0.3992662203806748,-0.012758982055980528,0.0,0.0,0.0,0.0,0.0,0.0,0.0,0.0,0.0,0.0,0.0,0.0,0.0,0.0,0.0,0.0,0.0,0.0,0.0,0.0,0.0,0.0,0.0,0.0,0.0,0.0,0.0,0.0,0.0057352003394486,-0.0120344380808328,0.0346812422326765,SPY
2012-12-20,0.4165326180782981,0.17068901729812772,0.1516106789574525,-0.6066820634318613,-0.20785995197812154,-0.22442842015480524,0.5774247542063118,0.5948812619865927,0.8122464713128953,0.7017440130789315,0.0,0.0,0.0,0.0,0.0,0.0,0.0,0.0,0.0,0.0,0.0,0.0,0.0,0.0,0.0,0.0,0.0,0.0,0.0,0.0,0.0,0.0,0.0,0.0,0.0,0.0,0.0,0.0,-0.0091181669238435,-0.0286367166284948,0.0343250118809388,SPY
2012-12-21,-0.7192557811684858,-0.13025038336565092,0.6069626665546473,-0.6268058501658601,-0.20501608981470584,-0.22191179413085793,0.20188855905216993,0.35471840103204993,2.526082799995574,1.4162470082138434,0.0,0.0,0.0,0.0,0.0,0.0,0.0,0.0,0.0,0.0,0.0,0.0,0.0,0.0,0.0,0.0,0.0,0.0,0.0,0.0,0.0,0.0,0.0,0.0,0.0,0.0,0.0,0.0,-0.0030867357280648,-0.0026653015064894,0.0450513207169844,SPY
2012-12-24,-0.2580519705045948,-0.22403037070372903,0.4002814544194615,-0.6229997888658353,-0.20319964404379026,-0.21954208443966505,0.05627269837777462,0.2677519637178079,-1.859408399133007,-1.4417649723258046,0.0,0.0,0.0,0.0,0.0,0.0,0.0,0.0,0.0,0.0,0.0,0.0,0.0,0.0,0.0,0.0,0.0,0.0,0.0,0.0,0.0,0.0,0.0,0.0,0.0,0.0,0.0,0.0,-0.0042235327557831,0.0257288209148409,0.0484061486482394,SPY
2012-12-26,-0.3449791199848061,-0.7219431979302076,-0.1655694764136732,-0.6286635618577514,-0.20459760083177286,-0.21705358166586475,-0.13247206439606726,0.00700400485417099,-0.6607578310963075,-0.012758982055980528,0.0,0.0,0.0,0.0,0.0,0.0,0.0,0.0,0.0,0.0,0.0,0.0,0.0,0.0,0.0,0.0,0.0,0.0,0.0,0.0,0.0,0.0,0.0,0.0,0.0,0.0,0.0,0.0,-0.0013412030125898,0.0276908005700784,0.0582357641818447,SPY
2012-12-27,-0.12457679456641978,-0.44568851662131964,-0.7513360575829084,-0.6586118774499864,-0.20652928042105395,-0.21592084074324913,-0.19653092575392286,-0.17784767338253352,0.7019839897407758,0.7017440130789315,0.0,0.0,0.0,0.0,0.0,0.0,0.0,0.0,0.0,0.0,0.0,0.0,0.0,0.0,0.0,0.0,0.0,0.0,0.0,0.0,0.0,0.0,0.0,0.0,0.0,0.0,0.0,0.0,-0.0108670782082134,0.0334138243392629,0.0583784249155332,SPY
2012-12-28,-0.8529893052164774,-0.34717010493401007,-0.5170640940173009,-0.6027686699508096,-0.20981026077269124,-0.21704628423543704,-0.5828922345085146,-0.7108002024890057,0.2686361795325692,1.4162470082138434,0.0,0.0,0.0,0.0,0.0,0.0,0.0,0.0,0.0,0.0,0.0,0.0,0.0,0.0,0.0,0.0,0.0,0.0,0.0,0.0,0.0,0.0,0.0,0.0,0.0,0.0,0.0,0.0,0.0168532481981618,0.0415441880995066,0.0731695076551011,SPY
2012-12-31,1.2666933632047324,-0.7221338854139486,-1.1530743997050377,-0.4575855623084471,-0.20711496062613186,-0.21574322385406614,0.023656877213821124,-0.13900894145522852,2.234246185223974,-1.4417649723258046,0.0,0.0,0.0,0.0,0.0,0.0,0.0,0.0,0.0,0.0,0.0,0.0,0.0,0.0,0.0,0.0,0.0,0.0,0.0,0.0,0.0,0.0,0.0,0.0,0.0,0.0,0.0,0.0,0.0253073866932656,0.021809700114673,0.0523922549255848,SPY
2013-01-02,1.9131536747392597,0.30476662404904287,-0.1581454432085267,-0.22773153669269608,-0.20032396681353676,-0.20995027868694505,0.9035159371886856,0.3246889625797112,1.0937949442032735,-0.012758982055980528,0.0,0.0,0.0,0.0,0.0,0.0,0.0,0.0,0.0,0.0,0.0,0.0,0.0,0.0,0.0,0.0,0.0,0.0,0.0,0.0,0.0,0.0,0.0,0.0,0.0,0.0,0.0,0.0,-0.0022615531005456,-0.0009590960568237,0.0246156738724439,SPY
2013-01-03,-0.19495295470684226,2.3464647223642294,0.9295940757425296,-0.2252931627020371,-0.19747839500786366,-0.20429310127483405,0.7441999526823453,0.2415968495969699,0.09085505452756011,0.7017440130789315,0.0,0.0,0.0,0.0,0.0,0.0,0.0,0.0,0.0,0.0,0.0,0.0,0.0,0.0,0.0,0.0,0.0,0.0,0.0,0.0,0.0,0.0,0.0,0.0,0.0,0.0,0.0,0.0,0.0043818207565946,0.0092211521045317,0.0371121809141241,SPY
2013-01-04,0.3130441091943988,1.2676193664610371,1.004754800018924,-0.22311362699917317,-0.19111174619420965,-0.19823114853028853,0.8326256605027935,0.5294783986537613,-0.4946566708386768,1.4162470082138434,0.0,0.0,0.0,0.0,0.0,0.0,0.0,0.0,0.0,0.0,0.0,0.0,0.0,0.0,0.0,0.0,0.0,0.0,0.0,0.0,0.0,0.0,0.0,0.0,0.0,0.0,0.0,0.0,-0.0027367144479697,0.0047713670438547,0.0214262181570452,SPY
2013-01-07,-0.23128698837128348,0.08657388878976563,1.2239959172214658,-0.21583440143732358,-0.18726226066431065,-0.19307500538405084,0.6623073102763214,0.55964406778004,-0.6585439467401153,-1.4417649723258046,0.0,0.0,0.0,0.0,0.0,0.0,0.0,0.0,0.0,0.0,0.0,0.0,0.0,0.0,0.0,0.0,0.0,0.0,0.0,0.0,0.0,0.0,0.0,0.0,0.0,0.0,0.0,0.0,-0.0028812397866717,0.0068275990803199,0.0342103985072883,SPY
2013-01-08,-0.24233836818201607,0.05975563392211721,1.5354588965745797,-0.20906582297414628,-0.18158679859918805,-0.18879401077863983,0.4985693470756961,0.21466664389772558,-0.4076145508158477,-0.7272619771908926,0.0,0.0,0.0,0.0,0.0,0.0,0.0,0.0,0.0,0.0,0.0,0.0,0.0,0.0,0.0,0.0,0.0,0.0,0.0,0.0,0.0,0.0,0.0,0.0,0.0,0.0,0.0,0.0,0.0025385905217687,0.0103893212784962,0.0378195597606749,SPY
2013-01-09,0.17209832358590532,-0.35017377179325926,0.7794579838207992,-0.20909281580172137,-0.17424561439665326,-0.18419226497545013,0.5357635676621995,-0.00320884765022571,-1.034959429606452,-0.012758982055980528,0.0,0.0,0.0,0.0,0.0,0.0,0.0,0.0,0.0,0.0,0.0,0.0,0.0,0.0,0.0,0.0,0.0,0.0,0.0,0.0,0.0,0.0,0.0,0.0,0.0,0.0,0.0,0.0,0.0079186950608098,0.0077147233030752,0.0339568453442877,SPY
2013-01-10,0.5834973157376337,-0.0524339115332292,-0.09278307463407691,-0.204183485731057,-0.16328517648822566,-0.17938707984658384,0.7744952471868988,0.4793440662479018,-0.19440295342064787,0.7017440130789315,0.0,0.0,0.0,0.0,0.0,0.0,0.0,0.0,0.0,0.0,0.0,0.0,0.0,0.0,0.0,0.0,0.0,0.0,0.0,0.0,0.0,0.0,0.0,0.0,0.0,0.0,0.0,0.0,-6.796430408240184e-05,0.0062352976275992,0.0315870846598622,SPY
2013-01-11,-0.027216396148980977,0.5571177846724972,0.2972081381077709,-0.20360784062816198,-0.15195461085658535,-0.17466410190081863,0.7115315480826243,0.3373826947243927,-0.5445905509154976,1.4162470082138434,0.0,0.0,0.0,0.0,0.0,0.0,0.0,0.0,0.0,0.0,0.0,0.0,0.0,0.0,0.0,0.0,0.0,0.0,0.0,0.0,0.0,0.0,0.0,0.0,0.0,0.0,0.0,0.0,-0.0006804824115045,0.0085304889303916,0.0314574200133233,SPY
2013-01-14,-0.07405365186391318,0.41000301613097073,0.126743033058413,-0.2248051968603577,-0.13768351949527124,-0.16914152702478655,0.615400003584985,0.7106632494276807,-1.0437196630547103,-1.4417649723258046,0.0,0.0,0.0,0.0,0.0,0.0,0.0,0.0,0.0,0.0,0.0,0.0,0.0,0.0,0.0,0.0,0.0,0.0,0.0,0.0,0.0,0.0,0.0,0.0,0.0,0.0,0.0,0.0,0.0006804824115045,0.0145899413296071,0.0337839115178608,SPY
2013-01-15,0.030014875518205125,-0.0753372464026993,0.2055144355693844,-0.23654990596000477,-0.12810073882940146,-0.16297174215538024,0.5628752260394603,0.8815139677875997,-0.957436599249961,-0.7272619771908926,0.0,0.0,0.0,0.0,0.0,0.0,0.0,0.0,0.0,0.0,0.0,0.0,0.0,0.0,0.0,0.0,0.0,0.0,0.0,0.0,0.0,0.0,0.0,0.0,0.0,0.0,0.0,0.0,-0.0001360074536522,0.0155176008303046,0.0339581109477613,SPY
2013-01-16,-0.03241943318157248,-0.0330946799938859,0.3419590818589694,-0.27348768794141304,-0.12606481036453485,-0.15853617829626465,0.5016515827744622,1.1032566031639477,-0.7026443575443525,-0.012758982055980528,0.0,0.0,0.0,0.0,0.0,0.0,0.0,0.0,0.0,0.0,0.0,0.0,0.0,0.0,0.0,0.0,0.0,0.0,0.0,0.0,0.0,0.0,0.0,0.0,0.0,0.0,0.0,0.0,0.0064392693853339,0.015921700487147,0.0350132702436596,SPY
2013-01-17,0.470370474532676,-0.0023643433032213904,0.2394989363400362,-0.3009823823251368,-0.12139695642299773,-0.15476065171350895,0.6975852649974926,1.304134423626698,-0.09777710886582898,0.7017440130789315,0.0,0.0,0.0,0.0,0.0,0.0,0.0,0.0,0.0,0.0,0.0,0.0,0.0,0.0,0.0,0.0,0.0,0.0,0.0,0.0,0.0,0.0,0.0,0.0,0.0,0.0,0.0,0.0,0.00222722699871,0.0150885138796352,0.0273918366307759,SPY
2013-01-18,0.14828937365758463,0.32266339228573004,0.182824186943407,-0.3338454901695481,-0.11736650427759274,-0.14953606676714204,0.7159360606503447,2.016161761495848,0.6578891266457983,1.4162470082138434,0.0,0.0,0.0,0.0,0.0,0.0,0.0,0.0,0.0,0.0,0.0,0.0,0.0,0.0,0.0,0.0,0.0,0.0,0.0,0.0,0.0,0.0,0.0,0.0,0.0,0.0,0.0,0.0,0.0053789699877109,0.0116627446020238,0.0326312107762074,SPY
2013-01-22,0.3892928485505362,0.45604508294520285,0.2707497881137595,-0.3349913382420548,-0.11086835056753634,-0.14433633653307143,0.8546172292213271,1.8920698057238847,-0.54542539168764,-0.7272619771908926,0.0,0.0,0.0,0.0,0.0,0.0,0.0,0.0,0.0,0.0,0.0,0.0,0.0,0.0,0.0,0.0,0.0,0.0,0.0,0.0,0.0,0.0,0.0,0.0,0.0,0.0,0.0,0.0,0.001608141912202,0.0102077791456673,0.0147105581485504,SPY
2013-01-23,0.10094996253696903,0.39620145375352117,0.5028790203550809,-0.3880012017990626,-0.10301303567095234,-0.13753706682268163,0.8297594789616513,1.3965685510185455,-0.670078813577363,-0.012758982055980528,0.0,0.0,0.0,0.0,0.0,0.0,0.0,0.0,0.0,0.0,0.0,0.0,0.0,0.0,0.0,0.0,0.0,0.0,0.0,0.0,0.0,0.0,0.0,0.0,0.0,0.0,0.0,0.0,0.0002680922031901,0.0046756327021109,0.0070045776115703,SPY
2013-01-24,-0.001519254505228076,0.36126009809667514,0.5384163715035374,-0.3991628609244584,-0.09583613433361814,-0.13024167059056424,0.7479104057888484,1.692172606497642,0.19630855058679342,0.7017440130789315,0.0,0.0,0.0,0.0,0.0,0.0,0.0,0.0,0.0,0.0,0.0,0.0,0.0,0.0,0.0,0.0,0.0,0.0,0.0,0.0,0.0,0.0,0.0,0.0,0.0,0.0,0.0,0.0,0.0056060827778221,0.0019383461390454,0.0164616939686199,SPY
2013-01-25,0.4066594205713035,0.07280055952998873,0.5538968698904795,-0.4166503918482058,-0.08931752386965344,-0.12145837865535863,0.8506370741041274,1.7286018429693364,0.20824545732732522,1.4162470082138434,0.0,0.0,0.0,0.0,0.0,0.0,0.0,0.0,0.0,0.0,0.0,0.0,0.0,0.0,0.0,0.0,0.0,0.0,0.0,0.0,0.0,0.0,0.0,0.0,0.0,0.0,0.0,0.0,-0.0011985422789013,0.0065672173023578,-0.0083544426966657,SPY
2013-01-28,-0.11366799500068947,0.29844559076248606,0.5219786444844171,-0.4171931644064949,-0.08314844681757054,-0.11266473799608213,0.6947847582950896,1.933122439848296,-0.4880836880387647,-1.4417649723258046,0.0,0.0,0.0,0.0,0.0,0.0,0.0,0.0,0.0,0.0,0.0,0.0,0.0,0.0,0.0,0.0,0.0,0.0,0.0,0.0,0.0,0.0,0.0,0.0,0.0,0.0,0.0,0.0,0.0039240045313544,-0.0035383824192249,-0.0003333498319513,SPY
2013-01-29,0.2780364002757732,0.21566828248259884,0.3907421663579786,-0.5127045155235356,-0.07556032738966284,-0.10168039687267244,0.7066315773722244,2.4104574565857724,-0.6494149542943821,-0.7272619771908926,0.0,0.0,0.0,0.0,0.0,0.0,0.0,0.0,0.0,0.0,0.0,0.0,0.0,0.0,0.0,0.0,0.0,0.0,0.0,0.0,0.0,0.0,0.0,0.0,0.0,0.0,0.0,0.0,-0.0039240045313544,0.0025850789516939,0.0082618857525389,SPY
2013-01-30,-0.3220751766214813,0.12073126084637763,0.335004454091206,-0.585131465685173,-0.06939125033757994,-0.09376502517102264,0.4600420447777673,1.809609364332208,0.0015773423594999168,-0.012758982055980528,0.0,0.0,0.0,0.0,0.0,0.0,0.0,0.0,0.0,0.0,0.0,0.0,0.0,0.0,0.0,0.0,0.0,0.0,0.0,0.0,0.0,0.0,0.0,0.0,0.0,0.0,0.0,0.0,-0.0024691943598753,0.0072370049497632,0.010209463249529,SPY
2013-01-31,-0.21083060247325158,-0.0330946799938859,0.12307558296820459,-0.9576478911702989,-0.06394208988437725,-0.09000373795860114,0.3207988376689296,1.2228769102080648,-0.5849390286629104,0.7017440130789315,0.0,0.0,0.0,0.0,0.0,0.0,0.0,0.0,0.0,0.0,0.0,0.0,0.0,0.0,0.0,0.0,0.0,0.0,0.0,0.0,0.0,0.0,0.0,0.0,0.0,0.0,0.0,0.0,0.0102349539411346,0.0083820754150201,0.0159710593899173,SPY
2013-02-01,0.760614054271854,-0.39392882236266313,0.01821392444751979,-0.9004145171503012,-0.05727949610063704,-0.08431014251750804,0.6367381437796248,1.580229692635343,-0.13231852860065257,1.4162470082138434,0.0,0.0,0.0,0.0,0.0,0.0,0.0,0.0,0.0,0.0,0.0,0.0,0.0,0.0,0.0,0.0,0.0,0.0,0.0,0.0,0.0,0.0,0.0,0.0,0.0,0.0,0.0,0.0,-0.0113041420004842,0.0036960558502698,0.0110471858388736,SPY
2013-02-04,-0.8864101434811306,0.40520721644637225,0.1955395701482454,-0.7783244614416163,-0.05479131813101694,-0.08103450473116734,0.17092660874772653,0.611541390207113,0.4392976482556495,-1.4417649723258046,0.0,0.0,0.0,0.0,0.0,0.0,0.0,0.0,0.0,0.0,0.0,0.0,0.0,0.0,0.0,0.0,0.0,0.0,0.0,0.0,0.0,0.0,0.0,0.0,0.0,0.0,0.0,0.0,0.0100474659022733,0.0148025689001327,0.031270399220344,SPY
2013-02-05,0.7462774573398935,-0.0934399880298349,-0.1915919642149599,-0.7382509223588494,-0.05084300741821214,-0.07578511444618774,0.4841907051650386,0.9216654753719593,-0.5017736303951815,-0.7272619771908926,0.0,0.0,0.0,0.0,0.0,0.0,0.0,0.0,0.0,0.0,0.0,0.0,0.0,0.0,0.0,0.0,0.0,0.0,0.0,0.0,0.0,0.0,0.0,0.0,0.0,0.0,0.0,0.0,0.0007279214667148,0.0064011120908924,0.0225830119757954,SPY
2013-02-06,0.03364238486500782,-0.1040218715059912,0.04298936311336409,-0.7523462219325917,-0.04716206903362744,-0.06998810088754184,0.4405642885568049,0.9510596673093193,0.08290497175974632,-0.012758982055980528,0.0,0.0,0.0,0.0,0.0,0.0,0.0,0.0,0.0,0.0,0.0,0.0,0.0,0.0,0.0,0.0,0.0,0.0,0.0,0.0,0.0,0.0,0.0,0.0,0.0,0.0,0.0,0.0,-0.0013241238946184,0.0065278724655826,0.0236660470315195,SPY
2013-02-07,-0.12327081029245497,0.5750715488581392,0.2211982076147376,-0.7460853270853312,-0.04397480458918454,-0.06478006599989884,0.3271321422240217,0.6654169984331342,0.6584406567417311,0.7017440130789315,0.0,0.0,0.0,0.0,0.0,0.0,0.0,0.0,0.0,0.0,0.0,0.0,0.0,0.0,0.0,0.0,0.0,0.0,0.0,0.0,0.0,0.0,0.0,0.0,0.0,0.0,0.0,0.0,0.0055489343763843,0.008771148202447,0.029245303539489,SPY
2013-02-08,0.4022894692843005,-0.0667445312515807,0.2650642718149795,-0.762700494541706,-0.04078746154050014,-0.05990278541832064,0.4765350444518493,0.7764711444688752,-0.7440925124534217,1.4162470082138434,0.0,0.0,0.0,0.0,0.0,0.0,0.0,0.0,0.0,0.0,0.0,0.0,0.0,0.0,0.0,0.0,0.0,0.0,0.0,0.0,0.0,0.0,0.0,0.0,0.0,0.0,0.0,0.0,-0.0001976289506213,0.0020400495985128,0.0274845763766196,SPY
2013-02-11,-0.03713142744934318,0.20535494323774373,0.08554934997581659,-0.7623917480795978,-0.03729171474941484,-0.05504617266067414,0.4098689867254447,0.5827047267098079,-1.3890435045898208,-1.4417649723258046,0.0,0.0,0.0,0.0,0.0,0.0,0.0,0.0,0.0,0.0,0.0,0.0,0.0,0.0,0.0,0.0,0.0,0.0,0.0,0.0,0.0,0.0,0.0,0.0,0.0,0.0,0.0,0.0,0.001646009093033,0.0097042796932758,0.0254359257263843,SPY
2013-02-12,0.10384554196604033,0.26893466974329094,0.5110244882039306,-0.766123856118127,-0.034495152688455044,-0.04982782854790724,0.4083810011736454,0.585165960187218,-1.523280479881833,-0.7272619771908926,0.0,0.0,0.0,0.0,0.0,0.0,0.0,0.0,0.0,0.0,0.0,0.0,0.0,0.0,0.0,0.0,0.0,0.0,0.0,0.0,0.0,0.0,0.0,0.0,0.0,0.0,0.0,0.0,0.000854681841405,-0.0044834120397032,0.0252022863355199,SPY
2013-02-13,0.043335335998931024,0.048652347652633016,0.1891763094658548,-0.7663498944001017,-0.03021798147934214,-0.04457854688503054,0.37684138667884,0.6070398781001032,-1.09583028198433,-0.012758982055980528,0.0,0.0,0.0,0.0,0.0,0.0,0.0,0.0,0.0,0.0,0.0,0.0,0.0,0.0,0.0,0.0,0.0,0.0,0.0,0.0,0.0,0.0,0.0,0.0,0.0,0.0,0.0,0.0,0.000919151842246,-0.0114359325058863,0.0296582610423836,SPY
2013-02-14,0.04826514603840952,0.10804509744916153,0.19403232392341,-0.7683238379143373,-0.02489205282610054,-0.039164021378067536,0.3458613381180127,0.4240747087333721,-1.131549085161739,0.7017440130789315,0.0,0.0,0.0,0.0,0.0,0.0,0.0,0.0,0.0,0.0,0.0,0.0,0.0,0.0,0.0,0.0,0.0,0.0,0.0,0.0,0.0,0.0,0.0,0.0,0.0,0.0,0.0,0.0,-0.0011821642275497,-0.0026298757878926,0.0274173225948102,SPY
2013-02-15,-0.11241561899747927,0.06702104717723213,0.2799691116389691,-0.7798755360599462,-0.023102980982365143,-0.03491702549114564,0.2502327158784751,0.4240972736076194,2.0188874380644184,1.4162470082138434,0.0,0.0,0.0,0.0,0.0,0.0,0.0,0.0,0.0,0.0,0.0,0.0,0.0,0.0,0.0,0.0,0.0,0.0,0.0,0.0,0.0,0.0,0.0,0.0,0.0,0.0,0.0,0.0,0.0074666011441415,-0.0206577654478063,0.0230655874636767,SPY
2013-02-19,0.5489271730339726,-0.0479391811736656,0.02211004317361299,-0.7552557770259921,-0.015473849791338541,-0.02983303704603984,0.4696601553601231,0.5703073151385523,-0.7639891464591476,-0.7272619771908926,0.0,0.0,0.0,0.0,0.0,0.0,0.0,0.0,0.0,0.0,0.0,0.0,0.0,0.0,0.0,0.0,0.0,0.0,0.0,0.0,0.0,0.0,0.0,0.0,0.0,0.0,0.0,0.0,-0.012541682639946,-0.0213018160061349,0.0132729573353591,SPY
2013-02-20,-0.9810408273511008,0.32160090255396806,0.315716087153511,-0.6465973359363224,-0.014877616966809141,-0.02754938568526534,-0.027648078563963077,0.04372197740123659,0.7262913483455734,-0.012758982055980528,0.0,0.0,0.0,0.0,0.0,0.0,0.0,0.0,0.0,0.0,0.0,0.0,0.0,0.0,0.0,0.0,0.0,0.0,0.0,0.0,0.0,0.0,0.0,0.0,0.0,0.0,0.0,0.0,-0.006097838624778,0.0037591067496558,0.0327756417256805,SPY
2013-02-21,-0.488301157668855,-0.31953386484426816,-0.2277947406036871,-0.6216116434149139,-0.01639949334186824,-0.02646444836305814,-0.26675975447755,-0.1369674905319883,1.2205388556346537,0.7017440130789315,0.0,0.0,0.0,0.0,0.0,0.0,0.0,0.0,0.0,0.0,0.0,0.0,0.0,0.0,0.0,0.0,0.0,0.0,0.0,0.0,0.0,0.0,0.0,0.0,0.0,0.0,0.0,0.0,0.0097252085602397,0.0078805183400696,0.030294210724338,SPY
2013-02-22,0.7216354927155877,-1.085115082322951,-0.4941361740583177,-0.5752332595210506,-0.014487209349231442,-0.02390190481341404,0.06399424497549892,-0.15613647342323012,-0.5932818478832899,1.4162470082138434,0.0,0.0,0.0,0.0,0.0,0.0,0.0,0.0,0.0,0.0,0.0,0.0,0.0,0.0,0.0,0.0,0.0,0.0,0.0,0.0,0.0,0.0,0.0,0.0,0.0,0.0,0.0,0.0,-0.0192100538874635,0.0014477115603428,0.0285699590395553,SPY
2013-02-25,-1.4909493599111792,0.17163521219077532,-0.1567883329751767,-0.4046852446387543,-0.02024504865968034,-0.02519358949809514,-0.6307417966944737,-0.4894559872453549,2.4780514448902657,-1.4417649723258046,0.0,0.0,0.0,0.0,0.0,0.0,0.0,0.0,0.0,0.0,0.0,0.0,0.0,0.0,0.0,0.0,0.0,0.0,0.0,0.0,0.0,0.0,0.0,0.0,0.0,0.0,0.0,0.0,0.006822550585813,0.0259688458378972,0.0435941140096325,SPY
2013-02-26,0.4996787339621312,-0.5684223129014487,-0.8474118266474461,-0.3830972625476019,-0.023843649101059742,-0.02524527387002984,-0.379473222480825,-0.6305982952443988,1.1638565653048885,-0.7272619771908926,0.0,0.0,0.0,0.0,0.0,0.0,0.0,0.0,0.0,0.0,0.0,0.0,0.0,0.0,0.0,0.0,0.0,0.0,0.0,0.0,0.0,0.0,0.0,0.0,0.0,0.0,0.0,0.0,0.0125192401158447,0.0280653666330703,0.0447421145176898,SPY
2013-02-27,0.9352859446119912,-0.7322492356378812,-0.8720845118638144,-0.3241570297788953,-0.02406999001510194,-0.02395372743166244,0.06952846835315693,-0.1687597096785312,0.3781038337906878,-0.012758982055980528,0.0,0.0,0.0,0.0,0.0,0.0,0.0,0.0,0.0,0.0,0.0,0.0,0.0,0.0,0.0,0.0,0.0,0.0,0.0,0.0,0.0,0.0,0.0,0.0,0.0,0.0,0.0,0.0,-0.0019764270343642,0.0169062051749504,0.0322228744018451,SPY
2013-02-28,-0.17315029726552028,1.0585620287130952,0.08796474263877269,-0.3296965432045399,-0.025180412486861342,-0.02236242348575944,-0.023106111870709874,-0.1936850281028305,-0.14312399124730277,0.7017440130789315,0.0,0.0,0.0,0.0,0.0,0.0,0.0,0.0,0.0,0.0,0.0,0.0,0.0,0.0,0.0,0.0,0.0,0.0,0.0,0.0,0.0,0.0,0.0,0.0,0.0,0.0,0.0,0.0,0.0032924017805129,0.0206935887317536,0.0372679372623183,SPY
2013-03-01,0.22973980431729313,0.5619449834254584,0.2458503146678723,-0.330866852558396,-0.02555040265265144,-0.01987204451198334,0.06991885915954672,-0.2719322711810925,0.7957167903497313,1.4162470082138434,0.0,0.0,0.0,0.0,0.0,0.0,0.0,0.0,0.0,0.0,0.0,0.0,0.0,0.0,0.0,0.0,0.0,0.0,0.0,0.0,0.0,0.0,0.0,0.0,0.0,0.0,0.0,0.0,0.0053110803900908,0.0216563195645917,0.0300099848287977,SPY
2013-03-04,0.3841015531331662,0.041179345730059116,-0.0005816069902753085,-0.360512723011721,-0.02388471981736034,-0.01813601642487454,0.24782506517285113,-0.0845641278422062,-0.7514072920301471,-1.4417649723258046,0.0,0.0,0.0,0.0,0.0,0.0,0.0,0.0,0.0,0.0,0.0,0.0,0.0,0.0,0.0,0.0,0.0,0.0,0.0,0.0,0.0,0.0,0.0,0.0,0.0,0.0,0.0,0.0,0.0089190713809861,0.0201334463880158,0.0296216464971479,SPY
2013-03-05,0.6599928200362056,0.45248854105583763,0.9387890982358252,-0.40042280639645833,-0.021746055608562142,-0.01322766004687374,0.5245002979963687,0.1314654686672889,-0.2559694320010214,-0.7272619771908926,0.0,0.0,0.0,0.0,0.0,0.0,0.0,0.0,0.0,0.0,0.0,0.0,0.0,0.0,0.0,0.0,0.0,0.0,0.0,0.0,0.0,0.0,0.0,0.0,0.0,0.0,0.0,0.0,0.0013600786577248,0.008968095406173,0.0105116942440703,SPY
2013-03-06,0.08198137704922553,0.7700595308250405,1.019103907314035,-0.43486010659798,-0.015247921549565741,-0.009662712224435939,0.5329483301293917,0.1456418560426566,-0.8347707952956215,-0.012758982055980528,0.0,0.0,0.0,0.0,0.0,0.0,0.0,0.0,0.0,0.0,0.0,0.0,0.0,0.0,0.0,0.0,0.0,0.0,0.0,0.0,0.0,0.0,0.0,0.0,0.0,0.0,0.0,0.0,0.0018109565224389,0.0090203864506168,0.0132017391930236,SPY
2013-03-07,0.11645853223847473,0.5470637589350729,0.5916118814561074,-0.4347466023719657,-0.0062819876706176414,-0.005922043462262339,0.5563741281106911,0.1701054403800938,-0.9994313894764726,0.7017440130789315,0.0,0.0,0.0,0.0,0.0,0.0,0.0,0.0,0.0,0.0,0.0,0.0,0.0,0.0,0.0,0.0,0.0,0.0,0.0,0.0,0.0,0.0,0.0,0.0,0.0,0.0,0.0,0.0,0.004255132613351,0.0125200864764467,0.0068892223146717,SPY
2013-03-08,0.3033566813628793,0.14587953606331022,0.7367013019717228,-0.4340098034211993,0.0010183223262207586,-0.0012926780204975392,0.6617250414505089,0.3229264363501344,-0.20791543197756357,1.4162470082138434,0.0,0.0,0.0,0.0,0.0,0.0,0.0,0.0,0.0,0.0,0.0,0.0,0.0,0.0,0.0,0.0,0.0,0.0,0.0,0.0,0.0,0.0,0.0,0.0,0.0,0.0,0.0,0.0,0.0037882072135149,0.0069431672577682,0.0093787321429585,SPY
2013-03-11,0.2676524236651559,0.30927728560348916,0.773582187299032,-0.439317693642027,0.015474585629974958,0.0030783149352778608,0.7528218438520641,0.2330305088462075,-1.029206583697616,-1.4417649723258046,0.0,0.0,0.0,0.0,0.0,0.0,0.0,0.0,0.0,0.0,0.0,0.0,0.0,0.0,0.0,0.0,0.0,0.0,0.0,0.0,0.0,0.0,0.0,0.0,0.0,0.0,0.0,0.0,-0.0022462796008566,-0.00237893931443,0.0090415843387203,SPY
2013-03-12,-0.19378504015553796,0.42087393221200325,0.7152430242873327,-0.4344808924079257,0.02711337814447146,0.007118543710252461,0.6190210802800962,0.6650121131507928,-0.5437197145792997,-0.7272619771908926,0.0,0.0,0.0,0.0,0.0,0.0,0.0,0.0,0.0,0.0,0.0,0.0,0.0,0.0,0.0,0.0,0.0,0.0,0.0,0.0,0.0,0.0,0.0,0.0,0.0,0.0,0.0,0.0,0.0014123697021686,-0.0024586886977493,0.0234622602955516,SPY
2013-03-13,0.08597990213858643,0.05393219609337301,0.2875138863448337,-0.4345378081672131,0.03531824610399806,0.011127785561434561,0.6244221027931707,1.0020766900495617,-0.803657730313729,-0.012758982055980528,0.0,0.0,0.0,0.0,0.0,0.0,0.0,0.0,0.0,0.0,0.0,0.0,0.0,0.0,0.0,0.0,0.0,0.0,0.0,0.0,0.0,0.0,0.0,0.0,0.0,0.0,0.0,0.0,0.0053106565482687,0.0030899433504574,0.0253217386727362,SPY
2013-03-14,0.3840691433357025,-0.0801608151517797,0.2895170838617261,-0.4275066173004738,0.04584695021476186,0.01586050987233096,0.76912758945441,0.9085157424286745,-0.08558576841588089,0.7017440130789315,0.0,0.0,0.0,0.0,0.0,0.0,0.0,0.0,0.0,0.0,0.0,0.0,0.0,0.0,0.0,0.0,0.0,0.0,0.0,0.0,0.0,0.0,0.0,0.0,0.0,0.0,0.0,0.0,-0.0013217866053274,-0.010799982823932,0.0175584398509256,SPY
2013-03-15,-0.12309208542722097,0.34635502155179954,0.423585746596993,-0.4241597120113954,0.05492179027061736,0.020234731867010962,0.6665054549161493,2.1712523214603143,0.17553549652474051,1.4162470082138434,0.0,0.0,0.0,0.0,0.0,0.0,0.0,0.0,0.0,0.0,0.0,0.0,0.0,0.0,0.0,0.0,0.0,0.0,0.0,0.0,0.0,0.0,0.0,0.0,0.0,0.0,0.0,0.0,-0.0055338993586833,-0.0014772393431474,-0.00456627428282,SPY
2013-03-18,-0.4451785670160915,0.19203838552927163,0.2099416924459424,-0.4059171066840045,0.06055468813884706,0.02390229795332836,0.4136964322918957,1.5731474716452656,-0.058880341896614084,-1.4417649723258046,0.0,0.0,0.0,0.0,0.0,0.0,0.0,0.0,0.0,0.0,0.0,0.0,0.0,0.0,0.0,0.0,0.0,0.0,0.0,0.0,0.0,0.0,0.0,0.0,0.0,0.0,0.0,0.0,-0.0023260289841759,-0.0001292389018505,0.015621918483486,SPY
2013-03-19,-0.19988321458397199,-0.42003173721057596,-0.1471753040926065,-0.4206569818019626,0.06262669595066515,0.026018177537419262,0.3011595739785949,1.0399024114917,0.8047446026992991,-0.7272619771908926,0.0,0.0,0.0,0.0,0.0,0.0,0.0,0.0,0.0,0.0,0.0,0.0,0.0,0.0,0.0,0.0,0.0,0.0,0.0,0.0,0.0,0.0,0.0,0.0,0.0,0.0,0.0,0.0,0.0069610017503753,0.0101673411761957,0.0032285778314333,SPY
2013-03-20,0.5102656415491194,-0.4767114907529393,-0.15023039255638,-0.4934774226105465,0.06649762078749326,0.03122867123450266,0.501474740286044,1.4228860640465222,-0.3222967809216228,-0.012758982055980528,0.0,0.0,0.0,0.0,0.0,0.0,0.0,0.0,0.0,0.0,0.0,0.0,0.0,0.0,0.0,0.0,0.0,0.0,0.0,0.0,0.0,0.0,0.0,0.0,0.0,0.0,0.0,0.0,-0.0085792696261206,0.0032063394258203,-0.0100052827733119,SPY
2013-03-21,-0.678048067907954,0.22850463068741342,0.06233001925683349,-0.4719417051445901,0.06704557095654406,0.03600943613948786,0.12283550176897942,0.642797601539686,0.038280186725792816,0.7017440130789315,0.0,0.0,0.0,0.0,0.0,0.0,0.0,0.0,0.0,0.0,0.0,0.0,0.0,0.0,0.0,0.0,0.0,0.0,0.0,0.0,0.0,0.0,0.0,0.0,0.0,0.0,0.0,0.0,0.0080009568754571,0.0148542448780499,0.0072293933850167,SPY
2013-03-22,0.5897876075698634,-0.1244302243750396,-0.4697738222003715,-0.4842872251423841,0.06879748264500536,0.04055821385497066,0.369284891131574,0.738071236245949,-0.395476520710333,1.4162470082138434,0.0,0.0,0.0,0.0,0.0,0.0,0.0,0.0,0.0,0.0,0.0,0.0,0.0,0.0,0.0,0.0,0.0,0.0,0.0,0.0,0.0,0.0,0.0,0.0,0.0,0.0,0.0,0.0,-0.0041858989173864,0.0028877373495852,0.0036567273814691,SPY
2013-03-25,-0.3421013834882653,-0.0657348322802246,-0.11263242657566282,-0.7094401629670126,0.06799373462232736,0.047418657559271764,0.13175395071613724,0.1221568532121283,0.5351269868068852,-1.4417649723258046,0.0,0.0,0.0,0.0,0.0,0.0,0.0,0.0,0.0,0.0,0.0,0.0,0.0,0.0,0.0,0.0,0.0,0.0,0.0,0.0,0.0,0.0,0.0,0.0,0.0,0.0,0.0,0.0,0.0079705510938703,0.0119963783254126,0.0180988125391063,SPY
2013-03-26,0.5874625769297293,0.18222838281212334,-0.060992395945217805,-0.7018107313590527,0.07047106520658906,0.05451206605200896,0.3474197370441932,0.3957442365281273,-0.9535686423512854,-0.7272619771908926,0.0,0.0,0.0,0.0,0.0,0.0,0.0,0.0,0.0,0.0,0.0,0.0,0.0,0.0,0.0,0.0,0.0,0.0,0.0,0.0,0.0,0.0,0.0,0.0,0.0,0.0,0.0,0.0,0.0,-0.006165053640549,0.010762464466488,SPY
2013-03-27,-0.022019388172853975,0.18051227100197142,0.3334553314661887,-0.7747090658413865,0.07249593012443335,0.05965254786582576,0.2871826291618606,0.3275476152493071,-0.6244472296207401,-0.012758982055980528,0.0,0.0,0.0,0.0,0.0,0.0,0.0,0.0,0.0,0.0,0.0,0.0,0.0,0.0,0.0,0.0,0.0,0.0,0.0,0.0,0.0,0.0,0.0,0.0,0.0,0.0,0.0,0.0,0.0030686358261089,-0.0021149300338709,0.0148072217489989,SPY
2013-03-28,0.21262915387329961,0.41676571338579976,0.06678899175629419,-0.7833003865251599,0.07380524097881255,0.06560119788137377,0.3328525648205568,0.28214305626587083,-0.5437074378471547,0.7017440130789315,0.0,0.0,0.0,0.0,0.0,0.0,0.0,0.0,0.0,0.0,0.0,0.0,0.0,0.0,0.0,0.0,0.0,0.0,0.0,0.0,0.0,0.0,0.0,0.0,0.0,0.0,0.0,0.0,-0.0039655506530076,-0.009685126215893,0.0099712540621057,SPY
2013-04-01,-0.3252520726189308,0.14010008453550502,0.5130041233737344,-0.7625553147959927,0.07425955384491095,0.07038963545678176,0.12844803367828023,-0.1146657445860963,-0.6170285062376061,-1.4417649723258046,0.0,0.0,0.0,0.0,0.0,0.0,0.0,0.0,0.0,0.0,0.0,0.0,0.0,0.0,0.0,0.0,0.0,0.0,0.0,0.0,0.0,0.0,0.0,0.0,0.0,0.0,0.0,0.0,0.004922742058441,0.0010250668787525,0.020612893077943,SPY
2013-04-02,0.3544065914283726,-0.0837168329798915,0.054583787312981795,-0.7645203859265036,0.07808074184778926,0.07514035153796236,0.2575313603993795,0.22544728530993438,-0.537404582167138,-0.7272619771908926,0.0,0.0,0.0,0.0,0.0,0.0,0.0,0.0,0.0,0.0,0.0,0.0,0.0,0.0,0.0,0.0,0.0,0.0,0.0,0.0,0.0,0.0,0.0,0.0,0.0,0.0,0.0,0.0,-0.0101908808720914,-0.0004466157704117,0.0180728451685023,SPY
2013-04-03,-0.8012827072205478,0.020929501912310015,0.403523212392779,-0.7221284872607998,0.07936142110712135,0.07682509024260456,-0.14210570172297368,-0.3413964113955314,0.8246320374666143,-0.012758982055980528,0.0,0.0,0.0,0.0,0.0,0.0,0.0,0.0,0.0,0.0,0.0,0.0,0.0,0.0,0.0,0.0,0.0,0.0,0.0,0.0,0.0,0.0,0.0,0.0,0.0,0.0,0.0,0.0,0.0040501236066781,0.0219186614576543,0.019457250171583,SPY
2013-04-04,0.2876803133452627,-0.33043008016591885,-0.2922161021379308,-0.7147154967577473,0.07971258555701906,0.07894670704872316,-0.016018659190175574,-0.3962460263421852,0.23366212648565102,0.7017440130789315,0.0,0.0,0.0,0.0,0.0,0.0,0.0,0.0,0.0,0.0,0.0,0.0,0.0,0.0,0.0,0.0,0.0,0.0,0.0,0.0,0.0,0.0,0.0,0.0,0.0,0.0,0.0,0.0,-0.004501560355913,0.0211403859303294,0.0246515485926002,SPY
2013-04-05,-0.3662389809510376,-0.3796809381501652,-0.1370614740691704,-0.6997417466541108,0.08136492532227686,0.08005236156854575,-0.19592436136096947,-0.5263663632677078,0.9345717820007312,1.4162470082138434,0.0,0.0,0.0,0.0,0.0,0.0,0.0,0.0,0.0,0.0,0.0,0.0,0.0,0.0,0.0,0.0,0.0,0.0,0.0,0.0,0.0,0.0,0.0,0.0,0.0,0.0,0.0,0.0,0.0067446424416379,0.0231893040127006,0.0392431030546038,SPY
2013-04-08,0.4937213530671198,-0.0585739111292385,-0.4270652090397562,-0.6838122662187179,0.08262493166603556,0.08156586246391906,0.037326712682281424,-0.02042331584359791,-0.9543229217521744,-1.4417649723258046,0.0,0.0,0.0,0.0,0.0,0.0,0.0,0.0,0.0,0.0,0.0,0.0,0.0,0.0,0.0,0.0,0.0,0.0,0.0,0.0,0.0,0.0,0.0,0.0,0.0,0.0,0.0,0.0,0.0034510594092767,-0.0070018391680104,0.0350366530484453,SPY
2013-04-09,0.24187183411280413,0.09350557356237142,-0.016772539600148708,-0.6851369124162705,0.08634285334635065,0.08303024641890286,0.14925974791402813,0.2081185208574159,-0.5435103112408081,-0.7272619771908926,0.0,0.0,0.0,0.0,0.0,0.0,0.0,0.0,0.0,0.0,0.0,0.0,0.0,0.0,0.0,0.0,0.0,0.0,0.0,0.0,0.0,0.0,0.0,0.0,0.0,0.0,0.0,0.0,0.0121743963559746,0.0042013948303356,0.0366408602638861,SPY
2013-04-10,0.9089168705111268,0.5423539171503894,-0.07315066437881491,-0.6140886621390692,0.09146537387307335,0.08684920209370436,0.5626161847965472,0.3751242531580664,0.3175213521678248,-0.012758982055980528,0.0,0.0,0.0,0.0,0.0,0.0,0.0,0.0,0.0,0.0,0.0,0.0,0.0,0.0,0.0,0.0,0.0,0.0,0.0,0.0,0.0,0.0,0.0,0.0,0.0,0.0,0.0,0.0,0.0032718480793532,-0.0226923711618676,0.0290071540751739,SPY
2013-04-11,0.22816813003462294,0.8488109240864449,0.7836321420159369,-0.6117254207113542,0.09766194275869895,0.09098050556534526,0.6381447488057114,0.9027420769941951,-0.3524195914207648,0.7017440130789315,0.0,0.0,0.0,0.0,0.0,0.0,0.0,0.0,0.0,0.0,0.0,0.0,0.0,0.0,0.0,0.0,0.0,0.0,0.0,0.0,0.0,0.0,0.0,0.0,0.0,0.0,0.0,0.0,-0.0024526422735418,-0.0322370780955907,0.0229154751252655,SPY
2013-04-12,-0.20956491858436116,0.838696180648004,0.753817484068706,-0.6148648889688083,0.10206155972535616,0.09384926470033246,0.5119069477076164,0.544412693414689,-0.20262894569070186,1.4162470082138434,0.0,0.0,0.0,0.0,0.0,0.0,0.0,0.0,0.0,0.0,0.0,0.0,0.0,0.0,0.0,0.0,0.0,0.0,0.0,0.0,0.0,0.0,0.0,0.0,0.0,0.0,0.0,0.0,-0.0234465007390731,-0.0211290292898409,0.0286165491375278,SPY
2013-04-15,-1.8148965903802703,0.013141551569155212,0.8323086991243375,-0.3423478515480048,0.10014086507885546,0.09311240197237726,-0.354684822005695,-0.3097819625858076,2.2607343031724763,-1.4417649723258046,0.0,0.0,0.0,0.0,0.0,0.0,0.0,0.0,0.0,0.0,0.0,0.0,0.0,0.0,0.0,0.0,0.0,0.0,0.0,0.0,0.0,0.0,0.0,0.0,0.0,0.0,0.0,0.0,0.0146542934076228,0.0067457623211417,0.0528581535883789,SPY
2013-04-16,1.0985464846356785,-1.4948504013532038,-0.3242721971846403,-0.271558398210335,0.10135936838298466,0.09564486707400625,0.16067734760019153,-0.0984942512132592,0.5268227473824475,-0.7272619771908926,0.0,0.0,0.0,0.0,0.0,0.0,0.0,0.0,0.0,0.0,0.0,0.0,0.0,0.0,0.0,0.0,0.0,0.0,0.0,0.0,0.0,0.0,0.0,0.0,0.0,0.0,0.0,0.0,-0.0147193696362286,0.0023476551537697,0.048484584625358,SPY
2013-04-17,-1.14756142727466,-0.5293296080710373,0.10490818667193019,-0.1863386640601823,0.10111139165140906,0.09616380423753286,-0.3917774005948654,-0.53803510864995,2.3474053844438494,-0.012758982055980528,0.0,0.0,0.0,0.0,0.0,0.0,0.0,0.0,0.0,0.0,0.0,0.0,0.0,0.0,0.0,0.0,0.0,0.0,0.0,0.0,0.0,0.0,0.0,0.0,0.0,0.0,0.0,0.0,-0.0062728588543699,0.0177012278112504,0.0685759969533288,SPY
2013-04-18,-0.5016843820165934,-0.036767602663287,-0.9253547546882704,-0.1913636477118802,0.09755879434249826,0.09455507138133826,-0.6040630218942702,-0.7823157297756559,0.9246258549502454,0.7017440130789315,0.0,0.0,0.0,0.0,0.0,0.0,0.0,0.0,0.0,0.0,0.0,0.0,0.0,0.0,0.0,0.0,0.0,0.0,0.0,0.0,0.0,0.0,0.0,0.0,0.0,0.0,0.0,0.0,0.0086554065322079,0.0280188439481312,0.0701425622484537,SPY
2013-04-19,0.6398312316755969,-1.2179026130312147,-1.2909992628917524,-0.18999201045917377,0.09821975776008626,0.09571751551197356,-0.2987855772053588,-0.4412916499171097,0.4894161204326133,1.4162470082138434,0.0,0.0,0.0,0.0,0.0,0.0,0.0,0.0,0.0,0.0,0.0,0.0,0.0,0.0,0.0,0.0,0.0,0.0,0.0,0.0,0.0,0.0,0.0,0.0,0.0,0.0,0.0,0.0,0.0044282908719095,0.017596105555139,0.0711174270322603,SPY
2013-04-22,0.3165975268774558,0.10137705514401822,-0.86546529198183,-0.20580824391681687,0.09813714470203536,0.09630916036188786,-0.14157979357465128,-0.4549976233357626,-0.5033412124081372,-1.4417649723258046,0.0,0.0,0.0,0.0,0.0,0.0,0.0,0.0,0.0,0.0,0.0,0.0,0.0,0.0,0.0,0.0,0.0,0.0,0.0,0.0,0.0,0.0,0.0,0.0,0.0,0.0,0.0,0.0,0.0102561862402508,0.019843903046059,0.0666296365791669,SPY
2013-04-23,0.7622376187201064,0.7053532882530696,0.2023793826263804,-0.1791242273030545,0.10026447024896526,0.09924642054542426,0.20701720840805102,0.0762232355989057,0.8763493170782541,-0.7272619771908926,0.0,0.0,0.0,0.0,0.0,0.0,0.0,0.0,0.0,0.0,0.0,0.0,0.0,0.0,0.0,0.0,0.0,0.0,0.0,0.0,0.0,0.0,0.0,0.0,0.0,0.0,0.0,0.0,0.000634203021252,0.0119704109548086,0.0578100253325146,SPY
2013-04-24,0.026476041956679425,0.7957017949865829,0.03389398612268119,-0.19854995797201477,0.09863278374821977,0.10100057864913116,0.21054607673460723,-0.0019067534045079098,-0.724867169625833,-0.012758982055980528,0.0,0.0,0.0,0.0,0.0,0.0,0.0,0.0,0.0,0.0,0.0,0.0,0.0,0.0,0.0,0.0,0.0,0.0,0.0,0.0,0.0,0.0,0.0,0.0,0.0,0.0,0.0,0.0,0.0040447572825108,0.0025297320645458,0.0497305163996255,SPY
2013-04-25,0.2872699680930531,0.5815622915930874,0.622068097962187,-0.19438712470810407,0.09724872025996156,0.10341888191966805,0.3343847051104263,0.22890633335203797,0.058120854665602815,0.7017440130789315,0.0,0.0,0.0,0.0,0.0,0.0,0.0,0.0,0.0,0.0,0.0,0.0,0.0,0.0,0.0,0.0,0.0,0.0,0.0,0.0,0.0,0.0,0.0,0.0,0.0,0.0,0.0,0.0,-0.0017673318607842,0.0077293968097302,0.0427885644780436,SPY
2013-04-26,-0.15716147343312417,0.23098730104723122,1.0173216876636069,-0.1944991737234933,0.09609196058770596,0.10504843072084435,0.24923850738894324,0.01646936526497419,-0.7365785300656018,1.4162470082138434,0.0,0.0,0.0,0.0,0.0,0.0,0.0,0.0,0.0,0.0,0.0,0.0,0.0,0.0,0.0,0.0,0.0,0.0,0.0,0.0,0.0,0.0,0.0,0.0,0.0,0.0,0.0,0.0,0.0066760883628296,0.0195867227766051,0.0437095470953989,SPY
2013-04-29,0.4884792469472541,0.09544392217362073,0.6180410098699076,-0.18983851795300127,0.10472557538371066,0.10842170002902667,0.4612974179235163,0.0962172698988714,-0.8920834175704936,-1.4417649723258046,0.0,0.0,0.0,0.0,0.0,0.0,0.0,0.0,0.0,0.0,0.0,0.0,0.0,0.0,0.0,0.0,0.0,0.0,0.0,0.0,0.0,0.0,0.0,0.0,0.0,0.0,0.0,0.0,0.0023826941490003,0.0154488268492549,0.0430042464601232,SPY
2013-04-30,0.16017743800243284,0.24395707025628594,0.704151019723072,-0.1948973142791449,0.10941429875142467,0.11139010513214316,0.5168298863768062,-0.1548126972532777,-0.2574841682014122,-0.7272619771908926,0.0,0.0,0.0,0.0,0.0,0.0,0.0,0.0,0.0,0.0,0.0,0.0,0.0,0.0,0.0,0.0,0.0,0.0,0.0,0.0,0.0,0.0,0.0,0.0,0.0,0.0,0.0,0.0,-0.0088064758690107,0.018121399324972,0.0341065183106197,SPY
2013-05-01,-0.6954217859569768,0.4781858345299916,0.4025284383761677,-0.20568270184713147,0.11596189452952436,0.11455568897786315,0.14942508286813302,-0.5112671559327511,0.2747908051584232,-0.012758982055980528,0.0,0.0,0.0,0.0,0.0,0.0,0.0,0.0,0.0,0.0,0.0,0.0,0.0,0.0,0.0,0.0,0.0,0.0,0.0,0.0,0.0,0.0,0.0,0.0,0.0,0.0,0.0,0.0,0.0092444220276952,0.0314685653612452,0.0465978747966051,SPY
2013-05-02,0.6848713195487621,-0.39565492677173464,0.040869100493213996,-0.18427877826655298,0.12754916196357113,0.11859314295182247,0.450077563537972,-0.185702352930316,-0.6920922527218711,0.7017440130789315,0.0,0.0,0.0,0.0,0.0,0.0,0.0,0.0,0.0,0.0,0.0,0.0,0.0,0.0,0.0,0.0,0.0,0.0,0.0,0.0,0.0,0.0,0.0,0.0,0.0,0.0,0.0,0.0,0.0100899941060905,0.0194043124629947,0.0228974767482199,SPY
2013-05-03,0.7495294499473714,-0.00837686200305159,0.2400610580648564,-0.17147972355824168,0.13971497626776005,0.12503865021961547,0.7573728289749577,0.8496152859711436,0.400008575405755,1.4162470082138434,0.0,0.0,0.0,0.0,0.0,0.0,0.0,0.0,0.0,0.0,0.0,0.0,0.0,0.0,0.0,0.0,0.0,0.0,0.0,0.0,0.0,0.0,0.0,0.0,0.0,0.0,0.0,0.0,0.0025381924354794,0.0125627500956246,0.0182983054041114,SPY
2013-05-06,0.17206788322977112,1.058145805798922,0.6942987996604673,-0.1800489853190678,0.15130259742089444,0.13081996294689385,0.786784105962977,0.5999282423969757,-1.316066974018464,-1.4417649723258046,0.0,0.0,0.0,0.0,0.0,0.0,0.0,0.0,0.0,0.0,0.0,0.0,0.0,0.0,0.0,0.0,0.0,0.0,0.0,0.0,0.0,0.0,0.0,0.0,0.0,0.0,0.0,0.0,0.0050552666247174,0.0108196613719231,0.0109420542126068,SPY
2013-05-07,0.3645403114343362,0.6796441128897842,0.5357817355055199,-0.17715362562366999,0.16125839451586035,0.13689178055341097,0.9088868853978238,1.4637721098980936,-0.777551829361957,-0.7272619771908926,0.0,0.0,0.0,0.0,0.0,0.0,0.0,0.0,0.0,0.0,0.0,0.0,0.0,0.0,0.0,0.0,0.0,0.0,0.0,0.0,0.0,0.0,0.0,0.0,0.0,0.0,0.0,0.0,0.0045406901672624,0.0160451191918076,-0.0082129391083816,SPY
2013-05-08,0.3251923332592272,0.39548252121868344,0.6381642869350547,-0.21529644332695688,0.17253590228433754,0.14173884444066037,1.0260623072085342,1.9178792474775468,-0.6340619843453875,-0.012758982055980528,0.0,0.0,0.0,0.0,0.0,0.0,0.0,0.0,0.0,0.0,0.0,0.0,0.0,0.0,0.0,0.0,0.0,0.0,0.0,0.0,0.0,0.0,0.0,0.0,0.0,0.0,0.0,0.0,-0.0028198308705551,0.0168764717162872,-0.0037413932439376,SPY
2013-05-09,-0.23764262927654087,0.5085041186907294,1.1494757389399688,-0.2103706464651411,0.18154172781596045,0.14556881044689227,0.8739222536484755,1.6120374750815876,-0.4462159828240734,0.7017440130789315,0.0,0.0,0.0,0.0,0.0,0.0,0.0,0.0,0.0,0.0,0.0,0.0,0.0,0.0,0.0,0.0,0.0,0.0,0.0,0.0,0.0,0.0,0.0,0.0,0.0,0.0,0.0,0.0,0.0032484317387204,0.0149900090275973,0.0117184801147471,SPY
2013-05-10,0.22637755907706814,0.06403115623130842,0.687310913088941,-0.21419772375702678,0.19222034986675016,0.15035358449498137,0.9424803598052532,1.5962940830151249,-0.5406127519984321,1.4162470082138434,0.0,0.0,0.0,0.0,0.0,0.0,0.0,0.0,0.0,0.0,0.0,0.0,0.0,0.0,0.0,0.0,0.0,0.0,0.0,0.0,0.0,0.0,0.0,0.0,0.0,0.0,0.0,0.0,0.0007951037117779,0.0213718486048914,0.0084700483760267,SPY
2013-05-13,0.03877959134657112,-0.00890431311900359,0.4252201307808979,-0.4907469508103967,0.20097810041149564,0.15909281535499195,0.8718740849548087,1.426958846918646,-1.0401618242351682,-1.4417649723258046,0.0,0.0,0.0,0.0,0.0,0.0,0.0,0.0,0.0,0.0,0.0,0.0,0.0,0.0,0.0,0.0,0.0,0.0,0.0,0.0,0.0,0.0,0.0,0.0,0.0,0.0,0.0,0.0,0.0102807244446019,0.0205172453119297,-0.0026938727984058,SPY
2013-05-14,0.764113974925827,0.19512372385084004,0.3584448150421821,-0.5344474599771468,0.21244158581588915,0.16720936506761186,1.17149317851946,1.6071510131336475,-0.14219774929068127,-0.7272619771908926,0.0,0.0,0.0,0.0,0.0,0.0,0.0,0.0,0.0,0.0,0.0,0.0,0.0,0.0,0.0,0.0,0.0,0.0,0.0,0.0,0.0,0.0,0.0,0.0,0.0,0.0,0.0,0.0,0.005372042691742,0.0116730958609263,-0.0212864713698355,SPY
2013-05-15,0.3887631408916493,0.592028520742715,0.5586248695956662,-0.7092974855183276,0.22863517972126415,0.17863690412399086,1.2457627067796213,1.63110917587767,-0.11137771035439238,-0.012758982055980528,0.0,0.0,0.0,0.0,0.0,0.0,0.0,0.0,0.0,0.0,0.0,0.0,0.0,0.0,0.0,0.0,0.0,0.0,0.0,0.0,0.0,0.0,0.0,0.0,0.0,0.0,0.0,0.0,-0.004706293559245,-0.0011442527424527,-0.0115641002038326,SPY
2013-05-16,-0.3818942591895143,0.8503523864017608,0.5904728338200106,-0.7276054979966528,0.24018147469431314,0.19026161204823686,0.9316481187488922,1.4263111557121628,-0.3586980591522033,0.7017440130789315,0.0,0.0,0.0,0.0,0.0,0.0,0.0,0.0,0.0,0.0,0.0,0.0,0.0,0.0,0.0,0.0,0.0,0.0,0.0,0.0,0.0,0.0,0.0,0.0,0.0,0.0,0.0,0.0,0.0096302713160145,0.0006648461777212,-0.0131503610600116,SPY
2013-05-17,0.714375952253411,0.004480408994328311,0.5182050599805496,-0.720410812200631,0.25168630592985264,0.20215620640147325,1.1642376946090167,1.4814285295920622,0.15854905023716623,1.4162470082138434,0.0,0.0,0.0,0.0,0.0,0.0,0.0,0.0,0.0,0.0,0.0,0.0,0.0,0.0,0.0,0.0,0.0,0.0,0.0,0.0,0.0,0.0,0.0,0.0,0.0,0.0,0.0,0.0,-5.9499581183786177e-05,-0.0098117743817223,-0.0150884721622155,SPY
2013-05-20,-0.026569126482738677,0.24481616262735512,0.7626844986764212,-0.7130557983012207,0.26232354284737563,0.21332428675082576,1.0343591430611694,1.4392716723826489,-0.9562730502495034,-1.4417649723258046,0.0,0.0,0.0,0.0,0.0,0.0,0.0,0.0,0.0,0.0,0.0,0.0,0.0,0.0,0.0,0.0,0.0,0.0,0.0,0.0,0.0,0.0,0.0,0.0,0.0,0.0,0.0,0.0,0.0014365749935985,-0.0037814870729846,-0.0071544092805684,SPY
2013-05-21,0.08783080158240553,0.5070826661985551,0.7299458297016822,-0.7450196583969517,0.27176292972528215,0.22307044451304286,0.9785737825284352,2.066429151227457,-0.6946931810700698,-0.7272619771908926,0.0,0.0,0.0,0.0,0.0,0.0,0.0,0.0,0.0,0.0,0.0,0.0,0.0,0.0,0.0,0.0,0.0,0.0,0.0,0.0,0.0,0.0,0.0,0.0,0.0,0.0,0.0,0.0,-0.007445305911637,-0.0117330960670862,-0.0225041914708015,SPY
2013-05-22,-0.5913375726211226,0.04462788641921761,0.3911387087554533,-0.6812693627211989,0.2771126165105842,0.23142567648665427,0.6012509220737647,1.365309189899932,3.148343985382425,-0.012758982055980528,0.0,0.0,0.0,0.0,0.0,0.0,0.0,0.0,0.0,0.0,0.0,0.0,0.0,0.0,0.0,0.0,0.0,0.0,0.0,0.0,0.0,0.0,0.0,0.0,0.0,0.0,0.0,0.0,-0.002897194639071,-0.0006029095384745,-0.0401490282540919,SPY
2013-05-23,-0.24355838354591308,-0.37222932986524465,-0.09987617091534681,-0.6664696956998681,0.28242080025625743,0.23861852357805005,0.4116208780908179,0.9120612751059393,2.1738730487286357,0.7017440130789315,0.0,0.0,0.0,0.0,0.0,0.0,0.0,0.0,0.0,0.0,0.0,0.0,0.0,0.0,0.0,0.0,0.0,0.0,0.0,0.0,0.0,0.0,0.0,0.0,0.0,0.0,0.0,0.0,-0.0008463492434289,-0.0121616909200934,-0.0340472404130984,SPY
2013-05-24,-0.08673694583895188,-0.6168286416078114,-0.030572095939373708,-0.6703575781334177,0.28634523493063846,0.24595661817169767,0.2984240481260966,0.7724938376439846,0.6983329069658964,1.4162470082138434,0.0,0.0,0.0,0.0,0.0,0.0,0.0,0.0,0.0,0.0,0.0,0.0,0.0,0.0,0.0,0.0,0.0,0.0,0.0,0.0,0.0,0.0,0.0,0.0,0.0,0.0,0.0,0.0,0.0059707877275538,-0.0058245189146823,-0.0459171329002519,SPY
2013-05-28,0.4345472148815438,-0.24438146603690442,-0.431916924931201,-0.6739419873827708,0.29204600756159643,0.2532220840768507,0.4425911157686916,0.8063125467652409,0.5218576921134845,-0.7272619771908926,0.0,0.0,0.0,0.0,0.0,0.0,0.0,0.0,0.0,0.0,0.0,0.0,0.0,0.0,0.0,0.0,0.0,0.0,0.0,0.0,0.0,0.0,0.0,0.0,0.0,0.0,0.0,0.0,-0.0065150340005031,-0.0166133653982614,-0.0423197510654427,SPY
2013-05-29,-0.5202027231232427,0.25613022869420843,-0.2009049669276865,-0.6315923710169746,0.2920255311566278,0.2589722420098125,0.13466415652520491,0.21961673560943237,0.9053395731904832,-0.012758982055980528,0.0,0.0,0.0,0.0,0.0,0.0,0.0,0.0,0.0,0.0,0.0,0.0,0.0,0.0,0.0,0.0,0.0,0.0,0.0,0.0,0.0,0.0,0.0,0.0,0.0,0.0,0.0,0.0,0.0036848806169746,-0.0241980580940293,-0.0259526593524164,SPY
2013-05-30,0.2597513768786703,-0.0638121096371942,-0.505520098671763,-0.7009834782978832,0.29142656683469875,0.2668086059430545,0.18657238544496574,0.529243939612183,-0.3831237519173913,0.7017440130789315,0.0,0.0,0.0,0.0,0.0,0.0,0.0,0.0,0.0,0.0,0.0,0.0,0.0,0.0,0.0,0.0,0.0,0.0,0.0,0.0,0.0,0.0,0.0,0.0,0.0,0.0,0.0,0.0,-0.0144559760206899,-0.0188707026792975,-0.0237844294786873,SPY
2013-05-31,-1.1274205792324887,-0.19282942097284542,-0.07913806224816991,-0.5802496444463927,0.28752276577376923,0.27064898979651436,-0.3920899737005627,-0.3369059415217765,1.267336452871597,1.4162470082138434,0.0,0.0,0.0,0.0,0.0,0.0,0.0,0.0,0.0,0.0,0.0,0.0,0.0,0.0,0.0,0.0,0.0,0.0,0.0,0.0,0.0,0.0,0.0,0.0,0.0,0.0,0.0,0.0,0.005490822761982,0.008225315829522,-0.0134347499159375,SPY
2013-06-03,0.3978458642532212,-0.6410186689852917,-0.5219389741107423,-0.6147875175566997,0.28217307898846716,0.2737419745779502,-0.22267092699924598,-0.1547842142635454,1.0272442997334943,-1.4417649723258046,0.0,0.0,0.0,0.0,0.0,0.0,0.0,0.0,0.0,0.0,0.0,0.0,0.0,0.0,0.0,0.0,0.0,0.0,0.0,0.0,0.0,0.0,0.0,0.0,0.0,0.0,0.0,0.0,-0.0048180587560251,0.0027344930675399,-0.0130827650735945,SPY
2013-06-04,-0.3904405781279875,-0.5390907302259793,-0.2791706882524813,-0.5993181941876752,0.27521228036269013,0.2755893995698723,-0.4204985001888053,-0.7726935810243248,0.7479828531730361,-0.7272619771908926,0.0,0.0,0.0,0.0,0.0,0.0,0.0,0.0,0.0,0.0,0.0,0.0,0.0,0.0,0.0,0.0,0.0,0.0,0.0,0.0,0.0,0.0,0.0,0.0,0.0,0.0,0.0,0.0,-0.014099726696271,-0.0028162656390895,-0.0091943996514736,SPY
2013-06-05,-1.100179358925868,0.00487633064353591,-0.6924764601283252,-0.5067097517193363,0.26302587174717035,0.27420901012533466,-0.9214303183071366,-1.4553925291156522,1.9475891407937511,-0.012758982055980528,0.0,0.0,0.0,0.0,0.0,0.0,0.0,0.0,0.0,0.0,0.0,0.0,0.0,0.0,0.0,0.0,0.0,0.0,0.0,0.0,0.0,0.0,0.0,0.0,0.0,0.0,0.0,0.0,0.0090122360317064,0.0029715869303537,0.0053388298830006,SPY
2013-06-06,0.6671168160724109,-1.1008203999867305,-0.9830355364704224,-0.4756284269086291,0.25641627687341134,0.2735759012559801,-0.5858106369021207,-0.9149340119849448,1.6024132056541618,0.7017440130789315,0.0,0.0,0.0,0.0,0.0,0.0,0.0,0.0,0.0,0.0,0.0,0.0,0.0,0.0,0.0,0.0,0.0,0.0,0.0,0.0,0.0,0.0,0.0,0.0,0.0,0.0,0.0,0.0,0.0126400424881296,0.0090537647563921,0.0070577906060425,SPY
2013-06-07,0.9445233067946234,-0.32023424220515445,-0.7789519261332173,-0.407733997419289,0.25507371642478305,0.2755686428733099,-0.14109973198152967,-0.7977498098031977,1.2822309907705975,1.4162470082138434,0.0,0.0,0.0,0.0,0.0,0.0,0.0,0.0,0.0,0.0,0.0,0.0,0.0,0.0,0.0,0.0,0.0,0.0,0.0,0.0,0.0,0.0,0.0,0.0,0.0,0.0,0.0,0.0,0.0,-0.0098788321471614,0.0001063335237985,SPY
2013-06-10,-0.022019388172853975,1.1889666828635472,0.2590590291245916,-0.4110150220387841,0.25402026237721176,0.2770113221570078,-0.15672682673513808,-0.7959614513392567,-0.5868208382265852,-1.4417649723258046,0.0,0.0,0.0,0.0,0.0,0.0,0.0,0.0,0.0,0.0,0.0,0.0,0.0,0.0,0.0,0.0,0.0,0.0,0.0,0.0,0.0,0.0,0.0,0.0,0.0,0.0,0.0,0.0,-0.0103688174626546,-0.0021866719333507,0.0072779483475313,SPY
2013-06-11,-0.8148889361503786,0.6803132662168724,0.04871321103101389,-0.3624437902579648,0.24741074610769495,0.2765546748326414,-0.5344102347114776,-1.1272055860917698,0.6223833724224519,-0.7272619771908926,0.0,0.0,0.0,0.0,0.0,0.0,0.0,0.0,0.0,0.0,0.0,0.0,0.0,0.0,0.0,0.0,0.0,0.0,0.0,0.0,0.0,0.0,0.0,0.0,0.0,0.0,0.0,0.0,-0.0083118741268277,0.0160567088297671,0.0180103994065339,SPY
2013-06-12,-0.6576012089079588,-0.6183139763382971,-0.1639286701220635,-0.3881394734172377,0.24024329693042784,0.2729427133887315,-0.799846334582392,-1.1428702149563708,0.9965344803972384,-0.012758982055980528,0.0,0.0,0.0,0.0,0.0,0.0,0.0,0.0,0.0,0.0,0.0,0.0,0.0,0.0,0.0,0.0,0.0,0.0,0.0,0.0,0.0,0.0,0.0,0.0,0.0,0.0,0.0,0.0,0.0150944138577449,0.0104553757599603,0.0398506682681869,SPY
2013-06-13,1.1322010555258324,-1.0874387483120613,0.057795948664404996,-0.2972245646900901,0.23689723226664414,0.27096032049547236,-0.22410059241670557,-0.5574237679291125,0.691154575881145,0.7017440130789315,0.0,0.0,0.0,0.0,0.0,0.0,0.0,0.0,0.0,0.0,0.0,0.0,0.0,0.0,0.0,0.0,0.0,0.0,0.0,0.0,0.0,0.0,0.0,0.0,0.0,0.0,0.0,0.0,-0.0062925544154239,-0.029729180792712,0.0251744222019523,SPY
2013-06-14,-0.5031904371329354,0.34971398097940826,0.2907957605444804,-0.2909592007940286,0.23633945656737834,0.2687183602730829,-0.4321898254476269,-0.6916417218854717,0.18029550140130912,1.4162470082138434,0.0,0.0,0.0,0.0,0.0,0.0,0.0,0.0,0.0,0.0,0.0,0.0,0.0,0.0,0.0,0.0,0.0,0.0,0.0,0.0,0.0,0.0,0.0,0.0,0.0,0.0,0.0,0.0,0.0076921602138106,-0.0202320331753655,0.0352803859431674,SPY
2013-06-17,0.5661749371357996,0.46368501623568753,-0.4344858150852374,-0.3057044456942757,0.23652547350541525,0.26612359545755787,-0.11973496930755387,-0.6437507199493469,0.06756574866404991,-1.4417649723258046,0.0,0.0,0.0,0.0,0.0,0.0,0.0,0.0,0.0,0.0,0.0,0.0,0.0,0.0,0.0,0.0,0.0,0.0,0.0,0.0,0.0,0.0,0.0,0.0,0.0,0.0,0.0,0.0,0.0078745633004633,-0.0406404351197586,0.0238345888108204,SPY
2013-06-18,0.5801227044086747,0.045899508440956416,-0.13980980691323,-0.2771184434695424,0.24102827819039455,0.2648884436405345,0.18730703268176033,-0.2649665971930836,-0.4182677259697847,-0.7272619771908926,0.0,0.0,0.0,0.0,0.0,0.0,0.0,0.0,0.0,0.0,0.0,0.0,0.0,0.0,0.0,0.0,0.0,0.0,0.0,0.0,0.0,0.0,0.0,0.0,0.0,0.0,0.0,0.0,-0.0139132071966345,-0.0389468288578589,0.0185234841023831,SPY
2013-06-19,-1.0859168230196834,0.8454960574959727,0.5590688525803071,-0.21175374901044708,0.24553100427113164,0.2610273623389327,-0.2880882563240121,-0.6928115936086815,1.574294215771571,-0.012758982055980528,0.0,0.0,0.0,0.0,0.0,0.0,0.0,0.0,0.0,0.0,0.0,0.0,0.0,0.0,0.0,0.0,0.0,0.0,0.0,0.0,0.0,0.0,0.0,0.0,0.0,0.0,0.0,0.0,-0.0250901426949274,-0.0151815639487011,0.0378997983788496,SPY
2013-06-20,-1.9405805132836111,-0.37391762769452325,0.3444895375929472,-0.03003573216435199,0.23865295626082875,0.25424976767561996,-1.1320239235466532,-0.8926420844054701,3.504099527109604,0.7017440130789315,0.0,0.0,0.0,0.0,0.0,0.0,0.0,0.0,0.0,0.0,0.0,0.0,0.0,0.0,0.0,0.0,0.0,0.0,0.0,0.0,0.0,0.0,0.0,0.0,0.0,0.0,0.0,0.0,0.0032045932019224,0.0157616892369301,0.0647647949608645,SPY
2013-06-21,0.22302536959353111,-2.234455930765779,-1.1949251893446635,-0.02203797910850939,0.22855616280727253,0.24850144644368546,-0.9548023934110492,-0.9552507251298483,2.3716433474633343,1.4162470082138434,0.0,0.0,0.0,0.0,0.0,0.0,0.0,0.0,0.0,0.0,0.0,0.0,0.0,0.0,0.0,0.0,0.0,0.0,0.0,0.0,0.0,0.0,0.0,0.0,0.0,0.0,0.0,0.0,-0.0127162417305823,0.0084507995770675,0.0635088090345785,SPY
2013-06-24,-0.9943887899116006,-1.268321929440337,-0.8311026127067885,0.01441863684031041,0.21428581818625345,0.24080117613176577,-1.331949037968808,-1.083723906478345,1.4161696455996913,-1.4417649723258046,0.0,0.0,0.0,0.0,0.0,0.0,0.0,0.0,0.0,0.0,0.0,0.0,0.0,0.0,0.0,0.0,0.0,0.0,0.0,0.0,0.0,0.0,0.0,0.0,0.0,0.0,0.0,0.0,0.009568169562363,0.027009848911975,0.0740989766921904,SPY
2013-06-25,0.7096272343283805,-0.5699350939626168,-1.6129202362329007,0.03699256110481841,0.20666211068790605,0.23364892408298046,-0.9099969194442716,-0.5969563719107753,0.3298136646838224,-0.7272619771908926,0.0,0.0,0.0,0.0,0.0,0.0,0.0,0.0,0.0,0.0,0.0,0.0,0.0,0.0,0.0,0.0,0.0,0.0,0.0,0.0,0.0,0.0,0.0,0.0,0.0,0.0,0.0,0.0,0.0098520577125231,0.0165119860157076,0.0608583748078324,SPY
2013-06-26,0.7313352323816116,-0.21077285648432814,-1.5480405250984803,0.0710725382339205,0.20508684238165634,0.22925567347066275,-0.5025222674931572,-0.5798703887491812,-0.17214394029825547,-0.012758982055980528,0.0,0.0,0.0,0.0,0.0,0.0,0.0,0.0,0.0,0.0,0.0,0.0,0.0,0.0,0.0,0.0,0.0,0.0,0.0,0.0,0.0,0.0,0.0,0.0,0.0,0.0,0.0,0.0,0.0058531104907038,0.0070934311413877,0.0534361594323806,SPY
2013-06-27,0.4255488215811938,1.0629890134061692,-0.63762612889188,0.079000954670668,0.20038233921241705,0.22521023083470576,-0.24251403592141257,-0.7497777277571285,-0.2611985967339807,0.7017440130789315,0.0,0.0,0.0,0.0,0.0,0.0,0.0,0.0,0.0,0.0,0.0,0.0,0.0,0.0,0.0,0.0,0.0,0.0,0.0,0.0,0.0,0.0,0.0,0.0,0.0,0.0,0.0,0.0,-0.0041062964579401,0.0119715174054322,0.0486483644804485,SPY
2013-06-28,-0.3360144438477126,0.8533099189843679,0.5477670604265695,0.025621948811224808,0.19643479489096835,0.22294628944840206,-0.3694004076416767,-0.8284700564255302,0.2868328602291503,1.4162470082138434,0.0,0.0,0.0,0.0,0.0,0.0,0.0,0.0,0.0,0.0,0.0,0.0,0.0,0.0,0.0,0.0,0.0,0.0,0.0,0.0,0.0,0.0,0.0,0.0,0.0,0.0,0.0,0.0,0.005842807604325,0.021766399269258,0.0496748791711407,SPY
2013-07-01,0.4247609935674936,0.06549604964142373,0.267696999315992,0.02702287267131321,0.19183656465653776,0.22072913456462556,-0.12890180892992867,-0.47199086494850157,-0.21693823778667667,-1.4417649723258046,0.0,0.0,0.0,0.0,0.0,0.0,0.0,0.0,0.0,0.0,0.0,0.0,0.0,0.0,0.0,0.0,0.0,0.0,0.0,0.0,0.0,0.0,0.0,0.0,0.0,0.0,0.0,0.0,-0.0009296933339042,0.0230952064886658,0.0438320715668156,SPY
2013-07-02,-0.09310999576289478,0.06491455151605152,0.9786684847589076,0.02134961182413481,0.18424182282126494,0.21917542374137297,-0.14628406322471957,-0.3002788874585053,0.17676389509052323,-0.7272619771908926,0.0,0.0,0.0,0.0,0.0,0.0,0.0,0.0,0.0,0.0,0.0,0.0,0.0,0.0,0.0,0.0,0.0,0.0,0.0,0.0,0.0,0.0,0.0,0.0,0.0,0.0,0.0,0.0,0.0004335028382032,0.024388533418918,0.0454734210350915,SPY
2013-07-03,0.011129155584531024,0.24420302406457003,0.5765098912528842,-0.04181893639025929,0.18152223396401335,0.22007145735033887,-0.14007086100486577,-0.6972412088746193,-1.2522454869507624,-0.012758982055980528,0.0,0.0,0.0,0.0,0.0,0.0,0.0,0.0,0.0,0.0,0.0,0.0,0.0,0.0,0.0,0.0,0.0,0.0,0.0,0.0,0.0,0.0,0.0,0.0,0.0,0.0,0.0,0.0,0.0107311967547483,0.03748342531554,0.0565316608107089,SPY
2013-07-05,0.7985601186841267,-0.0610998265588425,0.2156980937905111,-0.03101236701080839,0.19078092934125915,0.22126774220367595,0.24694138813495092,-0.23296430011853023,-0.3969823688203188,1.4162470082138434,0.0,0.0,0.0,0.0,0.0,0.0,0.0,0.0,0.0,0.0,0.0,0.0,0.0,0.0,0.0,0.0,0.0,0.0,0.0,0.0,0.0,0.0,0.0,0.0,0.0,0.0,0.0,0.0,0.0056885854058856,0.027170396352302,0.0474978171772288,SPY
2013-07-08,0.4129681266176069,0.597044452382261,0.4025708249677024,-0.07254275930637749,0.20091392004812855,0.22128593146869327,0.4606232264958082,-0.28466614590278067,-0.6538042125803732,-1.4417649723258046,0.0,0.0,0.0,0.0,0.0,0.0,0.0,0.0,0.0,0.0,0.0,0.0,0.0,0.0,0.0,0.0,0.0,0.0,0.0,0.0,0.0,0.0,0.0,0.0,0.0,0.0,0.0,0.0,0.0071716148237328,0.0252952202722074,0.0403460912056923,SPY
2013-07-09,0.5263705342114274,0.8936429539536815,0.7777991883819761,-0.05617276842798459,0.21767067404332785,0.22253536215499717,0.7179311195505031,-0.3031808715411909,-0.4533961622310974,-0.7272619771908926,0.0,0.0,0.0,0.0,0.0,0.0,0.0,0.0,0.0,0.0,0.0,0.0,0.0,0.0,0.0,0.0,0.0,0.0,0.0,0.0,0.0,0.0,0.0,0.0,0.0,0.0,0.0,0.0,0.0003636335963479,0.0143699685299383,0.0274758431923629,SPY
2013-07-10,0.005786483249246124,0.6927390379138817,0.8287039532544244,-0.0971326927444288,0.23141674802311485,0.22561187587560355,0.6971100009429942,0.14635376643888337,-0.3931855006387569,-0.012758982055980528,0.0,0.0,0.0,0.0,0.0,0.0,0.0,0.0,0.0,0.0,0.0,0.0,0.0,0.0,0.0,0.0,0.0,0.0,0.0,0.0,0.0,0.0,0.0,0.0,0.0,0.0,0.0,0.0,0.0135283947348252,0.0165697935256163,0.0238664928694172,SPY
2013-07-11,1.0124526967003873,0.39219709450813933,0.8782495173709668,-0.0797943933025926,0.24657475069485044,0.23243725438985127,1.1362544142822335,1.5439112383666482,-0.13019225505265536,0.7017440130789315,0.0,0.0,0.0,0.0,0.0,0.0,0.0,0.0,0.0,0.0,0.0,0.0,0.0,0.0,0.0,0.0,0.0,0.0,0.0,0.0,0.0,0.0,0.0,0.0,0.0,0.0,0.0,0.0,0.0004181677915102,0.008504505870623,0.0139963419084665,SPY
2013-07-12,0.009956534735192625,0.7509757382623162,1.3798966963535932,-0.1423477545901705,0.25992619207906664,0.23678237553544976,1.1030218527157591,1.506469689467629,-0.6801209364887113,1.4162470082138434,0.0,0.0,0.0,0.0,0.0,0.0,0.0,0.0,0.0,0.0,0.0,0.0,0.0,0.0,0.0,0.0,0.0,0.0,0.0,0.0,0.0,0.0,0.0,0.0,0.0,0.0,0.0,0.0,0.0038134093257911,0.0098611919662001,0.0106877989829028,SPY
2013-07-15,0.2695795467378187,0.754053665271306,0.9848188349235928,-0.162309162285224,0.27597717823889595,0.24286440361972417,1.1805008700878057,2.3509128970897173,-1.2774041133248275,-1.4417649723258046,0.0,0.0,0.0,0.0,0.0,0.0,0.0,0.0,0.0,0.0,0.0,0.0,0.0,0.0,0.0,0.0,0.0,0.0,0.0,0.0,0.0,0.0,0.0,0.0,0.0,0.0,0.0,0.0,-0.0037536369185362,0.0079963899160455,0.0056930413969231,SPY
2013-07-16,-0.3090477226565821,0.20573685426095434,0.9129834354333674,-0.16638641723260528,0.28876809277538673,0.24698126035156026,0.9901188414786326,1.9922748487860835,-0.8974320156230262,-0.7272619771908926,0.0,0.0,0.0,0.0,0.0,0.0,0.0,0.0,0.0,0.0,0.0,0.0,0.0,0.0,0.0,0.0,0.0,0.0,0.0,0.0,0.0,0.0,0.0,0.0,0.0,0.0,0.0,0.0,0.002563458592026,0.0096239527616113,0.0123984965208086,SPY
2013-07-17,0.17399990355825942,-0.029721106658210393,0.4944521669470562,-0.1825344141800859,0.30276318499295185,0.2501974620976503,1.051983272431848,1.9120018125970644,-0.8142961617992428,-0.012758982055980528,0.0,0.0,0.0,0.0,0.0,0.0,0.0,0.0,0.0,0.0,0.0,0.0,0.0,0.0,0.0,0.0,0.0,0.0,0.0,0.0,0.0,0.0,0.0,0.0,0.0,0.0,0.0,0.0,0.0054631070798318,0.0033880618475903,0.0046931253180639,SPY
2013-07-18,0.3957265367158752,-0.1002687165002965,0.5787244169243172,-0.2656801457520355,0.31852353196901045,0.2567504953734664,1.1876732360917397,1.91043838731658,-0.5996226003981182,0.7017440130789315,0.0,0.0,0.0,0.0,0.0,0.0,0.0,0.0,0.0,0.0,0.0,0.0,0.0,0.0,0.0,0.0,0.0,0.0,0.0,0.0,0.0,0.0,0.0,0.0,0.0,0.0,0.0,0.0,0.0017748538870874,0.0003547971048298,-0.0148550907736826,SPY
2013-07-19,0.11369788182920303,0.41992719366384895,0.2697544130669737,-0.6228956203103914,0.33129369498568534,0.26782008509888366,1.1311914676080288,2.277215837286686,-0.5990310108633992,1.4162470082138434,0.0,0.0,0.0,0.0,0.0,0.0,0.0,0.0,0.0,0.0,0.0,0.0,0.0,0.0,0.0,0.0,0.0,0.0,0.0,0.0,0.0,0.0,0.0,0.0,0.0,0.0,0.0,0.0,0.0019486072756365,-0.0003547412434858,-0.0199407778944413,SPY
2013-07-22,0.12698423498708933,0.37541809779248164,0.3217271790878043,-0.621988561212157,0.34281794146893124,0.2787029336783995,1.0839423575310818,2.2477924109692933,-1.0144137106687767,-1.4417649723258046,0.0,0.0,0.0,0.0,0.0,0.0,0.0,0.0,0.0,0.0,0.0,0.0,0.0,0.0,0.0,0.0,0.0,0.0,0.0,0.0,0.0,0.0,0.0,0.0,0.0,0.0,0.0,0.0,-0.0021260740729704,-0.0053831302863702,-0.0283023955400336,SPY
2013-07-23,-0.18459331671139406,0.17705863107203673,0.2502891943219743,-0.7670466866641261,0.3511444887946448,0.29130739322942917,0.8623834724759611,2.127260487461966,-0.9799113842333128,-0.7272619771908926,0.0,0.0,0.0,0.0,0.0,0.0,0.0,0.0,0.0,0.0,0.0,0.0,0.0,0.0,0.0,0.0,0.0,0.0,0.0,0.0,0.0,0.0,0.0,0.0,0.0,0.0,0.0,0.0,-0.0036724323219949,-0.0032570562133997,-0.0212725732748051,SPY
2013-07-24,-0.3028382728340452,-0.0431109614680562,0.3126388736122354,-0.7591794025020647,0.35805891091780534,0.3016893754135965,0.6084398921835268,1.7931930559215048,-0.4169956943283036,-0.012758982055980528,0.0,0.0,0.0,0.0,0.0,0.0,0.0,0.0,0.0,0.0,0.0,0.0,0.0,0.0,0.0,0.0,0.0,0.0,0.0,0.0,0.0,0.0,0.0,0.0,0.0,0.0,0.0,0.0,0.0024298423370714,0.0011270322429668,-0.0237792260019267,SPY
2013-07-25,0.16378270569072353,-0.36036419211831383,0.07375052614378519,-0.7938857155523474,0.36115277387202127,0.3108610111193526,0.5999238448184088,1.6545277126455349,-0.4479345808198533,0.7017440130789315,0.0,0.0,0.0,0.0,0.0,0.0,0.0,0.0,0.0,0.0,0.0,0.0,0.0,0.0,0.0,0.0,0.0,0.0,0.0,0.0,0.0,0.0,0.0,0.0,0.0,0.0,0.0,0.0,0.0010653155387716,0.0101889325197159,-0.0171354580907969,SPY
2013-07-26,0.05944180571174002,-0.1032268468721878,-0.042449646666025506,-0.8002772982903684,0.36447510005480444,0.31923964621896417,0.5487223326777545,1.5569378530540166,-0.4959416250082031,1.4162470082138434,0.0,0.0,0.0,0.0,0.0,0.0,0.0,0.0,0.0,0.0,0.0,0.0,0.0,0.0,0.0,0.0,0.0,0.0,0.0,0.0,0.0,0.0,0.0,0.0,0.0,0.0,0.0,0.0,-0.0030797817672478,0.0108209701022126,-0.0148338527113853,SPY
2013-07-29,-0.2575202238720124,0.16417312224880104,-0.06963107845045531,-0.8095367923134482,0.36538871715635035,0.3277644274218668,0.3401052996735253,1.0388114945022568,-0.9886543743569676,-1.4417649723258046,0.0,0.0,0.0,0.0,0.0,0.0,0.0,0.0,0.0,0.0,0.0,0.0,0.0,0.0,0.0,0.0,0.0,0.0,0.0,0.0,0.0,0.0,0.0,0.0,0.0,0.0,0.0,0.0,0.0,0.0124376113038096,-0.0154821501171733,SPY
2013-07-30,-0.022019388172853975,-0.14679178315772162,-0.2622617009942594,-0.8146820714358721,0.36761046604864994,0.3353083510274746,0.2587149595469008,1.025433992372889,-0.8658105512267369,-0.7272619771908926,0.0,0.0,0.0,0.0,0.0,0.0,0.0,0.0,0.0,0.0,0.0,0.0,0.0,0.0,0.0,0.0,0.0,0.0,0.0,0.0,0.0,0.0,0.0,0.0,0.0,0.0,0.0,0.0,0.0007116561343716,0.006738978114213,-0.0316971564605772,SPY
2013-07-31,0.03239862811559012,-0.20691852492264712,-0.1808147467594647,-0.8205340555526427,0.36918860340972204,0.3431339613724402,0.20129678514661872,0.363128233395987,0.12288697127929002,-0.012758982055980528,0.0,0.0,0.0,0.0,0.0,0.0,0.0,0.0,0.0,0.0,0.0,0.0,0.0,0.0,0.0,0.0,0.0,0.0,0.0,0.0,0.0,0.0,0.0,0.0,0.0,0.0,0.0,0.0,0.0114917426138205,0.0027816052532436,-0.0288636461157318,SPY
2013-08-01,0.8567165722691791,0.00707141451941321,-0.01286638766580291,-0.7653688190856976,0.37290528707323023,0.3529212474130505,0.5282207768839998,0.9674184687965797,-0.4582331341067928,0.7017440130789315,0.0,0.0,0.0,0.0,0.0,0.0,0.0,0.0,0.0,0.0,0.0,0.0,0.0,0.0,0.0,0.0,0.0,0.0,0.0,0.0,0.0,0.0,0.0,0.0,0.0,0.0,0.0,0.0,0.0016973531212682,-0.0050518935867023,-0.0387709227156163,SPY
2013-08-02,0.10777165182425803,0.6556689571469415,0.3342824659437285,-0.8127933220455528,0.37660106200843974,0.3611954472972278,0.5031846411174525,0.8792701008015931,-0.8029446463271155,1.4162470082138434,0.0,0.0,0.0,0.0,0.0,0.0,0.0,0.0,0.0,0.0,0.0,0.0,0.0,0.0,0.0,0.0,0.0,0.0,0.0,0.0,0.0,0.0,0.0,0.0,0.0,0.0,0.0,0.0,-0.0014631405656508,-0.009639621842024,-0.0436406476608741,SPY
2013-08-05,-0.13390096030905868,0.7113020029747876,0.3584949506876658,-0.8118934243834712,0.37909269856469474,0.3682384847580134,0.3725028607687365,1.1249586006490435,-1.4251128605705188,-1.4417649723258046,0.0,0.0,0.0,0.0,0.0,0.0,0.0,0.0,0.0,0.0,0.0,0.0,0.0,0.0,0.0,0.0,0.0,0.0,0.0,0.0,0.0,0.0,0.0,0.0,0.0,0.0,0.0,0.0,-0.0056986331895965,-0.0093578295365617,-0.0376656296740396,SPY
2013-08-06,-0.4577752241106137,-0.019875650197377994,0.4204262369182474,-0.7935593508914471,0.38031770636982576,0.3730381795332695,0.10776144932654853,0.415304474679013,-0.8275109471918789,-0.7272619771908926,0.0,0.0,0.0,0.0,0.0,0.0,0.0,0.0,0.0,0.0,0.0,0.0,0.0,0.0,0.0,0.0,0.0,0.0,0.0,0.0,0.0,0.0,0.0,0.0,0.0,0.0,0.0,0.0,-0.0032457167265977,-0.000707378141616,-0.0237281592250848,SPY
2013-08-07,-0.2702087273283883,-0.43730742775603343,0.2021194890515205,-0.7793329771183825,0.38168809272002413,0.3772013290307959,-0.05724398618988208,-0.20709397167743332,-0.8756762761092648,-0.012758982055980528,0.0,0.0,0.0,0.0,0.0,0.0,0.0,0.0,0.0,0.0,0.0,0.0,0.0,0.0,0.0,0.0,0.0,0.0,0.0,0.0,0.0,0.0,0.0,0.0,0.0,0.0,0.0,0.0,0.0036582437738745,-0.0026035740257368,-0.0192164842591822,SPY
2013-08-08,0.2577145446338756,-0.5379165830764888,0.05051801363958399,-0.8985297136844027,0.3834946540075436,0.37966381187336967,0.052996822951483724,-0.0753170751156841,-0.5644927817042235,0.7017440130789315,0.0,0.0,0.0,0.0,0.0,0.0,0.0,0.0,0.0,0.0,0.0,0.0,0.0,0.0,0.0,0.0,0.0,0.0,0.0,0.0,0.0,0.0,0.0,0.0,0.0,0.0,0.0,0.0,-0.0028903751340534,-0.0203469268115261,-0.0223927546214293,SPY
2013-08-09,-0.24303691830841517,-0.00981152459069489,-0.2495724816195823,-0.8878325318775324,0.38390972370596166,0.3815418682985624,-0.07444016576055987,-0.427172100327425,-0.7348110613336306,1.4162470082138434,0.0,0.0,0.0,0.0,0.0,0.0,0.0,0.0,0.0,0.0,0.0,0.0,0.0,0.0,0.0,0.0,0.0,0.0,0.0,0.0,0.0,0.0,0.0,0.0,0.0,0.0,0.0,0.0,-0.0011813482601885,-0.020767384911144,-0.0099714432711683,SPY
2013-08-12,-0.11235322464294757,0.010244065885241212,-0.4253219994765949,-0.8957105235826045,0.38498951017451016,0.38254356159031366,-0.12885842854042417,-0.3599230889711742,-1.113595862110747,-1.4417649723258046,0.0,0.0,0.0,0.0,0.0,0.0,0.0,0.0,0.0,0.0,0.0,0.0,0.0,0.0,0.0,0.0,0.0,0.0,0.0,0.0,0.0,0.0,0.0,0.0,0.0,0.0,0.0,0.0,0.0029518182053491,-0.0259990470209112,-0.0014201126436015,SPY
2013-08-13,0.20369649260298353,-0.26290402018814085,-0.4145269263893066,-0.905840282602049,0.38710734425925175,0.3847242194472146,-0.04211172813024378,0.13105704773603039,-0.8812108035227684,-0.7272619771908926,0.0,0.0,0.0,0.0,0.0,0.0,0.0,0.0,0.0,0.0,0.0,0.0,0.0,0.0,0.0,0.0,0.0,0.0,0.0,0.0,0.0,0.0,0.0,0.0,0.0,0.0,0.0,0.0,-0.0051419126107186,-0.0240471170340024,-0.0012386980728162,SPY
2013-08-14,-0.4152046228521267,0.06683119672615333,-0.08314010980014001,-0.8827158620515172,0.3871697167250586,0.3855485822171469,-0.24154992810693088,-0.42518316576904297,-0.8949403441246268,-0.012758982055980528,0.0,0.0,0.0,0.0,0.0,0.0,0.0,0.0,0.0,0.0,0.0,0.0,0.0,0.0,0.0,0.0,0.0,0.0,0.0,0.0,0.0,0.0,0.0,0.0,0.0,0.0,0.0,0.0,-0.0140851090119147,-0.0250842894724003,0.0012433153512132,SPY
2013-08-15,-1.0990615924274412,-0.15670429231991653,-0.1557807488811734,-0.7610866682108035,0.3782826425516189,0.3829504402416672,-0.7322537175567757,-1.2181543305417046,0.3375881261558028,0.7017440130789315,0.0,0.0,0.0,0.0,0.0,0.0,0.0,0.0,0.0,0.0,0.0,0.0,0.0,0.0,0.0,0.0,0.0,0.0,0.0,0.0,0.0,0.0,0.0,0.0,0.0,0.0,0.0,0.0,-0.0033108332336713,-0.0019255702122844,0.017575045725577,SPY
2013-08-16,-0.275187973584316,-1.1182737860320322,-0.8355040288405017,-0.7618075767895135,0.36765165467131306,0.3794654679118345,-0.8169925645354978,-1.2249919097510409,-0.009044246191006983,1.4162470082138434,0.0,0.0,0.0,0.0,0.0,0.0,0.0,0.0,0.0,0.0,0.0,0.0,0.0,0.0,0.0,0.0,0.0,0.0,0.0,0.0,0.0,0.0,0.0,0.0,0.0,0.0,0.0,0.0,-0.0064130103699557,0.0047521839395701,0.0266563945369426,SPY
2013-08-19,-0.5124013098833541,-1.0149270940446473,-0.851611196522285,-0.7499739370657482,0.35533849671601503,0.3745301140036711,-0.999153132709356,-1.4427173195237817,-0.5981334923604205,-1.4417649723258046,0.0,0.0,0.0,0.0,0.0,0.0,0.0,0.0,0.0,0.0,0.0,0.0,0.0,0.0,0.0,0.0,0.0,0.0,0.0,0.0,0.0,0.0,0.0,0.0,0.0,0.0,0.0,0.0,0.004903748192258,0.00743711513649,0.0375220738748893,SPY
2013-08-20,0.3529541926230989,-0.5819114502739624,-1.0520289288314784,-0.7251845067652819,0.34672131020653074,0.370815514546409,-0.7825284241265239,-1.190804592094565,-0.7056905943007339,-0.7272619771908926,0.0,0.0,0.0,0.0,0.0,0.0,0.0,0.0,0.0,0.0,0.0,0.0,0.0,0.0,0.0,0.0,0.0,0.0,0.0,0.0,0.0,0.0,0.0,0.0,0.0,0.0,0.0,0.0,-0.0061790850491165,-0.0136816393991718,0.0441262490194347,SPY
2013-08-21,-0.4945138059261969,-0.1182779087287617,-0.9772531934352214,-0.7127495674067743,0.33712825203605595,0.36668358896635567,-0.9645428839240784,-2.136547286523042,0.5543932108424925,-0.012758982055980528,0.0,0.0,0.0,0.0,0.0,0.0,0.0,0.0,0.0,0.0,0.0,0.0,0.0,0.0,0.0,0.0,0.0,0.0,0.0,0.0,0.0,0.0,0.0,0.0,0.0,0.0,0.0,0.0,0.0090736102482011,-0.0039573878708383,0.04862837774193,SPY
2013-08-22,0.6718099016113254,-0.105075090552849,-1.016985833608834,-0.6567512201303595,0.32936227086018993,0.3636889565625406,-0.602630617518883,-1.633823352877415,-0.4724156936127834,0.7017440130789315,0.0,0.0,0.0,0.0,0.0,0.0,0.0,0.0,0.0,0.0,0.0,0.0,0.0,0.0,0.0,0.0,0.0,0.0,0.0,0.0,0.0,0.0,0.0,0.0,0.0,0.0,0.0,0.0,0.0033669209181832,-0.0114465321051033,0.0325382526371562,SPY
2013-08-23,0.23543803897260743,0.13027322636192523,-0.1298073614685138,-0.6484822480337596,0.32377681065183905,0.3610908145870616,-0.4518312231594694,-1.393058566745583,-0.6555447925832049,1.4162470082138434,0.0,0.0,0.0,0.0,0.0,0.0,0.0,0.0,0.0,0.0,0.0,0.0,0.0,0.0,0.0,0.0,0.0,0.0,0.0,0.0,0.0,0.0,0.0,0.0,0.0,0.0,0.0,0.0,-0.0037280791730358,-0.0179858248472761,0.0245333656150057,SPY
2013-08-26,-0.3070934054747809,0.6690527848992105,0.1260081548918371,-0.6464521632150306,0.31731900056884743,0.3583883361435147,-0.5604957118994671,-1.331910710282746,-0.6529030609375166,-1.4417649723258046,0.0,0.0,0.0,0.0,0.0,0.0,0.0,0.0,0.0,0.0,0.0,0.0,0.0,0.0,0.0,0.0,0.0,0.0,0.0,0.0,0.0,0.0,0.0,0.0,0.0,0.0,0.0,0.0,-0.0162150063434038,-0.0097458682530566,0.0259047606764912,SPY
2013-08-27,-1.2619278730364505,-0.0534785647073605,0.2288641518202855,-0.5235569019356838,0.30427910709669925,0.35289995748070596,-1.0939634543337502,-1.654910265142321,0.5914110783634547,-0.7272619771908926,0.0,0.0,0.0,0.0,0.0,0.0,0.0,0.0,0.0,0.0,0.0,0.0,0.0,0.0,0.0,0.0,0.0,0.0,0.0,0.0,0.0,0.0,0.0,0.0,0.0,0.0,0.0,0.0,0.0035451664792169,0.0147079753497054,0.039224916259057,SPY
2013-08-28,0.24906789386346662,-1.1586886558646172,-0.580166096010489,-0.5131090800026745,0.29424991329102484,0.347891589769317,-0.9136038814943044,-1.6676652414817286,-0.3053194851556284,-0.012758982055980528,0.0,0.0,0.0,0.0,0.0,0.0,0.0,0.0,0.0,0.0,0.0,0.0,0.0,0.0,0.0,0.0,0.0,0.0,0.0,0.0,0.0,0.0,0.0,0.0,0.0,0.0,0.0,0.0,0.0015844660139361,0.0124287671097933,0.039517785362257,SPY
2013-08-29,0.09913954405639903,-0.7481843994166782,-0.2076434829628486,-0.5992933423287846,0.28966091905499675,0.341119811325925,-0.7853750198153681,-1.5190610280472374,-0.07957700557584799,0.7017440130789315,0.0,0.0,0.0,0.0,0.0,0.0,0.0,0.0,0.0,0.0,0.0,0.0,0.0,0.0,0.0,0.0,0.0,0.0,0.0,0.0,0.0,0.0,0.0,0.0,0.0,0.0,0.0,0.0,-0.0031723718239895,0.0113262745074846,0.0333263518744635,SPY
2013-08-30,-0.2646002825865585,0.25642338018613486,-0.4945422300294193,-0.606496234398998,0.28513414007629195,0.3335029726644595,-0.8213511012931821,-1.5633378847237436,0.23669427138526772,1.4162470082138434,0.0,0.0,0.0,0.0,0.0,0.0,0.0,0.0,0.0,0.0,0.0,0.0,0.0,0.0,0.0,0.0,0.0,0.0,0.0,0.0,0.0,0.0,0.0,0.0,0.0,0.0,0.0,0.0,0.0045118774211836,0.0240295825476817,0.0311556389341758,SPY
2013-09-03,0.3229891168324968,-0.1227165799036508,-0.7450534814815049,-0.5829686065422046,0.28434514999999766,0.3269190907111649,-0.5873238265086175,-1.4900715277700312,0.3976189400474701,-0.7272619771908926,0.0,0.0,0.0,0.0,0.0,0.0,0.0,0.0,0.0,0.0,0.0,0.0,0.0,0.0,0.0,0.0,0.0,0.0,0.0,0.0,0.0,0.0,0.0,0.0,0.0,0.0,0.0,0.0,0.0082388372593582,0.0268876874938763,0.0345287103357199,SPY
2013-09-04,0.6079775422596865,0.042507434313040916,-0.429392152387539,-0.5413513197749626,0.2846982009516966,0.32276632943665506,-0.23983875550520548,-0.9798050042718259,-0.4631934640754715,-0.012758982055980528,0.0,0.0,0.0,0.0,0.0,0.0,0.0,0.0,0.0,0.0,0.0,0.0,0.0,0.0,0.0,0.0,0.0,0.0,0.0,0.0,0.0,0.0,0.0,0.0,0.0,0.0,0.0,0.0,0.0012659582393048,0.0217820830106525,0.0253448488829883,SPY
2013-09-05,0.07478429658398453,0.6865596393256319,0.5074007402496579,-0.5409588487976504,0.28760514301909545,0.3194065292693446,-0.15706359881651868,-0.4512309072128764,-1.0818901102826246,0.7017440130789315,0.0,0.0,0.0,0.0,0.0,0.0,0.0,0.0,0.0,0.0,0.0,0.0,0.0,0.0,0.0,0.0,0.0,0.0,0.0,0.0,0.0,0.0,0.0,0.0,0.0,0.0,0.0,0.0,0.0004819734116274,0.0178562255846586,0.0148153256256673,SPY
2013-09-06,0.014835541754359324,0.5033589468212473,0.4200874280900663,-0.5512808380866657,0.28756367928158666,0.31548325687595047,-0.09715672213028387,-0.2928613808563651,0.7686739766704153,1.4162470082138434,0.0,0.0,0.0,0.0,0.0,0.0,0.0,0.0,0.0,0.0,0.0,0.0,0.0,0.0,0.0,0.0,0.0,0.0,0.0,0.0,0.0,0.0,0.0,0.0,0.0,0.0,0.0,0.0,0.0095309362162074,0.0196208735354801,0.021881195755081,SPY
2013-09-09,0.7067801221632365,0.06555912835995872,0.377852462871297,-0.4989598401092188,0.28966099765923814,0.3137304516111726,0.2775794733336226,0.35934681267389273,-0.5921626162515226,-1.4417649723258046,0.0,0.0,0.0,0.0,0.0,0.0,0.0,0.0,0.0,0.0,0.0,0.0,0.0,0.0,0.0,0.0,0.0,0.0,0.0,0.0,0.0,0.0,0.0,0.0,0.0,0.0,0.0,0.0,0.0073699823673782,0.015860452896967,0.0036684934542812,SPY
2013-09-10,0.5415390512800338,0.5320370669837026,0.864498606453138,-0.47076531647083253,0.29562049615182756,0.3134800480377085,0.5578778697280222,0.4385661457862862,-0.22965404852612137,-0.7272619771908926,0.0,0.0,0.0,0.0,0.0,0.0,0.0,0.0,0.0,0.0,0.0,0.0,0.0,0.0,0.0,0.0,0.0,0.0,0.0,0.0,0.0,0.0,0.0,0.0,0.0,0.0,0.0,0.0,0.0031332327761344,0.0129431394975796,-0.0154165506751731,SPY
2013-09-11,0.21756867130158042,0.9207984439504525,0.9739886499612233,-0.4702233931194339,0.30822441119725913,0.3132609671290846,0.6789096348471381,0.8540840151064355,-0.4332837984277705,-0.012758982055980528,0.0,0.0,0.0,0.0,0.0,0.0,0.0,0.0,0.0,0.0,0.0,0.0,0.0,0.0,0.0,0.0,0.0,0.0,0.0,0.0,0.0,0.0,0.0,0.0,0.0,0.0,0.0,0.0,-0.002659899186689,0.0213178300582486,-0.0178249744841041,SPY
2013-09-12,-0.22541317665565017,0.5597100634379467,0.7784000108010198,-0.4795702374724306,0.31868950482540803,0.3134800085387618,0.575776032182047,0.4361904026834261,-0.6381447271302071,0.7017440130789315,0.0,0.0,0.0,0.0,0.0,0.0,0.0,0.0,0.0,0.0,0.0,0.0,0.0,0.0,0.0,0.0,0.0,0.0,0.0,0.0,0.0,0.0,0.0,0.0,0.0,0.0,0.0,0.0,0.002246621362449,0.0223007729183164,0.0061639889207283,SPY
2013-09-13,0.14977239720066812,-0.006379584357470392,0.628005848070599,-0.5870082219152184,0.3294039311083031,0.3165580627182943,0.627167777462572,0.3991707162715876,-0.8157402537631928,1.4162470082138434,0.0,0.0,0.0,0.0,0.0,0.0,0.0,0.0,0.0,0.0,0.0,0.0,0.0,0.0,0.0,0.0,0.0,0.0,0.0,0.0,0.0,0.0,0.0,0.0,0.0,0.0,0.0,0.0,0.0057705155776943,0.0130376366992948,0.0103393532488826,SPY
2013-09-16,0.4192330588069961,-0.0564202094833945,0.6956070679520275,-0.5857736870877812,0.34323285395886566,0.3212324273352414,0.7950253139195165,0.8028468662231258,-0.11273403493830879,-1.4417649723258046,0.0,0.0,0.0,0.0,0.0,0.0,0.0,0.0,0.0,0.0,0.0,0.0,0.0,0.0,0.0,0.0,0.0,0.0,0.0,0.0,0.0,0.0,0.0,0.0,0.0,0.0,0.0,0.0,0.0044526689679909,0.0026291550176331,0.0085550832220171,SPY
2013-09-17,0.3184616401276146,0.41939503310077086,0.5515505595065651,-0.617120510496607,0.35710327984905843,0.3278059013160441,0.8925291617838412,2.125361386696758,-0.7368231705597826,-0.7272619771908926,0.0,0.0,0.0,0.0,0.0,0.0,0.0,0.0,0.0,0.0,0.0,0.0,0.0,0.0,0.0,0.0,0.0,0.0,0.0,0.0,0.0,0.0,0.0,0.0,0.0,0.0,0.0,0.0,0.0115079233368033,-0.004180198061908,-0.0031784058907957,SPY
2013-09-18,0.8579538592176212,0.5439050490275996,0.4397923221294068,-0.572059425631325,0.37226120391655193,0.33560022849511617,1.2476427146665696,2.2036582387495285,2.8761676597187726,-0.012758982055980528,0.0,0.0,0.0,0.0,0.0,0.0,0.0,0.0,0.0,0.0,0.0,0.0,0.0,0.0,0.0,0.0,0.0,0.0,0.0,0.0,0.0,0.0,0.0,0.0,0.0,0.0,0.0,0.0,-0.0016769563266212,-0.0185829721595496,-0.0008169446093022,SPY
2013-09-19,-0.15025075201497506,0.8677261350598267,0.7606151229419723,-0.6029196007502262,0.38638108036785235,0.34415627311443997,1.0890045025140729,2.043726567228698,1.1933223545118758,0.7017440130789315,0.0,0.0,0.0,0.0,0.0,0.0,0.0,0.0,0.0,0.0,0.0,0.0,0.0,0.0,0.0,0.0,0.0,0.0,0.0,0.0,0.0,0.0,0.0,0.0,0.0,0.0,0.0,0.0,-0.0070165148565726,-0.0130679802505113,0.0075217006892751,SPY
2013-09-20,-0.5585493235049426,0.5217681688126885,0.798270303049364,-0.5851122696394803,0.3978266440051331,0.3498868790687182,0.7586162091060047,1.7240212481949309,0.7765950252037284,1.4162470082138434,0.0,0.0,0.0,0.0,0.0,0.0,0.0,0.0,0.0,0.0,0.0,0.0,0.0,0.0,0.0,0.0,0.0,0.0,0.0,0.0,0.0,0.0,0.0,0.0,0.0,0.0,0.0,0.0,-0.0046379661039672,-0.0106584328677961,0.0212693453165799,SPY
2013-09-23,-0.3766694822295875,-0.523756909022709,0.4434123790979115,-0.5672431135845099,0.40432222342627316,0.3542048446883672,0.5361298839633121,1.314452712700488,-0.07182597658270158,-1.4417649723258046,0.0,0.0,0.0,0.0,0.0,0.0,0.0,0.0,0.0,0.0,0.0,0.0,0.0,0.0,0.0,0.0,0.0,0.0,0.0,0.0,0.0,0.0,0.0,0.0,0.0,0.0,0.0,0.0,-0.0023566841115503,-0.011363551528106,0.0259645552984917,SPY
2013-09-24,-0.20222731188070567,-0.6908772257423854,0.044677856177194296,-0.5735872953502161,0.40740842246692105,0.3587503439912631,0.3983441516537638,0.9604646974222535,0.007936851971242217,-0.7272619771908926,0.0,0.0,0.0,0.0,0.0,0.0,0.0,0.0,0.0,0.0,0.0,0.0,0.0,0.0,0.0,0.0,0.0,0.0,0.0,0.0,0.0,0.0,0.0,0.0,0.0,0.0,0.0,0.0,-0.0028948507608381,-0.001121918593828,0.0340961510541815,SPY
2013-09-25,-0.24337915484584888,-0.42787492297180135,-0.2161790329071386,-0.7536863242706515,0.40837171744923595,0.3655679214635108,0.21670672852897524,0.7330872028572315,0.3628452965220102,-0.012758982055980528,0.0,0.0,0.0,0.0,0.0,0.0,0.0,0.0,0.0,0.0,0.0,0.0,0.0,0.0,0.0,0.0,0.0,0.0,0.0,0.0,0.0,0.0,0.0,0.0,0.0,0.0,0.0,0.0,0.003838035582417,0.0008279079736368,0.0321907851539133,SPY
2013-09-26,0.271462636012915,-0.32949294853476707,-0.7679293682779689,-0.7529930435257992,0.41162569724384085,0.37246181090104447,0.2871305575964241,0.8312399013436198,-0.8818732665275052,0.7017440130789315,0.0,0.0,0.0,0.0,0.0,0.0,0.0,0.0,0.0,0.0,0.0,0.0,0.0,0.0,0.0,0.0,0.0,0.0,0.0,0.0,0.0,0.0,0.0,0.0,0.0,0.0,0.0,0.0,-0.0046069674738573,-0.0122736926267963,0.0316696686906441,SPY
2013-09-27,-0.3742991184024991,0.020138965944535313,-0.5566576636222971,-0.725247152311857,0.41246322543939906,0.3782667143743203,0.05312346664004452,0.24730817513182357,-0.18897076433120516,1.4162470082138434,0.0,0.0,0.0,0.0,0.0,0.0,0.0,0.0,0.0,0.0,0.0,0.0,0.0,0.0,0.0,0.0,0.0,0.0,0.0,0.0,0.0,0.0,0.0,0.0,0.0,0.0,0.0,0.0,-0.0053430847642772,-0.0001188816118977,0.040833641035511,SPY
2013-09-30,-0.4305875992650259,-0.0764934361265127,-0.4643512393534672,-0.7086593097959518,0.40938787378410957,0.3836704270445871,-0.20239202107996707,-0.358999297151118,1.238716133892487,-1.4417649723258046,0.0,0.0,0.0,0.0,0.0,0.0,0.0,0.0,0.0,0.0,0.0,0.0,0.0,0.0,0.0,0.0,0.0,0.0,0.0,0.0,0.0,0.0,0.0,0.0,0.0,0.0,0.0,0.0,0.0078849488227277,-0.0034575629322128,0.0477670139019377,SPY
2013-10-01,0.5809168513181892,-0.5946787362629682,-0.491363359009355,-0.6891580705279172,0.4075094682196557,0.38969646537172187,0.027253513530313425,-0.13966350807718272,0.68739020983183,-0.7272619771908926,0.0,0.0,0.0,0.0,0.0,0.0,0.0,0.0,0.0,0.0,0.0,0.0,0.0,0.0,0.0,0.0,0.0,0.0,0.0,0.0,0.0,0.0,0.0,0.0,0.0,0.0,0.0,0.0,-0.0009450241933732,-0.0230575735170166,0.0452018681359751,SPY
2013-10-02,-0.09428229642891317,0.11036892142905333,-0.09902058060265022,-0.7143132935466037,0.4011859141815268,0.39413577175605047,-0.054616824246635276,-0.05387704087376201,0.250020928644871,-0.012758982055980528,0.0,0.0,0.0,0.0,0.0,0.0,0.0,0.0,0.0,0.0,0.0,0.0,0.0,0.0,0.0,0.0,0.0,0.0,0.0,0.0,0.0,0.0,0.0,0.0,0.0,0.0,0.0,0.0,-0.0092635650180161,-0.0213877403564399,0.0411674525626502,SPY
2013-10-03,-0.7303738977346838,0.35859683380717255,-0.024325424293157007,-0.6490499094733831,0.3922094669852472,0.3967203655927652,-0.4244079491881733,-0.5712483892489347,2.1426959582425398,0.7017440130789315,0.0,0.0,0.0,0.0,0.0,0.0,0.0,0.0,0.0,0.0,0.0,0.0,0.0,0.0,0.0,0.0,0.0,0.0,0.0,0.0,0.0,0.0,0.0,0.0,0.0,0.0,0.0,0.0,0.0075478435410412,0.0092048888797195,0.047590324983151,SPY
2013-10-04,0.5551395133262459,-0.6092706437887906,-0.5262296044307408,-0.6235222870834828,0.38839103013082926,0.40055302740211907,-0.18550393715897456,-0.49334203851637387,-0.2732699791937559,1.4162470082138434,0.0,0.0,0.0,0.0,0.0,0.0,0.0,0.0,0.0,0.0,0.0,0.0,0.0,0.0,0.0,0.0,0.0,0.0,0.0,0.0,0.0,0.0,0.0,0.0,0.0,0.0,0.0,0.0,-0.0086817660845923,0.0080790310292817,0.0424289742548769,SPY
2013-10-07,-0.6858856367522751,-0.12993053606856542,-0.06059562250655601,-0.6190593721671946,0.38317469544160976,0.40119585301239497,-0.5125088803261565,-1.0027211943953138,-0.2868300620838485,-1.4417649723258046,0.0,0.0,0.0,0.0,0.0,0.0,0.0,0.0,0.0,0.0,0.0,0.0,0.0,0.0,0.0,0.0,0.0,0.0,0.0,0.0,0.0,0.0,0.0,0.0,0.0,0.0,0.0,0.0,-0.011715061762076,0.0207470426647029,0.0546235404226242,SPY
2013-10-08,-0.9178318332545092,-0.0970936225383087,-0.1884958815602492,-0.5791507865630676,0.37472418922669964,0.3985002671350722,-0.9127334388894937,-1.91995513712192,2.093473058922725,-0.7272619771908926,0.0,0.0,0.0,0.0,0.0,0.0,0.0,0.0,0.0,0.0,0.0,0.0,0.0,0.0,0.0,0.0,0.0,0.0,0.0,0.0,0.0,0.0,0.0,0.0,0.0,0.0,0.0,0.0,0.0007248089672033,0.0251812842819569,0.0631662041329867,SPY
2013-10-09,0.033404382210447524,-1.18429801471142,-0.9393451512997588,-0.5864033408839779,0.3675465608001293,0.3953775396466681,-0.8543509220602323,-1.8435461640286868,1.736142383431594,-0.012758982055980528,0.0,0.0,0.0,0.0,0.0,0.0,0.0,0.0,0.0,0.0,0.0,0.0,0.0,0.0,0.0,0.0,0.0,0.0,0.0,0.0,0.0,0.0,0.0,0.0,0.0,0.0,0.0,0.0,0.0213290642181434,0.0383258599330504,0.0675346326857884,SPY
2013-10-10,1.6089443708413191,-0.6533879805971267,-0.8753761547637102,-0.3634754158503511,0.36646166505586886,0.3964675130845969,-0.08126069475503517,-0.6575873071819641,2.3291436926831337,0.7017440130789315,0.0,0.0,0.0,0.0,0.0,0.0,0.0,0.0,0.0,0.0,0.0,0.0,0.0,0.0,0.0,0.0,0.0,0.0,0.0,0.0,0.0,0.0,0.0,0.0,0.0,0.0,0.0,0.0,0.0064219856906033,0.0236584846868632,0.033481380415691,SPY
2013-10-11,0.4690488469432436,1.211632811225081,0.2965851164812766,-0.34944306211953113,0.3692783301516491,0.398303759874565,0.13880904088243842,-0.2821389847657042,-0.14738475156365577,1.4162470082138434,0.0,0.0,0.0,0.0,0.0,0.0,0.0,0.0,0.0,0.0,0.0,0.0,0.0,0.0,0.0,0.0,0.0,0.0,0.0,0.0,0.0,0.0,0.0,0.0,0.0,0.0,0.0,0.0,0.0039862455508288,0.0239676287669921,0.0404603711826903,SPY
2013-10-14,0.2827957674026484,1.5331832450355258,0.2534550609553306,-0.3561567726580093,0.37539205016649835,0.3998305521655483,0.2719780924320488,-0.0746807591781088,0.041322772495275016,-1.4417649723258046,0.0,0.0,0.0,0.0,0.0,0.0,0.0,0.0,0.0,0.0,0.0,0.0,0.0,0.0,0.0,0.0,0.0,0.0,0.0,0.0,0.0,0.0,0.0,0.0,0.0,0.0,0.0,0.0,-0.007280820144822,0.0200386270941077,0.0366436760908985,SPY
2013-10-15,-0.5787598841766047,0.554349142335819,0.7387490481372685,-0.3407041267135788,0.37614323160252416,0.3992641175184526,0.005760496174566223,-0.22523548830099033,1.18136358223678,-0.7272619771908926,0.0,0.0,0.0,0.0,0.0,0.0,0.0,0.0,0.0,0.0,0.0,0.0,0.0,0.0,0.0,0.0,0.0,0.0,0.0,0.0,0.0,0.0,0.0,0.0,0.0,0.0,0.0,0.0,0.0138693846182968,0.0330943588830692,0.0418919292841559,SPY
2013-10-16,1.0385270774816862,-0.21904149915576954,0.9086187053886314,-0.315501782670482,0.38217335600630137,0.3991166679499149,0.5275785899229986,0.05121968944559669,1.3000623656458823,-0.012758982055980528,0.0,0.0,0.0,0.0,0.0,0.0,0.0,0.0,0.0,0.0,0.0,0.0,0.0,0.0,0.0,0.0,0.0,0.0,0.0,0.0,0.0,0.0,0.0,0.0,0.0,0.0,0.0,0.0,0.0066616889719561,0.014424757603666,0.0360150562328422,SPY
2013-10-17,0.4873781726372718,0.3387659568602194,1.412169200219045,-0.29962535718815353,0.39385819095538643,0.40047764366208277,0.7654670494823875,0.3599933148747552,0.4262361087398706,0.7017440130789315,0.0,0.0,0.0,0.0,0.0,0.0,0.0,0.0,0.0,0.0,0.0,0.0,0.0,0.0,0.0,0.0,0.0,0.0,0.0,0.0,0.0,0.0,0.0,0.0,0.0,0.0,0.0,0.0,0.0067311297707322,0.0110799877508576,0.0343306124767073,SPY
2013-10-18,0.4926880833320165,1.1256855264238945,0.8502823611816432,-0.3093089484686941,0.4053342530384563,0.4043256310628084,0.980737561252078,0.6847718684446789,0.6504508549881005,1.4162470082138434,0.0,0.0,0.0,0.0,0.0,0.0,0.0,0.0,0.0,0.0,0.0,0.0,0.0,0.0,0.0,0.0,0.0,0.0,0.0,0.0,0.0,0.0,0.0,0.0,0.0,0.0,0.0,0.0,5.724387794447949e-05,0.0089058628511349,0.0319405806463111,SPY
2013-10-21,-0.017642136109753275,0.7228001931576075,0.8621252428885053,-0.3227602135654305,0.41987733472719263,0.4090123588501161,0.932562104504395,0.5319870278212099,-0.2598053810592405,-1.4417649723258046,0.0,0.0,0.0,0.0,0.0,0.0,0.0,0.0,0.0,0.0,0.0,0.0,0.0,0.0,0.0,0.0,0.0,0.0,0.0,0.0,0.0,0.0,0.0,0.0,0.0,0.0,0.0,0.0,0.0057749116441394,0.0104389070753398,0.0283782475779341,SPY
2013-10-22,0.4195692116255561,0.35004324912000784,0.7116106284128473,-0.321359278416778,0.44059674470931165,0.41517753221747866,1.087241565044995,0.6859006720291522,0.3229136809633019,-0.7272619771908926,0.0,0.0,0.0,0.0,0.0,0.0,0.0,0.0,0.0,0.0,0.0,0.0,0.0,0.0,0.0,0.0,0.0,0.0,0.0,0.0,0.0,0.0,0.0,0.0,0.0,0.0,0.0,0.0,-0.0048002166611063,0.0099837984879656,0.0204273108474568,SPY
2013-10-23,-0.3890762515030669,0.2960739993755839,1.2117576378872694,-0.3126949733389787,0.4593131221017244,0.4209757998676873,0.8417073765414381,0.8515382420425601,-0.2568431339152796,-0.012758982055980528,0.0,0.0,0.0,0.0,0.0,0.0,0.0,0.0,0.0,0.0,0.0,0.0,0.0,0.0,0.0,0.0,0.0,0.0,0.0,0.0,0.0,0.0,0.0,0.0,0.0,0.0,0.0,0.0,0.0033169191191477,0.0098045753823736,0.022094490366995,SPY
2013-10-24,0.23161456498995422,0.021917409299373115,0.4965510605073506,-0.3135447112915808,0.47179064152646555,0.4267006389757268,0.9070570939414876,0.7757590533621297,-1.1628841004280734,0.7017440130789315,0.0,0.0,0.0,0.0,0.0,0.0,0.0,0.0,0.0,0.0,0.0,0.0,0.0,0.0,0.0,0.0,0.0,0.0,0.0,0.0,0.0,0.0,0.0,0.0,0.0,0.0,0.0,0.0,0.0045570048710095,0.0036469636657106,0.0268138168261904,SPY
2013-10-25,0.326439865278374,-0.116812456577457,0.3684175582032724,-0.3274999333553163,0.4836632227069064,0.4340820441645792,1.002345679149341,1.2418968067960985,-0.530449488390257,1.4162470082138434,0.0,0.0,0.0,0.0,0.0,0.0,0.0,0.0,0.0,0.0,0.0,0.0,0.0,0.0,0.0,0.0,0.0,0.0,0.0,0.0,0.0,0.0,0.0,0.0,0.0,0.0,0.0,0.0,0.0015902881021494,0.0014764516074681,0.0272465281282929,SPY
2013-10-28,0.09958474009409483,0.41131204947027156,0.2851298433208666,-0.3514240273531945,0.4947011447466114,0.44270081311147746,0.971277367799878,1.8823182278283248,-0.7566933201484547,-1.4417649723258046,0.0,0.0,0.0,0.0,0.0,0.0,0.0,0.0,0.0,0.0,0.0,0.0,0.0,0.0,0.0,0.0,0.0,0.0,0.0,0.0,0.0,0.0,0.0,0.0,0.0,0.0,0.0,0.0,0.0053198030567651,0.0033989635884736,0.0246607662692444,SPY
2013-10-29,0.3847685469160272,0.31386045554902164,0.3438586450856513,-0.36082537927462643,0.5102878942548252,0.45091068896073316,1.087488556141775,1.9272920304589285,-0.7230016791527399,-0.7272619771908926,0.0,0.0,0.0,0.0,0.0,0.0,0.0,0.0,0.0,0.0,0.0,0.0,0.0,0.0,0.0,0.0,0.0,0.0,0.0,0.0,0.0,0.0,0.0,0.0,0.0,0.0,0.0,0.0,-0.0049794397666982,-0.005093237520005,0.019617473075904,SPY
2013-10-30,-0.4027808560280845,0.35691302341691594,0.3264240651907283,-0.3431931923908117,0.5190932593189945,0.45836558194017346,0.8182504737290931,1.3412707040388554,0.6856763725749357,-0.012758982055980528,0.0,0.0,0.0,0.0,0.0,0.0,0.0,0.0,0.0,0.0,0.0,0.0,0.0,0.0,0.0,0.0,0.0,0.0,0.0,0.0,0.0,0.0,0.0,0.0,0.0,0.0,0.0,0.0,-0.0028406925975152,0.0049794397666982,0.0270293419576601,SPY
2013-10-31,-0.23923785728440766,-0.013884469588327791,0.3195582761457706,-0.3891411344597425,0.5244554441787308,0.46693177778883377,0.6203452989568672,1.0263810065119705,0.4966990479013326,0.7017440130789315,0.0,0.0,0.0,0.0,0.0,0.0,0.0,0.0,0.0,0.0,0.0,0.0,0.0,0.0,0.0,0.0,0.0,0.0,0.0,0.0,0.0,0.0,0.0,0.0,0.0,0.0,0.0,0.0,0.002386492812767,-0.0049040556877404,0.0292070421507242,SPY
2013-11-01,0.16046790939268252,-0.47446539328769655,0.08366869635235519,-0.4016175298960421,0.52825297230485,0.4746068181484622,0.6304126459457615,0.989720527782523,0.7223717032287563,1.4162470082138434,0.0,0.0,0.0,0.0,0.0,0.0,0.0,0.0,0.0,0.0,0.0,0.0,0.0,0.0,0.0,0.0,0.0,0.0,0.0,0.0,0.0,0.0,0.0,0.0,0.0,0.0,0.0,0.0,0.003512800083155,0.0061104279570951,0.0242204145267477,SPY
2013-11-04,0.24659294144891333,-0.0587298577166571,0.0005193844251598916,-0.45789162581451104,0.5333234961256734,0.48446273360919867,0.6605787298616983,1.5584494520740402,-0.8315285157018086,-1.4417649723258046,0.0,0.0,0.0,0.0,0.0,0.0,0.0,0.0,0.0,0.0,0.0,0.0,0.0,0.0,0.0,0.0,0.0,0.0,0.0,0.0,0.0,0.0,0.0,0.0,0.0,0.0,0.0,0.0,-0.0031723980517135,0.0027671783329772,0.0163780828011219,SPY
2013-11-05,-0.2646022881348042,0.29986325372570205,0.07416815674381469,-0.5461152014036873,0.5351178344536044,0.495775982462909,0.4232122684183216,0.9835456666373329,-0.8444571478504652,-0.7272619771908926,0.0,0.0,0.0,0.0,0.0,0.0,0.0,0.0,0.0,0.0,0.0,0.0,0.0,0.0,0.0,0.0,0.0,0.0,0.0,0.0,0.0,0.0,0.0,0.0,0.0,0.0,0.0,0.0,0.005093237520005,0.0039070094331261,0.0194387689144228,SPY
2013-11-06,0.3674438215685837,-0.013882283013049992,-0.2511563104646829,-0.547752992983092,0.5405429027067191,0.5079071557582177,0.4899390595464752,0.9372357721274289,-0.8083819997743487,-0.012758982055980528,0.0,0.0,0.0,0.0,0.0,0.0,0.0,0.0,0.0,0.0,0.0,0.0,0.0,0.0,0.0,0.0,0.0,0.0,0.0,0.0,0.0,0.0,0.0,0.0,0.0,0.0,0.0,0.0,-0.0127241880519539,0.0068062834801043,0.0099405824057479,SPY
2013-11-07,-0.9949964191091132,0.07531809958033113,0.1347140109986434,-0.6136093579727587,0.5400837753308155,0.5139464459820162,-0.048608107571509476,-0.18918229501804582,1.0780564247496436,0.7017440130789315,0.0,0.0,0.0,0.0,0.0,0.0,0.0,0.0,0.0,0.0,0.0,0.0,0.0,0.0,0.0,0.0,0.0,0.0,0.0,0.0,0.0,0.0,0.0,0.0,0.0,0.0,0.0,0.0,0.0134009764576026,0.0245077167478795,0.0337796969798684,SPY
2013-11-08,1.0027094379122543,-0.46378791158278754,-0.2439090163885263,-0.5522057320317268,0.5428797282089014,0.5213174431983775,0.3774973761194206,0.3440907391949861,0.5292739989187487,1.4162470082138434,0.0,0.0,0.0,0.0,0.0,0.0,0.0,0.0,0.0,0.0,0.0,0.0,0.0,0.0,0.0,0.0,0.0,0.0,0.0,0.0,0.0,0.0,0.0,0.0,0.0,0.0,0.0,0.0,0.0001695504590371,0.0154478382306129,0.0229174196641723,SPY
2013-11-11,-0.009054419284134576,0.00510346901917691,0.1780406027455847,-0.552809532860059,0.5451541026410346,0.5280069255860369,0.3154082070237601,0.14720251456027927,-1.4635625943037411,-1.4417649723258046,0.0,0.0,0.0,0.0,0.0,0.0,0.0,0.0,0.0,0.0,0.0,0.0,0.0,0.0,0.0,0.0,0.0,0.0,0.0,0.0,0.0,0.0,0.0,0.0,0.0,0.0,0.0,0.0,-0.0020325669515646,0.0117731985811433,0.0191587657172451,SPY
2013-11-12,-0.17744313306232107,0.7328300980034647,0.04996533829791789,-0.5902077803715594,0.5447158446913076,0.5356191033717763,0.16168851393648911,0.2972535914072028,-0.8728307398304096,-0.7272619771908926,0.0,0.0,0.0,0.0,0.0,0.0,0.0,0.0,0.0,0.0,0.0,0.0,0.0,0.0,0.0,0.0,0.0,0.0,0.0,0.0,0.0,0.0,0.0,0.0,0.0,0.0,0.0,0.0,0.0079925115669832,0.0116297404463701,0.0098964656623827,SPY
2013-11-13,0.5891418224611614,-0.13824391275469172,0.09363068967465289,-0.6505457007656429,0.5490767294178562,0.5422351967162156,0.3942657193675692,0.4642803872836983,-0.3445503375367912,-0.012758982055980528,0.0,0.0,0.0,0.0,0.0,0.0,0.0,0.0,0.0,0.0,0.0,0.0,0.0,0.0,0.0,0.0,0.0,0.0,0.0,0.0,0.0,0.0,0.0,0.0,0.0,0.0,0.0,0.0,0.0049772452158212,0.0005041917378187,-0.0014025375936173,SPY
2013-11-14,0.3585742695566675,0.3032864557189592,0.2046978644360836,-0.6587173260989412,0.5563381892682236,0.5485786288306483,0.5171683302681852,0.4808468543596634,-0.3347456043704024,0.7017440130789315,0.0,0.0,0.0,0.0,0.0,0.0,0.0,0.0,0.0,0.0,0.0,0.0,0.0,0.0,0.0,0.0,0.0,0.0,0.0,0.0,0.0,0.0,0.0,0.0,0.0,0.0,0.0,0.0,0.0043410979403359,0.0035631921003407,-0.0064918762540351,SPY
2013-11-15,0.3099301686668797,0.6989224439962333,0.8828152656969013,-0.6699374928641306,0.5643505947418912,0.5545131678474383,0.6206713361770346,0.5685823843357627,-0.352435573677529,1.4162470082138434,0.0,0.0,0.0,0.0,0.0,0.0,0.0,0.0,0.0,0.0,0.0,0.0,0.0,0.0,0.0,0.0,0.0,0.0,0.0,0.0,0.0,0.0,0.0,0.0,0.0,0.0,0.0,0.0,-0.0035050891904324,0.0042118103331167,-0.0046205184729428,SPY
2013-11-18,-0.2900420910556524,0.49283551837088896,0.5357438628940647,-0.6560299791012437,0.5697546756624664,0.5597766987553854,0.4346200410821005,0.2055622884290731,-0.3057382615043328,-1.4417649723258046,0.0,0.0,0.0,0.0,0.0,0.0,0.0,0.0,0.0,0.0,0.0,0.0,0.0,0.0,0.0,0.0,0.0,0.0,0.0,0.0,0.0,0.0,0.0,0.0,0.0,0.0,0.0,0.0,-0.0021760250863378,0.0067214257666501,-0.0043010190004935,SPY
2013-11-19,-0.18841290728016188,0.014089914982197312,0.3949735053770503,-0.6615629670627585,0.5755136547344201,0.5635722710536604,0.3142721869105857,0.3531516417156106,-0.6097943722023781,-0.7272619771908926,0.0,0.0,0.0,0.0,0.0,0.0,0.0,0.0,0.0,0.0,0.0,0.0,0.0,0.0,0.0,0.0,0.0,0.0,0.0,0.0,0.0,0.0,0.0,0.0,0.0,0.0,0.0,0.0,-0.003133037141568,0.0091739607164127,0.0148035480915194,SPY
2013-11-20,-0.2615924881120485,-0.35373854429936497,0.3894778228483806,-0.6717421850506062,0.5782260513035545,0.5676613797753438,0.15558028105370483,0.3344550875442676,0.2669392780065829,-0.012758982055980528,0.0,0.0,0.0,0.0,0.0,0.0,0.0,0.0,0.0,0.0,0.0,0.0,0.0,0.0,0.0,0.0,0.0,0.0,0.0,0.0,0.0,0.0,0.0,0.0,0.0,0.0,0.0,0.0,0.0080362455783431,0.0147394269730387,0.0167800519156147,SPY
2013-11-21,0.5924860192264201,-0.33273981044913314,-0.036726545109657706,-0.6464820952740897,0.5886170997360003,0.5726522099543383,0.4067854029886704,0.521000431694153,-0.6225660249161662,0.7017440130789315,0.0,0.0,0.0,0.0,0.0,0.0,0.0,0.0,0.0,0.0,0.0,0.0,0.0,0.0,0.0,0.0,0.0,0.0,0.0,0.0,0.0,0.0,0.0,0.0,0.0,0.0,0.0,0.0,0.004989716173112,0.0060401889902443,0.0145443057259821,SPY
2013-11-22,0.3595278828597869,0.24364393571946413,0.08045952366284188,-0.6447340656765737,0.5959616442698691,0.5777478505887602,0.5433799961746529,0.5672420753231632,-0.9186559976389336,1.4162470082138434,0.0,0.0,0.0,0.0,0.0,0.0,0.0,0.0,0.0,0.0,0.0,0.0,0.0,0.0,0.0,0.0,0.0,0.0,0.0,0.0,0.0,0.0,0.0,0.0,0.0,0.0,0.0,0.0,-0.0009954737568991,-0.0015496619940771,0.0148825523458349,SPY
2013-11-25,-0.09814000949720778,0.7020946699827885,0.10530719016344989,-0.6416900946151083,0.6028680880624951,0.5823612485812667,0.4590989375095364,0.6836872987641862,-0.9368594662864664,-1.4417649723258046,0.0,0.0,0.0,0.0,0.0,0.0,0.0,0.0,0.0,0.0,0.0,0.0,0.0,0.0,0.0,0.0,0.0,0.0,0.0,0.0,0.0,0.0,0.0,0.0,0.0,0.0,0.0,0.0,0.0002765098634247,-0.0048837198796487,0.0180670183014832,SPY
2013-11-26,-0.0008755835669292761,0.19234160959883972,0.2014470829172077,-0.6517741832049875,0.610630021119912,0.5860414247063607,0.4323593674091076,0.5404008028577958,-0.70560773493498,-0.7272619771908926,0.0,0.0,0.0,0.0,0.0,0.0,0.0,0.0,0.0,0.0,0.0,0.0,0.0,0.0,0.0,0.0,0.0,0.0,0.0,0.0,0.0,0.0,0.0,0.0,0.0,0.0,0.0,0.0,0.0024324291150579,-0.0052719416814861,0.0228616660864444,SPY
2013-11-27,0.16398050814025664,-0.0736732267135567,0.2954003013643246,-0.6736089345843811,0.616347143433149,0.5911056636780497,0.4729698994663259,1.4880785884297747,-1.433267255242776,-0.012758982055980528,0.0,0.0,0.0,0.0,0.0,0.0,0.0,0.0,0.0,0.0,0.0,0.0,0.0,0.0,0.0,0.0,0.0,0.0,0.0,0.0,0.0,0.0,0.0,0.0,0.0,0.0,0.0,0.0,-0.0006629924044512,-0.012109319785214,0.0203748241252137,SPY
2013-11-29,-0.07271624824615067,0.11979868210236062,0.5086056083955067,-0.6820840660368012,0.6199566502130676,0.5965683680254147,0.3929891508504408,1.0536611440049042,-1.5002336866222314,1.4162470082138434,0.0,0.0,0.0,0.0,0.0,0.0,0.0,0.0,0.0,0.0,0.0,0.0,0.0,0.0,0.0,0.0,0.0,0.0,0.0,0.0,0.0,0.0,0.0,0.0,0.0,0.0,0.0,0.0,-0.0026001348112094,-0.0003314008585961,0.0208745602243425,SPY
2013-12-02,-0.22084319039228528,0.06677288064518963,0.1753498451697663,-0.673221071119413,0.6209581075547388,0.6010978702548422,0.24990185502410914,0.8030843750799589,-0.3033993284395206,-1.4417649723258046,0.0,0.0,0.0,0.0,0.0,0.0,0.0,0.0,0.0,0.0,0.0,0.0,0.0,0.0,0.0,0.0,0.0,0.0,0.0,0.0,0.0,0.0,0.0,0.0,0.0,0.0,0.0,0.0,-0.0043295316424707,0.0048074330945198,0.0281964130913081,SPY
2013-12-03,-0.3530845080559933,-0.21726659929993672,-0.11540683806528342,-0.6596746899011329,0.6216467200143527,0.6041594731230174,0.057457325661102523,0.6062694621467628,0.14238659542855572,-0.7272619771908926,0.0,0.0,0.0,0.0,0.0,0.0,0.0,0.0,0.0,0.0,0.0,0.0,0.0,0.0,0.0,0.0,0.0,0.0,0.0,0.0,0.0,0.0,0.0,0.0,0.0,0.0,0.0,0.0,-0.0001117119384126,0.0055478612491004,0.0228959462728495,SPY
2013-12-04,-0.030561634618208575,-0.42420721915569987,-0.2431299797349923,-0.6690737941304843,0.6231071868255653,0.6077872736446075,0.017266824131218925,0.19863996767085618,0.3113105493368092,-0.012758982055980528,0.0,0.0,0.0,0.0,0.0,0.0,0.0,0.0,0.0,0.0,0.0,0.0,0.0,0.0,0.0,0.0,0.0,0.0,0.0,0.0,0.0,0.0,0.0,0.0,0.0,0.0,0.0,0.0,-0.0044049489886699,-0.0056352938189139,0.022843776643187,SPY
2013-12-05,-0.358851425778867,-0.28375985494366673,-0.2580022194792182,-0.6645721104031639,0.6240878926474223,0.6096430724132592,-0.16483179583234936,-0.4821786820469548,-0.13466137706095377,0.7017440130789315,0.0,0.0,0.0,0.0,0.0,0.0,0.0,0.0,0.0,0.0,0.0,0.0,0.0,0.0,0.0,0.0,0.0,0.0,0.0,0.0,0.0,0.0,0.0,0.0,0.0,0.0,0.0,0.0,0.0111149265221666,-0.0045368365192608,0.0243467529911702,SPY
2013-12-06,0.8279026785598577,-0.28801643352013623,-0.5199327084401455,-0.7215050421005751,0.6262370505224902,0.6159445763956257,0.18684730643572273,-0.03320342063092321,0.4166413836766396,1.4162470082138434,0.0,0.0,0.0,0.0,0.0,0.0,0.0,0.0,0.0,0.0,0.0,0.0,0.0,0.0,0.0,0.0,0.0,0.0,0.0,0.0,0.0,0.0,0.0,0.0,0.0,0.0,0.0,0.0,0.0025386991419065,-0.015763856486024,0.0193543683565371,SPY
2013-12-09,0.17210662941247323,0.34561854789182855,-0.06873694061955751,-0.8221120879155064,0.6274681108542347,0.620253852246971,0.23908639553777752,0.364878367880753,-1.166198134869375,-1.4417649723258046,0.0,0.0,0.0,0.0,0.0,0.0,0.0,0.0,0.0,0.0,0.0,0.0,0.0,0.0,0.0,0.0,0.0,0.0,0.0,0.0,0.0,0.0,0.0,0.0,0.0,0.0,0.0,0.0,-0.00358910348789,-0.0120900999065023,0.0170337417301196,SPY
2013-12-10,-0.2964663895148329,0.7375202172649167,0.1281246735267745,-0.8063962178990193,0.627718504666243,0.6238501918574071,0.06918412633868302,0.2532916216123579,-0.8496567215870967,-0.7272619771908926,0.0,0.0,0.0,0.0,0.0,0.0,0.0,0.0,0.0,0.0,0.0,0.0,0.0,0.0,0.0,0.0,0.0,0.0,0.0,0.0,0.0,0.0,0.0,0.0,0.0,0.0,0.0,0.0,-0.011294867006427,-0.0116865861365953,0.0212767775758475,SPY
2013-12-11,-0.8857009150303345,-0.0923798293802651,0.1564894510229894,-0.711544873402748,0.6236288438757601,0.6256955234051467,-0.3679461367067,-0.2721632958050635,0.4842067742504322,-0.012758982055980528,0.0,0.0,0.0,0.0,0.0,0.0,0.0,0.0,0.0,0.0,0.0,0.0,0.0,0.0,0.0,0.0,0.0,0.0,0.0,0.0,0.0,0.0,0.0,0.0,0.0,0.0,0.0,0.0,-0.0033064916890168,0.0165368228755067,0.0352904465414507,SPY
2013-12-12,-0.2748559898687057,-0.8731506237760439,-0.2719217368113914,-0.7433677814712625,0.6173900645123291,0.625433388644472,-0.4871262295724612,-0.9275748858943311,0.11892715875138961,0.7017440130789315,0.0,0.0,0.0,0.0,0.0,0.0,0.0,0.0,0.0,0.0,0.0,0.0,0.0,0.0,0.0,0.0,0.0,0.0,0.0,0.0,0.0,0.0,0.0,0.0,0.0,0.0,0.0,0.0,-0.0001120934445966,0.0186867812470508,0.0252027137523969,SPY
2013-12-13,-0.030590807147935075,-0.8571999255724208,-0.2298413584505743,-0.7617343585138693,0.6113600973170356,0.6242170975745632,-0.4793968925997416,-1.317736729829826,-0.09087942663380859,1.4162470082138434,0.0,0.0,0.0,0.0,0.0,0.0,0.0,0.0,0.0,0.0,0.0,0.0,0.0,0.0,0.0,0.0,0.0,0.0,0.0,0.0,0.0,0.0,0.0,0.0,0.0,0.0,0.0,0.0,0.0062124557214282,0.024599374080358,0.0361533400123201,SPY
2013-12-16,0.4530267757141997,-0.22604069274725383,-0.659932949826081,-0.7474266460174533,0.6086267920196023,0.6233468370284075,-0.24174375628206257,-0.8044947469334808,-0.4181225621454154,-1.4417649723258046,0.0,0.0,0.0,0.0,0.0,0.0,0.0,0.0,0.0,0.0,0.0,0.0,0.0,0.0,0.0,0.0,0.0,0.0,0.0,0.0,0.0,0.0,0.0,0.0,0.0,0.0,0.0,0.0,-0.0031855897179831,0.0237148811518945,0.0353166676148264,SPY
2013-12-17,-0.2656110116956074,0.3112116723892703,-0.5191964214961806,-0.7487863561103842,0.6063314695570504,0.6225394588056139,-0.3515367962029112,-0.9715646137561719,-0.5961017996074645,-0.7272619771908926,0.0,0.0,0.0,0.0,0.0,0.0,0.0,0.0,0.0,0.0,0.0,0.0,0.0,0.0,0.0,0.0,0.0,0.0,0.0,0.0,0.0,0.0,0.0,0.0,0.0,0.0,0.0,0.0,0.016928542005675,0.0290894630686269,0.0372016022130408,SPY
2013-12-18,1.272450834328466,0.13774258269734643,-0.5037383676265867,-0.5838795843752397,0.6104420783779528,0.6253389466625882,0.2505003454078465,-0.20533573374487962,3.22286082768983,-0.012758982055980528,0.0,0.0,0.0,0.0,0.0,0.0,0.0,0.0,0.0,0.0,0.0,0.0,0.0,0.0,0.0,0.0,0.0,0.0,0.0,0.0,0.0,0.0,0.0,0.0,0.0,0.0,0.0,0.0,-0.0011565333174727,0.0172320787113378,0.0160348217067678,SPY
2013-12-19,-0.11045570715987607,0.7425618398035811,0.577461356965726,-0.5902402677188854,0.6157627601980595,0.6285054192346119,0.17576114153153993,-0.22815682684724722,0.631065826560176,0.7017440130789315,0.0,0.0,0.0,0.0,0.0,0.0,0.0,0.0,0.0,0.0,0.0,0.0,0.0,0.0,0.0,0.0,0.0,0.0,0.0,0.0,0.0,0.0,0.0,0.0,0.0,0.0,0.0,0.0,0.0058004993887106,0.0183341991826377,0.0201273462148385,SPY
2013-12-20,0.4215258227381542,0.857082416834335,0.6598232856116125,-0.605483435932005,0.6191133053036215,0.6312690420478598,0.365931871477841,0.1204005698975438,2.0829881775237777,1.4162470082138434,0.0,0.0,0.0,0.0,0.0,0.0,0.0,0.0,0.0,0.0,0.0,0.0,0.0,0.0,0.0,0.0,0.0,0.0,0.0,0.0,0.0,0.0,0.0,0.0,0.0,0.0,0.0,0.0,0.0053279627929647,0.0123704434886047,0.0149785382395091,SPY
2013-12-23,0.3853924952472129,0.22901221563289031,0.8863265312066816,-0.6038068604129846,0.6235389599253495,0.6341115640074112,0.5384423284315409,0.5147280018507742,-0.7154670702275797,-1.4417649723258046,0.0,0.0,0.0,0.0,0.0,0.0,0.0,0.0,0.0,0.0,0.0,0.0,0.0,0.0,0.0,0.0,0.0,0.0,0.0,0.0,0.0,0.0,0.0,0.0,0.0,0.0,0.0,0.0,0.0021889921987492,0.0117641987513961,0.0014231695097626,SPY
2013-12-24,0.14536568359638752,0.5949992015709007,0.8524428316773823,-0.6046164169371091,0.6301597952056748,0.6375643841945202,0.5867067973353787,0.5849029672248515,-1.6422279791570693,-0.7272619771908926,0.0,0.0,0.0,0.0,0.0,0.0,0.0,0.0,0.0,0.0,0.0,0.0,0.0,0.0,0.0,0.0,0.0,0.0,0.0,0.0,0.0,0.0,0.0,0.0,0.0,0.0,0.0,0.0,0.0050711576483859,-5.479190828250324e-05,-0.0223326706657616,SPY
2013-12-26,0.3657554460240156,0.39116460769707867,1.0583356239222237,-0.5957962673642206,0.6429675310498938,0.641945251887005,0.735097721263574,0.954699219250199,-1.1595650177298986,0.7017440130789315,0.0,0.0,0.0,0.0,0.0,0.0,0.0,0.0,0.0,0.0,0.0,0.0,0.0,0.0,0.0,0.0,0.0,0.0,0.0,0.0,0.0,0.0,0.0,0.0,0.0,0.0,0.0,0.0,-5.4412846172802176e-05,-0.0052898311247435,-0.0323348917434778,SPY
2013-12-27,-0.026180160498587977,0.37667044512266956,0.6040956454706848,-0.5960942938188099,0.656985261289075,0.6458542059121714,0.6939049041128424,0.6543326024239561,-1.1587001965253512,1.4162470082138434,0.0,0.0,0.0,0.0,0.0,0.0,0.0,0.0,0.0,0.0,0.0,0.0,0.0,0.0,0.0,0.0,0.0,0.0,0.0,0.0,0.0,0.0,0.0,0.0,0.0,0.0,0.0,0.0,-0.0001632563053224,-0.0081373909192574,-0.0263433066113583,SPY
2013-12-30,-0.03450306371943008,0.25005196364844423,0.6463163548657139,-0.5968950606574053,0.6709816897787495,0.6498573846750142,0.6477322108249426,0.5610973055206039,-1.240476124246984,-1.4417649723258046,0.0,0.0,0.0,0.0,0.0,0.0,0.0,0.0,0.0,0.0,0.0,0.0,0.0,0.0,0.0,0.0,0.0,0.0,0.0,0.0,0.0,0.0,0.0,0.0,0.0,0.0,0.0,0.0,0.0047217180557561,-0.0018515927264015,-0.0358321239833987,SPY
2013-12-31,0.339034943628084,-0.0453799948943271,0.4178531309100445,-0.5982451037349568,0.6844873133831056,0.6552705178441012,0.7728934343627857,0.9412649894686745,-0.5324219977202518,-0.7272619771908926,0.0,0.0,0.0,0.0,0.0,0.0,0.0,0.0,0.0,0.0,0.0,0.0,0.0,0.0,0.0,0.0,0.0,0.0,0.0,0.0,0.0,0.0,0.0,0.0,0.0,0.0,0.0,0.0,-0.0096299984609293,-0.0063552382666687,-0.0300089255383859,SPY
2014-01-02,-0.7583938642634469,0.22418632505900313,0.3946287343594926,-0.5509608621567793,0.6954689940878588,0.6596354477115379,0.3653756301045907,1.0357238405014133,0.2611481463988448,0.7017440130789315,0.0,0.0,0.0,0.0,0.0,0.0,0.0,0.0,0.0,0.0,0.0,0.0,0.0,0.0,0.0,0.0,0.0,0.0,0.0,0.0,0.0,0.0,0.0,0.0,0.0,0.0,0.0,0.0,-0.0001638815680751,0.0039286925520984,-0.0262547426875707,SPY
2014-01-03,-0.03455087551647308,-0.31011955918788525,-0.058140434691780006,-0.5508906322070052,0.7000237561766167,0.6639898313601691,0.3162620061191931,1.2623663231906044,-0.6325308682546826,1.4162470082138434,0.0,0.0,0.0,0.0,0.0,0.0,0.0,0.0,0.0,0.0,0.0,0.0,0.0,0.0,0.0,0.0,0.0,0.0,0.0,0.0,0.0,0.0,0.0,0.0,0.0,0.0,0.0,0.0,-0.0029019726406867,0.0068113760793497,-0.0488532247579556,SPY
2014-01-06,-0.24392374169740139,-0.5858643279984862,-0.2586875392828861,-0.558556610198322,0.7039049192159295,0.6686137953209541,0.16204713402555412,1.0538843137363187,0.047201264796976415,-1.4417649723258046,0.0,0.0,0.0,0.0,0.0,0.0,0.0,0.0,0.0,0.0,0.0,0.0,0.0,0.0,0.0,0.0,0.0,0.0,0.0,0.0,0.0,0.0,0.0,0.0,0.0,0.0,0.0,0.0,0.0061225418875334,-0.0036808757580342,-0.0389708547817733,SPY
2014-01-07,0.4461513590050271,-0.20613244917135454,-0.3677736126296038,-0.5993629424965988,0.7079326005618142,0.6723213837151529,0.3552550117523128,1.056230370792232,-0.4832465696674869,-0.7272619771908926,0.0,0.0,0.0,0.0,0.0,0.0,0.0,0.0,0.0,0.0,0.0,0.0,0.0,0.0,0.0,0.0,0.0,0.0,0.0,0.0,0.0,0.0,0.0,0.0,0.0,0.0,0.0,0.0,0.0002180725154889,0.0010351151697589,-0.0463485085176893,SPY
2014-01-08,-0.005344096375621475,0.14867525425911313,-0.1269733864044694,-0.60057474101396,0.7100094425344977,0.6755889143426554,0.3313196599571658,1.2942211052546655,-0.20252549144050666,-0.012758982055980528,0.0,0.0,0.0,0.0,0.0,0.0,0.0,0.0,0.0,0.0,0.0,0.0,0.0,0.0,0.0,0.0,0.0,0.0,0.0,0.0,0.0,0.0,0.0,0.0,0.0,0.0,0.0,0.0,0.0006539323578378,0.0061928259782044,-0.0334656653722307,SPY
2014-01-09,0.027984679777435826,0.3247715774354368,-0.2995018118583313,-0.6121312729343892,0.7114989929151478,0.6796644156771543,0.3158687466515791,0.7710133240660204,-0.3490534124489337,0.7017440130789315,0.0,0.0,0.0,0.0,0.0,0.0,0.0,0.0,0.0,0.0,0.0,0.0,0.0,0.0,0.0,0.0,0.0,0.0,0.0,0.0,0.0,0.0,0.0,0.0,0.0,0.0,0.0,0.0,0.0027188019591761,0.0042382385005979,-0.0217999435790519,SPY
2014-01-10,0.18587850261135463,0.016121547431778214,0.09446133994270169,-0.7083037597524409,0.712086323809302,0.6863954904558319,0.3520200092798256,0.9939946134491545,-0.025949766423596882,1.4162470082138434,0.0,0.0,0.0,0.0,0.0,0.0,0.0,0.0,0.0,0.0,0.0,0.0,0.0,0.0,0.0,0.0,0.0,0.0,0.0,0.0,0.0,0.0,0.0,0.0,0.0,0.0,0.0,0.0,-0.0133942244780707,-0.0027188019591761,-0.0226833968675679,SPY
2014-01-13,-1.046231912473435,0.15726349834887912,0.2048929548625882,-0.5902792121039929,0.7075549071803353,0.6911624011052144,-0.19426560790409386,-0.3058691515728993,1.28353199591203,-1.4417649723258046,0.0,0.0,0.0,0.0,0.0,0.0,0.0,0.0,0.0,0.0,0.0,0.0,0.0,0.0,0.0,0.0,0.0,0.0,0.0,0.0,0.0,0.0,0.0,0.0,0.0,0.0,0.0,0.0,0.0108385328153266,0.0136114137094924,0.0015947813992092,SPY
2014-01-14,0.8067677560679384,-0.6356188614821056,-0.1970506867459906,-0.545340073986847,0.707240175796477,0.6980375087935282,0.14255067357996673,-0.02001095072043101,0.07179370153504051,-0.7272619771908926,0.0,0.0,0.0,0.0,0.0,0.0,0.0,0.0,0.0,0.0,0.0,0.0,0.0,0.0,0.0,0.0,0.0,0.0,0.0,0.0,0.0,0.0,0.0,0.0,0.0,0.0,0.0,0.0,0.0053757833239345,0.003424572307547,-0.0087495239966095,SPY
2014-01-15,0.3890491747972803,-0.17733871572227763,-0.016387603483321606,-0.548847124401973,0.7071772531009771,0.7047925199339881,0.2781831750834991,0.1234789103041066,-0.08890815220779559,-0.012758982055980528,0.0,0.0,0.0,0.0,0.0,0.0,0.0,0.0,0.0,0.0,0.0,0.0,0.0,0.0,0.0,0.0,0.0,0.0,0.0,0.0,0.0,0.0,0.0,0.0,0.0,0.0,0.0,0.0,-0.0013006551197687,-0.0101786169531692,-0.0089753859790722,SPY
2014-01-16,-0.12147622986188147,0.8820463875290517,0.1811971568561149,-0.5568980113878137,0.7103240953141146,0.7118921593855887,0.16048866637963033,-0.1848737151153702,-0.7943185451474745,0.7017440130789315,0.0,0.0,0.0,0.0,0.0,0.0,0.0,0.0,0.0,0.0,0.0,0.0,0.0,0.0,0.0,0.0,0.0,0.0,0.0,0.0,0.0,0.0,0.0,0.0,0.0,0.0,0.0,0.0,-0.0042382385005979,-0.0304448098101755,-0.0021713892115426,SPY
2014-01-17,-0.3461036201783892,0.19690682873597773,0.10631961667046398,-0.6777327272312782,0.711897555722804,0.7149716157777334,-0.027399920530417874,-0.4037015223584471,0.19193338763327714,1.4162470082138434,0.0,0.0,0.0,0.0,0.0,0.0,0.0,0.0,0.0,0.0,0.0,0.0,0.0,0.0,0.0,0.0,0.0,0.0,0.0,0.0,0.0,0.0,0.0,0.0,0.0,0.0,0.0,0.0,0.0029359911905979,-0.0311376347389078,0.0032618391431045,SPY
2014-01-21,0.20248625256579372,-0.34571156602860414,-0.1601949714808066,-0.6778049739608499,0.7157155995560134,0.7188404981213352,0.04468892828362402,-0.2539269305338055,-0.3305316449032106,-0.7272619771908926,0.0,0.0,0.0,0.0,0.0,0.0,0.0,0.0,0.0,0.0,0.0,0.0,0.0,0.0,0.0,0.0,0.0,0.0,0.0,0.0,0.0,0.0,0.0,0.0,0.0,0.0,0.0,0.0,0.0006516914133811,-0.0281364536435591,-0.0063178209638232,SPY
2014-01-22,0.027813322086471925,-0.1065939249337648,0.465392981977494,-0.6928611134027322,0.7174360498967248,0.7217289573560567,0.04114908403210612,-0.45455412650888527,-1.0747625885597836,-0.012758982055980528,0.0,0.0,0.0,0.0,0.0,0.0,0.0,0.0,0.0,0.0,0.0,0.0,0.0,0.0,0.0,0.0,0.0,0.0,0.0,0.0,0.0,0.0,0.0,0.0,0.0,0.0,0.0,0.0,-0.0082274059367817,-0.0384402187343031,-0.0010860152965106,SPY
2014-01-23,-0.6511422027675319,0.16939524680536583,0.07514919131683338,-0.6618128040889648,0.7159045641531158,0.7220030010492025,-0.2669812628789125,-0.3837069959744614,0.8551890761084382,0.7017440130789315,0.0,0.0,0.0,0.0,0.0,0.0,0.0,0.0,0.0,0.0,0.0,0.0,0.0,0.0,0.0,0.0,0.0,0.0,0.0,0.0,0.0,0.0,0.0,0.0,0.0,0.0,0.0,0.0,-0.0215668479767749,-0.0196678962967524,0.0059998954816125,SPY
2014-01-24,-1.6711656932586108,-0.46067037400707134,-0.4459701559582202,-0.4338530622239697,0.7059395114086869,0.7177440271066522,-1.0160815526363232,-1.1815566246813254,2.66242183599646,1.4162470082138434,0.0,0.0,0.0,0.0,0.0,0.0,0.0,0.0,0.0,0.0,0.0,0.0,0.0,0.0,0.0,0.0,0.0,0.0,0.0,0.0,0.0,0.0,0.0,0.0,0.0,0.0,0.0,0.0,-0.0049310634293302,-0.0039768639300916,0.0330982304504141,SPY
2014-01-27,-0.3990816757811642,-1.714691677259802,-1.222339946231758,-0.4472346948556624,0.6930795823479635,0.7115769972887872,-1.1366922459746522,-1.2336367091782243,1.856057244960597,-1.4417649723258046,0.0,0.0,0.0,0.0,0.0,0.0,0.0,0.0,0.0,0.0,0.0,0.0,0.0,0.0,0.0,0.0,0.0,0.0,0.0,0.0,0.0,0.0,0.0,0.0,0.0,0.0,0.0,0.0,0.0059371722859467,-0.0218081641392213,0.0376506066592572,SPY
2014-01-28,0.4319767520406189,-1.5286450765101098,-1.248881110051297,-0.4227788966128202,0.6875831807454853,0.7065379783946539,-0.8741911907431791,-1.249412310662703,0.15499999120253233,-0.7272619771908926,0.0,0.0,0.0,0.0,0.0,0.0,0.0,0.0,0.0,0.0,0.0,0.0,0.0,0.0,0.0,0.0,0.0,0.0,0.0,0.0,0.0,0.0,0.0,0.0,0.0,0.0,0.0,0.0,-0.0096520736773628,-0.0207649390896724,0.0317673531100846,SPY
2014-01-29,-0.7600818838412026,0.023690418136695614,-1.1339100173547594,-0.3940983808699473,0.6743245316686229,0.6997173002550799,-1.1597114133230206,-1.483249048450319,2.5499033613364555,-0.012758982055980528,0.0,0.0,0.0,0.0,0.0,0.0,0.0,0.0,0.0,0.0,0.0,0.0,0.0,0.0,0.0,0.0,0.0,0.0,0.0,0.0,0.0,0.0,0.0,0.0,0.0,0.0,0.0,0.0,0.0105449165007689,-0.0123679772606921,0.0466531154868992,SPY
2014-01-30,0.7843158771106066,-0.24276487489350881,-1.528632992655134,-0.347161720140511,0.6629330084475267,0.6939613952253533,-0.7225494854080649,-1.0820805811444365,0.3201293280420649,0.7017440130789315,0.0,0.0,0.0,0.0,0.0,0.0,0.0,0.0,0.0,0.0,0.0,0.0,0.0,0.0,0.0,0.0,0.0,0.0,0.0,0.0,0.0,0.0,0.0,0.0,0.0,0.0,0.0,0.0,-0.0058758156101141,-0.0098119781005134,0.0386346602678449,SPY
2014-01-31,-0.4713237841244562,0.017297647843086614,-0.8094913099216675,-0.3675967639905517,0.6498421794267428,0.6889645019580203,-0.889241020852573,-1.3118307696715712,1.951554873418336,1.4162470082138434,0.0,0.0,0.0,0.0,0.0,0.0,0.0,0.0,0.0,0.0,0.0,0.0,0.0,0.0,0.0,0.0,0.0,0.0,0.0,0.0,0.0,0.0,0.0,0.0,0.0,0.0,0.0,0.0,-0.0227623636384599,0.0083834916606173,0.0374539420822861,SPY
2014-02-03,-1.762582864570021,0.23043083269176723,-0.208389583828686,-0.19436167157765358,0.629975153841868,0.6797719120609675,-1.6221058263352677,-1.472451211499093,2.933477780341448,-1.4417649723258046,0.0,0.0,0.0,0.0,0.0,0.0,0.0,0.0,0.0,0.0,0.0,0.0,0.0,0.0,0.0,0.0,0.0,0.0,0.0,0.0,0.0,0.0,0.0,0.0,0.0,0.0,0.0,0.0,0.0069803973354956,0.0329812039697374,0.0741737677362746,SPY
2014-02-04,0.511748758487235,-1.649442462062459,-0.891482007814998,-0.16366220111392338,0.6115348345463856,0.6724241599748189,-1.3035862791112085,-1.6335050163040183,1.0829221778368563,-0.7272619771908926,0.0,0.0,0.0,0.0,0.0,0.0,0.0,0.0,0.0,0.0,0.0,0.0,0.0,0.0,0.0,0.0,0.0,0.0,0.0,0.0,0.0,0.0,0.0,0.0,0.0,0.0,0.0,0.0,-0.0012551118483825,0.0368847604229483,0.0680994093577442,SPY
2014-02-05,-0.11799368490172077,-0.9238337877095909,-0.8515175004878917,-0.18831647033835197,0.592381103153026,0.6636638663014082,-1.2661770708342113,-1.8808665521842856,1.0618491223137636,-0.012758982055980528,0.0,0.0,0.0,0.0,0.0,0.0,0.0,0.0,0.0,0.0,0.0,0.0,0.0,0.0,0.0,0.0,0.0,0.0,0.0,0.0,0.0,0.0,0.0,0.0,0.0,0.0,0.0,0.0,0.0131009156609476,0.0386340996908387,0.0716418186580964,SPY
2014-02-06,0.9797647704931872,0.2900422212204344,-0.5298415182203796,-0.1085070639406142,0.5812414279224096,0.6572965570736137,-0.730726754205056,-1.3591848843874728,0.4381481113396772,0.7017440130789315,0.0,0.0,0.0,0.0,0.0,0.0,0.0,0.0,0.0,0.0,0.0,0.0,0.0,0.0,0.0,0.0,0.0,0.0,0.0,0.0,0.0,0.0,0.0,0.0,0.0,0.0,0.0,0.0,0.0123196541510166,0.0306831053713629,0.0589662102900652,SPY
2014-02-07,0.9200242588618208,0.6354861872835691,-0.4319247291160441,-0.04630192611069309,0.5828988376612589,0.6531219331320312,-0.23750272899086616,-0.8882999682792273,1.154853160072301,1.4162470082138434,0.0,0.0,0.0,0.0,0.0,0.0,0.0,0.0,0.0,0.0,0.0,0.0,0.0,0.0,0.0,0.0,0.0,0.0,0.0,0.0,0.0,0.0,0.0,0.0,0.0,0.0,0.0,0.0,0.0018353486706601,0.0238667928681071,0.0461152173409367,SPY
2014-02-10,0.11832372000979002,1.4016502204359647,0.2651185262230487,-0.04828622720655429,0.5870947320844309,0.6487682209654951,-0.12700848139081516,-0.9223271575910317,-0.4112866961482797,-1.4417649723258046,0.0,0.0,0.0,0.0,0.0,0.0,0.0,0.0,0.0,0.0,0.0,0.0,0.0,0.0,0.0,0.0,0.0,0.0,0.0,0.0,0.0,0.0,0.0,0.0,0.0,0.0,0.0,0.0,0.0108839537887064,0.0232264340514962,0.0393252892275901,SPY
2014-02-11,0.810240949299669,0.7658181006477416,1.207422829817906,-0.06005760146770269,0.5931994912157241,0.6490739230645298,0.2761706221169979,-0.642689132255567,0.09405391569606661,-0.7272619771908926,0.0,0.0,0.0,0.0,0.0,0.0,0.0,0.0,0.0,0.0,0.0,0.0,0.0,0.0,0.0,0.0,0.0,0.0,0.0,0.0,0.0,0.0,0.0,0.0,0.0,0.0,0.0,0.0,0.0004942274195078,0.0056988113464599,0.0287084597066806,SPY
2014-02-12,0.015772565645853123,0.6847867237507329,1.356962673156194,-0.1011319440757468,0.6031015033582909,0.6473871995378082,0.311400813740431,-0.4444641720134903,-0.3629729780325005,-0.012758982055980528,0.0,0.0,0.0,0.0,0.0,0.0,0.0,0.0,0.0,0.0,0.0,0.0,0.0,0.0,0.0,0.0,0.0,0.0,0.0,0.0,0.0,0.0,0.0,0.0,0.0,0.0,0.0,0.0,0.0051499213414718,0.0110880810076459,0.0169372660891617,SPY
2014-02-13,0.3717782479451587,0.6090934214297475,1.4239774385890518,-0.10202143496427529,0.6110315708887543,0.6456478041654815,0.522620397558788,0.29381381538485973,-0.24619339006854546,0.7017440130789315,0.0,0.0,0.0,0.0,0.0,0.0,0.0,0.0,0.0,0.0,0.0,0.0,0.0,0.0,0.0,0.0,0.0,0.0,0.0,0.0,0.0,0.0,0.0,0.0,0.0,0.0,0.0,0.0,0.0055033416477607,0.0047966645075154,0.0089753859790722,SPY
2014-02-14,0.3988031424910038,0.28546283905400716,1.119385854178887,-0.0908883161876736,0.6232832210249041,0.6452261134090647,0.7352642829763981,0.5816817876961058,-0.3236247942485801,1.4162470082138434,0.0,0.0,0.0,0.0,0.0,0.0,0.0,0.0,0.0,0.0,0.0,0.0,0.0,0.0,0.0,0.0,0.0,0.0,0.0,0.0,0.0,0.0,0.0,0.0,0.0,0.0,0.0,0.0,0.0011949898540493,0.0048248098517813,0.0124752764150004,SPY
2014-02-18,0.06935757634892532,0.5681788107185758,0.8582623592072063,-0.0966621808922835,0.6444089363324886,0.6458586100447437,0.7743389122537391,0.4868895085007832,-0.6362108296884639,-0.7272619771908926,0.0,0.0,0.0,0.0,0.0,0.0,0.0,0.0,0.0,0.0,0.0,0.0,0.0,0.0,0.0,0.0,0.0,0.0,0.0,0.0,0.0,0.0,0.0,0.0,0.0,0.0,0.0,0.0,-0.0066436689163298,0.0032511327772448,0.0183926972072416,SPY
2014-02-19,-0.5300390142849865,0.34496124222574037,0.8337310995049113,-0.0850057456502369,0.6604158255127116,0.6446358016486063,0.534762140220097,0.592051796204053,0.2766389389455694,-0.012758982055980528,0.0,0.0,0.0,0.0,0.0,0.0,0.0,0.0,0.0,0.0,0.0,0.0,0.0,0.0,0.0,0.0,0.0,0.0,0.0,0.0,0.0,0.0,0.0,0.0,0.0,0.0,0.0,0.0,0.0058834970806938,0.0099487204303487,0.0196931566180706,SPY
2014-02-20,0.4278723847027093,-0.34061982819125464,0.1622721402658903,-0.07275067975584859,0.6791498888595121,0.6444249167714509,0.7598089651716613,0.4956600102780083,-0.15442347354355457,0.7017440130789315,0.0,0.0,0.0,0.0,0.0,0.0,0.0,0.0,0.0,0.0,0.0,0.0,0.0,0.0,0.0,0.0,0.0,0.0,0.0,0.0,0.0,0.0,0.0,0.0,0.0,0.0,0.0,0.0,-0.0011414951586585,0.0092989120491067,0.0196323405076421,SPY
2014-02-21,-0.10930578835530907,-0.0759990158406706,0.3687275996659041,-0.0959562043593671,0.6925972667207517,0.6455845466021248,0.704848165670878,0.6897382128723334,0.09418241680416571,1.4162470082138434,0.0,0.0,0.0,0.0,0.0,0.0,0.0,0.0,0.0,0.0,0.0,0.0,0.0,0.0,0.0,0.0,0.0,0.0,0.0,0.0,0.0,0.0,0.0,0.0,0.0,0.0,0.0,0.0,0.0055314869920266,0.0129668684894799,0.0168873367159836,SPY
2014-02-24,0.400955324884623,0.23454538967388572,0.1277121438674973,-0.27576279265652154,0.7035691218952889,0.6519308028912557,0.8516253030614904,2.018274501527197,0.001782624182018617,-1.4417649723258046,0.0,0.0,0.0,0.0,0.0,0.0,0.0,0.0,0.0,0.0,0.0,0.0,0.0,0.0,0.0,0.0,0.0,0.0,0.0,0.0,0.0,0.0,0.0,0.0,0.0,0.0,0.0,0.0,-0.0003786872204871,0.0003788477017803,0.0072120020348132,SPY
2014-02-25,-0.05097636098232648,0.21467783031739063,0.1287903530397414,-0.2919085271601025,0.713701640976709,0.6591308881646596,0.7651870653283603,1.919847107417536,0.05239132747507182,-0.7272619771908926,0.0,0.0,0.0,0.0,0.0,0.0,0.0,0.0,0.0,0.0,0.0,0.0,0.0,0.0,0.0,0.0,0.0,0.0,0.0,0.0,0.0,0.0,0.0,0.0,0.0,0.0,0.0,0.0,5.391873677407233e-05,0.0147149969377959,0.0123254734618027,SPY
2014-02-26,-0.017896398776275975,0.25773094861467327,0.06850496303400089,-0.2979113057653873,0.7197224114757208,0.6652240154529954,0.7065032106584045,2.013471472442089,-0.3355785349889777,-0.012758982055980528,0.0,0.0,0.0,0.0,0.0,0.0,0.0,0.0,0.0,0.0,0.0,0.0,0.0,0.0,0.0,0.0,0.0,0.0,0.0,0.0,0.0,0.0,0.0,0.0,0.0,0.0,0.0,0.0,0.0052336886994517,0.0155671171579871,0.0050532059792747,SPY
2014-02-27,0.378183663750385,-0.0514247146577195,0.3250802733681897,-0.3495001908143241,0.7275893598000801,0.6741529893788671,0.816536438028261,1.927025636964915,-0.4525898780483971,0.7017440130789315,0.0,0.0,0.0,0.0,0.0,0.0,0.0,0.0,0.0,0.0,0.0,0.0,0.0,0.0,0.0,0.0,0.0,0.0,0.0,0.0,0.0,0.0,0.0,0.0,0.0,0.0,0.0,0.0,0.0025264612817146,0.0126207259105051,-0.0022912195187858,SPY
2014-02-28,0.17117084028188903,0.26533953531742455,0.3001870139275825,-0.3799983970924892,0.7344702965162669,0.6815955784363679,0.8386696988351602,1.7797714082276173,0.7032797025542036,1.4162470082138434,0.0,0.0,0.0,0.0,0.0,0.0,0.0,0.0,0.0,0.0,0.0,0.0,0.0,0.0,0.0,0.0,0.0,0.0,0.0,0.0,0.0,0.0,0.0,0.0,0.0,0.0,0.0,0.0,-0.0070565337956729,0.0105195719217068,0.0001003586767662,SPY
2014-03-03,-0.5616094408490154,0.40489060886494227,0.4407013469568633,-0.3713738438162461,0.736484412304055,0.6887641830491433,0.5002270768609878,1.1041359220700062,1.0227506723974626,-1.4417649723258046,0.0,0.0,0.0,0.0,0.0,0.0,0.0,0.0,0.0,0.0,0.0,0.0,0.0,0.0,0.0,0.0,0.0,0.0,0.0,0.0,0.0,0.0,0.0,0.0,0.0,0.0,0.0,0.0,0.0139574620155284,0.0170447669192679,0.0153176091226798,SPY
2014-03-04,1.0452620678874462,-0.288773387672583,-0.04152830159435081,-0.6341750484617008,0.7434913123176029,0.7029009351195035,0.890254895504993,1.1962773328715568,0.9937806618746284,-0.7272619771908926,0.0,0.0,0.0,0.0,0.0,0.0,0.0,0.0,0.0,0.0,0.0,0.0,0.0,0.0,0.0,0.0,0.0,0.0,0.0,0.0,0.0,0.0,0.0,0.0,0.0,0.0,0.0,0.0,0.0009060389569652,-0.0018672745389469,0.0079692064279974,SPY
2014-03-05,0.04726244660207402,0.35639586427433034,0.5076697275681775,-0.6369099545031052,0.7534142724905891,0.7159307884532166,0.7961202906508141,1.207251605269891,-0.5932037562683449,-0.012758982055980528,0.0,0.0,0.0,0.0,0.0,0.0,0.0,0.0,0.0,0.0,0.0,0.0,0.0,0.0,0.0,0.0,0.0,0.0,0.0,0.0,0.0,0.0,0.0,0.0,0.0,0.0,0.0,0.0,0.0022872974519696,-0.0025061892281152,0.0104042217533502,SPY
2014-03-06,0.15288276468739934,0.8058059575828015,0.5403132734628359,-0.649321315920173,0.7619735276739235,0.7296457905187395,0.7483879304333665,1.134546824043616,-0.6921767838754563,0.7017440130789315,0.0,0.0,0.0,0.0,0.0,0.0,0.0,0.0,0.0,0.0,0.0,0.0,0.0,0.0,0.0,0.0,0.0,0.0,0.0,0.0,0.0,0.0,0.0,0.0,0.0,0.0,0.0,0.0,0.0004253072929163,-0.0160704528780959,0.0067927978657174,SPY
2014-03-07,0.010502469049595124,0.14713822438105753,0.4274411039827862,-0.7038730756917513,0.7711413368966771,0.7410100127633407,0.6534921927829989,0.9826617986089197,-0.06843339575023398,1.4162470082138434,0.0,0.0,0.0,0.0,0.0,0.0,0.0,0.0,0.0,0.0,0.0,0.0,0.0,0.0,0.0,0.0,0.0,0.0,0.0,0.0,0.0,0.0,0.0,0.0,0.0,0.0,0.0,0.0,-0.0005313387981118,-0.01930771893963,-0.0055253426208397,SPY
2014-03-10,-0.06264912769707247,0.12000557910318342,0.3469488036713447,-0.7597271183844658,0.7779595081258477,0.7499495724069646,0.5464987794574006,0.8974491784110309,-0.8630641117939734,-1.4417649723258046,0.0,0.0,0.0,0.0,0.0,0.0,0.0,0.0,0.0,0.0,0.0,0.0,0.0,0.0,0.0,0.0,0.0,0.0,0.0,0.0,0.0,0.0,0.0,0.0,0.0,0.0,0.0,0.0,-0.0049545794426864,-0.0097731480578291,-0.0161071790972489,SPY
2014-03-11,-0.4008798683857807,-0.0390791312665928,0.5969199900453596,-0.7257982369091636,0.7829736334032348,0.7575608219674534,0.2864418310387158,1.0305389012738548,-0.3674283374235527,-0.7272619771908926,0.0,0.0,0.0,0.0,0.0,0.0,0.0,0.0,0.0,0.0,0.0,0.0,0.0,0.0,0.0,0.0,0.0,0.0,0.0,0.0,0.0,0.0,0.0,0.0,0.0,0.0,0.0,0.0,0.0002671242677969,0.0022938420311477,-0.0070380076369467,SPY
2014-03-12,-0.001593269357976876,-0.34272161905863796,-0.1275741349319746,-0.7823790097713337,0.7880717866150234,0.7631481257426125,0.24284388288619224,0.8208169565196477,-0.24665907676113538,-0.012758982055980528,0.0,0.0,0.0,0.0,0.0,0.0,0.0,0.0,0.0,0.0,0.0,0.0,0.0,0.0,0.0,0.0,0.0,0.0,0.0,0.0,0.0,0.0,0.0,0.0,0.0,0.0,0.0,0.0,-0.0112769661980109,-0.0033164917421499,0.0033884784817148,SPY
2014-03-13,-0.8843320987763669,-0.2976561142147984,-0.1520500721113047,-0.680163790900923,0.7867293047706373,0.7664266963257553,-0.20857667986157918,0.03989090774031769,0.7427259645567714,0.7017440130789315,0.0,0.0,0.0,0.0,0.0,0.0,0.0,0.0,0.0,0.0,0.0,0.0,0.0,0.0,0.0,0.0,0.0,0.0,0.0,0.0,0.0,0.0,0.0,0.0,0.0,0.0,0.0,0.0,-0.0028119587686177,0.0137831554261262,-0.0065644144164958,SPY
2014-03-14,-0.23704067539634008,-0.65449359751456,-0.6716782331306951,-0.685312130073247,0.7833098237450841,0.768166091698082,-0.3289782339160223,-0.4257823283047187,0.699749926214219,1.4162470082138434,0.0,0.0,0.0,0.0,0.0,0.0,0.0,0.0,0.0,0.0,0.0,0.0,0.0,0.0,0.0,0.0,0.0,0.0,0.0,0.0,0.0,0.0,0.0,0.0,0.0,0.0,0.0,0.0,0.009003232083689,0.0127086152444269,-0.0128019153080982,SPY
2014-03-17,0.666428313625504,-0.828278005856849,-0.7956934140275839,-0.6566080934574884,0.7861419738764824,0.7706013597662852,-0.018258869368714275,0.05680759034203199,-0.4120147325332892,-1.4417649723258046,0.0,0.0,0.0,0.0,0.0,0.0,0.0,0.0,0.0,0.0,0.0,0.0,0.0,0.0,0.0,0.0,0.0,0.0,0.0,0.0,0.0,0.0,0.0,0.0,0.0,0.0,0.0,0.0,0.0071124106462905,-0.0004384645284059,-0.0139575408390264,SPY
2014-03-18,0.5218433844591894,0.31634271978403244,-0.4304372039401105,-0.6330064875240097,0.7863098725368032,0.7742067248860731,0.21299829503362253,0.335557494372082,-0.3177186091639615,-0.7272619771908926,0.0,0.0,0.0,0.0,0.0,0.0,0.0,0.0,0.0,0.0,0.0,0.0,0.0,0.0,0.0,0.0,0.0,0.0,0.0,0.0,0.0,0.0,0.0,0.0,0.0,0.0,0.0,0.0,-0.0053432095055008,-0.002816090968194,-0.0142060004048678,SPY
2014-03-19,-0.4305971378182819,0.8764772294880637,0.031832479898064196,-0.6435688911918825,0.7840231179365985,0.778043948823786,-0.023027186872234675,-0.1434249900132021,1.2272643375095311,-0.012758982055980528,0.0,0.0,0.0,0.0,0.0,0.0,0.0,0.0,0.0,0.0,0.0,0.0,0.0,0.0,0.0,0.0,0.0,0.0,0.0,0.0,0.0,0.0,0.0,0.0,0.0,0.0,0.0,0.0,0.0058226809702652,-0.0046912302084471,0.0015604688744152,SPY
2014-03-20,0.4232219757087283,0.06675958501114233,-0.1830916395787609,-0.6439176910012564,0.7831211735649489,0.7818917782287242,0.15768425254156374,-0.00958674070550141,0.023158026065695517,0.7017440130789315,0.0,0.0,0.0,0.0,0.0,0.0,0.0,0.0,0.0,0.0,0.0,0.0,0.0,0.0,0.0,0.0,0.0,0.0,0.0,0.0,0.0,0.0,0.0,0.0,0.0,0.0,0.0,0.0,-0.0038864989503171,-0.0126246479773213,-0.0028663735383185,SPY
2014-03-21,-0.3192072475455976,-0.0060331607572641915,0.4719721693692742,-0.6329153491397315,0.7805234605844878,0.7851932779505062,-0.018670900300929775,0.1462739184915358,0.9767596683836008,1.4162470082138434,0.0,0.0,0.0,0.0,0.0,0.0,0.0,0.0,0.0,0.0,0.0,0.0,0.0,0.0,0.0,0.0,0.0,0.0,0.0,0.0,0.0,0.0,0.0,0.0,0.0,0.0,0.0,0.0,-0.0041438476891437,-0.0038201095497374,0.0045013710126626,SPY
2014-03-24,-0.3388858636424609,0.07618403798815833,0.4308080226845669,-0.6339422883706801,0.7765130721717822,0.7866042000809473,-0.18590565147119498,-0.7222669280693396,0.058577801761025616,-1.4417649723258046,0.0,0.0,0.0,0.0,0.0,0.0,0.0,0.0,0.0,0.0,0.0,0.0,0.0,0.0,0.0,0.0,0.0,0.0,0.0,0.0,0.0,0.0,0.0,0.0,0.0,0.0,0.0,0.0,0.0047347842065024,0.0084844547896469,0.0131796284377401,SPY
2014-03-25,0.3400340694274664,-0.48632995264413825,-0.07283840158278002,-0.6239596393416414,0.7763079937051275,0.789020765397824,-0.03287435249616578,-0.5104423600693758,-0.3471330801485643,-0.7272619771908926,0.0,0.0,0.0,0.0,0.0,0.0,0.0,0.0,0.0,0.0,0.0,0.0,0.0,0.0,0.0,0.0,0.0,0.0,0.0,0.0,0.0,0.0,0.0,0.0,0.0,0.0,0.0,0.0,-0.007218348745754,0.0103587299039906,0.0060998139798904,SPY
2014-03-26,-0.5739829006759338,0.0002579616278211099,-0.1639219787218847,-0.5911084115937133,0.7731743963067208,0.7900079625760861,-0.3097797019571934,-0.9342951369325471,-0.012966100046592783,-0.012758982055980528,0.0,0.0,0.0,0.0,0.0,0.0,0.0,0.0,0.0,0.0,0.0,0.0,0.0,0.0,0.0,0.0,0.0,0.0,0.0,0.0,0.0,0.0,0.0,0.0,0.0,0.0,0.0,0.0,-0.0021107367986088,0.0209181329320626,0.0153433921979377,SPY
2014-03-27,-0.18342052551952606,-0.17326783834309184,-0.2357559669287861,-0.6032790592103444,0.7736247200075512,0.7895596495295019,-0.3834625574415632,-1.0330853787613723,0.4755027103020649,0.7017440130789315,0.0,0.0,0.0,0.0,0.0,0.0,0.0,0.0,0.0,0.0,0.0,0.0,0.0,0.0,0.0,0.0,0.0,0.0,0.0,0.0,0.0,0.0,0.0,0.0,0.0,0.0,0.0,0.0,0.0049180394772667,0.0217047432950083,0.009221559286928,SPY
2014-03-28,0.354047000431287,-0.5596311821044239,-0.5396742180197343,-0.5932360256514428,0.7770834245497245,0.789579359503973,-0.20191366102264327,-0.7639966821079048,-0.4768263360302344,1.4162470082138434,0.0,0.0,0.0,0.0,0.0,0.0,0.0,0.0,0.0,0.0,0.0,0.0,0.0,0.0,0.0,0.0,0.0,0.0,0.0,0.0,0.0,0.0,0.0,0.0,0.0,0.0,0.0,0.0,0.0081607166502406,0.0048938706241008,0.0074657038229934,SPY
2014-03-31,0.6020039148656381,0.12535036006465014,-0.2023845405401546,-0.5904387436484653,0.7802412713567024,0.7925893569981081,0.07309922239549313,-0.2163439201219402,-0.511723389526582,-1.4417649723258046,0.0,0.0,0.0,0.0,0.0,0.0,0.0,0.0,0.0,0.0,0.0,0.0,0.0,0.0,0.0,0.0,0.0,0.0,0.0,0.0,0.0,0.0,0.0,0.0,0.0,0.0,0.0,0.0,0.0066090593208461,-0.0143800213006608,0.0039495743177599,SPY
2014-04-01,0.4833537554039573,0.705074401057763,0.2689862839150403,-0.6731044029863269,0.7832219442028372,0.7941715268125553,0.3054800350304358,0.01177671711549679,-0.7622611894175982,-0.7272619771908926,0.0,0.0,0.0,0.0,0.0,0.0,0.0,0.0,0.0,0.0,0.0,0.0,0.0,0.0,0.0,0.0,0.0,0.0,0.0,0.0,0.0,0.0,0.0,0.0,0.0,0.0,0.0,0.0,0.003341054282318,-0.0168744886038911,0.000318592110883,SPY
2014-04-02,0.23346010195519853,0.8005160892279157,0.340787168654715,-0.6681586862845043,0.7896280719968967,0.7962415283698961,0.4113777904227718,0.6505716795666016,-0.9840367746460068,-0.012758982055980528,0.0,0.0,0.0,0.0,0.0,0.0,0.0,0.0,0.0,0.0,0.0,0.0,0.0,0.0,0.0,0.0,0.0,0.0,0.0,0.0,0.0,0.0,0.0,0.0,0.0,0.0,0.0,0.0,-0.0013241264356631,-0.0095219324997506,-0.0029161883145008,SPY
2014-04-03,-0.12327100459782968,0.5284928397366291,0.7453032794092743,-0.668385657609841,0.7932207967712068,0.7975936563179726,0.3486623838588489,0.7303700741266445,-1.0076113709593313,0.7017440130789315,0.0,0.0,0.0,0.0,0.0,0.0,0.0,0.0,0.0,0.0,0.0,0.0,0.0,0.0,0.0,0.0,0.0,0.0,0.0,0.0,0.0,0.0,0.0,0.0,0.0,0.0,0.0,0.0,-0.0118928331936407,-0.0294276651603091,-0.0030266713717672,SPY
2014-04-04,-0.9314254330160712,0.08074135766884873,0.7754372333697499,-0.586486166627484,0.7936423120174463,0.7965001082253549,-0.08548974364291598,-0.15469973705361442,1.069261250245232,1.4162470082138434,0.0,0.0,0.0,0.0,0.0,0.0,0.0,0.0,0.0,0.0,0.0,0.0,0.0,0.0,0.0,0.0,0.0,0.0,0.0,0.0,0.0,0.0,0.0,0.0,0.0,0.0,0.0,0.0,-0.011113175274521,-0.0265842916268885,0.0107784184957013,SPY
2014-04-07,-0.8718075427276185,-0.7790640098554868,0.1314359756142489,-0.527356176243575,0.7913455353764227,0.7933307324807388,-0.4666183300425561,-0.8605033832757345,0.400309077299691,-1.4417649723258046,0.0,0.0,0.0,0.0,0.0,0.0,0.0,0.0,0.0,0.0,0.0,0.0,0.0,0.0,0.0,0.0,0.0,0.0,0.0,0.0,0.0,0.0,0.0,0.0,0.0,0.0,0.0,0.0,0.0041145920176157,-0.0076235097996066,0.0131498008390655,SPY
2014-04-08,0.2926100018100298,-1.3315609839791722,-0.606920139762836,-0.5258861384272502,0.7887958888897755,0.7919464721394109,-0.3020037368007887,-0.5016470189267442,-0.24870431684675168,-0.7272619771908926,0.0,0.0,0.0,0.0,0.0,0.0,0.0,0.0,0.0,0.0,0.0,0.0,0.0,0.0,0.0,0.0,0.0,0.0,0.0,0.0,0.0,0.0,0.0,0.0,0.0,0.0,0.0,0.0,0.0106936103864585,-0.0048741507367733,0.0149073926327094,SPY
2014-04-09,0.7956860120713537,-0.4280969050562284,-0.7024797286169204,-0.4684410957731173,0.793263046551133,0.7926165915219509,0.08882366109395193,-0.314488839520021,-0.5146769633784377,-0.012758982055980528,0.0,0.0,0.0,0.0,0.0,0.0,0.0,0.0,0.0,0.0,0.0,0.0,0.0,0.0,0.0,0.0,0.0,0.0,0.0,0.0,0.0,0.0,0.0,0.0,0.0,0.0,0.0,0.0,-0.0212298590962216,-0.0051445013494495,0.0031479874503981,SPY
2014-04-10,-1.6453972560804966,0.8026848891084251,-0.4208134837122914,-0.3250142993980848,0.7902708974857069,0.7913393140781279,-0.683570002524035,-0.8443246092306564,1.116425672622285,0.7017440130789315,0.0,0.0,0.0,0.0,0.0,0.0,0.0,0.0,0.0,0.0,0.0,0.0,0.0,0.0,0.0,0.0,0.0,0.0,0.0,0.0,0.0,0.0,0.0,0.0,0.0,0.0,0.0,0.0,-0.0090494596602201,0.0174811963043035,0.0258693437069235,SPY
2014-04-11,-0.7140019615069801,-0.6277638482230914,-1.183374542908774,-0.29710230308108954,0.7818844144256796,0.7888630856020558,-0.9901537780511048,-0.9597642674661855,0.9555838195494126,1.4162470082138434,0.0,0.0,0.0,0.0,0.0,0.0,0.0,0.0,0.0,0.0,0.0,0.0,0.0,0.0,0.0,0.0,0.0,0.0,0.0,0.0,0.0,0.0,0.0,0.0,0.0,0.0,0.0,0.0,0.0078476065527608,0.0300119015651878,0.0446075966091763,SPY
2014-04-14,0.5780614101055583,-1.7420688885046758,-1.0744488394287584,-0.3056617844385022,0.7733084951430998,0.7861404824450972,-0.6792334474182999,-0.8595424301500069,0.14747177082286764,-1.4417649723258046,0.0,0.0,0.0,0.0,0.0,0.0,0.0,0.0,0.0,0.0,0.0,0.0,0.0,0.0,0.0,0.0,0.0,0.0,0.0,0.0,0.0,0.0,0.0,0.0,0.0,0.0,0.0,0.0,0.0068639510804491,0.0266987047483606,0.0376555759742709,SPY
2014-04-15,0.5028444943380272,-0.1009276447837402,-0.3480875383923848,-0.3072254764696509,0.764774629129842,0.783349980598528,-0.4012517920923817,-0.4645668494669632,0.693483630219595,-0.7272619771908926,0.0,0.0,0.0,0.0,0.0,0.0,0.0,0.0,0.0,0.0,0.0,0.0,0.0,0.0,0.0,0.0,0.0,0.0,0.0,0.0,0.0,0.0,0.0,0.0,0.0,0.0,0.0,0.0,0.0104232597737823,0.0174897234165642,0.0260422761424763,SPY
2014-04-16,0.7750131852191056,0.797230228053359,-0.2427633991196942,-0.2709519459111905,0.7589800423363879,0.7836572824049092,-0.018118322586767276,-0.12704698512316673,-0.5025851059536584,-0.012758982055980528,0.0,0.0,0.0,0.0,0.0,0.0,0.0,0.0,0.0,0.0,0.0,0.0,0.0,0.0,0.0,0.0,0.0,0.0,0.0,0.0,0.0,0.0,0.0,0.0,0.0,0.0,0.0,0.0,0.0013958385575314,0.0090916931150752,0.0067998585819664,SPY
2014-04-17,0.08471581959269772,0.9426009003660257,-0.2531201567971077,-0.2838044244348787,0.7542599362251654,0.7830907687599193,0.03925281605954622,-0.2153578814538084,-0.5301424337623105,0.7017440130789315,0.0,0.0,0.0,0.0,0.0,0.0,0.0,0.0,0.0,0.0,0.0,0.0,0.0,0.0,0.0,0.0,0.0,0.0,0.0,0.0,0.0,0.0,0.0,0.0,0.0,0.0,0.0,0.0,0.003481245600664,-0.0005367151520747,0.0088664369032738,SPY
2014-04-21,0.24418007340881004,0.6339789215801546,0.6136389955596172,-0.2852437062141506,0.7556085098982857,0.7839802455437107,0.16081267450130762,-0.3424071254558221,-1.345735475525865,-1.4417649723258046,0.0,0.0,0.0,0.0,0.0,0.0,0.0,0.0,0.0,0.0,0.0,0.0,0.0,0.0,0.0,0.0,0.0,0.0,0.0,0.0,0.0,0.0,0.0,0.0,0.0,0.0,0.0,0.0,0.0045344097359336,-0.0008557767394066,0.0090478572598478,SPY
2014-04-22,0.3247120892230385,0.24216947327638771,1.093672965630567,-0.2869639809200471,0.7630890004682137,0.7865850825906787,0.3059381588668798,-0.4029767104282435,-0.9227233544508538,-0.7272619771908926,0.0,0.0,0.0,0.0,0.0,0.0,0.0,0.0,0.0,0.0,0.0,0.0,0.0,0.0,0.0,0.0,0.0,0.0,0.0,0.0,0.0,0.0,0.0,0.0,0.0,0.0,0.0,0.0,-0.0023450302513472,-0.0007455993303331,-0.001811635468476,SPY
2014-04-23,-0.20133617931860737,0.41931141093387087,0.9667489826227856,-0.2910291782450348,0.7680406353734311,0.7877920914080817,0.20649479265338763,-0.5715571607012923,-1.1671806502576834,-0.012758982055980528,0.0,0.0,0.0,0.0,0.0,0.0,0.0,0.0,0.0,0.0,0.0,0.0,0.0,0.0,0.0,0.0,0.0,0.0,0.0,0.0,0.0,0.0,0.0,0.0,0.0,0.0,0.0,0.0,0.0020252294722933,0.0045775080349832,0.0089226415080423,SPY
2014-04-24,0.13284328368257764,0.09047458197984302,0.6139656574247335,-0.3146435279557652,0.7695997898101268,0.7908203374156546,0.253571010189139,-0.4718097861814169,-0.8127447260286375,0.7017440130789315,0.0,0.0,0.0,0.0,0.0,0.0,0.0,0.0,0.0,0.0,0.0,0.0,0.0,0.0,0.0,0.0,0.0,0.0,0.0,0.0,0.0,0.0,0.0,0.0,0.0,0.0,0.0,0.0,-0.0082325697096186,0.002658552419624,0.0093269080164937,SPY
2014-04-25,-0.6515370595821879,-0.0511443358550667,0.2922487434546889,-0.2858264083642757,0.7761951180140129,0.7926309493891255,-0.07096011387751647,-0.3647742557543905,-0.5042033649439541,1.4162470082138434,0.0,0.0,0.0,0.0,0.0,0.0,0.0,0.0,0.0,0.0,0.0,0.0,0.0,0.0,0.0,0.0,0.0,0.0,0.0,0.0,0.0,0.0,0.0,0.0,0.0,0.0,0.0,0.0,0.0031621840133322,0.009456512636313,0.021559965534597,SPY
2014-04-28,0.21978247769108292,-0.38343890188240387,-0.07660224694980071,-0.29094734654912974,0.7875105130270007,0.7941027393966409,0.03285633669131852,0.09772493748236409,0.3532290347951969,-1.4417649723258046,0.0,0.0,0.0,0.0,0.0,0.0,0.0,0.0,0.0,0.0,0.0,0.0,0.0,0.0,0.0,0.0,0.0,0.0,0.0,0.0,0.0,0.0,0.0,0.0,0.0,0.0,0.0,0.0,0.0046445871450071,0.0082065852968087,0.0245253272140404,SPY
2014-04-29,0.3331369952303119,-0.31926883245271004,-0.08882505462704891,-0.3084384854536595,0.7976458618611225,0.7948863590029128,0.19895804505413084,0.114105097806637,-0.8935036951937922,-0.7272619771908926,0.0,0.0,0.0,0.0,0.0,0.0,0.0,0.0,0.0,0.0,0.0,0.0,0.0,0.0,0.0,0.0,0.0,0.0,0.0,0.0,0.0,0.0,0.0,0.0,0.0,0.0,0.0,0.0,0.0029780771139691,-0.0051797947793552,0.0191492774209987,SPY
2014-04-30,0.20570442543456333,0.40752192266694504,-0.08460431062353452,-0.3224764812072778,0.8063061234950708,0.7949498733094241,0.3100311280717508,-0.1161452283356207,-0.4448924015170504,-0.012758982055980528,0.0,0.0,0.0,0.0,0.0,0.0,0.0,0.0,0.0,0.0,0.0,0.0,0.0,0.0,0.0,0.0,0.0,0.0,0.0,0.0,0.0,0.0,0.0,0.0,0.0,0.0,0.0,0.0,0.0001062738569341,-0.0022856880820647,0.0213310460803599,SPY
2014-05-01,-0.013892974026529975,0.39713087176017753,0.11931656282188949,-0.3272905174123526,0.810941769348562,0.7943675008372804,0.3195702210397904,0.9390499590471241,-0.6702325377233105,0.7017440130789315,0.0,0.0,0.0,0.0,0.0,0.0,0.0,0.0,0.0,0.0,0.0,0.0,0.0,0.0,0.0,0.0,0.0,0.0,0.0,0.0,0.0,0.0,0.0,0.0,0.0,0.0,0.0,0.0,-0.0014346094929296,-0.0034577567348517,0.0228351189353999,SPY
2014-05-02,-0.13171928252244058,0.14098705221640534,0.04580402994743799,-0.3271771279171905,0.8144606847398947,0.7937638976812117,0.2714614600333669,1.4858207487532582,-0.4947069012141865,1.4162470082138434,0.0,0.0,0.0,0.0,0.0,0.0,0.0,0.0,0.0,0.0,0.0,0.0,0.0,0.0,0.0,0.0,0.0,0.0,0.0,0.0,0.0,0.0,0.0,0.0,0.0,0.0,0.0,0.0,0.0019122566738278,-0.0005316500816183,0.0254107656304167,SPY
2014-05-05,0.12420462339410103,-0.1080663582017704,0.3062244742290639,-0.388589716939829,0.8173684521518315,0.7959027261534136,0.3228890889667729,1.3508086924935143,-1.1306161042589675,-1.4417649723258046,0.0,0.0,0.0,0.0,0.0,0.0,0.0,0.0,0.0,0.0,0.0,0.0,0.0,0.0,0.0,0.0,0.0,0.0,0.0,0.0,0.0,0.0,0.0,0.0,0.0,0.0,0.0,0.0,-0.0087417929311568,0.0072448864865863,0.0229802017677558,SPY
2014-05-06,-0.6904756933207824,-0.006136123908496791,0.2583414883483373,-0.4108949942124822,0.8150294650330018,0.798486352265932,-0.028470560351243776,0.4230288318524256,-0.819409220469764,-0.7272619771908926,0.0,0.0,0.0,0.0,0.0,0.0,0.0,0.0,0.0,0.0,0.0,0.0,0.0,0.0,0.0,0.0,0.0,0.0,0.0,0.0,0.0,0.0,0.0,0.0,0.0,0.0,0.0,0.0,0.0058721838112596,0.0168822653355986,0.0337426380663954,SPY
2014-05-07,0.4270072960024066,-0.41855583959746295,-0.2544721992338523,-0.404101836964865,0.8159357326379468,0.801429971779908,0.16281703273076362,0.2208053714084066,-0.17776809227925808,-0.012758982055980528,0.0,0.0,0.0,0.0,0.0,0.0,0.0,0.0,0.0,0.0,0.0,0.0,0.0,0.0,0.0,0.0,0.0,0.0,0.0,0.0,0.0,0.0,0.0,0.0,0.0,0.0,0.0,0.0,-0.0010657947958527,0.0062607327729935,0.0343712167481404,SPY
2014-05-08,-0.10351722927846688,-0.19505631505769214,-0.1436029784848805,-0.45124722669927714,0.8156195470756162,0.8020545686262199,0.11706075269750822,0.0741631591822873,-0.5625291823779758,0.7017440130789315,0.0,0.0,0.0,0.0,0.0,0.0,0.0,0.0,0.0,0.0,0.0,0.0,0.0,0.0,0.0,0.0,0.0,0.0,0.0,0.0,0.0,0.0,0.0,0.0,0.0,0.0,0.0,0.0,0.0014914971603037,-0.0014926302178812,0.0402083444618934,SPY
2014-05-09,0.09203051998292122,0.23817941733541073,-0.1885033058710302,-0.7138069480423752,0.8191385803733112,0.8071370758608191,0.12474940696280443,-0.03438979567784921,-0.8593999394480878,1.4162470082138434,0.0,0.0,0.0,0.0,0.0,0.0,0.0,0.0,0.0,0.0,0.0,0.0,0.0,0.0,0.0,0.0,0.0,0.0,0.0,0.0,0.0,0.0,0.0,0.0,0.0,0.0,0.0,0.0,0.0096887932420326,0.0004782895006538,0.0397401830213652,SPY
2014-05-12,0.7188509324713447,-0.009067905574006592,-0.07640821111308971,-0.7497581171513833,0.8252703400616368,0.8159043410983455,0.4051292914140332,0.235801971081893,-0.7484665506994889,-1.4417649723258046,0.0,0.0,0.0,0.0,0.0,0.0,0.0,0.0,0.0,0.0,0.0,0.0,0.0,0.0,0.0,0.0,0.0,0.0,0.0,0.0,0.0,0.0,0.0,0.0,0.0,0.0,0.0,0.0,0.0008955859178554,-0.0055478377841406,0.0301538088140285,SPY
2014-05-13,0.04646313690028512,0.5979244025338067,0.2215001383786239,-0.7721275357960042,0.8299272090603923,0.8233374899075533,0.3683375177129606,0.4441516710932572,-1.3359929013270575,-0.7272619771908926,0.0,0.0,0.0,0.0,0.0,0.0,0.0,0.0,0.0,0.0,0.0,0.0,0.0,0.0,0.0,0.0,0.0,0.0,0.0,0.0,0.0,0.0,0.0,0.0,0.0,0.0,0.0,0.0,-0.0047493487513454,-0.0127685066943863,0.0257759146292215,SPY
2014-05-14,-0.3851865488668745,0.5642909858741566,0.5906947793546976,-0.7633979268269643,0.8315076259444747,0.8284834719497176,0.14168070539482444,0.02117894817772559,-1.148034560246845,-0.012758982055980528,0.0,0.0,0.0,0.0,0.0,0.0,0.0,0.0,0.0,0.0,0.0,0.0,0.0,0.0,0.0,0.0,0.0,0.0,0.0,0.0,0.0,0.0,0.0,0.0,0.0,0.0,0.0,0.0,-0.0088191577867275,0.0003700887821302,0.0234197854954372,SPY
2014-05-15,-0.6963915307136787,-0.25060225805822833,0.1837985721490882,-0.7628879756171447,0.8295479828962005,0.8298281740957895,-0.19911732928234568,-0.01856880068986711,1.2879901404235714,0.7017440130789315,0.0,0.0,0.0,0.0,0.0,0.0,0.0,0.0,0.0,0.0,0.0,0.0,0.0,0.0,0.0,0.0,0.0,0.0,0.0,0.0,0.0,0.0,0.0,0.0,0.0,0.0,0.0,0.0,0.0034624168788388,0.0116187425496026,0.0352827558297601,SPY
2014-05-16,0.24274030265227883,-0.7989054271938566,-0.11322202967840221,-0.7570443691853054,0.8295268383551767,0.831585817981554,-0.08704285789317258,-0.00280115479836581,-0.4012396195490043,1.4162470082138434,0.0,0.0,0.0,0.0,0.0,0.0,0.0,0.0,0.0,0.0,0.0,0.0,0.0,0.0,0.0,0.0,0.0,0.0,0.0,0.0,0.0,0.0,0.0,0.0,0.0,0.0,0.0,0.0,0.003662665957238,0.0121568134792484,0.0326440729459358,SPY
2014-05-19,0.2580526945277397,-0.33543081004003733,-0.037718823954392806,-0.7562617597464693,0.8302011841449183,0.8333858442372734,0.03244530667015552,-0.05067345471362911,-1.3369055256637783,-1.4417649723258046,0.0,0.0,0.0,0.0,0.0,0.0,0.0,0.0,0.0,0.0,0.0,0.0,0.0,0.0,0.0,0.0,0.0,0.0,0.0,0.0,0.0,0.0,0.0,0.0,0.0,0.0,0.0,0.0,-0.0063250829923902,0.014621693214786,0.0317570488453542,SPY
2014-05-20,-0.5056777909906452,0.36904722082968583,-0.268571417200097,-0.7403270552106899,0.8318235756940803,0.8330257520884463,-0.19924493048729966,-0.5614002219668776,0.043335557803933215,-0.7272619771908926,0.0,0.0,0.0,0.0,0.0,0.0,0.0,0.0,0.0,0.0,0.0,0.0,0.0,0.0,0.0,0.0,0.0,0.0,0.0,0.0,0.0,0.0,0.0,0.0,0.0,0.0,0.0,0.0,0.0083892467251711,0.0202153135591416,0.0453953644239275,SPY
2014-05-21,0.6194788620196433,-0.18336232907719663,-0.545185246301406,-0.7003830159678638,0.8344573680214911,0.8348046464076087,0.09616649260158143,-0.14942561974059942,-0.5916003148278557,-0.012758982055980528,0.0,0.0,0.0,0.0,0.0,0.0,0.0,0.0,0.0,0.0,0.0,0.0,0.0,0.0,0.0,0.0,0.0,0.0,0.0,0.0,0.0,0.0,0.0,0.0,0.0,0.0,0.0,0.0,0.0024294959807447,0.0169859126073008,0.0381258777507778,SPY
2014-05-22,0.16375622095558584,0.08340736583617203,-0.041863843679623106,-0.6994731811258904,0.8384822589167947,0.8366682857172064,0.16949227945034712,0.02521390674261699,-1.3400410964678282,0.7017440130789315,0.0,0.0,0.0,0.0,0.0,0.0,0.0,0.0,0.0,0.0,0.0,0.0,0.0,0.0,0.0,0.0,0.0,0.0,0.0,0.0,0.0,0.0,0.0,0.0,0.0,0.0,0.0,0.0,0.0040004878084847,0.0161667633385302,0.0377247874373365,SPY
2014-05-23,0.2838848262495694,0.5775185376165958,0.3890565086495529,-0.7458515637481236,0.8435182361733807,0.840967212844481,0.2789898378051779,0.1081976649815667,-1.3146720682533528,1.4162470082138434,0.0,0.0,0.0,0.0,0.0,0.0,0.0,0.0,0.0,0.0,0.0,0.0,0.0,0.0,0.0,0.0,0.0,0.0,0.0,0.0,0.0,0.0,0.0,0.0,0.0,0.0,0.0,0.0,0.0061275456927756,0.0133073127321328,0.0334181544804028,SPY
2014-05-27,0.446533983621078,0.32981561350793615,0.4096692610174443,-0.7319279958241588,0.8471635078832832,0.8458802103487348,0.4631886081854245,0.8124661064913193,-0.978963268425881,-0.7272619771908926,0.0,0.0,0.0,0.0,0.0,0.0,0.0,0.0,0.0,0.0,0.0,0.0,0.0,0.0,0.0,0.0,0.0,0.0,0.0,0.0,0.0,0.0,0.0,0.0,0.0,0.0,0.0,0.0,-0.0007314626480345,0.0066614598505241,0.0212479589140404,SPY
2014-05-28,-0.07795194376064217,0.538534694359352,0.5040953911165291,-0.7381417234997775,0.8501553818338635,0.8497237343684686,0.3993926431608525,0.5794900957803276,-1.0978479587278076,-0.012758982055980528,0.0,0.0,0.0,0.0,0.0,0.0,0.0,0.0,0.0,0.0,0.0,0.0,0.0,0.0,0.0,0.0,0.0,0.0,0.0,0.0,0.0,0.0,0.0,0.0,0.0,0.0,0.0,0.0,0.0051598457733303,0.0094135658660414,0.0264893687668097,SPY
2014-05-29,0.3725371367798714,0.27146193254492323,0.7183792422699447,-0.729244354687197,0.8571299362019421,0.8540226417462694,0.5534929554241712,0.8159091343056033,-1.1367384855534677,0.7017440130789315,0.0,0.0,0.0,0.0,0.0,0.0,0.0,0.0,0.0,0.0,0.0,0.0,0.0,0.0,0.0,0.0,0.0,0.0,0.0,0.0,0.0,0.0,0.0,0.0,0.0,0.0,0.0,0.0,0.0016103467119741,0.0107544825857157,0.0206130580950549,SPY
2014-05-30,0.10111855636215512,0.21684464682550844,0.5946653628363425,-0.7297345921802731,0.8682556591796525,0.8586286336862443,0.5708923480040905,0.8205233566433158,-0.7829657562132637,1.4162470082138434,0.0,0.0,0.0,0.0,0.0,0.0,0.0,0.0,0.0,0.0,0.0,0.0,0.0,0.0,0.0,0.0,0.0,0.0,0.0,0.0,0.0,0.0,0.0,0.0,0.0,0.0,0.0,0.0,0.0011410372020872,0.0139154687916418,0.0209454504563844,SPY
2014-06-02,0.06523199356887832,0.34901709858030894,0.5632848884430827,-0.7343720193414972,0.8784753110630223,0.8637534245434312,0.5657083957586725,0.5360108648896104,-1.098822474922841,-1.4417649723258046,0.0,0.0,0.0,0.0,0.0,0.0,0.0,0.0,0.0,0.0,0.0,0.0,0.0,0.0,0.0,0.0,0.0,0.0,0.0,0.0,0.0,0.0,0.0,0.0,0.0,0.0,0.0,0.0,-0.000518307188833,0.0137977673093301,0.0192933322680337,SPY
2014-06-03,-0.06165264317070138,0.12219428752431123,0.453743294555664,-0.732709674449564,0.887030360919424,0.8683912328850817,0.502481776818798,0.464573001636217,-1.0520888408552298,-0.7272619771908926,0.0,0.0,0.0,0.0,0.0,0.0,0.0,0.0,0.0,0.0,0.0,0.0,0.0,0.0,0.0,0.0,0.0,0.0,0.0,0.0,0.0,0.0,0.0,0.0,0.0,0.0,0.0,0.0,0.0020206433674827,0.014418493532859,0.0264829838542688,SPY
2014-06-04,0.13249259925195142,0.0020523964670211103,0.1991498716918538,-0.8050777275828741,0.8989146934340025,0.8751784159177388,0.5150301311903576,0.8916052262024059,-1.2950458931476885,-0.012758982055980528,0.0,0.0,0.0,0.0,0.0,0.0,0.0,0.0,0.0,0.0,0.0,0.0,0.0,0.0,0.0,0.0,0.0,0.0,0.0,0.0,0.0,0.0,0.0,0.0,0.0,0.0,0.0,0.0,0.0065007624930046,0.0089155418984248,0.025476132417836,SPY
2014-06-05,0.4750726512908459,0.05169764319134451,0.3045792429187756,-0.8008897901099085,0.9101246408567186,0.8821349506849544,0.6957028705245624,1.8526699715317,-0.274996367402022,0.7017440130789315,0.0,0.0,0.0,0.0,0.0,0.0,0.0,0.0,0.0,0.0,0.0,0.0,0.0,0.0,0.0,0.0,0.0,0.0,0.0,0.0,0.0,0.0,0.0,0.0,0.0,0.0,0.0,0.0,0.0047713329179002,-0.0046906984797097,0.0238820319343702,SPY
2014-06-06,0.3428288298125832,0.44785612847592055,0.3559479059811085,-0.800991106677188,0.9223248445166606,0.890288125796028,0.8002042800785881,1.8771919041999856,-0.6323547618226617,1.4162470082138434,0.0,0.0,0.0,0.0,0.0,0.0,0.0,0.0,0.0,0.0,0.0,0.0,0.0,0.0,0.0,0.0,0.0,0.0,0.0,0.0,0.0,0.0,0.0,0.0,0.0,0.0,0.0,0.0,0.0010233357197755,-0.0064182188500145,0.0156229934445804,SPY
2014-06-09,0.05623174629739532,0.6031059058931737,0.4770409112173623,-0.8004773046481507,0.9333451985083411,0.898356496668245,0.7632254825516438,1.8333542224616968,-0.9784888084825918,-1.4417649723258046,0.0,0.0,0.0,0.0,0.0,0.0,0.0,0.0,0.0,0.0,0.0,0.0,0.0,0.0,0.0,0.0,0.0,0.0,0.0,0.0,0.0,0.0,0.0,0.0,0.0,0.0,0.0,0.0,0.0001024190346958,-0.0066178205747755,0.0081489194056052,SPY
2014-06-10,-0.014187739671370676,0.2939582279103686,0.4725319303849991,-0.8469048901731744,0.9419424981446695,0.9045084378884192,0.7094193498294378,2.571042648174165,-1.1673194421297184,-0.7272619771908926,0.0,0.0,0.0,0.0,0.0,0.0,0.0,0.0,0.0,0.0,0.0,0.0,0.0,0.0,0.0,0.0,0.0,0.0,0.0,0.0,0.0,0.0,0.0,0.0,0.0,0.0,0.0,0.0,-0.0034823082669515,-0.0039445977528149,0.012520569620424,SPY
2014-06-11,-0.2883001083688255,0.030443269983628615,0.4963110926271965,-0.8283376495621052,0.9494021192884202,0.9097603561059964,0.5285306852343735,1.999421109447289,-0.8183787593894012,-0.012758982055980528,0.0,0.0,0.0,0.0,0.0,0.0,0.0,0.0,0.0,0.0,0.0,0.0,0.0,0.0,0.0,0.0,0.0,0.0,0.0,0.0,0.0,0.0,0.0,0.0,0.0,0.0,0.0,0.0,-0.0071054778851298,0.0068509431003196,0.0120383465978308,SPY
2014-06-12,-0.5653520352406741,-0.22385668398776062,0.2855006342221242,-0.8027505815376551,0.951867541330061,0.9145039821262195,0.21729090104136253,1.0814661425848209,0.23264527141974403,0.7017440130789315,0.0,0.0,0.0,0.0,0.0,0.0,0.0,0.0,0.0,0.0,0.0,0.0,0.0,0.0,0.0,0.0,0.0,0.0,0.0,0.0,0.0,0.0,0.0,0.0,0.0,0.0,0.0,0.0,0.0030438125475953,0.0150761810374708,0.0205179416419714,SPY
2014-06-13,0.21073099897904232,-0.6306726375655094,-0.2357355971370225,-0.8850620063607423,0.9549228882058325,0.9216300266237796,0.2657022279625967,1.0477237146809888,-0.4268879805767645,1.4162470082138434,0.0,0.0,0.0,0.0,0.0,0.0,0.0,0.0,0.0,0.0,0.0,0.0,0.0,0.0,0.0,0.0,0.0,0.0,0.0,0.0,0.0,0.0,0.0,0.0,0.0,0.0,0.0,0.0,0.0008237339950145,0.0140607741571789,0.0224971230890567,SPY
2014-06-16,0.04096885543671742,-0.26233634032588504,-0.3019145108111383,-0.8870824409335821,0.957851800158793,0.9282372327051808,0.23576822321829832,0.8151283481747129,-0.2537832273118794,-1.4417649723258046,0.0,0.0,0.0,0.0,0.0,0.0,0.0,0.0,0.0,0.0,0.0,0.0,0.0,0.0,0.0,0.0,0.0,0.0,0.0,0.0,0.0,0.0,0.0,0.0,0.0,0.0,0.0,0.0,0.0027756418566564,0.0129308950137154,0.0197985218619312,SPY
2014-06-17,0.19022486361005203,0.18519085491859433,-0.3095609765427304,-0.8895494752667499,0.9621292464827524,0.9346856135213555,0.2805888319177535,1.0259300313489583,-0.3048103468042138,-0.7272619771908926,0.0,0.0,0.0,0.0,0.0,0.0,0.0,0.0,0.0,0.0,0.0,0.0,0.0,0.0,0.0,0.0,0.0,0.0,0.0,0.0,0.0,0.0,0.0,0.0,0.0,0.0,0.0,0.0,0.0073132325861831,0.0041126032834721,0.0207176268261122,SPY
2014-06-18,0.5371995811788346,0.17005521735754123,-0.2071535112489967,-0.9246293651071609,0.968598296972311,0.9439082621169501,0.4708392455829092,1.1180645564400036,0.3341238135770148,-0.012758982055980528,0.0,0.0,0.0,0.0,0.0,0.0,0.0,0.0,0.0,0.0,0.0,0.0,0.0,0.0,0.0,0.0,0.0,0.0,0.0,0.0,0.0,0.0,0.0,0.0,0.0,0.0,0.0,0.0,0.0011197600520214,0.0013093179020238,0.0019736731707382,SPY
2014-06-19,0.06360499951524763,0.5363245448705535,0.2064087126563136,-0.9620730661504895,0.9728757432962702,0.9516907396119714,0.4414260663420098,1.1000025969564406,-0.2552039179167992,0.7017440130789315,0.0,0.0,0.0,0.0,0.0,0.0,0.0,0.0,0.0,0.0,0.0,0.0,0.0,0.0,0.0,0.0,0.0,0.0,0.0,0.0,0.0,0.0,0.0,0.0,0.0,0.0,0.0,0.0,0.0020284056673034,-0.0005269070484219,0.0110213942457422,SPY
2014-06-20,0.13308615692352502,0.44286605859395983,0.5215061903756355,-0.9623416462906965,0.9760341796350612,0.9594085178320764,0.4469979646808472,1.135477392273107,0.20956077304497422,1.4162470082138434,0.0,0.0,0.0,0.0,0.0,0.0,0.0,0.0,0.0,0.0,0.0,0.0,0.0,0.0,0.0,0.0,0.0,0.0,0.0,0.0,0.0,0.0,0.0,0.0,0.0,0.0,0.0,0.0,-0.0003061451484489,-0.0006125736424218,0.0071193537912224,SPY
2014-06-23,-0.04542930606758448,0.14458877655017183,0.4826073585991486,-0.9629368495914845,0.9786441155751102,0.9662577932091587,0.3727371261741865,1.157460971349743,-0.6997197819969494,-1.4417649723258046,0.0,0.0,0.0,0.0,0.0,0.0,0.0,0.0,0.0,0.0,0.0,0.0,0.0,0.0,0.0,0.0,0.0,0.0,0.0,0.0,0.0,0.0,0.0,0.0,0.0,0.0,0.0,0.0,-0.0060426498735868,-0.0008175094802362,0.0117742888577545,SPY
2014-06-24,-0.4840810544248726,0.06411024164697512,0.4393232529047758,-0.9315450913895689,0.9787133659120678,0.9706127693419934,0.10657685851465443,0.4871943108992456,0.11597308024039521,-0.7272619771908926,0.0,0.0,0.0,0.0,0.0,0.0,0.0,0.0,0.0,0.0,0.0,0.0,0.0,0.0,0.0,0.0,0.0,0.0,0.0,0.0,0.0,0.0,0.0,0.0,0.0,0.0,0.0,0.0,0.0045099472047347,0.0118964847907525,0.0200344462291415,SPY
2014-06-25,0.3228415194956887,-0.39142265411557664,0.10150670544144609,-0.9247220452803178,0.9820786886150734,0.9760523470559863,0.22592770725992983,0.3894629166379856,-0.3018702135673411,-0.012758982055980528,0.0,0.0,0.0,0.0,0.0,0.0,0.0,0.0,0.0,0.0,0.0,0.0,0.0,0.0,0.0,0.0,0.0,0.0,0.0,0.0,0.0,0.0,0.0,0.0,0.0,0.0,0.0,0.0,-0.0007164648984243,0.0084003295170678,0.0155745870897021,SPY
2014-06-26,-0.07680511491569937,-0.1196008973712655,-0.005883276437636009,-0.9362571657193133,0.9880554800408419,0.9802945931945519,0.16061645263706031,0.04351606711591959,-0.2505949139218917,0.7017440130789315,0.0,0.0,0.0,0.0,0.0,0.0,0.0,0.0,0.0,0.0,0.0,0.0,0.0,0.0,0.0,0.0,0.0,0.0,0.0,0.0,0.0,0.0,0.0,0.0,0.0,0.0,0.0,0.0,0.0019427390733035,0.014023456425031,0.0115984371821475,SPY
2014-06-27,0.12653551275353053,0.18101064628750882,-0.07622651207795611,-0.9357908812422189,0.9935937384020377,0.9846129143047228,0.19419804201739063,0.1043738801063611,-0.652759153138359,1.4162470082138434,0.0,0.0,0.0,0.0,0.0,0.0,0.0,0.0,0.0,0.0,0.0,0.0,0.0,0.0,0.0,0.0,0.0,0.0,0.0,0.0,0.0,0.0,0.0,0.0,0.0,0.0,0.0,0.0,-0.0005110809862634,0.0085930117798378,0.0100602609447992,SPY
2014-06-30,-0.06110007910198388,0.03611661746918481,-0.07950828069066111,-0.9336256519901202,0.9985830640411615,0.988591860463682,0.13907767526692383,0.05418867524034519,-0.6862852973015321,-1.4417649723258046,0.0,0.0,0.0,0.0,0.0,0.0,0.0,0.0,0.0,0.0,0.0,0.0,0.0,0.0,0.0,0.0,0.0,0.0,0.0,0.0,0.0,0.0,0.0,0.0,0.0,0.0,0.0,0.0,0.006671344397402,0.0026533544469016,0.0062654831218464,SPY
2014-07-01,0.4881164914317144,0.047708549624247615,-0.08735908890837192,-0.9080244630996177,1.0052082225547816,0.994070463137149,0.3395419810043774,0.7274719209381583,-0.007645103536356983,-0.7272619771908926,0.0,0.0,0.0,0.0,0.0,0.0,0.0,0.0,0.0,0.0,0.0,0.0,0.0,0.0,0.0,0.0,0.0,0.0,0.0,0.0,0.0,0.0,0.0,0.0,0.0,0.0,0.0,0.0,0.00101379193105,0.0004560792990142,-0.0002541269614821,SPY
2014-07-02,0.05550196399772282,0.31459251111997744,0.3996964293802543,-0.9084192851018891,1.0092431747930257,0.9993487666512127,0.3297867708016823,1.5363665597246616,-1.2531314631349324,-0.012758982055980528,0.0,0.0,0.0,0.0,0.0,0.0,0.0,0.0,0.0,0.0,0.0,0.0,0.0,0.0,0.0,0.0,0.0,0.0,0.0,0.0,0.0,0.0,0.0,0.0,0.0,0.0,0.0,0.0,0.0049066620095388,-0.0045222439215804,-0.0212137036015578,SPY
2014-07-03,0.3531770026975012,0.40065681487485627,0.265763561192042,-0.9213944010843451,1.0148687624667754,1.0043250809672444,0.4693594158657602,1.5945405387054683,-1.192101109405801,0.7017440130789315,0.0,0.0,0.0,0.0,0.0,0.0,0.0,0.0,0.0,0.0,0.0,0.0,0.0,0.0,0.0,0.0,0.0,0.0,0.0,0.0,0.0,0.0,0.0,0.0,0.0,0.0,0.0,0.0,-0.0034877055718895,-0.0080547887721085,-0.0291803497944789,SPY
2014-07-07,-0.2887128226192115,0.30105758969645474,0.4811777679461053,-0.9161526414901685,1.0181927000365145,1.0075824998643572,0.3085936832314102,1.1636891139899144,-0.868540975297512,-1.4417649723258046,0.0,0.0,0.0,0.0,0.0,0.0,0.0,0.0,0.0,0.0,0.0,0.0,0.0,0.0,0.0,0.0,0.0,0.0,0.0,0.0,0.0,0.0,0.0,0.0,0.0,0.0,0.0,0.0,-0.0064507383191996,0.0004559107944617,-0.0184979382786849,SPY
2014-07-08,-0.5152862427284802,0.04699166456520131,0.2731449519145949,-0.8729049936075195,1.0189547681600186,1.0092769454351849,0.051916781621941924,0.4374833272000348,0.7899360255456455,-0.7272619771908926,0.0,0.0,0.0,0.0,0.0,0.0,0.0,0.0,0.0,0.0,0.0,0.0,0.0,0.0,0.0,0.0,0.0,0.0,0.0,0.0,0.0,0.0,0.0,0.0,0.0,0.0,0.0,0.0,0.0044740692495146,0.0050317818815504,-0.021790734540791,SPY
2014-07-09,0.3200980496409849,-0.5940235575298004,0.04560490280891669,-0.8600558434751341,1.0240783891461256,1.0118863841094594,0.19566220471977352,0.2929909765248234,-0.4854723710417378,-0.012758982055980528,0.0,0.0,0.0,0.0,0.0,0.0,0.0,0.0,0.0,0.0,0.0,0.0,0.0,0.0,0.0,0.0,0.0,0.0,0.0,0.0,0.0,0.0,0.0,0.0,0.0,0.0,0.0,0.0,-0.0039645312895446,0.0042524594528732,-0.0259524891520852,SPY
2014-07-10,-0.3251741252299403,-0.14465849970940842,-0.03856966602969201,-0.8566366242358666,1.025687378672074,1.0143859959620578,0.025127353584211424,-0.0802063502405327,0.6073700641168971,0.7017440130789315,0.0,0.0,0.0,0.0,0.0,0.0,0.0,0.0,0.0,0.0,0.0,0.0,0.0,0.0,0.0,0.0,0.0,0.0,0.0,0.0,0.0,0.0,0.0,0.0,0.0,0.0,0.0,0.0,0.0013741171590107,-0.0032137303267729,-0.0274171138509737,SPY
2014-07-11,0.08305485531315702,-0.0043361983764450916,-0.2292823362365544,-0.9100583280785839,1.0281645520478517,1.018634147193175,0.038328385906502824,-0.1196107043887466,-0.8631154382025739,1.4162470082138434,0.0,0.0,0.0,0.0,0.0,0.0,0.0,0.0,0.0,0.0,0.0,0.0,0.0,0.0,0.0,0.0,0.0,0.0,0.0,0.0,0.0,0.0,0.0,0.0,0.0,0.0,0.0,0.0,0.0050229939946806,0.0055796336412416,-0.0172889050890461,SPY
2014-07-14,0.3620725290009503,-0.17929846265007673,-0.3646092387331043,-0.8996093237343228,1.0319332324172592,1.0233109212458789,0.18406693880935854,0.18269364573845798,-1.081998542457131,-1.4417649723258046,0.0,0.0,0.0,0.0,0.0,0.0,0.0,0.0,0.0,0.0,0.0,0.0,0.0,0.0,0.0,0.0,0.0,0.0,0.0,0.0,0.0,0.0,0.0,0.0,0.0,0.0,0.0,0.0,-0.0018748672321109,-0.0013169951406553,-0.0194181982191814,SPY
2014-07-15,-0.16538435145778638,0.3279602716902332,-0.038576121205807605,-0.892117787781116,1.0351301062302536,1.0274245193146012,0.07715525487617773,0.5004872103644429,1.3226669347995703,-0.7272619771908926,0.0,0.0,0.0,0.0,0.0,0.0,0.0,0.0,0.0,0.0,0.0,0.0,0.0,0.0,0.0,0.0,0.0,0.0,0.0,0.0,0.0,0.0,0.0,0.0,0.0,0.0,0.0,0.0,0.0036947468208374,0.0049066620095388,-0.0189373857962458,SPY
2014-07-16,0.2605058132090548,0.14458657781874562,0.1367191649521758,-0.8885736997020406,1.0370989459748094,1.031743037919506,0.17660667227976024,0.463407598436314,-0.11567400589603989,-0.012758982055980528,0.0,0.0,0.0,0.0,0.0,0.0,0.0,0.0,0.0,0.0,0.0,0.0,0.0,0.0,0.0,0.0,0.0,0.0,0.0,0.0,0.0,0.0,0.0,0.0,0.0,0.0,0.0,0.0,-0.0114307210691908,0.0034294226865014,-0.0158859318373778,SPY
2014-07-17,-0.8960892307396621,0.06961989244236293,0.10686440166354899,-0.80944418325558,1.0338810062250336,1.0321535899729148,-0.2523499951289222,-0.27237394913615737,2.6277626802816494,0.7017440130789315,0.0,0.0,0.0,0.0,0.0,0.0,0.0,0.0,0.0,0.0,0.0,0.0,0.0,0.0,0.0,0.0,0.0,0.0,0.0,0.0,0.0,0.0,0.0,0.0,0.0,0.0,0.0,0.0,0.0101674811270253,0.0149102318209877,0.0002553964849871,SPY
2014-07-18,0.755454628925975,-0.46971548294133697,-0.1791549920264866,-0.7410534393012068,1.0328436267448948,1.0344591829986571,0.10509452452700052,0.1092041854395666,1.6535783698251287,1.4162470082138434,0.0,0.0,0.0,0.0,0.0,0.0,0.0,0.0,0.0,0.0,0.0,0.0,0.0,0.0,0.0,0.0,0.0,0.0,0.0,0.0,0.0,0.0,0.0,0.0,0.0,0.0,0.0,0.0,-0.0018736347872163,5.013588798341573e-05,-0.010116643207124,SPY
2014-07-21,-0.16529011042885436,-0.1043923369090384,0.1577066073777719,-0.7390769209531214,1.0324836979220458,1.035948609285934,0.021909114746512425,0.03595302405565559,-0.6724849797234079,-1.4417649723258046,0.0,0.0,0.0,0.0,0.0,0.0,0.0,0.0,0.0,0.0,0.0,0.0,0.0,0.0,0.0,0.0,0.0,0.0,0.0,0.0,0.0,0.0,0.0,0.0,0.0,0.0,0.0,0.0,0.0043487899180831,0.002328333511155,0.0001016800297772,SPY
2014-07-22,0.3105183490395636,0.43501259804947295,-0.10649369303260701,-0.7294499510590382,1.0366335695616882,1.038416878724219,0.16226317510760443,-0.06057267343988171,-0.6464392099130843,-0.7272619771908926,0.0,0.0,0.0,0.0,0.0,0.0,0.0,0.0,0.0,0.0,0.0,0.0,0.0,0.0,0.0,0.0,0.0,0.0,0.0,0.0,0.0,0.0,0.0,0.0,0.0,0.0,0.0,0.0,0.0022175074978001,-0.0063263152161443,0.0009579400669688,SPY
2014-07-23,0.14754615522204412,0.10660384871936653,0.1319259958809995,-0.7597765095427271,1.0398519416347936,1.042608763705568,0.20780837719403572,-0.00822288630256521,-0.7147639088884314,-0.012758982055980528,0.0,0.0,0.0,0.0,0.0,0.0,0.0,0.0,0.0,0.0,0.0,0.0,0.0,0.0,0.0,0.0,0.0,0.0,0.0,0.0,0.0,0.0,0.0,0.0,0.0,0.0,0.0,0.0,5.00880652953839e-05,-0.0083920883998711,0.0014087039299948,SPY
2014-07-24,-0.018189317691542577,0.3375091971745279,0.07533500261933829,-0.7684337035771756,1.0447426975547964,1.0458749118699322,0.18051769699734183,-0.2301823310599908,-1.0563548121997417,0.7017440130789315,0.0,0.0,0.0,0.0,0.0,0.0,0.0,0.0,0.0,0.0,0.0,0.0,0.0,0.0,0.0,0.0,0.0,0.0,0.0,0.0,0.0,0.0,0.0,0.0,0.0,0.0,0.0,0.0,-0.0046926148059789,-0.0283879611741921,0.0042696500145309,SPY
2014-07-25,-0.3808482896796786,0.09488912188208143,0.5151489056450453,-0.749785250989895,1.0470928071738295,1.0483006409424742,-0.016226729837230277,-0.2935512253922456,-0.19474980486943527,1.4162470082138434,0.0,0.0,0.0,0.0,0.0,0.0,0.0,0.0,0.0,0.0,0.0,0.0,0.0,0.0,0.0,0.0,0.0,0.0,0.0,0.0,0.0,0.0,0.0,0.0,0.0,0.0,0.0,0.0,0.0004045628359552,-0.0267553305515955,0.00740753724157,SPY
2014-07-28,0.008916208294882624,-0.29512033935459536,-0.054120796086955705,-0.7511153629007778,1.0475161303176284,1.0504071395266907,-0.019847131830939477,0.0931023457659112,-0.5009181768574217,-1.4417649723258046,0.0,0.0,0.0,0.0,0.0,0.0,0.0,0.0,0.0,0.0,0.0,0.0,0.0,0.0,0.0,0.0,0.0,0.0,0.0,0.0,0.0,0.0,0.0,0.0,0.0,0.0,0.0,0.0,-0.0043058588092161,-0.0199651874436463,0.0120605638529012,SPY
2014-07-29,-0.3512743239468098,-0.27511367257657665,0.03315380074448229,-0.7366391699693065,1.0469237294498837,1.051715897631142,-0.19133950302102737,-0.3950375376575663,-0.010617631345241383,-0.7272619771908926,0.0,0.0,0.0,0.0,0.0,0.0,0.0,0.0,0.0,0.0,0.0,0.0,0.0,0.0,0.0,0.0,0.0,0.0,0.0,0.0,0.0,0.0,0.0,0.0,0.0,0.0,0.0,0.0,0.0001517343140733,-0.0254028632157359,0.0170154518014848,SPY
2014-07-30,-0.010416761600896175,-0.2532850433141128,-0.2983938098360405,-0.7657554949512538,1.0448488918853638,1.0516626333013344,-0.18524674482733997,-0.15260554275206753,0.9787239569405792,-0.012758982055980528,0.0,0.0,0.0,0.0,0.0,0.0,0.0,0.0,0.0,0.0,0.0,0.0,0.0,0.0,0.0,0.0,0.0,0.0,0.0,0.0,0.0,0.0,0.0,0.0,0.0,0.0,0.0,0.0,-0.0199457847090256,-0.0252422828915888,0.0164646357593349,SPY
2014-07-31,-1.54720828876455,-0.2675547640613852,-0.3775307204891046,-0.5423447699381885,1.0393016726406121,1.047258105739695,-0.8789781675903329,-1.1356756914677126,3.6433417257298086,0.7017440130789315,0.0,0.0,0.0,0.0,0.0,0.0,0.0,0.0,0.0,0.0,0.0,0.0,0.0,0.0,0.0,0.0,0.0,0.0,0.0,0.0,0.0,0.0,0.0,0.0,0.0,0.0,0.0,0.0,-0.0030599841833822,-0.0107256541709963,0.035860750474411,SPY
2014-08-01,-0.2560063674050526,-1.1502770670560003,-1.1435449226469123,-0.5606303190175823,1.0282708642847822,1.0411937929330761,-0.9376101884874838,-1.5238087086243213,3.3560768661255533,1.4162470082138434,0.0,0.0,0.0,0.0,0.0,0.0,0.0,0.0,0.0,0.0,0.0,0.0,0.0,0.0,0.0,0.0,0.0,0.0,0.0,0.0,0.0,0.0,0.0,0.0,0.0,0.0,0.0,0.0,0.0071947059439043,0.0038366559333242,0.0417648486156343,SPY
2014-08-04,0.528136236624322,-1.3315474622487895,-1.081001103834822,-0.52673510738528,1.020966525820555,1.0373424678713425,-0.6417973473372941,-1.0631611047769058,0.23420575877569041,-1.4417649723258046,0.0,0.0,0.0,0.0,0.0,0.0,0.0,0.0,0.0,0.0,0.0,0.0,0.0,0.0,0.0,0.0,0.0,0.0,0.0,0.0,0.0,0.0,0.0,0.0,0.0,0.0,0.0,0.0,-0.0097435345813057,-0.0004643491460347,0.0340716090523622,SPY
2014-08-05,-0.7670755999354443,0.20027030767107373,-0.8208801221664105,-0.5031911243466072,1.0078608405980851,1.0328421356141537,-0.9576978514338782,-1.5286039814850667,2.059648165018376,-0.7272619771908926,0.0,0.0,0.0,0.0,0.0,0.0,0.0,0.0,0.0,0.0,0.0,0.0,0.0,0.0,0.0,0.0,0.0,0.0,0.0,0.0,0.0,0.0,0.0,0.0,0.0,0.0,0.0,0.0,0.0003123146382204,0.0078851306260956,0.0432667379324431,SPY
2014-08-06,0.001862290420142924,-0.17695136442823522,-1.0291899526579928,-0.5181736471020669,0.9939505623573393,1.02746940986768,-0.8996604556366208,-1.1881920333454834,0.2913942292242857,-0.012758982055980528,0.0,0.0,0.0,0.0,0.0,0.0,0.0,0.0,0.0,0.0,0.0,0.0,0.0,0.0,0.0,0.0,0.0,0.0,0.0,0.0,0.0,0.0,0.0,0.0,0.0,0.0,0.0,0.0,-0.0054291559884331,0.0143190167675806,0.0415071326113727,SPY
2014-08-07,-0.4371691841792315,-0.5653956794705082,-1.0230383427596867,-0.5132028359957264,0.9778173954627887,1.0218200532470423,-1.0474813948442327,-2.010055727629904,1.474526056246653,0.7017440130789315,0.0,0.0,0.0,0.0,0.0,0.0,0.0,0.0,0.0,0.0,0.0,0.0,0.0,0.0,0.0,0.0,0.0,0.0,0.0,0.0,0.0,0.0,0.0,0.0,0.0,0.0,0.0,0.0,0.0115023259209383,0.0244587800091879,0.0514214330143349,SPY
2014-08-08,0.8575258431393453,-0.32189080407097287,-0.4669263944127171,-0.439223451511025,0.9683323002183203,1.0182346943438267,-0.5972107983607664,-1.236017801691293,0.8877058545706875,1.4162470082138434,0.0,0.0,0.0,0.0,0.0,0.0,0.0,0.0,0.0,0.0,0.0,0.0,0.0,0.0,0.0,0.0,0.0,0.0,0.0,0.0,0.0,0.0,0.0,0.0,0.0,0.0,0.0,0.0,0.0028937008645453,0.0127518955231638,0.0373299039994803,SPY
2014-08-11,0.19925244969271633,0.30967692798181734,0.09093554450004608,-0.4489267556636252,0.9598634399129674,1.0141917796404674,-0.4553112715629223,-1.3215933344196211,-0.3494548561926297,-1.4417649723258046,0.0,0.0,0.0,0.0,0.0,0.0,0.0,0.0,0.0,0.0,0.0,0.0,0.0,0.0,0.0,0.0,0.0,0.0,0.0,0.0,0.0,0.0,0.0,0.0,0.0,0.0,0.0,0.0,-0.0013940548091753,0.0182028831083034,0.0280850161621426,SPY
2014-08-12,-0.12861819853745826,0.7794215684500424,-0.07383000544748101,-0.4492319088825531,0.9526223385612058,1.0102554133461972,-0.4717879056043617,-1.4928080569045308,-0.3652783033176969,-0.7272619771908926,0.0,0.0,0.0,0.0,0.0,0.0,0.0,0.0,0.0,0.0,0.0,0.0,0.0,0.0,0.0,0.0,0.0,0.0,0.0,0.0,0.0,0.0,0.0,0.0,0.0,0.0,0.0,0.0,0.0067462007797054,0.0248019878727534,0.0332347045999785,SPY
2014-08-13,0.4938405140807672,0.051545811793170415,0.2460270049599243,-0.4319237732809907,0.9480915507661735,1.0069360601004456,-0.19329394665230487,-1.1276928142650378,-0.5110791166886118,-0.012758982055980528,0.0,0.0,0.0,0.0,0.0,0.0,0.0,0.0,0.0,0.0,0.0,0.0,0.0,0.0,0.0,0.0,0.0,0.0,0.0,0.0,0.0,0.0,0.0,0.0,0.0,0.0,0.0,0.0,0.0047106072531741,0.0207240584538741,0.0276373234578413,SPY
2014-08-14,0.3381853369055636,0.26898211035249436,0.492500275472677,-0.4772079811437409,0.9537446106224055,1.0069892454323601,-0.018821417407582374,-0.7488768875619696,-0.8443124893769026,0.7017440130789315,0.0,0.0,0.0,0.0,0.0,0.0,0.0,0.0,0.0,0.0,0.0,0.0,0.0,0.0,0.0,0.0,0.0,0.0,0.0,0.0,0.0,0.0,0.0,0.0,0.0,0.0,0.0,0.0,-0.0002045585650858,0.0189244853505314,0.017068515246434,SPY
2014-08-15,-0.03766131239600318,0.6135311439733406,0.8809405669894164,-0.531246333968706,0.960561956507038,1.0048719636356565,-0.0074620244734016775,-0.7746255406819439,1.6428740459984854,1.4162470082138434,0.0,0.0,0.0,0.0,0.0,0.0,0.0,0.0,0.0,0.0,0.0,0.0,0.0,0.0,0.0,0.0,0.0,0.0,0.0,0.0,0.0,0.0,0.0,0.0,0.0,0.0,0.0,0.0,0.0083446884496849,0.0175743163366774,0.0165191970786722,SPY
2014-08-18,0.61607163647337,0.22122811544874563,0.4324660302424261,-0.4953894909179659,0.967908780563917,1.0048933128164208,0.3043829095187895,-0.2669228212154764,-0.3101984905831416,-1.4417649723258046,0.0,0.0,0.0,0.0,0.0,0.0,0.0,0.0,0.0,0.0,0.0,0.0,0.0,0.0,0.0,0.0,0.0,0.0,0.0,0.0,0.0,0.0,0.0,0.0,0.0,0.0,0.0,0.0,0.0052050499552747,0.0142872173342789,0.0156849521939728,SPY
2014-08-19,0.3759937526798078,0.42633679330331986,0.6412858178620547,-0.4913837569325399,0.9814166443891619,1.005095409177906,0.4985036435348239,-0.0879467079449471,-0.8015764697994077,-0.7272619771908926,0.0,0.0,0.0,0.0,0.0,0.0,0.0,0.0,0.0,0.0,0.0,0.0,0.0,0.0,0.0,0.0,0.0,0.0,0.0,0.0,0.0,0.0,0.0,0.0,0.0,0.0,0.0,0.0,0.0026682713608261,0.0097311965183717,0.0118256622159105,SPY
2014-08-20,0.18201459307518073,0.7316567879108439,0.8940883850792091,-0.49032851287691553,0.9959197951231038,1.0053933299844136,0.5966344253505613,0.9912988282043811,-0.3898379915551432,-0.012758982055980528,0.0,0.0,0.0,0.0,0.0,0.0,0.0,0.0,0.0,0.0,0.0,0.0,0.0,0.0,0.0,0.0,0.0,0.0,0.0,0.0,0.0,0.0,0.0,0.0,0.0,0.0,0.0,0.0,0.0029110341498315,0.006663843429469,0.014473553862631,SPY
2014-08-21,0.20057786930969124,0.41127803435828003,0.737868554841529,-0.486577256255648,1.0138525668297809,1.0062976386227414,0.6986933391209912,1.261039087412395,-0.5410078167450995,0.7017440130789315,0.0,0.0,0.0,0.0,0.0,0.0,0.0,0.0,0.0,0.0,0.0,0.0,0.0,0.0,0.0,0.0,0.0,0.0,0.0,0.0,0.0,0.0,0.0,0.0,0.0,0.0,0.0,0.0,-0.0015547275789398,0.0032031392856879,0.0106610074863207,SPY
2014-08-22,-0.14090431957240807,0.28180306575171316,0.6689294007200846,-0.4971143201506666,1.0264501149316325,1.007861658671118,0.6254904009042083,0.9767544267085345,-0.2963865718928701,1.4162470082138434,0.0,0.0,0.0,0.0,0.0,0.0,0.0,0.0,0.0,0.0,0.0,0.0,0.0,0.0,0.0,0.0,0.0,0.0,0.0,0.0,0.0,0.0,0.0,0.0,0.0,0.0,0.0,0.0,0.0050575894472864,0.0076019808224687,0.0044626932935623,SPY
2014-08-25,0.3647179300766691,0.043455686516401915,0.6172062950773161,-0.4868457665570798,1.040000385745287,1.01041508783878,0.794140568258767,1.8531891836986651,-0.6595825582304546,-1.4417649723258046,0.0,0.0,0.0,0.0,0.0,0.0,0.0,0.0,0.0,0.0,0.0,0.0,0.0,0.0,0.0,0.0,0.0,0.0,0.0,0.0,0.0,0.0,0.0,0.0,0.0,0.0,0.0,0.0,0.0006490291393674,0.0020458577558146,-0.0063356980282929,SPY
2014-08-26,0.027609746702737224,0.16460793799207932,0.4912820832084736,-0.49931029639512403,1.0543974600550237,1.0140109929608006,0.785953793054961,1.8585804577698264,-1.1403417979456016,-0.7272619771908926,0.0,0.0,0.0,0.0,0.0,0.0,0.0,0.0,0.0,0.0,0.0,0.0,0.0,0.0,0.0,0.0,0.0,0.0,0.0,0.0,0.0,0.0,0.0,0.0,0.0,0.0,0.0,0.0,-0.0003990817280765,0.0008484229152223,0.0008124073596462,SPY
2014-08-27,-0.05253586225350538,0.28898865552781716,0.3167472334572092,-0.4987859552850405,1.0658517094610147,1.0174900601980814,0.739030940899906,2.337480622648072,-1.1040289125497096,-0.012758982055980528,0.0,0.0,0.0,0.0,0.0,0.0,0.0,0.0,0.0,0.0,0.0,0.0,0.0,0.0,0.0,0.0,0.0,0.0,0.0,0.0,0.0,0.0,0.0,0.0,0.0,0.0,0.0,0.0,-0.0005496699939495,-0.000199786039551,-0.01505526698267,SPY
2014-08-28,-0.06405085426908247,-0.018987570028298893,0.1992411833012226,-0.7574942108860726,1.0751251627846443,1.0249906929579575,0.6499282259866377,2.1571564644850394,-0.7962374546854697,0.7017440130789315,0.0,0.0,0.0,0.0,0.0,0.0,0.0,0.0,0.0,0.0,0.0,0.0,0.0,0.0,0.0,0.0,0.0,0.0,0.0,0.0,0.0,0.0,0.0,0.0,0.0,0.0,0.0,0.0,0.002844113957841,0.0048350283689275,-0.0065915190371921,SPY
2014-08-29,0.19546070116923753,-0.0866425235324021,0.06666639881834238,-0.7744360925993521,1.085690280310386,1.033725450562238,0.6784870414676205,2.1578485935071927,-0.5562033314001344,1.4162470082138434,0.0,0.0,0.0,0.0,0.0,0.0,0.0,0.0,0.0,0.0,0.0,0.0,0.0,0.0,0.0,0.0,0.0,0.0,0.0,0.0,0.0,0.0,0.0,0.0,0.0,0.0,0.0,0.0,-0.0004985336193676,-0.0005982886828297,-0.0112566592860989,SPY
2014-09-02,-0.06014062300635758,0.09640445400923482,0.2351799279973752,-0.7904956279369932,1.0925712170265727,1.0408749574342187,0.5948964379008712,2.2716239833590017,-0.3594956400050637,-0.7272619771908926,0.0,0.0,0.0,0.0,0.0,0.0,0.0,0.0,0.0,0.0,0.0,0.0,0.0,0.0,0.0,0.0,0.0,0.0,0.0,0.0,0.0,0.0,0.0,0.0,0.0,0.0,0.0,0.0,-0.0005484057012248,-0.0064509420362544,-0.0133941881056225,SPY
2014-09-03,-0.06395417794077847,0.09929060696334052,0.022332545638584594,-0.8938912036756961,1.0970386498027767,1.0499076160955347,0.4927821270320003,2.097284332225558,-0.7959885363951101,-0.012758982055980528,0.0,0.0,0.0,0.0,0.0,0.0,0.0,0.0,0.0,0.0,0.0,0.0,0.0,0.0,0.0,0.0,0.0,0.0,0.0,0.0,0.0,0.0,0.0,0.0,0.0,0.0,0.0,0.0,-0.0014472906828499,-0.0021469027063689,-0.0264900701146917,SPY
2014-09-04,-0.13268897162692517,-0.092184262264879,-0.023539525283481806,-0.8856964683276762,1.099769872087803,1.0585679576839775,0.3606298411705329,1.760175099821733,0.009578344092760318,0.7017440130789315,0.0,0.0,0.0,0.0,0.0,0.0,0.0,0.0,0.0,0.0,0.0,0.0,0.0,0.0,0.0,0.0,0.0,0.0,0.0,0.0,0.0,0.0,0.0,0.0,0.0,0.0,0.0,0.0,0.004485144414529,0.0004492076140492,-0.0248884949647258,SPY
2014-09-05,0.3209449312753054,-0.14573240727685152,-0.06369495911963272,-0.9357390954162645,1.1031787808428453,1.0692922377414213,0.4336268458542846,1.9082887107721336,0.4966050980731081,1.4162470082138434,0.0,0.0,0.0,0.0,0.0,0.0,0.0,0.0,0.0,0.0,0.0,0.0,0.0,0.0,0.0,0.0,0.0,0.0,0.0,0.0,0.0,0.0,0.0,0.0,0.0,0.0,0.0,0.0,-0.0025892030939163,-0.0098941377587129,-0.0184243680196782,SPY
2014-09-08,-0.22000727773589837,0.13836273351093983,0.1291818102843101,-1.0000220215235167,1.1061428288918553,1.0771120022422556,0.266646403173498,1.2458898615415854,-0.6127076205300904,-1.4417649723258046,0.0,0.0,0.0,0.0,0.0,0.0,0.0,0.0,0.0,0.0,0.0,0.0,0.0,0.0,0.0,0.0,0.0,0.0,0.0,0.0,0.0,0.0,0.0,0.0,0.0,0.0,0.0,0.0,-0.0063511869727923,-0.0080588113976443,-0.0170062911981982,SPY
2014-09-09,-0.5076738769682769,0.07391284034828383,-0.07896104366588612,-0.9365625350295105,1.1042797511545375,1.0829848636535624,-0.022577867300340476,0.0947645847586153,0.11037104130199052,-0.7272619771908926,0.0,0.0,0.0,0.0,0.0,0.0,0.0,0.0,0.0,0.0,0.0,0.0,0.0,0.0,0.0,0.0,0.0,0.0,0.0,0.0,0.0,0.0,0.0,0.0,0.0,0.0,0.0,0.0,0.0037556336286606,0.0058028191401335,-0.0262117028852451,SPY
2014-09-10,0.265161628201502,-0.5376930879346371,-0.3031680907714894,-0.9400286745669767,1.1037293642539932,1.0899428796312836,0.05614211495536592,0.18137035092953938,-0.512153992042738,-0.012758982055980528,0.0,0.0,0.0,0.0,0.0,0.0,0.0,0.0,0.0,0.0,0.0,0.0,0.0,0.0,0.0,0.0,0.0,0.0,0.0,0.0,0.0,0.0,0.0,0.0,0.0,0.0,0.0,0.0,0.0011488196375681,0.0033929454886854,-0.0126289575439288,SPY
2014-09-11,0.06582709094851003,-0.17958852147079574,-0.1382863028871383,-0.9668338428050225,1.103835126261232,1.09575183174661,0.04790650689834372,0.04075446779039909,-0.5157344257460901,0.7017440130789315,0.0,0.0,0.0,0.0,0.0,0.0,0.0,0.0,0.0,0.0,0.0,0.0,0.0,0.0,0.0,0.0,0.0,0.0,0.0,0.0,0.0,0.0,0.0,0.0,0.0,0.0,0.0,0.0,-0.005858200958233,0.0075602888586638,-0.0338105801740553,SPY
2014-09-12,-0.469976849324509,0.24371419428265972,-0.03883291076701121,-0.9318539358902473,1.1016967764694001,1.0993372498982459,-0.20122004945060887,-0.3726166464573238,0.9684301507322652,1.4162470082138434,0.0,0.0,0.0,0.0,0.0,0.0,0.0,0.0,0.0,0.0,0.0,0.0,0.0,0.0,0.0,0.0,0.0,0.0,0.0,0.0,0.0,0.0,0.0,0.0,0.0,0.0,0.0,0.0,-0.0007538767328476,0.0125169775904181,-0.0394322075569517,SPY
2014-09-15,-0.07966587549471887,-0.29889363273110364,-0.4350721518735079,-0.9304899216410457,1.09803381880511,1.102805612920935,-0.2593358382491874,-0.9382794255119309,-0.23107591222369178,-1.4417649723258046,0.0,0.0,0.0,0.0,0.0,0.0,0.0,0.0,0.0,0.0,0.0,0.0,0.0,0.0,0.0,0.0,0.0,0.0,0.0,0.0,0.0,0.0,0.0,0.0,0.0,0.0,0.0,0.0,0.0075104435649855,0.0055178125515675,-0.0552417860460625,SPY
2014-09-16,0.5522796595178,-0.40628241019413985,-0.3647633399481482,-0.9417936579096468,1.0977586253548381,1.1061250254151063,-0.009583551784908478,-0.2871303115399604,0.9235413949647844,-0.7272619771908926,0.0,0.0,0.0,0.0,0.0,0.0,0.0,0.0,0.0,0.0,0.0,0.0,0.0,0.0,0.0,0.0,0.0,0.0,0.0,0.0,0.0,0.0,0.0,0.0,0.0,0.0,0.0,0.0,0.0013457599772124,-0.0077334328879867,-0.0612057741262583,SPY
2014-09-17,0.08088647439649863,0.34824806245953926,0.1662565348451253,-0.9614310728069501,1.0982879070164795,1.1086358944675523,0.018568740483551924,-0.15230029754524801,1.8433116618661003,-0.012758982055980528,0.0,0.0,0.0,0.0,0.0,0.0,0.0,0.0,0.0,0.0,0.0,0.0,0.0,0.0,0.0,0.0,0.0,0.0,0.0,0.0,0.0,0.0,0.0,0.0,0.0,0.0,0.0,0.0,0.0053161630075466,-0.0012820583378925,-0.0693410741888316,SPY
2014-09-18,0.3844902042613433,0.46675221420739765,0.07393761167284958,-0.9440254182882445,1.1016966978651588,1.1117212757017227,0.19006482536238772,0.23668453806951598,0.2581691897369272,0.7017440130789315,0.0,0.0,0.0,0.0,0.0,0.0,0.0,0.0,0.0,0.0,0.0,0.0,0.0,0.0,0.0,0.0,0.0,0.0,0.0,0.0,0.0,0.0,0.0,0.0,0.0,0.0,0.0,0.0,-0.0009015122264788,-0.022864977415832,-0.0755156772421274,SPY
2014-09-19,-0.09095507867747417,0.34290633415099886,0.2335827665855754,-0.9468097506247897,1.10281496111003,1.1139961977952466,0.13636973936935204,-0.00982924105244671,0.9818988098223204,1.4162470082138434,0.0,0.0,0.0,0.0,0.0,0.0,0.0,0.0,0.0,0.0,0.0,0.0,0.0,0.0,0.0,0.0,0.0,0.0,0.0,0.0,0.0,0.0,0.0,0.0,0.0,0.0,0.0,0.0,-0.0077530417716982,-0.0140493872378248,-0.0628724204719395,SPY
2014-09-22,-0.6148691270285556,0.21606958902791343,0.4234666494774187,-0.8896312820817964,1.101737179049646,1.1149440540224613,-0.16057774104712097,-0.5110874100861734,1.0597529366085017,-1.4417649723258046,0.0,0.0,0.0,0.0,0.0,0.0,0.0,0.0,0.0,0.0,0.0,0.0,0.0,0.0,0.0,0.0,0.0,0.0,0.0,0.0,0.0,0.0,0.0,0.0,0.0,0.0,0.0,0.0,-0.0057408018745688,-0.0081173717571925,-0.0454565722804316,SPY
2014-09-23,-0.4609997254882506,-0.5215604109443827,0.1553383270222353,-0.8841444182112281,1.1009232321266047,1.1135988383900803,-0.3612256203037002,-0.7865594606901026,0.6493640971365963,-0.7272619771908926,0.0,0.0,0.0,0.0,0.0,0.0,0.0,0.0,0.0,0.0,0.0,0.0,0.0,0.0,0.0,0.0,0.0,0.0,0.0,0.0,0.0,0.0,0.0,0.0,0.0,0.0,0.0,0.0,0.0077971345273066,-0.0050126323215149,-0.0200984382439868,SPY
2014-09-24,0.5742019794470947,-0.7946914302589969,-0.3522985397222362,-0.83315477637295,1.1018183379292252,1.1137720610214281,-0.07402249177327558,-0.275750579247639,0.5189984404476399,-0.012758982055980528,0.0,0.0,0.0,0.0,0.0,0.0,0.0,0.0,0.0,0.0,0.0,0.0,0.0,0.0,0.0,0.0,0.0,0.0,0.0,0.0,0.0,0.0,0.0,0.0,0.0,0.0,0.0,0.0,-0.0162667560703928,-0.0264540545591156,-0.0350322777293525,SPY
2014-09-25,-1.265885005351057,0.08296537723246222,-0.10515531248796492,-0.6609110139866433,1.0953773098518411,1.1105885644033184,-0.6464503612073657,-1.1624521047169392,1.6307744211855193,0.7017440130789315,0.0,0.0,0.0,0.0,0.0,0.0,0.0,0.0,0.0,0.0,0.0,0.0,0.0,0.0,0.0,0.0,0.0,0.0,0.0,0.0,0.0,0.0,0.0,0.0,0.0,0.0,0.0,0.0,0.0079140779515283,-0.0100330140216069,-0.0072071592750333,SPY
2014-09-26,0.5831442604965544,-0.5111227654144717,-0.9319670613082538,-0.6190198046927357,1.0947317332145698,1.109189630203241,-0.3435344094516088,-0.6955970970517756,0.3590976660889663,1.4162470082138434,0.0,0.0,0.0,0.0,0.0,0.0,0.0,0.0,0.0,0.0,0.0,0.0,0.0,0.0,0.0,0.0,0.0,0.0,0.0,0.0,0.0,0.0,0.0,0.0,0.0,0.0,0.0,0.0,-0.0018210262910658,-0.0069978206135585,-0.0074556091868078,SPY
2014-09-29,-0.16126731084608056,-0.5045224420235389,-0.5942540065708521,-0.6241340907325944,1.093637994493116,1.1067993711849573,-0.3899813594547454,-0.5266261303510915,0.11304047305035482,-1.4417649723258046,0.0,0.0,0.0,0.0,0.0,0.0,0.0,0.0,0.0,0.0,0.0,0.0,0.0,0.0,0.0,0.0,0.0,0.0,0.0,0.0,0.0,0.0,0.0,0.0,0.0,0.0,0.0,0.0,-0.0026360624388912,-0.006347920594929,-0.0070100551045477,SPY
2014-09-30,-0.22359045853762308,0.31079905891788495,-0.3670067062469674,-0.6218031048234582,1.088262093193199,1.1039596734001043,-0.4624593851756882,-0.800441781893126,1.06616500028797,-0.7272619771908926,0.0,0.0,0.0,0.0,0.0,0.0,0.0,0.0,0.0,0.0,0.0,0.0,0.0,0.0,0.0,0.0,0.0,0.0,0.0,0.0,0.0,0.0,0.0,0.0,0.0,0.0,0.0,0.0,-0.013644287710294,-0.0192684568158769,0.0070305995079547,SPY
2014-10-01,-1.065353429716147,-0.28465416010669825,-0.2480684369065726,-0.5351086972538837,1.0766352681745046,1.098383113338485,-0.91328040416025,-1.2655463012608046,2.188671265175701,-0.012758982055980528,0.0,0.0,0.0,0.0,0.0,0.0,0.0,0.0,0.0,0.0,0.0,0.0,0.0,0.0,0.0,0.0,0.0,0.0,0.0,0.0,0.0,0.0,0.0,0.0,0.0,0.0,0.0,0.0,0.0001542844671158,0.0117142098643938,0.0191616071961906,SPY
2014-10-02,-0.010221759741005875,-0.9519627276629945,-1.0694596376726064,-0.5340552171494972,1.0628066597409094,1.093147113196483,-0.8628175067763826,-1.097285024598364,1.5844467219025071,0.7017440130789315,0.0,0.0,0.0,0.0,0.0,0.0,0.0,0.0,0.0,0.0,0.0,0.0,0.0,0.0,0.0,0.0,0.0,0.0,0.0,0.0,0.0,0.0,0.0,0.0,0.0,0.0,0.0,0.0,0.0109492713595766,-0.0084728775952802,0.0253976619982205,SPY
2014-10-03,0.8152355702463074,-0.7944746767090902,-0.4403923092339818,-0.4772764023149635,1.0539151837299328,1.0892410425944348,-0.4283625445763477,-0.6142754875372103,0.6687173434374517,1.4162470082138434,0.0,0.0,0.0,0.0,0.0,0.0,0.0,0.0,0.0,0.0,0.0,0.0,0.0,0.0,0.0,0.0,0.0,0.0,0.0,0.0,0.0,0.0,0.0,0.0,0.0,0.0,0.0,0.0,-0.0011711262724363,-0.0309019772959864,0.0258192775394059,SPY
2014-10-06,-0.11157158268254957,0.5935934791160408,-0.3241182519271843,-0.4786421336739877,1.0478315298375418,1.0856423922956093,-0.4401993737660843,-0.9579515426434367,0.23013411821828583,-1.4417649723258046,0.0,0.0,0.0,0.0,0.0,0.0,0.0,0.0,0.0,0.0,0.0,0.0,0.0,0.0,0.0,0.0,0.0,0.0,0.0,0.0,0.0,0.0,0.0,0.0,0.0,0.0,0.0,0.0,-0.0155565986598391,-0.0462943062455085,0.0275353171546575,SPY
2014-10-07,-1.2115815915696315,0.5187868829770166,-0.2992214819851319,-0.3943586841315927,1.0377276620022304,1.0801561465759297,-0.961315727107204,-1.4002579955131091,1.276577444138029,-0.7272619771908926,0.0,0.0,0.0,0.0,0.0,0.0,0.0,0.0,0.0,0.0,0.0,0.0,0.0,0.0,0.0,0.0,0.0,0.0,0.0,0.0,0.0,0.0,0.0,0.0,0.0,0.0,0.0,0.0,0.0173383789699768,-0.0291912521008796,0.0396164755050882,SPY
2014-10-08,1.303789726135638,-0.9772127001603645,-0.7941893364241108,-0.2636892164426649,1.0315166299361276,1.0774848723003838,-0.3033884943276315,-0.9551886662454239,2.114016509113592,-0.012758982055980528,0.0,0.0,0.0,0.0,0.0,0.0,0.0,0.0,0.0,0.0,0.0,0.0,0.0,0.0,0.0,0.0,0.0,0.0,0.0,0.0,0.0,0.0,0.0,0.0,0.0,0.0,0.0,0.0,-0.0200328029925582,-0.0533191711562173,0.0285749314090892,SPY
2014-10-09,-1.5538622922108225,0.06746955725830453,0.3927137293069,-0.13296997818060108,1.0238588868011143,1.0704001832001604,-0.9752679509638414,-1.3205941919041957,2.477272114954421,0.7017440130789315,0.0,0.0,0.0,0.0,0.0,0.0,0.0,0.0,0.0,0.0,0.0,0.0,0.0,0.0,0.0,0.0,0.0,0.0,0.0,0.0,0.0,0.0,0.0,0.0,0.0,0.0,0.0,0.0,-0.0114798283411294,-0.0341448082094082,0.0526025165673145,SPY
2014-10-10,-0.8998443031618164,-0.18516881344524952,-0.3806256427144424,-0.1060702984019761,1.0082031620707887,1.06220871386013,-1.3195050560502766,-1.373693779625657,2.541256105095754,1.4162470082138434,0.0,0.0,0.0,0.0,0.0,0.0,0.0,0.0,0.0,0.0,0.0,0.0,0.0,0.0,0.0,0.0,0.0,0.0,0.0,0.0,0.0,0.0,0.0,0.0,0.0,0.0,0.0,0.0,-0.0165634552219584,-0.0109232353245696,0.0650175149351248,SPY
2014-10-13,-1.288572618768345,-1.8116774355958092,-1.2398533996752934,-0.03890803964205649,0.9866553812872723,1.050831259468338,-1.8139202202072848,-1.520900156797156,2.5187006099179787,-1.4417649723258046,0.0,0.0,0.0,0.0,0.0,0.0,0.0,0.0,0.0,0.0,0.0,0.0,0.0,0.0,0.0,0.0,0.0,0.0,0.0,0.0,0.0,0.0,0.0,0.0,0.0,0.0,0.0,0.0,0.0015464554847897,0.0153030263171984,0.0847228814694194,SPY
2014-10-14,0.09623300325063813,-1.6158663637549644,-1.8295122114057092,-0.06845130912182809,0.9668307626908073,1.0381678971128399,-1.65174797079992,-1.7224991386787198,2.0847371602624687,-0.7272619771908926,0.0,0.0,0.0,0.0,0.0,0.0,0.0,0.0,0.0,0.0,0.0,0.0,0.0,0.0,0.0,0.0,0.0,0.0,0.0,0.0,0.0,0.0,0.0,0.0,0.0,0.0,0.0,0.0,-0.0067895400853608,0.0333739029942847,0.0841566594712972,SPY
2014-10-15,-0.5411933053378595,-0.8806588357949401,-1.1743178859104788,-0.0714216013562667,0.9499838299792914,1.023859719613213,-1.7713563469767122,-1.5870508442954856,4.132520506323051,-0.012758982055980528,0.0,0.0,0.0,0.0,0.0,0.0,0.0,0.0,0.0,0.0,0.0,0.0,0.0,0.0,0.0,0.0,0.0,0.0,0.0,0.0,0.0,0.0,0.0,0.0,0.0,0.0,0.0,0.0,-0.0008584400457491,0.0330267381215865,0.0898683156230042,SPY
2014-10-16,-0.08766148993521267,-0.32901601255391383,-2.0986250603708982,-0.0960180896605267,0.9327328321631982,1.0082420927775646,-1.6686251929325744,-1.8896812837492685,2.273085539210105,0.7017440130789315,0.0,0.0,0.0,0.0,0.0,0.0,0.0,0.0,0.0,0.0,0.0,0.0,0.0,0.0,0.0,0.0,0.0,0.0,0.0,0.0,0.0,0.0,0.0,0.0,0.0,0.0,0.0,0.0,0.0117417445437091,0.045443540551262,0.0918536848799851,SPY
2014-10-17,0.8758334019229181,-0.46474906747872086,-1.3640817623435904,-0.020997542093535892,0.9156094876356634,0.9951695410823229,-1.134865222802401,-1.4620765070648445,1.405444307619949,1.4162470082138434,0.0,0.0,0.0,0.0,0.0,0.0,0.0,0.0,0.0,0.0,0.0,0.0,0.0,0.0,0.0,0.0,0.0,0.0,0.0,0.0,0.0,0.0,0.0,0.0,0.0,0.0,0.0,0.0,0.0096628064198096,0.0413674240473067,0.0803570401840243,SPY
2014-10-20,0.7168638051963654,0.5811624253257647,-0.4744954548595427,0.01988098742050531,0.9028680151672168,0.9857098395572943,-0.7008160621315557,-1.1322590897167792,0.17773454627297564,-1.4417649723258046,0.0,0.0,0.0,0.0,0.0,0.0,0.0,0.0,0.0,0.0,0.0,0.0,0.0,0.0,0.0,0.0,0.0,0.0,0.0,0.0,0.0,0.0,0.0,0.0,0.0,0.0,0.0,0.0,0.019617332161876,0.0303291454186913,0.0713303625343622,SPY
2014-10-21,1.4780538207280076,1.174984862206053,0.5301963189799223,0.1512305789771966,0.9045910594479056,0.981498442096208,0.06117031526918502,-0.37840240954557,0.5180444811401178,-0.7272619771908926,0.0,0.0,0.0,0.0,0.0,0.0,0.0,0.0,0.0,0.0,0.0,0.0,0.0,0.0,0.0,0.0,0.0,0.0,0.0,0.0,0.0,0.0,0.0,0.0,0.0,0.0,0.0,0.0,-0.007136704958059,0.0221164054304265,0.0574702116978942,SPY
2014-10-22,-0.5677398673427639,1.6194854873547204,1.222466585765536,0.1363996413712464,0.8961886983310501,0.974155153391052,-0.13814765428616146,-0.5277467691795937,0.4563139522529151,-0.012758982055980528,0.0,0.0,0.0,0.0,0.0,0.0,0.0,0.0,0.0,0.0,0.0,0.0,0.0,0.0,0.0,0.0,0.0,0.0,0.0,0.0,0.0,0.0,0.0,0.0,0.0,0.0,0.0,0.0,0.0115583623839263,0.0277398303664275,0.0630003076512846,SPY
2014-10-23,0.8618107681309922,0.6713158177760994,1.2091671801342578,0.1151556805376485,0.900847257321003,0.9726480513250655,0.3069661718838457,-0.5164554773200826,0.4885089307092426,0.7017440130789315,0.0,0.0,0.0,0.0,0.0,0.0,0.0,0.0,0.0,0.0,0.0,0.0,0.0,0.0,0.0,0.0,0.0,0.0,0.0,0.0,0.0,0.0,0.0,0.0,0.0,0.0,0.0,0.0,0.0076656280397537,0.0225718072516469,0.0531948820780323,SPY
2014-10-24,0.5641461085902955,0.21646504624895793,1.6848376904374514,0.1139551474198333,0.9133761446177099,0.9710768029694183,0.6103670479987141,-0.332690440548599,-0.031184605873046282,1.4162470082138434,0.0,0.0,0.0,0.0,0.0,0.0,0.0,0.0,0.0,0.0,0.0,0.0,0.0,0.0,0.0,0.0,0.0,0.0,0.0,0.0,0.0,0.0,0.0,0.0,0.0,0.0,0.0,0.0,-0.0013754722088057,0.0262770661126552,0.0508654516402966,SPY
2014-10-27,-0.12719724788340747,1.0519133442285313,1.5286873104605705,0.1136285706189383,0.9319886465046863,0.9696018135472095,0.5718739636489224,-0.02116172301342111,-0.5189607428372972,-1.4417649723258046,0.0,0.0,0.0,0.0,0.0,0.0,0.0,0.0,0.0,0.0,0.0,0.0,0.0,0.0,0.0,0.0,0.0,0.0,0.0,0.0,0.0,0.0,0.0,0.0,0.0,0.0,0.0,0.0,0.0114045921736112,0.0281974516642762,0.0550431674047953,SPY
2014-10-28,0.850052463234213,0.32192367986656933,1.1058261384414598,0.14968876079430063,0.9547700815599228,0.9710876256808507,0.991835429242908,-0.13961739518762722,-0.17387964771402037,-0.7272619771908926,0.0,0.0,0.0,0.0,0.0,0.0,0.0,0.0,0.0,0.0,0.0,0.0,0.0,0.0,0.0,0.0,0.0,0.0,0.0,0.0,0.0,0.0,0.0,0.0,0.0,0.0,0.0,0.0,-0.001513280022058,0.0133174191812566,0.0429145295581907,SPY
2014-10-29,-0.13773496050055567,0.5329519834656977,0.7912074398408528,0.0907345595134119,0.9796149565646303,0.9751066237719017,0.8968042180287505,0.3815681373920202,0.3556334534050811,-0.012758982055980528,0.0,0.0,0.0,0.0,0.0,0.0,0.0,0.0,0.0,0.0,0.0,0.0,0.0,0.0,0.0,0.0,0.0,0.0,0.0,0.0,0.0,0.0,0.0,0.0,0.0,0.0,0.0,0.0,0.0063903392691457,0.0211275340772925,0.0469834826307229,SPY
2014-10-30,0.4666289486311588,0.5251740674407755,1.0066330636364311,0.0988130543457259,1.0075016585155319,0.9804511077713879,1.0916370281043524,0.9033752463557659,-0.07924871618848799,0.7017440130789315,0.0,0.0,0.0,0.0,0.0,0.0,0.0,0.0,0.0,0.0,0.0,0.0,0.0,0.0,0.0,0.0,0.0,0.0,0.0,0.0,0.0,0.0,0.0,0.0,0.0,0.0,0.0,0.0,0.011370886900762,0.0187319769738136,0.0384718357791173,SPY
2014-10-31,0.8474751312921033,0.24216806728568221,0.8086532531184484,0.1013044332585221,1.0355586172540059,0.9859452927793819,1.4785205352789237,1.750138243116913,0.4124232521002244,1.4162470082138434,0.0,0.0,0.0,0.0,0.0,0.0,0.0,0.0,0.0,0.0,0.0,0.0,0.0,0.0,0.0,0.0,0.0,0.0,0.0,0.0,0.0,0.0,0.0,0.0,0.0,0.0,0.0,0.0,0.0005449133428152,0.0082962600997325,0.0201265625144912,SPY
2014-11-03,0.019648352373346823,0.9693544728438651,0.9505965902379154,0.0996144609510145,1.0599567843530018,0.9918028285993163,1.4448114895978548,1.741534976459446,-0.366034420512667,-1.4417649723258046,0.0,0.0,0.0,0.0,0.0,0.0,0.0,0.0,0.0,0.0,0.0,0.0,0.0,0.0,0.0,0.0,0.0,0.0,0.0,0.0,0.0,0.0,0.0,0.0,0.0,0.0,0.0,0.0,-0.0034754403094083,0.0108932580692533,0.026025227827052,SPY
2014-11-04,-0.2877749381252159,0.6394368077136399,1.0241639019908426,0.01640733189790101,1.0748465500498572,1.000150832265657,1.2329953010605477,1.887299364827316,-0.3756180480245039,-0.7272619771908926,0.0,0.0,0.0,0.0,0.0,0.0,0.0,0.0,0.0,0.0,0.0,0.0,0.0,0.0,0.0,0.0,0.0,0.0,0.0,0.0,0.0,0.0,0.0,0.0,0.0,0.0,0.0,0.0,0.0062968348739778,0.0153489318653292,0.0333562761288774,SPY
2014-11-05,0.4594789734485786,-0.19849453735320963,0.4541304586294502,-0.05613428028317269,1.09537361545248,1.0062435448150504,1.4192669897173078,1.9781475873414749,-0.4054572147835621,-0.012758982055980528,0.0,0.0,0.0,0.0,0.0,0.0,0.0,0.0,0.0,0.0,0.0,0.0,0.0,0.0,0.0,0.0,0.0,0.0,0.0,0.0,0.0,0.0,0.0,0.0,0.0,0.0,0.0,0.0,0.0039947821656669,0.0079742130576976,0.0259523133195038,SPY
2014-11-06,0.2834485344102961,0.12614571050716653,0.7533251473719574,-0.22809610077355277,1.1128585001898195,1.0173707141302175,1.4703425406000152,1.9247924312835123,-0.18853209790109407,0.7017440130789315,0.0,0.0,0.0,0.0,0.0,0.0,0.0,0.0,0.0,0.0,0.0,0.0,0.0,0.0,0.0,0.0,0.0,0.0,0.0,0.0,0.0,0.0,0.0,0.0,0.0,0.0,0.0,0.0,0.0009351700266808,0.0051063601032623,0.0235936023510543,SPY
2014-11-07,0.04949000419585932,0.5477674003619069,0.6615546713314502,-0.308742637602324,1.1275569824644425,1.0310525765793457,1.3797074536212046,1.8514504259300504,-0.4609404317562845,1.4162470082138434,0.0,0.0,0.0,0.0,0.0,0.0,0.0,0.0,0.0,0.0,0.0,0.0,0.0,0.0,0.0,0.0,0.0,0.0,0.0,0.0,0.0,0.0,0.0,0.0,0.0,0.0,0.0,0.0,0.003141911312336,0.0044162899243298,0.0159529849022339,SPY
2014-11-10,0.21823229057157462,0.24515336163753923,0.2617768058956438,-0.4930440377393178,1.144190897680889,1.0487640425867495,1.3377498986645782,1.667557195033842,-0.7855100028620902,-1.4417649723258046,0.0,0.0,0.0,0.0,0.0,0.0,0.0,0.0,0.0,0.0,0.0,0.0,0.0,0.0,0.0,0.0,0.0,0.0,0.0,0.0,0.0,0.0,0.0,0.0,0.0,0.0,0.0,0.0,0.0009802334866675,0.0019105073821412,0.0121332526869473,SPY
2014-11-11,0.05293585954808682,0.19701706427705093,0.3612642026239657,-0.4913963629253339,1.156464439098359,1.0663793089091356,1.214177093788421,2.185234715898592,-0.9511776342600932,-0.7272619771908926,0.0,0.0,0.0,0.0,0.0,0.0,0.0,0.0,0.0,0.0,0.0,0.0,0.0,0.0,0.0,0.0,0.0,0.0,0.0,0.0,0.0,0.0,0.0,0.0,0.0,0.0,0.0,0.0,-0.0010778839336538,0.0066874552208817,-0.0050083846725588,SPY
2014-11-12,-0.10444164609439777,0.19956046003449812,0.5319548969736365,-0.5391316290235966,1.1689082766055217,1.085117036553222,1.0027053355303206,1.977812916314948,-0.4341515076786056,-0.012758982055980528,0.0,0.0,0.0,0.0,0.0,0.0,0.0,0.0,0.0,0.0,0.0,0.0,0.0,0.0,0.0,0.0,0.0,0.0,0.0,0.0,0.0,0.0,0.0,0.0,0.0,0.0,0.0,0.0,0.0011269292112316,0.0061587301498668,0.0011269292112316,SPY
2014-11-13,0.06415320166489903,-0.0386061017233992,0.2494396295820171,-0.548251383480011,1.1791397584272703,1.1042715768337918,0.8733651886300904,1.887087578528563,-0.5095520834022814,0.7017440130789315,0.0,0.0,0.0,0.0,0.0,0.0,0.0,0.0,0.0,0.0,0.0,0.0,0.0,0.0,0.0,0.0,0.0,0.0,0.0,0.0,0.0,0.0,0.0,0.0,0.0,0.0,0.0,0.0,0.0002450998477483,0.0067847377493093,-0.01629339942557,SPY
2014-11-14,-0.003277404702368476,-0.030326549207851994,0.1395761533741242,-0.5688244893218998,1.1846277100737637,1.1211280288885181,0.7321772034399197,2.027865198020236,-0.5881831281754318,1.4162470082138434,0.0,0.0,0.0,0.0,0.0,0.0,0.0,0.0,0.0,0.0,0.0,0.0,0.0,0.0,0.0,0.0,0.0,0.0,0.0,0.0,0.0,0.0,0.0,0.0,0.0,0.0,0.0,0.0,0.0006361287701475,0.011875835503579,-0.0234317144576996,SPY
2014-11-17,0.026623297674295523,0.04434306865510931,0.11314052020552778,-0.5820744290631198,1.1901583045213913,1.1361673516435455,0.6229537941718183,1.8468700471179729,-0.5894374847390577,-1.4417649723258046,0.0,0.0,0.0,0.0,0.0,0.0,0.0,0.0,0.0,0.0,0.0,0.0,0.0,0.0,0.0,0.0,0.0,0.0,0.0,0.0,0.0,0.0,0.0,0.0,0.0,0.0,0.0,0.0,0.005757181325408,0.0140419502891244,-0.0321198142061849,SPY
2014-11-18,0.4182134321599907,0.016642138456335515,0.017147460212639194,-0.7401906382474638,1.1996879290687954,1.1484381932148653,0.7328292036844837,2.131967376853636,-0.6600505452152988,-0.7272619771908926,0.0,0.0,0.0,0.0,0.0,0.0,0.0,0.0,0.0,0.0,0.0,0.0,0.0,0.0,0.0,0.0,0.0,0.0,0.0,0.0,0.0,0.0,0.0,0.0,0.0,0.0,0.0,0.0,-0.0016066090046686,0.0075607232907231,-0.0184617786580529,SPY
2014-11-19,-0.14487152245877197,0.32774573878176905,0.2001457183402605,-0.7976470766098032,1.2058139899495952,1.1618314961078857,0.5540416226836025,1.8181889119326944,-0.5796134149713158,-0.012758982055980528,0.0,0.0,0.0,0.0,0.0,0.0,0.0,0.0,0.0,0.0,0.0,0.0,0.0,0.0,0.0,0.0,0.0,0.0,0.0,0.0,0.0,0.0,0.0,0.0,0.0,0.0,0.0,0.0,0.0017529368106741,0.0117230053458659,0.0075726555570803,SPY
2014-11-20,0.11202195470140953,0.20116491824074023,0.1798909928773924,-0.854451871185364,1.2109831227916603,1.1732152308322243,0.5206164791105801,1.5409975608662236,-0.7362321191627821,0.7017440130789315,0.0,0.0,0.0,0.0,0.0,0.0,0.0,0.0,0.0,0.0,0.0,0.0,0.0,0.0,0.0,0.0,0.0,0.0,0.0,0.0,0.0,0.0,0.0,0.0,0.0,0.0,0.0,0.0,0.005336197602018,0.007848760952732,0.0100654545737732,SPY
2014-11-21,0.3860221841539071,-0.024835892916716392,0.2038724773188964,-0.8693976285045166,1.2180876885755483,1.1841713499581203,0.6266689982035051,1.7018662193622212,0.3078432812177399,1.4162470082138434,0.0,0.0,0.0,0.0,0.0,0.0,0.0,0.0,0.0,0.0,0.0,0.0,0.0,0.0,0.0,0.0,0.0,0.0,0.0,0.0,0.0,0.0,0.0,0.0,0.0,0.0,0.0,0.0,0.0028022435556929,-0.0044618230131501,0.0093188192359816,SPY
2014-11-24,0.19225900850328312,0.3670182805851829,0.3989053837771011,-0.8830494987834503,1.2250648368836035,1.1960360041096552,0.6292260029782061,2.278518640551746,-0.8723240281678861,-1.4417649723258046,0.0,0.0,0.0,0.0,0.0,0.0,0.0,0.0,0.0,0.0,0.0,0.0,0.0,0.0,0.0,0.0,0.0,0.0,0.0,0.0,0.0,0.0,0.0,0.0,0.0,0.0,0.0,0.0,-0.0007240456729933,-0.000820487913467,0.0078653511116231,SPY
2014-11-25,-0.07738479194516687,0.42624148103027315,0.4818862422751935,-0.9469183000467847,1.2312973672098173,1.2053353794094785,0.5209736991877685,2.043469607477604,-0.6709299076439554,-0.7272619771908926,0.0,0.0,0.0,0.0,0.0,0.0,0.0,0.0,0.0,0.0,0.0,0.0,0.0,0.0,0.0,0.0,0.0,0.0,0.0,0.0,0.0,0.0,0.0,0.0,0.0,0.0,0.0,0.0,0.0025556730504741,0.0037591657519433,0.0086856240905683,SPY
2014-11-26,0.17340456866754034,0.08419945764121493,0.233599409076306,-0.9607982336087821,1.239125131319678,1.215521940554176,0.5292334357889941,2.0101253187301813,-0.9355039232808908,-0.012758982055980528,0.0,0.0,0.0,0.0,0.0,0.0,0.0,0.0,0.0,0.0,0.0,0.0,0.0,0.0,0.0,0.0,0.0,0.0,0.0,0.0,0.0,0.0,0.0,0.0,0.0,0.0,0.0,0.0,-0.0021213075824597,9.636476607344235e-05,0.0093495488222687,SPY
2014-11-28,-0.18422883877644447,0.07028294130913083,0.3930506720249542,-0.9607663469660725,1.2455277612249807,1.2238806484351084,0.3771248686947439,1.596870305663167,-0.9876058956218008,1.4162470082138434,0.0,0.0,0.0,0.0,0.0,0.0,0.0,0.0,0.0,0.0,0.0,0.0,0.0,0.0,0.0,0.0,0.0,0.0,0.0,0.0,0.0,0.0,0.0,0.0,0.0,0.0,0.0,0.0,-0.006974386363864,0.0038537435457506,0.0128131831249849,SPY
2014-12-01,-0.5553278954982149,-0.008578957302924392,0.2446337331263419,-0.9886175090312666,1.2487607143849255,1.2282629380896801,0.07823586421761303,0.4460513510843333,-0.2795596651758533,-1.4417649723258046,0.0,0.0,0.0,0.0,0.0,0.0,0.0,0.0,0.0,0.0,0.0,0.0,0.0,0.0,0.0,0.0,0.0,0.0,0.0,0.0,0.0,0.0,0.0,0.0,0.0,0.0,0.0,0.0,0.006443578655376,0.0041226824874751,0.0144071520444084,SPY
2014-12-02,0.4706999903142681,-0.5464584874100654,-0.2269676948859491,-0.9600584033274905,1.2545465368054272,1.2339494829687634,0.2707652601050154,0.7679810553000701,-0.7374103925503744,-0.7272619771908926,0.0,0.0,0.0,0.0,0.0,0.0,0.0,0.0,0.0,0.0,0.0,0.0,0.0,0.0,0.0,0.0,0.0,0.0,0.0,0.0,0.0,0.0,0.0,0.0,0.0,0.0,0.0,0.0,0.003855607992417,-0.0029987170708514,-0.0020088433163127,SPY
2014-12-03,0.272806340714416,-0.063053632861401,-0.08747318856187151,-0.9794864875563337,1.2595240718082923,1.2412393888472701,0.3531479067015542,1.0578069750937462,-0.8144472946998736,-0.012758982055980528,0.0,0.0,0.0,0.0,0.0,0.0,0.0,0.0,0.0,0.0,0.0,0.0,0.0,0.0,0.0,0.0,0.0,0.0,0.0,0.0,0.0,0.0,0.0,0.0,0.0,0.0,0.0,0.0,-0.0011071279353958,-0.023015728936107,-0.0063998292554598,SPY
2014-12-04,-0.10667783923076507,0.548194631410202,0.08796700293471958,-0.9970819606498503,1.2647141919828968,1.2469258152295128,0.2629559257188763,0.8933656023024049,-0.4797649902271988,0.7017440130789315,0.0,0.0,0.0,0.0,0.0,0.0,0.0,0.0,0.0,0.0,0.0,0.0,0.0,0.0,0.0,0.0,0.0,0.0,0.0,0.0,0.0,0.0,0.0,0.0,0.0,0.0,0.0,0.0,0.0016360711972174,-0.0168511710505745,-0.0235176384604773,SPY
2014-12-05,0.10308562358657783,0.12203039292593362,-0.052349831770146404,-1.0052792233555703,1.269861708658488,1.2521099730037941,0.28011230441563,0.9534240055419013,-0.4932618206720764,1.4162470082138434,0.0,0.0,0.0,0.0,0.0,0.0,0.0,0.0,0.0,0.0,0.0,0.0,0.0,0.0,0.0,0.0,0.0,0.0,0.0,0.0,0.0,0.0,0.0,0.0,0.0,0.0,0.0,0.0,-0.0067054474221395,-0.034780641673362,-0.0346172178623147,SPY
2014-12-08,-0.534763014505116,-0.0032409570785916905,0.09159014727469468,-0.9440073921221285,1.26971263571406,1.2556051360619105,-0.00025263188563977746,0.3320036907689481,-0.21829028296212896,-1.4417649723258046,0.0,0.0,0.0,0.0,0.0,0.0,0.0,0.0,0.0,0.0,0.0,0.0,0.0,0.0,0.0,0.0,0.0,0.0,0.0,0.0,0.0,0.0,0.0,0.0,0.0,0.0,0.0,0.0,-0.0006778209029505,-0.0349684094356037,-0.0155277341593702,SPY
2014-12-09,-0.07385013501237747,-0.31921185757359555,0.10189282579237469,-0.9479392357877892,1.2680320770260232,1.2582666935965345,-0.047969623149006976,-0.036466382285532006,0.026517754464262116,-0.7272619771908926,0.0,0.0,0.0,0.0,0.0,0.0,0.0,0.0,0.0,0.0,0.0,0.0,0.0,0.0,0.0,0.0,0.0,0.0,0.0,0.0,0.0,0.0,0.0,0.0,0.0,0.0,0.0,0.0,-0.0161614038728385,-0.0423425595109909,0.002739766915079,SPY
2014-12-10,-1.2578290674821373,-0.44980865046289054,-0.1709181318730466,-0.7364255210170337,1.259629755211289,1.2571763646680845,-0.6352400502605985,-0.8716830143593638,0.5546742968534585,-0.012758982055980528,0.0,0.0,0.0,0.0,0.0,0.0,0.0,0.0,0.0,0.0,0.0,0.0,0.0,0.0,0.0,0.0,0.0,0.0,0.0,0.0,0.0,0.0,0.0,0.0,0.0,0.0,0.0,0.0,0.0050574299501366,-0.0067659387646124,0.0108551188022048,SPY
2014-12-11,0.3647057338514466,-0.9835057861558137,-0.937742143337973,-0.7194890451882228,1.2522911845997908,1.2574221863637158,-0.4516714427500568,-0.6825184413896729,0.5389471141098982,0.7017440130789315,0.0,0.0,0.0,0.0,0.0,0.0,0.0,0.0,0.0,0.0,0.0,0.0,0.0,0.0,0.0,0.0,0.0,0.0,0.0,0.0,0.0,0.0,0.0,0.0,0.0,0.0,0.0,0.0,-0.01629339942557,0.0126044564957155,-0.0020665999406714,SPY
2014-12-12,-1.267922335553082,-0.6598064365731775,-0.7015864654319783,-0.5713663806935988,1.2388690387001446,1.2538948514134012,-1.017302320064516,-1.5396967113494202,1.170755309268111,1.4162470082138434,0.0,0.0,0.0,0.0,0.0,0.0,0.0,0.0,0.0,0.0,0.0,0.0,0.0,0.0,0.0,0.0,0.0,0.0,0.0,0.0,0.0,0.0,0.0,0.0,0.0,0.0,0.0,0.0,-0.0068932151843812,0.0331435917486526,0.0114103887202654,SPY
2014-12-15,-0.5491210009688118,-0.6672563067988112,-1.3884396620508386,-0.5536462361070338,1.2255746246932984,1.2488389269700229,-1.2248022182007412,-1.8626583267381656,0.9547460100857476,-1.4417649723258046,0.0,0.0,0.0,0.0,0.0,0.0,0.0,0.0,0.0,0.0,0.0,0.0,0.0,0.0,0.0,0.0,0.0,0.0,0.0,0.0,0.0,0.0,0.0,0.0,0.0,0.0,0.0,0.0,-0.0080519709783377,0.0446263691972603,0.0122478151624125,SPY
2014-12-16,-0.6377272654613313,-1.3417544510350068,-1.3956327850621657,-0.5326663306023798,1.206047483849634,1.2419338593305342,-1.4574752628766403,-1.9950830470337348,1.9051977929668669,-0.7272619771908926,0.0,0.0,0.0,0.0,0.0,0.0,0.0,0.0,0.0,0.0,0.0,0.0,0.0,0.0,0.0,0.0,0.0,0.0,0.0,0.0,0.0,0.0,0.0,0.0,0.0,0.0,0.0,0.0,0.0194152168735399,0.0540271156069325,0.0110969719001587,SPY
2014-12-17,1.4625987258843027,-0.8766056552216686,-1.6781262651088984,-0.35583534743960443,1.1930719279493356,1.2379148217405367,-0.722424693568788,-1.2246224181443726,1.734012224163666,-0.012758982055980528,0.0,0.0,0.0,0.0,0.0,0.0,0.0,0.0,0.0,0.0,0.0,0.0,0.0,0.0,0.0,0.0,0.0,0.0,0.0,0.0,0.0,0.0,0.0,0.0,0.0,0.0,0.0,0.0,0.0244278252104646,0.0347081260393444,0.0047108130973558,SPY
2014-12-18,1.8458964857880007,0.6082504676982247,-0.3152351793291513,-0.1213802484915034,1.1912000465369454,1.2395822500317293,0.16651317391353063,-0.3986073187470428,1.701519454709142,0.7017440130789315,0.0,0.0,0.0,0.0,0.0,0.0,0.0,0.0,0.0,0.0,0.0,0.0,0.0,0.0,0.0,0.0,0.0,0.0,0.0,0.0,0.0,0.0,0.0,0.0,0.0,0.0,0.0,0.0,0.004245735827367,0.0134998986110543,-0.0175864950414279,SPY
2014-12-19,0.3026381398819043,2.441420309821613,0.4268178452268276,-0.1169186778444526,1.190476337283402,1.241805231010164,0.3066673521885683,-0.1081958196448862,1.4739975458643515,1.4162470082138434,0.0,0.0,0.0,0.0,0.0,0.0,0.0,0.0,0.0,0.0,0.0,0.0,0.0,0.0,0.0,0.0,0.0,0.0,0.0,0.0,0.0,0.0,0.0,0.0,0.0,0.0,0.0,0.0,0.0045895622642264,0.0105964895039436,-0.0167968967689553,SPY
2014-12-22,0.3289294226204898,1.58525006131206,1.2136436808059985,-0.11925588451971089,1.1947414427414107,1.2438735538622643,0.4616458577657588,-0.1523455929244658,0.15959035699403062,-1.4417649723258046,0.0,0.0,0.0,0.0,0.0,0.0,0.0,0.0,0.0,0.0,0.0,0.0,0.0,0.0,0.0,0.0,0.0,0.0,0.0,0.0,0.0,0.0,0.0,0.0,0.0,0.0,0.0,0.0,0.0013487754313343,0.0006265097952766,-0.0066251624899331,SPY
2014-12-23,0.08111705630761713,0.46557230404536293,1.6535329872206104,-0.12093068286193509,1.1999032653889956,1.2456229029691934,0.4975062187028114,-0.21570704423399092,-0.20043668512494647,-0.7272619771908926,0.0,0.0,0.0,0.0,0.0,0.0,0.0,0.0,0.0,0.0,0.0,0.0,0.0,0.0,0.0,0.0,0.0,0.0,0.0,0.0,0.0,0.0,0.0,0.0,0.0,0.0,0.0,0.0,9.622730595193474e-05,-0.0106946823414029,-0.013471706424073,SPY
2014-12-24,-0.014661200911095375,0.30206695441315506,2.0136625670577404,-0.1213489033296439,1.2121487057900489,1.24755408547788,0.4845559854783924,-0.1816179790724636,-1.232647403450543,-0.012758982055980528,0.0,0.0,0.0,0.0,0.0,0.0,0.0,0.0,0.0,0.0,0.0,0.0,0.0,0.0,0.0,0.0,0.0,0.0,0.0,0.0,0.0,0.0,0.0,0.0,0.0,0.0,0.0,0.0,0.0032195977821745,-0.0113262875940849,-0.0112288841733239,SPY
2014-12-26,0.22417272075531242,0.04846172585241161,1.2735788234206225,-0.1202156815926591,1.2236361261860473,1.249638899140284,0.5882837895692472,-0.14063767994899992,-1.00617523283619,1.4162470082138434,0.0,0.0,0.0,0.0,0.0,0.0,0.0,0.0,0.0,0.0,0.0,0.0,0.0,0.0,0.0,0.0,0.0,0.0,0.0,0.0,0.0,0.0,0.0,0.0,0.0,0.0,0.0,0.0,0.0013423267202563,-0.0327708225166727,-0.0277267490768808,SPY
2014-12-29,0.08062394446956363,0.15405152369457964,0.4611209929464221,-0.1225059146641074,1.2427419089919558,1.2524949494891273,0.6145171025285873,0.0969009431238457,-0.6909102323164267,-1.4417649723258046,0.0,0.0,0.0,0.0,0.0,0.0,0.0,0.0,0.0,0.0,0.0,0.0,0.0,0.0,0.0,0.0,0.0,0.0,0.0,0.0,0.0,0.0,0.0,0.0,0.0,0.0,0.0,0.0,-0.0053804174444405,-0.043576657441549,-0.0419766627603381,SPY
2014-12-30,-0.4334423071767501,0.22438176386332742,0.3498954097562111,-0.13019604461251888,1.2623876636363807,1.2556865236418648,0.3840736002474062,-0.05017940564570811,-0.7559495379921103,-0.7272619771908926,0.0,0.0,0.0,0.0,0.0,0.0,0.0,0.0,0.0,0.0,0.0,0.0,0.0,0.0,0.0,0.0,0.0,0.0,0.0,0.0,0.0,0.0,0.0,0.0,0.0,0.0,0.0,0.0,-0.0099724167053452,-0.0258122037163035,-0.0273947501897158,SPY
2014-12-31,-0.7845774671330248,-0.26100578178474537,-0.03204070967498571,-0.10638920082219319,1.2810307818755085,1.2552422987362784,0.014441338523075222,0.13663572970704238,-0.018690486819753983,-0.012758982055980528,0.0,0.0,0.0,0.0,0.0,0.0,0.0,0.0,0.0,0.0,0.0,0.0,0.0,0.0,0.0,0.0,0.0,0.0,0.0,0.0,0.0,0.0,0.0,0.0,0.0,0.0,0.0,0.0,-0.00053537794673,0.0017498931605404,-0.0300775869479634,SPY
2015-01-02,-0.06295798817712828,-0.8996134349426083,-0.4657399065007803,-0.11209081379441399,1.2911853101446107,1.2538247210332953,0.006490345037532122,-0.00639673413755661,-0.12909937520404116,1.4162470082138434,0.0,0.0,0.0,0.0,0.0,0.0,0.0,0.0,0.0,0.0,0.0,0.0,0.0,0.0,0.0,0.0,0.0,0.0,0.0,0.0,0.0,0.0,0.0,0.0,0.0,0.0,0.0,0.0,-0.0182249371404132,-0.0057607808784423,-0.0172337048707831,SPY
2015-01-05,-1.415620705245202,-0.6261578923194185,-0.4899358292880672,-0.009894339527173491,1.282790180617993,1.248665506843941,-0.6233521832209339,-0.0736296579020434,0.5069211526557059,-1.4417649723258046,0.0,0.0,0.0,0.0,0.0,0.0,0.0,0.0,0.0,0.0,0.0,0.0,0.0,0.0,0.0,0.0,0.0,0.0,0.0,0.0,0.0,0.0,0.0,0.0,0.0,0.0,0.0,0.0,-0.0094635082046199,0.0045998674692313,0.0153487398724925,SPY
2015-01-06,-0.7456628990653287,-1.0919327233908473,-1.3114462727065164,0.00761152107395061,1.268459802007359,1.241100767293351,-0.9057706578314546,-0.15293066761349802,1.0268306306304336,-0.7272619771908926,0.0,0.0,0.0,0.0,0.0,0.0,0.0,0.0,0.0,0.0,0.0,0.0,0.0,0.0,0.0,0.0,0.0,0.0,0.0,0.0,0.0,0.0,0.0,0.0,0.0,0.0,0.0,0.0,0.0123840362808049,0.0112469649092181,0.0209970024917875,SPY
2015-01-07,0.9249473496893847,-1.5958391838924582,-1.725402848248349,0.05654385428854721,1.257423176937642,1.2376980515203033,-0.4243997133672521,0.3814915307010216,-0.05447370603232268,-0.012758982055980528,0.0,0.0,0.0,0.0,0.0,0.0,0.0,0.0,0.0,0.0,0.0,0.0,0.0,0.0,0.0,0.0,0.0,0.0,0.0,0.0,0.0,0.0,0.0,0.0,0.0,0.0,0.0,0.0,0.0175896801714987,-0.0071928601138209,0.0186577073734737,SPY
2015-01-08,1.323005906840382,0.13174083686760102,-1.0448712205122197,0.15215479720308073,1.2534662787114286,1.2383035308763461,0.22382472613863882,0.3539040995806036,0.2601854359326054,0.7017440130789315,0.0,0.0,0.0,0.0,0.0,0.0,0.0,0.0,0.0,0.0,0.0,0.0,0.0,0.0,0.0,0.0,0.0,0.0,0.0,0.0,0.0,0.0,0.0,0.0,0.0,0.0,0.0,0.0,-0.0080460519857128,-0.0339853545259112,-0.0017011716335133,SPY
2015-01-09,-0.6372746594603201,1.6586312390149356,0.01099455174981209,0.0926347210018318,1.2459374072307197,1.2406736256822704,-0.09651494540762177,-0.5658944410425074,0.4325886060156318,1.4162470082138434,0.0,0.0,0.0,0.0,0.0,0.0,0.0,0.0,0.0,0.0,0.0,0.0,0.0,0.0,0.0,0.0,0.0,0.0,0.0,0.0,0.0,0.0,0.0,0.0,0.0,0.0,0.0,0.0,-0.0078642887927395,-0.0129102444694613,0.0018588193749806,SPY
2015-01-12,-0.6233758227635849,0.5055506758120428,-0.2767289723279737,0.10518888992693,1.2335533089472663,1.2402230414462427,-0.3837334381693073,-0.9327025122840851,0.3340553094777757,-1.4417649723258046,0.0,0.0,0.0,0.0,0.0,0.0,0.0,0.0,0.0,0.0,0.0,0.0,0.0,0.0,0.0,0.0,0.0,0.0,0.0,0.0,0.0,0.0,0.0,0.0,0.0,0.0,0.0,0.0,-0.0028164107646331,-0.0029154386050409,0.020320281549254,SPY
2015-01-13,-0.23738110496615758,-0.9310792832045509,0.12017312179181129,0.02440152883424601,1.2193513303654873,1.2426872227435295,-0.5080322276371937,-1.1782069160487814,1.5168736420810824,-0.7272619771908926,0.0,0.0,0.0,0.0,0.0,0.0,0.0,0.0,0.0,0.0,0.0,0.0,0.0,0.0,0.0,0.0,0.0,0.0,0.0,0.0,0.0,0.0,0.0,0.0,0.0,0.0,0.0,0.0,-0.0060557887422341,0.0049363062594318,0.0237167177126993,SPY
2015-01-14,-0.4850857407242352,-0.6359166991821246,0.3748142219640239,0.02067103161750461,1.2049353124334954,1.24531518642387,-0.7516733658313818,-1.3619561605438797,1.1788430848154243,-0.012758982055980528,0.0,0.0,0.0,0.0,0.0,0.0,0.0,0.0,0.0,0.0,0.0,0.0,0.0,0.0,0.0,0.0,0.0,0.0,0.0,0.0,0.0,0.0,0.0,0.0,0.0,0.0,0.0,0.0,-0.0092028142405915,0.0257533915449146,0.0393434856577536,SPY
2015-01-15,-0.7257284845417704,-0.5338443914375248,-0.33158994515453,0.02734719147332791,1.190989819492457,1.2476757619836074,-1.1053929730757983,-1.5331045165515689,0.8865859778309414,0.7017440130789315,0.0,0.0,0.0,0.0,0.0,0.0,0.0,0.0,0.0,0.0,0.0,0.0,0.0,0.0,0.0,0.0,0.0,0.0,0.0,0.0,0.0,0.0,0.0,0.0,0.0,0.0,0.0,0.0,0.013029058070737,0.0294584372827007,0.0526538824403699,SPY
2015-01-16,0.9742700556644002,-0.8942949984458021,-1.3579733124887816,-0.03762846999981029,1.182862101596182,1.2486942423277636,-0.6399243624452072,-1.1977688007491618,1.426945461496864,1.4162470082138434,0.0,0.0,0.0,0.0,0.0,0.0,0.0,0.0,0.0,0.0,0.0,0.0,0.0,0.0,0.0,0.0,0.0,0.0,0.0,0.0,0.0,0.0,0.0,0.0,0.0,0.0,0.0,0.0,0.0021305170716807,0.0187684287686646,0.0411971009572775,SPY
2015-01-20,0.14089428194101883,0.18285971692599404,-0.5506150242318363,-0.254281168744435,1.1835894659469652,1.244841159562896,-0.529679909417487,-1.1740088784193936,0.12164915145865342,-0.7272619771908926,0.0,0.0,0.0,0.0,0.0,0.0,0.0,0.0,0.0,0.0,0.0,0.0,0.0,0.0,0.0,0.0,0.0,0.0,0.0,0.0,0.0,0.0,0.0,0.0,0.0,0.0,0.0,0.0,0.0050353340998396,0.0033596445756014,0.0391614680340897,SPY
2015-01-21,0.3630161364696564,0.8225164762135709,-0.1677278491449688,-0.250893119530195,1.1905622910217257,1.2411439593917155,-0.313257835751618,-0.9105331849078638,-0.0004410091413643831,-0.012758982055980528,0.0,0.0,0.0,0.0,0.0,0.0,0.0,0.0,0.0,0.0,0.0,0.0,0.0,0.0,0.0,0.0,0.0,0.0,0.0,0.0,0.0,0.0,0.0,0.0,0.0,0.0,0.0,0.0,0.0147612965432486,-0.0145832764874391,0.03341187677613,SPY
2015-01-22,1.1067286643375946,0.37134819841631117,0.1330616260526174,-0.1722521650102501,1.1986687071684943,1.2396715176515776,0.24852694925724883,-0.2797777637497821,0.8160129678923561,0.7017440130789315,0.0,0.0,0.0,0.0,0.0,0.0,0.0,0.0,0.0,0.0,0.0,0.0,0.0,0.0,0.0,0.0,0.0,0.0,0.0,0.0,0.0,0.0,0.0,0.0,0.0,0.0,0.0,0.0,-0.0054977685028054,-0.0201430779045059,0.0246333260612932,SPY
2015-01-23,-0.4424157586754942,1.0842333370789774,0.9305353425631802,-0.16442445787395257,1.196679587529574,1.2366836198181976,0.06836767239010842,-0.4001035208403463,-0.11321766722293249,1.4162470082138434,0.0,0.0,0.0,0.0,0.0,0.0,0.0,0.0,0.0,0.0,0.0,0.0,0.0,0.0,0.0,0.0,0.0,0.0,0.0,0.0,0.0,0.0,0.0,0.0,0.0,0.0,0.0,0.0,0.002339049556701,-0.0273005628652933,0.0299892954092282,SPY
2015-01-26,0.15684007882018822,0.48974173611820865,1.072470515227069,-0.16144406804678899,1.199246330438796,1.2341901303023584,0.17702762906788802,0.1427479333562419,-0.5225794307449572,-1.4417649723258046,0.0,0.0,0.0,0.0,0.0,0.0,0.0,0.0,0.0,0.0,0.0,0.0,0.0,0.0,0.0,0.0,0.0,0.0,0.0,0.0,0.0,0.0,0.0,0.0,0.0,0.0,0.0,0.0,-0.0132782671213824,-0.0173311082915441,0.0304870135707906,SPY
2015-01-27,-1.0373650327821626,-0.21137376395373772,0.6629510891255196,-0.1139563797190896,1.199438910831017,1.2280638436481548,-0.2648974962060489,0.02364770143082259,0.16144100423184943,-0.7272619771908926,0.0,0.0,0.0,0.0,0.0,0.0,0.0,0.0,0.0,0.0,0.0,0.0,0.0,0.0,0.0,0.0,0.0,0.0,0.0,0.0,0.0,0.0,0.0,0.0,0.0,0.0,0.0,0.0,-0.0129075869632009,0.0103046664327006,0.0429152599893258,SPY
2015-01-28,-1.0090203338307009,-0.6505075362640249,0.07266189979695059,-0.07444448093056699,1.1952893143062198,1.218842103528337,-0.6620723800805768,-0.6211928347613497,0.7027198158650806,-0.012758982055980528,0.0,0.0,0.0,0.0,0.0,0.0,0.0,0.0,0.0,0.0,0.0,0.0,0.0,0.0,0.0,0.0,0.0,0.0,0.0,0.0,0.0,0.0,0.0,0.0,0.0,0.0,0.0,0.0,0.0092014951261818,0.0193970078105767,0.0546406956724858,SPY
2015-01-29,0.6815888398328648,-1.5110324638107484,-0.6147065645661766,-0.03897688944357579,1.1977063554370802,1.2128125695444072,-0.2728538979290041,-0.8788729824325562,0.7737988395827112,0.7017440130789315,0.0,0.0,0.0,0.0,0.0,0.0,0.0,0.0,0.0,0.0,0.0,0.0,0.0,0.0,0.0,0.0,0.0,0.0,0.0,0.0,0.0,0.0,0.0,0.0,0.0,0.0,0.0,0.0,-0.0126552534635928,0.0202402538468859,0.042026964399052,SPY
2015-01-30,-0.989725216668648,-0.24226766089162802,-0.8276948594366859,-0.021631799580152992,1.1986259071588758,1.2062669818200695,-0.6829259100066166,-0.9753482329170815,1.1229814034115626,1.4162470082138434,0.0,0.0,0.0,0.0,0.0,0.0,0.0,0.0,0.0,0.0,0.0,0.0,0.0,0.0,0.0,0.0,0.0,0.0,0.0,0.0,0.0,0.0,0.0,0.0,0.0,0.0,0.0,0.0,0.0123085041304502,0.0301263084749905,0.0609762714916568,SPY
2015-02-02,0.919171653268342,-0.22802587935611712,-1.1018881989109737,0.03622640303035821,1.1992462125324332,1.202494476906747,-0.19802285152913787,-0.4391560051358614,0.5535936940804751,-1.4417649723258046,0.0,0.0,0.0,0.0,0.0,0.0,0.0,0.0,0.0,0.0,0.0,0.0,0.0,0.0,0.0,0.0,0.0,0.0,0.0,0.0,0.0,0.0,0.0,0.0,0.0,0.0,0.0,0.0,0.0143575076028623,0.0133317433673214,0.0445549656317227,SPY
2015-02-03,1.0758522451320776,-0.0526653206653491,-0.7199721966714405,-0.0026834868709317903,1.205192191095446,1.205847858495197,0.3087758244947765,-0.02904602707264491,-0.07458127789042139,-0.7272619771908926,0.0,0.0,0.0,0.0,0.0,0.0,0.0,0.0,0.0,0.0,0.0,0.0,0.0,0.0,0.0,0.0,0.0,0.0,0.0,0.0,0.0,0.0,0.0,0.0,0.0,0.0,0.0,0.0,-0.0038152455853248,0.0095714091459928,0.0259732782780162,SPY
2015-02-04,-0.3137587358424261,1.4719433514969047,0.3387160719192289,-0.03031368664880209,1.2072881338988681,1.2104049507389893,0.12665812077052382,0.02778996783100839,0.07954855767818761,-0.012758982055980528,0.0,0.0,0.0,0.0,0.0,0.0,0.0,0.0,0.0,0.0,0.0,0.0,0.0,0.0,0.0,0.0,0.0,0.0,0.0,0.0,0.0,0.0,0.0,0.0,0.0,0.0,0.0,0.0,0.0100447411624911,0.0139666801301299,0.0308814510323323,SPY
2015-02-05,0.7460691054032093,0.5619138812043879,0.6870310819679308,-0.04605735296128619,1.207330973210607,1.2144999843026976,0.468509614550774,0.4776925124325552,-0.505285585807975,0.7017440130789315,0.0,0.0,0.0,0.0,0.0,0.0,0.0,0.0,0.0,0.0,0.0,0.0,0.0,0.0,0.0,0.0,0.0,0.0,0.0,0.0,0.0,0.0,0.0,0.0,0.0,0.0,0.0,0.0,-0.0027691988354883,0.013492918170459,0.0066728730505749,SPY
2015-02-06,-0.23377096320650106,0.3184999961955898,0.7193346701641735,-0.14372718740721457,1.2085715446555998,1.2141238358319824,0.3674599358429452,0.1461158193415626,-0.07795022037428069,1.4162470082138434,0.0,0.0,0.0,0.0,0.0,0.0,0.0,0.0,0.0,0.0,0.0,0.0,0.0,0.0,0.0,0.0,0.0,0.0,0.0,0.0,0.0,0.0,0.0,0.0,0.0,0.0,0.0,0.0,-0.0044860609772188,0.020369699547972,0.013577970594687,SPY
2015-02-09,-0.3650537941712081,0.37753920149431525,1.0980557359513703,-0.15974650926851208,1.206817608907914,1.214532274691736,0.19559951302622403,-0.03003224453915971,-0.7181326453433342,-1.4417649723258046,0.0,0.0,0.0,0.0,0.0,0.0,0.0,0.0,0.0,0.0,0.0,0.0,0.0,0.0,0.0,0.0,0.0,0.0,0.0,0.0,0.0,0.0,0.0,0.0,0.0,0.0,0.0,0.0,0.0105971733815337,0.0264280371128355,0.0017089930927074,SPY
2015-02-10,0.7883117898152068,-0.44258381003989833,0.4546791983660861,-0.14896610029138388,1.215522792866007,1.2190034369766876,0.55573793970766,0.0926931415871978,-0.5739709823674963,-0.7272619771908926,0.0,0.0,0.0,0.0,0.0,0.0,0.0,0.0,0.0,0.0,0.0,0.0,0.0,0.0,0.0,0.0,0.0,0.0,0.0,0.0,0.0,0.0,0.0,0.0,0.0,0.0,0.0,0.0,0.0005800253988121,0.0159257478797947,-0.0112325097163807,SPY
2015-02-11,0.022333256420225125,0.3118184129422841,0.3106260004433193,-0.15437499807741378,1.2300458304731052,1.224216132740057,0.5325803748024783,-0.23699147438682003,-0.6597968950052682,-0.012758982055980528,0.0,0.0,0.0,0.0,0.0,0.0,0.0,0.0,0.0,0.0,0.0,0.0,0.0,0.0,0.0,0.0,0.0,0.0,0.0,0.0,0.0,0.0,0.0,0.0,0.0,0.0,0.0,0.0,0.0095709792028202,0.0146314653228625,0.0008211419606496,SPY
2015-02-12,0.7098420783419147,0.5977499104229849,0.4790027466939199,-0.15234146505634857,1.2448681930326828,1.2328790022610971,0.8204728729085735,0.1578964695091584,-0.5607897998686298,0.7017440130789315,0.0,0.0,0.0,0.0,0.0,0.0,0.0,0.0,0.0,0.0,0.0,0.0,0.0,0.0,0.0,0.0,0.0,0.0,0.0,0.0,0.0,0.0,0.0,0.0,0.0,0.0,0.0,0.0,0.0041075825420247,0.0110432319484541,-0.0149010196779304,SPY
2015-02-13,0.2920740101443058,0.5398311904394918,0.4608535819314758,-0.19955542170865997,1.2669628235258656,1.2444437211598365,0.8765274872779355,0.19790050549177288,-0.630600452823829,1.4162470082138434,0.0,0.0,0.0,0.0,0.0,0.0,0.0,0.0,0.0,0.0,0.0,0.0,0.0,0.0,0.0,0.0,0.0,0.0,0.0,0.0,0.0,0.0,0.0,0.0,0.0,0.0,0.0,0.0,0.0015722765876446,0.0067938502515589,-0.0057362167174943,SPY
2015-02-17,0.09820745850771853,0.7389276174525871,0.7242935557581829,-0.24266605770677258,1.2844802504192792,1.2535580043947876,0.8574572157109626,0.6799431919831526,-0.9076707428652304,-0.7272619771908926,0.0,0.0,0.0,0.0,0.0,0.0,0.0,0.0,0.0,0.0,0.0,0.0,0.0,0.0,0.0,0.0,0.0,0.0,0.0,0.0,0.0,0.0,0.0,0.0,0.0,0.0,0.0,0.0,9.488414849290194e-05,0.0080583413821777,-0.0102852949075593,SPY
2015-02-18,-0.014763907767614175,0.28747834341716116,0.9563800802389416,-0.24125565863804607,1.295794859389849,1.2622315188820001,0.7861367531638107,1.2281594442107653,-0.8457331347464896,-0.012758982055980528,0.0,0.0,0.0,0.0,0.0,0.0,0.0,0.0,0.0,0.0,0.0,0.0,0.0,0.0,0.0,0.0,0.0,0.0,0.0,0.0,0.0,0.0,0.0,0.0,0.0,0.0,0.0,0.0,-0.00071425715812,0.0071134365308376,0.0015690484212198,SPY
2015-02-19,-0.07663629623763628,0.06100039269973952,0.5540519198992907,-0.24279452446986188,1.3084569415741556,1.2696474856493334,0.6951899379756049,1.032374856193898,-0.6756703352357392,0.7017440130789315,0.0,0.0,0.0,0.0,0.0,0.0,0.0,0.0,0.0,0.0,0.0,0.0,0.0,0.0,0.0,0.0,0.0,0.0,0.0,0.0,0.0,0.0,0.0,0.0,0.0,0.0,0.0,0.0,0.0059827458284118,0.0066455424089166,-0.002288443287556,SPY
2015-02-20,0.4354616117311461,-0.0680522861215082,0.5044697470476807,-0.3050346512528471,1.3194078487182739,1.2751718873516567,0.8751920351459319,1.8451038323798965,0.14751694592770961,1.4162470082138434,0.0,0.0,0.0,0.0,0.0,0.0,0.0,0.0,0.0,0.0,0.0,0.0,0.0,0.0,0.0,0.0,0.0,0.0,0.0,0.0,0.0,0.0,0.0,0.0,0.0,0.0,0.0,0.0,-0.0001417991548704,-0.0027494395667471,0.000517178993677,SPY
2015-02-23,-0.03286230562516928,0.26426046619626703,0.3670094943007583,-0.3235059828106117,1.3315138451945103,1.2818785912801363,0.8120872836282186,1.6772983860823896,-0.9645515753619958,-1.4417649723258046,0.0,0.0,0.0,0.0,0.0,0.0,0.0,0.0,0.0,0.0,0.0,0.0,0.0,0.0,0.0,0.0,0.0,0.0,0.0,0.0,0.0,0.0,0.0,0.0,0.0,0.0,0.0,0.0,0.0028367677182634,0.0036864132171352,-0.0012915585017641,SPY
2015-02-24,0.19489895826324033,0.29657017470980546,0.2042215646640285,-0.323061036746536,1.3468710310147725,1.2887142790195079,0.8614039776775637,1.4686139084562235,-0.992852687346748,-0.7272619771908926,0.0,0.0,0.0,0.0,0.0,0.0,0.0,0.0,0.0,0.0,0.0,0.0,0.0,0.0,0.0,0.0,0.0,0.0,0.0,0.0,0.0,0.0,0.0,0.0,0.0,0.0,0.0,0.0,-0.0008500207028472,-0.003263156230612,-0.0097631543390077,SPY
2015-02-25,-0.08701769032885057,0.11901018751097432,0.2526624692191174,-0.4191776459621201,1.35718048824431,1.2982692125053568,0.747213060182419,1.729913881154256,-0.9902139187337412,-0.012758982055980528,0.0,0.0,0.0,0.0,0.0,0.0,0.0,0.0,0.0,0.0,0.0,0.0,0.0,0.0,0.0,0.0,0.0,0.0,0.0,0.0,0.0,0.0,0.0,0.0,0.0,0.0,0.0,0.0,-0.0011821512800409,-0.006637315278609,-0.0236754673948382,SPY
2015-02-26,-0.11241462894384137,0.07903794212660803,0.2164644725633347,-0.5262771608391936,1.3666985186660607,1.3103499456455567,0.599510143829168,1.3722420534898618,-1.0064441440636205,0.7017440130789315,0.0,0.0,0.0,0.0,0.0,0.0,0.0,0.0,0.0,0.0,0.0,0.0,0.0,0.0,0.0,0.0,0.0,0.0,0.0,0.0,0.0,0.0,0.0,0.0,0.0,0.0,0.0,0.0,-0.0034122361472519,-0.0043622368295768,-0.0248772636409135,SPY
2015-02-27,-0.2829419226285372,-0.14779110146721053,0.1985400965412026,-0.5324562471511678,1.3704200364904344,1.3196683199388075,0.391936860857734,1.297119296038891,-0.4125556763433474,1.4162470082138434,0.0,0.0,0.0,0.0,0.0,0.0,0.0,0.0,0.0,0.0,0.0,0.0,0.0,0.0,0.0,0.0,0.0,0.0,0.0,0.0,0.0,0.0,0.0,0.0,0.0,0.0,0.0,0.0,0.0062940536290119,-0.0151138375015911,-0.019178082246019,SPY
2015-03-02,0.4592663007453633,-0.29240334147027375,-0.1613686558097879,-0.652889982108751,1.3751471776812907,1.3331463678222641,0.5156679057675901,1.9241867116932905,-0.7659861695852773,-1.4417649723258046,0.0,0.0,0.0,0.0,0.0,0.0,0.0,0.0,0.0,0.0,0.0,0.0,0.0,0.0,0.0,0.0,0.0,0.0,0.0,0.0,0.0,0.0,0.0,0.0,0.0,0.0,0.0,0.0,-0.0041128017294838,-0.0172719924219793,-0.0133461913760548,SPY
2015-03-03,-0.3365118806795308,0.12955599882679983,0.08517995405043409,-0.6820167548878271,1.3773073008480792,1.3430344156762513,0.2778930444436991,1.1829983621683775,-0.3961535947391922,-0.7272619771908926,0.0,0.0,0.0,0.0,0.0,0.0,0.0,0.0,0.0,0.0,0.0,0.0,0.0,0.0,0.0,0.0,0.0,0.0,0.0,0.0,0.0,0.0,0.0,0.0,0.0,0.0,0.0,0.0,-0.0042241797508442,-0.0295142291716938,-0.0180114017573869,SPY
2015-03-04,-0.3450285935803714,0.09001585854046062,-0.1810484299735343,-0.7625482604874653,1.3775213401982913,1.3488276077117902,0.07159048551927542,0.7293456530874212,-0.3330323502155141,-0.012758982055980528,0.0,0.0,0.0,0.0,0.0,0.0,0.0,0.0,0.0,0.0,0.0,0.0,0.0,0.0,0.0,0.0,0.0,0.0,0.0,0.0,0.0,0.0,0.0,0.0,0.0,0.0,0.0,0.0,0.0010929271689912,-0.0276343788484041,-0.0173297207821594,SPY
2015-03-05,0.06155317673837702,-0.503636518841615,-0.3103077916566222,-0.7818651056091789,1.3785479901994346,1.3557062505558455,0.05534514393813512,0.26977461723030344,-0.9706993265052486,0.7017440130789315,0.0,0.0,0.0,0.0,0.0,0.0,0.0,0.0,0.0,0.0,0.0,0.0,0.0,0.0,0.0,0.0,0.0,0.0,0.0,0.0,0.0,0.0,0.0,0.0,0.0,0.0,0.0,0.0,-0.0141638368192662,-0.0160936289415527,-0.0148315874317042,SPY
2015-03-06,-1.1050816502838812,-0.20982355377612633,-0.223152686068039,-0.6850646118408515,1.3705487509362557,1.3571894755084704,-0.4813571504722636,-1.0648725930791576,0.9032676048102126,1.4162470082138434,0.0,0.0,0.0,0.0,0.0,0.0,0.0,0.0,0.0,0.0,0.0,0.0,0.0,0.0,0.0,0.0,0.0,0.0,0.0,0.0,0.0,0.0,0.0,0.0,0.0,0.0,0.0,0.0,0.0041358987086237,-0.0080809745580463,0.0060425011683307,SPY
2015-03-09,0.2942392547628621,-0.7708209034196517,-0.6350316224688057,-0.6835442479843923,1.3644529526885185,1.360209624231941,-0.3537192629212354,-0.8698160299513025,-0.7525669633584319,-1.4417649723258046,0.0,0.0,0.0,0.0,0.0,0.0,0.0,0.0,0.0,0.0,0.0,0.0,0.0,0.0,0.0,0.0,0.0,0.0,0.0,0.0,0.0,0.0,0.0,0.0,0.0,0.0,0.0,0.0,-0.0163550384791983,0.0010555122357907,-0.0007430963426253,SPY
2015-03-10,-1.2726356723211425,-0.5990746392353574,-0.7177075495529762,-0.5386991839496411,1.349844393666427,1.3605858122016037,-0.9552025802204938,-1.5084780106778175,0.3851550987748625,-0.7272619771908926,0.0,0.0,0.0,0.0,0.0,0.0,0.0,0.0,0.0,0.0,0.0,0.0,0.0,0.0,0.0,0.0,0.0,0.0,0.0,0.0,0.0,0.0,0.0,0.0,0.0,0.0,0.0,0.0,-0.0023443294275544,0.0144337491125687,0.0189837728881343,SPY
2015-03-11,-0.20128258961603898,-0.7227467453547632,-1.186690690339037,-0.5993172456764254,1.334594148917029,1.358103046649831,-1.0202323890894784,-1.553846661985434,-0.3947859745094166,-0.012758982055980528,0.0,0.0,0.0,0.0,0.0,0.0,0.0,0.0,0.0,0.0,0.0,0.0,0.0,0.0,0.0,0.0,0.0,0.0,0.0,0.0,0.0,0.0,0.0,0.0,0.0,0.0,0.0,0.0,0.0126336770758426,0.0287273060173953,0.0257414927193311,SPY
2015-03-12,0.9440365645425912,-1.0884928454924498,-1.1146762270633896,-0.5118761446149107,1.3254397024153683,1.358285749028419,-0.5611611673702379,-1.1793112511034405,-0.6432794589970877,0.7017440130789315,0.0,0.0,0.0,0.0,0.0,0.0,0.0,0.0,0.0,0.0,0.0,0.0,0.0,0.0,0.0,0.0,0.0,0.0,0.0,0.0,0.0,0.0,0.0,0.0,0.0,0.0,0.0,0.0,-0.0061511824357598,0.0115218800746568,0.0185499459418529,SPY
2015-03-13,-0.4923801843710678,0.5476393152048845,-0.6725660760349976,-0.5450692590312503,1.3151089827384452,1.3549645985805872,-0.759231276446369,-1.3479130989539445,0.5349165244350267,1.4162470082138434,0.0,0.0,0.0,0.0,0.0,0.0,0.0,0.0,0.0,0.0,0.0,0.0,0.0,0.0,0.0,0.0,0.0,0.0,0.0,0.0,0.0,0.0,0.0,0.0,0.0,0.0,0.0,0.0,0.0132723855024607,0.0264614306200616,0.0201679186044545,SPY
2015-03-16,0.9928765082802522,0.33277934233212425,-0.3656123799387624,-0.4610951804716657,1.3078154130553332,1.3536749579664042,-0.261155526891516,-0.8790747762360992,0.12362860079406042,-1.4417649723258046,0.0,0.0,0.0,0.0,0.0,0.0,0.0,0.0,0.0,0.0,0.0,0.0,0.0,0.0,0.0,0.0,0.0,0.0,0.0,0.0,0.0,0.0,0.0,0.0,0.0,0.0,0.0,0.0,-0.0029768016024203,0.0112385084672892,0.0088070478582258,SPY
2015-03-17,-0.24964566758519277,0.36882824543423887,-0.01560622012291261,-0.4597903185779378,1.3010567845392678,1.3513641905786267,-0.3521501938597344,-0.9377112675532747,-0.6128058597789471,-0.7272619771908926,0.0,0.0,0.0,0.0,0.0,0.0,0.0,0.0,0.0,0.0,0.0,0.0,0.0,0.0,0.0,0.0,0.0,0.0,0.0,0.0,0.0,0.0,0.0,0.0,0.0,0.0,0.0,0.0,0.0119492274772721,0.0085804819507293,0.0162606961648554,SPY
2015-03-18,0.8916989430359381,0.547991291201709,0.4968955127648756,-0.3919361428338544,1.3015484933733663,1.35171883187279,0.08839599527810643,-0.4795629640619427,2.00578086145448,-0.012758982055980528,0.0,0.0,0.0,0.0,0.0,0.0,0.0,0.0,0.0,0.0,0.0,0.0,0.0,0.0,0.0,0.0,0.0,0.0,0.0,0.0,0.0,0.0,0.0,0.0,0.0,0.0,0.0,0.0,-0.0045717488668959,-0.0181310792852205,0.0040262846484795,SPY
2015-03-19,-0.3716060667519655,0.47331183896501283,1.044461888687657,-0.3829958040586172,1.2994952326731997,1.351202955877644,-0.07763380944144847,-0.512284383170793,-0.12934345869380057,0.7017440130789315,0.0,0.0,0.0,0.0,0.0,0.0,0.0,0.0,0.0,0.0,0.0,0.0,0.0,0.0,0.0,0.0,0.0,0.0,0.0,0.0,0.0,0.0,0.0,0.0,0.0,0.0,0.0,0.0,0.008788368109645,-0.0159432779444408,-0.0029719802658423,SPY
2015-03-20,0.6499983684952609,0.38329251716821977,0.3853458413382505,-0.3648316814942027,1.3077282016491414,1.3513204059960595,0.24946982621133212,-0.43617057193331626,1.089994544009066,1.4162470082138434,0.0,0.0,0.0,0.0,0.0,0.0,0.0,0.0,0.0,0.0,0.0,0.0,0.0,0.0,0.0,0.0,0.0,0.0,0.0,0.0,0.0,0.0,0.0,0.0,0.0,0.0,0.0,0.0,-0.0019505366503116,-0.0224447008064432,-0.0026651099049095,SPY
2015-03-23,-0.17117054430191717,0.20489262714905532,0.95765933926823,-0.3632286104470786,1.3132409136317773,1.3510274028084324,0.17884315585018892,-0.3729361247253198,-1.054827762376595,-1.4417649723258046,0.0,0.0,0.0,0.0,0.0,0.0,0.0,0.0,0.0,0.0,0.0,0.0,0.0,0.0,0.0,0.0,0.0,0.0,0.0,0.0,0.0,0.0,0.0,0.0,0.0,0.0,0.0,0.0,-0.0056348281189801,-0.0083682196571555,-0.001906344531287,SPY
2015-03-24,-0.4528962591099754,0.3528346634018675,0.3744902673814773,-0.3550575142235196,1.3234479495343505,1.3488156197814256,-0.013140078463209477,-0.41399037333044,-0.9634900709282084,-0.7272619771908926,0.0,0.0,0.0,0.0,0.0,0.0,0.0,0.0,0.0,0.0,0.0,0.0,0.0,0.0,0.0,0.0,0.0,0.0,0.0,0.0,0.0,0.0,0.0,0.0,0.0,0.0,0.0,0.0,-0.0147623337586777,-0.0115114036489911,0.0086304723263959,SPY
2015-03-25,-1.1508467531537352,-0.46121503689947907,0.2726649515087088,-0.2750938555326417,1.328107373170963,1.3434936896805825,-0.5152704829896296,-0.8165728254967208,0.7026634946420591,-0.012758982055980528,0.0,0.0,0.0,0.0,0.0,0.0,0.0,0.0,0.0,0.0,0.0,0.0,0.0,0.0,0.0,0.0,0.0,0.0,0.0,0.0,0.0,0.0,0.0,0.0,0.0,0.0,0.0,0.0,-0.0023839475261162,-0.0002915686659301,0.0259057307031822,SPY
2015-03-26,-0.20431205599555238,-1.1843168675248035,-0.7506179778977229,-0.2745497220816706,1.326153193117488,1.3379115602674594,-0.5571359124211755,-0.5280730915061345,0.5452204398646701,0.7017440130789315,0.0,0.0,0.0,0.0,0.0,0.0,0.0,0.0,0.0,0.0,0.0,0.0,0.0,0.0,0.0,0.0,0.0,0.0,0.0,0.0,0.0,0.0,0.0,0.0,0.0,0.0,0.0,0.0,0.0022869452476426,0.0056834393796325,0.0306076388154847,SPY
2015-03-27,0.15285583277481143,-1.0008361514346924,-0.6668063374931418,-0.2721107513347568,1.327925089934407,1.3336107174412635,-0.4378504990726716,-0.5856683370450196,-0.19686773777245686,1.4162470082138434,0.0,0.0,0.0,0.0,0.0,0.0,0.0,0.0,0.0,0.0,0.0,0.0,0.0,0.0,0.0,0.0,0.0,0.0,0.0,0.0,0.0,0.0,0.0,0.0,0.0,0.0,0.0,0.0,0.012125944498976,0.0101067459127586,0.0241538272562227,SPY
2015-03-30,0.9052119155251304,-0.0385695188900871,-0.9158668462658784,-0.22663498404237778,1.3292074395338758,1.3305900552314827,0.03631709208191052,0.2659457236149515,-0.6700707585410915,-1.4417649723258046,0.0,0.0,0.0,0.0,0.0,0.0,0.0,0.0,0.0,0.0,0.0,0.0,0.0,0.0,0.0,0.0,0.0,0.0,0.0,0.0,0.0,0.0,0.0,0.0,0.0,0.0,0.0,0.0,-0.0087780121108158,-0.0046688973885498,0.0152019210686216,SPY
2015-03-31,-0.6932452554919536,0.7803733192437324,-0.3766163420013959,-0.2066499807797366,1.327905674686701,1.3265396752271712,-0.2560594162812459,0.04427914822691019,-0.018155236029103582,-0.7272619771908926,0.0,0.0,0.0,0.0,0.0,0.0,0.0,0.0,0.0,0.0,0.0,0.0,0.0,0.0,0.0,0.0,0.0,0.0,0.0,0.0,0.0,0.0,0.0,0.0,0.0,0.0,0.0,0.0,-0.0035424987756167,0.0074809454738273,0.0198568759684629,SPY
2015-04-01,-0.2929026796427244,0.15586366973736362,-0.497027369062599,-0.20818544092636568,1.3196887016739491,1.3226576989826941,-0.3548597353294033,-0.41907421922598287,0.22013540050978253,-0.012758982055980528,0.0,0.0,0.0,0.0,0.0,0.0,0.0,0.0,0.0,0.0,0.0,0.0,0.0,0.0,0.0,0.0,0.0,0.0,0.0,0.0,0.0,0.0,0.0,0.0,0.0,0.0,0.0,0.0,0.0035910605194464,0.0154368346530864,0.0133284516655196,SPY
2015-04-02,0.2525772609694732,-0.7284681627975658,-0.06721102446527862,-0.20229488022574207,1.3151148387544527,1.3193275427749833,-0.19454969095491828,-0.11186282453016701,-0.8434559413605395,0.7017440130789315,0.0,0.0,0.0,0.0,0.0,0.0,0.0,0.0,0.0,0.0,0.0,0.0,0.0,0.0,0.0,0.0,0.0,0.0,0.0,0.0,0.0,0.0,0.0,0.0,0.0,0.0,0.0,0.0,0.0067102517807686,0.0172879044320044,0.0205204449671896,SPY
2015-04-06,0.4910916117454794,-0.030353840003631893,0.1616832614988675,-0.2583290874503797,1.3095717462323915,1.3206792164851717,0.04362451762436582,-0.31776280233863496,-0.23230960777620127,-1.4417649723258046,0.0,0.0,0.0,0.0,0.0,0.0,0.0,0.0,0.0,0.0,0.0,0.0,0.0,0.0,0.0,0.0,0.0,0.0,0.0,0.0,0.0,0.0,0.0,0.0,0.0,0.0,0.0,0.0,-0.0026496988023323,0.0060444428780774,0.016653482527519,SPY
2015-04-07,-0.22463318663622667,0.5483146038968635,0.3311340108166633,-0.261582187043862,1.3037279924857392,1.3205128666705734,-0.05366465603287518,-0.306496468867483,-0.932689212527236,-0.7272619771908926,0.0,0.0,0.0,0.0,0.0,0.0,0.0,0.0,0.0,0.0,0.0,0.0,0.0,0.0,0.0,0.0,0.0,0.0,0.0,0.0,0.0,0.0,0.0,0.0,0.0,0.0,0.0,0.0,0.0033718307515613,0.0106056564366419,0.0077852211552036,SPY
2015-04-08,0.23581347786765594,0.19608419844316544,-0.2349004275177966,-0.3749273227769418,1.3019234356063845,1.3247351460915133,0.03672641667725542,-0.6304870486669065,-0.7294058431443272,-0.012758982055980528,0.0,0.0,0.0,0.0,0.0,0.0,0.0,0.0,0.0,0.0,0.0,0.0,0.0,0.0,0.0,0.0,0.0,0.0,0.0,0.0,0.0,0.0,0.0,0.0,0.0,0.0,0.0,0.0,0.0044133904036423,0.0117106723892899,0.0002880209554936,SPY
2015-04-09,0.3154581368185393,0.00766267278213251,0.2305432313615824,-0.3754202083414846,1.3086694874437739,1.3304664432773607,0.15371191882419272,-0.2861055258215391,-0.787464818800159,0.7017440130789315,0.0,0.0,0.0,0.0,0.0,0.0,0.0,0.0,0.0,0.0,0.0,0.0,0.0,0.0,0.0,0.0,0.0,0.0,0.0,0.0,0.0,0.0,0.0,0.0,0.0,0.0,0.0,0.0,0.0054421302983644,0.0070120979465437,-0.0001435386105788,SPY
2015-04-10,0.394122510866256,0.40630563375871454,0.5353223310732247,-0.4264467929644188,1.3189172403435596,1.3346339969074605,0.3228400633096981,-0.4180206833397251,-1.0494196199429933,1.4162470082138434,0.0,0.0,0.0,0.0,0.0,0.0,0.0,0.0,0.0,0.0,0.0,0.0,0.0,0.0,0.0,0.0,0.0,0.0,0.0,0.0,0.0,0.0,0.0,0.0,0.0,0.0,0.0,0.0,-0.0045332097731582,-0.0100000461330385,0.0074944486717658,SPY
2015-04-13,-0.3686591083411989,0.5231539868487379,0.6062342515399948,-0.435862778624232,1.3261142840178353,1.3391409254887712,0.11536174951282473,-0.5159980489175605,-0.984564869328592,-1.4417649723258046,0.0,0.0,0.0,0.0,0.0,0.0,0.0,0.0,0.0,0.0,0.0,0.0,0.0,0.0,0.0,0.0,0.0,0.0,0.0,0.0,0.0,0.0,0.0,0.0,0.0,0.0,0.0,0.0,0.001911514756232,0.0036284021106975,0.0072437733611687,SPY
2015-04-14,0.12414789138286272,0.018205078354635112,0.1755128057232425,-0.5110655279310814,1.3287783389783099,1.3411240096136001,0.17031119942776973,-0.21645323763997762,-0.9395449125431106,-0.7272619771908926,0.0,0.0,0.0,0.0,0.0,0.0,0.0,0.0,0.0,0.0,0.0,0.0,0.0,0.0,0.0,0.0,0.0,0.0,0.0,0.0,0.0,0.0,0.0,0.0,0.0,0.0,0.0,0.0,0.0044768467042093,0.0005251160777763,0.0023360684717337,SPY
2015-04-15,0.320310432514562,-0.18106396564879992,0.3502465822564752,-0.5101429546072249,1.337371983517398,1.3447882084146994,0.3075412263714423,0.7031835556550422,-0.3492816945881923,-0.012758982055980528,0.0,0.0,0.0,0.0,0.0,0.0,0.0,0.0,0.0,0.0,0.0,0.0,0.0,0.0,0.0,0.0,0.0,0.0,0.0,0.0,0.0,0.0,0.0,0.0,0.0,0.0,0.0,0.0,-0.0002851840391038,0.0009502581122697,-0.0019500030566081,SPY
2015-04-16,-0.04382647861388348,0.32746643627019817,0.3925782135332227,-0.5780498496597832,1.347405028930917,1.3457007920823896,0.2892099184800672,0.8368842641660906,-1.0592624359615237,0.7017440130789315,0.0,0.0,0.0,0.0,0.0,0.0,0.0,0.0,0.0,0.0,0.0,0.0,0.0,0.0,0.0,0.0,0.0,0.0,0.0,0.0,0.0,0.0,0.0,0.0,0.0,0.0,0.0,0.0,-0.0115700137812178,0.0037483667694822,0.0087084563192973,SPY
2015-04-17,-0.9067404887080066,0.20348407011154382,0.212582331699977,-0.5186895247725581,1.3506491438931867,1.3450325883987717,-0.13704440229633166,0.1005114484351633,1.802461999887807,1.4162470082138434,0.0,0.0,0.0,0.0,0.0,0.0,0.0,0.0,0.0,0.0,0.0,0.0,0.0,0.0,0.0,0.0,0.0,0.0,0.0,0.0,0.0,0.0,0.0,0.0,0.0,0.0,0.0,0.0,0.0090952384705778,0.0176363411368862,0.0213619078736568,SPY
2015-04-20,0.6734637410159764,-0.7022057480033889,-0.4391293550662107,-0.515871340692152,1.3549890805893157,1.344427997769032,0.20704238864862604,-0.00952727232547451,-0.4839123312347089,-1.4417649723258046,0.0,0.0,0.0,0.0,0.0,0.0,0.0,0.0,0.0,0.0,0.0,0.0,0.0,0.0,0.0,0.0,0.0,0.0,0.0,0.0,0.0,0.0,0.0,0.0,0.0,0.0,0.0,0.0,-0.0011917712766891,0.004374236354689,0.0153687528814643,SPY
2015-04-21,-0.11315023861403517,-0.17277177153489343,0.08295762887784978,-0.5169879789196028,1.3599735720675732,1.3439962150316984,0.16602979450959024,0.4018298962290631,-0.9238396053259756,-0.7272619771908926,0.0,0.0,0.0,0.0,0.0,0.0,0.0,0.0,0.0,0.0,0.0,0.0,0.0,0.0,0.0,0.0,0.0,0.0,0.0,0.0,0.0,0.0,0.0,0.0,0.0,0.0,0.0,0.0,0.0049019887387027,0.0087400459427531,0.0162318566187211,SPY
2015-04-22,0.3528196529660838,0.41297947711683974,-0.03592496261514991,-0.5226990895845648,1.3656667986913253,1.3459502871800768,0.3335240191139965,0.7914717572058347,-0.7806577482059928,-0.012758982055980528,0.0,0.0,0.0,0.0,0.0,0.0,0.0,0.0,0.0,0.0,0.0,0.0,0.0,0.0,0.0,0.0,0.0,0.0,0.0,0.0,0.0,0.0,0.0,0.0,0.0,0.0,0.0,0.0,0.0025129246181085,-0.0002850000069241,0.0106255477935741,SPY
2015-04-23,0.17013573590348244,0.17631115246721102,-0.019638359873086406,-0.6554167549792416,1.3705222220046744,1.3517800749898587,0.379271376154901,0.7603377160920312,-0.19855678515603198,0.7017440130789315,0.0,0.0,0.0,0.0,0.0,0.0,0.0,0.0,0.0,0.0,0.0,0.0,0.0,0.0,0.0,0.0,0.0,0.0,0.0,0.0,0.0,0.0,0.0,0.0,0.0,0.0,0.0,0.0,0.0023179605861862,-0.0128688477035927,0.0110205888911316,SPY
2015-04-24,0.15522747424116032,0.38540534594995335,0.08755330886757788,-0.6635907376875506,1.3739813195680555,1.3586678223411603,0.408953230005144,0.6148945689754859,-1.1316786541207386,1.4162470082138434,0.0,0.0,0.0,0.0,0.0,0.0,0.0,0.0,0.0,0.0,0.0,0.0,0.0,0.0,0.0,0.0,0.0,0.0,0.0,0.0,0.0,0.0,0.0,0.0,0.0,0.0,0.0,0.0,-0.0041668663116194,-0.0044037544686625,0.0063112468406174,SPY
2015-04-27,-0.3406460223937465,0.23956198988775693,0.6195823793014043,-0.6457870391354797,1.3775906298373695,1.3640980585542266,0.20725590671070693,0.5087642386933959,-0.6820177198264084,-1.4417649723258046,0.0,0.0,0.0,0.0,0.0,0.0,0.0,0.0,0.0,0.0,0.0,0.0,0.0,0.0,0.0,0.0,0.0,0.0,0.0,0.0,0.0,0.0,0.0,0.0,0.0,0.0,0.0,0.0,0.0031740383113749,0.0026064011840549,-0.0003321279763195,SPY
2015-04-28,0.22068893707900822,-0.13744749665231482,0.11152950617478968,-0.7198339100275518,1.3817800001084786,1.3675419322298772,0.2976683362946523,0.5034245404736699,-0.480505562592782,-0.7272619771908926,0.0,0.0,0.0,0.0,0.0,0.0,0.0,0.0,0.0,0.0,0.0,0.0,0.0,0.0,0.0,0.0,0.0,0.0,0.0,0.0,0.0,0.0,0.0,0.0,0.0,0.0,0.0,0.0,-0.0041230572109745,-0.0120855973019677,0.0059412899286188,SPY
2015-04-29,-0.3372960837965314,-0.0891302024424897,0.2787776271304598,-0.7659598510573459,1.3820808578436732,1.3720114553085347,0.10622789538238363,0.065116919035488,0.5252128976957862,-0.012758982055980528,0.0,0.0,0.0,0.0,0.0,0.0,0.0,0.0,0.0,0.0,0.0,0.0,0.0,0.0,0.0,0.0,0.0,0.0,0.0,0.0,0.0,0.0,0.0,0.0,0.0,0.0,0.0,0.0,-0.01007092307856,-0.0120879095391419,0.0089355672975708,SPY
2015-04-30,-0.7921099272120093,-0.086657603118099,-0.06695938823291621,-0.6995464117219407,1.3779774806130096,1.374991137360973,-0.2924061057790511,-0.7088608886910481,1.400943171899481,0.7017440130789315,0.0,0.0,0.0,0.0,0.0,0.0,0.0,0.0,0.0,0.0,0.0,0.0,0.0,0.0,0.0,0.0,0.0,0.0,0.0,0.0,0.0,0.0,0.0,0.0,0.0,0.0,0.0,0.0,0.0107830538211164,0.0019648443769879,0.0127740662622484,SPY
2015-05-01,0.8025254588898736,-0.8342073610962099,-0.5490291714442813,-0.6438112358860247,1.383928607753855,1.3796117834102237,0.07009703496794913,-0.00666976974331191,-0.05016918268373238,1.4162470082138434,0.0,0.0,0.0,0.0,0.0,0.0,0.0,0.0,0.0,0.0,0.0,0.0,0.0,0.0,0.0,0.0,0.0,0.0,0.0,0.0,0.0,0.0,0.0,0.0,0.0,0.0,0.0,0.0,0.0028432893410981,0.0042619081365806,0.0040256257930391,SPY
2015-05-04,0.19539764542478522,0.00709820155360391,-0.2247431693411948,-0.6615390853410914,1.3870868082799213,1.3833796274478196,0.14523311466673272,0.02998246198523009,-0.8570163471057263,-1.4417649723258046,0.0,0.0,0.0,0.0,0.0,0.0,0.0,0.0,0.0,0.0,0.0,0.0,0.0,0.0,0.0,0.0,0.0,0.0,0.0,0.0,0.0,0.0,0.0,0.0,0.0,0.0,0.0,0.0,-0.0115179601746477,-0.0033652662882728,0.0001892193288774,SPY
2015-05-05,-0.9027601197160282,0.7359803843381909,0.043806188314973196,-0.5833438559980167,1.3855827947187942,1.3851285815652803,-0.2972177868805826,-0.6338787449241733,0.21763988251057412,-0.7272619771908926,0.0,0.0,0.0,0.0,0.0,0.0,0.0,0.0,0.0,0.0,0.0,0.0,0.0,0.0,0.0,0.0,0.0,0.0,0.0,0.0,0.0,0.0,0.0,0.0,0.0,0.0,0.0,0.0,-0.0041253694481486,0.005156503753172,0.0143532744595997,SPY
2015-05-06,-0.3374728930083483,-0.5226958114164068,-0.5190239329502127,-0.5786212908680474,1.3800182825408627,1.3851932610907236,-0.4498531006493623,-0.7636732412226493,0.7443307562510181,-0.012758982055980528,0.0,0.0,0.0,0.0,0.0,0.0,0.0,0.0,0.0,0.0,0.0,0.0,0.0,0.0,0.0,0.0,0.0,0.0,0.0,0.0,0.0,0.0,0.0,0.0,0.0,0.0,0.0,0.0,0.0039818308375698,0.009472648377188,0.0099961784166229,SPY
2015-05-07,0.2824581887232358,-0.9160090901770513,-0.5191125115551171,-0.5805884938129312,1.3750984430514224,1.3851608917037928,-0.3027841628423021,-0.1658057028647015,-0.4308432022450442,0.7017440130789315,0.0,0.0,0.0,0.0,0.0,0.0,0.0,0.0,0.0,0.0,0.0,0.0,0.0,0.0,0.0,0.0,0.0,0.0,0.0,0.0,0.0,0.0,0.0,0.0,0.0,0.0,0.0,0.0,0.0130801175807091,0.0158640928764199,0.0042994884847793,SPY
2015-05-08,0.9781744093418896,-0.0411960440099589,0.019229035256895392,-0.5082893312597184,1.375033948271089,1.3868666932218348,0.16952415380284833,-0.01630572215375081,1.2260180036487929,1.4162470082138434,0.0,0.0,0.0,0.0,0.0,0.0,0.0,0.0,0.0,0.0,0.0,0.0,0.0,0.0,0.0,0.0,0.0,0.0,0.0,0.0,0.0,0.0,0.0,0.0,0.0,0.0,0.0,0.0,-0.0047838850837553,0.0038674130688525,-0.0149492253055489,SPY
2015-05-11,-0.3878274292146348,0.9298870181190193,0.10722636765489399,-0.5070287527286252,1.3746904477347595,1.3885077757154876,-0.022505421656011975,-0.16658095944476242,-0.7489137467614553,-1.4417649723258046,0.0,0.0,0.0,0.0,0.0,0.0,0.0,0.0,0.0,0.0,0.0,0.0,0.0,0.0,0.0,0.0,0.0,0.0,0.0,0.0,0.0,0.0,0.0,0.0,0.0,0.0,0.0,0.0,-0.0029961901332029,0.0117533816309931,-0.0103090802768397,SPY
2015-05-12,-0.251128245101184,0.4351472735040481,-0.1849601249134908,-0.5032012007170812,1.371553706166684,1.3890367258620369,-0.13819120205969376,-0.4658569651764633,0.3260228648316794,-0.7272619771908926,0.0,0.0,0.0,0.0,0.0,0.0,0.0,0.0,0.0,0.0,0.0,0.0,0.0,0.0,0.0,0.0,0.0,0.0,0.0,0.0,0.0,0.0,0.0,0.0,0.0,0.0,0.0,0.0,0.0001907751758674,0.0144209042247638,0.0046088278103955,SPY
2015-05-13,-0.0074314346284781755,-0.47220455538456213,0.1414970871794337,-0.5131719573157811,1.3703721272051042,1.388594159912217,-0.12749108859901276,-0.5616540775111161,-0.300906252528712,-0.012758982055980528,0.0,0.0,0.0,0.0,0.0,0.0,0.0,0.0,0.0,0.0,0.0,0.0,0.0,0.0,0.0,0.0,0.0,0.0,0.0,0.0,0.0,0.0,0.0,0.0,0.0,0.0,0.0,0.0,0.0103732753368017,0.0135258089624521,0.0076364115053975,SPY
2015-05-14,0.7711910388559877,-0.19143317647134653,0.3068426121224226,-0.4623140851835879,1.3784285903562572,1.3905806014475273,0.24313212915356222,-0.251444422587665,-0.2769608336413587,0.7017440130789315,0.0,0.0,0.0,0.0,0.0,0.0,0.0,0.0,0.0,0.0,0.0,0.0,0.0,0.0,0.0,0.0,0.0,0.0,0.0,0.0,0.0,0.0,0.0,0.0,0.0,0.0,0.0,0.0,0.0010834377731416,0.0060604993413164,-0.0104212705961685,SPY
2015-05-15,0.06082755368396882,0.5631436306753669,0.5516900020799378,-0.5375550298996028,1.382123854363896,1.3954279517021408,0.24373465493291283,-0.05140937692327121,-0.7505133591138371,1.4162470082138434,0.0,0.0,0.0,0.0,0.0,0.0,0.0,0.0,0.0,0.0,0.0,0.0,0.0,0.0,0.0,0.0,0.0,0.0,0.0,0.0,0.0,0.0,0.0,0.0,0.0,0.0,0.0,0.0,0.0031020834783852,0.0025856801038468,-0.0157992733481027,SPY
2015-05-18,0.21518678641305022,0.6135257864931718,0.09211380777958779,-0.5702883796652701,1.3859481079322016,1.3989366628990214,0.3311930183457769,-0.05301497244954921,-0.7721117008064833,-1.4417649723258046,0.0,0.0,0.0,0.0,0.0,0.0,0.0,0.0,0.0,0.0,0.0,0.0,0.0,0.0,0.0,0.0,0.0,0.0,0.0,0.0,0.0,0.0,0.0,0.0,0.0,0.0,0.0,0.0,-0.0003286675394322,-0.0113266445030948,-0.0134643287297473,SPY
2015-05-19,-0.04715151962015388,0.20313744681086632,0.3942143454529083,-0.5717277569191987,1.3948211119463727,1.402639610166967,0.2882809788971084,0.1095679417289319,-0.8306823979468415,-0.7272619771908926,0.0,0.0,0.0,0.0,0.0,0.0,0.0,0.0,0.0,0.0,0.0,0.0,0.0,0.0,0.0,0.0,0.0,0.0,0.0,0.0,0.0,0.0,0.0,0.0,0.0,0.0,0.0,0.0,-0.0007043200864442,-0.0015505207473491,-0.0115200036391733,SPY
2015-05-20,-0.07587644087744808,0.12343778189100663,0.4964034428965219,-0.5803884877581131,1.4052195491775417,1.4050686769005165,0.24184638230814962,0.5827086419560958,-0.7163785209918732,-0.012758982055980528,0.0,0.0,0.0,0.0,0.0,0.0,0.0,0.0,0.0,0.0,0.0,0.0,0.0,0.0,0.0,0.0,0.0,0.0,0.0,0.0,0.0,0.0,0.0,0.0,0.0,0.0,0.0,0.0,0.002907965715666,-0.0019749805029274,-0.000470080389479,SPY
2015-05-21,0.20034323618797212,-0.091396824257226,0.4621135826361855,-0.57945672292376,1.4151666408527361,1.4075948912938088,0.3301698756464663,0.3111704614313579,-1.0087886861497035,0.7017440130789315,0.0,0.0,0.0,0.0,0.0,0.0,0.0,0.0,0.0,0.0,0.0,0.0,0.0,0.0,0.0,0.0,0.0,0.0,0.0,0.0,0.0,0.0,0.0,0.0,0.0,0.0,0.0,0.0,-0.0023913814643279,-0.011115370332476,-0.0078270150443744,SPY
2015-05-22,-0.20488050492917786,0.09127976763916693,0.1761279066001241,-0.5770549042828891,1.418110015986174,1.4090415402216632,0.22852115457164424,0.05113302446683679,-1.174169424768609,1.4162470082138434,0.0,0.0,0.0,0.0,0.0,0.0,0.0,0.0,0.0,0.0,0.0,0.0,0.0,0.0,0.0,0.0,0.0,0.0,0.0,0.0,0.0,0.0,0.0,0.0,0.0,0.0,0.0,0.0,-0.0108102411285564,-0.0066893755162409,-0.0003257443183324,SPY
2015-05-26,-0.8486431596875087,-0.0039385034906793915,0.04301239242006039,-0.5237742564099073,1.4183031466080867,1.408965978736367,-0.17378308252287128,0.0864524729658723,0.4573676741286118,-0.7272619771908926,0.0,0.0,0.0,0.0,0.0,0.0,0.0,0.0,0.0,0.0,0.0,0.0,0.0,0.0,0.0,0.0,0.0,0.0,0.0,0.0,0.0,0.0,0.0,0.0,0.0,0.0,0.0,0.0,0.0094474562163133,0.003127748489252,0.0111921168005082,SPY
2015-05-27,0.7003966796906893,-0.7781983827293644,-0.4899495019781042,-0.485186450993959,1.4241468217504976,1.4103262237180185,0.16694124457122703,0.6836678751352956,-0.3059195016283729,-0.012758982055980528,0.0,0.0,0.0,0.0,0.0,0.0,0.0,0.0,0.0,0.0,0.0,0.0,0.0,0.0,0.0,0.0,0.0,0.0,0.0,0.0,0.0,0.0,0.0,0.0,0.0,0.0,0.0,0.0,-0.0011287798420225,-0.0036736127709868,-0.0055445939356166,SPY
2015-05-28,-0.10833348969252637,-0.1100106861135893,-0.11543973571420951,-0.4939898542818933,1.4293888993288806,1.4123666405641793,0.10801621024064192,0.48200615013503684,-0.733672913587696,0.7017440130789315,0.0,0.0,0.0,0.0,0.0,0.0,0.0,0.0,0.0,0.0,0.0,0.0,0.0,0.0,0.0,0.0,0.0,0.0,0.0,0.0,0.0,0.0,0.0,0.0,0.0,0.0,0.0,0.0,-0.0062324241138824,-0.0110272984200898,-0.0074607166410807,SPY
2015-05-29,-0.4985924697008079,0.43641401295141174,-0.131700201295635,-0.5274890142386689,1.4270901182796925,1.4152598989209408,-0.14759525431580536,-0.47109297888750007,0.4771574832428849,1.4162470082138434,0.0,0.0,0.0,0.0,0.0,0.0,0.0,0.0,0.0,0.0,0.0,0.0,0.0,0.0,0.0,0.0,0.0,0.0,0.0,0.0,0.0,0.0,0.0,0.0,0.0,0.0,0.0,0.0,0.0020346133519071,-0.0065097334004811,-0.0014188962831722,SPY
2015-06-01,0.13356083825564893,-0.44856333057417275,-0.4818558810059329,-0.5828071049015388,1.4252209880157627,1.4161775384538262,-0.07951210778366698,-0.08617150196301561,-0.298328218729724,-1.4417649723258046,0.0,0.0,0.0,0.0,0.0,0.0,0.0,0.0,0.0,0.0,0.0,0.0,0.0,0.0,0.0,0.0,0.0,0.0,0.0,0.0,0.0,0.0,0.0,0.0,0.0,0.0,0.0,0.0,-0.0009931171230634,-0.0147129429620074,-0.0246470960160074,SPY
2015-06-02,-0.09795980541792977,-0.27002043060703623,-0.3123021472840975,-0.5862454149657782,1.42148264888366,1.4162207108027172,-0.11675489283669467,0.04233514980535459,-0.3171700500762694,-0.7272619771908926,0.0,0.0,0.0,0.0,0.0,0.0,0.0,0.0,0.0,0.0,0.0,0.0,0.0,0.0,0.0,0.0,0.0,0.0,0.0,0.0,0.0,0.0,0.0,0.0,0.0,0.0,0.0,0.0,0.0026460949560744,-0.01386356589399,-0.0215624464170511,SPY
2015-06-03,0.18031883595778753,0.025687692478622112,0.06377828178370859,-0.6644307556961152,1.419097914096148,1.4194810921208434,-0.04495032027924618,0.1647462656647249,-0.4106095048676589,-0.012758982055980528,0.0,0.0,0.0,0.0,0.0,0.0,0.0,0.0,0.0,0.0,0.0,0.0,0.0,0.0,0.0,0.0,0.0,0.0,0.0,0.0,0.0,0.0,0.0,0.0,0.0,0.0,0.0,0.0,-0.0084824654911255,-0.0045879428960322,-0.0162248334359134,SPY
2015-06-04,-0.6706457724164612,0.060199905217173215,-0.1967724517676434,-0.6288258125778873,1.4131897441734036,1.4217374694588278,-0.3773775570846958,-0.9274274477609254,1.2263545386309649,0.7017440130789315,0.0,0.0,0.0,0.0,0.0,0.0,0.0,0.0,0.0,0.0,0.0,0.0,0.0,0.0,0.0,0.0,0.0,0.0,0.0,0.0,0.0,0.0,0.0,0.0,0.0,0.0,0.0,0.0,-0.0017148590942737,0.0071128814659626,-0.0086589136413275,SPY
2015-06-05,-0.15314905265185808,-0.36250125601179933,-0.4784819679759567,-0.633950117912509,1.4051761596361103,1.42270906455309,-0.4483694738079594,-1.0834541925159935,0.4498894510378327,1.4162470082138434,0.0,0.0,0.0,0.0,0.0,0.0,0.0,0.0,0.0,0.0,0.0,0.0,0.0,0.0,0.0,0.0,0.0,0.0,0.0,0.0,0.0,0.0,0.0,0.0,0.0,0.0,0.0,0.0,-0.0061685962096191,0.001143333795472,-0.0097940254155766,SPY
2015-06-08,-0.4937117586858954,-0.6086348647793413,-0.3054203065397213,-0.7222800599425862,1.395486693363162,1.4193191266893437,-0.6475151394779691,-1.5535189300911687,-0.3799320835580306,-1.4417649723258046,0.0,0.0,0.0,0.0,0.0,0.0,0.0,0.0,0.0,0.0,0.0,0.0,0.0,0.0,0.0,0.0,0.0,0.0,0.0,0.0,0.0,0.0,0.0,0.0,0.0,0.0,0.0,0.0,-0.0001437400550461,0.0030173650262987,0.0026436565136238,SPY
2015-06-09,-0.03301071991161218,-0.47803935978243434,-0.6196739076866332,-0.7335263757401806,1.3906528862162875,1.4169871681165893,-0.6340842584115741,-1.5471173794081734,0.052029127162791115,-0.7272619771908926,0.0,0.0,0.0,0.0,0.0,0.0,0.0,0.0,0.0,0.0,0.0,0.0,0.0,0.0,0.0,0.0,0.0,0.0,0.0,0.0,0.0,0.0,0.0,0.0,0.0,0.0,0.0,0.0,0.0119217179540322,0.0085981331780855,-0.0141321660984496,SPY
2015-06-10,0.889595379795978,-0.38936491046151545,-0.587135448153922,-0.6473751795746266,1.3868931667304367,1.4180343641950948,-0.20350055622485497,-0.7687457383119194,0.8227995721610866,-0.012758982055980528,0.0,0.0,0.0,0.0,0.0,0.0,0.0,0.0,0.0,0.0,0.0,0.0,0.0,0.0,0.0,0.0,0.0,0.0,0.0,0.0,0.0,0.0,0.0,0.0,0.0,0.0,0.0,0.0,0.0032183588708694,-0.001707927224805,-0.0242464159044075,SPY
2015-06-11,0.22407798526112543,0.6316580715354113,-0.2317991729890822,-0.6423815718304559,1.3851099116005885,1.4197724363527027,-0.09823366850537738,-0.7538950347187389,-0.7469030509437508,0.7017440130789315,0.0,0.0,0.0,0.0,0.0,0.0,0.0,0.0,0.0,0.0,0.0,0.0,0.0,0.0,0.0,0.0,0.0,0.0,0.0,0.0,0.0,0.0,0.0,0.0,0.0,0.0,0.0,0.0,-0.0076844067647643,0.0054193170675755,-0.0149518499874021,SPY
2015-06-12,-0.6096208325996958,0.8214159850825649,0.216443208796448,-0.6730102684907634,1.382682140990733,1.4173973251805305,-0.363416794995804,-0.9484544949590853,0.9955977081271048,1.4162470082138434,0.0,0.0,0.0,0.0,0.0,0.0,0.0,0.0,0.0,0.0,0.0,0.0,0.0,0.0,0.0,0.0,0.0,0.0,0.0,0.0,0.0,0.0,0.0,0.0,0.0,0.0,0.0,0.0,-0.0042945649787924,0.0086547548931106,0.0037093060083828,SPY
2015-06-15,-0.3504107216840421,-0.28515981811779306,-0.012241897758453609,-0.6667807382341957,1.3773969882878854,1.4138022692858665,-0.4925300446403635,-0.6999155505720551,0.6707755155753924,-1.4417649723258046,0.0,0.0,0.0,0.0,0.0,0.0,0.0,0.0,0.0,0.0,0.0,0.0,0.0,0.0,0.0,0.0,0.0,0.0,0.0,0.0,0.0,0.0,0.0,0.0,0.0,0.0,0.0,0.0,0.0054370280967406,0.0180592091336171,0.0123323666131049,SPY
2015-06-16,0.3937323622008249,-0.7091915868921842,0.05954964414133589,-0.6527352759333139,1.3750122928024944,1.410725419824212,-0.2672214582068783,-0.9265853308779771,-0.4430885457045893,-0.7272619771908926,0.0,0.0,0.0,0.0,0.0,0.0,0.0,0.0,0.0,0.0,0.0,0.0,0.0,0.0,0.0,0.0,0.0,0.0,0.0,0.0,0.0,0.0,0.0,0.0,0.0,0.0,0.0,0.0,0.0016156575511416,0.0133298010271607,0.0065632079110544,SPY
2015-06-17,0.10152465885795883,0.031386295237194814,0.2733411455910061,-0.6498027926432017,1.3721548321052603,1.4080911955607982,-0.18601685465075418,-0.786031327654177,0.7966286005046027,-0.012758982055980528,0.0,0.0,0.0,0.0,0.0,0.0,0.0,0.0,0.0,0.0,0.0,0.0,0.0,0.0,0.0,0.0,0.0,0.0,0.0,0.0,0.0,0.0,0.0,0.0,0.0,0.0,0.0,0.0,0.01034560316325,0.0044248889562075,0.0129395055931249,SPY
2015-06-18,0.769075038278823,0.36496110091435735,-0.12146975993989362,-0.5853649204289761,1.3778480587290123,1.4079831856906766,0.20026111979388134,0.01418215175463669,1.889614956499432,0.7017440130789315,0.0,0.0,0.0,0.0,0.0,0.0,0.0,0.0,0.0,0.0,0.0,0.0,0.0,0.0,0.0,0.0,0.0,0.0,0.0,0.0,0.0,0.0,0.0,0.0,0.0,0.0,0.0,0.0,-0.0044489689392293,-0.0089656167545291,0.0034413645024127,SPY
2015-06-19,-0.3622174873792116,0.6420026108862109,0.1515651013952363,-0.5808435116227622,1.3822855039869988,1.4061861613549165,0.04874580285512312,-0.29060644769351757,0.873674129801532,1.4162470082138434,0.0,0.0,0.0,0.0,0.0,0.0,0.0,0.0,0.0,0.0,0.0,0.0,0.0,0.0,0.0,0.0,0.0,0.0,0.0,0.0,0.0,0.0,0.0,0.0,0.0,0.0,0.0,0.0,0.005109889261714,-0.0047072515712738,0.0084081257427817,SPY
2015-06-22,0.3687171257779987,0.29971319745314307,0.2755102451021542,-0.5681774329116719,1.3918259366176406,1.4061112713517165,0.24041813678110213,-0.03424759871192151,-0.913867834681398,-1.4417649723258046,0.0,0.0,0.0,0.0,0.0,0.0,0.0,0.0,0.0,0.0,0.0,0.0,0.0,0.0,0.0,0.0,0.0,0.0,0.0,0.0,0.0,0.0,0.0,0.0,0.0,0.0,0.0,0.0,0.0007076199902842,-0.0310107272139159,-0.0006608343486549,SPY
2015-06-23,0.03208999738217472,0.004207869448931011,0.6357818668051394,-0.6366937674774464,1.4017545562960303,1.4086714350898135,0.24587882233567782,-0.1099814892107716,-0.9498113574890968,-0.7272619771908926,0.0,0.0,0.0,0.0,0.0,0.0,0.0,0.0,0.0,0.0,0.0,0.0,0.0,0.0,0.0,0.0,0.0,0.0,0.0,0.0,0.0,0.0,0.0,0.0,0.0,0.0,0.0,0.0,-0.0072892545198115,-0.0296268147283074,-0.0031647703658048,SPY
2015-06-24,-0.5794048332375255,0.29524735931711665,0.454604790003655,-0.6552343703630241,1.402987581733818,1.4074017611932566,-0.016037403094538476,-0.05534942257282891,-0.21766509725608776,-0.012758982055980528,0.0,0.0,0.0,0.0,0.0,0.0,0.0,0.0,0.0,0.0,0.0,0.0,0.0,0.0,0.0,0.0,0.0,0.0,0.0,0.0,0.0,0.0,0.0,0.0,0.0,0.0,0.0,0.0,-0.0030449025474865,-0.0143538522712836,-0.0015212923452505,SPY
2015-06-25,-0.2548531240503062,-0.40456418864699156,0.11346993721160048,-0.6512091782532848,1.4013780419781774,1.4056968681509903,-0.11532945338654538,-0.1189419911445128,-0.056068997311978085,0.7017440130789315,0.0,0.0,0.0,0.0,0.0,0.0,0.0,0.0,0.0,0.0,0.0,0.0,0.0,0.0,0.0,0.0,0.0,0.0,0.0,0.0,0.0,0.0,0.0,0.0,0.0,0.0,0.0,0.0,-0.000190603755974,-0.0122254954203366,-0.008902652163071,SPY
2015-06-26,-0.036594233798811576,-0.6163577327980277,-0.399501797719223,-0.6730022521594263,1.4031626333801352,1.4053736680185078,-0.11977112755887437,0.181501477386399,0.18115950862158353,1.4162470082138434,0.0,0.0,0.0,0.0,0.0,0.0,0.0,0.0,0.0,0.0,0.0,0.0,0.0,0.0,0.0,0.0,0.0,0.0,0.0,0.0,0.0,0.0,0.0,0.0,0.0,0.0,0.0,0.0,-0.021193586380928,-0.0148848625328854,-0.0145465710215244,SPY
2015-06-29,-1.6426236002144987,-0.21570766638783254,-0.2363697231574683,-0.4521328847738984,1.3973816058183774,1.3998128680366762,-0.8538753009296189,-0.6919681437167086,2.911714518880476,-1.4417649723258046,0.0,0.0,0.0,0.0,0.0,0.0,0.0,0.0,0.0,0.0,0.0,0.0,0.0,0.0,0.0,0.0,0.0,0.0,0.0,0.0,0.0,0.0,0.0,0.0,0.0,0.0,0.0,0.0,0.0020915324758927,0.0125778095676238,0.0188555850015514,SPY
2015-06-30,0.13791325744600322,-1.2400250507797723,-1.24401945846941,-0.4471906530310264,1.3900798219920063,1.3949453733191763,-0.7386125869712232,-1.1324379187810916,2.204201290741535,-0.7272619771908926,0.0,0.0,0.0,0.0,0.0,0.0,0.0,0.0,0.0,0.0,0.0,0.0,0.0,0.0,0.0,0.0,0.0,0.0,0.0,0.0,0.0,0.0,0.0,0.0,0.0,0.0,0.0,0.0,0.0079837079372122,-0.0064332855753885,0.0236194743770523,SPY
2015-07-01,0.5884686376951807,-1.1112205690165013,-1.1910036871407876,-0.4163571864067867,1.3856098345779464,1.3912633012446336,-0.4161401853514008,-0.9108313080494337,0.9066068378807656,-0.012758982055980528,0.0,0.0,0.0,0.0,0.0,0.0,0.0,0.0,0.0,0.0,0.0,0.0,0.0,0.0,0.0,0.0,0.0,0.0,0.0,0.0,0.0,0.0,0.0,0.0,0.0,0.0,0.0,0.0,-0.0009165456965396,-0.0126095253645264,0.01587317921346,SPY
2015-07-02,-0.09210463894840867,0.5355550359736807,-0.6059176404778153,-0.444791625633423,1.3760244403210395,1.3893074713931213,-0.4340208917753821,-0.6804824993500711,0.05011047470773451,0.7017440130789315,0.0,0.0,0.0,0.0,0.0,0.0,0.0,0.0,0.0,0.0,0.0,0.0,0.0,0.0,0.0,0.0,0.0,0.0,0.0,0.0,0.0,0.0,0.0,0.0,0.0,0.0,0.0,0.0,-0.0028499708685227,0.000819945119888,0.0152703979678232,SPY
2015-07-06,-0.23994733631287207,0.36577816433327837,-0.5243832361791947,-0.4428602053295572,1.3671946293376946,1.3871002899934208,-0.5209194966906758,-0.6253879878116941,0.4021160932894315,-1.4417649723258046,0.0,0.0,0.0,0.0,0.0,0.0,0.0,0.0,0.0,0.0,0.0,0.0,0.0,0.0,0.0,0.0,0.0,0.0,0.0,0.0,0.0,0.0,0.0,0.0,0.0,0.0,0.0,0.0,0.0062690857195812,0.0146466652194314,0.0147417773993732,SPY
2015-07-07,0.4573570863980606,-0.24567805141636462,-0.6262599084282736,-0.4402052287111241,1.3588398630892031,1.3876960921074895,-0.2948222316513691,-0.5893255994253397,1.8117428244774365,-0.7272619771908926,0.0,0.0,0.0,0.0,0.0,0.0,0.0,0.0,0.0,0.0,0.0,0.0,0.0,0.0,0.0,0.0,0.0,0.0,0.0,0.0,0.0,0.0,0.0,0.0,0.0,0.0,0.0,0.0,-0.0169195626671196,0.0127060751257799,0.0065168211686712,SPY
2015-07-08,-1.3158029900323125,0.15988123017754333,0.4257970383036942,-0.3190217407288013,1.3426268342850616,1.384538151307982,-0.8894381254077994,-1.1840502011677967,1.4915423570680906,-0.012758982055980528,0.0,0.0,0.0,0.0,0.0,0.0,0.0,0.0,0.0,0.0,0.0,0.0,0.0,0.0,0.0,0.0,0.0,0.0,0.0,0.0,0.0,0.0,0.0,0.0,0.0,0.0,0.0,0.0,0.0018074681480744,0.0292935071875897,0.0267260823507964,SPY
2015-07-09,0.11619178766364553,-0.6342109256428927,-0.3024916962006812,-0.38660302363533683,1.3305372660953447,1.3790826950173607,-0.7797800903562565,-1.606958811117272,0.9465599809386436,0.7017440130789315,0.0,0.0,0.0,0.0,0.0,0.0,0.0,0.0,0.0,0.0,0.0,0.0,0.0,0.0,0.0,0.0,0.0,0.0,0.0,0.0,0.0,0.0,0.0,0.0,0.0,0.0,0.0,0.0,0.0125129247878748,0.0354779942727274,0.0166972295111023,SPY
2015-07-10,0.934803032143828,-0.8860260149873822,-0.5390948916604718,-0.3164744819631504,1.325399221230881,1.3756920066736242,-0.2929495862492661,-0.9050561029934767,0.5550499699808714,1.4162470082138434,0.0,0.0,0.0,0.0,0.0,0.0,0.0,0.0,0.0,0.0,0.0,0.0,0.0,0.0,0.0,0.0,0.0,0.0,0.0,0.0,0.0,0.0,0.0,0.0,0.0,0.0,0.0,0.0,0.0109767492310206,0.0238125315573904,0.0022626163211034,SPY
2015-07-13,0.8173367131769894,0.7751527703577082,-0.024630470195885507,-0.28717217081750523,1.3252913369091162,1.3765345587085747,0.10794449176020453,-0.6804042016328316,-0.06236313865264509,-1.4417649723258046,0.0,0.0,0.0,0.0,0.0,0.0,0.0,0.0,0.0,0.0,0.0,0.0,0.0,0.0,0.0,0.0,0.0,0.0,0.0,0.0,0.0,0.0,0.0,0.0,0.0,0.0,0.0,0.0,0.0043284956259297,0.0133535746275095,0.0038061807418543,SPY
2015-07-14,0.3089665109149034,1.2926698587501675,0.5050520340413277,-0.2898385738961124,1.336647055898108,1.3793358635171031,0.24676753099825233,-0.5529219526960094,-0.6780172435104884,-0.7272619771908926,0.0,0.0,0.0,0.0,0.0,0.0,0.0,0.0,0.0,0.0,0.0,0.0,0.0,0.0,0.0,0.0,0.0,0.0,0.0,0.0,0.0,0.0,0.0,0.0,0.0,0.0,0.0,0.0,-0.0003321306053098,0.0050660081718572,-0.0095864707011115,SPY
2015-07-15,-0.04741632893779098,0.8307381204024519,0.4307107142559362,-0.2995534207840498,1.3469232242312759,1.3808305036653628,0.22194916761433464,-0.3290372839543659,-0.24092396081108466,-0.012758982055980528,0.0,0.0,0.0,0.0,0.0,0.0,0.0,0.0,0.0,0.0,0.0,0.0,0.0,0.0,0.0,0.0,0.0,0.0,0.0,0.0,0.0,0.0,0.0,0.0,0.0,0.0,0.0,0.0,0.0079919552332121,0.0036018227503014,-0.0080570386065312,SPY
2015-07-16,0.5890992814378281,0.19246141005457132,1.0661522716252938,-0.2773965255922541,1.357285542813373,1.3837914237180546,0.4979111690490245,0.03022419565071709,-0.018399017227279782,0.7017440130789315,0.0,0.0,0.0,0.0,0.0,0.0,0.0,0.0,0.0,0.0,0.0,0.0,0.0,0.0,0.0,0.0,0.0,0.0,0.0,0.0,0.0,0.0,0.0,0.0,0.0,0.0,0.0,0.0,0.0008474620725378,-0.0100359089821679,-0.0172939310487283,SPY
2015-07-17,0.04278326389438712,0.39922821458958874,1.3030714095766447,-0.31737731577641953,1.3684468342104623,1.3845833183536884,0.523311473601594,0.06137601083621809,-0.5099316310209306,1.4162470082138434,0.0,0.0,0.0,0.0,0.0,0.0,0.0,0.0,0.0,0.0,0.0,0.0,0.0,0.0,0.0,0.0,0.0,0.0,0.0,0.0,0.0,0.0,0.0,0.0,0.0,0.0,0.0,0.0,0.0005177923011396,-0.0213096334200129,-0.0145056233811811,SPY
2015-07-20,0.017574495047623623,0.46580479377900735,0.8561836835171874,-0.3267001305780103,1.3811194100610384,1.3865143231171146,0.5267823478594158,1.05172973485675,-0.9962823252440915,-1.4417649723258046,0.0,0.0,0.0,0.0,0.0,0.0,0.0,0.0,0.0,0.0,0.0,0.0,0.0,0.0,0.0,0.0,0.0,0.0,0.0,0.0,0.0,0.0,0.0,0.0,0.0,0.0,0.0,0.0,-0.0039590708297225,-0.02766194833558,-0.0094522972250148,SPY
2015-07-21,-0.3247565817321893,0.043960703300529216,0.4555155237190141,-0.3295892549852059,1.3891719823022268,1.3863624694160046,0.378795641992422,0.7749479000268827,-0.8069980074273753,-0.7272619771908926,0.0,0.0,0.0,0.0,0.0,0.0,0.0,0.0,0.0,0.0,0.0,0.0,0.0,0.0,0.0,0.0,0.0,0.0,0.0,0.0,0.0,0.0,0.0,0.0,0.0,0.0,0.0,0.0,-0.0017963160268656,-0.0114943078637095,-0.0083941960408315,SPY
2015-07-22,-0.15937779778662298,-0.22732151504772263,0.1380303267483168,-0.32865075532747984,1.4039385751523032,1.3856356295458097,0.3172921896496965,0.4512586677709437,-0.5184998448477804,-0.012758982055980528,0.0,0.0,0.0,0.0,0.0,0.0,0.0,0.0,0.0,0.0,0.0,0.0,0.0,0.0,0.0,0.0,0.0,0.0,0.0,0.0,0.0,0.0,0.0,0.0,0.0,0.0,0.0,0.0,-0.0056457764992572,-0.0028425699854501,-0.0145346396205416,SPY
2015-07-23,-0.4537334459302329,-0.35793051190370045,0.08193941037958899,-0.337400186460186,1.415337329963638,1.3852884930515441,0.10867983217036613,0.20799013039283648,-0.4698590756763822,0.7017440130789315,0.0,0.0,0.0,0.0,0.0,0.0,0.0,0.0,0.0,0.0,0.0,0.0,0.0,0.0,0.0,0.0,0.0,0.0,0.0,0.0,0.0,0.0,0.0,0.0,0.0,0.0,0.0,0.0,-0.010426262365307,0.003040619287427,-0.0299914849115578,SPY
2015-07-24,-0.8192815599152068,-0.45312870674322203,-0.4405032111650674,-0.297896036801316,1.4164598378375626,1.3832706696029737,-0.2622987921043705,-0.1218641357784366,0.2878506384839719,1.4162470082138434,0.0,0.0,0.0,0.0,0.0,0.0,0.0,0.0,0.0,0.0,0.0,0.0,0.0,0.0,0.0,0.0,0.0,0.0,0.0,0.0,0.0,0.0,0.0,0.0,0.0,0.0,0.0,0.0,-0.0058345226144274,0.0119475547105576,-0.0501300054929343,SPY
2015-07-27,-0.4681662438415193,-0.9402055736919153,-0.8723839861664507,-0.2868330347259198,1.4100261985589007,1.3799835277483672,-0.4507588711329583,-0.5644560823312,0.7184982230498094,-1.4417649723258046,0.0,0.0,0.0,0.0,0.0,0.0,0.0,0.0,0.0,0.0,0.0,0.0,0.0,0.0,0.0,0.0,0.0,0.0,0.0,0.0,0.0,0.0,0.0,0.0,0.0,0.0,0.0,0.0,0.0122085696421478,0.0144034858880122,-0.0873144748310057,SPY
2015-07-28,0.9115299899009356,-0.9508584633879125,-1.1157323759477769,-0.41800909732328273,1.4071117890885383,1.384225319649044,-0.03365381730876728,0.5503278916092198,0.4594418444951857,-0.7272619771908926,0.0,0.0,0.0,0.0,0.0,0.0,0.0,0.0,0.0,0.0,0.0,0.0,0.0,0.0,0.0,0.0,0.0,0.0,0.0,0.0,0.0,0.0,0.0,0.0,0.0,0.0,0.0,0.0,0.0068554218513936,0.0002390457347436,-0.1113606334968517,SPY
2015-07-29,0.5021922920970111,0.32665852521624006,-0.4963724531971829,-0.403326885042062,1.4074571368245479,1.3895626740886262,0.17825622903243302,0.6836749689303129,-0.05779235278902139,-0.012758982055980528,0.0,0.0,0.0,0.0,0.0,0.0,0.0,0.0,0.0,0.0,0.0,0.0,0.0,0.0,0.0,0.0,0.0,0.0,0.0,0.0,0.0,0.0,0.0,0.0,0.0,0.0,0.0,0.0,0.0002374127736199,-0.0033266776016445,-0.0805408401622154,SPY
2015-07-30,-0.003865210111365776,1.04288295463504,-0.1649363532133749,-0.425262432186073,1.4042621888154765,1.3931643065579384,0.15745686596753083,0.337844008332144,-0.4589674866794492,0.7017440130789315,0.0,0.0,0.0,0.0,0.0,0.0,0.0,0.0,0.0,0.0,0.0,0.0,0.0,0.0,0.0,0.0,0.0,0.0,0.0,0.0,0.0,0.0,0.0,0.0,0.0,0.0,0.0,0.0,-0.0015193269421764,-0.0117854750668842,-0.0563442124259818,SPY
2015-07-31,-0.13819734869845776,0.36722712172438243,0.060440482690170896,-0.4241597653073677,1.3999876901505817,1.3966249475365196,0.07223744853864103,-0.17483558995856502,-0.10462754771936039,1.4162470082138434,0.0,0.0,0.0,0.0,0.0,0.0,0.0,0.0,0.0,0.0,0.0,0.0,0.0,0.0,0.0,0.0,0.0,0.0,0.0,0.0,0.0,0.0,0.0,0.0,0.0,0.0,0.0,0.0,-0.0033785914369728,-0.0121878365268317,-0.0547746397088708,SPY
2015-08-03,-0.2803692217080221,-0.1054463160795348,0.401652847302857,-0.4222907919345069,1.3939428274514816,1.3999553999863323,-0.08086322771417077,-0.5601524200742072,0.18955062626967492,-1.4417649723258046,0.0,0.0,0.0,0.0,0.0,0.0,0.0,0.0,0.0,0.0,0.0,0.0,0.0,0.0,0.0,0.0,0.0,0.0,0.0,0.0,0.0,0.0,0.0,0.0,0.0,0.0,0.0,0.0,-0.0019558705111206,0.0037110685619126,-0.0595079962607787,SPY
2015-08-04,-0.17157840718732706,-0.30953472320246544,0.4957361705308551,-0.4345843678027148,1.3888264380556132,1.40143084364643,-0.16550923129021097,-0.6340157397871594,-0.7074743012083611,-0.7272619771908926,0.0,0.0,0.0,0.0,0.0,0.0,0.0,0.0,0.0,0.0,0.0,0.0,0.0,0.0,0.0,0.0,0.0,0.0,0.0,0.0,0.0,0.0,0.0,0.0,0.0,0.0,0.0,0.0,0.0032896985150054,-0.0033972167440028,-0.0878543113387673,SPY
2015-08-05,0.22953309444813844,-0.33417337859025137,-0.04688392139891551,-0.5899498257389663,1.3860199522091359,1.4074408454011496,-0.09240331607375298,-0.9098532280764805,-0.599815262651267,-0.012758982055980528,0.0,0.0,0.0,0.0,0.0,0.0,0.0,0.0,0.0,0.0,0.0,0.0,0.0,0.0,0.0,0.0,0.0,0.0,0.0,0.0,0.0,0.0,0.0,0.0,0.0,0.0,0.0,0.0,-0.0082213846916197,-0.005489613769738,-0.0723410683788232,SPY
2015-08-06,-0.6506817778495458,0.04218698917324491,-0.1834818457539106,-0.5438641944100084,1.3820692637180192,1.411183528609612,-0.426845820962388,-1.273010622944159,0.2863711493612783,0.7017440130789315,0.0,0.0,0.0,0.0,0.0,0.0,0.0,0.0,0.0,0.0,0.0,0.0,0.0,0.0,0.0,0.0,0.0,0.0,0.0,0.0,0.0,0.0,0.0,0.0,0.0,0.0,0.0,0.0,-0.001921688402124,0.0014868337128968,-0.0634034244277366,SPY
2015-08-07,-0.16896461314507827,-0.31144058823892545,-0.5075266656365026,-0.6197077785075957,1.3819613793962544,1.4116933810153662,-0.501640062673958,-1.3659493553896038,0.3286294630475066,1.4162470082138434,0.0,0.0,0.0,0.0,0.0,0.0,0.0,0.0,0.0,0.0,0.0,0.0,0.0,0.0,0.0,0.0,0.0,0.0,0.0,0.0,0.0,0.0,0.0,0.0,0.0,0.0,0.0,0.0,0.0125203136517715,0.0070442918551059,-0.0767340665335885,SPY
2015-08-10,0.935368034392054,-0.605572893644579,-0.5229405761068947,-0.5995239306168363,1.3901219931676911,1.4125611926268176,-0.045785665927619776,-0.5770481238926709,-0.7596704267426363,-1.4417649723258046,0.0,0.0,0.0,0.0,0.0,0.0,0.0,0.0,0.0,0.0,0.0,0.0,0.0,0.0,0.0,0.0,0.0,0.0,0.0,0.0,0.0,0.0,0.0,0.0,0.0,0.0,0.0,0.0,-0.0090641558170361,9.509666064033696e-05,-0.064433834624765,SPY
2015-08-11,-0.7151257285376638,0.5650950396300148,0.08612446617409789,-0.5670176205379145,1.388697016171616,1.4103806335172846,-0.363811297351649,-0.8273445243929959,0.552827687301688,-0.7272619771908926,0.0,0.0,0.0,0.0,0.0,0.0,0.0,0.0,0.0,0.0,0.0,0.0,0.0,0.0,0.0,0.0,0.0,0.0,0.0,0.0,0.0,0.0,0.0,0.0,0.0,0.0,0.0,0.0,0.0011973014892703,0.0062582828321371,-0.0688318591125787,SPY
2015-08-12,0.06953433953135812,0.16197194774682944,-0.1861841026378352,-0.5655881723099206,1.3847030167433099,1.4085471714030688,-0.3047698519785786,-0.5839803263874354,1.8082688226094763,-0.012758982055980528,0.0,0.0,0.0,0.0,0.0,0.0,0.0,0.0,0.0,0.0,0.0,0.0,0.0,0.0,0.0,0.0,0.0,0.0,0.0,0.0,0.0,0.0,0.0,0.0,0.0,0.0,0.0,0.0,-0.0012449372089848,-0.0028757782637089,-0.064602238792256,SPY
2015-08-13,-0.11721566351508297,-0.47710239550442257,-0.2663409358181436,-0.6061233802109074,1.380039820103095,1.4045984221889656,-0.318731819794619,-0.20643814657542953,-0.5677720778013543,0.7017440130789315,0.0,0.0,0.0,0.0,0.0,0.0,0.0,0.0,0.0,0.0,0.0,0.0,0.0,0.0,0.0,0.0,0.0,0.0,0.0,0.0,0.0,0.0,0.0,0.0,0.0,0.0,0.0,0.0,0.003635769740085,-0.0227334628449975,-0.0588232807887827,SPY
2015-08-14,0.2559960287977071,-0.0357832548938316,0.0009171085103469916,-0.5966731877504771,1.3777083789914706,1.4012789109474268,-0.15719090979818168,0.23100226686797568,-1.041233088664247,1.4162470082138434,0.0,0.0,0.0,0.0,0.0,0.0,0.0,0.0,0.0,0.0,0.0,0.0,0.0,0.0,0.0,0.0,0.0,0.0,0.0,0.0,0.0,0.0,0.0,0.0,0.0,0.0,0.0,0.0,0.0055711184573059,-0.0569340155317661,-0.066176157141343,SPY
2015-08-17,0.403985813373292,0.10184465484994663,0.2138156357652681,-0.5764930601866631,1.3794355106927283,1.3991092337977464,0.06780177528436433,-0.04022487883054681,-0.8758056198113624,-1.4417649723258046,0.0,0.0,0.0,0.0,0.0,0.0,0.0,0.0,0.0,0.0,0.0,0.0,0.0,0.0,0.0,0.0,0.0,0.0,0.0,0.0,0.0,0.0,0.0,0.0,0.0,0.0,0.0,0.0,-0.0029009696455393,-0.1055241259415709,-0.0593255456340378,SPY
2015-08-18,-0.24384704593995296,0.48654496568460875,-0.052398411133625804,-0.5799188096840693,1.380730633481477,1.3971890319962796,-0.024568903691693775,-0.5527895982151592,-1.109520903030934,-0.7272619771908926,0.0,0.0,0.0,0.0,0.0,0.0,0.0,0.0,0.0,0.0,0.0,0.0,0.0,0.0,0.0,0.0,0.0,0.0,0.0,0.0,0.0,0.0,0.0,0.0,0.0,0.0,0.0,0.0,-0.0079367596065758,-0.1144607453197297,-0.0477950697084557,SPY
2015-08-19,-0.6289174287967613,0.11760935297660632,0.1837047183067663,-0.5517325959815547,1.3769526385094257,1.3938803039672272,-0.2919131555583389,-0.9204574298959705,1.7798469938320554,-0.012758982055980528,0.0,0.0,0.0,0.0,0.0,0.0,0.0,0.0,0.0,0.0,0.0,0.0,0.0,0.0,0.0,0.0,0.0,0.0,0.0,0.0,0.0,0.0,0.0,0.0,0.0,0.0,0.0,0.0,-0.0211026217902734,-0.0688487705271239,-0.0421088589735827,SPY
2015-08-20,-1.6356678355736378,-0.6447795042023992,-0.1662085163773713,-0.3713552955579014,1.367496705438636,1.387143422843365,-1.0098127551217664,-1.5001198242970208,2.223997393382497,0.7017440130789315,0.0,0.0,0.0,0.0,0.0,0.0,0.0,0.0,0.0,0.0,0.0,0.0,0.0,0.0,0.0,0.0,0.0,0.0,0.0,0.0,0.0,0.0,0.0,0.0,0.0,0.0,0.0,0.0,-0.0305647829466835,-0.0233121082269969,-0.0374828555563322,SPY
2015-08-21,-2.359208342096612,-1.6720864366286108,-0.9269289201784856,-0.0866219523587746,1.345648892264464,1.3761105967627147,-2.014888243121298,-1.9590702934784552,4.657254913512605,1.4162470082138434,0.0,0.0,0.0,0.0,0.0,0.0,0.0,0.0,0.0,0.0,0.0,0.0,0.0,0.0,0.0,0.0,0.0,0.0,0.0,0.0,0.0,0.0,0.0,0.0,0.0,0.0,0.0,0.0,-0.0430189919524988,0.0073029204946211,-0.0017635232584805,SPY
2015-08-24,-3.3115409586581084,-2.9492191419209712,-2.2371047437291898,0.3679976321611666,1.3001615608302846,1.3573537713778328,-3.357843157079464,-2.3388940159606064,5.176577468094735,-1.4417649723258046,0.0,0.0,0.0,0.0,0.0,0.0,0.0,0.0,0.0,0.0,0.0,0.0,0.0,0.0,0.0,0.0,0.0,0.0,0.0,0.0,0.0,0.0,0.0,0.0,0.0,0.0,0.0,0.0,-0.0118375890236981,0.0422099644582392,0.0281905654541043,SPY
2015-08-25,-0.9272010920814812,-4.186185919565213,-4.098524601637358,0.3038991673288456,1.2539618391533711,1.3334221692185446,-3.5778045816324133,-2.522871124030867,2.962829564553123,-0.7272619771908926,0.0,0.0,0.0,0.0,0.0,0.0,0.0,0.0,0.0,0.0,0.0,0.0,0.0,0.0,0.0,0.0,0.0,0.0,0.0,0.0,0.0,0.0,0.0,0.0,0.0,0.0,0.0,0.0,0.03767521518603,0.0237453678928281,0.0384279949336594,SPY
2015-08-26,2.8588810560766422,-3.1292172450188853,-4.44087411747042,0.6981658265283422,1.2227447540849088,1.3157284579877424,-2.1466138157077643,-1.4810907750252993,2.391678107868425,-0.012758982055980528,0.0,0.0,0.0,0.0,0.0,0.0,0.0,0.0,0.0,0.0,0.0,0.0,0.0,0.0,0.0,0.0,0.0,0.0,0.0,0.0,0.0,0.0,0.0,0.0,0.0,0.0,0.0,0.0,0.0244340405098535,0.0048730941817476,-0.0028691973532879,SPY
2015-08-27,1.846371749397836,1.4251890111203565,-2.6935425118968097,0.8556769794424284,1.2024729166551607,1.3031985033251814,-1.1772129953382444,-0.9817828456208415,1.573288545261024,0.7017440130789315,0.0,0.0,0.0,0.0,0.0,0.0,0.0,0.0,0.0,0.0,0.0,0.0,0.0,0.0,0.0,0.0,0.0,0.0,0.0,0.0,0.0,0.0,0.0,0.0,0.0,0.0,0.0,0.0,5.024577493450977e-05,-0.0188446870686389,-0.0275625873574734,SPY
2015-08-28,-0.018177258151413175,3.4723711116195815,-0.9490960236416464,0.8569555438752542,1.180581910450161,1.291026626365158,-1.0765057542818162,-1.2269764160245813,0.2980567510093362,1.4162470082138434,0.0,0.0,0.0,0.0,0.0,0.0,0.0,0.0,0.0,0.0,0.0,0.0,0.0,0.0,0.0,0.0,0.0,0.0,0.0,0.0,0.0,0.0,0.0,0.0,0.0,0.0,0.0,0.0,-0.0081119479888807,-0.0341472633515493,-0.0530301896866882,SPY
2015-08-31,-0.6423135112323218,1.34880608570928,0.2237233408796863,0.8623972522611665,1.15268931318113,1.277878374938306,-1.2621470800689674,-1.2106863113156088,0.3223680936499911,-1.4417649723258046,0.0,0.0,0.0,0.0,0.0,0.0,0.0,0.0,0.0,0.0,0.0,0.0,0.0,0.0,0.0,0.0,0.0,0.0,0.0,0.0,0.0,0.0,0.0,0.0,0.0,0.0,0.0,0.0,-0.0303021855891092,-0.0012147698020736,-0.0443335035204812,SPY
2015-09-01,-2.339128381295882,-0.48809967106215973,1.560963867125554,0.9985713569161675,1.113376384236411,1.2587742748128457,-2.184836796336864,-1.5246114958908674,1.308863154181595,-0.7272619771908926,0.0,0.0,0.0,0.0,0.0,0.0,0.0,0.0,0.0,0.0,0.0,0.0,0.0,0.0,0.0,0.0,0.0,0.0,0.0,0.0,0.0,0.0,0.0,0.0,0.0,0.0,0.0,0.0,0.0188029414749495,0.0156252354821857,0.0044549612842388,SPY
2015-09-02,1.4157800293196665,-2.201200377983097,0.8536107365143561,1.0846203611533018,1.0855052852274911,1.2428704781073738,-1.3899732355386494,-1.1932970711781286,0.24394533009678473,-0.012758982055980528,0.0,0.0,0.0,0.0,0.0,0.0,0.0,0.0,0.0,0.0,0.0,0.0,0.0,0.0,0.0,0.0,0.0,0.0,0.0,0.0,0.0,0.0,0.0,0.0,0.0,0.0,0.0,0.0,0.0007162592594669,0.0022492158168292,-0.0117419788944577,SPY
2015-09-03,0.03275061403170252,-0.6821156096436842,0.1306400588722049,1.0834581660149918,1.0673276220057264,1.2289844851009994,-1.250460566667144,-1.2443912534173474,0.15045447453614363,0.7017440130789315,0.0,0.0,0.0,0.0,0.0,0.0,0.0,0.0,0.0,0.0,0.0,0.0,0.0,0.0,0.0,0.0,0.0,0.0,0.0,0.0,0.0,0.0,0.0,0.0,0.0,0.0,0.0,0.0,-0.0152523305079759,0.0060669773518506,0.002368910483355,SPY
2015-09-04,-1.1883152014628886,1.0685751063769107,-0.7779553041069015,1.107893657931746,1.056015213953924,1.212321340892086,-1.6598388858241957,-1.469552387989976,0.7327179497990638,1.4162470082138434,0.0,0.0,0.0,0.0,0.0,0.0,0.0,0.0,0.0,0.0,0.0,0.0,0.0,0.0,0.0,0.0,0.0,0.0,0.0,0.0,0.0,0.0,0.0,0.0,0.0,0.0,0.0,0.0,0.0248205455605949,0.0176022012473513,0.0352596061006424,SPY
2015-09-08,1.875926526109462,-0.8535150816745533,-1.3641758154399282,1.2040414058221962,1.0731350998948233,1.1980665857180544,-0.645897378284131,-1.0681386039493246,-0.2680652720409874,-0.7272619771908926,0.0,0.0,0.0,0.0,0.0,0.0,0.0,0.0,0.0,0.0,0.0,0.0,0.0,0.0,0.0,0.0,0.0,0.0,0.0,0.0,0.0,0.0,0.0,0.0,0.0,0.0,0.0,0.0,-0.0134621803048498,0.0052033856513675,0.0070072096561091,SPY
2015-09-09,-1.0514282722179134,0.5069383662559342,-0.10257758184017461,1.2160706876607117,1.0893697841675591,1.183009034199062,-1.0097719826905731,-1.1105480598446151,0.09470484826084291,-0.012758982055980528,0.0,0.0,0.0,0.0,0.0,0.0,0.0,0.0,0.0,0.0,0.0,0.0,0.0,0.0,0.0,0.0,0.0,0.0,0.0,0.0,0.0,0.0,0.0,0.0,0.0,0.0,0.0,0.0,0.005426921809593,0.0272950722362601,0.0286264085953771,SPY
2015-09-10,0.392959567487126,0.6079750028827737,0.5425397059993998,1.2257272529540315,1.092370501095333,1.1688301960008483,-0.6929367829228074,-0.834513031322531,0.18402618816139912,0.7017440130789315,0.0,0.0,0.0,0.0,0.0,0.0,0.0,0.0,0.0,0.0,0.0,0.0,0.0,0.0,0.0,0.0,0.0,0.0,0.0,0.0,0.0,0.0,0.0,0.0,0.0,0.0,0.0,0.0,0.0045340207944883,0.0196176015549642,0.0321856009151719,SPY
2015-09-11,0.324682348143206,-0.48660717931950176,0.030122911411490892,1.2350811881029222,1.0869085281507296,1.1558988530405434,-0.4165191494271095,-0.4198653569487565,-0.24545799166126148,1.4162470082138434,0.0,0.0,0.0,0.0,0.0,0.0,0.0,0.0,0.0,0.0,0.0,0.0,0.0,0.0,0.0,0.0,0.0,0.0,0.0,0.0,0.0,0.0,0.0,0.0,0.0,0.0,0.0,0.0,-0.0037171066124752,-0.001393037612547,0.028247984901033,SPY
2015-09-14,-0.3062543696673541,0.5291040319308943,0.1763760702150325,1.2273231421005626,1.0798490812015902,1.1413511341778324,-0.4287287839191138,0.17381492449617808,-0.6717739739682131,-1.4417649723258046,0.0,0.0,0.0,0.0,0.0,0.0,0.0,0.0,0.0,0.0,0.0,0.0,0.0,0.0,0.0,0.0,0.0,0.0,0.0,0.0,0.0,0.0,0.0,0.0,0.0,0.0,0.0,0.0,0.0124217299646112,0.0074786183510964,0.0329081929194208,SPY
2015-09-15,0.927829662368603,0.013012211606179012,0.618274527399215,1.2556488840679465,1.0815545967363744,1.1281920205405997,0.14614889914869714,0.5431500128986718,-0.289938851301727,-0.7272619771908926,0.0,0.0,0.0,0.0,0.0,0.0,0.0,0.0,0.0,0.0,0.0,0.0,0.0,0.0,0.0,0.0,0.0,0.0,0.0,0.0,0.0,0.0,0.0,0.0,0.0,0.0,0.0,0.0,0.0086295062800427,-0.0180080148534287,0.014164136106844,SPY
2015-09-16,0.6378507241297086,0.45819698093346517,0.1432930677923924,1.2772223386317794,1.0997107223959066,1.1175606420061128,0.5642066192007317,0.1825406662670586,-0.4537940700024579,-0.012758982055980528,0.0,0.0,0.0,0.0,0.0,0.0,0.0,0.0,0.0,0.0,0.0,0.0,0.0,0.0,0.0,0.0,0.0,0.0,0.0,0.0,0.0,0.0,0.0,0.0,0.0,0.0,0.0,0.0,-0.0022505488717028,-0.0282376806776145,0.0007295508258895,SPY
2015-09-17,-0.19411149732948396,1.1550436691136976,0.9895949954271308,1.2717755024637554,1.1090371549784575,1.108241872723394,0.5617975788356007,-0.29801278800122266,1.4380014050414618,0.7017440130789315,0.0,0.0,0.0,0.0,0.0,0.0,0.0,0.0,0.0,0.0,0.0,0.0,0.0,0.0,0.0,0.0,0.0,0.0,0.0,0.0,0.0,0.0,0.0,0.0,0.0,0.0,0.0,0.0,-0.0164766183730229,-0.0296091089068291,0.0182179235844142,SPY
2015-09-18,-1.281932489032118,0.32693566863218665,0.6954817229084452,1.245462885724679,1.1110149556065696,1.1001013767742547,0.015226530953480623,-0.6164154480286285,0.84045242070529,1.4162470082138434,0.0,0.0,0.0,0.0,0.0,0.0,0.0,0.0,0.0,0.0,0.0,0.0,0.0,0.0,0.0,0.0,0.0,0.0,0.0,0.0,0.0,0.0,0.0,0.0,0.0,0.0,0.0,0.0,0.0051545493511682,-0.013391840028138,0.0392307776301548,SPY
2015-09-21,0.3721321367053029,-1.0900618488109033,-0.10940677485172291,1.098934904409467,1.1215748459502373,1.099723233606724,0.21111724172075594,-0.3653886868117547,-0.4419621880326356,-1.4417649723258046,0.0,0.0,0.0,0.0,0.0,0.0,0.0,0.0,0.0,0.0,0.0,0.0,0.0,0.0,0.0,0.0,0.0,0.0,0.0,0.0,0.0,0.0,0.0,0.0,0.0,0.0,0.0,0.0,-0.0130649032399139,-0.0439637459335866,0.0345677461321471,SPY
2015-09-22,-1.021049794823354,-0.6721157920924605,0.2304540825116096,0.7674368086974217,1.1161519786158904,1.1056010323863852,-0.3261458280682087,-0.0037915948820667097,0.07260422982704522,-0.7272619771908926,0.0,0.0,0.0,0.0,0.0,0.0,0.0,0.0,0.0,0.0,0.0,0.0,0.0,0.0,0.0,0.0,0.0,0.0,0.0,0.0,0.0,0.0,0.0,0.0,0.0,0.0,0.0,0.0,-0.001600159544143,-0.0303141045163464,0.046353468928074,SPY
2015-09-23,-0.14437835331291227,-0.47955752431344006,-0.7459035498956572,0.7315281400870798,1.115755773935486,1.1135599319274472,-0.4540084026016178,-0.446235059327851,-0.5729965219104215,-0.012758982055980528,0.0,0.0,0.0,0.0,0.0,0.0,0.0,0.0,0.0,0.0,0.0,0.0,0.0,0.0,0.0,0.0,0.0,0.0,0.0,0.0,0.0,0.0,0.0,0.0,0.0,0.0,0.0,0.0,-0.0036219771009173,-0.0102276657565925,0.041730837375435,SPY
2015-09-24,-0.2989801271512818,-0.860795404232036,-1.137787884882919,0.4290369122721419,1.1115522549008667,1.1129555190429687,-0.5818250040319918,-0.5459511586761667,0.15677811160487562,0.7017440130789315,0.0,0.0,0.0,0.0,0.0,0.0,0.0,0.0,0.0,0.0,0.0,0.0,0.0,0.0,0.0,0.0,0.0,0.0,0.0,0.0,0.0,0.0,0.0,0.0,0.0,0.0,0.0,0.0,-0.0002593494943319,-0.0039996873594221,0.0621053102813426,SPY
2015-09-25,-0.04185099549738768,-0.3278337034016909,-1.190325401633257,0.2659749019271479,1.1053187813237528,1.1070785102422445,-0.5407118122397342,-0.17492244729232292,0.10615177423533892,1.4162470082138434,0.0,0.0,0.0,0.0,0.0,0.0,0.0,0.0,0.0,0.0,0.0,0.0,0.0,0.0,0.0,0.0,0.0,0.0,0.0,0.0,0.0,0.0,0.0,0.0,0.0,0.0,0.0,0.0,-0.0254173565542803,0.0110868107721895,0.0732667899609547,SPY
2015-09-28,-1.9656014865712144,-0.25215796538160257,-0.5690642833267547,0.4065218801456924,1.0901579882014363,1.0959127504560184,-1.3677507618882825,-1.4963101197704816,0.3489756182702284,-1.4417649723258046,0.0,0.0,0.0,0.0,0.0,0.0,0.0,0.0,0.0,0.0,0.0,0.0,0.0,0.0,0.0,0.0,0.0,0.0,0.0,0.0,0.0,0.0,0.0,0.0,0.0,0.0,0.0,0.0,0.0005847381773262,0.0541425324357813,0.0962234949040041,SPY
2015-09-29,0.022693627174522925,-1.4822959896255892,-1.7402316724631863,0.40076306334935957,1.0699466760378147,1.0866135134025094,-1.2679400200509847,-1.2189743429327211,0.12897708256613363,-0.7272619771908926,0.0,0.0,0.0,0.0,0.0,0.0,0.0,0.0,0.0,0.0,0.0,0.0,0.0,0.0,0.0,0.0,0.0,0.0,0.0,0.0,0.0,0.0,0.0,0.0,0.0,0.0,0.0,0.0,0.0184862792156108,0.0501259433745167,0.0937043682007718,SPY
2015-09-30,1.3915659023637523,-1.4346554177821786,-1.2173328073836414,0.27701130626084947,1.05363904702876,1.0875423903857695,-0.6047041206968465,-0.787039289234402,0.17911844259045553,-0.012758982055980528,0.0,0.0,0.0,0.0,0.0,0.0,0.0,0.0,0.0,0.0,0.0,0.0,0.0,0.0,0.0,0.0,0.0,0.0,0.0,0.0,0.0,0.0,0.0,0.0,0.0,0.0,0.0,0.0,0.0026060012962529,0.039796682793324,0.0865286254682109,SPY
2015-10-01,0.17725300496462632,1.0432794985915024,-0.4478491477104254,0.1798014272396656,1.0393880587022652,1.085067781366518,-0.4876207477450051,-0.8484913632372385,-0.16895077411478787,0.7017440130789315,0.0,0.0,0.0,0.0,0.0,0.0,0.0,0.0,0.0,0.0,0.0,0.0,0.0,0.0,0.0,0.0,0.0,0.0,0.0,0.0,0.0,0.0,0.0,0.0,0.0,0.0,0.0,0.0,0.0148271486372797,0.0461767956264589,0.0833482354174108,SPY
2015-10-02,1.1117641585215614,1.1573602203754072,-0.2092639178078239,0.24274006124278233,1.0384115189052203,1.0855709189513105,0.05701749755953552,-0.3465209811300991,0.6898188761570766,1.4162470082138434,0.0,0.0,0.0,0.0,0.0,0.0,0.0,0.0,0.0,0.0,0.0,0.0,0.0,0.0,0.0,0.0,0.0,0.0,0.0,0.0,0.0,0.0,0.0,0.0,0.0,0.0,0.0,0.0,0.0176383651093114,0.0319460517695286,0.0642020563633716,SPY
2015-10-05,1.3267286847536686,0.9508377475865951,0.3686789387041813,0.24726911087889453,1.0427732682784276,1.0930691027764825,0.6536883060285253,-0.2204587591001087,-0.23138313177463327,-1.4417649723258046,0.0,0.0,0.0,0.0,0.0,0.0,0.0,0.0,0.0,0.0,0.0,0.0,0.0,0.0,0.0,0.0,0.0,0.0,0.0,0.0,0.0,0.0,0.0,0.0,0.0,0.0,0.0,0.0,-0.0034318508839383,0.0152507880661296,0.0583250248687052,SPY
2015-10-06,-0.2844417973699199,1.7992690566299157,2.01808402597899,0.0915564713339798,1.05119327604755,1.094575177869851,0.5104413015586569,-0.519404635417041,-0.4069706767132224,-0.7272619771908926,0.0,0.0,0.0,0.0,0.0,0.0,0.0,0.0,0.0,0.0,0.0,0.0,0.0,0.0,0.0,0.0,0.0,0.0,0.0,0.0,0.0,0.0,0.0,0.0,0.0,0.0,0.0,0.0,0.0081570186344182,0.0123603121021025,0.0646520105075412,SPY
2015-10-07,0.6017211396944019,0.7687254203622064,1.8642140599172128,0.04474955638442901,1.0638015929305178,1.1007118132481253,0.764700923275125,-0.26042767895425867,-0.2632950008834864,-0.012758982055980528,0.0,0.0,0.0,0.0,0.0,0.0,0.0,0.0,0.0,0.0,0.0,0.0,0.0,0.0,0.0,0.0,0.0,0.0,0.0,0.0,0.0,0.0,0.0,0.0,0.0,0.0,0.0,0.0,0.0089861141293878,-0.0006017855332274,0.05345746726179,SPY
2015-10-08,0.6651193596644593,0.23359526377306092,1.46851438767567,0.05726037490497461,1.0818350173687208,1.107661396200698,1.0451767536371253,0.3944781251761582,0.04127902406324011,0.7017440130789315,0.0,0.0,0.0,0.0,0.0,0.0,0.0,0.0,0.0,0.0,0.0,0.0,0.0,0.0,0.0,0.0,0.0,0.0,0.0,0.0,0.0,0.0,0.0,0.0,0.0,0.0,0.0,0.0,0.0005964047803495,0.0056499242242065,0.0434724186109862,SPY
2015-10-09,0.023585734138391524,0.9344690879389013,1.7129276771934403,0.05470259590219351,1.1002374887218134,1.1137763664066334,1.0130520153975364,0.30403089920749693,-0.4637234932224892,1.4162470082138434,0.0,0.0,0.0,0.0,0.0,0.0,0.0,0.0,0.0,0.0,0.0,0.0,0.0,0.0,0.0,0.0,0.0,0.0,0.0,0.0,0.0,0.0,0.0,0.0,0.0,0.0,0.0,0.0,0.0009431014059124,0.0095897551165746,0.0423525035031433,SPY
2015-10-12,0.05009649081681162,0.5077456804195727,1.167767582172344,0.04629949755954561,1.129555377403886,1.1208903637254086,0.9853399890450038,0.785912948844791,-1.0076502762768835,-1.4417649723258046,0.0,0.0,0.0,0.0,0.0,0.0,0.0,0.0,0.0,0.0,0.0,0.0,0.0,0.0,0.0,0.0,0.0,0.0,0.0,0.0,0.0,0.0,0.0,0.0,0.0,0.0,0.0,0.0,-0.0063223268479655,0.0091381715638227,0.0320342703531597,SPY
2015-10-13,-0.5054670376436948,0.053795530031221214,0.5281951439041348,0.02436299084333671,1.155878483778435,1.1239615648376653,0.7170871819865169,0.5992570574565641,-0.667718482713816,-0.7272619771908926,0.0,0.0,0.0,0.0,0.0,0.0,0.0,0.0,0.0,0.0,0.0,0.0,0.0,0.0,0.0,0.0,0.0,0.0,0.0,0.0,0.0,0.0,0.0,0.0,0.0,0.0,0.0,0.0,-0.0048050790009117,0.0141813179678011,0.040660439401492,SPY
2015-10-14,-0.3894480587199946,-0.33669984417142756,0.4174650115198171,0.01127754393527651,1.1725015123074032,1.124120054361843,0.5337111878111486,0.5515168046590161,-0.5523160558395896,-0.012758982055980528,0.0,0.0,0.0,0.0,0.0,0.0,0.0,0.0,0.0,0.0,0.0,0.0,0.0,0.0,0.0,0.0,0.0,0.0,0.0,0.0,0.0,0.0,0.0,0.0,0.0,0.0,0.0,0.0,0.0152378238868218,0.0127636058719309,0.0415259458782362,SPY
2015-10-15,1.1431671512584631,-0.6611289418055911,-0.07909500316331301,0.07667275251169041,1.1946798956201417,1.1281036021481083,1.0780576282470624,0.827989780011859,-0.17680900426610177,0.7017440130789315,0.0,0.0,0.0,0.0,0.0,0.0,0.0,0.0,0.0,0.0,0.0,0.0,0.0,0.0,0.0,0.0,0.0,0.0,0.0,0.0,0.0,0.0,0.0,0.0,0.0,0.0,0.0,0.0,0.0045362356727176,0.0142782777900993,0.0122303123755775,SPY
2015-10-16,0.3248517126350408,0.5557327000871116,0.1603993422954601,-0.02108524188427499,1.212626658881845,1.1366312075257103,1.1756826595695904,1.8913683135628936,-0.3982877917608032,1.4162470082138434,0.0,0.0,0.0,0.0,0.0,0.0,0.0,0.0,0.0,0.0,0.0,0.0,0.0,0.0,0.0,0.0,0.0,0.0,0.0,0.0,0.0,0.0,0.0,0.0,0.0,0.0,0.0,0.0,0.0004915178531605,0.0206441723026618,-0.0035979754145305,SPY
2015-10-19,0.015565373972093125,1.0829594180732862,0.3113288091767333,-0.024053960240726792,1.2232600834936445,1.1441663426156468,1.1270950982528898,1.890961801508357,-0.807038641489003,-1.4417649723258046,0.0,0.0,0.0,0.0,0.0,0.0,0.0,0.0,0.0,0.0,0.0,0.0,0.0,0.0,0.0,0.0,0.0,0.0,0.0,0.0,0.0,0.0,0.0,0.0,0.0,0.0,0.0,0.0,-0.0012791804439871,0.0176920028382703,0.011002981217457,SPY
2015-10-20,-0.11983413166300337,0.25067329945073263,0.2940292684778612,-0.096565546800186,1.2348048849861004,1.154198739370845,0.988682860530844,1.644973635510096,-0.7711057196414812,-0.7272619771908926,0.0,0.0,0.0,0.0,0.0,0.0,0.0,0.0,0.0,0.0,0.0,0.0,0.0,0.0,0.0,0.0,0.0,0.0,0.0,0.0,0.0,0.0,0.0,0.0,0.0,0.0,0.0,0.0,-0.006222791096782,0.0170367947563514,0.011552425250513,SPY
2015-10-21,-0.497855864399233,-0.0775506026504978,0.4872252250939489,-0.0772760514523429,1.2400999025212847,1.1631952367463327,0.6722165988287264,1.2705963996706366,-0.5081885083616888,-0.012758982055980528,0.0,0.0,0.0,0.0,0.0,0.0,0.0,0.0,0.0,0.0,0.0,0.0,0.0,0.0,0.0,0.0,0.0,0.0,0.0,0.0,0.0,0.0,0.0,0.0,0.0,0.0,0.0,0.0,0.0167524958049902,0.0345701223361833,0.0335166361389482,SPY
2015-10-22,1.2589891573278966,-0.4565082970333644,0.4329146374909849,-0.02355634239614659,1.2488887213925712,1.1766735216234694,1.1926208924103705,1.312239673928402,0.2749385508181226,0.7017440130789315,0.0,0.0,0.0,0.0,0.0,0.0,0.0,0.0,0.0,0.0,0.0,0.0,0.0,0.0,0.0,0.0,0.0,0.0,0.0,0.0,0.0,0.0,0.0,0.0,0.0,0.0,0.0,0.0,0.01090213018528,0.017243237776646,0.0159014813465327,SPY
2015-10-23,0.8116308388784059,0.5612051427435092,0.4909396216475467,-0.00954359921958059,1.2622997840941346,1.1926599501257216,1.4708653132386524,1.2145861149861918,-0.06824332277807768,1.4162470082138434,0.0,0.0,0.0,0.0,0.0,0.0,0.0,0.0,0.0,0.0,0.0,0.0,0.0,0.0,0.0,0.0,0.0,0.0,0.0,0.0,0.0,0.0,0.0,0.0,0.0,0.0,0.0,0.0,-0.0024606516112308,0.0020220771746064,0.0086368587764544,SPY
2015-10-26,-0.21017736643349627,1.5277410489582228,0.7348082269891266,-0.3110554444990473,1.274191898428643,1.2133681419811233,1.192356742082836,1.2591987067832031,-0.8850171866951523,-1.4417649723258046,0.0,0.0,0.0,0.0,0.0,0.0,0.0,0.0,0.0,0.0,0.0,0.0,0.0,0.0,0.0,0.0,0.0,0.0,0.0,0.0,0.0,0.0,0.0,0.0,0.0,0.0,0.0,0.0,-0.0019343885259059,0.0162440624004824,0.0099500337275175,SPY
2015-10-27,-0.16993575006001388,0.44334500746365935,0.6217147020190824,-0.2998880841760127,1.2879720473472174,1.23352018866508,0.9416463356462424,0.9995692888744349,-0.7776253349651476,-0.7272619771908926,0.0,0.0,0.0,0.0,0.0,0.0,0.0,0.0,0.0,0.0,0.0,0.0,0.0,0.0,0.0,0.0,0.0,0.0,0.0,0.0,0.0,0.0,0.0,0.0,0.0,0.0,0.0,0.0,0.0113105364830499,0.021073585681286,0.0132231900954735,SPY
2015-10-28,0.8428603322965583,-0.28115211814673674,0.5966145875213047,-0.3622945161708317,1.3089350518744354,1.252407321075572,1.2102604337100074,1.0558444441502568,-0.15814918794292837,-0.012758982055980528,0.0,0.0,0.0,0.0,0.0,0.0,0.0,0.0,0.0,0.0,0.0,0.0,0.0,0.0,0.0,0.0,0.0,0.0,0.0,0.0,0.0,0.0,0.0,0.0,0.0,0.0,0.0,0.0,-0.000574388754547,0.0067255245869031,0.001769210287172,SPY
2015-10-29,-0.06594101702024417,0.49609803939419805,1.2682920926154768,-0.3534763156829731,1.3229971935101899,1.2706183302636063,1.0297925196606366,1.0123458245806716,-0.6554804630303305,0.7017440130789315,0.0,0.0,0.0,0.0,0.0,0.0,0.0,0.0,0.0,0.0,0.0,0.0,0.0,0.0,0.0,0.0,0.0,0.0,0.0,0.0,0.0,0.0,0.0,0.0,0.0,0.0,0.0,0.0,-0.0043190304167595,0.0063009788200343,0.0034895328536004,SPY
2015-10-30,-0.3522815136824462,0.5728568512924501,0.6045231338131725,-0.37940429197943043,1.3331097864163333,1.2847182693155161,0.7436255246739356,0.7683728112507592,-0.21496517028452247,1.4162470082138434,0.0,0.0,0.0,0.0,0.0,0.0,0.0,0.0,0.0,0.0,0.0,0.0,0.0,0.0,0.0,0.0,0.0,0.0,0.0,0.0,0.0,0.0,0.0,0.0,0.0,0.0,0.0,0.0,0.0117613336146451,0.0100964989093004,0.0036483338488366,SPY
2015-11-02,0.8773313140883376,-0.30928078650646773,0.021421544496166792,-0.4411620436261181,1.3483438779940564,1.297716799984388,1.080686488396983,1.3066779196993186,-0.6969616243898821,-1.4417649723258046,0.0,0.0,0.0,0.0,0.0,0.0,0.0,0.0,0.0,0.0,0.0,0.0,0.0,0.0,0.0,0.0,0.0,0.0,0.0,0.0,0.0,0.0,0.0,0.0,0.0,0.0,0.0,0.0,0.0028951347548975,-0.0110399664494158,0.0013774827864789,SPY
2015-11-03,0.19936209459672713,0.38695123713554125,0.5662461084876962,-0.4610732283107336,1.3654658862494817,1.3121219868974427,1.0676744479627915,1.5986100014423543,-0.6032769384465598,-0.7272619771908926,0.0,0.0,0.0,0.0,0.0,0.0,0.0,0.0,0.0,0.0,0.0,0.0,0.0,0.0,0.0,0.0,0.0,0.0,0.0,0.0,0.0,0.0,0.0,0.0,0.0,0.0,0.0,0.0,-0.0030375246113329,-0.0116312590039466,-0.0117750720347498,SPY
2015-11-04,-0.254288957410843,0.7941209728045742,0.7512584590112632,-0.4568973013488442,1.3839334419147207,1.324062775269004,0.8494953770359548,1.182801721836473,-0.5853209819717327,-0.012758982055980528,0.0,0.0,0.0,0.0,0.0,0.0,0.0,0.0,0.0,0.0,0.0,0.0,0.0,0.0,0.0,0.0,0.0,0.0,0.0,0.0,0.0,0.0,0.0,0.0,0.0,0.0,0.0,0.0,-0.0009989345214158,-0.0125333069167812,-0.0228391387843025,SPY
2015-11-05,-0.09840464283730617,-0.0411312079672863,0.2016041030463777,-0.4718657769352027,1.3945452503600466,1.3338116683332897,0.7286863492034585,1.0272468956583225,-0.7578871625024233,0.7017440130789315,0.0,0.0,0.0,0.0,0.0,0.0,0.0,0.0,0.0,0.0,0.0,0.0,0.0,0.0,0.0,0.0,0.0,0.0,0.0,0.0,0.0,0.0,0.0,0.0,0.0,0.0,0.0,0.0,-0.0005235103274934,-0.0255921820112021,-0.0025251675778878,SPY
2015-11-06,-0.06205051016108808,-0.26091369425450117,0.1853403424914938,-0.46959563728155074,1.4000356387380328,1.3433097233356954,0.6285552852891421,0.9844513811842291,-0.4154112956857212,1.4162470082138434,0.0,0.0,0.0,0.0,0.0,0.0,0.0,0.0,0.0,0.0,0.0,0.0,0.0,0.0,0.0,0.0,0.0,0.0,0.0,0.0,0.0,0.0,0.0,0.0,0.0,0.0,0.0,0.0,-0.0093751317440711,-0.0363607238010992,-0.0080789369055018,SPY
2015-11-09,-0.7389050402661401,-0.1190219428096123,0.3307414623009205,-0.4112273487963079,1.402379460017728,1.350463338098147,0.21548169028453662,0.5469978972138276,-0.20442174884885067,-1.4417649723258046,0.0,0.0,0.0,0.0,0.0,0.0,0.0,0.0,0.0,0.0,0.0,0.0,0.0,0.0,0.0,0.0,0.0,0.0,0.0,0.0,0.0,0.0,0.0,0.0,0.0,0.0,0.0,0.0,0.0023038422003667,-0.0118931175718799,-0.0054455149569729,SPY
2015-11-10,0.15414788746830063,-0.5917771304035282,-0.4789672626408403,-0.4415226239108909,1.4066328927458411,1.3595252852285413,0.22640677550766122,0.9173397865385841,-0.8065153848588658,-0.7272619771908926,0.0,0.0,0.0,0.0,0.0,0.0,0.0,0.0,0.0,0.0,0.0,0.0,0.0,0.0,0.0,0.0,0.0,0.0,0.0,0.0,0.0,0.0,0.0,0.0,0.0,0.0,0.0,0.0,-0.0039395725241675,-0.0149266961831777,-0.0155594125598188,SPY
2015-11-11,-0.3232656100985,-0.43220047059334316,-0.5016188617739591,-0.4467215902703811,1.404007039446844,1.368739777291614,0.0029372805909476224,0.2078765774807927,-0.8928872136020413,-0.012758982055980528,0.0,0.0,0.0,0.0,0.0,0.0,0.0,0.0,0.0,0.0,0.0,0.0,0.0,0.0,0.0,0.0,0.0,0.0,0.0,0.0,0.0,0.0,0.0,0.0,0.0,0.0,0.0,0.0,-0.0140578096158368,0.0047542961326429,-0.0090420194537248,SPY
2015-11-12,-1.0969740969240915,-0.12541581039778102,-0.5361750684500427,-0.4262411994722312,1.3953484285019717,1.3714550731434079,-0.5390918285679787,-0.9175303896485387,-0.2991777307117245,0.7017440130789315,0.0,0.0,0.0,0.0,0.0,0.0,0.0,0.0,0.0,0.0,0.0,0.0,0.0,0.0,0.0,0.0,0.0,0.0,0.0,0.0,0.0,0.0,0.0,0.0,0.0,0.0,0.0,0.0,-0.0112920521173904,0.0179494467610545,-0.0145561377986647,SPY
2015-11-13,-0.8854856696751053,-1.0488725495483864,-1.0364424936047805,-0.3753565163367327,1.3836515671039025,1.370658971869936,-0.944854650269042,-1.1951246589199926,0.06062398880620541,1.4162470082138434,0.0,0.0,0.0,0.0,0.0,0.0,0.0,0.0,0.0,0.0,0.0,0.0,0.0,0.0,0.0,0.0,0.0,0.0,0.0,0.0,0.0,0.0,0.0,0.0,0.0,0.0,0.0,0.0,0.0150924744851481,0.0328790064936468,0.0017758812398893,SPY
2015-11-16,1.13205275804835,-1.4638487943737968,-1.4489704207770489,-0.2825931943057624,1.3733002531156466,1.373112587198945,-0.412834563062292,-0.506979473594218,-0.306885690483274,-1.4417649723258046,0.0,0.0,0.0,0.0,0.0,0.0,0.0,0.0,0.0,0.0,0.0,0.0,0.0,0.0,0.0,0.0,0.0,0.0,0.0,0.0,0.0,0.0,0.0,0.0,0.0,0.0,0.0,0.0,-0.0007297364109311,0.0166390553483308,-0.0028737388190851,SPY
2015-11-17,-0.07781994405703047,0.18140234552335752,-0.5116503009743129,-0.2832835348232791,1.361299704229681,1.3756861410800194,-0.460639734123767,-0.9897854239529027,-0.24640349443055418,-0.7272619771908926,0.0,0.0,0.0,0.0,0.0,0.0,0.0,0.0,0.0,0.0,0.0,0.0,0.0,0.0,0.0,0.0,0.0,0.0,0.0,0.0,0.0,0.0,0.0,0.0,0.0,0.0,0.0,0.0,0.0157414197916532,0.0187075596013119,0.0123822529386563,SPY
2015-11-18,1.1816754824992353,0.7775427431882594,-0.627862497653244,-0.22106100929590908,1.357762356143664,1.3831886302903957,0.06111727618061582,-0.3625511638443964,-0.21203803834938817,-0.012758982055980528,0.0,0.0,0.0,0.0,0.0,0.0,0.0,0.0,0.0,0.0,0.0,0.0,0.0,0.0,0.0,0.0,0.0,0.0,0.0,0.0,0.0,0.0,0.0,0.0,0.0,0.0,0.0,0.0,-0.0008626589874252,0.0028226964844071,-0.0187148546738011,SPY
2015-11-19,-0.08798409860218177,0.8141694189887314,0.1260890700841733,-0.31448873473069333,1.3542902102761565,1.3867763393809485,-0.0005385159770142775,-0.24693948360810153,-0.7829191770815754,0.7017440130789315,0.0,0.0,0.0,0.0,0.0,0.0,0.0,0.0,0.0,0.0,0.0,0.0,0.0,0.0,0.0,0.0,0.0,0.0,0.0,0.0,0.0,0.0,0.0,0.0,0.0,0.0,0.0,0.0,0.0036375076152017,0.0048312892837136,-0.0358277031547986,SPY
2015-11-20,0.2561289184221201,0.8066672272523704,0.6315770222757492,-0.3550936807182562,1.3527059810863515,1.3887392000449976,0.11901462873916482,-0.538255140764316,-0.66918441152647,1.4162470082138434,0.0,0.0,0.0,0.0,0.0,0.0,0.0,0.0,0.0,0.0,0.0,0.0,0.0,0.0,0.0,0.0,0.0,0.0,0.0,0.0,0.0,0.0,0.0,0.0,0.0,0.0,0.0,0.0,-0.0011474766601677,-0.0029664477530113,-0.0312497897765107,SPY
2015-11-23,-0.10976317420619397,0.12351864329571823,1.2035077859989325,-0.3576465555129372,1.3548541171062773,1.3909964266103394,0.05760645524295212,-0.6961892838483981,-1.2073935691106483,-1.4417649723258046,0.0,0.0,0.0,0.0,0.0,0.0,0.0,0.0,0.0,0.0,0.0,0.0,0.0,0.0,0.0,0.0,0.0,0.0,0.0,0.0,0.0,0.0,0.0,0.0,0.0,0.0,0.0,0.0,0.00133876784205,0.0076715114594438,-0.0210690977639878,SPY
2015-11-24,0.08035180869661752,0.10744344488189603,0.5813777414611075,-0.3601125568640894,1.3565685542224966,1.3939953051509393,0.08291958393137713,-0.533661506441182,-0.512973877971534,-0.7272619771908926,0.0,0.0,0.0,0.0,0.0,0.0,0.0,0.0,0.0,0.0,0.0,0.0,0.0,0.0,0.0,0.0,0.0,0.0,0.0,0.0,0.0,0.0,0.0,0.0,0.0,0.0,0.0,0.0,-0.0001434433252516,-0.0039246764489373,-0.0101002322075531,SPY
2015-11-25,-0.03298802995502998,-0.022298145937693595,0.6606192755962013,-0.4127340816379127,1.3599973498506945,1.3943987868928653,0.07425056367064142,-0.5020618785096703,-1.455561916482975,-0.012758982055980528,0.0,0.0,0.0,0.0,0.0,0.0,0.0,0.0,0.0,0.0,0.0,0.0,0.0,0.0,0.0,0.0,0.0,0.0,0.0,0.0,0.0,0.0,0.0,0.0,0.0,0.0,0.0,0.0,0.0011459338118813,-0.0178828244845714,-0.0116085595846371,SPY
2015-11-27,0.06560642129972163,0.034369809099823415,0.05209216181559229,-0.4124938091982492,1.3702401113811304,1.3951948289179164,0.11049487308892483,-0.4359742075919082,-1.6783800687215666,1.4162470082138434,0.0,0.0,0.0,0.0,0.0,0.0,0.0,0.0,0.0,0.0,0.0,0.0,0.0,0.0,0.0,0.0,0.0,0.0,0.0,0.0,0.0,0.0,0.0,0.0,0.0,0.0,0.0,0.0,-0.0041602294215232,0.000286278388546,-0.0150425782625394,SPY
2015-11-30,-0.3401385211218315,0.023486196204430213,0.1290385711064432,-0.4131289782922522,1.3835862076769097,1.396023576070948,-0.05137493296378848,-0.2260231903245784,-0.11794821624810999,-1.4417649723258046,0.0,0.0,0.0,0.0,0.0,0.0,0.0,0.0,0.0,0.0,0.0,0.0,0.0,0.0,0.0,0.0,0.0,0.0,0.0,0.0,0.0,0.0,0.0,0.0,0.0,0.0,0.0,0.0,0.0094904825522874,-0.0016307718450381,-0.000266807391644,SPY
2015-12-01,0.7036867628344791,-0.20322246573244002,-0.1696819389827215,-0.4349615808708681,1.3945668665265203,1.3963398243887877,0.3006804881328968,0.03634161796880069,-0.4024169337639767,-0.7272619771908926,0.0,0.0,0.0,0.0,0.0,0.0,0.0,0.0,0.0,0.0,0.0,0.0,0.0,0.0,0.0,0.0,0.0,0.0,0.0,0.0,0.0,0.0,0.0,0.0,0.0,0.0,0.0,0.0,-0.0102574200663312,-0.0178629641928678,-0.0168706226347055,SPY
2015-12-02,-0.8063707417095061,0.26774647163776294,0.2378435504363219,-0.3941529639314246,1.4012073528672764,1.3936463714545932,-0.06043791522672518,-0.2144499760821509,-0.17439089207216038,-0.012758982055980528,0.0,0.0,0.0,0.0,0.0,0.0,0.0,0.0,0.0,0.0,0.0,0.0,0.0,0.0,0.0,0.0,0.0,0.0,0.0,0.0,0.0,0.0,0.0,0.0,0.0,0.0,0.0,0.0,-0.0141015913608857,-0.0154155995290157,-0.016666515329903,SPY
2015-12-03,-1.100321943728379,-0.0763808728432948,-0.2063903536780333,-0.3210276122067006,1.394436776506469,1.3884665980634114,-0.5392636162691948,-0.21795075791382731,1.042640214108971,0.7017440130789315,0.0,0.0,0.0,0.0,0.0,0.0,0.0,0.0,0.0,0.0,0.0,0.0,0.0,0.0,0.0,0.0,0.0,0.0,0.0,0.0,0.0,0.0,0.0,0.0,0.0,0.0,0.0,0.0,0.0193150366849987,0.0012638124137964,-0.0166429460900099,SPY
2015-12-04,1.454938274623487,-1.4079248936055084,-0.7411076801879234,-0.16698516020285747,1.396758785109086,1.3878886494733131,0.18137307721045143,0.7388969813134153,1.5669163272476003,1.4162470082138434,0.0,0.0,0.0,0.0,0.0,0.0,0.0,0.0,0.0,0.0,0.0,0.0,0.0,0.0,0.0,0.0,0.0,0.0,0.0,0.0,0.0,0.0,0.0,0.0,0.0,0.0,0.0,0.0,-0.0060772796551074,-0.0376231522319789,-0.0342683109882315,SPY
2015-12-07,-0.4867290805203932,0.26115380254487003,-0.04507450382426951,-0.15479851094461938,1.3946754189843396,1.3860456681129107,-0.030269809824444476,0.1130083543248875,-0.3141644772461625,-1.4417649723258046,0.0,0.0,0.0,0.0,0.0,0.0,0.0,0.0,0.0,0.0,0.0,0.0,0.0,0.0,0.0,0.0,0.0,0.0,0.0,0.0,0.0,0.0,0.0,0.0,0.0,0.0,0.0,0.0,-0.0067417097955422,-0.0265059056557079,-0.0408852669972326,SPY
2015-12-08,-0.5375358795605522,0.7140484616530405,-0.11851404416087422,-0.16951112967878587,1.3900750271332616,1.3848133997190057,-0.2702704599138096,-0.1135089236312759,-0.2963438978606089,-0.7272619771908926,0.0,0.0,0.0,0.0,0.0,0.0,0.0,0.0,0.0,0.0,0.0,0.0,0.0,0.0,0.0,0.0,0.0,0.0,0.0,0.0,0.0,0.0,0.0,0.0,0.0,0.0,0.0,0.0,-0.0078100554024791,-0.0093213414339921,-0.0584278477197708,SPY
2015-12-09,-0.6192287728443512,-0.7566024486642551,-0.740346859908876,-0.15321478850389247,1.3813729873448373,1.381302101341107,-0.529483506843999,-0.9309367792725921,0.9109219035971016,-0.012758982055980528,0.0,0.0,0.0,0.0,0.0,0.0,0.0,0.0,0.0,0.0,0.0,0.0,0.0,0.0,0.0,0.0,0.0,0.0,0.0,0.0,0.0,0.0,0.0,0.0,0.0,0.0,0.0,0.0,0.0025778205819264,0.0130149693152974,-0.0616549096912946,SPY
2015-12-10,0.17509811793819244,-0.854400853087117,-0.6465917079568485,-0.15352314692919047,1.3738862870398127,1.3792629879601914,-0.4181364824495138,-0.7998044658725694,-0.052364280256309084,0.7017440130789315,0.0,0.0,0.0,0.0,0.0,0.0,0.0,0.0,0.0,0.0,0.0,0.0,0.0,0.0,0.0,0.0,0.0,0.0,0.0,0.0,0.0,0.0,0.0,0.0,0.0,0.0,0.0,0.0,-0.0195719279607766,-0.0049185390874333,-0.0632433565826513,SPY
2015-12-11,-1.5186206863633942,-0.32840364758068646,-0.007626528690324809,-0.0907888511742426,1.3572198689694135,1.3760350747763646,-1.10614195068537,-1.4140471698931745,2.0943947487654366,1.4162470082138434,0.0,0.0,0.0,0.0,0.0,0.0,0.0,0.0,0.0,0.0,0.0,0.0,0.0,0.0,0.0,0.0,0.0,0.0,0.0,0.0,0.0,0.0,0.0,0.0,0.0,0.0,0.0,0.0,0.0050399669211635,-0.0033221185950793,-0.0356351019692802,SPY
2015-12-14,0.3633703931592135,-0.9922474086509407,-1.4973323061608934,-0.1225481341979572,1.3446550202321184,1.376427654808964,-0.926693536256498,-1.2021038839311662,1.5205358158685325,-1.4417649723258046,0.0,0.0,0.0,0.0,0.0,0.0,0.0,0.0,0.0,0.0,0.0,0.0,0.0,0.0,0.0,0.0,0.0,0.0,0.0,0.0,0.0,0.0,0.0,0.0,0.0,0.0,0.0,0.0,0.0104428544261736,-0.0001466645227532,-0.0659326467444172,SPY
2015-12-15,0.7765115241801512,-0.8532831002006243,-1.0714459813964057,-0.16497572231493748,1.3323938982848411,1.3757842169650116,-0.5402172787531757,-0.8998815148419103,0.8382820571425751,-0.7272619771908926,0.0,0.0,0.0,0.0,0.0,0.0,0.0,0.0,0.0,0.0,0.0,0.0,0.0,0.0,0.0,0.0,0.0,0.0,0.0,0.0,0.0,0.0,0.0,0.0,0.0,0.0,0.0,0.0,0.0145262553468104,-0.0015563035965717,-0.0600915615084431,SPY
2015-12-16,1.0887558330241631,0.8407605929867966,-0.4131291176968049,-0.09333479872063159,1.3313088453320971,1.3785758445315655,-0.026104871308728777,-0.4940149936332627,1.7678028993570325,-0.012758982055980528,0.0,0.0,0.0,0.0,0.0,0.0,0.0,0.0,0.0,0.0,0.0,0.0,0.0,0.0,0.0,0.0,0.0,0.0,0.0,0.0,0.0,0.0,0.0,0.0,0.0,0.0,0.0,0.0,-0.0153556878208043,-0.0037749255448975,-0.0963175895128181,SPY
2015-12-17,-1.1962185970234316,1.3761696748201124,0.4425440229994435,-0.10084643509812259,1.329681108694498,1.3743556585548082,-0.5590649913763781,-0.8304467696441973,1.1865366821622183,0.7017440130789315,0.0,0.0,0.0,0.0,0.0,0.0,0.0,0.0,0.0,0.0,0.0,0.0,0.0,0.0,0.0,0.0,0.0,0.0,0.0,0.0,0.0,0.0,0.0,0.0,0.0,0.0,0.0,0.0,-0.0179755074684226,0.0099289915735711,-0.0796316611358101,SPY
2015-12-18,-1.3965476342806815,-0.0799081079034986,-0.2444638553788271,-0.00897514802994739,1.311431483289436,1.3663519672080335,-1.148748329474137,-1.0512368611327263,2.692720675177449,1.4162470082138434,0.0,0.0,0.0,0.0,0.0,0.0,0.0,0.0,0.0,0.0,0.0,0.0,0.0,0.0,0.0,0.0,0.0,0.0,0.0,0.0,0.0,0.0,0.0,0.0,0.0,0.0,0.0,0.0,0.0082154209934897,0.0256164141759729,-0.0745541576532895,SPY
2015-12-21,0.6061869770191132,-1.9143177532840279,-0.1833071965242376,0.01328571330167101,1.2995399977888602,1.3593295481974967,-0.7942816905288693,-1.0897910080001825,-0.4410705784002798,-1.4417649723258046,0.0,0.0,0.0,0.0,0.0,0.0,0.0,0.0,0.0,0.0,0.0,0.0,0.0,0.0,0.0,0.0,0.0,0.0,0.0,0.0,0.0,0.0,0.0,0.0,0.0,0.0,0.0,0.0,0.0090332153523551,0.0280165346318552,-0.077183469515961,SPY
2015-12-22,0.6687210360849168,-0.5839570092511045,-0.061659947356628504,0.04681202301499141,1.294681312399481,1.3545763239331932,-0.4246947268734575,-0.7137013161834757,-0.17294924574687787,-0.7272619771908926,0.0,0.0,0.0,0.0,0.0,0.0,0.0,0.0,0.0,0.0,0.0,0.0,0.0,0.0,0.0,0.0,0.0,0.0,0.0,0.0,0.0,0.0,0.0,0.0,0.0,0.0,0.0,0.0,0.0123076333984846,0.0118699865887261,-0.0659085745730836,SPY
2015-12-23,0.9191050712436836,0.9404237430637445,-0.11566126866170551,0.0976244912301325,1.2988178213180306,1.3522821263536133,0.05028099229144202,-0.1879825844751182,-0.15810307766272266,-0.012758982055980528,0.0,0.0,0.0,0.0,0.0,0.0,0.0,0.0,0.0,0.0,0.0,0.0,0.0,0.0,0.0,0.0,0.0,0.0,0.0,0.0,0.0,0.0,0.0,0.0,0.0,0.0,0.0,0.0,-0.0016517707023355,-0.0104909595712872,-0.0934483852069671,SPY
2015-12-24,-0.14832488972500257,1.1713894894247443,-0.2006536038709546,0.0979451338471157,1.30106189381498,1.3496476848459917,0.010535512262490922,-0.6453322388313285,-1.4222386353334209,0.7017440130789315,0.0,0.0,0.0,0.0,0.0,0.0,0.0,0.0,0.0,0.0,0.0,0.0,0.0,0.0,0.0,0.0,0.0,0.0,0.0,0.0,0.0,0.0,0.0,0.0,0.0,0.0,0.0,0.0,-0.0022880848660209,-0.0229172109899442,-0.0782457307240624,SPY
2015-12-28,-0.19698175200944817,0.5683255389889689,0.3243244881791887,0.0977493079025617,1.3109386739959539,1.3462358645656982,-0.04639577252144788,-0.5639044807958311,-1.025003578213152,-1.4417649723258046,0.0,0.0,0.0,0.0,0.0,0.0,0.0,0.0,0.0,0.0,0.0,0.0,0.0,0.0,0.0,0.0,0.0,0.0,0.0,0.0,0.0,0.0,0.0,0.0,0.0,0.0,0.0,0.0,0.010615541449372,-0.0189394543371461,-0.0869007121196689,SPY
2015-12-29,0.7897163358684696,-0.25546135890559146,0.9252879292010436,0.12937375309808533,1.3233827080137206,1.3461751546844114,0.3511015452829946,-0.16201287841781592,-0.4489221692479663,-0.7272619771908926,0.0,0.0,0.0,0.0,0.0,0.0,0.0,0.0,0.0,0.0,0.0,0.0,0.0,0.0,0.0,0.0,0.0,0.0,0.0,0.0,0.0,0.0,0.0,0.0,0.0,0.0,0.0,0.0,-0.0071133326907739,-0.0422492314506266,-0.0923205516101131,SPY
2015-12-30,-0.5659526665299142,0.43690957069331754,1.0172332209542687,0.1135395365026297,1.3279953621265075,1.3423317689109924,0.11656367236985013,-0.146672750952087,-1.0455980252551522,-0.012758982055980528,0.0,0.0,0.0,0.0,0.0,0.0,0.0,0.0,0.0,0.0,0.0,0.0,0.0,0.0,0.0,0.0,0.0,0.0,0.0,0.0,0.0,0.0,0.0,0.0,0.0,0.0,0.0,0.0,-0.0100533127615287,-0.0594201892779331,-0.0611220799494809,SPY
2015-12-31,-0.7907633238838442,0.16457107627387182,0.3986813199467747,0.1124117751306725,1.3216008284581025,1.3385732466248494,-0.22618160990341607,-0.4292727352698864,0.050580469242557415,0.7017440130789315,0.0,0.0,0.0,0.0,0.0,0.0,0.0,0.0,0.0,0.0,0.0,0.0,0.0,0.0,0.0,0.0,0.0,0.0,0.0,0.0,0.0,0.0,0.0,0.0,0.0,0.0,0.0,0.0,-0.0140780221209926,-0.0604039938904072,-0.0514304484100103,SPY
2016-01-04,-1.0985196810646258,-1.0019855114097334,-0.4579355692271423,0.1122263939245334,1.3158640550844354,1.334872550796874,-0.7135557915726825,-0.3104166832336381,2.1896431237391085,-1.4417649723258046,0.0,0.0,0.0,0.0,0.0,0.0,0.0,0.0,0.0,0.0,0.0,0.0,0.0,0.0,0.0,0.0,0.0,0.0,0.0,0.0,0.0,0.0,0.0,0.0,0.0,0.0,0.0,0.0,0.0016896717867771,-0.0453365980788449,-0.0555387738000927,SPY
2016-01-05,0.10718428530654683,-1.3950747583069771,-0.933968057216309,-0.01633926362882129,1.3187892726380348,1.327171974368116,-0.5888151907853881,-0.38504057730444546,-0.05175743143216359,-0.7272619771908926,0.0,0.0,0.0,0.0,0.0,0.0,0.0,0.0,0.0,0.0,0.0,0.0,0.0,0.0,0.0,0.0,0.0,0.0,0.0,0.0,0.0,0.0,0.0,0.0,0.0,0.0,0.0,0.0,-0.0126942356641084,-0.0389899432130276,-0.0512515312426211,SPY
2016-01-06,-0.9927060580050197,-0.732297042420419,-0.7815857069603065,0.01548660942820731,1.3125677469056622,1.3180701135519453,-0.9774429517170408,-0.8983745395619753,0.7684720477333062,-0.012758982055980528,0.0,0.0,0.0,0.0,0.0,0.0,0.0,0.0,0.0,0.0,0.0,0.0,0.0,0.0,0.0,0.0,0.0,0.0,0.0,0.0,0.0,0.0,0.0,0.0,0.0,0.0,0.0,0.0,-0.0242842905180804,-0.0515532854028926,-0.0369901449844256,SPY
2016-01-07,-1.878959633805827,-0.6541957025612284,-1.6745509963268974,0.15362146978605462,1.2919382994781954,1.3052622245499752,-1.7457763894881546,-1.669432753544189,1.910546708330172,0.7017440130789315,0.0,0.0,0.0,0.0,0.0,0.0,0.0,0.0,0.0,0.0,0.0,0.0,0.0,0.0,0.0,0.0,0.0,0.0,0.0,0.0,0.0,0.0,0.0,0.0,0.0,0.0,0.0,0.0,-0.0110371173740029,-0.0109850552226644,-0.0319396904993842,SPY
2016-01-08,-0.8659916439116636,-2.1201742481449055,-2.332346617894418,0.16554624058700462,1.2611577430661411,1.2918734837853139,-2.0295677997608133,-1.6066532952045245,1.7485284323766277,1.4162470082138434,0.0,0.0,0.0,0.0,0.0,0.0,0.0,0.0,0.0,0.0,0.0,0.0,0.0,0.0,0.0,0.0,0.0,0.0,0.0,0.0,0.0,0.0,0.0,0.0,0.0,0.0,0.0,0.0,0.0009893736905697,-0.021647710506226,-0.0344552116421921,SPY
2016-01-11,0.05363478103671952,-2.026645974242135,-2.370034810543419,0.1610723913470137,1.231534162488008,1.2781151711245855,-1.885145041282812,-1.3118027374710766,1.2807352621184918,-1.4417649723258046,0.0,0.0,0.0,0.0,0.0,0.0,0.0,0.0,0.0,0.0,0.0,0.0,0.0,0.0,0.0,0.0,0.0,0.0,0.0,0.0,0.0,0.0,0.0,0.0,0.0,0.0,0.0,0.0,0.0080363266525944,-0.0213068436405921,-0.0353905039742876,SPY
2016-01-12,0.5924922187091685,-0.6001924719500289,-1.7928237374657794,0.1078603193690766,1.2063205942874997,1.2704083736117013,-1.5376660543011536,-1.327859422667263,0.9652038749961718,-0.7272619771908926,0.0,0.0,0.0,0.0,0.0,0.0,0.0,0.0,0.0,0.0,0.0,0.0,0.0,0.0,0.0,0.0,0.0,0.0,0.0,0.0,0.0,0.0,0.0,0.0,0.0,0.0,0.0,0.0,-0.0252575778539734,-0.0422411742790886,-0.0442899569751924,SPY
2016-01-13,-1.9533837321025835,0.47631866659710675,-1.5496921763541591,0.2386932133662952,1.1657819894015948,1.2562907390316096,-2.3166660086393382,-1.9526496340659207,1.7865244033943757,-0.012758982055980528,0.0,0.0,0.0,0.0,0.0,0.0,0.0,0.0,0.0,0.0,0.0,0.0,0.0,0.0,0.0,0.0,0.0,0.0,0.0,0.0,0.0,0.0,0.0,0.0,0.0,0.0,0.0,0.0,0.0162839396621476,-0.011397487294297,-0.0321258918887057,SPY
2016-01-14,1.223160202047726,-1.005067476943974,-2.030976421989281,0.2907191318367311,1.1352200313857728,1.2432511097085555,-1.6378228345504382,-1.8581448012311557,2.019037309327043,0.7017440130789315,0.0,0.0,0.0,0.0,0.0,0.0,0.0,0.0,0.0,0.0,0.0,0.0,0.0,0.0,0.0,0.0,0.0,0.0,0.0,0.0,0.0,0.0,0.0,0.0,0.0,0.0,0.0,0.0,-0.0216997726575645,-0.0073733166612122,-0.0280022249301632,SPY
2016-01-15,-1.6813300087123542,-0.539569622501465,-0.4768636895673259,0.2844841353936221,1.1001609281903748,1.2224204908674365,-2.2361169912920302,-2.0413891266500874,3.085385153502406,1.4162470082138434,0.0,0.0,0.0,0.0,0.0,0.0,0.0,0.0,0.0,0.0,0.0,0.0,0.0,0.0,0.0,0.0,0.0,0.0,0.0,0.0,0.0,0.0,0.0,0.0,0.0,0.0,0.0,0.0,0.0013302405562036,-0.0009057212390466,0.010434670312426,SPY
2016-01-19,0.07969975504644372,-0.33876598591783347,-0.8853352512793163,0.26107194819753626,1.0718690999776328,1.2053209820433564,-2.051832166159456,-1.9841621082099832,1.0084612341156889,-0.7272619771908926,0.0,0.0,0.0,0.0,0.0,0.0,0.0,0.0,0.0,0.0,0.0,0.0,0.0,0.0,0.0,0.0,0.0,0.0,0.0,0.0,0.0,0.0,0.0,0.0,0.0,0.0,0.0,0.0,-0.0128980039859021,0.0113149219853188,0.0253070379010829,SPY
2016-01-20,-1.0082875549090404,-1.1827574343202958,-0.8722771135792253,0.22897660803302933,1.0375740693139035,1.1895575250959929,-2.376594167736932,-2.409283352192615,2.2860430403348238,-0.012758982055980528,0.0,0.0,0.0,0.0,0.0,0.0,0.0,0.0,0.0,0.0,0.0,0.0,0.0,0.0,0.0,0.0,0.0,0.0,0.0,0.0,0.0,0.0,0.0,0.0,0.0,0.0,0.0,0.0,0.0055861091308182,0.0132698597095934,0.034100630721781,SPY
2016-01-21,0.4051321011321791,-0.6859828612150406,-1.6742423372402455,0.213406593046977,1.0110940295707547,1.1731248572418644,-2.047937898810168,-2.19567007235432,0.9181578464411524,0.7017440130789315,0.0,0.0,0.0,0.0,0.0,0.0,0.0,0.0,0.0,0.0,0.0,0.0,0.0,0.0,0.0,0.0,0.0,0.0,0.0,0.0,0.0,0.0,0.0,0.0,0.0,0.0,0.0,0.0,0.0203081102952324,0.0128794525377031,0.0280463487567033,SPY
2016-01-22,1.5308753645848348,-0.44578030952187897,-0.4926633912288437,0.3241077983726212,1.0033881413376864,1.1588862373876148,-1.2071006487207354,-1.5628472055260356,0.4931348393117109,1.4162470082138434,0.0,0.0,0.0,0.0,0.0,0.0,0.0,0.0,0.0,0.0,0.0,0.0,0.0,0.0,0.0,0.0,0.0,0.0,0.0,0.0,0.0,0.0,0.0,0.0,0.0,0.0,0.0,0.0,-0.0152321772353989,0.0166564812123288,0.0221132011508844,SPY
2016-01-25,-1.1867741466438655,1.4283831526018413,-0.338502985647147,0.287548911511769,0.9940448481452863,1.1387238419795875,-1.5849553140261667,-1.5645072620361224,-0.08366250133708399,-1.4417649723258046,0.0,0.0,0.0,0.0,0.0,0.0,0.0,0.0,0.0,0.0,0.0,0.0,0.0,0.0,0.0,0.0,0.0,0.0,0.0,0.0,0.0,0.0,0.0,0.0,0.0,0.0,0.0,0.0,0.0135508837805691,0.0315269772256696,0.0246354915636786,SPY
2016-01-26,1.0141723604515946,0.25339256739628896,-0.09073835926124511,0.3684720860036327,0.9898753254452123,1.1217426720002277,-0.9546922454540476,-1.3002171114399628,0.07453904419198591,-0.7272619771908926,0.0,0.0,0.0,0.0,0.0,0.0,0.0,0.0,0.0,0.0,0.0,0.0,0.0,0.0,0.0,0.0,0.0,0.0,0.0,0.0,0.0,0.0,0.0,0.0,0.0,0.0,0.0,0.0,-0.0109430662616274,-0.0002102540659745,0.0156497881291182,SPY
2016-01-27,-0.8587998630528987,-0.12798740774493042,0.3774175634644313,0.3793710362096079,0.9778030894907951,1.1030064058171734,-1.1914631501342965,-1.2720872715463631,0.7184352449383483,-0.012758982055980528,0.0,0.0,0.0,0.0,0.0,0.0,0.0,0.0,0.0,0.0,0.0,0.0,0.0,0.0,0.0,0.0,0.0,0.0,0.0,0.0,0.0,0.0,0.0,0.0,0.0,0.0,0.0,0.0,0.0051957019589279,0.0167097265399016,0.0386321152610493,SPY
2016-01-28,0.3752789419827657,0.11409135534007113,0.4523085211150287,0.3451552925253011,0.9784144339807954,1.0829427972751824,-0.831805775442831,-0.8252169304310796,0.08896375135830072,0.7017440130789315,0.0,0.0,0.0,0.0,0.0,0.0,0.0,0.0,0.0,0.0,0.0,0.0,0.0,0.0,0.0,0.0,0.0,0.0,0.0,0.0,0.0,0.0,0.0,0.0,0.0,0.0,0.0,0.0,0.0240851389698582,0.0130811751750608,0.0311323429771155,SPY
2016-01-29,1.819692390126532,-0.35747771645633725,0.4373525628696708,0.5329605123367431,0.9823220473474482,1.0695488821484855,0.17431207319827843,-0.18529692707685153,1.0511411917860842,1.4162470082138434,0.0,0.0,0.0,0.0,0.0,0.0,0.0,0.0,0.0,0.0,0.0,0.0,0.0,0.0,0.0,0.0,0.0,0.0,0.0,0.0,0.0,0.0,0.0,0.0,0.0,0.0,0.0,0.0,-0.0003616812220581,-0.0302377998278364,-0.0008264537429711,SPY
2016-02-01,-0.049675967920545676,1.6195251280444543,0.5820453021851626,0.522144452382541,0.9950706728018914,1.0583377775712928,0.2604687146532167,-0.20817177792900213,-0.06791123143410269,-1.4417649723258046,0.0,0.0,0.0,0.0,0.0,0.0,0.0,0.0,0.0,0.0,0.0,0.0,0.0,0.0,0.0,0.0,0.0,0.0,0.0,0.0,0.0,0.0,0.0,0.0,0.0,0.0,0.0,0.0,-0.018186347511075,-0.043428757122589,0.0227702601424555,SPY
2016-02-02,-1.4126698825424011,1.3058646854330644,1.151713416596183,0.5478240262974117,0.9996549507834163,1.0464246384625169,-0.3108636417549681,-0.6456180042937838,0.6069404295325784,-0.7272619771908926,0.0,0.0,0.0,0.0,0.0,0.0,0.0,0.0,0.0,0.0,0.0,0.0,0.0,0.0,0.0,0.0,0.0,0.0,0.0,0.0,0.0,0.0,0.0,0.0,0.0,0.0,0.0,0.0,0.0059769143442487,-0.0251883282530398,0.0454389634975269,SPY
2016-02-03,0.4350156972159095,-1.0799512152618091,-0.06409597471917491,0.560646287485238,1.0119888995606503,1.0353891067040075,0.008556304143627123,-0.1123575231723009,0.913599575614498,-0.012758982055980528,0.0,0.0,0.0,0.0,0.0,0.0,0.0,0.0,0.0,0.0,0.0,0.0,0.0,0.0,0.0,0.0,0.0,0.0,0.0,0.0,0.0,0.0,0.0,0.0,0.0,0.0,0.0,0.0,0.001567150594087,-0.0320283689455989,0.0433738471504847,SPY
2016-02-04,0.09781549055094922,-0.7221989016073028,0.5840850569675439,0.5385728224318752,1.0227075704725979,1.0274689556297913,0.13775239859325092,-0.3812902972087773,-0.07689876509924198,0.7017440130789315,0.0,0.0,0.0,0.0,0.0,0.0,0.0,0.0,0.0,0.0,0.0,0.0,0.0,0.0,0.0,0.0,0.0,0.0,0.0,0.0,0.0,0.0,0.0,0.0,0.0,0.0,0.0,0.0,-0.019233836033039,-0.0466890323071726,0.0450550142998,SPY
2016-02-05,-1.4927679027759075,0.39269470155234093,0.4450802778264877,0.49108277771839437,1.017097192719621,1.0207774785453165,-0.5155396149278905,-0.3322097279579573,0.5301536014414725,1.4162470082138434,0.0,0.0,0.0,0.0,0.0,0.0,0.0,0.0,0.0,0.0,0.0,0.0,0.0,0.0,0.0,0.0,0.0,0.0,0.0,0.0,0.0,0.0,0.0,0.0,0.0,0.0,0.0,0.0,-0.0135526385168107,-0.0070475896534434,0.065086897852554,SPY
2016-02-08,-1.058345315736773,-1.03020792444622,-1.2144096804089115,0.5037527039766354,1.0122508874983127,1.013647148412024,-0.9478889300742294,-0.6056439923806278,0.6673312791207004,-1.4417649723258046,0.0,0.0,0.0,0.0,0.0,0.0,0.0,0.0,0.0,0.0,0.0,0.0,0.0,0.0,0.0,0.0,0.0,0.0,0.0,0.0,0.0,0.0,0.0,0.0,0.0,0.0,0.0,0.0,5.408135847417839e-05,0.0232421714483921,0.0676617945810491,SPY
2016-02-09,-0.017883963626914075,-1.8835735446073212,-1.719736991793585,0.5027512094561486,1.0018379870866674,1.0063194222919214,-0.8819044886235817,-0.37031998109763037,0.5386016412316644,-0.7272619771908926,0.0,0.0,0.0,0.0,0.0,0.0,0.0,0.0,0.0,0.0,0.0,0.0,0.0,0.0,0.0,0.0,0.0,0.0,0.0,0.0,0.0,0.0,0.0,0.0,0.0,0.0,0.0,0.0,-0.0008631263483103,0.0393906982347784,0.0725347635259145,SPY
2016-02-10,-0.08801983616001277,-0.7949574623524887,-1.020971415255832,0.4791588815188334,0.9955947272814586,0.9971158121887012,-0.8326153836059066,-0.5022418909024838,-0.024675640237381682,-0.012758982055980528,0.0,0.0,0.0,0.0,0.0,0.0,0.0,0.0,0.0,0.0,0.0,0.0,0.0,0.0,0.0,0.0,0.0,0.0,0.0,0.0,0.0,0.0,0.0,0.0,0.0,0.0,0.0,0.0,-0.0130935127674867,0.0361494134178848,0.0742004092738675,SPY
2016-02-11,-1.0232374717957953,-0.0787574319294993,-1.2830039043085897,0.3759170876416582,0.9819509960243951,0.9905669855507233,-1.2494132768986193,-1.2287827050413915,1.0354571197203035,0.7017440130789315,0.0,0.0,0.0,0.0,0.0,0.0,0.0,0.0,0.0,0.0,0.0,0.0,0.0,0.0,0.0,0.0,0.0,0.0,0.0,0.0,0.0,0.0,0.0,0.0,0.0,0.0,0.0,0.0,0.0204076066206901,0.048774753351112,0.103302077196802,SPY
2016-02-12,1.5384835230730327,-0.8208117511157582,-1.8446336203388976,0.4168478099906855,0.9664736243185392,0.9847531355659891,-0.4556004218904397,-0.4595217962981707,-0.3564914798027547,1.4162470082138434,0.0,0.0,0.0,0.0,0.0,0.0,0.0,0.0,0.0,0.0,0.0,0.0,0.0,0.0,0.0,0.0,0.0,0.0,0.0,0.0,0.0,0.0,0.0,0.0,0.0,0.0,0.0,0.0,0.0167371225850248,0.0427421094198354,0.0816113000648277,SPY
2016-02-16,1.2578136174933083,0.3797150616748455,-0.3260248349410826,0.3776143250720548,0.9580255155330006,0.9869141624463124,0.14578455074663513,-0.3928140968395576,-0.4685018388496416,-0.7272619771908926,0.0,0.0,0.0,0.0,0.0,0.0,0.0,0.0,0.0,0.0,0.0,0.0,0.0,0.0,0.0,0.0,0.0,0.0,0.0,0.0,0.0,0.0,0.0,0.0,0.0,0.0,0.0,0.0,0.0162026081448605,0.0132951000122059,0.0632428275878034,SPY
2016-02-17,1.216941047011001,2.0633654387192957,0.8343339773919288,0.43583324703169657,0.9639632799527534,0.9922015309686751,0.7080251270157454,0.1530800358125169,-0.23293912312670756,-0.012758982055980528,0.0,0.0,0.0,0.0,0.0,0.0,0.0,0.0,0.0,0.0,0.0,0.0,0.0,0.0,0.0,0.0,0.0,0.0,0.0,0.0,0.0,0.0,0.0,0.0,0.0,0.0,0.0,0.0,-0.0041044111652039,0.0016576722133541,0.0528114751354156,SPY
2016-02-18,-0.3358702816802388,1.8260340112910898,1.452961681314081,0.3923452205175469,0.9656878177140347,0.9992659768586447,0.4881901088171321,-0.03122447446890531,-0.7524867742489679,0.7017440130789315,0.0,0.0,0.0,0.0,0.0,0.0,0.0,0.0,0.0,0.0,0.0,0.0,0.0,0.0,0.0,0.0,0.0,0.0,0.0,0.0,0.0,0.0,0.0,0.0,0.0,0.0,0.0,0.0,-0.0004681728342594,0.0178013442488618,0.0632398019686864,SPY
2016-02-19,-0.057819033099728176,0.6497313364704861,1.3287925474632447,0.3892922540766891,0.9665611108395766,1.00509098529586,0.417634601755413,-0.5626529792528733,-0.5702403142984137,1.4162470082138434,0.0,0.0,0.0,0.0,0.0,0.0,0.0,0.0,0.0,0.0,0.0,0.0,0.0,0.0,0.0,0.0,0.0,0.0,0.0,0.0,0.0,0.0,0.0,0.0,0.0,0.0,0.0,0.0,0.0143749626894136,0.0159654467581153,0.0676297917395549,SPY
2016-02-22,1.0771869784933006,-0.29117274919316666,1.8124518408121213,0.3407178788849652,0.9814709599201928,1.0097640069486147,0.9200083831203444,-0.2193334136087262,-0.7618775782905814,-1.4417649723258046,0.0,0.0,0.0,0.0,0.0,0.0,0.0,0.0,0.0,0.0,0.0,0.0,0.0,0.0,0.0,0.0,0.0,0.0,0.0,0.0,0.0,0.0,0.0,0.0,0.0,0.0,0.0,0.0,-0.0127098868226047,-0.0062831736815267,0.0546727559139652,SPY
2016-02-23,-0.9939028508897416,0.7518088832866343,1.5813496038618318,0.32090316749396297,0.9965337728552016,1.014897843064627,0.3915339706852351,-0.0934315743486221,-0.6454663481551801,-0.7272619771908926,0.0,0.0,0.0,0.0,0.0,0.0,0.0,0.0,0.0,0.0,0.0,0.0,0.0,0.0,0.0,0.0,0.0,0.0,0.0,0.0,0.0,0.0,0.0,0.0,0.0,0.0,0.0,0.0,0.0045651803460087,0.0296617458044465,0.0668447310455455,SPY
2016-02-24,0.327065017104073,0.06088272202360832,0.4532754421634946,0.2827299113321507,1.0134957035723586,1.0181887570686567,0.5338827548094335,-0.1217282411454471,-0.058405461691120486,-0.012758982055980528,0.0,0.0,0.0,0.0,0.0,0.0,0.0,0.0,0.0,0.0,0.0,0.0,0.0,0.0,0.0,0.0,0.0,0.0,0.0,0.0,0.0,0.0,0.0,0.0,0.0,0.0,0.0,0.0,0.0120392608703037,0.0295789213024342,0.0556586313982396,SPY
2016-02-25,0.8985835020411433,-0.4927844575729183,0.007461694940887492,0.2727799455994587,1.0359152053965826,1.0263173835842718,0.917013830144735,0.0862462603023198,-0.7467872233962491,0.7017440130789315,0.0,0.0,0.0,0.0,0.0,0.0,0.0,0.0,0.0,0.0,0.0,0.0,0.0,0.0,0.0,0.0,0.0,0.0,0.0,0.0,0.0,0.0,0.0,0.0,0.0,0.0,0.0,0.0,-0.0023040703250059,0.021451458429337,0.0431762722783295,SPY
2016-02-26,-0.19820410775881886,0.9040651687353534,0.6259034200781721,0.2739803485002096,1.062613411212633,1.0328773094263104,0.7694523751981056,0.5389255091599976,-0.4359134502892161,1.4162470082138434,0.0,0.0,0.0,0.0,0.0,0.0,0.0,0.0,0.0,0.0,0.0,0.0,0.0,0.0,0.0,0.0,0.0,0.0,0.0,0.0,0.0,0.0,0.0,0.0,0.0,0.0,0.0,0.0,-0.0078736577502285,0.0270038464977453,0.0460708910163978,SPY
2016-02-29,-0.6240922362905932,0.5163625152183591,0.555572728965568,0.14292155961376732,1.0777414263661511,1.0327017563570997,0.4728964083578804,0.7052270640171268,-0.5128490408157278,-1.4417649723258046,0.0,0.0,0.0,0.0,0.0,0.0,0.0,0.0,0.0,0.0,0.0,0.0,0.0,0.0,0.0,0.0,0.0,0.0,0.0,0.0,0.0,0.0,0.0,0.0,0.0,0.0,0.0,0.0,0.0232350326633685,0.0356755517676887,0.0631523658996817,SPY
2016-03-01,1.7546875421400607,-0.6075288316245716,-0.2967411173733037,0.28578599297452256,1.0959258495527044,1.0375942934068934,1.3144190556933584,1.0306215903816776,-0.2574331000458171,-0.7272619771908926,0.0,0.0,0.0,0.0,0.0,0.0,0.0,0.0,0.0,0.0,0.0,0.0,0.0,0.0,0.0,0.0,0.0,0.0,0.0,0.0,0.0,0.0,0.0,0.0,0.0,0.0,0.0,0.0,0.0044823558439963,0.0014627773160045,0.0442952639779159,SPY
2016-03-02,0.3207316984099639,0.8339061183063033,1.0802589832191734,0.1791081826905034,1.1092858587992687,1.0472915020992448,1.3981247857707075,1.1073900199389213,-0.8966409338250262,-0.012758982055980528,0.0,0.0,0.0,0.0,0.0,0.0,0.0,0.0,0.0,0.0,0.0,0.0,0.0,0.0,0.0,0.0,0.0,0.0,0.0,0.0,0.0,0.0,0.0,0.0,0.0,0.0,0.0,0.0,0.0039117979972065,0.0019074717753477,0.0373829554093223,SPY
2016-03-03,0.2771030065452851,1.5312833850272294,1.0770860912157023,0.17590755487252271,1.1260732094955586,1.0565938003211335,1.4637641253753677,1.5513053537020012,-0.9836647140392932,0.7017440130789315,0.0,0.0,0.0,0.0,0.0,0.0,0.0,0.0,0.0,0.0,0.0,0.0,0.0,0.0,0.0,0.0,0.0,0.0,0.0,0.0,0.0,0.0,0.0,0.0,0.0,0.0,0.0,0.0,0.0032483177434023,-0.0012018068222161,0.0402597849906838,SPY
2016-03-04,0.22636884222804862,0.44067398475969644,0.7657342408329594,0.1760961778702833,1.144475798755014,1.0662800085567905,1.5004572135510437,1.398910410505386,-0.4266599380696084,1.4162470082138434,0.0,0.0,0.0,0.0,0.0,0.0,0.0,0.0,0.0,0.0,0.0,0.0,0.0,0.0,0.0,0.0,0.0,0.0,0.0,0.0,0.0,0.0,0.0,0.0,0.0,0.0,0.0,0.0,0.0007980475197149,0.0115580305898292,0.0337684728311744,SPY
2016-03-07,0.03900469470833322,0.37102448890417544,0.9784385405799726,0.03309213285194181,1.1571591040845857,1.0801456793550184,1.4042397091965402,1.2112735484276052,-0.9113502904876696,-1.4417649723258046,0.0,0.0,0.0,0.0,0.0,0.0,0.0,0.0,0.0,0.0,0.0,0.0,0.0,0.0,0.0,0.0,0.0,0.0,0.0,0.0,0.0,0.0,0.0,0.0,0.0,0.0,0.0,0.0,-0.0109777417883156,0.0094768125588302,0.022932451725067,SPY
2016-03-08,-0.8614513871317223,0.19528343935895692,1.3106395636947992,0.00775687486286361,1.170431784018596,1.094384378207161,0.8539853123079468,0.4839741262198907,-0.5021046233896124,-0.7272619771908926,0.0,0.0,0.0,0.0,0.0,0.0,0.0,0.0,0.0,0.0,0.0,0.0,0.0,0.0,0.0,0.0,0.0,0.0,0.0,0.0,0.0,0.0,0.0,0.0,0.0,0.0,0.0,0.0,0.0049270503033396,0.0188232044551464,0.0447719634532219,SPY
2016-03-09,0.3547360288205952,-0.607639804192316,-4.458749068205493e-06,0.00460468733463801,1.1839226693276292,1.109687040440742,0.9045688939159084,0.7403682439719479,-0.9764683879344498,-0.012758982055980528,0.0,0.0,0.0,0.0,0.0,0.0,0.0,0.0,0.0,0.0,0.0,0.0,0.0,0.0,0.0,0.0,0.0,0.0,0.0,0.0,0.0,0.0,0.0,0.0,0.0,0.0,0.0,0.0,0.0008025193996425,0.0196674098442795,0.0278069339899111,SPY
2016-03-10,0.03934664473586302,-0.374597597369791,0.017031170319108092,0.0006660253573444098,1.1926546573321495,1.125340789063271,0.7953511253063332,0.7738614007974011,0.06690456260956741,0.7017440130789315,0.0,0.0,0.0,0.0,0.0,0.0,0.0,0.0,0.0,0.0,0.0,0.0,0.0,0.0,0.0,0.0,0.0,0.0,0.0,0.0,0.0,0.0,0.0,0.0,0.0,0.0,0.0,0.0,0.0160081551554478,0.0251888061127036,0.0296976194320466,SPY
2016-03-11,1.2020718630974236,0.29028402370228834,-0.10208098802878161,-0.05599653655214049,1.2093982647679211,1.1471704745161762,1.2127735478560344,0.8146995792649033,-0.23676508725418577,1.4162470082138434,0.0,0.0,0.0,0.0,0.0,0.0,0.0,0.0,0.0,0.0,0.0,0.0,0.0,0.0,0.0,0.0,0.0,0.0,0.0,0.0,0.0,0.0,0.0,0.0,0.0,0.0,0.0,0.0,-0.0012831705112841,0.0131024678938649,0.0113394085211862,SPY
2016-03-14,-0.12013923905500508,0.9157050427940023,0.3867307175249475,-0.12944622162867728,1.2289143617156235,1.1645792798434527,1.0084253666423857,1.306189051549387,-1.2691263527584769,-1.4417649723258046,0.0,0.0,0.0,0.0,0.0,0.0,0.0,0.0,0.0,0.0,0.0,0.0,0.0,0.0,0.0,0.0,0.0,0.0,0.0,0.0,0.0,0.0,0.0,0.0,0.0,0.0,0.0,0.0,-0.0016313498919995,0.0158035652689729,0.0218924313102473,SPY
2016-03-15,-0.14676337716884527,0.7979880527455858,0.3070021361559215,-0.18142670412473827,1.2377771471783714,1.1781706107064334,0.8260985534089698,1.1530022636847304,-0.9155690460858426,-0.7272619771908926,0.0,0.0,0.0,0.0,0.0,0.0,0.0,0.0,0.0,0.0,0.0,0.0,0.0,0.0,0.0,0.0,0.0,0.0,0.0,0.0,0.0,0.0,0.0,0.0,0.0,0.0,0.0,0.0,0.0057712556924727,0.016897003469948,0.033574118795383,SPY
2016-03-16,0.4192896529626859,-0.19759112192029102,0.6650494698389579,-0.24506559451979848,1.2472515129438446,1.1896449757642855,0.9451699515653458,1.0454688822786564,-0.3111667346308479,-0.012758982055980528,0.0,0.0,0.0,0.0,0.0,0.0,0.0,0.0,0.0,0.0,0.0,0.0,0.0,0.0,0.0,0.0,0.0,0.0,0.0,0.0,0.0,0.0,0.0,0.0,0.0,0.0,0.0,0.0,0.0063239156680667,0.0045048284761781,0.0278507401683922,SPY
2016-03-17,0.4615497531730238,0.20056289650517473,0.6973898095136822,-0.2596376815459815,1.2578392291890812,1.2034010567345181,1.0659624722397265,1.2773220314245948,-0.20409548873866817,0.7017440130789315,0.0,0.0,0.0,0.0,0.0,0.0,0.0,0.0,0.0,0.0,0.0,0.0,0.0,0.0,0.0,0.0,0.0,0.0,0.0,0.0,0.0,0.0,0.0,0.0,0.0,0.0,0.0,0.0,0.003921816936609,-0.002262185441495,0.0204206753005422,SPY
2016-03-18,0.2778691220626896,0.6495605695824552,0.9089068563107356,-0.2649734637988196,1.2687633322867724,1.2181378373062581,1.0867014663849772,1.7589231353161878,-0.14711080478825167,1.4162470082138434,0.0,0.0,0.0,0.0,0.0,0.0,0.0,0.0,0.0,0.0,0.0,0.0,0.0,0.0,0.0,0.0,0.0,0.0,0.0,0.0,0.0,0.0,0.0,0.0,0.0,0.0,0.0,0.0,0.0014179268638239,-0.0055934539650417,0.0235010427520592,SPY
2016-03-21,0.08640484010914533,0.5451776685200285,0.4458959724045927,-0.3155295161308348,1.2799744587731146,1.2301448851611358,1.0358273820523676,1.4402036476833453,-1.2338943495275536,-1.4417649723258046,0.0,0.0,0.0,0.0,0.0,0.0,0.0,0.0,0.0,0.0,0.0,0.0,0.0,0.0,0.0,0.0,0.0,0.0,0.0,0.0,0.0,0.0,0.0,0.0,0.0,0.0,0.0,0.0,-0.0005379116910244,0.0021964363041897,0.0252323129344462,SPY
2016-03-22,-0.06315173531373537,0.26828212799833395,0.549371273237725,-0.41726963116225013,1.2957248230104739,1.2447290813012502,0.8882251788178687,1.302979337820575,-0.8148923091929865,-0.7272619771908926,0.0,0.0,0.0,0.0,0.0,0.0,0.0,0.0,0.0,0.0,0.0,0.0,0.0,0.0,0.0,0.0,0.0,0.0,0.0,0.0,0.0,0.0,0.0,0.0,0.0,0.0,0.0,0.0,-0.0066209193012971,0.0071122787368169,0.0267227632365809,SPY
2016-03-23,-0.5282994256527624,0.016573651236069013,0.5912593768770147,-0.3764959717559428,1.3063739291684973,1.2568595238660425,0.5322682214744846,0.720320358915332,-1.1167502387379706,-0.012758982055980528,0.0,0.0,0.0,0.0,0.0,0.0,0.0,0.0,0.0,0.0,0.0,0.0,0.0,0.0,0.0,0.0,0.0,0.0,0.0,0.0,0.0,0.0,0.0,0.0,0.0,0.0,0.0,0.0,-0.0004430982496064,0.0113032453135168,0.0279507556155111,SPY
2016-03-24,-0.05590166164718278,-0.43714133729731447,0.11653230954724539,-0.4134350641605387,1.3164760677104899,1.2663237480204834,0.4345819093639411,0.5839852094477593,-1.0745432514993465,0.7017440130789315,0.0,0.0,0.0,0.0,0.0,0.0,0.0,0.0,0.0,0.0,0.0,0.0,0.0,0.0,0.0,0.0,0.0,0.0,0.0,0.0,0.0,0.0,0.0,0.0,0.0,0.0,0.0,0.0,0.0005905484130623,0.0185349711416913,0.0283938538651176,SPY
2016-03-28,0.023137916892064625,-0.43179003704822255,-0.1427026248635212,-0.4215653778658086,1.3198122675419386,1.2764139317349024,0.3708659816051783,0.5771026872459017,-1.4238351640191829,-1.4417649723258046,0.0,0.0,0.0,0.0,0.0,0.0,0.0,0.0,0.0,0.0,0.0,0.0,0.0,0.0,0.0,0.0,0.0,0.0,0.0,0.0,0.0,0.0,0.0,0.0,0.0,0.0,0.0,0.0,0.0092078171330554,0.0147014283125219,0.02607883341543,SPY
2016-03-29,0.6820722630149428,-0.024772546711636093,-0.2703189099358638,-0.4542993794116078,1.3278413764169719,1.29025550817556,0.6004403903358331,1.6448452393815434,-0.9271726205853068,-0.7272619771908926,0.0,0.0,0.0,0.0,0.0,0.0,0.0,0.0,0.0,0.0,0.0,0.0,0.0,0.0,0.0,0.0,0.0,0.0,0.0,0.0,0.0,0.0,0.0,0.0,0.0,0.0,0.0,0.0,0.0043779307416027,-0.0045443624069259,0.0183559798434203,SPY
2016-03-30,0.3127466524748294,0.5199281319976629,0.02810100135429419,-0.6786746360182678,1.3385658247406862,1.3000981717396336,0.6823855898585761,1.6379383728946535,-1.0229388906717884,-0.012758982055980528,0.0,0.0,0.0,0.0,0.0,0.0,0.0,0.0,0.0,0.0,0.0,0.0,0.0,0.0,0.0,0.0,0.0,0.0,0.0,0.0,0.0,0.0,0.0,0.0,0.0,0.0,0.0,0.0,-0.0024299527245972,0.0019394767913105,0.016034118837501,SPY
2016-03-31,-0.20782992300937747,0.7336891736283658,0.2164201190773409,-0.670062172217415,1.34563867371304,1.3084132135348396,0.5197456880245758,1.4168239826984486,-0.8549011682621087,0.7017440130789315,0.0,0.0,0.0,0.0,0.0,0.0,0.0,0.0,0.0,0.0,0.0,0.0,0.0,0.0,0.0,0.0,0.0,0.0,0.0,0.0,0.0,0.0,0.0,0.0,0.0,0.0,0.0,0.0,0.006788627578568,-0.0076685496440633,0.0093469629524145,SPY
2016-04-01,0.4970847525831307,0.07684980774661683,0.3769702463337805,-0.6581967580937725,1.3529673401900804,1.3174162677355012,0.7003380394462136,1.1881321809569734,-0.5158645444993518,1.4162470082138434,0.0,0.0,0.0,0.0,0.0,0.0,0.0,0.0,0.0,0.0,0.0,0.0,0.0,0.0,0.0,0.0,0.0,0.0,0.0,0.0,0.0,0.0,0.0,0.0,0.0,0.0,0.0,0.0,-0.0032429944161069,-0.0117639723808533,-0.0028551439843251,SPY
2016-04-04,-0.2700005611516696,0.21291029021819133,0.6540076506528929,-0.6439327914611956,1.3570705995143812,1.3249675776441672,0.5136331259188853,1.01331214088431,-1.3381133484617005,-1.4417649723258046,0.0,0.0,0.0,0.0,0.0,0.0,0.0,0.0,0.0,0.0,0.0,0.0,0.0,0.0,0.0,0.0,0.0,0.0,0.0,0.0,0.0,0.0,0.0,0.0,0.0,0.0,0.0,0.0,-0.0100379735863924,-0.0108710337201589,0.0083049944537849,SPY
2016-04-05,-0.7895903873459535,0.16702196319173013,0.5071499323193805,-0.5703901778871476,1.3560173812795357,1.330071967295314,0.09390011526789033,0.4022793569691617,-0.7036686581073519,-0.7272619771908926,0.0,0.0,0.0,0.0,0.0,0.0,0.0,0.0,0.0,0.0,0.0,0.0,0.0,0.0,0.0,0.0,0.0,0.0,0.0,0.0,0.0,0.0,0.0,0.0,0.0,0.0,0.0,0.0,0.0108617699398392,0.0084367921440104,0.0096013207858733,SPY
2016-04-06,0.8085446229551182,-0.7826766624319776,-0.2301296647876057,-0.6125450722714022,1.360098788624638,1.3400375120829924,0.4178718886934559,0.5847613099943153,-0.8087490186203081,-0.012758982055980528,0.0,0.0,0.0,0.0,0.0,0.0,0.0,0.0,0.0,0.0,0.0,0.0,0.0,0.0,0.0,0.0,0.0,0.0,0.0,0.0,0.0,0.0,0.0,0.0,0.0,0.0,0.0,0.0,-0.0120379791599711,0.0076253597973074,-0.0068540513471591,SPY
2016-04-07,-0.9425242701910562,0.013400643511572212,0.018257238170433693,-0.5153584803493926,1.3617224378416672,1.3462046208987515,-0.08385770428113658,-0.2700645262746524,-0.4131610511200341,0.7017440130789315,0.0,0.0,0.0,0.0,0.0,0.0,0.0,0.0,0.0,0.0,0.0,0.0,0.0,0.0,0.0,0.0,0.0,0.0,0.0,0.0,0.0,0.0,0.0,0.0,0.0,0.0,0.0,0.0,0.002693204841778,0.0197112160227606,0.004988641687218,SPY
2016-04-08,0.18392117478934833,-0.0994802957729848,-0.3498129524768912,-0.514766849693498,1.3647505090455614,1.352802603976066,-0.03825848207060368,-0.3216129267577821,-0.7129067114488886,1.4162470082138434,0.0,0.0,0.0,0.0,0.0,0.0,0.0,0.0,0.0,0.0,0.0,0.0,0.0,0.0,0.0,0.0,0.0,0.0,0.0,0.0,0.0,0.0,0.0,0.0,0.0,0.0,0.0,0.0,-0.0023500557554125,0.0159118619811993,0.0059480868069483,SPY
2016-04-11,-0.20172046317266928,-0.5605166613998732,-0.5067029275046336,-0.6295282157664525,1.366461998502716,1.3553390880955354,-0.14649991486980368,-0.482705388131429,-0.8791353436837229,-1.4417649723258046,0.0,0.0,0.0,0.0,0.0,0.0,0.0,0.0,0.0,0.0,0.0,0.0,0.0,0.0,0.0,0.0,0.0,0.0,0.0,0.0,0.0,0.0,0.0,0.0,0.0,0.0,0.0,0.0,0.0092698522777769,0.0252641021247379,0.0091238863182061,SPY
2016-04-12,0.6868158875730189,-0.013727238375082992,-0.4724956836664906,-0.5918461313758321,1.3682173491267526,1.3602558182502655,0.15816580594121651,-0.0936542274000416,-0.3048342883113554,-0.7272619771908926,0.0,0.0,0.0,0.0,0.0,0.0,0.0,0.0,0.0,0.0,0.0,0.0,0.0,0.0,0.0,0.0,0.0,0.0,0.0,0.0,0.0,0.0,0.0,0.0,0.0,0.0,0.0,0.0,0.0100503375931362,0.0191434468931719,0.0122115617357918,SPY
2016-04-13,0.7464970461449427,0.35746079716154167,0.2671603939485437,-0.5562439225367473,1.3725620020773852,1.3678281020997012,0.4726312543428843,0.5076401440918484,-0.6677495805273759,-0.012758982055980528,0.0,0.0,0.0,0.0,0.0,0.0,0.0,0.0,0.0,0.0,0.0,0.0,0.0,0.0,0.0,0.0,0.0,0.0,0.0,0.0,0.0,0.0,0.0,0.0,0.0,0.0,0.0,0.0,4.787706548192716e-05,0.0100456479111459,-0.0072376552070352,SPY
2016-04-14,-0.018358385613606774,1.057342871078748,0.2360755441557923,-0.564597999858555,1.3780256650131855,1.374127749631567,0.4218956605309657,0.5295283251934024,-1.269396321858668,0.7017440130789315,0.0,0.0,0.0,0.0,0.0,0.0,0.0,0.0,0.0,0.0,0.0,0.0,0.0,0.0,0.0,0.0,0.0,0.0,0.0,0.0,0.0,0.0,0.0,0.0,0.0,0.0,0.0,0.0,-0.0011061491997832,0.004604843923297,-0.0069949174762191,SPY
2016-04-15,-0.10660299852057348,0.536851709566561,0.6990679635626454,-0.5757940710429817,1.3799128742527125,1.378758764154362,0.3417646311445292,0.461644495267729,-1.101009510683139,1.4162470082138434,0.0,0.0,0.0,0.0,0.0,0.0,0.0,0.0,0.0,0.0,0.0,0.0,0.0,0.0,0.0,0.0,0.0,0.0,0.0,0.0,0.0,0.0,0.0,0.0,0.0,0.0,0.0,0.0,0.007002184388126,0.0057109931230803,-0.0146413630925055,SPY
2016-04-18,0.5134147431217455,-0.0928238898104649,0.5535199703488085,-0.5613746959315651,1.3864738131008447,1.384117566522076,0.5611281789136883,0.40502833058277,-0.9188919507523566,-1.4417649723258046,0.0,0.0,0.0,0.0,0.0,0.0,0.0,0.0,0.0,0.0,0.0,0.0,0.0,0.0,0.0,0.0,0.0,0.0,0.0,0.0,0.0,0.0,0.0,0.0,0.0,0.0,0.0,0.0,0.0031491970462109,-0.0030156633016709,-0.0118266934111126,SPY
2016-04-19,0.21878940680444123,0.29967938769237057,0.9117913422861712,-0.5594155312119998,1.3990030541166387,1.3898843140127088,0.6321840518835081,0.3714001215809739,-0.7546651132664006,-0.7272619771908926,0.0,0.0,0.0,0.0,0.0,0.0,0.0,0.0,0.0,0.0,0.0,0.0,0.0,0.0,0.0,0.0,0.0,0.0,0.0,0.0,0.0,0.0,0.0,0.0,0.0,0.0,0.0,0.0,0.0009525386111102,-0.0046798967868362,-0.0243535441268631,SPY
2016-04-20,0.05081812302282752,0.539852458995045,0.6773175142714172,-0.5611436397913028,1.4070781071709602,1.3959929841366245,0.6173169043590078,0.5165270033495555,-0.8999717402373849,-0.012758982055980528,0.0,0.0,0.0,0.0,0.0,0.0,0.0,0.0,0.0,0.0,0.0,0.0,0.0,0.0,0.0,0.0,0.0,0.0,0.0,0.0,0.0,0.0,0.0,0.0,0.0,0.0,0.0,0.0,-0.0053929269223669,-0.0035763656622629,-0.0250131273682976,SPY
2016-04-21,-0.4343988660268468,0.19840856170304003,0.3287934309636603,-0.5708266566518263,1.4180934304911699,1.40234411854569,0.3611187496648687,0.04599888131029739,-0.7659635094228975,0.7017440130789315,0.0,0.0,0.0,0.0,0.0,0.0,0.0,0.0,0.0,0.0,0.0,0.0,0.0,0.0,0.0,0.0,0.0,0.0,0.0,0.0,0.0,0.0,0.0,0.0,0.0,0.0,0.0,0.0,0.0,-0.0073005473495797,-0.0230909926261091,SPY
2016-04-22,-0.022019388172853975,-0.28371158325879375,0.12036376285728188,-0.5716038923354827,1.427901864283966,1.408794513808153,0.3078896393844427,0.19702140342172159,-0.4221805179530498,1.4162470082138434,0.0,0.0,0.0,0.0,0.0,0.0,0.0,0.0,0.0,0.0,0.0,0.0,0.0,0.0,0.0,0.0,0.0,0.0,0.0,0.0,0.0,0.0,0.0,0.0,0.0,0.0,0.0,0.0,-0.0017244720366251,-0.0127140267077514,-0.0167935860547343,SPY
2016-04-25,-0.15388412290305498,-0.33747316000007027,0.162738807262828,-0.5668107335260433,1.437973543682292,1.414715603433546,0.19454127434384494,0.6462206671561526,-1.179438142434915,-1.4417649723258046,0.0,0.0,0.0,0.0,0.0,0.0,0.0,0.0,0.0,0.0,0.0,0.0,0.0,0.0,0.0,0.0,0.0,0.0,0.0,0.0,0.0,0.0,0.0,0.0,0.0,0.0,0.0,0.0,0.0014849635610456,-0.0030724106491231,-0.0164324120877736,SPY
2016-04-26,0.09153091702346183,-0.13042442038850402,-0.1715673185140744,-0.6025817589474549,1.4445562952075024,1.418905533217028,0.21578204006876714,0.305884690975649,-0.937167712691666,-0.7272619771908926,0.0,0.0,0.0,0.0,0.0,0.0,0.0,0.0,0.0,0.0,0.0,0.0,0.0,0.0,0.0,0.0,0.0,0.0,0.0,0.0,0.0,0.0,0.0,0.0,0.0,0.0,0.0,0.0,0.0020560697356835,-0.0132990214644728,-0.0050385803463299,SPY
2016-04-27,0.13520153772473484,-0.0466126131672675,-0.2353217992377343,-0.6087227747700727,1.4475184960568321,1.4225772565674997,0.2627306482029478,1.3567604092459478,-0.871140838101677,-0.012758982055980528,0.0,0.0,0.0,0.0,0.0,0.0,0.0,0.0,0.0,0.0,0.0,0.0,0.0,0.0,0.0,0.0,0.0,0.0,0.0,0.0,0.0,0.0,0.0,0.0,0.0,0.0,0.0,0.0,-0.0091171086096837,-0.0209486933933495,-0.0003343255454009,SPY
2016-04-28,-0.7191748553471449,0.16676234533303053,-0.1930470496688184,-0.5618285631903329,1.4462897545502187,1.424705321576689,-0.09497530044846388,0.4710681159064048,-0.3498709077546177,0.7017440130789315,0.0,0.0,0.0,0.0,0.0,0.0,0.0,0.0,0.0,0.0,0.0,0.0,0.0,0.0,0.0,0.0,0.0,0.0,0.0,0.0,0.0,0.0,0.0,0.0,0.0,0.0,0.0,0.0,-0.0054134793581717,-0.0120268709092599,0.0090693668831747,SPY
2016-04-29,-0.4359704435519677,-0.43162191959339563,-0.3357152940659459,-0.5686767304027319,1.4431080513558774,1.4240548331707261,-0.2902876857346876,0.2588262111226361,0.8915630122407253,1.4162470082138434,0.0,0.0,0.0,0.0,0.0,0.0,0.0,0.0,0.0,0.0,0.0,0.0,0.0,0.0,0.0,0.0,0.0,0.0,0.0,0.0,0.0,0.0,0.0,0.0,0.0,0.0,0.0,0.0,0.0079171440220031,-0.0029607415895798,0.0187729697022724,SPY
2016-05-02,0.583378712874579,-0.8532056036017395,-0.5430981934397128,-0.5427271360757666,1.440321334476194,1.4259513948525115,-0.011992153426118177,0.20276272029688158,-1.25097122710726,-1.4417649723258046,0.0,0.0,0.0,0.0,0.0,0.0,0.0,0.0,0.0,0.0,0.0,0.0,0.0,0.0,0.0,0.0,0.0,0.0,0.0,0.0,0.0,0.0,0.0,0.0,0.0,0.0,0.0,0.0,-0.008741647254304,-0.0100521418557377,0.008951622607574,SPY
2016-05-03,-0.690464553888456,0.10821293566498433,-0.1737412308295695,-0.5561021063272058,1.432114658619108,1.428123501187423,-0.3535715551892172,-0.8522744176338934,-0.023937783453973682,-0.7272619771908926,0.0,0.0,0.0,0.0,0.0,0.0,0.0,0.0,0.0,0.0,0.0,0.0,0.0,0.0,0.0,0.0,0.0,0.0,0.0,0.0,0.0,0.0,0.0,0.0,0.0,0.0,0.0,0.0,-0.0055936021931932,0.0110470330939289,0.0197401633945268,SPY
2016-05-04,-0.4497438474428453,-0.0796298999626666,-0.5655085326579098,-0.6019523630772992,1.4209457426105714,1.4265688226399729,-0.5468862489646051,-1.0950522811752104,-0.4009275540746858,-0.012758982055980528,0.0,0.0,0.0,0.0,0.0,0.0,0.0,0.0,0.0,0.0,0.0,0.0,0.0,0.0,0.0,0.0,0.0,0.0,0.0,0.0,0.0,0.0,0.0,0.0,0.0,0.0,0.0,0.0,-0.000195286125594,0.0072417559374313,0.0283727902887163,SPY
2016-05-05,-0.03695227928446548,-0.8421806364977609,-0.8585568734581498,-0.6866740322405032,1.4121685178649395,1.427693476153223,-0.5630697046014841,-1.0585915133080204,-1.1312083570883027,0.7017440130789315,0.0,0.0,0.0,0.0,0.0,0.0,0.0,0.0,0.0,0.0,0.0,0.0,0.0,0.0,0.0,0.0,0.0,0.0,0.0,0.0,0.0,0.0,0.0,0.0,0.0,0.0,0.0,0.0,0.0036526499615083,0.0077276568593234,0.0255763267483608,SPY
2016-05-06,0.2572868041033634,-0.3598213448945676,-0.5167742061509183,-0.6832119507399795,1.405037108732502,1.429038691785604,-0.4396570643979781,-1.2934088531140178,-0.429085687841003,1.4162470082138434,0.0,0.0,0.0,0.0,0.0,0.0,0.0,0.0,0.0,0.0,0.0,0.0,0.0,0.0,0.0,0.0,0.0,0.0,0.0,0.0,0.0,0.0,0.0,0.0,0.0,0.0,0.0,0.0,0.0008257437558452,-0.0046775879182545,0.0269995755778378,SPY
2016-05-09,0.04112253527215852,0.16204001483006714,-0.1694633437617129,-0.6877166335985192,1.3990686493563567,1.4311005763093696,-0.4258376004788342,-1.4731495424056813,-0.973500221113074,-1.4417649723258046,0.0,0.0,0.0,0.0,0.0,0.0,0.0,0.0,0.0,0.0,0.0,0.0,0.0,0.0,0.0,0.0,0.0,0.0,0.0,0.0,0.0,0.0,0.0,0.0,0.0,0.0,0.0,0.0,0.0123575276953626,0.0043135223954191,0.0277338230707284,SPY
2016-05-10,0.9229203248880647,0.21966726026230451,-0.4411250700774858,-0.6490930024561229,1.3980374403091935,1.4338902486780554,0.009288262180255222,-0.7285772385504887,-0.8290944778655216,-0.7272619771908926,0.0,0.0,0.0,0.0,0.0,0.0,0.0,0.0,0.0,0.0,0.0,0.0,0.0,0.0,0.0,0.0,0.0,0.0,0.0,0.0,0.0,0.0,0.0,0.0,0.0,0.0,0.0,0.0,-0.0093988793496908,-0.0174216589694831,0.0186308659078804,SPY
2016-05-11,-0.740720941973452,0.7109732785733053,0.3671551109212994,-0.6537523104447072,1.3917838440461974,1.4322363092772075,-0.3258966790155204,-0.8852061466970261,-0.6466241068095372,-0.012758982055980528,0.0,0.0,0.0,0.0,0.0,0.0,0.0,0.0,0.0,0.0,0.0,0.0,0.0,0.0,0.0,0.0,0.0,0.0,0.0,0.0,0.0,0.0,0.0,0.0,0.0,0.0,0.0,0.0,0.0002906147962979,-0.0077298242501164,0.0266630953238173,SPY
2016-05-12,0.00020297450314042396,0.13389235678449352,0.2213802113746692,-0.6536002430376885,1.3898310395669533,1.4306375696545628,-0.302271948276403,-0.8699159322502555,-0.3295029905830184,0.7017440130789315,0.0,0.0,0.0,0.0,0.0,0.0,0.0,0.0,0.0,0.0,0.0,0.0,0.0,0.0,0.0,0.0,0.0,0.0,0.0,0.0,0.0,0.0,0.0,0.0,0.0,0.0,0.0,0.0,-0.0087525948160696,-0.0114912312265929,0.0168496266222311,SPY
2016-05-13,-0.691301678119817,-0.547167976399532,0.2399944029736933,-0.6145723279632579,1.38638601216284,1.4273076109415865,-0.5975572153384372,-1.1056990592588185,-0.06267140421253539,1.4162470082138434,0.0,0.0,0.0,0.0,0.0,0.0,0.0,0.0,0.0,0.0,0.0,0.0,0.0,0.0,0.0,0.0,0.0,0.0,0.0,0.0,0.0,0.0,0.0,0.0,0.0,0.0,0.0,0.0,0.0098168540695189,0.0035587701608514,0.0178608593694624,SPY
2016-05-16,0.7286433249759278,-0.5106914754517331,-0.2352333496789449,-0.5861120634735709,1.3837747399506823,1.4245950997655439,-0.21406808725047569,-0.7272725815470862,-0.7623460274499044,-1.4417649723258046,0.0,0.0,0.0,0.0,0.0,0.0,0.0,0.0,0.0,0.0,0.0,0.0,0.0,0.0,0.0,0.0,0.0,0.0,0.0,0.0,0.0,0.0,0.0,0.0,0.0,0.0,0.0,0.0,-0.0093776536695395,-0.0076213819783319,0.0060751366211331,SPY
2016-05-17,-0.7390978836557904,0.026972444697512914,0.10920363845224149,-0.5563266908204048,1.3809002221329945,1.4190267554848663,-0.5149857953923419,-1.083186539546357,0.6547545285120272,-0.7272619771908926,0.0,0.0,0.0,0.0,0.0,0.0,0.0,0.0,0.0,0.0,0.0,0.0,0.0,0.0,0.0,0.0,0.0,0.0,0.0,0.0,0.0,0.0,0.0,0.0,0.0,0.0,0.0,0.0,0.0002929553696757,0.0146350669936969,0.0140575896949153,SPY
2016-05-18,0.000381950491747524,-0.00830607223260449,-0.7234410677779506,-0.5576226240409102,1.3806807197879827,1.413304029570482,-0.4581318220080754,-0.807351338430706,0.8406726807165866,-0.012758982055980528,0.0,0.0,0.0,0.0,0.0,0.0,0.0,0.0,0.0,0.0,0.0,0.0,0.0,0.0,0.0,0.0,0.0,0.0,0.0,0.0,0.0,0.0,0.0,0.0,0.0,0.0,0.0,0.0,-0.0034707921801784,0.0211024361606337,0.0167447125826099,SPY
2016-05-19,-0.2874195108901695,-0.5458378896893176,-0.3521602978015012,-0.5642207212407484,1.3789912002163893,1.4080444485572186,-0.5432742099260678,-0.7425447034115615,0.7137694923077315,0.7017440130789315,0.0,0.0,0.0,0.0,0.0,0.0,0.0,0.0,0.0,0.0,0.0,0.0,0.0,0.0,0.0,0.0,0.0,0.0,0.0,0.0,0.0,0.0,0.0,0.0,0.0,0.0,0.0,0.0,0.0062974065713747,0.0248598121597041,0.0164842071186104,SPY
2016-05-20,0.4595226892781119,-0.21245278219193303,-0.4962545914887793,-0.5368036869401607,1.378486443078166,1.4042072443689793,-0.2802876649326169,-0.8174387427600784,0.308190488760012,1.4162470082138434,0.0,0.0,0.0,0.0,0.0,0.0,0.0,0.0,0.0,0.0,0.0,0.0,0.0,0.0,0.0,0.0,0.0,0.0,0.0,0.0,0.0,0.0,0.0,0.0,0.0,0.0,0.0,0.0,-0.0013632980696645,0.0228525290492553,0.0166065446143095,SPY
2016-05-23,-0.12626633129309578,0.12644031915242782,0.08029012528308038,-0.5370700059026536,1.3769944952681432,1.4004583598258635,-0.3002249667468906,-0.5458537816086213,-1.457117644447364,-1.4417649723258046,0.0,0.0,0.0,0.0,0.0,0.0,0.0,0.0,0.0,0.0,0.0,0.0,0.0,0.0,0.0,0.0,0.0,0.0,0.0,0.0,0.0,0.0,0.0,0.0,0.0,0.0,0.0,0.0,0.0128787953024893,0.0223116240462246,0.0208043680694451,SPY
2016-05-24,0.9627799533873076,0.24538794503619724,-0.3480060245052707,-0.4504283938928408,1.3757216960840442,1.399300586445692,0.18818722146501143,0.1961929586701097,-0.07511857782853748,-0.7272619771908926,0.0,0.0,0.0,0.0,0.0,0.0,0.0,0.0,0.0,0.0,0.0,0.0,0.0,0.0,0.0,0.0,0.0,0.0,0.0,0.0,0.0,0.0,0.0,0.0,0.0,0.0,0.0,0.0,0.0067603245366125,0.011479722276384,0.0062929200414822,SPY
2016-05-25,0.4949205115631233,0.6168435807501139,0.504607722070916,-0.4305310733244607,1.3818217389608332,1.399223425253048,0.4427462568186152,0.408059064592116,-0.7245908694931051,-0.012758982055980528,0.0,0.0,0.0,0.0,0.0,0.0,0.0,0.0,0.0,0.0,0.0,0.0,0.0,0.0,0.0,0.0,0.0,0.0,0.0,0.0,0.0,0.0,0.0,0.0,0.0,0.0,0.0,0.0,0.0002865838188919,0.0077584224407676,0.0124711005794964,SPY
2016-05-26,-0.00010526115105187604,1.0753433781026946,0.7523636809322478,-0.4715493571845103,1.3879217032333817,1.4013073896880948,0.4362809216592508,0.312972693934725,-1.5254481499387431,0.7017440130789315,0.0,0.0,0.0,0.0,0.0,0.0,0.0,0.0,0.0,0.0,0.0,0.0,0.0,0.0,0.0,0.0,0.0,0.0,0.0,0.0,0.0,0.0,0.0,0.0,0.0,0.0,0.0,0.0,0.004290123460926,0.0044800889559262,-0.0243850392617384,SPY
2016-05-27,0.3060323169982893,0.3646350287279825,0.8963035534558937,-0.4833632726663437,1.3999463443194358,1.4056186799857295,0.5624602489950534,0.41334512725531813,-1.1326359477121846,1.4162470082138434,0.0,0.0,0.0,0.0,0.0,0.0,0.0,0.0,0.0,0.0,0.0,0.0,0.0,0.0,0.0,0.0,0.0,0.0,0.0,0.0,0.0,0.0,0.0,0.0,0.0,0.0,0.0,0.0,-0.0019042030726952,0.0052658642859855,-0.0467475389955378,SPY
2016-05-31,-0.16762756720995758,0.22521610843653003,0.8194073165319473,-0.5057667225214573,1.4066609544601363,1.4076806237579158,0.4734571383626929,-0.0702400430275706,0.6851225847433138,-0.7272619771908926,0.0,0.0,0.0,0.0,0.0,0.0,0.0,0.0,0.0,0.0,0.0,0.0,0.0,0.0,0.0,0.0,0.0,0.0,0.0,0.0,0.0,0.0,0.0,0.0,0.0,0.0,0.0,0.0,0.0020468935326487,0.0087300586074166,-0.0269679797025919,SPY
2016-06-01,0.13449986350020962,0.10156741197207082,0.7986859947363899,-0.5506545297584605,1.4185540513476667,1.4122124959241533,0.5131846843082358,0.4850534986796931,-0.8829594871482314,-0.012758982055980528,0.0,0.0,0.0,0.0,0.0,0.0,0.0,0.0,0.0,0.0,0.0,0.0,0.0,0.0,0.0,0.0,0.0,0.0,0.0,0.0,0.0,0.0,0.0,0.0,0.0,0.0,0.0,0.0,0.0030390247009961,0.0099377356072825,-0.0121304854635351,SPY
2016-06-02,0.21036488801387532,-0.025041185864028894,0.3837308344529226,-0.5734433993724106,1.4317197509086923,1.4187180119669258,0.5741604417463206,0.5748903890922887,-1.11873029121362,0.7017440130789315,0.0,0.0,0.0,0.0,0.0,0.0,0.0,0.0,0.0,0.0,0.0,0.0,0.0,0.0,0.0,0.0,0.0,0.0,0.0,0.0,0.0,0.0,0.0,0.0,0.0,0.0,0.0,0.0,-0.0029917496659495,0.0055320609725324,-0.0016161308898929,SPY
2016-06-03,-0.2507886970980783,0.25395613372512366,0.2411729898045799,-0.5646130014734043,1.445060816533001,1.4245729606058422,0.4129064302435719,0.9248385212082257,0.4141443459420694,1.4162470082138434,0.0,0.0,0.0,0.0,0.0,0.0,0.0,0.0,0.0,0.0,0.0,0.0,0.0,0.0,0.0,0.0,0.0,0.0,0.0,0.0,0.0,0.0,0.0,0.0,0.0,0.0,0.0,0.0,0.0050758987909853,-0.0009990432668063,0.0034738306621751,SPY
2016-06-06,0.3661179856871182,-0.03042646224925869,0.11558457277769249,-0.5599913089971273,1.4579193307173735,1.430780773086315,0.5532300876165475,0.786182002440918,-1.053281042490368,-1.4417649723258046,0.0,0.0,0.0,0.0,0.0,0.0,0.0,0.0,0.0,0.0,0.0,0.0,0.0,0.0,0.0,0.0,0.0,0.0,0.0,0.0,0.0,0.0,0.0,0.0,0.0,0.0,0.0,0.0,0.0015599912487358,-0.0138163041266299,-0.0088212913577097,SPY
2016-06-07,0.09726803883498783,0.08453534761757613,0.1456865377843738,-0.5601281232768032,1.47211616072132,1.4371650273623022,0.5595344312040325,1.5958653712757918,-1.1988054103988164,-0.7272619771908926,0.0,0.0,0.0,0.0,0.0,0.0,0.0,0.0,0.0,0.0,0.0,0.0,0.0,0.0,0.0,0.0,0.0,0.0,0.0,0.0,0.0,0.0,0.0,0.0,0.0,0.0,0.0,0.0,0.0032545705325146,-0.0173451640541761,-0.0044017775675699,SPY
2016-06-08,0.22684697255437794,0.34143702660154435,0.2783950261409548,-0.627014650000384,1.4819905041708012,1.441487337866104,0.6470563868290182,1.65882293907204,-0.9620690592304324,-0.012758982055980528,0.0,0.0,0.0,0.0,0.0,0.0,0.0,0.0,0.0,0.0,0.0,0.0,0.0,0.0,0.0,0.0,0.0,0.0,0.0,0.0,0.0,0.0,0.0,0.0,0.0,0.0,0.0,0.0,-0.0013666499337539,-0.0219949351824482,-0.0082765288871415,SPY
2016-06-09,-0.12652263737380529,0.23864069079243352,0.3246594600047587,-0.6898467719926182,1.4881344475165919,1.4476399900673207,0.5446497294690604,1.852030051887548,-0.6162864293341628,0.7017440130789315,0.0,0.0,0.0,0.0,0.0,0.0,0.0,0.0,0.0,0.0,0.0,0.0,0.0,0.0,0.0,0.0,0.0,0.0,0.0,0.0,0.0,0.0,0.0,0.0,0.0,0.0,0.0,0.0,-0.0095228539052882,-0.0176482069913239,0.0078707484283349,SPY
2016-06-10,-0.750200870635641,0.07346014830164423,0.1558841643027892,-0.6228252464845364,1.4897362447544233,1.4515101561266939,0.15499660404377932,0.8531281602494728,1.1417671292225848,1.4162470082138434,0.0,0.0,0.0,0.0,0.0,0.0,0.0,0.0,0.0,0.0,0.0,0.0,0.0,0.0,0.0,0.0,0.0,0.0,0.0,0.0,0.0,0.0,0.0,0.0,0.0,0.0,0.0,0.0,-0.0077413620688382,-0.0118566507302135,0.0209146689669346,SPY
2016-06-13,-0.6139760183630328,-0.6477016780606111,-0.09431339694251592,-0.6334640099959071,1.4858085480040104,1.455578903141284,-0.16621190198730207,0.41542305036762334,1.3600609725910315,-1.4417649723258046,0.0,0.0,0.0,0.0,0.0,0.0,0.0,0.0,0.0,0.0,0.0,0.0,0.0,0.0,0.0,0.0,0.0,0.0,0.0,0.0,0.0,0.0,0.0,0.0,0.0,0.0,0.0,0.0,-0.0019688686788104,0.0023044554056985,0.0358929101166278,SPY
2016-06-14,-0.17257233454479737,-1.007492422138111,-0.5853249152791877,-0.6804311631118717,1.4818588027637936,1.4569682588467536,-0.2503079041835481,-0.298711320568586,1.7421903789324973,-0.7272619771908926,0.0,0.0,0.0,0.0,0.0,0.0,0.0,0.0,0.0,0.0,0.0,0.0,0.0,0.0,0.0,0.0,0.0,0.0,0.0,0.0,0.0,0.0,0.0,0.0,0.0,0.0,0.0,0.0,-0.0013952005957573,0.0071078494699801,0.0377221712697686,SPY
2016-06-15,-0.12870581308874346,-0.581143136430492,-0.7205106534779921,-0.7410970938052469,1.4763291515670667,1.4601659158373042,-0.3275204197543988,-0.8312155302731565,0.9732485489838648,-0.012758982055980528,0.0,0.0,0.0,0.0,0.0,0.0,0.0,0.0,0.0,0.0,0.0,0.0,0.0,0.0,0.0,0.0,0.0,0.0,0.0,0.0,0.0,0.0,0.0,0.0,0.0,0.0,0.0,0.0,0.0029800782573703,0.0068703973402639,0.0446852894316274,SPY
2016-06-16,0.20585744632336403,-0.22296380063441232,-0.8986369479008024,-0.7379641161991429,1.4707557178077,1.4639810598637357,-0.24796624495470757,-0.6373293988545028,2.596872177782485,0.7017440130789315,0.0,0.0,0.0,0.0,0.0,0.0,0.0,0.0,0.0,0.0,0.0,0.0,0.0,0.0,0.0,0.0,0.0,0.0,0.0,0.0,0.0,0.0,0.0,0.0,0.0,0.0,0.0,0.0,-0.0037312976441779,0.0168288241575202,0.0403627202331913,SPY
2016-06-17,-0.3073395114332285,0.05635631027203972,-0.7321198088441405,-0.7364159948984416,1.4648619324611913,1.4677233480827294,-0.4156388378671108,-1.148630368213161,1.167657621769651,1.4162470082138434,0.0,0.0,0.0,0.0,0.0,0.0,0.0,0.0,0.0,0.0,0.0,0.0,0.0,0.0,0.0,0.0,0.0,0.0,0.0,0.0,0.0,0.0,0.0,0.0,0.0,0.0,0.0,0.0,0.0064197440670739,-0.0160094342206447,0.0467776115800866,SPY
2016-06-20,0.4688774373258121,-0.0754937368324478,-0.5102533067575776,-0.7355102440631759,1.4595538273197604,1.4715174589199713,-0.20888261018120366,-0.5992523803608147,-0.2779693245917393,-1.4417649723258046,0.0,0.0,0.0,0.0,0.0,0.0,0.0,0.0,0.0,0.0,0.0,0.0,0.0,0.0,0.0,0.0,0.0,0.0,0.0,0.0,0.0,0.0,0.0,0.0,0.0,0.0,0.0,0.0,0.0028345253854711,-0.040501554560592,0.0393408144471472,SPY
2016-06-21,0.19472749441079523,0.11864207586410033,0.032239063583132097,-0.7366322738445008,1.4548230310316637,1.4762741788410705,-0.14195502426998846,-0.5510091672201383,-0.7272097544727986,-0.7272619771908926,0.0,0.0,0.0,0.0,0.0,0.0,0.0,0.0,0.0,0.0,0.0,0.0,0.0,0.0,0.0,0.0,0.0,0.0,0.0,0.0,0.0,0.0,0.0,0.0,0.0,0.0,0.0,0.0,-0.0016326527254735,-0.0254607237258124,0.0406604890244119,SPY
2016-06-22,-0.14686300058215548,0.48921917852527347,0.2162504399970413,-0.8408374243266661,1.447828078862858,1.4777210845120794,-0.21406820613427646,-0.8323058543029962,0.2539992345485419,-0.012758982055980528,0.0,0.0,0.0,0.0,0.0,0.0,0.0,0.0,0.0,0.0,0.0,0.0,0.0,0.0,0.0,0.0,0.0,0.0,0.0,0.0,0.0,0.0,0.0,0.0,0.0,0.0,0.0,0.0,0.0129385050746266,-0.0069436832286333,0.0385089438993109,SPY
2016-06-23,0.9673457643117312,0.034739388347337315,0.2071539776546315,-0.755403392350667,1.4474469268947436,1.480616910300386,0.24470544419926132,0.03681276316399409,0.5460927199437463,0.7017440130789315,0.0,0.0,0.0,0.0,0.0,0.0,0.0,0.0,0.0,0.0,0.0,0.0,0.0,0.0,0.0,0.0,0.0,0.0,0.0,0.0,0.0,0.0,0.0,0.0,0.0,0.0,0.0,0.0,-0.0365695560223429,-0.0063288090286217,0.0300454243208179,SPY
2016-06-24,-2.818373693531661,0.6050111580320513,0.5886475218105972,-0.13883585003201537,1.4347793817156371,1.4750563275627613,-1.0580509258696362,-1.4573124642980733,5.727271710003799,1.4162470082138434,0.0,0.0,0.0,0.0,0.0,0.0,0.0,0.0,0.0,0.0,0.0,0.0,0.0,0.0,0.0,0.0,0.0,0.0,0.0,0.0,0.0,0.0,0.0,0.0,0.0,0.0,0.0,0.0,-0.0180723762728733,0.0323389588798397,0.0638953498741932,SPY
2016-06-27,-1.403954874833867,-1.366838576760379,-0.6693406928426688,-0.06005114722782869,1.4176376830976605,1.4644688718571555,-1.6245965540723668,-1.8333440750667227,2.936876823349343,-1.4417649723258046,0.0,0.0,0.0,0.0,0.0,0.0,0.0,0.0,0.0,0.0,0.0,0.0,0.0,0.0,0.0,0.0,0.0,0.0,0.0,0.0,0.0,0.0,0.0,0.0,0.0,0.0,0.0,0.0,0.0178753562202507,0.0431921119238136,0.0824291846288032,SPY
2016-06-28,1.3448506196495142,-3.117102406417747,-1.6075999142881714,0.0642803730789249,1.4093360926186937,1.4583125265044097,-0.9336781166958524,-1.3156212406678058,1.3367137700913403,-0.7272619771908926,0.0,0.0,0.0,0.0,0.0,0.0,0.0,0.0,0.0,0.0,0.0,0.0,0.0,0.0,0.0,0.0,0.0,0.0,0.0,0.0,0.0,0.0,0.0,0.0,0.0,0.0,0.0,0.0,0.0168843877717055,0.0312962607424385,0.0634922870457073,SPY
2016-06-29,1.2690745045150824,-0.0442145533041079,-1.0314065086924769,0.15633309613396512,1.4093026858159616,1.4555170675400133,-0.292950660162679,-0.8089041764952435,0.84541825537068,-0.012758982055980528,0.0,0.0,0.0,0.0,0.0,0.0,0.0,0.0,0.0,0.0,0.0,0.0,0.0,0.0,0.0,0.0,0.0,0.0,0.0,0.0,0.0,0.0,0.0,0.0,0.0,0.0,0.0,0.0,0.0135533792746382,0.013791692183676,0.0477615917046536,SPY
2016-06-30,1.0143631827186157,1.9287561282926506,-0.3220443236626655,0.20786945787409972,1.414128789747147,1.4551415313029736,0.21434289365297063,-0.29536585570423857,1.3808902615017409,0.7017440130789315,0.0,0.0,0.0,0.0,0.0,0.0,0.0,0.0,0.0,0.0,0.0,0.0,0.0,0.0,0.0,0.0,0.0,0.0,0.0,0.0,0.0,0.0,0.0,0.0,0.0,0.0,0.0,0.0,0.0020982118861185,0.0150189402907603,0.0358214936907952,SPY
2016-07-01,0.13842401009311664,1.6848223994910916,-0.2984893443394236,0.2064673136795024,1.421628223939331,1.4559483762899845,0.2864455741678721,-0.0713367016155093,0.15529165331838013,1.4162470082138434,0.0,0.0,0.0,0.0,0.0,0.0,0.0,0.0,0.0,0.0,0.0,0.0,0.0,0.0,0.0,0.0,0.0,0.0,0.0,0.0,0.0,0.0,0.0,0.0,0.0,0.0,0.0,0.0,-0.0072192232288994,0.0164417950379531,0.0328940507908841,SPY
2016-07-05,-0.5740497695410387,0.8502860139722973,1.182819309597496,0.21289856232099472,1.4228633716916446,1.4539016988607512,0.03304200533433642,-0.19635806134575512,0.22823092680931972,-0.7272619771908926,0.0,0.0,0.0,0.0,0.0,0.0,0.0,0.0,0.0,0.0,0.0,0.0,0.0,0.0,0.0,0.0,0.0,0.0,0.0,0.0,0.0,0.0,0.0,0.0,0.0,0.0,0.0,0.0,0.0059795050388755,0.0308978973477076,0.033685384038363,SPY
2016-07-06,0.4352137991581124,-0.32212615975403447,1.598588576771109,0.22295307015454532,1.4255541127921845,1.4528765629440525,0.2649707353129939,-0.04587341413218711,-0.06333845623657648,-0.012758982055980528,0.0,0.0,0.0,0.0,0.0,0.0,0.0,0.0,0.0,0.0,0.0,0.0,0.0,0.0,0.0,0.0,0.0,0.0,0.0,0.0,0.0,0.0,0.0,0.0,0.0,0.0,0.0,0.0,-0.0006201807870569,0.0247787847831624,0.0306242654852209,SPY
2016-07-07,-0.06944258392966887,-0.1030647618710292,1.14287498754527,0.2194469032152825,1.428708147293439,1.4509464864058768,0.2574458733314416,-0.1175716805441977,-0.2705966166601474,0.7017440130789315,0.0,0.0,0.0,0.0,0.0,0.0,0.0,0.0,0.0,0.0,0.0,0.0,0.0,0.0,0.0,0.0,0.0,0.0,0.0,0.0,0.0,0.0,0.0,0.0,0.0,0.0,0.0,0.0,0.0147806273817225,0.0309668831363207,0.0323079858979724,SPY
2016-07-08,1.1082068303114898,0.26938725479058945,0.4722992007320624,0.2785013899899601,1.4327664842935957,1.4527942866377934,0.8005912308445893,0.2360275720762341,0.7221581955347077,1.4162470082138434,0.0,0.0,0.0,0.0,0.0,0.0,0.0,0.0,0.0,0.0,0.0,0.0,0.0,0.0,0.0,0.0,0.0,0.0,0.0,0.0,0.0,0.0,0.0,0.0,0.0,0.0,0.0,0.0,0.0035210666333114,0.0148437648135324,0.0256730655580481,SPY
2016-07-11,0.24722505749391502,0.7661253488956193,0.519313376617655,0.25233752305463747,1.4551761605876041,1.457689746609653,0.8942107827113888,0.19045257714716268,-0.5345987181342794,-1.4417649723258046,0.0,0.0,0.0,0.0,0.0,0.0,0.0,0.0,0.0,0.0,0.0,0.0,0.0,0.0,0.0,0.0,0.0,0.0,0.0,0.0,0.0,0.0,0.0,0.0,0.0,0.0,0.0,0.0,0.007236879080855,0.0140062918829384,0.0215562072159194,SPY
2016-07-12,0.5313610784301815,0.9998586468406323,0.5738209720729053,0.2386700771007173,1.4890332870206953,1.4660893161510866,1.10129486080219,0.2650130123804635,0.031738814852153414,-0.7272619771908926,0.0,0.0,0.0,0.0,0.0,0.0,0.0,0.0,0.0,0.0,0.0,0.0,0.0,0.0,0.0,0.0,0.0,0.0,0.0,0.0,0.0,0.0,0.0,0.0,0.0,0.0,0.0,0.0,-0.0001396075256696,0.0057523597362179,0.0149151198438817,SPY
2016-07-13,-0.03269471891048068,0.574087136412014,1.1276142374180964,0.2357665748814495,1.5148837853918848,1.4749077127752925,1.0228107696485995,0.3002600007422464,-0.2612123041150227,-0.012758982055980528,0.0,0.0,0.0,0.0,0.0,0.0,0.0,0.0,0.0,0.0,0.0,0.0,0.0,0.0,0.0,0.0,0.0,0.0,0.0,0.0,0.0,0.0,0.0,0.0,0.0,0.0,0.0,0.0,0.0055679175661014,0.0100461672246234,0.012576671156669,SPY
2016-07-14,0.4037410516951568,0.36747754344917066,0.8931995068411224,0.23586658989474002,1.535749359961487,1.485375960659348,1.1495439421157196,0.18144397772454987,-0.18071538379435556,0.7017440130789315,0.0,0.0,0.0,0.0,0.0,0.0,0.0,0.0,0.0,0.0,0.0,0.0,0.0,0.0,0.0,0.0,0.0,0.0,0.0,0.0,0.0,0.0,0.0,0.0,0.0,0.0,0.0,0.0,-0.0013424909410657,0.0006940518079474,0.0116386026924208,SPY
2016-07-15,-0.12467527824328957,0.27328083424797023,1.1302569874706248,0.23896512348828972,1.549755378168651,1.4948391775906456,1.0198879639164051,1.2893512171889712,0.14299697198212993,1.4162470082138434,0.0,0.0,0.0,0.0,0.0,0.0,0.0,0.0,0.0,0.0,0.0,0.0,0.0,0.0,0.0,0.0,0.0,0.0,0.0,0.0,0.0,0.0,0.0,0.0,0.0,0.0,0.0,0.0,0.0026835937027174,0.0065115282451468,0.0121119925814179,SPY
2016-07-18,0.18318624242989912,0.20538971855634103,0.5126026466114776,0.2294419186185872,1.5640701538373039,1.505800905566992,1.0323486831445825,2.160350320169784,-0.8545688710584238,-1.4417649723258046,0.0,0.0,0.0,0.0,0.0,0.0,0.0,0.0,0.0,0.0,0.0,0.0,0.0,0.0,0.0,0.0,0.0,0.0,0.0,0.0,0.0,0.0,0.0,0.0,0.0,0.0,0.0,0.0,-0.0010170530658655,0.0011083040734618,0.0123077220284049,SPY
2016-07-19,-0.09979010865340188,0.04259757877391021,0.480520218102452,0.22719349491055832,1.581230285149964,1.5150446071012489,0.9176430108785466,1.9680348895058744,-0.9211445569101424,-0.7272619771908926,0.0,0.0,0.0,0.0,0.0,0.0,0.0,0.0,0.0,0.0,0.0,0.0,0.0,0.0,0.0,0.0,0.0,0.0,0.0,0.0,0.0,0.0,0.0,0.0,0.0,0.0,0.0,0.0,0.0041541999627359,0.0025868156210639,0.0081538804189653,SPY
2016-07-20,0.2956386917890827,0.06096539410236351,0.164323504941004,0.22828110674606772,1.5976185228089073,1.5246318704750834,0.997887761752588,1.8335391408616952,-0.8376414244654411,-0.012758982055980528,0.0,0.0,0.0,0.0,0.0,0.0,0.0,0.0,0.0,0.0,0.0,0.0,0.0,0.0,0.0,0.0,0.0,0.0,0.0,0.0,0.0,0.0,0.0,0.0,0.0,0.0,0.0,0.0,-0.0037841978505746,-0.0026289257045171,0.0058790210106431,SPY
2016-07-21,-0.3113846171441483,0.14396687076905532,0.3288133251440057,0.23383232825230982,1.6124849037438498,1.5336872015318832,0.7797574674881247,1.2945376137299205,-0.6361730786566262,0.7017440130789315,0.0,0.0,0.0,0.0,0.0,0.0,0.0,0.0,0.0,0.0,0.0,0.0,0.0,0.0,0.0,0.0,0.0,0.0,0.0,0.0,0.0,0.0,0.0,0.0,0.0,0.0,0.0,0.0,0.0044749854961336,0.0023089645767093,0.0119044939660009,SPY
2016-07-22,0.3201681120222795,-0.012211645211484991,-0.029453268679932008,0.2009839809686851,1.6226090514735267,1.5408139570104866,0.8922499866117939,1.3522513134202163,-0.7306255129028087,1.4162470082138434,0.0,0.0,0.0,0.0,0.0,0.0,0.0,0.0,0.0,0.0,0.0,0.0,0.0,0.0,0.0,0.0,0.0,0.0,0.0,0.0,0.0,0.0,0.0,0.0,0.0,0.0,0.0,0.0,-0.0027196304689676,-0.0005527396586444,0.0059666224278522,SPY
2016-07-25,-0.22998063239020466,0.00589359049245281,0.1934061994667122,-0.2916889857257107,1.6297774045995732,1.5556770354647333,0.6684986204950633,1.7077372434454563,-0.8506820671230855,-1.4417649723258046,0.0,0.0,0.0,0.0,0.0,0.0,0.0,0.0,0.0,0.0,0.0,0.0,0.0,0.0,0.0,0.0,0.0,0.0,0.0,0.0,0.0,0.0,0.0,0.0,0.0,0.0,0.0,0.0,0.0004614584817366,0.0013376597965306,0.008640429312881,SPY
2016-07-26,0.013266832183774824,0.06597810603331762,-0.013583837910819109,-0.4970209233066567,1.6337476262447579,1.5746854296420114,0.533341592508815,1.6017080196356466,-0.5413723641733846,-0.7272619771908926,0.0,0.0,0.0,0.0,0.0,0.0,0.0,0.0,0.0,0.0,0.0,0.0,0.0,0.0,0.0,0.0,0.0,0.0,0.0,0.0,0.0,0.0,0.0,0.0,0.0,0.0,0.0,0.0,-0.0010615413628451,-0.0055516886666264,0.0101901325158735,SPY
2016-07-27,-0.10319198317222228,-0.16054661230455403,0.043055892512549994,-0.5909456010249379,1.6372767994896364,1.5894488325039187,0.3756642558983981,1.557304318098393,-0.2652119243736051,-0.012758982055980528,0.0,0.0,0.0,0.0,0.0,0.0,0.0,0.0,0.0,0.0,0.0,0.0,0.0,0.0,0.0,0.0,0.0,0.0,0.0,0.0,0.0,0.0,0.0,0.0,0.0,0.0,0.0,0.0,0.0011536924306518,-0.0015717608180478,0.006123743473652,SPY
2016-07-28,0.06619969749342952,-0.0669635452425499,-0.1567519365964299,-0.7073221950596821,1.6387104622544202,1.6006542887317143,0.3302229533779422,1.1553081520662507,-0.6376616545731789,0.7017440130789315,0.0,0.0,0.0,0.0,0.0,0.0,0.0,0.0,0.0,0.0,0.0,0.0,0.0,0.0,0.0,0.0,0.0,0.0,0.0,0.0,0.0,0.0,0.0,0.0,0.0,0.0,0.0,0.0,0.0016132812607798,-0.0016619136230051,0.0042813620387924,SPY
2016-07-29,0.10134295170843963,-0.027893644943027693,0.03241180368171219,-0.7973011384626916,1.641555621387825,1.6091220729543343,0.3239042970772418,1.0765897977966017,-0.3381057621978118,1.4162470082138434,0.0,0.0,0.0,0.0,0.0,0.0,0.0,0.0,0.0,0.0,0.0,0.0,0.0,0.0,0.0,0.0,0.0,0.0,0.0,0.0,0.0,0.0,0.0,0.0,0.0,0.0,0.0,0.0,-0.0008292310137925,0.0048705121580132,0.0007828688715534,SPY
2016-08-01,-0.08542797082392517,0.12307417942864182,-0.07721612361092471,-0.7926494818386237,1.6427245843686085,1.616902713748327,0.23147289842070923,0.5700581825986513,-0.4668664172237604,-1.4417649723258046,0.0,0.0,0.0,0.0,0.0,0.0,0.0,0.0,0.0,0.0,0.0,0.0,0.0,0.0,0.0,0.0,0.0,0.0,0.0,0.0,0.0,0.0,0.0,0.0,0.0,0.0,0.0,0.0,-0.0064278899814205,0.0051039514629884,0.0065247527801721,SPY
2016-08-02,-0.5135391050908277,0.011157360848107813,-0.004797537697782309,-0.8025429549906589,1.6413128914893846,1.6248163672457892,-0.07038635963774917,-0.10559413846456,-0.08147334914960988,-0.7272619771908926,0.0,0.0,0.0,0.0,0.0,0.0,0.0,0.0,0.0,0.0,0.0,0.0,0.0,0.0,0.0,0.0,0.0,0.0,0.0,0.0,0.0,0.0,0.0,0.0,0.0,0.0,0.0,0.0,0.0029183864857333,0.0121276331532262,0.0113021058154929,SPY
2016-08-03,0.20114007838165493,-0.44268885576188105,-0.2687189391766697,-0.8155974708488664,1.6393056928748682,1.6320428970640999,-0.018098101135137976,-0.3222581593882193,-0.8493408509507719,-0.012758982055980528,0.0,0.0,0.0,0.0,0.0,0.0,0.0,0.0,0.0,0.0,0.0,0.0,0.0,0.0,0.0,0.0,0.0,0.0,0.0,0.0,0.0,0.0,0.0,0.0,0.0,0.0,0.0,0.0,0.0010635396256946,0.0067311904546105,0.005535964857084,SPY
2016-08-04,0.05930600744895062,-0.23117215350150033,-0.11625341341628691,-0.8190608642949697,1.6396144503363557,1.6396684649928166,-0.03783610527718908,-0.1059496936492208,-0.9798619941699304,0.7017440130789315,0.0,0.0,0.0,0.0,0.0,0.0,0.0,0.0,0.0,0.0,0.0,0.0,0.0,0.0,0.0,0.0,0.0,0.0,0.0,0.0,0.0,0.0,0.0,0.0,0.0,0.0,0.0,0.0,0.0081457070417982,0.0102974999307692,0.0045180813975971,SPY
2016-08-05,0.6008561792145952,0.19164647350972033,-0.11970704255971391,-0.9310579270573915,1.6416878337224015,1.645797773316453,0.21852436567192401,0.28719607547938764,-0.4681037498092731,1.4162470082138434,0.0,0.0,0.0,0.0,0.0,0.0,0.0,0.0,0.0,0.0,0.0,0.0,0.0,0.0,0.0,0.0,0.0,0.0,0.0,0.0,0.0,0.0,0.0,0.0,0.0,0.0,0.0,0.0,-0.0005957917088172,0.0012826918369022,0.0008704608657152,SPY
2016-08-08,-0.06757763090979498,0.4866780784738344,0.1305411451176926,-0.9332473885110757,1.6447759585669741,1.6509516946469311,0.15600289907396442,0.32648281095822523,-1.078207947902902,-1.4417649723258046,0.0,0.0,0.0,0.0,0.0,0.0,0.0,0.0,0.0,0.0,0.0,0.0,0.0,0.0,0.0,0.0,0.0,0.0,0.0,0.0,0.0,0.0,0.0,0.0,0.0,0.0,0.0,0.0,0.0005957917088172,0.0047578066954239,0.0044839307310535,SPY
2016-08-09,0.023538854564086824,0.39302489965351056,0.1394838816999383,-0.9725961293378245,1.6479301502767116,1.6545317409417983,0.15039791028731722,0.0867944567671192,-0.8323403836914299,-0.7272619771908926,0.0,0.0,0.0,0.0,0.0,0.0,0.0,0.0,0.0,0.0,0.0,0.0,0.0,0.0,0.0,0.0,0.0,0.0,0.0,0.0,0.0,0.0,0.0,0.0,0.0,0.0,0.0,0.0,-0.0024780562128823,-0.0010088796886984,0.0037969388428651,SPY
2016-08-10,-0.21150823937960178,-0.0330946799938859,0.4085514031270246,-0.9630814197655787,1.6504005243855808,1.6575465375579725,0.03444370218150432,0.21858862238322158,-0.691696161681521,-0.012758982055980528,0.0,0.0,0.0,0.0,0.0,0.0,0.0,0.0,0.0,0.0,0.0,0.0,0.0,0.0,0.0,0.0,0.0,0.0,0.0,0.0,0.0,0.0,0.0,0.0,0.0,0.0,0.0,0.0,0.0046298491018532,0.0033485170785976,0.0039894290896658,SPY
2016-08-11,0.3320100252884074,-0.13933027653808122,0.2018211545939845,-0.9716644985577293,1.6545472911576757,1.6603507257896204,0.18560305971278232,0.23201064165828347,-0.3931945963289978,0.7017440130789315,0.0,0.0,0.0,0.0,0.0,0.0,0.0,0.0,0.0,0.0,0.0,0.0,0.0,0.0,0.0,0.0,0.0,0.0,0.0,0.0,0.0,0.0,0.0,0.0,0.0,0.0,0.0,0.0,-0.0008691010520687,0.0009599430815274,-0.0248663968367344,SPY
2016-08-12,-0.08847670220913408,0.08835318278294242,0.3384415331520943,-0.9733218605754783,1.6575031250634258,1.6632657480660895,0.13042922837816343,0.4380000901300774,-0.5920630775570076,1.4162470082138434,0.0,0.0,0.0,0.0,0.0,0.0,0.0,0.0,0.0,0.0,0.0,0.0,0.0,0.0,0.0,0.0,0.0,0.0,0.0,0.0,0.0,0.0,0.0,0.0,0.0,0.0,0.0,0.0,0.0028793231497044,0.0003661580915812,-0.0097519543851065,SPY
2016-08-15,0.19815303287803013,0.17916311462448334,-0.006903284129269108,-0.9724457527762469,1.6622453189665725,1.6662361281165468,0.21507570746521604,0.5976101644933867,-0.791234139837394,-1.4417649723258046,0.0,0.0,0.0,0.0,0.0,0.0,0.0,0.0,0.0,0.0,0.0,0.0,0.0,0.0,0.0,0.0,0.0,0.0,0.0,0.0,0.0,0.0,0.0,0.0,0.0,0.0,0.0,0.0,-0.005170894675305,-0.002558988642062,-0.0271111589998307,SPY
2016-08-16,-0.4174207865111782,0.08036288309963073,0.1262235548840199,-0.9426114638642727,1.6675610487194505,1.6681979223090324,0.006693379220625222,0.1731800031666391,-0.704905282982043,-0.7272619771908926,0.0,0.0,0.0,0.0,0.0,0.0,0.0,0.0,0.0,0.0,0.0,0.0,0.0,0.0,0.0,0.0,0.0,0.0,0.0,0.0,0.0,0.0,0.0,0.0,0.0,0.0,0.0,0.0,0.0018793405544137,0.0046230677179721,-0.0223154589731633,SPY
2016-08-17,0.12168763543332053,-0.16243169268265342,-0.09469021664690222,-0.9544577267512621,1.6723915937902945,1.6696166652309474,0.06577826554298433,0.2203906172290768,-0.2873672407617906,-0.012758982055980528,0.0,0.0,0.0,0.0,0.0,0.0,0.0,0.0,0.0,0.0,0.0,0.0,0.0,0.0,0.0,0.0,0.0,0.0,0.0,0.0,0.0,0.0,0.0,0.0,0.0,0.0,0.0,0.0,0.0022412751047831,-0.0023842032415082,-0.0142515139871495,SPY
2016-08-18,0.14936358636816963,-0.21887102271044404,0.07223562079249889,-0.9691934978662097,1.6777954782002624,1.6724872906911725,0.12722947784654653,0.26027995294106643,-0.6997507727308366,0.7017440130789315,0.0,0.0,0.0,0.0,0.0,0.0,0.0,0.0,0.0,0.0,0.0,0.0,0.0,0.0,0.0,0.0,0.0,0.0,0.0,0.0,0.0,0.0,0.0,0.0,0.0,0.0,0.0,0.0,-0.0014628860420149,-0.005314167350499,-0.0203659455641567,SPY
2016-08-19,-0.13388149771933977,0.19947415490616793,-0.019267342109441407,-0.9822463406470109,1.6785896168543912,1.6739282320212079,0.061446973327023924,0.20274735911288308,-0.266294526059051,1.4162470082138434,0.0,0.0,0.0,0.0,0.0,0.0,0.0,0.0,0.0,0.0,0.0,0.0,0.0,0.0,0.0,0.0,0.0,0.0,0.0,0.0,0.0,0.0,0.0,0.0,0.0,0.0,0.0,0.0,-4.582358393889763e-05,-0.0057364932149432,-0.0187155414536617,SPY
2016-08-22,-0.025523367716828175,0.010837841842476811,-0.04201442299260451,-0.9922082246271205,1.6796482980840364,1.6760120187109953,0.04362454232432962,0.86229915508587,-0.5404899183918741,-1.4417649723258046,0.0,0.0,0.0,0.0,0.0,0.0,0.0,0.0,0.0,0.0,0.0,0.0,0.0,0.0,0.0,0.0,0.0,0.0,0.0,0.0,0.0,0.0,0.0,0.0,0.0,0.0,0.0,0.0,0.0020111616847291,-0.0007780167361781,-0.0186226154005355,SPY
2016-08-23,0.13176756599275963,-0.1182467225357437,-0.1540727445600311,-0.9896571386884239,1.6813907183103103,1.678472585854646,0.09964721935082033,0.8141425335300873,-0.6890639637056217,-0.7272619771908926,0.0,0.0,0.0,0.0,0.0,0.0,0.0,0.0,0.0,0.0,0.0,0.0,0.0,0.0,0.0,0.0,0.0,0.0,0.0,0.0,0.0,0.0,0.0,0.0,0.0,0.0,0.0,0.0,-0.0051279304050666,-0.004439715367007,-0.0094512722425941,SPY
2016-08-24,-0.4141354493311385,0.07782961629793463,0.12106189120085999,-0.9601549952399513,1.6818538545025417,1.6799466865505503,-0.10270781256296008,0.18818903691654398,-0.3238422449183024,-0.012758982055980528,0.0,0.0,0.0,0.0,0.0,0.0,0.0,0.0,0.0,0.0,0.0,0.0,0.0,0.0,0.0,0.0,0.0,0.0,0.0,0.0,0.0,0.0,0.0,0.0,0.0,0.0,0.0,0.0,-0.0006886890042077,-0.0021595394346158,0.0019584961765444,SPY
2016-08-25,-0.07468118315862997,-0.20900608010809021,-0.1473769578511862,-0.9600530265769123,1.679758501230931,1.6809775300650676,-0.13620137465728469,-0.5685256151952272,-0.3718175686934288,0.7017440130789315,0.0,0.0,0.0,0.0,0.0,0.0,0.0,0.0,0.0,0.0,0.0,0.0,0.0,0.0,0.0,0.0,0.0,0.0,0.0,0.0,0.0,0.0,0.0,0.0,0.0,0.0,0.0,0.0,-0.0018852119064591,-0.0014251942642005,-0.0028474155450002,SPY
2016-08-26,-0.16617537486078987,-0.36138649630359915,-0.2596198263986339,-0.9582166300431553,1.677177727464563,1.6811659992898946,-0.20753932899045527,-0.6837105578943918,0.6347949023917202,1.4162470082138434,0.0,0.0,0.0,0.0,0.0,0.0,0.0,0.0,0.0,0.0,0.0,0.0,0.0,0.0,0.0,0.0,0.0,0.0,0.0,0.0,0.0,0.0,0.0,0.0,0.0,0.0,0.0,0.0,0.0049126528948262,0.0049581041521751,-0.0090971826678396,SPY
2016-08-29,0.3536351060952043,-0.17836645136279042,-0.2757985455650352,-0.9373989554544181,1.6755678339898352,1.6827399928223472,-0.03726453805770808,-0.2766889404987677,-0.3554273307350154,-1.4417649723258046,0.0,0.0,0.0,0.0,0.0,0.0,0.0,0.0,0.0,0.0,0.0,0.0,0.0,0.0,0.0,0.0,0.0,0.0,0.0,0.0,0.0,0.0,0.0,0.0,0.0,0.0,0.0,0.0,-0.0016505369460997,0.0030631294138698,-0.0078212081422943,SPY
2016-08-30,-0.14823054842209937,0.13777503502593783,-0.08584617656030291,-0.9802000855704869,1.6756559886469264,1.6854554664194015,-0.11949455408393937,-0.20319482119161242,-0.5904763034765046,-0.7272619771908926,0.0,0.0,0.0,0.0,0.0,0.0,0.0,0.0,0.0,0.0,0.0,0.0,0.0,0.0,0.0,0.0,0.0,0.0,0.0,0.0,0.0,0.0,0.0,0.0,0.0,0.0,0.0,0.0,-0.0028477544726754,0.0046224661805984,-0.0012194382396018,SPY
2016-08-31,-0.23977785577375407,0.15102016309052432,-0.226120781569735,-0.9755625236816321,1.6734724414161066,1.68678559345409,-0.23525320696277507,-0.8812525461150658,-0.07734756712104669,-0.012758982055980528,0.0,0.0,0.0,0.0,0.0,0.0,0.0,0.0,0.0,0.0,0.0,0.0,0.0,0.0,0.0,0.0,0.0,0.0,0.0,0.0,0.0,0.0,0.0,0.0,0.0,0.0,0.0,0.0,4.565616620766377e-05,0.0051846546871923,-0.0074600456723059,SPY
2016-09-01,-0.018528210515051075,-0.28697965273346415,-0.1387703984510171,-0.9762033253535667,1.6702300557471537,1.6878717552436484,-0.24187574480746957,-0.8084711760433716,0.15488745450373712,0.7017440130789315,0.0,0.0,0.0,0.0,0.0,0.0,0.0,0.0,0.0,0.0,0.0,0.0,0.0,0.0,0.0,0.0,0.0,0.0,0.0,0.0,0.0,0.0,0.0,0.0,0.0,0.0,0.0,0.0,0.0044980865099164,-0.0190869783035623,1.2048945768228236e-05,SPY
2016-09-02,0.3219345709672614,-0.19124598366040102,-0.11063865165642311,-1.0259319436286791,1.6698549956077724,1.688082343878703,-0.07667486353766287,-0.6430249669597707,-0.20494138232253467,1.4162470082138434,0.0,0.0,0.0,0.0,0.0,0.0,0.0,0.0,0.0,0.0,0.0,0.0,0.0,0.0,0.0,0.0,0.0,0.0,0.0,0.0,0.0,0.0,0.0,0.0,0.0,0.0,0.0,0.0,0.0030176781565209,-0.0093397234139196,-0.0068928046530798,SPY
2016-09-06,0.20873258759679372,0.22335557590739252,0.1338966731449316,-1.016908431054426,1.6709576952127834,1.689168446419842,0.027287299458482024,0.1222846119046067,-0.6212573443463069,-0.7272619771908926,0.0,0.0,0.0,0.0,0.0,0.0,0.0,0.0,0.0,0.0,0.0,0.0,0.0,0.0,0.0,0.0,0.0,0.0,0.0,0.0,0.0,0.0,0.0,0.0,0.0,0.0,0.0,0.0,-9.120017937114255e-05,-0.0268372830354604,-0.015021466504951,SPY
2016-09-07,-0.028993167512099377,0.39109742536666325,0.06130281446944169,-1.0169797237760354,1.6710459677762373,1.6900883768916444,0.016802311871757025,-0.04986180895807891,-0.22620484085609976,-0.012758982055980528,0.0,0.0,0.0,0.0,0.0,0.0,0.0,0.0,0.0,0.0,0.0,0.0,0.0,0.0,0.0,0.0,0.0,0.0,0.0,0.0,0.0,0.0,0.0,0.0,0.0,0.0,0.0,0.0,-0.0022855659660816,-0.0271212775047269,-0.0105146201899595,SPY
2016-09-08,-0.19678913997210967,0.13207665113653572,0.12103884713688819,-1.0181182551319845,1.6725017576350674,1.6910526449312688,-0.07567289475981358,-0.5092343178467547,-0.2583205068525754,0.7017440130789315,0.0,0.0,0.0,0.0,0.0,0.0,0.0,0.0,0.0,0.0,0.0,0.0,0.0,0.0,0.0,0.0,0.0,0.0,0.0,0.0,0.0,0.0,0.0,0.0,0.0,0.0,0.0,0.0,-0.0242259768245469,-0.0148924259982177,-0.007533716664148,SPY
2016-09-09,-1.8745005764447216,-0.16724010363807312,0.14257551048743,-0.6122324108027694,1.6627526307426523,1.6851007461273433,-0.9206481939382968,-1.7515034111081982,2.411400992385545,1.4162470082138434,0.0,0.0,0.0,0.0,0.0,0.0,0.0,0.0,0.0,0.0,0.0,0.0,0.0,0.0,0.0,0.0,0.0,0.0,0.0,0.0,0.0,0.0,0.0,0.0,0.0,0.0,0.0,0.0,0.0142453413995591,0.0054603943541051,0.0132571451216536,SPY
2016-09-12,1.0672752625367454,-1.5294144361104418,-0.7872371458701691,-0.4921081368760012,1.6606572381689226,1.6827509537800933,-0.3815673101885109,-0.8098576353679656,1.4193168869016506,-1.4417649723258046,0.0,0.0,0.0,0.0,0.0,0.0,0.0,0.0,0.0,0.0,0.0,0.0,0.0,0.0,0.0,0.0,0.0,0.0,0.0,0.0,0.0,0.0,0.0,0.0,0.0,0.0,0.0,0.0,-0.0144798814650197,-0.0085974289769739,0.0042063617292917,SPY
2016-09-13,-1.1292485503495653,-0.5964048608817748,-0.4138333058983987,-0.4122875627123042,1.6493418824580561,1.6762559642066521,-0.862590589147409,-1.3728998587243353,1.6241422265770418,-0.7272619771908926,0.0,0.0,0.0,0.0,0.0,0.0,0.0,0.0,0.0,0.0,0.0,0.0,0.0,0.0,0.0,0.0,0.0,0.0,0.0,0.0,0.0,0.0,0.0,0.0,0.0,0.0,0.0,0.0,-0.0003751946486376,0.0059295549572331,0.0059759906695102,SPY
2016-09-14,-0.05070929543955208,-0.046332194548249,-1.0841405900303551,-0.4189812512769777,1.6386443953892524,1.6709247321038285,-0.8360065766029631,-1.24074975708868,0.7485441765820164,-0.012758982055980528,0.0,0.0,0.0,0.0,0.0,0.0,0.0,0.0,0.0,0.0,0.0,0.0,0.0,0.0,0.0,0.0,0.0,0.0,0.0,0.0,0.0,0.0,0.0,0.0,0.0,0.0,0.0,0.0,0.0099432855404275,0.0174872544485413,0.0076627055523967,SPY
2016-09-15,0.738311125913738,-0.8715198159063056,-1.0950200249641373,-0.3700486571956651,1.63401232602876,1.6674998574216062,-0.4460216276136161,-0.7572342635992615,0.7318206439629162,0.7017440130789315,0.0,0.0,0.0,0.0,0.0,0.0,0.0,0.0,0.0,0.0,0.0,0.0,0.0,0.0,0.0,0.0,0.0,0.0,0.0,0.0,0.0,0.0,0.0,0.0,0.0,0.0,0.0,0.0,-0.003873156472224,0.0138258069221857,-0.0055616542263363,SPY
2016-09-16,-0.3181869918980584,0.5069313585799519,-0.62654965431371,-0.3703114237420907,1.627522799134233,1.6626095323128354,-0.5510139425672987,-0.817901539421071,1.0653052679157418,1.4162470082138434,0.0,0.0,0.0,0.0,0.0,0.0,0.0,0.0,0.0,0.0,0.0,0.0,0.0,0.0,0.0,0.0,0.0,0.0,0.0,0.0,0.0,0.0,0.0,0.0,0.0,0.0,0.0,0.0,0.00018751806848,0.0122043626686574,-0.0011723485253538,SPY
2016-09-19,-0.007680494974198776,0.30950530065080023,0.1531387153716259,-0.3698251943391972,1.6189603211769867,1.6581183835607853,-0.5098394831457591,-1.0260074625496662,-0.22124521075240347,-1.4417649723258046,0.0,0.0,0.0,0.0,0.0,0.0,0.0,0.0,0.0,0.0,0.0,0.0,0.0,0.0,0.0,0.0,0.0,0.0,0.0,0.0,0.0,0.0,0.0,0.0,0.0,0.0,0.0,0.0,4.710246918726568e-05,0.0038818655708787,-0.0048380150285032,SPY
2016-09-20,-0.018417616458032877,-0.24111326272885442,-0.3853970337086019,-0.3697498571055162,1.608964455569804,1.6536495319642242,-0.4739211086878758,-0.9735227023770897,-0.4130495039930393,-0.7272619771908926,0.0,0.0,0.0,0.0,0.0,0.0,0.0,0.0,0.0,0.0,0.0,0.0,0.0,0.0,0.0,0.0,0.0,0.0,0.0,0.0,0.0,0.0,0.0,0.0,0.0,0.0,0.0,0.0,0.0111825048426705,0.010023390522063,0.0013579559465259,SPY
2016-09-21,0.8330701716345491,-0.019852623563040794,0.171111608535384,-0.3131899018297839,1.6043329364390033,1.651366532336073,-0.04273087163928438,-0.42315892049256587,0.553945303527842,-0.012758982055980528,0.0,0.0,0.0,0.0,0.0,0.0,0.0,0.0,0.0,0.0,0.0,0.0,0.0,0.0,0.0,0.0,0.0,0.0,0.0,0.0,0.0,0.0,0.0,0.0,0.0,0.0,0.0,0.0,0.0062818380140718,0.0037921186359852,-0.0071609851338179,SPY
2016-09-22,0.4583322126364051,0.6007078643115844,0.6138710746780057,-0.3060348331480549,1.6038191398129815,1.6518398877149503,0.18801329056180383,-0.21274292331402953,-0.22013143843137398,0.7017440130789315,0.0,0.0,0.0,0.0,0.0,0.0,0.0,0.0,0.0,0.0,0.0,0.0,0.0,0.0,0.0,0.0,0.0,0.0,0.0,0.0,0.0,0.0,0.0,0.0,0.0,0.0,0.0,0.0,-0.0054946007257523,-0.0115780812834662,-0.01531146323443,SPY
2016-09-23,-0.4421735291281779,0.9525982859158165,0.4736060891332973,-0.2940353742577298,1.61220295032879,1.6511538107578903,-0.011781969316188478,-0.5400252680097631,-0.27344355983952,1.4162470082138434,0.0,0.0,0.0,0.0,0.0,0.0,0.0,0.0,0.0,0.0,0.0,0.0,0.0,0.0,0.0,0.0,0.0,0.0,0.0,0.0,0.0,0.0,0.0,0.0,0.0,0.0,0.0,0.0,-0.0081349790292986,0.0014342702265679,-0.0093492921735869,SPY
2016-09-26,-0.6440746195430199,0.011337238456385512,0.4114908046329428,-0.2704602374927123,1.6099580917894236,1.6489728171599414,-0.2966568651627395,-0.8741851051862239,0.16769657593481374,-1.4417649723258046,0.0,0.0,0.0,0.0,0.0,0.0,0.0,0.0,0.0,0.0,0.0,0.0,0.0,0.0,0.0,0.0,0.0,0.0,0.0,0.0,0.0,0.0,0.0,0.0,0.0,0.0,0.0,0.0,0.0061886274203715,0.0071624821669349,0.0030289760384167,SPY
2016-09-27,0.4512047034908296,-0.8023524186366152,0.09266746312305459,-0.2644366451472373,1.617521195417403,1.647087295433795,-0.052668858981518976,-0.662201743409255,-0.11564502452799538,-0.7272619771908926,0.0,0.0,0.0,0.0,0.0,0.0,0.0,0.0,0.0,0.0,0.0,0.0,0.0,0.0,0.0,0.0,0.0,0.0,0.0,0.0,0.0,0.0,0.0,0.0,0.0,0.0,0.0,0.0,0.0049512329565928,-0.0041371289487868,-0.0065156389070493,SPY
2016-09-28,0.3565851971971068,-0.14294737275442151,0.3279407812027382,-0.2547141881259806,1.6276326878641614,1.6467928307851363,0.13423223041770424,-0.4484611845951015,0.12734442700286663,-0.012758982055980528,0.0,0.0,0.0,0.0,0.0,0.0,0.0,0.0,0.0,0.0,0.0,0.0,0.0,0.0,0.0,0.0,0.0,0.0,0.0,0.0,0.0,0.0,0.0,0.0,0.0,0.0,0.0,0.0,-0.0090883619053796,-0.0046727157697592,-0.0134765605238253,SPY
2016-09-29,-0.7169766889188588,0.5956425192732896,0.08922938229985389,-0.22699555462339488,1.628701194624023,1.6450021262808692,-0.19010930927852718,0.02997041308996769,1.1650087965169424,0.7017440130789315,0.0,0.0,0.0,0.0,0.0,0.0,0.0,0.0,0.0,0.0,0.0,0.0,0.0,0.0,0.0,0.0,0.0,0.0,0.0,0.0,0.0,0.0,0.0,0.0,0.0,0.0,0.0,0.0,0.0075177507842818,0.0051109836953502,-0.0070585012498369,SPY
2016-09-30,0.5528384186705478,-0.26659553011640835,-0.4995816969256871,-0.20457757757401618,1.635196498930316,1.6450050294534606,0.08948921919766073,-0.17521131524249953,0.8636011271067963,1.4162470082138434,0.0,0.0,0.0,0.0,0.0,0.0,0.0,0.0,0.0,0.0,0.0,0.0,0.0,0.0,0.0,0.0,0.0,0.0,0.0,0.0,0.0,0.0,0.0,0.0,0.0,0.0,0.0,0.0,-0.0024067670889316,-0.0058418821276768,-0.0175360246795426,SPY
2016-10-03,-0.20605699330587307,-0.1217404622569082,-0.0010965258779740085,-0.21089245728601488,1.6404504457491995,1.6433424792822053,0.012663766744267823,0.3410084475413048,0.019317910893943416,-1.4417649723258046,0.0,0.0,0.0,0.0,0.0,0.0,0.0,0.0,0.0,0.0,0.0,0.0,0.0,0.0,0.0,0.0,0.0,0.0,0.0,0.0,0.0,0.0,0.0,0.0,0.0,0.0,0.0,0.0,-0.0051109836953502,0.0017594429684519,-0.0150822125567442,SPY
2016-10-04,-0.4128395898832369,0.25537083621309353,0.218343342979666,-0.20784309167294188,1.6432435295724628,1.6397230525373432,-0.14925480066871788,0.1180062304927387,0.9442167257098744,-0.7272619771908926,0.0,0.0,0.0,0.0,0.0,0.0,0.0,0.0,0.0,0.0,0.0,0.0,0.0,0.0,0.0,0.0,0.0,0.0,0.0,0.0,0.0,0.0,0.0,0.0,0.0,0.0,0.0,0.0,0.0044156461356203,-0.005839825860999,-0.0172429525524497,SPY
2016-10-05,0.3156306252628771,-0.45739888246594707,-0.214529114811663,-0.19839935142901388,1.642822407347432,1.6371840799842245,0.03467840518242462,-0.0724449472640525,-0.2661147495461624,-0.012758982055980528,0.0,0.0,0.0,0.0,0.0,0.0,0.0,0.0,0.0,0.0,0.0,0.0,0.0,0.0,0.0,0.0,0.0,0.0,0.0,0.0,0.0,0.0,0.0,0.0,0.0,0.0,0.0,0.0,0.0006953375597298,-0.0089439517623706,-0.0276953016440346,SPY
2016-10-06,0.031150800101789923,-0.0723397490572132,-0.2350467044154676,-0.1991636209645471,1.6397188760714845,1.6353663582003215,0.07478490552782013,0.13533322250226007,-0.5107716832522874,0.7017440130789315,0.0,0.0,0.0,0.0,0.0,0.0,0.0,0.0,0.0,0.0,0.0,0.0,0.0,0.0,0.0,0.0,0.0,0.0,0.0,0.0,0.0,0.0,0.0,0.0,0.0,0.0,0.0,0.0,-0.0034351150387452,-0.012920363560406,-0.0329785462863201,SPY
2016-10-07,-0.2846913966087528,0.25537083621309353,0.1397532767857547,-0.4396860250830895,1.6376131077378469,1.638521099585135,-0.07770456934974407,-0.03490246462378071,0.18528036753957922,1.4162470082138434,0.0,0.0,0.0,0.0,0.0,0.0,0.0,0.0,0.0,0.0,0.0,0.0,0.0,0.0,0.0,0.0,0.0,0.0,0.0,0.0,0.0,0.0,0.0,0.0,0.0,0.0,0.0,0.0,0.0051945580071972,-0.0089690992929023,-0.0306455870540149,SPY
2016-10-10,0.3751914677365562,-0.18772857669276422,-0.2798358489033312,-0.5212828401219962,1.6418693702186626,1.6395318381357122,0.10797981934124343,0.14386105373670438,-0.7709721157905239,-1.4417649723258046,0.0,0.0,0.0,0.0,0.0,0.0,0.0,0.0,0.0,0.0,0.0,0.0,0.0,0.0,0.0,0.0,0.0,0.0,0.0,0.0,0.0,0.0,0.0,0.0,0.0,0.0,0.0,0.0,-0.0127102525248012,-0.0176418057347689,-0.0140227465154421,SPY
2016-10-11,-0.9939308149402496,0.06620883071638282,0.011360391669411992,-0.546533426778803,1.6371252898137152,1.640948408615551,-0.3746934305262647,-0.7671265864764691,1.2123580098592504,-0.7272619771908926,0.0,0.0,0.0,0.0,0.0,0.0,0.0,0.0,0.0,0.0,0.0,0.0,0.0,0.0,0.0,0.0,0.0,0.0,0.0,0.0,0.0,0.0,0.0,0.0,0.0,0.0,0.0,0.0,0.0013115202342488,0.0013115202342488,0.0031813137350704,SPY
2016-10-12,0.07826827327335283,-0.45728282613236676,-0.2797570761737586,-0.5463091922306706,1.6306301820180253,1.6427656564120898,-0.3403082190579632,-0.9968552839995787,-0.24021916172796517,-0.012758982055980528,0.0,0.0,0.0,0.0,0.0,0.0,0.0,0.0,0.0,0.0,0.0,0.0,0.0,0.0,0.0,0.0,0.0,0.0,0.0,0.0,0.0,0.0,0.0,0.0,0.0,0.0,0.0,0.0,-0.0032810742383055,0.0026635637623266,0.0124160604844787,SPY
2016-10-13,-0.2729124005704281,-0.6764426909239155,-0.3986718418643147,-0.5928723779972054,1.6269281187434779,1.6414422836973108,-0.4510347307643871,-0.9221581283019441,0.4481859901456983,0.7017440130789315,0.0,0.0,0.0,0.0,0.0,0.0,0.0,0.0,0.0,0.0,0.0,0.0,0.0,0.0,0.0,0.0,0.0,0.0,0.0,0.0,0.0,0.0,0.0,0.0,0.0,0.0,0.0,0.0,0.0005161492287584,0.004075997914092,0.0181895144226018,SPY
2016-10-14,0.017448854678230624,-0.14425692318292632,-0.5510026725962788,-0.6002265937670932,1.6198786152309161,1.641163796372646,-0.4298980317445821,-0.5878291298135427,0.23133343441927512,1.4162470082138434,0.0,0.0,0.0,0.0,0.0,0.0,0.0,0.0,0.0,0.0,0.0,0.0,0.0,0.0,0.0,0.0,0.0,0.0,0.0,0.0,0.0,0.0,0.0,0.0,0.0,0.0,0.0,0.0,-0.0034781484346693,0.0040274190204243,0.0153658133252978,SPY
2016-10-17,-0.2879820196038213,-0.18914791117093083,-0.3996352089428059,-0.5941414865495169,1.6123413723984639,1.6400164309649647,-0.5489341210524715,-1.062257440372559,-0.6698179029091981,-1.4417649723258046,0.0,0.0,0.0,0.0,0.0,0.0,0.0,0.0,0.0,0.0,0.0,0.0,0.0,0.0,0.0,0.0,0.0,0.0,0.0,0.0,0.0,0.0,0.0,0.0,0.0,0.0,0.0,0.0,0.0062430734442164,0.0117488566377987,0.0196288535873501,SPY
2016-10-18,0.4553680128046023,-0.20027084037081253,-0.7318745855679111,-0.572280986341971,1.6101911926682537,1.6403394928511335,-0.3216107644370784,-0.9917845688960597,-0.20139392381704938,-0.7272619771908926,0.0,0.0,0.0,0.0,0.0,0.0,0.0,0.0,0.0,0.0,0.0,0.0,0.0,0.0,0.0,0.0,0.0,0.0,0.0,0.0,0.0,0.0,0.0,0.0,0.0,0.0,0.0,0.0,0.0026635637623266,0.0021497956684877,0.0211586036220863,SPY
2016-10-19,0.18165461841965203,0.12295855118315893,-0.005798908139174609,-0.6398764611517627,1.6071984933731347,1.6386240338405889,-0.20986409965790057,-0.44467461437412337,-0.4673414018170978,-0.012758982055980528,0.0,0.0,0.0,0.0,0.0,0.0,0.0,0.0,0.0,0.0,0.0,0.0,0.0,0.0,0.0,0.0,0.0,0.0,0.0,0.0,0.0,0.0,0.0,0.0,0.0,0.0,0.0,0.0,-0.0018686400865401,-0.0025234567540222,0.0166147799880649,SPY
2016-10-20,-0.16490818200917817,0.46959870597624914,0.04599600754828579,-0.6667859519421071,1.602986485080409,1.6349479458564915,-0.2505961493634102,-1.001060751418573,-0.2784215425375169,0.7017440130789315,0.0,0.0,0.0,0.0,0.0,0.0,0.0,0.0,0.0,0.0,0.0,0.0,0.0,0.0,0.0,0.0,0.0,0.0,0.0,0.0,0.0,0.0,0.0,0.0,0.0,0.0,0.0,0.0,0.0004675703350907,-0.0033251192988732,0.0236110830533737,SPY
2016-10-21,0.013734185613770523,0.011771060565899012,0.10010440441978728,-0.6806472130666972,1.6006365719719808,1.6327089480551153,-0.21596179947759986,-0.8520307329669676,0.11062788178555212,1.4162470082138434,0.0,0.0,0.0,0.0,0.0,0.0,0.0,0.0,0.0,0.0,0.0,0.0,0.0,0.0,0.0,0.0,0.0,0.0,0.0,0.0,0.0,0.0,0.0,0.0,0.0,0.0,0.0,0.0,0.0042432891827051,-0.0067524622793877,0.0209033186644553,SPY
2016-10-24,0.3024510529692328,-0.1121714943968602,0.09824341425973988,-0.7085594773756972,1.5978210466377059,1.6334329242516648,-0.06413205066434867,-0.2870529964405642,-0.6281459453030832,-1.4417649723258046,0.0,0.0,0.0,0.0,0.0,0.0,0.0,0.0,0.0,0.0,0.0,0.0,0.0,0.0,0.0,0.0,0.0,0.0,0.0,0.0,0.0,0.0,0.0,0.0,0.0,0.0,0.0,0.0,-0.0033559875250945,-0.010948706428226,0.0241833431144744,SPY
2016-10-25,-0.2786407745193218,0.23278770265112764,0.39404099922838,-0.7272673648453278,1.5994615564645847,1.631873367584281,-0.17661269564602378,-0.7728922799408628,-0.4595418277641598,-0.7272619771908926,0.0,0.0,0.0,0.0,0.0,0.0,0.0,0.0,0.0,0.0,0.0,0.0,0.0,0.0,0.0,0.0,0.0,0.0,0.0,0.0,0.0,0.0,0.0,0.0,0.0,0.0,0.0,0.0,-0.0020096886601832,-0.0148644425941872,0.0294904804429592,SPY
2016-10-26,-0.17569370497069908,0.016984902714777615,0.026314263173439094,-0.7456411039067738,1.5995279377467213,1.6286429067183827,-0.22601715599574487,-0.9267554058950971,-0.21628471794679796,-0.012758982055980528,0.0,0.0,0.0,0.0,0.0,0.0,0.0,0.0,0.0,0.0,0.0,0.0,0.0,0.0,0.0,0.0,0.0,0.0,0.0,0.0,0.0,0.0,0.0,0.0,0.0,0.0,0.0,0.0,-0.0026703026313912,-0.0188914568899685,0.0320439972617085,SPY
2016-10-27,-0.22620869403534669,-0.33593511988685687,-0.152711567122309,-0.7941777149992355,1.5998826393874956,1.6269608440673895,-0.3117331014473744,-0.886885809640908,-0.18853727361098319,0.7017440130789315,0.0,0.0,0.0,0.0,0.0,0.0,0.0,0.0,0.0,0.0,0.0,0.0,0.0,0.0,0.0,0.0,0.0,0.0,0.0,0.0,0.0,0.0,0.0,0.0,0.0,0.0,0.0,0.0,-0.0029597726454237,-0.0208090613411329,0.0384228846982912,SPY
2016-10-28,-0.24834351895686058,-0.29723485030911834,-0.1834221493321765,-0.840314718311556,1.5985969491077536,1.6227723757449402,-0.3885594023769619,-1.442202162113201,1.4006457646245178,1.4162470082138434,0.0,0.0,0.0,0.0,0.0,0.0,0.0,0.0,0.0,0.0,0.0,0.0,0.0,0.0,0.0,0.0,0.0,0.0,0.0,0.0,0.0,0.0,0.0,0.0,0.0,0.0,0.0,0.0,4.704503386676606e-05,-0.0189514445021492,0.0366767478079586,SPY
2016-10-31,-0.018422008349081875,-0.3508578871996,-0.3147189138380773,-0.8417320769456192,1.5989738171446946,1.6191742586818973,-0.3590082193166071,-0.7097666753057195,-0.6296425373763775,-1.4417649723258046,0.0,0.0,0.0,0.0,0.0,0.0,0.0,0.0,0.0,0.0,0.0,0.0,0.0,0.0,0.0,0.0,0.0,0.0,0.0,0.0,0.0,0.0,0.0,0.0,0.0,0.0,0.0,0.0,-0.0072717236910557,0.0028189090097541,0.0385780959706094,SPY
2016-11-01,-0.5780643081177281,-0.19748993619525423,-0.4754712175764616,-0.8235615948280861,1.5929883006480943,1.615086038686517,-0.5948341240018294,-1.300037344685221,0.915255832308306,-0.7272619771908926,0.0,0.0,0.0,0.0,0.0,0.0,0.0,0.0,0.0,0.0,0.0,0.0,0.0,0.0,0.0,0.0,0.0,0.0,0.0,0.0,0.0,0.0,0.0,0.0,0.0,0.0,0.0,0.0,-0.0060367029559644,0.0145844404265211,0.0434478045883546,SPY
2016-11-02,-0.4836263130906641,-0.44085780007027925,-0.6254776488476815,-0.8286138440269635,1.5829239314442483,1.6085248093792317,-0.7651678147831835,-1.430697812649454,0.3946998618629903,-0.012758982055980528,0.0,0.0,0.0,0.0,0.0,0.0,0.0,0.0,0.0,0.0,0.0,0.0,0.0,0.0,0.0,0.0,0.0,0.0,0.0,0.0,0.0,0.0,0.0,0.0,0.0,0.0,0.0,0.0,-0.0045879070825556,0.0311674103661427,0.0458023245708538,SPY
2016-11-03,-0.3728416326390469,-0.784226436905577,-0.7797469912102954,-0.8251046998588037,1.5716180868466307,1.6007270260423128,-0.8725279297782101,-1.6652111383971229,0.007370341189255617,0.7017440130789315,0.0,0.0,0.0,0.0,0.0,0.0,0.0,0.0,0.0,0.0,0.0,0.0,0.0,0.0,0.0,0.0,0.0,0.0,0.0,0.0,0.0,0.0,0.0,0.0,0.0,0.0,0.0,0.0,-0.0011021558064401,0.0382476971485159,0.0508910446373551,SPY
2016-11-04,-0.10629763679670827,-0.632750989218241,-0.8532077628550999,-0.827549038732119,1.559580672571296,1.593497336308256,-0.8572001348558265,-1.5716604819072868,0.5189809141051243,1.4162470082138434,0.0,0.0,0.0,0.0,0.0,0.0,0.0,0.0,0.0,0.0,0.0,0.0,0.0,0.0,0.0,0.0,0.0,0.0,0.0,0.0,0.0,0.0,0.0,0.0,0.0,0.0,0.0,0.0,0.0218173985457701,0.0370423010864104,0.0579839553844845,SPY
2016-11-07,1.6462856992041548,-0.3542436067685106,-0.7820450335814673,-0.5280044774520101,1.5557235624299508,1.5901443102103268,-0.028267328587498475,-0.4808171383592481,0.5171103308943502,-1.4417649723258046,0.0,0.0,0.0,0.0,0.0,0.0,0.0,0.0,0.0,0.0,0.0,0.0,0.0,0.0,0.0,0.0,0.0,0.0,0.0,0.0,0.0,0.0,0.0,0.0,0.0,0.0,0.0,0.0,0.0044938077257112,0.0160097943680233,0.0393288750400104,SPY
2016-11-08,0.3216073863378773,1.1360800907239585,0.051947068905307495,-0.5983657479203838,1.5555906426571984,1.5909018802611608,0.13337917630075413,-0.3864318901364648,0.4171408421914137,-0.7272619771908926,0.0,0.0,0.0,0.0,0.0,0.0,0.0,0.0,0.0,0.0,0.0,0.0,0.0,0.0,0.0,0.0,0.0,0.0,0.0,0.0,0.0,0.0,0.0,0.0,0.0,0.0,0.0,0.0,0.0105462669836571,0.0192888101212647,0.047831049038538,SPY
2016-11-09,0.7844191441187274,1.4519180204058841,0.5026682883737302,-0.5433496661929174,1.5614431214746807,1.5938761312084093,0.5059787725948798,0.16157148620393907,3.7150239096198416,-0.012758982055980528,0.0,0.0,0.0,0.0,0.0,0.0,0.0,0.0,0.0,0.0,0.0,0.0,0.0,0.0,0.0,0.0,0.0,0.0,0.0,0.0,0.0,0.0,0.0,0.0,0.0,0.0,0.0,0.0,0.0024923796998175,0.0068622832659128,0.0397306241168031,SPY
2016-11-10,0.16856473321804702,0.8157718344457027,1.1379389080197633,-0.5503497964285108,1.569756188172938,1.598231719574919,0.5654590182500437,0.23424373574338658,1.6780804072154032,0.7017440130789315,0.0,0.0,0.0,0.0,0.0,0.0,0.0,0.0,0.0,0.0,0.0,0.0,0.0,0.0,0.0,0.0,0.0,0.0,0.0,0.0,0.0,0.0,0.0,0.0,0.0,0.0,0.0,0.0,-0.0023075518685455,0.009497566544864,0.0432603946923064,SPY
2016-11-11,-0.19847033000281616,0.7028106115081657,1.409174892158107,-0.5452224868125874,1.5783574966255947,1.601907847057963,0.4491162869097237,-0.03635058387265701,0.08526663418318721,1.4162470082138434,0.0,0.0,0.0,0.0,0.0,0.0,0.0,0.0,0.0,0.0,0.0,0.0,0.0,0.0,0.0,0.0,0.0,0.0,0.0,0.0,0.0,0.0,0.0,0.0,0.0,0.0,0.0,0.0,0.0007848918273829,0.0095649243595818,0.0444198418879935,SPY
2016-11-14,0.03799872195684322,-0.022662939464998894,1.3629978378619985,-0.5551639981624354,1.5873133495105427,1.6065975767652294,0.4415078289598115,0.16272633279360077,-0.05485321009392779,-1.4417649723258046,0.0,0.0,0.0,0.0,0.0,0.0,0.0,0.0,0.0,0.0,0.0,0.0,0.0,0.0,0.0,0.0,0.0,0.0,0.0,0.0,0.0,0.0,0.0,0.0,0.0,0.0,0.0,0.0,0.0077728234789526,0.0163033461649231,0.0502864247996841,SPY
2016-11-15,0.5723429931172919,-0.1190340883276106,0.5572716245028965,-0.5455458721019574,1.6034296950973643,1.61168835902919,0.694962484112408,0.5336785574067443,-0.13241015323347807,-0.7272619771908926,0.0,0.0,0.0,0.0,0.0,0.0,0.0,0.0,0.0,0.0,0.0,0.0,0.0,0.0,0.0,0.0,0.0,0.0,0.0,0.0,0.0,0.0,0.0,0.0,0.0,0.0,0.0,0.0,-0.0018802598716947,0.0104816724893606,0.0342250916218125,SPY
2016-11-16,-0.16579670896380017,0.44990544494103063,0.6828861782876029,-0.5429277418351908,1.621452350754452,1.615687429901562,0.5919041430808224,0.5739470656702206,-0.725134969367526,-0.012758982055980528,0.0,0.0,0.0,0.0,0.0,0.0,0.0,0.0,0.0,0.0,0.0,0.0,0.0,0.0,0.0,0.0,0.0,0.0,0.0,0.0,0.0,0.0,0.0,0.0,0.0,0.0,0.0,0.0,0.0051276629787686,0.0129057605196214,0.0402141085317353,SPY
2016-11-17,0.370076223771354,0.29948345057157316,0.2068431386999904,-0.5383959890664065,1.6440862063458552,1.6213798008753046,0.7410308293386091,0.8787926849950753,-0.6297482337881077,0.7017440130789315,0.0,0.0,0.0,0.0,0.0,0.0,0.0,0.0,0.0,0.0,0.0,0.0,0.0,0.0,0.0,0.0,0.0,0.0,0.0,0.0,0.0,0.0,0.0,0.0,0.0,0.0,0.0,0.0,-0.0022401940538276,0.0114866823460442,0.0331286358616411,SPY
2016-11-18,-0.19331969828415707,0.15018976571202722,0.3077971926274596,-0.5328080524617869,1.6661435784284604,1.6264148698747543,0.6160623816143949,0.7513593463680525,-0.2658951569207469,1.4162470082138434,0.0,0.0,0.0,0.0,0.0,0.0,0.0,0.0,0.0,0.0,0.0,0.0,0.0,0.0,0.0,0.0,0.0,0.0,0.0,0.0,0.0,0.0,0.0,0.0,0.0,0.0,0.0,0.0,0.0075233136327241,0.0090209668641154,0.0375436857827153,SPY
2016-11-21,0.5532637914911033,0.12987496804519214,0.3103775772539517,-0.5168997502033362,1.681661392016683,1.6322744201409762,0.8552231802554348,1.329220103951842,-0.5604472344406178,-1.4417649723258046,0.0,0.0,0.0,0.0,0.0,0.0,0.0,0.0,0.0,0.0,0.0,0.0,0.0,0.0,0.0,0.0,0.0,0.0,0.0,0.0,0.0,0.0,0.0,0.0,0.0,0.0,0.0,0.0,0.0019511498033901,0.0034460464279089,0.0338708256796929,SPY
2016-11-22,0.12717865376608492,0.26508623924794833,0.5685171874264097,-0.527932846543361,1.6960041900975094,1.6394149410025518,0.8727018082808926,1.7452122879179246,-0.6711436258469844,-0.7272619771908926,0.0,0.0,0.0,0.0,0.0,0.0,0.0,0.0,0.0,0.0,0.0,0.0,0.0,0.0,0.0,0.0,0.0,0.0,0.0,0.0,0.0,0.0,0.0,0.0,0.0,0.0,0.0,0.0,0.0005438281585661,-0.0009071184487918,0.0291331376964718,SPY
2016-11-23,0.019565371884187326,0.501646995736621,0.345496928889055,-0.5338878450795346,1.7055807806793433,1.6471681102790212,0.8317769940995468,2.080991888937267,-0.9142570231193916,-0.012758982055980528,0.0,0.0,0.0,0.0,0.0,0.0,0.0,0.0,0.0,0.0,0.0,0.0,0.0,0.0,0.0,0.0,0.0,0.0,0.0,0.0,0.0,0.0,0.0,0.0,0.0,0.0,0.0,0.0,0.0037085848051914,-0.0051331295808232,0.0268605072257859,SPY
2016-11-25,0.26156395859923,0.10772265549781873,0.4383603852341644,-0.5420918977607897,1.715778148260184,1.6564696777703944,0.8992654780111713,2.196020584913338,-1.2963737510694109,1.4162470082138434,0.0,0.0,0.0,0.0,0.0,0.0,0.0,0.0,0.0,0.0,0.0,0.0,0.0,0.0,0.0,0.0,0.0,0.0,0.0,0.0,0.0,0.0,0.0,0.0,0.0,0.0,0.0,0.0,-0.0047059095357564,-0.008340901402069,0.0246150276908156,SPY
2016-11-28,-0.3818648941697407,0.20691283594312343,0.3839974650855483,-0.531783456621473,1.7247783732395854,1.6653145189395056,0.6504239868553423,1.5092179746435408,-0.428812306933809,-1.4417649723258046,0.0,0.0,0.0,0.0,0.0,0.0,0.0,0.0,0.0,0.0,0.0,0.0,0.0,0.0,0.0,0.0,0.0,0.0,0.0,0.0,0.0,0.0,0.0,0.0,0.0,0.0,0.0,0.0,0.0019483931965176,0.0023557630743766,0.0317989439828902,SPY
2016-11-29,0.12696786505726423,-0.0893839993063606,0.2895393186992883,-0.5335119618498061,1.734355121029902,1.6746272251338852,0.6510169520061173,1.4531401449298489,-0.5721324172296204,-0.7272619771908926,0.0,0.0,0.0,0.0,0.0,0.0,0.0,0.0,0.0,0.0,0.0,0.0,0.0,0.0,0.0,0.0,0.0,0.0,0.0,0.0,0.0,0.0,0.0,0.0,0.0,0.0,0.0,0.0,-0.0024020150733106,0.0035696880791551,0.0215516914982307,SPY
2016-11-30,-0.20569362221838178,-0.18872976350459492,0.07597183513747159,-0.5687595078551453,1.7390103786417024,1.6850650390794053,0.4784586962704258,0.8972670029999257,0.3685345203611411,-0.012758982055980528,0.0,0.0,0.0,0.0,0.0,0.0,0.0,0.0,0.0,0.0,0.0,0.0,0.0,0.0,0.0,0.0,0.0,0.0,0.0,0.0,0.0,0.0,0.0,0.0,0.0,0.0,0.0,0.0,-0.0036821829734652,0.0189676848767046,0.0237308537393836,SPY
2016-12-01,-0.3035838732510251,-0.0586972404111475,-0.09079188443217891,-0.5868660964943085,1.7427790197089892,1.6960152531127481,0.2548521829089654,0.4555385354458563,-0.3947222535734604,0.7017440130789315,0.0,0.0,0.0,0.0,0.0,0.0,0.0,0.0,0.0,0.0,0.0,0.0,0.0,0.0,0.0,0.0,0.0,0.0,0.0,0.0,0.0,0.0,0.0,0.0,0.0,0.0,0.0,0.0,0.0005008129839456,0.025095709912092,0.0237512095312206,SPY
2016-12-02,0.016276142212591025,-0.37648871818371443,-0.2526845200849866,-0.6121431641478016,1.7443085796486775,1.7081574663636971,0.17983407170141763,0.6794685863286201,-0.4885907917883024,1.4162470082138434,0.0,0.0,0.0,0.0,0.0,0.0,0.0,0.0,0.0,0.0,0.0,0.0,0.0,0.0,0.0,0.0,0.0,0.0,0.0,0.0,0.0,0.0,0.0,0.0,0.0,0.0,0.0,0.0,0.0059907549406892,0.0306170472034672,0.0308712375498911,SPY
2016-12-05,0.4360740423437935,-0.21265219591925302,-0.3755698174705286,-0.6143732610861401,1.7498506503155964,1.7220262970776716,0.2975012630779238,0.8960137126772744,-0.6396821305940661,-1.4417649723258046,0.0,0.0,0.0,0.0,0.0,0.0,0.0,0.0,0.0,0.0,0.0,0.0,0.0,0.0,0.0,0.0,0.0,0.0,0.0,0.0,0.0,0.0,0.0,0.0,0.0,0.0,0.0,0.0,0.003162318201296,0.0234781875899194,0.0308124057326342,SPY
2016-12-06,0.21979273860565543,0.33329144134633654,0.034204589335901696,-0.8673281415759984,1.7532865989297908,1.7315506386291968,0.3429061305745918,0.7125772659606503,-0.8102826347295732,-0.7272619771908926,0.0,0.0,0.0,0.0,0.0,0.0,0.0,0.0,0.0,0.0,0.0,0.0,0.0,0.0,0.0,0.0,0.0,0.0,0.0,0.0,0.0,0.0,0.0,0.0,0.0,0.0,0.0,0.0,0.0129959817242388,0.0269673441276969,0.0268550911726288,SPY
2016-12-07,0.9717408156627094,0.48350762714810835,0.08070837561768808,-0.7813561300531215,1.7621981976266483,1.7432360663094657,0.7436221246458505,1.3217538589941136,0.5072208810187521,-0.012758982055980528,0.0,0.0,0.0,0.0,0.0,0.0,0.0,0.0,0.0,0.0,0.0,0.0,0.0,0.0,0.0,0.0,0.0,0.0,0.0,0.0,0.0,0.0,0.0,0.0,0.0,0.0,0.0,0.0,0.0024458420619222,0.0056828527045391,0.0174305404282923,SPY
2016-12-08,0.16500615230417862,0.8788848149293996,0.6705843147590285,-0.8335849292336687,1.7720630692650001,1.7530054790766323,0.7607464960978911,1.2535771770284123,0.23651450809826013,0.7017440130789315,0.0,0.0,0.0,0.0,0.0,0.0,0.0,0.0,0.0,0.0,0.0,0.0,0.0,0.0,0.0,0.0,0.0,0.0,0.0,0.0,0.0,0.0,0.0,0.0,0.0,0.0,0.0,0.0,0.0060221502753208,0.007345767680845,0.011678232631179,SPY
2016-12-09,0.4384747408677684,0.8384466778282236,0.905340469754856,-0.8216542973082217,1.7831249655984316,1.7636883444883193,0.9071599675426018,1.592486940320045,-0.05413725032115579,1.4162470082138434,0.0,0.0,0.0,0.0,0.0,0.0,0.0,0.0,0.0,0.0,0.0,0.0,0.0,0.0,0.0,0.0,0.0,0.0,0.0,0.0,0.0,0.0,0.0,0.0,0.0,0.0,0.0,0.0,-0.0011481046728585,-0.0006341922858013,0.0056560823558582,SPY
2016-12-12,-0.10981119628200657,0.44484145254002444,1.1168552572228183,-0.8286633025655874,1.795916194551888,1.7746386375195575,0.7786174396177037,1.3104547102591753,0.3562527016054068,-1.4417649723258046,0.0,0.0,0.0,0.0,0.0,0.0,0.0,0.0,0.0,0.0,0.0,0.0,0.0,0.0,0.0,0.0,0.0,0.0,0.0,0.0,0.0,0.0,0.0,0.0,0.0,0.0,0.0,0.0,0.0066514747390735,0.0026887682543037,0.0096263301198371,SPY
2016-12-13,0.4865971236663808,0.24199797624169211,0.8433754290149145,-0.8164980786104299,1.8111013942912608,1.7870816155011853,0.9358727276525098,1.4347963175255858,0.5753416874728556,-0.7272619771908926,0.0,0.0,0.0,0.0,0.0,0.0,0.0,0.0,0.0,0.0,0.0,0.0,0.0,0.0,0.0,0.0,0.0,0.0,0.0,0.0,0.0,0.0,0.0,0.0,0.0,0.0,0.0,0.0,-0.0082885096989189,-0.0001122529550681,0.0004619571812982,SPY
2016-12-14,-0.6558146075465668,0.27751724554855556,0.9770401853201108,-0.761203512264208,1.8232938947355128,1.795547681519618,0.5558739909126933,0.7793753226468396,1.4030956259395444,-0.012758982055980528,0.0,0.0,0.0,0.0,0.0,0.0,0.0,0.0,0.0,0.0,0.0,0.0,0.0,0.0,0.0,0.0,0.0,0.0,0.0,0.0,0.0,0.0,0.0,0.0,0.0,0.0,0.0,0.0,0.0041087570382281,0.0053897185640199,0.0110431620270512,SPY
2016-12-15,0.292163820026411,-0.12548944446364224,0.1616607867882775,-0.7674520106302091,1.839343623227474,1.805506491736862,0.6352050797989663,0.7944631266032928,0.9149927965392602,0.7017440130789315,0.0,0.0,0.0,0.0,0.0,0.0,0.0,0.0,0.0,0.0,0.0,0.0,0.0,0.0,0.0,0.0,0.0,0.0,0.0,0.0,0.0,0.0,0.0,0.0,0.0,0.0,0.0,0.0,-0.0019578096913255,-0.0004478407863279,0.003405090882345,SPY
2016-12-16,-0.17172668995323007,-0.26900122573000046,0.225364757262979,-0.764983304437608,1.8541661036934156,1.8137234576470744,0.4985100376477241,0.9783070240871117,1.6813228841479912,1.4162470082138434,0.0,0.0,0.0,0.0,0.0,0.0,0.0,0.0,0.0,0.0,0.0,0.0,0.0,0.0,0.0,0.0,0.0,0.0,0.0,0.0,0.0,0.0,0.0,0.0,0.0,0.0,0.0,0.0,0.0021748558672465,0.0029730741752187,0.0075699771145956,SPY
2016-12-19,0.14428472457584582,0.08830546012449263,-0.08033646098801471,-0.7761921300610266,1.8671549437105646,1.8230353146140976,0.509836061775019,0.9863554415796355,-0.061871198989111385,-1.4417649723258046,0.0,0.0,0.0,0.0,0.0,0.0,0.0,0.0,0.0,0.0,0.0,0.0,0.0,0.0,0.0,0.0,0.0,0.0,0.0,0.0,0.0,0.0,0.0,0.0,0.0,0.0,0.0,0.0,0.0038504535297017,0.0032762250642903,0.0016837307471444,SPY
2016-12-20,0.2724121958142992,-0.020844526029447693,0.04696155674088849,-0.7969259441007587,1.8805322065881875,1.8314840208453949,0.5911895341944413,1.261051886270748,-0.07510562043021708,-0.7272619771908926,0.0,0.0,0.0,0.0,0.0,0.0,0.0,0.0,0.0,0.0,0.0,0.0,0.0,0.0,0.0,0.0,0.0,0.0,0.0,0.0,0.0,0.0,0.0,0.0,0.0,0.0,0.0,0.0,-0.0027865381798308,-0.0088730877535532,0.0015005163683694,SPY
2016-12-21,-0.23509684613968806,0.30697566440550744,-0.06034168784063711,-0.7831884310398334,1.8860758493399412,1.8387478376695188,0.4309479912330812,1.3203802038332444,-0.6460015440881577,-0.012758982055980528,0.0,0.0,0.0,0.0,0.0,0.0,0.0,0.0,0.0,0.0,0.0,0.0,0.0,0.0,0.0,0.0,0.0,0.0,0.0,0.0,0.0,0.0,0.0,0.0,0.0,0.0,0.0,0.0,-0.0017288023121198,-0.00630940240588,0.0016816301145903,SPY
2016-12-22,-0.15421524490288446,0.026953034672122313,0.1504312237024694,-0.7767056923778725,1.8895306236700276,1.8454410132087073,0.3154599842388126,1.17834169798974,-0.9303899632504872,0.7017440130789315,0.0,0.0,0.0,0.0,0.0,0.0,0.0,0.0,0.0,0.0,0.0,0.0,0.0,0.0,0.0,0.0,0.0,0.0,0.0,0.0,0.0,0.0,0.0,0.0,0.0,0.0,0.0,0.0,0.0014631052702211,-0.0082424272753884,0.0098018939809056,SPY
2016-12-23,0.08985948503731653,-0.28794190774884726,-0.07319759304255821,-0.7808741688822659,1.8907064252198411,1.8515905054941773,0.324192001048843,1.0615955363708618,-1.381496169273552,1.4162470082138434,0.0,0.0,0.0,0.0,0.0,0.0,0.0,0.0,0.0,0.0,0.0,0.0,0.0,0.0,0.0,0.0,0.0,0.0,0.0,0.0,0.0,0.0,0.0,0.0,0.0,0.0,0.0,0.0,0.0024780067563181,-0.0020846915429935,0.0169570809497958,SPY
2016-12-27,0.16746568125223502,-0.0480907040304477,0.05785292295612679,-0.8074358675684972,1.8937071421476155,1.8595260216587124,0.3577250045047908,1.0440624968730643,-1.1830352532092543,-0.7272619771908926,0.0,0.0,0.0,0.0,0.0,0.0,0.0,0.0,0.0,0.0,0.0,0.0,0.0,0.0,0.0,0.0,0.0,0.0,0.0,0.0,0.0,0.0,0.0,0.0,0.0,0.0,0.0,0.0,-0.0082988592881418,0.0013692248241206,0.0134330863162039,SPY
2016-12-28,-0.656606006773959,0.18934291381011784,0.06946621381101908,-0.7418337885475204,1.8891907389288196,1.8648871347148164,0.007074929001510922,-0.06019868226549571,-0.6274413785260836,-0.012758982055980528,0.0,0.0,0.0,0.0,0.0,0.0,0.0,0.0,0.0,0.0,0.0,0.0,0.0,0.0,0.0,0.0,0.0,0.0,0.0,0.0,0.0,0.0,0.0,0.0,0.0,0.0,0.0,0.0,-0.0002228528321577,0.0088730877535532,0.0201607170633515,SPY
2016-12-29,-0.03906021514611138,-0.3616254150625244,-0.3959571397961122,-0.7490655530627368,1.8887304324892888,1.8707826092731867,-0.04497225380801608,-0.207806859020698,-0.9827957507253388,0.7017440130789315,0.0,0.0,0.0,0.0,0.0,0.0,0.0,0.0,0.0,0.0,0.0,0.0,0.0,0.0,0.0,0.0,0.0,0.0,0.0,0.0,0.0,0.0,0.0,0.0,0.0,0.0,0.0,0.0,-0.0036618271816282,0.0126673715656133,0.0141626974112512,SPY
2016-12-30,-0.3020273324467669,-0.5140627738631548,-0.2977459034902124,-0.7492005780420742,1.884379923522647,1.87666151402336,-0.22430625325052167,-0.8113994614181168,0.5215903504625601,1.4162470082138434,0.0,0.0,0.0,0.0,0.0,0.0,0.0,0.0,0.0,0.0,0.0,0.0,0.0,0.0,0.0,0.0,0.0,0.0,0.0,0.0,0.0,0.0,0.0,0.0,0.0,0.0,0.0,0.0,0.0076208410026161,0.0130227330120504,0.0177365304283227,SPY
2017-01-03,0.5607213903889732,-0.25234723337126547,-0.3717974100125606,-0.7234993675918128,1.8848259239901834,1.8843339869514428,0.0020317433001750223,-0.26864021369511026,0.06584825986958331,-0.7272619771908926,0.0,0.0,0.0,0.0,0.0,0.0,0.0,0.0,0.0,0.0,0.0,0.0,0.0,0.0,0.0,0.0,0.0,0.0,0.0,0.0,0.0,0.0,0.0,0.0,0.0,0.0,0.0,0.0,0.0059319231234322,0.0054018920094343,0.0105112150425403,SPY
2017-01-04,0.4315753657566842,0.19035329668051212,-0.1359030793481531,-0.723841148740752,1.8871675836532316,1.8920376245485815,0.16637035181953272,-0.3081017587212861,-0.24859903094466576,-0.012758982055980528,0.0,0.0,0.0,0.0,0.0,0.0,0.0,0.0,0.0,0.0,0.0,0.0,0.0,0.0,0.0,0.0,0.0,0.0,0.0,0.0,0.0,0.0,0.0,0.0,0.0,0.0,0.0,0.0,-0.0007949963587092,0.0022921119771224,0.0052380248643491,SPY
2017-01-05,-0.08281015875433997,0.7318275605541948,-0.0035883251918648086,-0.7224998150487937,1.8871675836532316,1.8987597528158,0.08685257968868243,0.1904822415994725,-0.2715196230510545,0.7017440130789315,0.0,0.0,0.0,0.0,0.0,0.0,0.0,0.0,0.0,0.0,0.0,0.0,0.0,0.0,0.0,0.0,0.0,0.0,0.0,0.0,0.0,0.0,0.0,0.0,0.0,0.0,0.0,0.0,0.0035714309799024,0.0005742101363663,0.0129023568587376,SPY
2017-01-06,0.2510762543019999,0.25683507115193666,0.2838742747088814,-0.8178628612206217,1.8903786455318565,1.903159027017511,0.18779218371555184,0.16259523999996198,-0.4245029079289676,1.4162470082138434,0.0,0.0,0.0,0.0,0.0,0.0,0.0,0.0,0.0,0.0,0.0,0.0,0.0,0.0,0.0,0.0,0.0,0.0,0.0,0.0,0.0,0.0,0.0,0.0,0.0,0.0,0.0,0.0,-0.0033064657351911,-0.0007045256967019,0.0075413707926585,SPY
2017-01-09,-0.2748540052645668,0.12360815725954413,0.4292280344501436,-0.8078013831745555,1.8927868436855224,1.9061051942135594,0.04247858874422282,0.05954959297755599,-1.03564835063534,-1.4417649723258046,0.0,0.0,0.0,0.0,0.0,0.0,0.0,0.0,0.0,0.0,0.0,0.0,0.0,0.0,0.0,0.0,0.0,0.0,0.0,0.0,0.0,0.0,0.0,0.0,0.0,0.0,0.0,0.0,0.0,-0.0009273740679889,0.0108917194961382,SPY
2017-01-10,-0.022019388172853975,-0.018139958819155793,0.4428414394733911,-0.8315189182344233,1.8944591882303006,1.9075363990532013,0.03192341769252712,-0.0680694627940784,-0.5892548773799483,-0.7272619771908926,0.0,0.0,0.0,0.0,0.0,0.0,0.0,0.0,0.0,0.0,0.0,0.0,0.0,0.0,0.0,0.0,0.0,0.0,0.0,0.0,0.0,0.0,0.0,0.0,0.0,0.0,0.0,0.0,0.0028221430911203,0.001279702472936,0.0122013168563857,SPY
2017-01-11,0.19378066087262144,-0.21971263887924233,0.1508975715424396,-0.828709511441303,1.896309925101667,1.9099742740518948,0.11925714371683913,-0.13227320169047913,-0.3047271702969272,-0.012758982055980528,0.0,0.0,0.0,0.0,0.0,0.0,0.0,0.0,0.0,0.0,0.0,0.0,0.0,0.0,0.0,0.0,0.0,0.0,0.0,0.0,0.0,0.0,0.0,0.0,0.0,0.0,0.0,0.0,-0.0025128981994653,-0.0052538311183889,0.0152940331208704,SPY
2017-01-12,-0.21417249210197828,0.12618795757950532,0.031766203923574994,-0.8551470303890072,1.901059625709898,1.9100915069261024,0.024618021667332825,-0.1124623025051352,-0.3765975609729651,0.7017440130789315,0.0,0.0,0.0,0.0,0.0,0.0,0.0,0.0,0.0,0.0,0.0,0.0,0.0,0.0,0.0,0.0,0.0,0.0,0.0,0.0,0.0,0.0,0.0,0.0,0.0,0.0,0.0,0.0,0.002292695146834,0.000926306232003,0.0217453392716153,SPY
2017-01-13,0.15329550875418144,-0.01564080171468339,-0.034044237200163203,-0.9148571451731827,1.9070802783025476,1.912885603176834,0.08954240493836423,0.16172645736656938,-0.6079014451967936,1.4162470082138434,0.0,0.0,0.0,0.0,0.0,0.0,0.0,0.0,0.0,0.0,0.0,0.0,0.0,0.0,0.0,0.0,0.0,0.0,0.0,0.0,0.0,0.0,0.0,0.0,0.0,0.0,0.0,0.0,-0.003529314106478,-0.0039718133484409,0.0248807452731503,SPY
2017-01-17,-0.2918944911296287,-0.0455230090659197,-0.08303083658462532,-0.9138639568319465,1.9131457746151004,1.9137473911988925,-0.04832512437361068,-0.18975750184984352,-0.6420888782793202,-0.7272619771908926,0.0,0.0,0.0,0.0,0.0,0.0,0.0,0.0,0.0,0.0,0.0,0.0,0.0,0.0,0.0,0.0,0.0,0.0,0.0,0.0,0.0,0.0,0.0,0.0,0.0,0.0,0.0,0.0,0.002207076540925,0.0059489623122326,0.0323972741250591,SPY
2017-01-18,0.14674853407649682,-0.1028898403403274,-0.09156784916018042,-0.9149985655867875,1.916512905215666,1.9156635048593629,0.019756577255123725,-0.20646079759506142,-0.792948178691237,-0.012758982055980528,0.0,0.0,0.0,0.0,0.0,0.0,0.0,0.0,0.0,0.0,0.0,0.0,0.0,0.0,0.0,0.0,0.0,0.0,0.0,0.0,0.0,0.0,0.0,0.0,0.0,0.0,0.0,0.0,-0.0037113905002046,0.0123601780104189,0.03539712267834,SPY
2017-01-19,-0.3058172772632779,-0.1077221812012384,-0.007017802524108508,-0.9043951379719967,1.9150187171847532,1.91608936275467,-0.12141401034063798,0.14292020204608238,-0.4842717669695164,0.7017440130789315,0.0,0.0,0.0,0.0,0.0,0.0,0.0,0.0,0.0,0.0,0.0,0.0,0.0,0.0,0.0,0.0,0.0,0.0,0.0,0.0,0.0,0.0,0.0,0.0,0.0,0.0,0.0,0.0,0.0036672391509267,0.0150255806333499,0.0382566774752479,SPY
2017-01-20,0.2584023916871152,-0.1179986297356433,-0.257308428880623,-0.905598634241681,1.9157768157940516,1.9164703103474268,0.012175479455341023,0.3697717823261322,1.0530044076223075,1.4162470082138434,0.0,0.0,0.0,0.0,0.0,0.0,0.0,0.0,0.0,0.0,0.0,0.0,0.0,0.0,0.0,0.0,0.0,0.0,0.0,0.0,0.0,0.0,0.0,0.0,0.0,0.0,0.0,0.0,-0.00260542443361,0.0097871129414288,0.0361644156706884,SPY
2017-01-23,-0.22124767051133848,-0.035586595938028,-0.020555923245275807,-0.9064979826303011,1.913413068339079,1.9168960892448412,-0.08789324110813697,0.456696185830792,-0.3026816901595359,-1.4417649723258046,0.0,0.0,0.0,0.0,0.0,0.0,0.0,0.0,0.0,0.0,0.0,0.0,0.0,0.0,0.0,0.0,0.0,0.0,0.0,0.0,0.0,0.0,0.0,0.0,0.0,0.0,0.0,0.0,0.0063914615541955,0.0061716648907808,0.0447078029648357,SPY
2017-01-24,0.466714766097166,0.026834474314625816,-0.2081961030380619,-0.8776002881022267,1.9159552474227624,1.919383673668127,0.13200115880858854,0.3961235191420128,0.20202840933464072,-0.7272619771908926,0.0,0.0,0.0,0.0,0.0,0.0,0.0,0.0,0.0,0.0,0.0,0.0,0.0,0.0,0.0,0.0,0.0,0.0,0.0,0.0,0.0,0.0,0.0,0.0,0.0,0.0,0.0,0.0,0.0086182922391113,-0.0003077908279713,0.0374277200885426,SPY
2017-01-25,0.6369932231083718,0.18059043767966002,0.1718550774363778,-0.8270169036623134,1.9228903031593745,1.9237089268434693,0.4233720601820266,0.5377168178981478,-0.07946010765167369,-0.012758982055980528,0.0,0.0,0.0,0.0,0.0,0.0,0.0,0.0,0.0,0.0,0.0,0.0,0.0,0.0,0.0,0.0,0.0,0.0,0.0,0.0,0.0,0.0,0.0,0.0,0.0,0.0,0.0,0.0,-0.0010459878772737,-0.0085305574502489,0.0294862177051031,SPY
2017-01-26,-0.10200265901651347,0.8140605124723013,0.4174598746530651,-0.8267784581851297,1.9278630433034951,1.927137751420375,0.3585710070008023,0.5150353377758984,-0.6680026948503252,0.7017440130789315,0.0,0.0,0.0,0.0,0.0,0.0,0.0,0.0,0.0,0.0,0.0,0.0,0.0,0.0,0.0,0.0,0.0,0.0,0.0,0.0,0.0,0.0,0.0,0.0,0.0,0.0,0.0,0.0,-0.0015712285409943,-0.0068258366277342,0.0318004372317251,SPY
2017-01-27,-0.14216609415494527,0.39428854343550834,0.5195677589488609,-0.8903134436504083,1.9333038717070743,1.9322585331344577,0.2616919759491691,0.19395883034921027,-0.6735514354194461,1.4162470082138434,0.0,0.0,0.0,0.0,0.0,0.0,0.0,0.0,0.0,0.0,0.0,0.0,0.0,0.0,0.0,0.0,0.0,0.0,0.0,0.0,0.0,0.0,0.0,0.0,0.0,0.0,0.0,0.0,-0.006220872484258,0.0016147275489393,0.0349332890859273,SPY
2017-01-30,-0.4977091543765976,-0.18081119214161842,0.3188893142095237,-0.8494560388293184,1.9344188728759155,1.9358442277787204,0.0028023387740263223,-0.03287807501997101,-0.14846653781089866,-1.4417649723258046,0.0,0.0,0.0,0.0,0.0,0.0,0.0,0.0,0.0,0.0,0.0,0.0,0.0,0.0,0.0,0.0,0.0,0.0,0.0,0.0,0.0,0.0,0.0,0.0,0.0,0.0,0.0,0.0,-8.799416455662623e-05,0.0060460449470207,0.0384511723617677,SPY
2017-01-31,-0.028748014048268974,-0.47288329576100263,0.1803865048939562,-0.8650380007322062,1.9372729535907556,1.9403263510214201,-0.03328006636939868,-0.03922221788471031,-0.23580009381401518,-0.7272619771908926,0.0,0.0,0.0,0.0,0.0,0.0,0.0,0.0,0.0,0.0,0.0,0.0,0.0,0.0,0.0,0.0,0.0,0.0,0.0,0.0,0.0,0.0,0.0,0.0,0.0,0.0,0.0,0.0,0.0003955256168337,0.0061779220798658,0.052439682913417,SPY
2017-02-01,0.008225161715497425,-0.38916908425915003,-0.06783247303386641,-0.9060574319497829,1.9392130241828403,1.942993240913866,-0.03805829903136928,-0.18935428183810943,-0.14860637902437637,-0.012758982055980528,0.0,0.0,0.0,0.0,0.0,0.0,0.0,0.0,0.0,0.0,0.0,0.0,0.0,0.0,0.0,0.0,0.0,0.0,0.0,0.0,0.0,0.0,0.0,0.0,0.0,0.0,0.0,0.0,0.0006587329452409,0.0070919938232796,0.0457268001050401,SPY
2017-02-02,0.028351764990193325,-0.015737508768373494,-0.3828352781018594,-0.9342167480123789,1.9433606556015945,1.9443266068621965,-0.023288515854278075,0.04503739304233039,-0.3750000063665633,0.7017440130789315,0.0,0.0,0.0,0.0,0.0,0.0,0.0,0.0,0.0,0.0,0.0,0.0,0.0,0.0,0.0,0.0,0.0,0.0,0.0,0.0,0.0,0.0,0.0,0.0,0.0,0.0,0.0,0.0,0.0068693356356792,0.0123481202336437,0.0456975876997374,SPY
2017-02-03,0.5032562336599631,0.026408002552564314,-0.3175297835381322,-0.8980671786788865,1.949158465168959,1.9476209770240744,0.20905363354450932,0.306825489345647,-0.08287818941632519,1.4162470082138434,0.0,0.0,0.0,0.0,0.0,0.0,0.0,0.0,0.0,0.0,0.0,0.0,0.0,0.0,0.0,0.0,0.0,0.0,0.0,0.0,0.0,0.0,0.0,0.0,0.0,0.0,0.0,0.0,-0.0017895550861766,0.0094171925492441,0.0358458194954067,SPY
2017-02-06,-0.15886081077172978,0.39179186214326195,0.005816544303057692,-0.9016663264745065,1.9553575100881992,1.9495482293875512,0.12795295451401703,0.4467088039060318,-0.6481940722892167,-1.4417649723258046,0.0,0.0,0.0,0.0,0.0,0.0,0.0,0.0,0.0,0.0,0.0,0.0,0.0,0.0,0.0,0.0,0.0,0.0,0.0,0.0,0.0,0.0,0.0,0.0,0.0,0.0,0.0,0.0,4.388296828850002e-05,0.0166348487837897,0.0346440204944462,SPY
2017-02-07,-0.018663801158603777,0.25360972091499584,0.1755741787664326,-0.9142542084144151,1.958345493128814,1.9523271580426973,0.10923087822871602,0.33356036361934144,-0.738278372546621,-0.7272619771908926,0.0,0.0,0.0,0.0,0.0,0.0,0.0,0.0,0.0,0.0,0.0,0.0,0.0,0.0,0.0,0.0,0.0,0.0,0.0,0.0,0.0,0.0,0.0,0.0,0.0,0.0,0.0,0.0,0.0013095973602474,0.0205781805609319,0.0327418196740705,SPY
2017-02-08,0.07812123738948293,-0.13162095959693954,0.180626209144868,-0.9140697292863661,1.9576096002178036,1.9554422622343612,0.13535331787281843,0.7472005268087121,-0.9821991818346638,-0.012758982055980528,0.0,0.0,0.0,0.0,0.0,0.0,0.0,0.0,0.0,0.0,0.0,0.0,0.0,0.0,0.0,0.0,0.0,0.0,0.0,0.0,0.0,0.0,0.0,0.0,0.0,0.0,0.0,0.0,0.005914859355605,0.0244755082948904,0.0326995133342764,SPY
2017-02-09,0.4302705552580257,0.043296172515055215,0.2156430321237237,-0.8937867771116433,1.9604413966301146,1.9593640731667223,0.3282380279515089,0.8537137078809091,-0.4252935361891689,0.7017440130789315,0.0,0.0,0.0,0.0,0.0,0.0,0.0,0.0,0.0,0.0,0.0,0.0,0.0,0.0,0.0,0.0,0.0,0.0,0.0,0.0,0.0,0.0,0.0,0.0,0.0,0.0,0.0,0.0,0.0039384079512796,0.0177088132359886,0.0302830243168052,SPY
2017-02-10,0.2791377826741571,0.37465591364415085,0.4169979579185222,-0.8961951462981889,1.9661052252674636,1.9649442078830297,0.4353443306841316,1.2683001641273135,-0.4060990672203623,1.4162470082138434,0.0,0.0,0.0,0.0,0.0,0.0,0.0,0.0,0.0,0.0,0.0,0.0,0.0,0.0,0.0,0.0,0.0,0.0,0.0,0.0,0.0,0.0,0.0,0.0,0.0,0.0,0.0,0.0,0.005428101148369,0.015345382631076,0.0268492410459755,SPY
2017-02-13,0.3930497476649146,0.5230268045241929,0.3047181761312115,-0.8815755806877226,1.9777452557987665,1.9713536624871,0.5930053340275816,1.2404404850876185,-0.787935626048774,-1.4417649723258046,0.0,0.0,0.0,0.0,0.0,0.0,0.0,0.0,0.0,0.0,0.0,0.0,0.0,0.0,0.0,0.0,0.0,0.0,0.0,0.0,0.0,0.0,0.0,0.0,0.0,0.0,0.0,0.0,0.0039872147454307,0.0158552443432444,0.0175870453352242,SPY
2017-02-14,0.2828698785429668,0.49555401926641784,0.58121659379743,-0.8972372928118003,1.9915036313423835,1.979701488408178,0.6823344943068584,1.0671495632333687,-0.19439854175585627,-0.7272619771908926,0.0,0.0,0.0,0.0,0.0,0.0,0.0,0.0,0.0,0.0,0.0,0.0,0.0,0.0,0.0,0.0,0.0,0.0,0.0,0.0,0.0,0.0,0.0,0.0,0.0,0.0,0.0,0.0,0.0052069250942059,0.0109794082757161,0.0222159761993525,SPY
2017-02-15,0.3761371384190332,0.49830868997335304,0.7322801747275043,-0.8867306475313287,2.0077818230629125,1.9888562383141628,0.8123948396623161,1.3796877548599158,0.3833994474690301,-0.012758982055980528,0.0,0.0,0.0,0.0,0.0,0.0,0.0,0.0,0.0,0.0,0.0,0.0,0.0,0.0,0.0,0.0,0.0,0.0,0.0,0.0,0.0,0.0,0.0,0.0,0.0,0.0,0.0,0.0,-0.0008518357032967,0.0064492730371821,0.0150402793216848,SPY
2017-02-16,-0.08715647747513387,0.48582544439093694,0.881581404454752,-0.9074562739412483,2.023279513965254,1.9987280915999475,0.7070600032254277,1.457969265994311,0.3070424447335068,0.7017440130789315,0.0,0.0,0.0,0.0,0.0,0.0,0.0,0.0,0.0,0.0,0.0,0.0,0.0,0.0,0.0,0.0,0.0,0.0,0.0,0.0,0.0,0.0,0.0,0.0,0.0,0.0,0.0,0.0,0.0015749773463671,0.008569340389827,0.0141344840605182,SPY
2017-02-17,0.09841397669122573,0.21270792556306292,0.6223586850820612,-0.9103193891750725,2.0361012413644994,2.0080844836295286,0.6979086269683094,2.302246411455094,0.021803197333603117,1.4162470082138434,0.0,0.0,0.0,0.0,0.0,0.0,0.0,0.0,0.0,0.0,0.0,0.0,0.0,0.0,0.0,0.0,0.0,0.0,0.0,0.0,0.0,0.0,0.0,0.0,0.0,0.0,0.0,0.0,0.0059379628605373,0.0085559863566677,0.0114619828475115,SPY
2017-02-21,0.4320372046930597,0.0077196602179297105,0.5318189307232296,-0.9158303297359159,2.052959414482582,2.0196708282016584,0.8383124501653323,2.374435296062203,0.4490438153043669,-0.7272619771908926,0.0,0.0,0.0,0.0,0.0,0.0,0.0,0.0,0.0,0.0,0.0,0.0,0.0,0.0,0.0,0.0,0.0,0.0,0.0,0.0,0.0,0.0,0.0,0.0,0.0,0.0,0.0,0.0,-0.0008886213220975,-8.49657122872216e-05,-0.0073986594610362,SPY
2017-02-22,-0.08996935339427427,0.39093801198839234,0.5513510270245752,-0.9251898409764981,2.069326782715346,2.029396969872567,0.7330118858161327,2.252641114823481,-0.5631104219981636,-0.012758982055980528,0.0,0.0,0.0,0.0,0.0,0.0,0.0,0.0,0.0,0.0,0.0,0.0,0.0,0.0,0.0,0.0,0.0,0.0,0.0,0.0,0.0,0.0,0.0,0.0,0.0,0.0,0.0,0.0,0.0006767898556718,0.0147041719969029,-0.004159669565011,SPY
2017-02-23,0.029732517854517825,0.25189173362283346,0.364564497760574,-0.9713057618385271,2.0853818562957454,2.037094919621361,0.7023064985630467,2.253117534696044,-0.11889224502871598,0.7017440130789315,0.0,0.0,0.0,0.0,0.0,0.0,0.0,0.0,0.0,0.0,0.0,0.0,0.0,0.0,0.0,0.0,0.0,0.0,0.0,0.0,0.0,0.0,0.0,0.0,0.0,0.0,0.0,0.0,0.0012682316493481,0.0077100249496879,-0.0059041308160461,SPY
2017-02-24,0.07495813681213893,-0.0450505141255687,0.1910212886404896,-0.9781146088569871,2.0990734968381397,2.0453980129851486,0.6897213973657969,2.1840143353260424,0.17671256007874253,1.4162470082138434,0.0,0.0,0.0,0.0,0.0,0.0,0.0,0.0,0.0,0.0,0.0,0.0,0.0,0.0,0.0,0.0,0.0,0.0,0.0,0.0,0.0,0.0,0.0,0.0,0.0,0.0,0.0,0.0,0.0015616233132078,0.007071313840278,-0.0078989346341344,SPY
2017-02-27,0.09739283746557863,0.07668294128667383,0.2722381337357768,-0.9891942113209693,2.1115609990015782,2.0545191295379026,0.6824011059889737,2.463262028450929,-0.8065640345599242,-1.4417649723258046,0.0,0.0,0.0,0.0,0.0,0.0,0.0,0.0,0.0,0.0,0.0,0.0,0.0,0.0,0.0,0.0,0.0,0.0,0.0,0.0,0.0,0.0,0.0,0.0,0.0,0.0,0.0,0.0,-0.0027029892084176,0.0025272579584187,-0.0104873301673382,SPY
2017-02-28,-0.22870812964072756,0.12662321801217802,0.2717265592137961,-1.0396436270625922,2.1198114574213043,2.0645141800388687,0.5074968205033221,2.070692593762636,0.7633059314523041,-0.7272619771908926,0.0,0.0,0.0,0.0,0.0,0.0,0.0,0.0,0.0,0.0,0.0,0.0,0.0,0.0,0.0,0.0,0.0,0.0,0.0,0.0,0.0,0.0,0.0,0.0,0.0,0.0,0.0,0.0,0.0139005163870926,0.0022388930796992,-0.0005340331433973,SPY
2017-03-01,1.040907621988499,-0.0975137276308883,-0.05929635134826241,-0.9060092582841853,2.1333691563358017,2.0782406170494996,0.9354083941683192,2.231271691856872,2.5545233699736003,-0.012758982055980528,0.0,0.0,0.0,0.0,0.0,0.0,0.0,0.0,0.0,0.0,0.0,0.0,0.0,0.0,0.0,0.0,0.0,0.0,0.0,0.0,0.0,0.0,0.0,0.0,0.0,0.0,0.0,0.0,-0.0063173571915431,-0.0135199411594806,-0.0135001972293142,SPY
2017-03-02,-0.5050870242761701,0.5988972515743566,0.5072550390694487,-0.8446992284793365,2.1408391925415806,2.0901741968632646,0.6085393070448221,1.507219125955958,-0.2927827649335648,0.7017440130789315,0.0,0.0,0.0,0.0,0.0,0.0,0.0,0.0,0.0,0.0,0.0,0.0,0.0,0.0,0.0,0.0,0.0,0.0,0.0,0.0,0.0,0.0,0.0,0.0,0.0,0.0,0.0,0.0,0.0006295205399382,-0.005935292947484,-0.004003570050771,SPY
2017-03-03,0.026117987930166023,0.39490119364076964,0.239318948926531,-0.8446227328402244,2.1490898474719113,2.1021078359254464,0.5462863907223217,1.4290276845422003,0.12216618881219721,1.4162470082138434,0.0,0.0,0.0,0.0,0.0,0.0,0.0,0.0,0.0,0.0,0.0,0.0,0.0,0.0,0.0,0.0,0.0,0.0,0.0,0.0,0.0,0.0,0.0,0.0,0.0,0.0,0.0,0.0,-0.0029824325686513,-0.0030664431492883,-0.0069633679346212,SPY
2017-03-06,-0.250076249150191,-0.3541179572347918,0.2148508106058937,-0.8431296625293897,2.1549322649464546,2.1114866436073565,0.3665589588251026,0.9835118723952855,-0.8338370128697673,-1.4417649723258046,0.0,0.0,0.0,0.0,0.0,0.0,0.0,0.0,0.0,0.0,0.0,0.0,0.0,0.0,0.0,0.0,0.0,0.0,0.0,0.0,0.0,0.0,0.0,0.0,0.0,0.0,0.0,0.0,-0.0029913540871371,0.0004206140998128,-0.0057216247161173,SPY
2017-03-07,-0.250758448480499,-0.16589376983833692,0.04077432091282789,-0.8352443258258184,2.1560693539072187,2.1205293350011685,0.18985923116071152,0.5591731590348431,-0.4617192697777008,-0.7272619771908926,0.0,0.0,0.0,0.0,0.0,0.0,0.0,0.0,0.0,0.0,0.0,0.0,0.0,0.0,0.0,0.0,0.0,0.0,0.0,0.0,0.0,0.0,0.0,0.0,0.0,0.0,0.0,0.0,-0.0018583178520872,-0.0004221263754322,-0.0020933378086285,SPY
2017-03-08,-0.16411887451155216,-0.37025706478883896,0.029727461643632894,-0.8275591030132285,2.1566936680971027,2.129067723591256,0.059903960030725824,0.13685015986111418,0.027898034333208217,-0.012758982055980528,0.0,0.0,0.0,0.0,0.0,0.0,0.0,0.0,0.0,0.0,0.0,0.0,0.0,0.0,0.0,0.0,0.0,0.0,0.0,0.0,0.0,0.0,0.0,0.0,0.0,0.0,0.0,0.0,0.0012672910204534,0.010052337086214,-0.0032118218133678,SPY
2017-03-09,0.07488620999799243,-0.30681167906308077,-0.5739716603154167,-0.8275363319683902,2.1576301983351116,2.1376060726823964,0.04687607709944732,0.2784042215262516,0.4852257541556102,0.7017440130789315,0.0,0.0,0.0,0.0,0.0,0.0,0.0,0.0,0.0,0.0,0.0,0.0,0.0,0.0,0.0,0.0,0.0,0.0,0.0,0.0,0.0,0.0,0.0,0.0,0.0,0.0,0.0,0.0,0.0034983703381339,0.0068162742822988,-0.001671792106527,SPY
2017-03-10,0.24548954605657303,-0.0664524189814954,-0.2834142880850112,-0.8393760950873399,2.1597486219516657,2.1455506933541777,0.12140601398788242,0.3812005249399935,0.17995671823002152,1.4162470082138434,0.0,0.0,0.0,0.0,0.0,0.0,0.0,0.0,0.0,0.0,0.0,0.0,0.0,0.0,0.0,0.0,0.0,0.0,0.0,0.0,0.0,0.0,0.0,0.0,0.0,0.0,0.0,0.0,0.0005046246804498,0.0015602729797015,-0.0061903389073174,SPY
2017-03-13,0.016567610173638423,0.23588073566303003,-0.1735126241727647,-0.843697310942299,2.1613095449838,2.152610083378953,0.09048046787370623,0.0711645487126136,-0.7089066114310536,-1.4417649723258046,0.0,0.0,0.0,0.0,0.0,0.0,0.0,0.0,0.0,0.0,0.0,0.0,0.0,0.0,0.0,0.0,0.0,0.0,0.0,0.0,0.0,0.0,0.0,0.0,0.0,0.0,0.0,0.0,-0.0038340945623822,-4.187556738788345e-05,-0.0060998833130643,SPY
2017-03-14,-0.3152000554502952,0.19283560921057263,-0.039928288710344206,-0.8390857806441471,2.162268398826458,2.1572377997396863,-0.08483474721406437,-0.16373245513767562,-0.5975523666673586,-0.7272619771908926,0.0,0.0,0.0,0.0,0.0,0.0,0.0,0.0,0.0,0.0,0.0,0.0,0.0,0.0,0.0,0.0,0.0,0.0,0.0,0.0,0.0,0.0,0.0,0.0,0.0,0.0,0.0,0.0,0.008616145609559,-0.009130460453016,-0.0034563036314869,SPY
2017-03-15,0.6368290773695797,-0.22101100010677632,-0.07221250956215501,-0.8015149917457105,2.1604175440487277,2.1631205358877015,0.19521540727431644,0.2814105157575486,0.8916842124941526,-0.012758982055980528,0.0,0.0,0.0,0.0,0.0,0.0,0.0,0.0,0.0,0.0,0.0,0.0,0.0,0.0,0.0,0.0,0.0,0.0,0.0,0.0,0.0,0.0,0.0,0.0,0.0,0.0,0.0,0.0,-0.0019687717834617,-0.0153962374886473,-0.0164639088840106,SPY
2017-03-16,-0.17256492527449227,0.23680577480641724,0.32904968399951,-0.8088742942664211,2.1608858288187927,2.1671095740275783,0.09353418542961633,0.08271308793532389,0.24265611841409873,0.7017440130789315,0.0,0.0,0.0,0.0,0.0,0.0,0.0,0.0,0.0,0.0,0.0,0.0,0.0,0.0,0.0,0.0,0.0,0.0,0.0,0.0,0.0,0.0,0.0,0.0,0.0,0.0,0.0,0.0,-0.0017576309644633,-0.0144951371005488,-0.0210111026758408,SPY
2017-03-17,-0.15641967762963627,0.34208517509162417,0.2050805982361188,-0.8061159616166556,2.1600856769401737,2.1708534817033915,0.0017296427537509226,-0.1129990782317542,0.746618782731571,1.4162470082138434,0.0,0.0,0.0,0.0,0.0,0.0,0.0,0.0,0.0,0.0,0.0,0.0,0.0,0.0,0.0,0.0,0.0,0.0,0.0,0.0,0.0,0.0,0.0,0.0,0.0,0.0,0.0,0.0,-0.0010975238666395,-0.0134640783048256,-0.0104325648258125,SPY
2017-03-20,-0.10594344751435397,-0.24341401504738322,0.0037304651466574914,-0.8045166171258433,2.1602864714756556,2.1738902199845347,-0.06035604609861768,-0.00961566556209141,-0.9404884019640856,-1.4417649723258046,0.0,0.0,0.0,0.0,0.0,0.0,0.0,0.0,0.0,0.0,0.0,0.0,0.0,0.0,0.0,0.0,0.0,0.0,0.0,0.0,0.0,0.0,0.0,0.0,0.0,0.0,0.0,0.0,-0.0129226794480103,-0.013393326658182,-0.0123239327000277,SPY
2017-03-21,-1.0101744067663838,-0.19424051048327223,-0.057645627554484304,-0.7107773256338358,2.1552621276468438,2.1719368588171997,-0.5243160126596847,-1.6511342575381285,2.547822001629943,-0.7272619771908926,0.0,0.0,0.0,0.0,0.0,0.0,0.0,0.0,0.0,0.0,0.0,0.0,0.0,0.0,0.0,0.0,0.0,0.0,0.0,0.0,0.0,0.0,0.0,0.0,0.0,0.0,0.0,0.0,0.0023503685739276,0.0067796606053516,-0.0012413436517233,SPY
